subj_id,eye,trial_no,n_flash,n_beep,direction,blindspot,response,phase,fixation_x_mean,fixation_x_max,fixation_y_mean,fixation_y_max,pupil_avg_mean,pupil_avg_max,fixation_duration_mean,saccade_amplitude_mean,saccade_amplitude_max,saccade_velocity_mean,saccade_velocity_max,saccade_duration_mean
SV009,L,1,2,0,0,0,1,Fixation,2183.5272727272727,2936.0,1146.490909090909,1479.8,730.6363636363636,887.0,745.0909090909091,,,,,
SV009,L,2,2,2,0,1,1,Fixation,,,,,,,,,,,,
SV009,L,3,2,3,0,1,2,Fixation,,,,,,,,,,,,
SV009,L,4,2,3,0,1,3,Fixation,,,,,,,,,,,,
SV009,L,5,3,3,1,1,2,Fixation,,,,,,,,,,,,
SV009,L,6,3,2,0,1,2,Fixation,,,,,,,,,,,,
SV009,L,7,3,3,1,1,2,Fixation,,,,,,,,,,,,
SV009,L,8,2,0,0,1,2,Fixation,,,,,,,,,,,,
SV009,L,9,2,3,1,0,2,Fixation,2507.671428571429,2836.1,1279.7428571428572,1384.6,586.1428571428571,754.0,180.57142857142858,,,,,
SV009,L,10,2,3,1,0,2,Fixation,,,,,,,,,,,,
SV009,L,11,3,0,1,1,2,Fixation,,,,,,,,,,,,
SV009,L,12,3,2,1,1,1,Fixation,,,,,,,,,,,,
SV009,L,13,3,0,1,0,3,Fixation,,,,,,,,,,,,
SV009,L,14,3,3,0,0,3,Fixation,,,,,,,,,,,,
SV009,L,15,3,2,0,1,2,Fixation,,,,,,,,,,,,
SV009,L,16,2,0,0,1,3,Fixation,,,,,,,,,,,,
SV009,L,17,2,0,0,1,3,Fixation,,,,,,,,,,,,
SV009,L,18,2,3,1,1,2,Fixation,,,,,,,,,,,,
SV009,L,19,3,2,0,0,3,Fixation,,,,,,,,,,,,
SV009,L,20,3,0,1,0,2,Fixation,,,,,,,,,,,,
SV009,L,21,3,2,1,0,2,Fixation,,,,,,,,,,,,
SV009,L,22,3,3,0,1,3,Fixation,,,,,,,,,,,,
SV009,L,23,2,2,0,0,2,Fixation,,,,,,,,,,,,
SV009,L,24,3,3,1,0,3,Fixation,,,,,,,,,,,,
SV009,L,25,3,2,1,0,2,Fixation,,,,,,,,,,,,
SV009,L,26,2,2,1,1,1,Fixation,,,,,,,,,,,,
SV009,L,27,3,0,1,1,1,Fixation,,,,,,,,,,,,
SV009,L,28,2,2,1,1,1,Fixation,,,,,,,,,,,,
SV009,L,29,2,2,0,0,2,Fixation,,,,,,,,,,,,
SV009,L,30,3,0,0,1,2,Fixation,,,,,,,,,,,,
SV009,L,31,3,2,0,0,2,Fixation,,,,,,,,,,,,
SV009,L,32,2,0,0,1,2,Fixation,,,,,,,,,,,,
SV009,L,33,2,0,1,1,1,Fixation,,,,,,,,,,,,
SV009,L,34,2,0,0,1,2,Fixation,,,,,,,,,,,,
SV009,L,35,3,3,0,0,3,Fixation,,,,,,,,,,,,
SV009,L,36,2,3,0,0,3,Fixation,,,,,,,,,,,,
SV009,L,37,3,0,0,1,3,Fixation,,,,,,,,,,,,
SV009,L,38,2,2,0,0,3,Fixation,,,,,,,,,,,,
SV009,L,39,3,2,0,0,3,Fixation,,,,,,,,,,,,
SV009,L,40,3,0,1,0,3,Fixation,,,,,,,,,,,,
SV009,L,41,2,3,0,1,1,Fixation,,,,,,,,,,,,
SV009,L,42,2,3,0,1,3,Fixation,,,,,,,,,,,,
SV009,L,43,2,0,0,0,3,Fixation,,,,,,,,,,,,
SV009,L,44,2,3,1,0,3,Fixation,,,,,,,,,,,,
SV009,L,45,3,0,1,1,1,Fixation,,,,,,,,,,,,
SV009,L,46,2,2,1,0,2,Fixation,,,,,,,,,,,,
SV009,L,47,2,3,0,0,3,Fixation,,,,,,,,,,,,
SV009,L,48,2,3,0,1,3,Fixation,,,,,,,,,,,,
SV009,L,49,3,0,0,0,3,Fixation,,,,,,,,,,,,
SV009,L,50,3,2,1,1,1,Fixation,1118.56,1840.6,1206.54,1286.1,662.8,737.0,356.8,,,,,
SV009,L,51,2,0,0,0,3,Fixation,,,,,,,,,,,,
SV009,L,52,3,3,0,0,3,Fixation,,,,,,,,,,,,
SV009,L,53,2,2,1,0,2,Fixation,,,,,,,,,,,,
SV009,L,54,2,0,0,1,2,Fixation,,,,,,,,,,,,
SV009,L,55,2,2,0,1,3,Fixation,,,,,,,,,,,,
SV009,L,56,3,2,0,1,2,Fixation,,,,,,,,,,,,
SV009,L,57,2,0,1,0,2,Fixation,,,,,,,,,,,,
SV009,L,58,3,2,1,0,2,Fixation,,,,,,,,,,,,
SV009,L,59,3,2,0,1,2,Fixation,,,,,,,,,,,,
SV009,L,60,3,3,0,1,3,Fixation,,,,,,,,,,,,
SV009,L,61,2,0,1,1,1,Fixation,,,,,,,,,,,,
SV009,L,62,2,3,1,0,3,Fixation,,,,,,,,,,,,
SV009,L,63,2,0,0,0,2,Fixation,,,,,,,,,,,,
SV009,L,64,2,2,1,1,1,Fixation,,,,,,,,,,,,
SV009,L,65,3,3,1,0,3,Fixation,,,,,,,,,,,,
SV009,L,66,3,0,0,0,3,Fixation,,,,,,,,,,,,
SV009,L,67,3,2,1,1,1,Fixation,,,,,,,,,,,,
SV009,L,68,2,2,1,1,1,Fixation,,,,,,,,,,,,
SV009,L,69,2,2,1,1,1,Fixation,,,,,,,,,,,,
SV009,L,70,2,3,0,1,1,Fixation,,,,,,,,,,,,
SV009,L,71,2,2,0,1,2,Fixation,,,,,,,,,,,,
SV009,L,72,3,0,1,0,2,Fixation,,,,,,,,,,,,
SV009,L,73,3,3,0,1,2,Fixation,,,,,,,,,,,,
SV009,L,74,2,2,1,0,2,Fixation,,,,,,,,,,,,
SV009,L,75,3,0,0,1,2,Fixation,,,,,,,,,,,,
SV009,L,76,3,2,1,1,1,Fixation,,,,,,,,,,,,
SV009,L,77,3,0,1,1,1,Fixation,,,,,,,,,,,,
SV009,L,78,3,2,0,0,3,Fixation,,,,,,,,,,,,
SV009,L,79,2,0,0,0,1,Fixation,,,,,,,,,,,,
SV009,L,80,3,3,0,0,3,Fixation,,,,,,,,,,,,
SV009,L,81,2,3,1,1,1,Fixation,,,,,,,,,,,,
SV009,L,82,2,0,1,1,1,Fixation,,,,,,,,,,,,
SV009,L,83,3,2,0,0,2,Fixation,,,,,,,,,,,,
SV009,L,84,2,2,0,0,2,Fixation,,,,,,,,,,,,
SV009,L,85,3,2,1,0,3,Fixation,,,,,,,,,,,,
SV009,L,86,2,3,1,0,3,Fixation,,,,,,,,,,,,
SV009,L,87,3,0,0,0,3,Fixation,,,,,,,,,,,,
SV009,L,88,3,2,1,0,2,Fixation,,,,,,,,,,,,
SV009,L,89,2,3,1,0,2,Fixation,,,,,,,,,,,,
SV009,L,90,2,2,1,0,2,Fixation,,,,,,,,,,,,
SV009,L,91,2,0,1,0,3,Fixation,,,,,,,,,,,,
SV009,L,92,3,3,1,1,2,Fixation,,,,,,,,,,,,
SV009,L,93,2,0,0,0,2,Fixation,,,,,,,,,,,,
SV009,L,94,2,2,0,0,2,Fixation,,,,,,,,,,,,
SV009,L,95,2,3,1,1,1,Fixation,,,,,,,,,,,,
SV009,L,96,2,3,1,1,1,Fixation,,,,,,,,,,,,
SV009,L,97,2,2,1,0,2,Fixation,,,,,,,,,,,,
SV009,L,98,3,2,1,1,1,Fixation,,,,,,,,,,,,
SV009,L,99,3,3,0,1,2,Fixation,,,,,,,,,,,,
SV009,L,100,2,0,0,1,1,Fixation,1208.9333333333334,1595.5,1133.0666666666666,1194.3,694.6666666666666,796.0,365.3333333333333,,,,,
SV009,L,101,2,2,1,1,1,Fixation,,,,,,,,,,,,
SV009,L,102,3,2,0,1,2,Fixation,,,,,,,,,,,,
SV009,L,103,3,2,1,1,1,Fixation,,,,,,,,,,,,
SV009,L,104,3,3,0,0,2,Fixation,,,,,,,,,,,,
SV009,L,105,2,2,0,1,1,Fixation,1572.1000000000001,1920.4,1115.6666666666667,1132.0,726.3333333333334,783.0,626.6666666666666,0.5,0.5,58.0,58.0,12.0
SV009,L,106,3,2,0,1,2,Fixation,,,,,,,,,,,,
SV009,L,107,2,2,1,1,1,Fixation,,,,,,,,,,,,
SV009,L,108,2,2,1,0,2,Fixation,,,,,,,,,,,,
SV009,L,109,2,0,1,1,1,Fixation,,,,,,,,,,,,
SV009,L,110,3,2,1,0,2,Fixation,,,,,,,,,,,,
SV009,L,111,2,0,1,0,2,Fixation,,,,,,,,,,,,
SV009,L,112,2,0,1,1,1,Fixation,,,,,,,,,,,,
SV009,L,113,2,0,1,1,1,Fixation,,,,,,,,,,,,
SV009,L,114,2,0,1,1,1,Fixation,,,,,,,,,,,,
SV009,L,115,2,3,0,1,2,Fixation,,,,,,,,,,,,
SV009,L,116,2,3,0,0,2,Fixation,,,,,,,,,,,,
SV009,L,117,3,2,0,1,2,Fixation,,,,,,,,,,,,
SV009,L,118,2,2,0,1,2,Fixation,,,,,,,,,,,,
SV009,L,119,2,3,0,0,2,Fixation,,,,,,,,,,,,
SV009,L,120,2,0,1,0,3,Fixation,,,,,,,,,,,,
SV009,L,121,3,2,0,0,2,Fixation,,,,,,,,,,,,
SV009,L,122,2,3,1,1,1,Fixation,,,,,,,,,,,,
SV009,L,123,3,3,0,1,3,Fixation,,,,,,,,,,,,
SV009,L,124,3,2,1,1,1,Fixation,,,,,,,,,,,,
SV009,L,125,2,0,1,1,1,Fixation,,,,,,,,,,,,
SV009,L,126,3,3,1,0,3,Fixation,,,,,,,,,,,,
SV009,L,127,3,0,0,0,3,Fixation,,,,,,,,,,,,
SV009,L,128,2,3,0,1,3,Fixation,,,,,,,,,,,,
SV009,L,129,2,3,1,1,1,Fixation,,,,,,,,,,,,
SV009,L,130,3,3,0,1,3,Fixation,,,,,,,,,,,,
SV009,L,131,2,2,0,0,2,Fixation,,,,,,,,,,,,
SV009,L,132,2,3,0,0,2,Fixation,,,,,,,,,,,,
SV009,L,133,3,3,0,1,3,Fixation,,,,,,,,,,,,
SV009,L,134,3,3,1,0,3,Fixation,,,,,,,,,,,,
SV009,L,135,2,2,0,1,2,Fixation,,,,,,,,,,,,
SV009,L,136,3,2,1,0,3,Fixation,,,,,,,,,,,,
SV009,L,137,3,0,1,0,3,Fixation,,,,,,,,,,,,
SV009,L,138,3,0,1,1,1,Fixation,,,,,,,,,,,,
SV009,L,139,2,0,1,0,3,Fixation,,,,,,,,,,,,
SV009,L,140,2,3,1,1,1,Fixation,,,,,,,,,,,,
SV009,L,141,2,2,0,0,2,Fixation,,,,,,,,,,,,
SV009,L,142,2,2,1,0,3,Fixation,,,,,,,,,,,,
SV009,L,143,3,3,0,0,2,Fixation,,,,,,,,,,,,
SV009,L,144,2,0,1,0,3,Fixation,,,,,,,,,,,,
SV009,L,145,2,0,1,0,3,Fixation,,,,,,,,,,,,
SV009,L,146,2,0,1,1,1,Fixation,922.9666666666667,1083.5,1234.7666666666667,1268.4,655.0,745.0,300.0,,,,,
SV009,L,147,3,3,1,0,3,Fixation,,,,,,,,,,,,
SV009,L,148,3,0,0,1,3,Fixation,,,,,,,,,,,,
SV009,L,149,3,0,0,0,3,Fixation,,,,,,,,,,,,
SV009,L,150,3,3,0,1,3,Fixation,,,,,,,,,,,,
SV009,L,151,3,3,1,0,3,Fixation,,,,,,,,,,,,
SV009,L,152,2,2,0,0,2,Fixation,,,,,,,,,,,,
SV009,L,153,2,2,1,1,1,Fixation,,,,,,,,,,,,
SV009,L,154,3,3,1,1,1,Fixation,,,,,,,,,,,,
SV009,L,155,3,3,1,1,1,Fixation,,,,,,,,,,,,
SV009,L,156,3,0,0,0,3,Fixation,,,,,,,,,,,,
SV009,L,157,3,0,0,0,3,Fixation,,,,,,,,,,,,
SV009,L,158,2,0,1,0,2,Fixation,,,,,,,,,,,,
SV009,L,159,3,2,1,1,1,Fixation,,,,,,,,,,,,
SV009,L,160,2,2,0,1,2,Fixation,,,,,,,,,,,,
SV009,L,161,3,3,0,1,2,Fixation,,,,,,,,,,,,
SV009,L,162,2,0,1,0,2,Fixation,,,,,,,,,,,,
SV009,L,163,3,0,0,1,2,Fixation,,,,,,,,,,,,
SV009,L,164,3,2,0,1,1,Fixation,,,,,,,,,,,,
SV009,L,165,2,0,0,0,2,Fixation,,,,,,,,,,,,
SV009,L,166,3,3,0,0,4,Fixation,,,,,,,,,,,,
SV009,L,167,3,0,0,1,3,Fixation,,,,,,,,,,,,
SV009,L,168,2,3,0,1,2,Fixation,,,,,,,,,,,,
SV009,L,169,2,0,0,0,2,Fixation,,,,,,,,,,,,
SV009,L,170,3,3,1,1,1,Fixation,,,,,,,,,,,,
SV009,L,171,3,0,1,1,2,Fixation,,,,,,,,,,,,
SV009,L,172,3,3,0,0,2,Fixation,,,,,,,,,,,,
SV009,L,173,2,2,0,0,2,Fixation,,,,,,,,,,,,
SV009,L,174,3,2,0,0,2,Fixation,,,,,,,,,,,,
SV009,L,175,2,0,0,1,0,Fixation,,,,,,,,,,,,
SV009,L,176,2,2,1,1,1,Fixation,,,,,,,,,,,,
SV009,L,177,3,0,1,1,1,Fixation,,,,,,,,,,,,
SV009,L,178,3,0,1,1,2,Fixation,,,,,,,,,,,,
SV009,L,179,2,3,0,0,2,Fixation,,,,,,,,,,,,
SV009,L,180,3,3,1,0,2,Fixation,2544.92,2854.8,1263.3,1363.6,691.4,784.0,403.2,,,,,
SV009,L,181,2,2,0,1,1,Fixation,,,,,,,,,,,,
SV009,L,182,2,0,1,1,1,Fixation,,,,,,,,,,,,
SV009,L,183,3,0,0,0,3,Fixation,,,,,,,,,,,,
SV009,L,184,2,2,1,0,2,Fixation,,,,,,,,,,,,
SV009,L,185,3,2,1,1,2,Fixation,,,,,,,,,,,,
SV009,L,186,3,0,1,0,3,Fixation,,,,,,,,,,,,
SV009,L,187,3,2,1,0,2,Fixation,,,,,,,,,,,,
SV009,L,188,3,0,1,1,1,Fixation,,,,,,,,,,,,
SV009,L,189,2,3,0,0,2,Fixation,,,,,,,,,,,,
SV009,L,190,3,2,0,1,2,Fixation,,,,,,,,,,,,
SV009,L,191,2,3,0,0,2,Fixation,,,,,,,,,,,,
SV009,L,192,3,0,1,0,3,Fixation,,,,,,,,,,,,
SV009,L,193,2,3,0,0,2,Fixation,,,,,,,,,,,,
SV009,L,194,2,0,0,0,3,Fixation,,,,,,,,,,,,
SV009,L,195,2,2,0,1,2,Fixation,,,,,,,,,,,,
SV009,L,196,2,3,1,0,3,Fixation,,,,,,,,,,,,
SV009,L,197,2,3,1,1,1,Fixation,,,,,,,,,,,,
SV009,L,198,3,0,1,0,3,Fixation,,,,,,,,,,,,
SV009,L,199,3,0,0,1,3,Fixation,,,,,,,,,,,,
SV009,L,200,3,0,1,0,3,Fixation,,,,,,,,,,,,
SV009,L,201,2,2,0,0,2,Fixation,,,,,,,,,,,,
SV009,L,202,3,0,0,0,3,Fixation,,,,,,,,,,,,
SV009,L,203,3,3,0,0,3,Fixation,,,,,,,,,,,,
SV009,L,204,3,2,1,0,2,Fixation,,,,,,,,,,,,
SV009,L,205,2,3,1,1,1,Fixation,,,,,,,,,,,,
SV009,L,206,3,3,0,1,2,Fixation,,,,,,,,,,,,
SV009,L,207,3,2,1,1,1,Fixation,,,,,,,,,,,,
SV009,L,208,3,3,0,0,3,Fixation,,,,,,,,,,,,
SV009,L,209,2,2,1,1,1,Fixation,,,,,,,,,,,,
SV009,L,210,3,2,0,1,2,Fixation,,,,,,,,,,,,
SV009,L,211,3,0,0,0,3,Fixation,,,,,,,,,,,,
SV009,L,212,2,3,1,0,2,Fixation,,,,,,,,,,,,
SV009,L,213,2,0,1,0,2,Fixation,,,,,,,,,,,,
SV009,L,214,3,0,1,0,2,Fixation,,,,,,,,,,,,
SV009,L,215,3,3,1,0,2,Fixation,,,,,,,,,,,,
SV009,L,216,2,3,1,1,1,Fixation,,,,,,,,,,,,
SV009,L,217,2,3,1,0,2,Fixation,,,,,,,,,,,,
SV009,L,218,2,3,0,1,1,Fixation,,,,,,,,,,,,
SV009,L,219,2,2,1,0,2,Fixation,,,,,,,,,,,,
SV009,L,220,3,0,1,1,1,Fixation,,,,,,,,,,,,
SV009,L,221,3,2,0,0,2,Fixation,,,,,,,,,,,,
SV009,L,222,2,3,1,0,2,Fixation,,,,,,,,,,,,
SV009,L,223,2,2,1,0,2,Fixation,,,,,,,,,,,,
SV009,L,224,3,2,1,0,3,Fixation,,,,,,,,,,,,
SV009,L,225,3,2,0,0,3,Fixation,,,,,,,,,,,,
SV009,L,226,3,0,0,1,3,Fixation,,,,,,,,,,,,
SV009,L,227,2,0,0,0,2,Fixation,,,,,,,,,,,,
SV009,L,228,2,0,0,1,2,Fixation,,,,,,,,,,,,
SV009,L,229,3,3,1,1,1,Fixation,,,,,,,,,,,,
SV009,L,230,3,2,0,0,3,Fixation,,,,,,,,,,,,
SV009,L,231,2,2,0,1,2,Fixation,,,,,,,,,,,,
SV009,L,232,2,3,0,0,3,Fixation,,,,,,,,,,,,
SV009,L,233,3,0,0,1,3,Fixation,,,,,,,,,,,,
SV009,L,234,2,0,0,1,3,Fixation,,,,,,,,,,,,
SV009,L,235,3,3,1,1,1,Fixation,,,,,,,,,,,,
SV009,L,236,3,0,0,1,2,Fixation,,,,,,,,,,,,
SV009,L,237,3,3,1,1,3,Fixation,,,,,,,,,,,,
SV009,L,238,3,3,1,0,3,Fixation,,,,,,,,,,,,
SV009,L,239,3,3,1,1,1,Fixation,,,,,,,,,,,,
SV009,L,240,3,3,1,0,2,Fixation,,,,,,,,,,,,
SV009,L,241,2,3,0,0,3,Fixation,1754.2600000000002,2073.3,810.48,1569.8,740.8,863.0,212.0,,,,,
SV009,L,242,2,2,0,0,2,Fixation,,,,,,,,,,,,
SV009,L,243,2,3,0,0,3,Fixation,,,,,,,,,,,,
SV009,L,244,2,0,1,0,0,Fixation,,,,,,,,,,,,
SV009,L,245,3,0,0,1,0,Fixation,,,,,,,,,,,,
SV009,L,246,2,0,0,0,0,Fixation,,,,,,,,,,,,
SV009,L,247,2,0,1,1,0,Fixation,,,,,,,,,,,,
SV009,L,248,3,2,1,0,2,Fixation,,,,,,,,,,,,
SV009,L,249,3,2,1,0,2,Fixation,,,,,,,,,,,,
SV009,L,250,2,0,0,1,0,Fixation,,,,,,,,,,,,
SV009,L,251,3,2,0,1,2,Fixation,,,,,,,,,,,,
SV009,L,252,3,2,1,1,2,Fixation,,,,,,,,,,,,
SV009,L,253,3,3,1,1,3,Fixation,,,,,,,,,,,,
SV009,L,254,2,0,1,0,0,Fixation,,,,,,,,,,,,
SV009,L,255,2,2,1,1,2,Fixation,,,,,,,,,,,,
SV009,L,256,3,2,1,0,2,Fixation,,,,,,,,,,,,
SV009,L,257,2,2,0,0,2,Fixation,,,,,,,,,,,,
SV009,L,258,2,0,0,1,0,Fixation,,,,,,,,,,,,
SV009,L,259,2,2,1,1,2,Fixation,,,,,,,,,,,,
SV009,L,260,3,0,1,1,0,Fixation,,,,,,,,,,,,
SV009,L,261,2,0,0,0,0,Fixation,,,,,,,,,,,,
SV009,L,262,3,3,0,0,3,Fixation,,,,,,,,,,,,
SV009,L,263,3,3,0,1,3,Fixation,,,,,,,,,,,,
SV009,L,264,2,3,0,1,3,Fixation,,,,,,,,,,,,
SV009,L,265,3,2,0,1,2,Fixation,,,,,,,,,,,,
SV009,L,266,3,2,0,1,2,Fixation,,,,,,,,,,,,
SV009,L,267,2,0,0,0,0,Fixation,,,,,,,,,,,,
SV009,L,268,3,3,0,1,3,Fixation,,,,,,,,,,,,
SV009,L,269,2,3,1,0,3,Fixation,,,,,,,,,,,,
SV009,L,270,3,2,1,0,2,Fixation,,,,,,,,,,,,
SV009,L,271,3,0,1,0,0,Fixation,,,,,,,,,,,,
SV009,L,272,3,3,1,0,3,Fixation,,,,,,,,,,,,
SV009,L,273,3,2,1,0,2,Fixation,,,,,,,,,,,,
SV009,L,274,3,0,1,1,0,Fixation,,,,,,,,,,,,
SV009,L,275,3,0,0,0,0,Fixation,,,,,,,,,,,,
SV009,L,276,2,2,1,0,2,Fixation,,,,,,,,,,,,
SV009,L,277,3,0,1,1,0,Fixation,,,,,,,,,,,,
SV009,L,278,2,0,1,0,0,Fixation,,,,,,,,,,,,
SV009,L,279,2,3,0,0,3,Fixation,,,,,,,,,,,,
SV009,L,280,2,2,0,1,2,Fixation,,,,,,,,,,,,
SV009,L,281,2,3,1,1,3,Fixation,,,,,,,,,,,,
SV009,L,282,3,2,0,0,2,Fixation,,,,,,,,,,,,
SV009,L,283,3,2,0,1,2,Fixation,,,,,,,,,,,,
SV009,L,284,2,0,0,1,0,Fixation,,,,,,,,,,,,
SV009,L,285,2,2,1,0,2,Fixation,,,,,,,,,,,,
SV009,L,286,2,2,1,1,2,Fixation,,,,,,,,,,,,
SV009,L,287,2,0,1,0,0,Fixation,,,,,,,,,,,,
SV009,L,288,3,2,0,1,2,Fixation,,,,,,,,,,,,
SV009,L,289,2,2,0,0,2,Fixation,,,,,,,,,,,,
SV009,L,290,3,2,1,1,2,Fixation,,,,,,,,,,,,
SV009,L,291,3,3,1,1,3,Fixation,,,,,,,,,,,,
SV009,L,292,2,3,0,1,3,Fixation,,,,,,,,,,,,
SV009,L,293,3,3,0,1,3,Fixation,,,,,,,,,,,,
SV009,L,294,3,2,0,0,2,Fixation,,,,,,,,,,,,
SV009,L,295,3,3,0,0,3,Fixation,,,,,,,,,,,,
SV009,L,296,3,3,1,1,3,Fixation,,,,,,,,,,,,
SV009,L,297,3,0,0,0,0,Fixation,,,,,,,,,,,,
SV009,L,298,2,2,1,0,2,Fixation,,,,,,,,,,,,
SV009,L,299,3,3,0,0,3,Fixation,,,,,,,,,,,,
SV009,L,300,2,3,1,1,3,Fixation,,,,,,,,,,,,
SV009,L,301,2,3,1,0,3,Fixation,,,,,,,,,,,,
SV009,L,302,3,2,0,1,2,Fixation,,,,,,,,,,,,
SV009,L,303,3,2,0,0,2,Fixation,,,,,,,,,,,,
SV009,L,304,2,2,1,0,2,Fixation,,,,,,,,,,,,
SV009,L,305,2,2,1,1,2,Fixation,,,,,,,,,,,,
SV009,L,306,3,3,0,0,3,Fixation,,,,,,,,,,,,
SV009,L,307,2,0,0,0,0,Fixation,,,,,,,,,,,,
SV009,L,308,3,0,0,0,0,Fixation,,,,,,,,,,,,
SV009,L,309,3,2,0,0,2,Fixation,,,,,,,,,,,,
SV009,L,310,3,2,0,0,2,Fixation,,,,,,,,,,,,
SV009,L,311,2,3,1,0,3,Fixation,,,,,,,,,,,,
SV009,L,312,3,0,0,1,0,Fixation,,,,,,,,,,,,
SV009,L,313,2,2,1,1,2,Fixation,,,,,,,,,,,,
SV009,L,314,2,0,0,0,0,Fixation,,,,,,,,,,,,
SV009,L,315,3,0,1,0,0,Fixation,,,,,,,,,,,,
SV009,L,316,3,3,1,1,3,Fixation,,,,,,,,,,,,
SV009,L,317,3,0,1,1,0,Fixation,,,,,,,,,,,,
SV009,L,318,2,3,1,1,3,Fixation,,,,,,,,,,,,
SV009,L,319,2,0,1,1,0,Fixation,,,,,,,,,,,,
SV009,L,320,3,0,0,1,0,Fixation,,,,,,,,,,,,
SV009,L,321,2,3,1,0,3,Fixation,,,,,,,,,,,,
SV009,L,322,2,3,1,0,3,Fixation,,,,,,,,,,,,
SV009,L,323,2,2,0,0,2,Fixation,,,,,,,,,,,,
SV009,L,324,2,2,1,1,1,Fixation,,,,,,,,,,,,
SV009,L,325,3,0,0,0,0,Fixation,,,,,,,,,,,,
SV009,L,326,3,2,0,0,2,Fixation,,,,,,,,,,,,
SV009,L,327,3,3,1,1,3,Fixation,,,,,,,,,,,,
SV009,L,328,2,0,0,1,0,Fixation,,,,,,,,,,,,
SV009,L,329,3,3,0,0,3,Fixation,,,,,,,,,,,,
SV009,L,330,2,3,0,1,3,Fixation,,,,,,,,,,,,
SV009,L,331,2,3,1,0,3,Fixation,,,,,,,,,,,,
SV009,L,332,3,0,0,0,0,Fixation,,,,,,,,,,,,
SV009,L,333,2,3,1,0,3,Fixation,,,,,,,,,,,,
SV009,L,334,3,0,0,1,0,Fixation,,,,,,,,,,,,
SV009,L,335,3,0,1,0,0,Fixation,,,,,,,,,,,,
SV009,L,336,2,0,1,1,0,Fixation,,,,,,,,,,,,
SV009,L,337,3,2,1,0,2,Fixation,,,,,,,,,,,,
SV009,L,338,2,2,1,1,2,Fixation,,,,,,,,,,,,
SV009,L,339,2,3,0,0,3,Fixation,,,,,,,,,,,,
SV009,L,340,2,0,1,0,0,Fixation,,,,,,,,,,,,
SV009,L,341,2,2,0,1,2,Fixation,,,,,,,,,,,,
SV009,L,342,3,0,1,1,0,Fixation,,,,,,,,,,,,
SV009,L,343,3,0,1,1,0,Fixation,,,,,,,,,,,,
SV009,L,344,3,3,1,1,3,Fixation,,,,,,,,,,,,
SV009,L,345,3,3,0,1,3,Fixation,,,,,,,,,,,,
SV009,L,346,2,0,1,1,0,Fixation,,,,,,,,,,,,
SV009,L,347,2,3,0,0,3,Fixation,,,,,,,,,,,,
SV009,L,348,3,3,0,0,3,Fixation,,,,,,,,,,,,
SV009,L,349,3,3,1,0,3,Fixation,,,,,,,,,,,,
SV009,L,350,3,0,1,1,0,Fixation,,,,,,,,,,,,
SV009,L,351,2,2,0,0,2,Fixation,,,,,,,,,,,,
SV009,L,352,2,3,0,0,3,Fixation,,,,,,,,,,,,
SV009,L,353,3,3,0,1,3,Fixation,,,,,,,,,,,,
SV009,L,354,2,2,1,0,2,Fixation,,,,,,,,,,,,
SV009,L,355,2,0,1,0,0,Fixation,,,,,,,,,,,,
SV009,L,356,2,2,0,1,2,Fixation,,,,,,,,,,,,
SV009,L,357,3,0,1,1,0,Fixation,,,,,,,,,,,,
SV009,L,358,3,0,1,0,0,Fixation,,,,,,,,,,,,
SV009,L,359,2,3,0,1,3,Fixation,,,,,,,,,,,,
SV009,L,360,2,0,1,1,0,Fixation,,,,,,,,,,,,
SV009,L,361,2,0,0,1,0,Fixation,,,,,,,,,,,,
SV009,L,362,3,0,0,0,0,Fixation,,,,,,,,,,,,
SV009,L,363,2,0,1,0,0,Fixation,,,,,,,,,,,,
SV009,L,364,2,2,1,1,2,Fixation,,,,,,,,,,,,
SV009,L,365,2,0,0,1,0,Fixation,,,,,,,,,,,,
SV009,L,366,3,0,1,1,0,Fixation,,,,,,,,,,,,
SV009,L,367,3,2,0,0,2,Fixation,,,,,,,,,,,,
SV009,L,368,2,3,0,0,3,Fixation,,,,,,,,,,,,
SV009,L,369,2,3,1,0,3,Fixation,,,,,,,,,,,,
SV009,L,370,2,2,1,0,2,Fixation,,,,,,,,,,,,
SV009,L,371,2,2,0,0,2,Fixation,,,,,,,,,,,,
SV009,L,372,3,3,0,1,3,Fixation,,,,,,,,,,,,
SV009,L,373,3,2,0,0,2,Fixation,,,,,,,,,,,,
SV009,L,374,2,3,0,1,3,Fixation,,,,,,,,,,,,
SV009,L,375,2,0,0,1,0,Fixation,,,,,,,,,,,,
SV009,L,376,3,3,1,1,2,Fixation,,,,,,,,,,,,
SV009,L,377,2,3,1,0,3,Fixation,,,,,,,,,,,,
SV009,L,378,3,2,1,0,2,Fixation,,,,,,,,,,,,
SV009,L,379,3,3,1,0,3,Fixation,,,,,,,,,,,,
SV009,L,380,2,3,1,1,3,Fixation,,,,,,,,,,,,
SV009,L,381,2,2,0,1,2,Fixation,,,,,,,,,,,,
SV009,L,382,3,2,1,1,2,Fixation,,,,,,,,,,,,
SV009,L,383,2,2,0,0,2,Fixation,,,,,,,,,,,,
SV009,L,384,3,3,1,0,3,Fixation,,,,,,,,,,,,
SV009,L,385,3,2,0,1,2,Fixation,,,,,,,,,,,,
SV009,L,386,3,3,0,0,3,Fixation,,,,,,,,,,,,
SV009,L,387,3,3,0,1,3,Fixation,1661.3,1661.3,1023.7,1023.7,888.0,888.0,656.0,,,,,
SV009,L,388,2,2,1,0,2,Fixation,,,,,,,,,,,,
SV009,L,389,3,0,1,0,0,Fixation,,,,,,,,,,,,
SV009,L,390,3,3,1,1,3,Fixation,,,,,,,,,,,,
SV009,L,391,3,2,1,0,2,Fixation,,,,,,,,,,,,
SV009,L,392,3,2,1,1,2,Fixation,,,,,,,,,,,,
SV009,L,393,3,2,1,1,2,Fixation,,,,,,,,,,,,
SV009,L,394,2,2,0,0,2,Fixation,,,,,,,,,,,,
SV009,L,395,2,3,1,1,3,Fixation,,,,,,,,,,,,
SV009,L,396,2,0,1,0,0,Fixation,,,,,,,,,,,,
SV009,L,397,2,2,0,1,2,Fixation,,,,,,,,,,,,
SV009,L,398,3,0,0,0,0,Fixation,,,,,,,,,,,,
SV009,L,399,3,0,0,1,0,Fixation,,,,,,,,,,,,
SV009,L,400,3,3,0,1,3,Fixation,,,,,,,,,,,,
SV009,L,401,3,2,0,0,2,Fixation,,,,,,,,,,,,
SV009,L,402,2,0,0,0,0,Fixation,,,,,,,,,,,,
SV009,L,403,2,2,0,1,2,Fixation,,,,,,,,,,,,
SV009,L,404,2,3,1,1,3,Fixation,,,,,,,,,,,,
SV009,L,405,2,3,1,0,3,Fixation,,,,,,,,,,,,
SV009,L,406,3,2,1,1,2,Fixation,,,,,,,,,,,,
SV009,L,407,2,3,0,0,3,Fixation,,,,,,,,,,,,
SV009,L,408,2,3,1,1,3,Fixation,,,,,,,,,,,,
SV009,L,409,2,3,0,0,3,Fixation,,,,,,,,,,,,
SV009,L,410,3,3,1,0,3,Fixation,,,,,,,,,,,,
SV009,L,411,3,0,0,0,0,Fixation,,,,,,,,,,,,
SV009,L,412,3,3,1,0,3,Fixation,,,,,,,,,,,,
SV009,L,413,3,3,1,0,3,Fixation,,,,,,,,,,,,
SV009,L,414,2,3,0,1,3,Fixation,,,,,,,,,,,,
SV009,L,415,3,3,0,1,3,Fixation,,,,,,,,,,,,
SV009,L,416,3,2,1,0,2,Fixation,,,,,,,,,,,,
SV009,L,417,2,0,0,1,0,Fixation,,,,,,,,,,,,
SV009,L,418,2,0,1,1,0,Fixation,,,,,,,,,,,,
SV009,L,419,3,2,1,1,2,Fixation,,,,,,,,,,,,
SV009,L,420,2,3,0,1,3,Fixation,,,,,,,,,,,,
SV009,L,421,3,2,0,0,2,Fixation,,,,,,,,,,,,
SV009,L,422,3,2,1,1,2,Fixation,,,,,,,,,,,,
SV009,L,423,2,0,1,1,0,Fixation,,,,,,,,,,,,
SV009,L,424,2,2,0,0,2,Fixation,,,,,,,,,,,,
SV009,L,425,2,3,1,1,3,Fixation,,,,,,,,,,,,
SV009,L,426,2,2,1,0,2,Fixation,,,,,,,,,,,,
SV009,L,427,2,0,1,1,0,Fixation,,,,,,,,,,,,
SV009,L,428,3,2,0,1,2,Fixation,,,,,,,,,,,,
SV009,L,429,2,3,1,1,3,Fixation,,,,,,,,,,,,
SV009,L,430,3,0,1,0,0,Fixation,,,,,,,,,,,,
SV009,L,431,2,2,1,1,2,Fixation,,,,,,,,,,,,
SV009,L,432,3,0,0,0,0,Fixation,,,,,,,,,,,,
SV009,L,433,2,0,0,0,0,Fixation,,,,,,,,,,,,
SV009,L,434,3,0,1,0,0,Fixation,,,,,,,,,,,,
SV009,L,435,3,3,0,0,3,Fixation,,,,,,,,,,,,
SV009,L,436,3,0,0,0,0,Fixation,,,,,,,,,,,,
SV009,L,437,3,0,1,0,0,Fixation,,,,,,,,,,,,
SV009,L,438,3,3,0,0,3,Fixation,,,,,,,,,,,,
SV009,L,439,3,3,1,0,3,Fixation,,,,,,,,,,,,
SV009,L,440,3,0,1,1,0,Fixation,,,,,,,,,,,,
SV009,L,441,2,0,1,0,0,Fixation,,,,,,,,,,,,
SV009,L,442,2,3,0,1,3,Fixation,,,,,,,,,,,,
SV009,L,443,3,0,1,0,0,Fixation,,,,,,,,,,,,
SV009,L,444,3,0,0,1,0,Fixation,,,,,,,,,,,,
SV009,L,445,3,2,1,1,2,Fixation,,,,,,,,,,,,
SV009,L,446,2,0,1,1,0,Fixation,,,,,,,,,,,,
SV009,L,447,2,0,0,0,0,Fixation,,,,,,,,,,,,
SV009,L,448,2,0,1,0,0,Fixation,,,,,,,,,,,,
SV009,L,449,3,2,0,1,2,Fixation,,,,,,,,,,,,
SV009,L,450,3,2,1,1,2,Fixation,,,,,,,,,,,,
SV009,L,451,3,3,1,0,3,Fixation,,,,,,,,,,,,
SV009,L,452,3,0,1,0,0,Fixation,,,,,,,,,,,,
SV009,L,453,2,2,0,0,2,Fixation,,,,,,,,,,,,
SV009,L,454,3,0,0,1,0,Fixation,,,,,,,,,,,,
SV009,L,455,2,2,1,0,2,Fixation,,,,,,,,,,,,
SV009,L,456,2,3,0,0,3,Fixation,,,,,,,,,,,,
SV009,L,457,3,2,0,1,2,Fixation,,,,,,,,,,,,
SV009,L,458,2,3,0,1,3,Fixation,,,,,,,,,,,,
SV009,L,459,2,0,0,0,0,Fixation,,,,,,,,,,,,
SV009,L,460,3,3,1,1,3,Fixation,,,,,,,,,,,,
SV009,L,461,3,2,1,0,2,Fixation,,,,,,,,,,,,
SV009,L,462,2,0,0,1,0,Fixation,,,,,,,,,,,,
SV009,L,463,2,2,0,1,2,Fixation,,,,,,,,,,,,
SV009,L,464,3,3,1,0,3,Fixation,,,,,,,,,,,,
SV009,L,465,2,0,0,0,0,Fixation,,,,,,,,,,,,
SV009,L,466,3,0,0,1,0,Fixation,,,,,,,,,,,,
SV009,L,467,2,0,0,1,0,Fixation,,,,,,,,,,,,
SV009,L,468,2,3,0,1,3,Fixation,,,,,,,,,,,,
SV009,L,469,3,3,1,1,3,Fixation,,,,,,,,,,,,
SV009,L,470,2,2,0,1,2,Fixation,,,,,,,,,,,,
SV009,L,471,2,2,1,0,2,Fixation,1973.4333333333334,2041.4,935.4,1072.2,701.6666666666666,796.0,438.6666666666667,,,,,
SV009,L,472,2,0,1,1,0,Fixation,,,,,,,,,,,,
SV009,L,473,3,0,0,1,0,Fixation,,,,,,,,,,,,
SV009,L,474,3,0,0,1,0,Fixation,,,,,,,,,,,,
SV009,L,475,3,3,0,0,3,Fixation,,,,,,,,,,,,
SV009,L,476,2,3,1,1,3,Fixation,,,,,,,,,,,,
SV009,L,477,2,2,0,1,2,Fixation,,,,,,,,,,,,
SV009,L,478,2,2,1,1,2,Fixation,,,,,,,,,,,,
SV009,L,479,2,2,0,1,2,Fixation,,,,,,,,,,,,
SV009,L,480,3,3,0,1,3,Fixation,,,,,,,,,,,,
SV009,R,1,2,3,1,1,2,Fixation,,,,,,,,,,,,
SV009,R,2,2,2,1,0,2,Fixation,,,,,,,,,,,,
SV009,R,3,3,2,0,0,2,Fixation,,,,,,,,,,,,
SV009,R,4,3,3,0,0,3,Fixation,,,,,,,,,,,,
SV009,R,5,2,0,0,1,2,Fixation,,,,,,,,,,,,
SV009,R,6,3,3,0,1,3,Fixation,,,,,,,,,,,,
SV009,R,7,3,0,1,0,3,Fixation,,,,,,,,,,,,
SV009,R,8,3,2,0,1,2,Fixation,,,,,,,,,,,,
SV009,R,9,2,0,0,1,2,Fixation,,,,,,,,,,,,
SV009,R,10,3,0,1,0,3,Fixation,,,,,,,,,,,,
SV009,R,11,2,2,0,1,2,Fixation,,,,,,,,,,,,
SV009,R,12,2,2,1,1,1,Fixation,,,,,,,,,,,,
SV009,R,13,3,2,1,0,2,Fixation,,,,,,,,,,,,
SV009,R,14,3,2,0,0,3,Fixation,,,,,,,,,,,,
SV009,R,15,3,3,0,1,3,Fixation,,,,,,,,,,,,
SV009,R,16,3,3,0,0,3,Fixation,,,,,,,,,,,,
SV009,R,17,3,2,0,1,3,Fixation,,,,,,,,,,,,
SV009,R,18,3,3,0,0,3,Fixation,,,,,,,,,,,,
SV009,R,19,2,2,0,0,2,Fixation,,,,,,,,,,,,
SV009,R,20,2,2,0,0,2,Fixation,,,,,,,,,,,,
SV009,R,21,3,3,0,0,2,Fixation,,,,,,,,,,,,
SV009,R,22,2,2,1,1,2,Fixation,,,,,,,,,,,,
SV009,R,23,2,2,0,0,2,Fixation,,,,,,,,,,,,
SV009,R,24,3,0,1,0,3,Fixation,,,,,,,,,,,,
SV009,R,25,3,0,0,1,3,Fixation,,,,,,,,,,,,
SV009,R,26,3,0,1,0,3,Fixation,,,,,,,,,,,,
SV009,R,27,3,0,0,1,3,Fixation,,,,,,,,,,,,
SV009,R,28,2,2,0,1,3,Fixation,,,,,,,,,,,,
SV009,R,29,2,3,0,1,2,Fixation,,,,,,,,,,,,
SV009,R,30,2,0,0,0,3,Fixation,,,,,,,,,,,,
SV009,R,31,3,3,1,1,3,Fixation,,,,,,,,,,,,
SV009,R,32,2,0,0,1,3,Fixation,,,,,,,,,,,,
SV009,R,33,2,3,0,1,2,Fixation,,,,,,,,,,,,
SV009,R,34,3,2,0,0,3,Fixation,,,,,,,,,,,,
SV009,R,35,3,0,0,0,3,Fixation,,,,,,,,,,,,
SV009,R,36,3,3,1,1,2,Fixation,,,,,,,,,,,,
SV009,R,37,3,2,1,1,2,Fixation,,,,,,,,,,,,
SV009,R,38,3,3,0,0,3,Fixation,,,,,,,,,,,,
SV009,R,39,2,3,1,0,2,Fixation,,,,,,,,,,,,
SV009,R,40,2,2,1,1,1,Fixation,,,,,,,,,,,,
SV009,R,41,2,2,0,1,2,Fixation,,,,,,,,,,,,
SV009,R,42,2,3,1,1,1,Fixation,,,,,,,,,,,,
SV009,R,43,3,3,1,0,2,Fixation,1224.6399999999999,1960.0,1125.3799999999999,1198.9,639.0,719.0,431.2,0.6,0.6,69.0,69.0,12.0
SV009,R,44,2,3,1,0,2,Fixation,,,,,,,,,,,,
SV009,R,45,2,0,0,1,2,Fixation,,,,,,,,,,,,
SV009,R,46,3,3,0,1,2,Fixation,,,,,,,,,,,,
SV009,R,47,2,2,0,1,2,Fixation,,,,,,,,,,,,
SV009,R,48,3,3,0,1,2,Fixation,,,,,,,,,,,,
SV009,R,49,3,2,1,0,2,Fixation,,,,,,,,,,,,
SV009,R,50,2,2,1,0,2,Fixation,,,,,,,,,,,,
SV009,R,51,2,3,1,1,3,Fixation,,,,,,,,,,,,
SV009,R,52,3,0,1,1,1,Fixation,2523.2999999999997,2818.6,1342.0,1434.0,494.3333333333333,553.0,416.0,,,,,
SV009,R,53,2,2,0,1,2,Fixation,,,,,,,,,,,,
SV009,R,54,2,3,1,0,2,Fixation,,,,,,,,,,,,
SV009,R,55,3,3,0,1,2,Fixation,,,,,,,,,,,,
SV009,R,56,2,3,0,0,2,Fixation,,,,,,,,,,,,
SV009,R,57,3,3,0,1,2,Fixation,,,,,,,,,,,,
SV009,R,58,2,0,0,0,2,Fixation,,,,,,,,,,,,
SV009,R,59,3,0,0,1,2,Fixation,,,,,,,,,,,,
SV009,R,60,2,3,0,1,2,Fixation,,,,,,,,,,,,
SV009,R,61,2,0,1,0,3,Fixation,,,,,,,,,,,,
SV009,R,62,3,3,0,0,3,Fixation,,,,,,,,,,,,
SV009,R,63,3,0,1,1,1,Fixation,,,,,,,,,,,,
SV009,R,64,3,2,0,1,2,Fixation,,,,,,,,,,,,
SV009,R,65,2,0,1,0,2,Fixation,1284.65,1883.4,1147.85,1210.0,607.25,702.0,597.0,,,,,
SV009,R,66,3,3,1,0,2,Fixation,,,,,,,,,,,,
SV009,R,67,2,0,1,1,2,Fixation,,,,,,,,,,,,
SV009,R,68,2,2,1,0,2,Fixation,,,,,,,,,,,,
SV009,R,69,3,2,0,1,2,Fixation,,,,,,,,,,,,
SV009,R,70,3,2,0,0,3,Fixation,,,,,,,,,,,,
SV009,R,71,2,0,0,1,3,Fixation,,,,,,,,,,,,
SV009,R,72,3,3,1,1,2,Fixation,,,,,,,,,,,,
SV009,R,73,2,3,1,1,2,Fixation,,,,,,,,,,,,
SV009,R,74,2,0,1,1,1,Fixation,,,,,,,,,,,,
SV009,R,75,2,2,0,1,2,Fixation,,,,,,,,,,,,
SV009,R,76,2,2,0,0,2,Fixation,,,,,,,,,,,,
SV009,R,77,2,3,0,1,1,Fixation,,,,,,,,,,,,
SV009,R,78,2,2,1,1,1,Fixation,,,,,,,,,,,,
SV009,R,79,2,2,0,1,2,Fixation,,,,,,,,,,,,
SV009,R,80,3,0,0,0,3,Fixation,,,,,,,,,,,,
SV009,R,81,3,3,1,1,1,Fixation,,,,,,,,,,,,
SV009,R,82,2,2,0,0,2,Fixation,,,,,,,,,,,,
SV009,R,83,3,3,1,1,1,Fixation,,,,,,,,,,,,
SV009,R,84,2,3,0,1,3,Fixation,,,,,,,,,,,,
SV009,R,85,2,2,1,0,2,Fixation,,,,,,,,,,,,
SV009,R,86,3,2,1,1,2,Fixation,,,,,,,,,,,,
SV009,R,87,3,2,1,1,2,Fixation,,,,,,,,,,,,
SV009,R,88,2,2,1,0,2,Fixation,,,,,,,,,,,,
SV009,R,89,3,3,1,0,2,Fixation,,,,,,,,,,,,
SV009,R,90,2,2,1,1,2,Fixation,,,,,,,,,,,,
SV009,R,91,2,2,0,1,2,Fixation,,,,,,,,,,,,
SV009,R,92,3,0,0,0,2,Fixation,,,,,,,,,,,,
SV009,R,93,2,3,0,0,3,Fixation,,,,,,,,,,,,
SV009,R,94,2,3,0,0,3,Fixation,,,,,,,,,,,,
SV009,R,95,2,3,1,0,3,Fixation,,,,,,,,,,,,
SV009,R,96,2,2,0,0,2,Fixation,,,,,,,,,,,,
SV009,R,97,3,3,0,1,3,Fixation,,,,,,,,,,,,
SV009,R,98,3,0,1,1,2,Fixation,,,,,,,,,,,,
SV009,R,99,3,3,1,0,3,Fixation,,,,,,,,,,,,
SV009,R,100,3,3,1,0,3,Fixation,,,,,,,,,,,,
SV009,R,101,3,0,0,0,3,Fixation,,,,,,,,,,,,
SV009,R,102,3,0,1,0,3,Fixation,,,,,,,,,,,,
SV009,R,103,3,2,1,0,2,Fixation,,,,,,,,,,,,
SV009,R,104,3,2,1,0,2,Fixation,,,,,,,,,,,,
SV009,R,105,2,0,1,0,3,Fixation,,,,,,,,,,,,
SV009,R,106,3,2,1,1,1,Fixation,,,,,,,,,,,,
SV009,R,107,3,2,1,1,2,Fixation,,,,,,,,,,,,
SV009,R,108,2,3,0,0,3,Fixation,,,,,,,,,,,,
SV009,R,109,2,0,0,1,3,Fixation,,,,,,,,,,,,
SV009,R,110,3,2,0,0,3,Fixation,,,,,,,,,,,,
SV009,R,111,3,2,1,0,3,Fixation,,,,,,,,,,,,
SV009,R,112,3,2,0,1,2,Fixation,,,,,,,,,,,,
SV009,R,113,2,0,0,0,3,Fixation,,,,,,,,,,,,
SV009,R,114,3,2,0,1,2,Fixation,,,,,,,,,,,,
SV009,R,115,2,0,1,1,2,Fixation,,,,,,,,,,,,
SV009,R,116,3,3,0,0,3,Fixation,,,,,,,,,,,,
SV009,R,117,3,2,0,1,2,Fixation,,,,,,,,,,,,
SV009,R,118,2,0,1,1,2,Fixation,,,,,,,,,,,,
SV009,R,119,2,2,1,1,1,Fixation,,,,,,,,,,,,
SV009,R,120,2,3,1,1,2,Fixation,,,,,,,,,,,,
SV009,R,121,3,0,1,0,3,Fixation,,,,,,,,,,,,
SV009,R,122,2,2,1,1,2,Fixation,,,,,,,,,,,,
SV009,R,123,3,2,1,1,2,Fixation,,,,,,,,,,,,
SV009,R,124,3,0,0,1,3,Fixation,,,,,,,,,,,,
SV009,R,125,2,0,0,0,3,Fixation,,,,,,,,,,,,
SV009,R,126,2,2,0,0,2,Fixation,,,,,,,,,,,,
SV009,R,127,2,3,1,0,3,Fixation,,,,,,,,,,,,
SV009,R,128,3,3,1,0,2,Fixation,,,,,,,,,,,,
SV009,R,129,3,0,0,0,3,Fixation,,,,,,,,,,,,
SV009,R,130,2,2,1,0,2,Fixation,,,,,,,,,,,,
SV009,R,131,2,3,0,0,3,Fixation,,,,,,,,,,,,
SV009,R,132,2,3,0,1,3,Fixation,,,,,,,,,,,,
SV009,R,133,2,3,1,0,3,Fixation,,,,,,,,,,,,
SV009,R,134,3,2,1,0,2,Fixation,,,,,,,,,,,,
SV009,R,135,2,0,1,1,2,Fixation,,,,,,,,,,,,
SV009,R,136,3,0,1,0,3,Fixation,,,,,,,,,,,,
SV009,R,137,3,2,1,0,2,Fixation,,,,,,,,,,,,
SV009,R,138,2,3,1,0,2,Fixation,1056.85,1133.0,1147.525,1204.9,618.5,700.0,532.0,,,,,
SV009,R,139,2,0,1,0,3,Fixation,,,,,,,,,,,,
SV009,R,140,3,3,0,1,3,Fixation,2617.3333333333335,2893.5,1258.2666666666667,1389.2,499.0,624.0,466.6666666666667,,,,,
SV009,R,141,2,2,0,0,2,Fixation,,,,,,,,,,,,
SV009,R,142,2,2,0,0,2,Fixation,,,,,,,,,,,,
SV009,R,143,2,2,1,1,2,Fixation,,,,,,,,,,,,
SV009,R,144,3,2,0,0,2,Fixation,,,,,,,,,,,,
SV009,R,145,3,0,1,0,3,Fixation,,,,,,,,,,,,
SV009,R,146,3,3,1,1,2,Fixation,,,,,,,,,,,,
SV009,R,147,3,2,0,0,3,Fixation,,,,,,,,,,,,
SV009,R,148,3,3,1,1,3,Fixation,,,,,,,,,,,,
SV009,R,149,3,3,1,1,3,Fixation,,,,,,,,,,,,
SV009,R,150,3,0,0,0,3,Fixation,,,,,,,,,,,,
SV009,R,151,3,3,0,0,3,Fixation,,,,,,,,,,,,
SV009,R,152,3,0,0,1,3,Fixation,,,,,,,,,,,,
SV009,R,153,3,3,0,1,3,Fixation,,,,,,,,,,,,
SV009,R,154,3,3,1,1,1,Fixation,,,,,,,,,,,,
SV009,R,155,3,0,0,1,3,Fixation,,,,,,,,,,,,
SV009,R,156,2,2,1,0,2,Fixation,,,,,,,,,,,,
SV009,R,157,2,0,1,0,2,Fixation,,,,,,,,,,,,
SV009,R,158,3,0,0,1,3,Fixation,,,,,,,,,,,,
SV009,R,159,2,2,0,0,2,Fixation,,,,,,,,,,,,
SV009,R,160,3,3,1,0,2,Fixation,,,,,,,,,,,,
SV009,R,161,3,2,1,1,2,Fixation,,,,,,,,,,,,
SV009,R,162,3,0,1,1,2,Fixation,,,,,,,,,,,,
SV009,R,163,3,2,0,0,2,Fixation,,,,,,,,,,,,
SV009,R,164,2,3,0,1,3,Fixation,,,,,,,,,,,,
SV009,R,165,3,0,0,0,3,Fixation,,,,,,,,,,,,
SV009,R,166,2,3,0,0,2,Fixation,,,,,,,,,,,,
SV009,R,167,2,3,0,1,3,Fixation,,,,,,,,,,,,
SV009,R,168,2,0,0,1,3,Fixation,,,,,,,,,,,,
SV009,R,169,3,3,0,1,2,Fixation,,,,,,,,,,,,
SV009,R,170,2,3,1,1,2,Fixation,,,,,,,,,,,,
SV009,R,171,2,0,1,1,2,Fixation,,,,,,,,,,,,
SV009,R,172,3,3,0,0,2,Fixation,,,,,,,,,,,,
SV009,R,173,2,0,1,1,1,Fixation,,,,,,,,,,,,
SV009,R,174,3,0,1,0,2,Fixation,,,,,,,,,,,,
SV009,R,175,2,3,1,1,2,Fixation,,,,,,,,,,,,
SV009,R,176,2,0,0,0,3,Fixation,,,,,,,,,,,,
SV009,R,177,2,0,1,0,2,Fixation,,,,,,,,,,,,
SV009,R,178,2,0,0,1,3,Fixation,,,,,,,,,,,,
SV009,R,179,2,3,0,0,3,Fixation,,,,,,,,,,,,
SV009,R,180,3,3,1,0,3,Fixation,1336.925,2125.7,1148.2,1216.8,576.0,722.0,346.0,,,,,
SV009,R,181,3,3,1,0,3,Fixation,,,,,,,,,,,,
SV009,R,182,2,0,1,0,3,Fixation,,,,,,,,,,,,
SV009,R,183,2,3,1,1,2,Fixation,,,,,,,,,,,,
SV009,R,184,3,0,1,1,2,Fixation,,,,,,,,,,,,
SV009,R,185,2,0,0,0,3,Fixation,,,,,,,,,,,,
SV009,R,186,2,0,1,0,3,Fixation,,,,,,,,,,,,
SV009,R,187,3,2,1,0,3,Fixation,,,,,,,,,,,,
SV009,R,188,3,3,0,0,3,Fixation,,,,,,,,,,,,
SV009,R,189,2,3,0,0,3,Fixation,,,,,,,,,,,,
SV009,R,190,2,3,0,1,2,Fixation,,,,,,,,,,,,
SV009,R,191,2,2,1,0,3,Fixation,,,,,,,,,,,,
SV009,R,192,2,0,1,0,3,Fixation,,,,,,,,,,,,
SV009,R,193,3,0,0,0,3,Fixation,,,,,,,,,,,,
SV009,R,194,2,3,1,0,2,Fixation,,,,,,,,,,,,
SV009,R,195,2,0,1,1,2,Fixation,,,,,,,,,,,,
SV009,R,196,2,2,0,1,2,Fixation,,,,,,,,,,,,
SV009,R,197,2,0,0,0,3,Fixation,,,,,,,,,,,,
SV009,R,198,3,2,1,1,1,Fixation,,,,,,,,,,,,
SV009,R,199,3,3,1,0,3,Fixation,,,,,,,,,,,,
SV009,R,200,2,3,0,0,3,Fixation,,,,,,,,,,,,
SV009,R,201,2,2,1,1,2,Fixation,,,,,,,,,,,,
SV009,R,202,3,0,1,1,2,Fixation,,,,,,,,,,,,
SV009,R,203,2,3,1,0,2,Fixation,,,,,,,,,,,,
SV009,R,204,3,0,0,0,3,Fixation,,,,,,,,,,,,
SV009,R,205,3,0,1,0,3,Fixation,,,,,,,,,,,,
SV009,R,206,3,0,0,0,3,Fixation,,,,,,,,,,,,
SV009,R,207,3,2,0,1,2,Fixation,,,,,,,,,,,,
SV009,R,208,2,0,0,0,3,Fixation,,,,,,,,,,,,
SV009,R,209,3,0,1,1,1,Fixation,,,,,,,,,,,,
SV009,R,210,3,0,0,1,3,Fixation,,,,,,,,,,,,
SV009,R,211,2,0,0,1,3,Fixation,,,,,,,,,,,,
SV009,R,212,2,0,1,1,1,Fixation,,,,,,,,,,,,
SV009,R,213,3,0,0,1,2,Fixation,,,,,,,,,,,,
SV009,R,214,2,3,0,0,3,Fixation,1074.8,1086.6,1116.7333333333333,1234.6,650.3333333333334,744.0,658.6666666666666,,,,,
SV009,R,215,3,2,0,0,2,Fixation,,,,,,,,,,,,
SV009,R,216,2,0,0,1,3,Fixation,,,,,,,,,,,,
SV009,R,217,2,0,1,1,1,Fixation,,,,,,,,,,,,
SV009,R,218,2,3,1,0,3,Fixation,,,,,,,,,,,,
SV009,R,219,3,3,1,1,1,Fixation,,,,,,,,,,,,
SV009,R,220,2,3,0,1,3,Fixation,,,,,,,,,,,,
SV009,R,221,2,0,1,0,3,Fixation,,,,,,,,,,,,
SV009,R,222,3,2,0,0,3,Fixation,,,,,,,,,,,,
SV009,R,223,2,0,0,0,3,Fixation,,,,,,,,,,,,
SV009,R,224,2,3,1,1,1,Fixation,,,,,,,,,,,,
SV009,R,225,3,2,1,0,2,Fixation,,,,,,,,,,,,
SV009,R,226,3,2,0,1,2,Fixation,,,,,,,,,,,,
SV009,R,227,3,0,0,1,1,Fixation,,,,,,,,,,,,
SV009,R,228,2,2,1,0,2,Fixation,,,,,,,,,,,,
SV009,R,229,2,0,0,0,2,Fixation,,,,,,,,,,,,
SV009,R,230,3,2,1,1,2,Fixation,,,,,,,,,,,,
SV009,R,231,3,0,1,1,2,Fixation,,,,,,,,,,,,
SV009,R,232,3,2,1,0,2,Fixation,,,,,,,,,,,,
SV009,R,233,2,2,1,1,2,Fixation,,,,,,,,,,,,
SV009,R,234,3,0,1,1,2,Fixation,,,,,,,,,,,,
SV009,R,235,3,2,1,1,2,Fixation,,,,,,,,,,,,
SV009,R,236,2,3,1,1,2,Fixation,,,,,,,,,,,,
SV009,R,237,2,2,1,0,2,Fixation,,,,,,,,,,,,
SV009,R,238,3,0,1,1,2,Fixation,,,,,,,,,,,,
SV009,R,239,3,2,0,1,2,Fixation,,,,,,,,,,,,
SV009,R,240,2,2,0,1,2,Fixation,2195.1,2898.8,1105.3307692307692,1336.0,592.1538461538462,718.0,355.0769230769231,,,,,
SV009,R,241,3,2,0,1,2,Fixation,2426.3333333333335,3270.0,1042.5111111111112,1505.2,750.5555555555555,869.0,244.88888888888889,,,,,
SV009,R,242,3,3,1,0,3,Fixation,,,,,,,,,,,,
SV009,R,243,2,0,0,0,0,Fixation,,,,,,,,,,,,
SV009,R,244,2,2,1,0,2,Fixation,,,,,,,,,,,,
SV009,R,245,2,3,1,0,3,Fixation,,,,,,,,,,,,
SV009,R,246,2,2,1,0,2,Fixation,,,,,,,,,,,,
SV009,R,247,3,3,1,0,3,Fixation,,,,,,,,,,,,
SV009,R,248,2,0,1,0,0,Fixation,,,,,,,,,,,,
SV009,R,249,3,3,0,1,3,Fixation,2030.6499999999999,2049.2,1043.35,1067.2,792.0,825.0,936.0,,,,,
SV009,R,250,3,2,0,0,2,Fixation,,,,,,,,,,,,
SV009,R,251,2,3,1,0,3,Fixation,1912.2,1912.2,1039.7,1039.7,792.0,792.0,980.0,,,,,
SV009,R,252,2,0,1,0,0,Fixation,,,,,,,,,,,,
SV009,R,253,2,3,1,1,3,Fixation,,,,,,,,,,,,
SV009,R,254,3,2,1,1,2,Fixation,,,,,,,,,,,,
SV009,R,255,2,3,0,0,3,Fixation,,,,,,,,,,,,
SV009,R,256,2,2,0,0,2,Fixation,,,,,,,,,,,,
SV009,R,257,2,3,0,1,3,Fixation,,,,,,,,,,,,
SV009,R,258,2,2,1,1,2,Fixation,,,,,,,,,,,,
SV009,R,259,3,2,0,0,2,Fixation,,,,,,,,,,,,
SV009,R,260,3,0,1,0,0,Fixation,,,,,,,,,,,,
SV009,R,261,3,2,0,0,2,Fixation,,,,,,,,,,,,
SV009,R,262,2,2,1,1,2,Fixation,,,,,,,,,,,,
SV009,R,263,3,3,0,1,3,Fixation,,,,,,,,,,,,
SV009,R,264,2,3,0,0,3,Fixation,,,,,,,,,,,,
SV009,R,265,2,3,0,0,3,Fixation,,,,,,,,,,,,
SV009,R,266,3,0,0,1,0,Fixation,,,,,,,,,,,,
SV009,R,267,3,3,0,1,3,Fixation,,,,,,,,,,,,
SV009,R,268,3,0,1,1,0,Fixation,,,,,,,,,,,,
SV009,R,269,2,2,1,0,2,Fixation,,,,,,,,,,,,
SV009,R,270,2,2,0,0,2,Fixation,,,,,,,,,,,,
SV009,R,271,2,3,1,0,3,Fixation,,,,,,,,,,,,
SV009,R,272,2,2,0,1,2,Fixation,,,,,,,,,,,,
SV009,R,273,3,3,1,0,3,Fixation,,,,,,,,,,,,
SV009,R,274,2,0,0,0,0,Fixation,,,,,,,,,,,,
SV009,R,275,3,3,0,0,3,Fixation,,,,,,,,,,,,
SV009,R,276,3,2,0,1,2,Fixation,,,,,,,,,,,,
SV009,R,277,2,0,0,1,0,Fixation,,,,,,,,,,,,
SV009,R,278,2,2,1,0,2,Fixation,,,,,,,,,,,,
SV009,R,279,2,0,0,0,0,Fixation,,,,,,,,,,,,
SV009,R,280,3,3,0,1,3,Fixation,,,,,,,,,,,,
SV009,R,281,3,3,0,0,3,Fixation,,,,,,,,,,,,
SV009,R,282,2,0,0,1,0,Fixation,,,,,,,,,,,,
SV009,R,283,2,3,0,0,3,Fixation,,,,,,,,,,,,
SV009,R,284,2,2,1,1,2,Fixation,,,,,,,,,,,,
SV009,R,285,3,0,0,1,0,Fixation,,,,,,,,,,,,
SV009,R,286,3,0,0,0,0,Fixation,,,,,,,,,,,,
SV009,R,287,3,3,0,1,3,Fixation,,,,,,,,,,,,
SV009,R,288,3,2,0,0,2,Fixation,,,,,,,,,,,,
SV009,R,289,3,2,1,0,2,Fixation,,,,,,,,,,,,
SV009,R,290,2,3,0,1,3,Fixation,,,,,,,,,,,,
SV009,R,291,3,2,0,1,2,Fixation,,,,,,,,,,,,
SV009,R,292,3,2,1,1,2,Fixation,,,,,,,,,,,,
SV009,R,293,2,3,1,1,3,Fixation,,,,,,,,,,,,
SV009,R,294,2,3,1,1,3,Fixation,,,,,,,,,,,,
SV009,R,295,3,3,1,0,3,Fixation,,,,,,,,,,,,
SV009,R,296,2,3,1,1,3,Fixation,,,,,,,,,,,,
SV009,R,297,3,2,1,1,2,Fixation,,,,,,,,,,,,
SV009,R,298,2,0,0,0,3,Fixation,,,,,,,,,,,,
SV009,R,299,2,2,0,0,2,Fixation,,,,,,,,,,,,
SV009,R,300,2,3,1,0,3,Fixation,,,,,,,,,,,,
SV009,R,301,3,2,0,0,2,Fixation,,,,,,,,,,,,
SV009,R,302,3,3,1,1,3,Fixation,,,,,,,,,,,,
SV009,R,303,3,2,1,1,2,Fixation,2184.633333333333,2570.4,975.0,1276.2,736.0,788.0,441.3333333333333,,,,,
SV009,R,304,2,2,0,1,2,Fixation,,,,,,,,,,,,
SV009,R,305,2,2,0,0,2,Fixation,,,,,,,,,,,,
SV009,R,306,3,2,1,1,2,Fixation,,,,,,,,,,,,
SV009,R,307,2,2,1,1,2,Fixation,,,,,,,,,,,,
SV009,R,308,3,3,1,1,3,Fixation,,,,,,,,,,,,
SV009,R,309,2,3,0,1,3,Fixation,,,,,,,,,,,,
SV009,R,310,2,2,0,1,2,Fixation,,,,,,,,,,,,
SV009,R,311,3,3,0,1,3,Fixation,,,,,,,,,,,,
SV009,R,312,3,3,0,1,3,Fixation,,,,,,,,,,,,
SV009,R,313,2,3,0,1,3,Fixation,,,,,,,,,,,,
SV009,R,314,2,0,0,0,0,Fixation,,,,,,,,,,,,
SV009,R,315,3,0,1,0,0,Fixation,,,,,,,,,,,,
SV009,R,316,3,2,0,1,2,Fixation,,,,,,,,,,,,
SV009,R,317,2,0,1,1,0,Fixation,,,,,,,,,,,,
SV009,R,318,3,0,0,1,0,Fixation,,,,,,,,,,,,
SV009,R,319,3,3,1,1,3,Fixation,,,,,,,,,,,,
SV009,R,320,3,3,0,1,3,Fixation,,,,,,,,,,,,
SV009,R,321,2,2,1,0,2,Fixation,,,,,,,,,,,,
SV009,R,322,3,3,0,0,3,Fixation,,,,,,,,,,,,
SV009,R,323,3,0,0,1,0,Fixation,,,,,,,,,,,,
SV009,R,324,3,3,0,0,3,Fixation,,,,,,,,,,,,
SV009,R,325,2,0,1,1,0,Fixation,,,,,,,,,,,,
SV009,R,326,3,2,0,0,2,Fixation,,,,,,,,,,,,
SV009,R,327,2,2,1,0,2,Fixation,,,,,,,,,,,,
SV009,R,328,2,3,0,0,3,Fixation,,,,,,,,,,,,
SV009,R,329,3,0,0,0,0,Fixation,,,,,,,,,,,,
SV009,R,330,2,3,1,0,3,Fixation,,,,,,,,,,,,
SV009,R,331,2,0,1,0,0,Fixation,,,,,,,,,,,,
SV009,R,332,2,0,1,1,0,Fixation,,,,,,,,,,,,
SV009,R,333,3,3,1,0,3,Fixation,,,,,,,,,,,,
SV009,R,334,2,0,1,0,0,Fixation,,,,,,,,,,,,
SV009,R,335,3,3,1,0,3,Fixation,,,,,,,,,,,,
SV009,R,336,3,3,0,0,3,Fixation,,,,,,,,,,,,
SV009,R,337,3,3,0,0,3,Fixation,,,,,,,,,,,,
SV009,R,338,3,0,0,0,0,Fixation,,,,,,,,,,,,
SV009,R,339,3,2,0,1,2,Fixation,,,,,,,,,,,,
SV009,R,340,3,2,0,0,2,Fixation,,,,,,,,,,,,
SV009,R,341,3,0,0,1,0,Fixation,,,,,,,,,,,,
SV009,R,342,3,2,0,1,2,Fixation,,,,,,,,,,,,
SV009,R,343,3,3,1,1,3,Fixation,,,,,,,,,,,,
SV009,R,344,3,0,0,0,0,Fixation,,,,,,,,,,,,
SV009,R,345,3,2,1,0,2,Fixation,,,,,,,,,,,,
SV009,R,346,3,3,0,1,3,Fixation,,,,,,,,,,,,
SV009,R,347,2,0,0,0,0,Fixation,,,,,,,,,,,,
SV009,R,348,3,2,0,0,2,Fixation,,,,,,,,,,,,
SV009,R,349,3,3,0,0,3,Fixation,,,,,,,,,,,,
SV009,R,350,2,3,0,1,3,Fixation,,,,,,,,,,,,
SV009,R,351,2,0,1,1,0,Fixation,,,,,,,,,,,,
SV009,R,352,2,0,0,1,0,Fixation,,,,,,,,,,,,
SV009,R,353,3,3,0,0,3,Fixation,,,,,,,,,,,,
SV009,R,354,2,2,0,1,2,Fixation,,,,,,,,,,,,
SV009,R,355,2,2,0,0,2,Fixation,,,,,,,,,,,,
SV009,R,356,3,3,1,0,3,Fixation,,,,,,,,,,,,
SV009,R,357,2,0,0,1,0,Fixation,,,,,,,,,,,,
SV009,R,358,3,2,1,1,2,Fixation,,,,,,,,,,,,
SV009,R,359,2,2,1,0,2,Fixation,,,,,,,,,,,,
SV009,R,360,3,2,1,1,2,Fixation,2194.5,2194.5,1068.8,1068.8,720.0,720.0,328.0,,,,,
SV009,R,361,3,0,0,1,0,Fixation,,,,,,,,,,,,
SV009,R,362,3,3,1,1,3,Fixation,,,,,,,,,,,,
SV009,R,363,3,2,1,0,2,Fixation,,,,,,,,,,,,
SV009,R,364,3,2,1,0,2,Fixation,,,,,,,,,,,,
SV009,R,365,3,2,1,1,2,Fixation,,,,,,,,,,,,
SV009,R,366,2,2,0,0,2,Fixation,,,,,,,,,,,,
SV009,R,367,3,0,1,0,0,Fixation,,,,,,,,,,,,
SV009,R,368,2,3,1,1,3,Fixation,,,,,,,,,,,,
SV009,R,369,3,2,1,0,2,Fixation,,,,,,,,,,,,
SV009,R,370,2,0,1,0,0,Fixation,,,,,,,,,,,,
SV009,R,371,2,0,1,1,0,Fixation,,,,,,,,,,,,
SV009,R,372,3,3,1,1,3,Fixation,,,,,,,,,,,,
SV009,R,373,2,0,0,1,0,Fixation,,,,,,,,,,,,
SV009,R,374,2,0,1,1,0,Fixation,,,,,,,,,,,,
SV009,R,375,3,3,1,0,3,Fixation,,,,,,,,,,,,
SV009,R,376,3,0,0,1,0,Fixation,,,,,,,,,,,,
SV009,R,377,2,3,0,0,3,Fixation,,,,,,,,,,,,
SV009,R,378,2,0,0,1,0,Fixation,,,,,,,,,,,,
SV009,R,379,2,2,0,1,2,Fixation,,,,,,,,,,,,
SV009,R,380,3,0,1,0,0,Fixation,,,,,,,,,,,,
SV009,R,381,2,0,1,0,0,Fixation,,,,,,,,,,,,
SV009,R,382,2,0,1,0,0,Fixation,,,,,,,,,,,,
SV009,R,383,2,2,0,1,2,Fixation,,,,,,,,,,,,
SV009,R,384,3,0,1,1,0,Fixation,,,,,,,,,,,,
SV009,R,385,3,2,0,1,2,Fixation,,,,,,,,,,,,
SV009,R,386,2,0,1,0,0,Fixation,,,,,,,,,,,,
SV009,R,387,3,3,1,1,3,Fixation,,,,,,,,,,,,
SV009,R,388,3,2,1,0,2,Fixation,,,,,,,,,,,,
SV009,R,389,3,0,1,0,0,Fixation,,,,,,,,,,,,
SV009,R,390,2,3,1,0,3,Fixation,,,,,,,,,,,,
SV009,R,391,2,0,0,0,0,Fixation,,,,,,,,,,,,
SV009,R,392,2,0,1,1,0,Fixation,,,,,,,,,,,,
SV009,R,393,3,3,1,1,3,Fixation,,,,,,,,,,,,
SV009,R,394,3,2,1,0,2,Fixation,,,,,,,,,,,,
SV009,R,395,2,0,0,0,0,Fixation,,,,,,,,,,,,
SV009,R,396,3,3,1,1,3,Fixation,,,,,,,,,,,,
SV009,R,397,3,0,1,1,0,Fixation,,,,,,,,,,,,
SV009,R,398,2,2,0,1,2,Fixation,,,,,,,,,,,,
SV009,R,399,2,3,0,0,3,Fixation,,,,,,,,,,,,
SV009,R,400,2,0,0,0,0,Fixation,,,,,,,,,,,,
SV009,R,401,2,0,0,1,0,Fixation,,,,,,,,,,,,
SV009,R,402,2,3,1,0,3,Fixation,,,,,,,,,,,,
SV009,R,403,3,3,0,0,3,Fixation,,,,,,,,,,,,
SV009,R,404,2,3,0,1,3,Fixation,,,,,,,,,,,,
SV009,R,405,2,3,1,1,3,Fixation,,,,,,,,,,,,
SV009,R,406,3,2,0,1,2,Fixation,,,,,,,,,,,,
SV009,R,407,2,2,1,1,2,Fixation,,,,,,,,,,,,
SV009,R,408,3,0,1,0,0,Fixation,,,,,,,,,,,,
SV009,R,409,2,2,0,0,2,Fixation,,,,,,,,,,,,
SV009,R,410,2,2,1,0,2,Fixation,,,,,,,,,,,,
SV009,R,411,2,0,0,1,3,Fixation,,,,,,,,,,,,
SV009,R,412,2,2,1,1,2,Fixation,,,,,,,,,,,,
SV009,R,413,3,2,0,0,2,Fixation,,,,,,,,,,,,
SV009,R,414,2,2,0,1,2,Fixation,,,,,,,,,,,,
SV009,R,415,3,2,1,1,2,Fixation,,,,,,,,,,,,
SV009,R,416,2,3,0,0,2,Fixation,1972.65,2047.5,928.55,1044.3,824.0,872.0,726.0,,,,,
SV009,R,417,3,0,0,0,0,Fixation,,,,,,,,,,,,
SV009,R,418,3,3,0,0,3,Fixation,,,,,,,,,,,,
SV009,R,419,3,0,1,0,0,Fixation,,,,,,,,,,,,
SV009,R,420,2,0,0,1,0,Fixation,,,,,,,,,,,,
SV009,R,421,2,3,0,0,3,Fixation,,,,,,,,,,,,
SV009,R,422,2,2,0,0,2,Fixation,,,,,,,,,,,,
SV009,R,423,3,2,1,0,2,Fixation,,,,,,,,,,,,
SV009,R,424,2,0,1,1,0,Fixation,,,,,,,,,,,,
SV009,R,425,2,3,1,1,3,Fixation,,,,,,,,,,,,
SV009,R,426,2,0,1,1,0,Fixation,,,,,,,,,,,,
SV009,R,427,2,2,0,0,2,Fixation,,,,,,,,,,,,
SV009,R,428,3,0,1,1,0,Fixation,,,,,,,,,,,,
SV009,R,429,2,2,1,1,2,Fixation,,,,,,,,,,,,
SV009,R,430,2,3,1,0,3,Fixation,,,,,,,,,,,,
SV009,R,431,2,2,0,1,2,Fixation,,,,,,,,,,,,
SV009,R,432,3,0,1,1,0,Fixation,,,,,,,,,,,,
SV009,R,433,3,0,0,1,0,Fixation,,,,,,,,,,,,
SV009,R,434,3,2,1,0,2,Fixation,,,,,,,,,,,,
SV009,R,435,3,3,1,0,3,Fixation,,,,,,,,,,,,
SV009,R,436,3,0,1,0,0,Fixation,,,,,,,,,,,,
SV009,R,437,3,0,1,0,0,Fixation,,,,,,,,,,,,
SV009,R,438,2,3,1,1,3,Fixation,,,,,,,,,,,,
SV009,R,439,2,0,0,1,0,Fixation,,,,,,,,,,,,
SV009,R,440,2,3,1,0,3,Fixation,,,,,,,,,,,,
SV009,R,441,3,0,0,0,0,Fixation,,,,,,,,,,,,
SV009,R,442,2,2,1,1,2,Fixation,,,,,,,,,,,,
SV009,R,443,3,3,0,1,3,Fixation,,,,,,,,,,,,
SV009,R,444,3,3,1,1,3,Fixation,,,,,,,,,,,,
SV009,R,445,3,2,0,0,2,Fixation,,,,,,,,,,,,
SV009,R,446,2,2,1,0,2,Fixation,,,,,,,,,,,,
SV009,R,447,2,3,1,1,3,Fixation,,,,,,,,,,,,
SV009,R,448,3,3,1,0,3,Fixation,,,,,,,,,,,,
SV009,R,449,2,0,0,0,0,Fixation,,,,,,,,,,,,
SV009,R,450,3,2,0,1,2,Fixation,,,,,,,,,,,,
SV009,R,451,3,0,0,0,0,Fixation,,,,,,,,,,,,
SV009,R,452,3,0,0,0,0,Fixation,,,,,,,,,,,,
SV009,R,453,2,3,0,1,3,Fixation,,,,,,,,,,,,
SV009,R,454,3,0,0,0,0,Fixation,,,,,,,,,,,,
SV009,R,455,3,0,1,0,0,Fixation,,,,,,,,,,,,
SV009,R,456,2,0,1,0,0,Fixation,,,,,,,,,,,,
SV009,R,457,3,0,1,1,0,Fixation,,,,,,,,,,,,
SV009,R,458,2,2,0,1,2,Fixation,,,,,,,,,,,,
SV009,R,459,3,0,0,1,0,Fixation,,,,,,,,,,,,
SV009,R,460,2,3,0,1,3,Fixation,,,,,,,,,,,,
SV009,R,461,2,2,1,1,3,Fixation,,,,,,,,,,,,
SV009,R,462,2,0,1,0,0,Fixation,,,,,,,,,,,,
SV009,R,463,3,2,1,1,3,Fixation,,,,,,,,,,,,
SV009,R,464,3,2,0,1,3,Fixation,,,,,,,,,,,,
SV009,R,465,3,0,1,1,0,Fixation,,,,,,,,,,,,
SV009,R,466,2,3,0,1,1,Fixation,,,,,,,,,,,,
SV009,R,467,3,0,1,1,0,Fixation,,,,,,,,,,,,
SV009,R,468,2,2,1,0,3,Fixation,,,,,,,,,,,,
SV009,R,469,3,0,1,1,0,Fixation,,,,,,,,,,,,
SV009,R,470,2,2,1,1,3,Fixation,,,,,,,,,,,,
SV009,R,471,2,0,1,1,0,Fixation,1976.6,1976.6,568.5,568.5,595.0,595.0,224.0,,,,,
SV009,R,472,3,0,1,1,0,Fixation,,,,,,,,,,,,
SV009,R,473,2,3,1,1,1,Fixation,,,,,,,,,,,,
SV009,R,474,2,2,0,0,3,Fixation,,,,,,,,,,,,
SV009,R,475,2,3,0,0,1,Fixation,,,,,,,,,,,,
SV009,R,476,2,3,1,0,1,Fixation,,,,,,,,,,,,
SV009,R,477,3,0,0,1,0,Fixation,,,,,,,,,,,,
SV009,R,478,2,3,0,1,1,Fixation,,,,,,,,,,,,
SV009,R,479,3,0,0,0,0,Fixation,,,,,,,,,,,,
SV009,R,480,3,2,1,0,3,Fixation,,,,,,,,,,,,
SV009,L,1,2,0,0,0,1,Stimulus,2183.5272727272727,2936.0,1146.490909090909,1479.8,730.6363636363636,887.0,745.0909090909091,,,,,
SV009,L,2,2,2,0,1,1,Stimulus,1638.6499999999999,2234.7,1251.1,1548.6,766.5,814.0,146.0,,,,,
SV009,L,3,2,3,0,1,2,Stimulus,1641.1,1928.3,1113.0,1125.7,824.5,838.0,3958.0,,,,,
SV009,L,4,2,3,0,1,3,Stimulus,1846.1,2047.6,1025.04,1135.9,826.0,932.0,657.6,,,,,
SV009,L,5,3,3,1,1,2,Stimulus,1626.8333333333333,1907.6,1103.7333333333333,1161.9,648.3333333333334,773.0,1509.3333333333333,,,,,
SV009,L,6,3,2,0,1,2,Stimulus,1291.4971830985917,2445.3,1235.287323943662,3270.0,802.8028169014085,971.0,301.2957746478873,,,,,
SV009,L,7,3,3,1,1,2,Stimulus,1225.16,1790.2,1213.8600000000001,1281.2,694.2,805.0,352.0,,,,,
SV009,L,8,2,0,0,1,2,Stimulus,1379.22,1899.0,1097.4,1221.7,745.4,841.0,444.0,1.3,1.3,91.0,91.0,20.0
SV009,L,9,2,3,1,0,2,Stimulus,2507.671428571429,2836.1,1279.7428571428572,1384.6,586.1428571428571,754.0,180.57142857142858,,,,,
SV009,L,10,2,3,1,0,2,Stimulus,2366.55,2713.4,1225.85,1346.4,485.0,523.0,428.0,,,,,
SV009,L,11,3,0,1,1,2,Stimulus,1131.6166666666666,1582.6,1236.6499999999999,1290.6,701.5833333333334,799.0,233.33333333333334,,,,,
SV009,L,12,3,2,1,1,1,Stimulus,887.825,949.1,1303.725,1324.0,701.75,733.0,645.0,,,,,
SV009,L,13,3,0,1,0,3,Stimulus,2724.6857142857143,3026.0,1353.0714285714287,1421.5,594.0,662.0,406.2857142857143,,,,,
SV009,L,14,3,3,0,0,3,Stimulus,2531.85,2933.1,1130.1999999999998,1180.6,508.0,530.0,452.0,,,,,
SV009,L,15,3,2,0,1,2,Stimulus,1170.08,1778.5,1154.1200000000001,1205.8,645.8,823.0,203.2,,,,,
SV009,L,16,2,0,0,1,3,Stimulus,1342.3333333333333,1968.1,1124.2666666666667,1160.6,685.3333333333334,805.0,405.3333333333333,,,,,
SV009,L,17,2,0,0,1,3,Stimulus,1586.9666666666665,1969.9,1118.0333333333333,1177.3,618.3333333333334,644.0,456.0,,,,,
SV009,L,18,2,3,1,1,2,Stimulus,919.9749999999999,1071.1,1228.9,1244.8,574.0,666.0,301.0,,,,,
SV009,L,19,3,2,0,0,3,Stimulus,2917.5,2967.4,1145.325,1260.9,560.0,662.0,421.0,,,,,
SV009,L,20,3,0,1,0,2,Stimulus,2819.6,2819.6,1299.6,1299.6,538.0,538.0,1120.0,,,,,
SV009,L,21,3,2,1,0,2,Stimulus,2758.7,2758.7,1367.6,1367.6,477.0,477.0,480.0,,,,,
SV009,L,22,3,3,0,1,3,Stimulus,997.4375,1029.8,1274.3125,1570.7,697.5,781.0,336.0,,,,,
SV009,L,23,2,2,0,0,2,Stimulus,2774.7799999999997,2985.5,1315.8600000000001,1481.4,545.6,624.0,346.4,,,,,
SV009,L,24,3,3,1,0,3,Stimulus,2716.2599999999998,3025.4,1337.76,1402.3,534.0,599.0,318.4,,,,,
SV009,L,25,3,2,1,0,2,Stimulus,2806.2,2807.3,1327.45,1336.0,538.5,622.0,344.0,,,,,
SV009,L,26,2,2,1,1,1,Stimulus,1266.6142857142856,1919.1,1215.2571428571428,1330.7,661.4285714285714,718.0,340.57142857142856,,,,,
SV009,L,27,3,0,1,1,1,Stimulus,1005.65,1065.5,1296.4,1299.6,519.0,556.0,418.0,,,,,
SV009,L,28,2,2,1,1,1,Stimulus,1179.35,1462.6,1187.9499999999998,1253.8,702.0,821.0,564.0,,,,,
SV009,L,29,2,2,0,0,2,Stimulus,2583.442857142857,2962.8,1267.1285714285714,1447.3,672.4285714285714,775.0,212.57142857142858,,,,,
SV009,L,30,3,0,0,1,2,Stimulus,1259.0,1925.9,1181.85,1374.2,654.625,755.0,540.5,,,,,
SV009,L,31,3,2,0,0,2,Stimulus,2674.3,2932.2,1291.1,1473.0,642.4,764.0,283.2,,,,,
SV009,L,32,2,0,0,1,2,Stimulus,1287.6833333333334,1857.1,1142.3,1343.6,662.1666666666666,779.0,224.66666666666666,,,,,
SV009,L,33,2,0,1,1,1,Stimulus,941.55,962.8,1206.1,1274.2,693.5,770.0,1082.0,,,,,
SV009,L,34,2,0,0,1,2,Stimulus,985.2666666666668,1012.1,1145.8666666666666,1186.8,678.6666666666666,758.0,550.6666666666666,,,,,
SV009,L,35,3,3,0,0,3,Stimulus,2718.875,3003.6,1198.425,1254.1,594.5,703.0,517.0,,,,,
SV009,L,36,2,3,0,0,3,Stimulus,2817.433333333333,2940.2,1212.9333333333334,1269.8,693.0,764.0,673.3333333333334,,,,,
SV009,L,37,3,0,0,1,3,Stimulus,1030.0,1036.4,1190.1000000000001,1301.4,737.0,783.0,661.3333333333334,,,,,
SV009,L,38,2,2,0,0,3,Stimulus,2894.325,2949.5,1163.225,1297.2,674.5,782.0,721.0,,,,,
SV009,L,39,3,2,0,0,3,Stimulus,2684.725,2960.6,1197.425,1269.2,645.5,741.0,492.0,,,,,
SV009,L,40,3,0,1,0,3,Stimulus,2488.7,2888.0,1255.06,1349.2,658.4,814.0,364.0,,,,,
SV009,L,41,2,3,0,1,1,Stimulus,1004.0999999999999,1012.8,1146.25,1146.6,670.0,703.0,1380.0,,,,,
SV009,L,42,2,3,0,1,3,Stimulus,1011.1999999999999,1027.1,1262.25,1406.3,579.0,621.0,662.0,,,,,
SV009,L,43,2,0,0,0,3,Stimulus,2906.3500000000004,2938.4,1196.65,1271.4,494.5,509.0,634.0,,,,,
SV009,L,44,2,3,1,0,3,Stimulus,2482.78,2757.5,1278.28,1366.5,595.0,740.0,364.8,,,,,
SV009,L,45,3,0,1,1,1,Stimulus,1085.5,1713.5,1253.8200000000002,1329.4,639.8,763.0,196.8,,,,,
SV009,L,46,2,2,1,0,2,Stimulus,2581.585714285714,2867.7,1293.8999999999999,1372.7,574.8571428571429,706.0,272.0,,,,,
SV009,L,47,2,3,0,0,3,Stimulus,2811.125,2976.4,1199.3999999999999,1259.1,621.25,698.0,496.0,,,,,
SV009,L,48,2,3,0,1,3,Stimulus,1036.9,1068.8,1152.0,1293.2,649.0,732.0,594.0,,,,,
SV009,L,49,3,0,0,0,3,Stimulus,2759.1,2936.7,1193.7,1306.1,552.75,668.0,353.0,,,,,
SV009,L,50,3,2,1,1,1,Stimulus,1118.56,1840.6,1206.54,1286.1,662.8,737.0,356.8,,,,,
SV009,L,51,2,0,0,0,3,Stimulus,2557.375,2935.6,1170.35,1292.9,550.75,734.0,447.0,,,,,
SV009,L,52,3,3,0,0,3,Stimulus,2617.1400000000003,2903.7,1151.98,1399.4,613.6,738.0,273.6,,,,,
SV009,L,53,2,2,1,0,2,Stimulus,2803.4750000000004,2918.9,1363.425,1410.0,574.5,731.0,513.0,,,,,
SV009,L,54,2,0,0,1,2,Stimulus,1069.7,1149.1,1108.8333333333333,1141.1,637.0,714.0,460.0,,,,,
SV009,L,55,2,2,0,1,3,Stimulus,1388.84,1820.4,1129.6399999999999,1175.2,618.8,717.0,654.4,,,,,
SV009,L,56,3,2,0,1,2,Stimulus,1084.0500000000002,1137.2,1094.85,1097.2,667.0,758.0,898.0,,,,,
SV009,L,57,2,0,1,0,2,Stimulus,2525.8625,2856.9,1303.2,1418.1,598.5,732.0,441.5,,,,,
SV009,L,58,3,2,1,0,2,Stimulus,2572.6400000000003,2967.6,1278.92,1399.4,596.4,729.0,580.0,,,,,
SV009,L,59,3,2,0,1,2,Stimulus,1034.2,1034.2,1140.3,1140.3,659.0,659.0,1984.0,,,,,
SV009,L,60,3,3,0,1,3,Stimulus,1324.3272727272727,1935.3,1191.090909090909,1334.3,700.9090909090909,782.0,510.54545454545456,,,,,
SV009,L,61,2,0,1,1,1,Stimulus,1157.8333333333333,1589.9,1200.6333333333334,1253.7,666.6666666666666,811.0,394.6666666666667,,,,,
SV009,L,62,2,3,1,0,3,Stimulus,2870.566666666667,2980.8,1365.6666666666667,1402.1,611.1666666666666,683.0,512.0,,,,,
SV009,L,63,2,0,0,0,2,Stimulus,2813.775,2962.2,1247.3875,1538.8,598.0,689.0,352.5,,,,,
SV009,L,64,2,2,1,1,1,Stimulus,1208.95,1915.5,1208.75,1280.6,656.0,759.0,303.0,,,,,
SV009,L,65,3,3,1,0,3,Stimulus,2612.1,2804.8,1313.3833333333334,1399.5,591.5,710.0,327.3333333333333,,,,,
SV009,L,66,3,0,0,0,3,Stimulus,2560.2599999999998,2962.1,1161.2649999999999,1379.1,614.85,707.0,383.2,,,,,
SV009,L,67,3,2,1,1,1,Stimulus,900.7,931.2,1237.15,1266.1,720.0,797.0,810.0,,,,,
SV009,L,68,2,2,1,1,1,Stimulus,895.575,962.4,1262.075,1289.4,572.25,699.0,307.0,,,,,
SV009,L,69,2,2,1,1,1,Stimulus,910.6,910.6,1216.4,1216.4,540.0,540.0,1232.0,,,,,
SV009,L,70,2,3,0,1,1,Stimulus,1251.15,1829.3,990.575,1209.3,538.75,567.0,266.0,,,,,
SV009,L,71,2,2,0,1,2,Stimulus,1472.1,2068.0,1124.0,1176.2,608.0,747.0,639.0,0.8,0.8,73.0,73.0,16.0
SV009,L,72,3,0,1,0,2,Stimulus,2464.88,2707.4,1269.58,1364.8,652.4,722.0,530.4,1.5,1.5,106.0,106.0,20.0
SV009,L,73,3,3,0,1,2,Stimulus,1147.1,1267.1,1088.15,1124.0,669.5,719.0,868.0,,,,,
SV009,L,74,2,2,1,0,2,Stimulus,2458.325,2717.9,1213.925,1305.2,645.0,741.0,386.0,,,,,
SV009,L,75,3,0,0,1,2,Stimulus,1074.8,1464.2,1133.44,1176.6,699.6,732.0,291.2,,,,,
SV009,L,76,3,2,1,1,1,Stimulus,961.5,984.0,1188.95,1221.2,689.5,750.0,826.0,,,,,
SV009,L,77,3,0,1,1,1,Stimulus,1055.0666666666666,1163.5,1173.8,1258.8,686.3333333333334,788.0,428.0,,,,,
SV009,L,78,3,2,0,0,3,Stimulus,2571.2200000000003,2934.0,1153.52,1224.4,614.2,746.0,416.0,,,,,
SV009,L,79,2,0,0,0,1,Stimulus,2466.0,2805.7,1117.85,1164.1,512.5,547.0,496.0,,,,,
SV009,L,80,3,3,0,0,3,Stimulus,,,,,,,,,,,,
SV009,L,81,2,3,1,1,1,Stimulus,839.5,1039.9,1233.35,1297.5,745.5,817.0,316.0,,,,,
SV009,L,82,2,0,1,1,1,Stimulus,1457.375,2115.1,1191.2,1314.9,593.75,705.0,225.0,,,,,
SV009,L,83,3,2,0,0,2,Stimulus,2936.9333333333334,2977.9,1234.9333333333334,1380.5,619.4444444444445,756.0,362.6666666666667,,,,,
SV009,L,84,2,2,0,0,2,Stimulus,2650.933333333333,2968.7,1269.6666666666667,1436.2,595.6666666666666,650.0,392.0,,,,,
SV009,L,85,3,2,1,0,3,Stimulus,2802.225,2882.6,1309.7,1355.7,629.5,756.0,509.0,,,,,
SV009,L,86,2,3,1,0,3,Stimulus,2627.475,2947.6,1296.8,1360.4,656.0,740.0,363.0,,,,,
SV009,L,87,3,0,0,0,3,Stimulus,2776.6875,2967.5,1241.2125,1448.9,612.625,770.0,277.0,,,,,
SV009,L,88,3,2,1,0,2,Stimulus,2522.7999999999997,2808.0,1268.3,1335.1,622.3333333333334,721.0,404.0,,,,,
SV009,L,89,2,3,1,0,2,Stimulus,2715.6,2715.6,1329.8,1329.8,558.0,558.0,848.0,,,,,
SV009,L,90,2,2,1,0,2,Stimulus,2618.56,2808.0,1284.9,1373.1,576.8,602.0,327.2,,,,,
SV009,L,91,2,0,1,0,3,Stimulus,2614.55,2634.0,1315.75,1317.2,654.5,767.0,546.0,,,,,
SV009,L,92,3,3,1,1,2,Stimulus,1279.9875,2089.0,1251.2875,1331.1,698.0,780.0,409.0,0.7,0.7,62.0,62.0,16.0
SV009,L,93,2,0,0,0,2,Stimulus,2727.8777777777777,2964.1,1172.0111111111112,1494.4,643.0555555555555,771.0,331.1111111111111,,,,,
SV009,L,94,2,2,0,0,2,Stimulus,2513.9666666666667,2929.6,1105.4333333333334,1172.9,646.3333333333334,773.0,381.3333333333333,,,,,
SV009,L,95,2,3,1,1,1,Stimulus,881.0571428571428,995.6,1230.5714285714287,1283.9,695.2857142857143,776.0,328.57142857142856,,,,,
SV009,L,96,2,3,1,1,1,Stimulus,980.0333333333333,1122.4,1237.5333333333333,1284.3,624.6666666666666,810.0,266.6666666666667,,,,,
SV009,L,97,2,2,1,0,2,Stimulus,2537.2200000000003,2804.1,1253.36,1395.1,626.2,742.0,299.2,,,,,
SV009,L,98,3,2,1,1,1,Stimulus,1208.7666666666667,1738.6,1178.7,1231.1,714.0,782.0,390.6666666666667,,,,,
SV009,L,99,3,3,0,1,2,Stimulus,1004.0,1026.6,1208.2,1256.9,631.5,682.0,662.0,,,,,
SV009,L,100,2,0,0,1,1,Stimulus,1208.9333333333334,1595.5,1133.0666666666666,1194.3,694.6666666666666,796.0,365.3333333333333,,,,,
SV009,L,101,2,2,1,1,1,Stimulus,1220.75,1734.5,1230.8,1271.7,635.25,798.0,334.0,,,,,
SV009,L,102,3,2,0,1,2,Stimulus,1102.8666666666666,1245.8,1133.0333333333335,1218.5,718.0,795.0,436.0,,,,,
SV009,L,103,3,2,1,1,1,Stimulus,989.05,1054.2,1242.75,1280.8,668.5,772.0,768.0,,,,,
SV009,L,104,3,3,0,0,2,Stimulus,2469.6400000000003,2933.5,1197.5,1262.1,635.8,743.0,512.0,,,,,
SV009,L,105,2,2,0,1,1,Stimulus,1397.95,1733.9,1130.0,1132.0,760.5,783.0,456.0,,,,,
SV009,L,106,3,2,0,1,2,Stimulus,1063.2,1063.2,1161.2,1161.2,518.0,518.0,592.0,,,,,
SV009,L,107,2,2,1,1,1,Stimulus,933.3,933.3,1281.8,1281.8,675.0,675.0,1424.0,,,,,
SV009,L,108,2,2,1,0,2,Stimulus,2301.34,2815.5,1225.94,1349.8,643.2,815.0,562.4,0.6,0.6,70.0,70.0,12.0
SV009,L,109,2,0,1,1,1,Stimulus,814.1999999999999,931.8,1252.6000000000001,1280.3,584.3333333333334,705.0,280.0,,,,,
SV009,L,110,3,2,1,0,2,Stimulus,2706.65,3022.1,1317.2833333333333,1431.3,652.0,730.0,334.0,,,,,
SV009,L,111,2,0,1,0,2,Stimulus,2652.2400000000002,2780.2,1310.02,1365.9,712.6,793.0,322.4,,,,,
SV009,L,112,2,0,1,1,1,Stimulus,988.875,1292.8,1252.725,1324.8,692.5,805.0,494.0,,,,,
SV009,L,113,2,0,1,1,1,Stimulus,808.9,871.8,1303.8000000000002,1304.9,489.0,510.0,352.0,,,,,
SV009,L,114,2,0,1,1,1,Stimulus,767.4,767.4,1252.5,1252.5,654.0,654.0,824.0,,,,,
SV009,L,115,2,3,0,1,2,Stimulus,1092.025,1319.8,1112.125,1140.1,688.5,800.0,356.0,,,,,
SV009,L,116,2,3,0,0,2,Stimulus,2908.116666666667,3081.9,1275.6666666666667,1456.0,670.5,775.0,226.66666666666666,,,,,
SV009,L,117,3,2,0,1,2,Stimulus,1417.54,1973.3,1120.0,1220.5,660.0,766.0,663.2,,,,,
SV009,L,118,2,2,0,1,2,Stimulus,,,,,,,,,,,,
SV009,L,119,2,3,0,0,2,Stimulus,2650.8333333333335,2967.5,1189.8833333333334,1392.3,605.8333333333334,698.0,407.3333333333333,,,,,
SV009,L,120,2,0,1,0,3,Stimulus,2697.9,2841.5,1318.2,1377.8,678.25,796.0,364.0,,,,,
SV009,L,121,3,2,0,0,2,Stimulus,2856.2666666666664,2943.1,1328.0666666666666,1510.3,680.0,782.0,380.6666666666667,,,,,
SV009,L,122,2,3,1,1,1,Stimulus,871.4333333333334,1036.7,1233.8666666666666,1281.5,716.6666666666666,813.0,489.3333333333333,,,,,
SV009,L,123,3,3,0,1,3,Stimulus,1172.3166666666666,1999.8,1150.8333333333333,1233.5,709.8333333333334,771.0,566.0,,,,,
SV009,L,124,3,2,1,1,1,Stimulus,759.9666666666667,846.4,1285.4666666666667,1299.5,729.6666666666666,810.0,453.3333333333333,,,,,
SV009,L,125,2,0,1,1,1,Stimulus,,,,,,,,,,,,
SV009,L,126,3,3,1,0,3,Stimulus,2871.2833333333333,3016.9,1319.8,1396.9,690.0,756.0,421.3333333333333,,,,,
SV009,L,127,3,0,0,0,3,Stimulus,2896.0,2952.5,1262.1,1314.5,638.25,755.0,453.0,,,,,
SV009,L,128,2,3,0,1,3,Stimulus,1555.575,2101.4,1157.525,1242.5,648.5,768.0,509.0,,,,,
SV009,L,129,2,3,1,1,1,Stimulus,947.1999999999999,988.8,1235.1000000000001,1296.7,642.3333333333334,771.0,529.3333333333334,,,,,
SV009,L,130,3,3,0,1,3,Stimulus,1026.1,1031.0,1305.6,1413.8,620.0,749.0,414.0,,,,,
SV009,L,131,2,2,0,0,2,Stimulus,2610.7999999999997,2939.0,1188.6833333333332,1286.6,668.1666666666666,753.0,446.6666666666667,,,,,
SV009,L,132,2,3,0,0,2,Stimulus,2677.7,2956.4,1242.575,1421.3,604.75,712.0,399.0,,,,,
SV009,L,133,3,3,0,1,3,Stimulus,1018.3,1021.8,1156.25,1169.3,713.0,800.0,1030.0,,,,,
SV009,L,134,3,3,1,0,3,Stimulus,2798.7714285714287,3023.3,1375.4142857142856,1417.9,693.5714285714286,760.0,414.85714285714283,,,,,
SV009,L,135,2,2,0,1,2,Stimulus,1035.44,1144.3,1218.1399999999999,1309.6,757.0,823.0,512.0,,,,,
SV009,L,136,3,2,1,0,3,Stimulus,2674.942857142857,2962.6,1294.2857142857142,1386.4,709.4285714285714,793.0,520.5714285714286,,,,,
SV009,L,137,3,0,1,0,3,Stimulus,2816.1,2867.4,1341.2,1360.9,712.6666666666666,808.0,401.3333333333333,,,,,
SV009,L,138,3,0,1,1,1,Stimulus,888.8,1020.3,1281.7,1311.8,681.0,799.0,392.0,,,,,
SV009,L,139,2,0,1,0,3,Stimulus,2600.4666666666667,2795.4,1252.7333333333333,1335.8,713.3333333333334,763.0,589.3333333333334,,,,,
SV009,L,140,2,3,1,1,1,Stimulus,1156.98,1929.8,1207.56,1290.2,788.0,851.0,339.2,,,,,
SV009,L,141,2,2,0,0,2,Stimulus,2855.82,2935.4,1282.48,1554.8,594.4,725.0,510.4,5.7,5.7,220.0,220.0,36.0
SV009,L,142,2,2,1,0,3,Stimulus,2526.414285714286,3025.4,1260.7142857142858,1408.5,688.5714285714286,777.0,398.2857142857143,,,,,
SV009,L,143,3,3,0,0,2,Stimulus,2678.4875,2938.8,1201.05,1632.2,666.125,810.0,310.0,,,,,
SV009,L,144,2,0,1,0,3,Stimulus,2702.0333333333333,2976.0,1324.9166666666667,1397.9,613.3333333333334,823.0,357.3333333333333,,,,,
SV009,L,145,2,0,1,0,3,Stimulus,2351.366666666667,2752.9,1233.6333333333334,1352.9,669.3333333333334,765.0,644.0,,,,,
SV009,L,146,2,0,1,1,1,Stimulus,922.9666666666667,1083.5,1234.7666666666667,1268.4,655.0,745.0,300.0,,,,,
SV009,L,147,3,3,1,0,3,Stimulus,2441.508333333333,3001.6,1272.8833333333334,1465.2,598.5833333333334,742.0,291.3333333333333,,,,,
SV009,L,148,3,0,0,1,3,Stimulus,1149.8666666666666,1883.3,1140.3333333333333,1204.5,664.5,736.0,374.0,,,,,
SV009,L,149,3,0,0,0,3,Stimulus,2814.06,2955.1,1178.1200000000001,1456.3,629.0,748.0,462.4,,,,,
SV009,L,150,3,3,0,1,3,Stimulus,1115.075,1416.2,1137.675,1274.1,677.25,756.0,455.0,,,,,
SV009,L,151,3,3,1,0,3,Stimulus,1966.2272727272727,2847.6,1516.7,2171.9,646.4545454545455,795.0,326.54545454545456,,,,,
SV009,L,152,2,2,0,0,2,Stimulus,2842.7625,2951.7,1305.8125,1548.4,610.875,739.0,300.0,,,,,
SV009,L,153,2,2,1,1,1,Stimulus,899.6,930.7,1272.9,1287.3,612.5,732.0,454.0,,,,,
SV009,L,154,3,3,1,1,1,Stimulus,1438.08,1947.5,1173.1200000000001,1282.6,637.4,730.0,276.0,,,,,
SV009,L,155,3,3,1,1,1,Stimulus,966.9,966.9,1346.4,1346.4,477.0,477.0,336.0,,,,,
SV009,L,156,3,0,0,0,3,Stimulus,2753.9500000000003,2941.3,1206.2333333333333,1290.6,597.3333333333334,679.0,328.6666666666667,,,,,
SV009,L,157,3,0,0,0,3,Stimulus,2851.7999999999997,2944.0,1173.4333333333334,1232.0,600.3333333333334,731.0,509.3333333333333,,,,,
SV009,L,158,2,0,1,0,2,Stimulus,2650.06,2839.9,1291.24,1368.9,599.2,685.0,311.2,,,,,
SV009,L,159,3,2,1,1,1,Stimulus,835.35,841.5,1287.3,1327.1,612.5,695.0,744.0,,,,,
SV009,L,160,2,2,0,1,2,Stimulus,1071.95,1139.3,1116.3,1121.6,651.0,746.0,786.0,,,,,
SV009,L,161,3,3,0,1,2,Stimulus,1159.15,1579.1,1101.275,1139.4,686.25,759.0,436.0,,,,,
SV009,L,162,2,0,1,0,2,Stimulus,2762.95,2784.6,1350.45,1385.4,599.0,700.0,636.0,,,,,
SV009,L,163,3,0,0,1,2,Stimulus,983.55,998.5,1096.5,1114.7,696.0,794.0,778.0,,,,,
SV009,L,164,3,2,0,1,1,Stimulus,1412.0500000000002,1790.7,1087.3,1098.3,709.0,724.0,976.0,,,,,
SV009,L,165,2,0,0,0,2,Stimulus,2825.8,2928.4,1248.8200000000002,1640.8,649.8,778.0,329.6,,,,,
SV009,L,166,3,3,0,0,4,Stimulus,2748.5,2954.8,1283.05,1595.0,700.0,743.0,460.6666666666667,,,,,
SV009,L,167,3,0,0,1,3,Stimulus,1144.2166666666667,2000.2,1147.6166666666666,1278.6,714.3333333333334,789.0,288.6666666666667,,,,,
SV009,L,168,2,3,0,1,2,Stimulus,1156.8142857142857,1950.5,1303.6571428571428,1549.4,741.2857142857143,786.0,609.1428571428571,,,,,
SV009,L,169,2,0,0,0,2,Stimulus,2895.825,2972.6,1206.85,1463.1,678.25,806.0,527.0,,,,,
SV009,L,170,3,3,1,1,1,Stimulus,944.7,971.0,1277.8,1320.6,770.0,816.0,732.0,,,,,
SV009,L,171,3,0,1,1,2,Stimulus,1084.0066666666667,1900.4,1418.8733333333332,2296.6,749.8,813.0,342.4,,,,,
SV009,L,172,3,3,0,0,2,Stimulus,2557.2444444444445,2947.2,1221.1666666666667,1470.6,730.4444444444445,785.0,398.6666666666667,,,,,
SV009,L,173,2,2,0,0,2,Stimulus,2877.633333333333,2941.7,1277.4333333333334,1363.0,749.0,818.0,541.3333333333334,,,,,
SV009,L,174,3,2,0,0,2,Stimulus,2928.45,2951.6,1259.1999999999998,1337.6,595.0,615.0,650.0,,,,,
SV009,L,175,2,0,0,1,0,Stimulus,1511.5045454545455,2199.8,796.6,1320.0,677.1363636363636,839.0,310.0,,,,,
SV009,L,176,2,2,1,1,1,Stimulus,1135.6571428571428,1841.8,1236.3857142857144,1337.1,834.8571428571429,874.0,378.85714285714283,,,,,
SV009,L,177,3,0,1,1,1,Stimulus,1178.6,1811.3,1236.15,1315.3,764.0,860.0,252.0,,,,,
SV009,L,178,3,0,1,1,2,Stimulus,1033.05,1067.3,1290.3000000000002,1307.9,717.5,813.0,848.0,,,,,
SV009,L,179,2,3,0,0,2,Stimulus,2855.9166666666665,2949.2,1198.7166666666665,1416.3,702.1666666666666,806.0,284.0,,,,,
SV009,L,180,3,3,1,0,2,Stimulus,2544.92,2854.8,1263.3,1363.6,691.4,784.0,403.2,,,,,
SV009,L,181,2,2,0,1,1,Stimulus,1045.3999999999999,1171.2,1076.1666666666667,1094.1,702.6666666666666,784.0,374.6666666666667,,,,,
SV009,L,182,2,0,1,1,1,Stimulus,1053.0,1832.5,1261.7333333333333,1326.5,686.6666666666666,805.0,235.33333333333334,,,,,
SV009,L,183,3,0,0,0,3,Stimulus,2814.16,2965.4,1223.6200000000001,1423.6,680.4,760.0,377.6,,,,,
SV009,L,184,2,2,1,0,2,Stimulus,2673.4666666666667,2798.1,1283.2,1341.8,679.6666666666666,770.0,366.6666666666667,,,,,
SV009,L,185,3,2,1,1,2,Stimulus,821.8666666666667,893.8,1290.0,1354.6,707.6666666666666,774.0,299.3333333333333,,,,,
SV009,L,186,3,0,1,0,3,Stimulus,2780.84,2908.1,1323.46,1386.4,656.0,757.0,516.8,,,,,
SV009,L,187,3,2,1,0,2,Stimulus,2549.9,2816.9,1271.5,1369.5,646.4,750.0,295.2,,,,,
SV009,L,188,3,0,1,1,1,Stimulus,860.3,864.9,1273.25,1318.6,708.5,732.0,778.0,,,,,
SV009,L,189,2,3,0,0,2,Stimulus,2841.2799999999997,2917.7,1133.46,1360.9,684.0,771.0,322.4,,,,,
SV009,L,190,3,2,0,1,2,Stimulus,1062.3333333333333,1171.2,1218.3333333333333,1376.0,737.3333333333334,816.0,565.3333333333334,,,,,
SV009,L,191,2,3,0,0,2,Stimulus,2825.6,2953.1,1345.3666666666666,1504.8,663.8333333333334,767.0,315.3333333333333,,,,,
SV009,L,192,3,0,1,0,3,Stimulus,2748.914285714286,3088.1,1323.3999999999999,1415.1,657.7142857142857,749.0,433.14285714285717,,,,,
SV009,L,193,2,3,0,0,2,Stimulus,2766.1857142857143,2962.4,1321.7857142857142,1534.2,633.5714285714286,747.0,322.85714285714283,,,,,
SV009,L,194,2,0,0,0,3,Stimulus,2780.1428571428573,2950.3,1208.9714285714285,1351.9,655.1428571428571,728.0,465.14285714285717,,,,,
SV009,L,195,2,2,0,1,2,Stimulus,1120.0166666666667,1894.8,1192.3500000000001,1378.6,642.3333333333334,759.0,335.3333333333333,,,,,
SV009,L,196,2,3,1,0,3,Stimulus,2570.48,2839.9,1232.56,1355.0,698.2,804.0,357.6,,,,,
SV009,L,197,2,3,1,1,1,Stimulus,907.6333333333333,1021.5,1281.3333333333333,1309.2,671.6666666666666,762.0,362.6666666666667,,,,,
SV009,L,198,3,0,1,0,3,Stimulus,2766.7666666666664,2933.6,1328.2666666666667,1395.4,623.6666666666666,691.0,391.3333333333333,,,,,
SV009,L,199,3,0,0,1,3,Stimulus,1185.9,1985.0,1106.04,1169.7,632.6,735.0,339.2,,,,,
SV009,L,200,3,0,1,0,3,Stimulus,2784.475,2965.5,1322.9,1386.8,649.25,787.0,280.0,,,,,
SV009,L,201,2,2,0,0,2,Stimulus,2766.16,2959.0,1152.9599999999998,1426.0,648.0,768.0,338.4,,,,,
SV009,L,202,3,0,0,0,3,Stimulus,2570.6666666666665,2910.4,1184.7,1285.4,693.0,752.0,498.6666666666667,,,,,
SV009,L,203,3,3,0,0,3,Stimulus,,,,,,,,,,,,
SV009,L,204,3,2,1,0,2,Stimulus,2753.7999999999997,2808.0,1330.1000000000001,1378.0,711.0,798.0,389.3333333333333,,,,,
SV009,L,205,2,3,1,1,1,Stimulus,1140.625,1657.7,1213.925,1279.4,695.25,801.0,391.0,,,,,
SV009,L,206,3,3,0,1,2,Stimulus,1009.9499999999999,1059.1,1135.6,1159.6,776.5,815.0,840.0,,,,,
SV009,L,207,3,2,1,1,1,Stimulus,1301.075,1920.3,1192.9375,1334.9,742.0,851.0,239.0,,,,,
SV009,L,208,3,3,0,0,3,Stimulus,2749.1499999999996,2814.7,1094.75,1137.5,824.5,871.0,416.0,,,,,
SV009,L,209,2,2,1,1,1,Stimulus,904.8666666666667,957.2,1242.6333333333332,1277.0,767.3333333333334,845.0,534.6666666666666,,,,,
SV009,L,210,3,2,0,1,2,Stimulus,1016.0599999999998,1085.6,1090.06,1200.2,752.6,838.0,362.4,,,,,
SV009,L,211,3,0,0,0,3,Stimulus,2821.4,2903.0,1138.1000000000001,1162.0,804.0,814.0,362.6666666666667,,,,,
SV009,L,212,2,3,1,0,2,Stimulus,2778.275,2860.5,1240.125,1351.7,815.5,920.0,445.0,,,,,
SV009,L,213,2,0,1,0,2,Stimulus,2845.4,2845.4,1362.1,1362.1,639.0,639.0,744.0,,,,,
SV009,L,214,3,0,1,0,2,Stimulus,,,,,,,,,,,,
SV009,L,215,3,3,1,0,2,Stimulus,2757.2999999999997,2845.0,1248.8333333333333,1325.7,807.0,891.0,581.3333333333334,,,,,
SV009,L,216,2,3,1,1,1,Stimulus,926.8,1907.5,1259.6909090909091,1338.0,734.2727272727273,870.0,358.54545454545456,,,,,
SV009,L,217,2,3,1,0,2,Stimulus,2736.325,2952.0,1231.5,1341.3,777.75,864.0,266.0,,,,,
SV009,L,218,2,3,0,1,1,Stimulus,1181.7,1860.6,1145.9,1423.1,729.2,796.0,452.8,,,,,
SV009,L,219,2,2,1,0,2,Stimulus,2603.92,2653.0,1305.2599999999998,1365.9,760.4,850.0,486.4,,,,,
SV009,L,220,3,0,1,1,1,Stimulus,849.925,1011.5,1223.625,1278.0,751.5,814.0,409.0,,,,,
SV009,L,221,3,2,0,0,2,Stimulus,2775.6,2933.3,1259.65,1458.5,651.875,788.0,304.5,8.6,8.6,277.0,277.0,44.0
SV009,L,222,2,3,1,0,2,Stimulus,2646.414285714286,2849.5,1249.642857142857,1351.1,715.7142857142857,841.0,240.0,,,,,
SV009,L,223,2,2,1,0,2,Stimulus,2540.15,2811.1,1203.05,1292.3,771.25,849.0,577.0,,,,,
SV009,L,224,3,2,1,0,3,Stimulus,2543.15,2938.1,1247.1,1355.0,766.5,916.0,400.0,,,,,
SV009,L,225,3,2,0,0,3,Stimulus,2513.2666666666664,2892.7,1092.8999999999999,1136.0,759.3333333333334,882.0,541.3333333333334,,,,,
SV009,L,226,3,0,0,1,3,Stimulus,1357.3666666666666,1915.5,1126.3,1171.7,719.3333333333334,828.0,552.0,,,,,
SV009,L,227,2,0,0,0,2,Stimulus,2838.0,2838.0,1196.9,1196.9,558.0,558.0,904.0,,,,,
SV009,L,228,2,0,0,1,2,Stimulus,996.6,1009.6,1228.75,1295.2,551.5,573.0,464.0,,,,,
SV009,L,229,3,3,1,1,1,Stimulus,1018.5,1163.2,1238.8666666666666,1308.5,759.3333333333334,820.0,393.3333333333333,,,,,
SV009,L,230,3,2,0,0,3,Stimulus,2574.475,2937.5,1129.325,1213.1,759.75,846.0,733.0,,,,,
SV009,L,231,2,2,0,1,2,Stimulus,1068.9666666666667,1290.0,1151.6000000000001,1163.2,692.3333333333334,785.0,924.0,,,,,
SV009,L,232,2,3,0,0,3,Stimulus,2792.66,2962.6,1081.7,1233.0,726.8,807.0,398.4,,,,,
SV009,L,233,3,0,0,1,3,Stimulus,1027.75,1051.2,1176.9,1208.6,613.5,646.0,534.0,,,,,
SV009,L,234,2,0,0,1,3,Stimulus,1024.5,1061.1,1167.6,1218.8,659.5,769.0,514.0,,,,,
SV009,L,235,3,3,1,1,1,Stimulus,966.0,966.0,1275.9,1275.9,580.0,580.0,568.0,,,,,
SV009,L,236,3,0,0,1,2,Stimulus,928.2333333333332,976.9,1152.7333333333333,1185.3,739.0,782.0,312.0,,,,,
SV009,L,237,3,3,1,1,3,Stimulus,1399.4666666666665,2098.3,1179.3416666666667,1413.0,685.1666666666666,801.0,378.6666666666667,,,,,
SV009,L,238,3,3,1,0,3,Stimulus,2530.9,2887.3,1264.7166666666667,1394.8,709.8333333333334,826.0,337.3333333333333,,,,,
SV009,L,239,3,3,1,1,1,Stimulus,955.8333333333334,1137.0,1236.7,1303.0,744.3333333333334,810.0,393.3333333333333,,,,,
SV009,L,240,3,3,1,0,2,Stimulus,2034.1904761904761,3270.0,1255.0761904761905,3270.0,709.3809523809524,897.0,233.20634920634922,,,,,
SV009,L,241,2,3,0,0,3,Stimulus,1754.2600000000002,2073.3,810.48,1569.8,740.8,863.0,212.0,,,,,
SV009,L,242,2,2,0,0,2,Stimulus,1914.7666666666667,1928.3,636.3666666666667,857.8,737.0,766.0,258.6666666666667,,,,,
SV009,L,243,2,3,0,0,3,Stimulus,,,,,,,,,,,,
SV009,L,244,2,0,1,0,0,Stimulus,,,,,,,,,,,,
SV009,L,245,3,0,0,1,0,Stimulus,,,,,,,,,,,,
SV009,L,246,2,0,0,0,0,Stimulus,,,,,,,,,,,,
SV009,L,247,2,0,1,1,0,Stimulus,1910.7,1910.7,428.0,428.0,690.0,690.0,116.0,,,,,
SV009,L,248,3,2,1,0,2,Stimulus,,,,,,,,,,,,
SV009,L,249,3,2,1,0,2,Stimulus,,,,,,,,,,,,
SV009,L,250,2,0,0,1,0,Stimulus,1923.2,1923.2,1109.2,1109.2,721.0,721.0,608.0,,,,,
SV009,L,251,3,2,0,1,2,Stimulus,1925.0,1925.0,1135.5,1135.5,961.0,961.0,292.0,,,,,
SV009,L,252,3,2,1,1,2,Stimulus,,,,,,,,,,,,
SV009,L,253,3,3,1,1,3,Stimulus,1920.3333333333333,2006.0,1220.9333333333334,1718.2,823.6666666666666,832.0,306.6666666666667,,,,,
SV009,L,254,2,0,1,0,0,Stimulus,,,,,,,,,,,,
SV009,L,255,2,2,1,1,2,Stimulus,,,,,,,,,,,,
SV009,L,256,3,2,1,0,2,Stimulus,,,,,,,,,,,,
SV009,L,257,2,2,0,0,2,Stimulus,,,,,,,,,,,,
SV009,L,258,2,0,0,1,0,Stimulus,1938.7,1940.0,961.95,1037.5,832.5,839.0,456.0,,,,,
SV009,L,259,2,2,1,1,2,Stimulus,,,,,,,,,,,,
SV009,L,260,3,0,1,1,0,Stimulus,,,,,,,,,,,,
SV009,L,261,2,0,0,0,0,Stimulus,1925.02,1999.3,766.58,1084.1,854.4,879.0,390.4,,,,,
SV009,L,262,3,3,0,0,3,Stimulus,,,,,,,,,,,,
SV009,L,263,3,3,0,1,3,Stimulus,,,,,,,,,,,,
SV009,L,264,2,3,0,1,3,Stimulus,1895.4,1895.4,1005.1,1005.1,952.0,952.0,516.0,,,,,
SV009,L,265,3,2,0,1,2,Stimulus,1926.6333333333334,1982.4,872.4666666666666,1091.3,825.5,871.0,345.3333333333333,,,,,
SV009,L,266,3,2,0,1,2,Stimulus,1957.5,1957.5,967.5,967.5,921.0,921.0,792.0,,,,,
SV009,L,267,2,0,0,0,0,Stimulus,,,,,,,,,,,,
SV009,L,268,3,3,0,1,3,Stimulus,1931.9,1931.9,921.7,921.7,956.0,956.0,384.0,,,,,
SV009,L,269,2,3,1,0,3,Stimulus,,,,,,,,,,,,
SV009,L,270,3,2,1,0,2,Stimulus,,,,,,,,,,,,
SV009,L,271,3,0,1,0,0,Stimulus,,,,,,,,,,,,
SV009,L,272,3,3,1,0,3,Stimulus,,,,,,,,,,,,
SV009,L,273,3,2,1,0,2,Stimulus,,,,,,,,,,,,
SV009,L,274,3,0,1,1,0,Stimulus,,,,,,,,,,,,
SV009,L,275,3,0,0,0,0,Stimulus,,,,,,,,,,,,
SV009,L,276,2,2,1,0,2,Stimulus,,,,,,,,,,,,
SV009,L,277,3,0,1,1,0,Stimulus,,,,,,,,,,,,
SV009,L,278,2,0,1,0,0,Stimulus,,,,,,,,,,,,
SV009,L,279,2,3,0,0,3,Stimulus,2031.6999999999998,2145.2,1037.5,1096.6,911.5,974.0,678.0,,,,,
SV009,L,280,2,2,0,1,2,Stimulus,1992.5714285714287,2044.6,992.8857142857144,1475.6,779.0,905.0,273.7142857142857,,,,,
SV009,L,281,2,3,1,1,3,Stimulus,1919.9,1919.9,997.7,997.7,823.0,823.0,808.0,,,,,
SV009,L,282,3,2,0,0,2,Stimulus,,,,,,,,,,,,
SV009,L,283,3,2,0,1,2,Stimulus,1810.8,1810.8,985.5,985.5,972.0,972.0,416.0,,,,,
SV009,L,284,2,0,0,1,0,Stimulus,,,,,,,,,,,,
SV009,L,285,2,2,1,0,2,Stimulus,2055.133333333333,2151.5,995.7666666666668,1116.7,949.6666666666666,992.0,174.66666666666666,,,,,
SV009,L,286,2,2,1,1,2,Stimulus,1917.6333333333332,2004.1,1012.0,1090.6,962.0,1058.0,234.66666666666666,,,,,
SV009,L,287,2,0,1,0,0,Stimulus,2006.1,2006.1,1030.6,1030.6,1025.0,1025.0,384.0,,,,,
SV009,L,288,3,2,0,1,2,Stimulus,,,,,,,,,,,,
SV009,L,289,2,2,0,0,2,Stimulus,,,,,,,,,,,,
SV009,L,290,3,2,1,1,2,Stimulus,,,,,,,,,,,,
SV009,L,291,3,3,1,1,3,Stimulus,,,,,,,,,,,,
SV009,L,292,2,3,0,1,3,Stimulus,,,,,,,,,,,,
SV009,L,293,3,3,0,1,3,Stimulus,,,,,,,,,,,,
SV009,L,294,3,2,0,0,2,Stimulus,,,,,,,,,,,,
SV009,L,295,3,3,0,0,3,Stimulus,,,,,,,,,,,,
SV009,L,296,3,3,1,1,3,Stimulus,1881.4666666666665,1959.4,1051.0333333333333,1093.7,910.6666666666666,911.0,678.6666666666666,,,,,
SV009,L,297,3,0,0,0,0,Stimulus,2066.3,2066.3,1092.3,1092.3,840.0,840.0,260.0,,,,,
SV009,L,298,2,2,1,0,2,Stimulus,,,,,,,,,,,,
SV009,L,299,3,3,0,0,3,Stimulus,,,,,,,,,,,,
SV009,L,300,2,3,1,1,3,Stimulus,1934.3,2022.0,1053.6,1084.5,961.0,978.0,240.0,,,,,
SV009,L,301,2,3,1,0,3,Stimulus,2087.2,2087.2,1126.8,1126.8,975.0,975.0,156.0,,,,,
SV009,L,302,3,2,0,1,2,Stimulus,,,,,,,,,,,,
SV009,L,303,3,2,0,0,2,Stimulus,,,,,,,,,,,,
SV009,L,304,2,2,1,0,2,Stimulus,,,,,,,,,,,,
SV009,L,305,2,2,1,1,2,Stimulus,,,,,,,,,,,,
SV009,L,306,3,3,0,0,3,Stimulus,1915.8,1915.8,1017.0,1017.0,946.0,946.0,512.0,,,,,
SV009,L,307,2,0,0,0,0,Stimulus,,,,,,,,,,,,
SV009,L,308,3,0,0,0,0,Stimulus,,,,,,,,,,,,
SV009,L,309,3,2,0,0,2,Stimulus,,,,,,,,,,,,
SV009,L,310,3,2,0,0,2,Stimulus,1961.8000000000002,2042.7,1051.45,1087.9,891.0,969.0,440.0,,,,,
SV009,L,311,2,3,1,0,3,Stimulus,,,,,,,,,,,,
SV009,L,312,3,0,0,1,0,Stimulus,,,,,,,,,,,,
SV009,L,313,2,2,1,1,2,Stimulus,,,,,,,,,,,,
SV009,L,314,2,0,0,0,0,Stimulus,,,,,,,,,,,,
SV009,L,315,3,0,1,0,0,Stimulus,1901.65,1932.5,647.75,852.6,816.5,845.0,158.0,,,,,
SV009,L,316,3,3,1,1,3,Stimulus,1870.2,1870.2,957.4,957.4,957.0,957.0,444.0,,,,,
SV009,L,317,3,0,1,1,0,Stimulus,,,,,,,,,,,,
SV009,L,318,2,3,1,1,3,Stimulus,,,,,,,,,,,,
SV009,L,319,2,0,1,1,0,Stimulus,,,,,,,,,,,,
SV009,L,320,3,0,0,1,0,Stimulus,,,,,,,,,,,,
SV009,L,321,2,3,1,0,3,Stimulus,,,,,,,,,,,,
SV009,L,322,2,3,1,0,3,Stimulus,,,,,,,,,,,,
SV009,L,323,2,2,0,0,2,Stimulus,1967.3200000000002,2089.0,945.2400000000001,1088.3,859.4,901.0,519.2,,,,,
SV009,L,324,2,2,1,1,1,Stimulus,1828.6,1828.6,1023.4,1023.4,902.0,902.0,348.0,,,,,
SV009,L,325,3,0,0,0,0,Stimulus,,,,,,,,,,,,
SV009,L,326,3,2,0,0,2,Stimulus,2034.675,2124.0,1013.625,1067.3,949.75,1043.0,1467.0,,,,,
SV009,L,327,3,3,1,1,3,Stimulus,,,,,,,,,,,,
SV009,L,328,2,0,0,1,0,Stimulus,,,,,,,,,,,,
SV009,L,329,3,3,0,0,3,Stimulus,2078.5,2138.4,971.3000000000001,1027.9,935.5,1018.0,372.0,,,,,
SV009,L,330,2,3,0,1,3,Stimulus,1284.9499999999998,1438.8,1040.75,1065.9,936.5,994.0,380.0,,,,,
SV009,L,331,2,3,1,0,3,Stimulus,2051.1,2051.1,1062.5,1062.5,757.0,757.0,388.0,,,,,
SV009,L,332,3,0,0,0,0,Stimulus,,,,,,,,,,,,
SV009,L,333,2,3,1,0,3,Stimulus,1775.2,1775.2,1036.0,1036.0,848.0,848.0,384.0,,,,,
SV009,L,334,3,0,0,1,0,Stimulus,,,,,,,,,,,,
SV009,L,335,3,0,1,0,0,Stimulus,2036.8,2036.8,1041.2,1041.2,811.0,811.0,1096.0,,,,,
SV009,L,336,2,0,1,1,0,Stimulus,,,,,,,,,,,,
SV009,L,337,3,2,1,0,2,Stimulus,1948.6,1993.2,667.6,823.0,769.0,796.0,128.0,,,,,
SV009,L,338,2,2,1,1,2,Stimulus,,,,,,,,,,,,
SV009,L,339,2,3,0,0,3,Stimulus,,,,,,,,,,,,
SV009,L,340,2,0,1,0,0,Stimulus,1918.175,1958.0,1167.95,1402.3,821.0,887.0,323.0,0.6,0.6,972.0,972.0,148.0
SV009,L,341,2,2,0,1,2,Stimulus,1797.7,1797.7,951.6,951.6,919.0,919.0,216.0,,,,,
SV009,L,342,3,0,1,1,0,Stimulus,1766.0,1893.6,1144.825,1300.7,723.0,762.0,108.0,,,,,
SV009,L,343,3,0,1,1,0,Stimulus,,,,,,,,,,,,
SV009,L,344,3,3,1,1,3,Stimulus,,,,,,,,,,,,
SV009,L,345,3,3,0,1,3,Stimulus,1756.7,1756.7,1026.6,1026.6,944.0,944.0,456.0,,,,,
SV009,L,346,2,0,1,1,0,Stimulus,,,,,,,,,,,,
SV009,L,347,2,3,0,0,3,Stimulus,2335.5,2650.4,1015.5,1042.9,956.0,957.0,228.0,,,,,
SV009,L,348,3,3,0,0,3,Stimulus,,,,,,,,,,,,
SV009,L,349,3,3,1,0,3,Stimulus,2169.7999999999997,2552.9,933.2333333333332,1093.3,896.3333333333334,987.0,234.66666666666666,,,,,
SV009,L,350,3,0,1,1,0,Stimulus,,,,,,,,,,,,
SV009,L,351,2,2,0,0,2,Stimulus,1862.44,1878.9,925.4,985.5,961.6,991.0,60.8,,,,,
SV009,L,352,2,3,0,0,3,Stimulus,1945.7399999999998,2151.6,1001.3399999999999,1057.6,966.2,1025.0,365.6,,,,,
SV009,L,353,3,3,0,1,3,Stimulus,,,,,,,,,,,,
SV009,L,354,2,2,1,0,2,Stimulus,2049.5,2110.0,1044.2,1059.9,888.5,940.0,1020.0,,,,,
SV009,L,355,2,0,1,0,0,Stimulus,,,,,,,,,,,,
SV009,L,356,2,2,0,1,2,Stimulus,,,,,,,,,,,,
SV009,L,357,3,0,1,1,0,Stimulus,1907.925,1990.2,1081.6,1105.7,743.75,773.0,331.0,,,,,
SV009,L,358,3,0,1,0,0,Stimulus,2102.0,2160.4,1052.1666666666667,1065.7,786.6666666666666,849.0,349.3333333333333,,,,,
SV009,L,359,2,3,0,1,3,Stimulus,1933.5333333333335,1957.3,999.2666666666668,1074.4,827.6666666666666,947.0,286.6666666666667,,,,,
SV009,L,360,2,0,1,1,0,Stimulus,,,,,,,,,,,,
SV009,L,361,2,0,0,1,0,Stimulus,,,,,,,,,,,,
SV009,L,362,3,0,0,0,0,Stimulus,,,,,,,,,,,,
SV009,L,363,2,0,1,0,0,Stimulus,,,,,,,,,,,,
SV009,L,364,2,2,1,1,2,Stimulus,1847.9,1847.9,1090.3,1090.3,754.0,754.0,488.0,,,,,
SV009,L,365,2,0,0,1,0,Stimulus,,,,,,,,,,,,
SV009,L,366,3,0,1,1,0,Stimulus,,,,,,,,,,,,
SV009,L,367,3,2,0,0,2,Stimulus,1948.525,1990.4,914.825,1257.2,692.25,730.0,202.0,,,,,
SV009,L,368,2,3,0,0,3,Stimulus,1829.1,1829.1,1043.6,1043.6,806.0,806.0,1024.0,,,,,
SV009,L,369,2,3,1,0,3,Stimulus,1886.3,1886.3,837.2,837.2,690.0,690.0,416.0,,,,,
SV009,L,370,2,2,1,0,2,Stimulus,,,,,,,,,,,,
SV009,L,371,2,2,0,0,2,Stimulus,1895.2,1895.2,1056.2,1056.2,861.0,861.0,796.0,,,,,
SV009,L,372,3,3,0,1,3,Stimulus,1876.6,1876.6,1035.7,1035.7,949.0,949.0,408.0,,,,,
SV009,L,373,3,2,0,0,2,Stimulus,1949.9,1988.6,804.95,952.0,693.5,721.0,324.0,,,,,
SV009,L,374,2,3,0,1,3,Stimulus,,,,,,,,,,,,
SV009,L,375,2,0,0,1,0,Stimulus,,,,,,,,,,,,
SV009,L,376,3,3,1,1,2,Stimulus,1880.1000000000001,1985.2,830.7333333333332,1012.4,794.6666666666666,875.0,280.0,,,,,
SV009,L,377,2,3,1,0,3,Stimulus,1997.6,2009.4,892.4000000000001,986.6,817.0,882.0,342.0,,,,,
SV009,L,378,3,2,1,0,2,Stimulus,1938.3333333333333,1987.4,886.8333333333334,1047.1,786.3333333333334,914.0,281.3333333333333,,,,,
SV009,L,379,3,3,1,0,3,Stimulus,2005.5,2111.5,780.6,995.8,785.25,874.0,352.0,,,,,
SV009,L,380,2,3,1,1,3,Stimulus,1878.0,1929.8,1084.5666666666666,1092.7,837.6666666666666,876.0,934.6666666666666,,,,,
SV009,L,381,2,2,0,1,2,Stimulus,1884.5,1897.2,1102.95,1136.5,835.5,942.0,492.0,,,,,
SV009,L,382,3,2,1,1,2,Stimulus,1547.3833333333332,1909.1,803.4,1149.3,850.3333333333334,894.0,207.33333333333334,,,,,
SV009,L,383,2,2,0,0,2,Stimulus,1960.3,2020.1,1093.8,1104.6,891.5,897.0,472.0,,,,,
SV009,L,384,3,3,1,0,3,Stimulus,1887.1,1887.1,1030.4,1030.4,932.0,932.0,516.0,,,,,
SV009,L,385,3,2,0,1,2,Stimulus,,,,,,,,,,,,
SV009,L,386,3,3,0,0,3,Stimulus,1858.05,1865.8,663.2,800.7,747.0,763.0,252.0,,,,,
SV009,L,387,3,3,0,1,3,Stimulus,1661.3,1661.3,1023.7,1023.7,888.0,888.0,656.0,,,,,
SV009,L,388,2,2,1,0,2,Stimulus,,,,,,,,,,,,
SV009,L,389,3,0,1,0,0,Stimulus,,,,,,,,,,,,
SV009,L,390,3,3,1,1,3,Stimulus,,,,,,,,,,,,
SV009,L,391,3,2,1,0,2,Stimulus,,,,,,,,,,,,
SV009,L,392,3,2,1,1,2,Stimulus,,,,,,,,,,,,
SV009,L,393,3,2,1,1,2,Stimulus,,,,,,,,,,,,
SV009,L,394,2,2,0,0,2,Stimulus,,,,,,,,,,,,
SV009,L,395,2,3,1,1,3,Stimulus,,,,,,,,,,,,
SV009,L,396,2,0,1,0,0,Stimulus,1821.2,1821.2,2025.9,2025.9,314.0,314.0,56.0,,,,,
SV009,L,397,2,2,0,1,2,Stimulus,,,,,,,,,,,,
SV009,L,398,3,0,0,0,0,Stimulus,1915.8,1915.8,955.8,955.8,676.0,676.0,384.0,,,,,
SV009,L,399,3,0,0,1,0,Stimulus,,,,,,,,,,,,
SV009,L,400,3,3,0,1,3,Stimulus,,,,,,,,,,,,
SV009,L,401,3,2,0,0,2,Stimulus,,,,,,,,,,,,
SV009,L,402,2,0,0,0,0,Stimulus,,,,,,,,,,,,
SV009,L,403,2,2,0,1,2,Stimulus,1914.3,1978.0,848.9,1031.3,797.0,827.0,272.0,,,,,
SV009,L,404,2,3,1,1,3,Stimulus,1948.4,1948.4,660.7,660.7,773.0,773.0,336.0,,,,,
SV009,L,405,2,3,1,0,3,Stimulus,2020.05,2066.2,732.45,927.4,870.0,957.0,394.0,,,,,
SV009,L,406,3,2,1,1,2,Stimulus,1686.2857142857142,1960.5,646.6428571428571,1109.6,856.5714285714286,956.0,184.57142857142858,,,,,
SV009,L,407,2,3,0,0,3,Stimulus,,,,,,,,,,,,
SV009,L,408,2,3,1,1,3,Stimulus,1946.8999999999999,2039.3,949.5,1100.2,805.6666666666666,847.0,665.3333333333334,,,,,
SV009,L,409,2,3,0,0,3,Stimulus,,,,,,,,,,,,
SV009,L,410,3,3,1,0,3,Stimulus,2005.3,2005.3,499.4,499.4,838.0,838.0,260.0,,,,,
SV009,L,411,3,0,0,0,0,Stimulus,,,,,,,,,,,,
SV009,L,412,3,3,1,0,3,Stimulus,,,,,,,,,,,,
SV009,L,413,3,3,1,0,3,Stimulus,,,,,,,,,,,,
SV009,L,414,2,3,0,1,3,Stimulus,1921.7,1981.8,932.725,1330.5,782.0,918.0,252.0,,,,,
SV009,L,415,3,3,0,1,3,Stimulus,,,,,,,,,,,,
SV009,L,416,3,2,1,0,2,Stimulus,1866.7,1866.7,1155.1,1155.1,764.0,764.0,696.0,,,,,
SV009,L,417,2,0,0,1,0,Stimulus,,,,,,,,,,,,
SV009,L,418,2,0,1,1,0,Stimulus,,,,,,,,,,,,
SV009,L,419,3,2,1,1,2,Stimulus,,,,,,,,,,,,
SV009,L,420,2,3,0,1,3,Stimulus,,,,,,,,,,,,
SV009,L,421,3,2,0,0,2,Stimulus,1931.15,1965.3,1094.25,1145.8,701.0,741.0,590.0,,,,,
SV009,L,422,3,2,1,1,2,Stimulus,904.3000000000001,986.9,1064.6000000000001,1182.1,849.3333333333334,886.0,300.0,,,,,
SV009,L,423,2,0,1,1,0,Stimulus,,,,,,,,,,,,
SV009,L,424,2,2,0,0,2,Stimulus,,,,,,,,,,,,
SV009,L,425,2,3,1,1,3,Stimulus,1911.3,1911.3,1036.9,1036.9,814.0,814.0,152.0,,,,,
SV009,L,426,2,2,1,0,2,Stimulus,1927.7666666666667,1974.3,1051.3,1134.1,787.0,854.0,393.3333333333333,0.5,0.5,60.0,60.0,12.0
SV009,L,427,2,0,1,1,0,Stimulus,1771.6,1789.7,1077.65,1081.7,655.5,715.0,430.0,,,,,
SV009,L,428,3,2,0,1,2,Stimulus,,,,,,,,,,,,
SV009,L,429,2,3,1,1,3,Stimulus,,,,,,,,,,,,
SV009,L,430,3,0,1,0,0,Stimulus,,,,,,,,,,,,
SV009,L,431,2,2,1,1,2,Stimulus,1906.1999999999998,1942.3,778.8,941.4,738.5,745.0,178.0,,,,,
SV009,L,432,3,0,0,0,0,Stimulus,,,,,,,,,,,,
SV009,L,433,2,0,0,0,0,Stimulus,,,,,,,,,,,,
SV009,L,434,3,0,1,0,0,Stimulus,,,,,,,,,,,,
SV009,L,435,3,3,0,0,3,Stimulus,,,,,,,,,,,,
SV009,L,436,3,0,0,0,0,Stimulus,2009.8,2009.8,992.1,992.1,746.0,746.0,1128.0,,,,,
SV009,L,437,3,0,1,0,0,Stimulus,2008.0,2008.0,950.8,950.8,724.0,724.0,216.0,,,,,
SV009,L,438,3,3,0,0,3,Stimulus,,,,,,,,,,,,
SV009,L,439,3,3,1,0,3,Stimulus,1911.65,1930.6,1066.75,1123.4,795.5,892.0,566.0,,,,,
SV009,L,440,3,0,1,1,0,Stimulus,1829.5,1885.0,1027.35,1056.8,695.5,739.0,514.0,,,,,
SV009,L,441,2,0,1,0,0,Stimulus,2038.2,2038.2,1080.9,1080.9,845.0,845.0,416.0,,,,,
SV009,L,442,2,3,0,1,3,Stimulus,1957.7,1957.7,1123.5,1123.5,726.0,726.0,168.0,,,,,
SV009,L,443,3,0,1,0,0,Stimulus,2102.2,2102.2,1045.9,1045.9,871.0,871.0,524.0,,,,,
SV009,L,444,3,0,0,1,0,Stimulus,,,,,,,,,,,,
SV009,L,445,3,2,1,1,2,Stimulus,1940.6,1984.4,1081.5,1097.1,758.5,833.0,522.0,,,,,
SV009,L,446,2,0,1,1,0,Stimulus,1895.9,1895.9,1073.7,1073.7,665.0,665.0,424.0,,,,,
SV009,L,447,2,0,0,0,0,Stimulus,1950.5,1950.5,907.1,907.1,723.0,723.0,572.0,,,,,
SV009,L,448,2,0,1,0,0,Stimulus,,,,,,,,,,,,
SV009,L,449,3,2,0,1,2,Stimulus,,,,,,,,,,,,
SV009,L,450,3,2,1,1,2,Stimulus,,,,,,,,,,,,
SV009,L,451,3,3,1,0,3,Stimulus,,,,,,,,,,,,
SV009,L,452,3,0,1,0,0,Stimulus,2116.4,2116.4,1030.3,1030.3,711.0,711.0,460.0,,,,,
SV009,L,453,2,2,0,0,2,Stimulus,2101.9,2101.9,973.3,973.3,858.0,858.0,760.0,,,,,
SV009,L,454,3,0,0,1,0,Stimulus,,,,,,,,,,,,
SV009,L,455,2,2,1,0,2,Stimulus,1877.2833333333335,2031.7,1352.3833333333334,2227.0,737.0,907.0,420.0,,,,,
SV009,L,456,2,3,0,0,3,Stimulus,,,,,,,,,,,,
SV009,L,457,3,2,0,1,2,Stimulus,1972.8,1974.0,826.05,1017.9,650.0,709.0,162.0,,,,,
SV009,L,458,2,3,0,1,3,Stimulus,,,,,,,,,,,,
SV009,L,459,2,0,0,0,0,Stimulus,,,,,,,,,,,,
SV009,L,460,3,3,1,1,3,Stimulus,,,,,,,,,,,,
SV009,L,461,3,2,1,0,2,Stimulus,,,,,,,,,,,,
SV009,L,462,2,0,0,1,0,Stimulus,,,,,,,,,,,,
SV009,L,463,2,2,0,1,2,Stimulus,,,,,,,,,,,,
SV009,L,464,3,3,1,0,3,Stimulus,1958.1999999999998,2069.6,1027.6,1056.4,867.0,888.0,316.0,,,,,
SV009,L,465,2,0,0,0,0,Stimulus,,,,,,,,,,,,
SV009,L,466,3,0,0,1,0,Stimulus,1946.4,1946.4,1062.9,1062.9,662.0,662.0,352.0,,,,,
SV009,L,467,2,0,0,1,0,Stimulus,,,,,,,,,,,,
SV009,L,468,2,3,0,1,3,Stimulus,749.54,1428.1,566.54,1012.0,885.8,913.0,131.2,5.2,5.2,191.0,191.0,40.0
SV009,L,469,3,3,1,1,3,Stimulus,1994.2,2028.2,889.8,896.9,888.0,976.0,346.0,,,,,
SV009,L,470,2,2,0,1,2,Stimulus,1881.625,1983.1,867.3,1069.2,881.75,980.0,263.0,,,,,
SV009,L,471,2,2,1,0,2,Stimulus,1973.4333333333334,2041.4,935.4,1072.2,701.6666666666666,796.0,438.6666666666667,,,,,
SV009,L,472,2,0,1,1,0,Stimulus,,,,,,,,,,,,
SV009,L,473,3,0,0,1,0,Stimulus,,,,,,,,,,,,
SV009,L,474,3,0,0,1,0,Stimulus,1900.075,1961.5,992.9000000000001,1066.2,817.5,872.0,988.0,,,,,
SV009,L,475,3,3,0,0,3,Stimulus,2063.1,2063.1,1098.8,1098.8,567.0,567.0,412.0,,,,,
SV009,L,476,2,3,1,1,3,Stimulus,1831.1,1831.1,977.0,977.0,937.0,937.0,440.0,,,,,
SV009,L,477,2,2,0,1,2,Stimulus,1951.05,1979.5,689.6500000000001,778.6,676.0,745.0,188.0,,,,,
SV009,L,478,2,2,1,1,2,Stimulus,1975.1,1975.1,718.4,718.4,780.0,780.0,272.0,,,,,
SV009,L,479,2,2,0,1,2,Stimulus,,,,,,,,,,,,
SV009,L,480,3,3,0,1,3,Stimulus,1952.5,1952.5,961.3,961.3,728.0,728.0,292.0,,,,,
SV009,R,1,2,3,1,1,2,Stimulus,2415.04,2717.7,1286.1,1422.2,489.0,686.0,604.0,,,,,
SV009,R,2,2,2,1,0,2,Stimulus,1205.6000000000001,1997.2,1191.5142857142857,1306.2,600.0,732.0,261.7142857142857,,,,,
SV009,R,3,3,2,0,0,2,Stimulus,1304.9333333333334,1817.2,1160.1333333333334,1278.8,595.5,716.0,270.6666666666667,,,,,
SV009,R,4,3,3,0,0,3,Stimulus,,,,,,,,,,,,
SV009,R,5,2,0,0,1,2,Stimulus,2876.9,2885.8,1295.2,1360.4,338.0,368.0,458.0,,,,,
SV009,R,6,3,3,0,1,3,Stimulus,2632.5666666666666,2901.9,1238.1000000000001,1327.3,423.0,525.0,262.6666666666667,,,,,
SV009,R,7,3,0,1,0,3,Stimulus,1090.8166666666666,1346.3,1171.6666666666667,1235.2,555.5,692.0,308.6666666666667,,,,,
SV009,R,8,3,2,0,1,2,Stimulus,2885.1,2893.1,1307.4,1402.0,361.5,417.0,474.0,,,,,
SV009,R,9,2,0,0,1,2,Stimulus,2850.7000000000003,2959.9,1240.6333333333334,1321.3,480.6666666666667,553.0,309.3333333333333,,,,,
SV009,R,10,3,0,1,0,3,Stimulus,1127.5666666666666,1807.9,1153.2833333333333,1231.3,583.8333333333334,710.0,368.0,,,,,
SV009,R,11,2,2,0,1,2,Stimulus,2520.85,2899.6,1241.65,1437.6,514.0,651.0,884.0,,,,,
SV009,R,12,2,2,1,1,1,Stimulus,2770.6499999999996,2796.7,1406.7,1469.5,499.0,575.0,590.0,,,,,
SV009,R,13,3,2,1,0,2,Stimulus,1327.4666666666665,1921.1,1233.6000000000001,1286.1,529.3333333333334,649.0,281.3333333333333,,,,,
SV009,R,14,3,2,0,0,3,Stimulus,1113.275,1244.9,1056.75,1176.2,577.5,667.0,527.0,,,,,
SV009,R,15,3,3,0,1,3,Stimulus,2516.133333333333,2838.3,1229.5,1316.6,459.6666666666667,582.0,306.6666666666667,,,,,
SV009,R,16,3,3,0,0,3,Stimulus,,,,,,,,,,,,
SV009,R,17,3,2,0,1,3,Stimulus,,,,,,,,,,,,
SV009,R,18,3,3,0,0,3,Stimulus,1668.5,1668.5,1051.8,1051.8,671.0,671.0,296.0,,,,,
SV009,R,19,2,2,0,0,2,Stimulus,,,,,,,,,,,,
SV009,R,20,2,2,0,0,2,Stimulus,,,,,,,,,,,,
SV009,R,21,3,3,0,0,2,Stimulus,,,,,,,,,,,,
SV009,R,22,2,2,1,1,2,Stimulus,2435.575,2668.7,1296.625,1466.3,637.0,706.0,431.0,,,,,
SV009,R,23,2,2,0,0,2,Stimulus,1079.3,1117.2,1014.225,1059.8,705.75,772.0,440.0,,,,,
SV009,R,24,3,0,1,0,3,Stimulus,1049.0333333333333,1125.1,1135.6000000000001,1177.8,637.3333333333334,766.0,517.3333333333334,,,,,
SV009,R,25,3,0,0,1,3,Stimulus,2608.95,2935.0,1204.225,1361.7,586.75,652.0,338.0,,,,,
SV009,R,26,3,0,1,0,3,Stimulus,1409.25,1858.2,1154.4499999999998,1174.8,570.0,659.0,644.0,,,,,
SV009,R,27,3,0,0,1,3,Stimulus,,,,,,,,,,,,
SV009,R,28,2,2,0,1,3,Stimulus,,,,,,,,,,,,
SV009,R,29,2,3,0,1,2,Stimulus,2785.3375,2942.9,1305.8125,1453.4,413.875,529.0,278.5,,,,,
SV009,R,30,2,0,0,0,3,Stimulus,1374.5,1670.9,1082.1,1088.8,579.0,632.0,816.0,,,,,
SV009,R,31,3,3,1,1,3,Stimulus,2640.075,2808.7,1327.35,1475.7,555.25,600.0,501.0,,,,,
SV009,R,32,2,0,0,1,3,Stimulus,2726.525,2969.4,1248.325,1345.2,555.5,647.0,366.0,,,,,
SV009,R,33,2,3,0,1,2,Stimulus,2742.05,2938.7,1396.075,1516.1,543.5,619.0,340.0,,,,,
SV009,R,34,3,2,0,0,3,Stimulus,1349.0333333333333,1887.6,1024.2666666666667,1047.5,551.6666666666666,686.0,666.6666666666666,,,,,
SV009,R,35,3,0,0,0,3,Stimulus,,,,,,,,,,,,
SV009,R,36,3,3,1,1,2,Stimulus,2581.425,2744.4,1333.775,1428.9,563.5,630.0,350.0,,,,,
SV009,R,37,3,2,1,1,2,Stimulus,2380.225,2738.7,1298.625,1444.7,590.5,711.0,345.0,,,,,
SV009,R,38,3,3,0,0,3,Stimulus,,,,,,,,,,,,
SV009,R,39,2,3,1,0,2,Stimulus,1432.9333333333334,1903.1,1152.8999999999999,1226.3,607.6666666666666,644.0,408.0,,,,,
SV009,R,40,2,2,1,1,1,Stimulus,2451.2,2697.4,1309.775,1395.4,569.75,642.0,308.0,,,,,
SV009,R,41,2,2,0,1,2,Stimulus,2728.766666666667,2925.8,1360.6666666666667,1429.6,536.3333333333334,653.0,530.6666666666666,,,,,
SV009,R,42,2,3,1,1,1,Stimulus,2319.218181818182,2809.4,1251.6727272727273,1513.7,567.0909090909091,658.0,512.3636363636364,,,,,
SV009,R,43,3,3,1,0,2,Stimulus,1040.8,1337.4,1126.25,1198.9,644.0,719.0,354.0,,,,,
SV009,R,44,2,3,1,0,2,Stimulus,1123.3333333333333,1194.5,1147.7666666666667,1201.8,546.0,633.0,552.0,,,,,
SV009,R,45,2,0,0,1,2,Stimulus,2624.48,2893.1,1178.8200000000002,1345.9,507.8,584.0,302.4,,,,,
SV009,R,46,3,3,0,1,2,Stimulus,2819.2333333333336,2892.4,1291.5,1460.9,518.3333333333334,560.0,585.3333333333334,,,,,
SV009,R,47,2,2,0,1,2,Stimulus,2959.7,3227.0,1678.22,2569.6,368.6,644.0,206.4,,,,,
SV009,R,48,3,3,0,1,2,Stimulus,,,,,,,,,,,,
SV009,R,49,3,2,1,0,2,Stimulus,1296.3,1931.8,1146.4,1211.8,556.0,679.0,382.5,,,,,
SV009,R,50,2,2,1,0,2,Stimulus,1340.3333333333333,1729.4,1152.0333333333335,1207.8,565.0,718.0,494.6666666666667,,,,,
SV009,R,51,2,3,1,1,3,Stimulus,2499.675,2776.0,1319.575,1528.1,561.875,630.0,521.0,,,,,
SV009,R,52,3,0,1,1,1,Stimulus,2523.2999999999997,2818.6,1342.0,1434.0,494.3333333333333,553.0,416.0,,,,,
SV009,R,53,2,2,0,1,2,Stimulus,2608.3999999999996,2843.2,1357.6,1420.7,499.0,507.0,306.0,,,,,
SV009,R,54,2,3,1,0,2,Stimulus,1335.28,2031.3,1204.3,1273.8,581.0,721.0,350.4,,,,,
SV009,R,55,3,3,0,1,2,Stimulus,2608.075,2884.9,1272.775,1624.5,517.0,662.0,512.0,,,,,
SV009,R,56,2,3,0,0,2,Stimulus,1195.1100000000001,1916.6,1078.3,1248.6,627.0,727.0,359.2,,,,,
SV009,R,57,3,3,0,1,2,Stimulus,2784.1,2966.3,1237.0,1534.2,506.8333333333333,597.0,336.0,,,,,
SV009,R,58,2,0,0,0,2,Stimulus,1109.9666666666667,1147.3,1068.5666666666666,1097.8,666.3333333333334,733.0,530.6666666666666,,,,,
SV009,R,59,3,0,0,1,2,Stimulus,2681.0166666666664,2951.2,1280.2166666666667,1491.7,517.3333333333334,670.0,220.66666666666666,,,,,
SV009,R,60,2,3,0,1,2,Stimulus,2557.15,2875.0,1253.75,1600.3,551.0,661.0,424.6666666666667,,,,,
SV009,R,61,2,0,1,0,3,Stimulus,1100.9,1264.6,1165.54,1263.3,625.0,751.0,330.4,,,,,
SV009,R,62,3,3,0,0,3,Stimulus,1104.55,1119.1,1066.1,1115.6,658.0,698.0,1080.0,,,,,
SV009,R,63,3,0,1,1,1,Stimulus,2754.675,2821.9,1415.9,1446.5,595.0,638.0,1324.0,,,,,
SV009,R,64,3,2,0,1,2,Stimulus,2621.7599999999998,2910.8,1280.1799999999998,1445.2,602.2,673.0,833.6,,,,,
SV009,R,65,2,0,1,0,2,Stimulus,1284.65,1883.4,1147.85,1210.0,607.25,702.0,597.0,,,,,
SV009,R,66,3,3,1,0,2,Stimulus,1028.1,1194.2,1439.95,2089.6,422.75,550.0,267.0,,,,,
SV009,R,67,2,0,1,1,2,Stimulus,2643.8,2790.9,1399.65,1492.1,577.0,651.0,282.0,,,,,
SV009,R,68,2,2,1,0,2,Stimulus,1217.8200000000002,1477.7,1163.78,1212.3,614.0,713.0,324.0,,,,,
SV009,R,69,3,2,0,1,2,Stimulus,2552.5285714285715,2917.6,1419.1285714285714,1661.1,520.5714285714286,637.0,278.85714285714283,,,,,
SV009,R,70,3,2,0,0,3,Stimulus,1300.2666666666667,1882.6,1054.2666666666667,1137.4,644.0,774.0,359.3333333333333,,,,,
SV009,R,71,2,0,0,1,3,Stimulus,2741.275,2924.3,1264.55,1444.6,562.0,617.0,409.0,,,,,
SV009,R,72,3,3,1,1,2,Stimulus,2464.733333333333,2677.4,1328.2333333333333,1465.3,581.5,667.0,404.6666666666667,,,,,
SV009,R,73,2,3,1,1,2,Stimulus,2390.8,2649.1,1322.98,1424.0,622.0,718.0,434.4,,,,,
SV009,R,74,2,0,1,1,1,Stimulus,2234.7749999999996,2619.6,1266.425,1442.6,626.25,711.0,288.0,,,,,
SV009,R,75,2,2,0,1,2,Stimulus,2712.7599999999998,2886.4,1359.3200000000002,1529.4,511.4,629.0,328.0,,,,,
SV009,R,76,2,2,0,0,2,Stimulus,1091.22,1110.1,1110.1799999999998,1266.5,591.2,699.0,636.0,,,,,
SV009,R,77,2,3,0,1,1,Stimulus,2586.7333333333336,2838.8,1455.8666666666668,1629.5,457.0,637.0,680.0,,,,,
SV009,R,78,2,2,1,1,1,Stimulus,2503.8250000000003,2665.3,1349.4,1440.6,524.0,608.0,424.0,,,,,
SV009,R,79,2,2,0,1,2,Stimulus,2728.8,2880.9,1246.65,1439.0,517.75,588.0,424.0,,,,,
SV009,R,80,3,0,0,0,3,Stimulus,1107.4714285714285,1274.7,1110.9857142857143,1231.4,587.5714285714286,699.0,429.7142857142857,,,,,
SV009,R,81,3,3,1,1,1,Stimulus,2546.0,2741.6,1363.5,1446.1,558.3333333333334,646.0,472.0,,,,,
SV009,R,82,2,2,0,0,2,Stimulus,1336.0333333333335,1783.7,1026.7,1097.4,623.0,709.0,448.0,,,,,
SV009,R,83,3,3,1,1,1,Stimulus,2632.8,2643.3,1396.6,1440.4,504.5,606.0,346.0,,,,,
SV009,R,84,2,3,0,1,3,Stimulus,2296.58,2912.3,1187.7400000000002,1404.5,587.1,676.0,652.0,,,,,
SV009,R,85,2,2,1,0,2,Stimulus,1157.875,1690.5,1206.4,1250.6,642.75,767.0,404.0,,,,,
SV009,R,86,3,2,1,1,2,Stimulus,2460.9,2681.3,1292.5500000000002,1409.2,543.5,670.0,910.0,,,,,
SV009,R,87,3,2,1,1,2,Stimulus,2435.6666666666665,2687.5,1291.1000000000001,1401.0,583.0,668.0,360.0,,,,,
SV009,R,88,2,2,1,0,2,Stimulus,1057.25,1121.0,1126.625,1165.8,589.75,678.0,450.0,,,,,
SV009,R,89,3,3,1,0,2,Stimulus,1003.975,1046.0,1126.175,1179.6,660.0,715.0,300.0,,,,,
SV009,R,90,2,2,1,1,2,Stimulus,2564.225,2814.2,1355.075,1474.2,576.5,665.0,343.0,,,,,
SV009,R,91,2,2,0,1,2,Stimulus,2643.025,2917.0,1210.2,1586.5,513.5,610.0,270.5,,,,,
SV009,R,92,3,0,0,0,2,Stimulus,1111.3666666666666,1193.6,964.3666666666667,1030.3,604.6666666666666,682.0,706.6666666666666,,,,,
SV009,R,93,2,3,0,0,3,Stimulus,1668.6,1945.2,1173.825,1401.8,593.0,689.0,550.0,,,,,
SV009,R,94,2,3,0,0,3,Stimulus,1671.7,1671.7,1012.0,1012.0,640.0,640.0,256.0,,,,,
SV009,R,95,2,3,1,0,3,Stimulus,1207.8200000000002,1956.8,1128.6,1170.8,547.2,639.0,945.6,,,,,
SV009,R,96,2,2,0,0,2,Stimulus,1585.0333333333335,1924.4,1041.6000000000001,1071.8,526.0,626.0,921.3333333333334,0.5,0.5,56.0,56.0,12.0
SV009,R,97,3,3,0,1,3,Stimulus,2672.1749999999997,2901.7,1273.0249999999999,1401.3,402.5,642.0,508.0,,,,,
SV009,R,98,3,0,1,1,2,Stimulus,2763.35,2778.2,1418.1,1432.9,413.0,504.0,510.0,,,,,
SV009,R,99,3,3,1,0,3,Stimulus,1058.02,1214.0,1122.04,1172.3,565.8,633.0,430.4,,,,,
SV009,R,100,3,3,1,0,3,Stimulus,1205.4,1598.7,1148.3,1193.8,573.6666666666666,657.0,737.3333333333334,,,,,
SV009,R,101,3,0,0,0,3,Stimulus,1357.16,1911.6,1099.3200000000002,1127.9,553.0,627.0,384.8,,,,,
SV009,R,102,3,0,1,0,3,Stimulus,1046.0,1117.1,1179.8666666666668,1201.4,595.6666666666666,724.0,492.0,,,,,
SV009,R,103,3,2,1,0,2,Stimulus,956.3,956.3,1225.0,1225.0,461.0,461.0,848.0,,,,,
SV009,R,104,3,2,1,0,2,Stimulus,1076.95,1163.8,1183.875,1227.4,541.0,647.0,415.0,,,,,
SV009,R,105,2,0,1,0,3,Stimulus,1067.425,1131.8,1178.3,1195.0,591.0,682.0,398.0,,,,,
SV009,R,106,3,2,1,1,1,Stimulus,2577.266666666667,2801.9,1348.1333333333334,1501.9,519.3333333333334,632.0,396.0,,,,,
SV009,R,107,3,2,1,1,2,Stimulus,2660.25,2752.7,1434.5,1475.2,441.5,567.0,740.0,,,,,
SV009,R,108,2,3,0,0,3,Stimulus,1106.9,1156.3,1092.5,1118.1,616.0,678.0,1024.0,,,,,
SV009,R,109,2,0,0,1,3,Stimulus,2837.62,2867.5,1407.28,1575.6,507.6,590.0,524.0,,,,,
SV009,R,110,3,2,0,0,3,Stimulus,1076.8,1113.6,1006.8,1048.5,660.5,755.0,834.0,,,,,
SV009,R,111,3,2,1,0,3,Stimulus,1085.1200000000001,1223.7,1102.16,1151.2,712.6,774.0,318.4,,,,,
SV009,R,112,3,2,0,1,2,Stimulus,2361.188888888889,2859.6,1183.5555555555557,1363.7,572.5555555555555,729.0,455.1111111111111,0.4,0.4,53.0,53.0,12.0
SV009,R,113,2,0,0,0,3,Stimulus,1141.3,1267.6,1102.5666666666666,1112.8,628.6666666666666,690.0,549.3333333333334,,,,,
SV009,R,114,3,2,0,1,2,Stimulus,2782.2999999999997,2884.7,1258.4333333333334,1421.7,519.3333333333334,560.0,578.6666666666666,,,,,
SV009,R,115,2,0,1,1,2,Stimulus,2769.6,2825.1,1528.85,1751.2,481.75,617.0,211.0,,,,,
SV009,R,116,3,3,0,0,3,Stimulus,1144.4499999999998,1198.8,1022.75,1036.7,581.0,670.0,1002.0,,,,,
SV009,R,117,3,2,0,1,2,Stimulus,2577.9,2890.4,1167.42,1265.9,557.2,611.0,396.0,,,,,
SV009,R,118,2,0,1,1,2,Stimulus,2541.2,2822.1,1373.175,1484.1,563.25,653.0,371.0,,,,,
SV009,R,119,2,2,1,1,1,Stimulus,2569.9199999999996,2661.2,1344.42,1412.0,635.8,668.0,272.8,,,,,
SV009,R,120,2,3,1,1,2,Stimulus,2497.2200000000003,2800.4,1339.4,1458.3,565.2,651.0,382.4,,,,,
SV009,R,121,3,0,1,0,3,Stimulus,1091.1,1232.7,1161.1,1185.7,579.0,688.0,349.6,,,,,
SV009,R,122,2,2,1,1,2,Stimulus,2517.5,2800.9,1367.7666666666667,1575.3,479.3333333333333,586.0,280.0,,,,,
SV009,R,123,3,2,1,1,2,Stimulus,2666.9666666666667,2742.4,1401.0666666666666,1450.3,511.0,610.0,336.0,,,,,
SV009,R,124,3,0,0,1,3,Stimulus,2829.366666666667,2930.8,1293.5333333333333,1323.1,499.3333333333333,567.0,418.6666666666667,,,,,
SV009,R,125,2,0,0,0,3,Stimulus,1313.6999999999998,1954.6,1070.55,1174.0,570.75,679.0,445.5,,,,,
SV009,R,126,2,2,0,0,2,Stimulus,1113.25,1118.7,1052.3,1120.0,540.0,587.0,542.0,,,,,
SV009,R,127,2,3,1,0,3,Stimulus,1446.1,1856.4,1134.4,1219.6,551.5,648.0,644.0,,,,,
SV009,R,128,3,3,1,0,2,Stimulus,1238.290909090909,2118.9,1148.0363636363636,1202.5,579.1818181818181,700.0,400.3636363636364,,,,,
SV009,R,129,3,0,0,0,3,Stimulus,1087.9,1088.1,1112.35,1141.4,600.0,617.0,1266.0,,,,,
SV009,R,130,2,2,1,0,2,Stimulus,1257.66,1902.6,1181.3200000000002,1217.7,538.4,675.0,389.6,,,,,
SV009,R,131,2,3,0,0,3,Stimulus,1250.72,1886.1,1120.26,1231.3,624.4,735.0,388.8,,,,,
SV009,R,132,2,3,0,1,3,Stimulus,2563.64,2937.7,1243.24,1405.7,574.2,635.0,512.0,,,,,
SV009,R,133,2,3,1,0,3,Stimulus,1082.06,1164.9,1151.3,1206.7,611.4,672.0,472.8,,,,,
SV009,R,134,3,2,1,0,2,Stimulus,1113.0,1266.7,1165.52,1216.3,583.4,676.0,296.8,,,,,
SV009,R,135,2,0,1,1,2,Stimulus,2803.8333333333335,2884.0,1408.1000000000001,1466.0,549.6666666666666,624.0,496.0,,,,,
SV009,R,136,3,0,1,0,3,Stimulus,1108.525,1203.1,1148.85,1198.0,585.75,705.0,481.0,,,,,
SV009,R,137,3,2,1,0,2,Stimulus,1120.225,1220.2,1147.525,1190.7,564.75,711.0,489.0,,,,,
SV009,R,138,2,3,1,0,2,Stimulus,1056.85,1133.0,1147.525,1204.9,618.5,700.0,532.0,,,,,
SV009,R,139,2,0,1,0,3,Stimulus,1566.5666666666666,1876.4,1156.8,1197.6,678.0,707.0,509.3333333333333,,,,,
SV009,R,140,3,3,0,1,3,Stimulus,2617.3333333333335,2893.5,1258.2666666666667,1389.2,499.0,624.0,466.6666666666667,,,,,
SV009,R,141,2,2,0,0,2,Stimulus,1059.8666666666666,1120.3,1126.7333333333333,1267.2,626.3333333333334,725.0,316.0,,,,,
SV009,R,142,2,2,0,0,2,Stimulus,1321.6666666666667,1830.1,1059.5,1105.9,675.6666666666666,743.0,562.6666666666666,,,,,
SV009,R,143,2,2,1,1,2,Stimulus,2444.722222222222,2757.0,1386.6555555555556,1959.0,623.3333333333334,730.0,326.22222222222223,,,,,
SV009,R,144,3,2,0,0,2,Stimulus,1105.0,1147.7,947.0,959.4,656.0,726.0,862.0,,,,,
SV009,R,145,3,0,1,0,3,Stimulus,1087.3666666666666,1142.0,1151.4333333333334,1199.0,651.6666666666666,726.0,926.6666666666666,,,,,
SV009,R,146,3,3,1,1,2,Stimulus,2428.5666666666666,2734.4,1315.9333333333334,1456.7,552.3333333333334,693.0,596.0,,,,,
SV009,R,147,3,2,0,0,3,Stimulus,1104.814285714286,1171.4,1118.8,1270.3,652.2857142857143,715.0,500.57142857142856,,,,,
SV009,R,148,3,3,1,1,3,Stimulus,2486.38,2944.7,1290.7400000000002,1472.5,579.8,716.0,411.2,,,,,
SV009,R,149,3,3,1,1,3,Stimulus,2401.65,2819.8,1278.4,1426.1,518.5,666.0,558.0,,,,,
SV009,R,150,3,0,0,0,3,Stimulus,1246.9333333333334,1576.9,1048.8,1080.2,609.6666666666666,741.0,406.6666666666667,,,,,
SV009,R,151,3,3,0,0,3,Stimulus,1209.7,1258.7,1054.6,1066.0,618.5,706.0,722.0,,,,,
SV009,R,152,3,0,0,1,3,Stimulus,2877.9,2925.3,1356.6,1363.6,504.0,615.0,580.0,,,,,
SV009,R,153,3,3,0,1,3,Stimulus,,,,,,,,,,,,
SV009,R,154,3,3,1,1,1,Stimulus,2629.6,2920.5,1363.1166666666666,1473.9,570.8333333333334,658.0,213.33333333333334,,,,,
SV009,R,155,3,0,0,1,3,Stimulus,,,,,,,,,,,,
SV009,R,156,2,2,1,0,2,Stimulus,1087.275,1464.4,1125.175,1147.8,612.75,684.0,309.0,,,,,
SV009,R,157,2,0,1,0,2,Stimulus,1151.0333333333333,1251.3,1169.4333333333334,1245.8,649.6666666666666,679.0,492.0,,,,,
SV009,R,158,3,0,0,1,3,Stimulus,2600.95,2888.0,1213.3,1291.6,512.0,628.0,1070.0,,,,,
SV009,R,159,2,2,0,0,2,Stimulus,1165.225,1414.1,1004.5,1053.5,603.25,717.0,507.0,,,,,
SV009,R,160,3,3,1,0,2,Stimulus,1182.8500000000001,1969.5,1175.3166666666666,1242.8,674.0,778.0,340.0,,,,,
SV009,R,161,3,2,1,1,2,Stimulus,2658.9666666666667,2743.7,1386.9333333333334,1509.4,606.6666666666666,614.0,416.0,,,,,
SV009,R,162,3,0,1,1,2,Stimulus,2367.2,2661.4,1291.55,1415.8,521.0,662.0,794.0,,,,,
SV009,R,163,3,2,0,0,2,Stimulus,1113.4333333333332,1223.1,1028.5333333333335,1058.7,585.6666666666666,681.0,473.3333333333333,,,,,
SV009,R,164,2,3,0,1,3,Stimulus,2834.6,2898.1,1261.3999999999999,1396.7,559.6666666666666,623.0,576.0,,,,,
SV009,R,165,3,0,0,0,3,Stimulus,1115.8,1148.8,1011.1,1024.9,595.0,712.0,562.0,,,,,
SV009,R,166,2,3,0,0,2,Stimulus,1085.5666666666666,1122.6,1083.1666666666667,1168.5,647.3333333333334,732.0,572.0,,,,,
SV009,R,167,2,3,0,1,3,Stimulus,2569.34,2897.1,1252.96,1447.3,495.4,641.0,472.0,,,,,
SV009,R,168,2,0,0,1,3,Stimulus,2410.7,2783.3,1136.85,1182.9,546.5,560.0,1008.0,,,,,
SV009,R,169,3,3,0,1,2,Stimulus,2684.733333333333,2920.0,1271.3,1720.3,434.1666666666667,591.0,361.3333333333333,,,,,
SV009,R,170,2,3,1,1,2,Stimulus,2496.45,2791.8,1319.425,1449.7,573.5,676.0,392.0,,,,,
SV009,R,171,2,0,1,1,2,Stimulus,2370.7,2664.4,1286.9,1397.4,558.5,690.0,792.0,,,,,
SV009,R,172,3,3,0,0,2,Stimulus,1146.25,1193.8,1040.35,1047.9,706.5,709.0,378.0,,,,,
SV009,R,173,2,0,1,1,1,Stimulus,2516.866666666667,2777.1,1334.2,1454.1,573.6666666666666,681.0,556.0,,,,,
SV009,R,174,3,0,1,0,2,Stimulus,1025.3999999999999,1184.9,1158.5333333333333,1201.2,589.1666666666666,699.0,492.6666666666667,,,,,
SV009,R,175,2,3,1,1,2,Stimulus,2555.1,2761.0,1347.8,1452.1,563.25,646.0,405.0,,,,,
SV009,R,176,2,0,0,0,3,Stimulus,1098.75,1167.8,1006.25,1042.3,585.0,691.0,489.0,,,,,
SV009,R,177,2,0,1,0,2,Stimulus,1107.6,1156.9,1149.975,1191.0,591.5,694.0,360.0,,,,,
SV009,R,178,2,0,0,1,3,Stimulus,2869.1000000000004,2903.3,1299.45,1368.0,492.0,569.0,704.0,,,,,
SV009,R,179,2,3,0,0,3,Stimulus,1161.6200000000001,1225.3,1084.56,1130.4,611.6,731.0,408.8,,,,,
SV009,R,180,3,3,1,0,3,Stimulus,1336.925,2125.7,1148.2,1216.8,576.0,722.0,346.0,,,,,
SV009,R,181,3,3,1,0,3,Stimulus,1088.5333333333333,1136.2,1137.7333333333333,1175.5,660.6666666666666,731.0,469.3333333333333,,,,,
SV009,R,182,2,0,1,0,3,Stimulus,1089.05,1158.6,1179.275,1199.4,668.0,750.0,423.0,,,,,
SV009,R,183,2,3,1,1,2,Stimulus,2614.7666666666664,2773.1,1390.6333333333332,1484.7,575.0,684.0,476.0,,,,,
SV009,R,184,3,0,1,1,2,Stimulus,2667.05,2727.6,1396.9499999999998,1423.8,489.5,573.0,408.0,,,,,
SV009,R,185,2,0,0,0,3,Stimulus,1058.7,1126.0,1047.6666666666667,1066.9,685.6666666666666,741.0,558.6666666666666,,,,,
SV009,R,186,2,0,1,0,3,Stimulus,1067.075,1131.6,1150.7,1210.0,649.75,740.0,538.0,,,,,
SV009,R,187,3,2,1,0,3,Stimulus,985.05,1061.0,1153.55,1171.8,636.0,735.0,790.0,,,,,
SV009,R,188,3,3,0,0,3,Stimulus,1128.0666666666666,1274.3,1090.0666666666666,1121.6,664.6666666666666,733.0,513.3333333333334,,,,,
SV009,R,189,2,3,0,0,3,Stimulus,1075.6,1123.2,1042.5,1095.4,646.5,736.0,776.0,,,,,
SV009,R,190,2,3,0,1,2,Stimulus,2750.6,2863.5,1314.8333333333333,1387.8,554.0,607.0,529.3333333333334,,,,,
SV009,R,191,2,2,1,0,3,Stimulus,1055.3,1214.1,1155.4250000000002,1240.7,611.5,715.0,435.0,,,,,
SV009,R,192,2,0,1,0,3,Stimulus,1407.3,1796.1,1317.9499999999998,1756.1,502.0,616.0,311.0,,,,,
SV009,R,193,3,0,0,0,3,Stimulus,1058.3,1058.3,1013.7,1013.7,573.0,573.0,1736.0,,,,,
SV009,R,194,2,3,1,0,2,Stimulus,960.7333333333332,1066.3,1193.5333333333335,1222.9,560.8333333333334,702.0,613.3333333333334,,,,,
SV009,R,195,2,0,1,1,2,Stimulus,2561.45,2780.6,1372.075,1486.4,549.75,614.0,275.0,,,,,
SV009,R,196,2,2,0,1,2,Stimulus,2687.2000000000003,2922.1,1293.6833333333334,1523.0,531.5,597.0,588.6666666666666,,,,,
SV009,R,197,2,0,0,0,3,Stimulus,1071.55,1099.7,1116.95,1348.9,580.75,703.0,705.0,,,,,
SV009,R,198,3,2,1,1,1,Stimulus,2501.5,2670.6,1324.6666666666667,1388.6,570.6666666666666,674.0,397.3333333333333,,,,,
SV009,R,199,3,3,1,0,3,Stimulus,1094.15,1293.0,1136.1,1182.4,602.0,712.0,451.0,,,,,
SV009,R,200,2,3,0,0,3,Stimulus,1539.15,1969.1,1048.05,1084.2,593.0,619.0,676.0,,,,,
SV009,R,201,2,2,1,1,2,Stimulus,2447.6,2777.1,1249.8666666666668,1374.2,640.0,712.0,416.0,,,,,
SV009,R,202,3,0,1,1,2,Stimulus,2545.525,2770.5,1327.375,1414.0,623.5,677.0,341.0,,,,,
SV009,R,203,2,3,1,0,2,Stimulus,1275.4769230769232,1947.2,1181.9923076923076,1630.4,686.0769230769231,780.0,353.84615384615387,,,,,
SV009,R,204,3,0,0,0,3,Stimulus,1512.6,1957.9,1100.85,1113.6,692.0,741.0,510.0,,,,,
SV009,R,205,3,0,1,0,3,Stimulus,1255.1,1943.9,1127.9,1217.8,702.8,763.0,332.8,,,,,
SV009,R,206,3,0,0,0,3,Stimulus,1282.3333333333333,1894.7,1113.9666666666665,1149.6,723.0,794.0,542.6666666666666,,,,,
SV009,R,207,3,2,0,1,2,Stimulus,2837.46,2907.0,1508.84,1824.7,541.4,667.0,553.6,,,,,
SV009,R,208,2,0,0,0,3,Stimulus,1148.3666666666666,1420.6,1059.8333333333333,1085.8,682.0,758.0,485.3333333333333,,,,,
SV009,R,209,3,0,1,1,1,Stimulus,2519.9,2688.5,1341.075,1463.4,617.25,685.0,326.0,,,,,
SV009,R,210,3,0,0,1,3,Stimulus,2772.75,2905.6,1341.25,1437.0,586.75,656.0,646.0,,,,,
SV009,R,211,2,0,0,1,3,Stimulus,2736.9,2857.6,1255.2333333333333,1301.9,618.3333333333334,690.0,476.0,,,,,
SV009,R,212,2,0,1,1,1,Stimulus,2698.9,2808.2,1345.4666666666667,1488.4,571.6666666666666,660.0,485.3333333333333,,,,,
SV009,R,213,3,0,0,1,2,Stimulus,2629.9,2629.9,1263.9,1263.9,681.0,681.0,252.0,,,,,
SV009,R,214,2,3,0,0,3,Stimulus,1074.8,1086.6,1116.7333333333333,1234.6,650.3333333333334,744.0,658.6666666666666,,,,,
SV009,R,215,3,2,0,0,2,Stimulus,1195.24,1567.7,1177.04,1258.7,631.4,750.0,342.4,,,,,
SV009,R,216,2,0,0,1,3,Stimulus,2592.32,2910.2,1261.1200000000001,1370.3,587.2,639.0,424.0,,,,,
SV009,R,217,2,0,1,1,1,Stimulus,2670.35,2820.0,1373.8,1481.0,599.75,659.0,352.0,,,,,
SV009,R,218,2,3,1,0,3,Stimulus,1066.8999999999999,1199.8,1123.8666666666666,1183.2,711.3333333333334,791.0,686.6666666666666,,,,,
SV009,R,219,3,3,1,1,1,Stimulus,2565.275,2725.9,1422.325,1670.3,428.25,643.0,315.0,,,,,
SV009,R,220,2,3,0,1,3,Stimulus,2742.133333333333,2862.9,1288.4666666666667,1310.4,579.0,635.0,582.6666666666666,,,,,
SV009,R,221,2,0,1,0,3,Stimulus,1104.9,1374.8,1123.5,1155.4,719.4,785.0,344.8,,,,,
SV009,R,222,3,2,0,0,3,Stimulus,1091.1666666666667,1166.8,1075.0333333333333,1203.8,773.3333333333334,820.0,312.6666666666667,,,,,
SV009,R,223,2,0,0,0,3,Stimulus,1138.325,1266.8,1084.625,1220.0,796.5,854.0,482.0,,,,,
SV009,R,224,2,3,1,1,1,Stimulus,2619.6,2638.7,1339.3000000000002,1359.4,734.0,767.0,504.0,,,,,
SV009,R,225,3,2,1,0,2,Stimulus,963.9200000000001,1078.7,1112.7,1142.3,803.0,852.0,263.2,,,,,
SV009,R,226,3,2,0,1,2,Stimulus,2796.7714285714287,2904.3,1285.7142857142858,1422.2,684.8571428571429,766.0,356.57142857142856,,,,,
SV009,R,227,3,0,0,1,1,Stimulus,2813.566666666667,2855.6,1549.6666666666667,1610.7,673.6666666666666,778.0,357.3333333333333,,,,,
SV009,R,228,2,2,1,0,2,Stimulus,1100.2833333333333,1361.6,1141.1333333333334,1220.0,777.6666666666666,858.0,274.6666666666667,,,,,
SV009,R,229,2,0,0,0,2,Stimulus,1083.4599999999998,1124.6,1115.22,1339.4,759.0,872.0,419.2,,,,,
SV009,R,230,3,2,1,1,2,Stimulus,2890.116666666667,3004.3,1703.2,2556.5,543.3333333333334,742.0,203.33333333333334,,,,,
SV009,R,231,3,0,1,1,2,Stimulus,2649.8333333333335,2828.5,1359.0,1476.6,643.0,776.0,472.0,,,,,
SV009,R,232,3,2,1,0,2,Stimulus,1120.025,1313.8,1146.05,1219.1,680.0,795.0,384.0,,,,,
SV009,R,233,2,2,1,1,2,Stimulus,2588.975,2720.6,1428.125,1683.2,632.5,720.0,335.0,,,,,
SV009,R,234,3,0,1,1,2,Stimulus,2403.8333333333335,2697.2,1295.2,1442.0,601.3333333333334,760.0,541.3333333333334,,,,,
SV009,R,235,3,2,1,1,2,Stimulus,2442.9,2780.1,1304.625,1445.7,571.5,770.0,469.0,,,,,
SV009,R,236,2,3,1,1,2,Stimulus,2495.7000000000003,2630.4,1337.8333333333333,1420.1,604.3333333333334,673.0,620.0,,,,,
SV009,R,237,2,2,1,0,2,Stimulus,883.6,973.0,1133.8799999999999,1156.0,670.2,745.0,321.6,,,,,
SV009,R,238,3,0,1,1,2,Stimulus,2488.05,2773.0,1315.75,1412.3,617.5,680.0,385.0,,,,,
SV009,R,239,3,2,0,1,2,Stimulus,2740.35,2900.4,1206.2,1310.0,639.25,732.0,424.0,,,,,
SV009,R,240,2,2,0,1,2,Stimulus,2195.1,2898.8,1105.3307692307692,1336.0,592.1538461538462,718.0,355.0769230769231,,,,,
SV009,R,241,3,2,0,1,2,Stimulus,2426.3333333333335,3270.0,1042.5111111111112,1505.2,750.5555555555555,869.0,244.88888888888889,,,,,
SV009,R,242,3,3,1,0,3,Stimulus,2045.7,2045.7,1066.2,1066.2,774.0,774.0,260.0,,,,,
SV009,R,243,2,0,0,0,0,Stimulus,1775.35,1971.8,1042.4,1076.9,831.0,889.0,346.0,,,,,
SV009,R,244,2,2,1,0,2,Stimulus,1935.725,2083.7,2358.65,3270.0,823.0,889.0,226.0,,,,,
SV009,R,245,2,3,1,0,3,Stimulus,1808.7,1808.7,1047.3,1047.3,891.0,891.0,340.0,,,,,
SV009,R,246,2,2,1,0,2,Stimulus,2026.5,2026.5,1116.9,1116.9,810.0,810.0,932.0,,,,,
SV009,R,247,3,3,1,0,3,Stimulus,1901.75,2039.9,1149.15,1201.7,782.5,811.0,628.0,,,,,
SV009,R,248,2,0,1,0,0,Stimulus,2005.7,2005.7,1114.1,1114.1,748.0,748.0,908.0,,,,,
SV009,R,249,3,3,0,1,3,Stimulus,2030.6499999999999,2049.2,1043.35,1067.2,792.0,825.0,936.0,,,,,
SV009,R,250,3,2,0,0,2,Stimulus,2046.4499999999998,2370.1,2215.1833333333334,3224.9,745.8333333333334,885.0,318.0,,,,,
SV009,R,251,2,3,1,0,3,Stimulus,1912.2,1912.2,1039.7,1039.7,792.0,792.0,980.0,,,,,
SV009,R,252,2,0,1,0,0,Stimulus,,,,,,,,,,,,
SV009,R,253,2,3,1,1,3,Stimulus,,,,,,,,,,,,
SV009,R,254,3,2,1,1,2,Stimulus,2040.0,2082.3,1071.2,1106.2,840.5,841.0,760.0,,,,,
SV009,R,255,2,3,0,0,3,Stimulus,1960.1666666666667,2040.0,1027.6000000000001,1054.2,847.6666666666666,893.0,412.0,,,,,
SV009,R,256,2,2,0,0,2,Stimulus,,,,,,,,,,,,
SV009,R,257,2,3,0,1,3,Stimulus,,,,,,,,,,,,
SV009,R,258,2,2,1,1,2,Stimulus,,,,,,,,,,,,
SV009,R,259,3,2,0,0,2,Stimulus,,,,,,,,,,,,
SV009,R,260,3,0,1,0,0,Stimulus,2019.7,2019.7,1087.6,1087.6,696.0,696.0,840.0,,,,,
SV009,R,261,3,2,0,0,2,Stimulus,,,,,,,,,,,,
SV009,R,262,2,2,1,1,2,Stimulus,,,,,,,,,,,,
SV009,R,263,3,3,0,1,3,Stimulus,,,,,,,,,,,,
SV009,R,264,2,3,0,0,3,Stimulus,1884.9,1884.9,1059.8,1059.8,849.0,849.0,460.0,,,,,
SV009,R,265,2,3,0,0,3,Stimulus,,,,,,,,,,,,
SV009,R,266,3,0,0,1,0,Stimulus,,,,,,,,,,,,
SV009,R,267,3,3,0,1,3,Stimulus,,,,,,,,,,,,
SV009,R,268,3,0,1,1,0,Stimulus,,,,,,,,,,,,
SV009,R,269,2,2,1,0,2,Stimulus,1867.4,1867.4,1065.4,1065.4,731.0,731.0,496.0,,,,,
SV009,R,270,2,2,0,0,2,Stimulus,,,,,,,,,,,,
SV009,R,271,2,3,1,0,3,Stimulus,,,,,,,,,,,,
SV009,R,272,2,2,0,1,2,Stimulus,,,,,,,,,,,,
SV009,R,273,3,3,1,0,3,Stimulus,,,,,,,,,,,,
SV009,R,274,2,0,0,0,0,Stimulus,,,,,,,,,,,,
SV009,R,275,3,3,0,0,3,Stimulus,1999.5,1999.5,993.1,993.1,743.0,743.0,620.0,,,,,
SV009,R,276,3,2,0,1,2,Stimulus,2203.7,2203.7,1070.5,1070.5,825.0,825.0,872.0,,,,,
SV009,R,277,2,0,0,1,0,Stimulus,,,,,,,,,,,,
SV009,R,278,2,2,1,0,2,Stimulus,,,,,,,,,,,,
SV009,R,279,2,0,0,0,0,Stimulus,1889.35,1934.7,988.4,1023.4,782.5,819.0,440.0,,,,,
SV009,R,280,3,3,0,1,3,Stimulus,2023.4,2023.4,1047.2,1047.2,789.0,789.0,556.0,,,,,
SV009,R,281,3,3,0,0,3,Stimulus,1962.3,1962.3,1055.4,1055.4,812.0,812.0,412.0,,,,,
SV009,R,282,2,0,0,1,0,Stimulus,,,,,,,,,,,,
SV009,R,283,2,3,0,0,3,Stimulus,1923.1,1923.1,1038.6,1038.6,787.0,787.0,964.0,,,,,
SV009,R,284,2,2,1,1,2,Stimulus,1614.5,1614.5,1003.7,1003.7,795.0,795.0,220.0,,,,,
SV009,R,285,3,0,0,1,0,Stimulus,,,,,,,,,,,,
SV009,R,286,3,0,0,0,0,Stimulus,1606.2,1606.2,956.8,956.8,850.0,850.0,536.0,,,,,
SV009,R,287,3,3,0,1,3,Stimulus,2400.8,2400.8,1087.2,1087.2,834.0,834.0,428.0,,,,,
SV009,R,288,3,2,0,0,2,Stimulus,1824.9,1900.1,1004.45,1045.2,825.5,873.0,719.0,,,,,
SV009,R,289,3,2,1,0,2,Stimulus,,,,,,,,,,,,
SV009,R,290,2,3,0,1,3,Stimulus,2098.1,2098.1,1027.7,1027.7,867.0,867.0,484.0,,,,,
SV009,R,291,3,2,0,1,2,Stimulus,2350.5,2519.6,1191.9,1305.3,835.0,856.0,488.0,2.0,2.0,116.0,116.0,24.0
SV009,R,292,3,2,1,1,2,Stimulus,,,,,,,,,,,,
SV009,R,293,2,3,1,1,3,Stimulus,,,,,,,,,,,,
SV009,R,294,2,3,1,1,3,Stimulus,,,,,,,,,,,,
SV009,R,295,3,3,1,0,3,Stimulus,,,,,,,,,,,,
SV009,R,296,2,3,1,1,3,Stimulus,,,,,,,,,,,,
SV009,R,297,3,2,1,1,2,Stimulus,,,,,,,,,,,,
SV009,R,298,2,0,0,0,3,Stimulus,2013.1,2013.1,853.9,853.9,769.0,769.0,160.0,,,,,
SV009,R,299,2,2,0,0,2,Stimulus,,,,,,,,,,,,
SV009,R,300,2,3,1,0,3,Stimulus,2054.5,2145.0,681.5500000000001,963.5,722.3333333333334,739.0,290.6666666666667,,,,,
SV009,R,301,3,2,0,0,2,Stimulus,1914.0,2107.8,902.32,1097.5,767.6,866.0,672.0,,,,,
SV009,R,302,3,3,1,1,3,Stimulus,2144.633333333333,2345.1,962.8666666666667,1214.4,741.3333333333334,798.0,297.3333333333333,,,,,
SV009,R,303,3,2,1,1,2,Stimulus,2184.633333333333,2570.4,975.0,1276.2,736.0,788.0,441.3333333333333,,,,,
SV009,R,304,2,2,0,1,2,Stimulus,,,,,,,,,,,,
SV009,R,305,2,2,0,0,2,Stimulus,1983.8,1983.8,1154.2,1154.2,680.0,680.0,408.0,,,,,
SV009,R,306,3,2,1,1,2,Stimulus,2020.2,2020.2,967.6,967.6,752.0,752.0,236.0,,,,,
SV009,R,307,2,2,1,1,2,Stimulus,2048.7,2048.7,1074.1,1074.1,678.0,678.0,352.0,,,,,
SV009,R,308,3,3,1,1,3,Stimulus,,,,,,,,,,,,
SV009,R,309,2,3,0,1,3,Stimulus,,,,,,,,,,,,
SV009,R,310,2,2,0,1,2,Stimulus,,,,,,,,,,,,
SV009,R,311,3,3,0,1,3,Stimulus,,,,,,,,,,,,
SV009,R,312,3,3,0,1,3,Stimulus,,,,,,,,,,,,
SV009,R,313,2,3,0,1,3,Stimulus,,,,,,,,,,,,
SV009,R,314,2,0,0,0,0,Stimulus,,,,,,,,,,,,
SV009,R,315,3,0,1,0,0,Stimulus,,,,,,,,,,,,
SV009,R,316,3,2,0,1,2,Stimulus,,,,,,,,,,,,
SV009,R,317,2,0,1,1,0,Stimulus,,,,,,,,,,,,
SV009,R,318,3,0,0,1,0,Stimulus,1981.3,1981.3,1045.5,1045.5,702.0,702.0,408.0,,,,,
SV009,R,319,3,3,1,1,3,Stimulus,2031.4,2031.4,1090.1,1090.1,769.0,769.0,272.0,,,,,
SV009,R,320,3,3,0,1,3,Stimulus,2084.4333333333334,2156.4,752.6,912.4,714.3333333333334,738.0,270.6666666666667,,,,,
SV009,R,321,2,2,1,0,2,Stimulus,2054.0,2054.0,750.4,750.4,703.0,703.0,320.0,,,,,
SV009,R,322,3,3,0,0,3,Stimulus,1812.55,2036.0,829.75,1024.6,805.5,888.0,194.0,,,,,
SV009,R,323,3,0,0,1,0,Stimulus,2065.0166666666664,2171.2,955.2666666666668,1157.5,809.6666666666666,859.0,342.6666666666667,,,,,
SV009,R,324,3,3,0,0,3,Stimulus,2009.9000000000003,2067.5,887.0666666666666,1041.2,816.0,890.0,234.66666666666666,,,,,
SV009,R,325,2,0,1,1,0,Stimulus,,,,,,,,,,,,
SV009,R,326,3,2,0,0,2,Stimulus,1992.2666666666667,2045.5,885.1,1076.5,814.6666666666666,902.0,277.3333333333333,,,,,
SV009,R,327,2,2,1,0,2,Stimulus,1853.8799999999999,2080.9,962.4200000000001,1175.3,862.2,939.0,285.6,,,,,
SV009,R,328,2,3,0,0,3,Stimulus,2061.15,2114.4,749.65,992.9,823.5,898.0,308.0,,,,,
SV009,R,329,3,0,0,0,0,Stimulus,1975.9,1975.9,995.6,995.6,827.0,827.0,216.0,,,,,
SV009,R,330,2,3,1,0,3,Stimulus,1719.95,1738.0,1040.0,1089.5,883.5,888.0,280.0,,,,,
SV009,R,331,2,0,1,0,0,Stimulus,1982.3,1982.3,1097.5,1097.5,849.0,849.0,864.0,,,,,
SV009,R,332,2,0,1,1,0,Stimulus,,,,,,,,,,,,
SV009,R,333,3,3,1,0,3,Stimulus,1510.675,1554.8,2696.975,3270.0,627.75,900.0,619.0,,,,,
SV009,R,334,2,0,1,0,0,Stimulus,2050.85,2087.6,1306.85,1537.1,765.5,874.0,234.0,,,,,
SV009,R,335,3,3,1,0,3,Stimulus,2033.1,2033.1,862.8,862.8,698.0,698.0,268.0,,,,,
SV009,R,336,3,3,0,0,3,Stimulus,2014.9,2014.9,1059.3,1059.3,755.0,755.0,376.0,,,,,
SV009,R,337,3,3,0,0,3,Stimulus,2047.2,2047.2,983.7,983.7,714.0,714.0,560.0,,,,,
SV009,R,338,3,0,0,0,0,Stimulus,,,,,,,,,,,,
SV009,R,339,3,2,0,1,2,Stimulus,2036.25,2060.2,1052.65,1102.8,775.5,820.0,446.0,,,,,
SV009,R,340,3,2,0,0,2,Stimulus,1626.9833333333333,2095.2,1010.8333333333334,1209.8,822.3333333333334,898.0,538.0,,,,,
SV009,R,341,3,0,0,1,0,Stimulus,,,,,,,,,,,,
SV009,R,342,3,2,0,1,2,Stimulus,,,,,,,,,,,,
SV009,R,343,3,3,1,1,3,Stimulus,1951.65,2061.8,1187.0,1346.1,740.5,790.0,656.0,,,,,
SV009,R,344,3,0,0,0,0,Stimulus,,,,,,,,,,,,
SV009,R,345,3,2,1,0,2,Stimulus,,,,,,,,,,,,
SV009,R,346,3,3,0,1,3,Stimulus,2136.4,2136.4,1591.6,1591.6,573.0,573.0,20.0,,,,,
SV009,R,347,2,0,0,0,0,Stimulus,2104.1,2104.1,1107.4,1107.4,648.0,648.0,252.0,,,,,
SV009,R,348,3,2,0,0,2,Stimulus,,,,,,,,,,,,
SV009,R,349,3,3,0,0,3,Stimulus,1831.2,1831.2,1109.8,1109.8,752.0,752.0,332.0,,,,,
SV009,R,350,2,3,0,1,3,Stimulus,,,,,,,,,,,,
SV009,R,351,2,0,1,1,0,Stimulus,,,,,,,,,,,,
SV009,R,352,2,0,0,1,0,Stimulus,,,,,,,,,,,,
SV009,R,353,3,3,0,0,3,Stimulus,,,,,,,,,,,,
SV009,R,354,2,2,0,1,2,Stimulus,2122.0,2249.0,854.9666666666666,1002.8,797.6666666666666,827.0,270.6666666666667,,,,,
SV009,R,355,2,2,0,0,2,Stimulus,,,,,,,,,,,,
SV009,R,356,3,3,1,0,3,Stimulus,2021.9,2030.9,1147.3,1213.1,753.0,814.0,442.0,,,,,
SV009,R,357,2,0,0,1,0,Stimulus,,,,,,,,,,,,
SV009,R,358,3,2,1,1,2,Stimulus,,,,,,,,,,,,
SV009,R,359,2,2,1,0,2,Stimulus,,,,,,,,,,,,
SV009,R,360,3,2,1,1,2,Stimulus,2194.5,2194.5,1068.8,1068.8,720.0,720.0,328.0,,,,,
SV009,R,361,3,0,0,1,0,Stimulus,,,,,,,,,,,,
SV009,R,362,3,3,1,1,3,Stimulus,,,,,,,,,,,,
SV009,R,363,3,2,1,0,2,Stimulus,,,,,,,,,,,,
SV009,R,364,3,2,1,0,2,Stimulus,,,,,,,,,,,,
SV009,R,365,3,2,1,1,2,Stimulus,,,,,,,,,,,,
SV009,R,366,2,2,0,0,2,Stimulus,,,,,,,,,,,,
SV009,R,367,3,0,1,0,0,Stimulus,,,,,,,,,,,,
SV009,R,368,2,3,1,1,3,Stimulus,,,,,,,,,,,,
SV009,R,369,3,2,1,0,2,Stimulus,,,,,,,,,,,,
SV009,R,370,2,0,1,0,0,Stimulus,,,,,,,,,,,,
SV009,R,371,2,0,1,1,0,Stimulus,,,,,,,,,,,,
SV009,R,372,3,3,1,1,3,Stimulus,,,,,,,,,,,,
SV009,R,373,2,0,0,1,0,Stimulus,,,,,,,,,,,,
SV009,R,374,2,0,1,1,0,Stimulus,,,,,,,,,,,,
SV009,R,375,3,3,1,0,3,Stimulus,,,,,,,,,,,,
SV009,R,376,3,0,0,1,0,Stimulus,,,,,,,,,,,,
SV009,R,377,2,3,0,0,3,Stimulus,,,,,,,,,,,,
SV009,R,378,2,0,0,1,0,Stimulus,,,,,,,,,,,,
SV009,R,379,2,2,0,1,2,Stimulus,2121.6,2121.6,1413.2,1413.2,627.0,627.0,28.0,,,,,
SV009,R,380,3,0,1,0,0,Stimulus,,,,,,,,,,,,
SV009,R,381,2,0,1,0,0,Stimulus,,,,,,,,,,,,
SV009,R,382,2,0,1,0,0,Stimulus,,,,,,,,,,,,
SV009,R,383,2,2,0,1,2,Stimulus,2070.8,2070.8,1246.9,1246.9,665.0,665.0,212.0,,,,,
SV009,R,384,3,0,1,1,0,Stimulus,2078.4,2078.4,1103.8,1103.8,743.0,743.0,264.0,,,,,
SV009,R,385,3,2,0,1,2,Stimulus,2201.116666666667,2489.8,1068.95,1144.0,796.6666666666666,875.0,664.6666666666666,,,,,
SV009,R,386,2,0,1,0,0,Stimulus,,,,,,,,,,,,
SV009,R,387,3,3,1,1,3,Stimulus,,,,,,,,,,,,
SV009,R,388,3,2,1,0,2,Stimulus,,,,,,,,,,,,
SV009,R,389,3,0,1,0,0,Stimulus,,,,,,,,,,,,
SV009,R,390,2,3,1,0,3,Stimulus,2001.7,2001.7,1111.7,1111.7,663.0,663.0,452.0,,,,,
SV009,R,391,2,0,0,0,0,Stimulus,,,,,,,,,,,,
SV009,R,392,2,0,1,1,0,Stimulus,,,,,,,,,,,,
SV009,R,393,3,3,1,1,3,Stimulus,1973.8,1973.8,762.1,762.1,681.0,681.0,308.0,,,,,
SV009,R,394,3,2,1,0,2,Stimulus,,,,,,,,,,,,
SV009,R,395,2,0,0,0,0,Stimulus,,,,,,,,,,,,
SV009,R,396,3,3,1,1,3,Stimulus,,,,,,,,,,,,
SV009,R,397,3,0,1,1,0,Stimulus,,,,,,,,,,,,
SV009,R,398,2,2,0,1,2,Stimulus,,,,,,,,,,,,
SV009,R,399,2,3,0,0,3,Stimulus,2026.2,2026.2,2063.5,2063.5,426.0,426.0,28.0,,,,,
SV009,R,400,2,0,0,0,0,Stimulus,1813.25,1929.2,1145.95,1156.2,693.0,724.0,346.0,,,,,
SV009,R,401,2,0,0,1,0,Stimulus,,,,,,,,,,,,
SV009,R,402,2,3,1,0,3,Stimulus,2226.133333333333,2586.3,1879.1333333333332,3270.0,735.3333333333334,826.0,406.6666666666667,,,,,
SV009,R,403,3,3,0,0,3,Stimulus,,,,,,,,,,,,
SV009,R,404,2,3,0,1,3,Stimulus,,,,,,,,,,,,
SV009,R,405,2,3,1,1,3,Stimulus,2140.4,2140.4,1489.8,1489.8,624.0,624.0,28.0,,,,,
SV009,R,406,3,2,0,1,2,Stimulus,,,,,,,,,,,,
SV009,R,407,2,2,1,1,2,Stimulus,,,,,,,,,,,,
SV009,R,408,3,0,1,0,0,Stimulus,,,,,,,,,,,,
SV009,R,409,2,2,0,0,2,Stimulus,,,,,,,,,,,,
SV009,R,410,2,2,1,0,2,Stimulus,,,,,,,,,,,,
SV009,R,411,2,0,0,1,3,Stimulus,,,,,,,,,,,,
SV009,R,412,2,2,1,1,2,Stimulus,2239.75,2323.5,1026.6,1092.3,805.0,825.0,264.0,,,,,
SV009,R,413,3,2,0,0,2,Stimulus,1430.225,2027.4,1320.85,1573.5,730.0,885.0,95.0,,,,,
SV009,R,414,2,2,0,1,2,Stimulus,2440.45,2668.2,1102.85,1111.3,789.0,821.0,328.0,,,,,
SV009,R,415,3,2,1,1,2,Stimulus,2251.3333333333335,2536.7,1136.0333333333333,1193.8,848.6666666666666,864.0,408.0,0.8,0.8,74.0,74.0,16.0
SV009,R,416,2,3,0,0,2,Stimulus,1972.65,2047.5,928.55,1044.3,824.0,872.0,726.0,1.2,1.2,944.0,944.0,152.0
SV009,R,417,3,0,0,0,0,Stimulus,2013.7,2013.7,1104.7,1104.7,668.0,668.0,620.0,,,,,
SV009,R,418,3,3,0,0,3,Stimulus,,,,,,,,,,,,
SV009,R,419,3,0,1,0,0,Stimulus,,,,,,,,,,,,
SV009,R,420,2,0,0,1,0,Stimulus,,,,,,,,,,,,
SV009,R,421,2,3,0,0,3,Stimulus,,,,,,,,,,,,
SV009,R,422,2,2,0,0,2,Stimulus,,,,,,,,,,,,
SV009,R,423,3,2,1,0,2,Stimulus,1886.75,2034.8,1139.45,1145.7,775.0,820.0,374.0,,,,,
SV009,R,424,2,0,1,1,0,Stimulus,,,,,,,,,,,,
SV009,R,425,2,3,1,1,3,Stimulus,,,,,,,,,,,,
SV009,R,426,2,0,1,1,0,Stimulus,2022.0,2022.0,1176.6,1176.6,781.0,781.0,324.0,,,,,
SV009,R,427,2,2,0,0,2,Stimulus,2121.1,2543.6,1834.2,3270.0,596.5,672.0,121.0,,,,,
SV009,R,428,3,0,1,1,0,Stimulus,2023.4,2023.4,1199.6,1199.6,778.0,778.0,1004.0,0.8,0.8,71.0,71.0,16.0
SV009,R,429,2,2,1,1,2,Stimulus,2012.5,2012.5,1198.4,1198.4,787.0,787.0,384.0,,,,,
SV009,R,430,2,3,1,0,3,Stimulus,1687.7,1687.7,1088.4,1088.4,835.0,835.0,396.0,,,,,
SV009,R,431,2,2,0,1,2,Stimulus,,,,,,,,,,,,
SV009,R,432,3,0,1,1,0,Stimulus,,,,,,,,,,,,
SV009,R,433,3,0,0,1,0,Stimulus,2042.925,2122.2,1148.475,1185.4,827.0,853.0,694.0,,,,,
SV009,R,434,3,2,1,0,2,Stimulus,1868.5666666666666,1936.5,1082.3666666666666,1097.0,845.3333333333334,896.0,2000.0,,,,,
SV009,R,435,3,3,1,0,3,Stimulus,,,,,,,,,,,,
SV009,R,436,3,0,1,0,0,Stimulus,,,,,,,,,,,,
SV009,R,437,3,0,1,0,0,Stimulus,,,,,,,,,,,,
SV009,R,438,2,3,1,1,3,Stimulus,,,,,,,,,,,,
SV009,R,439,2,0,0,1,0,Stimulus,,,,,,,,,,,,
SV009,R,440,2,3,1,0,3,Stimulus,1964.3,1964.3,1123.9,1123.9,733.0,733.0,292.0,,,,,
SV009,R,441,3,0,0,0,0,Stimulus,1993.5,1993.5,1145.3,1145.3,615.0,615.0,400.0,,,,,
SV009,R,442,2,2,1,1,2,Stimulus,,,,,,,,,,,,
SV009,R,443,3,3,0,1,3,Stimulus,2134.7,2134.7,1148.0,1148.0,787.0,787.0,704.0,,,,,
SV009,R,444,3,3,1,1,3,Stimulus,1986.3,1986.3,1133.4,1133.4,673.0,673.0,432.0,,,,,
SV009,R,445,3,2,0,0,2,Stimulus,2018.15,2051.0,902.75,1114.2,672.0,717.0,156.0,,,,,
SV009,R,446,2,2,1,0,2,Stimulus,1984.5,1984.5,986.7,986.7,701.0,701.0,224.0,,,,,
SV009,R,447,2,3,1,1,3,Stimulus,,,,,,,,,,,,
SV009,R,448,3,3,1,0,3,Stimulus,,,,,,,,,,,,
SV009,R,449,2,0,0,0,0,Stimulus,,,,,,,,,,,,
SV009,R,450,3,2,0,1,2,Stimulus,,,,,,,,,,,,
SV009,R,451,3,0,0,0,0,Stimulus,,,,,,,,,,,,
SV009,R,452,3,0,0,0,0,Stimulus,,,,,,,,,,,,
SV009,R,453,2,3,0,1,3,Stimulus,2106.9,2177.6,1331.7,1608.4,562.5,632.0,378.0,,,,,
SV009,R,454,3,0,0,0,0,Stimulus,,,,,,,,,,,,
SV009,R,455,3,0,1,0,0,Stimulus,,,,,,,,,,,,
SV009,R,456,2,0,1,0,0,Stimulus,,,,,,,,,,,,
SV009,R,457,3,0,1,1,0,Stimulus,,,,,,,,,,,,
SV009,R,458,2,2,0,1,2,Stimulus,2182.5555555555557,2735.6,748.8111111111111,1226.6,766.3333333333334,819.0,319.55555555555554,,,,,
SV009,R,459,3,0,0,1,0,Stimulus,,,,,,,,,,,,
SV009,R,460,2,3,0,1,3,Stimulus,2565.4,2565.4,1098.1,1098.1,783.0,783.0,364.0,,,,,
SV009,R,461,2,2,1,1,3,Stimulus,2062.68,2170.9,847.04,1105.3,746.2,845.0,184.8,,,,,
SV009,R,462,2,0,1,0,0,Stimulus,2000.1,2017.3,1272.4,1375.0,710.0,769.0,412.0,,,,,
SV009,R,463,3,2,1,1,3,Stimulus,1953.8,1953.8,613.0,613.0,734.0,734.0,272.0,,,,,
SV009,R,464,3,2,0,1,3,Stimulus,2028.1,2028.1,1198.4,1198.4,758.0,758.0,356.0,,,,,
SV009,R,465,3,0,1,1,0,Stimulus,1969.6666666666667,1996.5,902.5333333333333,1117.3,754.6666666666666,762.0,437.3333333333333,,,,,
SV009,R,466,2,3,0,1,1,Stimulus,2040.1000000000001,2097.1,784.1999999999999,1142.3,697.3333333333334,728.0,242.66666666666666,,,,,
SV009,R,467,3,0,1,1,0,Stimulus,,,,,,,,,,,,
SV009,R,468,2,2,1,0,3,Stimulus,2051.5,2126.3,1037.7333333333333,1370.6,644.6666666666666,741.0,101.33333333333333,,,,,
SV009,R,469,3,0,1,1,0,Stimulus,2178.58,2404.0,1123.7599999999998,1448.6,739.6,794.0,432.8,,,,,
SV009,R,470,2,2,1,1,3,Stimulus,2115.2000000000003,2353.2,931.1333333333333,1233.8,792.0,863.0,424.0,,,,,
SV009,R,471,2,0,1,1,0,Stimulus,1976.6,1976.6,568.5,568.5,595.0,595.0,224.0,,,,,
SV009,R,472,3,0,1,1,0,Stimulus,,,,,,,,,,,,
SV009,R,473,2,3,1,1,1,Stimulus,,,,,,,,,,,,
SV009,R,474,2,2,0,0,3,Stimulus,,,,,,,,,,,,
SV009,R,475,2,3,0,0,1,Stimulus,1895.7,1895.7,1058.9,1058.9,773.0,773.0,904.0,,,,,
SV009,R,476,2,3,1,0,1,Stimulus,,,,,,,,,,,,
SV009,R,477,3,0,0,1,0,Stimulus,,,,,,,,,,,,
SV009,R,478,2,3,0,1,1,Stimulus,,,,,,,,,,,,
SV009,R,479,3,0,0,0,0,Stimulus,,,,,,,,,,,,
SV009,R,480,3,2,1,0,3,Stimulus,2001.0,2001.0,659.0,659.0,719.0,719.0,224.0,,,,,
