subj_id,eye,trial_no,n_flash,n_beep,direction,blindspot,response,phase,fixation_x_mean,fixation_x_max,fixation_y_mean,fixation_y_max,pupil_avg_mean,pupil_avg_max,fixation_duration_mean,saccade_amplitude_mean,saccade_amplitude_max,saccade_velocity_mean,saccade_velocity_max,saccade_duration_mean
SV018,L,1,3,0,0,0,3,Fixation,,,,,,,,,,,,
SV018,L,2,3,2,1,1,2,Fixation,,,,,,,,,,,,
SV018,L,3,3,0,0,1,3,Fixation,,,,,,,,,,,,
SV018,L,4,3,0,1,1,3,Fixation,,,,,,,,,,,,
SV018,L,5,3,0,1,0,3,Fixation,,,,,,,,,,,,
SV018,L,6,3,0,0,1,3,Fixation,,,,,,,,,,,,
SV018,L,7,2,2,0,0,2,Fixation,,,,,,,,,,,,
SV018,L,8,2,3,0,1,3,Fixation,,,,,,,,,,,,
SV018,L,9,3,2,1,1,2,Fixation,,,,,,,,,,,,
SV018,L,10,2,3,0,0,3,Fixation,,,,,,,,,,,,
SV018,L,11,3,2,1,0,2,Fixation,,,,,,,,,,,,
SV018,L,12,2,2,1,0,2,Fixation,,,,,,,,,,,,
SV018,L,13,3,2,1,0,3,Fixation,,,,,,,,,,,,
SV018,L,14,2,2,0,0,2,Fixation,,,,,,,,,,,,
SV018,L,15,3,3,1,0,3,Fixation,,,,,,,,,,,,
SV018,L,16,2,2,1,1,2,Fixation,,,,,,,,,,,,
SV018,L,17,2,0,1,0,3,Fixation,,,,,,,,,,,,
SV018,L,18,3,2,0,1,3,Fixation,,,,,,,,,,,,
SV018,L,19,2,0,0,1,2,Fixation,,,,,,,,,,,,
SV018,L,20,2,0,1,1,3,Fixation,,,,,,,,,,,,
SV018,L,21,2,0,0,0,2,Fixation,,,,,,,,,,,,
SV018,L,22,3,0,0,0,3,Fixation,,,,,,,,,,,,
SV018,L,23,2,3,0,1,3,Fixation,,,,,,,,,,,,
SV018,L,24,2,0,1,0,2,Fixation,,,,,,,,,,,,
SV018,L,25,3,0,0,1,2,Fixation,,,,,,,,,,,,
SV018,L,26,2,0,0,1,3,Fixation,,,,,,,,,,,,
SV018,L,27,3,2,0,0,2,Fixation,,,,,,,,,,,,
SV018,L,28,2,3,0,1,3,Fixation,,,,,,,,,,,,
SV018,L,29,3,3,1,1,3,Fixation,,,,,,,,,,,,
SV018,L,30,2,3,0,1,3,Fixation,,,,,,,,,,,,
SV018,L,31,3,0,0,1,3,Fixation,,,,,,,,,,,,
SV018,L,32,3,2,0,1,2,Fixation,,,,,,,,,,,,
SV018,L,33,2,2,1,1,2,Fixation,,,,,,,,,,,,
SV018,L,34,2,3,1,0,3,Fixation,,,,,,,,,,,,
SV018,L,35,3,2,1,1,2,Fixation,,,,,,,,,,,,
SV018,L,36,3,0,1,1,2,Fixation,,,,,,,,,,,,
SV018,L,37,3,0,0,1,3,Fixation,,,,,,,,,,,,
SV018,L,38,3,3,0,1,3,Fixation,,,,,,,,,,,,
SV018,L,39,3,2,1,0,2,Fixation,,,,,,,,,,,,
SV018,L,40,3,2,0,1,2,Fixation,,,,,,,,,,,,
SV018,L,41,3,3,1,0,3,Fixation,,,,,,,,,,,,
SV018,L,42,3,3,0,1,3,Fixation,,,,,,,,,,,,
SV018,L,43,3,3,0,0,3,Fixation,,,,,,,,,,,,
SV018,L,44,2,0,1,0,3,Fixation,,,,,,,,,,,,
SV018,L,45,2,0,1,0,3,Fixation,,,,,,,,,,,,
SV018,L,46,2,0,0,0,3,Fixation,,,,,,,,,,,,
SV018,L,47,3,2,0,0,3,Fixation,,,,,,,,,,,,
SV018,L,48,3,3,0,0,3,Fixation,,,,,,,,,,,,
SV018,L,49,2,2,1,1,2,Fixation,,,,,,,,,,,,
SV018,L,50,2,2,0,1,2,Fixation,,,,,,,,,,,,
SV018,L,51,2,2,0,0,2,Fixation,,,,,,,,,,,,
SV018,L,52,2,3,1,1,3,Fixation,,,,,,,,,,,,
SV018,L,53,2,3,1,1,3,Fixation,,,,,,,,,,,,
SV018,L,54,2,3,0,1,3,Fixation,,,,,,,,,,,,
SV018,L,55,2,0,1,0,3,Fixation,,,,,,,,,,,,
SV018,L,56,3,3,1,0,3,Fixation,,,,,,,,,,,,
SV018,L,57,2,3,1,1,3,Fixation,,,,,,,,,,,,
SV018,L,58,3,3,1,0,3,Fixation,,,,,,,,,,,,
SV018,L,59,2,2,0,1,2,Fixation,,,,,,,,,,,,
SV018,L,60,3,2,0,0,2,Fixation,,,,,,,,,,,,
SV018,L,61,2,3,1,0,3,Fixation,,,,,,,,,,,,
SV018,L,62,3,0,0,0,3,Fixation,,,,,,,,,,,,
SV018,L,63,2,0,0,1,3,Fixation,,,,,,,,,,,,
SV018,L,64,3,0,0,0,3,Fixation,,,,,,,,,,,,
SV018,L,65,2,2,0,0,2,Fixation,,,,,,,,,,,,
SV018,L,66,2,3,0,0,3,Fixation,,,,,,,,,,,,
SV018,L,67,2,0,0,1,3,Fixation,,,,,,,,,,,,
SV018,L,68,2,3,1,1,3,Fixation,,,,,,,,,,,,
SV018,L,69,3,2,0,1,2,Fixation,,,,,,,,,,,,
SV018,L,70,2,0,0,0,2,Fixation,,,,,,,,,,,,
SV018,L,71,2,3,1,0,3,Fixation,,,,,,,,,,,,
SV018,L,72,3,2,0,0,2,Fixation,,,,,,,,,,,,
SV018,L,73,2,0,1,1,3,Fixation,,,,,,,,,,,,
SV018,L,74,2,2,0,0,2,Fixation,,,,,,,,,,,,
SV018,L,75,2,0,0,1,3,Fixation,,,,,,,,,,,,
SV018,L,76,3,0,1,0,3,Fixation,,,,,,,,,,,,
SV018,L,77,2,3,0,0,3,Fixation,,,,,,,,,,,,
SV018,L,78,3,2,0,0,3,Fixation,,,,,,,,,,,,
SV018,L,79,3,0,1,0,3,Fixation,,,,,,,,,,,,
SV018,L,80,2,2,1,0,2,Fixation,,,,,,,,,,,,
SV018,L,81,3,0,1,1,3,Fixation,,,,,,,,,,,,
SV018,L,82,3,2,1,1,2,Fixation,,,,,,,,,,,,
SV018,L,83,3,0,0,0,3,Fixation,,,,,,,,,,,,
SV018,L,84,3,2,0,1,3,Fixation,,,,,,,,,,,,
SV018,L,85,3,3,0,0,3,Fixation,,,,,,,,,,,,
SV018,L,86,2,0,0,0,3,Fixation,,,,,,,,,,,,
SV018,L,87,2,0,1,1,2,Fixation,,,,,,,,,,,,
SV018,L,88,2,2,1,0,2,Fixation,,,,,,,,,,,,
SV018,L,89,2,0,0,0,2,Fixation,,,,,,,,,,,,
SV018,L,90,2,2,1,0,2,Fixation,,,,,,,,,,,,
SV018,L,91,2,2,0,1,2,Fixation,,,,,,,,,,,,
SV018,L,92,2,2,0,1,2,Fixation,,,,,,,,,,,,
SV018,L,93,3,0,1,1,3,Fixation,,,,,,,,,,,,
SV018,L,94,2,2,1,0,2,Fixation,,,,,,,,,,,,
SV018,L,95,3,3,1,1,3,Fixation,,,,,,,,,,,,
SV018,L,96,2,0,1,0,2,Fixation,,,,,,,,,,,,
SV018,L,97,3,0,0,1,3,Fixation,,,,,,,,,,,,
SV018,L,98,2,3,1,1,3,Fixation,,,,,,,,,,,,
SV018,L,99,3,3,0,1,3,Fixation,,,,,,,,,,,,
SV018,L,100,3,3,0,1,3,Fixation,,,,,,,,,,,,
SV018,L,101,2,0,0,0,3,Fixation,,,,,,,,,,,,
SV018,L,102,2,3,1,1,3,Fixation,,,,,,,,,,,,
SV018,L,103,2,2,0,1,2,Fixation,,,,,,,,,,,,
SV018,L,104,2,2,1,1,2,Fixation,,,,,,,,,,,,
SV018,L,105,2,2,1,1,2,Fixation,,,,,,,,,,,,
SV018,L,106,3,3,0,0,3,Fixation,,,,,,,,,,,,
SV018,L,107,2,3,0,1,3,Fixation,,,,,,,,,,,,
SV018,L,108,2,0,1,1,3,Fixation,,,,,,,,,,,,
SV018,L,109,2,0,0,1,3,Fixation,,,,,,,,,,,,
SV018,L,110,2,0,0,0,3,Fixation,,,,,,,,,,,,
SV018,L,111,3,0,1,0,3,Fixation,,,,,,,,,,,,
SV018,L,112,2,3,0,0,3,Fixation,,,,,,,,,,,,
SV018,L,113,2,2,0,1,2,Fixation,,,,,,,,,,,,
SV018,L,114,2,2,1,0,2,Fixation,,,,,,,,,,,,
SV018,L,115,3,0,1,0,3,Fixation,,,,,,,,,,,,
SV018,L,116,2,3,1,1,3,Fixation,,,,,,,,,,,,
SV018,L,117,2,3,0,1,3,Fixation,,,,,,,,,,,,
SV018,L,118,3,0,1,0,3,Fixation,,,,,,,,,,,,
SV018,L,119,3,3,1,0,3,Fixation,,,,,,,,,,,,
SV018,L,120,2,0,1,1,3,Fixation,,,,,,,,,,,,
SV018,L,121,3,3,0,0,3,Fixation,,,,,,,,,,,,
SV018,L,122,2,3,1,0,3,Fixation,,,,,,,,,,,,
SV018,L,123,3,2,0,1,2,Fixation,,,,,,,,,,,,
SV018,L,124,2,0,0,1,2,Fixation,,,,,,,,,,,,
SV018,L,125,2,0,1,0,2,Fixation,,,,,,,,,,,,
SV018,L,126,3,0,0,1,3,Fixation,,,,,,,,,,,,
SV018,L,127,3,2,0,0,2,Fixation,,,,,,,,,,,,
SV018,L,128,3,3,1,1,3,Fixation,,,,,,,,,,,,
SV018,L,129,3,0,1,1,3,Fixation,,,,,,,,,,,,
SV018,L,130,3,2,1,1,2,Fixation,,,,,,,,,,,,
SV018,L,131,2,2,1,1,2,Fixation,,,,,,,,,,,,
SV018,L,132,3,3,1,1,3,Fixation,,,,,,,,,,,,
SV018,L,133,2,3,1,0,3,Fixation,,,,,,,,,,,,
SV018,L,134,2,3,1,0,3,Fixation,,,,,,,,,,,,
SV018,L,135,3,3,1,1,3,Fixation,,,,,,,,,,,,
SV018,L,136,3,2,1,0,2,Fixation,,,,,,,,,,,,
SV018,L,137,2,2,1,1,2,Fixation,,,,,,,,,,,,
SV018,L,138,2,3,1,1,3,Fixation,,,,,,,,,,,,
SV018,L,139,2,2,1,1,2,Fixation,,,,,,,,,,,,
SV018,L,140,3,0,0,0,3,Fixation,,,,,,,,,,,,
SV018,L,141,3,0,1,1,3,Fixation,,,,,,,,,,,,
SV018,L,142,3,2,1,0,2,Fixation,,,,,,,,,,,,
SV018,L,143,3,0,0,0,3,Fixation,,,,,,,,,,,,
SV018,L,144,2,2,0,1,2,Fixation,,,,,,,,,,,,
SV018,L,145,2,0,0,0,3,Fixation,,,,,,,,,,,,
SV018,L,146,3,0,1,1,2,Fixation,,,,,,,,,,,,
SV018,L,147,2,3,1,0,3,Fixation,,,,,,,,,,,,
SV018,L,148,2,3,0,0,3,Fixation,,,,,,,,,,,,
SV018,L,149,2,3,1,1,3,Fixation,,,,,,,,,,,,
SV018,L,150,3,3,0,1,3,Fixation,,,,,,,,,,,,
SV018,L,151,2,3,0,0,3,Fixation,,,,,,,,,,,,
SV018,L,152,2,3,0,1,3,Fixation,,,,,,,,,,,,
SV018,L,153,3,2,1,0,3,Fixation,,,,,,,,,,,,
SV018,L,154,2,2,1,0,2,Fixation,,,,,,,,,,,,
SV018,L,155,3,3,0,1,3,Fixation,,,,,,,,,,,,
SV018,L,156,2,2,1,1,2,Fixation,,,,,,,,,,,,
SV018,L,157,2,2,0,1,2,Fixation,,,,,,,,,,,,
SV018,L,158,2,0,0,0,2,Fixation,,,,,,,,,,,,
SV018,L,159,3,2,1,0,2,Fixation,,,,,,,,,,,,
SV018,L,160,3,3,0,0,3,Fixation,,,,,,,,,,,,
SV018,L,161,3,2,0,1,2,Fixation,,,,,,,,,,,,
SV018,L,162,3,0,1,0,3,Fixation,,,,,,,,,,,,
SV018,L,163,3,2,1,0,2,Fixation,,,,,,,,,,,,
SV018,L,164,3,3,1,1,3,Fixation,,,,,,,,,,,,
SV018,L,165,3,3,1,0,3,Fixation,,,,,,,,,,,,
SV018,L,166,3,2,1,1,2,Fixation,,,,,,,,,,,,
SV018,L,167,3,3,1,1,3,Fixation,,,,,,,,,,,,
SV018,L,168,3,0,1,0,3,Fixation,,,,,,,,,,,,
SV018,L,169,3,2,0,0,2,Fixation,,,,,,,,,,,,
SV018,L,170,3,0,0,0,3,Fixation,,,,,,,,,,,,
SV018,L,171,2,0,0,0,2,Fixation,,,,,,,,,,,,
SV018,L,172,3,0,1,1,3,Fixation,,,,,,,,,,,,
SV018,L,173,3,0,0,1,3,Fixation,,,,,,,,,,,,
SV018,L,174,3,2,0,1,2,Fixation,,,,,,,,,,,,
SV018,L,175,3,2,0,1,2,Fixation,,,,,,,,,,,,
SV018,L,176,3,2,1,0,2,Fixation,,,,,,,,,,,,
SV018,L,177,2,3,1,0,3,Fixation,,,,,,,,,,,,
SV018,L,178,3,3,1,0,3,Fixation,,,,,,,,,,,,
SV018,L,179,3,3,0,1,3,Fixation,,,,,,,,,,,,
SV018,L,180,3,3,1,1,2,Fixation,,,,,,,,,,,,
SV018,L,181,3,0,0,1,3,Fixation,,,,,,,,,,,,
SV018,L,182,3,2,0,1,2,Fixation,,,,,,,,,,,,
SV018,L,183,2,2,1,0,2,Fixation,,,,,,,,,,,,
SV018,L,184,3,2,1,1,2,Fixation,,,,,,,,,,,,
SV018,L,185,3,3,0,0,3,Fixation,,,,,,,,,,,,
SV018,L,186,2,3,0,0,3,Fixation,,,,,,,,,,,,
SV018,L,187,3,3,0,1,3,Fixation,,,,,,,,,,,,
SV018,L,188,2,2,0,0,2,Fixation,,,,,,,,,,,,
SV018,L,189,2,3,1,0,3,Fixation,,,,,,,,,,,,
SV018,L,190,3,0,1,0,3,Fixation,,,,,,,,,,,,
SV018,L,191,3,3,1,0,3,Fixation,,,,,,,,,,,,
SV018,L,192,2,0,1,1,2,Fixation,,,,,,,,,,,,
SV018,L,193,2,3,1,0,3,Fixation,,,,,,,,,,,,
SV018,L,194,3,3,1,1,3,Fixation,,,,,,,,,,,,
SV018,L,195,2,3,0,1,3,Fixation,,,,,,,,,,,,
SV018,L,196,2,2,1,1,2,Fixation,,,,,,,,,,,,
SV018,L,197,2,0,0,1,3,Fixation,,,,,,,,,,,,
SV018,L,198,2,3,0,0,3,Fixation,,,,,,,,,,,,
SV018,L,199,3,0,0,0,3,Fixation,,,,,,,,,,,,
SV018,L,200,2,2,0,0,2,Fixation,,,,,,,,,,,,
SV018,L,201,2,3,0,0,3,Fixation,,,,,,,,,,,,
SV018,L,202,2,2,0,0,2,Fixation,,,,,,,,,,,,
SV018,L,203,3,0,1,0,3,Fixation,,,,,,,,,,,,
SV018,L,204,2,3,0,0,2,Fixation,,,,,,,,,,,,
SV018,L,205,2,0,0,1,3,Fixation,,,,,,,,,,,,
SV018,L,206,2,2,0,0,2,Fixation,,,,,,,,,,,,
SV018,L,207,2,3,0,1,3,Fixation,,,,,,,,,,,,
SV018,L,208,2,2,0,1,2,Fixation,,,,,,,,,,,,
SV018,L,209,3,3,1,0,3,Fixation,,,,,,,,,,,,
SV018,L,210,2,0,1,0,2,Fixation,,,,,,,,,,,,
SV018,L,211,3,3,0,1,3,Fixation,,,,,,,,,,,,
SV018,L,212,3,2,0,0,2,Fixation,,,,,,,,,,,,
SV018,L,213,3,0,0,1,2,Fixation,,,,,,,,,,,,
SV018,L,214,2,2,1,0,2,Fixation,,,,,,,,,,,,
SV018,L,215,3,3,1,1,2,Fixation,,,,,,,,,,,,
SV018,L,216,3,0,1,1,2,Fixation,,,,,,,,,,,,
SV018,L,217,3,3,0,0,3,Fixation,,,,,,,,,,,,
SV018,L,218,2,3,1,1,3,Fixation,,,,,,,,,,,,
SV018,L,219,2,0,1,1,2,Fixation,,,,,,,,,,,,
SV018,L,220,3,2,1,1,2,Fixation,,,,,,,,,,,,
SV018,L,221,3,2,1,1,2,Fixation,,,,,,,,,,,,
SV018,L,222,3,0,1,1,2,Fixation,,,,,,,,,,,,
SV018,L,223,3,3,0,0,3,Fixation,,,,,,,,,,,,
SV018,L,224,3,2,1,0,2,Fixation,,,,,,,,,,,,
SV018,L,225,3,2,0,0,2,Fixation,,,,,,,,,,,,
SV018,L,226,2,2,0,1,2,Fixation,,,,,,,,,,,,
SV018,L,227,3,2,1,1,2,Fixation,,,,,,,,,,,,
SV018,L,228,2,0,1,1,3,Fixation,,,,,,,,,,,,
SV018,L,229,2,0,1,0,3,Fixation,,,,,,,,,,,,
SV018,L,230,3,2,0,0,2,Fixation,,,,,,,,,,,,
SV018,L,231,2,2,0,0,2,Fixation,,,,,,,,,,,,
SV018,L,232,2,2,1,0,2,Fixation,,,,,,,,,,,,
SV018,L,233,2,0,1,1,2,Fixation,,,,,,,,,,,,
SV018,L,234,2,0,0,1,3,Fixation,,,,,,,,,,,,
SV018,L,235,2,0,1,1,3,Fixation,,,,,,,,,,,,
SV018,L,236,3,0,0,0,3,Fixation,,,,,,,,,,,,
SV018,L,237,3,3,1,0,3,Fixation,,,,,,,,,,,,
SV018,L,238,3,3,0,1,3,Fixation,,,,,,,,,,,,
SV018,L,239,2,0,1,0,3,Fixation,,,,,,,,,,,,
SV018,L,240,3,3,0,0,3,Fixation,,,,,,,,,,,,
SV018,L,241,2,2,0,0,2,Fixation,,,,,,,,,,,,
SV018,L,242,3,0,1,0,0,Fixation,,,,,,,,,,,,
SV018,L,243,3,0,1,0,0,Fixation,,,,,,,,,,,,
SV018,L,244,3,3,1,0,3,Fixation,,,,,,,,,,,,
SV018,L,245,3,2,0,0,2,Fixation,,,,,,,,,,,,
SV018,L,246,2,3,0,0,3,Fixation,,,,,,,,,,,,
SV018,L,247,2,0,0,0,0,Fixation,,,,,,,,,,,,
SV018,L,248,2,0,1,1,0,Fixation,,,,,,,,,,,,
SV018,L,249,3,2,0,1,2,Fixation,,,,,,,,,,,,
SV018,L,250,3,2,1,1,2,Fixation,,,,,,,,,,,,
SV018,L,251,3,0,0,1,0,Fixation,,,,,,,,,,,,
SV018,L,252,3,3,0,1,3,Fixation,,,,,,,,,,,,
SV018,L,253,2,3,1,0,3,Fixation,,,,,,,,,,,,
SV018,L,254,3,0,0,0,0,Fixation,,,,,,,,,,,,
SV018,L,255,2,2,1,1,2,Fixation,,,,,,,,,,,,
SV018,L,256,3,3,0,1,3,Fixation,,,,,,,,,,,,
SV018,L,257,2,3,1,1,3,Fixation,,,,,,,,,,,,
SV018,L,258,2,0,0,1,0,Fixation,,,,,,,,,,,,
SV018,L,259,3,2,0,0,2,Fixation,,,,,,,,,,,,
SV018,L,260,3,2,1,0,2,Fixation,,,,,,,,,,,,
SV018,L,261,2,2,1,1,2,Fixation,,,,,,,,,,,,
SV018,L,262,3,3,0,1,3,Fixation,,,,,,,,,,,,
SV018,L,263,2,2,0,1,2,Fixation,,,,,,,,,,,,
SV018,L,264,3,0,0,1,0,Fixation,,,,,,,,,,,,
SV018,L,265,3,2,0,0,2,Fixation,,,,,,,,,,,,
SV018,L,266,2,0,0,0,0,Fixation,,,,,,,,,,,,
SV018,L,267,2,3,0,1,3,Fixation,,,,,,,,,,,,
SV018,L,268,3,3,1,1,3,Fixation,,,,,,,,,,,,
SV018,L,269,2,2,0,1,2,Fixation,,,,,,,,,,,,
SV018,L,270,3,2,0,0,2,Fixation,,,,,,,,,,,,
SV018,L,271,2,3,1,0,3,Fixation,,,,,,,,,,,,
SV018,L,272,2,2,0,1,2,Fixation,,,,,,,,,,,,
SV018,L,273,3,3,1,1,3,Fixation,,,,,,,,,,,,
SV018,L,274,2,0,1,0,0,Fixation,,,,,,,,,,,,
SV018,L,275,2,3,0,1,3,Fixation,,,,,,,,,,,,
SV018,L,276,2,0,0,0,0,Fixation,,,,,,,,,,,,
SV018,L,277,3,2,0,0,2,Fixation,,,,,,,,,,,,
SV018,L,278,2,3,0,1,3,Fixation,,,,,,,,,,,,
SV018,L,279,3,0,1,0,0,Fixation,,,,,,,,,,,,
SV018,L,280,3,2,0,1,2,Fixation,,,,,,,,,,,,
SV018,L,281,3,0,1,0,0,Fixation,,,,,,,,,,,,
SV018,L,282,3,3,0,0,3,Fixation,,,,,,,,,,,,
SV018,L,283,3,2,1,0,2,Fixation,,,,,,,,,,,,
SV018,L,284,2,2,0,0,2,Fixation,,,,,,,,,,,,
SV018,L,285,2,0,0,1,0,Fixation,,,,,,,,,,,,
SV018,L,286,2,2,1,0,2,Fixation,,,,,,,,,,,,
SV018,L,287,3,2,1,0,2,Fixation,,,,,,,,,,,,
SV018,L,288,2,0,0,1,0,Fixation,,,,,,,,,,,,
SV018,L,289,3,0,0,1,0,Fixation,,,,,,,,,,,,
SV018,L,290,2,0,1,0,0,Fixation,,,,,,,,,,,,
SV018,L,291,3,0,0,1,0,Fixation,,,,,,,,,,,,
SV018,L,292,3,2,1,1,2,Fixation,,,,,,,,,,,,
SV018,L,293,2,2,1,1,2,Fixation,,,,,,,,,,,,
SV018,L,294,2,0,1,0,0,Fixation,,,,,,,,,,,,
SV018,L,295,2,2,1,1,2,Fixation,,,,,,,,,,,,
SV018,L,296,3,0,0,0,0,Fixation,,,,,,,,,,,,
SV018,L,297,2,3,0,1,3,Fixation,,,,,,,,,,,,
SV018,L,298,2,3,1,1,3,Fixation,,,,,,,,,,,,
SV018,L,299,3,2,0,1,2,Fixation,,,,,,,,,,,,
SV018,L,300,2,2,1,0,2,Fixation,,,,,,,,,,,,
SV018,L,301,2,2,0,0,2,Fixation,,,,,,,,,,,,
SV018,L,302,3,0,1,0,0,Fixation,,,,,,,,,,,,
SV018,L,303,2,3,1,0,3,Fixation,,,,,,,,,,,,
SV018,L,304,3,2,0,0,2,Fixation,,,,,,,,,,,,
SV018,L,305,3,2,0,1,2,Fixation,,,,,,,,,,,,
SV018,L,306,2,0,1,0,0,Fixation,,,,,,,,,,,,
SV018,L,307,3,0,0,0,0,Fixation,,,,,,,,,,,,
SV018,L,308,3,3,1,0,3,Fixation,,,,,,,,,,,,
SV018,L,309,3,2,1,1,2,Fixation,,,,,,,,,,,,
SV018,L,310,2,2,0,0,2,Fixation,,,,,,,,,,,,
SV018,L,311,2,0,1,0,0,Fixation,,,,,,,,,,,,
SV018,L,312,3,0,1,1,0,Fixation,,,,,,,,,,,,
SV018,L,313,3,2,1,0,2,Fixation,,,,,,,,,,,,
SV018,L,314,3,2,1,0,2,Fixation,,,,,,,,,,,,
SV018,L,315,2,3,0,1,3,Fixation,,,,,,,,,,,,
SV018,L,316,3,0,0,0,0,Fixation,,,,,,,,,,,,
SV018,L,317,2,3,0,0,3,Fixation,,,,,,,,,,,,
SV018,L,318,2,3,1,1,3,Fixation,,,,,,,,,,,,
SV018,L,319,3,3,1,1,3,Fixation,,,,,,,,,,,,
SV018,L,320,2,3,0,0,3,Fixation,,,,,,,,,,,,
SV018,L,321,2,2,1,0,2,Fixation,,,,,,,,,,,,
SV018,L,322,3,3,1,0,3,Fixation,,,,,,,,,,,,
SV018,L,323,3,2,0,1,2,Fixation,,,,,,,,,,,,
SV018,L,324,2,2,0,0,2,Fixation,,,,,,,,,,,,
SV018,L,325,3,0,1,1,0,Fixation,,,,,,,,,,,,
SV018,L,326,3,3,0,1,3,Fixation,,,,,,,,,,,,
SV018,L,327,3,2,0,0,2,Fixation,,,,,,,,,,,,
SV018,L,328,2,2,1,1,2,Fixation,,,,,,,,,,,,
SV018,L,329,3,3,0,0,3,Fixation,,,,,,,,,,,,
SV018,L,330,3,2,1,1,2,Fixation,,,,,,,,,,,,
SV018,L,331,3,2,0,1,2,Fixation,,,,,,,,,,,,
SV018,L,332,2,3,1,0,3,Fixation,,,,,,,,,,,,
SV018,L,333,3,3,0,1,3,Fixation,,,,,,,,,,,,
SV018,L,334,3,0,0,1,0,Fixation,,,,,,,,,,,,
SV018,L,335,2,3,0,0,3,Fixation,,,,,,,,,,,,
SV018,L,336,3,3,1,0,3,Fixation,,,,,,,,,,,,
SV018,L,337,3,0,1,0,0,Fixation,,,,,,,,,,,,
SV018,L,338,2,3,0,1,3,Fixation,,,,,,,,,,,,
SV018,L,339,3,3,1,0,3,Fixation,,,,,,,,,,,,
SV018,L,340,3,0,0,1,0,Fixation,,,,,,,,,,,,
SV018,L,341,2,3,1,1,3,Fixation,,,,,,,,,,,,
SV018,L,342,2,0,1,1,0,Fixation,,,,,,,,,,,,
SV018,L,343,3,0,1,1,0,Fixation,,,,,,,,,,,,
SV018,L,344,3,2,1,0,2,Fixation,,,,,,,,,,,,
SV018,L,345,2,0,0,0,0,Fixation,,,,,,,,,,,,
SV018,L,346,2,2,0,1,2,Fixation,,,,,,,,,,,,
SV018,L,347,3,2,1,0,2,Fixation,,,,,,,,,,,,
SV018,L,348,2,0,0,0,0,Fixation,,,,,,,,,,,,
SV018,L,349,2,0,0,1,0,Fixation,,,,,,,,,,,,
SV018,L,350,2,2,1,1,2,Fixation,,,,,,,,,,,,
SV018,L,351,2,0,0,1,0,Fixation,,,,,,,,,,,,
SV018,L,352,3,2,1,1,2,Fixation,,,,,,,,,,,,
SV018,L,353,2,0,1,0,0,Fixation,,,,,,,,,,,,
SV018,L,354,2,3,0,0,3,Fixation,,,,,,,,,,,,
SV018,L,355,3,3,0,0,3,Fixation,,,,,,,,,,,,
SV018,L,356,3,2,0,1,2,Fixation,,,,,,,,,,,,
SV018,L,357,3,3,0,1,3,Fixation,,,,,,,,,,,,
SV018,L,358,3,0,1,1,0,Fixation,,,,,,,,,,,,
SV018,L,359,3,2,1,0,2,Fixation,,,,,,,,,,,,
SV018,L,360,3,3,1,0,3,Fixation,,,,,,,,,,,,
SV018,L,361,3,2,1,1,2,Fixation,,,,,,,,,,,,
SV018,L,362,2,3,1,0,3,Fixation,,,,,,,,,,,,
SV018,L,363,2,3,1,1,3,Fixation,,,,,,,,,,,,
SV018,L,364,2,0,0,1,0,Fixation,,,,,,,,,,,,
SV018,L,365,2,3,0,0,3,Fixation,,,,,,,,,,,,
SV018,L,366,2,3,1,0,3,Fixation,,,,,,,,,,,,
SV018,L,367,2,3,0,0,3,Fixation,,,,,,,,,,,,
SV018,L,368,3,3,0,0,3,Fixation,,,,,,,,,,,,
SV018,L,369,2,3,0,0,3,Fixation,,,,,,,,,,,,
SV018,L,370,3,0,0,0,0,Fixation,,,,,,,,,,,,
SV018,L,371,3,3,1,1,3,Fixation,,,,,,,,,,,,
SV018,L,372,3,3,1,0,3,Fixation,,,,,,,,,,,,
SV018,L,373,2,2,1,0,2,Fixation,,,,,,,,,,,,
SV018,L,374,2,0,1,1,0,Fixation,,,,,,,,,,,,
SV018,L,375,3,3,0,1,3,Fixation,,,,,,,,,,,,
SV018,L,376,3,3,1,1,3,Fixation,,,,,,,,,,,,
SV018,L,377,2,0,1,1,0,Fixation,,,,,,,,,,,,
SV018,L,378,2,2,1,1,2,Fixation,,,,,,,,,,,,
SV018,L,379,3,3,0,0,3,Fixation,,,,,,,,,,,,
SV018,L,380,2,2,1,0,2,Fixation,,,,,,,,,,,,
SV018,L,381,2,2,0,1,2,Fixation,,,,,,,,,,,,
SV018,L,382,2,3,1,1,3,Fixation,,,,,,,,,,,,
SV018,L,383,2,3,0,0,3,Fixation,,,,,,,,,,,,
SV018,L,384,2,2,1,0,2,Fixation,,,,,,,,,,,,
SV018,L,385,2,2,1,1,2,Fixation,,,,,,,,,,,,
SV018,L,386,3,0,1,1,0,Fixation,,,,,,,,,,,,
SV018,L,387,3,2,1,1,2,Fixation,,,,,,,,,,,,
SV018,L,388,3,0,0,0,0,Fixation,,,,,,,,,,,,
SV018,L,389,2,0,0,0,0,Fixation,,,,,,,,,,,,
SV018,L,390,3,3,0,0,3,Fixation,,,,,,,,,,,,
SV018,L,391,2,0,1,1,0,Fixation,,,,,,,,,,,,
SV018,L,392,2,0,1,1,0,Fixation,,,,,,,,,,,,
SV018,L,393,3,3,1,0,3,Fixation,,,,,,,,,,,,
SV018,L,394,2,3,0,1,3,Fixation,,,,,,,,,,,,
SV018,L,395,2,2,1,0,2,Fixation,,,,,,,,,,,,
SV018,L,396,3,2,0,0,2,Fixation,,,,,,,,,,,,
SV018,L,397,3,3,0,1,3,Fixation,,,,,,,,,,,,
SV018,L,398,3,2,0,1,2,Fixation,,,,,,,,,,,,
SV018,L,399,2,2,0,1,2,Fixation,,,,,,,,,,,,
SV018,L,400,2,2,0,1,2,Fixation,,,,,,,,,,,,
SV018,L,401,2,0,0,1,0,Fixation,,,,,,,,,,,,
SV018,L,402,3,0,1,0,0,Fixation,,,,,,,,,,,,
SV018,L,403,3,2,1,1,2,Fixation,,,,,,,,,,,,
SV018,L,404,2,2,0,0,2,Fixation,,,,,,,,,,,,
SV018,L,405,3,3,1,1,3,Fixation,,,,,,,,,,,,
SV018,L,406,2,0,0,1,0,Fixation,,,,,,,,,,,,
SV018,L,407,2,3,1,1,3,Fixation,,,,,,,,,,,,
SV018,L,408,3,3,1,0,3,Fixation,,,,,,,,,,,,
SV018,L,409,3,2,0,1,2,Fixation,,,,,,,,,,,,
SV018,L,410,3,2,0,0,2,Fixation,,,,,,,,,,,,
SV018,L,411,2,2,0,0,2,Fixation,,,,,,,,,,,,
SV018,L,412,3,2,0,1,2,Fixation,,,,,,,,,,,,
SV018,L,413,2,2,1,0,2,Fixation,,,,,,,,,,,,
SV018,L,414,2,0,1,1,0,Fixation,,,,,,,,,,,,
SV018,L,415,3,3,1,1,3,Fixation,,,,,,,,,,,,
SV018,L,416,2,3,0,0,3,Fixation,,,,,,,,,,,,
SV018,L,417,3,0,1,0,0,Fixation,,,,,,,,,,,,
SV018,L,418,2,0,1,0,0,Fixation,,,,,,,,,,,,
SV018,L,419,2,2,1,1,2,Fixation,,,,,,,,,,,,
SV018,L,420,2,2,1,0,2,Fixation,,,,,,,,,,,,
SV018,L,421,2,0,1,0,0,Fixation,,,,,,,,,,,,
SV018,L,422,2,3,1,0,3,Fixation,,,,,,,,,,,,
SV018,L,423,2,2,0,1,2,Fixation,,,,,,,,,,,,
SV018,L,424,3,0,0,1,0,Fixation,,,,,,,,,,,,
SV018,L,425,2,0,1,1,0,Fixation,,,,,,,,,,,,
SV018,L,426,2,0,0,1,0,Fixation,,,,,,,,,,,,
SV018,L,427,3,2,0,0,2,Fixation,,,,,,,,,,,,
SV018,L,428,2,0,0,0,0,Fixation,,,,,,,,,,,,
SV018,L,429,2,0,1,0,0,Fixation,,,,,,,,,,,,
SV018,L,430,2,3,1,0,3,Fixation,,,,,,,,,,,,
SV018,L,431,2,0,0,0,0,Fixation,,,,,,,,,,,,
SV018,L,432,2,3,0,1,3,Fixation,,,,,,,,,,,,
SV018,L,433,3,3,0,0,3,Fixation,,,,,,,,,,,,
SV018,L,434,3,0,0,1,0,Fixation,,,,,,,,,,,,
SV018,L,435,2,0,0,0,0,Fixation,,,,,,,,,,,,
SV018,L,436,2,3,0,1,3,Fixation,,,,,,,,,,,,
SV018,L,437,3,0,0,0,0,Fixation,,,,,,,,,,,,
SV018,L,438,3,0,0,0,0,Fixation,,,,,,,,,,,,
SV018,L,439,3,3,0,1,3,Fixation,,,,,,,,,,,,
SV018,L,440,3,0,1,0,0,Fixation,,,,,,,,,,,,
SV018,L,441,3,2,1,0,2,Fixation,,,,,,,,,,,,
SV018,L,442,3,0,0,0,0,Fixation,,,,,,,,,,,,
SV018,L,443,2,0,0,0,0,Fixation,,,,,,,,,,,,
SV018,L,444,2,3,1,1,3,Fixation,,,,,,,,,,,,
SV018,L,445,3,0,0,0,0,Fixation,,,,,,,,,,,,
SV018,L,446,2,3,1,1,3,Fixation,,,,,,,,,,,,
SV018,L,447,3,0,1,1,0,Fixation,,,,,,,,,,,,
SV018,L,448,2,3,0,1,3,Fixation,,,,,,,,,,,,
SV018,L,449,3,0,0,1,0,Fixation,,,,,,,,,,,,
SV018,L,450,3,0,0,1,0,Fixation,,,,,,,,,,,,
SV018,L,451,3,2,1,1,2,Fixation,,,,,,,,,,,,
SV018,L,452,3,3,0,1,3,Fixation,,,,,,,,,,,,
SV018,L,453,3,3,1,1,3,Fixation,,,,,,,,,,,,
SV018,L,454,2,2,0,1,2,Fixation,,,,,,,,,,,,
SV018,L,455,3,0,1,0,0,Fixation,,,,,,,,,,,,
SV018,L,456,2,3,1,1,3,Fixation,,,,,,,,,,,,
SV018,L,457,3,3,1,0,3,Fixation,,,,,,,,,,,,
SV018,L,458,3,3,0,0,3,Fixation,,,,,,,,,,,,
SV018,L,459,3,3,1,1,3,Fixation,,,,,,,,,,,,
SV018,L,460,3,0,1,1,0,Fixation,,,,,,,,,,,,
SV018,L,461,2,2,1,0,2,Fixation,,,,,,,,,,,,
SV018,L,462,3,2,1,1,2,Fixation,,,,,,,,,,,,
SV018,L,463,2,2,0,0,2,Fixation,,,,,,,,,,,,
SV018,L,464,2,2,1,1,2,Fixation,,,,,,,,,,,,
SV018,L,465,3,0,1,1,0,Fixation,,,,,,,,,,,,
SV018,L,466,2,0,1,0,0,Fixation,,,,,,,,,,,,
SV018,L,467,3,3,0,0,3,Fixation,,,,,,,,,,,,
SV018,L,468,3,2,1,0,2,Fixation,,,,,,,,,,,,
SV018,L,469,2,3,1,0,3,Fixation,,,,,,,,,,,,
SV018,L,470,3,0,1,1,0,Fixation,,,,,,,,,,,,
SV018,L,471,2,0,1,1,0,Fixation,,,,,,,,,,,,
SV018,L,472,2,2,0,0,2,Fixation,,,,,,,,,,,,
SV018,L,473,2,0,1,1,0,Fixation,,,,,,,,,,,,
SV018,L,474,2,0,0,1,0,Fixation,,,,,,,,,,,,
SV018,L,475,2,3,1,0,2,Fixation,,,,,,,,,,,,
SV018,L,476,3,3,0,0,3,Fixation,,,,,,,,,,,,
SV018,L,477,2,2,0,1,2,Fixation,,,,,,,,,,,,
SV018,L,478,3,3,1,1,3,Fixation,,,,,,,,,,,,
SV018,L,479,3,0,1,1,0,Fixation,,,,,,,,,,,,
SV018,L,480,2,2,0,0,2,Fixation,,,,,,,,,,,,
SV018,R,1,3,2,1,1,1,Fixation,,,,,,,,,,,,
SV018,R,2,2,2,0,0,2,Fixation,,,,,,,,,,,,
SV018,R,3,3,3,1,1,3,Fixation,,,,,,,,,,,,
SV018,R,4,2,2,0,1,2,Fixation,,,,,,,,,,,,
SV018,R,5,3,3,0,1,3,Fixation,,,,,,,,,,,,
SV018,R,6,3,2,0,0,2,Fixation,,,,,,,,,,,,
SV018,R,7,3,3,0,0,3,Fixation,,,,,,,,,,,,
SV018,R,8,2,0,0,0,2,Fixation,,,,,,,,,,,,
SV018,R,9,2,0,0,0,3,Fixation,,,,,,,,,,,,
SV018,R,10,3,0,1,0,3,Fixation,,,,,,,,,,,,
SV018,R,11,3,0,1,1,3,Fixation,,,,,,,,,,,,
SV018,R,12,3,3,0,0,3,Fixation,,,,,,,,,,,,
SV018,R,13,2,0,0,1,3,Fixation,,,,,,,,,,,,
SV018,R,14,2,0,0,0,3,Fixation,,,,,,,,,,,,
SV018,R,15,2,3,0,1,3,Fixation,,,,,,,,,,,,
SV018,R,16,2,2,0,1,2,Fixation,,,,,,,,,,,,
SV018,R,17,2,3,1,1,3,Fixation,,,,,,,,,,,,
SV018,R,18,3,2,0,0,2,Fixation,,,,,,,,,,,,
SV018,R,19,2,2,0,1,2,Fixation,,,,,,,,,,,,
SV018,R,20,3,3,1,0,3,Fixation,,,,,,,,,,,,
SV018,R,21,2,0,1,0,3,Fixation,,,,,,,,,,,,
SV018,R,22,3,0,0,1,3,Fixation,,,,,,,,,,,,
SV018,R,23,3,3,0,0,3,Fixation,,,,,,,,,,,,
SV018,R,24,2,2,1,0,2,Fixation,,,,,,,,,,,,
SV018,R,25,2,0,0,0,3,Fixation,,,,,,,,,,,,
SV018,R,26,2,3,1,1,3,Fixation,,,,,,,,,,,,
SV018,R,27,2,0,1,0,2,Fixation,,,,,,,,,,,,
SV018,R,28,3,3,1,1,3,Fixation,,,,,,,,,,,,
SV018,R,29,2,2,1,0,2,Fixation,,,,,,,,,,,,
SV018,R,30,3,3,0,1,3,Fixation,,,,,,,,,,,,
SV018,R,31,3,3,0,1,3,Fixation,,,,,,,,,,,,
SV018,R,32,3,0,0,1,3,Fixation,,,,,,,,,,,,
SV018,R,33,2,0,1,0,2,Fixation,,,,,,,,,,,,
SV018,R,34,2,0,0,1,3,Fixation,,,,,,,,,,,,
SV018,R,35,2,3,1,1,3,Fixation,,,,,,,,,,,,
SV018,R,36,2,2,0,1,2,Fixation,,,,,,,,,,,,
SV018,R,37,3,0,1,1,3,Fixation,,,,,,,,,,,,
SV018,R,38,2,3,0,0,3,Fixation,,,,,,,,,,,,
SV018,R,39,2,2,0,1,2,Fixation,,,,,,,,,,,,
SV018,R,40,3,3,1,0,3,Fixation,,,,,,,,,,,,
SV018,R,41,3,2,1,0,2,Fixation,,,,,,,,,,,,
SV018,R,42,3,3,1,0,3,Fixation,,,,,,,,,,,,
SV018,R,43,2,3,1,0,3,Fixation,,,,,,,,,,,,
SV018,R,44,2,3,1,0,3,Fixation,,,,,,,,,,,,
SV018,R,45,2,0,1,1,3,Fixation,,,,,,,,,,,,
SV018,R,46,3,2,0,0,2,Fixation,,,,,,,,,,,,
SV018,R,47,2,0,1,1,2,Fixation,,,,,,,,,,,,
SV018,R,48,3,3,1,0,3,Fixation,,,,,,,,,,,,
SV018,R,49,3,2,0,0,2,Fixation,,,,,,,,,,,,
SV018,R,50,3,0,0,1,2,Fixation,,,,,,,,,,,,
SV018,R,51,2,2,1,1,2,Fixation,,,,,,,,,,,,
SV018,R,52,2,0,0,1,2,Fixation,,,,,,,,,,,,
SV018,R,53,2,0,0,1,2,Fixation,,,,,,,,,,,,
SV018,R,54,3,3,0,0,3,Fixation,,,,,,,,,,,,
SV018,R,55,3,3,0,0,3,Fixation,,,,,,,,,,,,
SV018,R,56,3,2,1,1,2,Fixation,,,,,,,,,,,,
SV018,R,57,2,3,0,1,3,Fixation,,,,,,,,,,,,
SV018,R,58,2,2,0,0,2,Fixation,,,,,,,,,,,,
SV018,R,59,3,0,1,1,3,Fixation,,,,,,,,,,,,
SV018,R,60,3,0,0,1,2,Fixation,,,,,,,,,,,,
SV018,R,61,3,2,1,0,2,Fixation,,,,,,,,,,,,
SV018,R,62,2,3,0,1,3,Fixation,,,,,,,,,,,,
SV018,R,63,3,2,1,1,2,Fixation,,,,,,,,,,,,
SV018,R,64,2,3,1,1,3,Fixation,,,,,,,,,,,,
SV018,R,65,2,3,1,1,3,Fixation,,,,,,,,,,,,
SV018,R,66,3,0,1,0,2,Fixation,,,,,,,,,,,,
SV018,R,67,2,2,0,0,2,Fixation,,,,,,,,,,,,
SV018,R,68,3,3,1,0,3,Fixation,,,,,,,,,,,,
SV018,R,69,2,3,1,0,3,Fixation,,,,,,,,,,,,
SV018,R,70,3,0,0,1,3,Fixation,,,,,,,,,,,,
SV018,R,71,2,3,0,1,3,Fixation,,,,,,,,,,,,
SV018,R,72,3,0,1,0,3,Fixation,,,,,,,,,,,,
SV018,R,73,2,2,1,0,2,Fixation,,,,,,,,,,,,
SV018,R,74,3,3,1,1,3,Fixation,,,,,,,,,,,,
SV018,R,75,3,2,1,0,2,Fixation,,,,,,,,,,,,
SV018,R,76,2,3,1,0,2,Fixation,,,,,,,,,,,,
SV018,R,77,2,2,1,1,2,Fixation,,,,,,,,,,,,
SV018,R,78,3,3,1,1,3,Fixation,,,,,,,,,,,,
SV018,R,79,2,2,0,0,2,Fixation,,,,,,,,,,,,
SV018,R,80,2,2,1,0,2,Fixation,,,,,,,,,,,,
SV018,R,81,3,2,1,0,2,Fixation,,,,,,,,,,,,
SV018,R,82,2,0,1,0,2,Fixation,,,,,,,,,,,,
SV018,R,83,2,2,1,1,2,Fixation,,,,,,,,,,,,
SV018,R,84,2,2,0,0,2,Fixation,,,,,,,,,,,,
SV018,R,85,2,2,1,1,2,Fixation,,,,,,,,,,,,
SV018,R,86,3,3,1,1,3,Fixation,,,,,,,,,,,,
SV018,R,87,3,2,1,0,2,Fixation,,,,,,,,,,,,
SV018,R,88,2,3,0,0,3,Fixation,,,,,,,,,,,,
SV018,R,89,2,2,1,1,2,Fixation,,,,,,,,,,,,
SV018,R,90,3,3,1,0,3,Fixation,,,,,,,,,,,,
SV018,R,91,2,3,1,0,3,Fixation,,,,,,,,,,,,
SV018,R,92,3,0,1,0,3,Fixation,,,,,,,,,,,,
SV018,R,93,2,2,1,0,2,Fixation,,,,,,,,,,,,
SV018,R,94,3,0,1,1,3,Fixation,,,,,,,,,,,,
SV018,R,95,2,2,1,1,2,Fixation,,,,,,,,,,,,
SV018,R,96,3,3,0,1,3,Fixation,,,,,,,,,,,,
SV018,R,97,3,2,0,1,2,Fixation,,,,,,,,,,,,
SV018,R,98,3,3,0,0,3,Fixation,,,,,,,,,,,,
SV018,R,99,3,3,0,1,3,Fixation,,,,,,,,,,,,
SV018,R,100,3,2,0,0,2,Fixation,,,,,,,,,,,,
SV018,R,101,3,3,1,0,3,Fixation,,,,,,,,,,,,
SV018,R,102,2,0,0,1,3,Fixation,,,,,,,,,,,,
SV018,R,103,2,2,0,0,2,Fixation,,,,,,,,,,,,
SV018,R,104,2,0,1,0,3,Fixation,,,,,,,,,,,,
SV018,R,105,3,3,0,0,3,Fixation,,,,,,,,,,,,
SV018,R,106,3,2,0,0,2,Fixation,,,,,,,,,,,,
SV018,R,107,2,0,0,1,3,Fixation,,,,,,,,,,,,
SV018,R,108,2,2,0,1,2,Fixation,,,,,,,,,,,,
SV018,R,109,2,0,0,0,2,Fixation,,,,,,,,,,,,
SV018,R,110,2,2,0,0,2,Fixation,,,,,,,,,,,,
SV018,R,111,3,0,0,1,3,Fixation,,,,,,,,,,,,
SV018,R,112,3,2,0,0,2,Fixation,,,,,,,,,,,,
SV018,R,113,3,3,0,0,3,Fixation,,,,,,,,,,,,
SV018,R,114,3,0,1,1,3,Fixation,,,,,,,,,,,,
SV018,R,115,3,2,1,1,2,Fixation,,,,,,,,,,,,
SV018,R,116,2,2,0,1,2,Fixation,,,,,,,,,,,,
SV018,R,117,2,2,1,0,2,Fixation,,,,,,,,,,,,
SV018,R,118,3,0,1,0,3,Fixation,,,,,,,,,,,,
SV018,R,119,2,0,1,0,3,Fixation,,,,,,,,,,,,
SV018,R,120,3,0,0,0,3,Fixation,,,,,,,,,,,,
SV018,R,121,2,2,1,0,2,Fixation,,,,,,,,,,,,
SV018,R,122,2,3,0,0,3,Fixation,,,,,,,,,,,,
SV018,R,123,3,0,1,1,3,Fixation,,,,,,,,,,,,
SV018,R,124,2,0,1,0,3,Fixation,,,,,,,,,,,,
SV018,R,125,2,3,0,1,3,Fixation,,,,,,,,,,,,
SV018,R,126,3,2,0,1,2,Fixation,,,,,,,,,,,,
SV018,R,127,3,0,1,0,3,Fixation,,,,,,,,,,,,
SV018,R,128,2,3,1,0,3,Fixation,,,,,,,,,,,,
SV018,R,129,2,2,1,1,2,Fixation,,,,,,,,,,,,
SV018,R,130,3,3,1,1,3,Fixation,,,,,,,,,,,,
SV018,R,131,2,0,0,0,3,Fixation,,,,,,,,,,,,
SV018,R,132,3,0,0,0,3,Fixation,,,,,,,,,,,,
SV018,R,133,2,3,0,0,3,Fixation,,,,,,,,,,,,
SV018,R,134,3,2,1,1,2,Fixation,,,,,,,,,,,,
SV018,R,135,2,3,0,1,3,Fixation,,,,,,,,,,,,
SV018,R,136,3,2,0,1,2,Fixation,,,,,,,,,,,,
SV018,R,137,2,2,0,1,2,Fixation,,,,,,,,,,,,
SV018,R,138,2,0,0,1,3,Fixation,,,,,,,,,,,,
SV018,R,139,3,3,0,0,3,Fixation,,,,,,,,,,,,
SV018,R,140,2,3,0,1,3,Fixation,,,,,,,,,,,,
SV018,R,141,3,0,0,0,3,Fixation,,,,,,,,,,,,
SV018,R,142,3,0,1,1,3,Fixation,,,,,,,,,,,,
SV018,R,143,3,3,1,0,3,Fixation,,,,,,,,,,,,
SV018,R,144,3,2,1,1,2,Fixation,,,,,,,,,,,,
SV018,R,145,2,2,0,0,2,Fixation,,,,,,,,,,,,
SV018,R,146,3,2,0,0,2,Fixation,,,,,,,,,,,,
SV018,R,147,3,2,1,0,2,Fixation,,,,,,,,,,,,
SV018,R,148,3,0,0,1,2,Fixation,,,,,,,,,,,,
SV018,R,149,3,0,0,0,3,Fixation,,,,,,,,,,,,
SV018,R,150,3,3,0,0,3,Fixation,,,,,,,,,,,,
SV018,R,151,2,0,0,0,3,Fixation,,,,,,,,,,,,
SV018,R,152,3,2,0,1,2,Fixation,,,,,,,,,,,,
SV018,R,153,2,0,1,0,3,Fixation,,,,,,,,,,,,
SV018,R,154,3,2,1,0,3,Fixation,,,,,,,,,,,,
SV018,R,155,3,0,0,0,3,Fixation,,,,,,,,,,,,
SV018,R,156,2,2,1,1,2,Fixation,,,,,,,,,,,,
SV018,R,157,2,2,0,0,2,Fixation,,,,,,,,,,,,
SV018,R,158,3,0,1,0,2,Fixation,,,,,,,,,,,,
SV018,R,159,3,3,1,0,3,Fixation,,,,,,,,,,,,
SV018,R,160,2,3,1,1,3,Fixation,,,,,,,,,,,,
SV018,R,161,2,0,1,1,3,Fixation,,,,,,,,,,,,
SV018,R,162,2,3,0,1,3,Fixation,,,,,,,,,,,,
SV018,R,163,3,0,1,0,3,Fixation,,,,,,,,,,,,
SV018,R,164,3,2,0,0,3,Fixation,,,,,,,,,,,,
SV018,R,165,2,3,1,1,3,Fixation,,,,,,,,,,,,
SV018,R,166,3,2,0,1,2,Fixation,,,,,,,,,,,,
SV018,R,167,2,0,1,1,3,Fixation,,,,,,,,,,,,
SV018,R,168,2,0,0,0,3,Fixation,,,,,,,,,,,,
SV018,R,169,3,2,0,1,2,Fixation,,,,,,,,,,,,
SV018,R,170,2,0,0,1,2,Fixation,,,,,,,,,,,,
SV018,R,171,3,3,0,1,3,Fixation,,,,,,,,,,,,
SV018,R,172,2,3,0,0,3,Fixation,,,,,,,,,,,,
SV018,R,173,2,2,1,0,2,Fixation,,,,,,,,,,,,
SV018,R,174,2,0,0,1,2,Fixation,,,,,,,,,,,,
SV018,R,175,2,2,0,0,2,Fixation,,,,,,,,,,,,
SV018,R,176,3,0,0,1,2,Fixation,,,,,,,,,,,,
SV018,R,177,2,3,1,0,3,Fixation,,,,,,,,,,,,
SV018,R,178,2,3,0,0,3,Fixation,,,,,,,,,,,,
SV018,R,179,3,0,0,1,2,Fixation,,,,,,,,,,,,
SV018,R,180,3,0,0,0,3,Fixation,,,,,,,,,,,,
SV018,R,181,3,2,0,1,2,Fixation,,,,,,,,,,,,
SV018,R,182,2,0,1,1,3,Fixation,,,,,,,,,,,,
SV018,R,183,3,0,0,0,3,Fixation,,,,,,,,,,,,
SV018,R,184,3,2,1,0,2,Fixation,,,,,,,,,,,,
SV018,R,185,2,2,0,1,2,Fixation,,,,,,,,,,,,
SV018,R,186,3,2,1,1,2,Fixation,,,,,,,,,,,,
SV018,R,187,2,2,0,1,2,Fixation,,,,,,,,,,,,
SV018,R,188,2,0,1,1,3,Fixation,,,,,,,,,,,,
SV018,R,189,2,3,1,1,2,Fixation,,,,,,,,,,,,
SV018,R,190,2,0,1,1,2,Fixation,,,,,,,,,,,,
SV018,R,191,3,2,0,0,2,Fixation,,,,,,,,,,,,
SV018,R,192,3,3,0,1,3,Fixation,,,,,,,,,,,,
SV018,R,193,2,3,1,1,3,Fixation,,,,,,,,,,,,
SV018,R,194,3,3,1,0,3,Fixation,,,,,,,,,,,,
SV018,R,195,2,3,1,0,3,Fixation,,,,,,,,,,,,
SV018,R,196,3,3,1,1,3,Fixation,,,,,,,,,,,,
SV018,R,197,2,3,0,0,3,Fixation,,,,,,,,,,,,
SV018,R,198,3,2,1,1,2,Fixation,,,,,,,,,,,,
SV018,R,199,3,2,0,1,2,Fixation,,,,,,,,,,,,
SV018,R,200,3,3,1,1,3,Fixation,,,,,,,,,,,,
SV018,R,201,2,3,1,0,3,Fixation,,,,,,,,,,,,
SV018,R,202,3,2,1,1,2,Fixation,,,,,,,,,,,,
SV018,R,203,3,0,0,0,3,Fixation,,,,,,,,,,,,
SV018,R,204,3,2,1,0,2,Fixation,,,,,,,,,,,,
SV018,R,205,3,0,1,0,3,Fixation,,,,,,,,,,,,
SV018,R,206,2,2,1,1,2,Fixation,,,,,,,,,,,,
SV018,R,207,3,3,0,1,3,Fixation,,,,,,,,,,,,
SV018,R,208,3,0,0,0,3,Fixation,,,,,,,,,,,,
SV018,R,209,2,0,1,0,2,Fixation,,,,,,,,,,,,
SV018,R,210,2,3,0,1,3,Fixation,,,,,,,,,,,,
SV018,R,211,2,0,0,0,3,Fixation,,,,,,,,,,,,
SV018,R,212,2,0,1,1,3,Fixation,,,,,,,,,,,,
SV018,R,213,2,2,1,1,2,Fixation,,,,,,,,,,,,
SV018,R,214,2,0,1,1,2,Fixation,,,,,,,,,,,,
SV018,R,215,3,2,1,0,2,Fixation,,,,,,,,,,,,
SV018,R,216,3,3,1,1,3,Fixation,,,,,,,,,,,,
SV018,R,217,2,3,0,0,3,Fixation,,,,,,,,,,,,
SV018,R,218,2,2,1,0,2,Fixation,,,,,,,,,,,,
SV018,R,219,2,3,0,1,3,Fixation,,,,,,,,,,,,
SV018,R,220,2,3,0,0,3,Fixation,,,,,,,,,,,,
SV018,R,221,3,0,1,1,3,Fixation,,,,,,,,,,,,
SV018,R,222,2,0,1,0,2,Fixation,,,,,,,,,,,,
SV018,R,223,2,0,1,1,3,Fixation,,,,,,,,,,,,
SV018,R,224,2,2,1,0,2,Fixation,,,,,,,,,,,,
SV018,R,225,3,0,0,0,3,Fixation,,,,,,,,,,,,
SV018,R,226,3,2,0,1,2,Fixation,,,,,,,,,,,,
SV018,R,227,3,3,0,1,3,Fixation,,,,,,,,,,,,
SV018,R,228,3,2,1,1,2,Fixation,,,,,,,,,,,,
SV018,R,229,3,0,1,1,2,Fixation,,,,,,,,,,,,
SV018,R,230,3,0,1,0,2,Fixation,,,,,,,,,,,,
SV018,R,231,3,2,0,1,2,Fixation,,,,,,,,,,,,
SV018,R,232,2,3,1,1,3,Fixation,,,,,,,,,,,,
SV018,R,233,3,0,1,1,3,Fixation,,,,,,,,,,,,
SV018,R,234,2,0,0,0,2,Fixation,,,,,,,,,,,,
SV018,R,235,2,0,0,1,2,Fixation,,,,,,,,,,,,
SV018,R,236,2,3,0,0,3,Fixation,,,,,,,,,,,,
SV018,R,237,3,0,0,1,3,Fixation,,,,,,,,,,,,
SV018,R,238,2,3,1,0,3,Fixation,,,,,,,,,,,,
SV018,R,239,3,3,0,1,3,Fixation,,,,,,,,,,,,
SV018,R,240,3,3,1,1,3,Fixation,,,,,,,,,,,,
SV018,R,241,3,3,1,1,3,Fixation,,,,,,,,,,,,
SV018,R,242,3,3,1,0,3,Fixation,,,,,,,,,,,,
SV018,R,243,2,0,1,0,0,Fixation,,,,,,,,,,,,
SV018,R,244,2,0,0,0,0,Fixation,,,,,,,,,,,,
SV018,R,245,3,3,0,0,3,Fixation,,,,,,,,,,,,
SV018,R,246,3,3,1,1,3,Fixation,,,,,,,,,,,,
SV018,R,247,2,0,0,1,0,Fixation,,,,,,,,,,,,
SV018,R,248,3,3,0,0,3,Fixation,,,,,,,,,,,,
SV018,R,249,3,3,0,0,3,Fixation,,,,,,,,,,,,
SV018,R,250,2,2,0,1,2,Fixation,,,,,,,,,,,,
SV018,R,251,3,0,1,1,0,Fixation,,,,,,,,,,,,
SV018,R,252,2,2,1,0,2,Fixation,,,,,,,,,,,,
SV018,R,253,3,3,1,0,3,Fixation,,,,,,,,,,,,
SV018,R,254,3,0,1,0,0,Fixation,,,,,,,,,,,,
SV018,R,255,3,0,0,0,0,Fixation,,,,,,,,,,,,
SV018,R,256,3,0,0,0,0,Fixation,,,,,,,,,,,,
SV018,R,257,3,0,0,0,0,Fixation,,,,,,,,,,,,
SV018,R,258,2,2,0,0,2,Fixation,,,,,,,,,,,,
SV018,R,259,3,2,1,1,2,Fixation,,,,,,,,,,,,
SV018,R,260,3,3,1,1,3,Fixation,,,,,,,,,,,,
SV018,R,261,2,2,0,0,2,Fixation,,,,,,,,,,,,
SV018,R,262,3,2,0,1,2,Fixation,,,,,,,,,,,,
SV018,R,263,3,2,0,1,2,Fixation,,,,,,,,,,,,
SV018,R,264,3,3,0,0,4,Fixation,,,,,,,,,,,,
SV018,R,265,2,0,1,1,0,Fixation,,,,,,,,,,,,
SV018,R,266,2,0,0,1,0,Fixation,,,,,,,,,,,,
SV018,R,267,3,3,0,0,4,Fixation,,,,,,,,,,,,
SV018,R,268,2,2,0,1,2,Fixation,,,,,,,,,,,,
SV018,R,269,3,2,1,0,2,Fixation,,,,,,,,,,,,
SV018,R,270,2,2,0,1,2,Fixation,,,,,,,,,,,,
SV018,R,271,3,0,1,1,0,Fixation,,,,,,,,,,,,
SV018,R,272,2,0,0,0,0,Fixation,,,,,,,,,,,,
SV018,R,273,3,2,1,1,2,Fixation,,,,,,,,,,,,
SV018,R,274,2,0,0,1,0,Fixation,,,,,,,,,,,,
SV018,R,275,3,0,0,1,0,Fixation,,,,,,,,,,,,
SV018,R,276,2,3,1,0,4,Fixation,,,,,,,,,,,,
SV018,R,277,2,3,1,0,4,Fixation,,,,,,,,,,,,
SV018,R,278,3,2,0,0,2,Fixation,,,,,,,,,,,,
SV018,R,279,3,2,0,1,2,Fixation,,,,,,,,,,,,
SV018,R,280,3,0,0,0,0,Fixation,,,,,,,,,,,,
SV018,R,281,2,3,1,0,4,Fixation,,,,,,,,,,,,
SV018,R,282,2,2,1,0,2,Fixation,,,,,,,,,,,,
SV018,R,283,3,3,0,0,3,Fixation,,,,,,,,,,,,
SV018,R,284,2,2,1,1,2,Fixation,,,,,,,,,,,,
SV018,R,285,3,0,0,1,0,Fixation,,,,,,,,,,,,
SV018,R,286,2,0,0,0,0,Fixation,,,,,,,,,,,,
SV018,R,287,2,2,0,1,2,Fixation,,,,,,,,,,,,
SV018,R,288,2,3,0,1,3,Fixation,,,,,,,,,,,,
SV018,R,289,2,0,1,0,0,Fixation,,,,,,,,,,,,
SV018,R,290,3,2,1,0,2,Fixation,,,,,,,,,,,,
SV018,R,291,2,3,1,1,3,Fixation,,,,,,,,,,,,
SV018,R,292,3,0,1,0,0,Fixation,,,,,,,,,,,,
SV018,R,293,2,2,1,0,2,Fixation,,,,,,,,,,,,
SV018,R,294,3,3,0,1,3,Fixation,,,,,,,,,,,,
SV018,R,295,3,3,1,0,3,Fixation,,,,,,,,,,,,
SV018,R,296,2,0,1,0,0,Fixation,,,,,,,,,,,,
SV018,R,297,2,3,0,1,3,Fixation,,,,,,,,,,,,
SV018,R,298,2,0,0,1,0,Fixation,,,,,,,,,,,,
SV018,R,299,2,0,0,0,0,Fixation,,,,,,,,,,,,
SV018,R,300,2,2,1,0,2,Fixation,,,,,,,,,,,,
SV018,R,301,3,3,0,0,3,Fixation,,,,,,,,,,,,
SV018,R,302,2,2,1,0,2,Fixation,,,,,,,,,,,,
SV018,R,303,3,0,1,1,0,Fixation,,,,,,,,,,,,
SV018,R,304,3,0,1,1,0,Fixation,,,,,,,,,,,,
SV018,R,305,3,3,1,1,3,Fixation,,,,,,,,,,,,
SV018,R,306,2,2,1,1,2,Fixation,,,,,,,,,,,,
SV018,R,307,3,3,0,1,3,Fixation,,,,,,,,,,,,
SV018,R,308,2,2,0,1,2,Fixation,,,,,,,,,,,,
SV018,R,309,3,2,0,1,2,Fixation,,,,,,,,,,,,
SV018,R,310,2,2,0,0,2,Fixation,,,,,,,,,,,,
SV018,R,311,3,0,0,0,0,Fixation,,,,,,,,,,,,
SV018,R,312,2,0,0,0,0,Fixation,,,,,,,,,,,,
SV018,R,313,2,0,1,0,0,Fixation,,,,,,,,,,,,
SV018,R,314,2,3,1,0,3,Fixation,,,,,,,,,,,,
SV018,R,315,2,0,1,1,0,Fixation,,,,,,,,,,,,
SV018,R,316,2,3,1,0,3,Fixation,,,,,,,,,,,,
SV018,R,317,3,2,1,0,2,Fixation,,,,,,,,,,,,
SV018,R,318,2,3,0,1,3,Fixation,,,,,,,,,,,,
SV018,R,319,2,3,1,1,3,Fixation,,,,,,,,,,,,
SV018,R,320,3,0,1,0,0,Fixation,,,,,,,,,,,,
SV018,R,321,2,2,0,0,2,Fixation,,,,,,,,,,,,
SV018,R,322,3,3,1,1,3,Fixation,,,,,,,,,,,,
SV018,R,323,2,0,0,0,0,Fixation,,,,,,,,,,,,
SV018,R,324,3,2,1,1,2,Fixation,,,,,,,,,,,,
SV018,R,325,3,2,1,0,2,Fixation,,,,,,,,,,,,
SV018,R,326,3,2,0,0,2,Fixation,,,,,,,,,,,,
SV018,R,327,2,0,1,1,0,Fixation,,,,,,,,,,,,
SV018,R,328,2,2,1,1,2,Fixation,,,,,,,,,,,,
SV018,R,329,3,0,0,0,0,Fixation,,,,,,,,,,,,
SV018,R,330,3,0,1,0,0,Fixation,,,,,,,,,,,,
SV018,R,331,2,0,0,0,0,Fixation,,,,,,,,,,,,
SV018,R,332,3,0,0,0,0,Fixation,,,,,,,,,,,,
SV018,R,333,2,2,1,1,2,Fixation,,,,,,,,,,,,
SV018,R,334,2,0,1,1,0,Fixation,,,,,,,,,,,,
SV018,R,335,2,3,0,0,3,Fixation,,,,,,,,,,,,
SV018,R,336,3,3,1,1,3,Fixation,,,,,,,,,,,,
SV018,R,337,2,3,0,0,3,Fixation,,,,,,,,,,,,
SV018,R,338,2,0,0,0,0,Fixation,,,,,,,,,,,,
SV018,R,339,3,0,0,1,0,Fixation,,,,,,,,,,,,
SV018,R,340,2,0,1,1,0,Fixation,,,,,,,,,,,,
SV018,R,341,3,3,0,1,3,Fixation,,,,,,,,,,,,
SV018,R,342,3,2,0,0,2,Fixation,,,,,,,,,,,,
SV018,R,343,2,0,1,0,0,Fixation,,,,,,,,,,,,
SV018,R,344,2,3,0,1,3,Fixation,,,,,,,,,,,,
SV018,R,345,2,2,0,1,2,Fixation,,,,,,,,,,,,
SV018,R,346,2,3,0,0,3,Fixation,,,,,,,,,,,,
SV018,R,347,3,2,0,0,2,Fixation,,,,,,,,,,,,
SV018,R,348,3,0,1,1,0,Fixation,,,,,,,,,,,,
SV018,R,349,3,3,0,0,3,Fixation,,,,,,,,,,,,
SV018,R,350,3,0,0,1,0,Fixation,,,,,,,,,,,,
SV018,R,351,2,3,1,1,3,Fixation,,,,,,,,,,,,
SV018,R,352,3,0,1,0,0,Fixation,,,,,,,,,,,,
SV018,R,353,2,3,1,1,3,Fixation,,,,,,,,,,,,
SV018,R,354,3,0,1,0,0,Fixation,,,,,,,,,,,,
SV018,R,355,2,2,1,1,2,Fixation,,,,,,,,,,,,
SV018,R,356,2,2,1,0,2,Fixation,,,,,,,,,,,,
SV018,R,357,3,2,1,1,2,Fixation,,,,,,,,,,,,
SV018,R,358,2,0,0,0,0,Fixation,,,,,,,,,,,,
SV018,R,359,3,3,0,1,3,Fixation,,,,,,,,,,,,
SV018,R,360,3,3,0,0,3,Fixation,,,,,,,,,,,,
SV018,R,361,2,2,0,1,2,Fixation,,,,,,,,,,,,
SV018,R,362,2,2,0,0,2,Fixation,,,,,,,,,,,,
SV018,R,363,3,2,0,1,2,Fixation,,,,,,,,,,,,
SV018,R,364,3,0,0,1,0,Fixation,,,,,,,,,,,,
SV018,R,365,2,3,0,1,3,Fixation,,,,,,,,,,,,
SV018,R,366,3,0,0,1,0,Fixation,,,,,,,,,,,,
SV018,R,367,3,3,0,0,3,Fixation,,,,,,,,,,,,
SV018,R,368,3,2,0,1,2,Fixation,,,,,,,,,,,,
SV018,R,369,2,0,1,1,0,Fixation,,,,,,,,,,,,
SV018,R,370,3,2,0,0,2,Fixation,,,,,,,,,,,,
SV018,R,371,3,2,1,1,2,Fixation,,,,,,,,,,,,
SV018,R,372,2,3,1,0,3,Fixation,,,,,,,,,,,,
SV018,R,373,3,3,0,1,3,Fixation,,,,,,,,,,,,
SV018,R,374,3,2,1,0,2,Fixation,,,,,,,,,,,,
SV018,R,375,2,2,1,0,2,Fixation,,,,,,,,,,,,
SV018,R,376,3,0,1,1,0,Fixation,,,,,,,,,,,,
SV018,R,377,2,0,0,0,0,Fixation,,,,,,,,,,,,
SV018,R,378,2,3,1,0,3,Fixation,,,,,,,,,,,,
SV018,R,379,3,0,0,0,0,Fixation,,,,,,,,,,,,
SV018,R,380,2,2,1,1,2,Fixation,,,,,,,,,,,,
SV018,R,381,2,2,1,1,2,Fixation,,,,,,,,,,,,
SV018,R,382,2,0,0,1,0,Fixation,,,,,,,,,,,,
SV018,R,383,2,3,0,0,3,Fixation,,,,,,,,,,,,
SV018,R,384,3,3,1,0,3,Fixation,,,,,,,,,,,,
SV018,R,385,3,3,1,1,3,Fixation,,,,,,,,,,,,
SV018,R,386,3,2,1,1,2,Fixation,,,,,,,,,,,,
SV018,R,387,3,2,1,1,2,Fixation,,,,,,,,,,,,
SV018,R,388,2,0,1,1,0,Fixation,,,,,,,,,,,,
SV018,R,389,2,2,0,1,2,Fixation,,,,,,,,,,,,
SV018,R,390,3,2,1,1,2,Fixation,,,,,,,,,,,,
SV018,R,391,2,0,0,1,0,Fixation,,,,,,,,,,,,
SV018,R,392,3,0,1,0,0,Fixation,,,,,,,,,,,,
SV018,R,393,3,2,0,0,2,Fixation,,,,,,,,,,,,
SV018,R,394,3,2,0,1,2,Fixation,,,,,,,,,,,,
SV018,R,395,2,2,0,1,2,Fixation,,,,,,,,,,,,
SV018,R,396,3,3,0,1,3,Fixation,,,,,,,,,,,,
SV018,R,397,3,3,1,0,3,Fixation,,,,,,,,,,,,
SV018,R,398,2,2,0,0,2,Fixation,,,,,,,,,,,,
SV018,R,399,3,2,1,0,2,Fixation,,,,,,,,,,,,
SV018,R,400,2,2,0,0,2,Fixation,,,,,,,,,,,,
SV018,R,401,3,2,1,0,2,Fixation,,,,,,,,,,,,
SV018,R,402,2,0,1,0,0,Fixation,,,,,,,,,,,,
SV018,R,403,3,2,1,0,2,Fixation,,,,,,,,,,,,
SV018,R,404,2,3,0,1,3,Fixation,,,,,,,,,,,,
SV018,R,405,2,3,1,1,3,Fixation,,,,,,,,,,,,
SV018,R,406,3,3,1,0,3,Fixation,,,,,,,,,,,,
SV018,R,407,3,3,0,1,3,Fixation,,,,,,,,,,,,
SV018,R,408,3,2,0,0,2,Fixation,,,,,,,,,,,,
SV018,R,409,3,0,1,0,0,Fixation,,,,,,,,,,,,
SV018,R,410,2,0,0,1,0,Fixation,,,,,,,,,,,,
SV018,R,411,2,0,0,1,0,Fixation,,,,,,,,,,,,
SV018,R,412,3,2,1,0,2,Fixation,,,,,,,,,,,,
SV018,R,413,3,3,1,1,3,Fixation,,,,,,,,,,,,
SV018,R,414,2,3,0,0,3,Fixation,,,,,,,,,,,,
SV018,R,415,2,0,1,1,0,Fixation,,,,,,,,,,,,
SV018,R,416,2,3,0,0,3,Fixation,,,,,,,,,,,,
SV018,R,417,3,3,0,1,3,Fixation,,,,,,,,,,,,
SV018,R,418,3,2,0,1,2,Fixation,,,,,,,,,,,,
SV018,R,419,2,2,1,0,2,Fixation,,,,,,,,,,,,
SV018,R,420,2,0,1,0,0,Fixation,,,,,,,,,,,,
SV018,R,421,3,0,0,0,0,Fixation,,,,,,,,,,,,
SV018,R,422,3,2,0,0,2,Fixation,,,,,,,,,,,,
SV018,R,423,2,0,1,1,0,Fixation,,,,,,,,,,,,
SV018,R,424,3,0,1,1,0,Fixation,,,,,,,,,,,,
SV018,R,425,3,0,0,1,0,Fixation,,,,,,,,,,,,
SV018,R,426,3,3,0,1,3,Fixation,,,,,,,,,,,,
SV018,R,427,2,3,0,1,3,Fixation,,,,,,,,,,,,
SV018,R,428,3,0,1,1,0,Fixation,,,,,,,,,,,,
SV018,R,429,3,0,1,0,0,Fixation,,,,,,,,,,,,
SV018,R,430,2,0,1,0,0,Fixation,,,,,,,,,,,,
SV018,R,431,3,0,1,1,0,Fixation,,,,,,,,,,,,
SV018,R,432,2,2,1,0,2,Fixation,,,,,,,,,,,,
SV018,R,433,2,2,0,0,2,Fixation,,,,,,,,,,,,
SV018,R,434,3,3,1,0,3,Fixation,,,,,,,,,,,,
SV018,R,435,3,0,1,1,0,Fixation,,,,,,,,,,,,
SV018,R,436,3,2,0,0,2,Fixation,,,,,,,,,,,,
SV018,R,437,2,3,1,1,3,Fixation,,,,,,,,,,,,
SV018,R,438,2,2,1,0,2,Fixation,,,,,,,,,,,,
SV018,R,439,2,0,0,1,0,Fixation,,,,,,,,,,,,
SV018,R,440,3,2,1,1,2,Fixation,,,,,,,,,,,,
SV018,R,441,2,3,0,0,3,Fixation,,,,,,,,,,,,
SV018,R,442,2,3,1,0,3,Fixation,,,,,,,,,,,,
SV018,R,443,2,3,1,0,3,Fixation,,,,,,,,,,,,
SV018,R,444,2,2,0,1,2,Fixation,,,,,,,,,,,,
SV018,R,445,2,3,0,1,3,Fixation,,,,,,,,,,,,
SV018,R,446,3,2,0,1,2,Fixation,,,,,,,,,,,,
SV018,R,447,3,3,1,0,3,Fixation,,,,,,,,,,,,
SV018,R,448,3,0,0,1,0,Fixation,,,,,,,,,,,,
SV018,R,449,2,3,0,0,3,Fixation,,,,,,,,,,,,
SV018,R,450,2,2,0,0,2,Fixation,,,,,,,,,,,,
SV018,R,451,3,3,0,1,3,Fixation,,,,,,,,,,,,
SV018,R,452,3,2,1,0,2,Fixation,,,,,,,,,,,,
SV018,R,453,2,3,1,1,3,Fixation,,,,,,,,,,,,
SV018,R,454,2,3,0,1,3,Fixation,,,,,,,,,,,,
SV018,R,455,2,0,0,1,0,Fixation,,,,,,,,,,,,
SV018,R,456,3,0,0,1,0,Fixation,,,,,,,,,,,,
SV018,R,457,2,2,1,1,2,Fixation,,,,,,,,,,,,
SV018,R,458,3,0,0,1,0,Fixation,,,,,,,,,,,,
SV018,R,459,2,0,1,0,0,Fixation,,,,,,,,,,,,
SV018,R,460,2,3,0,0,3,Fixation,,,,,,,,,,,,
SV018,R,461,3,2,0,1,2,Fixation,,,,,,,,,,,,
SV018,R,462,3,3,1,0,3,Fixation,,,,,,,,,,,,
SV018,R,463,2,2,1,1,2,Fixation,,,,,,,,,,,,
SV018,R,464,3,3,1,1,3,Fixation,,,,,,,,,,,,
SV018,R,465,2,3,1,1,3,Fixation,,,,,,,,,,,,
SV018,R,466,2,3,1,1,3,Fixation,,,,,,,,,,,,
SV018,R,467,3,2,0,0,2,Fixation,,,,,,,,,,,,
SV018,R,468,3,0,0,0,0,Fixation,,,,,,,,,,,,
SV018,R,469,2,3,0,1,3,Fixation,,,,,,,,,,,,
SV018,R,470,2,3,1,1,3,Fixation,,,,,,,,,,,,
SV018,R,471,3,2,1,1,2,Fixation,,,,,,,,,,,,
SV018,R,472,2,3,0,0,3,Fixation,,,,,,,,,,,,
SV018,R,473,2,3,1,0,3,Fixation,,,,,,,,,,,,
SV018,R,474,2,2,0,0,2,Fixation,,,,,,,,,,,,
SV018,R,475,2,0,1,0,0,Fixation,,,,,,,,,,,,
SV018,R,476,2,0,1,1,0,Fixation,,,,,,,,,,,,
SV018,R,477,3,3,1,1,0,Fixation,,,,,,,,,,,,
SV018,R,478,2,2,1,1,2,Fixation,,,,,,,,,,,,
SV018,R,479,3,3,1,0,3,Fixation,,,,,,,,,,,,
SV018,R,480,3,0,1,0,0,Fixation,,,,,,,,,,,,
SV018,L,1,3,0,0,0,3,Response,2357.9777777777776,2871.1,968.0333333333333,3270.0,597.0,778.0,246.22222222222223,8.81,35.1,286.7,848.0,284.8
SV018,L,2,3,2,1,1,2,Response,1183.3,1891.2,1301.3428571428572,1384.1,614.1428571428571,673.0,442.85714285714283,4.05,8.1,344.5,968.0,69.5
SV018,L,3,3,0,0,1,3,Response,,,,,,,,0.5,0.5,888.0,888.0,152.0
SV018,L,4,3,0,1,1,3,Response,,,,,,,,0.5,0.5,56.0,56.0,12.0
SV018,L,5,3,0,1,0,3,Response,2271.25,2671.9,1157.55,1204.3,625.25,733.0,696.0,2.52,6.0,305.6,979.0,46.4
SV018,L,6,3,0,0,1,3,Response,1067.5500000000002,1095.2,1184.3,1232.0,497.5,501.0,530.0,4.366666666666666,6.6,158.66666666666666,227.0,33.333333333333336
SV018,L,7,2,2,0,0,2,Response,2215.4333333333334,2727.4,1132.3666666666666,1144.1,688.6666666666666,750.0,426.6666666666667,3.575,7.3,146.25,252.0,28.0
SV018,L,8,2,3,0,1,3,Response,1135.6,1135.6,1217.9,1217.9,570.0,570.0,404.0,5.65,6.5,198.0,222.0,38.0
SV018,L,9,3,2,1,1,2,Response,1491.3,1913.9,1231.55,1310.4,542.25,578.0,493.0,2.4,6.9,207.2,679.0,48.8
SV018,L,10,2,3,0,0,3,Response,2652.2,2940.7,1218.7250000000001,1503.9,595.75,694.0,451.0,4.22,10.7,285.8,961.0,55.2
SV018,L,11,3,2,1,0,2,Response,2653.5,2653.5,1187.7,1187.7,527.0,527.0,760.0,6.1,6.4,567.5,908.0,100.0
SV018,L,12,2,2,1,0,2,Response,2739.8,2739.8,1227.2,1227.2,507.0,507.0,656.0,5.800000000000001,5.9,208.0,234.0,40.0
SV018,L,13,3,2,1,0,3,Response,2773.7,2773.7,1255.6,1255.6,540.0,540.0,876.0,6.0,6.2,219.5,256.0,40.0
SV018,L,14,2,2,0,0,2,Response,2261.4,2849.5,1118.2333333333333,1140.8,592.3333333333334,680.0,469.3333333333333,3.8,7.2,143.75,236.0,29.0
SV018,L,15,3,3,1,0,3,Response,,,,,,,,,,,,
SV018,L,16,2,2,1,1,2,Response,,,,,,,,,,,,
SV018,L,17,2,0,1,0,3,Response,,,,,,,,,,,,
SV018,L,18,3,2,0,1,3,Response,,,,,,,,,,,,
SV018,L,19,2,0,0,1,2,Response,1317.65,1563.3,1177.15,1190.5,567.0,585.0,452.0,3.9333333333333336,5.4,156.66666666666666,188.0,34.666666666666664
SV018,L,20,2,0,1,1,3,Response,1034.2,1034.2,1316.9,1316.9,652.0,652.0,1900.0,7.35,7.6,230.0,241.0,44.0
SV018,L,21,2,0,0,0,2,Response,2273.15,2977.6,1109.475,1158.8,665.0,751.0,501.0,3.4199999999999995,8.2,358.8,1120.0,63.2
SV018,L,22,3,0,0,0,3,Response,2159.225,2791.3,1112.85,1132.4,721.5,789.0,464.0,3.02,6.9,348.4,1150.0,57.6
SV018,L,23,2,3,0,1,3,Response,,,,,,,,0.4,0.4,1023.0,1023.0,180.0
SV018,L,24,2,0,1,0,2,Response,2317.7000000000003,2743.8,1259.7,1563.3,611.0,745.0,409.0,3.9,7.8,299.8,911.0,64.0
SV018,L,25,3,0,0,1,2,Response,,,,,,,,0.6,0.6,980.0,980.0,176.0
SV018,L,26,2,0,0,1,3,Response,1528.175,1942.2,1205.15,1392.1,541.75,582.0,683.0,3.3200000000000003,8.4,542.2,969.0,116.0
SV018,L,27,3,2,0,0,2,Response,,,,,,,,0.2,0.2,843.0,843.0,176.0
SV018,L,28,2,3,0,1,3,Response,1937.4,1937.4,1100.7,1100.7,644.0,644.0,1300.0,0.65,0.8,473.5,890.0,64.0
SV018,L,29,3,3,1,1,3,Response,,,,,,,,0.3,0.3,1056.0,1056.0,148.0
SV018,L,30,2,3,0,1,3,Response,1404.2,2008.2,1103.4666666666667,1240.4,559.3333333333334,625.0,402.6666666666667,3.975,7.4,358.0,916.0,80.0
SV018,L,31,3,0,0,1,3,Response,1267.775,1826.0,1178.0749999999998,1385.0,560.25,592.0,392.0,5.7,8.4,346.0,988.0,72.0
SV018,L,32,3,2,0,1,2,Response,,,,,,,,0.6,0.6,895.0,895.0,248.0
SV018,L,33,2,2,1,1,2,Response,1217.475,1552.5,1256.6,1337.8,548.25,673.0,307.0,3.04,4.1,152.2,211.0,27.2
SV018,L,34,2,3,1,0,3,Response,2358.7,2775.2,1096.2,1130.4,573.5,628.0,1034.0,4.3999999999999995,6.4,190.0,263.0,29.333333333333332
SV018,L,35,3,2,1,1,2,Response,1554.3,1554.3,1181.3,1181.3,554.0,554.0,352.0,2.5,3.1,158.0,200.0,24.0
SV018,L,36,3,0,1,1,2,Response,1357.3333333333333,1979.8,1229.6499999999999,1461.5,560.5,659.0,353.0,3.4923076923076923,9.0,287.53846153846155,995.0,96.92307692307692
SV018,L,37,3,0,0,1,3,Response,1155.2,1155.2,1223.1,1223.1,488.0,488.0,784.0,5.9,6.2,601.0,981.0,120.0
SV018,L,38,3,3,0,1,3,Response,,,,,,,,0.8,0.8,836.0,836.0,224.0
SV018,L,39,3,2,1,0,2,Response,2486.04,2984.2,1114.16,1178.6,595.8,710.0,400.8,4.566666666666667,8.4,416.8333333333333,934.0,94.0
SV018,L,40,3,2,0,1,2,Response,,,,,,,,0.5,0.5,974.0,974.0,216.0
SV018,L,41,3,3,1,0,3,Response,2483.3166666666666,2928.1,1136.4666666666667,1196.1,580.8333333333334,644.0,719.3333333333334,2.257142857142857,6.4,257.14285714285717,965.0,49.142857142857146
SV018,L,42,3,3,0,1,3,Response,2041.4,2041.4,1061.5,1061.5,627.0,627.0,172.0,0.8,1.0,78.0,86.0,14.0
SV018,L,43,3,3,0,0,3,Response,2836.0333333333333,2967.6,1038.0333333333333,1105.1,529.6666666666666,603.0,410.6666666666667,3.575,7.9,159.0,285.0,28.0
SV018,L,44,2,0,1,0,3,Response,2422.2000000000003,2791.2,1117.7,1151.5,584.3333333333334,647.0,529.3333333333334,3.375,7.1,320.0,891.0,87.0
SV018,L,45,2,0,1,0,3,Response,2887.0,2887.0,1161.9,1161.9,464.0,464.0,1072.0,7.15,8.5,550.0,888.0,118.0
SV018,L,46,2,0,0,0,3,Response,2574.6,3270.0,1030.3799999999999,1105.1,554.2,653.0,372.8,4.333333333333333,10.6,405.0,1123.0,103.33333333333333
SV018,L,47,3,2,0,0,3,Response,2953.15,3019.8,1208.05,1229.3,517.0,531.0,566.0,5.2,8.8,614.0,1535.0,93.33333333333333
SV018,L,48,3,3,0,0,3,Response,2556.9666666666667,2947.2,1042.5,1057.4,562.3333333333334,652.0,460.0,3.8249999999999997,8.6,325.75,968.0,80.0
SV018,L,49,2,2,1,1,2,Response,1222.3,1222.3,1230.8,1230.8,485.0,485.0,444.0,5.35,6.0,428.0,697.0,118.0
SV018,L,50,2,2,0,1,2,Response,,,,,,,,,,,,
SV018,L,51,2,2,0,0,2,Response,2706.1666666666665,3270.0,1092.5,1119.5,628.3333333333334,713.0,390.6666666666667,6.5249999999999995,10.7,267.25,331.0,47.0
SV018,L,52,2,3,1,1,3,Response,1084.7,1156.7,1275.4,1295.0,520.0,536.0,762.0,4.8999999999999995,8.6,166.33333333333334,245.0,36.0
SV018,L,53,2,3,1,1,3,Response,1415.8,1950.0,1193.8666666666668,1280.2,557.6666666666666,641.0,681.3333333333334,5.2,8.2,205.0,227.0,36.0
SV018,L,54,2,3,0,1,3,Response,1976.0500000000002,2037.2,1088.3,1102.1,648.0,677.0,1158.0,0.8666666666666667,0.9,381.0,990.0,70.66666666666667
SV018,L,55,2,0,1,0,3,Response,2391.35,2732.1,1100.0500000000002,1125.4,589.0,679.0,870.0,4.966666666666667,6.4,432.6666666666667,874.0,77.33333333333333
SV018,L,56,3,3,1,0,3,Response,2543.2000000000003,3019.7,1088.0,1117.5,618.6666666666666,715.0,553.3333333333334,4.15,8.4,421.25,1051.0,57.0
SV018,L,57,2,3,1,1,3,Response,1716.9,1716.9,1071.3,1071.3,562.0,562.0,164.0,1.2000000000000002,1.3,95.0,98.0,18.0
SV018,L,58,3,3,1,0,3,Response,2341.3,2869.4,1075.175,1113.5,565.75,655.0,741.0,3.2,8.2,491.8,1225.0,124.0
SV018,L,59,2,2,0,1,2,Response,,,,,,,,0.5,0.5,61.0,61.0,12.0
SV018,L,60,3,2,0,0,2,Response,2834.8,2834.8,903.8,903.8,521.0,521.0,508.0,7.2,7.9,515.5,803.0,174.0
SV018,L,61,2,3,1,0,3,Response,2828.45,2924.2,1135.3000000000002,1135.9,641.5,648.0,178.0,5.0,8.5,366.3333333333333,767.0,77.33333333333333
SV018,L,62,3,0,0,0,3,Response,2544.633333333333,2971.5,1098.9666666666665,1139.6,635.0,718.0,638.6666666666666,3.4,8.2,368.75,930.0,81.0
SV018,L,63,2,0,0,1,3,Response,,,,,,,,,,,,
SV018,L,64,3,0,0,0,3,Response,2942.7,2942.7,1036.8,1036.8,504.0,504.0,656.0,7.8,8.1,248.0,263.0,48.0
SV018,L,65,2,2,0,0,2,Response,2544.25,2997.5,999.475,1069.4,632.75,719.0,453.0,3.125,7.8,353.75,892.0,70.0
SV018,L,66,2,3,0,0,3,Response,2410.9,2794.4,1047.8000000000002,1050.9,611.0,670.0,620.0,4.3,6.4,440.0,1041.0,84.0
SV018,L,67,2,0,0,1,3,Response,,,,,,,,0.6,0.6,1134.0,1134.0,204.0
SV018,L,68,2,3,1,1,3,Response,,,,,,,,,,,,
SV018,L,69,3,2,0,1,2,Response,,,,,,,,0.5,0.5,1003.0,1003.0,176.0
SV018,L,70,2,0,0,0,2,Response,2343.575,2962.6,1027.0,1057.8,613.75,740.0,386.0,3.1,9.5,122.8,259.0,27.2
SV018,L,71,2,3,1,0,3,Response,2363.25,2985.3,1097.5833333333333,1143.4,578.5,683.0,269.3333333333333,2.185714285714286,7.2,266.2857142857143,1123.0,53.714285714285715
SV018,L,72,3,2,0,0,2,Response,2510.6,2947.3,1023.4666666666667,1071.2,603.6666666666666,697.0,885.3333333333334,3.525,7.6,154.25,263.0,29.0
SV018,L,73,2,0,1,1,3,Response,,,,,,,,,,,,
SV018,L,74,2,2,0,0,2,Response,2440.425,2973.2,986.3499999999999,1036.1,563.0,654.0,648.0,5.840000000000001,8.3,360.0,1023.0,81.6
SV018,L,75,2,0,0,1,3,Response,1787.75,1966.2,1082.9499999999998,1088.6,586.0,617.0,598.0,1.4000000000000001,2.5,429.6666666666667,1040.0,78.66666666666667
SV018,L,76,3,0,1,0,3,Response,2437.2333333333336,2769.9,1107.8,1120.9,600.3333333333334,698.0,506.6666666666667,2.925,5.8,160.75,248.0,24.0
SV018,L,77,2,3,0,0,3,Response,2398.7,2981.2,1079.625,1089.1,552.25,694.0,257.0,3.6399999999999997,8.8,503.6,1347.0,118.4
SV018,L,78,3,2,0,0,3,Response,2660.8,2998.6,1122.575,1193.3,495.75,524.0,278.0,3.66,8.0,308.2,881.0,73.6
SV018,L,79,3,0,1,0,3,Response,2364.233333333333,2825.3,1092.8500000000001,1137.8,557.5,629.0,252.0,1.5,5.8,94.71428571428571,219.0,17.714285714285715
SV018,L,80,2,2,1,0,2,Response,2698.6,3078.5,1118.3799999999999,1150.6,557.8,604.0,254.4,2.433333333333333,4.8,150.0,255.0,22.666666666666668
SV018,L,81,3,0,1,1,3,Response,1215.5,1215.5,1262.3,1262.3,512.0,512.0,244.0,5.35,6.3,201.5,241.0,36.0
SV018,L,82,3,2,1,1,2,Response,1061.275,1207.6,1289.575,1319.8,564.75,596.0,460.0,3.62,7.7,266.2,735.0,74.4
SV018,L,83,3,0,0,0,3,Response,2522.866666666667,2951.5,1045.1333333333332,1051.5,637.0,713.0,700.0,3.7,7.8,384.75,961.0,66.0
SV018,L,84,3,2,0,1,3,Response,1275.35,1919.8,1156.1,1225.0,624.5,643.0,1151.0,5.34,6.9,370.8,997.0,72.0
SV018,L,85,3,3,0,0,3,Response,2625.3333333333335,2952.3,1045.0333333333333,1104.6,654.3333333333334,746.0,604.0,4.35,7.5,185.25,263.0,31.0
SV018,L,86,2,0,0,0,3,Response,2877.2,2952.8,1058.25,1068.1,630.5,669.0,628.0,5.033333333333333,8.2,165.66666666666666,248.0,37.333333333333336
SV018,L,87,2,0,1,1,2,Response,1329.1000000000001,2031.4,1196.8666666666666,1295.9,612.0,760.0,313.3333333333333,1.8,7.1,97.14285714285714,242.0,20.0
SV018,L,88,2,2,1,0,2,Response,2359.7,2744.2,1064.8000000000002,1107.4,650.5,720.0,624.0,4.333333333333333,5.9,183.0,228.0,32.0
SV018,L,89,2,0,0,0,2,Response,2696.128571428572,2987.5,1003.1285714285714,1123.9,631.0,758.0,397.7142857142857,2.2,7.3,199.875,782.0,46.0
SV018,L,90,2,2,1,0,2,Response,2799.633333333333,2941.4,1114.6666666666667,1137.5,566.3333333333334,640.0,482.6666666666667,3.375,7.3,152.5,248.0,26.0
SV018,L,91,2,2,0,1,2,Response,,,,,,,,1.5,1.5,752.0,752.0,180.0
SV018,L,92,2,2,0,1,2,Response,1318.7428571428572,1649.5,724.4571428571428,1350.6,491.85714285714283,610.0,289.7142857142857,5.875,15.0,250.875,1135.0,94.0
SV018,L,93,3,0,1,1,3,Response,972.0666666666667,1072.4,1260.3333333333333,1293.8,500.0,520.0,329.3333333333333,3.325,5.4,144.0,205.0,29.0
SV018,L,94,2,2,1,0,2,Response,2939.2,2955.2,1105.25,1115.6,564.0,601.0,1078.0,5.433333333333334,7.9,451.0,857.0,100.0
SV018,L,95,3,3,1,1,3,Response,980.75,1050.3,1267.35,1267.5,515.5,532.0,542.0,5.166666666666667,8.0,170.33333333333334,230.0,36.0
SV018,L,96,2,0,1,0,2,Response,2462.1000000000004,2950.3,1085.3,1137.3,651.5,725.0,532.0,5.5,8.4,191.33333333333334,254.0,37.333333333333336
SV018,L,97,3,0,0,1,3,Response,1105.7666666666667,1124.2,1125.5666666666666,1248.8,539.6666666666666,582.0,704.0,3.95,6.5,154.25,239.0,34.0
SV018,L,98,2,3,1,1,3,Response,1479.65,1901.8,1157.1999999999998,1239.3,601.0,603.0,452.0,4.7,6.6,505.6666666666667,1039.0,84.0
SV018,L,99,3,3,0,1,3,Response,1530.0,1947.3,1079.9,1119.3,631.5,688.0,736.0,4.266666666666667,6.5,166.0,225.0,30.666666666666668
SV018,L,100,3,3,0,1,3,Response,1803.3,1803.3,1055.7,1055.7,741.0,741.0,308.0,0.55,0.6,63.5,69.0,12.0
SV018,L,101,2,0,0,0,3,Response,2630.04,3017.3,1133.0266666666669,1432.9,619.5333333333333,760.0,449.6,3.15,9.1,409.6875,1430.0,89.0
SV018,L,102,2,3,1,1,3,Response,,,,,,,,,,,,
SV018,L,103,2,2,0,1,2,Response,1097.3,1097.3,1108.1,1108.1,540.0,540.0,608.0,6.7,7.2,551.5,902.0,160.0
SV018,L,104,2,2,1,1,2,Response,1119.7,1119.7,1216.2,1216.2,518.0,518.0,664.0,5.45,5.9,215.5,229.0,36.0
SV018,L,105,2,2,1,1,2,Response,1204.8428571428572,1945.8,1207.2857142857142,1292.4,530.5714285714286,580.0,396.0,3.55,6.7,262.5,621.0,76.0
SV018,L,106,3,3,0,0,3,Response,2893.7,2893.7,1034.9,1034.9,558.0,558.0,1216.0,7.050000000000001,7.9,250.0,266.0,44.0
SV018,L,107,2,3,0,1,3,Response,1455.2,1957.4,1100.0,1196.1,543.25,655.0,465.0,2.28,5.5,150.6,234.0,69.6
SV018,L,108,2,0,1,1,3,Response,1491.0833333333333,1939.1,1120.3999999999999,1227.5,550.1666666666666,629.0,554.0,1.6857142857142857,4.2,386.14285714285717,1342.0,74.85714285714286
SV018,L,109,2,0,0,1,3,Response,1112.4,1112.4,1050.8,1050.8,506.0,506.0,576.0,6.1,6.4,215.0,231.0,40.0
SV018,L,110,2,0,0,0,3,Response,2548.45,2943.6,993.3,1016.6,574.5,665.0,730.0,5.1000000000000005,8.8,456.3333333333333,1056.0,89.33333333333333
SV018,L,111,3,0,1,0,3,Response,2860.2599999999998,2962.0,1093.16,1130.7,532.2,568.0,441.6,2.6,7.5,253.0,818.0,54.0
SV018,L,112,2,3,0,0,3,Response,2289.766666666667,2955.1,1049.1333333333334,1085.4,620.0,692.0,620.0,3.875,7.5,383.5,941.0,76.0
SV018,L,113,2,2,0,1,2,Response,1359.0111111111112,2018.2,1123.1333333333332,1266.2,564.4444444444445,675.0,521.7777777777778,4.36,7.7,322.5,1157.0,75.2
SV018,L,114,2,2,1,0,2,Response,2878.0,3043.3,1085.3666666666666,1093.6,502.3333333333333,557.0,282.6666666666667,3.8500000000000005,8.8,169.25,294.0,27.0
SV018,L,115,3,0,1,0,3,Response,2823.95,2949.1,1110.15,1134.7,581.5,653.0,774.0,4.033333333333333,8.9,163.0,276.0,30.666666666666668
SV018,L,116,2,3,1,1,3,Response,1116.8,1235.3,1251.05,1285.1,414.0,429.0,360.0,3.1,6.9,128.33333333333334,222.0,28.0
SV018,L,117,2,3,0,1,3,Response,1420.0333333333335,1915.1,1095.8999999999999,1151.1,499.3333333333333,609.0,445.3333333333333,1.4,3.9,79.5,134.0,20.0
SV018,L,118,3,0,1,0,3,Response,,,,,,,,1.2,1.2,1235.0,1235.0,288.0
SV018,L,119,3,3,1,0,3,Response,2440.1,2836.3,1099.7666666666667,1132.9,499.0,520.0,344.0,4.475,8.7,409.75,1228.0,72.0
SV018,L,120,2,0,1,1,3,Response,1288.7,1288.7,1216.5,1216.5,654.0,654.0,208.0,5.25,6.0,215.0,237.0,34.0
SV018,L,121,3,3,0,0,3,Response,2869.95,2954.0,1097.85,1117.0,673.0,745.0,574.0,4.666666666666667,7.5,179.0,263.0,33.333333333333336
SV018,L,122,2,3,1,0,3,Response,2804.8,2804.8,1163.5,1163.5,608.0,608.0,1016.0,5.9,6.0,240.0,242.0,36.0
SV018,L,123,3,2,0,1,2,Response,1101.7,1101.7,1091.1,1091.1,601.0,601.0,284.0,6.8,7.8,232.5,253.0,44.0
SV018,L,124,2,0,0,1,2,Response,1204.825,1619.7,1088.35,1305.3,564.0,590.0,358.0,2.96,5.5,239.8,659.0,69.6
SV018,L,125,2,0,1,0,2,Response,2443.6666666666665,2776.2,1064.1666666666667,1121.6,581.3333333333334,659.0,382.6666666666667,1.9000000000000001,3.5,342.0,1040.0,79.0
SV018,L,126,3,0,0,1,3,Response,1091.3000000000002,1130.4,1116.1999999999998,1173.1,490.0,513.0,592.0,3.9333333333333336,6.0,152.0,203.0,33.333333333333336
SV018,L,127,3,2,0,0,2,Response,2777.366666666667,2947.0,1023.3666666666668,1031.7,570.3333333333334,624.0,453.3333333333333,2.725,7.6,280.5,718.0,65.0
SV018,L,128,3,3,1,1,3,Response,1402.25,1545.3,1184.9499999999998,1222.1,578.0,650.0,206.0,1.2,1.4,89.66666666666667,100.0,18.666666666666668
SV018,L,129,3,0,1,1,3,Response,1030.8,1030.8,1267.0,1267.0,449.0,449.0,700.0,6.85,7.0,228.5,230.0,46.0
SV018,L,130,3,2,1,1,2,Response,1098.4199999999998,1221.6,1247.56,1287.1,529.8,574.0,512.0,2.6333333333333333,7.9,354.5,1102.0,87.33333333333333
SV018,L,131,2,2,1,1,2,Response,1135.5,1254.9,1203.4499999999998,1224.8,466.5,485.0,306.0,4.5,7.0,149.0,186.0,37.333333333333336
SV018,L,132,3,3,1,1,3,Response,,,,,,,,,,,,
SV018,L,133,2,3,1,0,3,Response,2646.68,3011.4,1113.66,1143.2,545.0,632.0,391.2,3.0,8.1,239.83333333333334,660.0,56.666666666666664
SV018,L,134,2,3,1,0,3,Response,2339.7999999999997,2924.8,1074.9833333333333,1111.8,620.8333333333334,695.0,659.3333333333334,4.228571428571429,7.9,168.57142857142858,258.0,33.142857142857146
SV018,L,135,3,3,1,1,3,Response,1134.3999999999999,1205.2,1238.0666666666666,1248.9,586.6666666666666,613.0,302.6666666666667,3.425,6.6,191.5,251.0,37.0
SV018,L,136,3,2,1,0,2,Response,2380.7999999999997,3074.5,1070.3666666666666,1128.9,591.0,704.0,356.0,4.775,8.2,469.0,1327.0,84.0
SV018,L,137,2,2,1,1,2,Response,1095.3000000000002,1221.9,1269.75,1308.4,456.0,465.0,266.0,4.533333333333333,7.1,274.0,509.0,88.0
SV018,L,138,2,3,1,1,3,Response,1583.6,2016.7,1160.1,1247.8,604.0,621.0,420.0,4.466666666666666,7.1,170.33333333333334,238.0,32.0
SV018,L,139,2,2,1,1,2,Response,1047.6,1047.6,1292.3,1292.3,546.0,546.0,492.0,6.2,6.5,217.5,227.0,40.0
SV018,L,140,3,0,0,0,3,Response,2874.0,2874.0,1025.1,1025.1,611.0,611.0,860.0,7.15,7.2,239.5,242.0,44.0
SV018,L,141,3,0,1,1,3,Response,1370.775,1905.1,1185.825,1284.2,611.0,640.0,485.0,3.2600000000000002,5.0,152.8,222.0,28.0
SV018,L,142,3,2,1,0,2,Response,2549.8333333333335,2969.8,1106.3666666666666,1142.6,633.0,743.0,312.0,3.9749999999999996,8.5,426.0,1065.0,78.0
SV018,L,143,3,0,0,0,3,Response,2928.8,2928.8,1020.7,1020.7,569.0,569.0,932.0,5.15,6.5,221.5,242.0,34.0
SV018,L,144,2,2,0,1,2,Response,1159.8,1159.8,1079.1,1079.1,570.0,570.0,236.0,5.65,5.7,214.0,229.0,38.0
SV018,L,145,2,0,0,0,3,Response,2553.5333333333333,3128.8,1019.0833333333334,1073.2,606.6666666666666,779.0,348.6666666666667,5.571428571428571,7.2,347.14285714285717,1098.0,63.42857142857143
SV018,L,146,3,0,1,1,2,Response,1356.8666666666666,1915.9,1197.8999999999999,1271.8,651.6666666666666,661.0,490.6666666666667,6.95,8.4,390.75,905.0,92.0
SV018,L,147,2,3,1,0,3,Response,2344.25,2683.8,1067.55,1109.8,705.5,783.0,718.0,3.9333333333333336,4.8,201.0,230.0,28.0
SV018,L,148,2,3,0,0,3,Response,2283.5333333333333,2915.6,1095.5333333333335,1108.4,655.6666666666666,755.0,764.0,4.85,7.7,486.5,1263.0,75.0
SV018,L,149,2,3,1,1,3,Response,1636.7666666666667,1922.7,1159.1666666666667,1235.6,679.0,794.0,512.0,2.25,4.8,339.75,911.0,72.0
SV018,L,150,3,3,0,1,3,Response,1395.2666666666667,1977.1,1216.9333333333334,1359.5,641.3333333333334,707.0,628.0,3.625,6.7,148.25,232.0,28.0
SV018,L,151,2,3,0,0,3,Response,2425.25,2873.0,1076.65,1077.3,676.5,735.0,832.0,5.2,7.6,384.3333333333333,803.0,88.0
SV018,L,152,2,3,0,1,3,Response,1354.6666666666667,1874.3,1211.9333333333334,1346.2,589.3333333333334,601.0,552.0,3.75,6.6,138.5,217.0,33.0
SV018,L,153,3,2,1,0,3,Response,2691.0,2691.0,1113.7,1113.7,575.0,575.0,1196.0,5.6,6.5,694.0,1175.0,136.0
SV018,L,154,2,2,1,0,2,Response,2620.95,3084.1,1092.775,1132.7,582.5,674.0,276.0,3.16,7.0,303.4,947.0,60.8
SV018,L,155,3,3,0,1,3,Response,1471.65,1847.1,1071.85,1108.4,498.5,535.0,488.0,4.333333333333333,6.4,162.0,224.0,33.333333333333336
SV018,L,156,2,2,1,1,2,Response,1613.0,1980.1,1120.8,1188.0,570.5,674.0,592.0,3.9,5.8,164.0,222.0,29.333333333333332
SV018,L,157,2,2,0,1,2,Response,1900.8400000000001,1977.6,1036.08,1054.0,488.6,637.0,409.6,0.6,0.8,197.2,736.0,56.8
SV018,L,158,2,0,0,0,2,Response,2407.7,2881.9,1038.65,1085.1,536.0,605.0,388.0,3.466666666666667,6.3,107.66666666666667,140.0,36.0
SV018,L,159,3,2,1,0,2,Response,2877.34,3071.7,1112.2,1149.1,536.2,599.0,492.0,2.1666666666666665,7.7,345.1666666666667,1028.0,79.33333333333333
SV018,L,160,3,3,0,0,3,Response,2957.4,2997.2,942.3000000000001,979.2,551.0,579.0,505.3333333333333,4.1,8.0,343.75,811.0,70.0
SV018,L,161,3,2,0,1,2,Response,1604.025,1836.5,1060.75,1115.7,534.25,591.0,351.0,2.32,5.5,262.6,805.0,57.6
SV018,L,162,3,0,1,0,3,Response,2114.7599999999998,2753.0,1276.6100000000001,3025.0,672.1,825.0,715.2,6.027272727272727,24.3,870.9090909090909,1296.0,264.3636363636364
SV018,L,163,3,2,1,0,2,Response,2560.6600000000003,2980.8,1134.19,1188.9,634.1,746.0,474.8,3.536363636363636,9.2,397.45454545454544,1340.0,75.27272727272727
SV018,L,164,3,3,1,1,3,Response,1126.9,1265.7,1301.4,1324.0,507.5,514.0,392.0,4.8,7.8,175.0,210.0,36.0
SV018,L,165,3,3,1,0,3,Response,2644.0,3022.9,1115.525,1146.1,575.5,651.0,384.0,2.34,7.1,211.8,720.0,50.4
SV018,L,166,3,2,1,1,2,Response,1046.7,1046.7,1287.0,1287.0,483.0,483.0,424.0,7.15,7.3,247.5,252.0,44.0
SV018,L,167,3,3,1,1,3,Response,1653.3,1985.8,1137.8333333333333,1298.8,581.0,643.0,629.3333333333334,4.15,8.4,526.25,1014.0,113.0
SV018,L,168,3,0,1,0,3,Response,2882.6,3097.3,1129.625,1160.1,566.5,634.0,534.0,2.9,9.1,328.0,1258.0,60.8
SV018,L,169,3,2,0,0,2,Response,2561.6428571428573,3270.0,1082.9857142857143,1226.1,538.8571428571429,627.0,276.0,2.25,6.5,244.0,862.0,48.5
SV018,L,170,3,0,0,0,3,Response,2550.2000000000003,3001.9,1124.5333333333333,1188.4,517.6666666666666,568.0,408.0,4.0,7.7,402.5,1109.0,88.0
SV018,L,171,2,0,0,0,2,Response,2689.6,2957.1,1089.4333333333334,1092.2,526.3333333333334,581.0,482.6666666666667,3.4749999999999996,7.8,373.0,1087.0,82.0
SV018,L,172,3,0,1,1,3,Response,1148.95,1239.5,1287.8000000000002,1290.9,466.0,472.0,498.0,1.2,1.9,88.66666666666667,110.0,18.666666666666668
SV018,L,173,3,0,0,1,3,Response,1692.7666666666667,2071.9,1098.3,1209.6,468.6666666666667,479.0,520.0,3.9499999999999997,7.3,131.0,195.0,36.0
SV018,L,174,3,2,0,1,2,Response,1372.0,1941.7,1080.0,1159.2,420.0,454.0,324.0,1.9249999999999998,6.1,329.5,995.0,71.0
SV018,L,175,3,2,0,1,2,Response,1656.3666666666668,1992.4,1079.3333333333333,1140.0,569.6666666666666,617.0,466.6666666666667,3.2,6.1,153.25,235.0,26.0
SV018,L,176,3,2,1,0,2,Response,2821.116666666667,2924.5,1365.45,1864.5,586.1666666666666,702.0,353.3333333333333,3.542857142857143,7.0,263.14285714285717,718.0,54.285714285714285
SV018,L,177,2,3,1,0,3,Response,2485.9500000000003,2896.8,1226.3999999999999,1866.5,571.0,636.0,380.0,4.928571428571429,11.3,462.0,1405.0,71.42857142857143
SV018,L,178,3,3,1,0,3,Response,2688.925,3122.4,1208.15,1759.0,555.75,681.0,260.5,2.9222222222222225,9.5,236.66666666666666,920.0,38.22222222222222
SV018,L,179,3,3,0,1,3,Response,1722.8999999999999,2089.7,1098.6666666666667,1144.1,523.3333333333334,607.0,506.6666666666667,3.125,6.9,326.25,957.0,84.0
SV018,L,180,3,3,1,1,2,Response,1403.875,1909.3,1181.4499999999998,1297.3,526.0,659.0,368.0,2.8,5.0,302.0,875.0,66.4
SV018,L,181,3,0,0,1,3,Response,,,,,,,,1.6,1.6,1045.0,1045.0,256.0
SV018,L,182,3,2,0,1,2,Response,1466.6,1846.9,1111.55,1185.3,511.5,553.0,602.0,4.633333333333334,7.3,465.0,924.0,229.33333333333334
SV018,L,183,2,2,1,0,2,Response,2885.066666666667,3055.4,1397.0666666666666,1889.1,624.0,686.0,546.6666666666666,7.699999999999999,10.7,432.75,937.0,70.0
SV018,L,184,3,2,1,1,2,Response,1419.2333333333333,1940.5,1447.8,1996.4,566.6666666666666,691.0,416.0,6.675,13.4,437.5,857.0,155.0
SV018,L,185,3,3,0,0,3,Response,2990.1,3270.0,1078.8666666666666,1115.7,605.3333333333334,687.0,528.0,4.725,8.1,242.0,332.0,39.0
SV018,L,186,2,3,0,0,3,Response,2560.75,3270.0,988.525,1027.0,626.75,689.0,430.0,4.46,10.1,426.0,1069.0,71.2
SV018,L,187,3,3,0,1,3,Response,1124.1999999999998,1154.6,1173.45,1253.0,492.5,506.0,448.0,4.366666666666666,6.3,172.33333333333334,234.0,33.333333333333336
SV018,L,188,2,2,0,0,2,Response,3042.1,3270.0,1008.05,1025.5,632.5,646.0,554.0,4.8999999999999995,6.1,262.3333333333333,324.0,45.333333333333336
SV018,L,189,2,3,1,0,3,Response,2822.55,2952.0,1126.25,1133.6,573.5,612.0,552.0,3.6666666666666665,7.7,162.33333333333334,251.0,29.333333333333332
SV018,L,190,3,0,1,0,3,Response,2789.633333333333,2975.7,1106.8333333333333,1124.1,622.3333333333334,727.0,469.3333333333333,3.275,7.5,142.75,245.0,29.0
SV018,L,191,3,3,1,0,3,Response,2852.82,3039.4,1492.98,1908.1,638.6,726.0,456.8,4.083333333333333,7.5,300.8333333333333,808.0,52.0
SV018,L,192,2,0,1,1,2,Response,1147.5333333333333,1317.5,1276.6333333333332,1337.6,461.6666666666667,519.0,265.3333333333333,3.75,4.9,189.5,225.0,29.0
SV018,L,193,2,3,1,0,3,Response,2964.125,3087.2,1513.6999999999998,1926.3,555.75,659.0,465.0,5.24,9.9,154.6,291.0,44.8
SV018,L,194,3,3,1,1,3,Response,,,,,,,,1.1,1.1,1114.0,1114.0,240.0
SV018,L,195,2,3,0,1,3,Response,1431.04,1984.6,1115.1599999999999,1240.3,535.8,667.0,272.0,4.266666666666667,7.4,168.0,243.0,32.0
SV018,L,196,2,2,1,1,2,Response,1360.175,1882.5,1199.0500000000002,1315.2,517.25,673.0,252.0,2.82,4.5,140.0,197.0,27.2
SV018,L,197,2,0,0,1,3,Response,1084.4499999999998,1086.1,1252.2,1275.9,474.5,514.0,640.0,3.6999999999999997,6.0,138.33333333333334,196.0,32.0
SV018,L,198,2,3,0,0,3,Response,2828.85,3270.0,966.1,1051.7,531.75,623.0,359.0,5.95,10.0,464.25,1302.0,88.0
SV018,L,199,3,0,0,0,3,Response,2570.82,3044.8,1015.26,1094.1,535.4,595.0,292.8,3.15,8.6,254.0,788.0,64.0
SV018,L,200,2,2,0,0,2,Response,3099.0333333333333,3270.0,1015.8333333333334,1113.2,536.0,608.0,342.6666666666667,5.675,10.7,301.75,779.0,84.0
SV018,L,201,2,3,0,0,3,Response,2314.4333333333334,2999.1,1029.7666666666667,1044.3,581.3333333333334,630.0,409.3333333333333,4.2,8.0,467.5,1301.0,76.0
SV018,L,202,2,2,0,0,2,Response,2858.2666666666664,3019.7,1023.0333333333333,1109.9,525.6666666666666,612.0,456.0,2.8499999999999996,5.3,131.75,159.0,29.0
SV018,L,203,3,0,1,0,3,Response,2864.45,2993.5,1098.75,1103.3,518.5,519.0,586.0,4.033333333333333,7.6,502.3333333333333,1205.0,82.66666666666667
SV018,L,204,2,3,0,0,2,Response,2627.8333333333335,2998.1,1007.1999999999999,1036.9,604.6666666666666,665.0,428.0,4.5,8.4,609.25,1344.0,158.0
SV018,L,205,2,0,0,1,3,Response,1556.2666666666667,1943.0,1002.5999999999999,1122.3,417.1666666666667,514.0,352.0,2.314285714285714,5.3,106.57142857142857,177.0,25.714285714285715
SV018,L,206,2,2,0,0,2,Response,2936.1666666666665,2975.8,989.4666666666666,1123.6,510.0,613.0,438.6666666666667,4.15,7.2,477.0,955.0,118.0
SV018,L,207,2,3,0,1,3,Response,1305.3666666666666,1898.3,1130.5333333333333,1313.6,416.0,429.0,345.3333333333333,3.75,7.7,330.5,898.0,94.0
SV018,L,208,2,2,0,1,2,Response,1061.1,1061.1,1225.6,1225.6,442.0,442.0,412.0,7.199999999999999,8.1,210.0,214.0,48.0
SV018,L,209,3,3,1,0,3,Response,2435.62,2964.1,1038.92,1089.1,524.6,601.0,385.6,2.466666666666667,6.2,319.8333333333333,787.0,103.33333333333333
SV018,L,210,2,0,1,0,2,Response,2671.766666666667,3094.5,1111.2,1148.3,543.0,611.0,336.0,4.3,7.5,136.25,211.0,38.0
SV018,L,211,3,3,0,1,3,Response,1496.1,1913.9,1094.55,1154.0,523.5,608.0,612.0,3.6,5.0,455.0,1079.0,109.33333333333333
SV018,L,212,3,2,0,0,2,Response,2624.2,3270.0,1001.54,1092.3,526.4,587.0,399.2,4.3500000000000005,10.2,358.6666666666667,1114.0,98.0
SV018,L,213,3,0,0,1,2,Response,,,,,,,,0.8,0.8,1291.0,1291.0,168.0
SV018,L,214,2,2,1,0,2,Response,2992.442857142857,3270.0,1207.2142857142858,1843.1,535.0,696.0,284.57142857142856,4.357142857142857,8.8,272.57142857142856,847.0,53.714285714285715
SV018,L,215,3,3,1,1,2,Response,1431.7777777777778,2203.2,1103.1555555555556,1268.0,538.4444444444445,670.0,373.77777777777777,2.41,7.8,184.2,691.0,42.0
SV018,L,216,3,0,1,1,2,Response,1210.0333333333333,1444.8,1223.6666666666667,1242.3,543.0,576.0,612.0,3.25,6.0,391.25,1183.0,75.0
SV018,L,217,3,3,0,0,3,Response,2859.7999999999997,3270.0,1056.1499999999999,1159.5,526.3333333333334,607.0,268.0,3.857142857142857,8.9,274.85714285714283,856.0,49.142857142857146
SV018,L,218,2,3,1,1,3,Response,1165.75,1271.0,1250.9499999999998,1258.8,447.5,454.0,458.0,4.433333333333334,5.9,179.0,218.0,33.333333333333336
SV018,L,219,2,0,1,1,2,Response,1378.6,1821.8,1175.5,1322.3,525.25,620.0,366.0,2.62,8.2,125.0,226.0,24.0
SV018,L,220,3,2,1,1,2,Response,1364.4,1974.6,1177.1000000000001,1280.9,575.25,669.0,205.0,3.4200000000000004,5.1,412.4,1437.0,62.4
SV018,L,221,3,2,1,1,2,Response,1564.6,1979.2,1148.0,1248.1,560.5,664.0,432.0,4.466666666666667,6.4,606.6666666666666,1369.0,97.33333333333333
SV018,L,222,3,0,1,1,2,Response,1161.85,1235.9,1234.05,1241.5,487.0,576.0,568.0,3.1,5.6,142.0,197.0,28.0
SV018,L,223,3,3,0,0,3,Response,2327.7000000000003,2930.6,989.4333333333334,1005.4,550.0,599.0,534.6666666666666,4.833333333333333,7.2,210.0,284.0,30.666666666666668
SV018,L,224,3,2,1,0,2,Response,2544.66,2960.2,1107.9,1159.2,585.8,681.0,431.2,3.04,6.0,296.6,936.0,56.0
SV018,L,225,3,2,0,0,2,Response,2576.7599999999998,3045.4,1046.42,1066.3,541.0,651.0,430.4,2.966666666666667,8.6,234.83333333333334,664.0,54.666666666666664
SV018,L,226,2,2,0,1,2,Response,1608.0,2076.0,953.5,955.3,446.0,464.0,408.0,4.6000000000000005,7.5,170.0,220.0,33.333333333333336
SV018,L,227,3,2,1,1,2,Response,1461.6,1867.0,1178.85,1254.7,542.0,631.0,800.0,3.7999999999999994,6.1,167.66666666666666,212.0,28.0
SV018,L,228,2,0,1,1,3,Response,1345.2333333333333,1808.2,1224.0666666666666,1321.8,524.6666666666666,563.0,710.6666666666666,2.275,4.9,131.0,208.0,23.0
SV018,L,229,2,0,1,0,3,Response,2664.133333333333,3080.8,1100.8,1140.1,520.0,643.0,596.0,4.125,8.0,152.0,237.0,32.0
SV018,L,230,3,2,0,0,2,Response,2520.75,2965.1,1106.4,1118.6,575.0,655.0,552.0,5.1000000000000005,7.6,607.0,1278.0,85.33333333333333
SV018,L,231,2,2,0,0,2,Response,2478.25,2927.7,1054.85,1071.8,612.0,667.0,1482.0,5.3,7.5,215.66666666666666,262.0,36.0
SV018,L,232,2,2,1,0,2,Response,2595.625,2925.8,1081.525,1132.6,654.75,738.0,369.0,4.0,7.2,422.2,1389.0,68.0
SV018,L,233,2,0,1,1,2,Response,1305.425,1761.6,1232.45,1294.3,569.5,696.0,581.0,2.32,5.7,389.8,1070.0,89.6
SV018,L,234,2,0,0,1,3,Response,1383.6,1708.9,1156.8,1162.3,605.0,706.0,590.0,4.433333333333334,6.2,324.3333333333333,664.0,97.33333333333333
SV018,L,235,2,0,1,1,3,Response,1081.58,1226.3,1567.7,2176.2,649.6,727.0,641.6,5.066666666666666,9.8,272.0,652.0,68.66666666666667
SV018,L,236,3,0,0,0,3,Response,3127.9,3270.0,1077.65,1082.6,599.0,660.0,680.0,6.0,8.0,245.0,276.0,44.0
SV018,L,237,3,3,1,0,3,Response,2560.4,2952.4,1069.15,1082.8,617.5,692.0,796.0,3.966666666666667,6.7,169.66666666666666,252.0,32.0
SV018,L,238,3,3,0,1,3,Response,1360.55,1602.6,1129.5,1189.2,597.5,675.0,792.0,4.866666666666667,6.7,248.0,291.0,157.33333333333334
SV018,L,239,2,0,1,0,3,Response,2533.05,3016.9,1083.8,1131.4,595.0,682.0,362.0,2.98,7.5,154.2,271.0,25.6
SV018,L,240,3,3,0,0,3,Response,2442.65,2968.9,1011.25,1067.9,655.25,693.0,475.0,5.0,7.1,640.8,1500.0,91.2
SV018,L,241,2,2,0,0,2,Response,1905.975,1972.0,629.775,983.2,607.0,634.0,285.0,2.2600000000000002,4.8,169.2,307.0,48.0
SV018,L,242,3,0,1,0,0,Response,2062.6,2062.6,945.5,945.5,692.0,692.0,300.0,0.35,0.6,754.5,1439.0,98.0
SV018,L,243,3,0,1,0,0,Response,,,,,,,,,,,,
SV018,L,244,3,3,1,0,3,Response,,,,,,,,,,,,
SV018,L,245,3,2,0,0,2,Response,,,,,,,,,,,,
SV018,L,246,2,3,0,0,3,Response,,,,,,,,1.2,1.2,746.0,746.0,256.0
SV018,L,247,2,0,0,0,0,Response,,,,,,,,,,,,
SV018,L,248,2,0,1,1,0,Response,,,,,,,,0.2,0.2,757.0,757.0,224.0
SV018,L,249,3,2,0,1,2,Response,,,,,,,,1.8,1.8,1619.0,1619.0,228.0
SV018,L,250,3,2,1,1,2,Response,1932.0,1996.4,1067.95,1096.2,683.25,749.0,460.0,1.08,2.0,433.0,1197.0,108.0
SV018,L,251,3,0,0,1,0,Response,,,,,,,,,,,,
SV018,L,252,3,3,0,1,3,Response,,,,,,,,,,,,
SV018,L,253,2,3,1,0,3,Response,,,,,,,,,,,,
SV018,L,254,3,0,0,0,0,Response,,,,,,,,1.0,1.0,1256.0,1256.0,292.0
SV018,L,255,2,2,1,1,2,Response,,,,,,,,,,,,
SV018,L,256,3,3,0,1,3,Response,,,,,,,,1.5,1.5,806.0,806.0,224.0
SV018,L,257,2,3,1,1,3,Response,,,,,,,,,,,,
SV018,L,258,2,0,0,1,0,Response,,,,,,,,12.0,12.0,997.0,997.0,296.0
SV018,L,259,3,2,0,0,2,Response,,,,,,,,,,,,
SV018,L,260,3,2,1,0,2,Response,1938.2,1938.2,1173.0,1173.0,666.0,666.0,76.0,0.85,1.4,664.5,1252.0,148.0
SV018,L,261,2,2,1,1,2,Response,,,,,,,,14.3,14.3,869.0,869.0,324.0
SV018,L,262,3,3,0,1,3,Response,,,,,,,,2.2,2.2,974.0,974.0,264.0
SV018,L,263,2,2,0,1,2,Response,,,,,,,,,,,,
SV018,L,264,3,0,0,1,0,Response,,,,,,,,,,,,
SV018,L,265,3,2,0,0,2,Response,,,,,,,,,,,,
SV018,L,266,2,0,0,0,0,Response,,,,,,,,2.8,2.8,755.0,755.0,260.0
SV018,L,267,2,3,0,1,3,Response,,,,,,,,13.4,13.4,786.0,786.0,272.0
SV018,L,268,3,3,1,1,3,Response,,,,,,,,,,,,
SV018,L,269,2,2,0,1,2,Response,,,,,,,,,,,,
SV018,L,270,3,2,0,0,2,Response,,,,,,,,0.8,0.8,1128.0,1128.0,196.0
SV018,L,271,2,3,1,0,3,Response,,,,,,,,,,,,
SV018,L,272,2,2,0,1,2,Response,,,,,,,,,,,,
SV018,L,273,3,3,1,1,3,Response,,,,,,,,,,,,
SV018,L,274,2,0,1,0,0,Response,,,,,,,,,,,,
SV018,L,275,2,3,0,1,3,Response,,,,,,,,,,,,
SV018,L,276,2,0,0,0,0,Response,,,,,,,,,,,,
SV018,L,277,3,2,0,0,2,Response,,,,,,,,,,,,
SV018,L,278,2,3,0,1,3,Response,,,,,,,,,,,,
SV018,L,279,3,0,1,0,0,Response,,,,,,,,,,,,
SV018,L,280,3,2,0,1,2,Response,,,,,,,,,,,,
SV018,L,281,3,0,1,0,0,Response,,,,,,,,,,,,
SV018,L,282,3,3,0,0,3,Response,,,,,,,,2.6,2.6,161.0,161.0,24.0
SV018,L,283,3,2,1,0,2,Response,,,,,,,,,,,,
SV018,L,284,2,2,0,0,2,Response,,,,,,,,0.8,0.8,72.0,72.0,16.0
SV018,L,285,2,0,0,1,0,Response,,,,,,,,1.4,1.4,931.0,931.0,268.0
SV018,L,286,2,2,1,0,2,Response,,,,,,,,0.6,0.6,72.0,72.0,12.0
SV018,L,287,3,2,1,0,2,Response,,,,,,,,0.8,0.8,73.0,73.0,16.0
SV018,L,288,2,0,0,1,0,Response,,,,,,,,,,,,
SV018,L,289,3,0,0,1,0,Response,,,,,,,,,,,,
SV018,L,290,2,0,1,0,0,Response,,,,,,,,,,,,
SV018,L,291,3,0,0,1,0,Response,,,,,,,,0.4,0.4,848.0,848.0,276.0
SV018,L,292,3,2,1,1,2,Response,,,,,,,,1.3,1.3,1105.0,1105.0,288.0
SV018,L,293,2,2,1,1,2,Response,,,,,,,,,,,,
SV018,L,294,2,0,1,0,0,Response,,,,,,,,,,,,
SV018,L,295,2,2,1,1,2,Response,,,,,,,,,,,,
SV018,L,296,3,0,0,0,0,Response,,,,,,,,,,,,
SV018,L,297,2,3,0,1,3,Response,,,,,,,,0.3,0.3,1143.0,1143.0,232.0
SV018,L,298,2,3,1,1,3,Response,1993.4,1993.4,1037.2,1037.2,657.0,657.0,228.0,6.0,11.6,433.5,813.0,142.0
SV018,L,299,3,2,0,1,2,Response,,,,,,,,,,,,
SV018,L,300,2,2,1,0,2,Response,,,,,,,,3.6,3.6,860.0,860.0,236.0
SV018,L,301,2,2,0,0,2,Response,,,,,,,,,,,,
SV018,L,302,3,0,1,0,0,Response,,,,,,,,,,,,
SV018,L,303,2,3,1,0,3,Response,,,,,,,,,,,,
SV018,L,304,3,2,0,0,2,Response,,,,,,,,1.3,1.3,913.0,913.0,248.0
SV018,L,305,3,2,0,1,2,Response,,,,,,,,,,,,
SV018,L,306,2,0,1,0,0,Response,,,,,,,,,,,,
SV018,L,307,3,0,0,0,0,Response,,,,,,,,,,,,
SV018,L,308,3,3,1,0,3,Response,,,,,,,,,,,,
SV018,L,309,3,2,1,1,2,Response,,,,,,,,,,,,
SV018,L,310,2,2,0,0,2,Response,,,,,,,,,,,,
SV018,L,311,2,0,1,0,0,Response,,,,,,,,,,,,
SV018,L,312,3,0,1,1,0,Response,,,,,,,,,,,,
SV018,L,313,3,2,1,0,2,Response,,,,,,,,,,,,
SV018,L,314,3,2,1,0,2,Response,,,,,,,,,,,,
SV018,L,315,2,3,0,1,3,Response,,,,,,,,,,,,
SV018,L,316,3,0,0,0,0,Response,,,,,,,,,,,,
SV018,L,317,2,3,0,0,3,Response,,,,,,,,,,,,
SV018,L,318,2,3,1,1,3,Response,,,,,,,,,,,,
SV018,L,319,3,3,1,1,3,Response,,,,,,,,,,,,
SV018,L,320,2,3,0,0,3,Response,,,,,,,,,,,,
SV018,L,321,2,2,1,0,2,Response,,,,,,,,1.3,1.3,1367.0,1367.0,228.0
SV018,L,322,3,3,1,0,3,Response,,,,,,,,1.2,1.2,986.0,986.0,280.0
SV018,L,323,3,2,0,1,2,Response,,,,,,,,,,,,
SV018,L,324,2,2,0,0,2,Response,,,,,,,,11.0,11.0,879.0,879.0,208.0
SV018,L,325,3,0,1,1,0,Response,,,,,,,,,,,,
SV018,L,326,3,3,0,1,3,Response,,,,,,,,,,,,
SV018,L,327,3,2,0,0,2,Response,,,,,,,,0.2,0.2,1278.0,1278.0,220.0
SV018,L,328,2,2,1,1,2,Response,,,,,,,,,,,,
SV018,L,329,3,3,0,0,3,Response,,,,,,,,12.1,12.1,795.0,795.0,300.0
SV018,L,330,3,2,1,1,2,Response,,,,,,,,,,,,
SV018,L,331,3,2,0,1,2,Response,,,,,,,,,,,,
SV018,L,332,2,3,1,0,3,Response,1948.1,1948.1,1029.9,1029.9,565.0,565.0,748.0,0.65,0.8,812.5,1569.0,130.0
SV018,L,333,3,3,0,1,3,Response,,,,,,,,1.1,1.1,1222.0,1222.0,240.0
SV018,L,334,3,0,0,1,0,Response,,,,,,,,,,,,
SV018,L,335,2,3,0,0,3,Response,,,,,,,,13.9,13.9,967.0,967.0,316.0
SV018,L,336,3,3,1,0,3,Response,,,,,,,,,,,,
SV018,L,337,3,0,1,0,0,Response,,,,,,,,,,,,
SV018,L,338,2,3,0,1,3,Response,,,,,,,,,,,,
SV018,L,339,3,3,1,0,3,Response,,,,,,,,11.0,11.0,794.0,794.0,316.0
SV018,L,340,3,0,0,1,0,Response,,,,,,,,,,,,
SV018,L,341,2,3,1,1,3,Response,,,,,,,,,,,,
SV018,L,342,2,0,1,1,0,Response,,,,,,,,,,,,
SV018,L,343,3,0,1,1,0,Response,,,,,,,,,,,,
SV018,L,344,3,2,1,0,2,Response,,,,,,,,0.5,0.5,61.0,61.0,12.0
SV018,L,345,2,0,0,0,0,Response,,,,,,,,,,,,
SV018,L,346,2,2,0,1,2,Response,,,,,,,,,,,,
SV018,L,347,3,2,1,0,2,Response,,,,,,,,,,,,
SV018,L,348,2,0,0,0,0,Response,,,,,,,,1.1,1.1,949.0,949.0,212.0
SV018,L,349,2,0,0,1,0,Response,,,,,,,,,,,,
SV018,L,350,2,2,1,1,2,Response,,,,,,,,0.6,0.6,952.0,952.0,180.0
SV018,L,351,2,0,0,1,0,Response,,,,,,,,1.3,1.3,1236.0,1236.0,248.0
SV018,L,352,3,2,1,1,2,Response,,,,,,,,,,,,
SV018,L,353,2,0,1,0,0,Response,,,,,,,,,,,,
SV018,L,354,2,3,0,0,3,Response,,,,,,,,0.5,0.5,65.0,65.0,12.0
SV018,L,355,3,3,0,0,3,Response,,,,,,,,,,,,
SV018,L,356,3,2,0,1,2,Response,1946.9,1946.9,1017.2,1017.2,629.0,629.0,212.0,0.6499999999999999,0.7,508.0,954.0,126.0
SV018,L,357,3,3,0,1,3,Response,,,,,,,,,,,,
SV018,L,358,3,0,1,1,0,Response,,,,,,,,,,,,
SV018,L,359,3,2,1,0,2,Response,,,,,,,,,,,,
SV018,L,360,3,3,1,0,3,Response,,,,,,,,,,,,
SV018,L,361,3,2,1,1,2,Response,,,,,,,,,,,,
SV018,L,362,2,3,1,0,3,Response,1865.8,1865.8,1020.9,1020.9,654.0,654.0,220.0,0.65,0.8,67.5,68.0,14.0
SV018,L,363,2,3,1,1,3,Response,,,,,,,,,,,,
SV018,L,364,2,0,0,1,0,Response,,,,,,,,,,,,
SV018,L,365,2,3,0,0,3,Response,,,,,,,,0.9,0.9,737.0,737.0,216.0
SV018,L,366,2,3,1,0,3,Response,,,,,,,,,,,,
SV018,L,367,2,3,0,0,3,Response,,,,,,,,0.5,0.5,58.0,58.0,12.0
SV018,L,368,3,3,0,0,3,Response,,,,,,,,,,,,
SV018,L,369,2,3,0,0,3,Response,,,,,,,,0.2,0.2,1178.0,1178.0,188.0
SV018,L,370,3,0,0,0,0,Response,,,,,,,,,,,,
SV018,L,371,3,3,1,1,3,Response,,,,,,,,,,,,
SV018,L,372,3,3,1,0,3,Response,,,,,,,,0.5,0.5,58.0,58.0,12.0
SV018,L,373,2,2,1,0,2,Response,,,,,,,,,,,,
SV018,L,374,2,0,1,1,0,Response,,,,,,,,,,,,
SV018,L,375,3,3,0,1,3,Response,,,,,,,,,,,,
SV018,L,376,3,3,1,1,3,Response,,,,,,,,,,,,
SV018,L,377,2,0,1,1,0,Response,,,,,,,,0.9,0.9,61.0,61.0,20.0
SV018,L,378,2,2,1,1,2,Response,,,,,,,,,,,,
SV018,L,379,3,3,0,0,3,Response,,,,,,,,,,,,
SV018,L,380,2,2,1,0,2,Response,,,,,,,,0.6,0.6,1115.0,1115.0,240.0
SV018,L,381,2,2,0,1,2,Response,,,,,,,,,,,,
SV018,L,382,2,3,1,1,3,Response,,,,,,,,,,,,
SV018,L,383,2,3,0,0,3,Response,,,,,,,,,,,,
SV018,L,384,2,2,1,0,2,Response,,,,,,,,,,,,
SV018,L,385,2,2,1,1,2,Response,,,,,,,,0.2,0.2,766.0,766.0,256.0
SV018,L,386,3,0,1,1,0,Response,,,,,,,,,,,,
SV018,L,387,3,2,1,1,2,Response,,,,,,,,0.2,0.2,1045.0,1045.0,176.0
SV018,L,388,3,0,0,0,0,Response,1948.6,1948.6,839.8,839.8,440.0,440.0,224.0,1.1,1.1,647.0,647.0,180.0
SV018,L,389,2,0,0,0,0,Response,,,,,,,,0.5,0.5,680.0,680.0,204.0
SV018,L,390,3,3,0,0,3,Response,,,,,,,,0.9,0.9,1113.0,1113.0,256.0
SV018,L,391,2,0,1,1,0,Response,,,,,,,,,,,,
SV018,L,392,2,0,1,1,0,Response,,,,,,,,0.5,0.5,725.0,725.0,228.0
SV018,L,393,3,3,1,0,3,Response,,,,,,,,11.2,11.2,655.0,655.0,248.0
SV018,L,394,2,3,0,1,3,Response,,,,,,,,,,,,
SV018,L,395,2,2,1,0,2,Response,,,,,,,,0.4,0.4,757.0,757.0,224.0
SV018,L,396,3,2,0,0,2,Response,,,,,,,,,,,,
SV018,L,397,3,3,0,1,3,Response,,,,,,,,1.2,1.2,789.0,789.0,244.0
SV018,L,398,3,2,0,1,2,Response,,,,,,,,,,,,
SV018,L,399,2,2,0,1,2,Response,,,,,,,,,,,,
SV018,L,400,2,2,0,1,2,Response,,,,,,,,0.8,0.8,1262.0,1262.0,196.0
SV018,L,401,2,0,0,1,0,Response,,,,,,,,0.7,0.7,858.0,858.0,220.0
SV018,L,402,3,0,1,0,0,Response,,,,,,,,,,,,
SV018,L,403,3,2,1,1,2,Response,,,,,,,,0.2,0.2,1158.0,1158.0,160.0
SV018,L,404,2,2,0,0,2,Response,,,,,,,,,,,,
SV018,L,405,3,3,1,1,3,Response,,,,,,,,0.4,0.4,1385.0,1385.0,176.0
SV018,L,406,2,0,0,1,0,Response,,,,,,,,0.3,0.3,1133.0,1133.0,228.0
SV018,L,407,2,3,1,1,3,Response,,,,,,,,,,,,
SV018,L,408,3,3,1,0,3,Response,,,,,,,,,,,,
SV018,L,409,3,2,0,1,2,Response,,,,,,,,0.5,0.5,58.0,58.0,12.0
SV018,L,410,3,2,0,0,2,Response,,,,,,,,0.5,0.5,857.0,857.0,224.0
SV018,L,411,2,2,0,0,2,Response,,,,,,,,0.2,0.2,1283.0,1283.0,236.0
SV018,L,412,3,2,0,1,2,Response,,,,,,,,,,,,
SV018,L,413,2,2,1,0,2,Response,,,,,,,,,,,,
SV018,L,414,2,0,1,1,0,Response,,,,,,,,1.3,1.3,1110.0,1110.0,224.0
SV018,L,415,3,3,1,1,3,Response,,,,,,,,,,,,
SV018,L,416,2,3,0,0,3,Response,,,,,,,,0.5,0.5,961.0,961.0,188.0
SV018,L,417,3,0,1,0,0,Response,,,,,,,,,,,,
SV018,L,418,2,0,1,0,0,Response,,,,,,,,0.6,0.6,68.0,68.0,12.0
SV018,L,419,2,2,1,1,2,Response,,,,,,,,,,,,
SV018,L,420,2,2,1,0,2,Response,,,,,,,,1.1,1.1,1002.0,1002.0,180.0
SV018,L,421,2,0,1,0,0,Response,,,,,,,,,,,,
SV018,L,422,2,3,1,0,3,Response,,,,,,,,,,,,
SV018,L,423,2,2,0,1,2,Response,,,,,,,,0.5,0.5,979.0,979.0,232.0
SV018,L,424,3,0,0,1,0,Response,,,,,,,,,,,,
SV018,L,425,2,0,1,1,0,Response,,,,,,,,,,,,
SV018,L,426,2,0,0,1,0,Response,,,,,,,,,,,,
SV018,L,427,3,2,0,0,2,Response,,,,,,,,0.4,0.4,1216.0,1216.0,232.0
SV018,L,428,2,0,0,0,0,Response,,,,,,,,,,,,
SV018,L,429,2,0,1,0,0,Response,,,,,,,,1.1,1.1,1152.0,1152.0,244.0
SV018,L,430,2,3,1,0,3,Response,,,,,,,,1.0,1.0,1405.0,1405.0,244.0
SV018,L,431,2,0,0,0,0,Response,,,,,,,,,,,,
SV018,L,432,2,3,0,1,3,Response,,,,,,,,1.3,1.3,1146.0,1146.0,248.0
SV018,L,433,3,3,0,0,3,Response,1983.5,1983.5,1299.0,1299.0,366.0,366.0,156.0,6.05,11.5,523.0,970.0,182.0
SV018,L,434,3,0,0,1,0,Response,,,,,,,,,,,,
SV018,L,435,2,0,0,0,0,Response,,,,,,,,,,,,
SV018,L,436,2,3,0,1,3,Response,1935.25,2073.8,1074.7,1111.2,592.5,637.0,374.0,0.9200000000000002,1.3,454.4,1078.0,93.6
SV018,L,437,3,0,0,0,0,Response,,,,,,,,,,,,
SV018,L,438,3,0,0,0,0,Response,,,,,,,,,,,,
SV018,L,439,3,3,0,1,3,Response,,,,,,,,,,,,
SV018,L,440,3,0,1,0,0,Response,,,,,,,,,,,,
SV018,L,441,3,2,1,0,2,Response,,,,,,,,0.8,0.8,1040.0,1040.0,208.0
SV018,L,442,3,0,0,0,0,Response,,,,,,,,,,,,
SV018,L,443,2,0,0,0,0,Response,,,,,,,,,,,,
SV018,L,444,2,3,1,1,3,Response,,,,,,,,,,,,
SV018,L,445,3,0,0,0,0,Response,,,,,,,,,,,,
SV018,L,446,2,3,1,1,3,Response,,,,,,,,0.7,0.7,63.0,63.0,16.0
SV018,L,447,3,0,1,1,0,Response,,,,,,,,,,,,
SV018,L,448,2,3,0,1,3,Response,,,,,,,,,,,,
SV018,L,449,3,0,0,1,0,Response,,,,,,,,,,,,
SV018,L,450,3,0,0,1,0,Response,,,,,,,,,,,,
SV018,L,451,3,2,1,1,2,Response,,,,,,,,0.1,0.1,940.0,940.0,260.0
SV018,L,452,3,3,0,1,3,Response,,,,,,,,,,,,
SV018,L,453,3,3,1,1,3,Response,,,,,,,,,,,,
SV018,L,454,2,2,0,1,2,Response,,,,,,,,1.0,1.0,1199.0,1199.0,264.0
SV018,L,455,3,0,1,0,0,Response,,,,,,,,,,,,
SV018,L,456,2,3,1,1,3,Response,,,,,,,,,,,,
SV018,L,457,3,3,1,0,3,Response,,,,,,,,,,,,
SV018,L,458,3,3,0,0,3,Response,,,,,,,,,,,,
SV018,L,459,3,3,1,1,3,Response,,,,,,,,,,,,
SV018,L,460,3,0,1,1,0,Response,,,,,,,,,,,,
SV018,L,461,2,2,1,0,2,Response,,,,,,,,,,,,
SV018,L,462,3,2,1,1,2,Response,,,,,,,,,,,,
SV018,L,463,2,2,0,0,2,Response,,,,,,,,,,,,
SV018,L,464,2,2,1,1,2,Response,,,,,,,,,,,,
SV018,L,465,3,0,1,1,0,Response,,,,,,,,0.6,0.6,1198.0,1198.0,188.0
SV018,L,466,2,0,1,0,0,Response,,,,,,,,,,,,
SV018,L,467,3,3,0,0,3,Response,,,,,,,,,,,,
SV018,L,468,3,2,1,0,2,Response,,,,,,,,0.5,0.5,61.0,61.0,12.0
SV018,L,469,2,3,1,0,3,Response,,,,,,,,0.5,0.5,65.0,65.0,12.0
SV018,L,470,3,0,1,1,0,Response,,,,,,,,,,,,
SV018,L,471,2,0,1,1,0,Response,,,,,,,,,,,,
SV018,L,472,2,2,0,0,2,Response,,,,,,,,0.7,0.7,903.0,903.0,288.0
SV018,L,473,2,0,1,1,0,Response,,,,,,,,,,,,
SV018,L,474,2,0,0,1,0,Response,,,,,,,,0.9,0.9,77.0,77.0,16.0
SV018,L,475,2,3,1,0,2,Response,,,,,,,,0.6,0.6,1368.0,1368.0,228.0
SV018,L,476,3,3,0,0,3,Response,2096.02,2577.0,988.36,1019.9,605.2,658.0,289.6,1.5166666666666668,4.9,577.1666666666666,1100.0,132.0
SV018,L,477,2,2,0,1,2,Response,,,,,,,,13.4,13.4,746.0,746.0,264.0
SV018,L,478,3,3,1,1,3,Response,,,,,,,,15.1,15.1,1095.0,1095.0,316.0
SV018,L,479,3,0,1,1,0,Response,,,,,,,,,,,,
SV018,L,480,2,2,0,0,2,Response,,,,,,,,0.3,0.3,1301.0,1301.0,236.0
SV018,R,1,3,2,1,1,1,Response,1986.546511627907,2643.7,584.9837209302325,1885.1,872.1860465116279,1038.0,251.06976744186048,4.565909090909091,11.9,229.0,1469.0,95.9090909090909
SV018,R,2,2,2,0,0,2,Response,1431.9857142857143,1871.0,1099.7142857142858,1325.4,898.5714285714286,945.0,222.28571428571428,3.8625,7.0,530.5,1285.0,197.0
SV018,R,3,3,3,1,1,3,Response,2583.52,3032.2,1255.4299999999998,1318.5,900.7,976.0,443.2,4.945454545454545,10.0,330.6363636363636,1229.0,72.0
SV018,R,4,2,2,0,1,2,Response,2544.32,2769.6,1189.21,1529.9,842.1,972.0,337.6,4.709090909090909,8.0,197.27272727272728,477.0,42.90909090909091
SV018,R,5,3,3,0,1,3,Response,2441.733333333333,2738.9,1135.9333333333334,1452.2,914.0,1018.0,497.3333333333333,4.542857142857143,7.9,295.85714285714283,1132.0,69.14285714285714
SV018,R,6,3,2,0,0,2,Response,1327.27,1884.1,1262.72,1411.6,904.5,949.0,290.4,4.781818181818182,6.7,255.0,844.0,55.63636363636363
SV018,R,7,3,3,0,0,3,Response,1252.375,1749.6,1130.125,1291.8,944.0,1016.0,649.0,3.4,8.2,278.2,823.0,93.6
SV018,R,8,2,0,0,0,2,Response,1185.2222222222222,1854.6,1134.0666666666666,1384.2,931.8888888888889,969.0,570.2222222222222,3.38,6.5,230.9,894.0,62.0
SV018,R,9,2,0,0,0,3,Response,1097.6666666666667,1111.2,1221.8333333333333,1395.1,930.0,984.0,1360.0,4.65,8.5,162.25,232.0,45.0
SV018,R,10,3,0,1,0,3,Response,1212.9625,1468.7,1210.625,1277.9,931.5,988.0,623.0,2.0999999999999996,6.1,332.1111111111111,1236.0,93.77777777777777
SV018,R,11,3,0,1,1,3,Response,2427.585714285714,2834.1,1241.3,1319.9,864.8571428571429,918.0,512.5714285714286,3.375,6.5,144.875,206.0,34.0
SV018,R,12,3,3,0,0,3,Response,1102.3,1123.8,1200.5,1229.3,890.5,915.0,1110.0,4.8999999999999995,7.2,169.33333333333334,230.0,36.0
SV018,R,13,2,0,0,1,3,Response,2705.5,2720.6,1330.3666666666666,1630.0,912.0,946.0,669.3333333333334,5.125,10.2,326.75,877.0,79.0
SV018,R,14,2,0,0,0,3,Response,1109.2666666666667,1127.3,1125.0666666666666,1250.0,932.3333333333334,961.0,616.0,3.3,5.9,128.0,196.0,30.0
SV018,R,15,2,3,0,1,3,Response,2506.88,2726.2,1218.42,1462.9,911.6,1065.0,790.4,3.5333333333333337,8.3,336.0,1263.0,58.666666666666664
SV018,R,16,2,2,0,1,2,Response,2528.942857142857,2756.3,1185.0142857142857,1350.9,930.5714285714286,1021.0,435.42857142857144,3.7125000000000004,6.7,263.125,1146.0,54.0
SV018,R,17,2,3,1,1,3,Response,2296.3,2659.7,1223.7,1292.2,936.5,956.0,543.0,2.74,5.5,127.0,199.0,25.6
SV018,R,18,3,2,0,0,2,Response,1348.8999999999999,1820.9,1176.1666666666667,1296.6,964.0,1010.0,742.6666666666666,3.525,7.8,506.75,1719.0,102.0
SV018,R,19,2,2,0,1,2,Response,,,,,,,,,,,,
SV018,R,20,3,3,1,0,3,Response,1259.98,1856.9,1170.7,1257.4,921.6,1079.0,335.2,2.5333333333333337,6.5,301.8333333333333,1347.0,40.666666666666664
SV018,R,21,2,0,1,0,3,Response,1098.725,1305.8,1222.2250000000001,1249.2,925.25,968.0,487.0,2.8,6.0,123.8,177.0,28.0
SV018,R,22,3,0,0,1,3,Response,2513.7250000000004,2734.3,1140.525,1286.1,891.75,944.0,314.0,5.9,7.5,200.2,242.0,40.0
SV018,R,23,3,3,0,0,3,Response,1086.1,1093.8,1072.2,1158.3,948.0,977.0,414.0,4.8999999999999995,6.9,173.66666666666666,228.0,36.0
SV018,R,24,2,2,1,0,2,Response,1105.45,1247.0,1194.4,1198.1,934.0,993.0,698.0,5.066666666666666,8.7,177.33333333333334,250.0,36.0
SV018,R,25,2,0,0,0,3,Response,1334.5,1871.5,1177.1666666666667,1285.7,893.0,934.0,777.3333333333334,3.8,7.8,128.75,226.0,31.0
SV018,R,26,2,3,1,1,3,Response,2722.0333333333333,2861.9,1324.8333333333333,1346.6,809.6666666666666,852.0,777.3333333333334,3.25,5.8,316.5,931.0,83.0
SV018,R,27,2,0,1,0,2,Response,1115.2666666666667,1260.8,1256.8333333333333,1285.5,869.3333333333334,918.0,381.3333333333333,3.65,5.1,176.0,213.0,29.0
SV018,R,28,3,3,1,1,3,Response,2337.4125,2862.5,1209.6375,1330.3,845.25,945.0,288.0,3.088888888888889,9.5,447.44444444444446,1149.0,85.33333333333333
SV018,R,29,2,2,1,0,2,Response,,,,,,,,,,,,
SV018,R,30,3,3,0,1,3,Response,2521.5142857142855,3050.7,1530.0285714285715,2642.8,836.5714285714286,1166.0,232.0,7.1125,20.4,392.0,823.0,96.0
SV018,R,31,3,3,0,1,3,Response,2242.55,2680.3,1224.1,1287.5,916.5,960.0,726.0,4.6000000000000005,7.9,149.33333333333334,207.0,36.0
SV018,R,32,3,0,0,1,3,Response,2235.25,2674.4,966.0,1164.1,1143.5,1322.0,359.0,3.96,7.4,457.2,1391.0,68.8
SV018,R,33,2,0,1,0,2,Response,1030.55,1213.3,1219.0500000000002,1226.2,920.5,932.0,584.0,5.233333333333333,8.9,189.0,265.0,37.333333333333336
SV018,R,34,2,0,0,1,3,Response,2530.32,2899.2,1140.9,1402.7,969.2,1075.0,366.4,3.3333333333333335,7.9,148.16666666666666,211.0,27.333333333333332
SV018,R,35,2,3,1,1,3,Response,2392.4333333333334,2660.5,1140.1666666666667,1286.8,1021.0,1196.0,286.0,3.0714285714285716,6.7,315.7142857142857,1342.0,46.285714285714285
SV018,R,36,2,2,0,1,2,Response,,,,,,,,,,,,
SV018,R,37,3,0,1,1,3,Response,2180.3333333333335,2662.2,1070.3500000000001,1308.0,976.8333333333334,1190.0,310.6666666666667,2.8857142857142857,6.0,431.7142857142857,1225.0,68.0
SV018,R,38,2,3,0,0,3,Response,,,,,,,,,,,,
SV018,R,39,2,2,0,1,2,Response,2711.6,2711.6,1192.9,1192.9,853.0,853.0,1116.0,6.55,7.1,198.0,199.0,44.0
SV018,R,40,3,3,1,0,3,Response,,,,,,,,1.0,1.0,1070.0,1070.0,200.0
SV018,R,41,3,2,1,0,2,Response,,,,,,,,,,,,
SV018,R,42,3,3,1,0,3,Response,,,,,,,,0.8,0.8,1109.0,1109.0,232.0
SV018,R,43,2,3,1,0,3,Response,1166.58,1462.6,1206.3799999999999,1237.0,836.6,882.0,381.6,2.8333333333333335,4.2,312.1666666666667,1172.0,50.0
SV018,R,44,2,3,1,0,3,Response,1106.7166666666667,1570.8,1178.2666666666667,1214.9,866.3333333333334,895.0,352.0,2.4714285714285715,7.9,222.57142857142858,743.0,55.42857142857143
SV018,R,45,2,0,1,1,3,Response,2639.7,2707.3,1276.65,1276.7,757.0,787.0,556.0,4.033333333333333,6.2,151.0,200.0,32.0
SV018,R,46,3,2,0,0,2,Response,1077.7,1102.7,1017.8000000000001,1084.1,880.3333333333334,929.0,576.0,3.6,7.0,328.5,827.0,78.0
SV018,R,47,2,0,1,1,2,Response,2162.85,2539.5,1348.5,1437.2,627.0,733.0,476.0,4.633333333333334,5.0,419.0,802.0,120.0
SV018,R,48,3,3,1,0,3,Response,,,,,,,,,,,,
SV018,R,49,3,2,0,0,2,Response,1960.3,1960.3,1138.4,1138.4,761.0,761.0,220.0,0.5,0.5,58.5,59.0,12.0
SV018,R,50,3,0,0,1,2,Response,,,,,,,,,,,,
SV018,R,51,2,2,1,1,2,Response,2481.65,2545.0,1256.75,1272.6,763.0,767.0,430.0,3.233333333333333,5.0,148.66666666666666,202.0,28.0
SV018,R,52,2,0,0,1,2,Response,2685.05,2722.3,1107.95,1151.9,868.5,874.0,482.0,4.566666666666666,7.7,439.3333333333333,1046.0,73.33333333333333
SV018,R,53,2,0,0,1,2,Response,,,,,,,,,,,,
SV018,R,54,3,3,0,0,3,Response,1850.7,1850.7,1403.0,1403.0,686.0,686.0,104.0,4.05,5.2,1002.5,1231.0,184.0
SV018,R,55,3,3,0,0,3,Response,,,,,,,,,,,,
SV018,R,56,3,2,1,1,2,Response,,,,,,,,,,,,
SV018,R,57,2,3,0,1,3,Response,2449.3166666666666,2737.1,1196.6166666666666,1487.7,892.0,935.0,853.3333333333334,4.142857142857143,6.9,345.7142857142857,946.0,107.42857142857143
SV018,R,58,2,2,0,0,2,Response,,,,,,,,,,,,
SV018,R,59,3,0,1,1,3,Response,,,,,,,,,,,,
SV018,R,60,3,0,0,1,2,Response,,,,,,,,,,,,
SV018,R,61,3,2,1,0,2,Response,,,,,,,,,,,,
SV018,R,62,2,3,0,1,3,Response,,,,,,,,,,,,
SV018,R,63,3,2,1,1,2,Response,2605.7,2723.8,1233.125,1248.3,863.25,935.0,597.0,2.6399999999999997,7.1,274.0,987.0,66.4
SV018,R,64,2,3,1,1,3,Response,,,,,,,,,,,,
SV018,R,65,2,3,1,1,3,Response,2688.0666666666666,2863.0,1209.0333333333333,1220.7,885.6666666666666,936.0,400.0,3.65,6.6,150.5,195.0,31.0
SV018,R,66,3,0,1,0,2,Response,,,,,,,,,,,,
SV018,R,67,2,2,0,0,2,Response,,,,,,,,,,,,
SV018,R,68,3,3,1,0,3,Response,,,,,,,,,,,,
SV018,R,69,2,3,1,0,3,Response,,,,,,,,,,,,
SV018,R,70,3,0,0,1,3,Response,,,,,,,,,,,,
SV018,R,71,2,3,0,1,3,Response,,,,,,,,,,,,
SV018,R,72,3,0,1,0,3,Response,1596.75,1904.7,1077.0,1121.1,905.5,921.0,204.0,2.9333333333333336,5.1,506.6666666666667,1112.0,86.66666666666667
SV018,R,73,2,2,1,0,2,Response,,,,,,,,,,,,
SV018,R,74,3,3,1,1,3,Response,,,,,,,,0.5,0.5,63.0,63.0,12.0
SV018,R,75,3,2,1,0,2,Response,,,,,,,,0.5,0.5,62.0,62.0,12.0
SV018,R,76,2,3,1,0,2,Response,1570.5727272727272,1940.0,1073.5454545454545,1166.4,938.1818181818181,1029.0,513.8181818181819,3.225,6.3,275.0,910.0,58.333333333333336
SV018,R,77,2,2,1,1,2,Response,2395.1099999999997,2737.7,1145.81,1233.8,893.9,988.0,579.2,3.227272727272727,9.3,296.0,1175.0,72.72727272727273
SV018,R,78,3,3,1,1,3,Response,,,,,,,,,,,,
SV018,R,79,2,2,0,0,2,Response,,,,,,,,0.6,0.6,76.0,76.0,12.0
SV018,R,80,2,2,1,0,2,Response,1199.6000000000001,1899.9,1152.0857142857144,1210.9,910.7142857142857,932.0,790.2857142857143,4.15,8.3,258.5,932.0,63.0
SV018,R,81,3,2,1,0,2,Response,,,,,,,,,,,,
SV018,R,82,2,0,1,0,2,Response,,,,,,,,,,,,
SV018,R,83,2,2,1,1,2,Response,,,,,,,,,,,,
SV018,R,84,2,2,0,0,2,Response,,,,,,,,,,,,
SV018,R,85,2,2,1,1,2,Response,2695.6,2695.6,1280.6,1280.6,810.0,810.0,1436.0,6.25,7.5,601.0,1038.0,116.0
SV018,R,86,3,3,1,1,3,Response,2588.8,2588.8,1197.2,1197.2,827.0,827.0,296.0,5.1,6.0,570.5,983.0,160.0
SV018,R,87,3,2,1,0,2,Response,,,,,,,,0.5,0.5,59.0,59.0,12.0
SV018,R,88,2,3,0,0,3,Response,1426.16,1956.4,1170.3200000000002,1341.4,904.2,956.0,583.2,4.8,7.8,255.33333333333334,588.0,72.0
SV018,R,89,2,2,1,1,2,Response,2485.5,2858.2,1198.5,1238.1,904.75,964.0,291.0,4.08,6.5,168.6,205.0,32.8
SV018,R,90,3,3,1,0,3,Response,,,,,,,,0.6,0.6,69.0,69.0,12.0
SV018,R,91,2,3,1,0,3,Response,,,,,,,,,,,,
SV018,R,92,3,0,1,0,3,Response,,,,,,,,,,,,
SV018,R,93,2,2,1,0,2,Response,1881.2,1881.2,1105.4,1105.4,926.0,926.0,1328.0,0.65,0.8,67.5,68.0,14.0
SV018,R,94,3,0,1,1,3,Response,,,,,,,,,,,,
SV018,R,95,2,2,1,1,2,Response,,,,,,,,,,,,
SV018,R,96,3,3,0,1,3,Response,2552.12,2746.7,1178.5,1316.3,842.6,862.0,324.8,4.366666666666666,7.2,283.6666666666667,989.0,54.666666666666664
SV018,R,97,3,2,0,1,2,Response,2727.1000000000004,2744.4,1176.6,1297.8,810.0,821.0,626.0,5.766666666666667,8.3,202.66666666666666,301.0,232.0
SV018,R,98,3,3,0,0,3,Response,1435.8999999999999,2008.4,1099.0333333333333,1144.2,851.0,877.0,638.6666666666666,3.125,7.2,118.25,186.0,31.0
SV018,R,99,3,3,0,1,3,Response,2191.7999999999997,2649.0,1152.4333333333334,1219.2,821.3333333333334,886.0,536.0,2.95,5.4,375.75,1063.0,85.0
SV018,R,100,3,2,0,0,2,Response,-673.5,1031.1,735.3000000000001,1144.7,860.0,922.0,520.0,21.725,35.1,1366.5,2870.0,86.0
SV018,R,101,3,3,1,0,3,Response,1417.85,1883.5,1180.425,1244.7,844.5,936.0,539.0,4.475,8.3,178.25,305.0,31.0
SV018,R,102,2,0,0,1,3,Response,2607.1666666666665,2745.9,1182.0,1224.4,879.6666666666666,974.0,436.0,3.175,5.8,396.0,1217.0,85.0
SV018,R,103,2,2,0,0,2,Response,1406.08,1884.3,1131.92,1291.2,946.4,1007.0,558.4,2.766666666666667,6.8,124.5,222.0,27.333333333333332
SV018,R,104,2,0,1,0,3,Response,1131.6666666666667,1298.0,1204.6000000000001,1221.6,838.3333333333334,866.0,404.0,2.725,4.5,143.0,211.0,25.0
SV018,R,105,3,3,0,0,3,Response,1438.175,1895.0,1463.1999999999998,2515.4,708.5,973.0,503.0,7.9,17.9,447.8,1269.0,40.8
SV018,R,106,3,2,0,0,2,Response,1471.25,1866.1,1076.5,1121.3,883.0,940.0,944.0,3.6666666666666665,6.1,442.3333333333333,927.0,98.66666666666667
SV018,R,107,2,0,0,1,3,Response,,,,,,,,,,,,
SV018,R,108,2,2,0,1,2,Response,,,,,,,,,,,,
SV018,R,109,2,0,0,0,2,Response,1252.0500000000002,1380.9,1245.75,1303.9,799.0,827.0,334.0,3.4333333333333336,6.5,153.33333333333334,246.0,29.333333333333332
SV018,R,110,2,2,0,0,2,Response,,,,,,,,,,,,
SV018,R,111,3,0,0,1,3,Response,2710.25,2750.2,1215.8000000000002,1230.2,863.5,897.0,610.0,4.5,7.3,372.6666666666667,870.0,94.66666666666667
SV018,R,112,3,2,0,0,2,Response,1162.4,1256.6,1131.4,1137.8,864.5,869.0,704.0,4.133333333333333,6.8,161.0,224.0,32.0
SV018,R,113,3,3,0,0,3,Response,1904.4,1946.5,1174.2,1179.9,913.5,944.0,890.0,0.5666666666666668,0.8,60.0,67.0,13.333333333333334
SV018,R,114,3,0,1,1,3,Response,2573.6,2673.7,1220.5,1267.7,913.5,986.0,1170.0,3.766666666666667,7.0,142.66666666666666,179.0,32.0
SV018,R,115,3,2,1,1,2,Response,2728.9,2792.0,1239.15,1244.5,905.0,938.0,396.0,4.7,7.5,144.66666666666666,190.0,37.333333333333336
SV018,R,116,2,2,0,1,2,Response,2352.7200000000003,2704.2,1130.1200000000001,1199.8,886.2,1001.0,335.2,4.266666666666667,7.5,322.8333333333333,1266.0,83.33333333333333
SV018,R,117,2,2,1,0,2,Response,1288.6,1288.6,1170.4,1170.4,919.0,919.0,240.0,4.75,6.2,191.0,238.0,34.0
SV018,R,118,3,0,1,0,3,Response,,,,,,,,,,,,
SV018,R,119,2,0,1,0,3,Response,1432.1333333333332,1825.6,1173.2333333333333,1205.7,834.3333333333334,859.0,614.6666666666666,2.15,4.0,118.0,183.0,25.0
SV018,R,120,3,0,0,0,3,Response,1435.35,1760.5,1118.8,1133.0,813.0,832.0,522.0,3.6,5.2,151.33333333333334,204.0,29.333333333333332
SV018,R,121,2,2,1,0,2,Response,,,,,,,,,,,,
SV018,R,122,2,3,0,0,3,Response,,,,,,,,,,,,
SV018,R,123,3,0,1,1,3,Response,2018.0,2018.0,1124.1,1124.1,798.0,798.0,248.0,0.7,0.8,72.5,74.0,14.0
SV018,R,124,2,0,1,0,3,Response,1156.6333333333334,1264.0,1187.2,1219.3,746.6666666666666,756.0,293.3333333333333,3.2,5.4,141.5,207.0,28.0
SV018,R,125,2,3,0,1,3,Response,2725.35,2767.6,1071.75,1114.9,827.5,831.0,348.0,4.733333333333333,7.3,393.0,905.0,76.0
SV018,R,126,3,2,0,1,2,Response,2125.725,2689.3,1169.0,1272.0,813.0,918.0,341.0,2.68,6.0,373.0,1318.0,75.2
SV018,R,127,3,0,1,0,3,Response,,,,,,,,,,,,
SV018,R,128,2,3,1,0,3,Response,,,,,,,,,,,,
SV018,R,129,2,2,1,1,2,Response,2400.590909090909,2795.9,1188.090909090909,1253.4,879.3636363636364,988.0,761.4545454545455,4.316666666666666,8.6,278.8333333333333,867.0,62.0
SV018,R,130,3,3,1,1,3,Response,2558.7,2558.7,1263.5,1263.5,828.0,828.0,1596.0,5.15,5.4,186.0,187.0,38.0
SV018,R,131,2,0,0,0,3,Response,1050.4,1050.4,1038.9,1038.9,746.0,746.0,1156.0,6.0,6.4,191.5,235.0,44.0
SV018,R,132,3,0,0,0,3,Response,1497.425,1931.5,1134.475,1278.8,914.25,935.0,523.0,5.18,7.4,364.8,975.0,61.6
SV018,R,133,2,3,0,0,3,Response,1097.0,1120.4,1274.15,1352.8,863.0,886.0,1028.0,4.6000000000000005,7.7,356.0,812.0,70.66666666666667
SV018,R,134,3,2,1,1,2,Response,2638.733333333333,2786.6,1246.5333333333335,1274.5,837.3333333333334,886.0,578.6666666666666,3.125,4.8,146.25,192.0,28.0
SV018,R,135,2,3,0,1,3,Response,2748.6000000000004,2754.9,1134.75,1211.5,808.5,815.0,546.0,4.6000000000000005,6.5,162.66666666666666,221.0,36.0
SV018,R,136,3,2,0,1,2,Response,2249.8999999999996,2644.2,1097.35,1107.5,796.0,834.0,386.0,3.766666666666666,5.6,552.3333333333334,1294.0,96.0
SV018,R,137,2,2,0,1,2,Response,2111.2999999999997,2658.8,1171.5666666666666,1281.4,754.3333333333334,870.0,245.33333333333334,3.5,7.2,366.25,987.0,82.0
SV018,R,138,2,0,0,1,3,Response,2735.3,2738.6,1172.1,1253.0,838.5,852.0,752.0,4.766666666666667,6.5,170.33333333333334,206.0,37.333333333333336
SV018,R,139,3,3,0,0,3,Response,1070.6,1161.7,1168.85,1285.5,835.75,869.0,583.0,2.94,6.1,131.8,223.0,27.2
SV018,R,140,2,3,0,1,3,Response,2243.96,2729.0,1108.12,1199.6,827.0,902.0,423.2,2.75,7.3,423.1666666666667,1089.0,73.33333333333333
SV018,R,141,3,0,0,0,3,Response,1482.275,1981.9,1082.05,1108.5,784.5,816.0,383.0,2.1799999999999997,6.8,114.8,263.0,21.6
SV018,R,142,3,0,1,1,3,Response,2641.0333333333333,2825.4,1211.3999999999999,1251.1,782.3333333333334,906.0,570.6666666666666,2.775,5.3,127.25,167.0,27.0
SV018,R,143,3,3,1,0,3,Response,1444.8666666666668,1850.5,1182.6666666666667,1271.3,853.3333333333334,972.0,394.6666666666667,4.8,7.8,174.25,255.0,36.0
SV018,R,144,3,2,1,1,2,Response,2449.9,2773.4,1234.925,1317.7,839.25,917.0,358.0,2.32,4.3,128.6,186.0,22.4
SV018,R,145,2,2,0,0,2,Response,,,,,,,,,,,,
SV018,R,146,3,2,0,0,2,Response,,,,,,,,,,,,
SV018,R,147,3,2,1,0,2,Response,1378.35,1510.4,1207.3,1224.0,856.5,865.0,368.0,3.0,6.0,143.66666666666666,244.0,26.666666666666668
SV018,R,148,3,0,0,1,2,Response,2364.8,2690.4,1151.1,1193.3,905.5,983.0,776.0,3.766666666666667,5.8,146.33333333333334,197.0,30.666666666666668
SV018,R,149,3,0,0,0,3,Response,1899.0,1899.0,1123.4,1123.4,800.0,800.0,1236.0,0.5,0.8,455.0,843.0,96.0
SV018,R,150,3,3,0,0,3,Response,,,,,,,,,,,,
SV018,R,151,2,0,0,0,3,Response,1267.05,1816.6,1107.975,1256.0,865.75,981.0,638.0,2.6,7.4,211.8,572.0,49.6
SV018,R,152,3,2,0,1,2,Response,2274.15,2666.9,1094.4,1119.1,806.0,819.0,340.0,4.2,6.2,477.3333333333333,1038.0,93.33333333333333
SV018,R,153,2,0,1,0,3,Response,1324.3999999999999,1844.7,1142.2,1260.2,789.3333333333334,876.0,445.3333333333333,3.4,7.7,410.75,1315.0,72.0
SV018,R,154,3,2,1,0,3,Response,1588.7933333333335,2674.3,696.98,1200.0,779.6666666666666,905.0,371.73333333333335,4.6875,14.7,245.9375,999.0,56.5
SV018,R,155,3,0,0,0,3,Response,,,,,,,,,,,,
SV018,R,156,2,2,1,1,2,Response,2308.98,2663.0,1201.1200000000001,1285.7,858.8,906.0,652.8,2.433333333333333,5.4,262.0,1052.0,60.666666666666664
SV018,R,157,2,2,0,0,2,Response,,,,,,,,,,,,
SV018,R,158,3,0,1,0,2,Response,,,,,,,,,,,,
SV018,R,159,3,3,1,0,3,Response,,,,,,,,0.5,0.5,59.0,59.0,12.0
SV018,R,160,2,3,1,1,3,Response,,,,,,,,,,,,
SV018,R,161,2,0,1,1,3,Response,,,,,,,,,,,,
SV018,R,162,2,3,0,1,3,Response,2310.38,2744.1,1097.94,1339.9,981.6,1272.0,381.6,3.6,7.3,368.6666666666667,1311.0,52.0
SV018,R,163,3,0,1,0,3,Response,,,,,,,,0.3,0.3,1083.0,1083.0,160.0
SV018,R,164,3,2,0,0,3,Response,1107.5666666666666,1148.1,1187.6333333333332,1247.0,868.3333333333334,909.0,646.6666666666666,3.075,6.7,121.25,215.0,31.0
SV018,R,165,2,3,1,1,3,Response,,,,,,,,,,,,
SV018,R,166,3,2,0,1,2,Response,2241.9,2749.8,1035.8166666666666,1345.6,966.8333333333334,1242.0,142.66666666666666,3.2714285714285714,7.9,447.85714285714283,1045.0,85.14285714285714
SV018,R,167,2,0,1,1,3,Response,2428.1,2570.0,1236.6,1246.4,780.0,786.0,544.0,2.966666666666667,5.0,141.33333333333334,191.0,26.666666666666668
SV018,R,168,2,0,0,0,3,Response,1145.6200000000001,1511.6,1041.02,1277.7,880.8,991.0,456.0,3.1666666666666665,6.8,139.83333333333334,184.0,30.0
SV018,R,169,3,2,0,1,2,Response,2309.5666666666666,2686.9,927.3333333333334,1139.7,952.0,1173.0,282.6666666666667,5.233333333333333,6.8,464.6666666666667,986.0,88.0
SV018,R,170,2,0,0,1,2,Response,2698.0166666666664,3061.7,1233.6166666666666,1292.1,911.6666666666666,1010.0,172.0,2.6714285714285713,7.0,148.0,216.0,25.714285714285715
SV018,R,171,3,3,0,1,3,Response,2869.6,3270.0,1429.3500000000001,2946.4,796.125,1017.0,316.5,6.411111111111111,19.6,306.6666666666667,907.0,76.0
SV018,R,172,2,3,0,0,3,Response,,,,,,,,,,,,
SV018,R,173,2,2,1,0,2,Response,1348.1333333333332,1426.6,1219.0,1233.5,742.3333333333334,761.0,345.3333333333333,2.125,3.5,124.25,169.0,23.0
SV018,R,174,2,0,0,1,2,Response,2470.911111111111,2729.0,1070.611111111111,1465.3,909.7777777777778,1081.0,316.44444444444446,3.577777777777778,7.8,380.77777777777777,1495.0,68.88888888888889
SV018,R,175,2,2,0,0,2,Response,1057.7666666666667,1106.0,1128.9333333333334,1330.2,830.3333333333334,866.0,472.0,3.625,6.6,153.75,237.0,30.0
SV018,R,176,3,0,0,1,2,Response,2960.6666666666665,3270.0,1319.3,1412.7,780.3333333333334,882.0,338.6666666666667,6.025,9.9,220.0,345.0,143.0
SV018,R,177,2,3,1,0,3,Response,1259.8777777777777,1887.1,1223.211111111111,1266.6,864.0,909.0,418.6666666666667,1.73,3.7,167.7,650.0,44.8
SV018,R,178,2,3,0,0,3,Response,1604.9,1604.9,1214.5,1214.5,823.0,823.0,428.0,1.5,1.9,106.0,132.0,20.0
SV018,R,179,3,0,0,1,2,Response,2494.975,2756.9,1149.3,1233.7,852.0,944.0,478.0,3.22,6.5,124.6,186.0,31.2
SV018,R,180,3,0,0,0,3,Response,,,,,,,,,,,,
SV018,R,181,3,2,0,1,2,Response,2255.7,2721.1,1126.5,1190.1,836.4,916.0,345.6,2.3000000000000003,5.9,300.6666666666667,1105.0,74.0
SV018,R,182,2,0,1,1,3,Response,2299.7125,2791.1,1338.1375,2028.0,730.625,910.0,309.5,4.622222222222223,17.9,540.0,1235.0,69.33333333333333
SV018,R,183,3,0,0,0,3,Response,,,,,,,,,,,,
SV018,R,184,3,2,1,0,2,Response,1250.2666666666667,1577.3,1253.7333333333333,1301.2,805.6666666666666,870.0,386.6666666666667,3.2750000000000004,5.2,304.75,784.0,78.0
SV018,R,185,2,2,0,1,2,Response,,,,,,,,0.5,0.5,61.0,61.0,12.0
SV018,R,186,3,2,1,1,2,Response,2286.633333333333,2539.5,1184.3,1255.4,841.0,920.0,718.6666666666666,2.675,5.0,569.0,1056.0,94.0
SV018,R,187,2,2,0,1,2,Response,2257.275,2621.4,1166.1499999999999,1272.8,908.75,936.0,377.0,4.94,7.0,536.4,1178.0,108.8
SV018,R,188,2,0,1,1,3,Response,2189.6666666666665,2578.9,1137.7,1225.2,912.0,1024.0,476.0,3.2,5.4,134.75,197.0,29.0
SV018,R,189,2,3,1,1,2,Response,2592.3999999999996,2699.1,1224.05,1247.3,870.5,901.0,414.0,3.466666666666667,5.7,142.33333333333334,194.0,30.666666666666668
SV018,R,190,2,0,1,1,2,Response,2222.233333333333,2806.4,1169.5666666666666,1254.0,795.3333333333334,804.0,393.3333333333333,3.8,7.4,349.0,943.0,79.0
SV018,R,191,3,2,0,0,2,Response,,,,,,,,0.5,0.5,57.0,57.0,12.0
SV018,R,192,3,3,0,1,3,Response,2711.9,2733.1,1212.675,1279.6,786.0,881.0,508.0,3.22,6.9,123.0,196.0,29.6
SV018,R,193,2,3,1,1,3,Response,2475.25,2549.0,1269.7,1301.5,826.0,911.0,594.0,3.033333333333333,4.6,154.66666666666666,201.0,25.333333333333332
SV018,R,194,3,3,1,0,3,Response,1912.8,1912.8,964.1,964.1,989.0,989.0,48.0,1.35,2.1,534.5,897.0,90.0
SV018,R,195,2,3,1,0,3,Response,1104.0,1205.5,1246.55,1247.0,918.0,948.0,1246.0,4.433333333333334,7.8,158.33333333333334,245.0,34.666666666666664
SV018,R,196,3,3,1,1,3,Response,,,,,,,,,,,,
SV018,R,197,2,3,0,0,3,Response,,,,,,,,0.5,0.5,62.0,62.0,12.0
SV018,R,198,3,2,1,1,2,Response,2300.4,2709.5,1206.525,1315.4,898.5,976.0,464.0,2.94,6.5,127.6,202.0,27.2
SV018,R,199,3,2,0,1,2,Response,2071.866666666667,2277.1,1185.1333333333334,1200.9,830.0,860.0,626.6666666666666,1.525,2.5,105.75,148.0,20.0
SV018,R,200,3,3,1,1,3,Response,2636.5,2636.5,1277.5,1277.5,740.0,740.0,612.0,6.35,6.5,568.0,951.0,138.0
SV018,R,201,2,3,1,0,3,Response,,,,,,,,,,,,
SV018,R,202,3,2,1,1,2,Response,2579.7,2579.7,1295.5,1295.5,850.0,850.0,668.0,5.1,5.1,185.5,194.0,38.0
SV018,R,203,3,0,0,0,3,Response,,,,,,,,,,,,
SV018,R,204,3,2,1,0,2,Response,1134.1,1898.5,1190.9555555555555,1261.6,906.7777777777778,942.0,613.3333333333334,2.4899999999999998,7.0,334.7,1389.0,62.4
SV018,R,205,3,0,1,0,3,Response,1101.7,1333.4,1228.06,1265.7,834.8,920.0,497.6,2.6833333333333336,8.2,226.33333333333334,733.0,62.0
SV018,R,206,2,2,1,1,2,Response,2510.0666666666666,2868.4,1170.0666666666666,1270.0,841.3333333333334,896.0,354.6666666666667,3.875,7.9,713.0,1344.0,120.0
SV018,R,207,3,3,0,1,3,Response,2695.0,2695.0,1213.2,1213.2,745.0,745.0,1040.0,6.9,7.1,207.5,212.0,48.0
SV018,R,208,3,0,0,0,3,Response,652.55,1031.2,1175.475,1215.0,869.0,943.0,533.0,3.88,6.4,163.8,314.0,31.2
SV018,R,209,2,0,1,0,2,Response,1099.975,1378.7,1181.4,1218.8,852.75,893.0,834.0,3.12,6.6,245.2,581.0,76.0
SV018,R,210,2,3,0,1,3,Response,2454.433333333333,2749.7,1141.3333333333333,1213.0,809.3333333333334,905.0,516.0,3.75,7.6,336.75,1031.0,63.0
SV018,R,211,2,0,0,0,3,Response,1068.85,1092.5,1083.25,1124.6,822.0,823.0,376.0,3.8666666666666667,6.6,160.0,245.0,29.333333333333332
SV018,R,212,2,0,1,1,3,Response,2365.925,2733.3,1181.725,1243.0,826.25,881.0,377.0,4.36,6.7,160.6,195.0,35.2
SV018,R,213,2,2,1,1,2,Response,2556.56,2858.4,1209.44,1274.0,873.2,969.0,648.0,2.8166666666666664,7.9,118.83333333333333,203.0,26.0
SV018,R,214,2,0,1,1,2,Response,2444.08,2770.2,1178.4599999999998,1239.6,854.2,934.0,440.0,2.1166666666666667,5.5,246.16666666666666,952.0,68.66666666666667
SV018,R,215,3,2,1,0,2,Response,990.3,990.3,1204.0,1204.0,749.0,749.0,496.0,5.949999999999999,6.3,211.5,224.0,40.0
SV018,R,216,3,3,1,1,3,Response,2654.8999999999996,2751.1,1217.5500000000002,1240.7,799.0,811.0,984.0,4.3999999999999995,7.7,148.0,192.0,34.666666666666664
SV018,R,217,2,3,0,0,3,Response,1065.9,1102.3,1155.0,1210.2,782.5,805.0,616.0,4.133333333333334,6.9,147.66666666666666,213.0,36.0
SV018,R,218,2,2,1,0,2,Response,1192.425,1836.2,1168.775,1222.5,867.0,937.0,766.0,3.2,7.5,225.4,650.0,67.2
SV018,R,219,2,3,0,1,3,Response,,,,,,,,,,,,
SV018,R,220,2,3,0,0,3,Response,1347.35,1584.4,1106.75,1152.2,834.5,842.0,332.0,3.9,5.4,163.66666666666666,175.0,33.333333333333336
SV018,R,221,3,0,1,1,3,Response,2113.5,2113.5,1136.6,1136.6,828.0,828.0,224.0,1.05,1.5,81.5,108.0,18.0
SV018,R,222,2,0,1,0,2,Response,986.5142857142856,1350.0,1193.9142857142856,1220.7,846.7142857142857,943.0,321.14285714285717,2.2875,8.2,185.75,597.0,62.0
SV018,R,223,2,0,1,1,3,Response,2295.975,2721.3,1122.325,1245.8,801.75,843.0,397.0,2.68,6.3,244.4,834.0,69.6
SV018,R,224,2,2,1,0,2,Response,1392.0,1812.1,1102.85,1161.7,814.5,817.0,228.0,4.833333333333333,7.1,468.6666666666667,912.0,120.0
SV018,R,225,3,0,0,0,3,Response,1092.65,1141.7,1039.6999999999998,1054.3,811.0,826.0,778.0,4.033333333333334,6.2,163.33333333333334,245.0,30.666666666666668
SV018,R,226,3,2,0,1,2,Response,,,,,,,,0.4,0.4,55.0,55.0,12.0
SV018,R,227,3,3,0,1,3,Response,2314.65,2727.3,1132.125,1180.8,805.75,856.0,566.0,2.9,7.6,442.2,1002.0,73.6
SV018,R,228,3,2,1,1,2,Response,2753.2,2821.6,1252.25,1260.1,870.5,897.0,860.0,4.666666666666667,7.4,144.66666666666666,186.0,37.333333333333336
SV018,R,229,3,0,1,1,2,Response,2721.6499999999996,2726.7,1567.3000000000002,1818.7,882.0,944.0,636.0,7.5,8.6,311.6666666666667,547.0,64.0
SV018,R,230,3,0,1,0,2,Response,1241.65,1309.8,1195.75,1235.3,879.0,949.0,490.0,3.2999999999999994,5.6,150.33333333333334,231.0,28.0
SV018,R,231,3,2,0,1,2,Response,2448.6,2720.5,1185.4666666666667,1362.4,883.0,954.0,528.0,4.05,7.2,353.5,914.0,71.0
SV018,R,232,2,3,1,1,3,Response,2475.9,2754.9,1241.95,1294.8,853.5,910.0,422.0,2.1,5.2,111.2,184.0,21.6
SV018,R,233,3,0,1,1,3,Response,2406.3333333333335,2666.7,1173.1333333333334,1239.2,835.0,887.0,344.0,4.8,5.6,371.25,932.0,79.0
SV018,R,234,2,0,0,0,2,Response,1341.2,1669.3,1073.05,1089.6,807.0,814.0,394.0,3.9,5.3,162.66666666666666,222.0,32.0
SV018,R,235,2,0,0,1,2,Response,2415.5666666666666,2745.2,1117.3,1204.3,861.3333333333334,912.0,660.0,3.325,6.4,333.75,873.0,74.0
SV018,R,236,2,3,0,0,3,Response,1260.5333333333333,1747.2,1101.1333333333334,1162.1,814.3333333333334,855.0,393.3333333333333,2.875,5.2,139.0,203.0,26.0
SV018,R,237,3,0,0,1,3,Response,2703.6,2703.6,1145.0,1145.0,721.0,721.0,1076.0,5.65,6.2,163.0,172.0,48.0
SV018,R,238,2,3,1,0,3,Response,,,,,,,,,,,,
SV018,R,239,3,3,0,1,3,Response,2489.075,2757.9,1117.5749999999998,1174.1,883.0,961.0,444.0,4.06,6.3,268.2,739.0,66.4
SV018,R,240,3,3,1,1,3,Response,2480.05,2610.2,1220.95,1221.2,814.0,851.0,482.0,2.9333333333333336,4.3,143.33333333333334,173.0,26.666666666666668
SV018,R,241,3,3,1,1,3,Response,,,,,,,,4.3,4.3,162.0,162.0,36.0
SV018,R,242,3,3,1,0,3,Response,,,,,,,,,,,,
SV018,R,243,2,0,1,0,0,Response,,,,,,,,,,,,
SV018,R,244,2,0,0,0,0,Response,,,,,,,,,,,,
SV018,R,245,3,3,0,0,3,Response,,,,,,,,,,,,
SV018,R,246,3,3,1,1,3,Response,,,,,,,,,,,,
SV018,R,247,2,0,0,1,0,Response,,,,,,,,0.8,0.8,1088.0,1088.0,276.0
SV018,R,248,3,3,0,0,3,Response,,,,,,,,,,,,
SV018,R,249,3,3,0,0,3,Response,,,,,,,,,,,,
SV018,R,250,2,2,0,1,2,Response,,,,,,,,,,,,
SV018,R,251,3,0,1,1,0,Response,,,,,,,,0.8,0.8,1188.0,1188.0,256.0
SV018,R,252,2,2,1,0,2,Response,,,,,,,,,,,,
SV018,R,253,3,3,1,0,3,Response,,,,,,,,,,,,
SV018,R,254,3,0,1,0,0,Response,,,,,,,,0.4,0.4,985.0,985.0,220.0
SV018,R,255,3,0,0,0,0,Response,,,,,,,,,,,,
SV018,R,256,3,0,0,0,0,Response,,,,,,,,,,,,
SV018,R,257,3,0,0,0,0,Response,,,,,,,,,,,,
SV018,R,258,2,2,0,0,2,Response,,,,,,,,,,,,
SV018,R,259,3,2,1,1,2,Response,,,,,,,,,,,,
SV018,R,260,3,3,1,1,3,Response,,,,,,,,,,,,
SV018,R,261,2,2,0,0,2,Response,,,,,,,,,,,,
SV018,R,262,3,2,0,1,2,Response,,,,,,,,,,,,
SV018,R,263,3,2,0,1,2,Response,,,,,,,,,,,,
SV018,R,264,3,3,0,0,4,Response,1910.4,2015.0,1094.1,1123.9,959.5,970.0,296.0,0.9,1.4,329.0,798.0,74.66666666666667
SV018,R,265,2,0,1,1,0,Response,,,,,,,,,,,,
SV018,R,266,2,0,0,1,0,Response,,,,,,,,0.4,0.4,902.0,902.0,224.0
SV018,R,267,3,3,0,0,4,Response,1958.675,2017.0,1114.475,1121.8,981.5,1053.0,473.0,0.9800000000000001,1.8,432.4,1010.0,81.6
SV018,R,268,2,2,0,1,2,Response,,,,,,,,,,,,
SV018,R,269,3,2,1,0,2,Response,,,,,,,,,,,,
SV018,R,270,2,2,0,1,2,Response,,,,,,,,,,,,
SV018,R,271,3,0,1,1,0,Response,,,,,,,,,,,,
SV018,R,272,2,0,0,0,0,Response,,,,,,,,0.4,0.4,54.0,54.0,12.0
SV018,R,273,3,2,1,1,2,Response,,,,,,,,,,,,
SV018,R,274,2,0,0,1,0,Response,,,,,,,,,,,,
SV018,R,275,3,0,0,1,0,Response,,,,,,,,,,,,
SV018,R,276,2,3,1,0,4,Response,1856.6666666666667,1880.2,1062.3333333333333,1078.5,1019.3333333333334,1051.0,622.6666666666666,0.9,1.5,425.5,779.0,120.0
SV018,R,277,2,3,1,0,4,Response,1969.9333333333334,2045.8,973.3666666666667,1033.5,1178.0,1258.0,86.66666666666667,1.35,1.7,349.0,808.0,86.0
SV018,R,278,3,2,0,0,2,Response,,,,,,,,,,,,
SV018,R,279,3,2,0,1,2,Response,,,,,,,,,,,,
SV018,R,280,3,0,0,0,0,Response,,,,,,,,,,,,
SV018,R,281,2,3,1,0,4,Response,,,,,,,,,,,,
SV018,R,282,2,2,1,0,2,Response,,,,,,,,,,,,
SV018,R,283,3,3,0,0,3,Response,1949.1666666666667,2098.5,1110.7666666666667,1129.5,941.3333333333334,965.0,476.0,1.375,2.0,675.5,1457.0,95.0
SV018,R,284,2,2,1,1,2,Response,,,,,,,,,,,,
SV018,R,285,3,0,0,1,0,Response,,,,,,,,1.1,1.1,93.0,93.0,16.0
SV018,R,286,2,0,0,0,0,Response,,,,,,,,0.3,0.3,1012.0,1012.0,224.0
SV018,R,287,2,2,0,1,2,Response,,,,,,,,,,,,
SV018,R,288,2,3,0,1,3,Response,1894.9,1894.9,1120.4,1120.4,984.0,984.0,892.0,1.25,2.2,1124.0,1199.0,204.0
SV018,R,289,2,0,1,0,0,Response,,,,,,,,,,,,
SV018,R,290,3,2,1,0,2,Response,,,,,,,,,,,,
SV018,R,291,2,3,1,1,3,Response,,,,,,,,1.6,1.6,1184.0,1184.0,232.0
SV018,R,292,3,0,1,0,0,Response,,,,,,,,,,,,
SV018,R,293,2,2,1,0,2,Response,,,,,,,,,,,,
SV018,R,294,3,3,0,1,3,Response,1963.6,1973.3,1095.4499999999998,1096.8,900.0,905.0,632.0,1.2333333333333334,2.2,594.6666666666666,872.0,186.66666666666666
SV018,R,295,3,3,1,0,3,Response,,,,,,,,3.2,3.2,968.0,968.0,252.0
SV018,R,296,2,0,1,0,0,Response,,,,,,,,,,,,
SV018,R,297,2,3,0,1,3,Response,,,,,,,,1.1,1.1,792.0,792.0,180.0
SV018,R,298,2,0,0,1,0,Response,,,,,,,,2.6,2.6,955.0,955.0,156.0
SV018,R,299,2,0,0,0,0,Response,1861.25,1924.7,1052.2,1056.9,1016.5,1028.0,154.0,1.1666666666666667,2.3,610.3333333333334,899.0,140.0
SV018,R,300,2,2,1,0,2,Response,,,,,,,,,,,,
SV018,R,301,3,3,0,0,3,Response,,,,,,,,,,,,
SV018,R,302,2,2,1,0,2,Response,,,,,,,,,,,,
SV018,R,303,3,0,1,1,0,Response,,,,,,,,0.5,0.5,59.0,59.0,12.0
SV018,R,304,3,0,1,1,0,Response,,,,,,,,,,,,
SV018,R,305,3,3,1,1,3,Response,1890.6,1890.6,1120.4,1120.4,944.0,944.0,1100.0,0.75,1.3,896.0,988.0,278.0
SV018,R,306,2,2,1,1,2,Response,,,,,,,,,,,,
SV018,R,307,3,3,0,1,3,Response,,,,,,,,0.9,0.9,944.0,944.0,164.0
SV018,R,308,2,2,0,1,2,Response,,,,,,,,,,,,
SV018,R,309,3,2,0,1,2,Response,,,,,,,,0.5,0.5,1038.0,1038.0,308.0
SV018,R,310,2,2,0,0,2,Response,,,,,,,,,,,,
SV018,R,311,3,0,0,0,0,Response,,,,,,,,,,,,
SV018,R,312,2,0,0,0,0,Response,,,,,,,,,,,,
SV018,R,313,2,0,1,0,0,Response,,,,,,,,,,,,
SV018,R,314,2,3,1,0,3,Response,,,,,,,,1.6,1.6,270.0,270.0,100.0
SV018,R,315,2,0,1,1,0,Response,,,,,,,,,,,,
SV018,R,316,2,3,1,0,3,Response,,,,,,,,,,,,
SV018,R,317,3,2,1,0,2,Response,,,,,,,,,,,,
SV018,R,318,2,3,0,1,3,Response,1897.1,1897.1,1132.7,1132.7,827.0,827.0,616.0,1.1,1.8,511.0,970.0,126.0
SV018,R,319,2,3,1,1,3,Response,,,,,,,,,,,,
SV018,R,320,3,0,1,0,0,Response,,,,,,,,,,,,
SV018,R,321,2,2,0,0,2,Response,,,,,,,,,,,,
SV018,R,322,3,3,1,1,3,Response,,,,,,,,0.4,0.4,863.0,863.0,244.0
SV018,R,323,2,0,0,0,0,Response,,,,,,,,,,,,
SV018,R,324,3,2,1,1,2,Response,,,,,,,,,,,,
SV018,R,325,3,2,1,0,2,Response,,,,,,,,0.2,0.2,875.0,875.0,192.0
SV018,R,326,3,2,0,0,2,Response,,,,,,,,0.6,0.6,847.0,847.0,224.0
SV018,R,327,2,0,1,1,0,Response,,,,,,,,,,,,
SV018,R,328,2,2,1,1,2,Response,,,,,,,,1.0,1.0,795.0,795.0,184.0
SV018,R,329,3,0,0,0,0,Response,,,,,,,,,,,,
SV018,R,330,3,0,1,0,0,Response,,,,,,,,,,,,
SV018,R,331,2,0,0,0,0,Response,,,,,,,,0.4,0.4,48.0,48.0,12.0
SV018,R,332,3,0,0,0,0,Response,,,,,,,,,,,,
SV018,R,333,2,2,1,1,2,Response,,,,,,,,,,,,
SV018,R,334,2,0,1,1,0,Response,,,,,,,,0.6,0.6,1119.0,1119.0,196.0
SV018,R,335,2,3,0,0,3,Response,,,,,,,,0.5,0.5,839.0,839.0,308.0
SV018,R,336,3,3,1,1,3,Response,,,,,,,,0.3,0.3,1195.0,1195.0,264.0
SV018,R,337,2,3,0,0,3,Response,,,,,,,,1.0,1.0,1028.0,1028.0,212.0
SV018,R,338,2,0,0,0,0,Response,,,,,,,,,,,,
SV018,R,339,3,0,0,1,0,Response,,,,,,,,,,,,
SV018,R,340,2,0,1,1,0,Response,,,,,,,,0.5,0.5,60.0,60.0,12.0
SV018,R,341,3,3,0,1,3,Response,,,,,,,,0.5,0.5,56.0,56.0,12.0
SV018,R,342,3,2,0,0,2,Response,,,,,,,,,,,,
SV018,R,343,2,0,1,0,0,Response,,,,,,,,0.5,0.5,56.0,56.0,12.0
SV018,R,344,2,3,0,1,3,Response,,,,,,,,,,,,
SV018,R,345,2,2,0,1,2,Response,,,,,,,,,,,,
SV018,R,346,2,3,0,0,3,Response,1909.7,1909.7,1041.5,1041.5,1031.0,1031.0,1000.0,0.45,0.5,1147.0,1224.0,168.0
SV018,R,347,3,2,0,0,2,Response,,,,,,,,,,,,
SV018,R,348,3,0,1,1,0,Response,,,,,,,,,,,,
SV018,R,349,3,3,0,0,3,Response,,,,,,,,,,,,
SV018,R,350,3,0,0,1,0,Response,,,,,,,,,,,,
SV018,R,351,2,3,1,1,3,Response,,,,,,,,,,,,
SV018,R,352,3,0,1,0,0,Response,,,,,,,,,,,,
SV018,R,353,2,3,1,1,3,Response,,,,,,,,,,,,
SV018,R,354,3,0,1,0,0,Response,,,,,,,,,,,,
SV018,R,355,2,2,1,1,2,Response,,,,,,,,,,,,
SV018,R,356,2,2,1,0,2,Response,,,,,,,,0.2,0.2,801.0,801.0,200.0
SV018,R,357,3,2,1,1,2,Response,,,,,,,,0.5,0.5,57.0,57.0,12.0
SV018,R,358,2,0,0,0,0,Response,,,,,,,,,,,,
SV018,R,359,3,3,0,1,3,Response,,,,,,,,0.5,0.5,62.0,62.0,12.0
SV018,R,360,3,3,0,0,3,Response,,,,,,,,0.6,0.6,969.0,969.0,196.0
SV018,R,361,2,2,0,1,2,Response,,,,,,,,,,,,
SV018,R,362,2,2,0,0,2,Response,,,,,,,,0.6,0.6,1165.0,1165.0,276.0
SV018,R,363,3,2,0,1,2,Response,,,,,,,,,,,,
SV018,R,364,3,0,0,1,0,Response,,,,,,,,,,,,
SV018,R,365,2,3,0,1,3,Response,,,,,,,,,,,,
SV018,R,366,3,0,0,1,0,Response,,,,,,,,,,,,
SV018,R,367,3,3,0,0,3,Response,,,,,,,,,,,,
SV018,R,368,3,2,0,1,2,Response,,,,,,,,0.5,0.5,911.0,911.0,180.0
SV018,R,369,2,0,1,1,0,Response,,,,,,,,,,,,
SV018,R,370,3,2,0,0,2,Response,,,,,,,,,,,,
SV018,R,371,3,2,1,1,2,Response,,,,,,,,,,,,
SV018,R,372,2,3,1,0,3,Response,,,,,,,,,,,,
SV018,R,373,3,3,0,1,3,Response,,,,,,,,,,,,
SV018,R,374,3,2,1,0,2,Response,,,,,,,,0.1,0.1,957.0,957.0,204.0
SV018,R,375,2,2,1,0,2,Response,,,,,,,,2.9,2.9,150.0,150.0,28.0
SV018,R,376,3,0,1,1,0,Response,,,,,,,,,,,,
SV018,R,377,2,0,0,0,0,Response,,,,,,,,0.5,0.5,972.0,972.0,240.0
SV018,R,378,2,3,1,0,3,Response,,,,,,,,,,,,
SV018,R,379,3,0,0,0,0,Response,,,,,,,,,,,,
SV018,R,380,2,2,1,1,2,Response,,,,,,,,,,,,
SV018,R,381,2,2,1,1,2,Response,,,,,,,,,,,,
SV018,R,382,2,0,0,1,0,Response,,,,,,,,,,,,
SV018,R,383,2,3,0,0,3,Response,1884.825,1941.7,1088.775,1122.8,901.0,923.0,439.0,0.32,0.4,785.0,1101.0,154.4
SV018,R,384,3,3,1,0,3,Response,,,,,,,,0.8,0.8,66.0,66.0,16.0
SV018,R,385,3,3,1,1,3,Response,,,,,,,,0.7,0.7,1076.0,1076.0,192.0
SV018,R,386,3,2,1,1,2,Response,,,,,,,,,,,,
SV018,R,387,3,2,1,1,2,Response,,,,,,,,0.4,0.4,1079.0,1079.0,124.0
SV018,R,388,2,0,1,1,0,Response,,,,,,,,,,,,
SV018,R,389,2,2,0,1,2,Response,,,,,,,,,,,,
SV018,R,390,3,2,1,1,2,Response,,,,,,,,,,,,
SV018,R,391,2,0,0,1,0,Response,,,,,,,,,,,,
SV018,R,392,3,0,1,0,0,Response,,,,,,,,1.2,1.2,875.0,875.0,196.0
SV018,R,393,3,2,0,0,2,Response,,,,,,,,,,,,
SV018,R,394,3,2,0,1,2,Response,,,,,,,,0.0,0.0,1139.0,1139.0,200.0
SV018,R,395,2,2,0,1,2,Response,,,,,,,,,,,,
SV018,R,396,3,3,0,1,3,Response,,,,,,,,1.9,1.9,1002.0,1002.0,308.0
SV018,R,397,3,3,1,0,3,Response,,,,,,,,,,,,
SV018,R,398,2,2,0,0,2,Response,,,,,,,,,,,,
SV018,R,399,3,2,1,0,2,Response,,,,,,,,0.2,0.2,980.0,980.0,232.0
SV018,R,400,2,2,0,0,2,Response,,,,,,,,0.4,0.4,1002.0,1002.0,232.0
SV018,R,401,3,2,1,0,2,Response,,,,,,,,,,,,
SV018,R,402,2,0,1,0,0,Response,,,,,,,,,,,,
SV018,R,403,3,2,1,0,2,Response,,,,,,,,1.1,1.1,1316.0,1316.0,288.0
SV018,R,404,2,3,0,1,3,Response,1912.0,1912.0,950.1,950.1,913.0,913.0,92.0,0.65,1.1,1038.5,1070.0,180.0
SV018,R,405,2,3,1,1,3,Response,,,,,,,,1.2,1.2,1128.0,1128.0,192.0
SV018,R,406,3,3,1,0,3,Response,,,,,,,,0.7,0.7,1143.0,1143.0,244.0
SV018,R,407,3,3,0,1,3,Response,,,,,,,,2.0,2.0,985.0,985.0,156.0
SV018,R,408,3,2,0,0,2,Response,1879.3,1879.3,1056.3,1056.3,920.0,920.0,256.0,0.9,1.3,972.5,1018.0,180.0
SV018,R,409,3,0,1,0,0,Response,,,,,,,,,,,,
SV018,R,410,2,0,0,1,0,Response,1896.2,1896.2,1089.9,1089.9,869.0,869.0,52.0,0.75,1.2,1012.5,1109.0,240.0
SV018,R,411,2,0,0,1,0,Response,,,,,,,,0.4,0.4,51.0,51.0,12.0
SV018,R,412,3,2,1,0,2,Response,,,,,,,,1.2,1.2,1029.0,1029.0,168.0
SV018,R,413,3,3,1,1,3,Response,,,,,,,,,,,,
SV018,R,414,2,3,0,0,3,Response,1874.4,1874.4,1050.6,1050.6,961.0,961.0,824.0,1.15,1.9,956.5,1007.0,196.0
SV018,R,415,2,0,1,1,0,Response,,,,,,,,,,,,
SV018,R,416,2,3,0,0,3,Response,,,,,,,,2.9,2.9,139.0,139.0,72.0
SV018,R,417,3,3,0,1,3,Response,,,,,,,,,,,,
SV018,R,418,3,2,0,1,2,Response,,,,,,,,,,,,
SV018,R,419,2,2,1,0,2,Response,1882.1,1882.1,1044.6,1044.6,908.0,908.0,484.0,0.5,0.5,58.0,58.0,12.0
SV018,R,420,2,0,1,0,0,Response,,,,,,,,,,,,
SV018,R,421,3,0,0,0,0,Response,,,,,,,,,,,,
SV018,R,422,3,2,0,0,2,Response,1848.6,1848.6,1073.5,1073.5,964.0,964.0,456.0,1.3,2.1,499.5,932.0,82.0
SV018,R,423,2,0,1,1,0,Response,,,,,,,,,,,,
SV018,R,424,3,0,1,1,0,Response,,,,,,,,,,,,
SV018,R,425,3,0,0,1,0,Response,,,,,,,,,,,,
SV018,R,426,3,3,0,1,3,Response,1957.1,1957.1,1072.0,1072.0,941.0,941.0,672.0,1.05,1.7,1170.5,1276.0,196.0
SV018,R,427,2,3,0,1,3,Response,,,,,,,,0.9,0.9,1109.0,1109.0,256.0
SV018,R,428,3,0,1,1,0,Response,,,,,,,,,,,,
SV018,R,429,3,0,1,0,0,Response,,,,,,,,0.1,0.1,1149.0,1149.0,260.0
SV018,R,430,2,0,1,0,0,Response,,,,,,,,1.9,1.9,1276.0,1276.0,212.0
SV018,R,431,3,0,1,1,0,Response,,,,,,,,1.3,1.3,1331.0,1331.0,244.0
SV018,R,432,2,2,1,0,2,Response,,,,,,,,0.3,0.3,1106.0,1106.0,248.0
SV018,R,433,2,2,0,0,2,Response,,,,,,,,,,,,
SV018,R,434,3,3,1,0,3,Response,,,,,,,,1.2,1.2,1068.0,1068.0,264.0
SV018,R,435,3,0,1,1,0,Response,,,,,,,,2.8,2.8,790.0,790.0,360.0
SV018,R,436,3,2,0,0,2,Response,,,,,,,,,,,,
SV018,R,437,2,3,1,1,3,Response,,,,,,,,,,,,
SV018,R,438,2,2,1,0,2,Response,1852.3,1852.3,985.2,985.2,816.0,816.0,420.0,0.5,0.5,60.0,60.0,12.0
SV018,R,439,2,0,0,1,0,Response,,,,,,,,3.5,3.5,931.0,931.0,240.0
SV018,R,440,3,2,1,1,2,Response,,,,,,,,0.5,0.5,1339.0,1339.0,216.0
SV018,R,441,2,3,0,0,3,Response,,,,,,,,0.2,0.2,1088.0,1088.0,236.0
SV018,R,442,2,3,1,0,3,Response,,,,,,,,,,,,
SV018,R,443,2,3,1,0,3,Response,1908.4,1908.4,1063.1,1063.1,759.0,759.0,124.0,0.30000000000000004,0.4,495.5,940.0,116.0
SV018,R,444,2,2,0,1,2,Response,,,,,,,,,,,,
SV018,R,445,2,3,0,1,3,Response,,,,,,,,0.5,0.5,1033.0,1033.0,224.0
SV018,R,446,3,2,0,1,2,Response,,,,,,,,,,,,
SV018,R,447,3,3,1,0,3,Response,,,,,,,,,,,,
SV018,R,448,3,0,0,1,0,Response,,,,,,,,,,,,
SV018,R,449,2,3,0,0,3,Response,,,,,,,,0.6,0.6,1002.0,1002.0,240.0
SV018,R,450,2,2,0,0,2,Response,,,,,,,,,,,,
SV018,R,451,3,3,0,1,3,Response,,,,,,,,,,,,
SV018,R,452,3,2,1,0,2,Response,,,,,,,,0.5,0.5,1125.0,1125.0,256.0
SV018,R,453,2,3,1,1,3,Response,,,,,,,,0.6,0.6,72.0,72.0,12.0
SV018,R,454,2,3,0,1,3,Response,,,,,,,,2.5,2.5,988.0,988.0,216.0
SV018,R,455,2,0,0,1,0,Response,,,,,,,,,,,,
SV018,R,456,3,0,0,1,0,Response,,,,,,,,0.9,0.9,1312.0,1312.0,284.0
SV018,R,457,2,2,1,1,2,Response,,,,,,,,0.1,0.1,896.0,896.0,216.0
SV018,R,458,3,0,0,1,0,Response,,,,,,,,,,,,
SV018,R,459,2,0,1,0,0,Response,,,,,,,,1.8,1.8,942.0,942.0,284.0
SV018,R,460,2,3,0,0,3,Response,,,,,,,,1.0,1.0,897.0,897.0,268.0
SV018,R,461,3,2,0,1,2,Response,,,,,,,,0.8,0.8,1025.0,1025.0,256.0
SV018,R,462,3,3,1,0,3,Response,1855.9,1855.9,992.5,992.5,734.0,734.0,436.0,1.0,1.2,690.5,1314.0,146.0
SV018,R,463,2,2,1,1,2,Response,,,,,,,,,,,,
SV018,R,464,3,3,1,1,3,Response,,,,,,,,,,,,
SV018,R,465,2,3,1,1,3,Response,,,,,,,,,,,,
SV018,R,466,2,3,1,1,3,Response,,,,,,,,0.5,0.5,1086.0,1086.0,244.0
SV018,R,467,3,2,0,0,2,Response,,,,,,,,,,,,
SV018,R,468,3,0,0,0,0,Response,1870.5500000000002,1877.2,737.6,815.2,739.0,767.0,336.0,1.8,2.4,106.0,139.0,22.666666666666668
SV018,R,469,2,3,0,1,3,Response,,,,,,,,,,,,
SV018,R,470,2,3,1,1,3,Response,,,,,,,,,,,,
SV018,R,471,3,2,1,1,2,Response,1814.4,1814.4,921.7,921.7,766.0,766.0,928.0,0.9500000000000001,1.1,387.0,705.0,128.0
SV018,R,472,2,3,0,0,3,Response,1906.5,1906.5,1047.9,1047.9,611.0,611.0,224.0,6.3999999999999995,11.6,370.0,626.0,120.0
SV018,R,473,2,3,1,0,3,Response,,,,,,,,0.4,0.4,1330.0,1330.0,228.0
SV018,R,474,2,2,0,0,2,Response,,,,,,,,0.6,0.6,977.0,977.0,224.0
SV018,R,475,2,0,1,0,0,Response,,,,,,,,,,,,
SV018,R,476,2,0,1,1,0,Response,,,,,,,,0.5,0.5,67.0,67.0,12.0
SV018,R,477,3,3,1,1,0,Response,1822.35,1901.0,829.15,1012.5,779.0,784.0,530.0,2.8666666666666667,5.1,890.6666666666666,1325.0,164.0
SV018,R,478,2,2,1,1,2,Response,,,,,,,,1.8,1.8,1357.0,1357.0,352.0
SV018,R,479,3,3,1,0,3,Response,,,,,,,,,,,,
SV018,R,480,3,0,1,0,0,Response,,,,,,,,,,,,
SV018,L,1,3,0,0,0,3,Stimulus,,,,,,,,,,,,
SV018,L,2,3,2,1,1,2,Stimulus,,,,,,,,,,,,
SV018,L,3,3,0,0,1,3,Stimulus,,,,,,,,,,,,
SV018,L,4,3,0,1,1,3,Stimulus,,,,,,,,,,,,
SV018,L,5,3,0,1,0,3,Stimulus,,,,,,,,,,,,
SV018,L,6,3,0,0,1,3,Stimulus,,,,,,,,,,,,
SV018,L,7,2,2,0,0,2,Stimulus,,,,,,,,,,,,
SV018,L,8,2,3,0,1,3,Stimulus,,,,,,,,,,,,
SV018,L,9,3,2,1,1,2,Stimulus,,,,,,,,,,,,
SV018,L,10,2,3,0,0,3,Stimulus,,,,,,,,,,,,
SV018,L,11,3,2,1,0,2,Stimulus,,,,,,,,,,,,
SV018,L,12,2,2,1,0,2,Stimulus,,,,,,,,,,,,
SV018,L,13,3,2,1,0,3,Stimulus,,,,,,,,,,,,
SV018,L,14,2,2,0,0,2,Stimulus,,,,,,,,,,,,
SV018,L,15,3,3,1,0,3,Stimulus,,,,,,,,,,,,
SV018,L,16,2,2,1,1,2,Stimulus,,,,,,,,,,,,
SV018,L,17,2,0,1,0,3,Stimulus,,,,,,,,,,,,
SV018,L,18,3,2,0,1,3,Stimulus,,,,,,,,,,,,
SV018,L,19,2,0,0,1,2,Stimulus,,,,,,,,,,,,
SV018,L,20,2,0,1,1,3,Stimulus,,,,,,,,,,,,
SV018,L,21,2,0,0,0,2,Stimulus,,,,,,,,,,,,
SV018,L,22,3,0,0,0,3,Stimulus,,,,,,,,,,,,
SV018,L,23,2,3,0,1,3,Stimulus,,,,,,,,,,,,
SV018,L,24,2,0,1,0,2,Stimulus,,,,,,,,,,,,
SV018,L,25,3,0,0,1,2,Stimulus,,,,,,,,,,,,
SV018,L,26,2,0,0,1,3,Stimulus,,,,,,,,,,,,
SV018,L,27,3,2,0,0,2,Stimulus,,,,,,,,,,,,
SV018,L,28,2,3,0,1,3,Stimulus,,,,,,,,,,,,
SV018,L,29,3,3,1,1,3,Stimulus,,,,,,,,,,,,
SV018,L,30,2,3,0,1,3,Stimulus,,,,,,,,,,,,
SV018,L,31,3,0,0,1,3,Stimulus,,,,,,,,,,,,
SV018,L,32,3,2,0,1,2,Stimulus,,,,,,,,,,,,
SV018,L,33,2,2,1,1,2,Stimulus,,,,,,,,,,,,
SV018,L,34,2,3,1,0,3,Stimulus,,,,,,,,,,,,
SV018,L,35,3,2,1,1,2,Stimulus,,,,,,,,,,,,
SV018,L,36,3,0,1,1,2,Stimulus,,,,,,,,,,,,
SV018,L,37,3,0,0,1,3,Stimulus,,,,,,,,,,,,
SV018,L,38,3,3,0,1,3,Stimulus,,,,,,,,,,,,
SV018,L,39,3,2,1,0,2,Stimulus,,,,,,,,,,,,
SV018,L,40,3,2,0,1,2,Stimulus,,,,,,,,,,,,
SV018,L,41,3,3,1,0,3,Stimulus,,,,,,,,,,,,
SV018,L,42,3,3,0,1,3,Stimulus,,,,,,,,,,,,
SV018,L,43,3,3,0,0,3,Stimulus,,,,,,,,,,,,
SV018,L,44,2,0,1,0,3,Stimulus,,,,,,,,,,,,
SV018,L,45,2,0,1,0,3,Stimulus,,,,,,,,,,,,
SV018,L,46,2,0,0,0,3,Stimulus,,,,,,,,,,,,
SV018,L,47,3,2,0,0,3,Stimulus,,,,,,,,,,,,
SV018,L,48,3,3,0,0,3,Stimulus,,,,,,,,,,,,
SV018,L,49,2,2,1,1,2,Stimulus,,,,,,,,,,,,
SV018,L,50,2,2,0,1,2,Stimulus,,,,,,,,,,,,
SV018,L,51,2,2,0,0,2,Stimulus,,,,,,,,,,,,
SV018,L,52,2,3,1,1,3,Stimulus,,,,,,,,,,,,
SV018,L,53,2,3,1,1,3,Stimulus,,,,,,,,,,,,
SV018,L,54,2,3,0,1,3,Stimulus,,,,,,,,,,,,
SV018,L,55,2,0,1,0,3,Stimulus,,,,,,,,,,,,
SV018,L,56,3,3,1,0,3,Stimulus,,,,,,,,,,,,
SV018,L,57,2,3,1,1,3,Stimulus,,,,,,,,,,,,
SV018,L,58,3,3,1,0,3,Stimulus,,,,,,,,,,,,
SV018,L,59,2,2,0,1,2,Stimulus,,,,,,,,,,,,
SV018,L,60,3,2,0,0,2,Stimulus,,,,,,,,,,,,
SV018,L,61,2,3,1,0,3,Stimulus,,,,,,,,,,,,
SV018,L,62,3,0,0,0,3,Stimulus,,,,,,,,,,,,
SV018,L,63,2,0,0,1,3,Stimulus,,,,,,,,,,,,
SV018,L,64,3,0,0,0,3,Stimulus,,,,,,,,,,,,
SV018,L,65,2,2,0,0,2,Stimulus,,,,,,,,,,,,
SV018,L,66,2,3,0,0,3,Stimulus,,,,,,,,,,,,
SV018,L,67,2,0,0,1,3,Stimulus,,,,,,,,,,,,
SV018,L,68,2,3,1,1,3,Stimulus,,,,,,,,,,,,
SV018,L,69,3,2,0,1,2,Stimulus,,,,,,,,,,,,
SV018,L,70,2,0,0,0,2,Stimulus,,,,,,,,,,,,
SV018,L,71,2,3,1,0,3,Stimulus,,,,,,,,,,,,
SV018,L,72,3,2,0,0,2,Stimulus,,,,,,,,,,,,
SV018,L,73,2,0,1,1,3,Stimulus,,,,,,,,,,,,
SV018,L,74,2,2,0,0,2,Stimulus,,,,,,,,,,,,
SV018,L,75,2,0,0,1,3,Stimulus,,,,,,,,,,,,
SV018,L,76,3,0,1,0,3,Stimulus,,,,,,,,,,,,
SV018,L,77,2,3,0,0,3,Stimulus,,,,,,,,,,,,
SV018,L,78,3,2,0,0,3,Stimulus,,,,,,,,,,,,
SV018,L,79,3,0,1,0,3,Stimulus,,,,,,,,,,,,
SV018,L,80,2,2,1,0,2,Stimulus,,,,,,,,,,,,
SV018,L,81,3,0,1,1,3,Stimulus,,,,,,,,,,,,
SV018,L,82,3,2,1,1,2,Stimulus,,,,,,,,,,,,
SV018,L,83,3,0,0,0,3,Stimulus,,,,,,,,,,,,
SV018,L,84,3,2,0,1,3,Stimulus,,,,,,,,,,,,
SV018,L,85,3,3,0,0,3,Stimulus,,,,,,,,,,,,
SV018,L,86,2,0,0,0,3,Stimulus,,,,,,,,,,,,
SV018,L,87,2,0,1,1,2,Stimulus,,,,,,,,,,,,
SV018,L,88,2,2,1,0,2,Stimulus,,,,,,,,,,,,
SV018,L,89,2,0,0,0,2,Stimulus,,,,,,,,,,,,
SV018,L,90,2,2,1,0,2,Stimulus,,,,,,,,,,,,
SV018,L,91,2,2,0,1,2,Stimulus,,,,,,,,,,,,
SV018,L,92,2,2,0,1,2,Stimulus,,,,,,,,,,,,
SV018,L,93,3,0,1,1,3,Stimulus,,,,,,,,,,,,
SV018,L,94,2,2,1,0,2,Stimulus,,,,,,,,,,,,
SV018,L,95,3,3,1,1,3,Stimulus,,,,,,,,,,,,
SV018,L,96,2,0,1,0,2,Stimulus,,,,,,,,,,,,
SV018,L,97,3,0,0,1,3,Stimulus,,,,,,,,,,,,
SV018,L,98,2,3,1,1,3,Stimulus,,,,,,,,,,,,
SV018,L,99,3,3,0,1,3,Stimulus,,,,,,,,,,,,
SV018,L,100,3,3,0,1,3,Stimulus,,,,,,,,,,,,
SV018,L,101,2,0,0,0,3,Stimulus,,,,,,,,,,,,
SV018,L,102,2,3,1,1,3,Stimulus,,,,,,,,,,,,
SV018,L,103,2,2,0,1,2,Stimulus,,,,,,,,,,,,
SV018,L,104,2,2,1,1,2,Stimulus,,,,,,,,,,,,
SV018,L,105,2,2,1,1,2,Stimulus,,,,,,,,,,,,
SV018,L,106,3,3,0,0,3,Stimulus,,,,,,,,,,,,
SV018,L,107,2,3,0,1,3,Stimulus,,,,,,,,,,,,
SV018,L,108,2,0,1,1,3,Stimulus,,,,,,,,,,,,
SV018,L,109,2,0,0,1,3,Stimulus,,,,,,,,,,,,
SV018,L,110,2,0,0,0,3,Stimulus,,,,,,,,,,,,
SV018,L,111,3,0,1,0,3,Stimulus,,,,,,,,,,,,
SV018,L,112,2,3,0,0,3,Stimulus,,,,,,,,,,,,
SV018,L,113,2,2,0,1,2,Stimulus,,,,,,,,,,,,
SV018,L,114,2,2,1,0,2,Stimulus,,,,,,,,,,,,
SV018,L,115,3,0,1,0,3,Stimulus,,,,,,,,,,,,
SV018,L,116,2,3,1,1,3,Stimulus,,,,,,,,,,,,
SV018,L,117,2,3,0,1,3,Stimulus,,,,,,,,,,,,
SV018,L,118,3,0,1,0,3,Stimulus,,,,,,,,,,,,
SV018,L,119,3,3,1,0,3,Stimulus,,,,,,,,,,,,
SV018,L,120,2,0,1,1,3,Stimulus,,,,,,,,,,,,
SV018,L,121,3,3,0,0,3,Stimulus,,,,,,,,,,,,
SV018,L,122,2,3,1,0,3,Stimulus,,,,,,,,,,,,
SV018,L,123,3,2,0,1,2,Stimulus,,,,,,,,,,,,
SV018,L,124,2,0,0,1,2,Stimulus,,,,,,,,,,,,
SV018,L,125,2,0,1,0,2,Stimulus,,,,,,,,,,,,
SV018,L,126,3,0,0,1,3,Stimulus,,,,,,,,,,,,
SV018,L,127,3,2,0,0,2,Stimulus,,,,,,,,,,,,
SV018,L,128,3,3,1,1,3,Stimulus,,,,,,,,,,,,
SV018,L,129,3,0,1,1,3,Stimulus,,,,,,,,,,,,
SV018,L,130,3,2,1,1,2,Stimulus,,,,,,,,,,,,
SV018,L,131,2,2,1,1,2,Stimulus,,,,,,,,,,,,
SV018,L,132,3,3,1,1,3,Stimulus,,,,,,,,,,,,
SV018,L,133,2,3,1,0,3,Stimulus,,,,,,,,,,,,
SV018,L,134,2,3,1,0,3,Stimulus,,,,,,,,,,,,
SV018,L,135,3,3,1,1,3,Stimulus,,,,,,,,,,,,
SV018,L,136,3,2,1,0,2,Stimulus,,,,,,,,,,,,
SV018,L,137,2,2,1,1,2,Stimulus,,,,,,,,,,,,
SV018,L,138,2,3,1,1,3,Stimulus,,,,,,,,,,,,
SV018,L,139,2,2,1,1,2,Stimulus,,,,,,,,,,,,
SV018,L,140,3,0,0,0,3,Stimulus,,,,,,,,,,,,
SV018,L,141,3,0,1,1,3,Stimulus,,,,,,,,,,,,
SV018,L,142,3,2,1,0,2,Stimulus,,,,,,,,,,,,
SV018,L,143,3,0,0,0,3,Stimulus,,,,,,,,,,,,
SV018,L,144,2,2,0,1,2,Stimulus,,,,,,,,,,,,
SV018,L,145,2,0,0,0,3,Stimulus,,,,,,,,,,,,
SV018,L,146,3,0,1,1,2,Stimulus,,,,,,,,,,,,
SV018,L,147,2,3,1,0,3,Stimulus,,,,,,,,,,,,
SV018,L,148,2,3,0,0,3,Stimulus,,,,,,,,,,,,
SV018,L,149,2,3,1,1,3,Stimulus,,,,,,,,,,,,
SV018,L,150,3,3,0,1,3,Stimulus,,,,,,,,,,,,
SV018,L,151,2,3,0,0,3,Stimulus,,,,,,,,,,,,
SV018,L,152,2,3,0,1,3,Stimulus,,,,,,,,,,,,
SV018,L,153,3,2,1,0,3,Stimulus,,,,,,,,,,,,
SV018,L,154,2,2,1,0,2,Stimulus,,,,,,,,,,,,
SV018,L,155,3,3,0,1,3,Stimulus,,,,,,,,,,,,
SV018,L,156,2,2,1,1,2,Stimulus,,,,,,,,,,,,
SV018,L,157,2,2,0,1,2,Stimulus,,,,,,,,,,,,
SV018,L,158,2,0,0,0,2,Stimulus,,,,,,,,,,,,
SV018,L,159,3,2,1,0,2,Stimulus,,,,,,,,,,,,
SV018,L,160,3,3,0,0,3,Stimulus,,,,,,,,,,,,
SV018,L,161,3,2,0,1,2,Stimulus,,,,,,,,,,,,
SV018,L,162,3,0,1,0,3,Stimulus,,,,,,,,,,,,
SV018,L,163,3,2,1,0,2,Stimulus,,,,,,,,,,,,
SV018,L,164,3,3,1,1,3,Stimulus,,,,,,,,,,,,
SV018,L,165,3,3,1,0,3,Stimulus,,,,,,,,,,,,
SV018,L,166,3,2,1,1,2,Stimulus,,,,,,,,,,,,
SV018,L,167,3,3,1,1,3,Stimulus,,,,,,,,,,,,
SV018,L,168,3,0,1,0,3,Stimulus,,,,,,,,,,,,
SV018,L,169,3,2,0,0,2,Stimulus,,,,,,,,,,,,
SV018,L,170,3,0,0,0,3,Stimulus,,,,,,,,,,,,
SV018,L,171,2,0,0,0,2,Stimulus,,,,,,,,,,,,
SV018,L,172,3,0,1,1,3,Stimulus,,,,,,,,,,,,
SV018,L,173,3,0,0,1,3,Stimulus,,,,,,,,,,,,
SV018,L,174,3,2,0,1,2,Stimulus,,,,,,,,0.5,0.5,61.0,61.0,12.0
SV018,L,175,3,2,0,1,2,Stimulus,,,,,,,,,,,,
SV018,L,176,3,2,1,0,2,Stimulus,,,,,,,,,,,,
SV018,L,177,2,3,1,0,3,Stimulus,,,,,,,,,,,,
SV018,L,178,3,3,1,0,3,Stimulus,,,,,,,,,,,,
SV018,L,179,3,3,0,1,3,Stimulus,,,,,,,,,,,,
SV018,L,180,3,3,1,1,2,Stimulus,,,,,,,,,,,,
SV018,L,181,3,0,0,1,3,Stimulus,,,,,,,,,,,,
SV018,L,182,3,2,0,1,2,Stimulus,,,,,,,,,,,,
SV018,L,183,2,2,1,0,2,Stimulus,,,,,,,,,,,,
SV018,L,184,3,2,1,1,2,Stimulus,,,,,,,,,,,,
SV018,L,185,3,3,0,0,3,Stimulus,,,,,,,,,,,,
SV018,L,186,2,3,0,0,3,Stimulus,,,,,,,,,,,,
SV018,L,187,3,3,0,1,3,Stimulus,,,,,,,,,,,,
SV018,L,188,2,2,0,0,2,Stimulus,,,,,,,,,,,,
SV018,L,189,2,3,1,0,3,Stimulus,,,,,,,,,,,,
SV018,L,190,3,0,1,0,3,Stimulus,,,,,,,,,,,,
SV018,L,191,3,3,1,0,3,Stimulus,,,,,,,,,,,,
SV018,L,192,2,0,1,1,2,Stimulus,,,,,,,,,,,,
SV018,L,193,2,3,1,0,3,Stimulus,,,,,,,,,,,,
SV018,L,194,3,3,1,1,3,Stimulus,,,,,,,,,,,,
SV018,L,195,2,3,0,1,3,Stimulus,,,,,,,,,,,,
SV018,L,196,2,2,1,1,2,Stimulus,,,,,,,,,,,,
SV018,L,197,2,0,0,1,3,Stimulus,,,,,,,,,,,,
SV018,L,198,2,3,0,0,3,Stimulus,,,,,,,,,,,,
SV018,L,199,3,0,0,0,3,Stimulus,,,,,,,,,,,,
SV018,L,200,2,2,0,0,2,Stimulus,,,,,,,,,,,,
SV018,L,201,2,3,0,0,3,Stimulus,,,,,,,,,,,,
SV018,L,202,2,2,0,0,2,Stimulus,,,,,,,,,,,,
SV018,L,203,3,0,1,0,3,Stimulus,,,,,,,,,,,,
SV018,L,204,2,3,0,0,2,Stimulus,,,,,,,,,,,,
SV018,L,205,2,0,0,1,3,Stimulus,,,,,,,,,,,,
SV018,L,206,2,2,0,0,2,Stimulus,,,,,,,,,,,,
SV018,L,207,2,3,0,1,3,Stimulus,,,,,,,,,,,,
SV018,L,208,2,2,0,1,2,Stimulus,,,,,,,,,,,,
SV018,L,209,3,3,1,0,3,Stimulus,,,,,,,,,,,,
SV018,L,210,2,0,1,0,2,Stimulus,,,,,,,,,,,,
SV018,L,211,3,3,0,1,3,Stimulus,,,,,,,,,,,,
SV018,L,212,3,2,0,0,2,Stimulus,,,,,,,,0.4,0.4,55.0,55.0,12.0
SV018,L,213,3,0,0,1,2,Stimulus,,,,,,,,,,,,
SV018,L,214,2,2,1,0,2,Stimulus,,,,,,,,,,,,
SV018,L,215,3,3,1,1,2,Stimulus,,,,,,,,,,,,
SV018,L,216,3,0,1,1,2,Stimulus,,,,,,,,,,,,
SV018,L,217,3,3,0,0,3,Stimulus,,,,,,,,,,,,
SV018,L,218,2,3,1,1,3,Stimulus,,,,,,,,,,,,
SV018,L,219,2,0,1,1,2,Stimulus,,,,,,,,,,,,
SV018,L,220,3,2,1,1,2,Stimulus,,,,,,,,,,,,
SV018,L,221,3,2,1,1,2,Stimulus,,,,,,,,,,,,
SV018,L,222,3,0,1,1,2,Stimulus,,,,,,,,,,,,
SV018,L,223,3,3,0,0,3,Stimulus,,,,,,,,,,,,
SV018,L,224,3,2,1,0,2,Stimulus,,,,,,,,,,,,
SV018,L,225,3,2,0,0,2,Stimulus,,,,,,,,,,,,
SV018,L,226,2,2,0,1,2,Stimulus,,,,,,,,,,,,
SV018,L,227,3,2,1,1,2,Stimulus,,,,,,,,,,,,
SV018,L,228,2,0,1,1,3,Stimulus,,,,,,,,,,,,
SV018,L,229,2,0,1,0,3,Stimulus,,,,,,,,,,,,
SV018,L,230,3,2,0,0,2,Stimulus,,,,,,,,,,,,
SV018,L,231,2,2,0,0,2,Stimulus,,,,,,,,,,,,
SV018,L,232,2,2,1,0,2,Stimulus,,,,,,,,7.0,7.0,253.0,253.0,40.0
SV018,L,233,2,0,1,1,2,Stimulus,,,,,,,,,,,,
SV018,L,234,2,0,0,1,3,Stimulus,,,,,,,,,,,,
SV018,L,235,2,0,1,1,3,Stimulus,,,,,,,,,,,,
SV018,L,236,3,0,0,0,3,Stimulus,,,,,,,,,,,,
SV018,L,237,3,3,1,0,3,Stimulus,,,,,,,,,,,,
SV018,L,238,3,3,0,1,3,Stimulus,,,,,,,,,,,,
SV018,L,239,2,0,1,0,3,Stimulus,,,,,,,,,,,,
SV018,L,240,3,3,0,0,3,Stimulus,,,,,,,,,,,,
SV018,L,241,2,2,0,0,2,Stimulus,,,,,,,,,,,,
SV018,L,242,3,0,1,0,0,Stimulus,,,,,,,,,,,,
SV018,L,243,3,0,1,0,0,Stimulus,,,,,,,,,,,,
SV018,L,244,3,3,1,0,3,Stimulus,,,,,,,,,,,,
SV018,L,245,3,2,0,0,2,Stimulus,,,,,,,,,,,,
SV018,L,246,2,3,0,0,3,Stimulus,,,,,,,,,,,,
SV018,L,247,2,0,0,0,0,Stimulus,,,,,,,,,,,,
SV018,L,248,2,0,1,1,0,Stimulus,,,,,,,,,,,,
SV018,L,249,3,2,0,1,2,Stimulus,,,,,,,,,,,,
SV018,L,250,3,2,1,1,2,Stimulus,,,,,,,,,,,,
SV018,L,251,3,0,0,1,0,Stimulus,,,,,,,,,,,,
SV018,L,252,3,3,0,1,3,Stimulus,,,,,,,,,,,,
SV018,L,253,2,3,1,0,3,Stimulus,,,,,,,,,,,,
SV018,L,254,3,0,0,0,0,Stimulus,,,,,,,,,,,,
SV018,L,255,2,2,1,1,2,Stimulus,,,,,,,,,,,,
SV018,L,256,3,3,0,1,3,Stimulus,,,,,,,,,,,,
SV018,L,257,2,3,1,1,3,Stimulus,,,,,,,,,,,,
SV018,L,258,2,0,0,1,0,Stimulus,,,,,,,,,,,,
SV018,L,259,3,2,0,0,2,Stimulus,,,,,,,,,,,,
SV018,L,260,3,2,1,0,2,Stimulus,,,,,,,,,,,,
SV018,L,261,2,2,1,1,2,Stimulus,,,,,,,,,,,,
SV018,L,262,3,3,0,1,3,Stimulus,,,,,,,,,,,,
SV018,L,263,2,2,0,1,2,Stimulus,,,,,,,,,,,,
SV018,L,264,3,0,0,1,0,Stimulus,,,,,,,,,,,,
SV018,L,265,3,2,0,0,2,Stimulus,,,,,,,,,,,,
SV018,L,266,2,0,0,0,0,Stimulus,,,,,,,,,,,,
SV018,L,267,2,3,0,1,3,Stimulus,,,,,,,,,,,,
SV018,L,268,3,3,1,1,3,Stimulus,,,,,,,,,,,,
SV018,L,269,2,2,0,1,2,Stimulus,,,,,,,,,,,,
SV018,L,270,3,2,0,0,2,Stimulus,,,,,,,,,,,,
SV018,L,271,2,3,1,0,3,Stimulus,,,,,,,,,,,,
SV018,L,272,2,2,0,1,2,Stimulus,,,,,,,,,,,,
SV018,L,273,3,3,1,1,3,Stimulus,,,,,,,,,,,,
SV018,L,274,2,0,1,0,0,Stimulus,,,,,,,,,,,,
SV018,L,275,2,3,0,1,3,Stimulus,,,,,,,,,,,,
SV018,L,276,2,0,0,0,0,Stimulus,,,,,,,,,,,,
SV018,L,277,3,2,0,0,2,Stimulus,,,,,,,,,,,,
SV018,L,278,2,3,0,1,3,Stimulus,,,,,,,,,,,,
SV018,L,279,3,0,1,0,0,Stimulus,,,,,,,,,,,,
SV018,L,280,3,2,0,1,2,Stimulus,,,,,,,,,,,,
SV018,L,281,3,0,1,0,0,Stimulus,,,,,,,,,,,,
SV018,L,282,3,3,0,0,3,Stimulus,,,,,,,,,,,,
SV018,L,283,3,2,1,0,2,Stimulus,,,,,,,,,,,,
SV018,L,284,2,2,0,0,2,Stimulus,,,,,,,,,,,,
SV018,L,285,2,0,0,1,0,Stimulus,,,,,,,,,,,,
SV018,L,286,2,2,1,0,2,Stimulus,,,,,,,,,,,,
SV018,L,287,3,2,1,0,2,Stimulus,,,,,,,,,,,,
SV018,L,288,2,0,0,1,0,Stimulus,,,,,,,,,,,,
SV018,L,289,3,0,0,1,0,Stimulus,,,,,,,,,,,,
SV018,L,290,2,0,1,0,0,Stimulus,,,,,,,,,,,,
SV018,L,291,3,0,0,1,0,Stimulus,,,,,,,,,,,,
SV018,L,292,3,2,1,1,2,Stimulus,,,,,,,,,,,,
SV018,L,293,2,2,1,1,2,Stimulus,,,,,,,,,,,,
SV018,L,294,2,0,1,0,0,Stimulus,,,,,,,,,,,,
SV018,L,295,2,2,1,1,2,Stimulus,,,,,,,,,,,,
SV018,L,296,3,0,0,0,0,Stimulus,,,,,,,,,,,,
SV018,L,297,2,3,0,1,3,Stimulus,,,,,,,,,,,,
SV018,L,298,2,3,1,1,3,Stimulus,,,,,,,,,,,,
SV018,L,299,3,2,0,1,2,Stimulus,,,,,,,,,,,,
SV018,L,300,2,2,1,0,2,Stimulus,,,,,,,,,,,,
SV018,L,301,2,2,0,0,2,Stimulus,,,,,,,,,,,,
SV018,L,302,3,0,1,0,0,Stimulus,,,,,,,,,,,,
SV018,L,303,2,3,1,0,3,Stimulus,,,,,,,,,,,,
SV018,L,304,3,2,0,0,2,Stimulus,,,,,,,,,,,,
SV018,L,305,3,2,0,1,2,Stimulus,,,,,,,,,,,,
SV018,L,306,2,0,1,0,0,Stimulus,,,,,,,,,,,,
SV018,L,307,3,0,0,0,0,Stimulus,,,,,,,,,,,,
SV018,L,308,3,3,1,0,3,Stimulus,,,,,,,,,,,,
SV018,L,309,3,2,1,1,2,Stimulus,,,,,,,,,,,,
SV018,L,310,2,2,0,0,2,Stimulus,,,,,,,,,,,,
SV018,L,311,2,0,1,0,0,Stimulus,,,,,,,,,,,,
SV018,L,312,3,0,1,1,0,Stimulus,,,,,,,,,,,,
SV018,L,313,3,2,1,0,2,Stimulus,,,,,,,,,,,,
SV018,L,314,3,2,1,0,2,Stimulus,,,,,,,,,,,,
SV018,L,315,2,3,0,1,3,Stimulus,,,,,,,,,,,,
SV018,L,316,3,0,0,0,0,Stimulus,,,,,,,,,,,,
SV018,L,317,2,3,0,0,3,Stimulus,,,,,,,,,,,,
SV018,L,318,2,3,1,1,3,Stimulus,,,,,,,,,,,,
SV018,L,319,3,3,1,1,3,Stimulus,,,,,,,,,,,,
SV018,L,320,2,3,0,0,3,Stimulus,,,,,,,,,,,,
SV018,L,321,2,2,1,0,2,Stimulus,,,,,,,,,,,,
SV018,L,322,3,3,1,0,3,Stimulus,,,,,,,,,,,,
SV018,L,323,3,2,0,1,2,Stimulus,,,,,,,,,,,,
SV018,L,324,2,2,0,0,2,Stimulus,,,,,,,,,,,,
SV018,L,325,3,0,1,1,0,Stimulus,,,,,,,,,,,,
SV018,L,326,3,3,0,1,3,Stimulus,,,,,,,,,,,,
SV018,L,327,3,2,0,0,2,Stimulus,,,,,,,,,,,,
SV018,L,328,2,2,1,1,2,Stimulus,,,,,,,,,,,,
SV018,L,329,3,3,0,0,3,Stimulus,,,,,,,,,,,,
SV018,L,330,3,2,1,1,2,Stimulus,,,,,,,,,,,,
SV018,L,331,3,2,0,1,2,Stimulus,,,,,,,,,,,,
SV018,L,332,2,3,1,0,3,Stimulus,,,,,,,,,,,,
SV018,L,333,3,3,0,1,3,Stimulus,,,,,,,,,,,,
SV018,L,334,3,0,0,1,0,Stimulus,,,,,,,,,,,,
SV018,L,335,2,3,0,0,3,Stimulus,,,,,,,,,,,,
SV018,L,336,3,3,1,0,3,Stimulus,,,,,,,,,,,,
SV018,L,337,3,0,1,0,0,Stimulus,,,,,,,,,,,,
SV018,L,338,2,3,0,1,3,Stimulus,,,,,,,,,,,,
SV018,L,339,3,3,1,0,3,Stimulus,,,,,,,,,,,,
SV018,L,340,3,0,0,1,0,Stimulus,,,,,,,,,,,,
SV018,L,341,2,3,1,1,3,Stimulus,,,,,,,,,,,,
SV018,L,342,2,0,1,1,0,Stimulus,,,,,,,,,,,,
SV018,L,343,3,0,1,1,0,Stimulus,,,,,,,,,,,,
SV018,L,344,3,2,1,0,2,Stimulus,,,,,,,,,,,,
SV018,L,345,2,0,0,0,0,Stimulus,,,,,,,,,,,,
SV018,L,346,2,2,0,1,2,Stimulus,,,,,,,,,,,,
SV018,L,347,3,2,1,0,2,Stimulus,,,,,,,,,,,,
SV018,L,348,2,0,0,0,0,Stimulus,,,,,,,,,,,,
SV018,L,349,2,0,0,1,0,Stimulus,,,,,,,,,,,,
SV018,L,350,2,2,1,1,2,Stimulus,,,,,,,,,,,,
SV018,L,351,2,0,0,1,0,Stimulus,,,,,,,,,,,,
SV018,L,352,3,2,1,1,2,Stimulus,,,,,,,,,,,,
SV018,L,353,2,0,1,0,0,Stimulus,,,,,,,,,,,,
SV018,L,354,2,3,0,0,3,Stimulus,,,,,,,,,,,,
SV018,L,355,3,3,0,0,3,Stimulus,,,,,,,,,,,,
SV018,L,356,3,2,0,1,2,Stimulus,,,,,,,,,,,,
SV018,L,357,3,3,0,1,3,Stimulus,,,,,,,,,,,,
SV018,L,358,3,0,1,1,0,Stimulus,,,,,,,,,,,,
SV018,L,359,3,2,1,0,2,Stimulus,,,,,,,,,,,,
SV018,L,360,3,3,1,0,3,Stimulus,,,,,,,,,,,,
SV018,L,361,3,2,1,1,2,Stimulus,,,,,,,,,,,,
SV018,L,362,2,3,1,0,3,Stimulus,,,,,,,,,,,,
SV018,L,363,2,3,1,1,3,Stimulus,,,,,,,,,,,,
SV018,L,364,2,0,0,1,0,Stimulus,,,,,,,,,,,,
SV018,L,365,2,3,0,0,3,Stimulus,,,,,,,,,,,,
SV018,L,366,2,3,1,0,3,Stimulus,,,,,,,,,,,,
SV018,L,367,2,3,0,0,3,Stimulus,,,,,,,,,,,,
SV018,L,368,3,3,0,0,3,Stimulus,,,,,,,,,,,,
SV018,L,369,2,3,0,0,3,Stimulus,,,,,,,,,,,,
SV018,L,370,3,0,0,0,0,Stimulus,,,,,,,,,,,,
SV018,L,371,3,3,1,1,3,Stimulus,,,,,,,,,,,,
SV018,L,372,3,3,1,0,3,Stimulus,,,,,,,,,,,,
SV018,L,373,2,2,1,0,2,Stimulus,,,,,,,,,,,,
SV018,L,374,2,0,1,1,0,Stimulus,,,,,,,,,,,,
SV018,L,375,3,3,0,1,3,Stimulus,,,,,,,,,,,,
SV018,L,376,3,3,1,1,3,Stimulus,,,,,,,,,,,,
SV018,L,377,2,0,1,1,0,Stimulus,,,,,,,,,,,,
SV018,L,378,2,2,1,1,2,Stimulus,,,,,,,,,,,,
SV018,L,379,3,3,0,0,3,Stimulus,,,,,,,,,,,,
SV018,L,380,2,2,1,0,2,Stimulus,,,,,,,,,,,,
SV018,L,381,2,2,0,1,2,Stimulus,,,,,,,,,,,,
SV018,L,382,2,3,1,1,3,Stimulus,,,,,,,,,,,,
SV018,L,383,2,3,0,0,3,Stimulus,,,,,,,,,,,,
SV018,L,384,2,2,1,0,2,Stimulus,,,,,,,,,,,,
SV018,L,385,2,2,1,1,2,Stimulus,,,,,,,,,,,,
SV018,L,386,3,0,1,1,0,Stimulus,,,,,,,,,,,,
SV018,L,387,3,2,1,1,2,Stimulus,,,,,,,,,,,,
SV018,L,388,3,0,0,0,0,Stimulus,,,,,,,,,,,,
SV018,L,389,2,0,0,0,0,Stimulus,,,,,,,,,,,,
SV018,L,390,3,3,0,0,3,Stimulus,,,,,,,,,,,,
SV018,L,391,2,0,1,1,0,Stimulus,,,,,,,,,,,,
SV018,L,392,2,0,1,1,0,Stimulus,,,,,,,,,,,,
SV018,L,393,3,3,1,0,3,Stimulus,,,,,,,,,,,,
SV018,L,394,2,3,0,1,3,Stimulus,,,,,,,,,,,,
SV018,L,395,2,2,1,0,2,Stimulus,,,,,,,,,,,,
SV018,L,396,3,2,0,0,2,Stimulus,,,,,,,,,,,,
SV018,L,397,3,3,0,1,3,Stimulus,,,,,,,,,,,,
SV018,L,398,3,2,0,1,2,Stimulus,,,,,,,,,,,,
SV018,L,399,2,2,0,1,2,Stimulus,,,,,,,,,,,,
SV018,L,400,2,2,0,1,2,Stimulus,,,,,,,,,,,,
SV018,L,401,2,0,0,1,0,Stimulus,,,,,,,,,,,,
SV018,L,402,3,0,1,0,0,Stimulus,,,,,,,,,,,,
SV018,L,403,3,2,1,1,2,Stimulus,,,,,,,,,,,,
SV018,L,404,2,2,0,0,2,Stimulus,,,,,,,,,,,,
SV018,L,405,3,3,1,1,3,Stimulus,,,,,,,,,,,,
SV018,L,406,2,0,0,1,0,Stimulus,,,,,,,,,,,,
SV018,L,407,2,3,1,1,3,Stimulus,,,,,,,,,,,,
SV018,L,408,3,3,1,0,3,Stimulus,,,,,,,,,,,,
SV018,L,409,3,2,0,1,2,Stimulus,,,,,,,,,,,,
SV018,L,410,3,2,0,0,2,Stimulus,,,,,,,,,,,,
SV018,L,411,2,2,0,0,2,Stimulus,,,,,,,,,,,,
SV018,L,412,3,2,0,1,2,Stimulus,,,,,,,,,,,,
SV018,L,413,2,2,1,0,2,Stimulus,,,,,,,,,,,,
SV018,L,414,2,0,1,1,0,Stimulus,,,,,,,,,,,,
SV018,L,415,3,3,1,1,3,Stimulus,,,,,,,,,,,,
SV018,L,416,2,3,0,0,3,Stimulus,,,,,,,,,,,,
SV018,L,417,3,0,1,0,0,Stimulus,,,,,,,,,,,,
SV018,L,418,2,0,1,0,0,Stimulus,,,,,,,,,,,,
SV018,L,419,2,2,1,1,2,Stimulus,,,,,,,,,,,,
SV018,L,420,2,2,1,0,2,Stimulus,,,,,,,,,,,,
SV018,L,421,2,0,1,0,0,Stimulus,,,,,,,,,,,,
SV018,L,422,2,3,1,0,3,Stimulus,,,,,,,,,,,,
SV018,L,423,2,2,0,1,2,Stimulus,,,,,,,,,,,,
SV018,L,424,3,0,0,1,0,Stimulus,,,,,,,,,,,,
SV018,L,425,2,0,1,1,0,Stimulus,,,,,,,,,,,,
SV018,L,426,2,0,0,1,0,Stimulus,,,,,,,,,,,,
SV018,L,427,3,2,0,0,2,Stimulus,,,,,,,,,,,,
SV018,L,428,2,0,0,0,0,Stimulus,,,,,,,,,,,,
SV018,L,429,2,0,1,0,0,Stimulus,,,,,,,,,,,,
SV018,L,430,2,3,1,0,3,Stimulus,,,,,,,,,,,,
SV018,L,431,2,0,0,0,0,Stimulus,,,,,,,,,,,,
SV018,L,432,2,3,0,1,3,Stimulus,,,,,,,,,,,,
SV018,L,433,3,3,0,0,3,Stimulus,,,,,,,,,,,,
SV018,L,434,3,0,0,1,0,Stimulus,,,,,,,,,,,,
SV018,L,435,2,0,0,0,0,Stimulus,,,,,,,,,,,,
SV018,L,436,2,3,0,1,3,Stimulus,,,,,,,,,,,,
SV018,L,437,3,0,0,0,0,Stimulus,,,,,,,,,,,,
SV018,L,438,3,0,0,0,0,Stimulus,,,,,,,,,,,,
SV018,L,439,3,3,0,1,3,Stimulus,,,,,,,,,,,,
SV018,L,440,3,0,1,0,0,Stimulus,,,,,,,,,,,,
SV018,L,441,3,2,1,0,2,Stimulus,,,,,,,,,,,,
SV018,L,442,3,0,0,0,0,Stimulus,,,,,,,,,,,,
SV018,L,443,2,0,0,0,0,Stimulus,,,,,,,,,,,,
SV018,L,444,2,3,1,1,3,Stimulus,,,,,,,,,,,,
SV018,L,445,3,0,0,0,0,Stimulus,,,,,,,,,,,,
SV018,L,446,2,3,1,1,3,Stimulus,,,,,,,,,,,,
SV018,L,447,3,0,1,1,0,Stimulus,,,,,,,,,,,,
SV018,L,448,2,3,0,1,3,Stimulus,,,,,,,,,,,,
SV018,L,449,3,0,0,1,0,Stimulus,,,,,,,,,,,,
SV018,L,450,3,0,0,1,0,Stimulus,,,,,,,,,,,,
SV018,L,451,3,2,1,1,2,Stimulus,,,,,,,,,,,,
SV018,L,452,3,3,0,1,3,Stimulus,,,,,,,,,,,,
SV018,L,453,3,3,1,1,3,Stimulus,,,,,,,,,,,,
SV018,L,454,2,2,0,1,2,Stimulus,,,,,,,,,,,,
SV018,L,455,3,0,1,0,0,Stimulus,,,,,,,,,,,,
SV018,L,456,2,3,1,1,3,Stimulus,,,,,,,,,,,,
SV018,L,457,3,3,1,0,3,Stimulus,,,,,,,,,,,,
SV018,L,458,3,3,0,0,3,Stimulus,,,,,,,,,,,,
SV018,L,459,3,3,1,1,3,Stimulus,,,,,,,,,,,,
SV018,L,460,3,0,1,1,0,Stimulus,,,,,,,,,,,,
SV018,L,461,2,2,1,0,2,Stimulus,,,,,,,,,,,,
SV018,L,462,3,2,1,1,2,Stimulus,,,,,,,,,,,,
SV018,L,463,2,2,0,0,2,Stimulus,,,,,,,,,,,,
SV018,L,464,2,2,1,1,2,Stimulus,,,,,,,,,,,,
SV018,L,465,3,0,1,1,0,Stimulus,,,,,,,,,,,,
SV018,L,466,2,0,1,0,0,Stimulus,,,,,,,,,,,,
SV018,L,467,3,3,0,0,3,Stimulus,,,,,,,,,,,,
SV018,L,468,3,2,1,0,2,Stimulus,,,,,,,,,,,,
SV018,L,469,2,3,1,0,3,Stimulus,,,,,,,,,,,,
SV018,L,470,3,0,1,1,0,Stimulus,,,,,,,,,,,,
SV018,L,471,2,0,1,1,0,Stimulus,,,,,,,,,,,,
SV018,L,472,2,2,0,0,2,Stimulus,,,,,,,,,,,,
SV018,L,473,2,0,1,1,0,Stimulus,,,,,,,,,,,,
SV018,L,474,2,0,0,1,0,Stimulus,,,,,,,,,,,,
SV018,L,475,2,3,1,0,2,Stimulus,,,,,,,,,,,,
SV018,L,476,3,3,0,0,3,Stimulus,,,,,,,,,,,,
SV018,L,477,2,2,0,1,2,Stimulus,,,,,,,,,,,,
SV018,L,478,3,3,1,1,3,Stimulus,,,,,,,,,,,,
SV018,L,479,3,0,1,1,0,Stimulus,,,,,,,,,,,,
SV018,L,480,2,2,0,0,2,Stimulus,,,,,,,,,,,,
SV018,R,1,3,2,1,1,1,Stimulus,,,,,,,,,,,,
SV018,R,2,2,2,0,0,2,Stimulus,,,,,,,,,,,,
SV018,R,3,3,3,1,1,3,Stimulus,,,,,,,,,,,,
SV018,R,4,2,2,0,1,2,Stimulus,,,,,,,,,,,,
SV018,R,5,3,3,0,1,3,Stimulus,,,,,,,,,,,,
SV018,R,6,3,2,0,0,2,Stimulus,,,,,,,,,,,,
SV018,R,7,3,3,0,0,3,Stimulus,,,,,,,,,,,,
SV018,R,8,2,0,0,0,2,Stimulus,,,,,,,,,,,,
SV018,R,9,2,0,0,0,3,Stimulus,,,,,,,,,,,,
SV018,R,10,3,0,1,0,3,Stimulus,,,,,,,,,,,,
SV018,R,11,3,0,1,1,3,Stimulus,,,,,,,,,,,,
SV018,R,12,3,3,0,0,3,Stimulus,,,,,,,,,,,,
SV018,R,13,2,0,0,1,3,Stimulus,,,,,,,,,,,,
SV018,R,14,2,0,0,0,3,Stimulus,,,,,,,,,,,,
SV018,R,15,2,3,0,1,3,Stimulus,,,,,,,,,,,,
SV018,R,16,2,2,0,1,2,Stimulus,,,,,,,,,,,,
SV018,R,17,2,3,1,1,3,Stimulus,,,,,,,,,,,,
SV018,R,18,3,2,0,0,2,Stimulus,,,,,,,,,,,,
SV018,R,19,2,2,0,1,2,Stimulus,,,,,,,,,,,,
SV018,R,20,3,3,1,0,3,Stimulus,,,,,,,,,,,,
SV018,R,21,2,0,1,0,3,Stimulus,,,,,,,,,,,,
SV018,R,22,3,0,0,1,3,Stimulus,,,,,,,,,,,,
SV018,R,23,3,3,0,0,3,Stimulus,,,,,,,,,,,,
SV018,R,24,2,2,1,0,2,Stimulus,,,,,,,,,,,,
SV018,R,25,2,0,0,0,3,Stimulus,,,,,,,,,,,,
SV018,R,26,2,3,1,1,3,Stimulus,,,,,,,,,,,,
SV018,R,27,2,0,1,0,2,Stimulus,,,,,,,,,,,,
SV018,R,28,3,3,1,1,3,Stimulus,,,,,,,,,,,,
SV018,R,29,2,2,1,0,2,Stimulus,,,,,,,,,,,,
SV018,R,30,3,3,0,1,3,Stimulus,,,,,,,,,,,,
SV018,R,31,3,3,0,1,3,Stimulus,,,,,,,,,,,,
SV018,R,32,3,0,0,1,3,Stimulus,,,,,,,,,,,,
SV018,R,33,2,0,1,0,2,Stimulus,,,,,,,,,,,,
SV018,R,34,2,0,0,1,3,Stimulus,,,,,,,,,,,,
SV018,R,35,2,3,1,1,3,Stimulus,,,,,,,,,,,,
SV018,R,36,2,2,0,1,2,Stimulus,,,,,,,,,,,,
SV018,R,37,3,0,1,1,3,Stimulus,,,,,,,,,,,,
SV018,R,38,2,3,0,0,3,Stimulus,,,,,,,,,,,,
SV018,R,39,2,2,0,1,2,Stimulus,,,,,,,,,,,,
SV018,R,40,3,3,1,0,3,Stimulus,,,,,,,,,,,,
SV018,R,41,3,2,1,0,2,Stimulus,,,,,,,,,,,,
SV018,R,42,3,3,1,0,3,Stimulus,,,,,,,,,,,,
SV018,R,43,2,3,1,0,3,Stimulus,,,,,,,,,,,,
SV018,R,44,2,3,1,0,3,Stimulus,,,,,,,,,,,,
SV018,R,45,2,0,1,1,3,Stimulus,,,,,,,,,,,,
SV018,R,46,3,2,0,0,2,Stimulus,,,,,,,,,,,,
SV018,R,47,2,0,1,1,2,Stimulus,,,,,,,,,,,,
SV018,R,48,3,3,1,0,3,Stimulus,,,,,,,,,,,,
SV018,R,49,3,2,0,0,2,Stimulus,,,,,,,,,,,,
SV018,R,50,3,0,0,1,2,Stimulus,,,,,,,,,,,,
SV018,R,51,2,2,1,1,2,Stimulus,,,,,,,,,,,,
SV018,R,52,2,0,0,1,2,Stimulus,,,,,,,,,,,,
SV018,R,53,2,0,0,1,2,Stimulus,,,,,,,,,,,,
SV018,R,54,3,3,0,0,3,Stimulus,,,,,,,,,,,,
SV018,R,55,3,3,0,0,3,Stimulus,,,,,,,,,,,,
SV018,R,56,3,2,1,1,2,Stimulus,,,,,,,,,,,,
SV018,R,57,2,3,0,1,3,Stimulus,,,,,,,,,,,,
SV018,R,58,2,2,0,0,2,Stimulus,,,,,,,,,,,,
SV018,R,59,3,0,1,1,3,Stimulus,,,,,,,,,,,,
SV018,R,60,3,0,0,1,2,Stimulus,,,,,,,,,,,,
SV018,R,61,3,2,1,0,2,Stimulus,,,,,,,,,,,,
SV018,R,62,2,3,0,1,3,Stimulus,,,,,,,,,,,,
SV018,R,63,3,2,1,1,2,Stimulus,,,,,,,,,,,,
SV018,R,64,2,3,1,1,3,Stimulus,,,,,,,,,,,,
SV018,R,65,2,3,1,1,3,Stimulus,,,,,,,,,,,,
SV018,R,66,3,0,1,0,2,Stimulus,,,,,,,,,,,,
SV018,R,67,2,2,0,0,2,Stimulus,,,,,,,,,,,,
SV018,R,68,3,3,1,0,3,Stimulus,,,,,,,,,,,,
SV018,R,69,2,3,1,0,3,Stimulus,,,,,,,,,,,,
SV018,R,70,3,0,0,1,3,Stimulus,,,,,,,,,,,,
SV018,R,71,2,3,0,1,3,Stimulus,,,,,,,,,,,,
SV018,R,72,3,0,1,0,3,Stimulus,,,,,,,,,,,,
SV018,R,73,2,2,1,0,2,Stimulus,,,,,,,,,,,,
SV018,R,74,3,3,1,1,3,Stimulus,,,,,,,,,,,,
SV018,R,75,3,2,1,0,2,Stimulus,,,,,,,,,,,,
SV018,R,76,2,3,1,0,2,Stimulus,,,,,,,,,,,,
SV018,R,77,2,2,1,1,2,Stimulus,,,,,,,,,,,,
SV018,R,78,3,3,1,1,3,Stimulus,,,,,,,,,,,,
SV018,R,79,2,2,0,0,2,Stimulus,,,,,,,,,,,,
SV018,R,80,2,2,1,0,2,Stimulus,,,,,,,,,,,,
SV018,R,81,3,2,1,0,2,Stimulus,,,,,,,,,,,,
SV018,R,82,2,0,1,0,2,Stimulus,,,,,,,,,,,,
SV018,R,83,2,2,1,1,2,Stimulus,,,,,,,,,,,,
SV018,R,84,2,2,0,0,2,Stimulus,,,,,,,,,,,,
SV018,R,85,2,2,1,1,2,Stimulus,,,,,,,,,,,,
SV018,R,86,3,3,1,1,3,Stimulus,,,,,,,,,,,,
SV018,R,87,3,2,1,0,2,Stimulus,,,,,,,,,,,,
SV018,R,88,2,3,0,0,3,Stimulus,,,,,,,,,,,,
SV018,R,89,2,2,1,1,2,Stimulus,,,,,,,,,,,,
SV018,R,90,3,3,1,0,3,Stimulus,,,,,,,,,,,,
SV018,R,91,2,3,1,0,3,Stimulus,,,,,,,,,,,,
SV018,R,92,3,0,1,0,3,Stimulus,,,,,,,,,,,,
SV018,R,93,2,2,1,0,2,Stimulus,,,,,,,,,,,,
SV018,R,94,3,0,1,1,3,Stimulus,,,,,,,,,,,,
SV018,R,95,2,2,1,1,2,Stimulus,,,,,,,,,,,,
SV018,R,96,3,3,0,1,3,Stimulus,,,,,,,,,,,,
SV018,R,97,3,2,0,1,2,Stimulus,,,,,,,,,,,,
SV018,R,98,3,3,0,0,3,Stimulus,,,,,,,,,,,,
SV018,R,99,3,3,0,1,3,Stimulus,,,,,,,,,,,,
SV018,R,100,3,2,0,0,2,Stimulus,,,,,,,,,,,,
SV018,R,101,3,3,1,0,3,Stimulus,,,,,,,,,,,,
SV018,R,102,2,0,0,1,3,Stimulus,,,,,,,,,,,,
SV018,R,103,2,2,0,0,2,Stimulus,,,,,,,,,,,,
SV018,R,104,2,0,1,0,3,Stimulus,,,,,,,,,,,,
SV018,R,105,3,3,0,0,3,Stimulus,,,,,,,,,,,,
SV018,R,106,3,2,0,0,2,Stimulus,,,,,,,,,,,,
SV018,R,107,2,0,0,1,3,Stimulus,,,,,,,,,,,,
SV018,R,108,2,2,0,1,2,Stimulus,,,,,,,,,,,,
SV018,R,109,2,0,0,0,2,Stimulus,,,,,,,,,,,,
SV018,R,110,2,2,0,0,2,Stimulus,,,,,,,,,,,,
SV018,R,111,3,0,0,1,3,Stimulus,,,,,,,,,,,,
SV018,R,112,3,2,0,0,2,Stimulus,,,,,,,,,,,,
SV018,R,113,3,3,0,0,3,Stimulus,,,,,,,,,,,,
SV018,R,114,3,0,1,1,3,Stimulus,,,,,,,,,,,,
SV018,R,115,3,2,1,1,2,Stimulus,,,,,,,,,,,,
SV018,R,116,2,2,0,1,2,Stimulus,,,,,,,,,,,,
SV018,R,117,2,2,1,0,2,Stimulus,,,,,,,,,,,,
SV018,R,118,3,0,1,0,3,Stimulus,,,,,,,,,,,,
SV018,R,119,2,0,1,0,3,Stimulus,,,,,,,,,,,,
SV018,R,120,3,0,0,0,3,Stimulus,,,,,,,,,,,,
SV018,R,121,2,2,1,0,2,Stimulus,,,,,,,,,,,,
SV018,R,122,2,3,0,0,3,Stimulus,,,,,,,,,,,,
SV018,R,123,3,0,1,1,3,Stimulus,,,,,,,,,,,,
SV018,R,124,2,0,1,0,3,Stimulus,,,,,,,,,,,,
SV018,R,125,2,3,0,1,3,Stimulus,,,,,,,,,,,,
SV018,R,126,3,2,0,1,2,Stimulus,,,,,,,,,,,,
SV018,R,127,3,0,1,0,3,Stimulus,,,,,,,,,,,,
SV018,R,128,2,3,1,0,3,Stimulus,,,,,,,,,,,,
SV018,R,129,2,2,1,1,2,Stimulus,,,,,,,,,,,,
SV018,R,130,3,3,1,1,3,Stimulus,,,,,,,,,,,,
SV018,R,131,2,0,0,0,3,Stimulus,,,,,,,,,,,,
SV018,R,132,3,0,0,0,3,Stimulus,,,,,,,,,,,,
SV018,R,133,2,3,0,0,3,Stimulus,,,,,,,,,,,,
SV018,R,134,3,2,1,1,2,Stimulus,,,,,,,,,,,,
SV018,R,135,2,3,0,1,3,Stimulus,,,,,,,,,,,,
SV018,R,136,3,2,0,1,2,Stimulus,,,,,,,,,,,,
SV018,R,137,2,2,0,1,2,Stimulus,,,,,,,,,,,,
SV018,R,138,2,0,0,1,3,Stimulus,,,,,,,,,,,,
SV018,R,139,3,3,0,0,3,Stimulus,,,,,,,,,,,,
SV018,R,140,2,3,0,1,3,Stimulus,,,,,,,,,,,,
SV018,R,141,3,0,0,0,3,Stimulus,,,,,,,,,,,,
SV018,R,142,3,0,1,1,3,Stimulus,,,,,,,,,,,,
SV018,R,143,3,3,1,0,3,Stimulus,,,,,,,,,,,,
SV018,R,144,3,2,1,1,2,Stimulus,,,,,,,,,,,,
SV018,R,145,2,2,0,0,2,Stimulus,,,,,,,,,,,,
SV018,R,146,3,2,0,0,2,Stimulus,,,,,,,,,,,,
SV018,R,147,3,2,1,0,2,Stimulus,,,,,,,,,,,,
SV018,R,148,3,0,0,1,2,Stimulus,,,,,,,,,,,,
SV018,R,149,3,0,0,0,3,Stimulus,,,,,,,,,,,,
SV018,R,150,3,3,0,0,3,Stimulus,,,,,,,,,,,,
SV018,R,151,2,0,0,0,3,Stimulus,,,,,,,,,,,,
SV018,R,152,3,2,0,1,2,Stimulus,,,,,,,,,,,,
SV018,R,153,2,0,1,0,3,Stimulus,,,,,,,,,,,,
SV018,R,154,3,2,1,0,3,Stimulus,,,,,,,,,,,,
SV018,R,155,3,0,0,0,3,Stimulus,,,,,,,,,,,,
SV018,R,156,2,2,1,1,2,Stimulus,,,,,,,,,,,,
SV018,R,157,2,2,0,0,2,Stimulus,,,,,,,,,,,,
SV018,R,158,3,0,1,0,2,Stimulus,,,,,,,,,,,,
SV018,R,159,3,3,1,0,3,Stimulus,,,,,,,,,,,,
SV018,R,160,2,3,1,1,3,Stimulus,,,,,,,,,,,,
SV018,R,161,2,0,1,1,3,Stimulus,,,,,,,,,,,,
SV018,R,162,2,3,0,1,3,Stimulus,,,,,,,,,,,,
SV018,R,163,3,0,1,0,3,Stimulus,,,,,,,,,,,,
SV018,R,164,3,2,0,0,3,Stimulus,,,,,,,,,,,,
SV018,R,165,2,3,1,1,3,Stimulus,,,,,,,,,,,,
SV018,R,166,3,2,0,1,2,Stimulus,,,,,,,,,,,,
SV018,R,167,2,0,1,1,3,Stimulus,,,,,,,,,,,,
SV018,R,168,2,0,0,0,3,Stimulus,,,,,,,,,,,,
SV018,R,169,3,2,0,1,2,Stimulus,,,,,,,,,,,,
SV018,R,170,2,0,0,1,2,Stimulus,,,,,,,,,,,,
SV018,R,171,3,3,0,1,3,Stimulus,,,,,,,,,,,,
SV018,R,172,2,3,0,0,3,Stimulus,,,,,,,,,,,,
SV018,R,173,2,2,1,0,2,Stimulus,,,,,,,,,,,,
SV018,R,174,2,0,0,1,2,Stimulus,,,,,,,,,,,,
SV018,R,175,2,2,0,0,2,Stimulus,,,,,,,,,,,,
SV018,R,176,3,0,0,1,2,Stimulus,,,,,,,,,,,,
SV018,R,177,2,3,1,0,3,Stimulus,,,,,,,,,,,,
SV018,R,178,2,3,0,0,3,Stimulus,,,,,,,,,,,,
SV018,R,179,3,0,0,1,2,Stimulus,,,,,,,,,,,,
SV018,R,180,3,0,0,0,3,Stimulus,,,,,,,,,,,,
SV018,R,181,3,2,0,1,2,Stimulus,,,,,,,,,,,,
SV018,R,182,2,0,1,1,3,Stimulus,,,,,,,,,,,,
SV018,R,183,3,0,0,0,3,Stimulus,,,,,,,,,,,,
SV018,R,184,3,2,1,0,2,Stimulus,,,,,,,,,,,,
SV018,R,185,2,2,0,1,2,Stimulus,,,,,,,,,,,,
SV018,R,186,3,2,1,1,2,Stimulus,,,,,,,,,,,,
SV018,R,187,2,2,0,1,2,Stimulus,,,,,,,,,,,,
SV018,R,188,2,0,1,1,3,Stimulus,,,,,,,,,,,,
SV018,R,189,2,3,1,1,2,Stimulus,,,,,,,,,,,,
SV018,R,190,2,0,1,1,2,Stimulus,,,,,,,,,,,,
SV018,R,191,3,2,0,0,2,Stimulus,,,,,,,,,,,,
SV018,R,192,3,3,0,1,3,Stimulus,,,,,,,,,,,,
SV018,R,193,2,3,1,1,3,Stimulus,,,,,,,,,,,,
SV018,R,194,3,3,1,0,3,Stimulus,,,,,,,,,,,,
SV018,R,195,2,3,1,0,3,Stimulus,,,,,,,,,,,,
SV018,R,196,3,3,1,1,3,Stimulus,,,,,,,,,,,,
SV018,R,197,2,3,0,0,3,Stimulus,,,,,,,,,,,,
SV018,R,198,3,2,1,1,2,Stimulus,,,,,,,,,,,,
SV018,R,199,3,2,0,1,2,Stimulus,,,,,,,,,,,,
SV018,R,200,3,3,1,1,3,Stimulus,,,,,,,,,,,,
SV018,R,201,2,3,1,0,3,Stimulus,,,,,,,,,,,,
SV018,R,202,3,2,1,1,2,Stimulus,,,,,,,,,,,,
SV018,R,203,3,0,0,0,3,Stimulus,,,,,,,,,,,,
SV018,R,204,3,2,1,0,2,Stimulus,,,,,,,,,,,,
SV018,R,205,3,0,1,0,3,Stimulus,,,,,,,,,,,,
SV018,R,206,2,2,1,1,2,Stimulus,,,,,,,,,,,,
SV018,R,207,3,3,0,1,3,Stimulus,,,,,,,,,,,,
SV018,R,208,3,0,0,0,3,Stimulus,,,,,,,,,,,,
SV018,R,209,2,0,1,0,2,Stimulus,,,,,,,,,,,,
SV018,R,210,2,3,0,1,3,Stimulus,,,,,,,,,,,,
SV018,R,211,2,0,0,0,3,Stimulus,,,,,,,,,,,,
SV018,R,212,2,0,1,1,3,Stimulus,,,,,,,,,,,,
SV018,R,213,2,2,1,1,2,Stimulus,,,,,,,,,,,,
SV018,R,214,2,0,1,1,2,Stimulus,,,,,,,,,,,,
SV018,R,215,3,2,1,0,2,Stimulus,,,,,,,,,,,,
SV018,R,216,3,3,1,1,3,Stimulus,,,,,,,,,,,,
SV018,R,217,2,3,0,0,3,Stimulus,,,,,,,,,,,,
SV018,R,218,2,2,1,0,2,Stimulus,,,,,,,,,,,,
SV018,R,219,2,3,0,1,3,Stimulus,,,,,,,,,,,,
SV018,R,220,2,3,0,0,3,Stimulus,,,,,,,,,,,,
SV018,R,221,3,0,1,1,3,Stimulus,,,,,,,,,,,,
SV018,R,222,2,0,1,0,2,Stimulus,,,,,,,,,,,,
SV018,R,223,2,0,1,1,3,Stimulus,,,,,,,,,,,,
SV018,R,224,2,2,1,0,2,Stimulus,,,,,,,,,,,,
SV018,R,225,3,0,0,0,3,Stimulus,,,,,,,,,,,,
SV018,R,226,3,2,0,1,2,Stimulus,,,,,,,,,,,,
SV018,R,227,3,3,0,1,3,Stimulus,,,,,,,,,,,,
SV018,R,228,3,2,1,1,2,Stimulus,,,,,,,,,,,,
SV018,R,229,3,0,1,1,2,Stimulus,,,,,,,,,,,,
SV018,R,230,3,0,1,0,2,Stimulus,,,,,,,,,,,,
SV018,R,231,3,2,0,1,2,Stimulus,,,,,,,,,,,,
SV018,R,232,2,3,1,1,3,Stimulus,,,,,,,,,,,,
SV018,R,233,3,0,1,1,3,Stimulus,,,,,,,,,,,,
SV018,R,234,2,0,0,0,2,Stimulus,,,,,,,,,,,,
SV018,R,235,2,0,0,1,2,Stimulus,,,,,,,,,,,,
SV018,R,236,2,3,0,0,3,Stimulus,,,,,,,,,,,,
SV018,R,237,3,0,0,1,3,Stimulus,,,,,,,,,,,,
SV018,R,238,2,3,1,0,3,Stimulus,,,,,,,,,,,,
SV018,R,239,3,3,0,1,3,Stimulus,,,,,,,,,,,,
SV018,R,240,3,3,1,1,3,Stimulus,,,,,,,,,,,,
SV018,R,241,3,3,1,1,3,Stimulus,,,,,,,,,,,,
SV018,R,242,3,3,1,0,3,Stimulus,,,,,,,,,,,,
SV018,R,243,2,0,1,0,0,Stimulus,,,,,,,,,,,,
SV018,R,244,2,0,0,0,0,Stimulus,,,,,,,,,,,,
SV018,R,245,3,3,0,0,3,Stimulus,,,,,,,,,,,,
SV018,R,246,3,3,1,1,3,Stimulus,,,,,,,,,,,,
SV018,R,247,2,0,0,1,0,Stimulus,,,,,,,,,,,,
SV018,R,248,3,3,0,0,3,Stimulus,,,,,,,,,,,,
SV018,R,249,3,3,0,0,3,Stimulus,,,,,,,,,,,,
SV018,R,250,2,2,0,1,2,Stimulus,,,,,,,,,,,,
SV018,R,251,3,0,1,1,0,Stimulus,,,,,,,,,,,,
SV018,R,252,2,2,1,0,2,Stimulus,,,,,,,,,,,,
SV018,R,253,3,3,1,0,3,Stimulus,,,,,,,,,,,,
SV018,R,254,3,0,1,0,0,Stimulus,,,,,,,,,,,,
SV018,R,255,3,0,0,0,0,Stimulus,,,,,,,,,,,,
SV018,R,256,3,0,0,0,0,Stimulus,,,,,,,,,,,,
SV018,R,257,3,0,0,0,0,Stimulus,,,,,,,,,,,,
SV018,R,258,2,2,0,0,2,Stimulus,,,,,,,,,,,,
SV018,R,259,3,2,1,1,2,Stimulus,,,,,,,,,,,,
SV018,R,260,3,3,1,1,3,Stimulus,,,,,,,,,,,,
SV018,R,261,2,2,0,0,2,Stimulus,,,,,,,,,,,,
SV018,R,262,3,2,0,1,2,Stimulus,,,,,,,,,,,,
SV018,R,263,3,2,0,1,2,Stimulus,,,,,,,,,,,,
SV018,R,264,3,3,0,0,4,Stimulus,,,,,,,,,,,,
SV018,R,265,2,0,1,1,0,Stimulus,,,,,,,,,,,,
SV018,R,266,2,0,0,1,0,Stimulus,,,,,,,,,,,,
SV018,R,267,3,3,0,0,4,Stimulus,,,,,,,,,,,,
SV018,R,268,2,2,0,1,2,Stimulus,,,,,,,,,,,,
SV018,R,269,3,2,1,0,2,Stimulus,,,,,,,,,,,,
SV018,R,270,2,2,0,1,2,Stimulus,,,,,,,,,,,,
SV018,R,271,3,0,1,1,0,Stimulus,,,,,,,,,,,,
SV018,R,272,2,0,0,0,0,Stimulus,,,,,,,,,,,,
SV018,R,273,3,2,1,1,2,Stimulus,,,,,,,,,,,,
SV018,R,274,2,0,0,1,0,Stimulus,,,,,,,,,,,,
SV018,R,275,3,0,0,1,0,Stimulus,,,,,,,,,,,,
SV018,R,276,2,3,1,0,4,Stimulus,,,,,,,,,,,,
SV018,R,277,2,3,1,0,4,Stimulus,,,,,,,,,,,,
SV018,R,278,3,2,0,0,2,Stimulus,,,,,,,,,,,,
SV018,R,279,3,2,0,1,2,Stimulus,,,,,,,,,,,,
SV018,R,280,3,0,0,0,0,Stimulus,,,,,,,,,,,,
SV018,R,281,2,3,1,0,4,Stimulus,,,,,,,,,,,,
SV018,R,282,2,2,1,0,2,Stimulus,,,,,,,,,,,,
SV018,R,283,3,3,0,0,3,Stimulus,,,,,,,,,,,,
SV018,R,284,2,2,1,1,2,Stimulus,,,,,,,,,,,,
SV018,R,285,3,0,0,1,0,Stimulus,,,,,,,,,,,,
SV018,R,286,2,0,0,0,0,Stimulus,,,,,,,,,,,,
SV018,R,287,2,2,0,1,2,Stimulus,,,,,,,,,,,,
SV018,R,288,2,3,0,1,3,Stimulus,,,,,,,,,,,,
SV018,R,289,2,0,1,0,0,Stimulus,,,,,,,,,,,,
SV018,R,290,3,2,1,0,2,Stimulus,,,,,,,,,,,,
SV018,R,291,2,3,1,1,3,Stimulus,,,,,,,,,,,,
SV018,R,292,3,0,1,0,0,Stimulus,,,,,,,,,,,,
SV018,R,293,2,2,1,0,2,Stimulus,,,,,,,,,,,,
SV018,R,294,3,3,0,1,3,Stimulus,,,,,,,,,,,,
SV018,R,295,3,3,1,0,3,Stimulus,,,,,,,,,,,,
SV018,R,296,2,0,1,0,0,Stimulus,,,,,,,,0.7,0.7,60.0,60.0,16.0
SV018,R,297,2,3,0,1,3,Stimulus,,,,,,,,,,,,
SV018,R,298,2,0,0,1,0,Stimulus,,,,,,,,,,,,
SV018,R,299,2,0,0,0,0,Stimulus,,,,,,,,,,,,
SV018,R,300,2,2,1,0,2,Stimulus,,,,,,,,,,,,
SV018,R,301,3,3,0,0,3,Stimulus,,,,,,,,,,,,
SV018,R,302,2,2,1,0,2,Stimulus,,,,,,,,,,,,
SV018,R,303,3,0,1,1,0,Stimulus,,,,,,,,,,,,
SV018,R,304,3,0,1,1,0,Stimulus,,,,,,,,,,,,
SV018,R,305,3,3,1,1,3,Stimulus,,,,,,,,,,,,
SV018,R,306,2,2,1,1,2,Stimulus,,,,,,,,,,,,
SV018,R,307,3,3,0,1,3,Stimulus,,,,,,,,,,,,
SV018,R,308,2,2,0,1,2,Stimulus,,,,,,,,,,,,
SV018,R,309,3,2,0,1,2,Stimulus,,,,,,,,,,,,
SV018,R,310,2,2,0,0,2,Stimulus,,,,,,,,,,,,
SV018,R,311,3,0,0,0,0,Stimulus,,,,,,,,,,,,
SV018,R,312,2,0,0,0,0,Stimulus,,,,,,,,,,,,
SV018,R,313,2,0,1,0,0,Stimulus,,,,,,,,,,,,
SV018,R,314,2,3,1,0,3,Stimulus,,,,,,,,,,,,
SV018,R,315,2,0,1,1,0,Stimulus,,,,,,,,,,,,
SV018,R,316,2,3,1,0,3,Stimulus,,,,,,,,,,,,
SV018,R,317,3,2,1,0,2,Stimulus,,,,,,,,,,,,
SV018,R,318,2,3,0,1,3,Stimulus,,,,,,,,,,,,
SV018,R,319,2,3,1,1,3,Stimulus,,,,,,,,,,,,
SV018,R,320,3,0,1,0,0,Stimulus,,,,,,,,,,,,
SV018,R,321,2,2,0,0,2,Stimulus,,,,,,,,,,,,
SV018,R,322,3,3,1,1,3,Stimulus,,,,,,,,,,,,
SV018,R,323,2,0,0,0,0,Stimulus,,,,,,,,,,,,
SV018,R,324,3,2,1,1,2,Stimulus,,,,,,,,,,,,
SV018,R,325,3,2,1,0,2,Stimulus,,,,,,,,,,,,
SV018,R,326,3,2,0,0,2,Stimulus,,,,,,,,,,,,
SV018,R,327,2,0,1,1,0,Stimulus,,,,,,,,,,,,
SV018,R,328,2,2,1,1,2,Stimulus,,,,,,,,,,,,
SV018,R,329,3,0,0,0,0,Stimulus,,,,,,,,,,,,
SV018,R,330,3,0,1,0,0,Stimulus,,,,,,,,,,,,
SV018,R,331,2,0,0,0,0,Stimulus,,,,,,,,,,,,
SV018,R,332,3,0,0,0,0,Stimulus,,,,,,,,,,,,
SV018,R,333,2,2,1,1,2,Stimulus,,,,,,,,,,,,
SV018,R,334,2,0,1,1,0,Stimulus,,,,,,,,,,,,
SV018,R,335,2,3,0,0,3,Stimulus,,,,,,,,,,,,
SV018,R,336,3,3,1,1,3,Stimulus,,,,,,,,,,,,
SV018,R,337,2,3,0,0,3,Stimulus,,,,,,,,,,,,
SV018,R,338,2,0,0,0,0,Stimulus,,,,,,,,,,,,
SV018,R,339,3,0,0,1,0,Stimulus,,,,,,,,,,,,
SV018,R,340,2,0,1,1,0,Stimulus,,,,,,,,0.8,0.8,1069.0,1069.0,152.0
SV018,R,341,3,3,0,1,3,Stimulus,,,,,,,,,,,,
SV018,R,342,3,2,0,0,2,Stimulus,,,,,,,,,,,,
SV018,R,343,2,0,1,0,0,Stimulus,,,,,,,,,,,,
SV018,R,344,2,3,0,1,3,Stimulus,,,,,,,,,,,,
SV018,R,345,2,2,0,1,2,Stimulus,,,,,,,,,,,,
SV018,R,346,2,3,0,0,3,Stimulus,,,,,,,,,,,,
SV018,R,347,3,2,0,0,2,Stimulus,,,,,,,,,,,,
SV018,R,348,3,0,1,1,0,Stimulus,,,,,,,,,,,,
SV018,R,349,3,3,0,0,3,Stimulus,,,,,,,,,,,,
SV018,R,350,3,0,0,1,0,Stimulus,,,,,,,,,,,,
SV018,R,351,2,3,1,1,3,Stimulus,,,,,,,,,,,,
SV018,R,352,3,0,1,0,0,Stimulus,,,,,,,,,,,,
SV018,R,353,2,3,1,1,3,Stimulus,,,,,,,,,,,,
SV018,R,354,3,0,1,0,0,Stimulus,,,,,,,,,,,,
SV018,R,355,2,2,1,1,2,Stimulus,,,,,,,,,,,,
SV018,R,356,2,2,1,0,2,Stimulus,,,,,,,,,,,,
SV018,R,357,3,2,1,1,2,Stimulus,,,,,,,,,,,,
SV018,R,358,2,0,0,0,0,Stimulus,,,,,,,,,,,,
SV018,R,359,3,3,0,1,3,Stimulus,,,,,,,,,,,,
SV018,R,360,3,3,0,0,3,Stimulus,,,,,,,,,,,,
SV018,R,361,2,2,0,1,2,Stimulus,,,,,,,,,,,,
SV018,R,362,2,2,0,0,2,Stimulus,,,,,,,,,,,,
SV018,R,363,3,2,0,1,2,Stimulus,,,,,,,,,,,,
SV018,R,364,3,0,0,1,0,Stimulus,,,,,,,,,,,,
SV018,R,365,2,3,0,1,3,Stimulus,,,,,,,,,,,,
SV018,R,366,3,0,0,1,0,Stimulus,,,,,,,,,,,,
SV018,R,367,3,3,0,0,3,Stimulus,,,,,,,,,,,,
SV018,R,368,3,2,0,1,2,Stimulus,,,,,,,,,,,,
SV018,R,369,2,0,1,1,0,Stimulus,,,,,,,,,,,,
SV018,R,370,3,2,0,0,2,Stimulus,,,,,,,,,,,,
SV018,R,371,3,2,1,1,2,Stimulus,,,,,,,,,,,,
SV018,R,372,2,3,1,0,3,Stimulus,,,,,,,,,,,,
SV018,R,373,3,3,0,1,3,Stimulus,,,,,,,,,,,,
SV018,R,374,3,2,1,0,2,Stimulus,,,,,,,,,,,,
SV018,R,375,2,2,1,0,2,Stimulus,,,,,,,,,,,,
SV018,R,376,3,0,1,1,0,Stimulus,,,,,,,,,,,,
SV018,R,377,2,0,0,0,0,Stimulus,,,,,,,,,,,,
SV018,R,378,2,3,1,0,3,Stimulus,,,,,,,,,,,,
SV018,R,379,3,0,0,0,0,Stimulus,,,,,,,,,,,,
SV018,R,380,2,2,1,1,2,Stimulus,,,,,,,,,,,,
SV018,R,381,2,2,1,1,2,Stimulus,,,,,,,,,,,,
SV018,R,382,2,0,0,1,0,Stimulus,,,,,,,,,,,,
SV018,R,383,2,3,0,0,3,Stimulus,,,,,,,,,,,,
SV018,R,384,3,3,1,0,3,Stimulus,,,,,,,,,,,,
SV018,R,385,3,3,1,1,3,Stimulus,,,,,,,,,,,,
SV018,R,386,3,2,1,1,2,Stimulus,,,,,,,,,,,,
SV018,R,387,3,2,1,1,2,Stimulus,,,,,,,,,,,,
SV018,R,388,2,0,1,1,0,Stimulus,,,,,,,,,,,,
SV018,R,389,2,2,0,1,2,Stimulus,,,,,,,,,,,,
SV018,R,390,3,2,1,1,2,Stimulus,,,,,,,,,,,,
SV018,R,391,2,0,0,1,0,Stimulus,,,,,,,,,,,,
SV018,R,392,3,0,1,0,0,Stimulus,,,,,,,,,,,,
SV018,R,393,3,2,0,0,2,Stimulus,,,,,,,,,,,,
SV018,R,394,3,2,0,1,2,Stimulus,,,,,,,,,,,,
SV018,R,395,2,2,0,1,2,Stimulus,,,,,,,,,,,,
SV018,R,396,3,3,0,1,3,Stimulus,,,,,,,,,,,,
SV018,R,397,3,3,1,0,3,Stimulus,,,,,,,,,,,,
SV018,R,398,2,2,0,0,2,Stimulus,,,,,,,,,,,,
SV018,R,399,3,2,1,0,2,Stimulus,,,,,,,,,,,,
SV018,R,400,2,2,0,0,2,Stimulus,,,,,,,,,,,,
SV018,R,401,3,2,1,0,2,Stimulus,,,,,,,,,,,,
SV018,R,402,2,0,1,0,0,Stimulus,,,,,,,,,,,,
SV018,R,403,3,2,1,0,2,Stimulus,,,,,,,,,,,,
SV018,R,404,2,3,0,1,3,Stimulus,,,,,,,,,,,,
SV018,R,405,2,3,1,1,3,Stimulus,,,,,,,,,,,,
SV018,R,406,3,3,1,0,3,Stimulus,,,,,,,,,,,,
SV018,R,407,3,3,0,1,3,Stimulus,,,,,,,,,,,,
SV018,R,408,3,2,0,0,2,Stimulus,,,,,,,,,,,,
SV018,R,409,3,0,1,0,0,Stimulus,,,,,,,,,,,,
SV018,R,410,2,0,0,1,0,Stimulus,,,,,,,,,,,,
SV018,R,411,2,0,0,1,0,Stimulus,,,,,,,,,,,,
SV018,R,412,3,2,1,0,2,Stimulus,,,,,,,,,,,,
SV018,R,413,3,3,1,1,3,Stimulus,,,,,,,,,,,,
SV018,R,414,2,3,0,0,3,Stimulus,,,,,,,,,,,,
SV018,R,415,2,0,1,1,0,Stimulus,,,,,,,,,,,,
SV018,R,416,2,3,0,0,3,Stimulus,,,,,,,,,,,,
SV018,R,417,3,3,0,1,3,Stimulus,,,,,,,,,,,,
SV018,R,418,3,2,0,1,2,Stimulus,,,,,,,,,,,,
SV018,R,419,2,2,1,0,2,Stimulus,,,,,,,,,,,,
SV018,R,420,2,0,1,0,0,Stimulus,,,,,,,,,,,,
SV018,R,421,3,0,0,0,0,Stimulus,,,,,,,,,,,,
SV018,R,422,3,2,0,0,2,Stimulus,,,,,,,,,,,,
SV018,R,423,2,0,1,1,0,Stimulus,,,,,,,,,,,,
SV018,R,424,3,0,1,1,0,Stimulus,,,,,,,,,,,,
SV018,R,425,3,0,0,1,0,Stimulus,,,,,,,,,,,,
SV018,R,426,3,3,0,1,3,Stimulus,,,,,,,,,,,,
SV018,R,427,2,3,0,1,3,Stimulus,,,,,,,,,,,,
SV018,R,428,3,0,1,1,0,Stimulus,,,,,,,,,,,,
SV018,R,429,3,0,1,0,0,Stimulus,,,,,,,,,,,,
SV018,R,430,2,0,1,0,0,Stimulus,,,,,,,,,,,,
SV018,R,431,3,0,1,1,0,Stimulus,,,,,,,,,,,,
SV018,R,432,2,2,1,0,2,Stimulus,,,,,,,,,,,,
SV018,R,433,2,2,0,0,2,Stimulus,,,,,,,,,,,,
SV018,R,434,3,3,1,0,3,Stimulus,,,,,,,,,,,,
SV018,R,435,3,0,1,1,0,Stimulus,,,,,,,,,,,,
SV018,R,436,3,2,0,0,2,Stimulus,,,,,,,,,,,,
SV018,R,437,2,3,1,1,3,Stimulus,,,,,,,,,,,,
SV018,R,438,2,2,1,0,2,Stimulus,,,,,,,,,,,,
SV018,R,439,2,0,0,1,0,Stimulus,,,,,,,,,,,,
SV018,R,440,3,2,1,1,2,Stimulus,,,,,,,,,,,,
SV018,R,441,2,3,0,0,3,Stimulus,,,,,,,,,,,,
SV018,R,442,2,3,1,0,3,Stimulus,,,,,,,,,,,,
SV018,R,443,2,3,1,0,3,Stimulus,,,,,,,,,,,,
SV018,R,444,2,2,0,1,2,Stimulus,,,,,,,,,,,,
SV018,R,445,2,3,0,1,3,Stimulus,,,,,,,,,,,,
SV018,R,446,3,2,0,1,2,Stimulus,,,,,,,,,,,,
SV018,R,447,3,3,1,0,3,Stimulus,,,,,,,,,,,,
SV018,R,448,3,0,0,1,0,Stimulus,,,,,,,,,,,,
SV018,R,449,2,3,0,0,3,Stimulus,,,,,,,,,,,,
SV018,R,450,2,2,0,0,2,Stimulus,,,,,,,,,,,,
SV018,R,451,3,3,0,1,3,Stimulus,,,,,,,,,,,,
SV018,R,452,3,2,1,0,2,Stimulus,,,,,,,,,,,,
SV018,R,453,2,3,1,1,3,Stimulus,,,,,,,,,,,,
SV018,R,454,2,3,0,1,3,Stimulus,,,,,,,,,,,,
SV018,R,455,2,0,0,1,0,Stimulus,,,,,,,,,,,,
SV018,R,456,3,0,0,1,0,Stimulus,,,,,,,,,,,,
SV018,R,457,2,2,1,1,2,Stimulus,,,,,,,,,,,,
SV018,R,458,3,0,0,1,0,Stimulus,,,,,,,,,,,,
SV018,R,459,2,0,1,0,0,Stimulus,,,,,,,,,,,,
SV018,R,460,2,3,0,0,3,Stimulus,,,,,,,,,,,,
SV018,R,461,3,2,0,1,2,Stimulus,,,,,,,,,,,,
SV018,R,462,3,3,1,0,3,Stimulus,,,,,,,,,,,,
SV018,R,463,2,2,1,1,2,Stimulus,,,,,,,,,,,,
SV018,R,464,3,3,1,1,3,Stimulus,,,,,,,,,,,,
SV018,R,465,2,3,1,1,3,Stimulus,,,,,,,,,,,,
SV018,R,466,2,3,1,1,3,Stimulus,,,,,,,,,,,,
SV018,R,467,3,2,0,0,2,Stimulus,,,,,,,,,,,,
SV018,R,468,3,0,0,0,0,Stimulus,,,,,,,,,,,,
SV018,R,469,2,3,0,1,3,Stimulus,,,,,,,,,,,,
SV018,R,470,2,3,1,1,3,Stimulus,,,,,,,,,,,,
SV018,R,471,3,2,1,1,2,Stimulus,,,,,,,,,,,,
SV018,R,472,2,3,0,0,3,Stimulus,,,,,,,,,,,,
SV018,R,473,2,3,1,0,3,Stimulus,,,,,,,,,,,,
SV018,R,474,2,2,0,0,2,Stimulus,,,,,,,,,,,,
SV018,R,475,2,0,1,0,0,Stimulus,,,,,,,,,,,,
SV018,R,476,2,0,1,1,0,Stimulus,,,,,,,,,,,,
SV018,R,477,3,3,1,1,0,Stimulus,,,,,,,,,,,,
SV018,R,478,2,2,1,1,2,Stimulus,,,,,,,,,,,,
SV018,R,479,3,3,1,0,3,Stimulus,,,,,,,,,,,,
SV018,R,480,3,0,1,0,0,Stimulus,,,,,,,,,,,,
