subj_id,eye,trial_no,n_flash,n_beep,direction,blindspot,response,phase,fixation_x_mean,fixation_x_max,fixation_y_mean,fixation_y_max,pupil_avg_mean,pupil_avg_max,fixation_duration_mean,saccade_amplitude_mean,saccade_amplitude_max,saccade_velocity_mean,saccade_velocity_max,saccade_duration_mean
SV012,L,1,2,0,0,0,3,Fixation,,,,,,,,,,,,
SV012,L,2,3,3,1,1,1,Fixation,,,,,,,,,,,,
SV012,L,3,2,2,1,0,2,Fixation,,,,,,,,,,,,
SV012,L,4,3,0,1,0,3,Fixation,,,,,,,,,,,,
SV012,L,5,3,3,1,0,3,Fixation,,,,,,,,,,,,
SV012,L,6,3,2,1,1,2,Fixation,,,,,,,,,,,,
SV012,L,7,3,3,0,1,3,Fixation,,,,,,,,,,,,
SV012,L,8,2,3,0,1,3,Fixation,,,,,,,,,,,,
SV012,L,9,3,2,0,1,2,Fixation,,,,,,,,,,,,
SV012,L,10,3,0,1,0,3,Fixation,,,,,,,,,,,,
SV012,L,11,3,0,0,0,3,Fixation,,,,,,,,,,,,
SV012,L,12,2,0,0,0,3,Fixation,,,,,,,,,,,,
SV012,L,13,3,0,0,0,3,Fixation,,,,,,,,,,,,
SV012,L,14,3,2,1,0,3,Fixation,,,,,,,,,,,,
SV012,L,15,2,2,1,1,2,Fixation,,,,,,,,,,,,
SV012,L,16,3,0,0,1,3,Fixation,,,,,,,,,,,,
SV012,L,17,3,2,1,1,2,Fixation,,,,,,,,,,,,
SV012,L,18,2,2,0,0,2,Fixation,,,,,,,,,,,,
SV012,L,19,2,2,0,1,2,Fixation,,,,,,,,,,,,
SV012,L,20,3,0,0,0,3,Fixation,,,,,,,,,,,,
SV012,L,21,3,0,0,0,3,Fixation,,,,,,,,,,,,
SV012,L,22,3,2,0,1,2,Fixation,,,,,,,,,,,,
SV012,L,23,2,3,1,1,3,Fixation,,,,,,,,,,,,
SV012,L,24,2,0,1,1,3,Fixation,,,,,,,,,,,,
SV012,L,25,2,3,0,0,3,Fixation,,,,,,,,,,,,
SV012,L,26,3,3,0,0,3,Fixation,,,,,,,,,,,,
SV012,L,27,2,3,1,1,3,Fixation,,,,,,,,,,,,
SV012,L,28,3,0,1,1,1,Fixation,,,,,,,,,,,,
SV012,L,29,3,2,0,1,2,Fixation,,,,,,,,,,,,
SV012,L,30,3,2,0,1,1,Fixation,,,,,,,,,,,,
SV012,L,31,3,2,1,0,2,Fixation,,,,,,,,,,,,
SV012,L,32,2,0,0,0,2,Fixation,,,,,,,,,,,,
SV012,L,33,2,3,0,1,3,Fixation,,,,,,,,,,,,
SV012,L,34,3,3,0,1,1,Fixation,,,,,,,,,,,,
SV012,L,35,3,0,0,1,1,Fixation,,,,,,,,,,,,
SV012,L,36,2,3,0,0,3,Fixation,,,,,,,,,,,,
SV012,L,37,2,3,0,1,2,Fixation,,,,,,,,,,,,
SV012,L,38,2,3,1,0,3,Fixation,,,,,,,,,,,,
SV012,L,39,3,0,1,0,3,Fixation,,,,,,,,,,,,
SV012,L,40,2,3,1,0,2,Fixation,,,,,,,,,,,,
SV012,L,41,3,0,0,0,3,Fixation,,,,,,,,,,,,
SV012,L,42,3,2,0,0,2,Fixation,,,,,,,,,,,,
SV012,L,43,3,3,1,0,3,Fixation,,,,,,,,,,,,
SV012,L,44,3,2,0,0,2,Fixation,,,,,,,,,,,,
SV012,L,45,3,2,0,1,2,Fixation,,,,,,,,,,,,
SV012,L,46,2,0,0,0,2,Fixation,,,,,,,,,,,,
SV012,L,47,2,2,0,1,2,Fixation,,,,,,,,,,,,
SV012,L,48,3,0,0,1,3,Fixation,,,,,,,,,,,,
SV012,L,49,2,3,1,0,3,Fixation,,,,,,,,,,,,
SV012,L,50,2,0,0,0,2,Fixation,,,,,,,,,,,,
SV012,L,51,3,3,0,1,3,Fixation,,,,,,,,,,,,
SV012,L,52,3,2,0,1,1,Fixation,,,,,,,,,,,,
SV012,L,53,3,0,0,1,3,Fixation,,,,,,,,,,,,
SV012,L,54,3,2,0,0,2,Fixation,,,,,,,,,,,,
SV012,L,55,3,2,1,1,2,Fixation,,,,,,,,,,,,
SV012,L,56,2,0,1,0,2,Fixation,,,,,,,,,,,,
SV012,L,57,2,2,1,1,2,Fixation,,,,,,,,,,,,
SV012,L,58,3,2,1,1,2,Fixation,,,,,,,,,,,,
SV012,L,59,2,2,0,1,2,Fixation,,,,,,,,,,,,
SV012,L,60,3,3,1,1,3,Fixation,,,,,,,,,,,,
SV012,L,61,2,2,1,1,2,Fixation,,,,,,,,,,,,
SV012,L,62,2,2,0,1,3,Fixation,,,,,,,,,,,,
SV012,L,63,2,0,1,1,3,Fixation,,,,,,,,,,,,
SV012,L,64,2,2,1,0,2,Fixation,,,,,,,,,,,,
SV012,L,65,3,3,0,1,3,Fixation,,,,,,,,,,,,
SV012,L,66,3,2,0,1,2,Fixation,,,,,,,,,,,,
SV012,L,67,3,2,0,0,2,Fixation,,,,,,,,,,,,
SV012,L,68,3,3,1,0,3,Fixation,,,,,,,,,,,,
SV012,L,69,3,2,1,0,2,Fixation,,,,,,,,,,,,
SV012,L,70,2,2,1,1,2,Fixation,,,,,,,,,,,,
SV012,L,71,2,3,0,0,3,Fixation,,,,,,,,,,,,
SV012,L,72,2,0,1,0,3,Fixation,,,,,,,,,,,,
SV012,L,73,3,0,0,0,3,Fixation,,,,,,,,,,,,
SV012,L,74,2,3,1,0,3,Fixation,,,,,,,,,,,,
SV012,L,75,3,0,1,0,3,Fixation,,,,,,,,,,,,
SV012,L,76,3,3,0,0,3,Fixation,,,,,,,,,,,,
SV012,L,77,2,2,0,1,2,Fixation,,,,,,,,,,,,
SV012,L,78,3,2,1,0,2,Fixation,,,,,,,,,,,,
SV012,L,79,2,2,0,1,2,Fixation,,,,,,,,,,,,
SV012,L,80,3,3,0,0,3,Fixation,,,,,,,,,,,,
SV012,L,81,3,0,0,1,3,Fixation,,,,,,,,,,,,
SV012,L,82,2,2,1,1,2,Fixation,,,,,,,,,,,,
SV012,L,83,2,3,1,0,3,Fixation,,,,,,,,,,,,
SV012,L,84,2,0,1,0,2,Fixation,,,,,,,,,,,,
SV012,L,85,2,0,0,1,1,Fixation,,,,,,,,,,,,
SV012,L,86,2,0,0,1,3,Fixation,,,,,,,,,,,,
SV012,L,87,2,3,1,0,3,Fixation,,,,,,,,,,,,
SV012,L,88,3,0,1,0,3,Fixation,,,,,,,,,,,,
SV012,L,89,2,3,1,1,3,Fixation,,,,,,,,,,,,
SV012,L,90,2,2,0,0,2,Fixation,,,,,,,,,,,,
SV012,L,91,3,3,0,0,3,Fixation,,,,,,,,,,,,
SV012,L,92,2,2,1,1,2,Fixation,,,,,,,,,,,,
SV012,L,93,3,0,0,1,3,Fixation,,,,,,,,,,,,
SV012,L,94,2,0,1,0,2,Fixation,,,,,,,,,,,,
SV012,L,95,2,2,1,0,2,Fixation,,,,,,,,,,,,
SV012,L,96,2,3,1,0,3,Fixation,,,,,,,,,,,,
SV012,L,97,2,0,1,0,2,Fixation,,,,,,,,,,,,
SV012,L,98,2,3,0,1,3,Fixation,,,,,,,,,,,,
SV012,L,99,3,0,0,1,2,Fixation,,,,,,,,,,,,
SV012,L,100,3,3,1,0,3,Fixation,,,,,,,,,,,,
SV012,L,101,2,0,1,1,3,Fixation,,,,,,,,,,,,
SV012,L,102,3,0,0,0,3,Fixation,,,,,,,,,,,,
SV012,L,103,3,2,1,0,2,Fixation,,,,,,,,,,,,
SV012,L,104,3,2,0,0,2,Fixation,,,,,,,,,,,,
SV012,L,105,2,3,1,1,3,Fixation,,,,,,,,,,,,
SV012,L,106,2,3,0,0,3,Fixation,,,,,,,,,,,,
SV012,L,107,3,3,1,1,3,Fixation,,,,,,,,,,,,
SV012,L,108,2,3,0,1,3,Fixation,,,,,,,,,,,,
SV012,L,109,3,3,0,1,3,Fixation,,,,,,,,,,,,
SV012,L,110,3,3,0,1,3,Fixation,,,,,,,,,,,,
SV012,L,111,2,2,0,0,2,Fixation,,,,,,,,,,,,
SV012,L,112,2,3,0,0,3,Fixation,,,,,,,,,,,,
SV012,L,113,3,3,1,1,3,Fixation,,,,,,,,,,,,
SV012,L,114,3,2,0,1,2,Fixation,,,,,,,,,,,,
SV012,L,115,3,2,1,0,2,Fixation,,,,,,,,,,,,
SV012,L,116,2,3,1,0,3,Fixation,,,,,,,,,,,,
SV012,L,117,2,0,0,1,3,Fixation,,,,,,,,,,,,
SV012,L,118,3,2,0,0,2,Fixation,,,,,,,,,,,,
SV012,L,119,2,3,1,1,3,Fixation,,,,,,,,,,,,
SV012,L,120,2,3,0,1,3,Fixation,,,,,,,,,,,,
SV012,L,121,2,2,0,0,2,Fixation,,,,,,,,,,,,
SV012,L,122,2,0,0,1,2,Fixation,,,,,,,,,,,,
SV012,L,123,2,0,0,0,2,Fixation,,,,,,,,,,,,
SV012,L,124,3,3,0,1,3,Fixation,,,,,,,,,,,,
SV012,L,125,3,3,0,1,3,Fixation,,,,,,,,,,,,
SV012,L,126,3,2,0,0,2,Fixation,,,,,,,,,,,,
SV012,L,127,2,2,1,1,2,Fixation,,,,,,,,,,,,
SV012,L,128,2,0,1,1,3,Fixation,,,,,,,,,,,,
SV012,L,129,2,2,1,1,2,Fixation,,,,,,,,,,,,
SV012,L,130,3,3,1,1,3,Fixation,,,,,,,,,,,,
SV012,L,131,3,3,1,0,3,Fixation,,,,,,,,,,,,
SV012,L,132,2,3,0,0,3,Fixation,,,,,,,,,,,,
SV012,L,133,3,2,0,1,2,Fixation,,,,,,,,,,,,
SV012,L,134,3,3,1,0,3,Fixation,,,,,,,,,,,,
SV012,L,135,3,2,1,1,2,Fixation,,,,,,,,,,,,
SV012,L,136,3,2,1,1,2,Fixation,,,,,,,,,,,,
SV012,L,137,3,3,1,1,3,Fixation,,,,,,,,,,,,
SV012,L,138,2,0,1,1,3,Fixation,,,,,,,,,,,,
SV012,L,139,2,3,0,0,3,Fixation,,,,,,,,,,,,
SV012,L,140,3,2,1,1,2,Fixation,,,,,,,,,,,,
SV012,L,141,2,0,0,1,2,Fixation,,,,,,,,,,,,
SV012,L,142,2,2,1,0,2,Fixation,,,,,,,,,,,,
SV012,L,143,2,3,0,0,3,Fixation,,,,,,,,,,,,
SV012,L,144,2,3,1,1,3,Fixation,,,,,,,,,,,,
SV012,L,145,3,3,1,1,3,Fixation,,,,,,,,,,,,
SV012,L,146,3,2,1,0,2,Fixation,,,,,,,,,,,,
SV012,L,147,3,3,1,1,3,Fixation,,,,,,,,,,,,
SV012,L,148,2,0,0,1,2,Fixation,,,,,,,,,,,,
SV012,L,149,3,0,1,1,1,Fixation,,,,,,,,,,,,
SV012,L,150,3,0,0,1,1,Fixation,,,,,,,,,,,,
SV012,L,151,2,0,1,1,3,Fixation,,,,,,,,,,,,
SV012,L,152,3,3,0,1,3,Fixation,,,,,,,,,,,,
SV012,L,153,2,2,1,1,2,Fixation,,,,,,,,,,,,
SV012,L,154,2,3,1,1,3,Fixation,,,,,,,,,,,,
SV012,L,155,3,3,1,0,3,Fixation,,,,,,,,,,,,
SV012,L,156,3,0,1,1,1,Fixation,,,,,,,,,,,,
SV012,L,157,2,0,1,1,3,Fixation,,,,,,,,,,,,
SV012,L,158,3,3,0,0,3,Fixation,,,,,,,,,,,,
SV012,L,159,3,0,1,1,3,Fixation,,,,,,,,,,,,
SV012,L,160,2,2,1,0,2,Fixation,,,,,,,,,,,,
SV012,L,161,2,2,0,1,2,Fixation,,,,,,,,,,,,
SV012,L,162,3,0,0,0,3,Fixation,,,,,,,,,,,,
SV012,L,163,2,2,0,0,2,Fixation,,,,,,,,,,,,
SV012,L,164,2,2,0,1,2,Fixation,,,,,,,,,,,,
SV012,L,165,2,0,0,1,1,Fixation,,,,,,,,,,,,
SV012,L,166,3,0,0,1,3,Fixation,,,,,,,,,,,,
SV012,L,167,2,0,0,1,3,Fixation,,,,,,,,,,,,
SV012,L,168,2,2,0,0,2,Fixation,,,,,,,,,,,,
SV012,L,169,2,3,0,1,1,Fixation,,,,,,,,,,,,
SV012,L,170,3,3,0,0,2,Fixation,,,,,,,,,,,,
SV012,L,171,2,2,1,1,1,Fixation,,,,,,,,,,,,
SV012,L,172,3,3,1,0,3,Fixation,,,,,,,,,,,,
SV012,L,173,3,2,1,1,2,Fixation,,,,,,,,,,,,
SV012,L,174,3,3,0,0,3,Fixation,,,,,,,,,,,,
SV012,L,175,2,3,0,1,3,Fixation,,,,,,,,,,,,
SV012,L,176,3,0,1,0,3,Fixation,,,,,,,,,,,,
SV012,L,177,3,0,1,1,3,Fixation,,,,,,,,,,,,
SV012,L,178,2,3,0,1,3,Fixation,,,,,,,,,,,,
SV012,L,179,3,2,0,0,3,Fixation,,,,,,,,,,,,
SV012,L,180,2,3,0,0,3,Fixation,,,,,,,,,,,,
SV012,L,181,2,0,0,1,3,Fixation,,,,,,,,,,,,
SV012,L,182,2,2,1,0,2,Fixation,,,,,,,,,,,,
SV012,L,183,2,3,1,1,3,Fixation,,,,,,,,,,,,
SV012,L,184,3,2,0,0,3,Fixation,,,,,,,,,,,,
SV012,L,185,2,2,1,0,2,Fixation,,,,,,,,,,,,
SV012,L,186,3,2,1,1,2,Fixation,,,,,,,,,,,,
SV012,L,187,2,2,1,0,2,Fixation,,,,,,,,,,,,
SV012,L,188,2,2,0,1,2,Fixation,,,,,,,,,,,,
SV012,L,189,3,0,1,0,3,Fixation,,,,,,,,,,,,
SV012,L,190,2,2,0,0,2,Fixation,,,,,,,,,,,,
SV012,L,191,2,2,1,0,2,Fixation,,,,,,,,,,,,
SV012,L,192,3,0,1,1,3,Fixation,,,,,,,,,,,,
SV012,L,193,2,0,1,0,4,Fixation,,,,,,,,,,,,
SV012,L,194,2,0,0,0,3,Fixation,,,,,,,,,,,,
SV012,L,195,3,3,0,0,3,Fixation,,,,,,,,,,,,
SV012,L,196,2,0,1,0,3,Fixation,,,,,,,,,,,,
SV012,L,197,2,0,0,0,2,Fixation,,,,,,,,,,,,
SV012,L,198,2,0,1,1,3,Fixation,,,,,,,,0.5,0.5,56.0,56.0,12.0
SV012,L,199,2,0,1,0,3,Fixation,,,,,,,,,,,,
SV012,L,200,2,3,1,1,1,Fixation,,,,,,,,,,,,
SV012,L,201,3,2,1,0,2,Fixation,,,,,,,,,,,,
SV012,L,202,3,0,1,1,1,Fixation,,,,,,,,,,,,
SV012,L,203,3,3,1,1,3,Fixation,,,,,,,,,,,,
SV012,L,204,2,2,0,0,2,Fixation,,,,,,,,,,,,
SV012,L,205,3,0,0,1,3,Fixation,,,,,,,,,,,,
SV012,L,206,3,0,1,0,3,Fixation,,,,,,,,,,,,
SV012,L,207,3,3,1,0,3,Fixation,,,,,,,,,,,,
SV012,L,208,3,3,1,0,3,Fixation,,,,,,,,,,,,
SV012,L,209,2,2,0,1,2,Fixation,,,,,,,,,,,,
SV012,L,210,2,0,1,0,2,Fixation,,,,,,,,,,,,
SV012,L,211,3,2,1,1,2,Fixation,,,,,,,,,,,,
SV012,L,212,2,2,0,0,2,Fixation,,,,,,,,,,,,
SV012,L,213,2,3,1,1,3,Fixation,,,,,,,,,,,,
SV012,L,214,3,2,0,1,2,Fixation,,,,,,,,,,,,
SV012,L,215,2,2,0,0,2,Fixation,,,,,,,,,,,,
SV012,L,216,2,0,1,0,2,Fixation,,,,,,,,,,,,
SV012,L,217,2,3,1,0,3,Fixation,,,,,,,,,,,,
SV012,L,218,3,3,1,1,2,Fixation,,,,,,,,,,,,
SV012,L,219,3,2,0,0,2,Fixation,,,,,,,,,,,,
SV012,L,220,3,0,1,1,3,Fixation,,,,,,,,,,,,
SV012,L,221,3,3,0,0,3,Fixation,,,,,,,,,,,,
SV012,L,222,3,3,0,0,3,Fixation,,,,,,,,,,,,
SV012,L,223,3,0,1,1,3,Fixation,,,,,,,,,,,,
SV012,L,224,2,0,0,0,3,Fixation,,,,,,,,,,,,
SV012,L,225,3,2,1,0,2,Fixation,,,,,,,,,,,,
SV012,L,226,2,3,0,1,3,Fixation,,,,,,,,,,,,
SV012,L,227,3,0,1,0,2,Fixation,,,,,,,,,,,,
SV012,L,228,3,0,1,0,3,Fixation,,,,,,,,,,,,
SV012,L,229,2,0,1,1,3,Fixation,,,,,,,,,,,,
SV012,L,230,3,3,0,1,3,Fixation,,,,,,,,,,,,
SV012,L,231,2,3,1,0,3,Fixation,,,,,,,,,,,,
SV012,L,232,2,0,0,1,3,Fixation,,,,,,,,,,,,
SV012,L,233,3,0,1,1,3,Fixation,,,,,,,,,,,,
SV012,L,234,3,2,1,0,2,Fixation,,,,,,,,,,,,
SV012,L,235,3,0,0,0,4,Fixation,,,,,,,,,,,,
SV012,L,236,2,3,0,0,3,Fixation,,,,,,,,,,,,
SV012,L,237,2,2,1,0,2,Fixation,,,,,,,,,,,,
SV012,L,238,2,0,0,0,2,Fixation,,,,,,,,,,,,
SV012,L,239,2,0,1,1,1,Fixation,,,,,,,,,,,,
SV012,L,240,3,0,0,0,2,Fixation,,,,,,,,,,,,
SV012,L,241,3,3,1,1,3,Fixation,,,,,,,,,,,,
SV012,L,242,2,2,0,1,2,Fixation,,,,,,,,,,,,
SV012,L,243,2,3,1,1,3,Fixation,,,,,,,,,,,,
SV012,L,244,3,3,0,0,3,Fixation,,,,,,,,,,,,
SV012,L,245,3,3,1,0,3,Fixation,,,,,,,,,,,,
SV012,L,246,3,0,0,0,0,Fixation,,,,,,,,,,,,
SV012,L,247,3,3,1,1,3,Fixation,,,,,,,,,,,,
SV012,L,248,2,3,1,1,3,Fixation,,,,,,,,,,,,
SV012,L,249,2,3,0,1,3,Fixation,,,,,,,,,,,,
SV012,L,250,2,2,1,0,2,Fixation,,,,,,,,,,,,
SV012,L,251,2,0,1,1,0,Fixation,,,,,,,,,,,,
SV012,L,252,3,2,1,1,2,Fixation,,,,,,,,,,,,
SV012,L,253,2,2,0,1,2,Fixation,,,,,,,,,,,,
SV012,L,254,2,0,1,1,0,Fixation,,,,,,,,,,,,
SV012,L,255,2,2,1,1,2,Fixation,,,,,,,,,,,,
SV012,L,256,2,3,1,0,3,Fixation,,,,,,,,,,,,
SV012,L,257,3,3,0,1,3,Fixation,,,,,,,,,,,,
SV012,L,258,3,0,0,1,0,Fixation,,,,,,,,,,,,
SV012,L,259,2,2,1,1,2,Fixation,,,,,,,,,,,,
SV012,L,260,2,0,1,0,0,Fixation,,,,,,,,,,,,
SV012,L,261,2,3,1,0,3,Fixation,,,,,,,,,,,,
SV012,L,262,2,0,1,0,0,Fixation,,,,,,,,,,,,
SV012,L,263,2,0,1,1,0,Fixation,,,,,,,,,,,,
SV012,L,264,2,2,0,0,2,Fixation,,,,,,,,,,,,
SV012,L,265,3,2,1,1,2,Fixation,,,,,,,,,,,,
SV012,L,266,2,3,1,1,3,Fixation,,,,,,,,,,,,
SV012,L,267,3,0,0,0,0,Fixation,,,,,,,,,,,,
SV012,L,268,3,3,1,1,3,Fixation,,,,,,,,,,,,
SV012,L,269,2,0,0,0,0,Fixation,,,,,,,,,,,,
SV012,L,270,2,3,1,1,3,Fixation,,,,,,,,,,,,
SV012,L,271,2,0,0,1,0,Fixation,,,,,,,,,,,,
SV012,L,272,2,0,0,0,0,Fixation,,,,,,,,,,,,
SV012,L,273,3,3,1,0,3,Fixation,,,,,,,,,,,,
SV012,L,274,3,2,1,1,2,Fixation,,,,,,,,,,,,
SV012,L,275,2,3,0,1,3,Fixation,,,,,,,,,,,,
SV012,L,276,2,3,0,0,3,Fixation,,,,,,,,,,,,
SV012,L,277,2,0,1,0,0,Fixation,,,,,,,,,,,,
SV012,L,278,2,2,0,0,2,Fixation,,,,,,,,,,,,
SV012,L,279,2,2,1,0,2,Fixation,,,,,,,,,,,,
SV012,L,280,3,0,0,0,0,Fixation,,,,,,,,,,,,
SV012,L,281,3,2,1,0,2,Fixation,,,,,,,,,,,,
SV012,L,282,3,3,1,1,3,Fixation,,,,,,,,,,,,
SV012,L,283,3,0,1,1,0,Fixation,,,,,,,,,,,,
SV012,L,284,2,2,0,1,2,Fixation,,,,,,,,,,,,
SV012,L,285,3,0,1,1,0,Fixation,,,,,,,,,,,,
SV012,L,286,2,2,1,0,2,Fixation,,,,,,,,,,,,
SV012,L,287,2,2,1,1,2,Fixation,,,,,,,,,,,,
SV012,L,288,3,2,1,1,2,Fixation,,,,,,,,,,,,
SV012,L,289,3,0,1,1,2,Fixation,,,,,,,,,,,,
SV012,L,290,2,2,0,0,2,Fixation,,,,,,,,,,,,
SV012,L,291,3,3,0,0,3,Fixation,,,,,,,,,,,,
SV012,L,292,3,3,0,1,3,Fixation,,,,,,,,,,,,
SV012,L,293,3,2,0,1,2,Fixation,,,,,,,,,,,,
SV012,L,294,3,0,0,0,0,Fixation,,,,,,,,,,,,
SV012,L,295,3,3,0,1,3,Fixation,,,,,,,,,,,,
SV012,L,296,3,2,1,1,2,Fixation,,,,,,,,,,,,
SV012,L,297,3,3,0,1,3,Fixation,,,,,,,,,,,,
SV012,L,298,3,3,0,0,3,Fixation,,,,,,,,,,,,
SV012,L,299,3,0,0,0,0,Fixation,,,,,,,,,,,,
SV012,L,300,2,2,1,1,2,Fixation,,,,,,,,0.5,0.5,61.0,61.0,12.0
SV012,L,301,3,2,0,1,2,Fixation,,,,,,,,,,,,
SV012,L,302,2,2,0,0,2,Fixation,,,,,,,,,,,,
SV012,L,303,3,3,1,1,3,Fixation,,,,,,,,,,,,
SV012,L,304,2,2,1,1,2,Fixation,,,,,,,,,,,,
SV012,L,305,2,2,0,0,2,Fixation,,,,,,,,,,,,
SV012,L,306,2,2,1,0,2,Fixation,,,,,,,,,,,,
SV012,L,307,3,3,0,1,3,Fixation,,,,,,,,,,,,
SV012,L,308,3,3,0,0,3,Fixation,,,,,,,,,,,,
SV012,L,309,2,3,1,1,3,Fixation,,,,,,,,,,,,
SV012,L,310,3,3,0,1,3,Fixation,,,,,,,,,,,,
SV012,L,311,2,2,0,0,2,Fixation,,,,,,,,,,,,
SV012,L,312,2,3,1,0,3,Fixation,,,,,,,,,,,,
SV012,L,313,2,3,0,0,3,Fixation,,,,,,,,,,,,
SV012,L,314,3,0,1,0,0,Fixation,,,,,,,,,,,,
SV012,L,315,2,3,1,1,3,Fixation,,,,,,,,,,,,
SV012,L,316,3,0,0,1,0,Fixation,,,,,,,,,,,,
SV012,L,317,3,2,0,0,2,Fixation,,,,,,,,,,,,
SV012,L,318,3,0,0,1,0,Fixation,,,,,,,,,,,,
SV012,L,319,2,3,0,0,3,Fixation,,,,,,,,,,,,
SV012,L,320,3,2,1,1,2,Fixation,,,,,,,,,,,,
SV012,L,321,2,0,0,1,0,Fixation,,,,,,,,,,,,
SV012,L,322,3,0,1,0,0,Fixation,,,,,,,,,,,,
SV012,L,323,2,0,0,0,0,Fixation,,,,,,,,,,,,
SV012,L,324,2,3,0,1,3,Fixation,,,,,,,,,,,,
SV012,L,325,2,2,0,0,2,Fixation,,,,,,,,,,,,
SV012,L,326,3,0,1,0,0,Fixation,,,,,,,,,,,,
SV012,L,327,2,3,1,1,3,Fixation,,,,,,,,,,,,
SV012,L,328,2,2,1,1,2,Fixation,,,,,,,,,,,,
SV012,L,329,3,3,1,0,3,Fixation,,,,,,,,,,,,
SV012,L,330,2,0,1,1,0,Fixation,,,,,,,,,,,,
SV012,L,331,2,0,1,1,0,Fixation,,,,,,,,,,,,
SV012,L,332,3,2,0,1,2,Fixation,,,,,,,,,,,,
SV012,L,333,3,3,1,1,3,Fixation,,,,,,,,,,,,
SV012,L,334,3,2,0,1,2,Fixation,,,,,,,,,,,,
SV012,L,335,3,0,0,1,0,Fixation,,,,,,,,,,,,
SV012,L,336,3,2,1,0,2,Fixation,,,,,,,,,,,,
SV012,L,337,3,3,0,0,3,Fixation,,,,,,,,,,,,
SV012,L,338,2,0,1,0,0,Fixation,,,,,,,,,,,,
SV012,L,339,2,2,1,1,2,Fixation,,,,,,,,,,,,
SV012,L,340,3,2,1,0,2,Fixation,,,,,,,,,,,,
SV012,L,341,2,0,0,1,0,Fixation,,,,,,,,,,,,
SV012,L,342,2,2,0,1,2,Fixation,,,,,,,,,,,,
SV012,L,343,3,2,1,0,2,Fixation,,,,,,,,,,,,
SV012,L,344,3,3,1,0,3,Fixation,,,,,,,,,,,,
SV012,L,345,2,2,1,0,2,Fixation,,,,,,,,,,,,
SV012,L,346,2,0,1,0,0,Fixation,,,,,,,,,,,,
SV012,L,347,2,3,1,0,3,Fixation,,,,,,,,,,,,
SV012,L,348,3,0,0,1,0,Fixation,,,,,,,,,,,,
SV012,L,349,2,3,0,0,3,Fixation,,,,,,,,,,,,
SV012,L,350,3,0,1,1,0,Fixation,,,,,,,,,,,,
SV012,L,351,2,0,0,1,0,Fixation,,,,,,,,,,,,
SV012,L,352,3,2,0,1,2,Fixation,,,,,,,,,,,,
SV012,L,353,3,2,0,0,2,Fixation,,,,,,,,,,,,
SV012,L,354,3,0,0,1,0,Fixation,,,,,,,,,,,,
SV012,L,355,3,2,0,1,2,Fixation,,,,,,,,,,,,
SV012,L,356,2,3,0,0,3,Fixation,,,,,,,,,,,,
SV012,L,357,3,3,0,0,3,Fixation,,,,,,,,,,,,
SV012,L,358,3,2,1,0,2,Fixation,,,,,,,,,,,,
SV012,L,359,3,0,1,1,0,Fixation,,,,,,,,,,,,
SV012,L,360,3,3,1,0,3,Fixation,,,,,,,,,,,,
SV012,L,361,3,0,1,0,0,Fixation,,,,,,,,,,,,
SV012,L,362,3,2,1,1,2,Fixation,,,,,,,,,,,,
SV012,L,363,2,0,0,0,0,Fixation,,,,,,,,,,,,
SV012,L,364,2,0,0,0,0,Fixation,,,,,,,,,,,,
SV012,L,365,2,2,1,1,2,Fixation,,,,,,,,,,,,
SV012,L,366,3,3,1,1,3,Fixation,,,,,,,,,,,,
SV012,L,367,3,0,1,0,0,Fixation,,,,,,,,,,,,
SV012,L,368,2,2,1,1,2,Fixation,,,,,,,,,,,,
SV012,L,369,3,3,1,0,3,Fixation,,,,,,,,,,,,
SV012,L,370,3,2,0,0,2,Fixation,,,,,,,,,,,,
SV012,L,371,2,0,0,0,0,Fixation,,,,,,,,,,,,
SV012,L,372,2,0,0,1,0,Fixation,,,,,,,,,,,,
SV012,L,373,3,2,1,1,2,Fixation,,,,,,,,,,,,
SV012,L,374,2,0,1,1,0,Fixation,,,,,,,,,,,,
SV012,L,375,3,0,0,0,0,Fixation,,,,,,,,,,,,
SV012,L,376,3,2,0,0,2,Fixation,,,,,,,,,,,,
SV012,L,377,2,3,0,1,3,Fixation,,,,,,,,,,,,
SV012,L,378,3,2,1,0,2,Fixation,,,,,,,,,,,,
SV012,L,379,2,0,0,0,0,Fixation,,,,,,,,,,,,
SV012,L,380,3,0,1,1,0,Fixation,,,,,,,,,,,,
SV012,L,381,2,2,0,1,2,Fixation,,,,,,,,,,,,
SV012,L,382,3,2,0,0,2,Fixation,,,,,,,,,,,,
SV012,L,383,3,0,0,0,0,Fixation,,,,,,,,,,,,
SV012,L,384,2,3,0,1,3,Fixation,,,,,,,,,,,,
SV012,L,385,2,0,0,0,0,Fixation,,,,,,,,,,,,
SV012,L,386,3,0,0,1,0,Fixation,,,,,,,,,,,,
SV012,L,387,2,3,0,1,3,Fixation,,,,,,,,,,,,
SV012,L,388,3,0,0,1,0,Fixation,,,,,,,,,,,,
SV012,L,389,3,0,1,0,0,Fixation,,,,,,,,,,,,
SV012,L,390,2,0,1,1,0,Fixation,,,,,,,,,,,,
SV012,L,391,2,0,1,0,0,Fixation,,,,,,,,,,,,
SV012,L,392,2,3,1,1,3,Fixation,,,,,,,,,,,,
SV012,L,393,3,0,1,0,0,Fixation,,,,,,,,,,,,
SV012,L,394,2,2,1,0,2,Fixation,,,,,,,,,,,,
SV012,L,395,2,2,0,1,2,Fixation,,,,,,,,,,,,
SV012,L,396,2,2,0,0,2,Fixation,,,,,,,,,,,,
SV012,L,397,2,2,0,1,2,Fixation,,,,,,,,,,,,
SV012,L,398,3,0,1,1,0,Fixation,,,,,,,,,,,,
SV012,L,399,3,2,0,1,2,Fixation,,,,,,,,,,,,
SV012,L,400,3,0,0,1,0,Fixation,,,,,,,,,,,,
SV012,L,401,2,3,1,1,3,Fixation,,,,,,,,,,,,
SV012,L,402,3,3,1,1,3,Fixation,,,,,,,,,,,,
SV012,L,403,2,3,1,0,3,Fixation,,,,,,,,,,,,
SV012,L,404,2,3,0,0,3,Fixation,,,,,,,,,,,,
SV012,L,405,3,3,1,0,3,Fixation,,,,,,,,,,,,
SV012,L,406,3,2,0,0,2,Fixation,,,,,,,,,,,,
SV012,L,407,2,2,1,0,2,Fixation,,,,,,,,,,,,
SV012,L,408,2,2,0,0,2,Fixation,,,,,,,,,,,,
SV012,L,409,3,2,1,1,2,Fixation,,,,,,,,,,,,
SV012,L,410,3,2,0,0,2,Fixation,,,,,,,,,,,,
SV012,L,411,2,0,0,1,0,Fixation,,,,,,,,,,,,
SV012,L,412,3,0,1,1,0,Fixation,,,,,,,,,,,,
SV012,L,413,3,3,0,0,3,Fixation,,,,,,,,,,,,
SV012,L,414,3,0,0,0,0,Fixation,,,,,,,,,,,,
SV012,L,415,2,0,1,0,0,Fixation,,,,,,,,,,,,
SV012,L,416,3,0,0,1,0,Fixation,,,,,,,,,,,,
SV012,L,417,2,0,1,0,0,Fixation,,,,,,,,,,,,
SV012,L,418,3,3,1,0,3,Fixation,,,,,,,,,,,,
SV012,L,419,2,2,0,1,2,Fixation,,,,,,,,,,,,
SV012,L,420,2,2,0,0,2,Fixation,,,,,,,,,,,,
SV012,L,421,3,2,1,1,2,Fixation,,,,,,,,,,,,
SV012,L,422,3,2,0,0,2,Fixation,,,,,,,,,,,,
SV012,L,423,3,3,0,1,3,Fixation,,,,,,,,,,,,
SV012,L,424,3,3,0,1,3,Fixation,,,,,,,,,,,,
SV012,L,425,2,2,0,1,2,Fixation,,,,,,,,,,,,
SV012,L,426,2,3,1,0,3,Fixation,,,,,,,,,,,,
SV012,L,427,3,3,1,1,3,Fixation,,,,,,,,,,,,
SV012,L,428,2,0,0,1,0,Fixation,,,,,,,,,,,,
SV012,L,429,2,0,1,0,0,Fixation,,,,,,,,,,,,
SV012,L,430,2,0,1,0,0,Fixation,,,,,,,,,,,,
SV012,L,431,2,2,1,0,2,Fixation,,,,,,,,,,,,
SV012,L,432,3,0,1,0,0,Fixation,,,,,,,,,,,,
SV012,L,433,2,3,0,1,3,Fixation,,,,,,,,,,,,
SV012,L,434,3,2,1,0,2,Fixation,,,,,,,,,,,,
SV012,L,435,3,2,1,0,2,Fixation,,,,,,,,,,,,
SV012,L,436,2,0,0,1,0,Fixation,,,,,,,,,,,,
SV012,L,437,3,3,0,0,3,Fixation,,,,,,,,,,,,
SV012,L,438,2,3,1,0,3,Fixation,,,,,,,,,,,,
SV012,L,439,2,3,0,0,3,Fixation,,,,,,,,,,,,
SV012,L,440,3,3,0,1,3,Fixation,,,,,,,,,,,,
SV012,L,441,3,3,1,0,3,Fixation,,,,,,,,,,,,
SV012,L,442,2,2,1,1,2,Fixation,,,,,,,,,,,,
SV012,L,443,3,2,1,0,2,Fixation,,,,,,,,,,,,
SV012,L,444,3,3,1,1,3,Fixation,,,,,,,,,,,,
SV012,L,445,2,0,0,0,0,Fixation,,,,,,,,,,,,
SV012,L,446,3,0,1,1,0,Fixation,,,,,,,,,,,,
SV012,L,447,2,3,1,1,3,Fixation,,,,,,,,,,,,
SV012,L,448,2,3,0,1,3,Fixation,,,,,,,,,,,,
SV012,L,449,2,3,0,1,3,Fixation,,,,,,,,,,,,
SV012,L,450,2,3,0,0,3,Fixation,,,,,,,,,,,,
SV012,L,451,2,3,0,0,3,Fixation,,,,,,,,,,,,
SV012,L,452,2,3,1,0,3,Fixation,,,,,,,,,,,,
SV012,L,453,3,0,1,1,0,Fixation,,,,,,,,,,,,
SV012,L,454,2,2,1,0,2,Fixation,,,,,,,,,,,,
SV012,L,455,2,3,0,1,3,Fixation,,,,,,,,,,,,
SV012,L,456,3,2,0,0,2,Fixation,,,,,,,,,,,,
SV012,L,457,3,2,0,0,2,Fixation,,,,,,,,,,,,
SV012,L,458,2,0,0,1,0,Fixation,,,,,,,,,,,,
SV012,L,459,3,3,1,0,3,Fixation,,,,,,,,,,,,
SV012,L,460,2,3,1,0,3,Fixation,,,,,,,,,,,,
SV012,L,461,3,0,1,0,0,Fixation,,,,,,,,,,,,
SV012,L,462,2,2,0,1,2,Fixation,,,,,,,,,,,,
SV012,L,463,3,2,0,1,2,Fixation,,,,,,,,,,,,
SV012,L,464,3,3,0,0,3,Fixation,,,,,,,,,,,,
SV012,L,465,2,0,1,1,2,Fixation,,,,,,,,,,,,
SV012,L,466,2,0,1,1,0,Fixation,,,,,,,,,,,,
SV012,L,467,2,0,0,1,0,Fixation,,,,,,,,,,,,
SV012,L,468,3,2,0,1,2,Fixation,,,,,,,,,,,,
SV012,L,469,3,0,0,0,0,Fixation,,,,,,,,,,,,
SV012,L,470,3,3,0,0,3,Fixation,,,,,,,,,,,,
SV012,L,471,2,0,0,0,0,Fixation,,,,,,,,,,,,
SV012,L,472,3,2,1,0,2,Fixation,,,,,,,,0.5,0.5,62.0,62.0,12.0
SV012,L,473,2,3,1,0,3,Fixation,,,,,,,,,,,,
SV012,L,474,3,0,0,0,0,Fixation,,,,,,,,,,,,
SV012,L,475,3,0,1,0,0,Fixation,,,,,,,,,,,,
SV012,L,476,2,3,0,0,3,Fixation,,,,,,,,,,,,
SV012,L,477,2,2,1,0,2,Fixation,,,,,,,,,,,,
SV012,L,478,3,3,0,1,3,Fixation,,,,,,,,,,,,
SV012,L,479,3,2,0,1,2,Fixation,,,,,,,,,,,,
SV012,L,480,2,0,1,1,0,Fixation,,,,,,,,,,,,
SV012,R,1,3,3,1,1,2,Fixation,,,,,,,,,,,,
SV012,R,2,2,2,1,0,2,Fixation,,,,,,,,,,,,
SV012,R,3,2,0,0,1,3,Fixation,,,,,,,,,,,,
SV012,R,4,2,2,0,1,1,Fixation,,,,,,,,,,,,
SV012,R,5,2,0,1,0,3,Fixation,,,,,,,,,,,,
SV012,R,6,3,3,1,0,3,Fixation,,,,,,,,,,,,
SV012,R,7,2,3,1,0,3,Fixation,,,,,,,,,,,,
SV012,R,8,3,2,0,0,3,Fixation,,,,,,,,,,,,
SV012,R,9,3,0,1,1,1,Fixation,,,,,,,,,,,,
SV012,R,10,3,0,0,1,3,Fixation,,,,,,,,,,,,
SV012,R,11,2,0,0,1,3,Fixation,,,,,,,,,,,,
SV012,R,12,3,3,0,0,3,Fixation,,,,,,,,,,,,
SV012,R,13,3,0,0,1,3,Fixation,,,,,,,,,,,,
SV012,R,14,2,0,1,1,3,Fixation,,,,,,,,,,,,
SV012,R,15,2,3,1,1,3,Fixation,,,,,,,,,,,,
SV012,R,16,2,3,1,0,3,Fixation,,,,,,,,,,,,
SV012,R,17,2,3,0,0,3,Fixation,,,,,,,,,,,,
SV012,R,18,2,3,1,0,3,Fixation,,,,,,,,,,,,
SV012,R,19,2,0,0,1,3,Fixation,,,,,,,,,,,,
SV012,R,20,3,3,0,1,3,Fixation,,,,,,,,,,,,
SV012,R,21,3,2,1,1,2,Fixation,,,,,,,,,,,,
SV012,R,22,3,2,0,1,2,Fixation,,,,,,,,,,,,
SV012,R,23,2,0,0,0,2,Fixation,,,,,,,,,,,,
SV012,R,24,3,3,1,1,3,Fixation,,,,,,,,,,,,
SV012,R,25,3,0,1,0,3,Fixation,,,,,,,,,,,,
SV012,R,26,3,0,1,1,1,Fixation,,,,,,,,,,,,
SV012,R,27,3,2,0,1,2,Fixation,,,,,,,,,,,,
SV012,R,28,3,2,0,0,3,Fixation,,,,,,,,,,,,
SV012,R,29,2,3,1,0,3,Fixation,,,,,,,,,,,,
SV012,R,30,3,0,0,0,4,Fixation,,,,,,,,,,,,
SV012,R,31,2,0,0,1,3,Fixation,,,,,,,,,,,,
SV012,R,32,2,0,1,1,3,Fixation,,,,,,,,,,,,
SV012,R,33,2,0,0,1,3,Fixation,,,,,,,,,,,,
SV012,R,34,3,2,1,1,2,Fixation,,,,,,,,,,,,
SV012,R,35,3,2,0,1,2,Fixation,,,,,,,,,,,,
SV012,R,36,2,3,0,1,1,Fixation,,,,,,,,,,,,
SV012,R,37,2,2,1,0,2,Fixation,,,,,,,,,,,,
SV012,R,38,3,0,1,1,2,Fixation,,,,,,,,,,,,
SV012,R,39,2,0,0,1,3,Fixation,,,,,,,,,,,,
SV012,R,40,3,0,0,0,3,Fixation,,,,,,,,,,,,
SV012,R,41,3,0,0,1,3,Fixation,,,,,,,,,,,,
SV012,R,42,3,0,0,1,2,Fixation,,,,,,,,,,,,
SV012,R,43,3,3,1,1,2,Fixation,,,,,,,,,,,,
SV012,R,44,2,0,1,0,3,Fixation,,,,,,,,,,,,
SV012,R,45,2,2,0,1,2,Fixation,,,,,,,,,,,,
SV012,R,46,2,3,1,1,3,Fixation,,,,,,,,,,,,
SV012,R,47,3,2,1,1,2,Fixation,,,,,,,,,,,,
SV012,R,48,2,0,1,0,2,Fixation,,,,,,,,,,,,
SV012,R,49,2,2,1,1,2,Fixation,,,,,,,,,,,,
SV012,R,50,3,0,1,0,2,Fixation,,,,,,,,,,,,
SV012,R,51,3,0,1,1,3,Fixation,,,,,,,,,,,,
SV012,R,52,3,3,0,0,2,Fixation,,,,,,,,,,,,
SV012,R,53,2,0,0,0,3,Fixation,,,,,,,,,,,,
SV012,R,54,2,2,1,0,2,Fixation,,,,,,,,,,,,
SV012,R,55,2,3,1,1,3,Fixation,,,,,,,,,,,,
SV012,R,56,2,3,0,1,3,Fixation,,,,,,,,,,,,
SV012,R,57,3,3,1,1,3,Fixation,,,,,,,,,,,,
SV012,R,58,2,0,1,0,3,Fixation,,,,,,,,,,,,
SV012,R,59,3,3,1,0,3,Fixation,,,,,,,,,,,,
SV012,R,60,3,3,0,0,3,Fixation,,,,,,,,,,,,
SV012,R,61,2,2,0,0,2,Fixation,,,,,,,,,,,,
SV012,R,62,3,2,1,1,2,Fixation,,,,,,,,,,,,
SV012,R,63,3,0,0,1,2,Fixation,,,,,,,,,,,,
SV012,R,64,2,2,1,1,1,Fixation,,,,,,,,,,,,
SV012,R,65,3,2,1,0,2,Fixation,,,,,,,,,,,,
SV012,R,66,3,2,1,0,2,Fixation,,,,,,,,,,,,
SV012,R,67,3,3,1,0,3,Fixation,,,,,,,,,,,,
SV012,R,68,2,2,0,0,2,Fixation,,,,,,,,,,,,
SV012,R,69,3,3,0,1,3,Fixation,,,,,,,,,,,,
SV012,R,70,3,2,0,1,1,Fixation,,,,,,,,,,,,
SV012,R,71,2,2,0,0,2,Fixation,,,,,,,,,,,,
SV012,R,72,2,3,0,1,3,Fixation,,,,,,,,,,,,
SV012,R,73,3,0,0,0,4,Fixation,,,,,,,,,,,,
SV012,R,74,3,2,0,0,3,Fixation,,,,,,,,,,,,
SV012,R,75,2,0,0,0,3,Fixation,,,,,,,,,,,,
SV012,R,76,2,3,0,0,3,Fixation,,,,,,,,,,,,
SV012,R,77,2,0,1,1,3,Fixation,,,,,,,,,,,,
SV012,R,78,3,0,1,0,3,Fixation,,,,,,,,,,,,
SV012,R,79,3,2,1,0,3,Fixation,,,,,,,,,,,,
SV012,R,80,3,2,0,0,3,Fixation,,,,,,,,,,,,
SV012,R,81,3,3,0,0,3,Fixation,,,,,,,,,,,,
SV012,R,82,2,3,0,1,3,Fixation,,,,,,,,,,,,
SV012,R,83,2,3,0,1,1,Fixation,,,,,,,,,,,,
SV012,R,84,3,2,1,1,2,Fixation,,,,,,,,,,,,
SV012,R,85,2,3,1,0,3,Fixation,,,,,,,,,,,,
SV012,R,86,2,2,0,1,2,Fixation,,,,,,,,,,,,
SV012,R,87,2,3,0,1,3,Fixation,,,,,,,,,,,,
SV012,R,88,3,3,0,1,3,Fixation,,,,,,,,,,,,
SV012,R,89,2,3,1,1,3,Fixation,,,,,,,,,,,,
SV012,R,90,3,3,0,1,3,Fixation,,,,,,,,,,,,
SV012,R,91,3,2,1,0,2,Fixation,,,,,,,,,,,,
SV012,R,92,2,2,0,0,2,Fixation,,,,,,,,,,,,
SV012,R,93,2,2,0,0,2,Fixation,,,,,,,,,,,,
SV012,R,94,3,2,1,1,2,Fixation,,,,,,,,,,,,
SV012,R,95,3,0,1,0,3,Fixation,,,,,,,,,,,,
SV012,R,96,2,2,1,1,2,Fixation,,,,,,,,,,,,
SV012,R,97,2,3,0,1,3,Fixation,,,,,,,,,,,,
SV012,R,98,3,3,0,1,3,Fixation,,,,,,,,,,,,
SV012,R,99,2,2,1,1,1,Fixation,,,,,,,,,,,,
SV012,R,100,2,3,1,1,3,Fixation,,,,,,,,,,,,
SV012,R,101,3,3,0,0,3,Fixation,,,,,,,,,,,,
SV012,R,102,3,2,0,0,2,Fixation,,,,,,,,,,,,
SV012,R,103,2,3,1,0,3,Fixation,,,,,,,,,,,,
SV012,R,104,3,0,1,1,1,Fixation,,,,,,,,,,,,
SV012,R,105,3,2,1,1,2,Fixation,,,,,,,,,,,,
SV012,R,106,3,3,0,1,3,Fixation,,,,,,,,,,,,
SV012,R,107,3,3,0,0,3,Fixation,,,,,,,,,,,,
SV012,R,108,3,3,1,1,3,Fixation,,,,,,,,,,,,
SV012,R,109,3,2,1,0,2,Fixation,,,,,,,,,,,,
SV012,R,110,3,2,0,1,2,Fixation,,,,,,,,,,,,
SV012,R,111,3,2,0,0,3,Fixation,,,,,,,,,,,,
SV012,R,112,2,3,1,1,3,Fixation,,,,,,,,,,,,
SV012,R,113,3,2,0,1,2,Fixation,,,,,,,,,,,,
SV012,R,114,2,2,0,0,2,Fixation,,,,,,,,,,,,
SV012,R,115,2,0,0,0,3,Fixation,,,,,,,,,,,,
SV012,R,116,2,3,1,0,3,Fixation,,,,,,,,,,,,
SV012,R,117,2,2,1,0,2,Fixation,,,,,,,,,,,,
SV012,R,118,2,2,1,0,2,Fixation,,,,,,,,,,,,
SV012,R,119,3,2,1,0,2,Fixation,,,,,,,,,,,,
SV012,R,120,2,3,0,0,3,Fixation,,,,,,,,,,,,
SV012,R,121,3,3,1,0,3,Fixation,,,,,,,,,,,,
SV012,R,122,3,2,0,1,2,Fixation,,,,,,,,,,,,
SV012,R,123,2,3,0,1,1,Fixation,,,,,,,,,,,,
SV012,R,124,2,2,1,0,2,Fixation,,,,,,,,,,,,
SV012,R,125,2,0,1,1,2,Fixation,,,,,,,,,,,,
SV012,R,126,2,2,0,0,2,Fixation,,,,,,,,,,,,
SV012,R,127,2,0,0,0,3,Fixation,,,,,,,,,,,,
SV012,R,128,3,3,0,0,3,Fixation,,,,,,,,0.8,0.8,96.0,96.0,12.0
SV012,R,129,3,2,0,0,3,Fixation,,,,,,,,,,,,
SV012,R,130,3,0,0,0,3,Fixation,,,,,,,,,,,,
SV012,R,131,2,3,0,0,3,Fixation,,,,,,,,,,,,
SV012,R,132,2,2,0,1,1,Fixation,,,,,,,,,,,,
SV012,R,133,2,2,0,0,2,Fixation,,,,,,,,,,,,
SV012,R,134,2,0,1,0,3,Fixation,,,,,,,,,,,,
SV012,R,135,3,0,0,1,1,Fixation,,,,,,,,,,,,
SV012,R,136,3,0,1,0,3,Fixation,,,,,,,,,,,,
SV012,R,137,3,3,0,0,3,Fixation,,,,,,,,,,,,
SV012,R,138,3,3,1,1,1,Fixation,,,,,,,,,,,,
SV012,R,139,3,3,1,0,3,Fixation,,,,,,,,,,,,
SV012,R,140,2,2,1,0,2,Fixation,,,,,,,,,,,,
SV012,R,141,2,3,0,1,3,Fixation,,,,,,,,,,,,
SV012,R,142,3,0,0,1,3,Fixation,,,,,,,,,,,,
SV012,R,143,2,3,1,1,3,Fixation,,,,,,,,,,,,
SV012,R,144,2,0,1,1,3,Fixation,,,,,,,,,,,,
SV012,R,145,2,2,0,1,1,Fixation,,,,,,,,,,,,
SV012,R,146,2,0,1,1,3,Fixation,,,,,,,,,,,,
SV012,R,147,3,3,1,0,3,Fixation,,,,,,,,,,,,
SV012,R,148,2,0,0,1,1,Fixation,,,,,,,,,,,,
SV012,R,149,3,2,0,0,3,Fixation,,,,,,,,,,,,
SV012,R,150,2,0,0,1,3,Fixation,,,,,,,,,,,,
SV012,R,151,2,3,0,0,3,Fixation,,,,,,,,,,,,
SV012,R,152,3,2,1,0,3,Fixation,,,,,,,,,,,,
SV012,R,153,3,2,0,0,3,Fixation,,,,,,,,,,,,
SV012,R,154,2,2,1,1,2,Fixation,,,,,,,,,,,,
SV012,R,155,3,0,1,1,1,Fixation,,,,,,,,,,,,
SV012,R,156,3,0,0,0,3,Fixation,,,,,,,,,,,,
SV012,R,157,2,2,0,0,1,Fixation,,,,,,,,,,,,
SV012,R,158,2,3,0,0,1,Fixation,,,,,,,,,,,,
SV012,R,159,2,3,1,0,3,Fixation,,,,,,,,,,,,
SV012,R,160,3,2,1,1,3,Fixation,,,,,,,,,,,,
SV012,R,161,3,3,1,0,3,Fixation,,,,,,,,,,,,
SV012,R,162,3,3,1,1,3,Fixation,,,,,,,,,,,,
SV012,R,163,3,2,1,0,3,Fixation,,,,,,,,,,,,
SV012,R,164,3,3,0,1,3,Fixation,,,,,,,,,,,,
SV012,R,165,3,0,0,0,3,Fixation,,,,,,,,,,,,
SV012,R,166,2,3,1,1,2,Fixation,,,,,,,,,,,,
SV012,R,167,2,0,0,0,3,Fixation,,,,,,,,,,,,
SV012,R,168,2,2,0,1,2,Fixation,,,,,,,,,,,,
SV012,R,169,2,2,0,1,2,Fixation,,,,,,,,,,,,
SV012,R,170,3,3,1,1,3,Fixation,,,,,,,,,,,,
SV012,R,171,3,0,1,1,3,Fixation,,,,,,,,,,,,
SV012,R,172,3,2,1,0,2,Fixation,,,,,,,,,,,,
SV012,R,173,3,0,0,0,3,Fixation,,,,,,,,,,,,
SV012,R,174,2,2,0,1,2,Fixation,,,,,,,,,,,,
SV012,R,175,3,0,1,0,3,Fixation,,,,,,,,,,,,
SV012,R,176,2,0,1,0,2,Fixation,,,,,,,,,,,,
SV012,R,177,3,3,1,0,3,Fixation,,,,,,,,,,,,
SV012,R,178,2,0,0,0,3,Fixation,,,,,,,,,,,,
SV012,R,179,2,0,1,1,3,Fixation,,,,,,,,,,,,
SV012,R,180,3,3,1,0,1,Fixation,,,,,,,,,,,,
SV012,R,181,2,0,0,0,3,Fixation,,,,,,,,,,,,
SV012,R,182,3,0,1,1,3,Fixation,,,,,,,,,,,,
SV012,R,183,2,0,1,1,3,Fixation,,,,,,,,,,,,
SV012,R,184,3,3,1,1,3,Fixation,,,,,,,,,,,,
SV012,R,185,3,3,0,1,3,Fixation,,,,,,,,,,,,
SV012,R,186,3,0,1,1,3,Fixation,,,,,,,,,,,,
SV012,R,187,2,0,1,0,3,Fixation,,,,,,,,,,,,
SV012,R,188,2,0,1,1,3,Fixation,,,,,,,,,,,,
SV012,R,189,2,3,1,1,3,Fixation,,,,,,,,,,,,
SV012,R,190,2,3,0,1,3,Fixation,,,,,,,,,,,,
SV012,R,191,2,0,1,0,3,Fixation,,,,,,,,,,,,
SV012,R,192,2,2,1,0,2,Fixation,,,,,,,,,,,,
SV012,R,193,3,0,0,0,3,Fixation,,,,,,,,,,,,
SV012,R,194,3,2,0,1,2,Fixation,,,,,,,,,,,,
SV012,R,195,2,2,1,0,2,Fixation,,,,,,,,,,,,
SV012,R,196,2,3,1,1,3,Fixation,,,,,,,,,,,,
SV012,R,197,2,0,1,1,3,Fixation,,,,,,,,,,,,
SV012,R,198,3,3,1,1,3,Fixation,,,,,,,,,,,,
SV012,R,199,3,0,1,0,3,Fixation,,,,,,,,,,,,
SV012,R,200,3,0,1,0,3,Fixation,,,,,,,,,,,,
SV012,R,201,3,3,0,0,3,Fixation,,,,,,,,,,,,
SV012,R,202,3,3,1,0,3,Fixation,,,,,,,,,,,,
SV012,R,203,2,0,0,1,3,Fixation,,,,,,,,,,,,
SV012,R,204,3,0,1,1,3,Fixation,,,,,,,,,,,,
SV012,R,205,2,2,1,1,2,Fixation,,,,,,,,,,,,
SV012,R,206,3,2,0,0,2,Fixation,,,,,,,,,,,,
SV012,R,207,2,2,1,1,2,Fixation,,,,,,,,,,,,
SV012,R,208,3,0,0,0,3,Fixation,,,,,,,,,,,,
SV012,R,209,2,3,1,0,3,Fixation,,,,,,,,,,,,
SV012,R,210,2,3,0,0,3,Fixation,,,,,,,,,,,,
SV012,R,211,3,0,0,1,3,Fixation,,,,,,,,,,,,
SV012,R,212,3,2,0,1,2,Fixation,,,,,,,,,,,,
SV012,R,213,2,0,1,0,2,Fixation,,,,,,,,,,,,
SV012,R,214,3,3,0,1,1,Fixation,,,,,,,,,,,,
SV012,R,215,2,2,0,1,1,Fixation,,,,,,,,,,,,
SV012,R,216,3,2,0,1,2,Fixation,,,,,,,,,,,,
SV012,R,217,2,2,1,1,2,Fixation,,,,,,,,,,,,
SV012,R,218,3,2,1,1,2,Fixation,,,,,,,,,,,,
SV012,R,219,2,0,0,1,2,Fixation,,,,,,,,,,,,
SV012,R,220,3,0,0,1,3,Fixation,,,,,,,,,,,,
SV012,R,221,3,2,1,1,2,Fixation,,,,,,,,,,,,
SV012,R,222,3,3,0,1,3,Fixation,,,,,,,,,,,,
SV012,R,223,2,0,1,0,3,Fixation,,,,,,,,,,,,
SV012,R,224,2,3,0,0,3,Fixation,,,,,,,,,,,,
SV012,R,225,2,0,0,0,3,Fixation,,,,,,,,,,,,
SV012,R,226,2,2,1,1,2,Fixation,,,,,,,,,,,,
SV012,R,227,3,2,1,0,2,Fixation,,,,,,,,,,,,
SV012,R,228,2,2,0,1,2,Fixation,,,,,,,,,,,,
SV012,R,229,3,0,0,0,3,Fixation,,,,,,,,,,,,
SV012,R,230,2,0,0,0,3,Fixation,,,,,,,,,,,,
SV012,R,231,3,0,1,0,3,Fixation,,,,,,,,,,,,
SV012,R,232,3,3,0,0,4,Fixation,,,,,,,,,,,,
SV012,R,233,3,0,1,0,3,Fixation,,,,,,,,,,,,
SV012,R,234,2,3,0,0,3,Fixation,,,,,,,,,,,,
SV012,R,235,2,3,1,0,3,Fixation,,,,,,,,,,,,
SV012,R,236,2,3,0,0,3,Fixation,,,,,,,,,,,,
SV012,R,237,2,2,1,0,2,Fixation,,,,,,,,,,,,
SV012,R,238,2,2,0,0,2,Fixation,,,,,,,,,,,,
SV012,R,239,2,2,1,1,2,Fixation,,,,,,,,,,,,
SV012,R,240,3,0,0,1,3,Fixation,,,,,,,,,,,,
SV012,R,241,3,3,0,1,3,Fixation,,,,,,,,,,,,
SV012,R,242,3,2,0,0,2,Fixation,,,,,,,,,,,,
SV012,R,243,3,0,1,1,0,Fixation,,,,,,,,,,,,
SV012,R,244,2,2,1,1,2,Fixation,,,,,,,,,,,,
SV012,R,245,3,3,0,0,3,Fixation,,,,,,,,,,,,
SV012,R,246,2,3,0,1,3,Fixation,,,,,,,,,,,,
SV012,R,247,2,2,1,0,2,Fixation,,,,,,,,,,,,
SV012,R,248,2,0,1,1,0,Fixation,,,,,,,,,,,,
SV012,R,249,2,0,1,1,0,Fixation,,,,,,,,,,,,
SV012,R,250,3,2,0,0,2,Fixation,,,,,,,,,,,,
SV012,R,251,2,2,1,1,2,Fixation,,,,,,,,,,,,
SV012,R,252,3,3,0,0,3,Fixation,,,,,,,,,,,,
SV012,R,253,3,0,0,0,0,Fixation,,,,,,,,,,,,
SV012,R,254,3,0,0,1,0,Fixation,,,,,,,,,,,,
SV012,R,255,3,0,0,1,0,Fixation,,,,,,,,,,,,
SV012,R,256,2,0,0,1,0,Fixation,,,,,,,,,,,,
SV012,R,257,3,2,0,1,2,Fixation,,,,,,,,,,,,
SV012,R,258,2,2,1,0,2,Fixation,,,,,,,,,,,,
SV012,R,259,3,0,0,0,3,Fixation,,,,,,,,,,,,
SV012,R,260,2,3,1,1,3,Fixation,,,,,,,,0.7,0.7,64.0,64.0,16.0
SV012,R,261,3,2,0,1,2,Fixation,,,,,,,,,,,,
SV012,R,262,2,0,1,1,1,Fixation,,,,,,,,,,,,
SV012,R,263,3,2,0,1,2,Fixation,,,,,,,,,,,,
SV012,R,264,3,0,0,0,0,Fixation,,,,,,,,,,,,
SV012,R,265,3,2,1,1,2,Fixation,,,,,,,,,,,,
SV012,R,266,2,2,1,1,2,Fixation,,,,,,,,,,,,
SV012,R,267,2,2,1,1,2,Fixation,,,,,,,,,,,,
SV012,R,268,3,3,0,0,3,Fixation,,,,,,,,,,,,
SV012,R,269,2,0,0,0,0,Fixation,,,,,,,,,,,,
SV012,R,270,2,2,0,1,2,Fixation,,,,,,,,,,,,
SV012,R,271,3,3,0,1,3,Fixation,,,,,,,,,,,,
SV012,R,272,2,2,0,1,2,Fixation,,,,,,,,,,,,
SV012,R,273,3,3,0,1,3,Fixation,,,,,,,,,,,,
SV012,R,274,2,3,0,0,3,Fixation,,,,,,,,,,,,
SV012,R,275,2,3,1,1,3,Fixation,,,,,,,,,,,,
SV012,R,276,3,2,0,0,0,Fixation,,,,,,,,,,,,
SV012,R,277,3,3,1,0,3,Fixation,,,,,,,,,,,,
SV012,R,278,3,3,0,1,3,Fixation,,,,,,,,,,,,
SV012,R,279,3,3,1,0,3,Fixation,,,,,,,,,,,,
SV012,R,280,2,2,1,1,2,Fixation,,,,,,,,,,,,
SV012,R,281,3,2,1,0,2,Fixation,,,,,,,,,,,,
SV012,R,282,2,3,0,0,3,Fixation,,,,,,,,,,,,
SV012,R,283,2,3,1,0,3,Fixation,,,,,,,,,,,,
SV012,R,284,3,0,0,0,0,Fixation,,,,,,,,,,,,
SV012,R,285,3,3,0,0,3,Fixation,,,,,,,,,,,,
SV012,R,286,2,3,1,1,3,Fixation,,,,,,,,,,,,
SV012,R,287,3,2,1,1,2,Fixation,,,,,,,,,,,,
SV012,R,288,2,3,0,0,3,Fixation,,,,,,,,,,,,
SV012,R,289,2,0,1,1,0,Fixation,,,,,,,,,,,,
SV012,R,290,3,0,1,0,0,Fixation,,,,,,,,,,,,
SV012,R,291,2,3,1,1,3,Fixation,,,,,,,,,,,,
SV012,R,292,2,3,0,1,3,Fixation,,,,,,,,,,,,
SV012,R,293,2,3,0,0,3,Fixation,,,,,,,,,,,,
SV012,R,294,2,2,0,0,2,Fixation,,,,,,,,,,,,
SV012,R,295,2,0,0,0,0,Fixation,,,,,,,,,,,,
SV012,R,296,2,0,0,1,0,Fixation,,,,,,,,,,,,
SV012,R,297,2,2,1,0,2,Fixation,,,,,,,,,,,,
SV012,R,298,2,2,0,1,2,Fixation,,,,,,,,,,,,
SV012,R,299,3,2,0,1,2,Fixation,,,,,,,,,,,,
SV012,R,300,2,3,1,1,3,Fixation,,,,,,,,,,,,
SV012,R,301,2,0,0,1,0,Fixation,,,,,,,,,,,,
SV012,R,302,3,0,0,1,0,Fixation,,,,,,,,,,,,
SV012,R,303,3,0,1,1,0,Fixation,,,,,,,,,,,,
SV012,R,304,3,2,1,1,2,Fixation,,,,,,,,,,,,
SV012,R,305,3,2,0,1,2,Fixation,,,,,,,,,,,,
SV012,R,306,2,2,1,1,2,Fixation,,,,,,,,,,,,
SV012,R,307,2,2,1,1,2,Fixation,,,,,,,,,,,,
SV012,R,308,3,3,1,1,3,Fixation,,,,,,,,,,,,
SV012,R,309,3,3,1,0,3,Fixation,,,,,,,,,,,,
SV012,R,310,2,0,1,1,0,Fixation,,,,,,,,,,,,
SV012,R,311,3,3,1,0,3,Fixation,,,,,,,,,,,,
SV012,R,312,2,0,0,1,0,Fixation,,,,,,,,,,,,
SV012,R,313,2,3,1,0,3,Fixation,,,,,,,,,,,,
SV012,R,314,2,0,1,0,0,Fixation,,,,,,,,,,,,
SV012,R,315,3,0,1,1,0,Fixation,,,,,,,,,,,,
SV012,R,316,3,2,1,0,2,Fixation,,,,,,,,,,,,
SV012,R,317,2,0,0,0,0,Fixation,,,,,,,,,,,,
SV012,R,318,3,2,0,0,2,Fixation,,,,,,,,,,,,
SV012,R,319,3,2,1,1,2,Fixation,,,,,,,,,,,,
SV012,R,320,3,0,0,1,0,Fixation,,,,,,,,,,,,
SV012,R,321,3,0,1,1,0,Fixation,,,,,,,,,,,,
SV012,R,322,3,2,1,1,2,Fixation,,,,,,,,,,,,
SV012,R,323,2,3,1,1,3,Fixation,,,,,,,,,,,,
SV012,R,324,3,0,0,1,0,Fixation,,,,,,,,,,,,
SV012,R,325,2,0,1,1,0,Fixation,,,,,,,,,,,,
SV012,R,326,2,3,1,0,3,Fixation,,,,,,,,,,,,
SV012,R,327,2,2,0,0,2,Fixation,,,,,,,,,,,,
SV012,R,328,2,3,0,0,3,Fixation,,,,,,,,,,,,
SV012,R,329,3,3,1,0,3,Fixation,,,,,,,,,,,,
SV012,R,330,3,0,1,0,0,Fixation,,,,,,,,,,,,
SV012,R,331,3,3,0,1,3,Fixation,,,,,,,,,,,,
SV012,R,332,3,2,0,0,2,Fixation,,,,,,,,,,,,
SV012,R,333,2,3,0,1,3,Fixation,,,,,,,,,,,,
SV012,R,334,3,0,0,0,0,Fixation,,,,,,,,,,,,
SV012,R,335,3,2,0,1,2,Fixation,,,,,,,,,,,,
SV012,R,336,3,0,1,1,0,Fixation,,,,,,,,,,,,
SV012,R,337,3,3,1,1,3,Fixation,,,,,,,,,,,,
SV012,R,338,2,3,1,0,3,Fixation,,,,,,,,,,,,
SV012,R,339,2,2,0,0,2,Fixation,,,,,,,,,,,,
SV012,R,340,3,3,1,0,3,Fixation,,,,,,,,,,,,
SV012,R,341,3,0,1,0,0,Fixation,,,,,,,,,,,,
SV012,R,342,2,2,0,0,2,Fixation,,,,,,,,,,,,
SV012,R,343,3,3,1,1,3,Fixation,,,,,,,,,,,,
SV012,R,344,3,0,0,0,0,Fixation,,,,,,,,,,,,
SV012,R,345,2,0,0,1,0,Fixation,,,,,,,,,,,,
SV012,R,346,2,3,0,1,3,Fixation,,,,,,,,,,,,
SV012,R,347,2,0,0,0,0,Fixation,,,,,,,,,,,,
SV012,R,348,3,0,0,1,0,Fixation,,,,,,,,,,,,
SV012,R,349,3,3,1,1,3,Fixation,,,,,,,,,,,,
SV012,R,350,3,3,0,0,3,Fixation,,,,,,,,,,,,
SV012,R,351,3,0,1,0,0,Fixation,,,,,,,,,,,,
SV012,R,352,2,2,0,1,2,Fixation,,,,,,,,,,,,
SV012,R,353,3,3,1,1,3,Fixation,,,,,,,,,,,,
SV012,R,354,3,0,0,1,0,Fixation,,,,,,,,,,,,
SV012,R,355,3,0,1,0,0,Fixation,,,,,,,,,,,,
SV012,R,356,2,2,1,0,2,Fixation,,,,,,,,,,,,
SV012,R,357,3,0,1,0,0,Fixation,,,,,,,,,,,,
SV012,R,358,3,0,0,1,0,Fixation,,,,,,,,,,,,
SV012,R,359,2,2,0,1,2,Fixation,,,,,,,,,,,,
SV012,R,360,2,2,1,1,2,Fixation,,,,,,,,,,,,
SV012,R,361,3,2,1,1,2,Fixation,,,,,,,,,,,,
SV012,R,362,2,2,1,0,2,Fixation,,,,,,,,,,,,
SV012,R,363,3,3,0,1,3,Fixation,,,,,,,,,,,,
SV012,R,364,3,2,1,0,2,Fixation,,,,,,,,,,,,
SV012,R,365,2,0,0,0,0,Fixation,,,,,,,,,,,,
SV012,R,366,2,0,0,1,0,Fixation,,,,,,,,,,,,
SV012,R,367,2,2,0,1,2,Fixation,,,,,,,,,,,,
SV012,R,368,3,3,1,1,3,Fixation,,,,,,,,,,,,
SV012,R,369,3,0,1,0,0,Fixation,,,,,,,,,,,,
SV012,R,370,3,0,0,1,0,Fixation,,,,,,,,,,,,
SV012,R,371,3,2,0,0,2,Fixation,,,,,,,,,,,,
SV012,R,372,3,0,1,1,0,Fixation,,,,,,,,,,,,
SV012,R,373,2,0,1,0,0,Fixation,,,,,,,,,,,,
SV012,R,374,2,3,0,1,3,Fixation,,,,,,,,,,,,
SV012,R,375,3,3,0,0,3,Fixation,,,,,,,,,,,,
SV012,R,376,2,2,1,0,2,Fixation,,,,,,,,,,,,
SV012,R,377,3,3,1,0,3,Fixation,,,,,,,,,,,,
SV012,R,378,2,2,1,0,2,Fixation,,,,,,,,,,,,
SV012,R,379,2,2,0,0,2,Fixation,,,,,,,,,,,,
SV012,R,380,3,2,0,0,2,Fixation,,,,,,,,,,,,
SV012,R,381,3,3,1,1,3,Fixation,,,,,,,,,,,,
SV012,R,382,3,2,1,0,2,Fixation,1472.1,1472.1,1081.4,1081.4,997.0,997.0,72.0,2.4,3.8,107.5,133.0,30.0
SV012,R,383,3,2,0,1,2,Fixation,,,,,,,,,,,,
SV012,R,384,3,3,0,0,3,Fixation,,,,,,,,,,,,
SV012,R,385,3,3,1,0,3,Fixation,,,,,,,,,,,,
SV012,R,386,3,0,0,1,0,Fixation,,,,,,,,,,,,
SV012,R,387,2,0,1,0,0,Fixation,,,,,,,,,,,,
SV012,R,388,2,3,0,1,3,Fixation,,,,,,,,,,,,
SV012,R,389,2,2,1,1,2,Fixation,,,,,,,,,,,,
SV012,R,390,2,0,1,0,0,Fixation,,,,,,,,,,,,
SV012,R,391,3,0,1,1,0,Fixation,,,,,,,,,,,,
SV012,R,392,2,3,0,0,3,Fixation,,,,,,,,,,,,
SV012,R,393,2,0,1,0,0,Fixation,,,,,,,,,,,,
SV012,R,394,2,2,1,0,2,Fixation,,,,,,,,,,,,
SV012,R,395,2,0,0,1,0,Fixation,,,,,,,,,,,,
SV012,R,396,3,2,0,0,2,Fixation,,,,,,,,,,,,
SV012,R,397,3,0,0,0,0,Fixation,,,,,,,,,,,,
SV012,R,398,2,2,0,0,2,Fixation,,,,,,,,,,,,
SV012,R,399,3,2,1,1,2,Fixation,,,,,,,,,,,,
SV012,R,400,2,3,1,1,3,Fixation,,,,,,,,,,,,
SV012,R,401,3,3,0,0,3,Fixation,,,,,,,,,,,,
SV012,R,402,3,2,1,0,2,Fixation,,,,,,,,,,,,
SV012,R,403,3,0,1,1,0,Fixation,,,,,,,,,,,,
SV012,R,404,3,0,1,0,0,Fixation,,,,,,,,,,,,
SV012,R,405,3,3,0,0,3,Fixation,,,,,,,,,,,,
SV012,R,406,3,0,1,1,0,Fixation,,,,,,,,,,,,
SV012,R,407,2,0,0,1,0,Fixation,,,,,,,,,,,,
SV012,R,408,2,0,0,0,0,Fixation,,,,,,,,,,,,
SV012,R,409,3,2,1,0,2,Fixation,,,,,,,,,,,,
SV012,R,410,2,3,1,1,3,Fixation,,,,,,,,,,,,
SV012,R,411,3,3,1,1,3,Fixation,,,,,,,,,,,,
SV012,R,412,2,0,0,1,0,Fixation,,,,,,,,,,,,
SV012,R,413,3,3,1,1,3,Fixation,,,,,,,,,,,,
SV012,R,414,2,3,1,0,3,Fixation,,,,,,,,,,,,
SV012,R,415,3,2,1,0,2,Fixation,,,,,,,,,,,,
SV012,R,416,3,0,0,0,0,Fixation,,,,,,,,,,,,
SV012,R,417,2,3,1,1,3,Fixation,,,,,,,,,,,,
SV012,R,418,2,0,0,1,0,Fixation,,,,,,,,,,,,
SV012,R,419,2,2,0,0,2,Fixation,,,,,,,,,,,,
SV012,R,420,2,2,0,0,2,Fixation,,,,,,,,,,,,
SV012,R,421,3,3,1,0,3,Fixation,,,,,,,,,,,,
SV012,R,422,2,3,0,1,3,Fixation,,,,,,,,,,,,
SV012,R,423,3,2,0,0,2,Fixation,,,,,,,,,,,,
SV012,R,424,2,0,0,0,0,Fixation,,,,,,,,,,,,
SV012,R,425,2,2,0,1,2,Fixation,,,,,,,,,,,,
SV012,R,426,2,0,1,1,0,Fixation,,,,,,,,,,,,
SV012,R,427,2,3,0,1,3,Fixation,,,,,,,,,,,,
SV012,R,428,2,3,1,0,3,Fixation,,,,,,,,,,,,
SV012,R,429,2,3,1,0,3,Fixation,,,,,,,,,,,,
SV012,R,430,2,0,1,1,0,Fixation,,,,,,,,,,,,
SV012,R,431,3,3,1,1,3,Fixation,,,,,,,,,,,,
SV012,R,432,3,3,0,1,3,Fixation,,,,,,,,,,,,
SV012,R,433,3,3,1,0,3,Fixation,,,,,,,,,,,,
SV012,R,434,3,0,1,1,0,Fixation,,,,,,,,,,,,
SV012,R,435,3,3,0,1,3,Fixation,,,,,,,,,,,,
SV012,R,436,2,2,1,0,2,Fixation,,,,,,,,,,,,
SV012,R,437,3,2,0,1,2,Fixation,,,,,,,,,,,,
SV012,R,438,3,2,0,0,2,Fixation,,,,,,,,,,,,
SV012,R,439,3,0,0,0,0,Fixation,,,,,,,,,,,,
SV012,R,440,3,2,1,1,2,Fixation,,,,,,,,,,,,
SV012,R,441,3,0,1,0,0,Fixation,,,,,,,,,,,,
SV012,R,442,2,2,0,1,2,Fixation,,,,,,,,,,,,
SV012,R,443,2,3,1,0,3,Fixation,,,,,,,,,,,,
SV012,R,444,3,2,0,1,2,Fixation,,,,,,,,,,,,
SV012,R,445,3,3,0,0,3,Fixation,,,,,,,,,,,,
SV012,R,446,2,3,0,0,3,Fixation,,,,,,,,,,,,
SV012,R,447,2,3,1,0,3,Fixation,,,,,,,,,,,,
SV012,R,448,2,2,0,1,2,Fixation,,,,,,,,,,,,
SV012,R,449,2,3,0,0,3,Fixation,,,,,,,,,,,,
SV012,R,450,2,2,0,0,2,Fixation,,,,,,,,,,,,
SV012,R,451,2,3,1,0,3,Fixation,,,,,,,,,,,,
SV012,R,452,2,3,1,1,3,Fixation,,,,,,,,,,,,
SV012,R,453,3,2,1,1,2,Fixation,,,,,,,,,,,,
SV012,R,454,3,0,1,0,0,Fixation,,,,,,,,,,,,
SV012,R,455,3,3,0,1,3,Fixation,,,,,,,,,,,,
SV012,R,456,2,0,1,1,0,Fixation,,,,,,,,,,,,
SV012,R,457,2,0,1,0,0,Fixation,,,,,,,,,,,,
SV012,R,458,2,3,0,0,3,Fixation,,,,,,,,,,,,
SV012,R,459,3,2,1,0,2,Fixation,,,,,,,,,,,,
SV012,R,460,2,0,0,0,0,Fixation,,,,,,,,,,,,
SV012,R,461,2,0,0,0,0,Fixation,,,,,,,,,,,,
SV012,R,462,2,3,0,0,3,Fixation,,,,,,,,,,,,
SV012,R,463,2,2,0,1,2,Fixation,,,,,,,,,,,,
SV012,R,464,2,2,1,1,2,Fixation,,,,,,,,,,,,
SV012,R,465,3,2,1,0,2,Fixation,,,,,,,,,,,,
SV012,R,466,2,0,1,0,0,Fixation,,,,,,,,,,,,
SV012,R,467,2,2,1,0,2,Fixation,,,,,,,,,,,,
SV012,R,468,2,0,1,0,0,Fixation,,,,,,,,,,,,
SV012,R,469,2,3,0,1,3,Fixation,,,,,,,,,,,,
SV012,R,470,2,0,1,0,0,Fixation,,,,,,,,,,,,
SV012,R,471,3,0,0,0,0,Fixation,,,,,,,,,,,,
SV012,R,472,3,2,1,1,2,Fixation,,,,,,,,,,,,
SV012,R,473,3,2,1,0,2,Fixation,,,,,,,,,,,,
SV012,R,474,2,0,0,0,0,Fixation,,,,,,,,,,,,
SV012,R,475,3,3,0,1,3,Fixation,,,,,,,,,,,,
SV012,R,476,2,0,1,1,0,Fixation,,,,,,,,,,,,
SV012,R,477,2,0,1,0,0,Fixation,,,,,,,,,,,,
SV012,R,478,2,3,0,1,3,Fixation,,,,,,,,,,,,
SV012,R,479,2,2,0,0,2,Fixation,,,,,,,,,,,,
SV012,R,480,3,2,0,1,2,Fixation,,,,,,,,,,,,
SV012,L,1,2,0,0,0,3,Response,2821.644444444444,3270.0,1009.9333333333333,1329.2,642.1111111111111,895.0,477.77777777777777,3.627027027027027,9.7,248.64864864864865,951.0,244.64864864864865
SV012,L,2,3,3,1,1,1,Response,1325.17,2920.3,889.0125,3034.7,699.1,953.0,406.4,7.151219512195122,25.9,243.2439024390244,986.0,49.36585365853659
SV012,L,3,2,2,1,0,2,Response,2781.588888888889,3196.0,1094.2222222222222,1152.8,688.6666666666666,744.0,647.5555555555555,6.540000000000001,9.9,196.8,252.0,43.6
SV012,L,4,3,0,1,0,3,Response,2815.277777777778,3171.7,1074.9888888888888,1116.7,738.1111111111111,823.0,1032.4444444444443,2.3899999999999997,6.5,161.7,527.0,40.8
SV012,L,5,3,3,1,0,3,Response,2866.8333333333335,3024.9,1088.55,1115.8,692.8333333333334,779.0,1032.6666666666667,0.96,1.2,79.8,103.0,16.8
SV012,L,6,3,2,1,1,2,Response,818.8666666666667,857.2,1200.8333333333333,1216.7,766.0,807.0,1004.0,2.8,9.1,91.25,166.0,28.0
SV012,L,7,3,3,0,1,3,Response,994.7857142857143,1023.9,1079.4428571428573,1392.4,745.2857142857143,935.0,866.8571428571429,2.1125,7.5,159.125,591.0,45.0
SV012,L,8,2,3,0,1,3,Response,1193.9666666666667,2002.4,1152.2555555555555,1520.8,763.5555555555555,916.0,774.2222222222222,3.66,9.2,189.4,559.0,50.4
SV012,L,9,3,2,0,1,2,Response,1120.9857142857143,1967.7,1065.6714285714286,1266.0,849.7142857142857,958.0,830.8571428571429,2.3285714285714287,8.5,156.42857142857142,407.0,52.57142857142857
SV012,L,10,3,0,1,0,3,Response,2928.15,3083.5,1070.1875,1099.1,721.375,756.0,927.5,1.8666666666666663,7.6,220.0,948.0,52.888888888888886
SV012,L,11,3,0,0,0,3,Response,2953.507692307692,3043.7,947.0230769230768,1272.6,717.8461538461538,810.0,829.2307692307693,2.314285714285714,8.9,189.92857142857142,564.0,64.85714285714286
SV012,L,12,2,0,0,0,3,Response,2944.3222222222225,3010.8,1147.9333333333334,1493.1,707.7777777777778,794.0,682.2222222222222,3.37,9.1,137.1,230.0,28.4
SV012,L,13,3,0,0,0,3,Response,2927.45,2934.7,1061.2,1129.2,759.5,792.0,1718.0,1.3,1.9,88.33333333333333,110.0,20.0
SV012,L,14,3,2,1,0,3,Response,2970.2,3131.5,1074.92,1097.5,740.6,800.0,620.8,1.866666666666667,4.5,183.0,597.0,43.333333333333336
SV012,L,15,2,2,1,1,2,Response,818.575,936.1,1174.275,1259.3,784.75,815.0,800.0,1.0333333333333332,1.4,84.33333333333333,100.0,17.333333333333332
SV012,L,16,3,0,0,1,3,Response,1422.2047619047619,2692.8,963.9904761904761,1311.9,818.952380952381,953.0,609.9047619047619,5.5095238095238095,13.0,212.61904761904762,655.0,65.33333333333333
SV012,L,17,3,2,1,1,2,Response,1120.4666666666667,1943.2,1440.4166666666667,2098.3,810.6666666666666,908.0,454.6666666666667,4.857142857142857,11.2,251.28571428571428,683.0,67.42857142857143
SV012,L,18,2,2,0,0,2,Response,2941.8,2960.8,845.9,1156.4,701.8,841.0,812.8,1.4166666666666667,3.0,166.0,552.0,46.0
SV012,L,19,2,2,0,1,2,Response,972.275,992.1,1195.5249999999999,1601.1,854.5,905.0,612.0,5.54,10.1,372.2,767.0,144.8
SV012,L,20,3,0,0,0,3,Response,2884.3333333333335,2952.3,1069.0,1245.0,768.0,840.0,646.6666666666666,2.3166666666666664,8.2,103.0,230.0,24.666666666666668
SV012,L,21,3,0,0,0,3,Response,2934.1,2961.3,1061.5,1207.6,703.6666666666666,771.0,928.0,1.5666666666666664,2.8,93.33333333333333,139.0,21.333333333333332
SV012,L,22,3,2,0,1,2,Response,957.5833333333334,991.3,1120.1833333333334,1253.1,911.3333333333334,1012.0,1350.6666666666667,2.0166666666666666,7.3,151.0,532.0,56.0
SV012,L,23,2,3,1,1,3,Response,836.24,1114.3,1260.58,1351.2,943.8,1041.0,864.8,2.4833333333333334,11.3,99.16666666666667,260.0,23.333333333333332
SV012,L,24,2,0,1,1,3,Response,956.4625,1225.3,1339.1375,1782.4,865.875,923.0,755.5,1.7375,5.7,147.625,552.0,59.0
SV012,L,25,2,3,0,0,3,Response,2869.25,2903.1,959.3166666666666,1166.8,776.3333333333334,867.0,1011.3333333333334,1.8714285714285714,3.4,148.0,438.0,55.42857142857143
SV012,L,26,3,3,0,0,3,Response,2918.025,2934.8,960.925,1144.4,765.5,860.0,727.0,1.64,3.0,154.0,429.0,71.2
SV012,L,27,2,3,1,1,3,Response,874.2222222222222,1224.3,1330.4222222222222,1546.6,859.1111111111111,941.0,733.7777777777778,1.78,6.9,106.8,209.0,24.4
SV012,L,28,3,0,1,1,1,Response,850.1666666666666,922.1,1185.7666666666667,1222.4,914.0,1013.0,578.6666666666666,1.8666666666666665,3.9,190.33333333333334,422.0,57.333333333333336
SV012,L,29,3,2,0,1,2,Response,943.2,943.2,939.2,939.2,885.0,885.0,1952.0,3.6999999999999997,6.6,303.5,531.0,164.0
SV012,L,30,3,2,0,1,1,Response,1604.6,1604.6,1036.7,1036.7,979.0,979.0,608.0,3.45,5.2,138.0,177.0,32.0
SV012,L,31,3,2,1,0,2,Response,2901.2166666666667,3188.3,1063.8999999999999,1102.2,858.6666666666666,949.0,721.3333333333334,1.2142857142857142,1.6,90.14285714285714,115.0,18.857142857142858
SV012,L,32,2,0,0,0,2,Response,2837.91,2958.2,1016.96,1370.8,837.2,915.0,561.6,3.2,10.3,170.1818181818182,506.0,44.0
SV012,L,33,2,3,0,1,3,Response,1156.125,1628.7,896.65,1305.6,901.5,986.0,960.0,5.15,11.9,269.5,620.0,69.0
SV012,L,34,3,3,0,1,1,Response,1299.0666666666666,1950.7,1249.7,1522.1,772.6666666666666,863.0,592.0,4.65,9.2,143.25,247.0,39.0
SV012,L,35,3,0,0,1,1,Response,1218.8666666666668,1658.7,983.4,1014.1,878.3333333333334,919.0,477.3333333333333,4.15,9.4,342.0,1019.0,90.0
SV012,L,36,2,3,0,0,3,Response,2652.1,2990.4,1033.6909090909091,1217.3,856.4545454545455,937.0,629.8181818181819,3.358333333333333,8.8,194.33333333333334,815.0,67.66666666666667
SV012,L,37,2,3,0,1,2,Response,1112.6470588235295,1491.8,2044.3882352941175,2893.2,751.7647058823529,965.0,216.23529411764707,4.322222222222222,15.5,213.77777777777777,442.0,42.888888888888886
SV012,L,38,2,3,1,0,3,Response,2765.66,2980.5,1104.9,1115.6,764.0,878.0,836.8,2.0833333333333335,4.9,171.16666666666666,552.0,70.66666666666667
SV012,L,39,3,0,1,0,3,Response,2867.7,3131.8,1107.625,1163.0,822.5,878.0,1026.0,3.12,11.2,144.8,406.0,44.0
SV012,L,40,2,3,1,0,2,Response,2942.8,3026.9,1080.5,1132.1,800.0,853.0,862.0,3.0,8.9,204.0,579.0,69.6
SV012,L,41,3,0,0,0,3,Response,2929.914285714286,2967.8,1131.5,1352.4,724.5714285714286,830.0,1024.5714285714287,2.2,8.4,101.75,213.0,25.0
SV012,L,42,3,2,0,0,2,Response,2577.7363636363634,3045.0,1005.5818181818181,1437.0,768.1818181818181,895.0,481.45454545454544,6.158333333333334,11.2,280.0,1541.0,54.666666666666664
SV012,L,43,3,3,1,0,3,Response,2874.8,2874.8,1151.9,1151.9,715.0,715.0,2336.0,5.15,8.4,374.0,513.0,152.0
SV012,L,44,3,2,0,0,2,Response,,,,,,,,4.4,4.4,336.0,336.0,148.0
SV012,L,45,3,2,0,1,2,Response,1072.3666666666666,1201.5,1200.3666666666666,1642.6,714.0,809.0,1086.6666666666667,3.425,7.7,347.75,588.0,182.0
SV012,L,46,2,0,0,0,2,Response,2945.4666666666667,2950.7,952.6333333333333,1102.4,735.6666666666666,792.0,716.0,1.75,2.4,107.5,139.0,22.0
SV012,L,47,2,2,0,1,2,Response,1002.1333333333333,1055.7,1217.5,1364.8,718.3333333333334,880.0,278.6666666666667,2.575,5.9,232.25,582.0,90.0
SV012,L,48,3,0,0,1,3,Response,986.05,1002.9,1078.35,1161.3,776.0,809.0,1434.0,3.466666666666667,7.2,117.33333333333333,168.0,33.333333333333336
SV012,L,49,2,3,1,0,3,Response,2851.6,2972.2,1069.35,1079.8,742.5,751.0,1898.0,1.0666666666666667,1.5,83.33333333333333,102.0,17.333333333333332
SV012,L,50,2,0,0,0,2,Response,2921.7999999999997,2986.6,1004.5,1271.1,662.8571428571429,835.0,365.14285714285717,1.475,2.8,102.125,163.0,19.0
SV012,L,51,3,3,0,1,3,Response,1000.45,1010.7,1058.45,1158.9,782.5,787.0,1404.0,0.6,0.7,58.5,59.0,14.0
SV012,L,52,3,2,0,1,1,Response,1043.875,1119.4,1226.35,1567.1,766.75,838.0,666.0,3.25,5.6,229.5,477.0,104.0
SV012,L,53,3,0,0,1,3,Response,1202.6166666666666,1772.0,2049.616666666667,3270.0,711.9444444444445,913.0,193.33333333333334,4.4944444444444445,15.4,222.16666666666666,681.0,56.0
SV012,L,54,3,2,0,0,2,Response,2932.0142857142855,2966.2,1266.2571428571428,1717.5,733.2857142857143,835.0,619.4285714285714,2.6375,5.7,128.625,208.0,26.5
SV012,L,55,3,2,1,1,2,Response,1053.8666666666666,1295.0,1602.8533333333332,2012.2,817.0666666666667,986.0,332.0,1.6266666666666667,5.9,166.6,623.0,41.333333333333336
SV012,L,56,2,0,1,0,2,Response,2928.5166666666664,3270.0,1417.9833333333333,3022.1,700.5,915.0,826.6666666666666,8.216666666666667,22.4,331.0,837.0,77.33333333333333
SV012,L,57,2,2,1,1,2,Response,928.9,928.9,1354.1,1354.1,808.0,808.0,2076.0,1.0,1.5,93.0,121.0,18.0
SV012,L,58,3,2,1,1,2,Response,868.9428571428572,1246.7,1823.3428571428572,2757.6,573.0,920.0,366.2857142857143,3.6,14.4,178.5,419.0,48.5
SV012,L,59,2,2,0,1,2,Response,1019.0,1019.0,1505.4,1505.4,756.0,756.0,1132.0,1.9,1.9,99.0,99.0,28.0
SV012,L,60,3,3,1,1,3,Response,754.9,754.9,1384.7,1384.7,863.0,863.0,736.0,0.9,1.0,78.5,90.0,16.0
SV012,L,61,2,2,1,1,2,Response,1199.7333333333333,1827.9,1166.4666666666667,1242.9,896.6666666666666,979.0,496.0,3.7750000000000004,6.9,155.5,209.0,31.0
SV012,L,62,2,2,0,1,3,Response,910.2850000000001,1537.6,1653.3,2529.9,861.95,948.0,370.4,3.4894736842105263,12.9,202.05263157894737,457.0,53.68421052631579
SV012,L,63,2,0,1,1,3,Response,814.8000000000001,909.8,1945.8666666666668,2581.6,894.6666666666666,947.0,854.6666666666666,6.425,11.7,229.25,347.0,48.0
SV012,L,64,2,2,1,0,2,Response,2874.7333333333336,3236.5,1471.4666666666665,2017.1,783.3333333333334,968.0,720.0,6.75,12.1,185.75,232.0,48.0
SV012,L,65,3,3,0,1,3,Response,945.8785714285714,1159.2,1609.25,2452.0,758.1428571428571,880.0,344.57142857142856,4.66,18.8,197.6,475.0,32.8
SV012,L,66,3,2,0,1,2,Response,909.6,1011.3,1583.975,2764.4,687.25,891.0,424.0,10.925,21.0,282.25,488.0,72.0
SV012,L,67,3,2,0,0,2,Response,2973.075,3083.3,917.675,1106.0,703.75,770.0,695.0,2.025,2.7,212.0,510.0,55.0
SV012,L,68,3,3,1,0,3,Response,3028.3599999999997,3270.0,1609.12,2374.9,653.6,859.0,470.4,8.566666666666666,14.0,287.3333333333333,502.0,109.33333333333333
SV012,L,69,3,2,1,0,2,Response,2929.883333333333,3036.2,1300.5833333333333,2078.0,746.5,884.0,585.3333333333334,5.042857142857143,12.6,218.0,540.0,68.57142857142857
SV012,L,70,2,2,1,1,2,Response,925.6666666666666,1402.5,2101.057142857143,3170.2,708.2380952380952,906.0,192.76190476190476,3.55,15.7,218.27272727272728,570.0,55.63636363636363
SV012,L,71,2,3,0,0,3,Response,3002.5,3154.9,916.0600000000001,1132.4,752.2,872.0,520.0,3.4,7.2,215.0,518.0,174.66666666666666
SV012,L,72,2,0,1,0,3,Response,2111.3,2111.3,1706.1,1706.1,544.0,544.0,24.0,5.5,9.6,190.5,262.0,50.0
SV012,L,73,3,0,0,0,3,Response,3026.44,3270.0,1000.6200000000001,1236.8,838.0,911.0,712.0,2.716666666666667,7.9,148.33333333333334,232.0,28.0
SV012,L,74,2,3,1,0,3,Response,2805.466666666667,2890.3,1415.1000000000001,1994.3,815.0,953.0,933.3333333333334,7.2749999999999995,11.0,204.75,267.0,51.0
SV012,L,75,3,0,1,0,3,Response,2797.4,2970.7,1089.3249999999998,1148.1,827.25,913.0,545.0,1.48,1.9,95.0,125.0,20.8
SV012,L,76,3,3,0,0,3,Response,3021.9,3270.0,1124.48,1390.3,797.4,902.0,400.8,1.9454545454545453,8.5,153.27272727272728,513.0,51.63636363636363
SV012,L,77,2,2,0,1,2,Response,1153.5535714285713,1488.4,1906.607142857143,2748.3,725.6071428571429,836.0,156.57142857142858,2.2,15.1,196.0,410.0,41.10344827586207
SV012,L,78,3,2,1,0,2,Response,2817.625,2992.5,1125.325,1179.9,839.25,962.0,768.0,1.8,4.2,102.6,171.0,22.4
SV012,L,79,2,2,0,1,2,Response,993.6333333333333,1746.3,1275.9333333333334,1585.5,920.6666666666666,990.0,644.0,9.025,13.5,262.5,338.0,51.0
SV012,L,80,3,3,0,0,3,Response,2841.116666666667,2944.7,1012.3666666666667,1165.6,896.6666666666666,1054.0,629.3333333333334,3.357142857142857,8.8,141.85714285714286,240.0,29.714285714285715
SV012,L,81,3,0,0,1,3,Response,988.95,1966.1,930.825,1054.7,894.5,995.0,469.0,8.25,17.7,236.25,428.0,71.0
SV012,L,82,2,2,1,1,2,Response,1044.5142857142857,1283.8,1609.642857142857,1971.7,835.5714285714286,962.0,391.42857142857144,3.725,6.9,187.25,368.0,44.0
SV012,L,83,2,3,1,0,3,Response,2825.5499999999997,2910.3,1579.45,2263.9,915.5,1013.0,354.0,5.083333333333333,15.0,136.33333333333334,277.0,36.0
SV012,L,84,2,0,1,0,2,Response,2762.05,2844.5,1054.1999999999998,1070.1,797.0,841.0,520.0,1.2333333333333334,1.3,88.0,92.0,20.0
SV012,L,85,2,0,0,1,1,Response,1621.9714285714288,2945.4,572.6857142857143,2147.8,706.4285714285714,891.0,252.85714285714286,7.260000000000001,14.1,217.86666666666667,346.0,48.266666666666666
SV012,L,86,2,0,0,1,3,Response,748.3000000000001,954.0,1439.1333333333332,1666.2,864.0,960.0,942.6666666666666,3.7,6.7,153.25,225.0,30.0
SV012,L,87,2,3,1,0,3,Response,2727.3,2727.3,1028.2,1028.2,856.0,856.0,188.0,0.95,1.4,78.0,96.0,16.0
SV012,L,88,3,0,1,0,3,Response,2967.5,3006.4,1337.0666666666666,1723.1,762.6666666666666,869.0,676.0,4.95,10.6,154.5,230.0,37.0
SV012,L,89,2,3,1,1,3,Response,1091.6363636363637,1252.7,1861.8818181818183,2267.9,797.6363636363636,865.0,197.0909090909091,2.2363636363636363,9.1,152.72727272727272,402.0,29.818181818181817
SV012,L,90,2,2,0,0,2,Response,2916.275,2970.9,995.925,1348.6,813.5,1004.0,428.0,3.875,7.0,141.5,206.0,34.0
SV012,L,91,3,3,0,0,3,Response,2986.55,3008.1,950.75,1043.7,824.5,835.0,194.0,1.5999999999999999,2.4,326.0,648.0,90.66666666666667
SV012,L,92,2,2,1,1,2,Response,895.7125,1027.9,2267.0625,2916.9,734.75,840.0,214.5,4.377777777777777,17.6,165.77777777777777,416.0,37.333333333333336
SV012,L,93,3,0,0,1,3,Response,930.4692307692308,1300.9,1791.3000000000002,3024.2,652.0,756.0,160.0,2.869230769230769,15.0,162.3846153846154,319.0,36.0
SV012,L,94,2,0,1,0,2,Response,2882.35,2968.9,1439.1,2130.9,609.5,870.0,509.0,4.04,11.3,147.6,320.0,41.6
SV012,L,95,2,2,1,0,2,Response,3121.2,3121.2,1132.5,1132.5,711.0,711.0,968.0,1.4,1.5,94.5,102.0,20.0
SV012,L,96,2,3,1,0,3,Response,2887.0,3009.8,1704.9499999999998,2158.1,799.5,838.0,1264.0,10.95,13.6,232.5,292.0,72.0
SV012,L,97,2,0,1,0,2,Response,2991.525,3270.0,1790.05,2434.5,603.0,963.0,373.0,8.02,14.3,208.2,318.0,62.4
SV012,L,98,2,3,0,1,3,Response,1079.1333333333334,1396.8,1873.2749999999999,2778.3,587.75,749.0,142.33333333333334,3.1,17.0,194.04,466.0,58.72
SV012,L,99,3,0,0,1,2,Response,481.4,1021.5,985.7,1136.3,732.0,743.0,1024.0,8.433333333333332,9.1,303.0,384.0,49.333333333333336
SV012,L,100,3,3,1,0,3,Response,2814.5333333333333,2954.3,1213.3,1665.2,947.6666666666666,1022.0,769.3333333333334,6.266666666666667,8.3,181.0,233.0,46.666666666666664
SV012,L,101,2,0,1,1,3,Response,1128.8733333333332,1264.4,1897.3466666666668,2425.6,773.4,898.0,154.93333333333334,1.9533333333333334,8.1,171.2,339.0,42.4
SV012,L,102,3,0,0,0,3,Response,3043.116666666667,3270.0,841.9333333333334,1043.6,779.0,934.0,1189.3333333333333,2.9499999999999997,8.6,217.5,420.0,75.33333333333333
SV012,L,103,3,2,1,0,2,Response,2926.366666666667,3270.0,1748.9333333333334,2948.2,793.0,1012.0,680.0,10.783333333333333,19.4,232.66666666666666,347.0,72.0
SV012,L,104,3,2,0,0,2,Response,2900.75,2971.7,971.05,972.6,917.5,1011.0,186.0,1.8,3.9,133.33333333333334,251.0,22.666666666666668
SV012,L,105,2,3,1,1,3,Response,1080.8555555555556,1320.3,1928.3222222222223,2570.1,801.2222222222222,856.0,244.0,3.411111111111111,12.2,173.66666666666666,257.0,37.77777777777778
SV012,L,106,2,3,0,0,3,Response,3027.3,3270.0,1066.7375,1383.5,707.625,832.0,407.0,3.4444444444444446,10.4,271.6666666666667,875.0,103.11111111111111
SV012,L,107,3,3,1,1,3,Response,1163.9583333333333,1497.2,2183.054166666667,2873.6,654.7916666666666,827.0,119.33333333333333,2.3958333333333335,12.4,238.875,475.0,68.83333333333333
SV012,L,108,2,3,0,1,3,Response,1070.0111111111112,1368.2,1570.7666666666667,2181.6,653.4444444444445,766.0,360.8888888888889,3.17,10.0,161.6,299.0,31.2
SV012,L,109,3,3,0,1,3,Response,958.4125,1555.1,1346.525,1621.7,736.875,862.0,349.0,4.0125,11.5,172.125,297.0,35.5
SV012,L,110,3,3,0,1,3,Response,1353.5,2006.7,1613.5333333333333,1890.2,783.2222222222222,843.0,352.44444444444446,3.59,10.2,156.1,278.0,40.8
SV012,L,111,2,2,0,0,2,Response,2962.6083333333336,3270.0,1083.7416666666666,1818.5,749.0,947.0,185.0,4.43076923076923,12.4,192.53846153846155,347.0,40.92307692307692
SV012,L,112,2,3,0,0,3,Response,2979.75,3270.0,877.075,1079.6,818.375,949.0,441.5,2.5999999999999996,9.4,190.66666666666666,507.0,62.22222222222222
SV012,L,113,3,3,1,1,3,Response,953.796,1462.2,2140.112,2240.3,570.44,750.0,44.32,2.2807692307692307,10.9,323.2692307692308,465.0,95.6923076923077
SV012,L,114,3,2,0,1,2,Response,1272.3666666666666,1971.1,1665.0666666666666,1917.8,705.5555555555555,796.0,257.3333333333333,4.6,10.1,230.2,392.0,41.6
SV012,L,115,3,2,1,0,2,Response,2422.3,2943.6,1153.95,1281.0,764.0,904.0,380.0,7.4799999999999995,8.5,225.6,253.0,54.4
SV012,L,116,2,3,1,0,3,Response,2738.0,2848.8,1063.5666666666666,1103.1,832.3333333333334,899.0,809.3333333333334,2.4,5.6,102.66666666666667,168.0,30.666666666666668
SV012,L,117,2,0,0,1,3,Response,1268.5096774193548,1623.5,2034.2451612903226,2462.9,768.4516129032259,851.0,88.0,2.715625,8.7,253.8125,491.0,45.875
SV012,L,118,3,2,0,0,2,Response,2837.2200000000003,3270.0,1174.94,1594.8,840.6,938.0,724.8,7.720000000000001,14.8,278.6,445.0,138.4
SV012,L,119,2,3,1,1,3,Response,1151.7375,1491.0,1873.65625,2609.1,746.4375,896.0,166.5,2.4823529411764707,12.0,216.35294117647058,533.0,71.52941176470588
SV012,L,120,2,3,0,1,3,Response,1221.95,1554.2,983.525,1064.6,917.75,1003.0,400.0,3.675,7.7,155.5,224.0,30.0
SV012,L,121,2,2,0,0,2,Response,2753.64,3017.7,1089.94,1178.2,812.0,934.0,744.8,3.9666666666666663,8.7,169.16666666666666,249.0,45.333333333333336
SV012,L,122,2,0,0,1,2,Response,1408.84,1864.0,1472.1,1711.9,808.0,826.0,400.8,5.26,16.2,197.8,425.0,42.4
SV012,L,123,2,0,0,0,2,Response,2694.8166666666666,2943.5,901.75,959.6,855.3333333333334,1000.0,228.0,2.35,7.7,116.0,216.0,23.333333333333332
SV012,L,124,3,3,0,1,3,Response,1272.7833333333333,1871.6,1499.4166666666667,1691.5,691.5,748.0,468.6666666666667,5.5,17.8,227.28571428571428,490.0,80.0
SV012,L,125,3,3,0,1,3,Response,1657.4599999999998,1951.0,1051.08,1310.1,909.0,1001.0,622.4,4.4,11.3,139.0,227.0,32.0
SV012,L,126,3,2,0,0,2,Response,2705.55,2955.9,930.675,1004.1,797.0,960.0,611.0,5.86,10.8,183.2,326.0,39.2
SV012,L,127,2,2,1,1,2,Response,1351.575,1882.1,1215.425,1384.6,797.5,942.0,379.0,5.58,11.1,166.0,262.0,38.4
SV012,L,128,2,0,1,1,3,Response,1199.0058823529412,1636.2,1823.4823529411765,2125.7,673.8823529411765,855.0,155.52941176470588,2.25,9.9,186.11111111111111,439.0,46.22222222222222
SV012,L,129,2,2,1,1,2,Response,1062.7217391304348,1357.5,1980.1173913043476,2171.7,640.9565217391304,849.0,66.26086956521739,1.6782608695652175,6.5,231.7391304347826,382.0,64.52173913043478
SV012,L,130,3,3,1,1,3,Response,1283.8346153846153,1559.9,1841.9923076923078,2126.9,775.8846153846154,855.0,116.15384615384616,1.6555555555555557,6.4,177.74074074074073,269.0,34.074074074074076
SV012,L,131,3,3,1,0,3,Response,2983.6400000000003,3270.0,1416.58,2522.1,674.0,854.0,746.4,7.566666666666666,14.8,292.8333333333333,508.0,86.0
SV012,L,132,2,3,0,0,3,Response,3007.609090909091,3270.0,1403.6545454545455,2934.4,676.0,931.0,292.0,6.141666666666667,20.3,211.0,465.0,73.33333333333333
SV012,L,133,3,2,0,1,2,Response,1204.8319999999999,1581.2,2093.3920000000003,2492.0,686.04,822.0,72.0,2.296,8.0,258.68,540.0,100.0
SV012,L,134,3,3,1,0,3,Response,2868.825,3172.9,1221.7375,1921.0,876.5,992.0,396.0,3.9444444444444446,10.2,163.88888888888889,318.0,32.44444444444444
SV012,L,135,3,2,1,1,2,Response,1103.3083333333334,1451.4,2225.2208333333333,2734.7,646.625,903.0,99.66666666666667,2.1565217391304348,9.4,259.17391304347825,491.0,57.56521739130435
SV012,L,136,3,2,1,1,2,Response,1185.4545454545455,1948.9,1814.9909090909093,2132.0,711.3636363636364,840.0,200.36363636363637,4.008333333333334,12.3,256.5,465.0,54.666666666666664
SV012,L,137,3,3,1,1,3,Response,1298.83,1880.9,1938.6950000000002,2162.1,761.9,955.0,61.0,2.5714285714285716,12.2,250.85714285714286,458.0,55.61904761904762
SV012,L,138,2,0,1,1,3,Response,1351.0235294117647,1941.7,1782.629411764706,1964.5,710.3529411764706,838.0,94.3529411764706,2.183333333333333,9.6,170.11111111111111,258.0,42.44444444444444
SV012,L,139,2,3,0,0,3,Response,2922.9555555555557,3270.0,1479.6370370370369,2450.3,683.2222222222222,958.0,126.96296296296296,2.9464285714285716,14.8,177.21428571428572,437.0,41.0
SV012,L,140,3,2,1,1,2,Response,1134.46,1258.5,1456.1799999999998,1622.5,832.6,861.0,404.0,1.6545454545454545,8.2,130.8181818181818,213.0,22.545454545454547
SV012,L,141,2,0,0,1,2,Response,1291.26875,1541.3,1807.49375,2045.8,781.6875,857.0,146.75,1.925,8.9,196.6875,444.0,35.5
SV012,L,142,2,2,1,0,2,Response,,,,,,,,0.8,0.8,69.0,69.0,16.0
SV012,L,143,2,3,0,0,3,Response,3029.9363636363637,3270.0,1176.609090909091,1939.0,802.9090909090909,927.0,334.1818181818182,3.108333333333333,11.1,195.75,490.0,62.333333333333336
SV012,L,144,2,3,1,1,3,Response,1122.7354166666667,1668.1,2004.9416666666666,2500.8,716.3125,927.0,151.0,1.8020833333333333,11.2,224.04166666666666,477.0,50.083333333333336
SV012,L,145,3,3,1,1,3,Response,1178.0809523809523,1584.5,2030.8095238095239,2287.2,706.0952380952381,904.0,67.04761904761905,1.035,4.7,252.75,468.0,59.4
SV012,L,146,3,2,1,0,2,Response,2599.1,2908.6,1332.0166666666667,2091.8,753.8333333333334,850.0,390.6666666666667,5.3999999999999995,12.4,190.85714285714286,455.0,74.85714285714286
SV012,L,147,3,3,1,1,3,Response,1163.4454545454546,1673.9,1852.2454545454545,2263.6,734.6363636363636,812.0,134.1818181818182,2.4,8.9,204.83333333333334,458.0,36.666666666666664
SV012,L,148,2,0,0,1,2,Response,837.157142857143,1078.2,1581.542857142857,1974.6,787.4285714285714,829.0,298.2857142857143,3.728571428571428,8.6,173.28571428571428,308.0,37.142857142857146
SV012,L,149,3,0,1,1,1,Response,1341.0727272727272,1591.2,1800.3545454545456,1975.1,665.5454545454545,760.0,81.0909090909091,1.018181818181818,2.3,163.45454545454547,306.0,30.545454545454547
SV012,L,150,3,0,0,1,1,Response,1240.8,1572.7,1117.25,1186.7,830.5,968.0,390.0,7.6000000000000005,10.9,567.6666666666666,1162.0,262.6666666666667
SV012,L,151,2,0,1,1,3,Response,1080.7260869565218,1522.9,2061.2,2327.9,610.5652173913044,822.0,224.34782608695653,2.573913043478261,9.9,261.5217391304348,495.0,63.130434782608695
SV012,L,152,3,3,0,1,3,Response,1134.211111111111,1620.6,2084.6111111111113,2329.0,667.5555555555555,904.0,168.88888888888889,2.511111111111111,9.8,286.1111111111111,516.0,85.11111111111111
SV012,L,153,2,2,1,1,2,Response,1138.3555555555556,1526.8,1984.3944444444444,2142.4,674.3333333333334,826.0,59.77777777777778,1.7157894736842105,5.2,273.6842105263158,413.0,68.84210526315789
SV012,L,154,2,3,1,1,3,Response,977.0083333333333,1445.4,2135.266666666667,2882.8,465.25,614.0,95.66666666666667,3.6692307692307695,14.0,242.15384615384616,369.0,88.3076923076923
SV012,L,155,3,3,1,0,3,Response,2975.9875,2990.3,1292.225,1369.8,612.5,652.0,70.5,1.3777777777777778,3.5,194.66666666666666,267.0,36.0
SV012,L,156,3,0,1,1,1,Response,948.6555555555556,1230.7,2042.7666666666669,3037.7,615.2222222222222,780.0,152.0,2.855555555555556,10.3,163.33333333333334,334.0,27.555555555555557
SV012,L,157,2,0,1,1,3,Response,999.6666666666666,1347.9,1931.6000000000001,2255.2,638.5,806.0,135.33333333333334,1.5999999999999999,9.0,197.16666666666666,486.0,69.33333333333333
SV012,L,158,3,3,0,0,3,Response,2893.4,3022.3,955.45,970.7,768.5,805.0,454.0,3.966666666666667,7.8,255.33333333333334,482.0,73.33333333333333
SV012,L,159,3,0,1,1,3,Response,1166.50625,1438.9,1875.90625,2146.2,774.6875,886.0,82.25,1.6625,4.7,183.125,293.0,49.5
SV012,L,160,2,2,1,0,2,Response,2838.7333333333336,2919.4,1074.5,1113.5,837.0,889.0,1094.6666666666667,1.9,3.6,415.75,867.0,130.0
SV012,L,161,2,2,0,1,2,Response,1348.0,1696.3,984.0,1015.1,921.0,1008.0,1140.0,8.35,11.2,424.5,655.0,146.0
SV012,L,162,3,0,0,0,3,Response,3085.7200000000003,3270.0,1212.6200000000001,1404.3,859.0,883.0,610.4,4.333333333333333,10.3,350.3333333333333,719.0,102.66666666666667
SV012,L,163,2,2,0,0,2,Response,2608.6666666666665,3270.0,982.1444444444444,1165.6,775.3333333333334,882.0,403.1111111111111,3.755555555555555,9.0,267.6666666666667,761.0,72.0
SV012,L,164,2,2,0,1,2,Response,1001.8499999999999,1673.1,1412.775,1667.2,753.5,848.0,496.0,7.475,12.7,213.0,317.0,49.0
SV012,L,165,2,0,0,1,1,Response,990.2,990.2,1106.2,1106.2,810.0,810.0,480.0,4.75,8.5,295.5,383.0,174.0
SV012,L,166,3,0,0,1,3,Response,1351.363157894737,1875.3,2143.1631578947367,3270.0,727.0526315789474,913.0,233.47368421052633,3.215,16.8,224.6,527.0,44.6
SV012,L,167,2,0,0,1,3,Response,1444.975,2066.8,1443.7,2270.1,692.5,915.0,391.0,8.475,15.4,227.25,394.0,59.0
SV012,L,168,2,2,0,0,2,Response,2948.46,3270.0,1122.2199999999998,1210.1,809.4,981.0,490.4,3.0500000000000003,8.5,149.66666666666666,236.0,28.0
SV012,L,169,2,3,0,1,1,Response,1014.9,1014.9,1072.1,1072.1,730.0,730.0,692.0,13.1,13.1,502.0,502.0,220.0
SV012,L,170,3,3,0,0,2,Response,2959.8,2968.3,939.35,1010.7,699.5,737.0,850.0,1.9333333333333333,3.0,148.33333333333334,244.0,25.333333333333332
SV012,L,171,2,2,1,1,1,Response,911.675,1050.9,2146.2,2834.6,730.75,853.0,369.0,7.340000000000001,14.7,332.8,571.0,84.8
SV012,L,172,3,3,1,0,3,Response,2690.5666666666666,2970.7,1149.5666666666666,1173.6,777.6666666666666,945.0,645.3333333333334,5.625,8.8,283.5,736.0,110.0
SV012,L,173,3,2,1,1,2,Response,1044.26,1283.1,2070.8599999999997,2737.5,685.9,774.0,175.6,3.0,12.6,159.4,304.0,34.0
SV012,L,174,3,3,0,0,3,Response,3056.975,3270.0,1426.9,1792.4,749.25,887.0,541.5,3.933333333333333,10.1,190.11111111111111,497.0,43.111111111111114
SV012,L,175,2,3,0,1,3,Response,1147.3238095238096,1539.1,1927.0,2503.4,677.2857142857143,775.0,188.57142857142858,1.8238095238095238,8.1,200.04761904761904,441.0,52.38095238095238
SV012,L,176,3,0,1,0,3,Response,2866.5,2866.5,1111.7,1111.7,772.0,772.0,2436.0,1.5,1.6,104.5,113.0,20.0
SV012,L,177,3,0,1,1,3,Response,,,,,,,,0.9,0.9,80.0,80.0,16.0
SV012,L,178,2,3,0,1,3,Response,1192.46,1839.1,1384.3,1492.7,768.0,883.0,258.4,5.416666666666667,17.9,174.16666666666666,376.0,38.666666666666664
SV012,L,179,3,2,0,0,3,Response,3270.0,3270.0,1177.2,1177.2,883.0,883.0,620.0,3.0,4.4,198.5,232.0,28.0
SV012,L,180,2,3,0,0,3,Response,2620.6666666666665,2919.7,954.4,974.0,886.6666666666666,976.0,358.6666666666667,4.475,7.5,174.75,248.0,36.0
SV012,L,181,2,0,0,1,3,Response,1095.0,1198.7,1492.0333333333335,1712.2,823.8333333333334,846.0,385.3333333333333,1.7714285714285711,5.0,114.57142857142857,198.0,20.0
SV012,L,182,2,2,1,0,2,Response,2856.066666666667,2927.9,1039.0,1046.4,759.3333333333334,839.0,661.3333333333334,1.15,2.5,87.75,149.0,17.0
SV012,L,183,2,3,1,1,3,Response,1079.9,1120.6,1488.4499999999998,1609.8,755.0,780.0,1568.0,0.7,0.8,78.5,82.0,14.0
SV012,L,184,3,2,0,0,3,Response,2887.2625,3112.6,888.3000000000001,1163.9,834.5,950.0,640.5,1.625,4.7,126.75,347.0,53.5
SV012,L,185,2,2,1,0,2,Response,2942.0,2942.0,1101.9,1101.9,978.0,978.0,484.0,0.9,1.0,78.5,88.0,16.0
SV012,L,186,3,2,1,1,2,Response,996.5833333333334,1062.2,1578.9666666666665,1680.9,836.8333333333334,871.0,242.0,1.0285714285714287,1.4,106.57142857142857,144.0,15.428571428571429
SV012,L,187,2,2,1,0,2,Response,2995.55,3070.7,1093.75,1107.9,796.5,812.0,474.0,3.3000000000000003,8.3,206.66666666666666,483.0,121.33333333333333
SV012,L,188,2,2,0,1,2,Response,1270.3666666666668,1703.9,1343.7,1598.5,836.3333333333334,855.0,390.6666666666667,2.4499999999999997,4.8,118.25,175.0,25.0
SV012,L,189,3,0,1,0,3,Response,2903.1400000000003,2943.5,1137.36,1185.6,750.2,825.0,496.8,0.7666666666666666,1.2,104.83333333333333,186.0,26.0
SV012,L,190,2,2,0,0,2,Response,2939.5333333333333,3270.0,1164.8466666666668,1371.1,840.3333333333334,914.0,362.93333333333334,1.68125,4.8,193.125,588.0,45.25
SV012,L,191,2,2,1,0,2,Response,2879.7666666666664,2969.9,1185.7,1264.8,887.0,993.0,945.3333333333334,2.75,5.3,145.75,223.0,24.0
SV012,L,192,3,0,1,1,3,Response,1062.0333333333333,1137.6,1634.25,1709.8,740.3333333333334,762.0,344.0,1.9857142857142858,7.5,142.14285714285714,217.0,25.714285714285715
SV012,L,193,2,0,1,0,4,Response,2902.7571428571428,3011.3,1299.8285714285714,1436.7,696.2857142857143,763.0,146.28571428571428,1.2625,5.2,216.625,515.0,66.0
SV012,L,194,2,0,0,0,3,Response,2922.603703703704,3072.9,1395.3037037037036,2308.3,682.6296296296297,850.0,202.96296296296296,1.4857142857142858,9.2,173.07142857142858,496.0,39.142857142857146
SV012,L,195,3,3,0,0,3,Response,3104.75,3270.0,848.05,924.2,814.5,857.0,996.0,3.3,3.8,214.0,215.0,40.0
SV012,L,196,2,0,1,0,3,Response,2906.1181818181817,3034.6,1217.5272727272727,1386.1,732.4545454545455,869.0,184.0,0.975,2.3,156.33333333333334,262.0,27.666666666666668
SV012,L,197,2,0,0,0,2,Response,3029.0285714285715,3270.0,1416.9857142857145,2761.8,659.4285714285714,846.0,306.2857142857143,4.7625,18.6,228.25,454.0,52.0
SV012,L,198,2,0,1,1,3,Response,784.375,847.5,1639.025,1743.0,647.0,690.0,367.0,1.8399999999999999,2.7,170.0,200.0,16.0
SV012,L,199,2,0,1,0,3,Response,2776.05,3074.7,947.425,1175.2,741.25,819.0,462.0,4.14,10.5,219.4,544.0,76.8
SV012,L,200,2,3,1,1,1,Response,,,,,,,,0.5,0.5,67.0,67.0,12.0
SV012,L,201,3,2,1,0,2,Response,2866.55,2946.8,1079.0,1111.6,698.5,742.0,378.0,1.1,1.6,95.33333333333333,134.0,26.666666666666668
SV012,L,202,3,0,1,1,1,Response,,,,,,,,,,,,
SV012,L,203,3,3,1,1,3,Response,871.4,957.9,1784.7,1861.2,560.5,580.0,134.66666666666666,0.85,1.4,130.0,190.0,21.333333333333332
SV012,L,204,2,2,0,0,2,Response,2995.92,3270.0,1345.06,1597.2,724.0,840.0,608.8,3.7,5.0,166.6,193.0,52.8
SV012,L,205,3,0,0,1,3,Response,1293.3948717948717,1747.7,2022.402564102564,2271.7,673.6666666666666,840.0,84.82051282051282,2.005,8.2,219.9,490.0,45.6
SV012,L,206,3,0,1,0,3,Response,2797.066666666667,2911.6,1036.1,1100.6,819.3333333333334,965.0,638.6666666666666,2.65,6.8,124.25,189.0,25.0
SV012,L,207,3,3,1,0,3,Response,,,,,,,,0.9,0.9,75.0,75.0,16.0
SV012,L,208,3,3,1,0,3,Response,2826.4,2826.4,1168.7,1168.7,696.0,696.0,492.0,0.8500000000000001,1.3,88.0,123.0,14.0
SV012,L,209,2,2,0,1,2,Response,1154.65,1217.0,1169.5500000000002,1202.4,700.0,774.0,670.0,3.733333333333333,7.2,244.0,458.0,156.0
SV012,L,210,2,0,1,0,2,Response,,,,,,,,0.8,0.8,71.0,71.0,16.0
SV012,L,211,3,2,1,1,2,Response,1124.285,1399.8,1971.1299999999999,2778.5,592.9,764.0,157.2,2.4428571428571426,9.0,231.14285714285714,498.0,50.476190476190474
SV012,L,212,2,2,0,0,2,Response,2990.292307692308,3270.0,1226.2153846153847,1642.8,753.2307692307693,890.0,185.23076923076923,2.207692307692308,6.6,184.46153846153845,465.0,48.92307692307692
SV012,L,213,2,3,1,1,3,Response,1087.6333333333334,1915.8,1737.4533333333334,2353.3,643.9333333333333,763.0,145.6,3.2625,12.0,185.6875,362.0,52.0
SV012,L,214,3,2,0,1,2,Response,1203.9666666666667,1779.7,2225.938888888889,2830.0,590.6666666666666,737.0,151.33333333333334,2.6166666666666667,12.9,208.0,468.0,33.55555555555556
SV012,L,215,2,2,0,0,2,Response,2988.723076923077,3270.0,1139.1076923076923,1426.7,787.8461538461538,935.0,287.0769230769231,1.9785714285714284,6.7,183.85714285714286,497.0,42.285714285714285
SV012,L,216,2,0,1,0,2,Response,3003.994117647059,3200.2,1336.3117647058823,1854.0,723.1176470588235,919.0,86.11764705882354,2.5833333333333335,7.3,204.05555555555554,364.0,30.88888888888889
SV012,L,217,2,3,1,0,3,Response,2973.7,2993.2,1147.525,1232.9,673.75,699.0,538.0,0.725,1.2,102.25,145.0,17.0
SV012,L,218,3,3,1,1,2,Response,1032.9833333333333,1965.5,2388.4083333333333,3270.0,528.1666666666666,615.0,147.66666666666666,4.95,21.3,192.25,507.0,46.666666666666664
SV012,L,219,3,2,0,0,2,Response,2963.6666666666665,3003.9,1131.25,1326.9,792.8333333333334,807.0,342.0,3.5714285714285716,11.2,204.57142857142858,562.0,140.0
SV012,L,220,3,0,1,1,3,Response,1132.415,1493.2,1875.27,2043.0,728.2,871.0,152.6,1.7100000000000002,6.0,187.8,420.0,54.6
SV012,L,221,3,3,0,0,3,Response,3158.0,3270.0,1336.1,1414.7,751.0,866.0,956.0,2.6333333333333333,5.5,157.66666666666666,239.0,29.333333333333332
SV012,L,222,3,3,0,0,3,Response,3023.7,3037.4,1293.6,1369.1,679.2,793.0,350.4,0.6666666666666666,1.6,113.16666666666667,152.0,24.0
SV012,L,223,3,0,1,1,3,Response,991.061111111111,1468.1,2339.55,3270.0,542.9444444444445,733.0,146.0,3.2444444444444445,14.6,260.05555555555554,381.0,75.33333333333333
SV012,L,224,2,0,0,0,3,Response,3019.8470588235296,3270.0,1271.0941176470587,1480.6,787.7647058823529,935.0,288.2352941176471,1.4666666666666666,10.1,165.38888888888889,284.0,31.11111111111111
SV012,L,225,3,2,1,0,2,Response,2992.65,3124.5,1310.7428571428572,1644.3,720.2142857142857,859.0,149.71428571428572,1.9866666666666668,8.3,158.86666666666667,271.0,33.333333333333336
SV012,L,226,2,3,0,1,3,Response,1236.4,1438.9,1085.2,1129.7,813.5,898.0,852.0,4.35,5.9,183.0,201.0,34.0
SV012,L,227,3,0,1,0,2,Response,2948.7666666666664,3270.0,1494.7,2496.8,514.1666666666666,718.0,196.0,5.0,15.9,190.66666666666666,335.0,58.0
SV012,L,228,3,0,1,0,3,Response,2958.733333333333,3112.6,1269.0888888888887,1415.0,651.0,846.0,216.0,1.26,3.8,153.0,238.0,30.0
SV012,L,229,2,0,1,1,3,Response,967.1111111111111,1145.8,1659.9333333333334,1893.2,715.4444444444445,769.0,181.77777777777777,1.73,6.9,142.6,189.0,25.6
SV012,L,230,3,3,0,1,3,Response,1080.142857142857,1501.1,2313.7714285714283,2766.3,576.3809523809524,809.0,85.52380952380952,2.9272727272727277,12.3,297.6363636363636,470.0,65.63636363636364
SV012,L,231,2,3,1,0,3,Response,2928.9285714285716,3124.8,1201.5785714285714,1342.6,741.5714285714286,877.0,150.85714285714286,1.06,2.4,139.33333333333334,225.0,19.466666666666665
SV012,L,232,2,0,0,1,3,Response,982.6545454545455,1257.0,1648.3,1936.6,719.6363636363636,756.0,173.45454545454547,1.7909090909090908,9.7,149.45454545454547,419.0,66.18181818181819
SV012,L,233,3,0,1,1,3,Response,1147.5277777777778,1359.4,1793.3166666666666,2267.7,668.7777777777778,802.0,166.66666666666666,2.057894736842105,6.9,175.21052631578948,474.0,43.578947368421055
SV012,L,234,3,2,1,0,2,Response,2830.85,2912.4,1349.7,2062.2,670.3333333333334,938.0,262.0,1.9666666666666668,7.8,158.83333333333334,202.0,40.666666666666664
SV012,L,235,3,0,0,0,4,Response,3028.366666666667,3046.6,1195.1916666666666,1347.3,739.4166666666666,821.0,199.0,1.1384615384615384,2.0,156.15384615384616,635.0,52.30769230769231
SV012,L,236,2,3,0,0,3,Response,3004.6,3270.0,1327.2785714285715,1507.7,714.1428571428571,952.0,202.57142857142858,1.4666666666666666,5.8,143.2,220.0,25.333333333333332
SV012,L,237,2,2,1,0,2,Response,2917.8736842105263,3048.1,1343.5,1558.3,693.1578947368421,887.0,130.31578947368422,1.435,4.5,146.9,248.0,26.8
SV012,L,238,2,0,0,0,2,Response,3087.7799999999997,3270.0,1405.25,1777.9,694.6,829.0,210.0,2.2363636363636363,5.5,146.63636363636363,208.0,25.818181818181817
SV012,L,239,2,0,1,1,1,Response,1036.3285714285714,1209.1,2052.735714285714,2828.8,692.3571428571429,763.0,93.14285714285714,2.5785714285714287,11.3,195.92857142857142,318.0,39.142857142857146
SV012,L,240,3,0,0,0,2,Response,3029.525,3071.1,1087.225,1320.9,726.75,890.0,336.0,2.7399999999999998,9.1,140.6,222.0,29.6
SV012,L,241,3,3,1,1,3,Response,1859.175,1978.0,496.29999999999995,524.3,862.75,933.0,610.0,2.42,4.3,154.4,384.0,84.8
SV012,L,242,2,2,0,1,2,Response,1928.4,1928.4,586.9,586.9,830.0,830.0,864.0,2.05,3.3,89.0,107.0,28.0
SV012,L,243,2,3,1,1,3,Response,1886.7,1889.5,707.55,818.2,768.5,797.0,298.0,2.1999999999999997,4.7,153.33333333333334,318.0,153.33333333333334
SV012,L,244,3,3,0,0,3,Response,,,,,,,,,,,,
SV012,L,245,3,3,1,0,3,Response,1972.9,1972.9,1406.5,1406.5,771.0,771.0,936.0,0.5,0.5,63.0,63.0,12.0
SV012,L,246,3,0,0,0,0,Response,,,,,,,,,,,,
SV012,L,247,3,3,1,1,3,Response,,,,,,,,,,,,
SV012,L,248,2,3,1,1,3,Response,,,,,,,,,,,,
SV012,L,249,2,3,0,1,3,Response,2013.4,2013.4,1286.0,1286.0,539.0,539.0,516.0,3.5999999999999996,4.6,575.5,876.0,284.0
SV012,L,250,2,2,1,0,2,Response,1886.9,1886.9,924.9,924.9,716.0,716.0,612.0,0.55,0.7,57.5,64.0,14.0
SV012,L,251,2,0,1,1,0,Response,,,,,,,,,,,,
SV012,L,252,3,2,1,1,2,Response,,,,,,,,,,,,
SV012,L,253,2,2,0,1,2,Response,,,,,,,,,,,,
SV012,L,254,2,0,1,1,0,Response,2038.1,2038.1,1626.4,1626.4,499.0,499.0,68.0,1.85,3.1,131.0,189.0,18.0
SV012,L,255,2,2,1,1,2,Response,,,,,,,,6.2,6.2,1597.0,1597.0,272.0
SV012,L,256,2,3,1,0,3,Response,,,,,,,,,,,,
SV012,L,257,3,3,0,1,3,Response,,,,,,,,,,,,
SV012,L,258,3,0,0,1,0,Response,,,,,,,,,,,,
SV012,L,259,2,2,1,1,2,Response,,,,,,,,2.7,2.7,905.0,905.0,192.0
SV012,L,260,2,0,1,0,0,Response,,,,,,,,,,,,
SV012,L,261,2,3,1,0,3,Response,,,,,,,,,,,,
SV012,L,262,2,0,1,0,0,Response,,,,,,,,,,,,
SV012,L,263,2,0,1,1,0,Response,,,,,,,,,,,,
SV012,L,264,2,2,0,0,2,Response,,,,,,,,,,,,
SV012,L,265,3,2,1,1,2,Response,,,,,,,,,,,,
SV012,L,266,2,3,1,1,3,Response,,,,,,,,,,,,
SV012,L,267,3,0,0,0,0,Response,,,,,,,,,,,,
SV012,L,268,3,3,1,1,3,Response,1945.8,1945.8,1679.1,1679.1,520.0,520.0,28.0,3.4,6.2,152.5,228.0,26.0
SV012,L,269,2,0,0,0,0,Response,,,,,,,,,,,,
SV012,L,270,2,3,1,1,3,Response,,,,,,,,,,,,
SV012,L,271,2,0,0,1,0,Response,,,,,,,,,,,,
SV012,L,272,2,0,0,0,0,Response,,,,,,,,,,,,
SV012,L,273,3,3,1,0,3,Response,,,,,,,,,,,,
SV012,L,274,3,2,1,1,2,Response,,,,,,,,,,,,
SV012,L,275,2,3,0,1,3,Response,,,,,,,,,,,,
SV012,L,276,2,3,0,0,3,Response,,,,,,,,,,,,
SV012,L,277,2,0,1,0,0,Response,,,,,,,,,,,,
SV012,L,278,2,2,0,0,2,Response,,,,,,,,,,,,
SV012,L,279,2,2,1,0,2,Response,,,,,,,,,,,,
SV012,L,280,3,0,0,0,0,Response,,,,,,,,,,,,
SV012,L,281,3,2,1,0,2,Response,,,,,,,,,,,,
SV012,L,282,3,3,1,1,3,Response,,,,,,,,,,,,
SV012,L,283,3,0,1,1,0,Response,,,,,,,,,,,,
SV012,L,284,2,2,0,1,2,Response,,,,,,,,,,,,
SV012,L,285,3,0,1,1,0,Response,,,,,,,,,,,,
SV012,L,286,2,2,1,0,2,Response,,,,,,,,,,,,
SV012,L,287,2,2,1,1,2,Response,,,,,,,,0.1,0.1,1036.0,1036.0,300.0
SV012,L,288,3,2,1,1,2,Response,,,,,,,,0.8,0.8,1101.0,1101.0,324.0
SV012,L,289,3,0,1,1,2,Response,,,,,,,,,,,,
SV012,L,290,2,2,0,0,2,Response,,,,,,,,1.1,1.1,830.0,830.0,272.0
SV012,L,291,3,3,0,0,3,Response,,,,,,,,2.7,2.7,660.0,660.0,272.0
SV012,L,292,3,3,0,1,3,Response,,,,,,,,,,,,
SV012,L,293,3,2,0,1,2,Response,,,,,,,,,,,,
SV012,L,294,3,0,0,0,0,Response,,,,,,,,,,,,
SV012,L,295,3,3,0,1,3,Response,,,,,,,,,,,,
SV012,L,296,3,2,1,1,2,Response,,,,,,,,1.8,1.8,871.0,871.0,408.0
SV012,L,297,3,3,0,1,3,Response,,,,,,,,,,,,
SV012,L,298,3,3,0,0,3,Response,,,,,,,,,,,,
SV012,L,299,3,0,0,0,0,Response,,,,,,,,,,,,
SV012,L,300,2,2,1,1,2,Response,,,,,,,,,,,,
SV012,L,301,3,2,0,1,2,Response,,,,,,,,,,,,
SV012,L,302,2,2,0,0,2,Response,,,,,,,,,,,,
SV012,L,303,3,3,1,1,3,Response,,,,,,,,,,,,
SV012,L,304,2,2,1,1,2,Response,,,,,,,,,,,,
SV012,L,305,2,2,0,0,2,Response,,,,,,,,,,,,
SV012,L,306,2,2,1,0,2,Response,,,,,,,,,,,,
SV012,L,307,3,3,0,1,3,Response,,,,,,,,,,,,
SV012,L,308,3,3,0,0,3,Response,,,,,,,,,,,,
SV012,L,309,2,3,1,1,3,Response,,,,,,,,,,,,
SV012,L,310,3,3,0,1,3,Response,,,,,,,,,,,,
SV012,L,311,2,2,0,0,2,Response,,,,,,,,,,,,
SV012,L,312,2,3,1,0,3,Response,1953.2,1953.2,1914.8,1914.8,309.0,309.0,36.0,1.6,1.6,199.0,199.0,12.0
SV012,L,313,2,3,0,0,3,Response,,,,,,,,,,,,
SV012,L,314,3,0,1,0,0,Response,1857.5,1857.5,1854.4,1854.4,243.0,243.0,28.0,3.05,4.8,144.0,166.0,54.0
SV012,L,315,2,3,1,1,3,Response,,,,,,,,,,,,
SV012,L,316,3,0,0,1,0,Response,1285.7,1285.7,2403.4,2403.4,83.0,83.0,64.0,17.1,17.1,618.0,618.0,76.0
SV012,L,317,3,2,0,0,2,Response,,,,,,,,0.4,0.4,53.0,53.0,12.0
SV012,L,318,3,0,0,1,0,Response,,,,,,,,,,,,
SV012,L,319,2,3,0,0,3,Response,,,,,,,,,,,,
SV012,L,320,3,2,1,1,2,Response,,,,,,,,,,,,
SV012,L,321,2,0,0,1,0,Response,,,,,,,,,,,,
SV012,L,322,3,0,1,0,0,Response,,,,,,,,,,,,
SV012,L,323,2,0,0,0,0,Response,,,,,,,,,,,,
SV012,L,324,2,3,0,1,3,Response,2061.1000000000004,2088.3,1645.65,1785.6,403.0,504.0,120.0,3.733333333333333,8.1,313.0,647.0,100.0
SV012,L,325,2,2,0,0,2,Response,1980.6999999999998,2018.8,1053.75,1357.8,545.0,568.0,1186.0,2.5,2.7,125.0,141.0,30.0
SV012,L,326,3,0,1,0,0,Response,,,,,,,,,,,,
SV012,L,327,2,3,1,1,3,Response,,,,,,,,,,,,
SV012,L,328,2,2,1,1,2,Response,1725.1,1725.1,981.8,981.8,736.0,736.0,140.0,1.6,2.0,113.0,146.0,20.0
SV012,L,329,3,3,1,0,3,Response,,,,,,,,,,,,
SV012,L,330,2,0,1,1,0,Response,,,,,,,,0.4,0.4,53.0,53.0,12.0
SV012,L,331,2,0,1,1,0,Response,,,,,,,,,,,,
SV012,L,332,3,2,0,1,2,Response,,,,,,,,,,,,
SV012,L,333,3,3,1,1,3,Response,,,,,,,,1.0,1.0,962.0,962.0,284.0
SV012,L,334,3,2,0,1,2,Response,,,,,,,,,,,,
SV012,L,335,3,0,0,1,0,Response,,,,,,,,,,,,
SV012,L,336,3,2,1,0,2,Response,,,,,,,,,,,,
SV012,L,337,3,3,0,0,3,Response,,,,,,,,2.0,2.0,742.0,742.0,260.0
SV012,L,338,2,0,1,0,0,Response,,,,,,,,10.4,10.4,497.0,497.0,324.0
SV012,L,339,2,2,1,1,2,Response,,,,,,,,,,,,
SV012,L,340,3,2,1,0,2,Response,,,,,,,,,,,,
SV012,L,341,2,0,0,1,0,Response,,,,,,,,,,,,
SV012,L,342,2,2,0,1,2,Response,,,,,,,,,,,,
SV012,L,343,3,2,1,0,2,Response,1926.6,1926.6,1155.3,1155.3,652.0,652.0,428.0,3.65,6.0,496.5,906.0,156.0
SV012,L,344,3,3,1,0,3,Response,,,,,,,,,,,,
SV012,L,345,2,2,1,0,2,Response,,,,,,,,,,,,
SV012,L,346,2,0,1,0,0,Response,,,,,,,,5.4,5.4,659.0,659.0,284.0
SV012,L,347,2,3,1,0,3,Response,1703.0,1703.0,1425.0,1425.0,533.0,533.0,160.0,3.8499999999999996,5.3,348.0,517.0,222.0
SV012,L,348,3,0,0,1,0,Response,1942.6,1942.6,992.7,992.7,655.0,655.0,120.0,0.4,0.4,243.0,437.0,150.0
SV012,L,349,2,3,0,0,3,Response,,,,,,,,,,,,
SV012,L,350,3,0,1,1,0,Response,1921.7,1921.7,2157.8,2157.8,242.0,242.0,60.0,13.2,13.2,312.0,312.0,140.0
SV012,L,351,2,0,0,1,0,Response,,,,,,,,,,,,
SV012,L,352,3,2,0,1,2,Response,2015.8,2015.8,1497.2,1497.2,603.0,603.0,536.0,4.3,4.3,831.0,831.0,360.0
SV012,L,353,3,2,0,0,2,Response,,,,,,,,,,,,
SV012,L,354,3,0,0,1,0,Response,1876.8,1910.0,1181.45,1287.0,668.5,703.0,514.0,3.5,6.6,128.5,201.0,32.0
SV012,L,355,3,2,0,1,2,Response,,,,,,,,,,,,
SV012,L,356,2,3,0,0,3,Response,,,,,,,,0.5,0.5,68.0,68.0,12.0
SV012,L,357,3,3,0,0,3,Response,,,,,,,,,,,,
SV012,L,358,3,2,1,0,2,Response,,,,,,,,,,,,
SV012,L,359,3,0,1,1,0,Response,,,,,,,,,,,,
SV012,L,360,3,3,1,0,3,Response,,,,,,,,,,,,
SV012,L,361,3,0,1,0,0,Response,,,,,,,,,,,,
SV012,L,362,3,2,1,1,2,Response,,,,,,,,6.1,6.1,620.0,620.0,264.0
SV012,L,363,2,0,0,0,0,Response,,,,,,,,,,,,
SV012,L,364,2,0,0,0,0,Response,2019.5,2019.5,1433.4,1433.4,729.0,729.0,424.0,1.0,1.0,657.0,657.0,340.0
SV012,L,365,2,2,1,1,2,Response,,,,,,,,,,,,
SV012,L,366,3,3,1,1,3,Response,,,,,,,,0.7,0.7,56.0,56.0,16.0
SV012,L,367,3,0,1,0,0,Response,,,,,,,,,,,,
SV012,L,368,2,2,1,1,2,Response,,,,,,,,,,,,
SV012,L,369,3,3,1,0,3,Response,,,,,,,,3.4,3.4,652.0,652.0,212.0
SV012,L,370,3,2,0,0,2,Response,,,,,,,,,,,,
SV012,L,371,2,0,0,0,0,Response,,,,,,,,,,,,
SV012,L,372,2,0,0,1,0,Response,,,,,,,,,,,,
SV012,L,373,3,2,1,1,2,Response,,,,,,,,,,,,
SV012,L,374,2,0,1,1,0,Response,,,,,,,,,,,,
SV012,L,375,3,0,0,0,0,Response,,,,,,,,3.0,3.0,937.0,937.0,312.0
SV012,L,376,3,2,0,0,2,Response,,,,,,,,,,,,
SV012,L,377,2,3,0,1,3,Response,,,,,,,,,,,,
SV012,L,378,3,2,1,0,2,Response,,,,,,,,,,,,
SV012,L,379,2,0,0,0,0,Response,,,,,,,,0.6,0.6,77.0,77.0,12.0
SV012,L,380,3,0,1,1,0,Response,,,,,,,,,,,,
SV012,L,381,2,2,0,1,2,Response,,,,,,,,,,,,
SV012,L,382,3,2,0,0,2,Response,,,,,,,,,,,,
SV012,L,383,3,0,0,0,0,Response,,,,,,,,,,,,
SV012,L,384,2,3,0,1,3,Response,,,,,,,,,,,,
SV012,L,385,2,0,0,0,0,Response,,,,,,,,,,,,
SV012,L,386,3,0,0,1,0,Response,,,,,,,,,,,,
SV012,L,387,2,3,0,1,3,Response,,,,,,,,,,,,
SV012,L,388,3,0,0,1,0,Response,,,,,,,,,,,,
SV012,L,389,3,0,1,0,0,Response,,,,,,,,2.6,2.6,861.0,861.0,248.0
SV012,L,390,2,0,1,1,0,Response,,,,,,,,,,,,
SV012,L,391,2,0,1,0,0,Response,,,,,,,,,,,,
SV012,L,392,2,3,1,1,3,Response,,,,,,,,0.8,0.8,458.0,458.0,292.0
SV012,L,393,3,0,1,0,0,Response,1927.7,1978.2,814.8333333333334,1319.6,663.3333333333334,691.0,202.66666666666666,2.325,4.5,303.25,884.0,92.0
SV012,L,394,2,2,1,0,2,Response,,,,,,,,,,,,
SV012,L,395,2,2,0,1,2,Response,,,,,,,,,,,,
SV012,L,396,2,2,0,0,2,Response,,,,,,,,,,,,
SV012,L,397,2,2,0,1,2,Response,,,,,,,,,,,,
SV012,L,398,3,0,1,1,0,Response,,,,,,,,1.1,1.1,96.0,96.0,16.0
SV012,L,399,3,2,0,1,2,Response,,,,,,,,,,,,
SV012,L,400,3,0,0,1,0,Response,,,,,,,,,,,,
SV012,L,401,2,3,1,1,3,Response,,,,,,,,,,,,
SV012,L,402,3,3,1,1,3,Response,,,,,,,,,,,,
SV012,L,403,2,3,1,0,3,Response,,,,,,,,,,,,
SV012,L,404,2,3,0,0,3,Response,1918.1,1918.1,1113.3,1113.3,859.0,859.0,284.0,2.5,2.5,497.0,497.0,276.0
SV012,L,405,3,3,1,0,3,Response,,,,,,,,,,,,
SV012,L,406,3,2,0,0,2,Response,,,,,,,,,,,,
SV012,L,407,2,2,1,0,2,Response,,,,,,,,,,,,
SV012,L,408,2,2,0,0,2,Response,,,,,,,,,,,,
SV012,L,409,3,2,1,1,2,Response,1990.8,1990.8,1867.2,1867.2,280.0,280.0,40.0,6.3,9.0,569.5,917.0,166.0
SV012,L,410,3,2,0,0,2,Response,1893.9,1893.9,1253.8,1253.8,652.0,652.0,204.0,3.4,3.4,495.0,495.0,252.0
SV012,L,411,2,0,0,1,0,Response,,,,,,,,,,,,
SV012,L,412,3,0,1,1,0,Response,,,,,,,,,,,,
SV012,L,413,3,3,0,0,3,Response,,,,,,,,,,,,
SV012,L,414,3,0,0,0,0,Response,,,,,,,,,,,,
SV012,L,415,2,0,1,0,0,Response,,,,,,,,,,,,
SV012,L,416,3,0,0,1,0,Response,,,,,,,,,,,,
SV012,L,417,2,0,1,0,0,Response,,,,,,,,3.7,3.7,597.0,597.0,220.0
SV012,L,418,3,3,1,0,3,Response,1882.3,1882.3,1230.3,1230.3,727.0,727.0,888.0,0.8,0.8,69.0,69.0,16.0
SV012,L,419,2,2,0,1,2,Response,,,,,,,,,,,,
SV012,L,420,2,2,0,0,2,Response,,,,,,,,0.9,0.9,78.0,78.0,16.0
SV012,L,421,3,2,1,1,2,Response,,,,,,,,,,,,
SV012,L,422,3,2,0,0,2,Response,,,,,,,,,,,,
SV012,L,423,3,3,0,1,3,Response,,,,,,,,,,,,
SV012,L,424,3,3,0,1,3,Response,1969.3,1969.3,1496.1,1496.1,703.0,703.0,112.0,2.95,5.2,491.5,893.0,196.0
SV012,L,425,2,2,0,1,2,Response,,,,,,,,,,,,
SV012,L,426,2,3,1,0,3,Response,,,,,,,,,,,,
SV012,L,427,3,3,1,1,3,Response,,,,,,,,,,,,
SV012,L,428,2,0,0,1,0,Response,,,,,,,,,,,,
SV012,L,429,2,0,1,0,0,Response,,,,,,,,,,,,
SV012,L,430,2,0,1,0,0,Response,,,,,,,,,,,,
SV012,L,431,2,2,1,0,2,Response,,,,,,,,,,,,
SV012,L,432,3,0,1,0,0,Response,,,,,,,,,,,,
SV012,L,433,2,3,0,1,3,Response,,,,,,,,,,,,
SV012,L,434,3,2,1,0,2,Response,,,,,,,,,,,,
SV012,L,435,3,2,1,0,2,Response,,,,,,,,,,,,
SV012,L,436,2,0,0,1,0,Response,,,,,,,,,,,,
SV012,L,437,3,3,0,0,3,Response,,,,,,,,0.7,0.7,86.0,86.0,12.0
SV012,L,438,2,3,1,0,3,Response,,,,,,,,3.1,3.1,1028.0,1028.0,240.0
SV012,L,439,2,3,0,0,3,Response,,,,,,,,1.2,1.2,108.0,108.0,16.0
SV012,L,440,3,3,0,1,3,Response,,,,,,,,,,,,
SV012,L,441,3,3,1,0,3,Response,,,,,,,,,,,,
SV012,L,442,2,2,1,1,2,Response,,,,,,,,,,,,
SV012,L,443,3,2,1,0,2,Response,,,,,,,,,,,,
SV012,L,444,3,3,1,1,3,Response,,,,,,,,,,,,
SV012,L,445,2,0,0,0,0,Response,,,,,,,,,,,,
SV012,L,446,3,0,1,1,0,Response,,,,,,,,,,,,
SV012,L,447,2,3,1,1,3,Response,,,,,,,,,,,,
SV012,L,448,2,3,0,1,3,Response,,,,,,,,,,,,
SV012,L,449,2,3,0,1,3,Response,,,,,,,,,,,,
SV012,L,450,2,3,0,0,3,Response,,,,,,,,,,,,
SV012,L,451,2,3,0,0,3,Response,1944.9,1944.9,850.1,850.1,596.0,596.0,340.0,1.7999999999999998,1.9,100.5,104.0,24.0
SV012,L,452,2,3,1,0,3,Response,,,,,,,,,,,,
SV012,L,453,3,0,1,1,0,Response,,,,,,,,,,,,
SV012,L,454,2,2,1,0,2,Response,,,,,,,,,,,,
SV012,L,455,2,3,0,1,3,Response,,,,,,,,2.7,2.7,345.0,345.0,140.0
SV012,L,456,3,2,0,0,2,Response,,,,,,,,,,,,
SV012,L,457,3,2,0,0,2,Response,,,,,,,,,,,,
SV012,L,458,2,0,0,1,0,Response,,,,,,,,,,,,
SV012,L,459,3,3,1,0,3,Response,,,,,,,,,,,,
SV012,L,460,2,3,1,0,3,Response,,,,,,,,,,,,
SV012,L,461,3,0,1,0,0,Response,,,,,,,,,,,,
SV012,L,462,2,2,0,1,2,Response,,,,,,,,,,,,
SV012,L,463,3,2,0,1,2,Response,1981.9,1981.9,1912.8,1912.8,277.0,277.0,24.0,1.1,1.1,131.0,131.0,12.0
SV012,L,464,3,3,0,0,3,Response,,,,,,,,,,,,
SV012,L,465,2,0,1,1,2,Response,,,,,,,,,,,,
SV012,L,466,2,0,1,1,0,Response,,,,,,,,4.8,4.8,462.0,462.0,316.0
SV012,L,467,2,0,0,1,0,Response,,,,,,,,,,,,
SV012,L,468,3,2,0,1,2,Response,,,,,,,,,,,,
SV012,L,469,3,0,0,0,0,Response,2061.5,2065.9,1739.1,1803.4,475.0,491.0,54.0,4.25,7.8,130.0,177.0,38.0
SV012,L,470,3,3,0,0,3,Response,,,,,,,,,,,,
SV012,L,471,2,0,0,0,0,Response,,,,,,,,2.5,2.5,1042.0,1042.0,308.0
SV012,L,472,3,2,1,0,2,Response,,,,,,,,0.5,0.5,56.0,56.0,12.0
SV012,L,473,2,3,1,0,3,Response,,,,,,,,,,,,
SV012,L,474,3,0,0,0,0,Response,,,,,,,,0.7,0.7,64.0,64.0,16.0
SV012,L,475,3,0,1,0,0,Response,,,,,,,,,,,,
SV012,L,476,2,3,0,0,3,Response,,,,,,,,,,,,
SV012,L,477,2,2,1,0,2,Response,,,,,,,,,,,,
SV012,L,478,3,3,0,1,3,Response,,,,,,,,,,,,
SV012,L,479,3,2,0,1,2,Response,,,,,,,,,,,,
SV012,L,480,2,0,1,1,0,Response,2064.9,2064.9,1495.6,1495.6,433.0,433.0,112.0,3.35,6.3,581.0,1104.0,204.0
SV012,R,1,3,3,1,1,2,Response,2816.688,2863.5,1234.876,2245.2,912.68,1030.0,138.08,1.952,13.2,509.0,1130.0,52.32
SV012,R,2,2,2,1,0,2,Response,986.5428571428572,1283.7,1339.357142857143,2044.4,787.0,935.0,698.2857142857143,4.2625,13.3,147.375,274.0,32.0
SV012,R,3,2,0,0,1,3,Response,2945.023076923077,3270.0,1305.4461538461537,2433.4,893.5384615384615,1259.0,292.61538461538464,3.4642857142857144,17.7,528.8571428571429,1546.0,41.142857142857146
SV012,R,4,2,2,0,1,1,Response,2909.46,3270.0,980.76,1428.3,975.3,1247.0,125.2,1.1777777777777778,7.9,921.5555555555555,2340.0,65.77777777777777
SV012,R,5,2,0,1,0,3,Response,,,,,,,,,,,,
SV012,R,6,3,3,1,0,3,Response,947.6666666666666,1017.6,1157.3666666666668,1169.7,817.6666666666666,959.0,556.0,1.275,1.5,96.5,104.0,18.0
SV012,R,7,2,3,1,0,3,Response,968.7,968.7,1151.2,1151.2,828.0,828.0,2332.0,5.9,9.6,188.5,242.0,40.0
SV012,R,8,3,2,0,0,3,Response,757.0999999999999,1093.5,1525.225,2001.1,856.75,978.0,777.0,5.78,10.1,209.0,310.0,35.2
SV012,R,9,3,0,1,1,1,Response,2781.0,2781.0,2270.3,2270.3,942.0,942.0,316.0,12.4,15.0,255.5,290.0,84.0
SV012,R,10,3,0,0,1,3,Response,2912.5875,3270.0,1053.5625,1328.4,837.625,956.0,354.0,2.7375,9.2,419.375,1739.0,45.0
SV012,R,11,2,0,0,1,3,Response,2886.077777777778,2899.7,1234.0888888888887,1314.7,885.2222222222222,952.0,335.55555555555554,1.5111111111111113,8.9,545.1111111111111,901.0,56.888888888888886
SV012,R,12,3,3,0,0,3,Response,1195.08,1608.1,1143.28,1459.5,748.0,826.0,373.6,5.716666666666666,16.2,210.66666666666666,475.0,43.333333333333336
SV012,R,13,3,0,0,1,3,Response,3121.08,3270.0,1192.34,1516.3,806.0,835.0,328.8,1.5333333333333332,5.9,365.1666666666667,686.0,34.0
SV012,R,14,2,0,1,1,3,Response,2835.7166666666667,2887.4,1182.7333333333333,1327.5,893.5,970.0,417.3333333333333,1.3199999999999998,5.5,507.0,821.0,68.8
SV012,R,15,2,3,1,1,3,Response,2789.7,2831.4,1156.0500000000002,1167.4,782.0,806.0,638.0,0.6666666666666666,1.0,422.6666666666667,922.0,30.666666666666668
SV012,R,16,2,3,1,0,3,Response,,,,,,,,,,,,
SV012,R,17,2,3,0,0,3,Response,986.2666666666668,1051.0,1188.9166666666667,1451.3,786.1666666666666,849.0,646.6666666666666,2.4,7.1,182.0,628.0,50.666666666666664
SV012,R,18,2,3,1,0,3,Response,753.8000000000001,931.2,1922.0333333333335,3270.0,474.3333333333333,745.0,378.6666666666667,10.950000000000001,22.6,310.25,634.0,54.0
SV012,R,19,2,0,0,1,3,Response,2908.911111111111,2950.0,1041.7555555555555,1305.8,886.7777777777778,953.0,272.0,1.2111111111111112,3.2,674.7777777777778,969.0,63.111111111111114
SV012,R,20,3,3,0,1,3,Response,2890.05,3270.0,982.05,1145.7,816.75,990.0,498.0,5.375,8.3,846.75,2041.0,52.0
SV012,R,21,3,2,1,1,2,Response,2869.6,3017.5,1267.375,1315.1,786.5,953.0,1002.0,1.375,2.8,89.75,138.0,19.0
SV012,R,22,3,2,0,1,2,Response,2944.3333333333335,3270.0,960.3166666666666,1223.9,868.6666666666666,990.0,233.33333333333334,2.2,7.2,510.7142857142857,1577.0,52.0
SV012,R,23,2,0,0,0,2,Response,958.6,958.6,890.9,890.9,766.0,766.0,1116.0,8.95,9.6,314.5,376.0,50.0
SV012,R,24,3,3,1,1,3,Response,2880.4,2927.0,1089.1750000000002,1138.9,917.0,966.0,445.0,2.2,7.8,256.0,563.0,41.0
SV012,R,25,3,0,1,0,3,Response,919.2,955.9,1237.85,1242.3,770.5,775.0,708.0,1.4666666666666668,2.7,263.0,642.0,90.66666666666667
SV012,R,26,3,0,1,1,1,Response,,,,,,,,0.5,0.5,98.0,98.0,24.0
SV012,R,27,3,2,0,1,2,Response,3032.1,3270.0,1189.9333333333334,1405.6,828.0,905.0,254.66666666666666,3.133333333333333,8.7,758.0,1293.0,36.0
SV012,R,28,3,2,0,0,3,Response,1211.75,1455.3,1138.8,1199.3,883.0,992.0,566.0,7.8999999999999995,12.6,321.6666666666667,629.0,109.33333333333333
SV012,R,29,2,3,1,0,3,Response,,,,,,,,2.3,2.3,127.0,127.0,24.0
SV012,R,30,3,0,0,0,4,Response,814.4166666666666,975.2,1085.1666666666667,1388.1,688.6666666666666,777.0,911.3333333333334,4.557142857142857,9.3,220.28571428571428,525.0,56.0
SV012,R,31,2,0,0,1,3,Response,2929.94,3270.0,1300.34,2190.7,639.6,696.0,616.0,9.933333333333332,26.4,815.6666666666666,2228.0,42.0
SV012,R,32,2,0,1,1,3,Response,2880.8333333333335,2940.4,1680.2333333333333,2284.5,439.3333333333333,604.0,469.3333333333333,5.4750000000000005,13.9,186.75,364.0,46.0
SV012,R,33,2,0,0,1,3,Response,2823.8,2823.8,1190.8,1190.8,656.0,656.0,1000.0,5.0,7.8,846.0,1570.0,40.0
SV012,R,34,3,2,1,1,2,Response,2832.4,2884.1,1463.1399999999999,1932.6,799.0,915.0,528.8,5.62,11.3,578.0,977.0,108.0
SV012,R,35,3,2,0,1,2,Response,2910.4666666666667,3270.0,1150.75,1640.5,988.1666666666666,1429.0,172.66666666666666,4.866666666666666,10.1,674.3333333333334,833.0,48.666666666666664
SV012,R,36,2,3,0,1,1,Response,2911.6666666666665,2952.1,1172.9333333333334,1303.2,776.3333333333334,844.0,144.0,3.233333333333333,9.0,434.3333333333333,570.0,38.666666666666664
SV012,R,37,2,2,1,0,2,Response,910.36,1093.1,1441.1200000000001,1710.2,747.4,923.0,401.6,1.7600000000000002,4.0,281.6,951.0,66.4
SV012,R,38,3,0,1,1,2,Response,2974.7,2974.9,1126.3000000000002,1152.7,860.0,863.0,256.0,0.9666666666666667,1.3,456.0,944.0,26.666666666666668
SV012,R,39,2,0,0,1,3,Response,3082.75,3270.0,1019.5500000000001,1153.9,692.0,749.0,506.0,4.066666666666667,9.4,1077.3333333333333,2423.0,97.33333333333333
SV012,R,40,3,0,0,0,3,Response,981.8249999999999,1049.6,1131.925,1183.9,702.0,718.0,986.0,2.28,5.3,140.8,302.0,44.8
SV012,R,41,3,0,0,1,3,Response,2934.75,3270.0,876.4,1102.5,717.75,810.0,493.0,2.125,6.3,763.5,2841.0,26.0
SV012,R,42,3,0,0,1,2,Response,2999.133333333333,3270.0,1277.3,1975.1,598.6666666666666,714.0,350.6666666666667,6.8999999999999995,13.2,730.0,1618.0,50.666666666666664
SV012,R,43,3,3,1,1,2,Response,2747.7,2759.3,1656.45,1724.2,683.5,690.0,42.0,3.5,9.4,194.33333333333334,443.0,85.33333333333333
SV012,R,44,2,0,1,0,3,Response,902.3,1010.3,1506.6000000000001,2194.9,651.75,772.0,711.0,5.7749999999999995,11.2,165.5,274.0,39.0
SV012,R,45,2,2,0,1,2,Response,2592.35,2924.5,1333.75,1428.0,683.75,766.0,355.0,5.0,8.9,226.75,397.0,94.0
SV012,R,46,2,3,1,1,3,Response,2741.9,3142.2,1308.54,1437.4,658.2,868.0,372.0,3.9799999999999995,7.2,268.8,775.0,38.4
SV012,R,47,3,2,1,1,2,Response,2602.233333333333,2867.7,1456.5666666666666,1511.3,662.3333333333334,720.0,597.3333333333334,6.075,9.7,286.5,566.0,114.0
SV012,R,48,2,0,1,0,2,Response,1033.1,1033.1,1204.7,1204.7,557.0,557.0,720.0,3.65,5.5,218.5,309.0,66.0
SV012,R,49,2,2,1,1,2,Response,2883.2000000000003,3053.5,2205.2666666666664,3235.2,576.1666666666666,672.0,538.0,7.128571428571428,23.6,246.42857142857142,555.0,123.42857142857143
SV012,R,50,3,0,1,0,2,Response,1617.4,1944.7,1509.95,2000.3,737.75,847.0,327.0,4.824999999999999,9.6,156.75,275.0,51.0
SV012,R,51,3,0,1,1,3,Response,2793.566666666667,2892.6,1336.2,1379.8,591.3333333333334,612.0,540.0,0.6,0.7,61.333333333333336,68.0,14.666666666666666
SV012,R,52,3,3,0,0,2,Response,1296.85,1679.4,1272.45,1506.2,695.0,744.0,838.0,6.066666666666666,13.4,199.66666666666666,360.0,44.0
SV012,R,53,2,0,0,0,3,Response,926.1750000000001,1546.5,996.2,1085.7,736.0,883.0,330.0,4.34,11.8,158.6,250.0,34.4
SV012,R,54,2,2,1,0,2,Response,928.8399999999999,1089.1,1386.9,1930.1,714.6,856.0,533.6,3.1333333333333333,8.4,138.16666666666666,314.0,26.0
SV012,R,55,2,3,1,1,3,Response,2577.75,2854.5,1325.925,1617.0,634.0,818.0,544.0,4.925,8.1,210.75,419.0,66.0
SV012,R,56,2,3,0,1,3,Response,2659.766666666667,2905.3,1101.2333333333333,1279.5,742.3333333333334,957.0,733.3333333333334,7.1,9.5,738.0,1706.0,59.0
SV012,R,57,3,3,1,1,3,Response,2774.1400000000003,3270.0,1514.4,2263.2,841.2,1258.0,360.0,6.349999999999999,15.5,572.6666666666666,910.0,64.66666666666667
SV012,R,58,2,0,1,0,3,Response,,,,,,,,1.2,1.2,77.0,77.0,20.0
SV012,R,59,3,3,1,0,3,Response,1031.9,1031.9,1615.0,1615.0,658.0,658.0,48.0,1.45,2.0,91.5,103.0,20.0
SV012,R,60,3,3,0,0,3,Response,1025.3999999999999,1306.1,1098.9666666666667,1159.5,678.0,811.0,510.6666666666667,6.075,11.9,190.25,263.0,46.0
SV012,R,61,2,2,0,0,2,Response,1275.3428571428572,1928.2,1219.042857142857,2048.7,599.5714285714286,737.0,517.1428571428571,5.275,12.7,293.875,1174.0,64.0
SV012,R,62,3,2,1,1,2,Response,2843.7000000000003,2869.8,2103.1,2648.5,694.6666666666666,817.0,700.0,6.825,17.8,383.0,1002.0,37.0
SV012,R,63,3,0,0,1,2,Response,3270.0,3270.0,1590.5,2098.3,455.3333333333333,548.0,112.0,5.875,14.8,218.75,419.0,108.0
SV012,R,64,2,2,1,1,1,Response,2893.025,2965.2,1510.8999999999999,2188.1,826.5,878.0,140.0,4.5200000000000005,13.9,533.0,889.0,51.2
SV012,R,65,3,2,1,0,2,Response,815.15,924.4,1191.95,1225.2,559.0,616.0,390.0,3.3333333333333335,7.6,240.33333333333334,532.0,136.0
SV012,R,66,3,2,1,0,2,Response,967.18,1095.6,1195.16,1232.6,602.8,734.0,479.2,1.3666666666666665,4.0,154.0,548.0,45.333333333333336
SV012,R,67,3,3,1,0,3,Response,619.6333333333333,780.2,1822.2,3084.3,450.6666666666667,665.0,452.0,13.833333333333334,21.8,291.3333333333333,547.0,80.0
SV012,R,68,2,2,0,0,2,Response,1300.6,1637.4,1120.7,1176.5,727.0,758.0,1222.0,9.299999999999999,14.8,407.6666666666667,773.0,110.66666666666667
SV012,R,69,3,3,0,1,3,Response,2759.925,2901.2,1207.625,1693.2,657.0,763.0,442.0,6.24,9.5,467.2,1556.0,48.0
SV012,R,70,3,2,0,1,1,Response,3094.45,3270.0,981.1,993.1,618.0,620.0,588.0,3.45,3.9,1391.0,1633.0,54.0
SV012,R,71,2,2,0,0,2,Response,975.475,1150.2,1227.55,1356.8,585.5,672.0,528.0,4.1,8.8,260.8,569.0,81.6
SV012,R,72,2,3,0,1,3,Response,2797.7,2874.4,1479.3,2222.2,543.75,695.0,482.0,6.400000000000001,11.3,211.0,387.0,44.0
SV012,R,73,3,0,0,0,4,Response,1059.4,1338.2,1098.875,1289.6,709.5,839.0,396.0,3.38,10.6,140.0,281.0,29.6
SV012,R,74,3,2,0,0,3,Response,392.0,799.9,1344.65,1455.8,598.0,669.0,930.0,4.9,7.6,241.0,356.0,30.0
SV012,R,75,2,0,0,0,3,Response,733.5200000000001,1080.2,1081.06,1208.8,556.2,703.0,377.6,3.9333333333333336,9.8,190.33333333333334,509.0,54.0
SV012,R,76,2,3,0,0,3,Response,840.4875000000001,1128.4,1398.5249999999999,1748.8,594.75,691.0,275.0,2.777777777777778,8.9,201.44444444444446,835.0,49.333333333333336
SV012,R,77,2,0,1,1,3,Response,2936.7666666666664,2983.7,1561.0,1825.9,452.6666666666667,559.0,672.0,2.6,6.3,180.0,461.0,83.0
SV012,R,78,3,0,1,0,3,Response,938.1,938.1,1105.6,1105.6,753.0,753.0,216.0,2.85,5.0,127.0,191.0,28.0
SV012,R,79,3,2,1,0,3,Response,947.1600000000001,1011.0,1697.58,2631.5,672.2,740.0,518.4,4.0200000000000005,8.1,270.8,797.0,72.8
SV012,R,80,3,2,0,0,3,Response,814.4,1083.0,1199.6,1355.0,662.2,745.0,435.2,2.6166666666666667,4.3,134.16666666666666,178.0,26.0
SV012,R,81,3,3,0,0,3,Response,933.3,933.3,987.7,987.7,592.0,592.0,3804.0,4.0,4.0,130.0,130.0,44.0
SV012,R,82,2,3,0,1,3,Response,2792.866666666667,2938.5,1058.6666666666667,1077.7,561.6666666666666,650.0,485.3333333333333,0.875,1.1,78.0,80.0,16.0
SV012,R,83,2,3,0,1,1,Response,2899.475,2919.9,1265.875,1485.2,574.0,649.0,303.0,2.125,2.7,393.5,1237.0,164.0
SV012,R,84,3,2,1,1,2,Response,2832.35,2921.6,1559.7166666666665,1996.0,575.8333333333334,661.0,404.6666666666667,2.6333333333333333,6.2,154.5,306.0,36.666666666666664
SV012,R,85,2,3,1,0,3,Response,907.45,1022.9,1534.1,1983.1,501.25,622.0,385.0,1.58,4.2,100.4,140.0,20.8
SV012,R,86,2,2,0,1,2,Response,2882.15,2888.9,1347.15,1414.0,563.0,625.0,1512.0,4.7,7.9,406.0,906.0,298.6666666666667
SV012,R,87,2,3,0,1,3,Response,2956.58,3270.0,1492.42,2266.3,611.2,674.0,696.0,5.616666666666667,10.0,529.1666666666666,1638.0,82.0
SV012,R,88,3,3,0,1,3,Response,2992.1,3270.0,1693.4250000000002,2488.0,536.75,669.0,565.0,7.82,11.3,474.8,1177.0,88.0
SV012,R,89,2,3,1,1,3,Response,2811.557142857143,2973.6,1715.7857142857142,2385.1,529.1428571428571,626.0,355.42857142857144,2.6285714285714286,12.5,123.71428571428571,271.0,29.714285714285715
SV012,R,90,3,3,0,1,3,Response,3012.4,3270.0,1083.275,1301.5,615.75,658.0,512.0,6.8,20.8,833.0,2040.0,32.0
SV012,R,91,3,2,1,0,2,Response,1156.1666666666667,1361.6,1566.5,2149.2,693.6666666666666,772.0,585.3333333333334,3.9,6.1,121.0,147.0,42.0
SV012,R,92,2,2,0,0,2,Response,1347.2,1929.1,1023.5666666666666,1115.8,700.0,719.0,557.3333333333334,5.8,8.0,191.0,264.0,40.0
SV012,R,93,2,2,0,0,2,Response,1306.725,1850.1,1205.825,1323.6,781.75,883.0,288.0,4.159999999999999,8.7,129.0,207.0,38.4
SV012,R,94,3,2,1,1,2,Response,2861.875,2935.2,1458.6,1542.8,605.5,643.0,514.0,4.32,12.8,205.8,494.0,90.4
SV012,R,95,3,0,1,0,3,Response,,,,,,,,1.0,1.0,85.0,85.0,16.0
SV012,R,96,2,2,1,1,2,Response,2852.066666666667,2957.2,1990.9166666666667,2857.2,637.6666666666666,735.0,429.3333333333333,5.733333333333333,17.2,174.66666666666666,358.0,34.666666666666664
SV012,R,97,2,3,0,1,3,Response,2775.65,2911.9,1609.9,1681.2,607.0,611.0,680.0,7.9,13.5,308.0,475.0,172.0
SV012,R,98,3,3,0,1,3,Response,3082.4,3270.0,1389.1,1417.0,606.0,609.0,920.0,4.033333333333333,7.5,154.33333333333334,246.0,165.33333333333334
SV012,R,99,2,2,1,1,1,Response,2945.825,3270.0,1585.65,2316.3,489.75,614.0,271.0,4.720000000000001,13.4,281.2,463.0,188.0
SV012,R,100,2,3,1,1,3,Response,,,,,,,,0.4,0.4,53.0,53.0,12.0
SV012,R,101,3,3,0,0,3,Response,1238.98,1957.9,1234.4,1505.3,752.8,836.0,615.2,4.266666666666667,8.3,161.66666666666666,296.0,33.333333333333336
SV012,R,102,3,2,0,0,2,Response,731.275,1003.0,1065.875,1161.7,653.75,781.0,340.0,4.52,7.6,247.0,495.0,72.0
SV012,R,103,2,3,1,0,3,Response,1074.85,1170.2,1283.9499999999998,1301.8,650.0,653.0,1052.0,1.6666666666666667,2.3,112.33333333333333,126.0,20.0
SV012,R,104,3,0,1,1,1,Response,2895.3,2941.4,1257.5,1280.5,706.5,778.0,426.0,3.4333333333333336,8.9,115.33333333333333,206.0,29.333333333333332
SV012,R,105,3,2,1,1,2,Response,2801.68,2833.6,1974.94,2288.1,634.0,724.0,244.8,5.25,12.0,239.66666666666666,510.0,98.66666666666667
SV012,R,106,3,3,0,1,3,Response,2966.8307692307694,3270.0,1882.9384615384615,3270.0,637.6153846153846,808.0,282.15384615384613,4.985714285714286,16.0,598.4285714285714,2978.0,69.14285714285714
SV012,R,107,3,3,0,0,3,Response,1483.94,1776.1,1792.8200000000002,2511.7,643.4,838.0,296.8,5.32,16.8,211.6,431.0,34.4
SV012,R,108,3,3,1,1,3,Response,2423.45,2820.1,1437.1,1641.7,738.7,824.0,378.8,1.2727272727272727,4.2,141.8181818181818,497.0,22.90909090909091
SV012,R,109,3,2,1,0,2,Response,1584.58,2183.9,1259.34,1474.9,674.6,715.0,316.8,4.2,11.5,130.0,255.0,32.666666666666664
SV012,R,110,3,2,0,1,2,Response,2826.2,2907.3,1603.425,1719.3,858.5,937.0,681.0,2.54,7.5,328.0,535.0,56.0
SV012,R,111,3,2,0,0,3,Response,854.975,1356.3,1173.775,1395.7,725.75,798.0,457.0,4.833333333333333,11.5,167.0,278.0,33.333333333333336
SV012,R,112,2,3,1,1,3,Response,2441.5555555555557,3270.0,1173.611111111111,2322.8,574.8888888888889,649.0,159.11111111111111,12.7,32.1,1664.0,3270.0,125.2
SV012,R,113,3,2,0,1,2,Response,2888.883333333333,3270.0,1222.0833333333333,1529.4,700.0,829.0,244.0,3.085714285714286,7.0,460.14285714285717,2176.0,49.714285714285715
SV012,R,114,2,2,0,0,2,Response,1116.675,1661.9,1194.35,1347.8,764.75,890.0,332.0,6.4,13.7,175.2,239.0,44.8
SV012,R,115,2,0,0,0,3,Response,986.175,1695.3,1273.675,1459.6,715.75,822.0,575.0,7.45,12.8,286.5,671.0,93.0
SV012,R,116,2,3,1,0,3,Response,751.45,925.8,1527.5,1749.7,751.5,831.0,944.0,3.2,3.5,148.5,152.0,32.0
SV012,R,117,2,2,1,0,2,Response,1024.7,1209.1,2172.2,2520.7,751.75,805.0,275.0,3.275,4.7,244.75,307.0,45.0
SV012,R,118,2,2,1,0,2,Response,944.55,1028.5,1396.6,1401.3,634.0,664.0,636.0,1.05,1.5,86.5,103.0,16.0
SV012,R,119,3,2,1,0,2,Response,948.2,948.2,1316.7,1316.7,603.0,603.0,1372.0,0.9,0.9,80.0,80.0,16.0
SV012,R,120,2,3,0,0,3,Response,672.15,1035.3,1442.3,1619.6,755.0,810.0,444.0,4.466666666666667,6.5,159.66666666666666,241.0,32.0
SV012,R,121,3,3,1,0,3,Response,,,,,,,,0.9,0.9,82.0,82.0,16.0
SV012,R,122,3,2,0,1,2,Response,3048.0833333333335,3270.0,1049.4833333333333,1229.0,729.1666666666666,867.0,240.66666666666666,4.4,8.1,331.2857142857143,584.0,93.14285714285714
SV012,R,123,2,3,0,1,1,Response,3099.34,3270.0,2199.5,3270.0,465.4,705.0,355.2,7.433333333333334,18.1,249.16666666666666,602.0,67.33333333333333
SV012,R,124,2,2,1,0,2,Response,956.0,1084.2,1477.8,1550.0,624.0,696.0,456.0,2.5,7.7,204.33333333333334,641.0,58.666666666666664
SV012,R,125,2,0,1,1,2,Response,2926.6666666666665,2964.8,1577.0666666666666,1646.5,698.0,715.0,384.0,0.7000000000000001,1.0,72.66666666666667,85.0,13.333333333333334
SV012,R,126,2,2,0,0,2,Response,695.04,1094.9,1622.1799999999998,2088.9,724.6,820.0,480.0,5.779999999999999,8.7,287.6,603.0,65.6
SV012,R,127,2,0,0,0,3,Response,1518.8,2026.1,1306.6,1361.3,762.5,804.0,1054.0,3.3000000000000003,8.4,154.66666666666666,312.0,24.0
SV012,R,128,3,3,0,0,3,Response,1317.9599999999998,1968.1,1272.3600000000001,1453.8,621.6,702.0,406.4,6.383333333333333,14.0,245.0,679.0,78.66666666666667
SV012,R,129,3,2,0,0,3,Response,1270.6333333333334,1912.2,1263.0333333333333,1349.9,551.6666666666666,596.0,612.0,9.566666666666666,20.4,417.0,948.0,106.66666666666667
SV012,R,130,3,0,0,0,3,Response,1493.45,2029.1,1233.5,1352.6,608.5,642.0,661.0,4.159999999999999,8.5,167.4,273.0,29.6
SV012,R,131,2,3,0,0,3,Response,1340.0,1795.1,1512.73,1875.7,481.1,629.0,118.0,5.0,16.3,266.0,820.0,95.27272727272727
SV012,R,132,2,2,0,1,1,Response,2893.0,2917.4,1786.6,1818.5,624.5,652.0,336.0,4.8999999999999995,8.5,205.66666666666666,296.0,260.0
SV012,R,133,2,2,0,0,2,Response,1318.275,1914.6,1153.65,1293.5,712.25,785.0,400.0,7.5,10.8,197.0,241.0,54.0
SV012,R,134,2,0,1,0,3,Response,1363.58,2058.7,1715.8400000000001,2326.6,520.2,633.0,377.6,4.933333333333334,10.1,159.5,243.0,39.333333333333336
SV012,R,135,3,0,0,1,1,Response,2746.9,3113.3,1864.625,2695.3,661.75,776.0,326.5,5.2875,16.2,191.0,317.0,37.5
SV012,R,136,3,0,1,0,3,Response,,,,,,,,2.7,2.7,103.0,103.0,36.0
SV012,R,137,3,3,0,0,3,Response,1046.857142857143,1959.7,1527.1000000000001,2379.9,573.4285714285714,753.0,285.7142857142857,7.025,15.3,193.375,328.0,53.0
SV012,R,138,3,3,1,1,1,Response,3021.7666666666664,3137.1,2206.4333333333334,2839.3,515.3333333333334,572.0,292.0,4.714285714285714,11.9,195.0,400.0,46.285714285714285
SV012,R,139,3,3,1,0,3,Response,980.4,1068.3,1215.5,1248.0,687.6666666666666,749.0,569.3333333333334,3.225,9.3,126.25,241.0,29.0
SV012,R,140,2,2,1,0,2,Response,968.26,1120.9,1857.8799999999999,2649.3,794.8,890.0,502.4,7.166666666666667,13.2,221.33333333333334,272.0,50.666666666666664
SV012,R,141,2,3,0,1,3,Response,3013.2310344827583,3270.0,1412.8379310344828,2536.4,801.6206896551724,1053.0,119.72413793103448,1.7642857142857142,15.1,439.10714285714283,752.0,83.71428571428571
SV012,R,142,3,0,0,1,3,Response,3174.5727272727277,3270.0,1169.3,1511.2,736.1818181818181,828.0,211.63636363636363,2.8181818181818183,8.8,255.45454545454547,723.0,76.0
SV012,R,143,2,3,1,1,3,Response,2967.425,3012.0,1220.3375,1588.4,821.875,864.0,335.0,0.5625,0.9,427.0,747.0,44.0
SV012,R,144,2,0,1,1,3,Response,2807.2,2807.2,1323.8,1323.8,749.0,749.0,1292.0,1.4500000000000002,2.1,111.5,151.0,18.0
SV012,R,145,2,2,0,1,1,Response,2987.3125,3270.0,1537.425,1859.4,683.625,774.0,377.5,2.1777777777777776,4.8,296.44444444444446,695.0,35.111111111111114
SV012,R,146,2,0,1,1,3,Response,2875.05,2932.3,2011.75,2300.7,702.0,744.0,1066.0,6.366666666666667,8.6,181.66666666666666,187.0,65.33333333333333
SV012,R,147,3,3,1,0,3,Response,1043.6833333333334,1267.5,1964.8833333333332,3035.4,815.1666666666666,905.0,351.3333333333333,3.8000000000000003,9.3,159.16666666666666,274.0,32.0
SV012,R,148,2,0,0,1,1,Response,2996.7,3270.0,1666.1499999999999,2291.2,712.5,820.0,208.5,4.0,9.4,574.375,2771.0,84.5
SV012,R,149,3,2,0,0,3,Response,926.4250000000001,1929.4,1188.6,1340.3,793.0,863.0,861.0,7.2,17.9,248.0,601.0,84.8
SV012,R,150,2,0,0,1,3,Response,,,,,,,,1.6,1.6,215.0,215.0,396.0
SV012,R,151,2,3,0,0,3,Response,1442.1,1923.1,1319.175,1668.2,761.0,807.0,546.0,6.6,14.9,195.2,371.0,79.2
SV012,R,152,3,2,1,0,3,Response,834.175,1240.6,1719.9625,3270.0,697.5,872.0,321.0,5.444444444444445,19.5,186.33333333333334,540.0,38.666666666666664
SV012,R,153,3,2,0,0,3,Response,1901.8,1901.8,1243.3,1243.3,674.0,674.0,116.0,2.9,5.2,110.5,143.0,30.0
SV012,R,154,2,2,1,1,2,Response,2946.8,2946.8,2479.7,2479.7,870.0,870.0,408.0,11.7,11.7,270.0,270.0,72.0
SV012,R,155,3,0,1,1,1,Response,2598.0333333333333,2985.8,1684.9833333333333,2726.4,700.8333333333334,799.0,190.0,7.25,17.5,185.83333333333334,359.0,55.333333333333336
SV012,R,156,3,0,0,0,3,Response,1819.9833333333333,2063.9,1289.3500000000001,1332.0,877.0,976.0,335.3333333333333,3.3857142857142857,10.6,176.28571428571428,522.0,48.57142857142857
SV012,R,157,2,2,0,0,1,Response,1879.7,1879.7,1252.6,1252.6,738.0,738.0,1272.0,6.9,11.4,213.0,276.0,46.0
SV012,R,158,2,3,0,0,1,Response,1720.0333333333335,2026.4,1530.4666666666665,2084.6,723.0,815.0,476.0,5.425,9.9,231.75,360.0,85.0
SV012,R,159,2,3,1,0,3,Response,1856.4,1856.4,1190.0,1190.0,774.0,774.0,980.0,4.800000000000001,8.3,165.0,239.0,34.0
SV012,R,160,3,2,1,1,3,Response,3090.0823529411764,3270.0,1770.7176470588236,2245.5,911.6470588235294,1184.0,116.0,2.2294117647058824,10.6,414.70588235294116,831.0,112.23529411764706
SV012,R,161,3,3,1,0,3,Response,967.825,1338.7,1631.475,1816.8,839.25,988.0,408.0,2.8333333333333335,3.8,338.3333333333333,737.0,82.66666666666667
SV012,R,162,3,3,1,1,3,Response,2904.584210526316,3270.0,1652.1105263157895,2243.2,876.578947368421,1026.0,103.15789473684211,3.068421052631579,9.6,404.94736842105266,794.0,81.6842105263158
SV012,R,163,3,2,1,0,3,Response,1514.5142857142857,2056.3,1467.6000000000001,2076.9,961.5714285714286,1024.0,441.14285714285717,5.3125,11.1,221.625,758.0,65.5
SV012,R,164,3,3,0,1,3,Response,2854.84,3270.0,1829.11,2307.2,1004.8,1293.0,194.4,4.577777777777778,15.5,697.3333333333334,2660.0,156.88888888888889
SV012,R,165,3,0,0,0,3,Response,946.275,1958.1,1143.5,1234.4,809.75,848.0,471.0,7.62,18.6,264.8,631.0,88.0
SV012,R,166,2,3,1,1,2,Response,2928.376923076923,3159.6,1645.0384615384614,1859.6,791.3076923076923,855.0,123.07692307692308,2.9071428571428575,13.8,314.0,614.0,82.57142857142857
SV012,R,167,2,0,0,0,3,Response,1877.325,1965.0,1215.375,1333.2,845.5,927.0,309.0,5.88,16.8,266.4,712.0,71.2
SV012,R,168,2,2,0,1,2,Response,2785.566666666667,3270.0,1479.8083333333334,1911.6,827.6666666666666,1323.0,217.33333333333334,4.0249999999999995,11.8,398.8333333333333,1037.0,102.0
SV012,R,169,2,2,0,1,2,Response,2769.175,3205.1,1084.875,1282.5,894.75,922.0,245.0,5.75,10.8,533.0,605.0,184.0
SV012,R,170,3,3,1,1,3,Response,2935.976923076923,3270.0,1902.1230769230767,3270.0,810.0769230769231,1308.0,137.53846153846155,6.391666666666667,17.0,347.25,761.0,114.33333333333333
SV012,R,171,3,0,1,1,3,Response,2784.383333333333,2973.2,1609.3500000000001,2002.6,863.3333333333334,883.0,218.66666666666666,3.3166666666666664,8.0,215.0,601.0,125.33333333333333
SV012,R,172,3,2,1,0,2,Response,1287.6000000000001,1988.9,1483.325,1938.9,905.0,960.0,447.0,5.8999999999999995,10.5,246.5,294.0,61.0
SV012,R,173,3,0,0,0,3,Response,1040.7666666666667,1214.1,1119.2333333333333,1159.2,833.0,914.0,565.3333333333334,5.1,10.5,170.25,297.0,37.0
SV012,R,174,2,2,0,1,2,Response,2801.4166666666665,3270.0,1327.9333333333334,1655.7,853.1666666666666,1107.0,194.66666666666666,3.033333333333333,8.2,307.8333333333333,674.0,64.66666666666667
SV012,R,175,3,0,1,0,3,Response,984.74,1296.8,1553.48,1935.2,878.2,991.0,348.0,4.133333333333334,11.4,227.0,717.0,82.66666666666667
SV012,R,176,2,0,1,0,2,Response,1200.2,1466.8,1298.55,1331.0,948.5,1011.0,1344.0,5.633333333333333,8.4,205.66666666666666,230.0,37.333333333333336
SV012,R,177,3,3,1,0,3,Response,824.8,888.4,1231.6,1244.4,836.0,867.0,974.0,3.766666666666667,10.0,126.0,247.0,28.0
SV012,R,178,2,0,0,0,3,Response,1429.1,1918.5,1263.25,1417.3,912.0,921.0,608.0,6.7,11.0,208.0,319.0,66.66666666666667
SV012,R,179,2,0,1,1,3,Response,2876.0666666666666,3034.0,1389.8444444444444,1615.6,875.3333333333334,990.0,99.55555555555556,1.6555555555555557,7.5,315.77777777777777,769.0,66.66666666666667
SV012,R,180,3,3,1,0,1,Response,1062.7,1062.7,1300.7,1300.7,757.0,757.0,980.0,1.6,2.4,104.5,139.0,22.0
SV012,R,181,2,0,0,0,3,Response,936.5333333333333,1709.1,1007.0333333333334,1108.2,838.3333333333334,976.0,673.3333333333334,6.75,12.7,207.5,298.0,41.0
SV012,R,182,3,0,1,1,3,Response,2904.726666666667,3026.3,1603.5066666666667,1821.4,787.6,878.0,138.66666666666666,1.8133333333333332,6.2,334.8,706.0,87.73333333333333
SV012,R,183,2,0,1,1,3,Response,2817.3450000000003,3270.0,1497.095,2641.4,882.45,1162.0,189.8,3.905,16.4,339.2,912.0,94.2
SV012,R,184,3,3,1,1,3,Response,2996.3599999999997,3270.0,1813.1200000000001,2219.1,1048.3,1160.0,122.8,4.036363636363636,15.1,364.90909090909093,686.0,65.81818181818181
SV012,R,185,3,3,0,1,3,Response,2899.133333333333,3270.0,1804.1000000000001,2719.8,902.5,1175.0,278.3333333333333,6.316666666666666,18.9,363.0,882.0,129.33333333333334
SV012,R,186,3,0,1,1,3,Response,2977.69,3046.6,1346.03,1510.5,854.3,933.0,127.2,1.7,8.6,316.5,775.0,59.2
SV012,R,187,2,0,1,0,3,Response,1201.3,1201.3,1322.4,1322.4,933.0,933.0,496.0,1.65,1.8,110.0,122.0,20.0
SV012,R,188,2,0,1,1,3,Response,2928.0444444444443,3270.0,1656.2444444444445,2068.3,909.8888888888889,1103.0,124.88888888888889,5.633333333333334,9.4,454.8888888888889,844.0,150.22222222222223
SV012,R,189,2,3,1,1,3,Response,2951.7714285714287,3270.0,1624.185714285714,1941.1,838.2857142857143,939.0,161.14285714285714,2.9875,8.7,421.5,627.0,162.5
SV012,R,190,2,3,0,1,3,Response,2885.2375,3270.0,1746.725,1980.7,903.375,1127.0,188.0,4.15,11.1,383.125,659.0,73.0
SV012,R,191,2,0,1,0,3,Response,893.4,1067.1,1609.8200000000002,2088.1,877.6,966.0,536.8,3.3166666666666664,8.7,117.5,177.0,34.0
SV012,R,192,2,2,1,0,2,Response,989.3666666666667,1187.3,1313.2,1407.1,851.6666666666666,893.0,397.3333333333333,2.525,5.0,289.75,824.0,81.0
SV012,R,193,3,0,0,0,3,Response,1799.85,2048.6,1237.25,1262.4,821.0,880.0,480.0,3.6999999999999997,5.3,159.33333333333334,173.0,32.0
SV012,R,194,3,2,0,1,2,Response,2927.2363636363634,3270.0,1777.5727272727272,1991.0,971.7272727272727,1146.0,203.27272727272728,2.96,10.9,320.5,708.0,159.6
SV012,R,195,2,2,1,0,2,Response,1518.15,2062.4,1364.4499999999998,1398.3,876.5,890.0,582.0,7.033333333333334,10.5,394.0,804.0,118.66666666666667
SV012,R,196,2,3,1,1,3,Response,2877.7999999999997,3270.0,1711.209090909091,2136.6,922.1818181818181,1125.0,60.0,3.1,10.9,354.0,579.0,112.8
SV012,R,197,2,0,1,1,3,Response,3108.866666666667,3270.0,1879.6000000000001,2298.9,1132.4444444444443,1469.0,105.33333333333333,5.055555555555555,16.6,546.3333333333334,1006.0,135.11111111111111
SV012,R,198,3,3,1,1,3,Response,3198.4,3270.0,1995.6,2345.2,1062.5454545454545,1234.0,69.45454545454545,3.4799999999999995,8.9,493.0,808.0,150.4
SV012,R,199,3,0,1,0,3,Response,1535.7,1983.0,1103.55,1130.5,907.5,954.0,512.0,4.5,6.9,519.0,789.0,150.0
SV012,R,200,3,0,1,0,3,Response,1429.44,2041.8,1306.3600000000001,1631.8,704.4,844.0,220.8,4.2,8.0,263.6666666666667,796.0,68.66666666666667
SV012,R,201,3,3,0,0,3,Response,1543.24,2004.8,1254.58,1646.2,787.0,819.0,339.2,4.6499999999999995,9.1,234.0,571.0,71.33333333333333
SV012,R,202,3,3,1,0,3,Response,1857.05,1920.5,1358.1,1498.5,887.0,891.0,230.0,4.3999999999999995,6.3,351.0,733.0,117.33333333333333
SV012,R,203,2,0,0,1,3,Response,3127.1,3270.0,1738.58,3120.8,746.9,1071.0,46.0,3.8333333333333335,17.7,431.22222222222223,734.0,66.66666666666667
SV012,R,204,3,0,1,1,3,Response,2990.45,3270.0,1772.8,2178.2,897.8,1072.0,125.2,2.3111111111111113,6.8,332.6666666666667,526.0,143.55555555555554
SV012,R,205,2,2,1,1,2,Response,2907.75,2942.9,2060.85,2085.4,659.5,673.0,228.0,8.85,16.0,601.0,787.0,658.0
SV012,R,206,3,2,0,0,2,Response,,,,,,,,,,,,
SV012,R,207,2,2,1,1,2,Response,2758.183333333333,3270.0,1973.3,2280.0,849.1666666666666,1134.0,200.66666666666666,4.583333333333333,15.3,347.8333333333333,588.0,88.0
SV012,R,208,3,0,0,0,3,Response,,,,,,,,8.8,8.8,295.0,295.0,48.0
SV012,R,209,2,3,1,0,3,Response,1109.1,1109.1,1264.0,1264.0,824.0,824.0,920.0,7.9,8.6,237.5,257.0,48.0
SV012,R,210,2,3,0,0,3,Response,971.8,1878.8,1246.85,1393.3,931.0,995.0,368.0,11.2,15.5,335.0,389.0,50.0
SV012,R,211,3,0,0,1,3,Response,3094.442857142857,3270.0,1916.9142857142858,2159.3,1035.5714285714287,1204.0,194.28571428571428,6.871428571428572,15.6,734.4285714285714,2307.0,192.57142857142858
SV012,R,212,3,2,0,1,2,Response,3031.8888888888887,3270.0,1599.6666666666667,1957.6,833.0,1017.0,73.77777777777777,3.811111111111111,11.2,362.0,884.0,52.888888888888886
SV012,R,213,2,0,1,0,2,Response,1514.3999999999999,2006.9,1272.0666666666666,1333.1,905.3333333333334,1101.0,485.3333333333333,6.6,10.9,467.75,687.0,171.0
SV012,R,214,3,3,0,1,1,Response,2968.66,2997.6,1616.1599999999999,1710.3,792.0,837.0,196.0,3.6,9.2,309.2,472.0,188.8
SV012,R,215,2,2,0,1,1,Response,3018.0333333333333,3270.0,1816.9833333333333,2098.5,866.1666666666666,1032.0,156.0,1.3800000000000001,3.9,332.2,1133.0,81.6
SV012,R,216,3,2,0,1,2,Response,2766.1499999999996,2990.0,1929.1416666666667,2426.2,736.75,890.0,110.33333333333333,3.1333333333333333,9.4,240.83333333333334,595.0,100.66666666666667
SV012,R,217,2,2,1,1,2,Response,2685.6,2930.5,1671.5666666666666,1697.4,778.6666666666666,798.0,342.6666666666667,4.2,7.7,231.5,376.0,66.0
SV012,R,218,3,2,1,1,2,Response,2671.38,2971.9,1499.0,1600.3,725.6,807.0,228.8,3.35,8.0,165.33333333333334,249.0,39.333333333333336
SV012,R,219,2,0,0,1,2,Response,3034.9117647058824,3270.0,1669.5647058823529,1969.6,867.0,1147.0,86.11764705882354,2.1666666666666665,12.5,508.8888888888889,3270.0,117.33333333333333
SV012,R,220,3,0,0,1,3,Response,3114.042857142857,3270.0,1815.9071428571428,2245.6,999.4285714285714,1345.0,79.14285714285714,3.2285714285714286,17.0,489.2857142857143,1094.0,83.42857142857143
SV012,R,221,3,2,1,1,2,Response,2952.6,3270.0,1916.0037037037036,2482.4,916.5185185185185,1492.0,89.77777777777777,2.840740740740741,11.0,313.51851851851853,828.0,93.62962962962963
SV012,R,222,3,3,0,1,3,Response,3133.6846153846154,3270.0,1635.276923076923,2455.9,978.0769230769231,1482.0,194.46153846153845,5.5,17.5,650.7142857142857,3212.0,102.0
SV012,R,223,2,0,1,0,3,Response,1205.2,2027.1,1444.0833333333333,1989.8,904.8333333333334,990.0,480.0,7.114285714285714,11.3,301.14285714285717,796.0,81.14285714285714
SV012,R,224,2,3,0,0,3,Response,927.325,1762.7,1028.6,1093.5,981.0,1124.0,557.0,7.359999999999999,14.5,227.8,340.0,42.4
SV012,R,225,2,0,0,0,3,Response,1487.65,1978.4,1142.275,1287.5,880.0,916.0,359.0,7.08,17.9,233.8,452.0,64.8
SV012,R,226,2,2,1,1,2,Response,2888.2333333333336,3270.0,1594.6166666666668,1911.4,855.3333333333334,965.0,250.0,5.14,12.5,498.0,729.0,60.0
SV012,R,227,3,2,1,0,2,Response,1278.0333333333333,1960.4,1489.8,1938.3,890.3333333333334,977.0,492.0,8.8,9.8,254.5,282.0,48.0
SV012,R,228,2,2,0,1,2,Response,2882.8333333333335,3024.6,1746.5047619047618,2652.1,776.7619047619048,878.0,140.57142857142858,2.4,14.9,308.76190476190476,681.0,63.42857142857143
SV012,R,229,3,0,0,0,3,Response,1127.575,1762.8,1449.825,1952.7,891.0,988.0,1169.0,9.0,14.4,246.25,312.0,53.0
SV012,R,230,2,0,0,0,3,Response,1967.7,1967.7,1198.8,1198.8,843.0,843.0,744.0,4.5,8.4,170.5,273.0,30.0
SV012,R,231,3,0,1,0,3,Response,1964.25,1978.2,1190.25,1248.6,915.0,1008.0,472.0,4.466666666666667,11.3,349.6666666666667,711.0,118.66666666666667
SV012,R,232,3,3,0,0,4,Response,846.9666666666667,1882.4,1729.6000000000001,2247.4,954.6666666666666,1027.0,366.0,6.433333333333334,13.8,229.83333333333334,422.0,54.666666666666664
SV012,R,233,3,0,1,0,3,Response,1178.725,1801.5,1746.625,2376.5,693.5,846.0,162.0,6.0200000000000005,14.0,217.0,381.0,44.0
SV012,R,234,2,3,0,0,3,Response,1268.3333333333333,1962.2,1088.4666666666667,1286.9,866.0,996.0,434.6666666666667,6.55,15.2,214.0,404.0,67.0
SV012,R,235,2,3,1,0,3,Response,1123.6666666666667,1788.8,1307.2666666666667,1371.0,896.0,962.0,272.0,4.2,7.9,156.5,257.0,32.0
SV012,R,236,2,3,0,0,3,Response,1137.5,1992.7,1156.08,1340.9,948.4,1073.0,596.8,5.833333333333333,15.8,230.16666666666666,589.0,58.0
SV012,R,237,2,2,1,0,2,Response,1128.2,1128.2,1414.4,1414.4,935.0,935.0,148.0,1.05,1.2,80.5,82.0,18.0
SV012,R,238,2,2,0,0,2,Response,1871.0,1931.7,1941.05,2409.6,471.5,684.0,468.0,10.3,16.1,238.0,282.0,68.0
SV012,R,239,2,2,1,1,2,Response,2947.633333333333,3270.0,1743.4111111111113,3270.0,715.0,882.0,236.44444444444446,5.4799999999999995,19.8,261.6,548.0,86.8
SV012,R,240,3,0,0,1,3,Response,2760.7200000000003,3244.2,1344.97,1895.5,954.8,1404.0,133.6,4.7299999999999995,12.5,611.7,906.0,74.8
SV012,R,241,3,3,0,1,3,Response,,,,,,,,,,,,
SV012,R,242,3,2,0,0,2,Response,1913.4,1913.4,1120.2,1120.2,870.0,870.0,764.0,3.1999999999999997,5.8,330.5,587.0,110.0
SV012,R,243,3,0,1,1,0,Response,,,,,,,,1.0,1.0,86.0,86.0,16.0
SV012,R,244,2,2,1,1,2,Response,,,,,,,,,,,,
SV012,R,245,3,3,0,0,3,Response,,,,,,,,,,,,
SV012,R,246,2,3,0,1,3,Response,,,,,,,,,,,,
SV012,R,247,2,2,1,0,2,Response,1985.8999999999999,2019.4,1262.1333333333334,1375.8,757.0,859.0,246.66666666666666,1.75,2.4,388.75,547.0,201.0
SV012,R,248,2,0,1,1,0,Response,,,,,,,,,,,,
SV012,R,249,2,0,1,1,0,Response,,,,,,,,,,,,
SV012,R,250,3,2,0,0,2,Response,,,,,,,,,,,,
SV012,R,251,2,2,1,1,2,Response,,,,,,,,,,,,
SV012,R,252,3,3,0,0,3,Response,,,,,,,,,,,,
SV012,R,253,3,0,0,0,0,Response,,,,,,,,3.0,3.0,355.0,355.0,400.0
SV012,R,254,3,0,0,1,0,Response,,,,,,,,,,,,
SV012,R,255,3,0,0,1,0,Response,,,,,,,,,,,,
SV012,R,256,2,0,0,1,0,Response,,,,,,,,,,,,
SV012,R,257,3,2,0,1,2,Response,,,,,,,,,,,,
SV012,R,258,2,2,1,0,2,Response,,,,,,,,,,,,
SV012,R,259,3,0,0,0,3,Response,,,,,,,,4.3,4.3,457.0,457.0,168.0
SV012,R,260,2,3,1,1,3,Response,2028.5666666666666,2093.9,946.5,1099.9,1023.6666666666666,1105.0,118.66666666666667,2.8499999999999996,4.6,1094.25,1859.0,390.0
SV012,R,261,3,2,0,1,2,Response,,,,,,,,,,,,
SV012,R,262,2,0,1,1,1,Response,,,,,,,,,,,,
SV012,R,263,3,2,0,1,2,Response,,,,,,,,,,,,
SV012,R,264,3,0,0,0,0,Response,,,,,,,,5.7,5.7,1011.0,1011.0,292.0
SV012,R,265,3,2,1,1,2,Response,,,,,,,,0.5,0.5,56.0,56.0,12.0
SV012,R,266,2,2,1,1,2,Response,,,,,,,,,,,,
SV012,R,267,2,2,1,1,2,Response,,,,,,,,,,,,
SV012,R,268,3,3,0,0,3,Response,,,,,,,,1.6,1.6,603.0,603.0,232.0
SV012,R,269,2,0,0,0,0,Response,,,,,,,,,,,,
SV012,R,270,2,2,0,1,2,Response,,,,,,,,,,,,
SV012,R,271,3,3,0,1,3,Response,,,,,,,,,,,,
SV012,R,272,2,2,0,1,2,Response,,,,,,,,,,,,
SV012,R,273,3,3,0,1,3,Response,,,,,,,,,,,,
SV012,R,274,2,3,0,0,3,Response,,,,,,,,2.4,2.4,656.0,656.0,224.0
SV012,R,275,2,3,1,1,3,Response,,,,,,,,,,,,
SV012,R,276,3,2,0,0,0,Response,,,,,,,,,,,,
SV012,R,277,3,3,1,0,3,Response,,,,,,,,4.0,4.0,631.0,631.0,292.0
SV012,R,278,3,3,0,1,3,Response,,,,,,,,,,,,
SV012,R,279,3,3,1,0,3,Response,,,,,,,,,,,,
SV012,R,280,2,2,1,1,2,Response,,,,,,,,,,,,
SV012,R,281,3,2,1,0,2,Response,,,,,,,,,,,,
SV012,R,282,2,3,0,0,3,Response,,,,,,,,,,,,
SV012,R,283,2,3,1,0,3,Response,,,,,,,,0.6,0.6,69.0,69.0,12.0
SV012,R,284,3,0,0,0,0,Response,,,,,,,,,,,,
SV012,R,285,3,3,0,0,3,Response,,,,,,,,,,,,
SV012,R,286,2,3,1,1,3,Response,,,,,,,,,,,,
SV012,R,287,3,2,1,1,2,Response,,,,,,,,,,,,
SV012,R,288,2,3,0,0,3,Response,,,,,,,,,,,,
SV012,R,289,2,0,1,1,0,Response,,,,,,,,,,,,
SV012,R,290,3,0,1,0,0,Response,,,,,,,,,,,,
SV012,R,291,2,3,1,1,3,Response,,,,,,,,,,,,
SV012,R,292,2,3,0,1,3,Response,,,,,,,,,,,,
SV012,R,293,2,3,0,0,3,Response,,,,,,,,,,,,
SV012,R,294,2,2,0,0,2,Response,,,,,,,,,,,,
SV012,R,295,2,0,0,0,0,Response,,,,,,,,6.2,6.2,508.0,508.0,424.0
SV012,R,296,2,0,0,1,0,Response,,,,,,,,,,,,
SV012,R,297,2,2,1,0,2,Response,,,,,,,,4.0,4.0,494.0,494.0,236.0
SV012,R,298,2,2,0,1,2,Response,,,,,,,,,,,,
SV012,R,299,3,2,0,1,2,Response,,,,,,,,,,,,
SV012,R,300,2,3,1,1,3,Response,,,,,,,,,,,,
SV012,R,301,2,0,0,1,0,Response,,,,,,,,,,,,
SV012,R,302,3,0,0,1,0,Response,,,,,,,,,,,,
SV012,R,303,3,0,1,1,0,Response,,,,,,,,,,,,
SV012,R,304,3,2,1,1,2,Response,,,,,,,,,,,,
SV012,R,305,3,2,0,1,2,Response,,,,,,,,5.0,5.0,440.0,440.0,300.0
SV012,R,306,2,2,1,1,2,Response,,,,,,,,,,,,
SV012,R,307,2,2,1,1,2,Response,,,,,,,,,,,,
SV012,R,308,3,3,1,1,3,Response,,,,,,,,,,,,
SV012,R,309,3,3,1,0,3,Response,2253.25,2295.0,945.7,976.0,1340.5,1344.0,76.0,1.4,1.4,266.0,266.0,20.0
SV012,R,310,2,0,1,1,0,Response,,,,,,,,,,,,
SV012,R,311,3,3,1,0,3,Response,,,,,,,,,,,,
SV012,R,312,2,0,0,1,0,Response,,,,,,,,,,,,
SV012,R,313,2,3,1,0,3,Response,,,,,,,,,,,,
SV012,R,314,2,0,1,0,0,Response,,,,,,,,,,,,
SV012,R,315,3,0,1,1,0,Response,,,,,,,,0.7,0.7,64.0,64.0,16.0
SV012,R,316,3,2,1,0,2,Response,1847.6,1847.6,1060.6,1060.6,1044.0,1044.0,128.0,0.8500000000000001,1.1,64.5,74.0,18.0
SV012,R,317,2,0,0,0,0,Response,,,,,,,,,,,,
SV012,R,318,3,2,0,0,2,Response,,,,,,,,,,,,
SV012,R,319,3,2,1,1,2,Response,,,,,,,,0.8,0.8,67.0,67.0,16.0
SV012,R,320,3,0,0,1,0,Response,,,,,,,,,,,,
SV012,R,321,3,0,1,1,0,Response,,,,,,,,,,,,
SV012,R,322,3,2,1,1,2,Response,,,,,,,,,,,,
SV012,R,323,2,3,1,1,3,Response,,,,,,,,,,,,
SV012,R,324,3,0,0,1,0,Response,,,,,,,,,,,,
SV012,R,325,2,0,1,1,0,Response,,,,,,,,,,,,
SV012,R,326,2,3,1,0,3,Response,,,,,,,,,,,,
SV012,R,327,2,2,0,0,2,Response,,,,,,,,,,,,
SV012,R,328,2,3,0,0,3,Response,,,,,,,,,,,,
SV012,R,329,3,3,1,0,3,Response,,,,,,,,,,,,
SV012,R,330,3,0,1,0,0,Response,,,,,,,,,,,,
SV012,R,331,3,3,0,1,3,Response,,,,,,,,,,,,
SV012,R,332,3,2,0,0,2,Response,,,,,,,,,,,,
SV012,R,333,2,3,0,1,3,Response,,,,,,,,0.5,0.5,62.0,62.0,12.0
SV012,R,334,3,0,0,0,0,Response,,,,,,,,,,,,
SV012,R,335,3,2,0,1,2,Response,,,,,,,,,,,,
SV012,R,336,3,0,1,1,0,Response,,,,,,,,3.1,3.1,124.0,124.0,36.0
SV012,R,337,3,3,1,1,3,Response,,,,,,,,,,,,
SV012,R,338,2,3,1,0,3,Response,,,,,,,,,,,,
SV012,R,339,2,2,0,0,2,Response,1976.05,2022.8,1602.4,1927.3,803.0,955.0,72.0,3.033333333333333,7.6,124.33333333333333,221.0,26.666666666666668
SV012,R,340,3,3,1,0,3,Response,,,,,,,,,,,,
SV012,R,341,3,0,1,0,0,Response,,,,,,,,,,,,
SV012,R,342,2,2,0,0,2,Response,,,,,,,,,,,,
SV012,R,343,3,3,1,1,3,Response,,,,,,,,,,,,
SV012,R,344,3,0,0,0,0,Response,,,,,,,,,,,,
SV012,R,345,2,0,0,1,0,Response,,,,,,,,,,,,
SV012,R,346,2,3,0,1,3,Response,,,,,,,,,,,,
SV012,R,347,2,0,0,0,0,Response,,,,,,,,,,,,
SV012,R,348,3,0,0,1,0,Response,,,,,,,,,,,,
SV012,R,349,3,3,1,1,3,Response,,,,,,,,,,,,
SV012,R,350,3,3,0,0,3,Response,,,,,,,,,,,,
SV012,R,351,3,0,1,0,0,Response,1991.0,1991.0,2008.1,2008.1,252.0,252.0,24.0,4.45,7.2,236.0,322.0,142.0
SV012,R,352,2,2,0,1,2,Response,,,,,,,,,,,,
SV012,R,353,3,3,1,1,3,Response,,,,,,,,,,,,
SV012,R,354,3,0,0,1,0,Response,1929.8999999999999,2000.2,732.5666666666667,1147.9,784.3333333333334,836.0,366.6666666666667,3.25,8.0,116.75,188.0,33.0
SV012,R,355,3,0,1,0,0,Response,,,,,,,,,,,,
SV012,R,356,2,2,1,0,2,Response,,,,,,,,,,,,
SV012,R,357,3,0,1,0,0,Response,2102.425,2242.0,983.5125,1593.5,1057.25,1330.0,163.5,2.7,11.6,477.22222222222223,2403.0,258.6666666666667
SV012,R,358,3,0,0,1,0,Response,,,,,,,,,,,,
SV012,R,359,2,2,0,1,2,Response,,,,,,,,,,,,
SV012,R,360,2,2,1,1,2,Response,,,,,,,,,,,,
SV012,R,361,3,2,1,1,2,Response,,,,,,,,,,,,
SV012,R,362,2,2,1,0,2,Response,,,,,,,,,,,,
SV012,R,363,3,3,0,1,3,Response,,,,,,,,,,,,
SV012,R,364,3,2,1,0,2,Response,,,,,,,,,,,,
SV012,R,365,2,0,0,0,0,Response,,,,,,,,1.0,1.0,94.0,94.0,16.0
SV012,R,366,2,0,0,1,0,Response,,,,,,,,,,,,
SV012,R,367,2,2,0,1,2,Response,,,,,,,,,,,,
SV012,R,368,3,3,1,1,3,Response,,,,,,,,,,,,
SV012,R,369,3,0,1,0,0,Response,,,,,,,,,,,,
SV012,R,370,3,0,0,1,0,Response,,,,,,,,,,,,
SV012,R,371,3,2,0,0,2,Response,,,,,,,,,,,,
SV012,R,372,3,0,1,1,0,Response,,,,,,,,,,,,
SV012,R,373,2,0,1,0,0,Response,,,,,,,,,,,,
SV012,R,374,2,3,0,1,3,Response,,,,,,,,,,,,
SV012,R,375,3,3,0,0,3,Response,,,,,,,,0.6,0.6,80.0,80.0,12.0
SV012,R,376,2,2,1,0,2,Response,,,,,,,,,,,,
SV012,R,377,3,3,1,0,3,Response,,,,,,,,6.5,6.5,537.0,537.0,344.0
SV012,R,378,2,2,1,0,2,Response,,,,,,,,,,,,
SV012,R,379,2,2,0,0,2,Response,,,,,,,,,,,,
SV012,R,380,3,2,0,0,2,Response,,,,,,,,,,,,
SV012,R,381,3,3,1,1,3,Response,,,,,,,,,,,,
SV012,R,382,3,2,1,0,2,Response,1963.1,1963.1,1459.4,1459.4,865.0,865.0,480.0,0.4,0.4,54.0,54.0,12.0
SV012,R,383,3,2,0,1,2,Response,1958.1,1958.1,1044.0,1044.0,1035.0,1035.0,916.0,0.55,0.7,201.5,319.0,26.0
SV012,R,384,3,3,0,0,3,Response,,,,,,,,,,,,
SV012,R,385,3,3,1,0,3,Response,,,,,,,,,,,,
SV012,R,386,3,0,0,1,0,Response,,,,,,,,,,,,
SV012,R,387,2,0,1,0,0,Response,,,,,,,,4.2,4.2,891.0,891.0,308.0
SV012,R,388,2,3,0,1,3,Response,,,,,,,,0.5,0.5,59.0,59.0,12.0
SV012,R,389,2,2,1,1,2,Response,,,,,,,,7.4,7.4,833.0,833.0,288.0
SV012,R,390,2,0,1,0,0,Response,,,,,,,,2.0,2.0,748.0,748.0,352.0
SV012,R,391,3,0,1,1,0,Response,,,,,,,,,,,,
SV012,R,392,2,3,0,0,3,Response,,,,,,,,,,,,
SV012,R,393,2,0,1,0,0,Response,,,,,,,,6.3,6.3,641.0,641.0,256.0
SV012,R,394,2,2,1,0,2,Response,,,,,,,,,,,,
SV012,R,395,2,0,0,1,0,Response,,,,,,,,,,,,
SV012,R,396,3,2,0,0,2,Response,1947.1,1947.1,1486.6,1486.6,820.0,820.0,588.0,4.8,4.8,656.0,656.0,228.0
SV012,R,397,3,0,0,0,0,Response,1993.7,1993.7,1388.5,1388.5,763.0,763.0,304.0,2.8,2.8,131.0,131.0,28.0
SV012,R,398,2,2,0,0,2,Response,,,,,,,,,,,,
SV012,R,399,3,2,1,1,2,Response,,,,,,,,,,,,
SV012,R,400,2,3,1,1,3,Response,,,,,,,,,,,,
SV012,R,401,3,3,0,0,3,Response,,,,,,,,4.4,4.4,693.0,693.0,304.0
SV012,R,402,3,2,1,0,2,Response,,,,,,,,,,,,
SV012,R,403,3,0,1,1,0,Response,,,,,,,,6.4,6.4,533.0,533.0,192.0
SV012,R,404,3,0,1,0,0,Response,,,,,,,,4.4,4.4,624.0,624.0,296.0
SV012,R,405,3,3,0,0,3,Response,,,,,,,,8.3,8.3,711.0,711.0,244.0
SV012,R,406,3,0,1,1,0,Response,,,,,,,,2.5,2.5,773.0,773.0,256.0
SV012,R,407,2,0,0,1,0,Response,,,,,,,,,,,,
SV012,R,408,2,0,0,0,0,Response,1996.3,1996.3,2514.4,2514.4,178.0,178.0,36.0,13.55,16.1,243.0,279.0,92.0
SV012,R,409,3,2,1,0,2,Response,,,,,,,,,,,,
SV012,R,410,2,3,1,1,3,Response,,,,,,,,,,,,
SV012,R,411,3,3,1,1,3,Response,,,,,,,,,,,,
SV012,R,412,2,0,0,1,0,Response,,,,,,,,,,,,
SV012,R,413,3,3,1,1,3,Response,,,,,,,,,,,,
SV012,R,414,2,3,1,0,3,Response,,,,,,,,2.7,2.7,856.0,856.0,324.0
SV012,R,415,3,2,1,0,2,Response,,,,,,,,,,,,
SV012,R,416,3,0,0,0,0,Response,,,,,,,,4.8,4.8,709.0,709.0,272.0
SV012,R,417,2,3,1,1,3,Response,2004.4,2004.4,1354.0,1354.0,851.0,851.0,896.0,6.0,6.0,729.0,729.0,612.0
SV012,R,418,2,0,0,1,0,Response,,,,,,,,,,,,
SV012,R,419,2,2,0,0,2,Response,,,,,,,,,,,,
SV012,R,420,2,2,0,0,2,Response,,,,,,,,,,,,
SV012,R,421,3,3,1,0,3,Response,2016.2,2016.2,1266.5,1266.5,895.0,895.0,428.0,1.1,1.1,95.0,95.0,16.0
SV012,R,422,2,3,0,1,3,Response,,,,,,,,0.5,0.5,67.0,67.0,12.0
SV012,R,423,3,2,0,0,2,Response,,,,,,,,5.3,5.3,686.0,686.0,324.0
SV012,R,424,2,0,0,0,0,Response,,,,,,,,4.0,4.0,647.0,647.0,432.0
SV012,R,425,2,2,0,1,2,Response,1998.9,1998.9,1586.7,1586.7,563.0,563.0,92.0,8.2,8.2,714.0,714.0,312.0
SV012,R,426,2,0,1,1,0,Response,,,,,,,,,,,,
SV012,R,427,2,3,0,1,3,Response,,,,,,,,7.3,7.3,659.0,659.0,420.0
SV012,R,428,2,3,1,0,3,Response,,,,,,,,,,,,
SV012,R,429,2,3,1,0,3,Response,,,,,,,,,,,,
SV012,R,430,2,0,1,1,0,Response,,,,,,,,6.9,6.9,783.0,783.0,244.0
SV012,R,431,3,3,1,1,3,Response,,,,,,,,,,,,
SV012,R,432,3,3,0,1,3,Response,2091.7,2091.7,2059.3,2059.3,639.0,639.0,48.0,,,,,
SV012,R,433,3,3,1,0,3,Response,1947.775,2006.9,1258.275,1338.4,933.0,959.0,515.0,1.18,3.3,143.0,427.0,78.4
SV012,R,434,3,0,1,1,0,Response,,,,,,,,0.5,0.5,662.0,662.0,324.0
SV012,R,435,3,3,0,1,3,Response,,,,,,,,,,,,
SV012,R,436,2,2,1,0,2,Response,,,,,,,,6.5,6.5,711.0,711.0,196.0
SV012,R,437,3,2,0,1,2,Response,,,,,,,,,,,,
SV012,R,438,3,2,0,0,2,Response,,,,,,,,6.9,6.9,672.0,672.0,380.0
SV012,R,439,3,0,0,0,0,Response,,,,,,,,,,,,
SV012,R,440,3,2,1,1,2,Response,,,,,,,,0.8,0.8,1198.0,1198.0,268.0
SV012,R,441,3,0,1,0,0,Response,,,,,,,,2.4,2.4,741.0,741.0,272.0
SV012,R,442,2,2,0,1,2,Response,,,,,,,,,,,,
SV012,R,443,2,3,1,0,3,Response,,,,,,,,,,,,
SV012,R,444,3,2,0,1,2,Response,,,,,,,,,,,,
SV012,R,445,3,3,0,0,3,Response,,,,,,,,0.6,0.6,74.0,74.0,12.0
SV012,R,446,2,3,0,0,3,Response,,,,,,,,1.3,1.3,89.0,89.0,20.0
SV012,R,447,2,3,1,0,3,Response,,,,,,,,,,,,
SV012,R,448,2,2,0,1,2,Response,,,,,,,,7.1,7.1,731.0,731.0,308.0
SV012,R,449,2,3,0,0,3,Response,,,,,,,,,,,,
SV012,R,450,2,2,0,0,2,Response,,,,,,,,6.6,6.6,744.0,744.0,264.0
SV012,R,451,2,3,1,0,3,Response,,,,,,,,,,,,
SV012,R,452,2,3,1,1,3,Response,,,,,,,,0.7,0.7,65.0,65.0,16.0
SV012,R,453,3,2,1,1,2,Response,,,,,,,,,,,,
SV012,R,454,3,0,1,0,0,Response,,,,,,,,,,,,
SV012,R,455,3,3,0,1,3,Response,,,,,,,,,,,,
SV012,R,456,2,0,1,1,0,Response,,,,,,,,,,,,
SV012,R,457,2,0,1,0,0,Response,,,,,,,,,,,,
SV012,R,458,2,3,0,0,3,Response,,,,,,,,,,,,
SV012,R,459,3,2,1,0,2,Response,,,,,,,,,,,,
SV012,R,460,2,0,0,0,0,Response,1981.0,1981.0,2208.4,2208.4,439.0,439.0,28.0,8.95,13.0,228.0,283.0,56.0
SV012,R,461,2,0,0,0,0,Response,1888.6,1888.6,1860.3,1860.3,592.0,592.0,36.0,5.3500000000000005,9.4,285.5,448.0,102.0
SV012,R,462,2,3,0,0,3,Response,,,,,,,,8.0,8.0,466.0,466.0,380.0
SV012,R,463,2,2,0,1,2,Response,,,,,,,,,,,,
SV012,R,464,2,2,1,1,2,Response,,,,,,,,,,,,
SV012,R,465,3,2,1,0,2,Response,1911.0,1911.0,1310.8,1310.8,831.0,831.0,36.0,0.7000000000000001,1.1,415.5,750.0,152.0
SV012,R,466,2,0,1,0,0,Response,,,,,,,,,,,,
SV012,R,467,2,2,1,0,2,Response,,,,,,,,,,,,
SV012,R,468,2,0,1,0,0,Response,,,,,,,,,,,,
SV012,R,469,2,3,0,1,3,Response,,,,,,,,,,,,
SV012,R,470,2,0,1,0,0,Response,,,,,,,,,,,,
SV012,R,471,3,0,0,0,0,Response,1706.3,1706.3,1306.8,1306.8,855.0,855.0,492.0,3.5999999999999996,5.8,306.5,515.0,108.0
SV012,R,472,3,2,1,1,2,Response,1973.0,1973.0,1958.7,1958.7,545.0,545.0,28.0,6.65,11.3,189.5,263.0,42.0
SV012,R,473,3,2,1,0,2,Response,1835.3,1835.3,1307.1,1307.1,730.0,730.0,296.0,4.75,5.9,545.5,601.0,470.0
SV012,R,474,2,0,0,0,0,Response,1896.8,1896.8,1802.6,1802.6,783.0,783.0,92.0,1.9,1.9,813.0,813.0,368.0
SV012,R,475,3,3,0,1,3,Response,,,,,,,,6.2,6.2,826.0,826.0,236.0
SV012,R,476,2,0,1,1,0,Response,,,,,,,,,,,,
SV012,R,477,2,0,1,0,0,Response,,,,,,,,,,,,
SV012,R,478,2,3,0,1,3,Response,,,,,,,,8.2,8.2,694.0,694.0,232.0
SV012,R,479,2,2,0,0,2,Response,,,,,,,,,,,,
SV012,R,480,3,2,0,1,2,Response,,,,,,,,,,,,
SV012,L,1,2,0,0,0,3,Stimulus,,,,,,,,,,,,
SV012,L,2,3,3,1,1,1,Stimulus,,,,,,,,,,,,
SV012,L,3,2,2,1,0,2,Stimulus,,,,,,,,,,,,
SV012,L,4,3,0,1,0,3,Stimulus,,,,,,,,5.0,5.0,198.0,198.0,36.0
SV012,L,5,3,3,1,0,3,Stimulus,,,,,,,,,,,,
SV012,L,6,3,2,1,1,2,Stimulus,,,,,,,,,,,,
SV012,L,7,3,3,0,1,3,Stimulus,,,,,,,,,,,,
SV012,L,8,2,3,0,1,3,Stimulus,,,,,,,,,,,,
SV012,L,9,3,2,0,1,2,Stimulus,,,,,,,,,,,,
SV012,L,10,3,0,1,0,3,Stimulus,,,,,,,,1.9,1.9,130.0,130.0,20.0
SV012,L,11,3,0,0,0,3,Stimulus,,,,,,,,,,,,
SV012,L,12,2,0,0,0,3,Stimulus,,,,,,,,,,,,
SV012,L,13,3,0,0,0,3,Stimulus,,,,,,,,4.5,4.5,201.0,201.0,32.0
SV012,L,14,3,2,1,0,3,Stimulus,,,,,,,,,,,,
SV012,L,15,2,2,1,1,2,Stimulus,,,,,,,,,,,,
SV012,L,16,3,0,0,1,3,Stimulus,,,,,,,,,,,,
SV012,L,17,3,2,1,1,2,Stimulus,,,,,,,,,,,,
SV012,L,18,2,2,0,0,2,Stimulus,,,,,,,,,,,,
SV012,L,19,2,2,0,1,2,Stimulus,,,,,,,,,,,,
SV012,L,20,3,0,0,0,3,Stimulus,,,,,,,,,,,,
SV012,L,21,3,0,0,0,3,Stimulus,,,,,,,,,,,,
SV012,L,22,3,2,0,1,2,Stimulus,,,,,,,,,,,,
SV012,L,23,2,3,1,1,3,Stimulus,,,,,,,,,,,,
SV012,L,24,2,0,1,1,3,Stimulus,,,,,,,,,,,,
SV012,L,25,2,3,0,0,3,Stimulus,,,,,,,,,,,,
SV012,L,26,3,3,0,0,3,Stimulus,,,,,,,,,,,,
SV012,L,27,2,3,1,1,3,Stimulus,,,,,,,,,,,,
SV012,L,28,3,0,1,1,1,Stimulus,,,,,,,,,,,,
SV012,L,29,3,2,0,1,2,Stimulus,,,,,,,,,,,,
SV012,L,30,3,2,0,1,1,Stimulus,,,,,,,,,,,,
SV012,L,31,3,2,1,0,2,Stimulus,,,,,,,,,,,,
SV012,L,32,2,0,0,0,2,Stimulus,,,,,,,,,,,,
SV012,L,33,2,3,0,1,3,Stimulus,,,,,,,,,,,,
SV012,L,34,3,3,0,1,1,Stimulus,,,,,,,,,,,,
SV012,L,35,3,0,0,1,1,Stimulus,,,,,,,,0.4,0.4,54.0,54.0,12.0
SV012,L,36,2,3,0,0,3,Stimulus,,,,,,,,,,,,
SV012,L,37,2,3,0,1,2,Stimulus,,,,,,,,,,,,
SV012,L,38,2,3,1,0,3,Stimulus,,,,,,,,,,,,
SV012,L,39,3,0,1,0,3,Stimulus,,,,,,,,,,,,
SV012,L,40,2,3,1,0,2,Stimulus,,,,,,,,,,,,
SV012,L,41,3,0,0,0,3,Stimulus,,,,,,,,2.1,2.1,125.0,125.0,24.0
SV012,L,42,3,2,0,0,2,Stimulus,,,,,,,,,,,,
SV012,L,43,3,3,1,0,3,Stimulus,,,,,,,,0.5,0.5,56.0,56.0,12.0
SV012,L,44,3,2,0,0,2,Stimulus,,,,,,,,,,,,
SV012,L,45,3,2,0,1,2,Stimulus,,,,,,,,,,,,
SV012,L,46,2,0,0,0,2,Stimulus,,,,,,,,,,,,
SV012,L,47,2,2,0,1,2,Stimulus,,,,,,,,,,,,
SV012,L,48,3,0,0,1,3,Stimulus,,,,,,,,,,,,
SV012,L,49,2,3,1,0,3,Stimulus,,,,,,,,,,,,
SV012,L,50,2,0,0,0,2,Stimulus,,,,,,,,,,,,
SV012,L,51,3,3,0,1,3,Stimulus,,,,,,,,,,,,
SV012,L,52,3,2,0,1,1,Stimulus,,,,,,,,,,,,
SV012,L,53,3,0,0,1,3,Stimulus,,,,,,,,,,,,
SV012,L,54,3,2,0,0,2,Stimulus,,,,,,,,,,,,
SV012,L,55,3,2,1,1,2,Stimulus,,,,,,,,,,,,
SV012,L,56,2,0,1,0,2,Stimulus,,,,,,,,,,,,
SV012,L,57,2,2,1,1,2,Stimulus,,,,,,,,,,,,
SV012,L,58,3,2,1,1,2,Stimulus,,,,,,,,,,,,
SV012,L,59,2,2,0,1,2,Stimulus,,,,,,,,,,,,
SV012,L,60,3,3,1,1,3,Stimulus,,,,,,,,,,,,
SV012,L,61,2,2,1,1,2,Stimulus,,,,,,,,,,,,
SV012,L,62,2,2,0,1,3,Stimulus,,,,,,,,,,,,
SV012,L,63,2,0,1,1,3,Stimulus,,,,,,,,,,,,
SV012,L,64,2,2,1,0,2,Stimulus,,,,,,,,,,,,
SV012,L,65,3,3,0,1,3,Stimulus,,,,,,,,,,,,
SV012,L,66,3,2,0,1,2,Stimulus,,,,,,,,,,,,
SV012,L,67,3,2,0,0,2,Stimulus,,,,,,,,,,,,
SV012,L,68,3,3,1,0,3,Stimulus,,,,,,,,0.5,0.5,65.0,65.0,12.0
SV012,L,69,3,2,1,0,2,Stimulus,,,,,,,,,,,,
SV012,L,70,2,2,1,1,2,Stimulus,,,,,,,,,,,,
SV012,L,71,2,3,0,0,3,Stimulus,,,,,,,,,,,,
SV012,L,72,2,0,1,0,3,Stimulus,,,,,,,,,,,,
SV012,L,73,3,0,0,0,3,Stimulus,,,,,,,,,,,,
SV012,L,74,2,3,1,0,3,Stimulus,,,,,,,,4.5,4.5,185.0,185.0,36.0
SV012,L,75,3,0,1,0,3,Stimulus,,,,,,,,,,,,
SV012,L,76,3,3,0,0,3,Stimulus,,,,,,,,,,,,
SV012,L,77,2,2,0,1,2,Stimulus,,,,,,,,,,,,
SV012,L,78,3,2,1,0,2,Stimulus,,,,,,,,,,,,
SV012,L,79,2,2,0,1,2,Stimulus,,,,,,,,,,,,
SV012,L,80,3,3,0,0,3,Stimulus,,,,,,,,5.6,5.6,202.0,202.0,36.0
SV012,L,81,3,0,0,1,3,Stimulus,,,,,,,,,,,,
SV012,L,82,2,2,1,1,2,Stimulus,,,,,,,,,,,,
SV012,L,83,2,3,1,0,3,Stimulus,,,,,,,,7.0,7.0,218.0,218.0,44.0
SV012,L,84,2,0,1,0,2,Stimulus,,,,,,,,3.8,3.8,167.0,167.0,32.0
SV012,L,85,2,0,0,1,1,Stimulus,,,,,,,,,,,,
SV012,L,86,2,0,0,1,3,Stimulus,,,,,,,,,,,,
SV012,L,87,2,3,1,0,3,Stimulus,,,,,,,,6.5,6.5,198.0,198.0,44.0
SV012,L,88,3,0,1,0,3,Stimulus,,,,,,,,,,,,
SV012,L,89,2,3,1,1,3,Stimulus,,,,,,,,,,,,
SV012,L,90,2,2,0,0,2,Stimulus,,,,,,,,,,,,
SV012,L,91,3,3,0,0,3,Stimulus,,,,,,,,,,,,
SV012,L,92,2,2,1,1,2,Stimulus,,,,,,,,,,,,
SV012,L,93,3,0,0,1,3,Stimulus,,,,,,,,,,,,
SV012,L,94,2,0,1,0,2,Stimulus,,,,,,,,,,,,
SV012,L,95,2,2,1,0,2,Stimulus,,,,,,,,,,,,
SV012,L,96,2,3,1,0,3,Stimulus,,,,,,,,,,,,
SV012,L,97,2,0,1,0,2,Stimulus,,,,,,,,,,,,
SV012,L,98,2,3,0,1,3,Stimulus,,,,,,,,,,,,
SV012,L,99,3,0,0,1,2,Stimulus,,,,,,,,,,,,
SV012,L,100,3,3,1,0,3,Stimulus,,,,,,,,,,,,
SV012,L,101,2,0,1,1,3,Stimulus,,,,,,,,,,,,
SV012,L,102,3,0,0,0,3,Stimulus,,,,,,,,,,,,
SV012,L,103,3,2,1,0,2,Stimulus,,,,,,,,,,,,
SV012,L,104,3,2,0,0,2,Stimulus,,,,,,,,7.1,7.1,234.0,234.0,44.0
SV012,L,105,2,3,1,1,3,Stimulus,,,,,,,,,,,,
SV012,L,106,2,3,0,0,3,Stimulus,,,,,,,,,,,,
SV012,L,107,3,3,1,1,3,Stimulus,,,,,,,,,,,,
SV012,L,108,2,3,0,1,3,Stimulus,,,,,,,,,,,,
SV012,L,109,3,3,0,1,3,Stimulus,,,,,,,,,,,,
SV012,L,110,3,3,0,1,3,Stimulus,,,,,,,,,,,,
SV012,L,111,2,2,0,0,2,Stimulus,,,,,,,,,,,,
SV012,L,112,2,3,0,0,3,Stimulus,,,,,,,,,,,,
SV012,L,113,3,3,1,1,3,Stimulus,,,,,,,,,,,,
SV012,L,114,3,2,0,1,2,Stimulus,,,,,,,,,,,,
SV012,L,115,3,2,1,0,2,Stimulus,,,,,,,,5.7,5.7,216.0,216.0,36.0
SV012,L,116,2,3,1,0,3,Stimulus,,,,,,,,,,,,
SV012,L,117,2,0,0,1,3,Stimulus,,,,,,,,,,,,
SV012,L,118,3,2,0,0,2,Stimulus,,,,,,,,,,,,
SV012,L,119,2,3,1,1,3,Stimulus,,,,,,,,,,,,
SV012,L,120,2,3,0,1,3,Stimulus,,,,,,,,,,,,
SV012,L,121,2,2,0,0,2,Stimulus,,,,,,,,,,,,
SV012,L,122,2,0,0,1,2,Stimulus,,,,,,,,,,,,
SV012,L,123,2,0,0,0,2,Stimulus,,,,,,,,4.3,4.3,174.0,174.0,36.0
SV012,L,124,3,3,0,1,3,Stimulus,,,,,,,,,,,,
SV012,L,125,3,3,0,1,3,Stimulus,,,,,,,,,,,,
SV012,L,126,3,2,0,0,2,Stimulus,,,,,,,,6.4,6.4,238.0,238.0,40.0
SV012,L,127,2,2,1,1,2,Stimulus,,,,,,,,,,,,
SV012,L,128,2,0,1,1,3,Stimulus,,,,,,,,,,,,
SV012,L,129,2,2,1,1,2,Stimulus,,,,,,,,,,,,
SV012,L,130,3,3,1,1,3,Stimulus,,,,,,,,,,,,
SV012,L,131,3,3,1,0,3,Stimulus,,,,,,,,,,,,
SV012,L,132,2,3,0,0,3,Stimulus,,,,,,,,,,,,
SV012,L,133,3,2,0,1,2,Stimulus,,,,,,,,,,,,
SV012,L,134,3,3,1,0,3,Stimulus,,,,,,,,,,,,
SV012,L,135,3,2,1,1,2,Stimulus,,,,,,,,,,,,
SV012,L,136,3,2,1,1,2,Stimulus,,,,,,,,,,,,
SV012,L,137,3,3,1,1,3,Stimulus,,,,,,,,,,,,
SV012,L,138,2,0,1,1,3,Stimulus,,,,,,,,,,,,
SV012,L,139,2,3,0,0,3,Stimulus,,,,,,,,,,,,
SV012,L,140,3,2,1,1,2,Stimulus,,,,,,,,,,,,
SV012,L,141,2,0,0,1,2,Stimulus,,,,,,,,,,,,
SV012,L,142,2,2,1,0,2,Stimulus,,,,,,,,,,,,
SV012,L,143,2,3,0,0,3,Stimulus,,,,,,,,,,,,
SV012,L,144,2,3,1,1,3,Stimulus,,,,,,,,,,,,
SV012,L,145,3,3,1,1,3,Stimulus,,,,,,,,,,,,
SV012,L,146,3,2,1,0,2,Stimulus,,,,,,,,,,,,
SV012,L,147,3,3,1,1,3,Stimulus,,,,,,,,,,,,
SV012,L,148,2,0,0,1,2,Stimulus,,,,,,,,,,,,
SV012,L,149,3,0,1,1,1,Stimulus,,,,,,,,,,,,
SV012,L,150,3,0,0,1,1,Stimulus,,,,,,,,,,,,
SV012,L,151,2,0,1,1,3,Stimulus,,,,,,,,,,,,
SV012,L,152,3,3,0,1,3,Stimulus,,,,,,,,,,,,
SV012,L,153,2,2,1,1,2,Stimulus,,,,,,,,,,,,
SV012,L,154,2,3,1,1,3,Stimulus,,,,,,,,,,,,
SV012,L,155,3,3,1,0,3,Stimulus,,,,,,,,,,,,
SV012,L,156,3,0,1,1,1,Stimulus,,,,,,,,,,,,
SV012,L,157,2,0,1,1,3,Stimulus,,,,,,,,,,,,
SV012,L,158,3,3,0,0,3,Stimulus,,,,,,,,,,,,
SV012,L,159,3,0,1,1,3,Stimulus,,,,,,,,,,,,
SV012,L,160,2,2,1,0,2,Stimulus,,,,,,,,,,,,
SV012,L,161,2,2,0,1,2,Stimulus,,,,,,,,,,,,
SV012,L,162,3,0,0,0,3,Stimulus,,,,,,,,5.3,5.3,197.0,197.0,36.0
SV012,L,163,2,2,0,0,2,Stimulus,,,,,,,,,,,,
SV012,L,164,2,2,0,1,2,Stimulus,,,,,,,,,,,,
SV012,L,165,2,0,0,1,1,Stimulus,,,,,,,,,,,,
SV012,L,166,3,0,0,1,3,Stimulus,,,,,,,,,,,,
SV012,L,167,2,0,0,1,3,Stimulus,,,,,,,,,,,,
SV012,L,168,2,2,0,0,2,Stimulus,,,,,,,,5.5,5.5,210.0,210.0,36.0
SV012,L,169,2,3,0,1,1,Stimulus,,,,,,,,,,,,
SV012,L,170,3,3,0,0,2,Stimulus,,,,,,,,,,,,
SV012,L,171,2,2,1,1,1,Stimulus,,,,,,,,0.5,0.5,64.0,64.0,12.0
SV012,L,172,3,3,1,0,3,Stimulus,,,,,,,,,,,,
SV012,L,173,3,2,1,1,2,Stimulus,,,,,,,,,,,,
SV012,L,174,3,3,0,0,3,Stimulus,,,,,,,,,,,,
SV012,L,175,2,3,0,1,3,Stimulus,,,,,,,,,,,,
SV012,L,176,3,0,1,0,3,Stimulus,,,,,,,,,,,,
SV012,L,177,3,0,1,1,3,Stimulus,,,,,,,,,,,,
SV012,L,178,2,3,0,1,3,Stimulus,,,,,,,,0.6,0.6,80.0,80.0,12.0
SV012,L,179,3,2,0,0,3,Stimulus,,,,,,,,,,,,
SV012,L,180,2,3,0,0,3,Stimulus,,,,,,,,,,,,
SV012,L,181,2,0,0,1,3,Stimulus,,,,,,,,,,,,
SV012,L,182,2,2,1,0,2,Stimulus,,,,,,,,,,,,
SV012,L,183,2,3,1,1,3,Stimulus,,,,,,,,,,,,
SV012,L,184,3,2,0,0,3,Stimulus,,,,,,,,,,,,
SV012,L,185,2,2,1,0,2,Stimulus,,,,,,,,,,,,
SV012,L,186,3,2,1,1,2,Stimulus,,,,,,,,,,,,
SV012,L,187,2,2,1,0,2,Stimulus,,,,,,,,,,,,
SV012,L,188,2,2,0,1,2,Stimulus,,,,,,,,,,,,
SV012,L,189,3,0,1,0,3,Stimulus,,,,,,,,3.0,3.0,151.0,151.0,28.0
SV012,L,190,2,2,0,0,2,Stimulus,,,,,,,,,,,,
SV012,L,191,2,2,1,0,2,Stimulus,,,,,,,,,,,,
SV012,L,192,3,0,1,1,3,Stimulus,,,,,,,,,,,,
SV012,L,193,2,0,1,0,4,Stimulus,,,,,,,,4.4,4.4,187.0,187.0,32.0
SV012,L,194,2,0,0,0,3,Stimulus,,,,,,,,3.5,3.5,169.0,169.0,28.0
SV012,L,195,3,3,0,0,3,Stimulus,,,,,,,,,,,,
SV012,L,196,2,0,1,0,3,Stimulus,,,,,,,,2.7,2.7,140.0,140.0,28.0
SV012,L,197,2,0,0,0,2,Stimulus,,,,,,,,,,,,
SV012,L,198,2,0,1,1,3,Stimulus,,,,,,,,,,,,
SV012,L,199,2,0,1,0,3,Stimulus,,,,,,,,,,,,
SV012,L,200,2,3,1,1,1,Stimulus,,,,,,,,1.2,1.2,87.0,87.0,20.0
SV012,L,201,3,2,1,0,2,Stimulus,,,,,,,,,,,,
SV012,L,202,3,0,1,1,1,Stimulus,,,,,,,,,,,,
SV012,L,203,3,3,1,1,3,Stimulus,,,,,,,,,,,,
SV012,L,204,2,2,0,0,2,Stimulus,,,,,,,,,,,,
SV012,L,205,3,0,0,1,3,Stimulus,,,,,,,,,,,,
SV012,L,206,3,0,1,0,3,Stimulus,,,,,,,,,,,,
SV012,L,207,3,3,1,0,3,Stimulus,,,,,,,,,,,,
SV012,L,208,3,3,1,0,3,Stimulus,,,,,,,,,,,,
SV012,L,209,2,2,0,1,2,Stimulus,,,,,,,,,,,,
SV012,L,210,2,0,1,0,2,Stimulus,,,,,,,,,,,,
SV012,L,211,3,2,1,1,2,Stimulus,,,,,,,,,,,,
SV012,L,212,2,2,0,0,2,Stimulus,,,,,,,,5.5,5.5,201.0,201.0,36.0
SV012,L,213,2,3,1,1,3,Stimulus,,,,,,,,,,,,
SV012,L,214,3,2,0,1,2,Stimulus,,,,,,,,0.4,0.4,54.0,54.0,12.0
SV012,L,215,2,2,0,0,2,Stimulus,,,,,,,,,,,,
SV012,L,216,2,0,1,0,2,Stimulus,,,,,,,,,,,,
SV012,L,217,2,3,1,0,3,Stimulus,,,,,,,,,,,,
SV012,L,218,3,3,1,1,2,Stimulus,,,,,,,,,,,,
SV012,L,219,3,2,0,0,2,Stimulus,,,,,,,,,,,,
SV012,L,220,3,0,1,1,3,Stimulus,,,,,,,,,,,,
SV012,L,221,3,3,0,0,3,Stimulus,,,,,,,,,,,,
SV012,L,222,3,3,0,0,3,Stimulus,,,,,,,,,,,,
SV012,L,223,3,0,1,1,3,Stimulus,,,,,,,,,,,,
SV012,L,224,2,0,0,0,3,Stimulus,,,,,,,,,,,,
SV012,L,225,3,2,1,0,2,Stimulus,,,,,,,,,,,,
SV012,L,226,2,3,0,1,3,Stimulus,,,,,,,,,,,,
SV012,L,227,3,0,1,0,2,Stimulus,,,,,,,,5.5,5.5,190.0,190.0,40.0
SV012,L,228,3,0,1,0,3,Stimulus,,,,,,,,2.5,2.5,119.0,119.0,28.0
SV012,L,229,2,0,1,1,3,Stimulus,,,,,,,,,,,,
SV012,L,230,3,3,0,1,3,Stimulus,,,,,,,,,,,,
SV012,L,231,2,3,1,0,3,Stimulus,,,,,,,,,,,,
SV012,L,232,2,0,0,1,3,Stimulus,,,,,,,,,,,,
SV012,L,233,3,0,1,1,3,Stimulus,,,,,,,,,,,,
SV012,L,234,3,2,1,0,2,Stimulus,,,,,,,,,,,,
SV012,L,235,3,0,0,0,4,Stimulus,,,,,,,,,,,,
SV012,L,236,2,3,0,0,3,Stimulus,,,,,,,,,,,,
SV012,L,237,2,2,1,0,2,Stimulus,,,,,,,,,,,,
SV012,L,238,2,0,0,0,2,Stimulus,,,,,,,,,,,,
SV012,L,239,2,0,1,1,1,Stimulus,,,,,,,,,,,,
SV012,L,240,3,0,0,0,2,Stimulus,,,,,,,,,,,,
SV012,L,241,3,3,1,1,3,Stimulus,,,,,,,,,,,,
SV012,L,242,2,2,0,1,2,Stimulus,,,,,,,,,,,,
SV012,L,243,2,3,1,1,3,Stimulus,,,,,,,,,,,,
SV012,L,244,3,3,0,0,3,Stimulus,,,,,,,,,,,,
SV012,L,245,3,3,1,0,3,Stimulus,,,,,,,,,,,,
SV012,L,246,3,0,0,0,0,Stimulus,,,,,,,,,,,,
SV012,L,247,3,3,1,1,3,Stimulus,,,,,,,,,,,,
SV012,L,248,2,3,1,1,3,Stimulus,,,,,,,,,,,,
SV012,L,249,2,3,0,1,3,Stimulus,,,,,,,,,,,,
SV012,L,250,2,2,1,0,2,Stimulus,,,,,,,,,,,,
SV012,L,251,2,0,1,1,0,Stimulus,,,,,,,,,,,,
SV012,L,252,3,2,1,1,2,Stimulus,,,,,,,,,,,,
SV012,L,253,2,2,0,1,2,Stimulus,,,,,,,,,,,,
SV012,L,254,2,0,1,1,0,Stimulus,,,,,,,,,,,,
SV012,L,255,2,2,1,1,2,Stimulus,,,,,,,,,,,,
SV012,L,256,2,3,1,0,3,Stimulus,,,,,,,,,,,,
SV012,L,257,3,3,0,1,3,Stimulus,,,,,,,,,,,,
SV012,L,258,3,0,0,1,0,Stimulus,,,,,,,,,,,,
SV012,L,259,2,2,1,1,2,Stimulus,,,,,,,,,,,,
SV012,L,260,2,0,1,0,0,Stimulus,,,,,,,,,,,,
SV012,L,261,2,3,1,0,3,Stimulus,,,,,,,,,,,,
SV012,L,262,2,0,1,0,0,Stimulus,,,,,,,,,,,,
SV012,L,263,2,0,1,1,0,Stimulus,,,,,,,,,,,,
SV012,L,264,2,2,0,0,2,Stimulus,,,,,,,,,,,,
SV012,L,265,3,2,1,1,2,Stimulus,,,,,,,,,,,,
SV012,L,266,2,3,1,1,3,Stimulus,,,,,,,,,,,,
SV012,L,267,3,0,0,0,0,Stimulus,,,,,,,,,,,,
SV012,L,268,3,3,1,1,3,Stimulus,,,,,,,,,,,,
SV012,L,269,2,0,0,0,0,Stimulus,,,,,,,,,,,,
SV012,L,270,2,3,1,1,3,Stimulus,,,,,,,,,,,,
SV012,L,271,2,0,0,1,0,Stimulus,,,,,,,,,,,,
SV012,L,272,2,0,0,0,0,Stimulus,,,,,,,,,,,,
SV012,L,273,3,3,1,0,3,Stimulus,,,,,,,,,,,,
SV012,L,274,3,2,1,1,2,Stimulus,,,,,,,,,,,,
SV012,L,275,2,3,0,1,3,Stimulus,,,,,,,,,,,,
SV012,L,276,2,3,0,0,3,Stimulus,,,,,,,,,,,,
SV012,L,277,2,0,1,0,0,Stimulus,,,,,,,,,,,,
SV012,L,278,2,2,0,0,2,Stimulus,,,,,,,,,,,,
SV012,L,279,2,2,1,0,2,Stimulus,,,,,,,,,,,,
SV012,L,280,3,0,0,0,0,Stimulus,,,,,,,,,,,,
SV012,L,281,3,2,1,0,2,Stimulus,,,,,,,,,,,,
SV012,L,282,3,3,1,1,3,Stimulus,,,,,,,,,,,,
SV012,L,283,3,0,1,1,0,Stimulus,,,,,,,,,,,,
SV012,L,284,2,2,0,1,2,Stimulus,,,,,,,,,,,,
SV012,L,285,3,0,1,1,0,Stimulus,,,,,,,,,,,,
SV012,L,286,2,2,1,0,2,Stimulus,,,,,,,,,,,,
SV012,L,287,2,2,1,1,2,Stimulus,,,,,,,,,,,,
SV012,L,288,3,2,1,1,2,Stimulus,,,,,,,,,,,,
SV012,L,289,3,0,1,1,2,Stimulus,,,,,,,,,,,,
SV012,L,290,2,2,0,0,2,Stimulus,,,,,,,,,,,,
SV012,L,291,3,3,0,0,3,Stimulus,,,,,,,,,,,,
SV012,L,292,3,3,0,1,3,Stimulus,,,,,,,,,,,,
SV012,L,293,3,2,0,1,2,Stimulus,,,,,,,,,,,,
SV012,L,294,3,0,0,0,0,Stimulus,,,,,,,,0.9,0.9,82.0,82.0,16.0
SV012,L,295,3,3,0,1,3,Stimulus,,,,,,,,,,,,
SV012,L,296,3,2,1,1,2,Stimulus,,,,,,,,,,,,
SV012,L,297,3,3,0,1,3,Stimulus,,,,,,,,,,,,
SV012,L,298,3,3,0,0,3,Stimulus,,,,,,,,,,,,
SV012,L,299,3,0,0,0,0,Stimulus,,,,,,,,,,,,
SV012,L,300,2,2,1,1,2,Stimulus,,,,,,,,,,,,
SV012,L,301,3,2,0,1,2,Stimulus,,,,,,,,,,,,
SV012,L,302,2,2,0,0,2,Stimulus,,,,,,,,,,,,
SV012,L,303,3,3,1,1,3,Stimulus,,,,,,,,,,,,
SV012,L,304,2,2,1,1,2,Stimulus,,,,,,,,,,,,
SV012,L,305,2,2,0,0,2,Stimulus,,,,,,,,,,,,
SV012,L,306,2,2,1,0,2,Stimulus,,,,,,,,,,,,
SV012,L,307,3,3,0,1,3,Stimulus,,,,,,,,,,,,
SV012,L,308,3,3,0,0,3,Stimulus,,,,,,,,,,,,
SV012,L,309,2,3,1,1,3,Stimulus,,,,,,,,,,,,
SV012,L,310,3,3,0,1,3,Stimulus,,,,,,,,,,,,
SV012,L,311,2,2,0,0,2,Stimulus,,,,,,,,,,,,
SV012,L,312,2,3,1,0,3,Stimulus,,,,,,,,,,,,
SV012,L,313,2,3,0,0,3,Stimulus,,,,,,,,,,,,
SV012,L,314,3,0,1,0,0,Stimulus,,,,,,,,,,,,
SV012,L,315,2,3,1,1,3,Stimulus,,,,,,,,,,,,
SV012,L,316,3,0,0,1,0,Stimulus,,,,,,,,,,,,
SV012,L,317,3,2,0,0,2,Stimulus,,,,,,,,,,,,
SV012,L,318,3,0,0,1,0,Stimulus,,,,,,,,,,,,
SV012,L,319,2,3,0,0,3,Stimulus,,,,,,,,,,,,
SV012,L,320,3,2,1,1,2,Stimulus,,,,,,,,,,,,
SV012,L,321,2,0,0,1,0,Stimulus,,,,,,,,,,,,
SV012,L,322,3,0,1,0,0,Stimulus,,,,,,,,,,,,
SV012,L,323,2,0,0,0,0,Stimulus,,,,,,,,,,,,
SV012,L,324,2,3,0,1,3,Stimulus,,,,,,,,,,,,
SV012,L,325,2,2,0,0,2,Stimulus,,,,,,,,,,,,
SV012,L,326,3,0,1,0,0,Stimulus,,,,,,,,,,,,
SV012,L,327,2,3,1,1,3,Stimulus,,,,,,,,,,,,
SV012,L,328,2,2,1,1,2,Stimulus,,,,,,,,,,,,
SV012,L,329,3,3,1,0,3,Stimulus,,,,,,,,,,,,
SV012,L,330,2,0,1,1,0,Stimulus,,,,,,,,1.4,1.4,78.0,78.0,24.0
SV012,L,331,2,0,1,1,0,Stimulus,,,,,,,,,,,,
SV012,L,332,3,2,0,1,2,Stimulus,,,,,,,,,,,,
SV012,L,333,3,3,1,1,3,Stimulus,,,,,,,,,,,,
SV012,L,334,3,2,0,1,2,Stimulus,,,,,,,,,,,,
SV012,L,335,3,0,0,1,0,Stimulus,,,,,,,,,,,,
SV012,L,336,3,2,1,0,2,Stimulus,,,,,,,,,,,,
SV012,L,337,3,3,0,0,3,Stimulus,,,,,,,,,,,,
SV012,L,338,2,0,1,0,0,Stimulus,,,,,,,,,,,,
SV012,L,339,2,2,1,1,2,Stimulus,,,,,,,,,,,,
SV012,L,340,3,2,1,0,2,Stimulus,,,,,,,,,,,,
SV012,L,341,2,0,0,1,0,Stimulus,,,,,,,,,,,,
SV012,L,342,2,2,0,1,2,Stimulus,,,,,,,,,,,,
SV012,L,343,3,2,1,0,2,Stimulus,,,,,,,,5.5,5.5,212.0,212.0,36.0
SV012,L,344,3,3,1,0,3,Stimulus,,,,,,,,,,,,
SV012,L,345,2,2,1,0,2,Stimulus,,,,,,,,,,,,
SV012,L,346,2,0,1,0,0,Stimulus,,,,,,,,,,,,
SV012,L,347,2,3,1,0,3,Stimulus,,,,,,,,,,,,
SV012,L,348,3,0,0,1,0,Stimulus,,,,,,,,,,,,
SV012,L,349,2,3,0,0,3,Stimulus,,,,,,,,,,,,
SV012,L,350,3,0,1,1,0,Stimulus,,,,,,,,,,,,
SV012,L,351,2,0,0,1,0,Stimulus,,,,,,,,,,,,
SV012,L,352,3,2,0,1,2,Stimulus,,,,,,,,,,,,
SV012,L,353,3,2,0,0,2,Stimulus,,,,,,,,,,,,
SV012,L,354,3,0,0,1,0,Stimulus,,,,,,,,,,,,
SV012,L,355,3,2,0,1,2,Stimulus,,,,,,,,,,,,
SV012,L,356,2,3,0,0,3,Stimulus,,,,,,,,,,,,
SV012,L,357,3,3,0,0,3,Stimulus,,,,,,,,,,,,
SV012,L,358,3,2,1,0,2,Stimulus,,,,,,,,,,,,
SV012,L,359,3,0,1,1,0,Stimulus,,,,,,,,,,,,
SV012,L,360,3,3,1,0,3,Stimulus,,,,,,,,,,,,
SV012,L,361,3,0,1,0,0,Stimulus,,,,,,,,,,,,
SV012,L,362,3,2,1,1,2,Stimulus,,,,,,,,,,,,
SV012,L,363,2,0,0,0,0,Stimulus,,,,,,,,,,,,
SV012,L,364,2,0,0,0,0,Stimulus,,,,,,,,,,,,
SV012,L,365,2,2,1,1,2,Stimulus,,,,,,,,,,,,
SV012,L,366,3,3,1,1,3,Stimulus,,,,,,,,,,,,
SV012,L,367,3,0,1,0,0,Stimulus,,,,,,,,,,,,
SV012,L,368,2,2,1,1,2,Stimulus,,,,,,,,,,,,
SV012,L,369,3,3,1,0,3,Stimulus,,,,,,,,,,,,
SV012,L,370,3,2,0,0,2,Stimulus,,,,,,,,,,,,
SV012,L,371,2,0,0,0,0,Stimulus,,,,,,,,,,,,
SV012,L,372,2,0,0,1,0,Stimulus,,,,,,,,,,,,
SV012,L,373,3,2,1,1,2,Stimulus,,,,,,,,,,,,
SV012,L,374,2,0,1,1,0,Stimulus,,,,,,,,,,,,
SV012,L,375,3,0,0,0,0,Stimulus,,,,,,,,,,,,
SV012,L,376,3,2,0,0,2,Stimulus,,,,,,,,,,,,
SV012,L,377,2,3,0,1,3,Stimulus,,,,,,,,,,,,
SV012,L,378,3,2,1,0,2,Stimulus,,,,,,,,,,,,
SV012,L,379,2,0,0,0,0,Stimulus,,,,,,,,1.1,1.1,81.0,81.0,20.0
SV012,L,380,3,0,1,1,0,Stimulus,,,,,,,,,,,,
SV012,L,381,2,2,0,1,2,Stimulus,,,,,,,,,,,,
SV012,L,382,3,2,0,0,2,Stimulus,,,,,,,,,,,,
SV012,L,383,3,0,0,0,0,Stimulus,,,,,,,,,,,,
SV012,L,384,2,3,0,1,3,Stimulus,,,,,,,,,,,,
SV012,L,385,2,0,0,0,0,Stimulus,,,,,,,,,,,,
SV012,L,386,3,0,0,1,0,Stimulus,,,,,,,,,,,,
SV012,L,387,2,3,0,1,3,Stimulus,,,,,,,,,,,,
SV012,L,388,3,0,0,1,0,Stimulus,,,,,,,,,,,,
SV012,L,389,3,0,1,0,0,Stimulus,,,,,,,,,,,,
SV012,L,390,2,0,1,1,0,Stimulus,,,,,,,,,,,,
SV012,L,391,2,0,1,0,0,Stimulus,,,,,,,,,,,,
SV012,L,392,2,3,1,1,3,Stimulus,,,,,,,,,,,,
SV012,L,393,3,0,1,0,0,Stimulus,,,,,,,,,,,,
SV012,L,394,2,2,1,0,2,Stimulus,,,,,,,,,,,,
SV012,L,395,2,2,0,1,2,Stimulus,,,,,,,,,,,,
SV012,L,396,2,2,0,0,2,Stimulus,,,,,,,,,,,,
SV012,L,397,2,2,0,1,2,Stimulus,,,,,,,,,,,,
SV012,L,398,3,0,1,1,0,Stimulus,,,,,,,,,,,,
SV012,L,399,3,2,0,1,2,Stimulus,,,,,,,,,,,,
SV012,L,400,3,0,0,1,0,Stimulus,,,,,,,,,,,,
SV012,L,401,2,3,1,1,3,Stimulus,,,,,,,,,,,,
SV012,L,402,3,3,1,1,3,Stimulus,,,,,,,,,,,,
SV012,L,403,2,3,1,0,3,Stimulus,,,,,,,,,,,,
SV012,L,404,2,3,0,0,3,Stimulus,,,,,,,,,,,,
SV012,L,405,3,3,1,0,3,Stimulus,,,,,,,,,,,,
SV012,L,406,3,2,0,0,2,Stimulus,,,,,,,,,,,,
SV012,L,407,2,2,1,0,2,Stimulus,,,,,,,,,,,,
SV012,L,408,2,2,0,0,2,Stimulus,,,,,,,,,,,,
SV012,L,409,3,2,1,1,2,Stimulus,,,,,,,,,,,,
SV012,L,410,3,2,0,0,2,Stimulus,,,,,,,,,,,,
SV012,L,411,2,0,0,1,0,Stimulus,,,,,,,,,,,,
SV012,L,412,3,0,1,1,0,Stimulus,,,,,,,,,,,,
SV012,L,413,3,3,0,0,3,Stimulus,,,,,,,,,,,,
SV012,L,414,3,0,0,0,0,Stimulus,,,,,,,,,,,,
SV012,L,415,2,0,1,0,0,Stimulus,,,,,,,,1.0,1.0,89.0,89.0,16.0
SV012,L,416,3,0,0,1,0,Stimulus,,,,,,,,,,,,
SV012,L,417,2,0,1,0,0,Stimulus,,,,,,,,,,,,
SV012,L,418,3,3,1,0,3,Stimulus,,,,,,,,,,,,
SV012,L,419,2,2,0,1,2,Stimulus,,,,,,,,,,,,
SV012,L,420,2,2,0,0,2,Stimulus,,,,,,,,,,,,
SV012,L,421,3,2,1,1,2,Stimulus,,,,,,,,,,,,
SV012,L,422,3,2,0,0,2,Stimulus,,,,,,,,,,,,
SV012,L,423,3,3,0,1,3,Stimulus,,,,,,,,,,,,
SV012,L,424,3,3,0,1,3,Stimulus,,,,,,,,,,,,
SV012,L,425,2,2,0,1,2,Stimulus,,,,,,,,,,,,
SV012,L,426,2,3,1,0,3,Stimulus,,,,,,,,,,,,
SV012,L,427,3,3,1,1,3,Stimulus,,,,,,,,,,,,
SV012,L,428,2,0,0,1,0,Stimulus,,,,,,,,,,,,
SV012,L,429,2,0,1,0,0,Stimulus,,,,,,,,,,,,
SV012,L,430,2,0,1,0,0,Stimulus,,,,,,,,,,,,
SV012,L,431,2,2,1,0,2,Stimulus,,,,,,,,,,,,
SV012,L,432,3,0,1,0,0,Stimulus,,,,,,,,,,,,
SV012,L,433,2,3,0,1,3,Stimulus,,,,,,,,,,,,
SV012,L,434,3,2,1,0,2,Stimulus,,,,,,,,,,,,
SV012,L,435,3,2,1,0,2,Stimulus,,,,,,,,,,,,
SV012,L,436,2,0,0,1,0,Stimulus,,,,,,,,,,,,
SV012,L,437,3,3,0,0,3,Stimulus,,,,,,,,,,,,
SV012,L,438,2,3,1,0,3,Stimulus,,,,,,,,,,,,
SV012,L,439,2,3,0,0,3,Stimulus,,,,,,,,,,,,
SV012,L,440,3,3,0,1,3,Stimulus,,,,,,,,,,,,
SV012,L,441,3,3,1,0,3,Stimulus,,,,,,,,,,,,
SV012,L,442,2,2,1,1,2,Stimulus,,,,,,,,,,,,
SV012,L,443,3,2,1,0,2,Stimulus,,,,,,,,,,,,
SV012,L,444,3,3,1,1,3,Stimulus,,,,,,,,,,,,
SV012,L,445,2,0,0,0,0,Stimulus,,,,,,,,,,,,
SV012,L,446,3,0,1,1,0,Stimulus,,,,,,,,,,,,
SV012,L,447,2,3,1,1,3,Stimulus,,,,,,,,,,,,
SV012,L,448,2,3,0,1,3,Stimulus,,,,,,,,,,,,
SV012,L,449,2,3,0,1,3,Stimulus,,,,,,,,,,,,
SV012,L,450,2,3,0,0,3,Stimulus,,,,,,,,,,,,
SV012,L,451,2,3,0,0,3,Stimulus,,,,,,,,,,,,
SV012,L,452,2,3,1,0,3,Stimulus,,,,,,,,,,,,
SV012,L,453,3,0,1,1,0,Stimulus,,,,,,,,,,,,
SV012,L,454,2,2,1,0,2,Stimulus,,,,,,,,,,,,
SV012,L,455,2,3,0,1,3,Stimulus,,,,,,,,,,,,
SV012,L,456,3,2,0,0,2,Stimulus,,,,,,,,,,,,
SV012,L,457,3,2,0,0,2,Stimulus,,,,,,,,,,,,
SV012,L,458,2,0,0,1,0,Stimulus,,,,,,,,,,,,
SV012,L,459,3,3,1,0,3,Stimulus,,,,,,,,4.5,4.5,201.0,201.0,36.0
SV012,L,460,2,3,1,0,3,Stimulus,,,,,,,,,,,,
SV012,L,461,3,0,1,0,0,Stimulus,,,,,,,,,,,,
SV012,L,462,2,2,0,1,2,Stimulus,,,,,,,,,,,,
SV012,L,463,3,2,0,1,2,Stimulus,,,,,,,,,,,,
SV012,L,464,3,3,0,0,3,Stimulus,,,,,,,,,,,,
SV012,L,465,2,0,1,1,2,Stimulus,,,,,,,,,,,,
SV012,L,466,2,0,1,1,0,Stimulus,,,,,,,,,,,,
SV012,L,467,2,0,0,1,0,Stimulus,,,,,,,,,,,,
SV012,L,468,3,2,0,1,2,Stimulus,,,,,,,,,,,,
SV012,L,469,3,0,0,0,0,Stimulus,,,,,,,,,,,,
SV012,L,470,3,3,0,0,3,Stimulus,,,,,,,,,,,,
SV012,L,471,2,0,0,0,0,Stimulus,,,,,,,,,,,,
SV012,L,472,3,2,1,0,2,Stimulus,,,,,,,,,,,,
SV012,L,473,2,3,1,0,3,Stimulus,,,,,,,,,,,,
SV012,L,474,3,0,0,0,0,Stimulus,,,,,,,,4.8,4.8,237.0,237.0,32.0
SV012,L,475,3,0,1,0,0,Stimulus,,,,,,,,,,,,
SV012,L,476,2,3,0,0,3,Stimulus,,,,,,,,,,,,
SV012,L,477,2,2,1,0,2,Stimulus,,,,,,,,,,,,
SV012,L,478,3,3,0,1,3,Stimulus,,,,,,,,,,,,
SV012,L,479,3,2,0,1,2,Stimulus,,,,,,,,,,,,
SV012,L,480,2,0,1,1,0,Stimulus,,,,,,,,,,,,
SV012,R,1,3,3,1,1,2,Stimulus,,,,,,,,,,,,
SV012,R,2,2,2,1,0,2,Stimulus,,,,,,,,,,,,
SV012,R,3,2,0,0,1,3,Stimulus,,,,,,,,,,,,
SV012,R,4,2,2,0,1,1,Stimulus,,,,,,,,,,,,
SV012,R,5,2,0,1,0,3,Stimulus,,,,,,,,,,,,
SV012,R,6,3,3,1,0,3,Stimulus,,,,,,,,,,,,
SV012,R,7,2,3,1,0,3,Stimulus,,,,,,,,,,,,
SV012,R,8,3,2,0,0,3,Stimulus,,,,,,,,,,,,
SV012,R,9,3,0,1,1,1,Stimulus,,,,,,,,3.8,3.8,158.0,158.0,36.0
SV012,R,10,3,0,0,1,3,Stimulus,,,,,,,,,,,,
SV012,R,11,2,0,0,1,3,Stimulus,,,,,,,,,,,,
SV012,R,12,3,3,0,0,3,Stimulus,,,,,,,,,,,,
SV012,R,13,3,0,0,1,3,Stimulus,,,,,,,,,,,,
SV012,R,14,2,0,1,1,3,Stimulus,,,,,,,,,,,,
SV012,R,15,2,3,1,1,3,Stimulus,,,,,,,,,,,,
SV012,R,16,2,3,1,0,3,Stimulus,,,,,,,,,,,,
SV012,R,17,2,3,0,0,3,Stimulus,,,,,,,,,,,,
SV012,R,18,2,3,1,0,3,Stimulus,,,,,,,,,,,,
SV012,R,19,2,0,0,1,3,Stimulus,,,,,,,,,,,,
SV012,R,20,3,3,0,1,3,Stimulus,,,,,,,,,,,,
SV012,R,21,3,2,1,1,2,Stimulus,,,,,,,,,,,,
SV012,R,22,3,2,0,1,2,Stimulus,,,,,,,,,,,,
SV012,R,23,2,0,0,0,2,Stimulus,,,,,,,,,,,,
SV012,R,24,3,3,1,1,3,Stimulus,,,,,,,,,,,,
SV012,R,25,3,0,1,0,3,Stimulus,,,,,,,,,,,,
SV012,R,26,3,0,1,1,1,Stimulus,,,,,,,,,,,,
SV012,R,27,3,2,0,1,2,Stimulus,,,,,,,,,,,,
SV012,R,28,3,2,0,0,3,Stimulus,,,,,,,,,,,,
SV012,R,29,2,3,1,0,3,Stimulus,,,,,,,,,,,,
SV012,R,30,3,0,0,0,4,Stimulus,,,,,,,,,,,,
SV012,R,31,2,0,0,1,3,Stimulus,,,,,,,,,,,,
SV012,R,32,2,0,1,1,3,Stimulus,,,,,,,,,,,,
SV012,R,33,2,0,0,1,3,Stimulus,,,,,,,,,,,,
SV012,R,34,3,2,1,1,2,Stimulus,,,,,,,,,,,,
SV012,R,35,3,2,0,1,2,Stimulus,,,,,,,,,,,,
SV012,R,36,2,3,0,1,1,Stimulus,,,,,,,,,,,,
SV012,R,37,2,2,1,0,2,Stimulus,,,,,,,,,,,,
SV012,R,38,3,0,1,1,2,Stimulus,,,,,,,,,,,,
SV012,R,39,2,0,0,1,3,Stimulus,,,,,,,,,,,,
SV012,R,40,3,0,0,0,3,Stimulus,,,,,,,,,,,,
SV012,R,41,3,0,0,1,3,Stimulus,,,,,,,,,,,,
SV012,R,42,3,0,0,1,2,Stimulus,,,,,,,,,,,,
SV012,R,43,3,3,1,1,2,Stimulus,,,,,,,,,,,,
SV012,R,44,2,0,1,0,3,Stimulus,,,,,,,,,,,,
SV012,R,45,2,2,0,1,2,Stimulus,,,,,,,,,,,,
SV012,R,46,2,3,1,1,3,Stimulus,,,,,,,,,,,,
SV012,R,47,3,2,1,1,2,Stimulus,,,,,,,,,,,,
SV012,R,48,2,0,1,0,2,Stimulus,,,,,,,,,,,,
SV012,R,49,2,2,1,1,2,Stimulus,,,,,,,,,,,,
SV012,R,50,3,0,1,0,2,Stimulus,,,,,,,,,,,,
SV012,R,51,3,0,1,1,3,Stimulus,,,,,,,,,,,,
SV012,R,52,3,3,0,0,2,Stimulus,,,,,,,,,,,,
SV012,R,53,2,0,0,0,3,Stimulus,,,,,,,,,,,,
SV012,R,54,2,2,1,0,2,Stimulus,,,,,,,,,,,,
SV012,R,55,2,3,1,1,3,Stimulus,,,,,,,,,,,,
SV012,R,56,2,3,0,1,3,Stimulus,,,,,,,,,,,,
SV012,R,57,3,3,1,1,3,Stimulus,,,,,,,,,,,,
SV012,R,58,2,0,1,0,3,Stimulus,,,,,,,,,,,,
SV012,R,59,3,3,1,0,3,Stimulus,,,,,,,,,,,,
SV012,R,60,3,3,0,0,3,Stimulus,,,,,,,,,,,,
SV012,R,61,2,2,0,0,2,Stimulus,,,,,,,,,,,,
SV012,R,62,3,2,1,1,2,Stimulus,,,,,,,,,,,,
SV012,R,63,3,0,0,1,2,Stimulus,,,,,,,,,,,,
SV012,R,64,2,2,1,1,1,Stimulus,,,,,,,,,,,,
SV012,R,65,3,2,1,0,2,Stimulus,,,,,,,,,,,,
SV012,R,66,3,2,1,0,2,Stimulus,,,,,,,,,,,,
SV012,R,67,3,3,1,0,3,Stimulus,,,,,,,,,,,,
SV012,R,68,2,2,0,0,2,Stimulus,,,,,,,,,,,,
SV012,R,69,3,3,0,1,3,Stimulus,,,,,,,,,,,,
SV012,R,70,3,2,0,1,1,Stimulus,,,,,,,,,,,,
SV012,R,71,2,2,0,0,2,Stimulus,,,,,,,,,,,,
SV012,R,72,2,3,0,1,3,Stimulus,,,,,,,,,,,,
SV012,R,73,3,0,0,0,4,Stimulus,,,,,,,,6.8,6.8,232.0,232.0,40.0
SV012,R,74,3,2,0,0,3,Stimulus,,,,,,,,,,,,
SV012,R,75,2,0,0,0,3,Stimulus,,,,,,,,,,,,
SV012,R,76,2,3,0,0,3,Stimulus,,,,,,,,,,,,
SV012,R,77,2,0,1,1,3,Stimulus,,,,,,,,,,,,
SV012,R,78,3,0,1,0,3,Stimulus,,,,,,,,,,,,
SV012,R,79,3,2,1,0,3,Stimulus,,,,,,,,,,,,
SV012,R,80,3,2,0,0,3,Stimulus,,,,,,,,,,,,
SV012,R,81,3,3,0,0,3,Stimulus,,,,,,,,,,,,
SV012,R,82,2,3,0,1,3,Stimulus,,,,,,,,,,,,
SV012,R,83,2,3,0,1,1,Stimulus,,,,,,,,,,,,
SV012,R,84,3,2,1,1,2,Stimulus,,,,,,,,,,,,
SV012,R,85,2,3,1,0,3,Stimulus,,,,,,,,,,,,
SV012,R,86,2,2,0,1,2,Stimulus,,,,,,,,,,,,
SV012,R,87,2,3,0,1,3,Stimulus,,,,,,,,,,,,
SV012,R,88,3,3,0,1,3,Stimulus,,,,,,,,,,,,
SV012,R,89,2,3,1,1,3,Stimulus,,,,,,,,0.5,0.5,56.0,56.0,12.0
SV012,R,90,3,3,0,1,3,Stimulus,,,,,,,,,,,,
SV012,R,91,3,2,1,0,2,Stimulus,,,,,,,,,,,,
SV012,R,92,2,2,0,0,2,Stimulus,,,,,,,,,,,,
SV012,R,93,2,2,0,0,2,Stimulus,,,,,,,,,,,,
SV012,R,94,3,2,1,1,2,Stimulus,,,,,,,,,,,,
SV012,R,95,3,0,1,0,3,Stimulus,,,,,,,,,,,,
SV012,R,96,2,2,1,1,2,Stimulus,,,,,,,,,,,,
SV012,R,97,2,3,0,1,3,Stimulus,,,,,,,,,,,,
SV012,R,98,3,3,0,1,3,Stimulus,,,,,,,,,,,,
SV012,R,99,2,2,1,1,1,Stimulus,,,,,,,,,,,,
SV012,R,100,2,3,1,1,3,Stimulus,,,,,,,,,,,,
SV012,R,101,3,3,0,0,3,Stimulus,,,,,,,,0.5,0.5,59.0,59.0,12.0
SV012,R,102,3,2,0,0,2,Stimulus,,,,,,,,,,,,
SV012,R,103,2,3,1,0,3,Stimulus,,,,,,,,,,,,
SV012,R,104,3,0,1,1,1,Stimulus,,,,,,,,,,,,
SV012,R,105,3,2,1,1,2,Stimulus,,,,,,,,,,,,
SV012,R,106,3,3,0,1,3,Stimulus,,,,,,,,,,,,
SV012,R,107,3,3,0,0,3,Stimulus,,,,,,,,,,,,
SV012,R,108,3,3,1,1,3,Stimulus,,,,,,,,,,,,
SV012,R,109,3,2,1,0,2,Stimulus,,,,,,,,,,,,
SV012,R,110,3,2,0,1,2,Stimulus,,,,,,,,7.5,7.5,326.0,326.0,44.0
SV012,R,111,3,2,0,0,3,Stimulus,,,,,,,,,,,,
SV012,R,112,2,3,1,1,3,Stimulus,,,,,,,,,,,,
SV012,R,113,3,2,0,1,2,Stimulus,,,,,,,,,,,,
SV012,R,114,2,2,0,0,2,Stimulus,,,,,,,,,,,,
SV012,R,115,2,0,0,0,3,Stimulus,,,,,,,,,,,,
SV012,R,116,2,3,1,0,3,Stimulus,,,,,,,,,,,,
SV012,R,117,2,2,1,0,2,Stimulus,,,,,,,,,,,,
SV012,R,118,2,2,1,0,2,Stimulus,,,,,,,,,,,,
SV012,R,119,3,2,1,0,2,Stimulus,,,,,,,,,,,,
SV012,R,120,2,3,0,0,3,Stimulus,,,,,,,,0.4,0.4,53.0,53.0,12.0
SV012,R,121,3,3,1,0,3,Stimulus,,,,,,,,,,,,
SV012,R,122,3,2,0,1,2,Stimulus,1928.4,1928.4,978.9,978.9,678.0,678.0,116.0,1.35,2.0,79.0,100.0,22.0
SV012,R,123,2,3,0,1,1,Stimulus,,,,,,,,,,,,
SV012,R,124,2,2,1,0,2,Stimulus,,,,,,,,,,,,
SV012,R,125,2,0,1,1,2,Stimulus,,,,,,,,,,,,
SV012,R,126,2,2,0,0,2,Stimulus,,,,,,,,,,,,
SV012,R,127,2,0,0,0,3,Stimulus,,,,,,,,,,,,
SV012,R,128,3,3,0,0,3,Stimulus,647.1,647.1,3201.9,3201.9,67.0,67.0,44.0,13.4,13.4,500.0,500.0,112.0
SV012,R,129,3,2,0,0,3,Stimulus,,,,,,,,,,,,
SV012,R,130,3,0,0,0,3,Stimulus,,,,,,,,,,,,
SV012,R,131,2,3,0,0,3,Stimulus,,,,,,,,0.4,0.4,49.0,49.0,12.0
SV012,R,132,2,2,0,1,1,Stimulus,,,,,,,,,,,,
SV012,R,133,2,2,0,0,2,Stimulus,,,,,,,,,,,,
SV012,R,134,2,0,1,0,3,Stimulus,,,,,,,,,,,,
SV012,R,135,3,0,0,1,1,Stimulus,,,,,,,,,,,,
SV012,R,136,3,0,1,0,3,Stimulus,,,,,,,,,,,,
SV012,R,137,3,3,0,0,3,Stimulus,,,,,,,,,,,,
SV012,R,138,3,3,1,1,1,Stimulus,,,,,,,,,,,,
SV012,R,139,3,3,1,0,3,Stimulus,,,,,,,,,,,,
SV012,R,140,2,2,1,0,2,Stimulus,,,,,,,,,,,,
SV012,R,141,2,3,0,1,3,Stimulus,,,,,,,,,,,,
SV012,R,142,3,0,0,1,3,Stimulus,,,,,,,,,,,,
SV012,R,143,2,3,1,1,3,Stimulus,,,,,,,,,,,,
SV012,R,144,2,0,1,1,3,Stimulus,,,,,,,,,,,,
SV012,R,145,2,2,0,1,1,Stimulus,,,,,,,,,,,,
SV012,R,146,2,0,1,1,3,Stimulus,1946.8,1946.8,1133.4,1133.4,908.0,908.0,64.0,0.5,0.6,65.5,76.0,12.0
SV012,R,147,3,3,1,0,3,Stimulus,,,,,,,,,,,,
SV012,R,148,2,0,0,1,1,Stimulus,,,,,,,,,,,,
SV012,R,149,3,2,0,0,3,Stimulus,,,,,,,,,,,,
SV012,R,150,2,0,0,1,3,Stimulus,,,,,,,,0.5,0.5,62.0,62.0,12.0
SV012,R,151,2,3,0,0,3,Stimulus,,,,,,,,,,,,
SV012,R,152,3,2,1,0,3,Stimulus,,,,,,,,,,,,
SV012,R,153,3,2,0,0,3,Stimulus,,,,,,,,,,,,
SV012,R,154,2,2,1,1,2,Stimulus,,,,,,,,,,,,
SV012,R,155,3,0,1,1,1,Stimulus,,,,,,,,2.5,2.5,142.0,142.0,24.0
SV012,R,156,3,0,0,0,3,Stimulus,,,,,,,,,,,,
SV012,R,157,2,2,0,0,1,Stimulus,,,,,,,,,,,,
SV012,R,158,2,3,0,0,1,Stimulus,,,,,,,,,,,,
SV012,R,159,2,3,1,0,3,Stimulus,,,,,,,,,,,,
SV012,R,160,3,2,1,1,3,Stimulus,,,,,,,,,,,,
SV012,R,161,3,3,1,0,3,Stimulus,,,,,,,,,,,,
SV012,R,162,3,3,1,1,3,Stimulus,,,,,,,,,,,,
SV012,R,163,3,2,1,0,3,Stimulus,,,,,,,,,,,,
SV012,R,164,3,3,0,1,3,Stimulus,,,,,,,,,,,,
SV012,R,165,3,0,0,0,3,Stimulus,,,,,,,,,,,,
SV012,R,166,2,3,1,1,2,Stimulus,,,,,,,,,,,,
SV012,R,167,2,0,0,0,3,Stimulus,,,,,,,,,,,,
SV012,R,168,2,2,0,1,2,Stimulus,,,,,,,,,,,,
SV012,R,169,2,2,0,1,2,Stimulus,,,,,,,,,,,,
SV012,R,170,3,3,1,1,3,Stimulus,,,,,,,,,,,,
SV012,R,171,3,0,1,1,3,Stimulus,,,,,,,,,,,,
SV012,R,172,3,2,1,0,2,Stimulus,,,,,,,,,,,,
SV012,R,173,3,0,0,0,3,Stimulus,,,,,,,,,,,,
SV012,R,174,2,2,0,1,2,Stimulus,,,,,,,,,,,,
SV012,R,175,3,0,1,0,3,Stimulus,,,,,,,,,,,,
SV012,R,176,2,0,1,0,2,Stimulus,,,,,,,,1.0,1.0,87.0,87.0,16.0
SV012,R,177,3,3,1,0,3,Stimulus,,,,,,,,,,,,
SV012,R,178,2,0,0,0,3,Stimulus,,,,,,,,,,,,
SV012,R,179,2,0,1,1,3,Stimulus,,,,,,,,,,,,
SV012,R,180,3,3,1,0,1,Stimulus,,,,,,,,,,,,
SV012,R,181,2,0,0,0,3,Stimulus,,,,,,,,,,,,
SV012,R,182,3,0,1,1,3,Stimulus,,,,,,,,,,,,
SV012,R,183,2,0,1,1,3,Stimulus,,,,,,,,,,,,
SV012,R,184,3,3,1,1,3,Stimulus,,,,,,,,,,,,
SV012,R,185,3,3,0,1,3,Stimulus,,,,,,,,,,,,
SV012,R,186,3,0,1,1,3,Stimulus,,,,,,,,,,,,
SV012,R,187,2,0,1,0,3,Stimulus,,,,,,,,,,,,
SV012,R,188,2,0,1,1,3,Stimulus,,,,,,,,,,,,
SV012,R,189,2,3,1,1,3,Stimulus,,,,,,,,,,,,
SV012,R,190,2,3,0,1,3,Stimulus,,,,,,,,,,,,
SV012,R,191,2,0,1,0,3,Stimulus,,,,,,,,,,,,
SV012,R,192,2,2,1,0,2,Stimulus,,,,,,,,,,,,
SV012,R,193,3,0,0,0,3,Stimulus,,,,,,,,,,,,
SV012,R,194,3,2,0,1,2,Stimulus,,,,,,,,,,,,
SV012,R,195,2,2,1,0,2,Stimulus,,,,,,,,,,,,
SV012,R,196,2,3,1,1,3,Stimulus,,,,,,,,,,,,
SV012,R,197,2,0,1,1,3,Stimulus,,,,,,,,,,,,
SV012,R,198,3,3,1,1,3,Stimulus,,,,,,,,,,,,
SV012,R,199,3,0,1,0,3,Stimulus,,,,,,,,,,,,
SV012,R,200,3,0,1,0,3,Stimulus,,,,,,,,,,,,
SV012,R,201,3,3,0,0,3,Stimulus,,,,,,,,,,,,
SV012,R,202,3,3,1,0,3,Stimulus,,,,,,,,,,,,
SV012,R,203,2,0,0,1,3,Stimulus,,,,,,,,,,,,
SV012,R,204,3,0,1,1,3,Stimulus,,,,,,,,,,,,
SV012,R,205,2,2,1,1,2,Stimulus,,,,,,,,,,,,
SV012,R,206,3,2,0,0,2,Stimulus,,,,,,,,0.7,0.7,109.0,109.0,20.0
SV012,R,207,2,2,1,1,2,Stimulus,,,,,,,,,,,,
SV012,R,208,3,0,0,0,3,Stimulus,,,,,,,,,,,,
SV012,R,209,2,3,1,0,3,Stimulus,,,,,,,,,,,,
SV012,R,210,2,3,0,0,3,Stimulus,,,,,,,,,,,,
SV012,R,211,3,0,0,1,3,Stimulus,,,,,,,,,,,,
SV012,R,212,3,2,0,1,2,Stimulus,,,,,,,,,,,,
SV012,R,213,2,0,1,0,2,Stimulus,,,,,,,,,,,,
SV012,R,214,3,3,0,1,1,Stimulus,,,,,,,,,,,,
SV012,R,215,2,2,0,1,1,Stimulus,,,,,,,,,,,,
SV012,R,216,3,2,0,1,2,Stimulus,,,,,,,,,,,,
SV012,R,217,2,2,1,1,2,Stimulus,,,,,,,,,,,,
SV012,R,218,3,2,1,1,2,Stimulus,,,,,,,,,,,,
SV012,R,219,2,0,0,1,2,Stimulus,,,,,,,,,,,,
SV012,R,220,3,0,0,1,3,Stimulus,,,,,,,,,,,,
SV012,R,221,3,2,1,1,2,Stimulus,,,,,,,,,,,,
SV012,R,222,3,3,0,1,3,Stimulus,,,,,,,,,,,,
SV012,R,223,2,0,1,0,3,Stimulus,,,,,,,,,,,,
SV012,R,224,2,3,0,0,3,Stimulus,,,,,,,,,,,,
SV012,R,225,2,0,0,0,3,Stimulus,,,,,,,,,,,,
SV012,R,226,2,2,1,1,2,Stimulus,,,,,,,,,,,,
SV012,R,227,3,2,1,0,2,Stimulus,,,,,,,,,,,,
SV012,R,228,2,2,0,1,2,Stimulus,,,,,,,,,,,,
SV012,R,229,3,0,0,0,3,Stimulus,,,,,,,,,,,,
SV012,R,230,2,0,0,0,3,Stimulus,,,,,,,,,,,,
SV012,R,231,3,0,1,0,3,Stimulus,,,,,,,,,,,,
SV012,R,232,3,3,0,0,4,Stimulus,,,,,,,,,,,,
SV012,R,233,3,0,1,0,3,Stimulus,,,,,,,,,,,,
SV012,R,234,2,3,0,0,3,Stimulus,,,,,,,,,,,,
SV012,R,235,2,3,1,0,3,Stimulus,,,,,,,,,,,,
SV012,R,236,2,3,0,0,3,Stimulus,,,,,,,,,,,,
SV012,R,237,2,2,1,0,2,Stimulus,,,,,,,,,,,,
SV012,R,238,2,2,0,0,2,Stimulus,,,,,,,,,,,,
SV012,R,239,2,2,1,1,2,Stimulus,,,,,,,,,,,,
SV012,R,240,3,0,0,1,3,Stimulus,,,,,,,,,,,,
SV012,R,241,3,3,0,1,3,Stimulus,,,,,,,,,,,,
SV012,R,242,3,2,0,0,2,Stimulus,,,,,,,,,,,,
SV012,R,243,3,0,1,1,0,Stimulus,2003.5,2003.5,1831.1,1831.1,655.0,655.0,36.0,4.9,7.8,162.5,217.0,40.0
SV012,R,244,2,2,1,1,2,Stimulus,,,,,,,,,,,,
SV012,R,245,3,3,0,0,3,Stimulus,,,,,,,,,,,,
SV012,R,246,2,3,0,1,3,Stimulus,,,,,,,,,,,,
SV012,R,247,2,2,1,0,2,Stimulus,,,,,,,,,,,,
SV012,R,248,2,0,1,1,0,Stimulus,,,,,,,,,,,,
SV012,R,249,2,0,1,1,0,Stimulus,,,,,,,,,,,,
SV012,R,250,3,2,0,0,2,Stimulus,,,,,,,,,,,,
SV012,R,251,2,2,1,1,2,Stimulus,,,,,,,,,,,,
SV012,R,252,3,3,0,0,3,Stimulus,,,,,,,,,,,,
SV012,R,253,3,0,0,0,0,Stimulus,,,,,,,,,,,,
SV012,R,254,3,0,0,1,0,Stimulus,,,,,,,,,,,,
SV012,R,255,3,0,0,1,0,Stimulus,,,,,,,,,,,,
SV012,R,256,2,0,0,1,0,Stimulus,,,,,,,,0.5,0.5,64.0,64.0,12.0
SV012,R,257,3,2,0,1,2,Stimulus,,,,,,,,,,,,
SV012,R,258,2,2,1,0,2,Stimulus,,,,,,,,,,,,
SV012,R,259,3,0,0,0,3,Stimulus,,,,,,,,,,,,
SV012,R,260,2,3,1,1,3,Stimulus,,,,,,,,,,,,
SV012,R,261,3,2,0,1,2,Stimulus,,,,,,,,,,,,
SV012,R,262,2,0,1,1,1,Stimulus,,,,,,,,,,,,
SV012,R,263,3,2,0,1,2,Stimulus,,,,,,,,,,,,
SV012,R,264,3,0,0,0,0,Stimulus,,,,,,,,,,,,
SV012,R,265,3,2,1,1,2,Stimulus,,,,,,,,,,,,
SV012,R,266,2,2,1,1,2,Stimulus,,,,,,,,,,,,
SV012,R,267,2,2,1,1,2,Stimulus,,,,,,,,,,,,
SV012,R,268,3,3,0,0,3,Stimulus,,,,,,,,,,,,
SV012,R,269,2,0,0,0,0,Stimulus,,,,,,,,,,,,
SV012,R,270,2,2,0,1,2,Stimulus,,,,,,,,,,,,
SV012,R,271,3,3,0,1,3,Stimulus,,,,,,,,,,,,
SV012,R,272,2,2,0,1,2,Stimulus,,,,,,,,,,,,
SV012,R,273,3,3,0,1,3,Stimulus,,,,,,,,,,,,
SV012,R,274,2,3,0,0,3,Stimulus,,,,,,,,,,,,
SV012,R,275,2,3,1,1,3,Stimulus,,,,,,,,,,,,
SV012,R,276,3,2,0,0,0,Stimulus,,,,,,,,,,,,
SV012,R,277,3,3,1,0,3,Stimulus,,,,,,,,,,,,
SV012,R,278,3,3,0,1,3,Stimulus,,,,,,,,,,,,
SV012,R,279,3,3,1,0,3,Stimulus,,,,,,,,,,,,
SV012,R,280,2,2,1,1,2,Stimulus,,,,,,,,,,,,
SV012,R,281,3,2,1,0,2,Stimulus,,,,,,,,,,,,
SV012,R,282,2,3,0,0,3,Stimulus,,,,,,,,,,,,
SV012,R,283,2,3,1,0,3,Stimulus,,,,,,,,,,,,
SV012,R,284,3,0,0,0,0,Stimulus,,,,,,,,0.5,0.5,67.0,67.0,12.0
SV012,R,285,3,3,0,0,3,Stimulus,,,,,,,,,,,,
SV012,R,286,2,3,1,1,3,Stimulus,,,,,,,,,,,,
SV012,R,287,3,2,1,1,2,Stimulus,,,,,,,,,,,,
SV012,R,288,2,3,0,0,3,Stimulus,,,,,,,,,,,,
SV012,R,289,2,0,1,1,0,Stimulus,,,,,,,,,,,,
SV012,R,290,3,0,1,0,0,Stimulus,,,,,,,,,,,,
SV012,R,291,2,3,1,1,3,Stimulus,,,,,,,,,,,,
SV012,R,292,2,3,0,1,3,Stimulus,,,,,,,,,,,,
SV012,R,293,2,3,0,0,3,Stimulus,,,,,,,,,,,,
SV012,R,294,2,2,0,0,2,Stimulus,,,,,,,,,,,,
SV012,R,295,2,0,0,0,0,Stimulus,,,,,,,,,,,,
SV012,R,296,2,0,0,1,0,Stimulus,,,,,,,,,,,,
SV012,R,297,2,2,1,0,2,Stimulus,,,,,,,,,,,,
SV012,R,298,2,2,0,1,2,Stimulus,,,,,,,,,,,,
SV012,R,299,3,2,0,1,2,Stimulus,,,,,,,,,,,,
SV012,R,300,2,3,1,1,3,Stimulus,,,,,,,,,,,,
SV012,R,301,2,0,0,1,0,Stimulus,,,,,,,,,,,,
SV012,R,302,3,0,0,1,0,Stimulus,,,,,,,,,,,,
SV012,R,303,3,0,1,1,0,Stimulus,,,,,,,,,,,,
SV012,R,304,3,2,1,1,2,Stimulus,,,,,,,,,,,,
SV012,R,305,3,2,0,1,2,Stimulus,,,,,,,,,,,,
SV012,R,306,2,2,1,1,2,Stimulus,,,,,,,,,,,,
SV012,R,307,2,2,1,1,2,Stimulus,,,,,,,,,,,,
SV012,R,308,3,3,1,1,3,Stimulus,,,,,,,,,,,,
SV012,R,309,3,3,1,0,3,Stimulus,,,,,,,,,,,,
SV012,R,310,2,0,1,1,0,Stimulus,,,,,,,,,,,,
SV012,R,311,3,3,1,0,3,Stimulus,,,,,,,,,,,,
SV012,R,312,2,0,0,1,0,Stimulus,,,,,,,,,,,,
SV012,R,313,2,3,1,0,3,Stimulus,,,,,,,,,,,,
SV012,R,314,2,0,1,0,0,Stimulus,,,,,,,,,,,,
SV012,R,315,3,0,1,1,0,Stimulus,,,,,,,,,,,,
SV012,R,316,3,2,1,0,2,Stimulus,,,,,,,,,,,,
SV012,R,317,2,0,0,0,0,Stimulus,,,,,,,,,,,,
SV012,R,318,3,2,0,0,2,Stimulus,,,,,,,,,,,,
SV012,R,319,3,2,1,1,2,Stimulus,,,,,,,,,,,,
SV012,R,320,3,0,0,1,0,Stimulus,,,,,,,,,,,,
SV012,R,321,3,0,1,1,0,Stimulus,,,,,,,,,,,,
SV012,R,322,3,2,1,1,2,Stimulus,,,,,,,,,,,,
SV012,R,323,2,3,1,1,3,Stimulus,,,,,,,,,,,,
SV012,R,324,3,0,0,1,0,Stimulus,,,,,,,,,,,,
SV012,R,325,2,0,1,1,0,Stimulus,,,,,,,,,,,,
SV012,R,326,2,3,1,0,3,Stimulus,,,,,,,,,,,,
SV012,R,327,2,2,0,0,2,Stimulus,,,,,,,,,,,,
SV012,R,328,2,3,0,0,3,Stimulus,,,,,,,,,,,,
SV012,R,329,3,3,1,0,3,Stimulus,,,,,,,,,,,,
SV012,R,330,3,0,1,0,0,Stimulus,,,,,,,,,,,,
SV012,R,331,3,3,0,1,3,Stimulus,,,,,,,,,,,,
SV012,R,332,3,2,0,0,2,Stimulus,,,,,,,,,,,,
SV012,R,333,2,3,0,1,3,Stimulus,,,,,,,,,,,,
SV012,R,334,3,0,0,0,0,Stimulus,,,,,,,,,,,,
SV012,R,335,3,2,0,1,2,Stimulus,,,,,,,,,,,,
SV012,R,336,3,0,1,1,0,Stimulus,,,,,,,,,,,,
SV012,R,337,3,3,1,1,3,Stimulus,,,,,,,,,,,,
SV012,R,338,2,3,1,0,3,Stimulus,,,,,,,,,,,,
SV012,R,339,2,2,0,0,2,Stimulus,,,,,,,,,,,,
SV012,R,340,3,3,1,0,3,Stimulus,,,,,,,,,,,,
SV012,R,341,3,0,1,0,0,Stimulus,,,,,,,,,,,,
SV012,R,342,2,2,0,0,2,Stimulus,,,,,,,,,,,,
SV012,R,343,3,3,1,1,3,Stimulus,,,,,,,,,,,,
SV012,R,344,3,0,0,0,0,Stimulus,,,,,,,,,,,,
SV012,R,345,2,0,0,1,0,Stimulus,,,,,,,,,,,,
SV012,R,346,2,3,0,1,3,Stimulus,,,,,,,,,,,,
SV012,R,347,2,0,0,0,0,Stimulus,,,,,,,,,,,,
SV012,R,348,3,0,0,1,0,Stimulus,,,,,,,,,,,,
SV012,R,349,3,3,1,1,3,Stimulus,,,,,,,,,,,,
SV012,R,350,3,3,0,0,3,Stimulus,,,,,,,,,,,,
SV012,R,351,3,0,1,0,0,Stimulus,,,,,,,,,,,,
SV012,R,352,2,2,0,1,2,Stimulus,,,,,,,,,,,,
SV012,R,353,3,3,1,1,3,Stimulus,,,,,,,,,,,,
SV012,R,354,3,0,0,1,0,Stimulus,,,,,,,,,,,,
SV012,R,355,3,0,1,0,0,Stimulus,,,,,,,,,,,,
SV012,R,356,2,2,1,0,2,Stimulus,,,,,,,,0.6,0.6,53.0,53.0,16.0
SV012,R,357,3,0,1,0,0,Stimulus,2254.35,2256.5,2691.45,2798.7,275.0,322.0,44.0,0.9,0.9,116.0,116.0,12.0
SV012,R,358,3,0,0,1,0,Stimulus,,,,,,,,,,,,
SV012,R,359,2,2,0,1,2,Stimulus,,,,,,,,,,,,
SV012,R,360,2,2,1,1,2,Stimulus,,,,,,,,,,,,
SV012,R,361,3,2,1,1,2,Stimulus,,,,,,,,,,,,
SV012,R,362,2,2,1,0,2,Stimulus,,,,,,,,,,,,
SV012,R,363,3,3,0,1,3,Stimulus,,,,,,,,,,,,
SV012,R,364,3,2,1,0,2,Stimulus,,,,,,,,,,,,
SV012,R,365,2,0,0,0,0,Stimulus,,,,,,,,,,,,
SV012,R,366,2,0,0,1,0,Stimulus,,,,,,,,,,,,
SV012,R,367,2,2,0,1,2,Stimulus,,,,,,,,,,,,
SV012,R,368,3,3,1,1,3,Stimulus,,,,,,,,,,,,
SV012,R,369,3,0,1,0,0,Stimulus,,,,,,,,,,,,
SV012,R,370,3,0,0,1,0,Stimulus,,,,,,,,,,,,
SV012,R,371,3,2,0,0,2,Stimulus,,,,,,,,,,,,
SV012,R,372,3,0,1,1,0,Stimulus,,,,,,,,,,,,
SV012,R,373,2,0,1,0,0,Stimulus,,,,,,,,,,,,
SV012,R,374,2,3,0,1,3,Stimulus,,,,,,,,,,,,
SV012,R,375,3,3,0,0,3,Stimulus,,,,,,,,,,,,
SV012,R,376,2,2,1,0,2,Stimulus,,,,,,,,,,,,
SV012,R,377,3,3,1,0,3,Stimulus,,,,,,,,,,,,
SV012,R,378,2,2,1,0,2,Stimulus,,,,,,,,,,,,
SV012,R,379,2,2,0,0,2,Stimulus,,,,,,,,,,,,
SV012,R,380,3,2,0,0,2,Stimulus,,,,,,,,,,,,
SV012,R,381,3,3,1,1,3,Stimulus,,,,,,,,,,,,
SV012,R,382,3,2,1,0,2,Stimulus,,,,,,,,1.5,1.5,106.0,106.0,20.0
SV012,R,383,3,2,0,1,2,Stimulus,,,,,,,,,,,,
SV012,R,384,3,3,0,0,3,Stimulus,,,,,,,,,,,,
SV012,R,385,3,3,1,0,3,Stimulus,,,,,,,,,,,,
SV012,R,386,3,0,0,1,0,Stimulus,,,,,,,,,,,,
SV012,R,387,2,0,1,0,0,Stimulus,,,,,,,,,,,,
SV012,R,388,2,3,0,1,3,Stimulus,,,,,,,,,,,,
SV012,R,389,2,2,1,1,2,Stimulus,,,,,,,,,,,,
SV012,R,390,2,0,1,0,0,Stimulus,,,,,,,,,,,,
SV012,R,391,3,0,1,1,0,Stimulus,,,,,,,,,,,,
SV012,R,392,2,3,0,0,3,Stimulus,,,,,,,,,,,,
SV012,R,393,2,0,1,0,0,Stimulus,,,,,,,,,,,,
SV012,R,394,2,2,1,0,2,Stimulus,,,,,,,,,,,,
SV012,R,395,2,0,0,1,0,Stimulus,,,,,,,,0.5,0.5,59.0,59.0,12.0
SV012,R,396,3,2,0,0,2,Stimulus,,,,,,,,,,,,
SV012,R,397,3,0,0,0,0,Stimulus,,,,,,,,,,,,
SV012,R,398,2,2,0,0,2,Stimulus,,,,,,,,,,,,
SV012,R,399,3,2,1,1,2,Stimulus,,,,,,,,,,,,
SV012,R,400,2,3,1,1,3,Stimulus,,,,,,,,,,,,
SV012,R,401,3,3,0,0,3,Stimulus,,,,,,,,,,,,
SV012,R,402,3,2,1,0,2,Stimulus,,,,,,,,,,,,
SV012,R,403,3,0,1,1,0,Stimulus,,,,,,,,,,,,
SV012,R,404,3,0,1,0,0,Stimulus,,,,,,,,,,,,
SV012,R,405,3,3,0,0,3,Stimulus,,,,,,,,,,,,
SV012,R,406,3,0,1,1,0,Stimulus,,,,,,,,,,,,
SV012,R,407,2,0,0,1,0,Stimulus,,,,,,,,,,,,
SV012,R,408,2,0,0,0,0,Stimulus,,,,,,,,,,,,
SV012,R,409,3,2,1,0,2,Stimulus,,,,,,,,,,,,
SV012,R,410,2,3,1,1,3,Stimulus,,,,,,,,,,,,
SV012,R,411,3,3,1,1,3,Stimulus,,,,,,,,,,,,
SV012,R,412,2,0,0,1,0,Stimulus,,,,,,,,,,,,
SV012,R,413,3,3,1,1,3,Stimulus,,,,,,,,,,,,
SV012,R,414,2,3,1,0,3,Stimulus,,,,,,,,,,,,
SV012,R,415,3,2,1,0,2,Stimulus,,,,,,,,0.4,0.4,55.0,55.0,12.0
SV012,R,416,3,0,0,0,0,Stimulus,,,,,,,,,,,,
SV012,R,417,2,3,1,1,3,Stimulus,,,,,,,,,,,,
SV012,R,418,2,0,0,1,0,Stimulus,,,,,,,,,,,,
SV012,R,419,2,2,0,0,2,Stimulus,,,,,,,,,,,,
SV012,R,420,2,2,0,0,2,Stimulus,,,,,,,,,,,,
SV012,R,421,3,3,1,0,3,Stimulus,,,,,,,,,,,,
SV012,R,422,2,3,0,1,3,Stimulus,,,,,,,,,,,,
SV012,R,423,3,2,0,0,2,Stimulus,,,,,,,,,,,,
SV012,R,424,2,0,0,0,0,Stimulus,,,,,,,,,,,,
SV012,R,425,2,2,0,1,2,Stimulus,,,,,,,,,,,,
SV012,R,426,2,0,1,1,0,Stimulus,,,,,,,,,,,,
SV012,R,427,2,3,0,1,3,Stimulus,,,,,,,,,,,,
SV012,R,428,2,3,1,0,3,Stimulus,,,,,,,,,,,,
SV012,R,429,2,3,1,0,3,Stimulus,,,,,,,,,,,,
SV012,R,430,2,0,1,1,0,Stimulus,,,,,,,,0.5,0.5,59.0,59.0,12.0
SV012,R,431,3,3,1,1,3,Stimulus,,,,,,,,,,,,
SV012,R,432,3,3,0,1,3,Stimulus,,,,,,,,,,,,
SV012,R,433,3,3,1,0,3,Stimulus,,,,,,,,,,,,
SV012,R,434,3,0,1,1,0,Stimulus,,,,,,,,,,,,
SV012,R,435,3,3,0,1,3,Stimulus,,,,,,,,,,,,
SV012,R,436,2,2,1,0,2,Stimulus,,,,,,,,,,,,
SV012,R,437,3,2,0,1,2,Stimulus,,,,,,,,,,,,
SV012,R,438,3,2,0,0,2,Stimulus,,,,,,,,,,,,
SV012,R,439,3,0,0,0,0,Stimulus,,,,,,,,,,,,
SV012,R,440,3,2,1,1,2,Stimulus,,,,,,,,,,,,
SV012,R,441,3,0,1,0,0,Stimulus,,,,,,,,,,,,
SV012,R,442,2,2,0,1,2,Stimulus,,,,,,,,,,,,
SV012,R,443,2,3,1,0,3,Stimulus,,,,,,,,,,,,
SV012,R,444,3,2,0,1,2,Stimulus,,,,,,,,,,,,
SV012,R,445,3,3,0,0,3,Stimulus,,,,,,,,,,,,
SV012,R,446,2,3,0,0,3,Stimulus,,,,,,,,,,,,
SV012,R,447,2,3,1,0,3,Stimulus,,,,,,,,,,,,
SV012,R,448,2,2,0,1,2,Stimulus,,,,,,,,,,,,
SV012,R,449,2,3,0,0,3,Stimulus,,,,,,,,,,,,
SV012,R,450,2,2,0,0,2,Stimulus,,,,,,,,,,,,
SV012,R,451,2,3,1,0,3,Stimulus,,,,,,,,,,,,
SV012,R,452,2,3,1,1,3,Stimulus,,,,,,,,,,,,
SV012,R,453,3,2,1,1,2,Stimulus,,,,,,,,,,,,
SV012,R,454,3,0,1,0,0,Stimulus,,,,,,,,,,,,
SV012,R,455,3,3,0,1,3,Stimulus,,,,,,,,,,,,
SV012,R,456,2,0,1,1,0,Stimulus,,,,,,,,,,,,
SV012,R,457,2,0,1,0,0,Stimulus,,,,,,,,,,,,
SV012,R,458,2,3,0,0,3,Stimulus,,,,,,,,,,,,
SV012,R,459,3,2,1,0,2,Stimulus,,,,,,,,,,,,
SV012,R,460,2,0,0,0,0,Stimulus,,,,,,,,,,,,
SV012,R,461,2,0,0,0,0,Stimulus,,,,,,,,,,,,
SV012,R,462,2,3,0,0,3,Stimulus,,,,,,,,,,,,
SV012,R,463,2,2,0,1,2,Stimulus,,,,,,,,,,,,
SV012,R,464,2,2,1,1,2,Stimulus,,,,,,,,,,,,
SV012,R,465,3,2,1,0,2,Stimulus,,,,,,,,,,,,
SV012,R,466,2,0,1,0,0,Stimulus,,,,,,,,,,,,
SV012,R,467,2,2,1,0,2,Stimulus,,,,,,,,,,,,
SV012,R,468,2,0,1,0,0,Stimulus,,,,,,,,,,,,
SV012,R,469,2,3,0,1,3,Stimulus,,,,,,,,,,,,
SV012,R,470,2,0,1,0,0,Stimulus,,,,,,,,,,,,
SV012,R,471,3,0,0,0,0,Stimulus,,,,,,,,,,,,
SV012,R,472,3,2,1,1,2,Stimulus,,,,,,,,,,,,
SV012,R,473,3,2,1,0,2,Stimulus,,,,,,,,,,,,
SV012,R,474,2,0,0,0,0,Stimulus,,,,,,,,,,,,
SV012,R,475,3,3,0,1,3,Stimulus,,,,,,,,,,,,
SV012,R,476,2,0,1,1,0,Stimulus,,,,,,,,,,,,
SV012,R,477,2,0,1,0,0,Stimulus,,,,,,,,,,,,
SV012,R,478,2,3,0,1,3,Stimulus,,,,,,,,,,,,
SV012,R,479,2,2,0,0,2,Stimulus,,,,,,,,,,,,
SV012,R,480,3,2,0,1,2,Stimulus,,,,,,,,,,,,
