subj_id,eye,trial_no,n_flash,n_beep,direction,blindspot,response,phase,fixation_x_mean,fixation_x_max,fixation_y_mean,fixation_y_max,pupil_avg_mean,pupil_avg_max,fixation_duration_mean,saccade_amplitude_mean,saccade_amplitude_max,saccade_velocity_mean,saccade_velocity_max,saccade_duration_mean
SV017,L,1,3,3,0,1,2,Fixation,,,,,,,,,,,,
SV017,L,2,2,0,0,1,2,Fixation,,,,,,,,,,,,
SV017,L,3,2,0,0,0,2,Fixation,,,,,,,,,,,,
SV017,L,4,3,0,1,0,3,Fixation,,,,,,,,,,,,
SV017,L,5,2,3,0,1,2,Fixation,,,,,,,,,,,,
SV017,L,6,2,0,0,1,1,Fixation,,,,,,,,,,,,
SV017,L,7,3,2,0,0,2,Fixation,,,,,,,,,,,,
SV017,L,8,3,2,1,1,2,Fixation,,,,,,,,,,,,
SV017,L,9,2,0,0,0,2,Fixation,,,,,,,,,,,,
SV017,L,10,2,2,0,1,2,Fixation,,,,,,,,,,,,
SV017,L,11,2,0,1,1,2,Fixation,,,,,,,,,,,,
SV017,L,12,3,0,1,1,2,Fixation,,,,,,,,,,,,
SV017,L,13,3,0,0,0,2,Fixation,,,,,,,,,,,,
SV017,L,14,2,0,1,0,2,Fixation,,,,,,,,,,,,
SV017,L,15,2,2,1,1,2,Fixation,,,,,,,,,,,,
SV017,L,16,3,0,0,0,2,Fixation,,,,,,,,,,,,
SV017,L,17,2,2,1,1,2,Fixation,,,,,,,,,,,,
SV017,L,18,2,0,1,0,2,Fixation,,,,,,,,,,,,
SV017,L,19,3,3,0,0,2,Fixation,,,,,,,,,,,,
SV017,L,20,3,2,0,1,2,Fixation,,,,,,,,,,,,
SV017,L,21,3,3,1,1,2,Fixation,,,,,,,,,,,,
SV017,L,22,2,0,0,0,2,Fixation,,,,,,,,,,,,
SV017,L,23,2,2,0,1,2,Fixation,,,,,,,,,,,,
SV017,L,24,2,0,0,0,2,Fixation,,,,,,,,,,,,
SV017,L,25,2,0,1,0,2,Fixation,,,,,,,,,,,,
SV017,L,26,2,3,1,1,2,Fixation,,,,,,,,,,,,
SV017,L,27,2,0,1,0,2,Fixation,,,,,,,,,,,,
SV017,L,28,3,0,1,0,2,Fixation,,,,,,,,,,,,
SV017,L,29,2,0,0,0,2,Fixation,,,,,,,,,,,,
SV017,L,30,3,0,1,0,2,Fixation,,,,,,,,,,,,
SV017,L,31,3,3,1,0,2,Fixation,,,,,,,,,,,,
SV017,L,32,3,2,1,0,2,Fixation,,,,,,,,,,,,
SV017,L,33,2,0,0,1,2,Fixation,,,,,,,,,,,,
SV017,L,34,2,2,1,1,2,Fixation,,,,,,,,,,,,
SV017,L,35,2,0,1,1,2,Fixation,,,,,,,,,,,,
SV017,L,36,3,2,1,0,2,Fixation,,,,,,,,,,,,
SV017,L,37,3,3,0,1,1,Fixation,,,,,,,,,,,,
SV017,L,38,2,2,1,0,2,Fixation,,,,,,,,,,,,
SV017,L,39,2,0,0,1,1,Fixation,,,,,,,,,,,,
SV017,L,40,3,2,0,1,2,Fixation,,,,,,,,,,,,
SV017,L,41,2,0,1,0,2,Fixation,,,,,,,,,,,,
SV017,L,42,3,0,0,0,2,Fixation,,,,,,,,,,,,
SV017,L,43,3,2,1,0,2,Fixation,,,,,,,,,,,,
SV017,L,44,2,3,0,1,1,Fixation,,,,,,,,,,,,
SV017,L,45,3,2,0,1,1,Fixation,,,,,,,,,,,,
SV017,L,46,3,0,0,0,2,Fixation,,,,,,,,,,,,
SV017,L,47,3,0,0,1,1,Fixation,,,,,,,,,,,,
SV017,L,48,3,3,0,1,1,Fixation,,,,,,,,,,,,
SV017,L,49,3,2,0,1,1,Fixation,,,,,,,,,,,,
SV017,L,50,3,3,0,1,2,Fixation,,,,,,,,,,,,
SV017,L,51,2,3,1,0,2,Fixation,,,,,,,,,,,,
SV017,L,52,2,0,0,1,1,Fixation,,,,,,,,,,,,
SV017,L,53,2,0,0,1,1,Fixation,,,,,,,,,,,,
SV017,L,54,2,0,1,0,2,Fixation,,,,,,,,,,,,
SV017,L,55,3,0,1,1,2,Fixation,,,,,,,,,,,,
SV017,L,56,3,3,0,0,2,Fixation,,,,,,,,,,,,
SV017,L,57,2,3,1,1,2,Fixation,,,,,,,,,,,,
SV017,L,58,2,2,0,0,1,Fixation,,,,,,,,,,,,
SV017,L,59,3,2,0,1,2,Fixation,,,,,,,,,,,,
SV017,L,60,3,2,1,1,2,Fixation,,,,,,,,,,,,
SV017,L,61,3,3,1,1,2,Fixation,,,,,,,,,,,,
SV017,L,62,2,0,0,1,2,Fixation,,,,,,,,,,,,
SV017,L,63,3,0,1,0,2,Fixation,,,,,,,,,,,,
SV017,L,64,3,0,1,0,2,Fixation,,,,,,,,,,,,
SV017,L,65,2,2,1,0,2,Fixation,,,,,,,,,,,,
SV017,L,66,3,0,0,1,1,Fixation,,,,,,,,,,,,
SV017,L,67,2,3,0,1,2,Fixation,,,,,,,,,,,,
SV017,L,68,3,3,0,0,2,Fixation,,,,,,,,,,,,
SV017,L,69,3,2,0,1,2,Fixation,,,,,,,,,,,,
SV017,L,70,2,3,0,0,2,Fixation,,,,,,,,,,,,
SV017,L,71,3,2,1,0,2,Fixation,,,,,,,,,,,,
SV017,L,72,2,0,1,0,2,Fixation,,,,,,,,,,,,
SV017,L,73,3,3,0,0,2,Fixation,,,,,,,,,,,,
SV017,L,74,2,2,0,1,2,Fixation,,,,,,,,,,,,
SV017,L,75,3,3,0,0,2,Fixation,,,,,,,,,,,,
SV017,L,76,2,3,1,0,2,Fixation,,,,,,,,,,,,
SV017,L,77,2,0,0,0,2,Fixation,,,,,,,,,,,,
SV017,L,78,3,3,1,0,2,Fixation,,,,,,,,,,,,
SV017,L,79,2,0,1,1,2,Fixation,,,,,,,,,,,,
SV017,L,80,2,3,1,0,2,Fixation,,,,,,,,,,,,
SV017,L,81,2,0,1,1,2,Fixation,,,,,,,,,,,,
SV017,L,82,3,2,1,1,2,Fixation,,,,,,,,,,,,
SV017,L,83,3,0,1,1,2,Fixation,,,,,,,,,,,,
SV017,L,84,3,3,0,1,1,Fixation,,,,,,,,,,,,
SV017,L,85,2,0,1,1,0,Fixation,,,,,,,,,,,,
SV017,L,86,2,3,1,1,2,Fixation,,,,,,,,,,,,
SV017,L,87,3,0,1,1,2,Fixation,,,,,,,,,,,,
SV017,L,88,3,3,1,1,2,Fixation,,,,,,,,,,,,
SV017,L,89,2,3,0,1,2,Fixation,,,,,,,,,,,,
SV017,L,90,2,0,0,0,2,Fixation,,,,,,,,,,,,
SV017,L,91,2,3,1,1,2,Fixation,,,,,,,,,,,,
SV017,L,92,2,3,1,1,2,Fixation,,,,,,,,,,,,
SV017,L,93,3,2,1,0,2,Fixation,,,,,,,,,,,,
SV017,L,94,3,0,0,0,2,Fixation,,,,,,,,,,,,
SV017,L,95,3,2,1,1,2,Fixation,,,,,,,,,,,,
SV017,L,96,2,3,0,0,2,Fixation,,,,,,,,,,,,
SV017,L,97,2,0,1,0,2,Fixation,,,,,,,,,,,,
SV017,L,98,3,3,1,0,2,Fixation,,,,,,,,,,,,
SV017,L,99,3,3,1,1,2,Fixation,,,,,,,,,,,,
SV017,L,100,2,3,1,0,2,Fixation,,,,,,,,,,,,
SV017,L,101,2,3,1,0,2,Fixation,,,,,,,,,,,,
SV017,L,102,3,2,1,1,2,Fixation,,,,,,,,,,,,
SV017,L,103,2,0,1,0,2,Fixation,,,,,,,,,,,,
SV017,L,104,3,2,0,0,2,Fixation,,,,,,,,,,,,
SV017,L,105,3,0,1,0,2,Fixation,,,,,,,,,,,,
SV017,L,106,2,0,1,1,2,Fixation,,,,,,,,,,,,
SV017,L,107,2,2,0,1,1,Fixation,,,,,,,,,,,,
SV017,L,108,2,2,1,1,2,Fixation,,,,,,,,,,,,
SV017,L,109,2,2,1,1,1,Fixation,,,,,,,,,,,,
SV017,L,110,3,2,0,1,1,Fixation,,,,,,,,,,,,
SV017,L,111,2,2,0,0,2,Fixation,,,,,,,,,,,,
SV017,L,112,2,3,1,0,2,Fixation,,,,,,,,,,,,
SV017,L,113,3,2,1,0,2,Fixation,,,,,,,,,,,,
SV017,L,114,2,3,1,0,2,Fixation,,,,,,,,,,,,
SV017,L,115,2,0,0,0,2,Fixation,,,,,,,,,,,,
SV017,L,116,3,0,1,0,2,Fixation,,,,,,,,,,,,
SV017,L,117,3,3,1,1,1,Fixation,,,,,,,,,,,,
SV017,L,118,2,2,0,0,2,Fixation,,,,,,,,,,,,
SV017,L,119,3,3,0,1,1,Fixation,,,,,,,,,,,,
SV017,L,120,3,2,0,0,2,Fixation,,,,,,,,,,,,
SV017,L,121,2,2,1,0,2,Fixation,,,,,,,,,,,,
SV017,L,122,2,2,1,0,2,Fixation,,,,,,,,,,,,
SV017,L,123,3,2,0,0,2,Fixation,,,,,,,,,,,,
SV017,L,124,2,3,1,0,2,Fixation,,,,,,,,,,,,
SV017,L,125,3,0,1,1,2,Fixation,,,,,,,,,,,,
SV017,L,126,2,2,0,0,2,Fixation,,,,,,,,,,,,
SV017,L,127,3,3,0,1,2,Fixation,,,,,,,,,,,,
SV017,L,128,3,3,1,1,1,Fixation,,,,,,,,,,,,
SV017,L,129,2,3,1,1,2,Fixation,,,,,,,,,,,,
SV017,L,130,3,2,1,0,2,Fixation,,,,,,,,,,,,
SV017,L,131,3,0,1,1,2,Fixation,,,,,,,,,,,,
SV017,L,132,2,0,0,0,2,Fixation,,,,,,,,,,,,
SV017,L,133,2,2,0,1,1,Fixation,,,,,,,,,,,,
SV017,L,134,2,2,1,0,2,Fixation,,,,,,,,,,,,
SV017,L,135,2,2,0,0,2,Fixation,,,,,,,,,,,,
SV017,L,136,3,2,0,1,1,Fixation,,,,,,,,,,,,
SV017,L,137,2,3,0,1,1,Fixation,,,,,,,,,,,,
SV017,L,138,3,2,1,1,1,Fixation,,,,,,,,,,,,
SV017,L,139,3,3,0,1,1,Fixation,,,,,,,,,,,,
SV017,L,140,3,3,1,1,2,Fixation,,,,,,,,,,,,
SV017,L,141,3,2,1,1,2,Fixation,,,,,,,,,,,,
SV017,L,142,3,0,0,1,1,Fixation,,,,,,,,,,,,
SV017,L,143,2,3,0,0,2,Fixation,,,,,,,,,,,,
SV017,L,144,3,2,1,1,1,Fixation,,,,,,,,,,,,
SV017,L,145,2,2,0,1,0,Fixation,,,,,,,,,,,,
SV017,L,146,2,3,0,0,2,Fixation,,,,,,,,,,,,
SV017,L,147,3,3,0,0,2,Fixation,,,,,,,,,,,,
SV017,L,148,2,0,1,1,2,Fixation,,,,,,,,,,,,
SV017,L,149,3,2,0,1,1,Fixation,,,,,,,,,,,,
SV017,L,150,2,3,0,1,1,Fixation,,,,,,,,,,,,
SV017,L,151,3,0,1,0,2,Fixation,,,,,,,,,,,,
SV017,L,152,2,3,0,1,1,Fixation,,,,,,,,,,,,
SV017,L,153,3,2,1,0,2,Fixation,,,,,,,,,,,,
SV017,L,154,2,2,1,1,1,Fixation,,,,,,,,,,,,
SV017,L,155,3,0,0,0,2,Fixation,,,,,,,,,,,,
SV017,L,156,3,0,0,0,2,Fixation,,,,,,,,,,,,
SV017,L,157,2,3,0,0,2,Fixation,,,,,,,,,,,,
SV017,L,158,3,3,1,0,2,Fixation,,,,,,,,,,,,
SV017,L,159,3,0,0,1,1,Fixation,,,,,,,,,,,,
SV017,L,160,2,3,1,1,2,Fixation,,,,,,,,,,,,
SV017,L,161,2,0,0,1,2,Fixation,,,,,,,,,,,,
SV017,L,162,3,3,0,1,1,Fixation,,,,,,,,,,,,
SV017,L,163,2,2,1,0,2,Fixation,,,,,,,,,,,,
SV017,L,164,2,3,1,1,1,Fixation,,,,,,,,,,,,
SV017,L,165,3,0,0,0,2,Fixation,,,,,,,,,,,,
SV017,L,166,2,3,1,1,2,Fixation,,,,,,,,,,,,
SV017,L,167,2,3,0,0,2,Fixation,,,,,,,,,,,,
SV017,L,168,2,2,1,0,2,Fixation,,,,,,,,,,,,
SV017,L,169,3,0,1,1,2,Fixation,,,,,,,,,,,,
SV017,L,170,3,2,1,0,2,Fixation,,,,,,,,,,,,
SV017,L,171,2,2,1,0,2,Fixation,,,,,,,,,,,,
SV017,L,172,2,2,1,1,1,Fixation,,,,,,,,,,,,
SV017,L,173,3,3,1,1,2,Fixation,,,,,,,,,,,,
SV017,L,174,2,0,1,1,2,Fixation,,,,,,,,,,,,
SV017,L,175,3,2,0,0,2,Fixation,,,,,,,,,,,,
SV017,L,176,2,0,1,1,1,Fixation,,,,,,,,,,,,
SV017,L,177,2,0,0,0,2,Fixation,,,,,,,,,,,,
SV017,L,178,2,2,1,1,2,Fixation,,,,,,,,,,,,
SV017,L,179,3,0,1,0,2,Fixation,,,,,,,,,,,,
SV017,L,180,3,0,1,0,2,Fixation,,,,,,,,,,,,
SV017,L,181,2,2,0,1,2,Fixation,,,,,,,,,,,,
SV017,L,182,3,3,1,0,2,Fixation,,,,,,,,,,,,
SV017,L,183,2,3,0,0,2,Fixation,,,,,,,,,,,,
SV017,L,184,3,3,1,0,2,Fixation,,,,,,,,,,,,
SV017,L,185,2,3,0,1,1,Fixation,,,,,,,,,,,,
SV017,L,186,2,2,0,1,1,Fixation,,,,,,,,,,,,
SV017,L,187,3,0,0,1,1,Fixation,,,,,,,,,,,,
SV017,L,188,3,2,0,0,2,Fixation,,,,,,,,,,,,
SV017,L,189,3,2,0,0,2,Fixation,,,,,,,,,,,,
SV017,L,190,2,0,0,1,1,Fixation,,,,,,,,,,,,
SV017,L,191,3,3,0,1,1,Fixation,,,,,,,,,,,,
SV017,L,192,3,3,1,0,1,Fixation,,,,,,,,,,,,
SV017,L,193,2,0,0,1,1,Fixation,,,,,,,,,,,,
SV017,L,194,3,0,1,1,1,Fixation,,,,,,,,,,,,
SV017,L,195,2,2,0,1,1,Fixation,,,,,,,,,,,,
SV017,L,196,2,3,1,0,2,Fixation,,,,,,,,,,,,
SV017,L,197,3,0,0,1,1,Fixation,,,,,,,,,,,,
SV017,L,198,3,0,1,1,0,Fixation,,,,,,,,,,,,
SV017,L,199,2,2,0,1,1,Fixation,,,,,,,,,,,,
SV017,L,200,2,3,1,1,1,Fixation,,,,,,,,,,,,
SV017,L,201,2,2,0,0,2,Fixation,,,,,,,,,,,,
SV017,L,202,3,2,0,0,2,Fixation,,,,,,,,,,,,
SV017,L,203,2,2,0,0,2,Fixation,,,,,,,,,,,,
SV017,L,204,3,0,0,1,2,Fixation,,,,,,,,,,,,
SV017,L,205,2,3,0,1,1,Fixation,,,,,,,,,,,,
SV017,L,206,2,2,0,0,2,Fixation,,,,,,,,,,,,
SV017,L,207,3,0,0,1,1,Fixation,,,,,,,,,,,,
SV017,L,208,3,3,1,1,1,Fixation,,,,,,,,,,,,
SV017,L,209,3,0,0,0,2,Fixation,,,,,,,,,,,,
SV017,L,210,3,3,1,0,2,Fixation,,,,,,,,,,,,
SV017,L,211,3,0,0,1,3,Fixation,,,,,,,,,,,,
SV017,L,212,3,0,0,1,1,Fixation,,,,,,,,,,,,
SV017,L,213,3,3,1,1,1,Fixation,,,,,,,,,,,,
SV017,L,214,3,0,0,0,2,Fixation,,,,,,,,,,,,
SV017,L,215,2,2,1,0,2,Fixation,,,,,,,,,,,,
SV017,L,216,3,3,0,0,2,Fixation,,,,,,,,,,,,
SV017,L,217,3,3,1,0,2,Fixation,,,,,,,,,,,,
SV017,L,218,3,2,1,1,1,Fixation,,,,,,,,,,,,
SV017,L,219,2,3,0,0,2,Fixation,,,,,,,,,,,,
SV017,L,220,3,0,1,1,1,Fixation,,,,,,,,,,,,
SV017,L,221,3,2,0,0,2,Fixation,,,,,,,,,,,,
SV017,L,222,3,2,0,0,2,Fixation,,,,,,,,,,,,
SV017,L,223,2,3,0,0,2,Fixation,,,,,,,,,,,,
SV017,L,224,3,3,0,0,2,Fixation,,,,,,,,,,,,
SV017,L,225,2,2,0,0,2,Fixation,,,,,,,,,,,,
SV017,L,226,2,3,0,1,2,Fixation,,,,,,,,,,,,
SV017,L,227,2,3,1,0,2,Fixation,,,,,,,,,,,,
SV017,L,228,3,3,0,0,2,Fixation,,,,,,,,,,,,
SV017,L,229,2,3,0,0,2,Fixation,,,,,,,,,,,,
SV017,L,230,2,0,1,0,2,Fixation,,,,,,,,,,,,
SV017,L,231,2,2,0,0,2,Fixation,,,,,,,,,,,,
SV017,L,232,3,2,0,1,1,Fixation,,,,,,,,,,,,
SV017,L,233,3,2,1,0,2,Fixation,,,,,,,,,,,,
SV017,L,234,3,3,0,0,2,Fixation,,,,,,,,,,,,
SV017,L,235,2,2,1,0,2,Fixation,,,,,,,,,,,,
SV017,L,236,2,0,1,1,1,Fixation,,,,,,,,,,,,
SV017,L,237,2,2,1,1,1,Fixation,,,,,,,,,,,,
SV017,L,238,3,2,1,1,1,Fixation,,,,,,,,,,,,
SV017,L,239,3,3,1,0,0,Fixation,,,,,,,,,,,,
SV017,L,240,2,2,1,1,2,Fixation,,,,,,,,,,,,
SV017,L,241,3,3,1,1,3,Fixation,,,,,,,,,,,,
SV017,L,242,2,3,0,1,3,Fixation,,,,,,,,,,,,
SV017,L,243,3,2,0,0,2,Fixation,,,,,,,,,,,,
SV017,L,244,3,2,1,1,2,Fixation,,,,,,,,,,,,
SV017,L,245,2,0,1,0,0,Fixation,,,,,,,,,,,,
SV017,L,246,2,3,1,1,3,Fixation,,,,,,,,,,,,
SV017,L,247,2,0,1,1,0,Fixation,,,,,,,,,,,,
SV017,L,248,3,2,1,0,2,Fixation,,,,,,,,,,,,
SV017,L,249,2,2,1,1,2,Fixation,,,,,,,,,,,,
SV017,L,250,3,3,0,1,3,Fixation,,,,,,,,,,,,
SV017,L,251,2,2,1,0,2,Fixation,,,,,,,,,,,,
SV017,L,252,2,0,1,0,0,Fixation,,,,,,,,,,,,
SV017,L,253,2,0,0,0,0,Fixation,,,,,,,,,,,,
SV017,L,254,3,3,1,1,3,Fixation,,,,,,,,,,,,
SV017,L,255,2,3,0,0,3,Fixation,,,,,,,,,,,,
SV017,L,256,3,3,0,1,3,Fixation,,,,,,,,,,,,
SV017,L,257,3,2,0,0,2,Fixation,,,,,,,,,,,,
SV017,L,258,3,0,1,0,0,Fixation,,,,,,,,,,,,
SV017,L,259,2,3,0,0,3,Fixation,,,,,,,,,,,,
SV017,L,260,3,3,1,0,3,Fixation,,,,,,,,,,,,
SV017,L,261,3,0,1,0,0,Fixation,,,,,,,,,,,,
SV017,L,262,2,3,0,0,3,Fixation,,,,,,,,,,,,
SV017,L,263,2,0,0,1,0,Fixation,,,,,,,,,,,,
SV017,L,264,2,2,0,0,2,Fixation,,,,,,,,,,,,
SV017,L,265,3,2,0,1,2,Fixation,,,,,,,,,,,,
SV017,L,266,2,3,0,0,3,Fixation,,,,,,,,,,,,
SV017,L,267,3,0,1,1,0,Fixation,,,,,,,,,,,,
SV017,L,268,3,3,0,0,3,Fixation,,,,,,,,,,,,
SV017,L,269,2,2,1,0,2,Fixation,,,,,,,,,,,,
SV017,L,270,3,3,1,1,3,Fixation,,,,,,,,,,,,
SV017,L,271,3,0,1,1,0,Fixation,,,,,,,,,,,,
SV017,L,272,3,0,0,1,0,Fixation,,,,,,,,,,,,
SV017,L,273,3,3,1,1,3,Fixation,,,,,,,,,,,,
SV017,L,274,2,0,1,1,0,Fixation,,,,,,,,,,,,
SV017,L,275,3,2,0,1,2,Fixation,,,,,,,,,,,,
SV017,L,276,2,3,0,1,3,Fixation,,,,,,,,,,,,
SV017,L,277,3,2,0,0,2,Fixation,,,,,,,,,,,,
SV017,L,278,2,2,1,1,2,Fixation,,,,,,,,,,,,
SV017,L,279,2,2,0,0,2,Fixation,,,,,,,,,,,,
SV017,L,280,3,2,0,0,2,Fixation,,,,,,,,,,,,
SV017,L,281,2,3,1,0,3,Fixation,,,,,,,,,,,,
SV017,L,282,2,0,1,1,0,Fixation,,,,,,,,,,,,
SV017,L,283,3,0,0,0,0,Fixation,,,,,,,,,,,,
SV017,L,284,3,0,0,0,0,Fixation,,,,,,,,,,,,
SV017,L,285,2,3,0,0,3,Fixation,,,,,,,,,,,,
SV017,L,286,2,2,0,0,2,Fixation,,,,,,,,,,,,
SV017,L,287,3,0,1,0,0,Fixation,,,,,,,,,,,,
SV017,L,288,2,0,1,1,0,Fixation,,,,,,,,,,,,
SV017,L,289,2,2,0,0,2,Fixation,,,,,,,,,,,,
SV017,L,290,2,3,0,1,3,Fixation,,,,,,,,,,,,
SV017,L,291,3,2,1,1,2,Fixation,,,,,,,,,,,,
SV017,L,292,3,2,0,0,2,Fixation,,,,,,,,,,,,
SV017,L,293,3,2,1,0,2,Fixation,,,,,,,,,,,,
SV017,L,294,2,3,0,1,3,Fixation,,,,,,,,,,,,
SV017,L,295,2,3,1,1,3,Fixation,,,,,,,,,,,,
SV017,L,296,3,3,0,0,3,Fixation,,,,,,,,,,,,
SV017,L,297,3,2,0,1,2,Fixation,,,,,,,,,,,,
SV017,L,298,2,0,0,1,0,Fixation,,,,,,,,,,,,
SV017,L,299,2,0,1,1,0,Fixation,,,,,,,,,,,,
SV017,L,300,3,0,0,1,0,Fixation,,,,,,,,,,,,
SV017,L,301,3,2,0,1,2,Fixation,,,,,,,,,,,,
SV017,L,302,2,2,0,1,2,Fixation,,,,,,,,,,,,
SV017,L,303,2,3,0,1,3,Fixation,,,,,,,,,,,,
SV017,L,304,3,3,1,1,3,Fixation,,,,,,,,,,,,
SV017,L,305,2,2,0,0,2,Fixation,,,,,,,,,,,,
SV017,L,306,3,0,0,1,0,Fixation,,,,,,,,,,,,
SV017,L,307,2,0,1,0,2,Fixation,,,,,,,,,,,,
SV017,L,308,3,3,0,1,3,Fixation,,,,,,,,,,,,
SV017,L,309,3,2,1,1,2,Fixation,,,,,,,,,,,,
SV017,L,310,2,3,0,0,3,Fixation,,,,,,,,,,,,
SV017,L,311,2,0,0,1,0,Fixation,,,,,,,,,,,,
SV017,L,312,3,3,1,0,3,Fixation,,,,,,,,,,,,
SV017,L,313,2,0,0,1,0,Fixation,,,,,,,,,,,,
SV017,L,314,3,2,1,0,2,Fixation,,,,,,,,,,,,
SV017,L,315,3,0,1,1,0,Fixation,,,,,,,,,,,,
SV017,L,316,3,0,0,0,0,Fixation,,,,,,,,,,,,
SV017,L,317,3,3,1,0,3,Fixation,,,,,,,,,,,,
SV017,L,318,3,3,0,0,3,Fixation,,,,,,,,,,,,
SV017,L,319,3,2,1,1,2,Fixation,,,,,,,,,,,,
SV017,L,320,2,0,1,1,0,Fixation,,,,,,,,,,,,
SV017,L,321,2,2,0,1,2,Fixation,,,,,,,,,,,,
SV017,L,322,3,0,1,0,0,Fixation,,,,,,,,,,,,
SV017,L,323,3,2,1,0,2,Fixation,,,,,,,,,,,,
SV017,L,324,2,0,0,1,0,Fixation,,,,,,,,,,,,
SV017,L,325,2,0,0,0,0,Fixation,,,,,,,,,,,,
SV017,L,326,3,3,0,0,3,Fixation,,,,,,,,,,,,
SV017,L,327,2,2,1,1,2,Fixation,,,,,,,,,,,,
SV017,L,328,3,3,1,0,3,Fixation,,,,,,,,,,,,
SV017,L,329,2,2,1,0,2,Fixation,,,,,,,,,,,,
SV017,L,330,3,2,1,0,2,Fixation,,,,,,,,,,,,
SV017,L,331,3,3,0,0,3,Fixation,,,,,,,,,,,,
SV017,L,332,2,0,0,1,0,Fixation,,,,,,,,,,,,
SV017,L,333,3,0,1,1,0,Fixation,,,,,,,,,,,,
SV017,L,334,2,0,0,0,0,Fixation,,,,,,,,,,,,
SV017,L,335,2,0,1,0,0,Fixation,,,,,,,,,,,,
SV017,L,336,3,0,0,0,0,Fixation,,,,,,,,,,,,
SV017,L,337,3,3,1,0,3,Fixation,,,,,,,,,,,,
SV017,L,338,3,2,1,1,2,Fixation,,,,,,,,,,,,
SV017,L,339,3,2,0,0,2,Fixation,,,,,,,,,,,,
SV017,L,340,3,0,0,0,0,Fixation,,,,,,,,,,,,
SV017,L,341,3,3,1,1,3,Fixation,,,,,,,,,,,,
SV017,L,342,2,3,1,0,3,Fixation,,,,,,,,,,,,
SV017,L,343,2,3,1,0,3,Fixation,,,,,,,,,,,,
SV017,L,344,2,0,0,0,0,Fixation,,,,,,,,,,,,
SV017,L,345,2,3,1,0,3,Fixation,,,,,,,,,,,,
SV017,L,346,2,2,0,1,2,Fixation,,,,,,,,,,,,
SV017,L,347,3,0,1,1,0,Fixation,,,,,,,,,,,,
SV017,L,348,3,0,0,1,0,Fixation,,,,,,,,,,,,
SV017,L,349,3,2,0,0,2,Fixation,,,,,,,,,,,,
SV017,L,350,2,0,1,0,0,Fixation,,,,,,,,,,,,
SV017,L,351,2,2,1,0,2,Fixation,,,,,,,,,,,,
SV017,L,352,2,2,1,1,2,Fixation,,,,,,,,,,,,
SV017,L,353,2,0,0,0,0,Fixation,,,,,,,,,,,,
SV017,L,354,3,2,0,1,2,Fixation,,,,,,,,,,,,
SV017,L,355,2,3,0,1,3,Fixation,,,,,,,,,,,,
SV017,L,356,2,3,0,1,3,Fixation,,,,,,,,,,,,
SV017,L,357,2,2,1,1,3,Fixation,,,,,,,,,,,,
SV017,L,358,3,0,1,0,0,Fixation,,,,,,,,,,,,
SV017,L,359,3,0,1,0,0,Fixation,,,,,,,,,,,,
SV017,L,360,3,3,1,0,3,Fixation,,,,,,,,,,,,
SV017,L,361,3,0,0,0,0,Fixation,,,,,,,,,,,,
SV017,L,362,3,0,0,1,0,Fixation,,,,,,,,,,,,
SV017,L,363,2,0,0,0,0,Fixation,,,,,,,,,,,,
SV017,L,364,2,3,1,1,3,Fixation,,,,,,,,,,,,
SV017,L,365,3,0,1,1,0,Fixation,,,,,,,,,,,,
SV017,L,366,2,3,1,0,3,Fixation,,,,,,,,,,,,
SV017,L,367,2,3,0,1,3,Fixation,,,,,,,,,,,,
SV017,L,368,2,0,1,0,0,Fixation,,,,,,,,,,,,
SV017,L,369,2,0,0,1,0,Fixation,,,,,,,,,,,,
SV017,L,370,2,3,0,0,3,Fixation,,,,,,,,,,,,
SV017,L,371,2,2,1,1,2,Fixation,,,,,,,,,,,,
SV017,L,372,2,2,1,0,2,Fixation,,,,,,,,,,,,
SV017,L,373,3,2,0,1,2,Fixation,,,,,,,,,,,,
SV017,L,374,2,2,1,0,2,Fixation,,,,,,,,,,,,
SV017,L,375,3,3,0,1,3,Fixation,,,,,,,,,,,,
SV017,L,376,2,2,1,0,2,Fixation,,,,,,,,,,,,
SV017,L,377,2,2,1,1,2,Fixation,,,,,,,,,,,,
SV017,L,378,3,3,0,0,3,Fixation,,,,,,,,,,,,
SV017,L,379,2,0,1,1,0,Fixation,,,,,,,,,,,,
SV017,L,380,3,2,1,0,2,Fixation,,,,,,,,,,,,
SV017,L,381,2,2,0,1,2,Fixation,,,,,,,,,,,,
SV017,L,382,3,0,1,0,0,Fixation,,,,,,,,,,,,
SV017,L,383,2,2,1,0,2,Fixation,,,,,,,,,,,,
SV017,L,384,3,2,0,0,2,Fixation,,,,,,,,,,,,
SV017,L,385,2,0,1,1,0,Fixation,,,,,,,,,,,,
SV017,L,386,2,0,0,0,0,Fixation,,,,,,,,,,,,
SV017,L,387,3,2,1,1,2,Fixation,,,,,,,,,,,,
SV017,L,388,3,0,0,1,0,Fixation,,,,,,,,,,,,
SV017,L,389,2,2,1,1,2,Fixation,,,,,,,,,,,,
SV017,L,390,3,0,1,1,0,Fixation,,,,,,,,,,,,
SV017,L,391,2,0,0,0,0,Fixation,,,,,,,,,,,,
SV017,L,392,2,2,1,0,2,Fixation,,,,,,,,,,,,
SV017,L,393,2,3,1,1,3,Fixation,,,,,,,,,,,,
SV017,L,394,2,2,0,0,2,Fixation,,,,,,,,,,,,
SV017,L,395,3,0,0,0,0,Fixation,,,,,,,,,,,,
SV017,L,396,3,2,1,1,2,Fixation,,,,,,,,,,,,
SV017,L,397,3,0,1,1,0,Fixation,,,,,,,,,,,,
SV017,L,398,3,3,0,1,3,Fixation,,,,,,,,,,,,
SV017,L,399,3,0,0,0,0,Fixation,,,,,,,,,,,,
SV017,L,400,3,2,0,0,2,Fixation,,,,,,,,,,,,
SV017,L,401,2,2,1,0,2,Fixation,,,,,,,,,,,,
SV017,L,402,2,3,0,0,3,Fixation,,,,,,,,,,,,
SV017,L,403,3,0,1,0,0,Fixation,,,,,,,,,,,,
SV017,L,404,2,3,1,1,3,Fixation,,,,,,,,,,,,
SV017,L,405,2,3,1,0,3,Fixation,,,,,,,,,,,,
SV017,L,406,3,3,1,0,3,Fixation,,,,,,,,,,,,
SV017,L,407,2,0,1,0,0,Fixation,,,,,,,,,,,,
SV017,L,408,2,2,0,1,2,Fixation,,,,,,,,,,,,
SV017,L,409,2,3,0,1,3,Fixation,,,,,,,,,,,,
SV017,L,410,2,3,1,1,3,Fixation,,,,,,,,,,,,
SV017,L,411,3,3,0,0,3,Fixation,,,,,,,,,,,,
SV017,L,412,3,2,1,1,2,Fixation,,,,,,,,,,,,
SV017,L,413,2,2,0,0,2,Fixation,,,,,,,,,,,,
SV017,L,414,2,2,0,1,2,Fixation,,,,,,,,,,,,
SV017,L,415,2,3,0,0,3,Fixation,,,,,,,,,,,,
SV017,L,416,2,0,1,0,0,Fixation,,,,,,,,,,,,
SV017,L,417,3,3,0,1,3,Fixation,,,,,,,,,,,,
SV017,L,418,3,2,0,1,3,Fixation,,,,,,,,,,,,
SV017,L,419,2,2,0,1,2,Fixation,,,,,,,,,,,,
SV017,L,420,2,0,1,1,0,Fixation,,,,,,,,,,,,
SV017,L,421,3,3,0,0,3,Fixation,,,,,,,,,,,,
SV017,L,422,3,3,1,1,3,Fixation,,,,,,,,,,,,
SV017,L,423,3,2,1,0,2,Fixation,,,,,,,,,,,,
SV017,L,424,2,3,0,1,3,Fixation,,,,,,,,,,,,
SV017,L,425,2,0,0,1,0,Fixation,,,,,,,,,,,,
SV017,L,426,3,3,0,1,3,Fixation,,,,,,,,,,,,
SV017,L,427,2,2,0,0,2,Fixation,,,,,,,,,,,,
SV017,L,428,2,2,1,1,2,Fixation,,,,,,,,,,,,
SV017,L,429,3,2,0,1,2,Fixation,,,,,,,,,,,,
SV017,L,430,3,3,1,0,3,Fixation,,,,,,,,,,,,
SV017,L,431,3,0,0,0,0,Fixation,,,,,,,,,,,,
SV017,L,432,3,0,1,0,0,Fixation,,,,,,,,,,,,
SV017,L,433,2,3,1,0,3,Fixation,,,,,,,,,,,,
SV017,L,434,2,3,1,0,3,Fixation,,,,,,,,,,,,
SV017,L,435,3,0,0,1,0,Fixation,,,,,,,,,,,,
SV017,L,436,3,3,1,1,3,Fixation,,,,,,,,,,,,
SV017,L,437,3,2,1,0,2,Fixation,,,,,,,,,,,,
SV017,L,438,3,0,1,0,0,Fixation,,,,,,,,,,,,
SV017,L,439,2,2,0,1,2,Fixation,,,,,,,,,,,,
SV017,L,440,3,3,1,1,3,Fixation,,,,,,,,,,,,
SV017,L,441,2,2,0,0,2,Fixation,,,,,,,,,,,,
SV017,L,442,3,0,0,1,0,Fixation,,,,,,,,,,,,
SV017,L,443,3,2,0,1,2,Fixation,,,,,,,,,,,,
SV017,L,444,3,3,0,0,3,Fixation,,,,,,,,,,,,
SV017,L,445,3,0,1,1,0,Fixation,,,,,,,,,,,,
SV017,L,446,3,0,1,1,0,Fixation,,,,,,,,,,,,
SV017,L,447,3,2,0,0,2,Fixation,,,,,,,,,,,,
SV017,L,448,2,2,0,1,2,Fixation,,,,,,,,,,,,
SV017,L,449,3,3,0,1,3,Fixation,,,,,,,,,,,,
SV017,L,450,3,3,1,1,3,Fixation,,,,,,,,,,,,
SV017,L,451,3,3,0,0,3,Fixation,,,,,,,,,,,,
SV017,L,452,2,3,1,0,3,Fixation,,,,,,,,,,,,
SV017,L,453,2,0,1,1,0,Fixation,,,,,,,,,,,,
SV017,L,454,3,2,1,1,2,Fixation,,,,,,,,,,,,
SV017,L,455,2,3,1,1,3,Fixation,,,,,,,,,,,,
SV017,L,456,3,3,1,0,3,Fixation,,,,,,,,,,,,
SV017,L,457,2,3,1,1,3,Fixation,,,,,,,,,,,,
SV017,L,458,2,3,1,1,3,Fixation,,,,,,,,,,,,
SV017,L,459,3,0,0,1,0,Fixation,,,,,,,,,,,,
SV017,L,460,3,0,0,1,0,Fixation,,,,,,,,,,,,
SV017,L,461,2,0,0,1,0,Fixation,,,,,,,,,,,,
SV017,L,462,3,3,0,1,3,Fixation,,,,,,,,,,,,
SV017,L,463,3,3,1,0,0,Fixation,,,,,,,,,,,,
SV017,L,464,2,3,1,1,3,Fixation,,,,,,,,,,,,
SV017,L,465,2,0,0,1,0,Fixation,,,,,,,,,,,,
SV017,L,466,3,2,1,0,2,Fixation,,,,,,,,,,,,
SV017,L,467,2,2,0,0,2,Fixation,,,,,,,,,,,,
SV017,L,468,3,2,1,1,2,Fixation,,,,,,,,,,,,
SV017,L,469,2,0,1,0,0,Fixation,,,,,,,,,,,,
SV017,L,470,2,2,1,1,2,Fixation,,,,,,,,,,,,
SV017,L,471,2,0,0,0,0,Fixation,,,,,,,,,,,,
SV017,L,472,3,3,0,1,3,Fixation,,,,,,,,,,,,
SV017,L,473,3,2,1,0,2,Fixation,,,,,,,,,,,,
SV017,L,474,2,2,0,1,2,Fixation,,,,,,,,,,,,
SV017,L,475,2,3,0,0,3,Fixation,,,,,,,,,,,,
SV017,L,476,2,0,1,0,0,Fixation,,,,,,,,,,,,
SV017,L,477,3,2,0,1,2,Fixation,,,,,,,,,,,,
SV017,L,478,3,0,0,0,0,Fixation,,,,,,,,,,,,
SV017,L,479,2,0,0,0,0,Fixation,,,,,,,,,,,,
SV017,L,480,2,3,1,0,3,Fixation,,,,,,,,,,,,
SV017,R,1,2,0,0,0,2,Fixation,,,,,,,,,,,,
SV017,R,2,3,0,1,0,2,Fixation,,,,,,,,,,,,
SV017,R,3,3,0,1,1,2,Fixation,,,,,,,,,,,,
SV017,R,4,3,2,1,1,2,Fixation,,,,,,,,,,,,
SV017,R,5,3,3,0,0,2,Fixation,,,,,,,,,,,,
SV017,R,6,3,3,0,0,2,Fixation,,,,,,,,,,,,
SV017,R,7,3,0,1,1,2,Fixation,,,,,,,,,,,,
SV017,R,8,2,0,0,1,2,Fixation,,,,,,,,,,,,
SV017,R,9,2,3,1,0,2,Fixation,,,,,,,,,,,,
SV017,R,10,3,2,0,1,2,Fixation,,,,,,,,,,,,
SV017,R,11,3,0,0,0,2,Fixation,,,,,,,,,,,,
SV017,R,12,3,3,1,0,2,Fixation,,,,,,,,,,,,
SV017,R,13,2,2,0,1,2,Fixation,,,,,,,,,,,,
SV017,R,14,3,0,1,1,2,Fixation,,,,,,,,,,,,
SV017,R,15,2,2,0,0,2,Fixation,,,,,,,,,,,,
SV017,R,16,2,3,1,0,2,Fixation,,,,,,,,,,,,
SV017,R,17,2,0,1,0,2,Fixation,,,,,,,,,,,,
SV017,R,18,2,2,1,0,2,Fixation,,,,,,,,,,,,
SV017,R,19,2,3,0,1,2,Fixation,,,,,,,,,,,,
SV017,R,20,3,2,0,1,2,Fixation,,,,,,,,,,,,
SV017,R,21,3,3,0,0,2,Fixation,,,,,,,,,,,,
SV017,R,22,3,3,1,0,2,Fixation,,,,,,,,,,,,
SV017,R,23,2,0,0,1,2,Fixation,,,,,,,,,,,,
SV017,R,24,3,3,1,1,2,Fixation,,,,,,,,,,,,
SV017,R,25,2,0,0,1,2,Fixation,,,,,,,,,,,,
SV017,R,26,2,0,1,1,2,Fixation,,,,,,,,,,,,
SV017,R,27,3,3,0,1,2,Fixation,,,,,,,,,,,,
SV017,R,28,3,0,1,1,2,Fixation,,,,,,,,,,,,
SV017,R,29,3,2,1,1,2,Fixation,,,,,,,,,,,,
SV017,R,30,2,2,0,1,2,Fixation,,,,,,,,,,,,
SV017,R,31,3,2,0,0,2,Fixation,,,,,,,,,,,,
SV017,R,32,2,2,1,0,2,Fixation,,,,,,,,,,,,
SV017,R,33,3,0,0,0,2,Fixation,,,,,,,,,,,,
SV017,R,34,2,0,0,0,2,Fixation,,,,,,,,,,,,
SV017,R,35,2,2,1,0,2,Fixation,,,,,,,,,,,,
SV017,R,36,3,2,1,0,2,Fixation,,,,,,,,,,,,
SV017,R,37,2,0,0,1,2,Fixation,,,,,,,,,,,,
SV017,R,38,2,3,0,1,2,Fixation,,,,,,,,,,,,
SV017,R,39,3,2,0,0,2,Fixation,,,,,,,,,,,,
SV017,R,40,2,2,1,0,2,Fixation,,,,,,,,,,,,
SV017,R,41,3,0,0,0,2,Fixation,,,,,,,,,,,,
SV017,R,42,3,0,1,1,2,Fixation,,,,,,,,,,,,
SV017,R,43,3,0,1,0,2,Fixation,,,,,,,,,,,,
SV017,R,44,2,3,0,0,2,Fixation,,,,,,,,,,,,
SV017,R,45,2,3,1,1,2,Fixation,,,,,,,,,,,,
SV017,R,46,2,0,1,0,2,Fixation,,,,,,,,,,,,
SV017,R,47,3,3,0,1,2,Fixation,,,,,,,,,,,,
SV017,R,48,3,0,1,1,1,Fixation,,,,,,,,,,,,
SV017,R,49,3,2,0,0,2,Fixation,,,,,,,,,,,,
SV017,R,50,3,3,0,1,2,Fixation,,,,,,,,,,,,
SV017,R,51,2,2,0,0,2,Fixation,,,,,,,,,,,,
SV017,R,52,2,3,0,0,2,Fixation,,,,,,,,,,,,
SV017,R,53,3,3,1,1,2,Fixation,,,,,,,,,,,,
SV017,R,54,2,3,1,1,2,Fixation,,,,,,,,,,,,
SV017,R,55,3,0,1,0,2,Fixation,,,,,,,,,,,,
SV017,R,56,3,2,1,0,2,Fixation,,,,,,,,,,,,
SV017,R,57,3,2,0,1,2,Fixation,,,,,,,,,,,,
SV017,R,58,2,3,1,0,2,Fixation,,,,,,,,,,,,
SV017,R,59,3,2,0,1,2,Fixation,,,,,,,,,,,,
SV017,R,60,3,0,0,1,2,Fixation,,,,,,,,,,,,
SV017,R,61,2,2,0,1,2,Fixation,,,,,,,,,,,,
SV017,R,62,2,3,0,1,2,Fixation,,,,,,,,,,,,
SV017,R,63,2,3,0,1,1,Fixation,,,,,,,,,,,,
SV017,R,64,3,3,1,0,2,Fixation,,,,,,,,,,,,
SV017,R,65,2,0,1,1,1,Fixation,,,,,,,,,,,,
SV017,R,66,2,2,0,0,2,Fixation,,,,,,,,,,,,
SV017,R,67,2,3,1,1,1,Fixation,,,,,,,,,,,,
SV017,R,68,3,3,0,1,2,Fixation,,,,,,,,,,,,
SV017,R,69,2,3,0,0,2,Fixation,,,,,,,,,,,,
SV017,R,70,2,2,1,0,2,Fixation,,,,,,,,,,,,
SV017,R,71,3,2,0,1,2,Fixation,,,,,,,,,,,,
SV017,R,72,2,3,1,0,2,Fixation,,,,,,,,,,,,
SV017,R,73,3,3,1,1,1,Fixation,,,,,,,,,,,,
SV017,R,74,3,2,0,0,2,Fixation,,,,,,,,,,,,
SV017,R,75,3,3,0,1,2,Fixation,,,,,,,,,,,,
SV017,R,76,2,2,0,0,2,Fixation,,,,,,,,,,,,
SV017,R,77,2,2,1,1,1,Fixation,,,,,,,,,,,,
SV017,R,78,2,2,0,1,2,Fixation,,,,,,,,,,,,
SV017,R,79,2,0,0,0,2,Fixation,,,,,,,,,,,,
SV017,R,80,2,0,0,0,1,Fixation,,,,,,,,,,,,
SV017,R,81,2,2,0,0,2,Fixation,,,,,,,,,,,,
SV017,R,82,3,0,1,0,2,Fixation,,,,,,,,,,,,
SV017,R,83,3,2,0,1,2,Fixation,,,,,,,,,,,,
SV017,R,84,2,3,1,0,2,Fixation,,,,,,,,,,,,
SV017,R,85,2,2,1,1,1,Fixation,,,,,,,,,,,,
SV017,R,86,3,3,0,0,2,Fixation,,,,,,,,,,,,
SV017,R,87,2,2,1,1,1,Fixation,,,,,,,,,,,,
SV017,R,88,3,2,1,0,2,Fixation,,,,,,,,,,,,
SV017,R,89,3,2,1,1,2,Fixation,,,,,,,,,,,,
SV017,R,90,3,0,0,0,2,Fixation,,,,,,,,,,,,
SV017,R,91,3,0,0,1,2,Fixation,,,,,,,,,,,,
SV017,R,92,2,2,0,0,2,Fixation,,,,,,,,,,,,
SV017,R,93,3,0,0,1,1,Fixation,,,,,,,,,,,,
SV017,R,94,2,2,1,0,2,Fixation,,,,,,,,,,,,
SV017,R,95,2,0,0,1,2,Fixation,,,,,,,,,,,,
SV017,R,96,3,0,0,1,1,Fixation,,,,,,,,,,,,
SV017,R,97,3,3,0,1,2,Fixation,,,,,,,,,,,,
SV017,R,98,3,2,1,1,1,Fixation,,,,,,,,,,,,
SV017,R,99,3,2,0,1,2,Fixation,,,,,,,,,,,,
SV017,R,100,3,0,0,1,1,Fixation,,,,,,,,,,,,
SV017,R,101,2,3,1,1,1,Fixation,,,,,,,,,,,,
SV017,R,102,3,3,1,0,2,Fixation,,,,,,,,,,,,
SV017,R,103,3,3,0,1,2,Fixation,,,,,,,,,,,,
SV017,R,104,2,3,1,0,2,Fixation,,,,,,,,,,,,
SV017,R,105,2,2,0,1,2,Fixation,,,,,,,,,,,,
SV017,R,106,2,3,1,1,2,Fixation,,,,,,,,,,,,
SV017,R,107,2,2,1,1,1,Fixation,,,,,,,,,,,,
SV017,R,108,2,0,1,1,1,Fixation,,,,,,,,,,,,
SV017,R,109,3,2,0,1,2,Fixation,,,,,,,,,,,,
SV017,R,110,2,2,0,1,2,Fixation,,,,,,,,,,,,
SV017,R,111,3,2,0,0,2,Fixation,,,,,,,,,,,,
SV017,R,112,2,3,1,1,2,Fixation,,,,,,,,,,,,
SV017,R,113,2,2,1,0,2,Fixation,,,,,,,,,,,,
SV017,R,114,3,2,0,1,2,Fixation,,,,,,,,,,,,
SV017,R,115,2,0,0,1,2,Fixation,,,,,,,,,,,,
SV017,R,116,3,0,1,1,1,Fixation,,,,,,,,,,,,
SV017,R,117,3,0,1,1,1,Fixation,,,,,,,,,,,,
SV017,R,118,3,0,1,0,2,Fixation,,,,,,,,,,,,
SV017,R,119,3,3,1,0,2,Fixation,,,,,,,,,,,,
SV017,R,120,2,3,0,1,2,Fixation,,,,,,,,,,,,
SV017,R,121,3,3,1,0,2,Fixation,,,,,,,,,,,,
SV017,R,122,2,2,0,1,2,Fixation,,,,,,,,,,,,
SV017,R,123,3,3,1,0,2,Fixation,,,,,,,,,,,,
SV017,R,124,3,2,1,0,2,Fixation,,,,,,,,,,,,
SV017,R,125,3,0,0,0,2,Fixation,,,,,,,,,,,,
SV017,R,126,2,3,0,0,2,Fixation,,,,,,,,,,,,
SV017,R,127,3,3,0,1,2,Fixation,,,,,,,,,,,,
SV017,R,128,3,0,1,0,2,Fixation,,,,,,,,,,,,
SV017,R,129,2,2,0,0,2,Fixation,,,,,,,,,,,,
SV017,R,130,3,2,1,0,2,Fixation,,,,,,,,,,,,
SV017,R,131,2,3,1,1,2,Fixation,,,,,,,,,,,,
SV017,R,132,2,2,1,0,2,Fixation,,,,,,,,,,,,
SV017,R,133,3,3,0,0,2,Fixation,,,,,,,,,,,,
SV017,R,134,2,3,0,0,2,Fixation,,,,,,,,,,,,
SV017,R,135,3,3,0,0,3,Fixation,,,,,,,,,,,,
SV017,R,136,3,2,0,0,2,Fixation,,,,,,,,,,,,
SV017,R,137,3,0,0,0,2,Fixation,,,,,,,,,,,,
SV017,R,138,3,0,1,0,2,Fixation,,,,,,,,,,,,
SV017,R,139,2,0,0,0,2,Fixation,,,,,,,,,,,,
SV017,R,140,3,2,1,0,2,Fixation,,,,,,,,,,,,
SV017,R,141,2,0,1,1,2,Fixation,,,,,,,,,,,,
SV017,R,142,2,3,0,0,1,Fixation,,,,,,,,,,,,
SV017,R,143,3,3,0,0,2,Fixation,,,,,,,,,,,,
SV017,R,144,3,0,0,1,2,Fixation,,,,,,,,,,,,
SV017,R,145,2,3,0,1,2,Fixation,,,,,,,,,,,,
SV017,R,146,3,0,0,1,2,Fixation,,,,,,,,,,,,
SV017,R,147,2,3,1,0,2,Fixation,,,,,,,,,,,,
SV017,R,148,3,3,1,0,2,Fixation,,,,,,,,,,,,
SV017,R,149,3,3,1,1,2,Fixation,,,,,,,,,,,,
SV017,R,150,2,2,0,1,2,Fixation,,,,,,,,,,,,
SV017,R,151,2,0,1,1,2,Fixation,,,,,,,,,,,,
SV017,R,152,3,3,1,0,2,Fixation,,,,,,,,,,,,
SV017,R,153,2,3,0,0,2,Fixation,,,,,,,,,,,,
SV017,R,154,3,2,1,1,2,Fixation,,,,,,,,,,,,
SV017,R,155,2,2,0,1,2,Fixation,,,,,,,,,,,,
SV017,R,156,2,2,0,0,2,Fixation,,,,,,,,,,,,
SV017,R,157,3,0,0,0,2,Fixation,,,,,,,,,,,,
SV017,R,158,2,3,0,0,2,Fixation,,,,,,,,,,,,
SV017,R,159,3,0,0,1,2,Fixation,,,,,,,,,,,,
SV017,R,160,3,3,1,0,2,Fixation,,,,,,,,,,,,
SV017,R,161,2,3,0,1,2,Fixation,,,,,,,,,,,,
SV017,R,162,3,2,1,0,2,Fixation,,,,,,,,,,,,
SV017,R,163,2,3,1,1,2,Fixation,,,,,,,,,,,,
SV017,R,164,3,3,0,0,2,Fixation,,,,,,,,,,,,
SV017,R,165,3,0,1,0,2,Fixation,,,,,,,,,,,,
SV017,R,166,2,0,1,0,2,Fixation,,,,,,,,,,,,
SV017,R,167,2,0,0,1,2,Fixation,,,,,,,,,,,,
SV017,R,168,3,0,1,0,2,Fixation,,,,,,,,,,,,
SV017,R,169,3,0,0,0,2,Fixation,,,,,,,,,,,,
SV017,R,170,2,0,1,0,2,Fixation,,,,,,,,,,,,
SV017,R,171,2,3,1,0,2,Fixation,,,,,,,,,,,,
SV017,R,172,3,2,1,1,1,Fixation,,,,,,,,,,,,
SV017,R,173,3,3,0,1,2,Fixation,,,,,,,,,,,,
SV017,R,174,2,0,0,0,2,Fixation,,,,,,,,,,,,
SV017,R,175,3,2,1,0,2,Fixation,,,,,,,,,,,,
SV017,R,176,2,0,1,0,2,Fixation,,,,,,,,,,,,
SV017,R,177,2,2,1,1,2,Fixation,,,,,,,,,,,,
SV017,R,178,2,0,0,0,2,Fixation,,,,,,,,,,,,
SV017,R,179,3,3,1,1,1,Fixation,,,,,,,,,,,,
SV017,R,180,3,3,0,1,2,Fixation,,,,,,,,,,,,
SV017,R,181,2,0,1,1,1,Fixation,,,,,,,,,,,,
SV017,R,182,2,0,1,0,2,Fixation,,,,,,,,,,,,
SV017,R,183,2,2,1,1,2,Fixation,,,,,,,,,,,,
SV017,R,184,2,0,0,0,2,Fixation,,,,,,,,,,,,
SV017,R,185,2,0,1,0,2,Fixation,,,,,,,,,,,,
SV017,R,186,2,3,0,1,2,Fixation,,,,,,,,,,,,
SV017,R,187,2,0,1,0,2,Fixation,,,,,,,,,,,,
SV017,R,188,3,3,0,0,2,Fixation,,,,,,,,,,,,
SV017,R,189,3,0,0,0,2,Fixation,,,,,,,,,,,,
SV017,R,190,3,0,0,1,1,Fixation,,,,,,,,,,,,
SV017,R,191,2,0,1,0,2,Fixation,,,,,,,,,,,,
SV017,R,192,2,0,0,0,2,Fixation,,,,,,,,,,,,
SV017,R,193,3,0,0,1,2,Fixation,,,,,,,,,,,,
SV017,R,194,2,0,0,1,2,Fixation,,,,,,,,,,,,
SV017,R,195,2,2,1,1,1,Fixation,,,,,,,,,,,,
SV017,R,196,3,3,1,1,1,Fixation,,,,,,,,,,,,
SV017,R,197,3,3,1,1,1,Fixation,,,,,,,,,,,,
SV017,R,198,2,3,0,1,2,Fixation,,,,,,,,,,,,
SV017,R,199,3,2,0,1,2,Fixation,,,,,,,,,,,,
SV017,R,200,2,0,1,1,2,Fixation,,,,,,,,,,,,
SV017,R,201,2,2,1,0,2,Fixation,,,,,,,,,,,,
SV017,R,202,2,0,1,0,2,Fixation,,,,,,,,,,,,
SV017,R,203,3,2,1,1,2,Fixation,,,,,,,,,,,,
SV017,R,204,2,0,0,1,2,Fixation,,,,,,,,,,,,
SV017,R,205,2,2,0,0,2,Fixation,,,,,,,,,,,,
SV017,R,206,2,2,1,1,1,Fixation,,,,,,,,,,,,
SV017,R,207,2,0,1,1,1,Fixation,,,,,,,,,,,,
SV017,R,208,2,0,0,0,2,Fixation,,,,,,,,,,,,
SV017,R,209,3,2,0,0,2,Fixation,,,,,,,,,,,,
SV017,R,210,3,0,1,0,3,Fixation,,,,,,,,,,,,
SV017,R,211,2,2,0,1,2,Fixation,,,,,,,,,,,,
SV017,R,212,2,0,1,1,1,Fixation,,,,,,,,,,,,
SV017,R,213,2,3,0,0,2,Fixation,,,,,,,,,,,,
SV017,R,214,2,2,1,1,2,Fixation,,,,,,,,,,,,
SV017,R,215,3,2,0,0,2,Fixation,,,,,,,,,,,,
SV017,R,216,3,0,1,1,2,Fixation,,,,,,,,,,,,
SV017,R,217,3,2,1,0,2,Fixation,,,,,,,,,,,,
SV017,R,218,3,3,1,1,2,Fixation,,,,,,,,,,,,
SV017,R,219,2,3,1,0,2,Fixation,,,,,,,,,,,,
SV017,R,220,2,3,0,0,2,Fixation,,,,,,,,,,,,
SV017,R,221,2,3,1,1,2,Fixation,,,,,,,,,,,,
SV017,R,222,3,3,0,0,2,Fixation,,,,,,,,,,,,
SV017,R,223,3,2,0,0,2,Fixation,,,,,,,,,,,,
SV017,R,224,2,0,0,1,2,Fixation,,,,,,,,,,,,
SV017,R,225,2,3,1,0,2,Fixation,,,,,,,,,,,,
SV017,R,226,3,2,1,1,2,Fixation,,,,,,,,,,,,
SV017,R,227,3,2,1,1,1,Fixation,,,,,,,,,,,,
SV017,R,228,3,0,1,1,1,Fixation,,,,,,,,,,,,
SV017,R,229,2,2,1,0,2,Fixation,,,,,,,,,,,,
SV017,R,230,3,3,1,1,2,Fixation,,,,,,,,,,,,
SV017,R,231,2,2,1,1,1,Fixation,,,,,,,,,,,,
SV017,R,232,3,2,1,0,2,Fixation,,,,,,,,,,,,
SV017,R,233,3,0,0,0,2,Fixation,,,,,,,,,,,,
SV017,R,234,2,3,0,1,2,Fixation,,,,,,,,,,,,
SV017,R,235,3,2,0,0,2,Fixation,,,,,,,,,,,,
SV017,R,236,2,3,1,1,2,Fixation,,,,,,,,,,,,
SV017,R,237,3,2,1,1,1,Fixation,,,,,,,,,,,,
SV017,R,238,2,2,0,0,2,Fixation,,,,,,,,,,,,
SV017,R,239,3,3,1,1,1,Fixation,,,,,,,,,,,,
SV017,R,240,2,0,1,1,1,Fixation,,,,,,,,,,,,
SV017,R,241,3,3,1,0,3,Fixation,,,,,,,,,,,,
SV017,R,242,3,0,1,0,0,Fixation,,,,,,,,,,,,
SV017,R,243,3,3,0,0,3,Fixation,,,,,,,,,,,,
SV017,R,244,3,2,1,0,2,Fixation,,,,,,,,,,,,
SV017,R,245,2,2,1,0,2,Fixation,,,,,,,,,,,,
SV017,R,246,3,2,1,1,2,Fixation,,,,,,,,,,,,
SV017,R,247,2,2,0,1,2,Fixation,,,,,,,,,,,,
SV017,R,248,3,2,0,1,2,Fixation,,,,,,,,,,,,
SV017,R,249,3,0,0,1,0,Fixation,,,,,,,,,,,,
SV017,R,250,2,2,0,0,2,Fixation,,,,,,,,,,,,
SV017,R,251,2,0,1,1,0,Fixation,,,,,,,,,,,,
SV017,R,252,3,0,0,0,0,Fixation,,,,,,,,,,,,
SV017,R,253,2,2,1,1,2,Fixation,,,,,,,,,,,,
SV017,R,254,3,3,0,0,3,Fixation,,,,,,,,,,,,
SV017,R,255,3,3,1,1,3,Fixation,,,,,,,,,,,,
SV017,R,256,3,0,1,0,0,Fixation,,,,,,,,,,,,
SV017,R,257,2,3,1,0,3,Fixation,,,,,,,,,,,,
SV017,R,258,2,0,1,1,0,Fixation,,,,,,,,,,,,
SV017,R,259,2,0,1,1,0,Fixation,,,,,,,,,,,,
SV017,R,260,2,2,0,0,2,Fixation,,,,,,,,,,,,
SV017,R,261,3,0,0,0,0,Fixation,,,,,,,,,,,,
SV017,R,262,3,2,1,1,2,Fixation,,,,,,,,,,,,
SV017,R,263,3,0,1,0,0,Fixation,,,,,,,,,,,,
SV017,R,264,2,2,1,0,2,Fixation,,,,,,,,,,,,
SV017,R,265,3,3,1,0,3,Fixation,,,,,,,,,,,,
SV017,R,266,3,0,0,1,0,Fixation,,,,,,,,,,,,
SV017,R,267,2,2,0,1,2,Fixation,,,,,,,,,,,,
SV017,R,268,3,3,1,1,3,Fixation,,,,,,,,,,,,
SV017,R,269,3,3,0,1,3,Fixation,,,,,,,,,,,,
SV017,R,270,3,2,0,1,2,Fixation,,,,,,,,,,,,
SV017,R,271,3,0,0,1,0,Fixation,,,,,,,,,,,,
SV017,R,272,2,2,1,0,2,Fixation,,,,,,,,,,,,
SV017,R,273,2,3,1,0,3,Fixation,,,,,,,,,,,,
SV017,R,274,3,2,0,1,2,Fixation,,,,,,,,,,,,
SV017,R,275,2,3,1,0,3,Fixation,,,,,,,,,,,,
SV017,R,276,3,0,1,1,0,Fixation,,,,,,,,,,,,
SV017,R,277,3,3,0,0,3,Fixation,,,,,,,,,,,,
SV017,R,278,3,2,1,0,2,Fixation,,,,,,,,,,,,
SV017,R,279,3,2,1,0,2,Fixation,,,,,,,,,,,,
SV017,R,280,2,0,1,0,0,Fixation,,,,,,,,,,,,
SV017,R,281,2,0,1,1,0,Fixation,,,,,,,,,,,,
SV017,R,282,2,0,0,1,0,Fixation,,,,,,,,,,,,
SV017,R,283,2,3,1,0,3,Fixation,,,,,,,,,,,,
SV017,R,284,2,0,0,1,0,Fixation,,,,,,,,,,,,
SV017,R,285,3,2,1,1,2,Fixation,,,,,,,,,,,,
SV017,R,286,3,0,0,1,0,Fixation,,,,,,,,,,,,
SV017,R,287,2,0,0,1,0,Fixation,,,,,,,,,,,,
SV017,R,288,2,3,0,1,3,Fixation,,,,,,,,,,,,
SV017,R,289,2,0,1,0,0,Fixation,,,,,,,,,,,,
SV017,R,290,2,2,1,1,2,Fixation,,,,,,,,,,,,
SV017,R,291,2,0,0,1,0,Fixation,,,,,,,,,,,,
SV017,R,292,2,3,0,0,3,Fixation,,,,,,,,,,,,
SV017,R,293,3,0,1,0,0,Fixation,,,,,,,,,,,,
SV017,R,294,3,0,0,1,0,Fixation,,,,,,,,,,,,
SV017,R,295,3,0,1,1,0,Fixation,,,,,,,,,,,,
SV017,R,296,3,2,0,0,2,Fixation,,,,,,,,,,,,
SV017,R,297,2,2,0,0,2,Fixation,,,,,,,,,,,,
SV017,R,298,2,3,0,1,3,Fixation,,,,,,,,,,,,
SV017,R,299,3,2,0,0,2,Fixation,,,,,,,,,,,,
SV017,R,300,2,0,0,1,0,Fixation,,,,,,,,,,,,
SV017,R,301,3,2,1,0,2,Fixation,,,,,,,,,,,,
SV017,R,302,2,0,1,0,0,Fixation,,,,,,,,,,,,
SV017,R,303,2,0,0,1,0,Fixation,,,,,,,,,,,,
SV017,R,304,3,2,0,1,2,Fixation,,,,,,,,,,,,
SV017,R,305,3,3,0,1,3,Fixation,,,,,,,,,,,,
SV017,R,306,3,3,0,0,3,Fixation,,,,,,,,,,,,
SV017,R,307,3,3,1,0,3,Fixation,,,,,,,,,,,,
SV017,R,308,2,3,1,1,3,Fixation,,,,,,,,,,,,
SV017,R,309,3,2,0,0,2,Fixation,,,,,,,,,,,,
SV017,R,310,3,3,1,0,3,Fixation,,,,,,,,,,,,
SV017,R,311,3,0,0,1,0,Fixation,,,,,,,,,,,,
SV017,R,312,2,3,0,0,3,Fixation,,,,,,,,,,,,
SV017,R,313,2,3,1,1,3,Fixation,,,,,,,,,,,,
SV017,R,314,2,0,1,1,0,Fixation,,,,,,,,,,,,
SV017,R,315,3,3,0,1,3,Fixation,,,,,,,,,,,,
SV017,R,316,2,2,0,1,2,Fixation,,,,,,,,,,,,
SV017,R,317,3,3,1,0,3,Fixation,,,,,,,,,,,,
SV017,R,318,3,0,0,1,0,Fixation,,,,,,,,,,,,
SV017,R,319,2,2,1,1,2,Fixation,,,,,,,,,,,,
SV017,R,320,2,0,0,0,0,Fixation,,,,,,,,,,,,
SV017,R,321,3,0,0,0,0,Fixation,,,,,,,,,,,,
SV017,R,322,3,0,1,0,0,Fixation,,,,,,,,,,,,
SV017,R,323,2,2,1,0,2,Fixation,,,,,,,,,,,,
SV017,R,324,2,2,0,1,2,Fixation,,,,,,,,,,,,
SV017,R,325,3,2,0,1,2,Fixation,,,,,,,,,,,,
SV017,R,326,2,2,1,0,2,Fixation,,,,,,,,,,,,
SV017,R,327,2,0,0,1,0,Fixation,,,,,,,,,,,,
SV017,R,328,3,2,1,1,2,Fixation,,,,,,,,,,,,
SV017,R,329,3,3,0,0,3,Fixation,,,,,,,,,,,,
SV017,R,330,2,0,0,1,0,Fixation,,,,,,,,,,,,
SV017,R,331,3,0,1,1,0,Fixation,,,,,,,,,,,,
SV017,R,332,3,2,1,0,2,Fixation,,,,,,,,,,,,
SV017,R,333,2,3,1,1,3,Fixation,,,,,,,,,,,,
SV017,R,334,3,2,0,1,2,Fixation,,,,,,,,,,,,
SV017,R,335,3,0,1,1,0,Fixation,,,,,,,,,,,,
SV017,R,336,2,3,1,1,3,Fixation,,,,,,,,,,,,
SV017,R,337,3,2,1,0,2,Fixation,,,,,,,,,,,,
SV017,R,338,2,0,1,0,0,Fixation,,,,,,,,,,,,
SV017,R,339,2,2,1,1,2,Fixation,,,,,,,,,,,,
SV017,R,340,2,3,1,0,3,Fixation,,,,,,,,,,,,
SV017,R,341,3,0,0,0,0,Fixation,,,,,,,,,,,,
SV017,R,342,2,2,1,1,2,Fixation,,,,,,,,,,,,
SV017,R,343,3,2,0,0,2,Fixation,,,,,,,,,,,,
SV017,R,344,3,2,0,0,2,Fixation,,,,,,,,,,,,
SV017,R,345,3,2,1,1,2,Fixation,,,,,,,,,,,,
SV017,R,346,2,3,0,1,3,Fixation,,,,,,,,,,,,
SV017,R,347,3,2,0,0,2,Fixation,,,,,,,,,,,,
SV017,R,348,3,2,1,0,2,Fixation,,,,,,,,,,,,
SV017,R,349,2,3,1,1,3,Fixation,,,,,,,,,,,,
SV017,R,350,2,3,0,0,3,Fixation,,,,,,,,,,,,
SV017,R,351,2,0,1,1,0,Fixation,,,,,,,,,,,,
SV017,R,352,3,3,1,0,3,Fixation,,,,,,,,,,,,
SV017,R,353,3,3,1,0,3,Fixation,,,,,,,,,,,,
SV017,R,354,3,3,1,1,3,Fixation,,,,,,,,,,,,
SV017,R,355,2,0,0,0,0,Fixation,,,,,,,,,,,,
SV017,R,356,3,3,0,0,3,Fixation,,,,,,,,,,,,
SV017,R,357,2,2,0,0,2,Fixation,,,,,,,,,,,,
SV017,R,358,2,3,1,1,3,Fixation,,,,,,,,,,,,
SV017,R,359,2,3,0,0,3,Fixation,,,,,,,,,,,,
SV017,R,360,3,0,1,1,0,Fixation,,,,,,,,,,,,
SV017,R,361,2,2,0,0,2,Fixation,,,,,,,,,,,,
SV017,R,362,3,0,1,1,0,Fixation,,,,,,,,,,,,
SV017,R,363,2,3,1,1,3,Fixation,,,,,,,,,,,,
SV017,R,364,2,3,0,1,3,Fixation,,,,,,,,,,,,
SV017,R,365,2,3,0,1,3,Fixation,,,,,,,,,,,,
SV017,R,366,3,3,0,0,3,Fixation,,,,,,,,,,,,
SV017,R,367,2,0,1,0,0,Fixation,,,,,,,,,,,,
SV017,R,368,3,2,1,1,2,Fixation,,,,,,,,,,,,
SV017,R,369,3,3,1,1,3,Fixation,,,,,,,,,,,,
SV017,R,370,3,2,0,1,2,Fixation,,,,,,,,,,,,
SV017,R,371,3,2,0,0,2,Fixation,,,,,,,,,,,,
SV017,R,372,2,0,1,0,0,Fixation,,,,,,,,,,,,
SV017,R,373,3,0,0,0,0,Fixation,,,,,,,,,,,,
SV017,R,374,2,0,1,0,0,Fixation,,,,,,,,,,,,
SV017,R,375,2,3,0,1,3,Fixation,,,,,,,,,,,,
SV017,R,376,3,0,0,0,0,Fixation,,,,,,,,,,,,
SV017,R,377,2,3,1,0,3,Fixation,,,,,,,,,,,,
SV017,R,378,3,3,1,0,3,Fixation,,,,,,,,,,,,
SV017,R,379,2,3,0,1,3,Fixation,,,,,,,,,,,,
SV017,R,380,2,0,0,0,0,Fixation,,,,,,,,,,,,
SV017,R,381,2,2,1,1,2,Fixation,,,,,,,,,,,,
SV017,R,382,3,0,1,0,0,Fixation,,,,,,,,,,,,
SV017,R,383,2,0,1,0,0,Fixation,,,,,,,,,,,,
SV017,R,384,3,0,1,1,0,Fixation,,,,,,,,,,,,
SV017,R,385,3,2,1,0,2,Fixation,,,,,,,,,,,,
SV017,R,386,2,0,0,0,0,Fixation,,,,,,,,,,,,
SV017,R,387,3,3,0,1,3,Fixation,,,,,,,,,,,,
SV017,R,388,3,0,0,1,0,Fixation,,,,,,,,,,,,
SV017,R,389,2,2,1,0,2,Fixation,,,,,,,,,,,,
SV017,R,390,3,3,0,0,3,Fixation,,,,,,,,,,,,
SV017,R,391,2,2,0,0,2,Fixation,,,,,,,,,,,,
SV017,R,392,2,3,1,1,3,Fixation,,,,,,,,,,,,
SV017,R,393,3,3,1,0,3,Fixation,,,,,,,,,,,,
SV017,R,394,3,3,0,0,3,Fixation,,,,,,,,,,,,
SV017,R,395,3,2,0,0,2,Fixation,,,,,,,,,,,,
SV017,R,396,2,3,0,0,3,Fixation,,,,,,,,,,,,
SV017,R,397,3,0,1,0,0,Fixation,,,,,,,,,,,,
SV017,R,398,2,3,0,0,3,Fixation,,,,,,,,,,,,
SV017,R,399,2,2,0,0,2,Fixation,,,,,,,,,,,,
SV017,R,400,3,2,0,0,2,Fixation,,,,,,,,,,,,
SV017,R,401,2,2,1,0,2,Fixation,,,,,,,,,,,,
SV017,R,402,3,3,1,1,3,Fixation,,,,,,,,,,,,
SV017,R,403,2,0,0,1,0,Fixation,,,,,,,,,,,,
SV017,R,404,2,3,1,0,3,Fixation,,,,,,,,,,,,
SV017,R,405,3,0,1,0,0,Fixation,,,,,,,,,,,,
SV017,R,406,2,3,1,1,3,Fixation,,,,,,,,,,,,
SV017,R,407,3,3,0,1,3,Fixation,,,,,,,,,,,,
SV017,R,408,2,3,0,0,3,Fixation,,,,,,,,,,,,
SV017,R,409,2,3,0,1,3,Fixation,,,,,,,,,,,,
SV017,R,410,3,3,1,1,3,Fixation,,,,,,,,,,,,
SV017,R,411,2,0,1,1,0,Fixation,,,,,,,,,,,,
SV017,R,412,3,3,1,1,3,Fixation,,,,,,,,,,,,
SV017,R,413,3,2,1,0,2,Fixation,,,,,,,,,,,,
SV017,R,414,2,3,0,0,3,Fixation,,,,,,,,,,,,
SV017,R,415,3,3,0,1,3,Fixation,,,,,,,,,,,,
SV017,R,416,3,0,1,1,0,Fixation,,,,,,,,,,,,
SV017,R,417,3,0,1,1,0,Fixation,,,,,,,,,,,,
SV017,R,418,2,3,1,0,3,Fixation,,,,,,,,,,,,
SV017,R,419,3,0,1,1,0,Fixation,,,,,,,,,,,,
SV017,R,420,3,0,0,0,0,Fixation,,,,,,,,,,,,
SV017,R,421,2,3,1,0,3,Fixation,,,,,,,,,,,,
SV017,R,422,2,2,0,1,2,Fixation,,,,,,,,,,,,
SV017,R,423,3,0,0,0,0,Fixation,,,,,,,,,,,,
SV017,R,424,2,0,1,1,0,Fixation,,,,,,,,,,,,
SV017,R,425,2,0,0,0,0,Fixation,,,,,,,,,,,,
SV017,R,426,3,3,1,0,3,Fixation,,,,,,,,,,,,
SV017,R,427,3,2,0,1,2,Fixation,,,,,,,,,,,,
SV017,R,428,2,3,1,0,3,Fixation,,,,,,,,,,,,
SV017,R,429,2,2,0,1,2,Fixation,,,,,,,,,,,,
SV017,R,430,2,3,0,1,3,Fixation,,,,,,,,,,,,
SV017,R,431,3,0,0,0,0,Fixation,,,,,,,,,,,,
SV017,R,432,3,2,1,1,2,Fixation,,,,,,,,,,,,
SV017,R,433,2,0,1,0,0,Fixation,,,,,,,,,,,,
SV017,R,434,3,3,0,1,3,Fixation,,,,,,,,,,,,
SV017,R,435,3,2,0,1,2,Fixation,,,,,,,,,,,,
SV017,R,436,3,0,0,0,0,Fixation,,,,,,,,,,,,
SV017,R,437,2,3,0,0,3,Fixation,,,,,,,,,,,,
SV017,R,438,2,2,1,1,2,Fixation,,,,,,,,,,,,
SV017,R,439,3,3,0,1,3,Fixation,,,,,,,,,,,,
SV017,R,440,2,2,0,0,2,Fixation,,,,,,,,,,,,
SV017,R,441,2,0,0,0,0,Fixation,,,,,,,,,,,,
SV017,R,442,3,3,0,1,3,Fixation,,,,,,,,,,,,
SV017,R,443,2,2,0,1,2,Fixation,,,,,,,,,,,,
SV017,R,444,2,2,1,0,2,Fixation,,,,,,,,,,,,
SV017,R,445,3,2,1,1,2,Fixation,,,,,,,,,,,,
SV017,R,446,2,0,1,1,0,Fixation,,,,,,,,,,,,
SV017,R,447,2,0,0,0,0,Fixation,,,,,,,,,,,,
SV017,R,448,2,2,1,1,2,Fixation,,,,,,,,,,,,
SV017,R,449,3,2,0,0,2,Fixation,,,,,,,,,,,,
SV017,R,450,3,3,1,1,3,Fixation,,,,,,,,,,,,
SV017,R,451,3,3,0,0,3,Fixation,,,,,,,,,,,,
SV017,R,452,2,0,0,1,0,Fixation,,,,,,,,,,,,
SV017,R,453,2,2,0,1,2,Fixation,,,,,,,,,,,,
SV017,R,454,2,0,0,0,0,Fixation,,,,,,,,,,,,
SV017,R,455,2,0,1,1,0,Fixation,,,,,,,,,,,,
SV017,R,456,3,2,1,0,2,Fixation,,,,,,,,,,,,
SV017,R,457,3,2,1,1,2,Fixation,,,,,,,,,,,,
SV017,R,458,2,2,0,1,2,Fixation,,,,,,,,,,,,
SV017,R,459,2,0,0,0,0,Fixation,,,,,,,,,,,,
SV017,R,460,2,2,0,1,2,Fixation,,,,,,,,,,,,
SV017,R,461,3,0,0,1,0,Fixation,,,,,,,,,,,,
SV017,R,462,3,0,1,0,0,Fixation,,,,,,,,,,,,
SV017,R,463,2,2,1,0,2,Fixation,,,,,,,,,,,,
SV017,R,464,3,3,1,1,3,Fixation,,,,,,,,,,,,
SV017,R,465,3,0,0,1,0,Fixation,,,,,,,,,,,,
SV017,R,466,2,2,1,1,2,Fixation,,,,,,,,,,,,
SV017,R,467,2,3,0,1,3,Fixation,,,,,,,,,,,,
SV017,R,468,3,2,1,1,2,Fixation,,,,,,,,,,,,
SV017,R,469,2,2,0,0,2,Fixation,,,,,,,,,,,,
SV017,R,470,3,3,0,1,3,Fixation,,,,,,,,,,,,
SV017,R,471,2,3,1,1,3,Fixation,,,,,,,,,,,,
SV017,R,472,3,2,0,1,2,Fixation,,,,,,,,,,,,
SV017,R,473,2,0,0,0,0,Fixation,,,,,,,,,,,,
SV017,R,474,2,2,1,1,2,Fixation,,,,,,,,,,,,
SV017,R,475,2,2,0,0,2,Fixation,,,,,,,,,,,,
SV017,R,476,3,3,1,1,3,Fixation,,,,,,,,,,,,
SV017,R,477,2,3,0,0,3,Fixation,,,,,,,,,,,,
SV017,R,478,3,0,1,0,0,Fixation,,,,,,,,,,,,
SV017,R,479,2,2,1,0,2,Fixation,,,,,,,,,,,,
SV017,R,480,2,0,1,0,0,Fixation,,,,,,,,,,,,
SV017,L,1,3,3,0,1,2,Response,1265.8200000000002,1868.8,1231.42,1315.7,493.8,612.0,866.4,3.1666666666666665,6.0,255.16666666666666,956.0,53.333333333333336
SV017,L,2,2,0,0,1,2,Response,1084.9,1084.9,1268.7,1268.7,476.0,476.0,348.0,3.25,5.9,316.5,463.0,132.0
SV017,L,3,2,0,0,0,2,Response,2935.12,2950.7,1170.42,1282.8,610.0,626.0,652.0,3.233333333333333,7.7,115.0,196.0,30.666666666666668
SV017,L,4,3,0,1,0,3,Response,2899.1428571428573,3270.0,1484.8999999999999,3270.0,551.7142857142857,631.0,673.1428571428571,7.925,23.3,271.0,965.0,79.5
SV017,L,5,2,3,0,1,2,Response,1285.3857142857144,1870.0,1187.3999999999999,1374.5,453.7142857142857,518.0,474.85714285714283,3.65,6.0,224.0,921.0,59.0
SV017,L,6,2,0,0,1,1,Response,1290.8666666666666,1749.6,1309.2666666666667,1395.0,467.3333333333333,508.0,648.0,6.15,6.8,294.5,659.0,88.0
SV017,L,7,3,2,0,0,2,Response,2766.45,2963.4,1145.575,1271.2,574.875,689.0,754.0,3.988888888888889,8.7,232.0,1003.0,49.77777777777778
SV017,L,8,3,2,1,1,2,Response,1228.94,1850.6,1251.34,1337.2,491.6,580.0,1220.8,4.616666666666667,7.3,246.0,767.0,73.33333333333333
SV017,L,9,2,0,0,0,2,Response,2809.625,2980.0,1076.475,1134.6,612.0,661.0,499.0,2.7399999999999998,9.1,95.6,183.0,28.0
SV017,L,10,2,2,0,1,2,Response,1211.0166666666667,1835.5,1194.5166666666667,1385.1,486.1666666666667,610.0,442.0,3.442857142857143,6.8,125.57142857142857,210.0,33.142857142857146
SV017,L,11,2,0,1,1,2,Response,938.4,938.4,1247.8,1247.8,530.0,530.0,792.0,3.8000000000000003,7.2,428.0,704.0,136.0
SV017,L,12,3,0,1,1,2,Response,1132.95,1281.5,1191.25,1221.2,556.5,569.0,350.0,0.6333333333333333,0.9,61.333333333333336,70.0,14.666666666666666
SV017,L,13,3,0,0,0,2,Response,2913.56,2965.4,1137.06,1253.4,515.4,571.0,731.2,2.033333333333333,6.9,1049.3333333333333,3270.0,79.33333333333333
SV017,L,14,2,0,1,0,2,Response,2705.85,2765.5,1153.25,1155.8,605.5,638.0,614.0,2.3333333333333335,6.0,452.3333333333333,1155.0,86.66666666666667
SV017,L,15,2,2,1,1,2,Response,931.9,1065.4,1319.2666666666667,1327.7,514.0,537.0,772.0,2.4,6.5,100.5,158.0,27.0
SV017,L,16,3,0,0,0,2,Response,2809.35,2925.0,1068.9499999999998,1094.6,587.5,674.0,664.0,2.3333333333333335,5.1,95.33333333333333,137.0,28.0
SV017,L,17,2,2,1,1,2,Response,1285.1,1864.4,1209.1200000000001,1299.7,526.2,606.0,302.4,3.4166666666666665,7.2,116.83333333333333,210.0,33.333333333333336
SV017,L,18,2,0,1,0,2,Response,2637.5199999999995,2892.7,1132.8600000000001,1165.3,564.0,648.0,411.2,3.35,6.7,120.0,228.0,30.666666666666668
SV017,L,19,3,3,0,0,2,Response,2808.1,2808.1,1160.1,1160.1,598.0,598.0,548.0,0.8,1.0,61.5,69.0,18.0
SV017,L,20,3,2,0,1,2,Response,1024.0833333333333,1061.7,1294.0166666666667,1430.4,475.0,556.0,354.0,2.185714285714286,6.5,104.85714285714286,153.0,23.428571428571427
SV017,L,21,3,3,1,1,2,Response,1025.2333333333333,1137.6,1282.2,1317.0,509.3333333333333,571.0,713.3333333333334,2.5,6.6,95.75,137.0,29.0
SV017,L,22,2,0,0,0,2,Response,2878.7333333333336,2925.1,1122.5666666666666,1237.7,538.0,623.0,558.6666666666666,2.1666666666666665,4.1,92.66666666666667,116.0,28.0
SV017,L,23,2,2,0,1,2,Response,1038.6,1076.6,1155.825,1298.9,487.75,568.0,987.0,2.1,6.0,182.0,536.0,72.0
SV017,L,24,2,0,0,0,2,Response,2807.566666666667,2964.8,1151.0333333333335,1248.5,625.0,706.0,688.0,1.45,1.9,87.25,105.0,22.0
SV017,L,25,2,0,1,0,2,Response,2703.9,2908.0,1157.22,1180.9,563.6,670.0,742.4,1.0999999999999999,1.9,1138.0,3270.0,105.33333333333333
SV017,L,26,2,3,1,1,2,Response,1195.4,1682.0,1256.55,1319.9,469.5,558.0,313.0,3.6399999999999997,5.6,128.6,167.0,33.6
SV017,L,27,2,0,1,0,2,Response,2887.4,2887.4,1105.0,1105.0,585.0,585.0,1372.0,0.4,0.4,51.0,51.0,12.0
SV017,L,28,3,0,1,0,2,Response,2841.4,3000.3,1145.85,1151.2,511.25,594.0,654.0,0.9400000000000001,1.4,655.6,2981.0,64.8
SV017,L,29,2,0,0,0,2,Response,2604.25,2720.1,1070.9,1071.0,612.5,617.0,144.0,1.4333333333333333,2.7,73.33333333333333,99.0,24.0
SV017,L,30,3,0,1,0,2,Response,2823.7,2866.2,1112.15,1128.5,481.5,505.0,880.0,0.9,1.3,1198.5,2334.0,164.0
SV017,L,31,3,3,1,0,2,Response,2798.8500000000004,2874.8,1108.3,1119.5,570.5,572.0,330.0,2.4,5.7,1144.6666666666667,3270.0,112.0
SV017,L,32,3,2,1,0,2,Response,,,,,,,,,,,,
SV017,L,33,2,0,0,1,2,Response,1035.825,1043.7,1246.8000000000002,1363.4,482.75,517.0,1187.0,2.04,6.1,397.2,903.0,103.2
SV017,L,34,2,2,1,1,2,Response,1016.5999999999999,1100.3,1243.1999999999998,1275.6,459.0,556.0,672.0,1.1333333333333333,2.3,74.0,112.0,18.666666666666668
SV017,L,35,2,0,1,1,2,Response,,,,,,,,1.0,1.0,65.0,65.0,20.0
SV017,L,36,3,2,1,0,2,Response,,,,,,,,0.9,0.9,65.0,65.0,20.0
SV017,L,37,3,3,0,1,1,Response,1070.5,1089.7,1141.6999999999998,1159.3,414.0,441.0,520.0,3.3000000000000003,5.7,315.6666666666667,693.0,108.0
SV017,L,38,2,2,1,0,2,Response,2782.925,2889.6,1163.525,1177.3,599.75,637.0,584.0,1.04,2.9,479.2,2099.0,60.8
SV017,L,39,2,0,0,1,1,Response,,,,,,,,5.8,5.8,140.0,140.0,52.0
SV017,L,40,3,2,0,1,2,Response,,,,,,,,3.7,3.7,104.0,104.0,44.0
SV017,L,41,2,0,1,0,2,Response,,,,,,,,0.4,0.4,54.0,54.0,12.0
SV017,L,42,3,0,0,0,2,Response,2877.5,2877.5,1067.6,1067.6,491.0,491.0,1424.0,1.2,1.2,78.0,78.0,20.0
SV017,L,43,3,2,1,0,2,Response,,,,,,,,0.5,0.5,58.0,58.0,12.0
SV017,L,44,2,3,0,1,1,Response,1036.3,1036.3,1129.9,1129.9,325.0,325.0,2188.0,3.6,6.0,119.0,160.0,34.0
SV017,L,45,3,2,0,1,1,Response,,,,,,,,5.5,5.5,177.0,177.0,40.0
SV017,L,46,3,0,0,0,2,Response,2824.75,2898.8,1105.85,1176.2,511.5,585.0,672.0,1.15,1.2,77.0,80.0,20.0
SV017,L,47,3,0,0,1,1,Response,889.4,889.4,1165.9,1165.9,549.0,549.0,192.0,4.05,7.2,114.0,146.0,40.0
SV017,L,48,3,3,0,1,1,Response,,,,,,,,1.8,1.8,83.0,83.0,28.0
SV017,L,49,3,2,0,1,1,Response,,,,,,,,1.0,1.0,65.0,65.0,20.0
SV017,L,50,3,3,0,1,2,Response,1360.6666666666667,1872.2,1323.7,1456.5,413.3333333333333,444.0,489.3333333333333,6.475,7.0,171.5,208.0,49.0
SV017,L,51,2,3,1,0,2,Response,2567.3,2816.3,1151.35,1178.1,513.0,629.0,464.0,3.9,6.5,136.4,188.0,36.0
SV017,L,52,2,0,0,1,1,Response,1384.25,1765.7,1116.6999999999998,1121.6,361.0,405.0,686.0,4.633333333333333,7.8,134.66666666666666,169.0,40.0
SV017,L,53,2,0,0,1,1,Response,,,,,,,,6.5,6.5,129.0,129.0,64.0
SV017,L,54,2,0,1,0,2,Response,2777.1000000000004,2804.9,1128.3000000000002,1136.7,417.5,499.0,804.0,0.55,0.6,55.0,59.0,14.0
SV017,L,55,3,0,1,1,2,Response,,,,,,,,,,,,
SV017,L,56,3,3,0,0,2,Response,,,,,,,,,,,,
SV017,L,57,2,3,1,1,2,Response,1450.6499999999999,3270.0,1458.0666666666666,3270.0,401.8333333333333,579.0,568.0,6.915384615384616,28.2,261.0769230769231,962.0,233.23076923076923
SV017,L,58,2,2,0,0,1,Response,2601.7,2926.4,1098.075,1158.7,452.25,502.0,234.0,5.62,9.5,142.2,203.0,44.0
SV017,L,59,3,2,0,1,2,Response,1068.3000000000002,1086.2,1232.65,1266.8,576.0,579.0,380.0,1.8333333333333333,3.9,89.33333333333333,132.0,22.666666666666668
SV017,L,60,3,2,1,1,2,Response,1099.3,1622.5,1296.3285714285714,1363.9,554.5714285714286,588.0,487.42857142857144,2.425,6.6,211.125,1002.0,46.0
SV017,L,61,3,3,1,1,2,Response,,,,,,,,,,,,
SV017,L,62,2,0,0,1,2,Response,1084.5,1084.5,1253.5,1253.5,575.0,575.0,804.0,3.3499999999999996,4.8,114.5,115.0,38.0
SV017,L,63,3,0,1,0,2,Response,2853.2,2853.2,1154.9,1154.9,546.0,546.0,1944.0,0.7,0.7,3257.0,3257.0,204.0
SV017,L,64,3,0,1,0,2,Response,2698.15,2845.5,1125.65,1140.3,525.0,560.0,892.0,4.433333333333333,8.2,134.66666666666666,210.0,37.333333333333336
SV017,L,65,2,2,1,0,2,Response,,,,,,,,6.0,6.0,124.0,124.0,60.0
SV017,L,66,3,0,0,1,1,Response,1071.3000000000002,1108.4,1112.9,1126.7,477.5,518.0,702.0,3.0666666666666664,4.6,100.33333333333333,130.0,33.333333333333336
SV017,L,67,2,3,0,1,2,Response,,,,,,,,3.8,3.8,103.0,103.0,44.0
SV017,L,68,3,3,0,0,2,Response,2760.3,2760.3,1083.1,1083.1,486.0,486.0,328.0,0.6499999999999999,0.7,56.5,61.0,16.0
SV017,L,69,3,2,0,1,2,Response,990.0999999999999,1136.8,1014.25,1089.5,484.0,488.0,300.0,1.0,1.2,81.0,109.0,17.333333333333332
SV017,L,70,2,3,0,0,2,Response,1846.4,1846.4,1110.0,1110.0,343.0,343.0,312.0,5.3,8.7,156.0,210.0,40.0
SV017,L,71,3,2,1,0,2,Response,2355.616666666667,2991.1,1149.8500000000001,1189.9,292.1666666666667,359.0,272.6666666666667,4.928571428571429,14.3,227.14285714285714,861.0,532.5714285714286
SV017,L,72,2,0,1,0,2,Response,2818.7999999999997,2945.2,1125.5,1161.5,537.0,572.0,586.6666666666666,3.675,7.9,110.75,194.0,34.0
SV017,L,73,3,3,0,0,2,Response,2820.45,2914.5,1103.15,1144.7,543.5,593.0,956.0,4.1,7.7,131.0,206.0,32.0
SV017,L,74,2,2,0,1,2,Response,1067.3,1069.0,1154.35,1176.9,447.5,490.0,798.0,4.2,6.3,124.0,168.0,37.333333333333336
SV017,L,75,3,3,0,0,2,Response,2849.2,2905.6,1111.0,1160.0,522.0,597.0,770.0,4.449999999999999,8.2,142.0,220.0,34.0
SV017,L,76,2,3,1,0,2,Response,2613.425,2817.4,1123.75,1138.5,536.25,549.0,631.0,1.075,1.8,749.75,2773.0,63.0
SV017,L,77,2,0,0,0,2,Response,2810.8,2910.0,1175.0,1208.3,567.5,592.0,534.0,0.8333333333333334,1.4,66.33333333333333,76.0,17.333333333333332
SV017,L,78,3,3,1,0,2,Response,,,,,,,,,,,,
SV017,L,79,2,0,1,1,2,Response,,,,,,,,0.7,0.7,63.0,63.0,16.0
SV017,L,80,2,3,1,0,2,Response,2633.0,2778.0,1148.75,1156.6,511.5,540.0,224.0,0.7000000000000001,1.3,61.0,77.0,16.0
SV017,L,81,2,0,1,1,2,Response,,,,,,,,6.6,6.6,153.0,153.0,56.0
SV017,L,82,3,2,1,1,2,Response,1121.3,1121.3,1182.0,1182.0,577.0,577.0,228.0,2.65,4.7,91.0,108.0,32.0
SV017,L,83,3,0,1,1,2,Response,,,,,,,,1.6,1.6,87.0,87.0,24.0
SV017,L,84,3,3,0,1,1,Response,1085.4333333333334,1242.6,1207.8999999999999,1227.7,312.3333333333333,349.0,498.6666666666667,0.7999999999999999,1.2,66.66666666666667,76.0,16.0
SV017,L,85,2,0,1,1,0,Response,1343.25,2049.5,1212.55,1282.0,213.25,290.0,341.0,4.5,8.4,172.0,434.0,86.4
SV017,L,86,2,3,1,1,2,Response,1133.1,1133.1,1255.1,1255.1,373.0,373.0,856.0,3.0999999999999996,5.1,109.0,144.0,32.0
SV017,L,87,3,0,1,1,2,Response,1175.35,1266.5,1221.15,1254.1,543.5,545.0,228.0,1.0999999999999999,1.9,70.33333333333333,87.0,20.0
SV017,L,88,3,3,1,1,2,Response,,,,,,,,,,,,
SV017,L,89,2,3,0,1,2,Response,,,,,,,,,,,,
SV017,L,90,2,0,0,0,2,Response,2858.6000000000004,2902.8,1082.8,1147.8,555.5,598.0,530.0,1.05,1.3,79.5,91.0,18.0
SV017,L,91,2,3,1,1,2,Response,1083.6,1083.6,1229.4,1229.4,666.0,666.0,696.0,2.2,3.7,89.0,115.0,28.0
SV017,L,92,2,3,1,1,2,Response,1076.8,1143.3,1248.15,1294.0,583.0,662.0,990.0,2.733333333333333,5.9,106.33333333333333,130.0,29.333333333333332
SV017,L,93,3,2,1,0,2,Response,2428.95,2833.4,1120.0,1134.8,519.5,600.0,604.0,4.5,6.7,148.0,198.0,33.333333333333336
SV017,L,94,3,0,0,0,2,Response,2889.05,2948.1,1099.9,1158.9,548.5,612.0,568.0,2.6333333333333333,5.8,90.66666666666667,110.0,32.0
SV017,L,95,3,2,1,1,2,Response,1263.7,1426.4,1150.55,1180.1,536.5,546.0,136.0,0.9,1.2,73.0,88.0,17.333333333333332
SV017,L,96,2,3,0,0,2,Response,2761.05,2908.2,1036.75,1040.2,581.0,587.0,496.0,0.65,0.9,64.5,78.0,14.0
SV017,L,97,2,0,1,0,2,Response,2763.4,2904.3,1085.2666666666667,1123.1,472.6666666666667,510.0,433.3333333333333,0.825,1.4,67.25,81.0,16.0
SV017,L,98,3,3,1,0,2,Response,,,,,,,,0.7,0.7,60.0,60.0,16.0
SV017,L,99,3,3,1,1,2,Response,,,,,,,,6.3,6.3,124.0,124.0,60.0
SV017,L,100,2,3,1,0,2,Response,2457.1666666666665,2842.1,1139.2,1174.0,496.3333333333333,564.0,429.3333333333333,5.3,7.7,155.0,216.0,42.0
SV017,L,101,2,3,1,0,2,Response,,,,,,,,0.4,0.4,53.0,53.0,12.0
SV017,L,102,3,2,1,1,2,Response,,,,,,,,0.5,0.5,61.0,61.0,12.0
SV017,L,103,2,0,1,0,2,Response,2594.1,2594.1,1143.0,1143.0,640.0,640.0,108.0,2.6999999999999997,4.6,90.0,107.0,34.0
SV017,L,104,3,2,0,0,2,Response,,,,,,,,0.7,0.7,62.0,62.0,16.0
SV017,L,105,3,0,1,0,2,Response,2664.25,2934.5,1141.125,1176.4,637.75,666.0,285.0,1.1400000000000001,2.1,86.0,118.0,17.6
SV017,L,106,2,0,1,1,2,Response,1027.3,1027.3,1253.7,1253.7,581.0,581.0,800.0,3.35,5.7,106.0,126.0,36.0
SV017,L,107,2,2,0,1,1,Response,1101.55,1179.8,1118.8,1145.5,541.5,551.0,376.0,0.8333333333333334,1.1,64.0,72.0,17.333333333333332
SV017,L,108,2,2,1,1,2,Response,,,,,,,,4.5,4.5,105.0,105.0,56.0
SV017,L,109,2,2,1,1,1,Response,,,,,,,,1.7,1.7,91.0,91.0,24.0
SV017,L,110,3,2,0,1,1,Response,,,,,,,,,,,,
SV017,L,111,2,2,0,0,2,Response,,,,,,,,7.5,7.5,195.0,195.0,52.0
SV017,L,112,2,3,1,0,2,Response,2349.35,2805.9,1121.8000000000002,1153.2,438.5,442.0,954.0,6.949999999999999,7.6,173.5,191.0,52.0
SV017,L,113,3,2,1,0,2,Response,2058.5,2058.5,1093.4,1093.4,558.0,558.0,640.0,3.8,7.0,114.5,175.0,34.0
SV017,L,114,2,3,1,0,2,Response,2663.5,2663.5,1137.9,1137.9,624.0,624.0,320.0,1.0499999999999998,1.4,67.0,73.0,20.0
SV017,L,115,2,0,0,0,2,Response,2796.3,2959.8,1140.2,1218.9,602.5,657.0,627.0,2.3499999999999996,7.1,91.0,172.0,25.0
SV017,L,116,3,0,1,0,2,Response,,,,,,,,7.9,7.9,162.0,162.0,64.0
SV017,L,117,3,3,1,1,1,Response,,,,,,,,1.1,1.1,93.0,93.0,16.0
SV017,L,118,2,2,0,0,2,Response,,,,,,,,7.1,7.1,125.0,125.0,72.0
SV017,L,119,3,3,0,1,1,Response,,,,,,,,,,,,
SV017,L,120,3,2,0,0,2,Response,2696.4666666666667,2940.8,1115.5333333333335,1131.7,576.6666666666666,598.0,608.0,1.4,2.3,93.0,124.0,18.0
SV017,L,121,2,2,1,0,2,Response,2759.3,2833.4,1174.15,1174.8,601.0,648.0,752.0,1.15,1.3,82.0,90.0,20.0
SV017,L,122,2,2,1,0,2,Response,2561.0,2561.0,1136.8,1136.8,654.0,654.0,136.0,1.2,1.2,82.0,82.0,20.0
SV017,L,123,3,2,0,0,2,Response,,,,,,,,0.9,0.9,58.0,58.0,20.0
SV017,L,124,2,3,1,0,2,Response,2767.8,2767.8,1123.1,1123.1,596.0,596.0,1152.0,0.9,0.9,77.0,77.0,16.0
SV017,L,125,3,0,1,1,2,Response,940.9,940.9,1297.5,1297.5,586.0,586.0,856.0,0.9,1.1,80.5,97.0,16.0
SV017,L,126,2,2,0,0,2,Response,2903.3,2915.4,1113.0500000000002,1197.7,441.5,468.0,378.0,1.2,1.4,90.66666666666667,99.0,18.666666666666668
SV017,L,127,3,3,0,1,2,Response,1092.6,1092.6,1275.6,1275.6,526.0,526.0,864.0,2.0,2.0,119.0,119.0,24.0
SV017,L,128,3,3,1,1,1,Response,,,,,,,,,,,,
SV017,L,129,2,3,1,1,2,Response,,,,,,,,0.8,0.8,74.0,74.0,16.0
SV017,L,130,3,2,1,0,2,Response,2741.35,2758.0,1152.8,1156.8,423.5,505.0,610.0,0.7999999999999999,0.9,67.66666666666667,75.0,16.0
SV017,L,131,3,0,1,1,2,Response,,,,,,,,1.2,1.2,105.0,105.0,16.0
SV017,L,132,2,0,0,0,2,Response,2956.0,2956.0,1210.5,1210.5,448.0,448.0,464.0,0.85,1.2,70.5,82.0,16.0
SV017,L,133,2,2,0,1,1,Response,970.8,970.8,1097.9,1097.9,446.0,446.0,560.0,2.25,3.9,99.5,144.0,26.0
SV017,L,134,2,2,1,0,2,Response,2392.3500000000004,2861.8,1129.0,1140.0,337.0,359.0,696.0,5.1000000000000005,7.3,118.66666666666667,155.0,46.666666666666664
SV017,L,135,2,2,0,0,2,Response,2886.2,2947.7,1092.8,1147.3,421.5,456.0,290.0,3.033333333333333,7.3,107.66666666666667,171.0,28.0
SV017,L,136,3,2,0,1,1,Response,1029.6,1029.6,1085.5,1085.5,512.0,512.0,440.0,3.4,5.1,114.5,135.0,36.0
SV017,L,137,2,3,0,1,1,Response,,,,,,,,4.9,4.9,110.0,110.0,52.0
SV017,L,138,3,2,1,1,1,Response,1350.5,1350.5,1242.8,1242.8,172.0,172.0,644.0,3.0,4.3,112.5,132.0,36.0
SV017,L,139,3,3,0,1,1,Response,1484.2,1484.2,1122.1,1122.1,123.0,123.0,140.0,2.25,3.5,154.0,240.0,454.0
SV017,L,140,3,3,1,1,2,Response,1013.2,1013.2,1298.0,1298.0,432.0,432.0,1312.0,0.7,0.7,60.0,60.0,16.0
SV017,L,141,3,2,1,1,2,Response,1076.9,1076.9,1325.9,1325.9,550.0,550.0,1584.0,5.5,6.0,144.5,145.0,48.0
SV017,L,142,3,0,0,1,1,Response,1209.4,1209.4,1140.6,1140.6,612.0,612.0,204.0,2.75,5.1,99.0,145.0,28.0
SV017,L,143,2,3,0,0,2,Response,2917.9,2917.9,1216.6,1216.6,519.0,519.0,652.0,4.4,7.9,142.0,205.0,34.0
SV017,L,144,3,2,1,1,1,Response,969.2,1018.9,1262.1,1287.6,530.5,542.0,464.0,2.6666666666666665,6.5,289.3333333333333,686.0,86.66666666666667
SV017,L,145,2,2,0,1,0,Response,,,,,,,,,,,,
SV017,L,146,2,3,0,0,2,Response,2929.4,2929.4,1212.0,1212.0,605.0,605.0,168.0,0.85,1.2,70.0,80.0,16.0
SV017,L,147,3,3,0,0,2,Response,,,,,,,,1.0,1.0,69.0,69.0,20.0
SV017,L,148,2,0,1,1,2,Response,,,,,,,,,,,,
SV017,L,149,3,2,0,1,1,Response,1048.2,1048.2,1237.0,1237.0,119.0,119.0,636.0,7.5,7.5,128.0,128.0,156.0
SV017,L,150,2,3,0,1,1,Response,1023.9333333333334,1064.9,1428.4666666666665,1794.9,143.33333333333334,232.0,492.0,3.425,7.2,164.75,465.0,148.0
SV017,L,151,3,0,1,0,2,Response,,,,,,,,0.9,0.9,714.0,714.0,244.0
SV017,L,152,2,3,0,1,1,Response,,,,,,,,5.2,5.2,131.0,131.0,52.0
SV017,L,153,3,2,1,0,2,Response,2749.6,2749.6,1118.0,1118.0,523.0,523.0,672.0,0.6,0.7,56.0,57.0,14.0
SV017,L,154,2,2,1,1,1,Response,,,,,,,,,,,,
SV017,L,155,3,0,0,0,2,Response,,,,,,,,1.4,1.4,98.0,98.0,20.0
SV017,L,156,3,0,0,0,2,Response,,,,,,,,,,,,
SV017,L,157,2,3,0,0,2,Response,3032.2,3132.3,1186.95,1242.2,178.0,196.0,494.0,1.8499999999999999,2.3,508.0,845.0,34.0
SV017,L,158,3,3,1,0,2,Response,2897.4,2897.4,1084.0,1084.0,235.0,235.0,540.0,1.9,1.9,829.0,829.0,808.0
SV017,L,159,3,0,0,1,1,Response,,,,,,,,,,,,
SV017,L,160,2,3,1,1,2,Response,1098.2,1098.2,1297.6,1297.6,582.0,582.0,876.0,2.05,2.2,462.5,804.0,126.0
SV017,L,161,2,0,0,1,2,Response,1036.75,1039.7,1240.65,1347.8,549.0,584.0,544.0,1.5333333333333332,2.2,101.0,130.0,20.0
SV017,L,162,3,3,0,1,1,Response,,,,,,,,,,,,
SV017,L,163,2,2,1,0,2,Response,,,,,,,,,,,,
SV017,L,164,2,3,1,1,1,Response,1073.7,1073.7,1194.4,1194.4,541.0,541.0,788.0,0.8,0.8,70.0,70.0,16.0
SV017,L,165,3,0,0,0,2,Response,,,,,,,,0.8,0.8,71.0,71.0,16.0
SV017,L,166,2,3,1,1,2,Response,,,,,,,,,,,,
SV017,L,167,2,3,0,0,2,Response,,,,,,,,0.5,0.5,66.0,66.0,12.0
SV017,L,168,2,2,1,0,2,Response,,,,,,,,,,,,
SV017,L,169,3,0,1,1,2,Response,,,,,,,,1.5,1.5,76.0,76.0,24.0
SV017,L,170,3,2,1,0,2,Response,2686.05,2831.7,1129.1,1137.1,269.0,307.0,344.0,1.4333333333333336,2.2,119.0,204.0,121.33333333333333
SV017,L,171,2,2,1,0,2,Response,2948.3,2948.3,1186.6,1186.6,509.0,509.0,464.0,0.5,0.5,1524.5,2993.0,1118.0
SV017,L,172,2,2,1,1,1,Response,,,,,,,,0.5,0.5,61.0,61.0,12.0
SV017,L,173,3,3,1,1,2,Response,1051.4499999999998,1116.1,1289.0,1295.4,469.5,541.0,788.0,1.1,1.3,84.0,89.0,18.0
SV017,L,174,2,0,1,1,2,Response,1080.4,1101.7,1236.6,1252.3,427.0,503.0,768.0,0.5,0.5,63.0,63.0,12.0
SV017,L,175,3,2,0,0,2,Response,2855.0,2855.0,1156.4,1156.4,536.0,536.0,728.0,1.4,1.4,97.0,97.0,20.0
SV017,L,176,2,0,1,1,1,Response,,,,,,,,,,,,
SV017,L,177,2,0,0,0,2,Response,,,,,,,,0.6,0.6,54.0,54.0,16.0
SV017,L,178,2,2,1,1,2,Response,950.2,950.2,1221.5,1221.5,538.0,538.0,604.0,0.75,1.0,66.0,69.0,16.0
SV017,L,179,3,0,1,0,2,Response,2811.8500000000004,2909.8,1147.25,1157.9,588.5,649.0,628.0,1.75,2.4,92.5,111.0,24.0
SV017,L,180,3,0,1,0,2,Response,2563.3,2830.5,1138.8,1157.1,564.5,566.0,426.0,3.9333333333333336,7.2,133.0,173.0,36.0
SV017,L,181,2,2,0,1,2,Response,1128.0,1139.3,1237.6,1325.4,466.0,529.0,388.0,4.066666666666666,5.4,141.33333333333334,157.0,36.0
SV017,L,182,3,3,1,0,2,Response,2596.55,2765.3,1128.85,1138.4,520.5,587.0,446.0,3.3000000000000003,6.4,126.66666666666667,190.0,30.666666666666668
SV017,L,183,2,3,0,0,2,Response,2848.7333333333336,2962.5,1162.3999999999999,1215.1,537.3333333333334,587.0,368.0,1.4,3.5,257.25,790.0,63.0
SV017,L,184,3,3,1,0,2,Response,,,,,,,,0.6,0.6,70.0,70.0,12.0
SV017,L,185,2,3,0,1,1,Response,,,,,,,,1.8,1.8,97.0,97.0,24.0
SV017,L,186,2,2,0,1,1,Response,,,,,,,,1.3,1.3,92.0,92.0,20.0
SV017,L,187,3,0,0,1,1,Response,,,,,,,,5.1,5.1,124.0,124.0,52.0
SV017,L,188,3,2,0,0,2,Response,2759.1000000000004,2966.8,1118.6,1125.1,427.5,441.0,894.0,1.05,1.2,73.0,85.0,20.0
SV017,L,189,3,2,0,0,2,Response,,,,,,,,,,,,
SV017,L,190,2,0,0,1,1,Response,1331.525,1513.1,1574.225,1950.2,216.0,261.0,518.0,2.5,6.2,114.75,151.0,26.0
SV017,L,191,3,3,0,1,1,Response,1208.2,1301.4,1131.05,1149.3,391.5,413.0,268.0,2.866666666666667,6.2,99.33333333333333,141.0,33.333333333333336
SV017,L,192,3,3,1,0,1,Response,2044.0,2044.0,1097.0,1097.0,316.0,316.0,36.0,4.85,6.1,287.0,453.0,170.0
SV017,L,193,2,0,0,1,1,Response,1137.65,1267.3,1077.5,1113.2,393.0,408.0,152.0,1.15,1.5,90.5,105.0,18.0
SV017,L,194,3,0,1,1,1,Response,1077.3,1077.3,1249.0,1249.0,467.0,467.0,1364.0,3.05,4.8,454.5,793.0,158.0
SV017,L,195,2,2,0,1,1,Response,,,,,,,,1.1,1.1,69.0,69.0,20.0
SV017,L,196,2,3,1,0,2,Response,2838.7,2838.7,1163.1,1163.1,369.0,369.0,1608.0,7.2,7.2,159.0,159.0,56.0
SV017,L,197,3,0,0,1,1,Response,1136.1,1136.1,1215.9,1215.9,182.0,182.0,592.0,2.5,3.2,127.5,169.0,526.0
SV017,L,198,3,0,1,1,0,Response,1545.4333333333334,1920.9,1167.5,1237.6,260.3333333333333,283.0,292.0,4.025,6.6,298.75,496.0,1159.0
SV017,L,199,2,2,0,1,1,Response,,,,,,,,,,,,
SV017,L,200,2,3,1,1,1,Response,1055.9,1055.9,1303.9,1303.9,524.0,524.0,812.0,2.8,4.6,369.5,611.0,118.0
SV017,L,201,2,2,0,0,2,Response,2913.8500000000004,2914.9,1155.2,1247.0,579.0,632.0,452.0,3.5666666666666664,8.6,124.66666666666667,203.0,29.333333333333332
SV017,L,202,3,2,0,0,2,Response,,,,,,,,,,,,
SV017,L,203,2,2,0,0,2,Response,2816.2,2816.2,1132.5,1132.5,662.0,662.0,760.0,0.9,1.1,69.0,77.0,18.0
SV017,L,204,3,0,0,1,2,Response,1103.7,1103.7,1111.2,1111.2,610.0,610.0,720.0,3.25,4.2,110.0,117.0,38.0
SV017,L,205,2,3,0,1,1,Response,,,,,,,,3.8,3.8,108.0,108.0,44.0
SV017,L,206,2,2,0,0,2,Response,2885.6,2885.6,1040.5,1040.5,614.0,614.0,676.0,0.75,1.0,66.5,69.0,16.0
SV017,L,207,3,0,0,1,1,Response,971.3,971.3,1106.7,1106.7,550.0,550.0,812.0,0.8,1.2,79.0,104.0,14.0
SV017,L,208,3,3,1,1,1,Response,,,,,,,,4.5,4.5,103.0,103.0,52.0
SV017,L,209,3,0,0,0,2,Response,2911.95,2969.6,1105.6999999999998,1115.8,445.0,531.0,598.0,3.85,7.2,89.5,122.0,42.0
SV017,L,210,3,3,1,0,2,Response,,,,,,,,,,,,
SV017,L,211,3,0,0,1,3,Response,1018.7,1555.2,1088.96,1287.6,199.0,260.0,321.6,3.6,5.8,433.8,1210.0,640.0
SV017,L,212,3,0,0,1,1,Response,,,,,,,,0.7,0.7,57.0,57.0,16.0
SV017,L,213,3,3,1,1,1,Response,1288.7,1288.7,1201.0,1201.0,540.0,540.0,188.0,0.75,1.0,62.0,65.0,16.0
SV017,L,214,3,0,0,0,2,Response,2911.2,2911.2,1067.9,1067.9,605.0,605.0,792.0,3.35,5.8,90.0,104.0,40.0
SV017,L,215,2,2,1,0,2,Response,,,,,,,,,,,,
SV017,L,216,3,3,0,0,2,Response,2629.9,2629.9,1161.5,1161.5,352.0,352.0,544.0,0.4,0.4,52.0,52.0,12.0
SV017,L,217,3,3,1,0,2,Response,2967.2,2967.2,1207.7,1207.7,295.0,295.0,476.0,2.4,2.4,122.0,122.0,28.0
SV017,L,218,3,2,1,1,1,Response,,,,,,,,0.6,0.6,76.0,76.0,12.0
SV017,L,219,2,3,0,0,2,Response,2871.3,2871.3,1200.3,1200.3,516.0,516.0,964.0,1.1,1.2,72.5,78.0,20.0
SV017,L,220,3,0,1,1,1,Response,1346.3,1346.3,1255.6,1255.6,557.0,557.0,184.0,0.9,1.3,74.0,85.0,16.0
SV017,L,221,3,2,0,0,2,Response,2847.6,2847.6,1206.6,1206.6,597.0,597.0,708.0,1.0,1.0,64.0,64.0,20.0
SV017,L,222,3,2,0,0,2,Response,,,,,,,,0.8,0.8,68.0,68.0,16.0
SV017,L,223,2,3,0,0,2,Response,,,,,,,,,,,,
SV017,L,224,3,3,0,0,2,Response,,,,,,,,,,,,
SV017,L,225,2,2,0,0,2,Response,,,,,,,,,,,,
SV017,L,226,2,3,0,1,2,Response,,,,,,,,5.6,5.6,164.0,164.0,44.0
SV017,L,227,2,3,1,0,2,Response,2848.1666666666665,3270.0,1715.8000000000002,2948.8,230.66666666666666,253.0,280.0,12.3,21.2,391.25,799.0,541.0
SV017,L,228,3,3,0,0,2,Response,2822.7999999999997,2953.1,1143.9333333333334,1168.1,524.0,537.0,278.6666666666667,0.9750000000000001,1.6,74.25,89.0,18.0
SV017,L,229,2,3,0,0,2,Response,2922.3,2922.3,1125.5,1125.5,562.0,562.0,820.0,0.7,0.9,67.0,77.0,14.0
SV017,L,230,2,0,1,0,2,Response,,,,,,,,,,,,
SV017,L,231,2,2,0,0,2,Response,2661.9,2661.9,1097.3,1097.3,400.0,400.0,304.0,3.9000000000000004,6.7,355.0,633.0,200.0
SV017,L,232,3,2,0,1,1,Response,,,,,,,,,,,,
SV017,L,233,3,2,1,0,2,Response,3014.0,3014.0,1136.4,1136.4,401.0,401.0,2652.0,,,,,
SV017,L,234,3,3,0,0,2,Response,2542.1,2542.1,1066.3,1066.3,482.0,482.0,168.0,0.6,0.6,55.0,55.0,16.0
SV017,L,235,2,2,1,0,2,Response,,,,,,,,,,,,
SV017,L,236,2,0,1,1,1,Response,,,,,,,,1.7,1.7,851.0,851.0,252.0
SV017,L,237,2,2,1,1,1,Response,,,,,,,,,,,,
SV017,L,238,3,2,1,1,1,Response,1332.4,1332.4,1890.0,1890.0,187.0,187.0,108.0,3.6,5.9,139.0,162.0,34.0
SV017,L,239,3,3,1,0,0,Response,,,,,,,,1.0,1.0,65.0,65.0,20.0
SV017,L,240,2,2,1,1,2,Response,1338.5,1742.3,1233.8,1272.8,211.66666666666666,253.0,480.0,4.5,7.4,148.0,235.0,323.0
SV017,L,241,3,3,1,1,3,Response,2069.7,2069.7,803.8,803.8,527.0,527.0,168.0,1.2,1.8,78.5,103.0,20.0
SV017,L,242,2,3,0,1,3,Response,2000.75,2082.7,907.25,1086.8,453.0,480.0,758.0,1.8333333333333333,3.5,454.3333333333333,1134.0,84.0
SV017,L,243,3,2,0,0,2,Response,1892.0,1892.0,1127.6,1127.6,576.0,576.0,236.0,2.5,2.5,142.0,142.0,24.0
SV017,L,244,3,2,1,1,2,Response,3270.0,3270.0,3270.0,3270.0,575.0,575.0,144.0,27.6,28.5,471.0,711.0,694.0
SV017,L,245,2,0,1,0,0,Response,,,,,,,,,,,,
SV017,L,246,2,3,1,1,3,Response,,,,,,,,,,,,
SV017,L,247,2,0,1,1,0,Response,,,,,,,,,,,,
SV017,L,248,3,2,1,0,2,Response,,,,,,,,,,,,
SV017,L,249,2,2,1,1,2,Response,,,,,,,,,,,,
SV017,L,250,3,3,0,1,3,Response,,,,,,,,,,,,
SV017,L,251,2,2,1,0,2,Response,,,,,,,,,,,,
SV017,L,252,2,0,1,0,0,Response,,,,,,,,,,,,
SV017,L,253,2,0,0,0,0,Response,,,,,,,,,,,,
SV017,L,254,3,3,1,1,3,Response,,,,,,,,,,,,
SV017,L,255,2,3,0,0,3,Response,,,,,,,,,,,,
SV017,L,256,3,3,0,1,3,Response,,,,,,,,0.4,0.4,772.0,772.0,220.0
SV017,L,257,3,2,0,0,2,Response,,,,,,,,,,,,
SV017,L,258,3,0,1,0,0,Response,,,,,,,,,,,,
SV017,L,259,2,3,0,0,3,Response,,,,,,,,,,,,
SV017,L,260,3,3,1,0,3,Response,,,,,,,,,,,,
SV017,L,261,3,0,1,0,0,Response,,,,,,,,,,,,
SV017,L,262,2,3,0,0,3,Response,,,,,,,,,,,,
SV017,L,263,2,0,0,1,0,Response,,,,,,,,,,,,
SV017,L,264,2,2,0,0,2,Response,,,,,,,,0.3,0.3,920.0,920.0,112.0
SV017,L,265,3,2,0,1,2,Response,,,,,,,,,,,,
SV017,L,266,2,3,0,0,3,Response,,,,,,,,,,,,
SV017,L,267,3,0,1,1,0,Response,,,,,,,,,,,,
SV017,L,268,3,3,0,0,3,Response,,,,,,,,,,,,
SV017,L,269,2,2,1,0,2,Response,,,,,,,,,,,,
SV017,L,270,3,3,1,1,3,Response,,,,,,,,,,,,
SV017,L,271,3,0,1,1,0,Response,,,,,,,,,,,,
SV017,L,272,3,0,0,1,0,Response,,,,,,,,,,,,
SV017,L,273,3,3,1,1,3,Response,,,,,,,,,,,,
SV017,L,274,2,0,1,1,0,Response,,,,,,,,,,,,
SV017,L,275,3,2,0,1,2,Response,,,,,,,,,,,,
SV017,L,276,2,3,0,1,3,Response,,,,,,,,0.7,0.7,821.0,821.0,272.0
SV017,L,277,3,2,0,0,2,Response,,,,,,,,0.6,0.6,984.0,984.0,268.0
SV017,L,278,2,2,1,1,2,Response,,,,,,,,,,,,
SV017,L,279,2,2,0,0,2,Response,,,,,,,,,,,,
SV017,L,280,3,2,0,0,2,Response,,,,,,,,,,,,
SV017,L,281,2,3,1,0,3,Response,,,,,,,,,,,,
SV017,L,282,2,0,1,1,0,Response,,,,,,,,,,,,
SV017,L,283,3,0,0,0,0,Response,,,,,,,,,,,,
SV017,L,284,3,0,0,0,0,Response,,,,,,,,,,,,
SV017,L,285,2,3,0,0,3,Response,,,,,,,,,,,,
SV017,L,286,2,2,0,0,2,Response,,,,,,,,,,,,
SV017,L,287,3,0,1,0,0,Response,,,,,,,,,,,,
SV017,L,288,2,0,1,1,0,Response,,,,,,,,,,,,
SV017,L,289,2,2,0,0,2,Response,,,,,,,,,,,,
SV017,L,290,2,3,0,1,3,Response,,,,,,,,,,,,
SV017,L,291,3,2,1,1,2,Response,,,,,,,,0.6,0.6,888.0,888.0,288.0
SV017,L,292,3,2,0,0,2,Response,,,,,,,,,,,,
SV017,L,293,3,2,1,0,2,Response,,,,,,,,,,,,
SV017,L,294,2,3,0,1,3,Response,,,,,,,,,,,,
SV017,L,295,2,3,1,1,3,Response,,,,,,,,,,,,
SV017,L,296,3,3,0,0,3,Response,1788.2,1788.2,1658.1,1658.1,118.0,118.0,44.0,2.8499999999999996,4.1,212.0,248.0,60.0
SV017,L,297,3,2,0,1,2,Response,,,,,,,,,,,,
SV017,L,298,2,0,0,1,0,Response,,,,,,,,,,,,
SV017,L,299,2,0,1,1,0,Response,,,,,,,,,,,,
SV017,L,300,3,0,0,1,0,Response,,,,,,,,,,,,
SV017,L,301,3,2,0,1,2,Response,,,,,,,,,,,,
SV017,L,302,2,2,0,1,2,Response,,,,,,,,,,,,
SV017,L,303,2,3,0,1,3,Response,,,,,,,,,,,,
SV017,L,304,3,3,1,1,3,Response,,,,,,,,,,,,
SV017,L,305,2,2,0,0,2,Response,,,,,,,,,,,,
SV017,L,306,3,0,0,1,0,Response,,,,,,,,,,,,
SV017,L,307,2,0,1,0,2,Response,,,,,,,,,,,,
SV017,L,308,3,3,0,1,3,Response,,,,,,,,,,,,
SV017,L,309,3,2,1,1,2,Response,,,,,,,,,,,,
SV017,L,310,2,3,0,0,3,Response,,,,,,,,,,,,
SV017,L,311,2,0,0,1,0,Response,,,,,,,,,,,,
SV017,L,312,3,3,1,0,3,Response,,,,,,,,,,,,
SV017,L,313,2,0,0,1,0,Response,1597.1,1665.5,1948.9499999999998,2086.6,86.0,117.0,32.0,5.366666666666667,7.5,180.66666666666666,212.0,52.0
SV017,L,314,3,2,1,0,2,Response,,,,,,,,,,,,
SV017,L,315,3,0,1,1,0,Response,,,,,,,,,,,,
SV017,L,316,3,0,0,0,0,Response,,,,,,,,,,,,
SV017,L,317,3,3,1,0,3,Response,,,,,,,,,,,,
SV017,L,318,3,3,0,0,3,Response,,,,,,,,,,,,
SV017,L,319,3,2,1,1,2,Response,,,,,,,,,,,,
SV017,L,320,2,0,1,1,0,Response,,,,,,,,,,,,
SV017,L,321,2,2,0,1,2,Response,,,,,,,,,,,,
SV017,L,322,3,0,1,0,0,Response,,,,,,,,,,,,
SV017,L,323,3,2,1,0,2,Response,,,,,,,,,,,,
SV017,L,324,2,0,0,1,0,Response,,,,,,,,,,,,
SV017,L,325,2,0,0,0,0,Response,,,,,,,,,,,,
SV017,L,326,3,3,0,0,3,Response,,,,,,,,,,,,
SV017,L,327,2,2,1,1,2,Response,,,,,,,,,,,,
SV017,L,328,3,3,1,0,3,Response,,,,,,,,,,,,
SV017,L,329,2,2,1,0,2,Response,1886.2,1886.2,1121.2,1121.2,257.0,257.0,772.0,4.5,4.5,901.0,901.0,500.0
SV017,L,330,3,2,1,0,2,Response,,,,,,,,,,,,
SV017,L,331,3,3,0,0,3,Response,,,,,,,,,,,,
SV017,L,332,2,0,0,1,0,Response,,,,,,,,,,,,
SV017,L,333,3,0,1,1,0,Response,,,,,,,,,,,,
SV017,L,334,2,0,0,0,0,Response,,,,,,,,,,,,
SV017,L,335,2,0,1,0,0,Response,,,,,,,,,,,,
SV017,L,336,3,0,0,0,0,Response,,,,,,,,,,,,
SV017,L,337,3,3,1,0,3,Response,,,,,,,,,,,,
SV017,L,338,3,2,1,1,2,Response,,,,,,,,,,,,
SV017,L,339,3,2,0,0,2,Response,,,,,,,,,,,,
SV017,L,340,3,0,0,0,0,Response,,,,,,,,,,,,
SV017,L,341,3,3,1,1,3,Response,,,,,,,,,,,,
SV017,L,342,2,3,1,0,3,Response,,,,,,,,,,,,
SV017,L,343,2,3,1,0,3,Response,,,,,,,,,,,,
SV017,L,344,2,0,0,0,0,Response,,,,,,,,,,,,
SV017,L,345,2,3,1,0,3,Response,,,,,,,,,,,,
SV017,L,346,2,2,0,1,2,Response,,,,,,,,,,,,
SV017,L,347,3,0,1,1,0,Response,,,,,,,,,,,,
SV017,L,348,3,0,0,1,0,Response,,,,,,,,,,,,
SV017,L,349,3,2,0,0,2,Response,,,,,,,,,,,,
SV017,L,350,2,0,1,0,0,Response,,,,,,,,,,,,
SV017,L,351,2,2,1,0,2,Response,,,,,,,,,,,,
SV017,L,352,2,2,1,1,2,Response,,,,,,,,,,,,
SV017,L,353,2,0,0,0,0,Response,,,,,,,,,,,,
SV017,L,354,3,2,0,1,2,Response,,,,,,,,,,,,
SV017,L,355,2,3,0,1,3,Response,,,,,,,,,,,,
SV017,L,356,2,3,0,1,3,Response,,,,,,,,1.5,1.5,310.0,310.0,480.0
SV017,L,357,2,2,1,1,3,Response,,,,,,,,,,,,
SV017,L,358,3,0,1,0,0,Response,,,,,,,,,,,,
SV017,L,359,3,0,1,0,0,Response,,,,,,,,,,,,
SV017,L,360,3,3,1,0,3,Response,,,,,,,,,,,,
SV017,L,361,3,0,0,0,0,Response,,,,,,,,,,,,
SV017,L,362,3,0,0,1,0,Response,,,,,,,,,,,,
SV017,L,363,2,0,0,0,0,Response,,,,,,,,,,,,
SV017,L,364,2,3,1,1,3,Response,,,,,,,,,,,,
SV017,L,365,3,0,1,1,0,Response,,,,,,,,,,,,
SV017,L,366,2,3,1,0,3,Response,,,,,,,,,,,,
SV017,L,367,2,3,0,1,3,Response,,,,,,,,,,,,
SV017,L,368,2,0,1,0,0,Response,,,,,,,,,,,,
SV017,L,369,2,0,0,1,0,Response,,,,,,,,,,,,
SV017,L,370,2,3,0,0,3,Response,,,,,,,,,,,,
SV017,L,371,2,2,1,1,2,Response,,,,,,,,,,,,
SV017,L,372,2,2,1,0,2,Response,,,,,,,,,,,,
SV017,L,373,3,2,0,1,2,Response,,,,,,,,0.4,0.4,850.0,850.0,260.0
SV017,L,374,2,2,1,0,2,Response,,,,,,,,,,,,
SV017,L,375,3,3,0,1,3,Response,,,,,,,,,,,,
SV017,L,376,2,2,1,0,2,Response,,,,,,,,,,,,
SV017,L,377,2,2,1,1,2,Response,,,,,,,,,,,,
SV017,L,378,3,3,0,0,3,Response,1938.6,1938.6,1145.1,1145.1,529.0,529.0,400.0,,,,,
SV017,L,379,2,0,1,1,0,Response,,,,,,,,,,,,
SV017,L,380,3,2,1,0,2,Response,,,,,,,,,,,,
SV017,L,381,2,2,0,1,2,Response,,,,,,,,,,,,
SV017,L,382,3,0,1,0,0,Response,,,,,,,,,,,,
SV017,L,383,2,2,1,0,2,Response,,,,,,,,,,,,
SV017,L,384,3,2,0,0,2,Response,,,,,,,,,,,,
SV017,L,385,2,0,1,1,0,Response,,,,,,,,,,,,
SV017,L,386,2,0,0,0,0,Response,,,,,,,,,,,,
SV017,L,387,3,2,1,1,2,Response,,,,,,,,,,,,
SV017,L,388,3,0,0,1,0,Response,,,,,,,,,,,,
SV017,L,389,2,2,1,1,2,Response,,,,,,,,,,,,
SV017,L,390,3,0,1,1,0,Response,,,,,,,,,,,,
SV017,L,391,2,0,0,0,0,Response,,,,,,,,,,,,
SV017,L,392,2,2,1,0,2,Response,,,,,,,,,,,,
SV017,L,393,2,3,1,1,3,Response,,,,,,,,,,,,
SV017,L,394,2,2,0,0,2,Response,,,,,,,,,,,,
SV017,L,395,3,0,0,0,0,Response,,,,,,,,,,,,
SV017,L,396,3,2,1,1,2,Response,,,,,,,,,,,,
SV017,L,397,3,0,1,1,0,Response,,,,,,,,,,,,
SV017,L,398,3,3,0,1,3,Response,,,,,,,,,,,,
SV017,L,399,3,0,0,0,0,Response,,,,,,,,,,,,
SV017,L,400,3,2,0,0,2,Response,,,,,,,,,,,,
SV017,L,401,2,2,1,0,2,Response,,,,,,,,,,,,
SV017,L,402,2,3,0,0,3,Response,,,,,,,,,,,,
SV017,L,403,3,0,1,0,0,Response,,,,,,,,,,,,
SV017,L,404,2,3,1,1,3,Response,,,,,,,,,,,,
SV017,L,405,2,3,1,0,3,Response,,,,,,,,,,,,
SV017,L,406,3,3,1,0,3,Response,,,,,,,,,,,,
SV017,L,407,2,0,1,0,0,Response,,,,,,,,,,,,
SV017,L,408,2,2,0,1,2,Response,,,,,,,,,,,,
SV017,L,409,2,3,0,1,3,Response,,,,,,,,,,,,
SV017,L,410,2,3,1,1,3,Response,,,,,,,,,,,,
SV017,L,411,3,3,0,0,3,Response,,,,,,,,,,,,
SV017,L,412,3,2,1,1,2,Response,,,,,,,,,,,,
SV017,L,413,2,2,0,0,2,Response,,,,,,,,,,,,
SV017,L,414,2,2,0,1,2,Response,,,,,,,,,,,,
SV017,L,415,2,3,0,0,3,Response,,,,,,,,,,,,
SV017,L,416,2,0,1,0,0,Response,,,,,,,,,,,,
SV017,L,417,3,3,0,1,3,Response,,,,,,,,,,,,
SV017,L,418,3,2,0,1,3,Response,1844.0500000000002,2145.4,1862.0500000000002,1918.2,132.0,213.0,30.0,4.85,5.2,259.0,288.0,40.0
SV017,L,419,2,2,0,1,2,Response,,,,,,,,,,,,
SV017,L,420,2,0,1,1,0,Response,,,,,,,,,,,,
SV017,L,421,3,3,0,0,3,Response,,,,,,,,,,,,
SV017,L,422,3,3,1,1,3,Response,,,,,,,,,,,,
SV017,L,423,3,2,1,0,2,Response,,,,,,,,,,,,
SV017,L,424,2,3,0,1,3,Response,,,,,,,,,,,,
SV017,L,425,2,0,0,1,0,Response,,,,,,,,,,,,
SV017,L,426,3,3,0,1,3,Response,,,,,,,,,,,,
SV017,L,427,2,2,0,0,2,Response,,,,,,,,,,,,
SV017,L,428,2,2,1,1,2,Response,,,,,,,,,,,,
SV017,L,429,3,2,0,1,2,Response,,,,,,,,,,,,
SV017,L,430,3,3,1,0,3,Response,,,,,,,,,,,,
SV017,L,431,3,0,0,0,0,Response,,,,,,,,,,,,
SV017,L,432,3,0,1,0,0,Response,,,,,,,,,,,,
SV017,L,433,2,3,1,0,3,Response,,,,,,,,,,,,
SV017,L,434,2,3,1,0,3,Response,,,,,,,,,,,,
SV017,L,435,3,0,0,1,0,Response,,,,,,,,,,,,
SV017,L,436,3,3,1,1,3,Response,,,,,,,,,,,,
SV017,L,437,3,2,1,0,2,Response,1627.3,1627.3,1738.1,1738.1,71.0,71.0,112.0,2.1,2.1,89.5,179.0,82.0
SV017,L,438,3,0,1,0,0,Response,,,,,,,,0.7,0.7,865.0,865.0,228.0
SV017,L,439,2,2,0,1,2,Response,,,,,,,,,,,,
SV017,L,440,3,3,1,1,3,Response,,,,,,,,,,,,
SV017,L,441,2,2,0,0,2,Response,,,,,,,,,,,,
SV017,L,442,3,0,0,1,0,Response,,,,,,,,,,,,
SV017,L,443,3,2,0,1,2,Response,,,,,,,,,,,,
SV017,L,444,3,3,0,0,3,Response,,,,,,,,,,,,
SV017,L,445,3,0,1,1,0,Response,,,,,,,,,,,,
SV017,L,446,3,0,1,1,0,Response,,,,,,,,,,,,
SV017,L,447,3,2,0,0,2,Response,,,,,,,,,,,,
SV017,L,448,2,2,0,1,2,Response,,,,,,,,,,,,
SV017,L,449,3,3,0,1,3,Response,,,,,,,,,,,,
SV017,L,450,3,3,1,1,3,Response,,,,,,,,,,,,
SV017,L,451,3,3,0,0,3,Response,,,,,,,,,,,,
SV017,L,452,2,3,1,0,3,Response,,,,,,,,,,,,
SV017,L,453,2,0,1,1,0,Response,,,,,,,,,,,,
SV017,L,454,3,2,1,1,2,Response,,,,,,,,0.8,0.8,930.0,930.0,264.0
SV017,L,455,2,3,1,1,3,Response,,,,,,,,,,,,
SV017,L,456,3,3,1,0,3,Response,,,,,,,,,,,,
SV017,L,457,2,3,1,1,3,Response,,,,,,,,,,,,
SV017,L,458,2,3,1,1,3,Response,,,,,,,,,,,,
SV017,L,459,3,0,0,1,0,Response,,,,,,,,,,,,
SV017,L,460,3,0,0,1,0,Response,,,,,,,,,,,,
SV017,L,461,2,0,0,1,0,Response,,,,,,,,,,,,
SV017,L,462,3,3,0,1,3,Response,,,,,,,,1.2,1.2,325.0,325.0,448.0
SV017,L,463,3,3,1,0,0,Response,,,,,,,,2.5,2.5,277.0,277.0,1212.0
SV017,L,464,2,3,1,1,3,Response,,,,,,,,0.6,0.6,720.0,720.0,264.0
SV017,L,465,2,0,0,1,0,Response,,,,,,,,,,,,
SV017,L,466,3,2,1,0,2,Response,,,,,,,,,,,,
SV017,L,467,2,2,0,0,2,Response,,,,,,,,,,,,
SV017,L,468,3,2,1,1,2,Response,,,,,,,,,,,,
SV017,L,469,2,0,1,0,0,Response,,,,,,,,,,,,
SV017,L,470,2,2,1,1,2,Response,,,,,,,,,,,,
SV017,L,471,2,0,0,0,0,Response,,,,,,,,,,,,
SV017,L,472,3,3,0,1,3,Response,,,,,,,,,,,,
SV017,L,473,3,2,1,0,2,Response,1993.3,1993.3,1558.2,1558.2,127.0,127.0,24.0,9.2,14.1,350.0,475.0,222.0
SV017,L,474,2,2,0,1,2,Response,2577.15,3270.0,2209.45,3270.0,372.5,395.0,526.0,25.4,25.4,232.0,232.0,212.0
SV017,L,475,2,3,0,0,3,Response,,,,,,,,,,,,
SV017,L,476,2,0,1,0,0,Response,,,,,,,,,,,,
SV017,L,477,3,2,0,1,2,Response,,,,,,,,,,,,
SV017,L,478,3,0,0,0,0,Response,,,,,,,,,,,,
SV017,L,479,2,0,0,0,0,Response,,,,,,,,,,,,
SV017,L,480,2,3,1,0,3,Response,,,,,,,,,,,,
SV017,R,1,2,0,0,0,2,Response,987.9200000000001,1027.2,1108.46,1221.5,471.2,553.0,461.6,2.44,6.9,117.4,193.0,25.6
SV017,R,2,3,0,1,0,2,Response,1020.1,1020.1,1216.1,1216.1,505.0,505.0,1988.0,,,,,
SV017,R,3,3,0,1,1,2,Response,,,,,,,,6.7,6.7,129.0,129.0,60.0
SV017,R,4,3,2,1,1,2,Response,,,,,,,,1.0,1.0,85.0,85.0,16.0
SV017,R,5,3,3,0,0,2,Response,1116.6,1222.3,984.75,1005.2,573.0,575.0,448.0,0.95,1.5,78.0,103.0,16.0
SV017,R,6,3,3,0,0,2,Response,1058.3,1058.3,1259.2,1259.2,597.0,597.0,784.0,3.75,5.9,98.0,103.0,46.0
SV017,R,7,3,0,1,1,2,Response,2411.75,2744.7,1109.45,1137.7,534.0,548.0,178.0,2.3,3.8,90.0,113.0,28.0
SV017,R,8,2,0,0,1,2,Response,2782.6499999999996,2864.2,1128.3000000000002,1158.7,483.5,484.0,364.0,2.3666666666666667,4.8,97.33333333333333,116.0,29.333333333333332
SV017,R,9,2,3,1,0,2,Response,1226.0333333333333,1445.1,1125.1333333333334,1163.7,529.3333333333334,552.0,506.6666666666667,0.725,1.3,60.5,68.0,16.0
SV017,R,10,3,2,0,1,2,Response,,,,,,,,0.8,0.8,70.0,70.0,16.0
SV017,R,11,3,0,0,0,2,Response,982.2,991.6,1105.3,1231.0,475.0,540.0,630.0,1.4,2.0,91.5,119.0,20.0
SV017,R,12,3,3,1,0,2,Response,,,,,,,,,,,,
SV017,R,13,2,2,0,1,2,Response,,,,,,,,0.5,0.5,62.0,62.0,12.0
SV017,R,14,3,0,1,1,2,Response,,,,,,,,4.9,4.9,119.0,119.0,52.0
SV017,R,15,2,2,0,0,2,Response,1146.1,1241.6,1174.4,1194.1,581.0,590.0,482.0,1.0333333333333334,1.6,74.33333333333333,79.0,18.666666666666668
SV017,R,16,2,3,1,0,2,Response,1146.0,1297.7,1115.1,1127.2,531.0,556.0,644.0,1.0333333333333334,1.3,74.33333333333333,95.0,18.666666666666668
SV017,R,17,2,0,1,0,2,Response,,,,,,,,1.9,1.9,116.0,116.0,24.0
SV017,R,18,2,2,1,0,2,Response,,,,,,,,0.5,0.5,56.0,56.0,12.0
SV017,R,19,2,3,0,1,2,Response,2833.3,2904.0,1193.7,1206.4,467.0,497.0,458.0,2.4,5.1,89.66666666666667,111.0,30.666666666666668
SV017,R,20,3,2,0,1,2,Response,2788.3,2863.2,1221.85,1224.6,495.5,499.0,358.0,3.0666666666666664,6.3,110.66666666666667,128.0,33.333333333333336
SV017,R,21,3,3,0,0,2,Response,,,,,,,,1.5,1.5,103.0,103.0,20.0
SV017,R,22,3,3,1,0,2,Response,,,,,,,,0.8,0.8,73.0,73.0,16.0
SV017,R,23,2,0,0,1,2,Response,2852.1,2918.0,1227.15,1244.8,504.5,508.0,354.0,2.966666666666667,7.0,102.66666666666667,143.0,30.666666666666668
SV017,R,24,3,3,1,1,2,Response,,,,,,,,,,,,
SV017,R,25,2,0,0,1,2,Response,2895.725,2946.0,1098.1,1212.5,437.25,522.0,382.0,1.26,2.6,83.4,106.0,19.2
SV017,R,26,2,0,1,1,2,Response,2860.4,2860.4,1155.9,1155.9,465.0,465.0,1228.0,1.1,1.2,84.0,85.0,18.0
SV017,R,27,3,3,0,1,2,Response,2814.85,2907.6,1050.8,1057.8,502.0,505.0,450.0,0.9,1.0,80.5,86.0,16.0
SV017,R,28,3,0,1,1,2,Response,,,,,,,,,,,,
SV017,R,29,3,2,1,1,2,Response,2813.4,2813.4,1149.5,1149.5,513.0,513.0,876.0,0.75,1.0,76.0,90.0,14.0
SV017,R,30,2,2,0,1,2,Response,,,,,,,,0.8,0.8,75.0,75.0,16.0
SV017,R,31,3,2,0,0,2,Response,958.4,958.4,1318.1,1318.1,423.0,423.0,1012.0,1.7,1.7,92.0,92.0,24.0
SV017,R,32,2,2,1,0,2,Response,,,,,,,,1.4,1.4,76.0,76.0,24.0
SV017,R,33,3,0,0,0,2,Response,,,,,,,,1.5,1.5,111.0,111.0,20.0
SV017,R,34,2,0,0,0,2,Response,,,,,,,,,,,,
SV017,R,35,2,2,1,0,2,Response,784.5,784.5,1190.2,1190.2,347.0,347.0,392.0,0.65,0.9,61.0,67.0,16.0
SV017,R,36,3,2,1,0,2,Response,,,,,,,,,,,,
SV017,R,37,2,0,0,1,2,Response,2801.7999999999997,2927.6,1077.4333333333334,1094.6,419.6666666666667,433.0,228.0,0.7666666666666666,1.3,241.66666666666666,578.0,73.33333333333333
SV017,R,38,2,3,0,1,2,Response,,,,,,,,0.7,0.7,61.0,61.0,16.0
SV017,R,39,3,2,0,0,2,Response,,,,,,,,,,,,
SV017,R,40,2,2,1,0,2,Response,,,,,,,,0.8,0.8,73.0,73.0,16.0
SV017,R,41,3,0,0,0,2,Response,,,,,,,,1.6,1.6,102.0,102.0,20.0
SV017,R,42,3,0,1,1,2,Response,,,,,,,,0.5,0.5,60.0,60.0,12.0
SV017,R,43,3,0,1,0,2,Response,,,,,,,,1.4,1.4,103.0,103.0,20.0
SV017,R,44,2,3,0,0,2,Response,,,,,,,,1.6,1.6,115.0,115.0,20.0
SV017,R,45,2,3,1,1,2,Response,,,,,,,,,,,,
SV017,R,46,2,0,1,0,2,Response,811.5,811.5,1242.5,1242.5,341.0,341.0,916.0,0.85,1.0,62.5,67.0,18.0
SV017,R,47,3,3,0,1,2,Response,2698.2,2893.1,1095.9499999999998,1099.6,400.5,409.0,406.0,1.8,3.2,227.0,511.0,70.66666666666667
SV017,R,48,3,0,1,1,1,Response,2595.7,2595.7,1161.6,1161.6,450.0,450.0,188.0,0.8,0.8,71.0,71.0,16.0
SV017,R,49,3,2,0,0,2,Response,1012.05,1026.5,1014.45,1026.9,397.5,416.0,372.0,0.95,1.4,78.0,97.0,16.0
SV017,R,50,3,3,0,1,2,Response,2799.6,2799.6,1204.1,1204.1,425.0,425.0,832.0,1.15,1.7,94.5,121.0,16.0
SV017,R,51,2,2,0,0,2,Response,1050.25,1059.5,1269.95,1305.4,491.0,519.0,376.0,1.4000000000000001,2.2,103.0,128.0,18.0
SV017,R,52,2,3,0,0,2,Response,,,,,,,,1.7,1.7,120.0,120.0,20.0
SV017,R,53,3,3,1,1,2,Response,2787.1,2787.1,1138.3,1138.3,454.0,454.0,784.0,0.8,0.8,68.0,68.0,16.0
SV017,R,54,2,3,1,1,2,Response,2792.8500000000004,2840.3,1175.65,1176.8,408.5,511.0,630.0,1.0,2.2,69.0,100.0,17.333333333333332
SV017,R,55,3,0,1,0,2,Response,,,,,,,,0.5,0.5,58.0,58.0,12.0
SV017,R,56,3,2,1,0,2,Response,,,,,,,,0.7,0.7,59.0,59.0,16.0
SV017,R,57,3,2,0,1,2,Response,2835.2,2835.2,1060.2,1060.2,499.0,499.0,968.0,0.7,0.7,63.0,63.0,16.0
SV017,R,58,2,3,1,0,2,Response,916.4,916.4,1147.7,1147.7,457.0,457.0,716.0,0.8,0.8,71.0,71.0,16.0
SV017,R,59,3,2,0,1,2,Response,,,,,,,,2.4,2.4,149.0,149.0,24.0
SV017,R,60,3,0,0,1,2,Response,2789.1000000000004,2875.8,1143.95,1174.4,422.0,439.0,430.0,1.3666666666666665,1.7,87.66666666666667,99.0,21.333333333333332
SV017,R,61,2,2,0,1,2,Response,2709.6499999999996,2774.2,1056.3000000000002,1063.4,428.0,430.0,224.0,1.8666666666666665,4.5,89.33333333333333,134.0,22.666666666666668
SV017,R,62,2,3,0,1,2,Response,2499.3333333333335,2796.1,1050.9666666666667,1062.9,426.6666666666667,442.0,213.33333333333334,0.9,2.1,77.75,121.0,15.0
SV017,R,63,2,3,0,1,1,Response,,,,,,,,0.6,0.6,69.0,69.0,12.0
SV017,R,64,3,3,1,0,2,Response,,,,,,,,,,,,
SV017,R,65,2,0,1,1,1,Response,,,,,,,,2.7,2.7,100.0,100.0,36.0
SV017,R,66,2,2,0,0,2,Response,,,,,,,,1.2,1.2,79.0,79.0,20.0
SV017,R,67,2,3,1,1,1,Response,,,,,,,,1.7,1.7,97.0,97.0,24.0
SV017,R,68,3,3,0,1,2,Response,2873.2,2873.2,1174.5,1174.5,421.0,421.0,188.0,0.9,1.0,83.5,94.0,16.0
SV017,R,69,2,3,0,0,2,Response,1202.7,1202.7,1139.7,1139.7,435.0,435.0,164.0,0.75,0.8,65.0,68.0,16.0
SV017,R,70,2,2,1,0,2,Response,928.0,928.0,1116.4,1116.4,352.0,352.0,940.0,0.5,0.5,59.0,59.0,12.0
SV017,R,71,3,2,0,1,2,Response,,,,,,,,1.6,1.6,118.0,118.0,20.0
SV017,R,72,2,3,1,0,2,Response,,,,,,,,,,,,
SV017,R,73,3,3,1,1,1,Response,2355.05,2505.2,1095.15,1109.8,476.0,477.0,114.0,1.0666666666666667,1.2,81.33333333333333,86.0,18.666666666666668
SV017,R,74,3,2,0,0,2,Response,,,,,,,,2.3,2.3,130.0,130.0,24.0
SV017,R,75,3,3,0,1,2,Response,2793.8,2876.5,1050.2,1060.7,378.5,382.0,368.0,1.8,3.9,87.66666666666667,114.0,24.0
SV017,R,76,2,2,0,0,2,Response,975.9,975.9,1053.7,1053.7,407.0,407.0,188.0,0.7,0.9,71.0,84.0,14.0
SV017,R,77,2,2,1,1,1,Response,,,,,,,,0.8,0.8,66.0,66.0,16.0
SV017,R,78,2,2,0,1,2,Response,2747.7,2747.7,1064.5,1064.5,312.0,312.0,832.0,2.8,4.2,109.5,118.0,32.0
SV017,R,79,2,0,0,0,2,Response,974.9,980.3,1152.6,1202.4,338.5,353.0,1216.0,1.0333333333333332,1.9,76.33333333333333,88.0,17.333333333333332
SV017,R,80,2,0,0,0,1,Response,1130.6333333333332,1284.3,1083.0,1262.2,468.0,509.0,365.3333333333333,1.5,2.0,89.25,116.0,22.0
SV017,R,81,2,2,0,0,2,Response,1171.2,1171.2,996.3,996.3,562.0,562.0,812.0,1.7000000000000002,1.8,96.5,109.0,24.0
SV017,R,82,3,0,1,0,2,Response,1007.4,1007.4,1126.9,1126.9,511.0,511.0,680.0,2.75,5.0,88.0,118.0,34.0
SV017,R,83,3,2,0,1,2,Response,2830.0,2830.0,1017.3,1017.3,460.0,460.0,656.0,1.5999999999999999,2.3,107.0,133.0,20.0
SV017,R,84,2,3,1,0,2,Response,1163.05,1396.0,1125.5500000000002,1149.2,472.0,478.0,478.0,0.6333333333333333,0.8,63.333333333333336,77.0,14.666666666666666
SV017,R,85,2,2,1,1,1,Response,2258.0,2339.3,1074.9,1076.1,473.5,474.0,246.0,0.85,1.2,69.5,83.0,16.0
SV017,R,86,3,3,0,0,2,Response,1127.9666666666665,1353.8,1184.0,1266.9,428.0,445.0,385.3333333333333,0.8,0.8,70.0,72.0,16.0
SV017,R,87,2,2,1,1,1,Response,,,,,,,,,,,,
SV017,R,88,3,2,1,0,2,Response,,,,,,,,0.5,0.5,67.0,67.0,12.0
SV017,R,89,3,2,1,1,2,Response,2659.1,2659.1,1141.1,1141.1,461.0,461.0,840.0,0.7,0.7,61.0,61.0,16.0
SV017,R,90,3,0,0,0,2,Response,1147.25,1259.6,1202.9499999999998,1236.6,478.0,481.0,350.0,1.1333333333333335,1.8,77.66666666666667,98.0,18.666666666666668
SV017,R,91,3,0,0,1,2,Response,2789.4,2998.6,1043.0333333333335,1050.4,438.3333333333333,458.0,186.66666666666666,1.1,1.5,84.0,107.0,18.0
SV017,R,92,2,2,0,0,2,Response,,,,,,,,0.4,0.4,53.0,53.0,12.0
SV017,R,93,3,0,0,1,1,Response,2683.1,2683.1,1105.5,1105.5,385.0,385.0,732.0,0.75,0.9,72.5,80.0,16.0
SV017,R,94,2,2,1,0,2,Response,,,,,,,,,,,,
SV017,R,95,2,0,0,1,2,Response,,,,,,,,0.5,0.5,60.0,60.0,12.0
SV017,R,96,3,0,0,1,1,Response,,,,,,,,2.2,2.2,132.0,132.0,24.0
SV017,R,97,3,3,0,1,2,Response,2592.75,2814.7,1016.45,1023.3,315.0,345.0,284.0,0.7666666666666666,0.9,72.0,81.0,14.666666666666666
SV017,R,98,3,2,1,1,1,Response,2529.9,2529.9,1118.8,1118.8,374.0,374.0,68.0,3.05,4.7,146.0,169.0,26.0
SV017,R,99,3,2,0,1,2,Response,2554.525,2908.8,1033.925,1040.3,437.5,445.0,184.0,1.04,1.5,82.6,113.0,16.8
SV017,R,100,3,0,0,1,1,Response,2787.25,2890.1,1044.75,1047.8,389.5,390.0,406.0,1.0,1.4,81.0,109.0,17.333333333333332
SV017,R,101,2,3,1,1,1,Response,,,,,,,,1.8,1.8,104.0,104.0,24.0
SV017,R,102,3,3,1,0,2,Response,1295.0,1295.0,1088.5,1088.5,458.0,458.0,208.0,1.1,1.7,74.5,90.0,18.0
SV017,R,103,3,3,0,1,2,Response,2875.95,2936.3,1085.35,1128.4,343.5,438.0,564.0,0.8500000000000001,1.3,69.5,87.0,16.0
SV017,R,104,2,3,1,0,2,Response,,,,,,,,,,,,
SV017,R,105,2,2,0,1,2,Response,2849.55,2941.8,1049.85,1060.9,433.5,436.0,330.0,1.0,1.4,80.0,100.0,17.333333333333332
SV017,R,106,2,3,1,1,2,Response,2681.8,2776.3,1121.1,1137.3,435.0,471.0,776.0,4.3999999999999995,7.1,130.66666666666666,160.0,38.666666666666664
SV017,R,107,2,2,1,1,1,Response,2615.8,2615.8,1155.9,1155.9,419.0,419.0,224.0,2.3499999999999996,4.1,106.5,143.0,26.0
SV017,R,108,2,0,1,1,1,Response,2130.9,2130.9,1077.5,1077.5,414.0,414.0,212.0,0.9,1.0,70.0,73.0,18.0
SV017,R,109,3,2,0,1,2,Response,2878.85,2916.0,1082.6,1146.1,283.5,345.0,1140.0,2.6,6.2,121.0,159.0,93.33333333333333
SV017,R,110,2,2,0,1,2,Response,2684.025,3099.5,1116.55,1148.5,457.75,468.0,205.0,1.44,2.5,94.0,118.0,19.2
SV017,R,111,3,2,0,0,2,Response,1067.4666666666667,1315.1,994.9333333333334,1023.2,467.6666666666667,470.0,274.6666666666667,1.05,1.8,87.0,135.0,17.0
SV017,R,112,2,3,1,1,2,Response,2613.25,2698.1,1074.65,1088.2,412.5,459.0,622.0,1.0,1.8,73.33333333333333,99.0,17.333333333333332
SV017,R,113,2,2,1,0,2,Response,,,,,,,,,,,,
SV017,R,114,3,2,0,1,2,Response,2582.45,2856.7,1059.8,1068.1,398.5,406.0,388.0,0.8333333333333334,1.1,73.33333333333333,97.0,16.0
SV017,R,115,2,0,0,1,2,Response,2903.4,2903.4,1130.7,1130.7,368.0,368.0,520.0,2.75,5.0,98.0,133.0,30.0
SV017,R,116,3,0,1,1,1,Response,,,,,,,,,,,,
SV017,R,117,3,0,1,1,1,Response,,,,,,,,3.4,3.4,122.0,122.0,40.0
SV017,R,118,3,0,1,0,2,Response,,,,,,,,,,,,
SV017,R,119,3,3,1,0,2,Response,,,,,,,,,,,,
SV017,R,120,2,3,0,1,2,Response,2894.1666666666665,2965.0,1104.7666666666667,1201.6,380.6666666666667,433.0,344.0,2.225,5.4,99.25,113.0,28.0
SV017,R,121,3,3,1,0,2,Response,1051.8,1051.8,1122.2,1122.2,509.0,509.0,612.0,0.7,0.8,77.5,79.0,14.0
SV017,R,122,2,2,0,1,2,Response,2889.2,2889.2,1170.8,1170.8,491.0,491.0,668.0,3.05,5.1,98.5,112.0,36.0
SV017,R,123,3,3,1,0,2,Response,,,,,,,,0.4,0.4,55.0,55.0,12.0
SV017,R,124,3,2,1,0,2,Response,934.9333333333334,1020.8,1206.0333333333333,1225.1,456.3333333333333,541.0,410.6666666666667,0.75,1.1,68.75,92.0,15.0
SV017,R,125,3,0,0,0,2,Response,1068.0,1068.0,1151.6,1151.6,539.0,539.0,624.0,2.75,4.7,97.5,121.0,32.0
SV017,R,126,2,3,0,0,2,Response,,,,,,,,1.5,1.5,104.0,104.0,20.0
SV017,R,127,3,3,0,1,2,Response,2606.7000000000003,2960.8,1100.65,1205.1,349.25,453.0,455.0,4.975,9.1,139.25,222.0,38.0
SV017,R,128,3,0,1,0,2,Response,,,,,,,,0.6,0.6,73.0,73.0,12.0
SV017,R,129,2,2,0,0,2,Response,,,,,,,,,,,,
SV017,R,130,3,2,1,0,2,Response,,,,,,,,,,,,
SV017,R,131,2,3,1,1,2,Response,,,,,,,,0.8,0.8,71.0,71.0,16.0
SV017,R,132,2,2,1,0,2,Response,819.9,819.9,1125.9,1125.9,378.0,378.0,812.0,1.4,1.4,107.0,107.0,20.0
SV017,R,133,3,3,0,0,2,Response,,,,,,,,1.5,1.5,108.0,108.0,20.0
SV017,R,134,2,3,0,0,2,Response,,,,,,,,4.7,4.7,127.0,127.0,44.0
SV017,R,135,3,3,0,0,3,Response,,,,,,,,0.6,0.6,70.0,70.0,12.0
SV017,R,136,3,2,0,0,2,Response,,,,,,,,0.8,0.8,69.0,69.0,16.0
SV017,R,137,3,0,0,0,2,Response,1009.7,1009.7,1062.3,1062.3,365.0,365.0,340.0,1.2,1.5,81.5,83.0,20.0
SV017,R,138,3,0,1,0,2,Response,1353.25,1550.1,1120.35,1143.4,515.5,525.0,572.0,0.7999999999999999,0.9,68.33333333333333,74.0,16.0
SV017,R,139,2,0,0,0,2,Response,1135.8666666666666,1248.9,1156.6333333333334,1225.4,522.3333333333334,535.0,240.0,1.05,1.9,75.75,110.0,18.0
SV017,R,140,3,2,1,0,2,Response,,,,,,,,,,,,
SV017,R,141,2,0,1,1,2,Response,,,,,,,,,,,,
SV017,R,142,2,3,0,0,1,Response,1026.3,1026.3,1294.4,1294.4,577.0,577.0,416.0,1.05,1.2,92.0,104.0,16.0
SV017,R,143,3,3,0,0,2,Response,1046.2,1046.2,1206.6,1206.6,587.0,587.0,588.0,1.75,1.8,97.0,97.0,24.0
SV017,R,144,3,0,0,1,2,Response,2868.05,2926.9,1146.7,1228.5,475.5,507.0,680.0,1.9333333333333333,3.1,341.3333333333333,835.0,72.0
SV017,R,145,2,3,0,1,2,Response,2926.0,2926.0,1111.4,1111.4,499.0,499.0,724.0,3.35,5.5,119.0,133.0,34.0
SV017,R,146,3,0,0,1,2,Response,2783.9666666666667,2893.4,1179.8999999999999,1187.2,487.3333333333333,501.0,273.3333333333333,0.975,1.9,74.0,103.0,17.0
SV017,R,147,2,3,1,0,2,Response,,,,,,,,1.1,1.1,93.0,93.0,16.0
SV017,R,148,3,3,1,0,2,Response,,,,,,,,1.1,1.1,74.0,74.0,20.0
SV017,R,149,3,3,1,1,2,Response,2615.95,2756.3,1145.95,1163.2,511.0,522.0,150.0,1.1333333333333333,1.7,79.0,93.0,18.666666666666668
SV017,R,150,2,2,0,1,2,Response,,,,,,,,0.8,0.8,67.0,67.0,16.0
SV017,R,151,2,0,1,1,2,Response,2919.8,2919.8,1214.7,1214.7,527.0,527.0,868.0,0.9,0.9,79.0,79.0,16.0
SV017,R,152,3,3,1,0,2,Response,855.0,855.0,1251.6,1251.6,441.0,441.0,444.0,0.95,1.4,85.0,105.0,16.0
SV017,R,153,2,3,0,0,2,Response,,,,,,,,1.4,1.4,98.0,98.0,20.0
SV017,R,154,3,2,1,1,2,Response,2787.1,2787.1,1168.9,1168.9,521.0,521.0,780.0,0.65,0.8,68.5,74.0,14.0
SV017,R,155,2,2,0,1,2,Response,,,,,,,,0.5,0.5,61.0,61.0,12.0
SV017,R,156,2,2,0,0,2,Response,,,,,,,,,,,,
SV017,R,157,3,0,0,0,2,Response,1042.6,1042.6,1147.6,1147.6,457.0,457.0,1376.0,0.5,0.5,58.0,59.0,12.0
SV017,R,158,2,3,0,0,2,Response,,,,,,,,1.5,1.5,91.0,91.0,24.0
SV017,R,159,3,0,0,1,2,Response,,,,,,,,1.1,1.1,80.0,80.0,20.0
SV017,R,160,3,3,1,0,2,Response,,,,,,,,,,,,
SV017,R,161,2,3,0,1,2,Response,,,,,,,,,,,,
SV017,R,162,3,2,1,0,2,Response,,,,,,,,,,,,
SV017,R,163,2,3,1,1,2,Response,,,,,,,,0.9,0.9,79.0,79.0,16.0
SV017,R,164,3,3,0,0,2,Response,,,,,,,,1.7,1.7,118.0,118.0,20.0
SV017,R,165,3,0,1,0,2,Response,,,,,,,,0.5,0.5,68.0,68.0,12.0
SV017,R,166,2,0,1,0,2,Response,,,,,,,,0.7,0.7,57.0,57.0,16.0
SV017,R,167,2,0,0,1,2,Response,,,,,,,,,,,,
SV017,R,168,3,0,1,0,2,Response,,,,,,,,,,,,
SV017,R,169,3,0,0,0,2,Response,,,,,,,,1.3,1.3,93.0,93.0,20.0
SV017,R,170,2,0,1,0,2,Response,,,,,,,,,,,,
SV017,R,171,2,3,1,0,2,Response,1051.4,1051.4,1200.6,1200.6,533.0,533.0,828.0,1.0,1.0,83.0,83.0,16.0
SV017,R,172,3,2,1,1,1,Response,,,,,,,,,,,,
SV017,R,173,3,3,0,1,2,Response,2886.5,2886.5,1192.3,1192.3,381.0,381.0,276.0,0.75,0.8,67.5,71.0,16.0
SV017,R,174,2,0,0,0,2,Response,,,,,,,,1.7,1.7,95.0,95.0,24.0
SV017,R,175,3,2,1,0,2,Response,,,,,,,,,,,,
SV017,R,176,2,0,1,0,2,Response,,,,,,,,0.5,0.5,68.0,68.0,12.0
SV017,R,177,2,2,1,1,2,Response,2345.8,2345.8,1090.2,1090.2,449.0,449.0,104.0,0.9500000000000001,1.1,70.0,73.0,18.0
SV017,R,178,2,0,0,0,2,Response,,,,,,,,1.0,1.0,66.0,66.0,20.0
SV017,R,179,3,3,1,1,1,Response,,,,,,,,,,,,
SV017,R,180,3,3,0,1,2,Response,2872.2,2872.2,1195.2,1195.2,477.0,477.0,760.0,1.8,1.8,128.0,128.0,20.0
SV017,R,181,2,0,1,1,1,Response,2737.6,2737.6,1133.8,1133.8,532.0,532.0,220.0,1.25,2.0,87.0,115.0,18.0
SV017,R,182,2,0,1,0,2,Response,,,,,,,,1.2,1.2,81.0,81.0,20.0
SV017,R,183,2,2,1,1,2,Response,,,,,,,,1.7,1.7,94.0,94.0,24.0
SV017,R,184,2,0,0,0,2,Response,,,,,,,,1.5,1.5,106.0,106.0,20.0
SV017,R,185,2,0,1,0,2,Response,,,,,,,,,,,,
SV017,R,186,2,3,0,1,2,Response,2895.9,2895.9,1040.7,1040.7,495.0,495.0,736.0,1.15,1.5,88.0,106.0,18.0
SV017,R,187,2,0,1,0,2,Response,,,,,,,,,,,,
SV017,R,188,3,3,0,0,2,Response,795.5666666666666,924.2,1107.5666666666666,1116.3,433.0,452.0,317.3333333333333,0.6,0.8,66.33333333333333,67.0,13.333333333333334
SV017,R,189,3,0,0,0,2,Response,300.4,300.4,1076.2,1076.2,371.0,371.0,676.0,4.7,4.7,185.0,185.0,36.0
SV017,R,190,3,0,0,1,1,Response,2819.1,2819.1,1030.2,1030.2,233.0,233.0,964.0,4.45,8.0,149.5,216.0,34.0
SV017,R,191,2,0,1,0,2,Response,965.9666666666667,1040.4,1214.3666666666668,1223.9,374.6666666666667,376.0,860.0,1.7666666666666666,2.8,99.66666666666667,106.0,22.666666666666668
SV017,R,192,2,0,0,0,2,Response,941.5999999999999,995.9,1037.1,1038.4,480.5,485.0,366.0,1.5999999999999999,2.5,91.33333333333333,104.0,25.333333333333332
SV017,R,193,3,0,0,1,2,Response,2819.45,2884.0,1131.65,1159.7,434.5,437.0,248.0,1.8,3.3,87.33333333333333,102.0,26.666666666666668
SV017,R,194,2,0,0,1,2,Response,2856.8,2856.8,1183.3,1183.3,436.0,436.0,796.0,1.15,1.5,77.0,82.0,20.0
SV017,R,195,2,2,1,1,1,Response,2540.15,2782.5,1122.35,1124.7,453.5,463.0,202.0,1.3666666666666665,1.9,89.33333333333333,106.0,20.0
SV017,R,196,3,3,1,1,1,Response,,,,,,,,,,,,
SV017,R,197,3,3,1,1,1,Response,,,,,,,,0.4,0.4,51.0,51.0,12.0
SV017,R,198,2,3,0,1,2,Response,2727.35,2820.5,1170.65,1192.6,410.0,415.0,330.0,0.9666666666666667,1.7,74.33333333333333,97.0,17.333333333333332
SV017,R,199,3,2,0,1,2,Response,2902.5,2951.2,1095.0500000000002,1124.2,471.5,505.0,488.0,1.2,1.6,94.0,106.0,17.333333333333332
SV017,R,200,2,0,1,1,2,Response,2873.3,2903.7,1184.15,1186.6,382.5,433.0,802.0,3.033333333333333,7.9,100.33333333333333,180.0,28.0
SV017,R,201,2,2,1,0,2,Response,928.0333333333333,1041.2,1211.9666666666665,1234.6,454.3333333333333,507.0,362.6666666666667,1.8,3.9,102.33333333333333,180.0,21.333333333333332
SV017,R,202,2,0,1,0,2,Response,,,,,,,,0.9,0.9,75.0,75.0,16.0
SV017,R,203,3,2,1,1,2,Response,2671.6,2671.6,1177.3,1177.3,535.0,535.0,668.0,1.2,1.9,80.5,104.0,18.0
SV017,R,204,2,0,0,1,2,Response,,,,,,,,1.8,1.8,124.0,124.0,20.0
SV017,R,205,2,2,0,0,2,Response,1019.5,1019.5,1363.5,1363.5,505.0,505.0,468.0,0.65,0.8,61.0,66.0,14.0
SV017,R,206,2,2,1,1,1,Response,,,,,,,,,,,,
SV017,R,207,2,0,1,1,1,Response,,,,,,,,,,,,
SV017,R,208,2,0,0,0,2,Response,,,,,,,,2.0,2.0,112.0,112.0,24.0
SV017,R,209,3,2,0,0,2,Response,,,,,,,,0.4,0.4,55.0,55.0,12.0
SV017,R,210,3,0,1,0,3,Response,,,,,,,,0.5,0.5,58.0,58.0,12.0
SV017,R,211,2,2,0,1,2,Response,2912.0,2912.0,1078.5,1078.5,319.0,319.0,1672.0,0.4,0.4,53.0,53.0,12.0
SV017,R,212,2,0,1,1,1,Response,2576.75,2747.2,1137.4,1158.0,450.0,456.0,138.0,0.95,1.4,81.5,103.0,16.0
SV017,R,213,2,3,0,0,2,Response,994.1333333333333,1038.8,1181.1666666666667,1252.6,439.0,503.0,433.3333333333333,0.9,1.6,73.0,109.0,16.0
SV017,R,214,2,2,1,1,2,Response,,,,,,,,0.8,0.8,73.0,73.0,16.0
SV017,R,215,3,2,0,0,2,Response,895.0,1251.0,1098.6000000000001,1195.6,506.3333333333333,518.0,202.66666666666666,2.85,6.2,122.75,222.0,30.0
SV017,R,216,3,0,1,1,2,Response,2886.0142857142855,3270.0,1570.9857142857143,2771.2,366.14285714285717,504.0,537.1428571428571,4.971428571428572,17.7,166.0,438.0,202.85714285714286
SV017,R,217,3,2,1,0,2,Response,,,,,,,,,,,,
SV017,R,218,3,3,1,1,2,Response,,,,,,,,,,,,
SV017,R,219,2,3,1,0,2,Response,,,,,,,,,,,,
SV017,R,220,2,3,0,0,2,Response,964.1,1022.9,1117.1666666666667,1216.2,524.0,540.0,561.3333333333334,2.025,5.5,104.5,183.0,24.0
SV017,R,221,2,3,1,1,2,Response,2717.55,2769.9,1146.95,1155.7,573.5,578.0,264.0,2.3333333333333335,5.4,94.66666666666667,141.0,26.666666666666668
SV017,R,222,3,3,0,0,2,Response,838.3,842.5,1116.5,1174.2,574.0,575.0,232.0,1.2333333333333334,1.8,94.0,128.0,18.666666666666668
SV017,R,223,3,2,0,0,2,Response,995.7999999999998,1075.0,1172.2,1234.0,554.3333333333334,621.0,512.0,1.4333333333333333,1.9,99.33333333333333,111.0,20.0
SV017,R,224,2,0,0,1,2,Response,2753.7,2753.7,1079.8,1079.8,534.0,534.0,104.0,1.8,2.6,108.0,131.0,22.0
SV017,R,225,2,3,1,0,2,Response,1038.2,1038.2,1120.0,1120.0,600.0,600.0,736.0,0.5,0.5,60.5,65.0,12.0
SV017,R,226,3,2,1,1,2,Response,,,,,,,,0.8,0.8,66.0,66.0,16.0
SV017,R,227,3,2,1,1,1,Response,,,,,,,,,,,,
SV017,R,228,3,0,1,1,1,Response,,,,,,,,,,,,
SV017,R,229,2,2,1,0,2,Response,,,,,,,,,,,,
SV017,R,230,3,3,1,1,2,Response,2638.3,2684.1,1135.05,1149.0,475.5,550.0,1104.0,0.7000000000000001,0.9,371.0,990.0,81.33333333333333
SV017,R,231,2,2,1,1,1,Response,,,,,,,,,,,,
SV017,R,232,3,2,1,0,2,Response,,,,,,,,0.5,0.5,65.0,65.0,12.0
SV017,R,233,3,0,0,0,2,Response,,,,,,,,1.3,1.3,93.0,93.0,20.0
SV017,R,234,2,3,0,1,2,Response,,,,,,,,1.8,1.8,126.0,126.0,20.0
SV017,R,235,3,2,0,0,2,Response,976.7,976.7,1047.7,1047.7,443.0,443.0,376.0,1.3,1.3,92.5,93.0,20.0
SV017,R,236,2,3,1,1,2,Response,,,,,,,,1.6,1.6,92.0,92.0,24.0
SV017,R,237,3,2,1,1,1,Response,2640.0,2640.0,1160.8,1160.8,528.0,528.0,160.0,1.2,1.2,82.0,82.0,20.0
SV017,R,238,2,2,0,0,2,Response,201.0,201.0,991.2,991.2,486.0,486.0,268.0,3.45,5.5,132.0,168.0,36.0
SV017,R,239,3,3,1,1,1,Response,2785.0,2785.0,1149.8,1149.8,509.0,509.0,640.0,0.5,0.5,66.0,66.0,12.0
SV017,R,240,2,0,1,1,1,Response,2612.8,2612.8,1119.2,1119.2,481.0,481.0,588.0,0.8,1.2,66.0,81.0,16.0
SV017,R,241,3,3,1,0,3,Response,,,,,,,,0.4,0.4,51.0,51.0,12.0
SV017,R,242,3,0,1,0,0,Response,,,,,,,,,,,,
SV017,R,243,3,3,0,0,3,Response,,,,,,,,,,,,
SV017,R,244,3,2,1,0,2,Response,,,,,,,,,,,,
SV017,R,245,2,2,1,0,2,Response,,,,,,,,,,,,
SV017,R,246,3,2,1,1,2,Response,,,,,,,,,,,,
SV017,R,247,2,2,0,1,2,Response,,,,,,,,,,,,
SV017,R,248,3,2,0,1,2,Response,,,,,,,,,,,,
SV017,R,249,3,0,0,1,0,Response,,,,,,,,,,,,
SV017,R,250,2,2,0,0,2,Response,,,,,,,,,,,,
SV017,R,251,2,0,1,1,0,Response,,,,,,,,,,,,
SV017,R,252,3,0,0,0,0,Response,,,,,,,,,,,,
SV017,R,253,2,2,1,1,2,Response,,,,,,,,,,,,
SV017,R,254,3,3,0,0,3,Response,,,,,,,,,,,,
SV017,R,255,3,3,1,1,3,Response,,,,,,,,,,,,
SV017,R,256,3,0,1,0,0,Response,,,,,,,,,,,,
SV017,R,257,2,3,1,0,3,Response,,,,,,,,,,,,
SV017,R,258,2,0,1,1,0,Response,,,,,,,,,,,,
SV017,R,259,2,0,1,1,0,Response,,,,,,,,,,,,
SV017,R,260,2,2,0,0,2,Response,,,,,,,,,,,,
SV017,R,261,3,0,0,0,0,Response,,,,,,,,,,,,
SV017,R,262,3,2,1,1,2,Response,,,,,,,,,,,,
SV017,R,263,3,0,1,0,0,Response,,,,,,,,,,,,
SV017,R,264,2,2,1,0,2,Response,,,,,,,,,,,,
SV017,R,265,3,3,1,0,3,Response,,,,,,,,,,,,
SV017,R,266,3,0,0,1,0,Response,,,,,,,,,,,,
SV017,R,267,2,2,0,1,2,Response,,,,,,,,,,,,
SV017,R,268,3,3,1,1,3,Response,,,,,,,,,,,,
SV017,R,269,3,3,0,1,3,Response,,,,,,,,,,,,
SV017,R,270,3,2,0,1,2,Response,,,,,,,,,,,,
SV017,R,271,3,0,0,1,0,Response,,,,,,,,,,,,
SV017,R,272,2,2,1,0,2,Response,,,,,,,,,,,,
SV017,R,273,2,3,1,0,3,Response,,,,,,,,1.0,1.0,86.0,86.0,16.0
SV017,R,274,3,2,0,1,2,Response,,,,,,,,,,,,
SV017,R,275,2,3,1,0,3,Response,,,,,,,,,,,,
SV017,R,276,3,0,1,1,0,Response,,,,,,,,,,,,
SV017,R,277,3,3,0,0,3,Response,,,,,,,,,,,,
SV017,R,278,3,2,1,0,2,Response,,,,,,,,,,,,
SV017,R,279,3,2,1,0,2,Response,,,,,,,,,,,,
SV017,R,280,2,0,1,0,0,Response,,,,,,,,,,,,
SV017,R,281,2,0,1,1,0,Response,,,,,,,,,,,,
SV017,R,282,2,0,0,1,0,Response,,,,,,,,,,,,
SV017,R,283,2,3,1,0,3,Response,,,,,,,,,,,,
SV017,R,284,2,0,0,1,0,Response,,,,,,,,,,,,
SV017,R,285,3,2,1,1,2,Response,,,,,,,,,,,,
SV017,R,286,3,0,0,1,0,Response,,,,,,,,,,,,
SV017,R,287,2,0,0,1,0,Response,,,,,,,,,,,,
SV017,R,288,2,3,0,1,3,Response,,,,,,,,,,,,
SV017,R,289,2,0,1,0,0,Response,,,,,,,,,,,,
SV017,R,290,2,2,1,1,2,Response,,,,,,,,,,,,
SV017,R,291,2,0,0,1,0,Response,,,,,,,,,,,,
SV017,R,292,2,3,0,0,3,Response,,,,,,,,,,,,
SV017,R,293,3,0,1,0,0,Response,,,,,,,,,,,,
SV017,R,294,3,0,0,1,0,Response,,,,,,,,,,,,
SV017,R,295,3,0,1,1,0,Response,,,,,,,,,,,,
SV017,R,296,3,2,0,0,2,Response,,,,,,,,,,,,
SV017,R,297,2,2,0,0,2,Response,,,,,,,,,,,,
SV017,R,298,2,3,0,1,3,Response,,,,,,,,,,,,
SV017,R,299,3,2,0,0,2,Response,,,,,,,,,,,,
SV017,R,300,2,0,0,1,0,Response,,,,,,,,,,,,
SV017,R,301,3,2,1,0,2,Response,,,,,,,,,,,,
SV017,R,302,2,0,1,0,0,Response,,,,,,,,,,,,
SV017,R,303,2,0,0,1,0,Response,,,,,,,,,,,,
SV017,R,304,3,2,0,1,2,Response,,,,,,,,,,,,
SV017,R,305,3,3,0,1,3,Response,,,,,,,,,,,,
SV017,R,306,3,3,0,0,3,Response,,,,,,,,,,,,
SV017,R,307,3,3,1,0,3,Response,,,,,,,,,,,,
SV017,R,308,2,3,1,1,3,Response,,,,,,,,,,,,
SV017,R,309,3,2,0,0,2,Response,,,,,,,,,,,,
SV017,R,310,3,3,1,0,3,Response,,,,,,,,,,,,
SV017,R,311,3,0,0,1,0,Response,,,,,,,,,,,,
SV017,R,312,2,3,0,0,3,Response,,,,,,,,,,,,
SV017,R,313,2,3,1,1,3,Response,,,,,,,,,,,,
SV017,R,314,2,0,1,1,0,Response,,,,,,,,,,,,
SV017,R,315,3,3,0,1,3,Response,,,,,,,,,,,,
SV017,R,316,2,2,0,1,2,Response,,,,,,,,,,,,
SV017,R,317,3,3,1,0,3,Response,,,,,,,,,,,,
SV017,R,318,3,0,0,1,0,Response,,,,,,,,,,,,
SV017,R,319,2,2,1,1,2,Response,,,,,,,,,,,,
SV017,R,320,2,0,0,0,0,Response,,,,,,,,,,,,
SV017,R,321,3,0,0,0,0,Response,,,,,,,,,,,,
SV017,R,322,3,0,1,0,0,Response,,,,,,,,,,,,
SV017,R,323,2,2,1,0,2,Response,,,,,,,,,,,,
SV017,R,324,2,2,0,1,2,Response,,,,,,,,,,,,
SV017,R,325,3,2,0,1,2,Response,,,,,,,,,,,,
SV017,R,326,2,2,1,0,2,Response,,,,,,,,,,,,
SV017,R,327,2,0,0,1,0,Response,,,,,,,,,,,,
SV017,R,328,3,2,1,1,2,Response,,,,,,,,,,,,
SV017,R,329,3,3,0,0,3,Response,,,,,,,,,,,,
SV017,R,330,2,0,0,1,0,Response,,,,,,,,,,,,
SV017,R,331,3,0,1,1,0,Response,,,,,,,,,,,,
SV017,R,332,3,2,1,0,2,Response,,,,,,,,,,,,
SV017,R,333,2,3,1,1,3,Response,,,,,,,,,,,,
SV017,R,334,3,2,0,1,2,Response,,,,,,,,,,,,
SV017,R,335,3,0,1,1,0,Response,,,,,,,,,,,,
SV017,R,336,2,3,1,1,3,Response,,,,,,,,,,,,
SV017,R,337,3,2,1,0,2,Response,,,,,,,,,,,,
SV017,R,338,2,0,1,0,0,Response,,,,,,,,,,,,
SV017,R,339,2,2,1,1,2,Response,,,,,,,,,,,,
SV017,R,340,2,3,1,0,3,Response,,,,,,,,,,,,
SV017,R,341,3,0,0,0,0,Response,,,,,,,,,,,,
SV017,R,342,2,2,1,1,2,Response,,,,,,,,,,,,
SV017,R,343,3,2,0,0,2,Response,,,,,,,,,,,,
SV017,R,344,3,2,0,0,2,Response,,,,,,,,,,,,
SV017,R,345,3,2,1,1,2,Response,,,,,,,,,,,,
SV017,R,346,2,3,0,1,3,Response,,,,,,,,,,,,
SV017,R,347,3,2,0,0,2,Response,,,,,,,,,,,,
SV017,R,348,3,2,1,0,2,Response,,,,,,,,,,,,
SV017,R,349,2,3,1,1,3,Response,,,,,,,,,,,,
SV017,R,350,2,3,0,0,3,Response,,,,,,,,,,,,
SV017,R,351,2,0,1,1,0,Response,,,,,,,,,,,,
SV017,R,352,3,3,1,0,3,Response,,,,,,,,,,,,
SV017,R,353,3,3,1,0,3,Response,,,,,,,,,,,,
SV017,R,354,3,3,1,1,3,Response,,,,,,,,,,,,
SV017,R,355,2,0,0,0,0,Response,,,,,,,,,,,,
SV017,R,356,3,3,0,0,3,Response,,,,,,,,,,,,
SV017,R,357,2,2,0,0,2,Response,,,,,,,,,,,,
SV017,R,358,2,3,1,1,3,Response,,,,,,,,,,,,
SV017,R,359,2,3,0,0,3,Response,,,,,,,,,,,,
SV017,R,360,3,0,1,1,0,Response,,,,,,,,,,,,
SV017,R,361,2,2,0,0,2,Response,,,,,,,,,,,,
SV017,R,362,3,0,1,1,0,Response,,,,,,,,,,,,
SV017,R,363,2,3,1,1,3,Response,,,,,,,,,,,,
SV017,R,364,2,3,0,1,3,Response,,,,,,,,,,,,
SV017,R,365,2,3,0,1,3,Response,,,,,,,,,,,,
SV017,R,366,3,3,0,0,3,Response,,,,,,,,,,,,
SV017,R,367,2,0,1,0,0,Response,,,,,,,,,,,,
SV017,R,368,3,2,1,1,2,Response,,,,,,,,,,,,
SV017,R,369,3,3,1,1,3,Response,,,,,,,,,,,,
SV017,R,370,3,2,0,1,2,Response,,,,,,,,,,,,
SV017,R,371,3,2,0,0,2,Response,,,,,,,,,,,,
SV017,R,372,2,0,1,0,0,Response,,,,,,,,,,,,
SV017,R,373,3,0,0,0,0,Response,,,,,,,,,,,,
SV017,R,374,2,0,1,0,0,Response,,,,,,,,,,,,
SV017,R,375,2,3,0,1,3,Response,,,,,,,,,,,,
SV017,R,376,3,0,0,0,0,Response,,,,,,,,,,,,
SV017,R,377,2,3,1,0,3,Response,,,,,,,,,,,,
SV017,R,378,3,3,1,0,3,Response,,,,,,,,,,,,
SV017,R,379,2,3,0,1,3,Response,,,,,,,,,,,,
SV017,R,380,2,0,0,0,0,Response,,,,,,,,,,,,
SV017,R,381,2,2,1,1,2,Response,,,,,,,,,,,,
SV017,R,382,3,0,1,0,0,Response,,,,,,,,,,,,
SV017,R,383,2,0,1,0,0,Response,,,,,,,,,,,,
SV017,R,384,3,0,1,1,0,Response,,,,,,,,,,,,
SV017,R,385,3,2,1,0,2,Response,,,,,,,,,,,,
SV017,R,386,2,0,0,0,0,Response,,,,,,,,,,,,
SV017,R,387,3,3,0,1,3,Response,,,,,,,,,,,,
SV017,R,388,3,0,0,1,0,Response,,,,,,,,,,,,
SV017,R,389,2,2,1,0,2,Response,,,,,,,,,,,,
SV017,R,390,3,3,0,0,3,Response,,,,,,,,,,,,
SV017,R,391,2,2,0,0,2,Response,,,,,,,,,,,,
SV017,R,392,2,3,1,1,3,Response,,,,,,,,,,,,
SV017,R,393,3,3,1,0,3,Response,,,,,,,,,,,,
SV017,R,394,3,3,0,0,3,Response,,,,,,,,,,,,
SV017,R,395,3,2,0,0,2,Response,,,,,,,,,,,,
SV017,R,396,2,3,0,0,3,Response,,,,,,,,,,,,
SV017,R,397,3,0,1,0,0,Response,,,,,,,,,,,,
SV017,R,398,2,3,0,0,3,Response,,,,,,,,,,,,
SV017,R,399,2,2,0,0,2,Response,,,,,,,,,,,,
SV017,R,400,3,2,0,0,2,Response,,,,,,,,,,,,
SV017,R,401,2,2,1,0,2,Response,,,,,,,,,,,,
SV017,R,402,3,3,1,1,3,Response,,,,,,,,,,,,
SV017,R,403,2,0,0,1,0,Response,,,,,,,,,,,,
SV017,R,404,2,3,1,0,3,Response,,,,,,,,,,,,
SV017,R,405,3,0,1,0,0,Response,,,,,,,,,,,,
SV017,R,406,2,3,1,1,3,Response,,,,,,,,,,,,
SV017,R,407,3,3,0,1,3,Response,,,,,,,,,,,,
SV017,R,408,2,3,0,0,3,Response,,,,,,,,,,,,
SV017,R,409,2,3,0,1,3,Response,,,,,,,,,,,,
SV017,R,410,3,3,1,1,3,Response,,,,,,,,,,,,
SV017,R,411,2,0,1,1,0,Response,,,,,,,,,,,,
SV017,R,412,3,3,1,1,3,Response,,,,,,,,,,,,
SV017,R,413,3,2,1,0,2,Response,,,,,,,,,,,,
SV017,R,414,2,3,0,0,3,Response,,,,,,,,,,,,
SV017,R,415,3,3,0,1,3,Response,,,,,,,,,,,,
SV017,R,416,3,0,1,1,0,Response,,,,,,,,,,,,
SV017,R,417,3,0,1,1,0,Response,,,,,,,,,,,,
SV017,R,418,2,3,1,0,3,Response,,,,,,,,,,,,
SV017,R,419,3,0,1,1,0,Response,,,,,,,,,,,,
SV017,R,420,3,0,0,0,0,Response,,,,,,,,,,,,
SV017,R,421,2,3,1,0,3,Response,,,,,,,,,,,,
SV017,R,422,2,2,0,1,2,Response,,,,,,,,,,,,
SV017,R,423,3,0,0,0,0,Response,,,,,,,,,,,,
SV017,R,424,2,0,1,1,0,Response,,,,,,,,,,,,
SV017,R,425,2,0,0,0,0,Response,,,,,,,,,,,,
SV017,R,426,3,3,1,0,3,Response,,,,,,,,,,,,
SV017,R,427,3,2,0,1,2,Response,,,,,,,,,,,,
SV017,R,428,2,3,1,0,3,Response,,,,,,,,,,,,
SV017,R,429,2,2,0,1,2,Response,,,,,,,,,,,,
SV017,R,430,2,3,0,1,3,Response,,,,,,,,,,,,
SV017,R,431,3,0,0,0,0,Response,,,,,,,,,,,,
SV017,R,432,3,2,1,1,2,Response,,,,,,,,,,,,
SV017,R,433,2,0,1,0,0,Response,,,,,,,,,,,,
SV017,R,434,3,3,0,1,3,Response,,,,,,,,,,,,
SV017,R,435,3,2,0,1,2,Response,,,,,,,,,,,,
SV017,R,436,3,0,0,0,0,Response,,,,,,,,,,,,
SV017,R,437,2,3,0,0,3,Response,,,,,,,,,,,,
SV017,R,438,2,2,1,1,2,Response,,,,,,,,,,,,
SV017,R,439,3,3,0,1,3,Response,,,,,,,,,,,,
SV017,R,440,2,2,0,0,2,Response,,,,,,,,,,,,
SV017,R,441,2,0,0,0,0,Response,,,,,,,,,,,,
SV017,R,442,3,3,0,1,3,Response,,,,,,,,,,,,
SV017,R,443,2,2,0,1,2,Response,,,,,,,,,,,,
SV017,R,444,2,2,1,0,2,Response,,,,,,,,,,,,
SV017,R,445,3,2,1,1,2,Response,,,,,,,,,,,,
SV017,R,446,2,0,1,1,0,Response,,,,,,,,,,,,
SV017,R,447,2,0,0,0,0,Response,,,,,,,,,,,,
SV017,R,448,2,2,1,1,2,Response,,,,,,,,,,,,
SV017,R,449,3,2,0,0,2,Response,,,,,,,,,,,,
SV017,R,450,3,3,1,1,3,Response,,,,,,,,,,,,
SV017,R,451,3,3,0,0,3,Response,,,,,,,,,,,,
SV017,R,452,2,0,0,1,0,Response,,,,,,,,,,,,
SV017,R,453,2,2,0,1,2,Response,,,,,,,,,,,,
SV017,R,454,2,0,0,0,0,Response,,,,,,,,,,,,
SV017,R,455,2,0,1,1,0,Response,,,,,,,,,,,,
SV017,R,456,3,2,1,0,2,Response,,,,,,,,,,,,
SV017,R,457,3,2,1,1,2,Response,,,,,,,,,,,,
SV017,R,458,2,2,0,1,2,Response,,,,,,,,,,,,
SV017,R,459,2,0,0,0,0,Response,,,,,,,,,,,,
SV017,R,460,2,2,0,1,2,Response,,,,,,,,,,,,
SV017,R,461,3,0,0,1,0,Response,,,,,,,,,,,,
SV017,R,462,3,0,1,0,0,Response,,,,,,,,,,,,
SV017,R,463,2,2,1,0,2,Response,,,,,,,,,,,,
SV017,R,464,3,3,1,1,3,Response,,,,,,,,,,,,
SV017,R,465,3,0,0,1,0,Response,,,,,,,,,,,,
SV017,R,466,2,2,1,1,2,Response,,,,,,,,,,,,
SV017,R,467,2,3,0,1,3,Response,,,,,,,,,,,,
SV017,R,468,3,2,1,1,2,Response,,,,,,,,,,,,
SV017,R,469,2,2,0,0,2,Response,,,,,,,,,,,,
SV017,R,470,3,3,0,1,3,Response,,,,,,,,,,,,
SV017,R,471,2,3,1,1,3,Response,,,,,,,,,,,,
SV017,R,472,3,2,0,1,2,Response,,,,,,,,,,,,
SV017,R,473,2,0,0,0,0,Response,,,,,,,,,,,,
SV017,R,474,2,2,1,1,2,Response,,,,,,,,,,,,
SV017,R,475,2,2,0,0,2,Response,,,,,,,,,,,,
SV017,R,476,3,3,1,1,3,Response,,,,,,,,,,,,
SV017,R,477,2,3,0,0,3,Response,,,,,,,,,,,,
SV017,R,478,3,0,1,0,0,Response,,,,,,,,,,,,
SV017,R,479,2,2,1,0,2,Response,,,,,,,,,,,,
SV017,R,480,2,0,1,0,0,Response,,,,,,,,,,,,
SV017,L,1,3,3,0,1,2,Stimulus,,,,,,,,,,,,
SV017,L,2,2,0,0,1,2,Stimulus,,,,,,,,,,,,
SV017,L,3,2,0,0,0,2,Stimulus,,,,,,,,,,,,
SV017,L,4,3,0,1,0,3,Stimulus,,,,,,,,,,,,
SV017,L,5,2,3,0,1,2,Stimulus,,,,,,,,,,,,
SV017,L,6,2,0,0,1,1,Stimulus,,,,,,,,,,,,
SV017,L,7,3,2,0,0,2,Stimulus,,,,,,,,,,,,
SV017,L,8,3,2,1,1,2,Stimulus,,,,,,,,,,,,
SV017,L,9,2,0,0,0,2,Stimulus,,,,,,,,,,,,
SV017,L,10,2,2,0,1,2,Stimulus,,,,,,,,,,,,
SV017,L,11,2,0,1,1,2,Stimulus,,,,,,,,,,,,
SV017,L,12,3,0,1,1,2,Stimulus,,,,,,,,,,,,
SV017,L,13,3,0,0,0,2,Stimulus,,,,,,,,,,,,
SV017,L,14,2,0,1,0,2,Stimulus,,,,,,,,,,,,
SV017,L,15,2,2,1,1,2,Stimulus,,,,,,,,,,,,
SV017,L,16,3,0,0,0,2,Stimulus,,,,,,,,,,,,
SV017,L,17,2,2,1,1,2,Stimulus,,,,,,,,,,,,
SV017,L,18,2,0,1,0,2,Stimulus,,,,,,,,,,,,
SV017,L,19,3,3,0,0,2,Stimulus,,,,,,,,,,,,
SV017,L,20,3,2,0,1,2,Stimulus,,,,,,,,,,,,
SV017,L,21,3,3,1,1,2,Stimulus,,,,,,,,,,,,
SV017,L,22,2,0,0,0,2,Stimulus,,,,,,,,,,,,
SV017,L,23,2,2,0,1,2,Stimulus,,,,,,,,,,,,
SV017,L,24,2,0,0,0,2,Stimulus,,,,,,,,,,,,
SV017,L,25,2,0,1,0,2,Stimulus,,,,,,,,,,,,
SV017,L,26,2,3,1,1,2,Stimulus,,,,,,,,,,,,
SV017,L,27,2,0,1,0,2,Stimulus,,,,,,,,,,,,
SV017,L,28,3,0,1,0,2,Stimulus,,,,,,,,,,,,
SV017,L,29,2,0,0,0,2,Stimulus,,,,,,,,,,,,
SV017,L,30,3,0,1,0,2,Stimulus,,,,,,,,,,,,
SV017,L,31,3,3,1,0,2,Stimulus,,,,,,,,,,,,
SV017,L,32,3,2,1,0,2,Stimulus,,,,,,,,,,,,
SV017,L,33,2,0,0,1,2,Stimulus,,,,,,,,,,,,
SV017,L,34,2,2,1,1,2,Stimulus,,,,,,,,,,,,
SV017,L,35,2,0,1,1,2,Stimulus,,,,,,,,,,,,
SV017,L,36,3,2,1,0,2,Stimulus,,,,,,,,,,,,
SV017,L,37,3,3,0,1,1,Stimulus,,,,,,,,,,,,
SV017,L,38,2,2,1,0,2,Stimulus,,,,,,,,,,,,
SV017,L,39,2,0,0,1,1,Stimulus,,,,,,,,,,,,
SV017,L,40,3,2,0,1,2,Stimulus,,,,,,,,,,,,
SV017,L,41,2,0,1,0,2,Stimulus,,,,,,,,,,,,
SV017,L,42,3,0,0,0,2,Stimulus,,,,,,,,,,,,
SV017,L,43,3,2,1,0,2,Stimulus,,,,,,,,,,,,
SV017,L,44,2,3,0,1,1,Stimulus,,,,,,,,,,,,
SV017,L,45,3,2,0,1,1,Stimulus,,,,,,,,,,,,
SV017,L,46,3,0,0,0,2,Stimulus,,,,,,,,,,,,
SV017,L,47,3,0,0,1,1,Stimulus,,,,,,,,,,,,
SV017,L,48,3,3,0,1,1,Stimulus,,,,,,,,,,,,
SV017,L,49,3,2,0,1,1,Stimulus,,,,,,,,,,,,
SV017,L,50,3,3,0,1,2,Stimulus,,,,,,,,,,,,
SV017,L,51,2,3,1,0,2,Stimulus,,,,,,,,,,,,
SV017,L,52,2,0,0,1,1,Stimulus,,,,,,,,,,,,
SV017,L,53,2,0,0,1,1,Stimulus,,,,,,,,,,,,
SV017,L,54,2,0,1,0,2,Stimulus,,,,,,,,,,,,
SV017,L,55,3,0,1,1,2,Stimulus,,,,,,,,,,,,
SV017,L,56,3,3,0,0,2,Stimulus,,,,,,,,,,,,
SV017,L,57,2,3,1,1,2,Stimulus,,,,,,,,,,,,
SV017,L,58,2,2,0,0,1,Stimulus,,,,,,,,,,,,
SV017,L,59,3,2,0,1,2,Stimulus,,,,,,,,,,,,
SV017,L,60,3,2,1,1,2,Stimulus,,,,,,,,,,,,
SV017,L,61,3,3,1,1,2,Stimulus,,,,,,,,,,,,
SV017,L,62,2,0,0,1,2,Stimulus,,,,,,,,,,,,
SV017,L,63,3,0,1,0,2,Stimulus,,,,,,,,,,,,
SV017,L,64,3,0,1,0,2,Stimulus,,,,,,,,,,,,
SV017,L,65,2,2,1,0,2,Stimulus,,,,,,,,,,,,
SV017,L,66,3,0,0,1,1,Stimulus,,,,,,,,,,,,
SV017,L,67,2,3,0,1,2,Stimulus,,,,,,,,,,,,
SV017,L,68,3,3,0,0,2,Stimulus,,,,,,,,,,,,
SV017,L,69,3,2,0,1,2,Stimulus,,,,,,,,,,,,
SV017,L,70,2,3,0,0,2,Stimulus,,,,,,,,,,,,
SV017,L,71,3,2,1,0,2,Stimulus,,,,,,,,,,,,
SV017,L,72,2,0,1,0,2,Stimulus,,,,,,,,,,,,
SV017,L,73,3,3,0,0,2,Stimulus,,,,,,,,,,,,
SV017,L,74,2,2,0,1,2,Stimulus,,,,,,,,,,,,
SV017,L,75,3,3,0,0,2,Stimulus,,,,,,,,,,,,
SV017,L,76,2,3,1,0,2,Stimulus,,,,,,,,,,,,
SV017,L,77,2,0,0,0,2,Stimulus,,,,,,,,,,,,
SV017,L,78,3,3,1,0,2,Stimulus,,,,,,,,,,,,
SV017,L,79,2,0,1,1,2,Stimulus,,,,,,,,,,,,
SV017,L,80,2,3,1,0,2,Stimulus,,,,,,,,,,,,
SV017,L,81,2,0,1,1,2,Stimulus,,,,,,,,,,,,
SV017,L,82,3,2,1,1,2,Stimulus,,,,,,,,,,,,
SV017,L,83,3,0,1,1,2,Stimulus,,,,,,,,,,,,
SV017,L,84,3,3,0,1,1,Stimulus,,,,,,,,,,,,
SV017,L,85,2,0,1,1,0,Stimulus,,,,,,,,,,,,
SV017,L,86,2,3,1,1,2,Stimulus,,,,,,,,,,,,
SV017,L,87,3,0,1,1,2,Stimulus,,,,,,,,,,,,
SV017,L,88,3,3,1,1,2,Stimulus,,,,,,,,,,,,
SV017,L,89,2,3,0,1,2,Stimulus,,,,,,,,,,,,
SV017,L,90,2,0,0,0,2,Stimulus,,,,,,,,,,,,
SV017,L,91,2,3,1,1,2,Stimulus,,,,,,,,,,,,
SV017,L,92,2,3,1,1,2,Stimulus,,,,,,,,,,,,
SV017,L,93,3,2,1,0,2,Stimulus,,,,,,,,,,,,
SV017,L,94,3,0,0,0,2,Stimulus,,,,,,,,,,,,
SV017,L,95,3,2,1,1,2,Stimulus,,,,,,,,,,,,
SV017,L,96,2,3,0,0,2,Stimulus,,,,,,,,,,,,
SV017,L,97,2,0,1,0,2,Stimulus,,,,,,,,,,,,
SV017,L,98,3,3,1,0,2,Stimulus,,,,,,,,,,,,
SV017,L,99,3,3,1,1,2,Stimulus,,,,,,,,,,,,
SV017,L,100,2,3,1,0,2,Stimulus,,,,,,,,,,,,
SV017,L,101,2,3,1,0,2,Stimulus,,,,,,,,,,,,
SV017,L,102,3,2,1,1,2,Stimulus,,,,,,,,,,,,
SV017,L,103,2,0,1,0,2,Stimulus,,,,,,,,,,,,
SV017,L,104,3,2,0,0,2,Stimulus,,,,,,,,,,,,
SV017,L,105,3,0,1,0,2,Stimulus,,,,,,,,,,,,
SV017,L,106,2,0,1,1,2,Stimulus,,,,,,,,,,,,
SV017,L,107,2,2,0,1,1,Stimulus,,,,,,,,,,,,
SV017,L,108,2,2,1,1,2,Stimulus,,,,,,,,,,,,
SV017,L,109,2,2,1,1,1,Stimulus,,,,,,,,,,,,
SV017,L,110,3,2,0,1,1,Stimulus,,,,,,,,,,,,
SV017,L,111,2,2,0,0,2,Stimulus,,,,,,,,,,,,
SV017,L,112,2,3,1,0,2,Stimulus,,,,,,,,,,,,
SV017,L,113,3,2,1,0,2,Stimulus,,,,,,,,,,,,
SV017,L,114,2,3,1,0,2,Stimulus,,,,,,,,,,,,
SV017,L,115,2,0,0,0,2,Stimulus,,,,,,,,,,,,
SV017,L,116,3,0,1,0,2,Stimulus,,,,,,,,,,,,
SV017,L,117,3,3,1,1,1,Stimulus,,,,,,,,,,,,
SV017,L,118,2,2,0,0,2,Stimulus,,,,,,,,,,,,
SV017,L,119,3,3,0,1,1,Stimulus,,,,,,,,,,,,
SV017,L,120,3,2,0,0,2,Stimulus,,,,,,,,,,,,
SV017,L,121,2,2,1,0,2,Stimulus,,,,,,,,,,,,
SV017,L,122,2,2,1,0,2,Stimulus,,,,,,,,,,,,
SV017,L,123,3,2,0,0,2,Stimulus,,,,,,,,,,,,
SV017,L,124,2,3,1,0,2,Stimulus,,,,,,,,,,,,
SV017,L,125,3,0,1,1,2,Stimulus,,,,,,,,,,,,
SV017,L,126,2,2,0,0,2,Stimulus,,,,,,,,,,,,
SV017,L,127,3,3,0,1,2,Stimulus,,,,,,,,,,,,
SV017,L,128,3,3,1,1,1,Stimulus,,,,,,,,,,,,
SV017,L,129,2,3,1,1,2,Stimulus,,,,,,,,,,,,
SV017,L,130,3,2,1,0,2,Stimulus,,,,,,,,,,,,
SV017,L,131,3,0,1,1,2,Stimulus,,,,,,,,,,,,
SV017,L,132,2,0,0,0,2,Stimulus,,,,,,,,,,,,
SV017,L,133,2,2,0,1,1,Stimulus,,,,,,,,,,,,
SV017,L,134,2,2,1,0,2,Stimulus,,,,,,,,,,,,
SV017,L,135,2,2,0,0,2,Stimulus,,,,,,,,,,,,
SV017,L,136,3,2,0,1,1,Stimulus,,,,,,,,,,,,
SV017,L,137,2,3,0,1,1,Stimulus,,,,,,,,,,,,
SV017,L,138,3,2,1,1,1,Stimulus,,,,,,,,,,,,
SV017,L,139,3,3,0,1,1,Stimulus,,,,,,,,,,,,
SV017,L,140,3,3,1,1,2,Stimulus,,,,,,,,,,,,
SV017,L,141,3,2,1,1,2,Stimulus,,,,,,,,,,,,
SV017,L,142,3,0,0,1,1,Stimulus,,,,,,,,,,,,
SV017,L,143,2,3,0,0,2,Stimulus,,,,,,,,,,,,
SV017,L,144,3,2,1,1,1,Stimulus,,,,,,,,,,,,
SV017,L,145,2,2,0,1,0,Stimulus,,,,,,,,,,,,
SV017,L,146,2,3,0,0,2,Stimulus,,,,,,,,,,,,
SV017,L,147,3,3,0,0,2,Stimulus,,,,,,,,,,,,
SV017,L,148,2,0,1,1,2,Stimulus,,,,,,,,,,,,
SV017,L,149,3,2,0,1,1,Stimulus,,,,,,,,,,,,
SV017,L,150,2,3,0,1,1,Stimulus,,,,,,,,,,,,
SV017,L,151,3,0,1,0,2,Stimulus,,,,,,,,,,,,
SV017,L,152,2,3,0,1,1,Stimulus,,,,,,,,,,,,
SV017,L,153,3,2,1,0,2,Stimulus,,,,,,,,,,,,
SV017,L,154,2,2,1,1,1,Stimulus,,,,,,,,,,,,
SV017,L,155,3,0,0,0,2,Stimulus,,,,,,,,,,,,
SV017,L,156,3,0,0,0,2,Stimulus,,,,,,,,,,,,
SV017,L,157,2,3,0,0,2,Stimulus,,,,,,,,,,,,
SV017,L,158,3,3,1,0,2,Stimulus,,,,,,,,,,,,
SV017,L,159,3,0,0,1,1,Stimulus,,,,,,,,,,,,
SV017,L,160,2,3,1,1,2,Stimulus,,,,,,,,,,,,
SV017,L,161,2,0,0,1,2,Stimulus,,,,,,,,,,,,
SV017,L,162,3,3,0,1,1,Stimulus,,,,,,,,,,,,
SV017,L,163,2,2,1,0,2,Stimulus,,,,,,,,,,,,
SV017,L,164,2,3,1,1,1,Stimulus,,,,,,,,,,,,
SV017,L,165,3,0,0,0,2,Stimulus,,,,,,,,,,,,
SV017,L,166,2,3,1,1,2,Stimulus,,,,,,,,,,,,
SV017,L,167,2,3,0,0,2,Stimulus,,,,,,,,,,,,
SV017,L,168,2,2,1,0,2,Stimulus,,,,,,,,,,,,
SV017,L,169,3,0,1,1,2,Stimulus,,,,,,,,,,,,
SV017,L,170,3,2,1,0,2,Stimulus,,,,,,,,,,,,
SV017,L,171,2,2,1,0,2,Stimulus,,,,,,,,,,,,
SV017,L,172,2,2,1,1,1,Stimulus,,,,,,,,,,,,
SV017,L,173,3,3,1,1,2,Stimulus,,,,,,,,,,,,
SV017,L,174,2,0,1,1,2,Stimulus,,,,,,,,,,,,
SV017,L,175,3,2,0,0,2,Stimulus,,,,,,,,,,,,
SV017,L,176,2,0,1,1,1,Stimulus,,,,,,,,,,,,
SV017,L,177,2,0,0,0,2,Stimulus,,,,,,,,,,,,
SV017,L,178,2,2,1,1,2,Stimulus,,,,,,,,,,,,
SV017,L,179,3,0,1,0,2,Stimulus,,,,,,,,,,,,
SV017,L,180,3,0,1,0,2,Stimulus,,,,,,,,,,,,
SV017,L,181,2,2,0,1,2,Stimulus,,,,,,,,,,,,
SV017,L,182,3,3,1,0,2,Stimulus,,,,,,,,,,,,
SV017,L,183,2,3,0,0,2,Stimulus,,,,,,,,,,,,
SV017,L,184,3,3,1,0,2,Stimulus,,,,,,,,,,,,
SV017,L,185,2,3,0,1,1,Stimulus,,,,,,,,,,,,
SV017,L,186,2,2,0,1,1,Stimulus,,,,,,,,,,,,
SV017,L,187,3,0,0,1,1,Stimulus,,,,,,,,,,,,
SV017,L,188,3,2,0,0,2,Stimulus,,,,,,,,,,,,
SV017,L,189,3,2,0,0,2,Stimulus,,,,,,,,,,,,
SV017,L,190,2,0,0,1,1,Stimulus,,,,,,,,,,,,
SV017,L,191,3,3,0,1,1,Stimulus,,,,,,,,,,,,
SV017,L,192,3,3,1,0,1,Stimulus,,,,,,,,,,,,
SV017,L,193,2,0,0,1,1,Stimulus,,,,,,,,,,,,
SV017,L,194,3,0,1,1,1,Stimulus,,,,,,,,,,,,
SV017,L,195,2,2,0,1,1,Stimulus,,,,,,,,,,,,
SV017,L,196,2,3,1,0,2,Stimulus,,,,,,,,,,,,
SV017,L,197,3,0,0,1,1,Stimulus,,,,,,,,,,,,
SV017,L,198,3,0,1,1,0,Stimulus,,,,,,,,,,,,
SV017,L,199,2,2,0,1,1,Stimulus,,,,,,,,,,,,
SV017,L,200,2,3,1,1,1,Stimulus,,,,,,,,,,,,
SV017,L,201,2,2,0,0,2,Stimulus,,,,,,,,,,,,
SV017,L,202,3,2,0,0,2,Stimulus,,,,,,,,,,,,
SV017,L,203,2,2,0,0,2,Stimulus,,,,,,,,,,,,
SV017,L,204,3,0,0,1,2,Stimulus,,,,,,,,,,,,
SV017,L,205,2,3,0,1,1,Stimulus,,,,,,,,,,,,
SV017,L,206,2,2,0,0,2,Stimulus,,,,,,,,,,,,
SV017,L,207,3,0,0,1,1,Stimulus,,,,,,,,,,,,
SV017,L,208,3,3,1,1,1,Stimulus,,,,,,,,,,,,
SV017,L,209,3,0,0,0,2,Stimulus,,,,,,,,,,,,
SV017,L,210,3,3,1,0,2,Stimulus,,,,,,,,,,,,
SV017,L,211,3,0,0,1,3,Stimulus,,,,,,,,,,,,
SV017,L,212,3,0,0,1,1,Stimulus,,,,,,,,,,,,
SV017,L,213,3,3,1,1,1,Stimulus,,,,,,,,,,,,
SV017,L,214,3,0,0,0,2,Stimulus,,,,,,,,,,,,
SV017,L,215,2,2,1,0,2,Stimulus,,,,,,,,,,,,
SV017,L,216,3,3,0,0,2,Stimulus,,,,,,,,,,,,
SV017,L,217,3,3,1,0,2,Stimulus,,,,,,,,,,,,
SV017,L,218,3,2,1,1,1,Stimulus,,,,,,,,,,,,
SV017,L,219,2,3,0,0,2,Stimulus,,,,,,,,,,,,
SV017,L,220,3,0,1,1,1,Stimulus,,,,,,,,,,,,
SV017,L,221,3,2,0,0,2,Stimulus,,,,,,,,,,,,
SV017,L,222,3,2,0,0,2,Stimulus,,,,,,,,,,,,
SV017,L,223,2,3,0,0,2,Stimulus,,,,,,,,,,,,
SV017,L,224,3,3,0,0,2,Stimulus,,,,,,,,,,,,
SV017,L,225,2,2,0,0,2,Stimulus,,,,,,,,,,,,
SV017,L,226,2,3,0,1,2,Stimulus,,,,,,,,,,,,
SV017,L,227,2,3,1,0,2,Stimulus,,,,,,,,,,,,
SV017,L,228,3,3,0,0,2,Stimulus,,,,,,,,,,,,
SV017,L,229,2,3,0,0,2,Stimulus,,,,,,,,,,,,
SV017,L,230,2,0,1,0,2,Stimulus,,,,,,,,,,,,
SV017,L,231,2,2,0,0,2,Stimulus,,,,,,,,,,,,
SV017,L,232,3,2,0,1,1,Stimulus,,,,,,,,,,,,
SV017,L,233,3,2,1,0,2,Stimulus,,,,,,,,,,,,
SV017,L,234,3,3,0,0,2,Stimulus,,,,,,,,,,,,
SV017,L,235,2,2,1,0,2,Stimulus,,,,,,,,,,,,
SV017,L,236,2,0,1,1,1,Stimulus,,,,,,,,,,,,
SV017,L,237,2,2,1,1,1,Stimulus,,,,,,,,,,,,
SV017,L,238,3,2,1,1,1,Stimulus,,,,,,,,,,,,
SV017,L,239,3,3,1,0,0,Stimulus,,,,,,,,,,,,
SV017,L,240,2,2,1,1,2,Stimulus,,,,,,,,,,,,
SV017,L,241,3,3,1,1,3,Stimulus,,,,,,,,,,,,
SV017,L,242,2,3,0,1,3,Stimulus,,,,,,,,,,,,
SV017,L,243,3,2,0,0,2,Stimulus,,,,,,,,,,,,
SV017,L,244,3,2,1,1,2,Stimulus,,,,,,,,,,,,
SV017,L,245,2,0,1,0,0,Stimulus,,,,,,,,,,,,
SV017,L,246,2,3,1,1,3,Stimulus,,,,,,,,,,,,
SV017,L,247,2,0,1,1,0,Stimulus,,,,,,,,,,,,
SV017,L,248,3,2,1,0,2,Stimulus,,,,,,,,,,,,
SV017,L,249,2,2,1,1,2,Stimulus,,,,,,,,,,,,
SV017,L,250,3,3,0,1,3,Stimulus,,,,,,,,,,,,
SV017,L,251,2,2,1,0,2,Stimulus,,,,,,,,,,,,
SV017,L,252,2,0,1,0,0,Stimulus,,,,,,,,,,,,
SV017,L,253,2,0,0,0,0,Stimulus,,,,,,,,,,,,
SV017,L,254,3,3,1,1,3,Stimulus,,,,,,,,,,,,
SV017,L,255,2,3,0,0,3,Stimulus,,,,,,,,,,,,
SV017,L,256,3,3,0,1,3,Stimulus,,,,,,,,,,,,
SV017,L,257,3,2,0,0,2,Stimulus,,,,,,,,,,,,
SV017,L,258,3,0,1,0,0,Stimulus,,,,,,,,,,,,
SV017,L,259,2,3,0,0,3,Stimulus,,,,,,,,,,,,
SV017,L,260,3,3,1,0,3,Stimulus,,,,,,,,,,,,
SV017,L,261,3,0,1,0,0,Stimulus,,,,,,,,,,,,
SV017,L,262,2,3,0,0,3,Stimulus,,,,,,,,,,,,
SV017,L,263,2,0,0,1,0,Stimulus,,,,,,,,,,,,
SV017,L,264,2,2,0,0,2,Stimulus,,,,,,,,,,,,
SV017,L,265,3,2,0,1,2,Stimulus,,,,,,,,,,,,
SV017,L,266,2,3,0,0,3,Stimulus,,,,,,,,,,,,
SV017,L,267,3,0,1,1,0,Stimulus,,,,,,,,,,,,
SV017,L,268,3,3,0,0,3,Stimulus,,,,,,,,,,,,
SV017,L,269,2,2,1,0,2,Stimulus,,,,,,,,,,,,
SV017,L,270,3,3,1,1,3,Stimulus,,,,,,,,,,,,
SV017,L,271,3,0,1,1,0,Stimulus,,,,,,,,,,,,
SV017,L,272,3,0,0,1,0,Stimulus,,,,,,,,,,,,
SV017,L,273,3,3,1,1,3,Stimulus,,,,,,,,,,,,
SV017,L,274,2,0,1,1,0,Stimulus,,,,,,,,,,,,
SV017,L,275,3,2,0,1,2,Stimulus,,,,,,,,,,,,
SV017,L,276,2,3,0,1,3,Stimulus,,,,,,,,,,,,
SV017,L,277,3,2,0,0,2,Stimulus,,,,,,,,,,,,
SV017,L,278,2,2,1,1,2,Stimulus,,,,,,,,,,,,
SV017,L,279,2,2,0,0,2,Stimulus,,,,,,,,,,,,
SV017,L,280,3,2,0,0,2,Stimulus,,,,,,,,,,,,
SV017,L,281,2,3,1,0,3,Stimulus,,,,,,,,,,,,
SV017,L,282,2,0,1,1,0,Stimulus,,,,,,,,,,,,
SV017,L,283,3,0,0,0,0,Stimulus,,,,,,,,,,,,
SV017,L,284,3,0,0,0,0,Stimulus,,,,,,,,,,,,
SV017,L,285,2,3,0,0,3,Stimulus,,,,,,,,,,,,
SV017,L,286,2,2,0,0,2,Stimulus,,,,,,,,,,,,
SV017,L,287,3,0,1,0,0,Stimulus,,,,,,,,,,,,
SV017,L,288,2,0,1,1,0,Stimulus,,,,,,,,,,,,
SV017,L,289,2,2,0,0,2,Stimulus,,,,,,,,,,,,
SV017,L,290,2,3,0,1,3,Stimulus,,,,,,,,,,,,
SV017,L,291,3,2,1,1,2,Stimulus,,,,,,,,,,,,
SV017,L,292,3,2,0,0,2,Stimulus,,,,,,,,,,,,
SV017,L,293,3,2,1,0,2,Stimulus,,,,,,,,,,,,
SV017,L,294,2,3,0,1,3,Stimulus,,,,,,,,,,,,
SV017,L,295,2,3,1,1,3,Stimulus,,,,,,,,,,,,
SV017,L,296,3,3,0,0,3,Stimulus,,,,,,,,,,,,
SV017,L,297,3,2,0,1,2,Stimulus,,,,,,,,,,,,
SV017,L,298,2,0,0,1,0,Stimulus,,,,,,,,,,,,
SV017,L,299,2,0,1,1,0,Stimulus,,,,,,,,,,,,
SV017,L,300,3,0,0,1,0,Stimulus,,,,,,,,,,,,
SV017,L,301,3,2,0,1,2,Stimulus,,,,,,,,,,,,
SV017,L,302,2,2,0,1,2,Stimulus,,,,,,,,,,,,
SV017,L,303,2,3,0,1,3,Stimulus,,,,,,,,,,,,
SV017,L,304,3,3,1,1,3,Stimulus,,,,,,,,,,,,
SV017,L,305,2,2,0,0,2,Stimulus,,,,,,,,,,,,
SV017,L,306,3,0,0,1,0,Stimulus,,,,,,,,,,,,
SV017,L,307,2,0,1,0,2,Stimulus,,,,,,,,,,,,
SV017,L,308,3,3,0,1,3,Stimulus,,,,,,,,,,,,
SV017,L,309,3,2,1,1,2,Stimulus,,,,,,,,,,,,
SV017,L,310,2,3,0,0,3,Stimulus,,,,,,,,,,,,
SV017,L,311,2,0,0,1,0,Stimulus,,,,,,,,,,,,
SV017,L,312,3,3,1,0,3,Stimulus,,,,,,,,,,,,
SV017,L,313,2,0,0,1,0,Stimulus,,,,,,,,,,,,
SV017,L,314,3,2,1,0,2,Stimulus,,,,,,,,,,,,
SV017,L,315,3,0,1,1,0,Stimulus,,,,,,,,,,,,
SV017,L,316,3,0,0,0,0,Stimulus,,,,,,,,,,,,
SV017,L,317,3,3,1,0,3,Stimulus,,,,,,,,,,,,
SV017,L,318,3,3,0,0,3,Stimulus,,,,,,,,,,,,
SV017,L,319,3,2,1,1,2,Stimulus,,,,,,,,,,,,
SV017,L,320,2,0,1,1,0,Stimulus,,,,,,,,,,,,
SV017,L,321,2,2,0,1,2,Stimulus,,,,,,,,,,,,
SV017,L,322,3,0,1,0,0,Stimulus,,,,,,,,,,,,
SV017,L,323,3,2,1,0,2,Stimulus,,,,,,,,,,,,
SV017,L,324,2,0,0,1,0,Stimulus,,,,,,,,,,,,
SV017,L,325,2,0,0,0,0,Stimulus,,,,,,,,,,,,
SV017,L,326,3,3,0,0,3,Stimulus,,,,,,,,,,,,
SV017,L,327,2,2,1,1,2,Stimulus,,,,,,,,,,,,
SV017,L,328,3,3,1,0,3,Stimulus,,,,,,,,,,,,
SV017,L,329,2,2,1,0,2,Stimulus,,,,,,,,,,,,
SV017,L,330,3,2,1,0,2,Stimulus,,,,,,,,,,,,
SV017,L,331,3,3,0,0,3,Stimulus,,,,,,,,,,,,
SV017,L,332,2,0,0,1,0,Stimulus,,,,,,,,,,,,
SV017,L,333,3,0,1,1,0,Stimulus,,,,,,,,,,,,
SV017,L,334,2,0,0,0,0,Stimulus,,,,,,,,,,,,
SV017,L,335,2,0,1,0,0,Stimulus,,,,,,,,,,,,
SV017,L,336,3,0,0,0,0,Stimulus,,,,,,,,,,,,
SV017,L,337,3,3,1,0,3,Stimulus,,,,,,,,,,,,
SV017,L,338,3,2,1,1,2,Stimulus,,,,,,,,,,,,
SV017,L,339,3,2,0,0,2,Stimulus,,,,,,,,,,,,
SV017,L,340,3,0,0,0,0,Stimulus,,,,,,,,,,,,
SV017,L,341,3,3,1,1,3,Stimulus,,,,,,,,,,,,
SV017,L,342,2,3,1,0,3,Stimulus,,,,,,,,,,,,
SV017,L,343,2,3,1,0,3,Stimulus,,,,,,,,,,,,
SV017,L,344,2,0,0,0,0,Stimulus,,,,,,,,,,,,
SV017,L,345,2,3,1,0,3,Stimulus,,,,,,,,,,,,
SV017,L,346,2,2,0,1,2,Stimulus,,,,,,,,,,,,
SV017,L,347,3,0,1,1,0,Stimulus,,,,,,,,,,,,
SV017,L,348,3,0,0,1,0,Stimulus,,,,,,,,,,,,
SV017,L,349,3,2,0,0,2,Stimulus,,,,,,,,,,,,
SV017,L,350,2,0,1,0,0,Stimulus,,,,,,,,,,,,
SV017,L,351,2,2,1,0,2,Stimulus,,,,,,,,,,,,
SV017,L,352,2,2,1,1,2,Stimulus,,,,,,,,,,,,
SV017,L,353,2,0,0,0,0,Stimulus,,,,,,,,,,,,
SV017,L,354,3,2,0,1,2,Stimulus,,,,,,,,,,,,
SV017,L,355,2,3,0,1,3,Stimulus,,,,,,,,,,,,
SV017,L,356,2,3,0,1,3,Stimulus,,,,,,,,,,,,
SV017,L,357,2,2,1,1,3,Stimulus,,,,,,,,,,,,
SV017,L,358,3,0,1,0,0,Stimulus,,,,,,,,,,,,
SV017,L,359,3,0,1,0,0,Stimulus,,,,,,,,,,,,
SV017,L,360,3,3,1,0,3,Stimulus,,,,,,,,,,,,
SV017,L,361,3,0,0,0,0,Stimulus,,,,,,,,,,,,
SV017,L,362,3,0,0,1,0,Stimulus,,,,,,,,,,,,
SV017,L,363,2,0,0,0,0,Stimulus,,,,,,,,,,,,
SV017,L,364,2,3,1,1,3,Stimulus,,,,,,,,,,,,
SV017,L,365,3,0,1,1,0,Stimulus,,,,,,,,,,,,
SV017,L,366,2,3,1,0,3,Stimulus,,,,,,,,,,,,
SV017,L,367,2,3,0,1,3,Stimulus,,,,,,,,,,,,
SV017,L,368,2,0,1,0,0,Stimulus,,,,,,,,,,,,
SV017,L,369,2,0,0,1,0,Stimulus,,,,,,,,,,,,
SV017,L,370,2,3,0,0,3,Stimulus,,,,,,,,,,,,
SV017,L,371,2,2,1,1,2,Stimulus,,,,,,,,,,,,
SV017,L,372,2,2,1,0,2,Stimulus,,,,,,,,,,,,
SV017,L,373,3,2,0,1,2,Stimulus,,,,,,,,,,,,
SV017,L,374,2,2,1,0,2,Stimulus,,,,,,,,,,,,
SV017,L,375,3,3,0,1,3,Stimulus,,,,,,,,,,,,
SV017,L,376,2,2,1,0,2,Stimulus,,,,,,,,,,,,
SV017,L,377,2,2,1,1,2,Stimulus,,,,,,,,,,,,
SV017,L,378,3,3,0,0,3,Stimulus,,,,,,,,,,,,
SV017,L,379,2,0,1,1,0,Stimulus,,,,,,,,,,,,
SV017,L,380,3,2,1,0,2,Stimulus,,,,,,,,,,,,
SV017,L,381,2,2,0,1,2,Stimulus,,,,,,,,,,,,
SV017,L,382,3,0,1,0,0,Stimulus,,,,,,,,,,,,
SV017,L,383,2,2,1,0,2,Stimulus,,,,,,,,,,,,
SV017,L,384,3,2,0,0,2,Stimulus,,,,,,,,,,,,
SV017,L,385,2,0,1,1,0,Stimulus,,,,,,,,,,,,
SV017,L,386,2,0,0,0,0,Stimulus,,,,,,,,,,,,
SV017,L,387,3,2,1,1,2,Stimulus,,,,,,,,,,,,
SV017,L,388,3,0,0,1,0,Stimulus,,,,,,,,,,,,
SV017,L,389,2,2,1,1,2,Stimulus,,,,,,,,,,,,
SV017,L,390,3,0,1,1,0,Stimulus,,,,,,,,0.4,0.4,976.0,976.0,212.0
SV017,L,391,2,0,0,0,0,Stimulus,,,,,,,,,,,,
SV017,L,392,2,2,1,0,2,Stimulus,,,,,,,,,,,,
SV017,L,393,2,3,1,1,3,Stimulus,,,,,,,,,,,,
SV017,L,394,2,2,0,0,2,Stimulus,,,,,,,,,,,,
SV017,L,395,3,0,0,0,0,Stimulus,,,,,,,,,,,,
SV017,L,396,3,2,1,1,2,Stimulus,,,,,,,,,,,,
SV017,L,397,3,0,1,1,0,Stimulus,,,,,,,,,,,,
SV017,L,398,3,3,0,1,3,Stimulus,,,,,,,,,,,,
SV017,L,399,3,0,0,0,0,Stimulus,,,,,,,,,,,,
SV017,L,400,3,2,0,0,2,Stimulus,,,,,,,,,,,,
SV017,L,401,2,2,1,0,2,Stimulus,,,,,,,,,,,,
SV017,L,402,2,3,0,0,3,Stimulus,,,,,,,,,,,,
SV017,L,403,3,0,1,0,0,Stimulus,,,,,,,,,,,,
SV017,L,404,2,3,1,1,3,Stimulus,,,,,,,,,,,,
SV017,L,405,2,3,1,0,3,Stimulus,,,,,,,,,,,,
SV017,L,406,3,3,1,0,3,Stimulus,,,,,,,,,,,,
SV017,L,407,2,0,1,0,0,Stimulus,,,,,,,,,,,,
SV017,L,408,2,2,0,1,2,Stimulus,,,,,,,,,,,,
SV017,L,409,2,3,0,1,3,Stimulus,,,,,,,,,,,,
SV017,L,410,2,3,1,1,3,Stimulus,,,,,,,,,,,,
SV017,L,411,3,3,0,0,3,Stimulus,,,,,,,,,,,,
SV017,L,412,3,2,1,1,2,Stimulus,,,,,,,,,,,,
SV017,L,413,2,2,0,0,2,Stimulus,,,,,,,,,,,,
SV017,L,414,2,2,0,1,2,Stimulus,,,,,,,,,,,,
SV017,L,415,2,3,0,0,3,Stimulus,,,,,,,,,,,,
SV017,L,416,2,0,1,0,0,Stimulus,,,,,,,,,,,,
SV017,L,417,3,3,0,1,3,Stimulus,,,,,,,,,,,,
SV017,L,418,3,2,0,1,3,Stimulus,,,,,,,,,,,,
SV017,L,419,2,2,0,1,2,Stimulus,,,,,,,,,,,,
SV017,L,420,2,0,1,1,0,Stimulus,,,,,,,,,,,,
SV017,L,421,3,3,0,0,3,Stimulus,,,,,,,,,,,,
SV017,L,422,3,3,1,1,3,Stimulus,,,,,,,,,,,,
SV017,L,423,3,2,1,0,2,Stimulus,,,,,,,,,,,,
SV017,L,424,2,3,0,1,3,Stimulus,,,,,,,,,,,,
SV017,L,425,2,0,0,1,0,Stimulus,,,,,,,,,,,,
SV017,L,426,3,3,0,1,3,Stimulus,,,,,,,,,,,,
SV017,L,427,2,2,0,0,2,Stimulus,,,,,,,,,,,,
SV017,L,428,2,2,1,1,2,Stimulus,,,,,,,,,,,,
SV017,L,429,3,2,0,1,2,Stimulus,,,,,,,,,,,,
SV017,L,430,3,3,1,0,3,Stimulus,,,,,,,,,,,,
SV017,L,431,3,0,0,0,0,Stimulus,,,,,,,,,,,,
SV017,L,432,3,0,1,0,0,Stimulus,,,,,,,,,,,,
SV017,L,433,2,3,1,0,3,Stimulus,,,,,,,,,,,,
SV017,L,434,2,3,1,0,3,Stimulus,,,,,,,,,,,,
SV017,L,435,3,0,0,1,0,Stimulus,,,,,,,,,,,,
SV017,L,436,3,3,1,1,3,Stimulus,,,,,,,,,,,,
SV017,L,437,3,2,1,0,2,Stimulus,,,,,,,,,,,,
SV017,L,438,3,0,1,0,0,Stimulus,,,,,,,,,,,,
SV017,L,439,2,2,0,1,2,Stimulus,,,,,,,,,,,,
SV017,L,440,3,3,1,1,3,Stimulus,,,,,,,,,,,,
SV017,L,441,2,2,0,0,2,Stimulus,,,,,,,,,,,,
SV017,L,442,3,0,0,1,0,Stimulus,,,,,,,,,,,,
SV017,L,443,3,2,0,1,2,Stimulus,,,,,,,,,,,,
SV017,L,444,3,3,0,0,3,Stimulus,,,,,,,,,,,,
SV017,L,445,3,0,1,1,0,Stimulus,,,,,,,,,,,,
SV017,L,446,3,0,1,1,0,Stimulus,,,,,,,,,,,,
SV017,L,447,3,2,0,0,2,Stimulus,,,,,,,,,,,,
SV017,L,448,2,2,0,1,2,Stimulus,,,,,,,,,,,,
SV017,L,449,3,3,0,1,3,Stimulus,,,,,,,,,,,,
SV017,L,450,3,3,1,1,3,Stimulus,,,,,,,,,,,,
SV017,L,451,3,3,0,0,3,Stimulus,,,,,,,,,,,,
SV017,L,452,2,3,1,0,3,Stimulus,,,,,,,,,,,,
SV017,L,453,2,0,1,1,0,Stimulus,,,,,,,,,,,,
SV017,L,454,3,2,1,1,2,Stimulus,,,,,,,,,,,,
SV017,L,455,2,3,1,1,3,Stimulus,,,,,,,,,,,,
SV017,L,456,3,3,1,0,3,Stimulus,,,,,,,,,,,,
SV017,L,457,2,3,1,1,3,Stimulus,,,,,,,,,,,,
SV017,L,458,2,3,1,1,3,Stimulus,,,,,,,,,,,,
SV017,L,459,3,0,0,1,0,Stimulus,,,,,,,,,,,,
SV017,L,460,3,0,0,1,0,Stimulus,,,,,,,,,,,,
SV017,L,461,2,0,0,1,0,Stimulus,,,,,,,,,,,,
SV017,L,462,3,3,0,1,3,Stimulus,,,,,,,,,,,,
SV017,L,463,3,3,1,0,0,Stimulus,,,,,,,,,,,,
SV017,L,464,2,3,1,1,3,Stimulus,,,,,,,,,,,,
SV017,L,465,2,0,0,1,0,Stimulus,,,,,,,,,,,,
SV017,L,466,3,2,1,0,2,Stimulus,,,,,,,,,,,,
SV017,L,467,2,2,0,0,2,Stimulus,,,,,,,,,,,,
SV017,L,468,3,2,1,1,2,Stimulus,,,,,,,,,,,,
SV017,L,469,2,0,1,0,0,Stimulus,,,,,,,,,,,,
SV017,L,470,2,2,1,1,2,Stimulus,,,,,,,,,,,,
SV017,L,471,2,0,0,0,0,Stimulus,,,,,,,,,,,,
SV017,L,472,3,3,0,1,3,Stimulus,,,,,,,,,,,,
SV017,L,473,3,2,1,0,2,Stimulus,,,,,,,,,,,,
SV017,L,474,2,2,0,1,2,Stimulus,,,,,,,,4.3,4.3,144.0,144.0,64.0
SV017,L,475,2,3,0,0,3,Stimulus,,,,,,,,,,,,
SV017,L,476,2,0,1,0,0,Stimulus,,,,,,,,,,,,
SV017,L,477,3,2,0,1,2,Stimulus,,,,,,,,,,,,
SV017,L,478,3,0,0,0,0,Stimulus,,,,,,,,,,,,
SV017,L,479,2,0,0,0,0,Stimulus,,,,,,,,,,,,
SV017,L,480,2,3,1,0,3,Stimulus,,,,,,,,,,,,
SV017,R,1,2,0,0,0,2,Stimulus,,,,,,,,,,,,
SV017,R,2,3,0,1,0,2,Stimulus,,,,,,,,,,,,
SV017,R,3,3,0,1,1,2,Stimulus,,,,,,,,,,,,
SV017,R,4,3,2,1,1,2,Stimulus,,,,,,,,,,,,
SV017,R,5,3,3,0,0,2,Stimulus,,,,,,,,,,,,
SV017,R,6,3,3,0,0,2,Stimulus,,,,,,,,,,,,
SV017,R,7,3,0,1,1,2,Stimulus,,,,,,,,,,,,
SV017,R,8,2,0,0,1,2,Stimulus,,,,,,,,,,,,
SV017,R,9,2,3,1,0,2,Stimulus,,,,,,,,,,,,
SV017,R,10,3,2,0,1,2,Stimulus,,,,,,,,,,,,
SV017,R,11,3,0,0,0,2,Stimulus,,,,,,,,,,,,
SV017,R,12,3,3,1,0,2,Stimulus,,,,,,,,,,,,
SV017,R,13,2,2,0,1,2,Stimulus,,,,,,,,,,,,
SV017,R,14,3,0,1,1,2,Stimulus,,,,,,,,,,,,
SV017,R,15,2,2,0,0,2,Stimulus,,,,,,,,,,,,
SV017,R,16,2,3,1,0,2,Stimulus,,,,,,,,,,,,
SV017,R,17,2,0,1,0,2,Stimulus,,,,,,,,,,,,
SV017,R,18,2,2,1,0,2,Stimulus,,,,,,,,,,,,
SV017,R,19,2,3,0,1,2,Stimulus,,,,,,,,,,,,
SV017,R,20,3,2,0,1,2,Stimulus,,,,,,,,,,,,
SV017,R,21,3,3,0,0,2,Stimulus,,,,,,,,,,,,
SV017,R,22,3,3,1,0,2,Stimulus,,,,,,,,,,,,
SV017,R,23,2,0,0,1,2,Stimulus,,,,,,,,,,,,
SV017,R,24,3,3,1,1,2,Stimulus,,,,,,,,,,,,
SV017,R,25,2,0,0,1,2,Stimulus,,,,,,,,,,,,
SV017,R,26,2,0,1,1,2,Stimulus,,,,,,,,,,,,
SV017,R,27,3,3,0,1,2,Stimulus,,,,,,,,,,,,
SV017,R,28,3,0,1,1,2,Stimulus,,,,,,,,,,,,
SV017,R,29,3,2,1,1,2,Stimulus,,,,,,,,,,,,
SV017,R,30,2,2,0,1,2,Stimulus,,,,,,,,,,,,
SV017,R,31,3,2,0,0,2,Stimulus,,,,,,,,,,,,
SV017,R,32,2,2,1,0,2,Stimulus,,,,,,,,,,,,
SV017,R,33,3,0,0,0,2,Stimulus,,,,,,,,,,,,
SV017,R,34,2,0,0,0,2,Stimulus,,,,,,,,,,,,
SV017,R,35,2,2,1,0,2,Stimulus,,,,,,,,,,,,
SV017,R,36,3,2,1,0,2,Stimulus,,,,,,,,,,,,
SV017,R,37,2,0,0,1,2,Stimulus,,,,,,,,,,,,
SV017,R,38,2,3,0,1,2,Stimulus,,,,,,,,,,,,
SV017,R,39,3,2,0,0,2,Stimulus,,,,,,,,,,,,
SV017,R,40,2,2,1,0,2,Stimulus,,,,,,,,,,,,
SV017,R,41,3,0,0,0,2,Stimulus,,,,,,,,,,,,
SV017,R,42,3,0,1,1,2,Stimulus,,,,,,,,,,,,
SV017,R,43,3,0,1,0,2,Stimulus,,,,,,,,,,,,
SV017,R,44,2,3,0,0,2,Stimulus,,,,,,,,,,,,
SV017,R,45,2,3,1,1,2,Stimulus,,,,,,,,,,,,
SV017,R,46,2,0,1,0,2,Stimulus,,,,,,,,,,,,
SV017,R,47,3,3,0,1,2,Stimulus,,,,,,,,,,,,
SV017,R,48,3,0,1,1,1,Stimulus,,,,,,,,,,,,
SV017,R,49,3,2,0,0,2,Stimulus,,,,,,,,,,,,
SV017,R,50,3,3,0,1,2,Stimulus,,,,,,,,,,,,
SV017,R,51,2,2,0,0,2,Stimulus,,,,,,,,,,,,
SV017,R,52,2,3,0,0,2,Stimulus,,,,,,,,,,,,
SV017,R,53,3,3,1,1,2,Stimulus,,,,,,,,,,,,
SV017,R,54,2,3,1,1,2,Stimulus,,,,,,,,,,,,
SV017,R,55,3,0,1,0,2,Stimulus,,,,,,,,,,,,
SV017,R,56,3,2,1,0,2,Stimulus,,,,,,,,,,,,
SV017,R,57,3,2,0,1,2,Stimulus,,,,,,,,,,,,
SV017,R,58,2,3,1,0,2,Stimulus,,,,,,,,,,,,
SV017,R,59,3,2,0,1,2,Stimulus,,,,,,,,,,,,
SV017,R,60,3,0,0,1,2,Stimulus,,,,,,,,,,,,
SV017,R,61,2,2,0,1,2,Stimulus,,,,,,,,,,,,
SV017,R,62,2,3,0,1,2,Stimulus,,,,,,,,,,,,
SV017,R,63,2,3,0,1,1,Stimulus,,,,,,,,,,,,
SV017,R,64,3,3,1,0,2,Stimulus,,,,,,,,,,,,
SV017,R,65,2,0,1,1,1,Stimulus,,,,,,,,,,,,
SV017,R,66,2,2,0,0,2,Stimulus,,,,,,,,,,,,
SV017,R,67,2,3,1,1,1,Stimulus,,,,,,,,,,,,
SV017,R,68,3,3,0,1,2,Stimulus,,,,,,,,,,,,
SV017,R,69,2,3,0,0,2,Stimulus,,,,,,,,,,,,
SV017,R,70,2,2,1,0,2,Stimulus,,,,,,,,,,,,
SV017,R,71,3,2,0,1,2,Stimulus,,,,,,,,,,,,
SV017,R,72,2,3,1,0,2,Stimulus,,,,,,,,,,,,
SV017,R,73,3,3,1,1,1,Stimulus,,,,,,,,,,,,
SV017,R,74,3,2,0,0,2,Stimulus,,,,,,,,,,,,
SV017,R,75,3,3,0,1,2,Stimulus,,,,,,,,,,,,
SV017,R,76,2,2,0,0,2,Stimulus,,,,,,,,,,,,
SV017,R,77,2,2,1,1,1,Stimulus,,,,,,,,,,,,
SV017,R,78,2,2,0,1,2,Stimulus,,,,,,,,,,,,
SV017,R,79,2,0,0,0,2,Stimulus,,,,,,,,,,,,
SV017,R,80,2,0,0,0,1,Stimulus,,,,,,,,,,,,
SV017,R,81,2,2,0,0,2,Stimulus,,,,,,,,,,,,
SV017,R,82,3,0,1,0,2,Stimulus,,,,,,,,,,,,
SV017,R,83,3,2,0,1,2,Stimulus,,,,,,,,,,,,
SV017,R,84,2,3,1,0,2,Stimulus,,,,,,,,,,,,
SV017,R,85,2,2,1,1,1,Stimulus,,,,,,,,,,,,
SV017,R,86,3,3,0,0,2,Stimulus,,,,,,,,,,,,
SV017,R,87,2,2,1,1,1,Stimulus,,,,,,,,,,,,
SV017,R,88,3,2,1,0,2,Stimulus,,,,,,,,,,,,
SV017,R,89,3,2,1,1,2,Stimulus,,,,,,,,,,,,
SV017,R,90,3,0,0,0,2,Stimulus,,,,,,,,,,,,
SV017,R,91,3,0,0,1,2,Stimulus,,,,,,,,,,,,
SV017,R,92,2,2,0,0,2,Stimulus,,,,,,,,,,,,
SV017,R,93,3,0,0,1,1,Stimulus,,,,,,,,,,,,
SV017,R,94,2,2,1,0,2,Stimulus,,,,,,,,,,,,
SV017,R,95,2,0,0,1,2,Stimulus,,,,,,,,,,,,
SV017,R,96,3,0,0,1,1,Stimulus,,,,,,,,,,,,
SV017,R,97,3,3,0,1,2,Stimulus,,,,,,,,,,,,
SV017,R,98,3,2,1,1,1,Stimulus,,,,,,,,,,,,
SV017,R,99,3,2,0,1,2,Stimulus,,,,,,,,,,,,
SV017,R,100,3,0,0,1,1,Stimulus,,,,,,,,,,,,
SV017,R,101,2,3,1,1,1,Stimulus,,,,,,,,,,,,
SV017,R,102,3,3,1,0,2,Stimulus,,,,,,,,,,,,
SV017,R,103,3,3,0,1,2,Stimulus,,,,,,,,,,,,
SV017,R,104,2,3,1,0,2,Stimulus,,,,,,,,,,,,
SV017,R,105,2,2,0,1,2,Stimulus,,,,,,,,,,,,
SV017,R,106,2,3,1,1,2,Stimulus,,,,,,,,,,,,
SV017,R,107,2,2,1,1,1,Stimulus,,,,,,,,,,,,
SV017,R,108,2,0,1,1,1,Stimulus,,,,,,,,,,,,
SV017,R,109,3,2,0,1,2,Stimulus,,,,,,,,,,,,
SV017,R,110,2,2,0,1,2,Stimulus,,,,,,,,,,,,
SV017,R,111,3,2,0,0,2,Stimulus,,,,,,,,,,,,
SV017,R,112,2,3,1,1,2,Stimulus,,,,,,,,,,,,
SV017,R,113,2,2,1,0,2,Stimulus,,,,,,,,,,,,
SV017,R,114,3,2,0,1,2,Stimulus,,,,,,,,,,,,
SV017,R,115,2,0,0,1,2,Stimulus,,,,,,,,,,,,
SV017,R,116,3,0,1,1,1,Stimulus,,,,,,,,,,,,
SV017,R,117,3,0,1,1,1,Stimulus,,,,,,,,,,,,
SV017,R,118,3,0,1,0,2,Stimulus,,,,,,,,,,,,
SV017,R,119,3,3,1,0,2,Stimulus,,,,,,,,,,,,
SV017,R,120,2,3,0,1,2,Stimulus,,,,,,,,,,,,
SV017,R,121,3,3,1,0,2,Stimulus,,,,,,,,,,,,
SV017,R,122,2,2,0,1,2,Stimulus,,,,,,,,,,,,
SV017,R,123,3,3,1,0,2,Stimulus,,,,,,,,,,,,
SV017,R,124,3,2,1,0,2,Stimulus,,,,,,,,,,,,
SV017,R,125,3,0,0,0,2,Stimulus,,,,,,,,,,,,
SV017,R,126,2,3,0,0,2,Stimulus,,,,,,,,,,,,
SV017,R,127,3,3,0,1,2,Stimulus,,,,,,,,,,,,
SV017,R,128,3,0,1,0,2,Stimulus,,,,,,,,,,,,
SV017,R,129,2,2,0,0,2,Stimulus,,,,,,,,,,,,
SV017,R,130,3,2,1,0,2,Stimulus,,,,,,,,,,,,
SV017,R,131,2,3,1,1,2,Stimulus,,,,,,,,,,,,
SV017,R,132,2,2,1,0,2,Stimulus,,,,,,,,,,,,
SV017,R,133,3,3,0,0,2,Stimulus,,,,,,,,,,,,
SV017,R,134,2,3,0,0,2,Stimulus,,,,,,,,,,,,
SV017,R,135,3,3,0,0,3,Stimulus,,,,,,,,,,,,
SV017,R,136,3,2,0,0,2,Stimulus,,,,,,,,,,,,
SV017,R,137,3,0,0,0,2,Stimulus,,,,,,,,,,,,
SV017,R,138,3,0,1,0,2,Stimulus,,,,,,,,,,,,
SV017,R,139,2,0,0,0,2,Stimulus,,,,,,,,,,,,
SV017,R,140,3,2,1,0,2,Stimulus,,,,,,,,,,,,
SV017,R,141,2,0,1,1,2,Stimulus,,,,,,,,,,,,
SV017,R,142,2,3,0,0,1,Stimulus,,,,,,,,,,,,
SV017,R,143,3,3,0,0,2,Stimulus,,,,,,,,,,,,
SV017,R,144,3,0,0,1,2,Stimulus,,,,,,,,,,,,
SV017,R,145,2,3,0,1,2,Stimulus,,,,,,,,,,,,
SV017,R,146,3,0,0,1,2,Stimulus,,,,,,,,,,,,
SV017,R,147,2,3,1,0,2,Stimulus,,,,,,,,,,,,
SV017,R,148,3,3,1,0,2,Stimulus,,,,,,,,,,,,
SV017,R,149,3,3,1,1,2,Stimulus,,,,,,,,,,,,
SV017,R,150,2,2,0,1,2,Stimulus,,,,,,,,,,,,
SV017,R,151,2,0,1,1,2,Stimulus,,,,,,,,,,,,
SV017,R,152,3,3,1,0,2,Stimulus,,,,,,,,,,,,
SV017,R,153,2,3,0,0,2,Stimulus,,,,,,,,,,,,
SV017,R,154,3,2,1,1,2,Stimulus,,,,,,,,,,,,
SV017,R,155,2,2,0,1,2,Stimulus,,,,,,,,,,,,
SV017,R,156,2,2,0,0,2,Stimulus,,,,,,,,,,,,
SV017,R,157,3,0,0,0,2,Stimulus,,,,,,,,,,,,
SV017,R,158,2,3,0,0,2,Stimulus,,,,,,,,,,,,
SV017,R,159,3,0,0,1,2,Stimulus,,,,,,,,,,,,
SV017,R,160,3,3,1,0,2,Stimulus,,,,,,,,,,,,
SV017,R,161,2,3,0,1,2,Stimulus,,,,,,,,,,,,
SV017,R,162,3,2,1,0,2,Stimulus,,,,,,,,,,,,
SV017,R,163,2,3,1,1,2,Stimulus,,,,,,,,,,,,
SV017,R,164,3,3,0,0,2,Stimulus,,,,,,,,,,,,
SV017,R,165,3,0,1,0,2,Stimulus,,,,,,,,,,,,
SV017,R,166,2,0,1,0,2,Stimulus,,,,,,,,,,,,
SV017,R,167,2,0,0,1,2,Stimulus,,,,,,,,,,,,
SV017,R,168,3,0,1,0,2,Stimulus,,,,,,,,,,,,
SV017,R,169,3,0,0,0,2,Stimulus,,,,,,,,,,,,
SV017,R,170,2,0,1,0,2,Stimulus,,,,,,,,,,,,
SV017,R,171,2,3,1,0,2,Stimulus,,,,,,,,,,,,
SV017,R,172,3,2,1,1,1,Stimulus,,,,,,,,,,,,
SV017,R,173,3,3,0,1,2,Stimulus,,,,,,,,,,,,
SV017,R,174,2,0,0,0,2,Stimulus,,,,,,,,,,,,
SV017,R,175,3,2,1,0,2,Stimulus,,,,,,,,,,,,
SV017,R,176,2,0,1,0,2,Stimulus,,,,,,,,,,,,
SV017,R,177,2,2,1,1,2,Stimulus,,,,,,,,,,,,
SV017,R,178,2,0,0,0,2,Stimulus,,,,,,,,,,,,
SV017,R,179,3,3,1,1,1,Stimulus,,,,,,,,,,,,
SV017,R,180,3,3,0,1,2,Stimulus,,,,,,,,,,,,
SV017,R,181,2,0,1,1,1,Stimulus,,,,,,,,,,,,
SV017,R,182,2,0,1,0,2,Stimulus,,,,,,,,,,,,
SV017,R,183,2,2,1,1,2,Stimulus,,,,,,,,,,,,
SV017,R,184,2,0,0,0,2,Stimulus,,,,,,,,,,,,
SV017,R,185,2,0,1,0,2,Stimulus,,,,,,,,,,,,
SV017,R,186,2,3,0,1,2,Stimulus,,,,,,,,,,,,
SV017,R,187,2,0,1,0,2,Stimulus,,,,,,,,,,,,
SV017,R,188,3,3,0,0,2,Stimulus,,,,,,,,,,,,
SV017,R,189,3,0,0,0,2,Stimulus,,,,,,,,,,,,
SV017,R,190,3,0,0,1,1,Stimulus,,,,,,,,,,,,
SV017,R,191,2,0,1,0,2,Stimulus,,,,,,,,,,,,
SV017,R,192,2,0,0,0,2,Stimulus,,,,,,,,,,,,
SV017,R,193,3,0,0,1,2,Stimulus,,,,,,,,,,,,
SV017,R,194,2,0,0,1,2,Stimulus,,,,,,,,,,,,
SV017,R,195,2,2,1,1,1,Stimulus,,,,,,,,,,,,
SV017,R,196,3,3,1,1,1,Stimulus,,,,,,,,,,,,
SV017,R,197,3,3,1,1,1,Stimulus,,,,,,,,,,,,
SV017,R,198,2,3,0,1,2,Stimulus,,,,,,,,,,,,
SV017,R,199,3,2,0,1,2,Stimulus,,,,,,,,,,,,
SV017,R,200,2,0,1,1,2,Stimulus,,,,,,,,,,,,
SV017,R,201,2,2,1,0,2,Stimulus,,,,,,,,,,,,
SV017,R,202,2,0,1,0,2,Stimulus,,,,,,,,,,,,
SV017,R,203,3,2,1,1,2,Stimulus,,,,,,,,,,,,
SV017,R,204,2,0,0,1,2,Stimulus,,,,,,,,,,,,
SV017,R,205,2,2,0,0,2,Stimulus,,,,,,,,,,,,
SV017,R,206,2,2,1,1,1,Stimulus,,,,,,,,,,,,
SV017,R,207,2,0,1,1,1,Stimulus,,,,,,,,,,,,
SV017,R,208,2,0,0,0,2,Stimulus,,,,,,,,,,,,
SV017,R,209,3,2,0,0,2,Stimulus,,,,,,,,,,,,
SV017,R,210,3,0,1,0,3,Stimulus,,,,,,,,,,,,
SV017,R,211,2,2,0,1,2,Stimulus,,,,,,,,,,,,
SV017,R,212,2,0,1,1,1,Stimulus,,,,,,,,,,,,
SV017,R,213,2,3,0,0,2,Stimulus,,,,,,,,,,,,
SV017,R,214,2,2,1,1,2,Stimulus,,,,,,,,,,,,
SV017,R,215,3,2,0,0,2,Stimulus,,,,,,,,,,,,
SV017,R,216,3,0,1,1,2,Stimulus,,,,,,,,,,,,
SV017,R,217,3,2,1,0,2,Stimulus,,,,,,,,,,,,
SV017,R,218,3,3,1,1,2,Stimulus,,,,,,,,,,,,
SV017,R,219,2,3,1,0,2,Stimulus,,,,,,,,,,,,
SV017,R,220,2,3,0,0,2,Stimulus,,,,,,,,,,,,
SV017,R,221,2,3,1,1,2,Stimulus,,,,,,,,,,,,
SV017,R,222,3,3,0,0,2,Stimulus,,,,,,,,,,,,
SV017,R,223,3,2,0,0,2,Stimulus,,,,,,,,,,,,
SV017,R,224,2,0,0,1,2,Stimulus,,,,,,,,,,,,
SV017,R,225,2,3,1,0,2,Stimulus,,,,,,,,,,,,
SV017,R,226,3,2,1,1,2,Stimulus,,,,,,,,,,,,
SV017,R,227,3,2,1,1,1,Stimulus,,,,,,,,,,,,
SV017,R,228,3,0,1,1,1,Stimulus,,,,,,,,,,,,
SV017,R,229,2,2,1,0,2,Stimulus,,,,,,,,,,,,
SV017,R,230,3,3,1,1,2,Stimulus,,,,,,,,,,,,
SV017,R,231,2,2,1,1,1,Stimulus,,,,,,,,,,,,
SV017,R,232,3,2,1,0,2,Stimulus,,,,,,,,,,,,
SV017,R,233,3,0,0,0,2,Stimulus,,,,,,,,,,,,
SV017,R,234,2,3,0,1,2,Stimulus,,,,,,,,,,,,
SV017,R,235,3,2,0,0,2,Stimulus,,,,,,,,,,,,
SV017,R,236,2,3,1,1,2,Stimulus,,,,,,,,,,,,
SV017,R,237,3,2,1,1,1,Stimulus,,,,,,,,,,,,
SV017,R,238,2,2,0,0,2,Stimulus,,,,,,,,,,,,
SV017,R,239,3,3,1,1,1,Stimulus,,,,,,,,,,,,
SV017,R,240,2,0,1,1,1,Stimulus,,,,,,,,,,,,
SV017,R,241,3,3,1,0,3,Stimulus,,,,,,,,,,,,
SV017,R,242,3,0,1,0,0,Stimulus,,,,,,,,,,,,
SV017,R,243,3,3,0,0,3,Stimulus,,,,,,,,,,,,
SV017,R,244,3,2,1,0,2,Stimulus,,,,,,,,,,,,
SV017,R,245,2,2,1,0,2,Stimulus,,,,,,,,,,,,
SV017,R,246,3,2,1,1,2,Stimulus,,,,,,,,,,,,
SV017,R,247,2,2,0,1,2,Stimulus,,,,,,,,,,,,
SV017,R,248,3,2,0,1,2,Stimulus,,,,,,,,,,,,
SV017,R,249,3,0,0,1,0,Stimulus,,,,,,,,,,,,
SV017,R,250,2,2,0,0,2,Stimulus,,,,,,,,,,,,
SV017,R,251,2,0,1,1,0,Stimulus,,,,,,,,,,,,
SV017,R,252,3,0,0,0,0,Stimulus,,,,,,,,,,,,
SV017,R,253,2,2,1,1,2,Stimulus,,,,,,,,,,,,
SV017,R,254,3,3,0,0,3,Stimulus,,,,,,,,,,,,
SV017,R,255,3,3,1,1,3,Stimulus,,,,,,,,,,,,
SV017,R,256,3,0,1,0,0,Stimulus,,,,,,,,,,,,
SV017,R,257,2,3,1,0,3,Stimulus,,,,,,,,,,,,
SV017,R,258,2,0,1,1,0,Stimulus,,,,,,,,,,,,
SV017,R,259,2,0,1,1,0,Stimulus,,,,,,,,,,,,
SV017,R,260,2,2,0,0,2,Stimulus,,,,,,,,,,,,
SV017,R,261,3,0,0,0,0,Stimulus,,,,,,,,,,,,
SV017,R,262,3,2,1,1,2,Stimulus,,,,,,,,,,,,
SV017,R,263,3,0,1,0,0,Stimulus,,,,,,,,,,,,
SV017,R,264,2,2,1,0,2,Stimulus,,,,,,,,,,,,
SV017,R,265,3,3,1,0,3,Stimulus,,,,,,,,,,,,
SV017,R,266,3,0,0,1,0,Stimulus,,,,,,,,,,,,
SV017,R,267,2,2,0,1,2,Stimulus,,,,,,,,,,,,
SV017,R,268,3,3,1,1,3,Stimulus,,,,,,,,,,,,
SV017,R,269,3,3,0,1,3,Stimulus,,,,,,,,,,,,
SV017,R,270,3,2,0,1,2,Stimulus,,,,,,,,,,,,
SV017,R,271,3,0,0,1,0,Stimulus,,,,,,,,,,,,
SV017,R,272,2,2,1,0,2,Stimulus,,,,,,,,,,,,
SV017,R,273,2,3,1,0,3,Stimulus,,,,,,,,,,,,
SV017,R,274,3,2,0,1,2,Stimulus,,,,,,,,,,,,
SV017,R,275,2,3,1,0,3,Stimulus,,,,,,,,,,,,
SV017,R,276,3,0,1,1,0,Stimulus,,,,,,,,,,,,
SV017,R,277,3,3,0,0,3,Stimulus,,,,,,,,,,,,
SV017,R,278,3,2,1,0,2,Stimulus,,,,,,,,,,,,
SV017,R,279,3,2,1,0,2,Stimulus,,,,,,,,,,,,
SV017,R,280,2,0,1,0,0,Stimulus,,,,,,,,,,,,
SV017,R,281,2,0,1,1,0,Stimulus,,,,,,,,,,,,
SV017,R,282,2,0,0,1,0,Stimulus,,,,,,,,,,,,
SV017,R,283,2,3,1,0,3,Stimulus,,,,,,,,,,,,
SV017,R,284,2,0,0,1,0,Stimulus,,,,,,,,,,,,
SV017,R,285,3,2,1,1,2,Stimulus,,,,,,,,,,,,
SV017,R,286,3,0,0,1,0,Stimulus,,,,,,,,,,,,
SV017,R,287,2,0,0,1,0,Stimulus,,,,,,,,,,,,
SV017,R,288,2,3,0,1,3,Stimulus,,,,,,,,,,,,
SV017,R,289,2,0,1,0,0,Stimulus,,,,,,,,,,,,
SV017,R,290,2,2,1,1,2,Stimulus,,,,,,,,,,,,
SV017,R,291,2,0,0,1,0,Stimulus,,,,,,,,,,,,
SV017,R,292,2,3,0,0,3,Stimulus,,,,,,,,,,,,
SV017,R,293,3,0,1,0,0,Stimulus,,,,,,,,,,,,
SV017,R,294,3,0,0,1,0,Stimulus,,,,,,,,,,,,
SV017,R,295,3,0,1,1,0,Stimulus,,,,,,,,,,,,
SV017,R,296,3,2,0,0,2,Stimulus,,,,,,,,,,,,
SV017,R,297,2,2,0,0,2,Stimulus,,,,,,,,,,,,
SV017,R,298,2,3,0,1,3,Stimulus,,,,,,,,,,,,
SV017,R,299,3,2,0,0,2,Stimulus,,,,,,,,,,,,
SV017,R,300,2,0,0,1,0,Stimulus,,,,,,,,,,,,
SV017,R,301,3,2,1,0,2,Stimulus,,,,,,,,,,,,
SV017,R,302,2,0,1,0,0,Stimulus,,,,,,,,,,,,
SV017,R,303,2,0,0,1,0,Stimulus,,,,,,,,,,,,
SV017,R,304,3,2,0,1,2,Stimulus,,,,,,,,,,,,
SV017,R,305,3,3,0,1,3,Stimulus,,,,,,,,,,,,
SV017,R,306,3,3,0,0,3,Stimulus,,,,,,,,,,,,
SV017,R,307,3,3,1,0,3,Stimulus,,,,,,,,,,,,
SV017,R,308,2,3,1,1,3,Stimulus,,,,,,,,,,,,
SV017,R,309,3,2,0,0,2,Stimulus,,,,,,,,,,,,
SV017,R,310,3,3,1,0,3,Stimulus,,,,,,,,,,,,
SV017,R,311,3,0,0,1,0,Stimulus,,,,,,,,,,,,
SV017,R,312,2,3,0,0,3,Stimulus,,,,,,,,,,,,
SV017,R,313,2,3,1,1,3,Stimulus,,,,,,,,,,,,
SV017,R,314,2,0,1,1,0,Stimulus,,,,,,,,,,,,
SV017,R,315,3,3,0,1,3,Stimulus,,,,,,,,,,,,
SV017,R,316,2,2,0,1,2,Stimulus,,,,,,,,,,,,
SV017,R,317,3,3,1,0,3,Stimulus,,,,,,,,,,,,
SV017,R,318,3,0,0,1,0,Stimulus,,,,,,,,,,,,
SV017,R,319,2,2,1,1,2,Stimulus,,,,,,,,,,,,
SV017,R,320,2,0,0,0,0,Stimulus,,,,,,,,,,,,
SV017,R,321,3,0,0,0,0,Stimulus,,,,,,,,,,,,
SV017,R,322,3,0,1,0,0,Stimulus,,,,,,,,,,,,
SV017,R,323,2,2,1,0,2,Stimulus,,,,,,,,,,,,
SV017,R,324,2,2,0,1,2,Stimulus,,,,,,,,,,,,
SV017,R,325,3,2,0,1,2,Stimulus,,,,,,,,,,,,
SV017,R,326,2,2,1,0,2,Stimulus,,,,,,,,,,,,
SV017,R,327,2,0,0,1,0,Stimulus,,,,,,,,,,,,
SV017,R,328,3,2,1,1,2,Stimulus,,,,,,,,,,,,
SV017,R,329,3,3,0,0,3,Stimulus,,,,,,,,,,,,
SV017,R,330,2,0,0,1,0,Stimulus,,,,,,,,,,,,
SV017,R,331,3,0,1,1,0,Stimulus,,,,,,,,,,,,
SV017,R,332,3,2,1,0,2,Stimulus,,,,,,,,,,,,
SV017,R,333,2,3,1,1,3,Stimulus,,,,,,,,,,,,
SV017,R,334,3,2,0,1,2,Stimulus,,,,,,,,,,,,
SV017,R,335,3,0,1,1,0,Stimulus,,,,,,,,,,,,
SV017,R,336,2,3,1,1,3,Stimulus,,,,,,,,,,,,
SV017,R,337,3,2,1,0,2,Stimulus,,,,,,,,,,,,
SV017,R,338,2,0,1,0,0,Stimulus,,,,,,,,,,,,
SV017,R,339,2,2,1,1,2,Stimulus,,,,,,,,,,,,
SV017,R,340,2,3,1,0,3,Stimulus,,,,,,,,,,,,
SV017,R,341,3,0,0,0,0,Stimulus,,,,,,,,,,,,
SV017,R,342,2,2,1,1,2,Stimulus,,,,,,,,,,,,
SV017,R,343,3,2,0,0,2,Stimulus,,,,,,,,,,,,
SV017,R,344,3,2,0,0,2,Stimulus,,,,,,,,,,,,
SV017,R,345,3,2,1,1,2,Stimulus,,,,,,,,,,,,
SV017,R,346,2,3,0,1,3,Stimulus,,,,,,,,,,,,
SV017,R,347,3,2,0,0,2,Stimulus,,,,,,,,,,,,
SV017,R,348,3,2,1,0,2,Stimulus,,,,,,,,,,,,
SV017,R,349,2,3,1,1,3,Stimulus,,,,,,,,,,,,
SV017,R,350,2,3,0,0,3,Stimulus,,,,,,,,,,,,
SV017,R,351,2,0,1,1,0,Stimulus,,,,,,,,,,,,
SV017,R,352,3,3,1,0,3,Stimulus,,,,,,,,,,,,
SV017,R,353,3,3,1,0,3,Stimulus,,,,,,,,,,,,
SV017,R,354,3,3,1,1,3,Stimulus,,,,,,,,,,,,
SV017,R,355,2,0,0,0,0,Stimulus,,,,,,,,,,,,
SV017,R,356,3,3,0,0,3,Stimulus,,,,,,,,,,,,
SV017,R,357,2,2,0,0,2,Stimulus,,,,,,,,,,,,
SV017,R,358,2,3,1,1,3,Stimulus,,,,,,,,,,,,
SV017,R,359,2,3,0,0,3,Stimulus,,,,,,,,,,,,
SV017,R,360,3,0,1,1,0,Stimulus,,,,,,,,,,,,
SV017,R,361,2,2,0,0,2,Stimulus,,,,,,,,,,,,
SV017,R,362,3,0,1,1,0,Stimulus,,,,,,,,,,,,
SV017,R,363,2,3,1,1,3,Stimulus,,,,,,,,,,,,
SV017,R,364,2,3,0,1,3,Stimulus,,,,,,,,,,,,
SV017,R,365,2,3,0,1,3,Stimulus,,,,,,,,,,,,
SV017,R,366,3,3,0,0,3,Stimulus,,,,,,,,,,,,
SV017,R,367,2,0,1,0,0,Stimulus,,,,,,,,,,,,
SV017,R,368,3,2,1,1,2,Stimulus,,,,,,,,,,,,
SV017,R,369,3,3,1,1,3,Stimulus,,,,,,,,,,,,
SV017,R,370,3,2,0,1,2,Stimulus,,,,,,,,,,,,
SV017,R,371,3,2,0,0,2,Stimulus,,,,,,,,,,,,
SV017,R,372,2,0,1,0,0,Stimulus,,,,,,,,,,,,
SV017,R,373,3,0,0,0,0,Stimulus,,,,,,,,,,,,
SV017,R,374,2,0,1,0,0,Stimulus,,,,,,,,,,,,
SV017,R,375,2,3,0,1,3,Stimulus,,,,,,,,,,,,
SV017,R,376,3,0,0,0,0,Stimulus,,,,,,,,,,,,
SV017,R,377,2,3,1,0,3,Stimulus,,,,,,,,,,,,
SV017,R,378,3,3,1,0,3,Stimulus,,,,,,,,,,,,
SV017,R,379,2,3,0,1,3,Stimulus,,,,,,,,,,,,
SV017,R,380,2,0,0,0,0,Stimulus,,,,,,,,,,,,
SV017,R,381,2,2,1,1,2,Stimulus,,,,,,,,,,,,
SV017,R,382,3,0,1,0,0,Stimulus,,,,,,,,,,,,
SV017,R,383,2,0,1,0,0,Stimulus,,,,,,,,,,,,
SV017,R,384,3,0,1,1,0,Stimulus,,,,,,,,,,,,
SV017,R,385,3,2,1,0,2,Stimulus,,,,,,,,,,,,
SV017,R,386,2,0,0,0,0,Stimulus,,,,,,,,,,,,
SV017,R,387,3,3,0,1,3,Stimulus,,,,,,,,,,,,
SV017,R,388,3,0,0,1,0,Stimulus,,,,,,,,,,,,
SV017,R,389,2,2,1,0,2,Stimulus,,,,,,,,,,,,
SV017,R,390,3,3,0,0,3,Stimulus,,,,,,,,,,,,
SV017,R,391,2,2,0,0,2,Stimulus,,,,,,,,,,,,
SV017,R,392,2,3,1,1,3,Stimulus,,,,,,,,,,,,
SV017,R,393,3,3,1,0,3,Stimulus,,,,,,,,,,,,
SV017,R,394,3,3,0,0,3,Stimulus,,,,,,,,,,,,
SV017,R,395,3,2,0,0,2,Stimulus,,,,,,,,,,,,
SV017,R,396,2,3,0,0,3,Stimulus,,,,,,,,,,,,
SV017,R,397,3,0,1,0,0,Stimulus,,,,,,,,,,,,
SV017,R,398,2,3,0,0,3,Stimulus,,,,,,,,,,,,
SV017,R,399,2,2,0,0,2,Stimulus,,,,,,,,,,,,
SV017,R,400,3,2,0,0,2,Stimulus,,,,,,,,,,,,
SV017,R,401,2,2,1,0,2,Stimulus,,,,,,,,,,,,
SV017,R,402,3,3,1,1,3,Stimulus,,,,,,,,,,,,
SV017,R,403,2,0,0,1,0,Stimulus,,,,,,,,,,,,
SV017,R,404,2,3,1,0,3,Stimulus,,,,,,,,,,,,
SV017,R,405,3,0,1,0,0,Stimulus,,,,,,,,,,,,
SV017,R,406,2,3,1,1,3,Stimulus,,,,,,,,,,,,
SV017,R,407,3,3,0,1,3,Stimulus,,,,,,,,,,,,
SV017,R,408,2,3,0,0,3,Stimulus,,,,,,,,,,,,
SV017,R,409,2,3,0,1,3,Stimulus,,,,,,,,,,,,
SV017,R,410,3,3,1,1,3,Stimulus,,,,,,,,,,,,
SV017,R,411,2,0,1,1,0,Stimulus,,,,,,,,,,,,
SV017,R,412,3,3,1,1,3,Stimulus,,,,,,,,,,,,
SV017,R,413,3,2,1,0,2,Stimulus,,,,,,,,,,,,
SV017,R,414,2,3,0,0,3,Stimulus,,,,,,,,,,,,
SV017,R,415,3,3,0,1,3,Stimulus,,,,,,,,,,,,
SV017,R,416,3,0,1,1,0,Stimulus,,,,,,,,,,,,
SV017,R,417,3,0,1,1,0,Stimulus,,,,,,,,,,,,
SV017,R,418,2,3,1,0,3,Stimulus,,,,,,,,,,,,
SV017,R,419,3,0,1,1,0,Stimulus,,,,,,,,,,,,
SV017,R,420,3,0,0,0,0,Stimulus,,,,,,,,,,,,
SV017,R,421,2,3,1,0,3,Stimulus,,,,,,,,,,,,
SV017,R,422,2,2,0,1,2,Stimulus,,,,,,,,,,,,
SV017,R,423,3,0,0,0,0,Stimulus,,,,,,,,,,,,
SV017,R,424,2,0,1,1,0,Stimulus,,,,,,,,,,,,
SV017,R,425,2,0,0,0,0,Stimulus,,,,,,,,,,,,
SV017,R,426,3,3,1,0,3,Stimulus,,,,,,,,,,,,
SV017,R,427,3,2,0,1,2,Stimulus,,,,,,,,,,,,
SV017,R,428,2,3,1,0,3,Stimulus,,,,,,,,,,,,
SV017,R,429,2,2,0,1,2,Stimulus,,,,,,,,,,,,
SV017,R,430,2,3,0,1,3,Stimulus,,,,,,,,,,,,
SV017,R,431,3,0,0,0,0,Stimulus,,,,,,,,,,,,
SV017,R,432,3,2,1,1,2,Stimulus,,,,,,,,,,,,
SV017,R,433,2,0,1,0,0,Stimulus,,,,,,,,,,,,
SV017,R,434,3,3,0,1,3,Stimulus,,,,,,,,,,,,
SV017,R,435,3,2,0,1,2,Stimulus,,,,,,,,,,,,
SV017,R,436,3,0,0,0,0,Stimulus,,,,,,,,,,,,
SV017,R,437,2,3,0,0,3,Stimulus,,,,,,,,,,,,
SV017,R,438,2,2,1,1,2,Stimulus,,,,,,,,,,,,
SV017,R,439,3,3,0,1,3,Stimulus,,,,,,,,,,,,
SV017,R,440,2,2,0,0,2,Stimulus,,,,,,,,,,,,
SV017,R,441,2,0,0,0,0,Stimulus,,,,,,,,,,,,
SV017,R,442,3,3,0,1,3,Stimulus,,,,,,,,,,,,
SV017,R,443,2,2,0,1,2,Stimulus,,,,,,,,,,,,
SV017,R,444,2,2,1,0,2,Stimulus,,,,,,,,,,,,
SV017,R,445,3,2,1,1,2,Stimulus,,,,,,,,,,,,
SV017,R,446,2,0,1,1,0,Stimulus,,,,,,,,,,,,
SV017,R,447,2,0,0,0,0,Stimulus,,,,,,,,,,,,
SV017,R,448,2,2,1,1,2,Stimulus,,,,,,,,,,,,
SV017,R,449,3,2,0,0,2,Stimulus,,,,,,,,,,,,
SV017,R,450,3,3,1,1,3,Stimulus,,,,,,,,,,,,
SV017,R,451,3,3,0,0,3,Stimulus,,,,,,,,,,,,
SV017,R,452,2,0,0,1,0,Stimulus,,,,,,,,,,,,
SV017,R,453,2,2,0,1,2,Stimulus,,,,,,,,,,,,
SV017,R,454,2,0,0,0,0,Stimulus,,,,,,,,,,,,
SV017,R,455,2,0,1,1,0,Stimulus,,,,,,,,,,,,
SV017,R,456,3,2,1,0,2,Stimulus,,,,,,,,,,,,
SV017,R,457,3,2,1,1,2,Stimulus,,,,,,,,,,,,
SV017,R,458,2,2,0,1,2,Stimulus,,,,,,,,,,,,
SV017,R,459,2,0,0,0,0,Stimulus,,,,,,,,,,,,
SV017,R,460,2,2,0,1,2,Stimulus,,,,,,,,,,,,
SV017,R,461,3,0,0,1,0,Stimulus,,,,,,,,,,,,
SV017,R,462,3,0,1,0,0,Stimulus,,,,,,,,,,,,
SV017,R,463,2,2,1,0,2,Stimulus,,,,,,,,,,,,
SV017,R,464,3,3,1,1,3,Stimulus,,,,,,,,,,,,
SV017,R,465,3,0,0,1,0,Stimulus,,,,,,,,,,,,
SV017,R,466,2,2,1,1,2,Stimulus,,,,,,,,,,,,
SV017,R,467,2,3,0,1,3,Stimulus,,,,,,,,,,,,
SV017,R,468,3,2,1,1,2,Stimulus,,,,,,,,,,,,
SV017,R,469,2,2,0,0,2,Stimulus,,,,,,,,,,,,
SV017,R,470,3,3,0,1,3,Stimulus,,,,,,,,,,,,
SV017,R,471,2,3,1,1,3,Stimulus,,,,,,,,,,,,
SV017,R,472,3,2,0,1,2,Stimulus,,,,,,,,,,,,
SV017,R,473,2,0,0,0,0,Stimulus,,,,,,,,,,,,
SV017,R,474,2,2,1,1,2,Stimulus,,,,,,,,,,,,
SV017,R,475,2,2,0,0,2,Stimulus,,,,,,,,,,,,
SV017,R,476,3,3,1,1,3,Stimulus,,,,,,,,,,,,
SV017,R,477,2,3,0,0,3,Stimulus,,,,,,,,,,,,
SV017,R,478,3,0,1,0,0,Stimulus,,,,,,,,,,,,
SV017,R,479,2,2,1,0,2,Stimulus,,,,,,,,,,,,
SV017,R,480,2,0,1,0,0,Stimulus,,,,,,,,,,,,
