subj_id,eye,trial_no,n_flash,n_beep,direction,blindspot,response,phase,fixation_x_mean,fixation_x_max,fixation_y_mean,fixation_y_max,pupil_avg_mean,pupil_avg_max,fixation_duration_mean,saccade_amplitude_mean,saccade_amplitude_max,saccade_velocity_mean,saccade_velocity_max,saccade_duration_mean
SV019,L,1,2,2,0,0,2,Fixation,,,,,,,,,,,,
SV019,L,2,3,0,0,0,2,Fixation,,,,,,,,,,,,
SV019,L,3,3,0,1,1,2,Fixation,,,,,,,,,,,,
SV019,L,4,2,3,0,1,2,Fixation,,,,,,,,,,,,
SV019,L,5,3,2,1,0,2,Fixation,,,,,,,,,,,,
SV019,L,6,3,0,1,0,2,Fixation,,,,,,,,,,,,
SV019,L,7,3,3,1,1,2,Fixation,,,,,,,,,,,,
SV019,L,8,3,0,1,1,2,Fixation,,,,,,,,,,,,
SV019,L,9,2,0,0,1,2,Fixation,,,,,,,,,,,,
SV019,L,10,3,3,1,1,2,Fixation,,,,,,,,,,,,
SV019,L,11,3,2,0,1,2,Fixation,,,,,,,,,,,,
SV019,L,12,3,2,0,0,2,Fixation,,,,,,,,,,,,
SV019,L,13,3,2,1,0,2,Fixation,,,,,,,,,,,,
SV019,L,14,2,2,0,0,2,Fixation,,,,,,,,,,,,
SV019,L,15,3,2,0,0,2,Fixation,,,,,,,,,,,,
SV019,L,16,3,3,0,1,2,Fixation,,,,,,,,,,,,
SV019,L,17,2,3,1,1,2,Fixation,,,,,,,,,,,,
SV019,L,18,3,3,0,0,2,Fixation,,,,,,,,,,,,
SV019,L,19,3,2,0,1,2,Fixation,,,,,,,,,,,,
SV019,L,20,2,3,0,0,2,Fixation,,,,,,,,,,,,
SV019,L,21,2,3,1,0,2,Fixation,,,,,,,,,,,,
SV019,L,22,2,3,1,1,2,Fixation,,,,,,,,,,,,
SV019,L,23,3,2,0,0,2,Fixation,,,,,,,,,,,,
SV019,L,24,3,2,0,0,2,Fixation,,,,,,,,,,,,
SV019,L,25,3,3,0,1,2,Fixation,,,,,,,,,,,,
SV019,L,26,2,0,1,1,2,Fixation,,,,,,,,,,,,
SV019,L,27,2,2,1,1,2,Fixation,,,,,,,,,,,,
SV019,L,28,2,0,1,0,2,Fixation,,,,,,,,,,,,
SV019,L,29,3,0,1,0,2,Fixation,,,,,,,,,,,,
SV019,L,30,3,2,1,1,2,Fixation,,,,,,,,,,,,
SV019,L,31,3,3,1,1,2,Fixation,,,,,,,,,,,,
SV019,L,32,3,3,0,1,2,Fixation,,,,,,,,,,,,
SV019,L,33,3,3,1,0,2,Fixation,,,,,,,,,,,,
SV019,L,34,3,3,0,0,2,Fixation,,,,,,,,,,,,
SV019,L,35,2,2,1,0,2,Fixation,,,,,,,,,,,,
SV019,L,36,2,0,1,1,2,Fixation,,,,,,,,,,,,
SV019,L,37,3,0,0,1,2,Fixation,,,,,,,,,,,,
SV019,L,38,3,2,1,1,2,Fixation,,,,,,,,,,,,
SV019,L,39,2,0,0,0,1,Fixation,,,,,,,,,,,,
SV019,L,40,2,0,0,1,2,Fixation,,,,,,,,,,,,
SV019,L,41,2,0,1,0,2,Fixation,,,,,,,,,,,,
SV019,L,42,3,2,0,1,2,Fixation,,,,,,,,,,,,
SV019,L,43,2,0,1,0,2,Fixation,,,,,,,,,,,,
SV019,L,44,3,2,0,0,2,Fixation,,,,,,,,,,,,
SV019,L,45,3,3,1,0,2,Fixation,,,,,,,,,,,,
SV019,L,46,3,0,1,0,2,Fixation,,,,,,,,,,,,
SV019,L,47,3,3,0,0,2,Fixation,,,,,,,,,,,,
SV019,L,48,3,3,0,0,2,Fixation,,,,,,,,,,,,
SV019,L,49,3,3,1,1,2,Fixation,,,,,,,,,,,,
SV019,L,50,2,2,1,0,2,Fixation,,,,,,,,,,,,
SV019,L,51,2,3,1,1,2,Fixation,,,,,,,,,,,,
SV019,L,52,3,2,1,1,2,Fixation,,,,,,,,,,,,
SV019,L,53,3,3,0,0,2,Fixation,,,,,,,,,,,,
SV019,L,54,2,0,0,1,2,Fixation,,,,,,,,,,,,
SV019,L,55,2,2,1,0,2,Fixation,,,,,,,,,,,,
SV019,L,56,3,0,1,1,2,Fixation,,,,,,,,,,,,
SV019,L,57,3,3,0,1,2,Fixation,,,,,,,,,,,,
SV019,L,58,3,2,0,1,2,Fixation,,,,,,,,,,,,
SV019,L,59,3,3,0,0,2,Fixation,,,,,,,,,,,,
SV019,L,60,3,3,1,1,2,Fixation,,,,,,,,,,,,
SV019,L,61,3,0,0,0,2,Fixation,,,,,,,,,,,,
SV019,L,62,2,2,1,0,2,Fixation,,,,,,,,,,,,
SV019,L,63,2,3,1,1,2,Fixation,,,,,,,,,,,,
SV019,L,64,2,3,0,0,2,Fixation,,,,,,,,,,,,
SV019,L,65,3,0,0,0,2,Fixation,,,,,,,,,,,,
SV019,L,66,2,3,0,1,2,Fixation,,,,,,,,,,,,
SV019,L,67,2,0,0,0,2,Fixation,,,,,,,,,,,,
SV019,L,68,2,3,0,1,2,Fixation,,,,,,,,,,,,
SV019,L,69,2,3,0,1,2,Fixation,,,,,,,,,,,,
SV019,L,70,3,0,0,1,2,Fixation,,,,,,,,,,,,
SV019,L,71,3,3,1,1,1,Fixation,,,,,,,,,,,,
SV019,L,72,3,3,1,0,2,Fixation,,,,,,,,,,,,
SV019,L,73,3,0,1,0,2,Fixation,,,,,,,,,,,,
SV019,L,74,3,2,0,0,2,Fixation,,,,,,,,,,,,
SV019,L,75,3,3,1,0,2,Fixation,,,,,,,,,,,,
SV019,L,76,2,0,1,0,2,Fixation,,,,,,,,,,,,
SV019,L,77,2,2,1,0,2,Fixation,,,,,,,,,,,,
SV019,L,78,3,2,1,0,2,Fixation,,,,,,,,,,,,
SV019,L,79,2,0,0,1,2,Fixation,,,,,,,,,,,,
SV019,L,80,3,2,1,0,2,Fixation,,,,,,,,,,,,
SV019,L,81,3,0,0,0,2,Fixation,,,,,,,,,,,,
SV019,L,82,2,3,0,1,2,Fixation,,,,,,,,,,,,
SV019,L,83,3,3,1,0,2,Fixation,,,,,,,,,,,,
SV019,L,84,2,3,0,1,2,Fixation,,,,,,,,,,,,
SV019,L,85,3,0,0,0,2,Fixation,,,,,,,,,,,,
SV019,L,86,3,2,1,1,2,Fixation,,,,,,,,,,,,
SV019,L,87,2,3,1,1,2,Fixation,,,,,,,,,,,,
SV019,L,88,2,0,1,0,2,Fixation,,,,,,,,,,,,
SV019,L,89,2,2,0,1,2,Fixation,,,,,,,,,,,,
SV019,L,90,2,2,1,1,2,Fixation,,,,,,,,,,,,
SV019,L,91,2,2,0,1,2,Fixation,,,,,,,,,,,,
SV019,L,92,2,0,0,1,2,Fixation,,,,,,,,,,,,
SV019,L,93,3,2,1,0,2,Fixation,,,,,,,,,,,,
SV019,L,94,2,0,1,1,2,Fixation,,,,,,,,,,,,
SV019,L,95,2,3,1,0,2,Fixation,,,,,,,,,,,,
SV019,L,96,3,0,1,0,2,Fixation,,,,,,,,,,,,
SV019,L,97,3,2,0,1,2,Fixation,,,,,,,,,,,,
SV019,L,98,2,2,0,1,2,Fixation,,,,,,,,,,,,
SV019,L,99,2,3,0,1,2,Fixation,,,,,,,,,,,,
SV019,L,100,2,0,1,0,2,Fixation,,,,,,,,,,,,
SV019,L,101,3,3,0,0,2,Fixation,,,,,,,,,,,,
SV019,L,102,2,2,0,1,2,Fixation,,,,,,,,,,,,
SV019,L,103,2,0,0,1,2,Fixation,,,,,,,,,,,,
SV019,L,104,3,2,0,1,2,Fixation,,,,,,,,,,,,
SV019,L,105,3,0,1,0,2,Fixation,,,,,,,,,,,,
SV019,L,106,2,2,1,1,2,Fixation,,,,,,,,,,,,
SV019,L,107,3,2,1,0,2,Fixation,,,,,,,,,,,,
SV019,L,108,3,3,1,0,2,Fixation,,,,,,,,,,,,
SV019,L,109,3,3,0,0,2,Fixation,,,,,,,,,,,,
SV019,L,110,2,0,1,1,2,Fixation,,,,,,,,,,,,
SV019,L,111,2,0,0,0,2,Fixation,,,,,,,,,,,,
SV019,L,112,3,0,1,1,2,Fixation,,,,,,,,,,,,
SV019,L,113,2,0,1,1,2,Fixation,,,,,,,,,,,,
SV019,L,114,3,0,1,1,2,Fixation,,,,,,,,,,,,
SV019,L,115,3,0,0,1,2,Fixation,,,,,,,,,,,,
SV019,L,116,2,3,1,0,2,Fixation,,,,,,,,,,,,
SV019,L,117,2,0,1,0,2,Fixation,,,,,,,,,,,,
SV019,L,118,2,0,0,0,2,Fixation,,,,,,,,,,,,
SV019,L,119,3,3,1,1,2,Fixation,,,,,,,,,,,,
SV019,L,120,3,3,0,1,2,Fixation,,,,,,,,,,,,
SV019,L,121,2,0,1,0,2,Fixation,,,,,,,,,,,,
SV019,L,122,2,2,0,1,2,Fixation,,,,,,,,,,,,
SV019,L,123,3,3,0,0,2,Fixation,,,,,,,,,,,,
SV019,L,124,2,0,1,1,2,Fixation,,,,,,,,,,,,
SV019,L,125,2,0,1,1,2,Fixation,,,,,,,,,,,,
SV019,L,126,2,3,0,0,2,Fixation,,,,,,,,,,,,
SV019,L,127,2,2,1,1,2,Fixation,,,,,,,,,,,,
SV019,L,128,2,2,1,0,2,Fixation,,,,,,,,,,,,
SV019,L,129,3,0,0,1,2,Fixation,,,,,,,,,,,,
SV019,L,130,3,0,1,1,2,Fixation,,,,,,,,,,,,
SV019,L,131,3,3,1,0,2,Fixation,,,,,,,,,,,,
SV019,L,132,2,2,1,1,2,Fixation,,,,,,,,,,,,
SV019,L,133,2,3,1,1,2,Fixation,,,,,,,,,,,,
SV019,L,134,3,0,1,1,2,Fixation,,,,,,,,,,,,
SV019,L,135,3,0,1,0,2,Fixation,,,,,,,,,,,,
SV019,L,136,2,0,0,0,2,Fixation,,,,,,,,,,,,
SV019,L,137,3,2,0,0,2,Fixation,,,,,,,,,,,,
SV019,L,138,3,3,0,1,2,Fixation,,,,,,,,,,,,
SV019,L,139,3,0,0,1,2,Fixation,,,,,,,,,,,,
SV019,L,140,2,3,0,0,2,Fixation,,,,,,,,,,,,
SV019,L,141,3,3,1,1,2,Fixation,,,,,,,,,,,,
SV019,L,142,3,0,1,1,2,Fixation,,,,,,,,,,,,
SV019,L,143,2,0,0,0,2,Fixation,,,,,,,,,,,,
SV019,L,144,2,3,0,0,2,Fixation,,,,,,,,,,,,
SV019,L,145,2,2,0,1,2,Fixation,,,,,,,,,,,,
SV019,L,146,2,3,1,0,2,Fixation,,,,,,,,,,,,
SV019,L,147,3,0,0,0,2,Fixation,,,,,,,,,,,,
SV019,L,148,2,0,0,0,2,Fixation,,,,,,,,,,,,
SV019,L,149,3,0,1,1,2,Fixation,,,,,,,,,,,,
SV019,L,150,3,3,0,1,2,Fixation,,,,,,,,,,,,
SV019,L,151,2,0,0,0,2,Fixation,,,,,,,,,,,,
SV019,L,152,2,2,1,1,2,Fixation,,,,,,,,,,,,
SV019,L,153,3,2,1,1,2,Fixation,,,,,,,,,,,,
SV019,L,154,3,2,1,1,2,Fixation,,,,,,,,,,,,
SV019,L,155,2,2,1,1,2,Fixation,,,,,,,,,,,,
SV019,L,156,3,0,0,1,2,Fixation,,,,,,,,,,,,
SV019,L,157,2,0,1,1,2,Fixation,,,,,,,,,,,,
SV019,L,158,3,0,1,0,2,Fixation,,,,,,,,,,,,
SV019,L,159,2,2,0,0,2,Fixation,,,,,,,,,,,,
SV019,L,160,3,0,1,0,2,Fixation,,,,,,,,,,,,
SV019,L,161,2,2,0,0,2,Fixation,,,,,,,,,,,,
SV019,L,162,2,3,1,0,2,Fixation,,,,,,,,,,,,
SV019,L,163,2,3,1,1,2,Fixation,,,,,,,,,,,,
SV019,L,164,3,2,0,0,2,Fixation,,,,,,,,,,,,
SV019,L,165,2,3,1,0,2,Fixation,,,,,,,,,,,,
SV019,L,166,2,3,0,1,2,Fixation,,,,,,,,,,,,
SV019,L,167,2,2,0,1,2,Fixation,,,,,,,,,,,,
SV019,L,168,3,2,1,1,2,Fixation,,,,,,,,,,,,
SV019,L,169,2,2,1,1,2,Fixation,,,,,,,,,,,,
SV019,L,170,2,3,0,0,2,Fixation,,,,,,,,,,,,
SV019,L,171,2,0,0,1,2,Fixation,,,,,,,,,,,,
SV019,L,172,3,0,1,0,2,Fixation,,,,,,,,,,,,
SV019,L,173,2,3,1,1,2,Fixation,,,,,,,,,,,,
SV019,L,174,3,0,0,1,2,Fixation,,,,,,,,,,,,
SV019,L,175,2,3,0,0,2,Fixation,,,,,,,,,,,,
SV019,L,176,3,0,0,0,2,Fixation,,,,,,,,,,,,
SV019,L,177,2,0,0,1,2,Fixation,,,,,,,,,,,,
SV019,L,178,3,2,0,1,2,Fixation,,,,,,,,,,,,
SV019,L,179,2,2,0,0,2,Fixation,,,,,,,,,,,,
SV019,L,180,2,0,0,1,2,Fixation,,,,,,,,,,,,
SV019,L,181,3,3,0,0,2,Fixation,,,,,,,,,,,,
SV019,L,182,2,0,1,0,2,Fixation,,,,,,,,,,,,
SV019,L,183,2,2,0,1,2,Fixation,,,,,,,,,,,,
SV019,L,184,2,3,0,1,2,Fixation,,,,,,,,,,,,
SV019,L,185,2,0,1,1,2,Fixation,,,,,,,,,,,,
SV019,L,186,3,3,1,0,2,Fixation,,,,,,,,,,,,
SV019,L,187,2,3,1,0,2,Fixation,,,,,,,,,,,,
SV019,L,188,3,3,1,1,2,Fixation,,,,,,,,,,,,
SV019,L,189,2,3,0,1,2,Fixation,,,,,,,,,,,,
SV019,L,190,2,3,1,1,2,Fixation,,,,,,,,,,,,
SV019,L,191,3,2,0,1,2,Fixation,,,,,,,,,,,,
SV019,L,192,2,3,1,0,2,Fixation,,,,,,,,,,,,
SV019,L,193,2,3,1,0,2,Fixation,,,,,,,,,,,,
SV019,L,194,2,2,0,0,2,Fixation,,,,,,,,,,,,
SV019,L,195,2,2,0,1,2,Fixation,,,,,,,,,,,,
SV019,L,196,2,2,0,0,2,Fixation,,,,,,,,,,,,
SV019,L,197,3,0,0,0,2,Fixation,,,,,,,,,,,,
SV019,L,198,2,2,0,1,2,Fixation,,,,,,,,,,,,
SV019,L,199,2,2,1,0,2,Fixation,,,,,,,,,,,,
SV019,L,200,2,2,1,0,2,Fixation,,,,,,,,,,,,
SV019,L,201,3,3,1,0,2,Fixation,,,,,,,,,,,,
SV019,L,202,3,2,1,1,2,Fixation,,,,,,,,,,,,
SV019,L,203,2,0,0,0,2,Fixation,,,,,,,,,,,,
SV019,L,204,2,3,0,0,2,Fixation,,,,,,,,,,,,
SV019,L,205,3,2,0,1,2,Fixation,,,,,,,,,,,,
SV019,L,206,3,2,1,0,2,Fixation,,,,,,,,,,,,
SV019,L,207,3,0,0,1,2,Fixation,,,,,,,,,,,,
SV019,L,208,3,0,0,1,2,Fixation,,,,,,,,,,,,
SV019,L,209,2,3,1,1,2,Fixation,,,,,,,,,,,,
SV019,L,210,2,2,1,0,2,Fixation,,,,,,,,,,,,
SV019,L,211,3,3,1,1,2,Fixation,,,,,,,,,,,,
SV019,L,212,2,3,0,0,2,Fixation,,,,,,,,,,,,
SV019,L,213,3,3,0,1,2,Fixation,,,,,,,,,,,,
SV019,L,214,2,3,0,0,2,Fixation,,,,,,,,,,,,
SV019,L,215,2,2,1,0,2,Fixation,,,,,,,,,,,,
SV019,L,216,2,0,0,1,2,Fixation,,,,,,,,,,,,
SV019,L,217,3,0,1,1,2,Fixation,,,,,,,,,,,,
SV019,L,218,3,2,0,0,2,Fixation,,,,,,,,,,,,
SV019,L,219,3,2,0,0,2,Fixation,,,,,,,,,,,,
SV019,L,220,3,3,1,0,2,Fixation,,,,,,,,,,,,
SV019,L,221,2,2,0,0,2,Fixation,,,,,,,,,,,,
SV019,L,222,3,0,0,0,2,Fixation,,,,,,,,,,,,
SV019,L,223,3,0,0,0,1,Fixation,,,,,,,,,,,,
SV019,L,224,3,2,1,1,2,Fixation,,,,,,,,,,,,
SV019,L,225,2,2,0,0,2,Fixation,,,,,,,,,,,,
SV019,L,226,3,3,0,1,2,Fixation,,,,,,,,,,,,
SV019,L,227,2,0,1,1,2,Fixation,,,,,,,,,,,,
SV019,L,228,3,2,0,1,2,Fixation,,,,,,,,,,,,
SV019,L,229,3,2,1,0,2,Fixation,,,,,,,,,,,,
SV019,L,230,3,0,0,1,2,Fixation,,,,,,,,,,,,
SV019,L,231,2,0,1,0,2,Fixation,,,,,,,,,,,,
SV019,L,232,2,2,1,1,2,Fixation,,,,,,,,,,,,
SV019,L,233,3,2,1,1,2,Fixation,,,,,,,,,,,,
SV019,L,234,3,3,0,1,2,Fixation,,,,,,,,,,,,
SV019,L,235,3,2,1,0,2,Fixation,,,,,,,,,,,,
SV019,L,236,2,0,0,0,2,Fixation,,,,,,,,,,,,
SV019,L,237,2,3,1,0,2,Fixation,,,,,,,,,,,,
SV019,L,238,2,2,0,0,2,Fixation,,,,,,,,,,,,
SV019,L,239,2,2,1,1,2,Fixation,,,,,,,,,,,,
SV019,L,240,3,2,1,0,2,Fixation,,,,,,,,,,,,
SV019,L,241,3,0,1,1,0,Fixation,,,,,,,,,,,,
SV019,L,242,2,3,1,1,3,Fixation,,,,,,,,,,,,
SV019,L,243,3,0,0,0,0,Fixation,,,,,,,,,,,,
SV019,L,244,3,0,1,0,0,Fixation,,,,,,,,,,,,
SV019,L,245,3,2,0,0,2,Fixation,,,,,,,,,,,,
SV019,L,246,2,0,0,0,0,Fixation,,,,,,,,,,,,
SV019,L,247,2,0,1,1,0,Fixation,,,,,,,,,,,,
SV019,L,248,2,0,1,1,0,Fixation,,,,,,,,,,,,
SV019,L,249,2,3,0,1,3,Fixation,,,,,,,,,,,,
SV019,L,250,2,3,0,0,3,Fixation,,,,,,,,,,,,
SV019,L,251,2,3,0,1,3,Fixation,,,,,,,,,,,,
SV019,L,252,2,2,1,1,2,Fixation,,,,,,,,,,,,
SV019,L,253,3,0,0,0,0,Fixation,,,,,,,,,,,,
SV019,L,254,2,0,0,1,0,Fixation,,,,,,,,,,,,
SV019,L,255,3,0,0,1,0,Fixation,,,,,,,,,,,,
SV019,L,256,3,2,1,1,2,Fixation,,,,,,,,,,,,
SV019,L,257,2,3,1,1,3,Fixation,,,,,,,,,,,,
SV019,L,258,2,2,1,0,2,Fixation,,,,,,,,,,,,
SV019,L,259,2,0,1,0,0,Fixation,,,,,,,,,,,,
SV019,L,260,2,2,0,1,2,Fixation,,,,,,,,,,,,
SV019,L,261,2,2,1,1,2,Fixation,,,,,,,,,,,,
SV019,L,262,2,3,1,0,3,Fixation,,,,,,,,,,,,
SV019,L,263,3,3,1,1,3,Fixation,,,,,,,,,,,,
SV019,L,264,2,0,1,1,0,Fixation,,,,,,,,,,,,
SV019,L,265,3,2,1,0,2,Fixation,,,,,,,,,,,,
SV019,L,266,3,0,1,1,0,Fixation,,,,,,,,,,,,
SV019,L,267,2,2,1,0,2,Fixation,,,,,,,,,,,,
SV019,L,268,2,0,1,1,0,Fixation,,,,,,,,,,,,
SV019,L,269,2,2,0,1,2,Fixation,,,,,,,,,,,,
SV019,L,270,2,2,0,0,2,Fixation,,,,,,,,,,,,
SV019,L,271,3,0,1,0,0,Fixation,,,,,,,,,,,,
SV019,L,272,3,3,1,1,3,Fixation,,,,,,,,,,,,
SV019,L,273,2,0,1,1,0,Fixation,,,,,,,,,,,,
SV019,L,274,2,0,0,0,0,Fixation,,,,,,,,,,,,
SV019,L,275,2,2,0,1,2,Fixation,,,,,,,,,,,,
SV019,L,276,2,3,0,0,3,Fixation,,,,,,,,,,,,
SV019,L,277,2,3,0,1,3,Fixation,,,,,,,,,,,,
SV019,L,278,3,2,0,0,2,Fixation,,,,,,,,,,,,
SV019,L,279,3,3,1,0,3,Fixation,,,,,,,,,,,,
SV019,L,280,3,0,1,1,0,Fixation,,,,,,,,,,,,
SV019,L,281,3,2,1,1,2,Fixation,,,,,,,,,,,,
SV019,L,282,2,3,0,1,3,Fixation,,,,,,,,,,,,
SV019,L,283,3,2,1,1,2,Fixation,,,,,,,,,,,,
SV019,L,284,2,3,0,1,3,Fixation,,,,,,,,,,,,
SV019,L,285,3,3,1,1,3,Fixation,,,,,,,,,,,,
SV019,L,286,3,2,1,1,2,Fixation,,,,,,,,,,,,
SV019,L,287,2,3,1,0,3,Fixation,,,,,,,,,,,,
SV019,L,288,3,0,1,0,0,Fixation,,,,,,,,,,,,
SV019,L,289,3,0,0,1,0,Fixation,,,,,,,,,,,,
SV019,L,290,3,3,0,1,3,Fixation,,,,,,,,,,,,
SV019,L,291,3,2,0,0,2,Fixation,,,,,,,,,,,,
SV019,L,292,3,2,1,0,2,Fixation,,,,,,,,,,,,
SV019,L,293,3,0,0,1,0,Fixation,,,,,,,,,,,,
SV019,L,294,3,3,1,1,3,Fixation,,,,,,,,,,,,
SV019,L,295,3,0,0,1,0,Fixation,,,,,,,,,,,,
SV019,L,296,3,0,1,0,0,Fixation,,,,,,,,,,,,
SV019,L,297,3,2,0,0,2,Fixation,,,,,,,,,,,,
SV019,L,298,3,3,1,1,3,Fixation,,,,,,,,,,,,
SV019,L,299,2,3,0,0,3,Fixation,,,,,,,,,,,,
SV019,L,300,3,0,1,1,0,Fixation,,,,,,,,,,,,
SV019,L,301,2,3,1,0,3,Fixation,,,,,,,,,,,,
SV019,L,302,2,3,1,0,3,Fixation,,,,,,,,,,,,
SV019,L,303,3,0,1,1,0,Fixation,,,,,,,,,,,,
SV019,L,304,3,0,1,0,0,Fixation,,,,,,,,,,,,
SV019,L,305,3,0,1,1,0,Fixation,,,,,,,,,,,,
SV019,L,306,3,3,0,0,3,Fixation,,,,,,,,,,,,
SV019,L,307,2,3,1,0,3,Fixation,,,,,,,,,,,,
SV019,L,308,2,0,1,0,0,Fixation,,,,,,,,,,,,
SV019,L,309,2,0,1,0,0,Fixation,,,,,,,,,,,,
SV019,L,310,3,2,1,0,2,Fixation,,,,,,,,,,,,
SV019,L,311,3,2,1,1,2,Fixation,,,,,,,,,,,,
SV019,L,312,3,3,0,0,3,Fixation,,,,,,,,,,,,
SV019,L,313,3,0,0,0,0,Fixation,,,,,,,,,,,,
SV019,L,314,3,2,0,1,2,Fixation,,,,,,,,,,,,
SV019,L,315,2,0,0,0,2,Fixation,,,,,,,,,,,,
SV019,L,316,2,3,0,0,3,Fixation,,,,,,,,,,,,
SV019,L,317,2,2,0,1,2,Fixation,,,,,,,,,,,,
SV019,L,318,3,2,1,0,2,Fixation,,,,,,,,,,,,
SV019,L,319,2,2,0,0,2,Fixation,,,,,,,,,,,,
SV019,L,320,2,0,1,1,0,Fixation,,,,,,,,,,,,
SV019,L,321,2,3,1,0,3,Fixation,,,,,,,,,,,,
SV019,L,322,3,2,0,1,2,Fixation,,,,,,,,,,,,
SV019,L,323,2,0,1,1,0,Fixation,,,,,,,,,,,,
SV019,L,324,2,3,1,1,3,Fixation,,,,,,,,,,,,
SV019,L,325,3,0,0,1,0,Fixation,,,,,,,,,,,,
SV019,L,326,2,2,1,1,2,Fixation,,,,,,,,,,,,
SV019,L,327,3,3,1,1,3,Fixation,,,,,,,,,,,,
SV019,L,328,2,0,0,0,0,Fixation,,,,,,,,,,,,
SV019,L,329,3,3,1,1,3,Fixation,,,,,,,,,,,,
SV019,L,330,3,2,1,1,2,Fixation,,,,,,,,,,,,
SV019,L,331,3,3,1,0,3,Fixation,,,,,,,,,,,,
SV019,L,332,3,0,0,0,0,Fixation,,,,,,,,,,,,
SV019,L,333,2,2,0,1,2,Fixation,,,,,,,,,,,,
SV019,L,334,2,3,1,1,3,Fixation,,,,,,,,,,,,
SV019,L,335,3,3,0,1,3,Fixation,,,,,,,,,,,,
SV019,L,336,2,2,0,1,0,Fixation,,,,,,,,,,,,
SV019,L,337,2,3,1,1,3,Fixation,,,,,,,,,,,,
SV019,L,338,3,3,0,1,3,Fixation,,,,,,,,,,,,
SV019,L,339,3,0,0,1,0,Fixation,,,,,,,,,,,,
SV019,L,340,2,3,1,0,3,Fixation,,,,,,,,,,,,
SV019,L,341,2,2,1,0,2,Fixation,,,,,,,,,,,,
SV019,L,342,2,0,1,0,2,Fixation,,,,,,,,,,,,
SV019,L,343,3,2,0,1,2,Fixation,,,,,,,,,,,,
SV019,L,344,2,0,1,0,0,Fixation,,,,,,,,,,,,
SV019,L,345,2,2,0,0,2,Fixation,,,,,,,,,,,,
SV019,L,346,2,2,0,1,2,Fixation,,,,,,,,,,,,
SV019,L,347,3,3,0,1,3,Fixation,,,,,,,,,,,,
SV019,L,348,3,3,0,0,3,Fixation,,,,,,,,,,,,
SV019,L,349,3,2,0,1,2,Fixation,,,,,,,,,,,,
SV019,L,350,3,3,0,1,3,Fixation,,,,,,,,,,,,
SV019,L,351,2,0,0,0,0,Fixation,,,,,,,,,,,,
SV019,L,352,3,0,0,0,0,Fixation,,,,,,,,,,,,
SV019,L,353,3,3,0,0,3,Fixation,,,,,,,,,,,,
SV019,L,354,3,3,0,1,3,Fixation,,,,,,,,,,,,
SV019,L,355,3,2,1,1,2,Fixation,,,,,,,,,,,,
SV019,L,356,3,0,1,0,0,Fixation,,,,,,,,,,,,
SV019,L,357,3,2,1,0,2,Fixation,,,,,,,,,,,,
SV019,L,358,2,3,0,0,3,Fixation,,,,,,,,,,,,
SV019,L,359,2,2,0,0,2,Fixation,,,,,,,,,,,,
SV019,L,360,2,2,0,0,2,Fixation,,,,,,,,,,,,
SV019,L,361,3,3,0,0,3,Fixation,,,,,,,,,,,,
SV019,L,362,2,0,0,0,0,Fixation,,,,,,,,,,,,
SV019,L,363,3,2,0,1,2,Fixation,,,,,,,,,,,,
SV019,L,364,2,3,1,1,3,Fixation,,,,,,,,,,,,
SV019,L,365,3,0,1,0,0,Fixation,,,,,,,,,,,,
SV019,L,366,3,3,1,0,3,Fixation,,,,,,,,,,,,
SV019,L,367,2,2,1,0,2,Fixation,,,,,,,,,,,,
SV019,L,368,2,2,0,1,2,Fixation,,,,,,,,,,,,
SV019,L,369,2,3,0,0,3,Fixation,,,,,,,,,,,,
SV019,L,370,2,2,1,1,2,Fixation,,,,,,,,,,,,
SV019,L,371,3,2,1,0,2,Fixation,,,,,,,,,,,,
SV019,L,372,3,3,0,0,3,Fixation,,,,,,,,,,,,
SV019,L,373,2,0,1,1,0,Fixation,,,,,,,,,,,,
SV019,L,374,3,3,0,1,3,Fixation,,,,,,,,,,,,
SV019,L,375,2,2,1,0,2,Fixation,,,,,,,,,,,,
SV019,L,376,3,2,1,1,2,Fixation,,,,,,,,,,,,
SV019,L,377,2,3,1,1,3,Fixation,,,,,,,,,,,,
SV019,L,378,3,3,1,0,3,Fixation,,,,,,,,,,,,
SV019,L,379,3,2,0,0,2,Fixation,,,,,,,,,,,,
SV019,L,380,2,0,0,1,0,Fixation,,,,,,,,,,,,
SV019,L,381,2,2,1,0,2,Fixation,,,,,,,,,,,,
SV019,L,382,3,2,1,1,2,Fixation,,,,,,,,,,,,
SV019,L,383,2,0,0,1,0,Fixation,,,,,,,,,,,,
SV019,L,384,3,2,1,1,2,Fixation,,,,,,,,,,,,
SV019,L,385,3,2,0,1,2,Fixation,,,,,,,,,,,,
SV019,L,386,3,2,0,0,2,Fixation,,,,,,,,,,,,
SV019,L,387,2,2,1,0,2,Fixation,,,,,,,,,,,,
SV019,L,388,3,2,0,1,2,Fixation,,,,,,,,,,,,
SV019,L,389,2,3,1,0,3,Fixation,,,,,,,,,,,,
SV019,L,390,2,3,1,1,3,Fixation,,,,,,,,,,,,
SV019,L,391,2,3,0,0,3,Fixation,,,,,,,,,,,,
SV019,L,392,2,3,0,1,3,Fixation,,,,,,,,,,,,
SV019,L,393,2,2,0,0,2,Fixation,,,,,,,,,,,,
SV019,L,394,3,3,0,1,3,Fixation,,,,,,,,,,,,
SV019,L,395,3,2,0,1,2,Fixation,,,,,,,,,,,,
SV019,L,396,2,0,1,1,0,Fixation,,,,,,,,,,,,
SV019,L,397,3,0,1,1,0,Fixation,,,,,,,,,,,,
SV019,L,398,2,0,0,1,0,Fixation,,,,,,,,,,,,
SV019,L,399,2,0,1,0,0,Fixation,,,,,,,,,,,,
SV019,L,400,3,2,0,0,2,Fixation,,,,,,,,,,,,
SV019,L,401,3,0,1,0,0,Fixation,,,,,,,,,,,,
SV019,L,402,3,3,0,0,3,Fixation,,,,,,,,,,,,
SV019,L,403,2,3,0,1,3,Fixation,,,,,,,,,,,,
SV019,L,404,2,3,0,0,3,Fixation,,,,,,,,,,,,
SV019,L,405,3,3,1,1,3,Fixation,,,,,,,,,,,,
SV019,L,406,3,3,1,0,3,Fixation,,,,,,,,,,,,
SV019,L,407,2,2,1,1,2,Fixation,,,,,,,,,,,,
SV019,L,408,3,3,0,0,2,Fixation,,,,,,,,,,,,
SV019,L,409,2,2,0,0,2,Fixation,,,,,,,,,,,,
SV019,L,410,3,0,0,0,0,Fixation,,,,,,,,,,,,
SV019,L,411,3,2,1,0,2,Fixation,,,,,,,,,,,,
SV019,L,412,2,2,0,1,2,Fixation,,,,,,,,,,,,
SV019,L,413,3,2,0,1,2,Fixation,,,,,,,,,,,,
SV019,L,414,2,2,1,0,2,Fixation,,,,,,,,,,,,
SV019,L,415,3,0,0,1,0,Fixation,,,,,,,,,,,,
SV019,L,416,2,3,0,1,3,Fixation,,,,,,,,,,,,
SV019,L,417,2,3,0,0,3,Fixation,,,,,,,,,,,,
SV019,L,418,2,3,0,0,3,Fixation,,,,,,,,,,,,
SV019,L,419,3,3,1,0,3,Fixation,,,,,,,,,,,,
SV019,L,420,3,0,1,1,0,Fixation,,,,,,,,,,,,
SV019,L,421,3,0,1,1,0,Fixation,,,,,,,,,,,,
SV019,L,422,2,3,1,1,3,Fixation,,,,,,,,,,,,
SV019,L,423,3,0,0,0,0,Fixation,,,,,,,,,,,,
SV019,L,424,2,0,0,1,0,Fixation,,,,,,,,,,,,
SV019,L,425,3,0,1,1,0,Fixation,,,,,,,,,,,,
SV019,L,426,2,2,1,1,2,Fixation,,,,,,,,,,,,
SV019,L,427,2,2,0,1,2,Fixation,,,,,,,,,,,,
SV019,L,428,2,2,1,0,2,Fixation,,,,,,,,,,,,
SV019,L,429,2,3,1,0,3,Fixation,,,,,,,,,,,,
SV019,L,430,3,2,1,0,2,Fixation,,,,,,,,,,,,
SV019,L,431,2,0,0,1,0,Fixation,,,,,,,,,,,,
SV019,L,432,3,3,0,1,3,Fixation,,,,,,,,,,,,
SV019,L,433,3,3,1,0,3,Fixation,,,,,,,,,,,,
SV019,L,434,2,2,1,1,2,Fixation,,,,,,,,,,,,
SV019,L,435,3,0,0,0,0,Fixation,,,,,,,,,,,,
SV019,L,436,2,0,1,0,0,Fixation,,,,,,,,,,,,
SV019,L,437,3,2,0,0,2,Fixation,,,,,,,,,,,,
SV019,L,438,2,0,0,0,0,Fixation,,,,,,,,,,,,
SV019,L,439,3,0,0,1,0,Fixation,,,,,,,,,,,,
SV019,L,440,3,0,1,0,0,Fixation,,,,,,,,,,,,
SV019,L,441,2,3,1,1,3,Fixation,,,,,,,,,,,,
SV019,L,442,3,3,1,0,3,Fixation,,,,,,,,,,,,
SV019,L,443,3,2,0,0,2,Fixation,,,,,,,,,,,,
SV019,L,444,2,0,0,0,0,Fixation,,,,,,,,,,,,
SV019,L,445,2,2,1,0,2,Fixation,,,,,,,,,,,,
SV019,L,446,2,2,0,0,2,Fixation,,,,,,,,,,,,
SV019,L,447,2,0,1,1,0,Fixation,,,,,,,,,,,,
SV019,L,448,2,0,0,1,0,Fixation,,,,,,,,,,,,
SV019,L,449,2,0,0,1,0,Fixation,,,,,,,,,,,,
SV019,L,450,2,0,1,0,0,Fixation,,,,,,,,,,,,
SV019,L,451,2,0,0,0,0,Fixation,,,,,,,,,,,,
SV019,L,452,2,0,1,0,0,Fixation,,,,,,,,,,,,
SV019,L,453,3,0,0,0,0,Fixation,,,,,,,,,,,,
SV019,L,454,2,2,0,0,2,Fixation,,,,,,,,,,,,
SV019,L,455,2,3,0,1,3,Fixation,,,,,,,,,,,,
SV019,L,456,2,0,0,1,0,Fixation,,,,,,,,,,,,
SV019,L,457,3,3,0,0,3,Fixation,,,,,,,,,,,,
SV019,L,458,3,3,1,0,3,Fixation,,,,,,,,,,,,
SV019,L,459,2,2,1,1,2,Fixation,,,,,,,,,,,,
SV019,L,460,3,0,0,1,0,Fixation,,,,,,,,,,,,
SV019,L,461,2,0,1,0,0,Fixation,,,,,,,,,,,,
SV019,L,462,3,2,0,1,2,Fixation,,,,,,,,,,,,
SV019,L,463,2,3,0,1,3,Fixation,,,,,,,,,,,,
SV019,L,464,3,3,1,1,3,Fixation,,,,,,,,,,,,
SV019,L,465,3,0,1,0,0,Fixation,,,,,,,,,,,,
SV019,L,466,2,2,1,1,2,Fixation,,,,,,,,,,,,
SV019,L,467,3,3,1,1,3,Fixation,,,,,,,,,,,,
SV019,L,468,3,3,0,0,3,Fixation,,,,,,,,,,,,
SV019,L,469,3,2,0,0,2,Fixation,,,,,,,,,,,,
SV019,L,470,3,0,0,0,0,Fixation,,,,,,,,,,,,
SV019,L,471,2,2,0,0,2,Fixation,,,,,,,,,,,,
SV019,L,472,3,3,1,0,3,Fixation,,,,,,,,,,,,
SV019,L,473,2,0,0,1,0,Fixation,,,,,,,,,,,,
SV019,L,474,3,2,1,0,2,Fixation,,,,,,,,,,,,
SV019,L,475,3,2,1,0,2,Fixation,,,,,,,,,,,,
SV019,L,476,2,0,0,0,0,Fixation,,,,,,,,,,,,
SV019,L,477,2,3,1,0,3,Fixation,,,,,,,,,,,,
SV019,L,478,3,0,0,1,0,Fixation,,,,,,,,,,,,
SV019,L,479,3,3,0,1,3,Fixation,,,,,,,,,,,,
SV019,L,480,2,2,1,1,2,Fixation,,,,,,,,,,,,
SV019,R,1,2,3,0,0,1,Fixation,,,,,,,,,,,,
SV019,R,2,2,3,1,0,2,Fixation,,,,,,,,,,,,
SV019,R,3,3,3,0,1,1,Fixation,,,,,,,,,,,,
SV019,R,4,3,0,0,0,1,Fixation,,,,,,,,,,,,
SV019,R,5,2,2,1,1,1,Fixation,,,,,,,,,,,,
SV019,R,6,2,0,1,1,1,Fixation,,,,,,,,,,,,
SV019,R,7,2,0,1,1,0,Fixation,,,,,,,,,,,,
SV019,R,8,3,0,0,1,1,Fixation,,,,,,,,,,,,
SV019,R,9,2,0,1,1,1,Fixation,,,,,,,,,,,,
SV019,R,10,3,2,1,1,2,Fixation,,,,,,,,,,,,
SV019,R,11,2,2,1,0,2,Fixation,,,,,,,,,,,,
SV019,R,12,3,2,0,1,2,Fixation,,,,,,,,,,,,
SV019,R,13,2,0,1,0,2,Fixation,,,,,,,,,,,,
SV019,R,14,3,2,1,1,2,Fixation,,,,,,,,,,,,
SV019,R,15,2,2,0,0,2,Fixation,,,,,,,,,,,,
SV019,R,16,3,0,0,1,2,Fixation,,,,,,,,,,,,
SV019,R,17,2,0,0,0,2,Fixation,,,,,,,,,,,,
SV019,R,18,2,0,0,0,2,Fixation,,,,,,,,,,,,
SV019,R,19,3,0,0,0,2,Fixation,,,,,,,,,,,,
SV019,R,20,3,3,0,1,2,Fixation,,,,,,,,,,,,
SV019,R,21,2,2,1,1,2,Fixation,,,,,,,,,,,,
SV019,R,22,2,0,0,0,2,Fixation,,,,,,,,,,,,
SV019,R,23,3,3,0,0,2,Fixation,,,,,,,,,,,,
SV019,R,24,3,0,1,1,2,Fixation,,,,,,,,,,,,
SV019,R,25,3,2,0,0,2,Fixation,,,,,,,,,,,,
SV019,R,26,2,0,0,1,2,Fixation,,,,,,,,,,,,
SV019,R,27,3,0,1,1,2,Fixation,,,,,,,,,,,,
SV019,R,28,2,3,1,0,2,Fixation,,,,,,,,,,,,
SV019,R,29,3,0,0,1,2,Fixation,,,,,,,,,,,,
SV019,R,30,3,0,1,1,2,Fixation,,,,,,,,,,,,
SV019,R,31,2,2,0,1,2,Fixation,,,,,,,,,,,,
SV019,R,32,2,0,1,1,2,Fixation,,,,,,,,,,,,
SV019,R,33,3,2,1,1,2,Fixation,,,,,,,,,,,,
SV019,R,34,3,3,1,1,2,Fixation,,,,,,,,,,,,
SV019,R,35,2,3,0,1,2,Fixation,,,,,,,,,,,,
SV019,R,36,2,0,0,0,2,Fixation,,,,,,,,,,,,
SV019,R,37,2,2,1,0,2,Fixation,,,,,,,,,,,,
SV019,R,38,2,3,0,1,2,Fixation,,,,,,,,,,,,
SV019,R,39,2,3,0,0,2,Fixation,,,,,,,,,,,,
SV019,R,40,3,2,0,1,2,Fixation,,,,,,,,,,,,
SV019,R,41,3,2,1,0,2,Fixation,,,,,,,,,,,,
SV019,R,42,2,3,1,1,2,Fixation,,,,,,,,,,,,
SV019,R,43,3,0,1,1,2,Fixation,,,,,,,,,,,,
SV019,R,44,3,3,0,1,2,Fixation,,,,,,,,,,,,
SV019,R,45,3,2,1,1,2,Fixation,,,,,,,,,,,,
SV019,R,46,3,2,0,0,2,Fixation,,,,,,,,,,,,
SV019,R,47,2,3,0,1,2,Fixation,,,,,,,,,,,,
SV019,R,48,3,0,0,1,2,Fixation,,,,,,,,,,,,
SV019,R,49,3,3,1,0,2,Fixation,,,,,,,,,,,,
SV019,R,50,2,2,1,0,2,Fixation,,,,,,,,,,,,
SV019,R,51,3,0,1,0,2,Fixation,,,,,,,,,,,,
SV019,R,52,3,0,0,0,2,Fixation,,,,,,,,,,,,
SV019,R,53,2,3,0,1,2,Fixation,,,,,,,,,,,,
SV019,R,54,3,0,1,0,2,Fixation,,,,,,,,,,,,
SV019,R,55,3,3,1,0,2,Fixation,,,,,,,,,,,,
SV019,R,56,2,2,0,0,2,Fixation,,,,,,,,,,,,
SV019,R,57,3,0,1,0,2,Fixation,,,,,,,,,,,,
SV019,R,58,3,3,0,1,2,Fixation,,,,,,,,,,,,
SV019,R,59,3,3,0,0,2,Fixation,,,,,,,,,,,,
SV019,R,60,3,3,1,1,2,Fixation,,,,,,,,1.0,1.0,0.0,0.0,132.0
SV019,R,61,3,3,1,1,2,Fixation,,,,,,,,,,,,
SV019,R,62,3,0,0,1,2,Fixation,,,,,,,,,,,,
SV019,R,63,2,2,1,0,2,Fixation,,,,,,,,,,,,
SV019,R,64,2,3,1,0,2,Fixation,,,,,,,,,,,,
SV019,R,65,2,3,0,1,2,Fixation,,,,,,,,,,,,
SV019,R,66,2,2,0,1,2,Fixation,,,,,,,,,,,,
SV019,R,67,2,0,0,1,2,Fixation,,,,,,,,,,,,
SV019,R,68,3,0,0,0,2,Fixation,,,,,,,,,,,,
SV019,R,69,2,3,0,0,2,Fixation,,,,,,,,,,,,
SV019,R,70,3,0,0,0,2,Fixation,,,,,,,,,,,,
SV019,R,71,3,2,0,0,2,Fixation,,,,,,,,,,,,
SV019,R,72,2,2,0,0,2,Fixation,,,,,,,,,,,,
SV019,R,73,3,2,1,1,2,Fixation,,,,,,,,,,,,
SV019,R,74,2,3,0,1,2,Fixation,,,,,,,,,,,,
SV019,R,75,2,3,1,1,2,Fixation,,,,,,,,,,,,
SV019,R,76,2,2,1,0,2,Fixation,,,,,,,,,,,,
SV019,R,77,3,2,0,1,2,Fixation,,,,,,,,,,,,
SV019,R,78,3,3,0,0,2,Fixation,,,,,,,,,,,,
SV019,R,79,3,2,1,0,2,Fixation,,,,,,,,,,,,
SV019,R,80,3,0,1,0,2,Fixation,,,,,,,,,,,,
SV019,R,81,3,2,1,0,1,Fixation,,,,,,,,,,,,
SV019,R,82,2,0,0,0,2,Fixation,,,,,,,,,,,,
SV019,R,83,2,2,1,1,2,Fixation,,,,,,,,,,,,
SV019,R,84,3,0,0,0,2,Fixation,,,,,,,,,,,,
SV019,R,85,2,0,1,0,2,Fixation,,,,,,,,,,,,
SV019,R,86,3,0,1,1,2,Fixation,,,,,,,,,,,,
SV019,R,87,2,0,0,1,2,Fixation,,,,,,,,,,,,
SV019,R,88,2,0,1,0,2,Fixation,,,,,,,,,,,,
SV019,R,89,3,0,1,0,2,Fixation,,,,,,,,,,,,
SV019,R,90,3,2,1,1,2,Fixation,,,,,,,,,,,,
SV019,R,91,2,3,1,0,2,Fixation,,,,,,,,,,,,
SV019,R,92,3,0,0,1,2,Fixation,,,,,,,,,,,,
SV019,R,93,3,0,0,1,2,Fixation,,,,,,,,,,,,
SV019,R,94,3,3,1,1,2,Fixation,,,,,,,,,,,,
SV019,R,95,3,0,1,0,2,Fixation,,,,,,,,,,,,
SV019,R,96,2,2,1,0,2,Fixation,,,,,,,,,,,,
SV019,R,97,2,3,1,1,2,Fixation,,,,,,,,,,,,
SV019,R,98,3,3,1,1,2,Fixation,,,,,,,,,,,,
SV019,R,99,2,0,1,1,2,Fixation,,,,,,,,,,,,
SV019,R,100,2,2,0,0,2,Fixation,,,,,,,,,,,,
SV019,R,101,3,0,1,1,2,Fixation,,,,,,,,,,,,
SV019,R,102,3,2,0,1,2,Fixation,,,,,,,,,,,,
SV019,R,103,3,2,0,0,2,Fixation,,,,,,,,,,,,
SV019,R,104,3,0,1,1,2,Fixation,,,,,,,,,,,,
SV019,R,105,2,2,1,1,2,Fixation,,,,,,,,,,,,
SV019,R,106,3,2,0,0,2,Fixation,,,,,,,,,,,,
SV019,R,107,3,0,0,0,2,Fixation,,,,,,,,,,,,
SV019,R,108,2,2,0,0,2,Fixation,,,,,,,,,,,,
SV019,R,109,3,0,1,0,2,Fixation,,,,,,,,,,,,
SV019,R,110,3,2,1,0,2,Fixation,,,,,,,,,,,,
SV019,R,111,2,2,1,1,2,Fixation,,,,,,,,,,,,
SV019,R,112,3,2,0,0,2,Fixation,,,,,,,,,,,,
SV019,R,113,2,3,0,0,2,Fixation,,,,,,,,,,,,
SV019,R,114,2,2,0,1,2,Fixation,,,,,,,,,,,,
SV019,R,115,3,3,1,0,2,Fixation,,,,,,,,,,,,
SV019,R,116,2,3,0,0,2,Fixation,,,,,,,,,,,,
SV019,R,117,3,3,0,1,2,Fixation,,,,,,,,,,,,
SV019,R,118,3,0,0,0,2,Fixation,,,,,,,,,,,,
SV019,R,119,2,2,1,0,2,Fixation,,,,,,,,,,,,
SV019,R,120,3,3,1,0,2,Fixation,,,,,,,,,,,,
SV019,R,121,2,2,1,0,2,Fixation,,,,,,,,,,,,
SV019,R,122,2,2,1,1,2,Fixation,,,,,,,,,,,,
SV019,R,123,3,0,1,0,2,Fixation,,,,,,,,,,,,
SV019,R,124,3,0,0,0,2,Fixation,,,,,,,,,,,,
SV019,R,125,3,3,1,1,2,Fixation,,,,,,,,,,,,
SV019,R,126,2,0,0,1,2,Fixation,,,,,,,,,,,,
SV019,R,127,3,2,1,1,2,Fixation,,,,,,,,,,,,
SV019,R,128,2,2,0,1,2,Fixation,,,,,,,,,,,,
SV019,R,129,2,3,0,1,2,Fixation,,,,,,,,,,,,
SV019,R,130,3,3,0,0,2,Fixation,,,,,,,,,,,,
SV019,R,131,3,2,1,0,2,Fixation,,,,,,,,,,,,
SV019,R,132,3,3,1,0,2,Fixation,,,,,,,,,,,,
SV019,R,133,3,3,1,1,2,Fixation,,,,,,,,,,,,
SV019,R,134,2,2,0,0,2,Fixation,,,,,,,,,,,,
SV019,R,135,2,3,1,0,2,Fixation,,,,,,,,,,,,
SV019,R,136,3,3,1,0,2,Fixation,,,,,,,,,,,,
SV019,R,137,2,3,0,0,2,Fixation,,,,,,,,,,,,
SV019,R,138,3,3,0,0,2,Fixation,,,,,,,,,,,,
SV019,R,139,3,0,0,1,2,Fixation,,,,,,,,,,,,
SV019,R,140,2,0,0,1,2,Fixation,,,,,,,,,,,,
SV019,R,141,2,3,1,0,2,Fixation,,,,,,,,,,,,
SV019,R,142,3,0,1,1,2,Fixation,,,,,,,,,,,,
SV019,R,143,3,0,1,0,2,Fixation,,,,,,,,,,,,
SV019,R,144,2,3,1,0,2,Fixation,,,,,,,,,,,,
SV019,R,145,2,0,1,0,2,Fixation,,,,,,,,,,,,
SV019,R,146,3,0,0,1,2,Fixation,,,,,,,,,,,,
SV019,R,147,3,2,0,0,2,Fixation,,,,,,,,,,,,
SV019,R,148,3,3,1,1,2,Fixation,,,,,,,,,,,,
SV019,R,149,2,2,1,0,2,Fixation,,,,,,,,,,,,
SV019,R,150,2,2,0,1,2,Fixation,,,,,,,,,,,,
SV019,R,151,3,3,1,0,2,Fixation,,,,,,,,,,,,
SV019,R,152,3,3,0,0,2,Fixation,,,,,,,,,,,,
SV019,R,153,2,0,0,0,2,Fixation,,,,,,,,,,,,
SV019,R,154,3,2,0,0,2,Fixation,,,,,,,,,,,,
SV019,R,155,2,0,1,0,2,Fixation,,,,,,,,,,,,
SV019,R,156,3,0,1,1,2,Fixation,,,,,,,,,,,,
SV019,R,157,3,2,1,0,2,Fixation,,,,,,,,,,,,
SV019,R,158,3,2,0,1,2,Fixation,,,,,,,,,,,,
SV019,R,159,3,3,1,0,2,Fixation,,,,,,,,,,,,
SV019,R,160,2,3,0,1,2,Fixation,,,,,,,,,,,,
SV019,R,161,3,2,0,1,2,Fixation,,,,,,,,,,,,
SV019,R,162,3,3,0,1,2,Fixation,,,,,,,,,,,,
SV019,R,163,2,3,0,0,2,Fixation,,,,,,,,,,,,
SV019,R,164,2,2,0,1,2,Fixation,,,,,,,,,,,,
SV019,R,165,2,2,1,1,2,Fixation,,,,,,,,,,,,
SV019,R,166,2,3,1,1,2,Fixation,,,,,,,,,,,,
SV019,R,167,2,0,1,1,2,Fixation,,,,,,,,,,,,
SV019,R,168,2,0,0,1,2,Fixation,,,,,,,,,,,,
SV019,R,169,3,2,0,1,2,Fixation,,,,,,,,,,,,
SV019,R,170,2,0,0,0,2,Fixation,,,,,,,,,,,,
SV019,R,171,2,0,1,1,2,Fixation,,,,,,,,,,,,
SV019,R,172,2,0,0,1,2,Fixation,,,,,,,,,,,,
SV019,R,173,2,0,1,1,2,Fixation,,,,,,,,,,,,
SV019,R,174,2,0,0,1,2,Fixation,,,,,,,,,,,,
SV019,R,175,3,3,0,0,2,Fixation,,,,,,,,,,,,
SV019,R,176,3,3,0,0,2,Fixation,,,,,,,,,,,,
SV019,R,177,3,0,0,1,2,Fixation,,,,,,,,,,,,
SV019,R,178,2,3,1,1,2,Fixation,,,,,,,,,,,,
SV019,R,179,3,3,0,1,2,Fixation,,,,,,,,,,,,
SV019,R,180,2,2,0,0,2,Fixation,,,,,,,,,,,,
SV019,R,181,2,0,0,1,2,Fixation,,,,,,,,,,,,
SV019,R,182,2,0,1,0,2,Fixation,,,,,,,,,,,,
SV019,R,183,2,2,0,1,2,Fixation,,,,,,,,,,,,
SV019,R,184,2,3,1,0,2,Fixation,,,,,,,,,,,,
SV019,R,185,2,2,1,1,2,Fixation,,,,,,,,,,,,
SV019,R,186,2,0,0,1,2,Fixation,,,,,,,,,,,,
SV019,R,187,2,0,0,0,2,Fixation,,,,,,,,,,,,
SV019,R,188,3,3,0,1,2,Fixation,,,,,,,,,,,,
SV019,R,189,2,0,1,0,2,Fixation,,,,,,,,,,,,
SV019,R,190,3,3,0,1,2,Fixation,,,,,,,,,,,,
SV019,R,191,3,2,1,1,2,Fixation,,,,,,,,,,,,
SV019,R,192,2,0,1,1,2,Fixation,,,,,,,,,,,,
SV019,R,193,2,3,1,0,2,Fixation,,,,,,,,,,,,
SV019,R,194,3,2,1,0,2,Fixation,,,,,,,,,,,,
SV019,R,195,2,2,0,1,2,Fixation,,,,,,,,,,,,
SV019,R,196,2,0,0,0,2,Fixation,,,,,,,,,,,,
SV019,R,197,2,3,1,1,2,Fixation,,,,,,,,,,,,
SV019,R,198,3,3,0,0,2,Fixation,,,,,,,,,,,,
SV019,R,199,3,2,1,0,2,Fixation,,,,,,,,,,,,
SV019,R,200,2,0,1,0,2,Fixation,,,,,,,,,,,,
SV019,R,201,2,2,0,0,2,Fixation,,,,,,,,,,,,
SV019,R,202,3,0,1,0,2,Fixation,,,,,,,,,,,,
SV019,R,203,3,2,0,1,2,Fixation,,,,,,,,,,,,
SV019,R,204,2,3,1,1,2,Fixation,,,,,,,,,,,,
SV019,R,205,2,2,0,0,2,Fixation,,,,,,,,,,,,
SV019,R,206,2,0,1,0,2,Fixation,,,,,,,,,,,,
SV019,R,207,2,2,0,1,2,Fixation,,,,,,,,,,,,
SV019,R,208,3,2,1,0,2,Fixation,,,,,,,,,,,,
SV019,R,209,2,2,1,1,2,Fixation,,,,,,,,,,,,
SV019,R,210,3,3,1,1,2,Fixation,,,,,,,,,,,,
SV019,R,211,2,3,0,0,2,Fixation,,,,,,,,,,,,
SV019,R,212,3,2,1,1,2,Fixation,,,,,,,,,,,,
SV019,R,213,3,3,1,0,2,Fixation,,,,,,,,,,,,
SV019,R,214,2,2,0,1,2,Fixation,,,,,,,,,,,,
SV019,R,215,3,2,1,1,2,Fixation,,,,,,,,,,,,
SV019,R,216,3,3,1,1,2,Fixation,,,,,,,,,,,,
SV019,R,217,3,3,0,0,2,Fixation,,,,,,,,,,,,
SV019,R,218,2,3,0,0,2,Fixation,,,,,,,,,,,,
SV019,R,219,2,3,0,0,2,Fixation,,,,,,,,,,,,
SV019,R,220,2,3,1,1,2,Fixation,,,,,,,,,,,,
SV019,R,221,2,0,1,0,2,Fixation,,,,,,,,,,,,
SV019,R,222,3,3,1,0,2,Fixation,,,,,,,,,,,,
SV019,R,223,3,2,0,0,2,Fixation,,,,,,,,,,,,
SV019,R,224,2,3,1,0,2,Fixation,,,,,,,,,,,,
SV019,R,225,3,2,0,1,2,Fixation,,,,,,,,,,,,
SV019,R,226,2,3,1,1,2,Fixation,,,,,,,,,,,,
SV019,R,227,2,2,1,0,2,Fixation,,,,,,,,,,,,
SV019,R,228,3,2,1,0,2,Fixation,,,,,,,,,,,,
SV019,R,229,3,2,0,1,2,Fixation,,,,,,,,,,,,
SV019,R,230,3,0,1,1,2,Fixation,,,,,,,,,,,,
SV019,R,231,2,3,1,1,2,Fixation,,,,,,,,,,,,
SV019,R,232,3,3,0,1,2,Fixation,,,,,,,,,,,,
SV019,R,233,2,0,1,1,2,Fixation,,,,,,,,,,,,
SV019,R,234,2,3,0,1,2,Fixation,,,,,,,,,,,,
SV019,R,235,2,2,1,1,2,Fixation,,,,,,,,,,,,
SV019,R,236,2,3,0,1,2,Fixation,,,,,,,,,,,,
SV019,R,237,2,2,0,0,2,Fixation,,,,,,,,,,,,
SV019,R,238,3,2,0,0,2,Fixation,,,,,,,,,,,,
SV019,R,239,3,0,0,0,2,Fixation,,,,,,,,,,,,
SV019,R,240,2,0,0,0,2,Fixation,,,,,,,,,,,,
SV019,R,241,3,2,1,0,2,Fixation,,,,,,,,,,,,
SV019,R,242,3,0,1,0,0,Fixation,,,,,,,,,,,,
SV019,R,243,2,3,1,0,3,Fixation,,,,,,,,,,,,
SV019,R,244,3,3,1,1,3,Fixation,,,,,,,,,,,,
SV019,R,245,2,3,0,1,3,Fixation,,,,,,,,,,,,
SV019,R,246,2,2,1,1,2,Fixation,,,,,,,,,,,,
SV019,R,247,2,0,0,0,0,Fixation,,,,,,,,,,,,
SV019,R,248,3,3,0,1,3,Fixation,,,,,,,,,,,,
SV019,R,249,3,0,1,0,0,Fixation,,,,,,,,,,,,
SV019,R,250,2,3,1,1,3,Fixation,,,,,,,,,,,,
SV019,R,251,2,3,0,1,3,Fixation,,,,,,,,,,,,
SV019,R,252,2,0,0,0,0,Fixation,,,,,,,,,,,,
SV019,R,253,2,0,0,1,0,Fixation,,,,,,,,,,,,
SV019,R,254,2,0,1,0,0,Fixation,,,,,,,,,,,,
SV019,R,255,3,2,1,0,2,Fixation,,,,,,,,,,,,
SV019,R,256,3,0,0,1,0,Fixation,,,,,,,,,,,,
SV019,R,257,2,0,0,1,0,Fixation,,,,,,,,,,,,
SV019,R,258,2,0,1,0,0,Fixation,,,,,,,,,,,,
SV019,R,259,3,3,0,1,3,Fixation,,,,,,,,,,,,
SV019,R,260,3,0,0,0,0,Fixation,,,,,,,,,,,,
SV019,R,261,3,3,1,1,3,Fixation,,,,,,,,,,,,
SV019,R,262,2,3,0,1,3,Fixation,,,,,,,,,,,,
SV019,R,263,2,0,1,1,0,Fixation,,,,,,,,,,,,
SV019,R,264,3,2,0,1,2,Fixation,,,,,,,,,,,,
SV019,R,265,2,3,1,0,3,Fixation,,,,,,,,,,,,
SV019,R,266,2,0,1,1,0,Fixation,,,,,,,,,,,,
SV019,R,267,3,3,1,1,3,Fixation,,,,,,,,,,,,
SV019,R,268,3,2,0,0,2,Fixation,,,,,,,,,,,,
SV019,R,269,3,0,1,1,0,Fixation,,,,,,,,,,,,
SV019,R,270,2,0,0,0,0,Fixation,,,,,,,,,,,,
SV019,R,271,2,2,1,0,2,Fixation,,,,,,,,,,,,
SV019,R,272,2,2,1,1,2,Fixation,,,,,,,,,,,,
SV019,R,273,2,0,0,1,0,Fixation,,,,,,,,,,,,
SV019,R,274,3,2,0,0,2,Fixation,,,,,,,,,,,,
SV019,R,275,3,2,0,1,2,Fixation,,,,,,,,,,,,
SV019,R,276,2,3,0,0,3,Fixation,,,,,,,,,,,,
SV019,R,277,3,3,1,1,3,Fixation,,,,,,,,,,,,
SV019,R,278,2,2,1,0,2,Fixation,,,,,,,,,,,,
SV019,R,279,2,2,0,1,2,Fixation,,,,,,,,,,,,
SV019,R,280,2,3,0,0,3,Fixation,,,,,,,,,,,,
SV019,R,281,2,3,1,0,3,Fixation,,,,,,,,,,,,
SV019,R,282,3,2,1,0,2,Fixation,,,,,,,,,,,,
SV019,R,283,2,3,0,0,3,Fixation,,,,,,,,,,,,
SV019,R,284,3,0,1,1,0,Fixation,,,,,,,,,,,,
SV019,R,285,2,3,0,1,3,Fixation,,,,,,,,,,,,
SV019,R,286,3,2,0,0,2,Fixation,,,,,,,,,,,,
SV019,R,287,2,2,0,0,2,Fixation,,,,,,,,,,,,
SV019,R,288,3,0,1,1,0,Fixation,,,,,,,,,,,,
SV019,R,289,3,2,0,0,2,Fixation,,,,,,,,,,,,
SV019,R,290,2,0,1,1,0,Fixation,,,,,,,,,,,,
SV019,R,291,2,2,1,0,2,Fixation,,,,,,,,,,,,
SV019,R,292,3,2,0,0,2,Fixation,,,,,,,,,,,,
SV019,R,293,3,0,1,0,0,Fixation,,,,,,,,,,,,
SV019,R,294,3,3,1,1,3,Fixation,,,,,,,,,,,,
SV019,R,295,2,2,1,1,2,Fixation,,,,,,,,,,,,
SV019,R,296,3,0,0,0,0,Fixation,,,,,,,,,,,,
SV019,R,297,2,0,0,1,0,Fixation,,,,,,,,,,,,
SV019,R,298,3,3,1,0,3,Fixation,,,,,,,,,,,,
SV019,R,299,3,0,0,0,0,Fixation,,,,,,,,,,,,
SV019,R,300,3,3,1,1,3,Fixation,,,,,,,,,,,,
SV019,R,301,3,3,1,0,3,Fixation,,,,,,,,,,,,
SV019,R,302,3,0,1,1,0,Fixation,,,,,,,,,,,,
SV019,R,303,2,2,1,1,2,Fixation,,,,,,,,,,,,
SV019,R,304,3,3,1,1,3,Fixation,,,,,,,,,,,,
SV019,R,305,3,0,0,1,0,Fixation,,,,,,,,,,,,
SV019,R,306,3,3,0,0,3,Fixation,,,,,,,,,,,,
SV019,R,307,2,3,0,0,3,Fixation,,,,,,,,,,,,
SV019,R,308,3,3,0,1,3,Fixation,,,,,,,,,,,,
SV019,R,309,3,3,0,0,3,Fixation,,,,,,,,,,,,
SV019,R,310,3,2,1,0,2,Fixation,,,,,,,,,,,,
SV019,R,311,3,0,1,1,0,Fixation,,,,,,,,,,,,
SV019,R,312,2,0,1,0,0,Fixation,,,,,,,,,,,,
SV019,R,313,2,3,0,0,3,Fixation,,,,,,,,,,,,
SV019,R,314,3,2,1,1,2,Fixation,,,,,,,,,,,,
SV019,R,315,3,2,0,1,2,Fixation,,,,,,,,,,,,
SV019,R,316,3,0,1,0,0,Fixation,,,,,,,,,,,,
SV019,R,317,3,0,0,1,0,Fixation,,,,,,,,,,,,
SV019,R,318,2,2,1,1,2,Fixation,,,,,,,,,,,,
SV019,R,319,2,3,1,1,3,Fixation,,,,,,,,,,,,
SV019,R,320,2,0,1,0,0,Fixation,,,,,,,,,,,,
SV019,R,321,3,3,0,0,3,Fixation,,,,,,,,,,,,
SV019,R,322,3,0,1,1,0,Fixation,,,,,,,,,,,,
SV019,R,323,3,0,1,0,0,Fixation,,,,,,,,,,,,
SV019,R,324,2,0,1,1,0,Fixation,,,,,,,,,,,,
SV019,R,325,2,3,0,0,3,Fixation,,,,,,,,,,,,
SV019,R,326,2,0,1,0,0,Fixation,,,,,,,,,,,,
SV019,R,327,2,3,0,0,3,Fixation,,,,,,,,,,,,
SV019,R,328,3,0,1,1,0,Fixation,,,,,,,,,,,,
SV019,R,329,3,3,1,0,3,Fixation,,,,,,,,,,,,
SV019,R,330,2,0,1,0,0,Fixation,,,,,,,,,,,,
SV019,R,331,2,3,1,1,3,Fixation,,,,,,,,,,,,
SV019,R,332,2,2,1,0,2,Fixation,,,,,,,,,,,,
SV019,R,333,3,2,0,1,2,Fixation,,,,,,,,,,,,
SV019,R,334,2,0,1,0,0,Fixation,,,,,,,,,,,,
SV019,R,335,2,0,0,0,0,Fixation,,,,,,,,,,,,
SV019,R,336,2,0,0,0,0,Fixation,,,,,,,,,,,,
SV019,R,337,3,2,1,1,2,Fixation,,,,,,,,,,,,
SV019,R,338,3,2,0,1,2,Fixation,,,,,,,,,,,,
SV019,R,339,3,0,1,0,0,Fixation,,,,,,,,,,,,
SV019,R,340,3,0,1,1,0,Fixation,,,,,,,,,,,,
SV019,R,341,3,2,0,0,2,Fixation,,,,,,,,,,,,
SV019,R,342,3,2,1,1,2,Fixation,,,,,,,,,,,,
SV019,R,343,2,2,1,0,2,Fixation,,,,,,,,,,,,
SV019,R,344,2,2,1,0,2,Fixation,,,,,,,,,,,,
SV019,R,345,3,0,0,1,0,Fixation,,,,,,,,,,,,
SV019,R,346,3,0,0,0,0,Fixation,,,,,,,,,,,,
SV019,R,347,2,0,1,0,0,Fixation,,,,,,,,,,,,
SV019,R,348,3,3,0,1,3,Fixation,,,,,,,,,,,,
SV019,R,349,3,2,0,0,2,Fixation,,,,,,,,,,,,
SV019,R,350,2,0,0,0,0,Fixation,,,,,,,,,,,,
SV019,R,351,3,2,1,0,2,Fixation,,,,,,,,,,,,
SV019,R,352,3,3,1,0,3,Fixation,,,,,,,,,,,,
SV019,R,353,3,2,0,1,2,Fixation,,,,,,,,,,,,
SV019,R,354,2,3,0,1,3,Fixation,,,,,,,,,,,,
SV019,R,355,3,3,1,0,3,Fixation,,,,,,,,,,,,
SV019,R,356,3,0,0,0,0,Fixation,,,,,,,,,,,,
SV019,R,357,2,2,0,1,2,Fixation,,,,,,,,,,,,
SV019,R,358,3,3,1,1,3,Fixation,,,,,,,,,,,,
SV019,R,359,2,3,1,1,3,Fixation,,,,,,,,,,,,
SV019,R,360,2,3,1,0,3,Fixation,,,,,,,,,,,,
SV019,R,361,2,0,0,1,0,Fixation,,,,,,,,,,,,
SV019,R,362,2,3,1,1,3,Fixation,,,,,,,,,,,,
SV019,R,363,2,0,0,1,0,Fixation,,,,,,,,,,,,
SV019,R,364,2,2,0,1,2,Fixation,,,,,,,,,,,,
SV019,R,365,3,2,0,1,2,Fixation,,,,,,,,,,,,
SV019,R,366,2,3,0,1,3,Fixation,,,,,,,,,,,,
SV019,R,367,2,0,1,1,0,Fixation,,,,,,,,,,,,
SV019,R,368,2,2,0,1,2,Fixation,,,,,,,,,,,,
SV019,R,369,2,3,1,0,3,Fixation,,,,,,,,,,,,
SV019,R,370,3,2,0,1,2,Fixation,,,,,,,,,,,,
SV019,R,371,3,3,0,1,3,Fixation,,,,,,,,,,,,
SV019,R,372,3,3,0,1,3,Fixation,,,,,,,,,,,,
SV019,R,373,2,3,0,0,3,Fixation,,,,,,,,,,,,
SV019,R,374,3,0,0,0,0,Fixation,,,,,,,,,,,,
SV019,R,375,2,2,0,0,2,Fixation,,,,,,,,,,,,
SV019,R,376,2,2,0,0,2,Fixation,,,,,,,,,,,,
SV019,R,377,3,2,0,0,2,Fixation,,,,,,,,,,,,
SV019,R,378,2,2,0,1,2,Fixation,,,,,,,,,,,,
SV019,R,379,3,2,1,1,2,Fixation,,,,,,,,,,,,
SV019,R,380,3,2,1,1,2,Fixation,,,,,,,,,,,,
SV019,R,381,3,2,1,1,2,Fixation,,,,,,,,,,,,
SV019,R,382,3,2,1,1,2,Fixation,,,,,,,,,,,,
SV019,R,383,3,0,0,1,0,Fixation,,,,,,,,,,,,
SV019,R,384,3,2,1,0,2,Fixation,,,,,,,,,,,,
SV019,R,385,3,3,0,0,3,Fixation,,,,,,,,,,,,
SV019,R,386,3,0,0,0,0,Fixation,,,,,,,,,,,,
SV019,R,387,2,0,0,1,0,Fixation,,,,,,,,,,,,
SV019,R,388,3,3,0,1,3,Fixation,,,,,,,,,,,,
SV019,R,389,3,2,1,1,2,Fixation,,,,,,,,,,,,
SV019,R,390,2,2,0,1,2,Fixation,,,,,,,,,,,,
SV019,R,391,2,0,1,1,0,Fixation,,,,,,,,,,,,
SV019,R,392,2,3,1,0,3,Fixation,,,,,,,,,,,,
SV019,R,393,3,3,0,0,3,Fixation,,,,,,,,,,,,
SV019,R,394,3,0,1,0,0,Fixation,,,,,,,,,,,,
SV019,R,395,3,2,0,1,2,Fixation,,,,,,,,,,,,
SV019,R,396,3,3,0,0,3,Fixation,,,,,,,,,,,,
SV019,R,397,2,2,0,0,2,Fixation,,,,,,,,,,,,
SV019,R,398,3,0,0,0,0,Fixation,,,,,,,,,,,,
SV019,R,399,2,2,1,0,2,Fixation,,,,,,,,,,,,
SV019,R,400,2,2,1,1,2,Fixation,,,,,,,,,,,,
SV019,R,401,3,0,0,1,2,Fixation,,,,,,,,,,,,
SV019,R,402,2,2,1,0,2,Fixation,,,,,,,,,,,,
SV019,R,403,2,2,0,1,2,Fixation,,,,,,,,,,,,
SV019,R,404,3,3,0,0,3,Fixation,,,,,,,,,,,,
SV019,R,405,2,2,0,0,2,Fixation,,,,,,,,,,,,
SV019,R,406,2,2,0,0,2,Fixation,,,,,,,,,,,,
SV019,R,407,3,2,1,0,2,Fixation,,,,,,,,,,,,
SV019,R,408,2,0,0,0,0,Fixation,,,,,,,,,,,,
SV019,R,409,3,3,1,0,3,Fixation,,,,,,,,,,,,
SV019,R,410,3,3,1,0,3,Fixation,,,,,,,,,,,,
SV019,R,411,3,0,1,0,0,Fixation,,,,,,,,,,,,
SV019,R,412,3,2,0,0,2,Fixation,,,,,,,,,,,,
SV019,R,413,2,2,1,1,2,Fixation,,,,,,,,,,,,
SV019,R,414,2,0,1,1,0,Fixation,,,,,,,,,,,,
SV019,R,415,2,2,0,1,2,Fixation,,,,,,,,,,,,
SV019,R,416,3,3,0,0,3,Fixation,,,,,,,,,,,,
SV019,R,417,3,0,1,0,0,Fixation,,,,,,,,,,,,
SV019,R,418,3,3,0,1,3,Fixation,,,,,,,,,,,,
SV019,R,419,2,0,0,0,0,Fixation,,,,,,,,,,,,
SV019,R,420,2,3,1,1,3,Fixation,,,,,,,,,,,,
SV019,R,421,3,0,0,1,0,Fixation,,,,,,,,,,,,
SV019,R,422,2,0,0,0,0,Fixation,,,,,,,,,,,,
SV019,R,423,3,3,0,0,3,Fixation,,,,,,,,,,,,
SV019,R,424,2,0,0,1,0,Fixation,,,,,,,,,,,,
SV019,R,425,2,2,1,1,2,Fixation,,,,,,,,,,,,
SV019,R,426,3,0,0,1,0,Fixation,,,,,,,,,,,,
SV019,R,427,2,3,1,1,3,Fixation,,,,,,,,,,,,
SV019,R,428,3,3,1,0,3,Fixation,,,,,,,,,,,,
SV019,R,429,2,3,0,1,3,Fixation,,,,,,,,,,,,
SV019,R,430,3,3,1,1,3,Fixation,,,,,,,,,,,,
SV019,R,431,2,2,0,0,2,Fixation,,,,,,,,,,,,
SV019,R,432,3,3,0,0,3,Fixation,,,,,,,,,,,,
SV019,R,433,2,3,1,1,3,Fixation,,,,,,,,,,,,
SV019,R,434,3,0,0,0,0,Fixation,,,,,,,,,,,,
SV019,R,435,3,3,1,0,3,Fixation,,,,,,,,,,,,
SV019,R,436,3,0,0,1,0,Fixation,,,,,,,,,,,,
SV019,R,437,2,0,1,1,0,Fixation,,,,,,,,,,,,
SV019,R,438,3,2,1,0,2,Fixation,,,,,,,,,,,,
SV019,R,439,3,2,1,0,2,Fixation,,,,,,,,,,,,
SV019,R,440,2,3,1,1,3,Fixation,,,,,,,,,,,,
SV019,R,441,2,3,1,0,3,Fixation,,,,,,,,,,,,
SV019,R,442,2,3,1,0,3,Fixation,,,,,,,,,,,,
SV019,R,443,2,0,0,1,0,Fixation,,,,,,,,,,,,
SV019,R,444,2,2,0,1,2,Fixation,,,,,,,,,,,,
SV019,R,445,3,3,1,1,3,Fixation,,,,,,,,,,,,
SV019,R,446,2,0,0,1,0,Fixation,,,,,,,,,,,,
SV019,R,447,3,3,0,1,3,Fixation,,,,,,,,,,,,
SV019,R,448,3,0,1,1,0,Fixation,,,,,,,,,,,,
SV019,R,449,2,3,1,0,3,Fixation,,,,,,,,,,,,
SV019,R,450,2,2,1,0,2,Fixation,,,,,,,,2.1,2.1,0.0,0.0,32.0
SV019,R,451,3,3,1,0,3,Fixation,,,,,,,,,,,,
SV019,R,452,2,0,0,0,0,Fixation,,,,,,,,,,,,
SV019,R,453,2,3,0,1,3,Fixation,,,,,,,,,,,,
SV019,R,454,3,0,0,1,0,Fixation,,,,,,,,,,,,
SV019,R,455,3,2,1,1,2,Fixation,,,,,,,,,,,,
SV019,R,456,2,3,0,0,3,Fixation,,,,,,,,,,,,
SV019,R,457,2,0,1,1,0,Fixation,,,,,,,,,,,,
SV019,R,458,2,2,0,1,2,Fixation,,,,,,,,,,,,
SV019,R,459,2,0,1,1,0,Fixation,,,,,,,,,,,,
SV019,R,460,2,3,1,1,3,Fixation,,,,,,,,2.4,2.4,0.0,0.0,56.0
SV019,R,461,2,3,0,1,3,Fixation,,,,,,,,,,,,
SV019,R,462,3,0,1,1,0,Fixation,,,,,,,,,,,,
SV019,R,463,2,2,1,1,2,Fixation,,,,,,,,,,,,
SV019,R,464,3,0,1,0,0,Fixation,,,,,,,,,,,,
SV019,R,465,3,2,0,0,2,Fixation,,,,,,,,,,,,
SV019,R,466,2,3,1,0,3,Fixation,,,,,,,,,,,,
SV019,R,467,2,3,0,0,3,Fixation,,,,,,,,,,,,
SV019,R,468,3,3,0,1,3,Fixation,,,,,,,,,,,,
SV019,R,469,3,0,0,0,2,Fixation,,,,,,,,,,,,
SV019,R,470,2,2,1,0,2,Fixation,,,,,,,,,,,,
SV019,R,471,3,2,1,0,2,Fixation,,,,,,,,,,,,
SV019,R,472,3,2,0,1,2,Fixation,,,,,,,,,,,,
SV019,R,473,2,0,1,0,0,Fixation,,,,,,,,,,,,
SV019,R,474,2,3,0,1,3,Fixation,,,,,,,,,,,,
SV019,R,475,2,2,0,0,2,Fixation,,,,,,,,,,,,
SV019,R,476,3,2,1,1,2,Fixation,,,,,,,,,,,,
SV019,R,477,2,2,0,0,2,Fixation,,,,,,,,,,,,
SV019,R,478,2,0,1,0,0,Fixation,,,,,,,,,,,,
SV019,R,479,2,2,1,1,2,Fixation,,,,,,,,,,,,
SV019,R,480,2,2,0,0,2,Fixation,,,,,,,,,,,,
SV019,L,1,2,2,0,0,2,Response,2851.05,2863.6,1282.65,1289.6,353.5,371.0,884.0,4.3500000000000005,7.9,360.5,521.0,96.0
SV019,L,2,3,0,0,0,2,Response,2837.35,2866.0,1215.5666666666666,1250.7,377.1666666666667,492.0,582.0,2.1571428571428575,7.2,275.7142857142857,578.0,68.0
SV019,L,3,3,0,1,1,2,Response,969.5,969.5,1370.7,1370.7,286.0,286.0,660.0,3.9499999999999997,7.8,370.5,520.0,110.0
SV019,L,4,2,3,0,1,2,Response,1334.7,2644.7,1208.5142857142857,1448.3,328.07142857142856,458.0,336.0,4.526666666666667,12.1,325.4,636.0,81.86666666666666
SV019,L,5,3,2,1,0,2,Response,2706.06,2954.1,1212.2,1250.7,350.8,412.0,615.2,4.666666666666667,9.4,387.5,744.0,100.0
SV019,L,6,3,0,1,0,2,Response,2839.85,2853.1,1239.9499999999998,1249.6,290.0,325.0,66.0,2.8000000000000003,6.9,522.0,730.0,214.66666666666666
SV019,L,7,3,3,1,1,2,Response,1650.0,1998.4,1208.8666666666668,1307.7,236.0,262.0,413.3333333333333,5.825,8.4,305.75,507.0,130.0
SV019,L,8,3,0,1,1,2,Response,855.0,855.0,1359.1,1359.1,312.0,312.0,1176.0,7.95,8.4,342.5,511.0,84.0
SV019,L,9,2,0,0,1,2,Response,1320.96,1913.1,1193.28,1308.4,279.4,405.0,388.8,4.983333333333333,6.5,348.6666666666667,583.0,159.33333333333334
SV019,L,10,3,3,1,1,2,Response,932.8,932.8,1303.4,1303.4,324.0,324.0,1272.0,7.45,7.5,318.0,486.0,100.0
SV019,L,11,3,2,0,1,2,Response,1131.7,1174.6,1338.4333333333334,1423.8,299.3333333333333,394.0,565.3333333333334,2.9,6.6,234.0,452.0,116.0
SV019,L,12,3,2,0,0,2,Response,2817.45,2910.6,1237.5500000000002,1262.9,277.5,317.0,420.0,1.3,1.7,266.3333333333333,391.0,160.0
SV019,L,13,3,2,1,0,2,Response,2705.6,2705.6,1267.6,1267.6,235.0,235.0,548.0,0.4,0.4,176.0,176.0,120.0
SV019,L,14,2,2,0,0,2,Response,1854.1,1854.1,1146.9,1146.9,306.0,306.0,112.0,2.05,2.7,430.5,656.0,376.0
SV019,L,15,3,2,0,0,2,Response,2408.3,2922.8,1170.4499999999998,1229.1,274.0,277.0,702.0,7.933333333333334,8.6,236.33333333333334,258.0,80.0
SV019,L,16,3,3,0,1,2,Response,1112.2666666666667,1168.2,1179.6333333333334,1230.0,311.3333333333333,364.0,405.3333333333333,3.45,6.5,222.25,483.0,240.0
SV019,L,17,2,3,1,1,2,Response,918.85,931.1,1344.35,1349.9,307.0,368.0,596.0,4.966666666666666,9.0,655.3333333333334,1369.0,110.66666666666667
SV019,L,18,3,3,0,0,2,Response,2924.3999999999996,2992.6,1228.6,1238.9,340.25,414.0,426.0,3.46,8.0,167.2,358.0,55.2
SV019,L,19,3,2,0,1,2,Response,1157.1666666666667,1180.1,1157.6000000000001,1272.2,256.3333333333333,272.0,504.0,1.0999999999999999,1.7,217.33333333333334,487.0,85.33333333333333
SV019,L,20,2,3,0,0,2,Response,2887.7,2904.7,1172.95,1195.0,302.0,375.0,578.0,4.8,7.6,233.0,338.0,96.0
SV019,L,21,2,3,1,0,2,Response,2746.15,2795.5,1283.6,1318.6,341.5,415.0,648.0,4.066666666666666,5.8,271.3333333333333,497.0,82.66666666666667
SV019,L,22,2,3,1,1,2,Response,939.775,1164.7,1359.35,1377.9,309.5,403.0,520.0,2.975,7.4,250.5,617.0,64.0
SV019,L,23,3,2,0,0,2,Response,2880.95,2904.6,1226.05,1227.0,316.0,383.0,566.0,3.85,7.3,291.5,442.0,90.0
SV019,L,24,3,2,0,0,2,Response,2840.3,2840.3,1170.3,1170.3,395.0,395.0,948.0,3.5,6.8,250.5,348.0,134.0
SV019,L,25,3,3,0,1,2,Response,1525.0500000000002,1892.9,1311.15,1409.7,347.5,379.0,248.0,6.9,7.9,403.0,630.0,446.0
SV019,L,26,2,0,1,1,2,Response,898.75,931.6,1349.4,1367.4,325.0,356.0,624.0,3.6,6.7,93.0,122.0,38.0
SV019,L,27,2,2,1,1,2,Response,850.0999999999999,885.8,1365.6,1379.0,296.5,352.0,516.0,4.15,8.0,345.0,562.0,120.0
SV019,L,28,2,0,1,0,2,Response,2731.3,2757.6,1275.75,1283.3,332.5,406.0,694.0,3.65,6.7,175.0,218.0,110.0
SV019,L,29,3,0,1,0,2,Response,2775.8,2777.4,1266.85,1268.2,325.5,403.0,604.0,3.4,6.7,508.0,879.0,108.0
SV019,L,30,3,2,1,1,2,Response,1004.85,1063.9,1365.9,1370.5,306.5,320.0,142.0,3.6333333333333333,9.3,425.6666666666667,724.0,276.0
SV019,L,31,3,3,1,1,2,Response,912.5,912.5,1362.3,1362.3,314.0,314.0,1348.0,7.4,7.4,140.0,140.0,64.0
SV019,L,32,3,3,0,1,2,Response,1073.65,1107.8,1190.3,1221.1,353.0,381.0,526.0,3.15,5.8,340.5,539.0,462.0
SV019,L,33,3,3,1,0,2,Response,2798.8999999999996,2812.1,1250.25,1263.8,344.5,415.0,764.0,2.6999999999999997,7.1,176.0,240.0,94.66666666666667
SV019,L,34,3,3,0,0,2,Response,2604.633333333333,2913.4,1207.4666666666667,1265.0,310.3333333333333,359.0,620.0,5.449999999999999,8.7,192.75,259.0,148.0
SV019,L,35,2,2,1,0,2,Response,2772.6,2772.6,1280.6,1280.6,266.0,266.0,520.0,3.15,6.0,287.5,392.0,98.0
SV019,L,36,2,0,1,1,2,Response,899.5,904.0,1358.7,1361.4,312.0,360.0,814.0,4.0,7.6,299.0,460.0,152.0
SV019,L,37,3,0,0,1,2,Response,1076.6666666666667,1186.7,1169.2666666666667,1188.1,347.6666666666667,395.0,358.6666666666667,3.275,6.3,351.5,649.0,220.0
SV019,L,38,3,2,1,1,2,Response,889.65,916.8,1326.15,1348.7,305.5,334.0,850.0,5.633333333333333,8.8,409.0,658.0,146.66666666666666
SV019,L,39,2,0,0,0,1,Response,2936.45,2964.5,1204.4499999999998,1214.1,317.0,383.0,712.0,2.4,5.8,193.0,341.0,81.33333333333333
SV019,L,40,2,0,0,1,2,Response,1071.0,1092.0,1196.0,1197.5,371.0,405.0,742.0,4.633333333333334,7.0,736.0,1869.0,202.66666666666666
SV019,L,41,2,0,1,0,2,Response,2801.1,2801.1,1303.2,1303.2,374.0,374.0,412.0,3.85,7.2,199.5,341.0,62.0
SV019,L,42,3,2,0,1,2,Response,1336.4833333333333,2087.1,1154.8500000000001,1204.0,367.1666666666667,461.0,411.3333333333333,3.1142857142857143,8.3,307.57142857142856,681.0,125.14285714285714
SV019,L,43,2,0,1,0,2,Response,2461.5,2673.5,1193.6999999999998,1216.1,482.5,485.0,182.0,1.0333333333333332,1.4,81.33333333333333,97.0,17.333333333333332
SV019,L,44,3,2,0,0,2,Response,2910.15,2925.8,1231.2,1274.7,402.5,478.0,776.0,0.4666666666666666,0.7,243.0,609.0,32.0
SV019,L,45,3,3,1,0,2,Response,,,,,,,,1.0,1.0,203.0,203.0,376.0
SV019,L,46,3,0,1,0,2,Response,,,,,,,,,,,,
SV019,L,47,3,3,0,0,2,Response,2789.7,2866.3,1200.8,1208.5,362.5,396.0,728.0,2.05,3.6,98.5,139.0,24.0
SV019,L,48,3,3,0,0,2,Response,2893.3,2893.3,1333.4,1333.4,314.0,314.0,512.0,4.3,8.1,156.0,256.0,148.0
SV019,L,49,3,3,1,1,2,Response,1025.0,1092.1,1363.15,1385.1,377.5,446.0,438.0,3.8,6.8,122.0,174.0,34.0
SV019,L,50,2,2,1,0,2,Response,2782.8,2782.8,1267.8,1267.8,395.0,395.0,1356.0,0.8,0.8,71.0,71.0,16.0
SV019,L,51,2,3,1,1,2,Response,971.1,971.1,1375.4,1375.4,357.0,357.0,924.0,6.75,7.2,243.5,332.0,116.0
SV019,L,52,3,2,1,1,2,Response,1032.95,1162.9,1374.0,1405.3,363.0,399.0,528.0,3.35,5.5,115.0,147.0,34.0
SV019,L,53,3,3,0,0,2,Response,2913.1,2913.1,1192.9,1192.9,268.0,268.0,708.0,0.8500000000000001,1.1,298.0,324.0,182.0
SV019,L,54,2,0,0,1,2,Response,1021.8,1034.3,1090.15,1160.7,326.5,356.0,464.0,3.266666666666666,6.8,227.0,453.0,322.6666666666667
SV019,L,55,2,2,1,0,2,Response,2768.0,2768.0,1279.0,1279.0,317.0,317.0,1596.0,,,,,
SV019,L,56,3,0,1,1,2,Response,908.1,908.1,1325.0,1325.0,333.0,333.0,1228.0,6.8,6.8,132.0,132.0,64.0
SV019,L,57,3,3,0,1,2,Response,1120.8,1120.8,1190.4,1190.4,233.0,233.0,564.0,0.7,0.7,659.0,659.0,184.0
SV019,L,58,3,2,0,1,2,Response,,,,,,,,,,,,
SV019,L,59,3,3,0,0,2,Response,,,,,,,,,,,,
SV019,L,60,3,3,1,1,2,Response,950.2,950.2,1342.4,1342.4,357.0,357.0,1056.0,7.2,7.2,174.0,174.0,60.0
SV019,L,61,3,0,0,0,2,Response,2909.7,2909.7,1177.0,1177.0,409.0,409.0,720.0,2.8000000000000003,4.7,338.0,560.0,118.0
SV019,L,62,2,2,1,0,2,Response,,,,,,,,,,,,
SV019,L,63,2,3,1,1,2,Response,1063.4,1063.4,1365.1,1365.1,372.0,372.0,944.0,1.1,1.3,354.5,620.0,94.0
SV019,L,64,2,3,0,0,2,Response,2919.8,2933.1,1151.5,1159.0,303.0,379.0,446.0,0.35,0.5,270.0,479.0,68.0
SV019,L,65,3,0,0,0,2,Response,2855.9,2855.9,1193.4,1193.4,338.0,338.0,688.0,3.25,6.0,196.0,223.0,112.0
SV019,L,66,2,3,0,1,2,Response,1122.2,1163.4,1412.3333333333333,1478.2,334.6666666666667,391.0,428.0,2.6999999999999997,6.1,303.0,613.0,228.0
SV019,L,67,2,0,0,0,2,Response,2830.2,2830.2,1277.1,1277.1,419.0,419.0,472.0,0.6,0.7,670.5,1277.0,252.0
SV019,L,68,2,3,0,1,2,Response,1091.4666666666667,1155.5,1254.6000000000001,1297.2,294.6666666666667,351.0,558.6666666666666,1.7000000000000002,2.6,314.5,559.0,260.0
SV019,L,69,2,3,0,1,2,Response,1439.625,2268.1,1223.8,1256.5,298.25,368.0,369.0,5.0,9.6,308.8,574.0,128.0
SV019,L,70,3,0,0,1,2,Response,1124.3,1177.0,1051.25,1060.4,318.0,365.0,654.0,1.6,1.7,276.0,455.0,310.0
SV019,L,71,3,3,1,1,1,Response,941.2,941.2,1143.8,1143.8,487.0,487.0,36.0,4.6,7.5,525.0,840.0,92.0
SV019,L,72,3,3,1,0,2,Response,2708.4,2729.0,1274.8000000000002,1279.4,357.5,436.0,566.0,2.0,3.8,357.5,598.0,114.0
SV019,L,73,3,0,1,0,2,Response,2752.8500000000004,2891.8,1248.2,1253.0,362.0,395.0,680.0,4.4,7.5,129.5,169.0,40.0
SV019,L,74,3,2,0,0,2,Response,2855.7999999999997,2947.6,1227.6333333333334,1269.2,314.3333333333333,355.0,562.6666666666666,1.0,1.6,261.3333333333333,490.0,242.66666666666666
SV019,L,75,3,3,1,0,2,Response,2863.7,2890.5,1226.7,1229.2,317.0,377.0,678.0,3.4333333333333336,5.8,178.0,236.0,90.66666666666667
SV019,L,76,2,0,1,0,2,Response,2799.7,2799.7,1231.6,1231.6,249.0,249.0,548.0,0.6,0.6,465.0,465.0,156.0
SV019,L,77,2,2,1,0,2,Response,,,,,,,,,,,,
SV019,L,78,3,2,1,0,2,Response,,,,,,,,,,,,
SV019,L,79,2,0,0,1,2,Response,1121.9666666666667,1184.9,1091.9666666666665,1145.8,282.3333333333333,388.0,668.0,1.9666666666666668,3.5,444.3333333333333,615.0,284.0
SV019,L,80,3,2,1,0,2,Response,2882.0,2882.0,1264.7,1264.7,393.0,393.0,1248.0,0.8,0.8,71.0,71.0,16.0
SV019,L,81,3,0,0,0,2,Response,2836.0,2836.0,1205.4,1205.4,431.0,431.0,840.0,0.8,0.8,618.0,618.0,192.0
SV019,L,82,2,3,0,1,2,Response,1049.9,1125.6,1191.8,1208.6,342.0,397.0,636.0,3.75,6.6,102.0,126.0,40.0
SV019,L,83,3,3,1,0,2,Response,,,,,,,,,,,,
SV019,L,84,2,3,0,1,2,Response,1108.8,1108.8,1249.2,1249.2,277.0,277.0,668.0,1.3,1.3,621.0,621.0,284.0
SV019,L,85,3,0,0,0,2,Response,2874.066666666667,2922.2,1191.5,1222.4,330.6666666666667,386.0,541.3333333333334,0.5333333333333333,0.7,206.66666666666666,502.0,69.33333333333333
SV019,L,86,3,2,1,1,2,Response,982.675,1058.2,1271.3,1386.9,342.75,395.0,439.0,2.6,7.8,190.75,364.0,106.0
SV019,L,87,2,3,1,1,2,Response,941.6999999999999,1067.2,1308.7333333333333,1350.0,324.0,375.0,442.6666666666667,3.4,6.0,353.3333333333333,730.0,85.33333333333333
SV019,L,88,2,0,1,0,2,Response,,,,,,,,,,,,
SV019,L,89,2,2,0,1,2,Response,1107.35,1111.0,1131.95,1144.4,296.0,360.0,614.0,2.566666666666667,6.0,263.0,527.0,86.66666666666667
SV019,L,90,2,2,1,1,2,Response,962.6999999999999,1066.1,1286.9666666666665,1314.7,317.3333333333333,363.0,437.3333333333333,0.95,1.4,91.5,118.0,14.0
SV019,L,91,2,2,0,1,2,Response,1357.6999999999998,1628.6,1078.15,1118.4,338.0,358.0,634.0,2.1,3.4,379.0,705.0,100.0
SV019,L,92,2,0,0,1,2,Response,1140.05,1172.1,1146.7,1151.9,301.5,376.0,546.0,3.3333333333333335,5.2,328.3333333333333,630.0,89.33333333333333
SV019,L,93,3,2,1,0,2,Response,2841.0,2841.0,1253.8,1253.8,337.0,337.0,1256.0,6.4,7.9,406.0,555.0,136.0
SV019,L,94,2,0,1,1,2,Response,1084.75,1291.8,1240.25,1287.7,344.5,360.0,476.0,1.7666666666666666,2.6,257.3333333333333,516.0,93.33333333333333
SV019,L,95,2,3,1,0,2,Response,2951.1,2951.1,1280.2,1280.2,339.0,339.0,932.0,2.2,3.1,128.5,161.0,78.0
SV019,L,96,3,0,1,0,2,Response,2682.2,2682.2,1245.0,1245.0,340.0,340.0,1240.0,0.5,0.5,65.0,65.0,12.0
SV019,L,97,3,2,0,1,2,Response,1088.2666666666667,1155.3,1128.2333333333333,1146.7,307.3333333333333,400.0,548.0,2.0,4.6,337.0,651.0,153.0
SV019,L,98,2,2,0,1,2,Response,1086.0333333333333,1137.8,1149.3333333333333,1160.2,338.3333333333333,387.0,414.6666666666667,1.0333333333333334,1.8,238.0,559.0,65.33333333333333
SV019,L,99,2,3,0,1,2,Response,1079.85,1103.3,1104.75,1141.0,349.5,419.0,572.0,3.9333333333333336,6.5,396.0,559.0,128.0
SV019,L,100,2,0,1,0,2,Response,2702.0833333333335,2955.8,1239.6333333333334,1280.4,353.1666666666667,387.0,354.0,1.9571428571428573,7.9,346.7142857142857,878.0,109.14285714285714
SV019,L,101,3,3,0,0,2,Response,2867.75,2901.9,1231.15,1282.8,363.0,430.0,468.0,3.0666666666666664,8.0,293.6666666666667,652.0,82.66666666666667
SV019,L,102,2,2,0,1,2,Response,1108.8600000000001,1154.6,1314.02,1365.8,380.2,436.0,384.0,0.825,1.0,321.75,646.0,131.0
SV019,L,103,2,0,0,1,2,Response,1145.0,1145.0,1185.5,1185.5,295.0,295.0,492.0,0.7,0.7,583.0,583.0,128.0
SV019,L,104,3,2,0,1,2,Response,1099.25,1123.3,1133.9499999999998,1194.3,329.0,377.0,322.0,3.0333333333333337,6.7,457.3333333333333,735.0,138.66666666666666
SV019,L,105,3,0,1,0,2,Response,2729.04,2845.6,1275.52,1298.8,379.8,446.0,363.2,1.44,4.2,78.0,117.0,20.8
SV019,L,106,2,2,1,1,2,Response,994.6,1131.9,1232.95,1282.0,360.25,429.0,424.0,2.68,7.2,206.2,623.0,58.4
SV019,L,107,3,2,1,0,2,Response,2742.45,2770.7,1225.6,1252.6,296.0,332.0,490.0,3.85,6.2,209.5,255.0,108.0
SV019,L,108,3,3,1,0,2,Response,2799.366666666667,2873.3,1272.1000000000001,1302.8,351.6666666666667,452.0,786.6666666666666,1.9000000000000001,4.5,286.0,646.0,72.0
SV019,L,109,3,3,0,0,2,Response,2839.85,2844.7,1210.0,1230.3,333.0,390.0,718.0,2.6666666666666665,6.6,129.0,186.0,76.0
SV019,L,110,2,0,1,1,2,Response,902.76,980.4,1549.8,2580.2,307.2,414.0,249.6,6.883333333333333,14.0,237.66666666666666,454.0,39.333333333333336
SV019,L,111,2,0,0,0,2,Response,,,,,,,,0.9,0.9,603.0,603.0,204.0
SV019,L,112,3,0,1,1,2,Response,951.05,999.2,1251.6,1263.2,325.0,385.0,610.0,2.8000000000000003,4.7,112.5,148.0,30.0
SV019,L,113,2,0,1,1,2,Response,1020.525,1354.0,1247.55,1309.1,313.25,410.0,296.0,2.12,3.5,246.2,627.0,57.6
SV019,L,114,3,0,1,1,2,Response,924.075,1063.5,1315.425,1395.2,331.75,416.0,271.0,3.22,7.9,200.0,507.0,60.0
SV019,L,115,3,0,0,1,2,Response,1100.5714285714287,1189.5,1268.7428571428572,1617.6,277.7142857142857,312.0,193.71428571428572,3.1,6.2,360.75,642.0,170.5
SV019,L,116,2,3,1,0,2,Response,2726.9,2779.1,1231.1000000000001,1254.6,328.0,369.0,438.6666666666667,2.533333333333333,6.5,219.33333333333334,531.0,57.333333333333336
SV019,L,117,2,0,1,0,2,Response,,,,,,,,7.0,7.0,283.0,283.0,152.0
SV019,L,118,2,0,0,0,2,Response,2685.25,2850.7,1187.6999999999998,1264.1,340.5,341.0,534.0,1.1,1.2,150.5,220.0,94.0
SV019,L,119,3,3,1,1,2,Response,972.75,1029.7,1314.85,1356.1,339.5,414.0,588.0,5.8,8.4,385.3333333333333,669.0,140.0
SV019,L,120,3,3,0,1,2,Response,1097.46,1142.5,1423.8,1547.8,402.6,562.0,325.6,2.1333333333333333,8.5,462.5,843.0,112.66666666666667
SV019,L,121,2,0,1,0,2,Response,2815.15,2893.8,1268.225,1317.3,435.5,495.0,411.0,2.225,7.3,242.0,666.0,66.0
SV019,L,122,2,2,0,1,2,Response,1103.3,1110.8,1266.15,1283.1,398.5,477.0,674.0,0.95,1.0,381.0,677.0,106.0
SV019,L,123,3,3,0,0,2,Response,2845.25,2872.8,1227.1,1231.2,402.0,473.0,906.0,2.8666666666666667,5.8,378.0,814.0,358.6666666666667
SV019,L,124,2,0,1,1,2,Response,1095.74,1512.7,1289.6200000000001,1356.5,361.0,403.0,238.4,2.35,8.2,254.33333333333334,693.0,59.333333333333336
SV019,L,125,2,0,1,1,2,Response,961.6,1059.9,1340.6333333333332,1369.8,375.3333333333333,418.0,332.0,3.1,6.0,355.6666666666667,715.0,73.33333333333333
SV019,L,126,2,3,0,0,2,Response,2826.05,2881.9,1213.2,1268.6,396.0,470.0,357.0,2.1,6.7,510.4,1384.0,100.0
SV019,L,127,2,2,1,1,2,Response,1232.1,1567.2,1281.1999999999998,1360.3,427.5,458.0,496.0,3.95,4.4,424.0,702.0,112.0
SV019,L,128,2,2,1,0,2,Response,2546.5,2746.9,1250.35,1294.2,461.0,469.0,288.0,1.5666666666666667,2.1,353.3333333333333,837.0,77.33333333333333
SV019,L,129,3,0,0,1,2,Response,1105.1599999999999,1189.1,1372.4,1487.6,340.5,398.0,424.4,1.9636363636363638,7.0,310.54545454545456,645.0,85.45454545454545
SV019,L,130,3,0,1,1,2,Response,1097.6333333333332,1177.0,1337.1000000000001,1390.7,307.6666666666667,373.0,297.3333333333333,2.466666666666667,5.5,171.66666666666666,309.0,156.0
SV019,L,131,3,3,1,0,2,Response,2656.95,2719.3,1218.25,1224.5,391.5,410.0,628.0,0.8,0.8,67.0,67.0,16.0
SV019,L,132,2,2,1,1,2,Response,963.9666666666667,1006.4,1262.7666666666667,1355.4,410.0,491.0,400.0,1.1,1.4,125.5,181.0,14.0
SV019,L,133,2,3,1,1,2,Response,916.0333333333333,945.1,1328.3666666666666,1359.0,344.3333333333333,424.0,413.3333333333333,2.566666666666667,5.5,348.0,718.0,86.66666666666667
SV019,L,134,3,0,1,1,2,Response,944.1,944.1,1300.2,1300.2,339.0,339.0,1216.0,6.0,6.0,148.0,148.0,52.0
SV019,L,135,3,0,1,0,2,Response,2797.2999999999997,2862.7,1221.1000000000001,1248.2,353.0,393.0,382.6666666666667,2.6666666666666665,5.9,258.0,557.0,145.33333333333334
SV019,L,136,2,0,0,0,2,Response,2838.2000000000003,2920.7,1185.3,1199.1,362.0,415.0,504.0,0.9,1.0,312.5,553.0,190.0
SV019,L,137,3,2,0,0,2,Response,2779.4,2837.3,1262.65,1265.9,411.0,429.0,414.0,0.8,1.1,300.0,543.0,108.0
SV019,L,138,3,3,0,1,2,Response,1226.4666666666667,1519.9,1173.5333333333333,1281.2,294.3333333333333,355.0,561.3333333333334,4.575,5.5,182.0,319.0,133.0
SV019,L,139,3,0,0,1,2,Response,1136.4,1136.4,1112.9,1112.9,270.0,270.0,740.0,4.8,4.8,152.0,152.0,40.0
SV019,L,140,2,3,0,0,2,Response,2871.6,2906.1,1167.85,1232.8,346.0,426.0,686.0,2.1,4.5,435.0,780.0,126.66666666666667
SV019,L,141,3,3,1,1,2,Response,922.5,922.5,1340.8,1340.8,421.0,421.0,584.0,4.55,7.8,486.0,809.0,104.0
SV019,L,142,3,0,1,1,2,Response,1013.9333333333334,1063.8,1295.1666666666667,1385.3,428.6666666666667,524.0,453.3333333333333,1.25,1.3,116.0,144.0,16.0
SV019,L,143,2,0,0,0,2,Response,2871.45,2929.9,1179.4,1197.0,410.5,492.0,574.0,0.55,0.7,58.5,65.0,14.0
SV019,L,144,2,3,0,0,2,Response,2791.7,2879.1,1218.35,1252.4,422.0,485.0,742.0,0.8,0.8,71.0,71.0,16.0
SV019,L,145,2,2,0,1,2,Response,1160.15,1219.7,1188.05,1232.3,323.0,382.0,464.0,0.7333333333333334,1.0,220.66666666666666,504.0,138.66666666666666
SV019,L,146,2,3,1,0,2,Response,,,,,,,,,,,,
SV019,L,147,3,0,0,0,2,Response,2900.45,2931.8,1175.1,1227.8,332.5,407.0,984.0,0.8500000000000001,0.9,412.5,743.0,100.0
SV019,L,148,2,0,0,0,2,Response,2450.9,2841.8,1134.5,1177.5,339.0,412.0,378.0,7.166666666666667,7.7,528.0,815.0,156.0
SV019,L,149,3,0,1,1,2,Response,949.0,958.7,1341.6,1380.9,294.0,326.0,228.0,1.15,1.4,416.5,662.0,94.0
SV019,L,150,3,3,0,1,2,Response,1086.5,1086.5,1161.9,1161.9,298.0,298.0,632.0,0.5,0.5,483.0,483.0,516.0
SV019,L,151,2,0,0,0,2,Response,2851.45,2914.7,1212.65,1219.4,284.0,299.0,462.0,0.85,1.2,308.5,554.0,116.0
SV019,L,152,2,2,1,1,2,Response,1157.8,1547.7,1269.0,1349.5,355.0,411.0,437.3333333333333,1.15,1.4,392.0,672.0,102.0
SV019,L,153,3,2,1,1,2,Response,897.6,916.7,1318.4,1347.0,278.0,322.0,238.0,0.65,1.0,405.0,690.0,60.0
SV019,L,154,3,2,1,1,2,Response,942.5,1018.3,1307.0500000000002,1337.4,351.0,410.0,588.0,3.1666666666666665,7.1,455.3333333333333,744.0,94.66666666666667
SV019,L,155,2,2,1,1,2,Response,1492.4499999999998,1943.1,1163.5,1320.1,321.5,378.0,364.0,5.266666666666667,8.2,453.3333333333333,684.0,138.66666666666666
SV019,L,156,3,0,0,1,2,Response,1092.35,1153.6,1167.2,1231.4,317.5,353.0,307.0,1.125,1.8,217.0,607.0,111.0
SV019,L,157,2,0,1,1,2,Response,1002.1333333333332,1070.6,1326.3,1367.8,334.6666666666667,386.0,388.0,3.266666666666667,7.7,321.0,690.0,90.66666666666667
SV019,L,158,3,0,1,0,2,Response,1945.7,1945.7,1092.3,1092.3,242.0,242.0,152.0,8.1,8.4,376.5,534.0,154.0
SV019,L,159,2,2,0,0,2,Response,2890.2,2906.4,1165.4,1181.3,261.5,274.0,474.0,0.8500000000000001,1.1,552.0,587.0,206.0
SV019,L,160,3,0,1,0,2,Response,2613.7,2613.7,1230.8,1230.8,428.0,428.0,772.0,1.05,1.5,355.0,623.0,100.0
SV019,L,161,2,2,0,0,2,Response,2777.1,2826.8,1245.3999999999999,1250.1,409.6666666666667,461.0,480.0,0.5,0.7,100.0,135.0,202.0
SV019,L,162,2,3,1,0,2,Response,2798.65,2848.8,1240.4,1244.5,373.5,448.0,646.0,0.65,0.8,332.5,602.0,64.0
SV019,L,163,2,3,1,1,2,Response,1065.05,1252.8,1272.6,1333.2,389.5,422.0,710.0,1.9,1.9,105.5,109.0,24.0
SV019,L,164,3,2,0,0,2,Response,2842.8,2842.8,1225.6,1225.6,439.0,439.0,132.0,0.85,1.2,339.0,620.0,66.0
SV019,L,165,2,3,1,0,2,Response,2606.1,2606.1,1287.2,1287.2,440.0,440.0,276.0,0.6,0.6,73.0,73.0,12.0
SV019,L,166,2,3,0,1,2,Response,1331.6,1558.3,1103.8,1125.1,433.5,437.0,448.0,0.8500000000000001,1.1,275.0,457.0,196.0
SV019,L,167,2,2,0,1,2,Response,1121.04,1357.2,1361.56,1484.7,388.4,461.0,285.6,3.3200000000000003,6.0,401.2,773.0,140.0
SV019,L,168,3,2,1,1,2,Response,974.2,982.8,1267.4499999999998,1378.8,463.5,591.0,876.0,5.3999999999999995,7.5,392.0,843.0,80.0
SV019,L,169,2,2,1,1,2,Response,953.7000000000002,1068.9,1338.1666666666667,1387.0,339.6666666666667,425.0,298.6666666666667,2.733333333333333,6.0,334.6666666666667,723.0,94.66666666666667
SV019,L,170,2,3,0,0,2,Response,2851.866666666667,2901.3,1207.6333333333334,1262.7,324.6666666666667,412.0,466.6666666666667,2.725,6.5,186.0,216.0,189.0
SV019,L,171,2,0,0,1,2,Response,1158.0,1190.0,1173.3,1177.8,327.0,378.0,418.0,2.6,5.0,275.0,392.0,220.0
SV019,L,172,3,0,1,0,2,Response,2625.25,2707.3,1200.1,1216.9,420.5,428.0,482.0,0.8999999999999999,1.2,317.0,560.0,62.0
SV019,L,173,2,3,1,1,2,Response,905.0,905.0,1336.8,1336.8,387.0,387.0,1204.0,6.1,6.4,293.5,468.0,134.0
SV019,L,174,3,0,0,1,2,Response,1130.2,1130.2,1120.6,1120.6,405.0,405.0,580.0,2.4,4.5,358.0,598.0,282.0
SV019,L,175,2,3,0,0,2,Response,2705.425,2924.4,1247.65,1274.1,331.0,421.0,431.0,3.35,5.5,289.5,796.0,126.0
SV019,L,176,3,0,0,0,2,Response,2708.2,2708.2,1294.1,1294.1,425.0,425.0,1020.0,1.0,1.0,557.0,557.0,136.0
SV019,L,177,2,0,0,1,2,Response,1056.2,1078.0,1151.5333333333333,1176.8,313.6666666666667,389.0,428.0,2.6666666666666665,5.8,278.6666666666667,560.0,93.33333333333333
SV019,L,178,3,2,0,1,2,Response,1066.6333333333334,1110.9,1168.0,1214.2,310.0,403.0,405.3333333333333,2.5,5.5,249.66666666666666,470.0,92.0
SV019,L,179,2,2,0,0,2,Response,,,,,,,,0.4,0.4,50.0,50.0,12.0
SV019,L,180,2,0,0,1,2,Response,1100.48,1219.0,1452.8799999999999,1564.5,370.2,444.0,178.4,2.433333333333333,7.2,339.5,732.0,236.0
SV019,L,181,3,3,0,0,2,Response,,,,,,,,,,,,
SV019,L,182,2,0,1,0,2,Response,,,,,,,,,,,,
SV019,L,183,2,2,0,1,2,Response,1145.9,1145.9,1160.0,1160.0,443.0,443.0,316.0,0.75,0.8,62.5,67.0,16.0
SV019,L,184,2,3,0,1,2,Response,,,,,,,,5.5,5.5,136.0,136.0,56.0
SV019,L,185,2,0,1,1,2,Response,976.8666666666667,1214.3,1346.8333333333333,1408.2,314.5,432.0,334.0,1.5833333333333333,5.5,275.3333333333333,597.0,132.0
SV019,L,186,3,3,1,0,2,Response,,,,,,,,0.6,0.6,69.0,69.0,12.0
SV019,L,187,2,3,1,0,2,Response,2792.9,2792.9,1241.3,1241.3,390.0,390.0,1420.0,,,,,
SV019,L,188,3,3,1,1,2,Response,926.85,937.7,1393.45,1412.5,399.0,460.0,680.0,1.1,1.1,207.0,207.0,32.0
SV019,L,189,2,3,0,1,2,Response,1026.7666666666667,1076.3,1115.0,1144.9,376.6666666666667,418.0,161.33333333333334,2.4,6.7,257.5,671.0,79.0
SV019,L,190,2,3,1,1,2,Response,1763.8,1763.8,1039.3,1039.3,488.0,488.0,28.0,1.2,1.2,350.0,545.0,70.0
SV019,L,191,3,2,0,1,2,Response,1141.6,1175.9,1187.35,1246.3,347.0,416.0,552.0,3.0,5.1,269.0,413.0,248.0
SV019,L,192,2,3,1,0,2,Response,,,,,,,,,,,,
SV019,L,193,2,3,1,0,2,Response,1970.6,1970.6,1148.1,1148.1,435.0,435.0,156.0,4.05,6.3,483.0,743.0,118.0
SV019,L,194,2,2,0,0,2,Response,2713.7,2713.7,1218.5,1218.5,431.0,431.0,372.0,0.65,0.8,437.0,802.0,92.0
SV019,L,195,2,2,0,1,2,Response,1117.3999999999999,1170.4,1155.3333333333333,1214.6,323.3333333333333,366.0,418.6666666666667,2.8249999999999997,6.1,236.75,408.0,148.0
SV019,L,196,2,2,0,0,2,Response,2922.8,2922.8,1294.9,1294.9,308.0,308.0,656.0,1.2,1.2,928.0,928.0,172.0
SV019,L,197,3,0,0,0,2,Response,2918.65,2958.8,1291.4,1300.8,361.0,441.0,688.0,0.9,0.9,899.0,899.0,256.0
SV019,L,198,2,2,0,1,2,Response,1074.6666666666667,1096.7,1090.1333333333334,1200.8,349.3333333333333,460.0,328.0,2.575,7.0,494.5,805.0,162.0
SV019,L,199,2,2,1,0,2,Response,2379.7333333333336,2665.3,1184.1333333333334,1297.9,410.6666666666667,437.0,580.0,3.6,5.1,285.75,679.0,79.0
SV019,L,200,2,2,1,0,2,Response,2612.3,2612.3,1293.8,1293.8,412.0,412.0,268.0,0.8,0.8,70.0,70.0,16.0
SV019,L,201,3,3,1,0,2,Response,,,,,,,,,,,,
SV019,L,202,3,2,1,1,2,Response,1063.4666666666667,1134.4,1323.9333333333334,1349.6,407.6666666666667,481.0,602.6666666666666,1.8666666666666665,5.0,343.3333333333333,828.0,98.66666666666667
SV019,L,203,2,0,0,0,2,Response,2676.85,2746.1,1251.85,1280.1,455.5,468.0,246.0,2.6666666666666665,6.6,326.3333333333333,837.0,81.33333333333333
SV019,L,204,2,3,0,0,2,Response,2852.1,2902.1,1333.75,1374.2,391.0,459.0,472.0,1.2,1.4,304.3333333333333,752.0,60.0
SV019,L,205,3,2,0,1,2,Response,1414.4499999999998,1775.3,1121.1,1148.2,442.25,503.0,306.0,2.05,4.1,413.0,773.0,197.0
SV019,L,206,3,2,1,0,2,Response,,,,,,,,3.7,3.7,766.0,766.0,152.0
SV019,L,207,3,0,0,1,2,Response,1124.1,1146.2,1121.5,1126.8,373.0,462.0,732.0,3.8,6.2,677.5,843.0,164.0
SV019,L,208,3,0,0,1,2,Response,1233.5,1370.7,1105.9,1155.6,436.5,487.0,568.0,1.5,1.8,327.5,571.0,74.0
SV019,L,209,2,3,1,1,2,Response,1029.125,1260.6,1301.575,1405.4,434.75,478.0,210.0,1.24,3.1,184.2,489.0,47.2
SV019,L,210,2,2,1,0,2,Response,,,,,,,,,,,,
SV019,L,211,3,3,1,1,2,Response,1018.7,1025.8,1278.1,1300.3,438.0,446.0,260.0,2.1666666666666665,5.5,282.0,616.0,64.0
SV019,L,212,2,3,0,0,2,Response,,,,,,,,0.7,0.7,65.0,65.0,16.0
SV019,L,213,3,3,0,1,2,Response,1060.6333333333332,1092.1,1135.1000000000001,1164.7,363.3333333333333,425.0,522.6666666666666,0.5,0.6,284.5,518.0,88.0
SV019,L,214,2,3,0,0,2,Response,,,,,,,,,,,,
SV019,L,215,2,2,1,0,2,Response,,,,,,,,,,,,
SV019,L,216,2,0,0,1,2,Response,1093.7,1093.7,1162.7,1162.7,438.0,438.0,724.0,3.7,6.2,604.0,729.0,170.0
SV019,L,217,3,0,1,1,2,Response,1010.1,1010.1,1343.9,1343.9,353.0,353.0,1380.0,2.2,2.2,107.0,107.0,28.0
SV019,L,218,3,2,0,0,2,Response,2918.0,2928.9,1189.25,1252.9,308.5,360.0,482.0,0.35,0.6,137.5,205.0,88.0
SV019,L,219,3,2,0,0,2,Response,,,,,,,,0.9,0.9,79.0,79.0,16.0
SV019,L,220,3,3,1,0,2,Response,2773.7,2773.7,1264.7,1264.7,330.0,330.0,1084.0,0.7,0.7,64.0,64.0,16.0
SV019,L,221,2,2,0,0,2,Response,2894.1,2925.1,1215.1,1251.3,328.5,389.0,532.0,0.8,1.1,321.0,579.0,78.0
SV019,L,222,3,0,0,0,2,Response,,,,,,,,8.1,8.1,718.0,718.0,176.0
SV019,L,223,3,0,0,0,1,Response,2451.45,2865.8,1147.0,1204.9,268.0,278.0,302.0,4.7,7.0,159.0,225.0,97.33333333333333
SV019,L,224,3,2,1,1,2,Response,993.25,1011.5,1399.45,1401.5,239.0,264.0,1014.0,5.2,8.1,232.33333333333334,314.0,126.66666666666667
SV019,L,225,2,2,0,0,2,Response,2898.3333333333335,2953.8,1206.3,1222.9,318.0,364.0,548.0,2.966666666666667,6.9,137.66666666666666,176.0,54.666666666666664
SV019,L,226,3,3,0,1,2,Response,1084.8,1127.6,1194.75,1252.6,326.5,371.0,658.0,4.666666666666667,7.0,487.6666666666667,926.0,253.33333333333334
SV019,L,227,2,0,1,1,2,Response,955.95,1075.5,1381.0,1409.2,299.5,401.0,269.0,1.95,5.8,197.5,410.0,42.0
SV019,L,228,3,2,0,1,2,Response,1110.475,1146.2,1359.3,1485.1,343.75,441.0,265.0,0.875,1.1,173.5,411.0,184.0
SV019,L,229,3,2,1,0,2,Response,2805.125,2904.0,1269.925,1300.7,345.75,427.0,286.0,2.025,6.1,89.0,164.0,24.0
SV019,L,230,3,0,0,1,2,Response,1123.5500000000002,1125.9,1143.85,1177.5,359.5,423.0,630.0,0.8,0.8,561.0,561.0,472.0
SV019,L,231,2,0,1,0,2,Response,,,,,,,,1.3,1.3,738.0,738.0,156.0
SV019,L,232,2,2,1,1,2,Response,1068.1,1500.8,1277.2,1343.0,419.6,466.0,211.2,1.8,3.9,299.2,661.0,60.8
SV019,L,233,3,2,1,1,2,Response,1036.1,1036.1,1310.4,1310.4,319.0,319.0,636.0,4.4,4.4,133.0,133.0,44.0
SV019,L,234,3,3,0,1,2,Response,1175.84,1355.6,1154.44,1284.6,346.2,422.0,270.4,1.025,1.4,360.0,800.0,106.0
SV019,L,235,3,2,1,0,2,Response,2725.1,2725.1,1243.3,1243.3,344.0,344.0,1400.0,,,,,
SV019,L,236,2,0,0,0,2,Response,,,,,,,,6.1,6.1,875.0,875.0,220.0
SV019,L,237,2,3,1,0,2,Response,,,,,,,,0.5,0.5,59.0,59.0,12.0
SV019,L,238,2,2,0,0,2,Response,2811.1000000000004,2892.4,1282.5,1294.8,380.5,415.0,694.0,0.5,0.5,65.0,65.0,12.0
SV019,L,239,2,2,1,1,2,Response,938.3,938.3,1349.4,1349.4,291.0,291.0,36.0,0.8,1.0,444.0,732.0,138.0
SV019,L,240,3,2,1,0,2,Response,,,,,,,,,,,,
SV019,L,241,3,0,1,1,0,Response,1885.5,1910.4,666.9,1119.2,334.0,389.0,274.6666666666667,3.6500000000000004,4.2,192.0,221.0,28.0
SV019,L,242,2,3,1,1,3,Response,,,,,,,,,,,,
SV019,L,243,3,0,0,0,0,Response,,,,,,,,,,,,
SV019,L,244,3,0,1,0,0,Response,,,,,,,,,,,,
SV019,L,245,3,2,0,0,2,Response,,,,,,,,0.7,0.7,555.0,555.0,108.0
SV019,L,246,2,0,0,0,0,Response,,,,,,,,,,,,
SV019,L,247,2,0,1,1,0,Response,,,,,,,,,,,,
SV019,L,248,2,0,1,1,0,Response,,,,,,,,,,,,
SV019,L,249,2,3,0,1,3,Response,,,,,,,,,,,,
SV019,L,250,2,3,0,0,3,Response,,,,,,,,,,,,
SV019,L,251,2,3,0,1,3,Response,,,,,,,,0.4,0.4,877.0,877.0,240.0
SV019,L,252,2,2,1,1,2,Response,,,,,,,,1.1,1.1,807.0,807.0,244.0
SV019,L,253,3,0,0,0,0,Response,1808.0,1808.0,990.5,990.5,432.0,432.0,36.0,0.8500000000000001,0.9,488.5,864.0,148.0
SV019,L,254,2,0,0,1,0,Response,,,,,,,,0.9,0.9,787.0,787.0,248.0
SV019,L,255,3,0,0,1,0,Response,,,,,,,,,,,,
SV019,L,256,3,2,1,1,2,Response,,,,,,,,1.4,1.4,793.0,793.0,300.0
SV019,L,257,2,3,1,1,3,Response,,,,,,,,,,,,
SV019,L,258,2,2,1,0,2,Response,,,,,,,,,,,,
SV019,L,259,2,0,1,0,0,Response,,,,,,,,,,,,
SV019,L,260,2,2,0,1,2,Response,,,,,,,,,,,,
SV019,L,261,2,2,1,1,2,Response,,,,,,,,,,,,
SV019,L,262,2,3,1,0,3,Response,,,,,,,,,,,,
SV019,L,263,3,3,1,1,3,Response,1881.3,1881.3,1051.3,1051.3,604.0,604.0,40.0,1.0,1.0,172.0,172.0,56.0
SV019,L,264,2,0,1,1,0,Response,,,,,,,,,,,,
SV019,L,265,3,2,1,0,2,Response,1918.2,1918.2,1064.9,1064.9,542.0,542.0,24.0,0.8,0.8,217.0,217.0,52.0
SV019,L,266,3,0,1,1,0,Response,,,,,,,,,,,,
SV019,L,267,2,2,1,0,2,Response,,,,,,,,,,,,
SV019,L,268,2,0,1,1,0,Response,,,,,,,,,,,,
SV019,L,269,2,2,0,1,2,Response,,,,,,,,,,,,
SV019,L,270,2,2,0,0,2,Response,,,,,,,,1.8,1.8,153.0,153.0,16.0
SV019,L,271,3,0,1,0,0,Response,1849.1,1849.1,1042.4,1042.4,510.0,510.0,36.0,0.7,0.7,267.0,267.0,44.0
SV019,L,272,3,3,1,1,3,Response,,,,,,,,,,,,
SV019,L,273,2,0,1,1,0,Response,1854.7,1854.7,1045.3,1045.3,384.0,384.0,32.0,0.9500000000000001,1.1,466.0,697.0,136.0
SV019,L,274,2,0,0,0,0,Response,,,,,,,,,,,,
SV019,L,275,2,2,0,1,2,Response,,,,,,,,,,,,
SV019,L,276,2,3,0,0,3,Response,,,,,,,,,,,,
SV019,L,277,2,3,0,1,3,Response,,,,,,,,1.6,1.6,764.0,764.0,740.0
SV019,L,278,3,2,0,0,2,Response,,,,,,,,0.7,0.7,180.0,180.0,40.0
SV019,L,279,3,3,1,0,3,Response,,,,,,,,,,,,
SV019,L,280,3,0,1,1,0,Response,,,,,,,,,,,,
SV019,L,281,3,2,1,1,2,Response,,,,,,,,0.5,0.5,58.0,58.0,12.0
SV019,L,282,2,3,0,1,3,Response,1899.0,1899.0,1095.6,1095.6,436.0,436.0,684.0,0.5,0.5,62.0,62.0,12.0
SV019,L,283,3,2,1,1,2,Response,,,,,,,,,,,,
SV019,L,284,2,3,0,1,3,Response,,,,,,,,,,,,
SV019,L,285,3,3,1,1,3,Response,,,,,,,,,,,,
SV019,L,286,3,2,1,1,2,Response,,,,,,,,,,,,
SV019,L,287,2,3,1,0,3,Response,,,,,,,,,,,,
SV019,L,288,3,0,1,0,0,Response,,,,,,,,,,,,
SV019,L,289,3,0,0,1,0,Response,,,,,,,,,,,,
SV019,L,290,3,3,0,1,3,Response,,,,,,,,,,,,
SV019,L,291,3,2,0,0,2,Response,,,,,,,,,,,,
SV019,L,292,3,2,1,0,2,Response,,,,,,,,,,,,
SV019,L,293,3,0,0,1,0,Response,1697.2,1697.2,1021.9,1021.9,545.0,545.0,44.0,2.7,2.7,239.0,239.0,16.0
SV019,L,294,3,3,1,1,3,Response,,,,,,,,,,,,
SV019,L,295,3,0,0,1,0,Response,1832.3,1832.3,1440.5,1440.5,192.0,192.0,28.0,6.65,10.3,350.0,522.0,136.0
SV019,L,296,3,0,1,0,0,Response,,,,,,,,,,,,
SV019,L,297,3,2,0,0,2,Response,,,,,,,,,,,,
SV019,L,298,3,3,1,1,3,Response,1876.8,1876.8,1013.1,1013.1,562.0,562.0,20.0,1.35,2.0,483.0,690.0,138.0
SV019,L,299,2,3,0,0,3,Response,1430.35,1734.5,1694.65,2096.4,192.0,336.0,34.0,1.6500000000000001,2.2,205.5,288.0,58.0
SV019,L,300,3,0,1,1,0,Response,,,,,,,,,,,,
SV019,L,301,2,3,1,0,3,Response,1892.8,1892.8,964.7,964.7,640.0,640.0,56.0,1.3,1.3,162.0,162.0,12.0
SV019,L,302,2,3,1,0,3,Response,1750.95,1826.2,1165.5500000000002,1326.9,488.0,599.0,38.0,1.6500000000000001,2.2,172.5,202.0,16.0
SV019,L,303,3,0,1,1,0,Response,1260.2,1260.2,2309.3,2309.3,55.0,55.0,56.0,14.05,14.5,797.0,1032.0,138.0
SV019,L,304,3,0,1,0,0,Response,,,,,,,,,,,,
SV019,L,305,3,0,1,1,0,Response,1777.9,1777.9,1055.2,1055.2,594.0,594.0,28.0,1.3,1.3,228.0,228.0,52.0
SV019,L,306,3,3,0,0,3,Response,,,,,,,,,,,,
SV019,L,307,2,3,1,0,3,Response,1391.5500000000002,1606.9,1721.7,2254.9,207.5,362.0,30.0,7.366666666666667,15.3,357.3333333333333,520.0,69.33333333333333
SV019,L,308,2,0,1,0,0,Response,1842.1,1842.1,1098.8,1098.8,526.0,526.0,36.0,1.1,1.1,276.0,276.0,52.0
SV019,L,309,2,0,1,0,0,Response,1820.8,1820.8,1116.9,1116.9,518.0,518.0,32.0,1.7,1.7,307.0,307.0,40.0
SV019,L,310,3,2,1,0,2,Response,,,,,,,,0.0,0.0,997.0,997.0,296.0
SV019,L,311,3,2,1,1,2,Response,,,,,,,,,,,,
SV019,L,312,3,3,0,0,3,Response,,,,,,,,,,,,
SV019,L,313,3,0,0,0,0,Response,1688.8000000000002,1882.7,1029.75,1064.9,662.0,725.0,24.0,3.15,4.1,193.5,291.0,26.0
SV019,L,314,3,2,0,1,2,Response,,,,,,,,,,,,
SV019,L,315,2,0,0,0,2,Response,,,,,,,,,,,,
SV019,L,316,2,3,0,0,3,Response,,,,,,,,0.7,0.7,1126.0,1126.0,312.0
SV019,L,317,2,2,0,1,2,Response,,,,,,,,,,,,
SV019,L,318,3,2,1,0,2,Response,,,,,,,,,,,,
SV019,L,319,2,2,0,0,2,Response,,,,,,,,,,,,
SV019,L,320,2,0,1,1,0,Response,,,,,,,,,,,,
SV019,L,321,2,3,1,0,3,Response,1942.6999999999998,1992.6,1096.5,1124.6,336.5,337.0,506.0,1.5,1.6,429.5,588.0,150.0
SV019,L,322,3,2,0,1,2,Response,,,,,,,,0.4,0.4,55.0,55.0,12.0
SV019,L,323,2,0,1,1,0,Response,,,,,,,,,,,,
SV019,L,324,2,3,1,1,3,Response,,,,,,,,,,,,
SV019,L,325,3,0,0,1,0,Response,,,,,,,,,,,,
SV019,L,326,2,2,1,1,2,Response,1710.25,1721.6,1263.85,1511.2,438.5,589.0,20.0,3.8,4.6,247.0,265.0,32.0
SV019,L,327,3,3,1,1,3,Response,,,,,,,,,,,,
SV019,L,328,2,0,0,0,0,Response,,,,,,,,,,,,
SV019,L,329,3,3,1,1,3,Response,2001.9,2001.9,1124.5,1124.5,515.0,515.0,32.0,0.8,0.8,254.0,254.0,36.0
SV019,L,330,3,2,1,1,2,Response,,,,,,,,,,,,
SV019,L,331,3,3,1,0,3,Response,,,,,,,,,,,,
SV019,L,332,3,0,0,0,0,Response,,,,,,,,,,,,
SV019,L,333,2,2,0,1,2,Response,,,,,,,,,,,,
SV019,L,334,2,3,1,1,3,Response,,,,,,,,,,,,
SV019,L,335,3,3,0,1,3,Response,,,,,,,,,,,,
SV019,L,336,2,2,0,1,0,Response,,,,,,,,,,,,
SV019,L,337,2,3,1,1,3,Response,1956.1,1956.1,933.4,933.4,507.0,507.0,68.0,2.15,2.5,209.5,318.0,110.0
SV019,L,338,3,3,0,1,3,Response,,,,,,,,2.0,2.0,766.0,766.0,192.0
SV019,L,339,3,0,0,1,0,Response,1870.0,1870.0,969.4,969.4,380.0,380.0,28.0,1.2000000000000002,1.3,418.0,694.0,94.0
SV019,L,340,2,3,1,0,3,Response,,,,,,,,,,,,
SV019,L,341,2,2,1,0,2,Response,,,,,,,,,,,,
SV019,L,342,2,0,1,0,2,Response,,,,,,,,,,,,
SV019,L,343,3,2,0,1,2,Response,,,,,,,,,,,,
SV019,L,344,2,0,1,0,0,Response,,,,,,,,1.0,1.0,1230.0,1230.0,196.0
SV019,L,345,2,2,0,0,2,Response,,,,,,,,,,,,
SV019,L,346,2,2,0,1,2,Response,,,,,,,,0.7,0.7,175.0,175.0,36.0
SV019,L,347,3,3,0,1,3,Response,,,,,,,,,,,,
SV019,L,348,3,3,0,0,3,Response,,,,,,,,,,,,
SV019,L,349,3,2,0,1,2,Response,,,,,,,,,,,,
SV019,L,350,3,3,0,1,3,Response,,,,,,,,,,,,
SV019,L,351,2,0,0,0,0,Response,,,,,,,,0.4,0.4,742.0,742.0,260.0
SV019,L,352,3,0,0,0,0,Response,,,,,,,,,,,,
SV019,L,353,3,3,0,0,3,Response,,,,,,,,,,,,
SV019,L,354,3,3,0,1,3,Response,,,,,,,,,,,,
SV019,L,355,3,2,1,1,2,Response,,,,,,,,,,,,
SV019,L,356,3,0,1,0,0,Response,,,,,,,,1.6,1.6,766.0,766.0,204.0
SV019,L,357,3,2,1,0,2,Response,,,,,,,,,,,,
SV019,L,358,2,3,0,0,3,Response,,,,,,,,,,,,
SV019,L,359,2,2,0,0,2,Response,,,,,,,,,,,,
SV019,L,360,2,2,0,0,2,Response,,,,,,,,,,,,
SV019,L,361,3,3,0,0,3,Response,,,,,,,,,,,,
SV019,L,362,2,0,0,0,0,Response,,,,,,,,,,,,
SV019,L,363,3,2,0,1,2,Response,,,,,,,,,,,,
SV019,L,364,2,3,1,1,3,Response,,,,,,,,,,,,
SV019,L,365,3,0,1,0,0,Response,,,,,,,,,,,,
SV019,L,366,3,3,1,0,3,Response,,,,,,,,,,,,
SV019,L,367,2,2,1,0,2,Response,,,,,,,,,,,,
SV019,L,368,2,2,0,1,2,Response,1793.8,1793.8,1018.0,1018.0,363.0,363.0,44.0,1.5499999999999998,1.9,314.0,476.0,50.0
SV019,L,369,2,3,0,0,3,Response,,,,,,,,,,,,
SV019,L,370,2,2,1,1,2,Response,,,,,,,,,,,,
SV019,L,371,3,2,1,0,2,Response,,,,,,,,,,,,
SV019,L,372,3,3,0,0,3,Response,,,,,,,,0.7,0.7,84.0,84.0,12.0
SV019,L,373,2,0,1,1,0,Response,,,,,,,,1.6,1.6,1171.0,1171.0,244.0
SV019,L,374,3,3,0,1,3,Response,,,,,,,,0.6,0.6,52.0,52.0,16.0
SV019,L,375,2,2,1,0,2,Response,,,,,,,,,,,,
SV019,L,376,3,2,1,1,2,Response,,,,,,,,0.5,0.5,710.0,710.0,284.0
SV019,L,377,2,3,1,1,3,Response,,,,,,,,0.7,0.7,1090.0,1090.0,140.0
SV019,L,378,3,3,1,0,3,Response,,,,,,,,,,,,
SV019,L,379,3,2,0,0,2,Response,,,,,,,,,,,,
SV019,L,380,2,0,0,1,0,Response,,,,,,,,,,,,
SV019,L,381,2,2,1,0,2,Response,,,,,,,,,,,,
SV019,L,382,3,2,1,1,2,Response,,,,,,,,,,,,
SV019,L,383,2,0,0,1,0,Response,1930.35,1962.3,1024.85,1031.3,402.0,436.0,190.0,1.1,1.4,517.0,789.0,106.0
SV019,L,384,3,2,1,1,2,Response,1895.5,1895.5,1005.5,1005.5,397.0,397.0,28.0,0.95,1.0,514.0,817.0,84.0
SV019,L,385,3,2,0,1,2,Response,1801.7,1801.7,991.4,991.4,348.0,348.0,44.0,1.3,1.5,455.5,724.0,92.0
SV019,L,386,3,2,0,0,2,Response,,,,,,,,,,,,
SV019,L,387,2,2,1,0,2,Response,,,,,,,,1.4,1.4,689.0,689.0,368.0
SV019,L,388,3,2,0,1,2,Response,,,,,,,,1.5,1.5,813.0,813.0,248.0
SV019,L,389,2,3,1,0,3,Response,1793.4,1793.4,988.9,988.9,393.0,393.0,28.0,2.1,2.9,396.5,632.0,114.0
SV019,L,390,2,3,1,1,3,Response,,,,,,,,,,,,
SV019,L,391,2,3,0,0,3,Response,1885.6,1885.6,1040.6,1040.6,398.0,398.0,32.0,0.65,1.0,384.0,554.0,100.0
SV019,L,392,2,3,0,1,3,Response,,,,,,,,,,,,
SV019,L,393,2,2,0,0,2,Response,,,,,,,,,,,,
SV019,L,394,3,3,0,1,3,Response,1883.6,1883.6,1060.4,1060.4,498.0,498.0,36.0,0.3,0.3,143.0,143.0,32.0
SV019,L,395,3,2,0,1,2,Response,,,,,,,,1.7,1.7,577.0,577.0,280.0
SV019,L,396,2,0,1,1,0,Response,,,,,,,,,,,,
SV019,L,397,3,0,1,1,0,Response,,,,,,,,,,,,
SV019,L,398,2,0,0,1,0,Response,,,,,,,,,,,,
SV019,L,399,2,0,1,0,0,Response,1923.6,1923.6,1075.2,1075.2,424.0,424.0,24.0,0.45,0.8,380.5,507.0,102.0
SV019,L,400,3,2,0,0,2,Response,,,,,,,,0.8,0.8,431.0,431.0,152.0
SV019,L,401,3,0,1,0,0,Response,,,,,,,,1.2,1.2,767.0,767.0,188.0
SV019,L,402,3,3,0,0,3,Response,,,,,,,,0.6,0.6,55.0,55.0,16.0
SV019,L,403,2,3,0,1,3,Response,,,,,,,,,,,,
SV019,L,404,2,3,0,0,3,Response,,,,,,,,,,,,
SV019,L,405,3,3,1,1,3,Response,,,,,,,,1.0,1.0,542.0,542.0,96.0
SV019,L,406,3,3,1,0,3,Response,,,,,,,,,,,,
SV019,L,407,2,2,1,1,2,Response,,,,,,,,,,,,
SV019,L,408,3,3,0,0,2,Response,,,,,,,,1.4,1.4,577.0,577.0,144.0
SV019,L,409,2,2,0,0,2,Response,,,,,,,,,,,,
SV019,L,410,3,0,0,0,0,Response,,,,,,,,0.3,0.3,802.0,802.0,284.0
SV019,L,411,3,2,1,0,2,Response,,,,,,,,,,,,
SV019,L,412,2,2,0,1,2,Response,,,,,,,,,,,,
SV019,L,413,3,2,0,1,2,Response,,,,,,,,,,,,
SV019,L,414,2,2,1,0,2,Response,,,,,,,,,,,,
SV019,L,415,3,0,0,1,0,Response,1958.1,1958.1,1068.7,1068.7,401.0,401.0,28.0,0.8,0.9,554.5,917.0,120.0
SV019,L,416,2,3,0,1,3,Response,2034.8,2034.8,1110.5,1110.5,380.0,380.0,428.0,0.6000000000000001,0.8,61.0,69.0,14.0
SV019,L,417,2,3,0,0,3,Response,,,,,,,,,,,,
SV019,L,418,2,3,0,0,3,Response,1932.8666666666668,2007.6,1108.6333333333334,1126.0,536.3333333333334,541.0,709.3333333333334,0.7333333333333334,1.0,220.66666666666666,540.0,68.0
SV019,L,419,3,3,1,0,3,Response,,,,,,,,1.1,1.1,584.0,584.0,208.0
SV019,L,420,3,0,1,1,0,Response,1900.7,1900.7,1066.9,1066.9,337.0,337.0,512.0,0.6,0.7,61.0,62.0,14.0
SV019,L,421,3,0,1,1,0,Response,,,,,,,,,,,,
SV019,L,422,2,3,1,1,3,Response,1993.8,1993.8,1039.6,1039.6,406.0,406.0,64.0,0.75,0.8,281.0,481.0,60.0
SV019,L,423,3,0,0,0,0,Response,,,,,,,,,,,,
SV019,L,424,2,0,0,1,0,Response,2050.7,2050.7,1049.9,1049.9,405.0,405.0,44.0,0.8500000000000001,0.9,675.0,1145.0,178.0
SV019,L,425,3,0,1,1,0,Response,,,,,,,,0.9,0.9,534.0,534.0,104.0
SV019,L,426,2,2,1,1,2,Response,,,,,,,,1.4,1.4,730.0,730.0,216.0
SV019,L,427,2,2,0,1,2,Response,,,,,,,,1.6,1.6,730.0,730.0,212.0
SV019,L,428,2,2,1,0,2,Response,,,,,,,,1.6,1.6,0.0,0.0,64.0
SV019,L,429,2,3,1,0,3,Response,,,,,,,,,,,,
SV019,L,430,3,2,1,0,2,Response,,,,,,,,,,,,
SV019,L,431,2,0,0,1,0,Response,,,,,,,,,,,,
SV019,L,432,3,3,0,1,3,Response,,,,,,,,,,,,
SV019,L,433,3,3,1,0,3,Response,,,,,,,,,,,,
SV019,L,434,2,2,1,1,2,Response,,,,,,,,,,,,
SV019,L,435,3,0,0,0,0,Response,1662.3000000000002,1908.4,1531.85,2087.1,244.5,434.0,48.0,8.266666666666667,12.0,314.6666666666667,512.0,60.0
SV019,L,436,2,0,1,0,0,Response,,,,,,,,,,,,
SV019,L,437,3,2,0,0,2,Response,,,,,,,,,,,,
SV019,L,438,2,0,0,0,0,Response,,,,,,,,,,,,
SV019,L,439,3,0,0,1,0,Response,,,,,,,,,,,,
SV019,L,440,3,0,1,0,0,Response,,,,,,,,,,,,
SV019,L,441,2,3,1,1,3,Response,,,,,,,,1.1,1.1,1023.0,1023.0,204.0
SV019,L,442,3,3,1,0,3,Response,,,,,,,,1.5,1.5,544.0,544.0,116.0
SV019,L,443,3,2,0,0,2,Response,,,,,,,,,,,,
SV019,L,444,2,0,0,0,0,Response,,,,,,,,1.1,1.1,823.0,823.0,172.0
SV019,L,445,2,2,1,0,2,Response,,,,,,,,,,,,
SV019,L,446,2,2,0,0,2,Response,,,,,,,,0.9,0.9,78.0,78.0,16.0
SV019,L,447,2,0,1,1,0,Response,,,,,,,,1.3,1.3,670.0,670.0,224.0
SV019,L,448,2,0,0,1,0,Response,,,,,,,,0.7,0.7,435.0,435.0,112.0
SV019,L,449,2,0,0,1,0,Response,,,,,,,,,,,,
SV019,L,450,2,0,1,0,0,Response,2108.3,2120.4,1174.1,1174.2,497.0,567.0,274.0,0.1,0.1,3.5,7.0,122.0
SV019,L,451,2,0,0,0,0,Response,,,,,,,,0.1,0.1,8.0,8.0,392.0
SV019,L,452,2,0,1,0,0,Response,,,,,,,,1.1,1.1,81.0,81.0,20.0
SV019,L,453,3,0,0,0,0,Response,2080.4,2080.4,1125.2,1125.2,467.0,467.0,228.0,0.9,0.9,79.0,79.0,16.0
SV019,L,454,2,2,0,0,2,Response,,,,,,,,,,,,
SV019,L,455,2,3,0,1,3,Response,,,,,,,,2.1,2.1,636.0,636.0,248.0
SV019,L,456,2,0,0,1,0,Response,,,,,,,,,,,,
SV019,L,457,3,3,0,0,3,Response,,,,,,,,,,,,
SV019,L,458,3,3,1,0,3,Response,,,,,,,,,,,,
SV019,L,459,2,2,1,1,2,Response,,,,,,,,,,,,
SV019,L,460,3,0,0,1,0,Response,,,,,,,,0.9,0.9,643.0,643.0,176.0
SV019,L,461,2,0,1,0,0,Response,1931.65,1998.6,1119.4,1152.4,486.5,541.0,488.0,0.7,1.0,72.5,91.0,14.0
SV019,L,462,3,2,0,1,2,Response,,,,,,,,,,,,
SV019,L,463,2,3,0,1,3,Response,,,,,,,,0.8,0.8,73.0,73.0,16.0
SV019,L,464,3,3,1,1,3,Response,1856.4,1856.4,1085.0,1085.0,571.0,571.0,332.0,0.5,0.5,60.0,60.0,12.0
SV019,L,465,3,0,1,0,0,Response,,,,,,,,,,,,
SV019,L,466,2,2,1,1,2,Response,,,,,,,,,,,,
SV019,L,467,3,3,1,1,3,Response,,,,,,,,,,,,
SV019,L,468,3,3,0,0,3,Response,,,,,,,,,,,,
SV019,L,469,3,2,0,0,2,Response,,,,,,,,,,,,
SV019,L,470,3,0,0,0,0,Response,,,,,,,,1.1,1.1,505.0,505.0,184.0
SV019,L,471,2,2,0,0,2,Response,,,,,,,,0.7,0.7,537.0,537.0,148.0
SV019,L,472,3,3,1,0,3,Response,,,,,,,,1.3,1.3,810.0,810.0,144.0
SV019,L,473,2,0,0,1,0,Response,,,,,,,,0.4,0.4,856.0,856.0,208.0
SV019,L,474,3,2,1,0,2,Response,,,,,,,,,,,,
SV019,L,475,3,2,1,0,2,Response,,,,,,,,0.8,0.8,73.0,73.0,16.0
SV019,L,476,2,0,0,0,0,Response,,,,,,,,,,,,
SV019,L,477,2,3,1,0,3,Response,,,,,,,,,,,,
SV019,L,478,3,0,0,1,0,Response,,,,,,,,0.7,0.7,768.0,768.0,188.0
SV019,L,479,3,3,0,1,3,Response,,,,,,,,1.2,1.2,485.0,485.0,168.0
SV019,L,480,2,2,1,1,2,Response,1120.7,1120.7,195.1,195.1,369.0,369.0,124.0,13.25,13.4,1325.0,2121.0,332.0
SV019,R,1,2,3,0,0,1,Response,1328.4666666666667,1681.1,1096.9,1192.7,902.3333333333334,1042.0,366.6666666666667,2.15,3.2,931.0,3270.0,210.0
SV019,R,2,2,3,1,0,2,Response,1357.255294117647,3270.0,1145.5388235294117,3270.0,844.5882352941177,1026.0,323.6235294117647,5.75,34.4,893.3023255813954,3270.0,234.65116279069767
SV019,R,3,3,3,0,1,1,Response,2558.46,2882.7,1326.6399999999999,1509.3,782.2,866.0,684.8,3.9333333333333336,8.6,149.33333333333334,257.0,31.333333333333332
SV019,R,4,3,0,0,0,1,Response,1005.175,1027.7,1260.025,1383.0,864.75,922.0,626.0,1.7600000000000002,6.5,1370.6,3270.0,76.0
SV019,R,5,2,2,1,1,1,Response,2760.1,2770.2,1329.65,1336.7,753.5,788.0,840.0,4.966666666666667,7.9,817.3333333333334,1478.0,106.66666666666667
SV019,R,6,2,0,1,1,1,Response,2772.4,2772.4,1297.8,1297.8,720.0,720.0,1616.0,6.95,7.2,1507.0,2775.0,86.0
SV019,R,7,2,0,1,1,0,Response,2426.8744680851064,3270.0,1076.2148936170213,1451.8,787.063829787234,967.0,262.97872340425533,5.061702127659575,18.8,707.4893617021277,3270.0,464.7659574468085
SV019,R,8,3,0,0,1,1,Response,,,,,,,,8.8,8.8,240.0,240.0,52.0
SV019,R,9,2,0,1,1,1,Response,2418.3875,2942.1,1177.7125,1384.4,808.375,946.0,406.5,5.576470588235294,12.2,430.4117647058824,1902.0,439.52941176470586
SV019,R,10,3,2,1,1,2,Response,2800.366666666667,2816.4,1395.2,1417.8,838.0,888.0,804.0,3.625,8.3,710.25,1117.0,107.0
SV019,R,11,2,2,1,0,2,Response,927.25,1014.6,1316.3000000000002,1320.2,827.0,869.0,668.0,2.6999999999999997,6.5,115.33333333333333,206.0,25.333333333333332
SV019,R,12,3,2,0,1,2,Response,2841.7,2841.7,1411.3,1411.3,835.0,835.0,2532.0,7.65,8.5,646.5,1102.0,94.0
SV019,R,13,2,0,1,0,2,Response,877.75,966.4,1305.6,1321.2,832.0,848.0,846.0,3.733333333333334,9.4,719.3333333333334,2020.0,68.0
SV019,R,14,3,2,1,1,2,Response,2479.941379310345,3270.0,1227.503448275862,1418.6,758.5172413793103,893.0,319.58620689655174,4.183333333333334,9.2,776.4333333333333,3270.0,166.26666666666668
SV019,R,15,2,2,0,0,2,Response,1258.45,1868.2,1260.3833333333334,1428.8,828.3333333333334,868.0,494.0,3.9714285714285715,7.0,407.7142857142857,2056.0,51.42857142857143
SV019,R,16,3,0,0,1,2,Response,2858.2,2858.2,1429.4,1429.4,746.0,746.0,1976.0,8.350000000000001,8.8,586.5,971.0,94.0
SV019,R,17,2,0,0,0,2,Response,1082.6,1116.1,1236.1,1268.1,805.0,814.0,1846.0,4.033333333333334,7.0,914.0,1969.0,129.33333333333334
SV019,R,18,2,0,0,0,2,Response,1136.5428571428572,1410.2,1254.3999999999999,1501.9,848.5714285714286,923.0,499.42857142857144,3.425,6.7,759.375,3270.0,58.5
SV019,R,19,3,0,0,0,2,Response,1120.0285714285715,1300.1,1341.0142857142857,1549.0,799.4285714285714,874.0,282.2857142857143,4.025,7.0,397.875,1992.0,56.0
SV019,R,20,3,3,0,1,2,Response,2867.8,2867.8,1425.1,1425.1,667.0,667.0,1176.0,8.15,8.8,548.5,911.0,196.0
SV019,R,21,2,2,1,1,2,Response,2692.0,2692.0,1394.2,1394.2,710.0,710.0,2308.0,6.75,6.8,1730.5,3270.0,154.0
SV019,R,22,2,0,0,0,2,Response,1209.142857142857,1882.1,1318.3428571428572,1614.9,799.5714285714286,845.0,485.14285714285717,2.2125,7.8,450.375,2176.0,78.5
SV019,R,23,3,3,0,0,2,Response,1281.875,1755.6,1253.85,1310.4,827.75,897.0,796.0,4.5,6.8,1110.6,3270.0,113.6
SV019,R,24,3,0,1,1,2,Response,2614.75,2648.5,1428.8000000000002,1445.4,685.5,733.0,1286.0,3.966666666666667,5.7,1608.3333333333333,2866.0,132.0
SV019,R,25,3,2,0,0,2,Response,1619.625,1883.1,1198.575,1288.1,743.5,769.0,507.0,2.48,5.4,691.6,2434.0,107.2
SV019,R,26,2,0,0,1,2,Response,2815.15,2833.0,1483.75,1504.0,723.0,739.0,1302.0,5.466666666666666,8.7,958.6666666666666,1639.0,129.33333333333334
SV019,R,27,3,0,1,1,2,Response,2219.66,2613.7,1268.8,1423.0,702.0,822.0,520.0,2.2166666666666663,5.0,633.6666666666666,2605.0,90.66666666666667
SV019,R,28,2,3,1,0,2,Response,1025.375,1290.2,1360.05,1483.8,745.0,830.0,1189.0,4.58,9.2,1543.2,3270.0,99.2
SV019,R,29,3,0,0,1,2,Response,2888.9,2888.9,1450.0,1450.0,677.0,677.0,1652.0,7.8,8.7,1238.5,2290.0,138.0
SV019,R,30,3,0,1,1,2,Response,2353.925,2693.7,1285.4750000000001,1421.7,750.75,863.0,605.0,2.9,7.6,515.8,1741.0,100.0
SV019,R,31,2,2,0,1,2,Response,2826.7,2882.2,1464.2,1474.0,725.5,809.0,1106.0,5.433333333333334,8.7,352.6666666666667,852.0,133.33333333333334
SV019,R,32,2,0,1,1,2,Response,2664.3,2664.3,1335.8,1335.8,596.0,596.0,1144.0,5.5,6.2,532.5,919.0,132.0
SV019,R,33,3,2,1,1,2,Response,2573.65,2636.0,1280.4,1304.5,707.5,783.0,520.0,2.8333333333333335,5.6,497.3333333333333,1299.0,126.66666666666667
SV019,R,34,3,3,1,1,2,Response,2726.7,2726.7,1351.0,1351.0,656.0,656.0,1596.0,6.05,6.8,457.5,759.0,154.0
SV019,R,35,2,3,0,1,2,Response,2885.8,2885.8,1437.5,1437.5,646.0,646.0,2120.0,7.1,8.2,621.0,1058.0,112.0
SV019,R,36,2,0,0,0,2,Response,1482.1,1862.9,1194.6,1231.1,697.5,707.0,942.0,2.4333333333333336,5.7,773.6666666666666,2113.0,97.33333333333333
SV019,R,37,2,2,1,0,2,Response,956.9,1053.5,1331.0,1370.2,705.6666666666666,736.0,825.3333333333334,4.550000000000001,8.8,962.5,3270.0,151.0
SV019,R,38,2,3,0,1,2,Response,2880.0,2888.1,1467.9,1502.8,675.5,689.0,1308.0,5.7,8.4,559.0,767.0,116.0
SV019,R,39,2,3,0,0,2,Response,1447.4499999999998,1894.6,1219.825,1240.5,707.5,754.0,644.0,3.56,5.3,1242.2,3270.0,137.6
SV019,R,40,3,2,0,1,2,Response,2924.2999999999997,3270.0,1538.0333333333335,1816.1,581.6666666666666,704.0,410.6666666666667,6.35,7.1,1328.5,2848.0,167.0
SV019,R,41,3,2,1,0,2,Response,950.1500000000001,977.7,1323.1,1340.3,793.0,867.0,766.0,5.333333333333333,7.5,695.3333333333334,966.0,149.33333333333334
SV019,R,42,2,3,1,1,2,Response,2800.0,2982.5,1543.4666666666665,1826.6,634.0,770.0,768.0,6.0,6.6,344.75,739.0,80.0
SV019,R,43,3,0,1,1,2,Response,2640.9,2671.8,1355.4,1378.7,676.5,747.0,790.0,3.733333333333333,5.3,1443.3333333333333,2281.0,173.33333333333334
SV019,R,44,3,3,0,1,2,Response,2728.6,2728.6,1285.2,1285.2,688.0,688.0,1576.0,3.55,5.5,131.5,173.0,38.0
SV019,R,45,3,2,1,1,2,Response,2675.55,2681.9,1326.25,1346.7,656.0,687.0,730.0,4.7,6.3,382.0,747.0,97.33333333333333
SV019,R,46,3,2,0,0,2,Response,1563.75,2297.6,1315.2,1371.4,644.25,722.0,484.0,6.4399999999999995,16.4,1118.2,3270.0,118.4
SV019,R,47,2,3,0,1,2,Response,2391.8,2889.4,1306.8000000000002,1456.7,691.0,800.0,478.0,6.05,8.5,103.0,206.0,42.0
SV019,R,48,3,0,0,1,2,Response,2760.2333333333336,3270.0,1437.8,1922.9,660.6666666666666,813.0,325.3333333333333,4.885714285714286,9.3,430.2857142857143,1914.0,129.14285714285714
SV019,R,49,3,3,1,0,2,Response,1004.4333333333334,1118.8,1731.2666666666664,2559.6,441.0,638.0,758.6666666666666,7.2749999999999995,15.1,544.75,1231.0,132.0
SV019,R,50,2,2,1,0,2,Response,1044.4,1044.4,1290.6,1290.6,644.0,644.0,1772.0,7.1,8.4,604.5,1008.0,254.0
SV019,R,51,3,0,1,0,2,Response,842.2,881.7,1343.35,1347.2,684.5,695.0,902.0,5.7,9.8,1121.6666666666667,2701.0,141.33333333333334
SV019,R,52,3,0,0,0,2,Response,1078.5,1097.0,1255.1,1270.8,719.0,746.0,1034.0,4.933333333333334,7.3,531.0,924.0,188.0
SV019,R,53,2,3,0,1,2,Response,2261.133333333333,2895.6,1262.9333333333334,1480.2,672.3333333333334,869.0,545.3333333333334,7.175,8.5,876.75,2876.0,98.0
SV019,R,54,3,0,1,0,2,Response,894.25,913.2,1321.95,1340.7,659.5,692.0,986.0,5.266666666666667,8.8,611.3333333333334,1062.0,164.0
SV019,R,55,3,3,1,0,2,Response,906.9,906.9,1291.8,1291.8,638.0,638.0,1584.0,7.699999999999999,9.1,1644.0,3126.0,124.0
SV019,R,56,2,2,0,0,2,Response,1409.56,1887.4,1248.1,1419.5,628.2,691.0,315.2,4.366666666666666,7.8,1058.0,3061.0,88.0
SV019,R,57,3,0,1,0,2,Response,920.4,920.4,1315.3,1315.3,619.0,619.0,2888.0,6.7,7.4,452.5,765.0,178.0
SV019,R,58,3,3,0,1,2,Response,2925.5,2925.5,1432.2,1432.2,471.0,471.0,844.0,8.65,8.9,418.5,620.0,106.0
SV019,R,59,3,3,0,0,2,Response,1082.5,1082.5,1232.6,1232.6,635.0,635.0,1636.0,6.65,7.2,1542.0,2943.0,142.0
SV019,R,60,3,3,1,1,2,Response,2179.7083333333335,2817.4,1145.675,1424.1,717.4166666666666,907.0,299.1666666666667,3.470833333333333,14.6,627.5833333333334,2327.0,371.8333333333333
SV019,R,61,3,3,1,1,2,Response,2697.95,2762.5,1401.4,1431.3,677.0,765.0,530.0,4.3,6.8,601.0,1551.0,72.0
SV019,R,62,3,0,0,1,2,Response,2873.7200000000003,3033.9,1471.74,1543.1,727.6,881.0,402.4,3.6333333333333333,8.3,522.1666666666666,1305.0,106.0
SV019,R,63,2,2,1,0,2,Response,1587.425,1868.6,1236.95,1285.2,771.25,842.0,464.0,5.3,8.2,77.6,174.0,79.2
SV019,R,64,2,3,1,0,2,Response,1373.2,1592.7,1279.4,1304.5,649.0,704.0,412.0,8.933333333333332,13.1,1377.6666666666667,3049.0,130.66666666666666
SV019,R,65,2,3,0,1,2,Response,2960.6666666666665,3087.3,1385.2333333333333,1496.1,776.0,888.0,652.0,5.325,7.8,686.5,1381.0,111.0
SV019,R,66,2,2,0,1,2,Response,2390.0,2913.0,1344.65,1478.0,698.5,817.0,622.0,6.266666666666666,8.2,474.0,1066.0,85.33333333333333
SV019,R,67,2,0,0,1,2,Response,2611.4,2901.6,1409.6000000000001,1543.7,650.0,659.0,656.0,7.9,8.5,1094.0,3104.0,112.0
SV019,R,68,3,0,0,0,2,Response,1275.94,1864.0,1225.9599999999998,1293.6,722.2,839.0,404.8,3.9333333333333336,6.5,207.0,498.0,98.0
SV019,R,69,2,3,0,0,2,Response,1102.05,1108.1,1352.3000000000002,1492.7,679.0,745.0,878.0,4.933333333333334,7.6,536.6666666666666,1333.0,112.0
SV019,R,70,3,0,0,0,2,Response,1115.3666666666666,1118.5,1382.8333333333333,1397.9,736.0,824.0,382.6666666666667,2.225,7.0,1512.25,3270.0,161.0
SV019,R,71,3,2,0,0,2,Response,1483.5714285714287,2302.8,1320.3428571428572,1430.3,690.1428571428571,854.0,532.5714285714286,4.9625,8.5,1178.0,3270.0,117.5
SV019,R,72,2,2,0,0,2,Response,1031.1666666666667,1146.4,1395.75,2308.9,542.8333333333334,739.0,314.0,3.257142857142857,10.9,604.1428571428571,1852.0,85.71428571428571
SV019,R,73,3,2,1,1,2,Response,2708.7,2738.0,1415.85,1432.4,593.5,600.0,684.0,4.533333333333334,7.2,876.6666666666666,1962.0,150.66666666666666
SV019,R,74,2,3,0,1,2,Response,2890.0,2898.7,1531.6,1536.7,610.5,631.0,894.0,5.833333333333333,8.5,363.3333333333333,612.0,124.0
SV019,R,75,2,3,1,1,2,Response,2798.65,2807.8,1455.6,1467.3,629.0,657.0,622.0,4.833333333333333,7.9,359.3333333333333,647.0,117.33333333333333
SV019,R,76,2,2,1,0,2,Response,1116.575,1307.2,1282.325,1365.4,621.0,744.0,409.0,2.7199999999999998,10.0,316.0,915.0,94.4
SV019,R,77,3,2,0,1,2,Response,2911.8,2911.8,1511.8,1511.8,638.0,638.0,1104.0,8.75,8.8,1358.0,2457.0,134.0
SV019,R,78,3,3,0,0,2,Response,1062.0,1062.7,1279.1999999999998,1281.1,696.0,740.0,356.0,4.6000000000000005,6.2,454.3333333333333,955.0,240.0
SV019,R,79,3,2,1,0,2,Response,1452.75,1941.5,1225.25,1293.0,587.5,625.0,382.0,8.166666666666666,9.2,328.3333333333333,570.0,106.66666666666667
SV019,R,80,3,0,1,0,2,Response,1041.8000000000002,1046.7,1337.5500000000002,1352.2,731.0,799.0,814.0,5.066666666666666,7.0,381.0,737.0,153.33333333333334
SV019,R,81,3,2,1,0,1,Response,1008.1,1008.1,1319.6,1319.6,817.0,817.0,704.0,3.1,5.9,492.5,794.0,98.0
SV019,R,82,2,0,0,0,2,Response,1131.45,1161.4,1288.4,1392.1,655.75,747.0,583.0,1.78,5.5,895.6,3270.0,92.0
SV019,R,83,2,2,1,1,2,Response,2730.8250000000003,2774.3,1414.375,1444.8,648.75,794.0,142.0,4.5,9.7,222.0,688.0,213.6
SV019,R,84,3,0,0,0,2,Response,1080.4,1105.8,1285.65,1353.3,656.0,688.0,631.0,3.08,6.7,475.2,1190.0,110.4
SV019,R,85,2,0,1,0,2,Response,922.75,1005.5,1321.4499999999998,1335.8,664.0,759.0,768.0,5.433333333333334,9.1,808.6666666666666,1331.0,144.0
SV019,R,86,3,0,1,1,2,Response,2679.2,2680.5,1423.65,1444.3,621.5,684.0,706.0,4.066666666666666,6.3,1010.0,2006.0,184.0
SV019,R,87,2,0,0,1,2,Response,2989.34,3162.3,1396.8600000000001,1566.2,657.6,810.0,341.6,4.16,7.3,608.4,1643.0,171.2
SV019,R,88,2,0,1,0,2,Response,1148.6000000000001,1310.3,1291.8333333333333,1326.1,720.3333333333334,803.0,580.0,2.7750000000000004,5.7,245.5,538.0,105.0
SV019,R,89,3,0,1,0,2,Response,1150.1,1150.1,1325.8,1325.8,585.0,585.0,756.0,2.55,4.5,425.5,660.0,126.0
SV019,R,90,3,2,1,1,2,Response,,,,,,,,6.2,6.2,1440.0,1440.0,1100.0
SV019,R,91,2,3,1,0,2,Response,1083.35,1126.7,1309.825,1344.6,620.75,710.0,1061.0,1.8,5.3,424.5,810.0,155.0
SV019,R,92,3,0,0,1,2,Response,3001.9,3270.0,1550.2,1682.3,552.3333333333334,705.0,368.0,5.825,7.4,348.5,753.0,87.0
SV019,R,93,3,0,0,1,2,Response,2867.8,2867.8,1475.3,1475.3,529.0,529.0,940.0,8.2,8.6,473.0,704.0,116.0
SV019,R,94,3,3,1,1,2,Response,2855.5,2938.1,1442.75,1471.1,535.75,603.0,575.0,2.94,7.7,400.0,1362.0,138.4
SV019,R,95,3,0,1,0,2,Response,1512.2,1884.4,1223.8,1290.6,522.0,536.0,532.0,4.066666666666666,5.6,416.0,871.0,88.0
SV019,R,96,2,2,1,0,2,Response,998.6,998.6,1338.1,1338.1,645.0,645.0,1188.0,9.2,12.1,714.5,1238.0,132.0
SV019,R,97,2,3,1,1,2,Response,2527.05,2761.3,1342.025,1403.1,551.0,731.0,575.0,5.720000000000001,6.7,629.2,2046.0,94.4
SV019,R,98,3,3,1,1,2,Response,2680.8333333333335,2706.4,1398.9333333333334,1415.6,620.0,733.0,461.3333333333333,3.35,6.9,311.5,636.0,276.0
SV019,R,99,2,0,1,1,2,Response,2340.6,2765.0,1238.2,1371.9,474.5,483.0,340.0,6.666666666666667,7.2,431.6666666666667,825.0,84.0
SV019,R,100,2,2,0,0,2,Response,1025.6000000000001,1053.2,1349.5666666666666,1482.0,578.6666666666666,669.0,628.0,4.4,8.3,334.5,721.0,89.0
SV019,R,101,3,0,1,1,2,Response,2858.7000000000003,3270.0,1505.3999999999999,1794.8,526.6666666666666,672.0,542.6666666666666,6.125,7.5,882.0,2263.0,107.0
SV019,R,102,3,2,0,1,2,Response,2926.3999999999996,2978.7,1310.35,1455.8,751.0,897.0,486.0,2.4,2.8,449.5,755.0,152.0
SV019,R,103,3,2,0,0,2,Response,1282.275,1872.6,1390.425,1526.6,658.5,715.0,726.0,7.159999999999999,7.7,259.4,561.0,189.6
SV019,R,104,3,0,1,1,2,Response,2682.4285714285716,2911.6,1267.185714285714,1409.3,644.7142857142857,785.0,330.85714285714283,4.025,7.0,541.25,1770.0,172.5
SV019,R,105,2,2,1,1,2,Response,2731.933333333333,2777.6,1421.3999999999999,1454.7,622.3333333333334,688.0,597.3333333333334,3.2,5.8,261.25,632.0,123.0
SV019,R,106,3,2,0,0,2,Response,1364.7666666666667,1950.4,1220.3333333333333,1417.7,611.0,711.0,530.6666666666666,8.875,13.9,313.25,653.0,170.0
SV019,R,107,3,0,0,0,2,Response,1237.54,1919.0,1268.3799999999999,1421.8,600.0,788.0,282.4,5.216666666666667,7.2,622.5,3047.0,73.33333333333333
SV019,R,108,2,2,0,0,2,Response,1068.6000000000001,1118.2,1225.7,1423.6,629.3333333333334,683.0,505.3333333333333,4.25,6.7,900.5,3166.0,89.0
SV019,R,109,3,0,1,0,2,Response,944.05,956.0,1324.15,1335.5,691.5,783.0,892.0,4.666666666666667,7.0,369.3333333333333,782.0,132.0
SV019,R,110,3,2,1,0,2,Response,1161.2333333333333,1251.7,1319.0666666666666,1329.4,617.6666666666666,696.0,588.0,2.875,5.3,642.0,2232.0,118.0
SV019,R,111,2,2,1,1,2,Response,2834.625,3227.1,1424.55,1650.8,548.0,689.0,364.0,5.340000000000001,11.3,488.8,1908.0,96.0
SV019,R,112,3,2,0,0,2,Response,1042.0333333333335,1081.9,1307.2,1396.9,620.0,684.0,749.3333333333334,2.2333333333333334,5.7,242.33333333333334,537.0,88.0
SV019,R,113,2,3,0,0,2,Response,1195.325,1603.2,1267.525,1400.1,668.75,760.0,438.0,2.82,6.5,248.6,718.0,76.0
SV019,R,114,2,2,0,1,2,Response,3008.8333333333335,3234.4,1501.2,1674.7,549.0,662.0,290.6666666666667,5.825,9.4,384.0,617.0,291.0
SV019,R,115,3,3,1,0,2,Response,1049.4250000000002,1148.9,1437.35,1833.6,545.5,718.0,497.0,4.5200000000000005,6.2,199.4,385.0,93.6
SV019,R,116,2,3,0,0,2,Response,1088.54,1146.4,1387.56,1557.9,587.4,681.0,603.2,2.1,5.8,185.0,530.0,44.8
SV019,R,117,3,3,0,1,2,Response,2850.475,2984.2,1281.725,1327.1,554.75,610.0,75.0,4.175,7.6,305.75,698.0,1045.0
SV019,R,118,3,0,0,0,2,Response,1097.975,1150.1,1216.05,1248.5,607.0,659.0,502.0,4.4,14.0,1635.6,3270.0,200.0
SV019,R,119,2,2,1,0,2,Response,964.5,974.7,1298.1,1313.6,652.0,728.0,830.0,5.0,8.3,1365.3333333333333,3270.0,146.66666666666666
SV019,R,120,3,3,1,0,2,Response,977.2444444444445,1144.8,1322.7333333333333,1353.3,656.8888888888889,780.0,606.6666666666666,2.3600000000000003,8.2,1408.7,3270.0,151.6
SV019,R,121,2,2,1,0,2,Response,,,,,,,,7.6,7.6,821.0,821.0,268.0
SV019,R,122,2,2,1,1,2,Response,2079.788235294118,2903.0,659.5176470588235,1427.8,496.3529411764706,763.0,226.58823529411765,4.333333333333333,16.4,155.83333333333334,414.0,39.77777777777778
SV019,R,123,3,0,1,0,2,Response,1158.9,1169.6,1243.65,1266.3,643.5,747.0,714.0,3.2999999999999994,5.1,1168.0,3179.0,106.66666666666667
SV019,R,124,3,0,0,0,2,Response,1196.9285714285713,1846.2,1248.8857142857144,1344.2,617.4285714285714,740.0,531.4285714285714,2.6875,5.6,1027.125,3270.0,127.5
SV019,R,125,3,3,1,1,2,Response,2290.2,2821.5,1367.3200000000002,1505.4,454.6,653.0,434.4,5.6,11.1,250.6,586.0,102.4
SV019,R,126,2,0,0,1,2,Response,2874.175,3026.7,1530.35,1622.2,440.75,617.0,318.0,4.625,8.0,328.25,582.0,349.0
SV019,R,127,3,2,1,1,2,Response,2754.711111111111,2959.8,1434.2666666666667,1692.1,509.0,702.0,306.6666666666667,3.05,9.9,247.3,715.0,153.6
SV019,R,128,2,2,0,1,2,Response,,,,,,,,,,,,
SV019,R,129,2,3,0,1,2,Response,2945.4,2945.4,1489.7,1489.7,545.0,545.0,796.0,8.600000000000001,8.9,448.5,649.0,140.0
SV019,R,130,3,3,0,0,2,Response,1059.6,1090.2,1305.25,1312.9,540.0,540.0,550.0,3.75,3.8,105.5,211.0,200.0
SV019,R,131,3,2,1,0,2,Response,1090.5,1103.1,1348.5,1379.2,649.0,721.0,1008.0,4.666666666666667,7.6,1738.6666666666667,3270.0,164.0
SV019,R,132,3,3,1,0,2,Response,996.3,1020.6,1399.75,1403.3,582.0,597.0,318.0,5.566666666666666,7.8,1699.0,3270.0,326.6666666666667
SV019,R,133,3,3,1,1,2,Response,2887.975,3270.0,1453.9,1709.3,515.25,671.0,423.0,5.025,7.5,815.5,1921.0,132.0
SV019,R,134,2,2,0,0,2,Response,1064.1333333333334,1105.4,1311.1000000000001,1353.0,541.3333333333334,571.0,522.6666666666666,2.775,5.6,259.0,557.0,80.0
SV019,R,135,2,3,1,0,2,Response,891.5,916.7,1361.15,1389.5,619.5,685.0,658.0,3.5,9.2,931.0,1719.0,148.0
SV019,R,136,3,3,1,0,2,Response,924.14,1078.6,1800.58,2657.1,432.0,664.0,435.2,6.866666666666667,15.1,1187.5,3270.0,143.33333333333334
SV019,R,137,2,3,0,0,2,Response,1294.8999999999999,1694.9,1284.2666666666667,1371.5,601.0,662.0,516.0,2.175,4.6,818.0,2877.0,96.0
SV019,R,138,3,3,0,0,2,Response,1247.2666666666667,1681.8,1137.7333333333333,1170.5,600.6666666666666,635.0,542.6666666666666,2.475,6.7,614.0,2041.0,142.0
SV019,R,139,3,0,0,1,2,Response,3029.633333333333,3270.0,1556.3,1875.8,389.0,479.0,541.3333333333334,7.074999999999999,9.7,319.5,571.0,91.0
SV019,R,140,2,0,0,1,2,Response,2509.9,2892.5,990.6,1392.6,476.0,618.0,310.0,6.914285714285714,12.2,432.42857142857144,1697.0,133.14285714285714
SV019,R,141,2,3,1,0,2,Response,1076.55,1128.3,1325.15,1341.9,615.5,669.0,780.0,2.8333333333333335,6.0,367.6666666666667,806.0,122.66666666666667
SV019,R,142,3,0,1,1,2,Response,2819.175,3208.3,1419.1,1636.5,518.75,643.0,359.0,4.26,6.2,532.4,1942.0,110.4
SV019,R,143,3,0,1,0,2,Response,929.9333333333334,945.0,1385.6000000000001,1501.1,560.6666666666666,676.0,446.6666666666667,2.6,4.9,264.6666666666667,555.0,126.66666666666667
SV019,R,144,2,3,1,0,2,Response,918.9,918.9,1329.1,1329.1,512.0,512.0,524.0,0.7,0.7,644.0,644.0,216.0
SV019,R,145,2,0,1,0,2,Response,950.7666666666668,1115.1,1354.5666666666666,1419.7,648.0,708.0,646.6666666666666,3.1999999999999997,7.8,284.0,625.0,94.66666666666667
SV019,R,146,3,0,0,1,2,Response,2932.433333333333,3226.1,1542.5666666666666,1662.8,485.3333333333333,633.0,554.6666666666666,6.35,9.1,499.75,1276.0,150.0
SV019,R,147,3,2,0,0,2,Response,1086.52,1132.6,1396.7599999999998,1682.1,518.4,640.0,372.0,2.783333333333333,6.2,334.0,800.0,86.0
SV019,R,148,3,3,1,1,2,Response,2893.42,3142.8,1441.48,1681.2,484.6,567.0,389.6,3.516666666666667,7.0,444.3333333333333,1468.0,118.0
SV019,R,149,2,2,1,0,2,Response,1027.3999999999999,1079.3,1316.5666666666666,1350.9,561.6666666666666,619.0,238.66666666666666,1.8,6.0,1618.0,3270.0,162.0
SV019,R,150,2,2,0,1,2,Response,2808.7,2866.7,1407.6,1467.3,520.0,527.0,280.0,4.0,8.7,263.3333333333333,525.0,220.0
SV019,R,151,3,3,1,0,2,Response,788.05,790.8,1360.0500000000002,1386.2,536.5,569.0,390.0,3.7999999999999994,8.1,462.0,602.0,165.33333333333334
SV019,R,152,3,3,0,0,2,Response,1107.4,1107.4,1359.1,1359.1,552.0,552.0,1028.0,4.5,7.6,3163.5,3270.0,196.0
SV019,R,153,2,0,0,0,2,Response,1116.85,1182.4,1619.6,1885.7,481.0,547.0,292.0,5.6000000000000005,5.9,1216.3333333333333,3270.0,136.0
SV019,R,154,3,2,0,0,2,Response,,,,,,,,7.9,7.9,581.0,581.0,180.0
SV019,R,155,2,0,1,0,2,Response,1058.2,1058.2,1335.4,1335.4,532.0,532.0,532.0,7.3999999999999995,14.1,1853.5,3243.0,190.0
SV019,R,156,3,0,1,1,2,Response,2763.35,2780.1,1425.3000000000002,1428.2,550.5,645.0,350.0,2.9,7.3,967.6666666666666,2645.0,72.0
SV019,R,157,3,2,1,0,2,Response,837.6,837.6,1367.6,1367.6,504.0,504.0,692.0,0.6,0.6,3270.0,3270.0,156.0
SV019,R,158,3,2,0,1,2,Response,2926.6,2926.6,1512.1,1512.1,459.0,459.0,732.0,0.5,0.5,67.0,67.0,12.0
SV019,R,159,3,3,1,0,2,Response,1100.9,1102.0,1316.25,1329.6,564.0,612.0,958.0,2.8666666666666667,6.1,277.6666666666667,548.0,117.33333333333333
SV019,R,160,2,3,0,1,2,Response,2955.8199999999997,3270.0,1543.6,1836.5,513.8,699.0,289.6,2.54,6.3,482.6,1968.0,69.6
SV019,R,161,3,2,0,1,2,Response,2880.3,2880.3,1451.9,1451.9,525.0,525.0,396.0,1.7,1.7,704.0,704.0,276.0
SV019,R,162,3,3,0,1,2,Response,2909.4,2909.4,1449.7,1449.7,490.0,490.0,540.0,1.4,1.4,1941.0,1941.0,256.0
SV019,R,163,2,3,0,0,2,Response,1050.5,1052.6,1351.3,1419.0,615.0,653.0,993.3333333333334,3.133333333333333,6.6,661.3333333333334,1233.0,168.0
SV019,R,164,2,2,0,1,2,Response,2860.7,2860.7,1360.1,1360.1,486.0,486.0,716.0,1.3,1.3,1931.0,1931.0,196.0
SV019,R,165,2,2,1,1,2,Response,2885.133333333333,3170.1,1444.9666666666665,1638.2,443.3333333333333,594.0,502.6666666666667,6.475,10.7,461.0,882.0,150.0
SV019,R,166,2,3,1,1,2,Response,2743.7,2743.7,1354.8,1354.8,436.0,436.0,508.0,3.15,4.5,1431.5,2681.0,128.0
SV019,R,167,2,0,1,1,2,Response,2884.7,3119.8,1514.4,1631.4,410.0,511.0,602.0,5.6,7.3,852.5,1436.0,150.0
SV019,R,168,2,0,0,1,2,Response,3027.95,3270.0,1621.7,1891.5,401.0,521.0,378.0,7.4,7.5,1106.5,1920.0,144.0
SV019,R,169,3,2,0,1,2,Response,2884.8333333333335,2957.4,1345.3333333333333,1427.0,690.3333333333334,843.0,326.6666666666667,1.0,1.1,1100.0,2125.0,140.0
SV019,R,170,2,0,0,0,2,Response,1082.1,1082.1,1392.0,1392.0,738.0,738.0,920.0,2.85,4.5,1573.0,3004.0,180.0
SV019,R,171,2,0,1,1,2,Response,2836.7666666666664,3140.8,1436.7,1643.7,465.0,630.0,564.0,5.175,7.1,905.75,2738.0,112.0
SV019,R,172,2,0,0,1,2,Response,2832.933333333333,2913.9,1452.7666666666667,1478.2,609.0,711.0,582.6666666666666,4.175,8.5,568.5,1871.0,97.0
SV019,R,173,2,0,1,1,2,Response,2898.2333333333336,3181.1,1495.2333333333333,1704.2,463.6666666666667,612.0,844.0,6.0,7.1,1037.3333333333333,2000.0,162.66666666666666
SV019,R,174,2,0,0,1,2,Response,2423.9666666666667,3270.0,602.5333333333333,1807.6,398.77777777777777,625.0,284.44444444444446,5.4,13.5,466.7,2701.0,75.6
SV019,R,175,3,3,0,0,2,Response,1087.0,1087.0,1277.4,1277.4,606.0,606.0,832.0,4.3500000000000005,7.9,1749.5,3270.0,178.0
SV019,R,176,3,3,0,0,2,Response,1053.75,1075.7,1305.4,1379.8,626.5,630.0,894.0,2.6333333333333333,6.4,1170.3333333333333,3270.0,200.0
SV019,R,177,3,0,0,1,2,Response,2991.575,3221.0,1521.2,1880.2,449.25,536.0,199.0,4.68,8.3,788.4,2735.0,126.4
SV019,R,178,2,3,1,1,2,Response,2926.8333333333335,3247.3,1592.8999999999999,1747.9,437.6666666666667,537.0,325.3333333333333,5.4,7.5,1269.75,2367.0,113.0
SV019,R,179,3,3,0,1,2,Response,2972.2333333333336,3270.0,1522.5333333333335,1751.4,491.3333333333333,666.0,588.0,5.45,5.9,1407.5,2603.0,182.0
SV019,R,180,2,2,0,0,2,Response,1063.725,1085.3,1478.825,1857.4,506.25,628.0,312.0,5.1,8.0,1272.0,3270.0,95.2
SV019,R,181,2,0,0,1,2,Response,2895.65,2918.0,1427.05,1428.5,590.5,691.0,678.0,5.3,7.7,1016.6666666666666,2689.0,117.33333333333333
SV019,R,182,2,0,1,0,2,Response,,,,,,,,,,,,
SV019,R,183,2,2,0,1,2,Response,2867.68,3270.0,1449.1799999999998,1757.8,484.6,684.0,346.4,4.54,6.6,449.8,1615.0,77.6
SV019,R,184,2,3,1,0,2,Response,966.75,1022.7,1276.1,1295.8,613.5,669.0,820.0,4.933333333333334,9.2,1270.3333333333333,3058.0,132.0
SV019,R,185,2,2,1,1,2,Response,3001.3999999999996,3254.6,1611.1,1807.4,414.0,482.0,288.0,6.8,7.8,1162.0,2718.0,148.0
SV019,R,186,2,0,0,1,2,Response,2917.4,2925.2,1455.3333333333333,1475.8,566.6666666666666,630.0,477.3333333333333,3.6,7.0,924.6666666666666,2615.0,285.3333333333333
SV019,R,187,2,0,0,0,2,Response,1062.25,1104.5,1255.35,1358.7,546.5,583.0,671.0,4.2,13.4,468.2,1491.0,116.8
SV019,R,188,3,3,0,1,2,Response,2847.3,2847.3,1402.9,1402.9,642.0,642.0,748.0,6.9,7.3,373.5,556.0,274.0
SV019,R,189,2,0,1,0,2,Response,884.2333333333335,1093.4,1315.7666666666667,1338.9,651.6666666666666,710.0,696.0,3.425,8.6,226.75,513.0,90.0
SV019,R,190,3,3,0,1,2,Response,3080.3,3270.0,1563.15,1752.9,405.0,508.0,370.0,6.5,8.8,699.0,1632.0,165.33333333333334
SV019,R,191,3,2,1,1,2,Response,2737.1,3270.0,1381.75,1572.6,459.75,538.0,192.0,3.3200000000000003,6.4,595.2,2400.0,104.0
SV019,R,192,2,0,1,1,2,Response,2803.0333333333333,3090.6,1433.4333333333334,1660.9,547.0,660.0,560.0,4.075,7.0,670.75,2189.0,83.0
SV019,R,193,2,3,1,0,2,Response,928.4,975.9,1297.6,1298.5,637.5,702.0,898.0,4.633333333333333,7.5,273.0,512.0,148.0
SV019,R,194,3,2,1,0,2,Response,891.7,891.7,1305.1,1305.1,606.0,606.0,1872.0,8.3,9.2,401.0,676.0,122.0
SV019,R,195,2,2,0,1,2,Response,2659.25,2916.3,1362.925,1587.7,522.25,595.0,290.0,4.14,7.6,1155.4,3270.0,250.4
SV019,R,196,2,0,0,0,2,Response,1101.4,1128.9,1391.35,1492.6,625.25,656.0,816.0,2.3,7.1,1838.6,3270.0,147.2
SV019,R,197,2,3,1,1,2,Response,2714.05,2747.6,1391.25,1422.7,537.0,558.0,470.0,2.3666666666666667,5.1,744.3333333333334,2007.0,105.33333333333333
SV019,R,198,3,3,0,0,2,Response,1058.5666666666666,1081.3,1294.9666666666667,1397.5,621.5,666.0,400.0,2.0,6.7,662.2857142857143,3270.0,60.57142857142857
SV019,R,199,3,2,1,0,2,Response,1012.6,1012.6,1332.5,1332.5,541.0,541.0,772.0,3.8,6.5,1721.5,3270.0,122.0
SV019,R,200,2,0,1,0,2,Response,1021.0,1021.0,1328.4,1328.4,556.0,556.0,792.0,3.6500000000000004,6.9,2150.0,3270.0,240.0
SV019,R,201,2,2,0,0,2,Response,1091.775,1099.6,1289.25,1342.2,634.5,745.0,520.0,2.9200000000000004,6.7,254.4,814.0,66.4
SV019,R,202,3,0,1,0,2,Response,1037.2,1037.2,1346.3,1346.3,527.0,527.0,660.0,1.15,1.8,1663.5,3270.0,162.0
SV019,R,203,3,2,0,1,2,Response,2798.56,2908.5,1439.02,1695.2,521.8,689.0,366.4,3.85,7.8,502.1666666666667,2268.0,98.0
SV019,R,204,2,3,1,1,2,Response,2906.9666666666667,3270.0,1536.4333333333334,1802.4,476.6666666666667,566.0,98.66666666666667,3.6750000000000003,8.3,174.0,511.0,186.0
SV019,R,205,2,2,0,0,2,Response,1086.5,1086.5,1270.0,1270.0,552.0,552.0,1440.0,4.25,7.2,1188.0,1647.0,190.0
SV019,R,206,2,0,1,0,2,Response,1158.6999999999998,1239.8,1265.75,1266.0,609.0,677.0,800.0,2.2666666666666666,4.8,1169.6666666666667,3200.0,109.33333333333333
SV019,R,207,2,2,0,1,2,Response,2778.325,2996.0,1332.65,1455.2,500.25,530.0,184.0,4.34,9.5,406.0,750.0,112.8
SV019,R,208,3,2,1,0,2,Response,975.0,1013.2,1247.95,1267.7,642.0,726.0,734.0,3.65,7.0,629.0,1081.0,148.0
SV019,R,209,2,2,1,1,2,Response,2764.4,2764.4,1413.3,1413.3,485.0,485.0,1288.0,5.4,6.8,294.5,411.0,102.0
SV019,R,210,3,3,1,1,2,Response,2227.2,2570.5,1190.85,1314.3,494.5,496.0,512.0,6.25,6.7,347.0,496.0,116.0
SV019,R,211,2,3,0,0,2,Response,1114.2,1126.2,1202.525,1235.7,591.5,687.0,605.0,1.8333333333333333,1.9,1039.3333333333333,3118.0,70.66666666666667
SV019,R,212,3,2,1,1,2,Response,2275.08,2846.2,1201.6200000000001,1359.4,534.8,675.0,370.4,7.0200000000000005,10.9,808.2,2852.0,252.0
SV019,R,213,3,3,1,0,2,Response,1234.6333333333334,1489.4,1290.5,1292.7,653.3333333333334,747.0,484.0,2.775,7.1,1452.25,2931.0,129.0
SV019,R,214,2,2,0,1,2,Response,1930.9,1930.9,1114.4,1114.4,540.0,540.0,492.0,7.15,7.8,1040.0,1876.0,248.0
SV019,R,215,3,2,1,1,2,Response,2746.3,2761.8,1371.75,1383.0,557.0,670.0,656.0,3.9,6.7,1066.3333333333333,2707.0,177.33333333333334
SV019,R,216,3,3,1,1,2,Response,2561.68,3110.2,1336.9,1674.5,570.2,672.0,401.6,3.4800000000000004,5.7,785.2,1963.0,95.2
SV019,R,217,3,3,0,0,2,Response,1135.6333333333334,1195.6,1507.3999999999999,1909.5,563.6666666666666,715.0,1058.6666666666667,6.525,7.1,1413.0,3270.0,136.0
SV019,R,218,2,3,0,0,2,Response,1212.06,1630.9,1458.3200000000002,1857.6,590.4,708.0,357.6,4.8999999999999995,7.7,1725.1666666666667,3270.0,158.66666666666666
SV019,R,219,2,3,0,0,2,Response,1071.35,1079.9,1369.75,1374.3,621.0,634.0,1214.0,5.166666666666667,7.6,1414.6666666666667,3270.0,145.33333333333334
SV019,R,220,2,3,1,1,2,Response,2815.55,2877.1,1389.2,1414.5,515.0,559.0,864.0,5.05,7.7,1128.0,1847.0,182.0
SV019,R,221,2,0,1,0,2,Response,1010.5,1030.7,1286.4,1308.7,627.5,708.0,706.0,3.766666666666666,8.7,1354.6666666666667,2854.0,156.0
SV019,R,222,3,3,1,0,2,Response,896.3,906.6,1333.15,1334.2,657.0,750.0,824.0,5.300000000000001,8.8,1299.0,2654.0,125.33333333333333
SV019,R,223,3,2,0,0,2,Response,1015.3,1015.3,1277.0,1277.0,569.0,569.0,660.0,3.8,6.8,2781.0,3270.0,242.0
SV019,R,224,2,3,1,0,2,Response,1217.5,1532.8,1476.5,1888.2,605.0,714.0,324.0,4.566666666666666,6.4,1205.6666666666667,3210.0,78.66666666666667
SV019,R,225,3,2,0,1,2,Response,2918.925,3011.0,1407.05,1447.8,545.25,628.0,333.0,1.98,7.3,906.0,2576.0,249.6
SV019,R,226,2,3,1,1,2,Response,2958.2333333333336,3270.0,1765.9166666666667,2262.3,492.3333333333333,657.0,162.66666666666666,4.971428571428571,6.5,383.85714285714283,582.0,117.71428571428571
SV019,R,227,2,2,1,0,2,Response,923.5333333333333,1090.5,1505.6000000000001,1844.5,524.6666666666666,611.0,412.0,4.85,9.3,2490.5,3270.0,178.0
SV019,R,228,3,2,1,0,2,Response,1039.2,1075.5,1263.55,1273.5,574.0,637.0,670.0,3.2,5.0,272.5,413.0,176.0
SV019,R,229,3,2,0,1,2,Response,2702.3125,3268.0,1427.7625,1855.6,525.5,702.0,80.5,3.677777777777778,6.6,169.55555555555554,447.0,120.88888888888889
SV019,R,230,3,0,1,1,2,Response,2759.42,3024.0,1438.74,1699.5,463.4,573.0,426.4,3.5500000000000003,5.5,1476.1666666666667,2717.0,142.0
SV019,R,231,2,3,1,1,2,Response,2667.6,2667.6,1398.8,1398.8,558.0,558.0,760.0,3.8,6.6,2466.0,2968.0,174.0
SV019,R,232,3,3,0,1,2,Response,2883.68,2915.5,1352.8200000000002,1485.9,574.4,654.0,568.0,2.4,8.4,914.5,2530.0,91.33333333333333
SV019,R,233,2,0,1,1,2,Response,2852.6,3238.3,1541.46,1971.0,591.4,731.0,264.8,6.82,8.1,557.6,1947.0,90.4
SV019,R,234,2,3,0,1,2,Response,2856.7875,2925.7,1412.425,1464.0,666.5,722.0,119.5,1.5,8.9,154.375,835.0,250.5
SV019,R,235,2,2,1,1,2,Response,2817.5285714285715,3203.8,1514.814285714286,1976.1,522.7142857142857,587.0,113.14285714285714,3.1625,8.2,188.0,596.0,90.0
SV019,R,236,2,3,0,1,2,Response,2855.52,2881.0,1453.58,1479.3,517.8,704.0,139.2,7.2,7.9,194.33333333333334,628.0,186.0
SV019,R,237,2,2,0,0,2,Response,,,,,,,,,,,,
SV019,R,238,3,2,0,0,2,Response,1000.7857142857143,1122.8,1466.2571428571428,2775.8,558.1428571428571,693.0,202.85714285714286,12.028571428571428,17.1,1244.857142857143,3103.0,82.28571428571429
SV019,R,239,3,0,0,0,2,Response,1122.6200000000001,1529.3,1616.4199999999998,2734.2,528.2,700.0,538.4,6.7,15.1,1187.0,2906.0,156.0
SV019,R,240,2,0,0,0,2,Response,1111.8333333333333,1133.6,1336.3,1377.9,660.0,789.0,650.6666666666666,4.025,7.6,1075.0,3270.0,99.0
SV019,R,241,3,2,1,0,2,Response,2002.5,2081.0,799.8,1088.1,711.5,730.0,156.0,3.066666666666667,5.9,131.0,178.0,29.333333333333332
SV019,R,242,3,0,1,0,0,Response,1807.75,1839.9,859.35,1179.5,734.5,853.0,251.0,4.16,8.8,178.0,293.0,31.2
SV019,R,243,2,3,1,0,3,Response,1895.0,1895.0,753.3,753.3,708.0,708.0,184.0,3.75,5.7,1682.0,3270.0,76.0
SV019,R,244,3,3,1,1,3,Response,1870.6,1870.6,1205.1,1205.1,672.0,672.0,164.0,3.65,6.7,1730.5,3270.0,72.0
SV019,R,245,2,3,0,1,3,Response,,,,,,,,,,,,
SV019,R,246,2,2,1,1,2,Response,,,,,,,,,,,,
SV019,R,247,2,0,0,0,0,Response,1906.4,1906.4,601.8,601.8,672.0,672.0,336.0,4.550000000000001,4.9,193.5,200.0,34.0
SV019,R,248,3,3,0,1,3,Response,,,,,,,,,,,,
SV019,R,249,3,0,1,0,0,Response,,,,,,,,0.3,0.3,3234.0,3234.0,168.0
SV019,R,250,2,3,1,1,3,Response,,,,,,,,0.6,0.6,2640.0,2640.0,168.0
SV019,R,251,2,3,0,1,3,Response,,,,,,,,,,,,
SV019,R,252,2,0,0,0,0,Response,,,,,,,,0.7,0.7,3270.0,3270.0,260.0
SV019,R,253,2,0,0,1,0,Response,,,,,,,,,,,,
SV019,R,254,2,0,1,0,0,Response,,,,,,,,0.8,0.8,1762.0,1762.0,284.0
SV019,R,255,3,2,1,0,2,Response,,,,,,,,0.3,0.3,2805.0,2805.0,168.0
SV019,R,256,3,0,0,1,0,Response,,,,,,,,,,,,
SV019,R,257,2,0,0,1,0,Response,,,,,,,,0.1,0.1,3270.0,3270.0,236.0
SV019,R,258,2,0,1,0,0,Response,,,,,,,,,,,,
SV019,R,259,3,3,0,1,3,Response,,,,,,,,1.0,1.0,2364.0,2364.0,244.0
SV019,R,260,3,0,0,0,0,Response,,,,,,,,,,,,
SV019,R,261,3,3,1,1,3,Response,1911.8,1911.8,1130.1,1130.1,761.0,761.0,436.0,3.6,6.7,1291.0,2381.0,166.0
SV019,R,262,2,3,0,1,3,Response,2173.75,2410.2,1343.5,1518.3,769.5,861.0,176.0,6.35,7.4,296.0,375.0,38.0
SV019,R,263,2,0,1,1,0,Response,,,,,,,,1.6,1.6,2144.0,2144.0,236.0
SV019,R,264,3,2,0,1,2,Response,,,,,,,,,,,,
SV019,R,265,2,3,1,0,3,Response,,,,,,,,,,,,
SV019,R,266,2,0,1,1,0,Response,,,,,,,,16.9,16.9,3270.0,3270.0,268.0
SV019,R,267,3,3,1,1,3,Response,,,,,,,,,,,,
SV019,R,268,3,2,0,0,2,Response,1835.6000000000001,1895.6,748.7333333333335,1153.7,623.3333333333334,663.0,884.0,7.7,15.6,783.75,2409.0,132.0
SV019,R,269,3,0,1,1,0,Response,,,,,,,,,,,,
SV019,R,270,2,0,0,0,0,Response,,,,,,,,,,,,
SV019,R,271,2,2,1,0,2,Response,628.3,628.3,2465.9,2465.9,45.0,45.0,24.0,17.25,18.3,708.0,1255.0,114.0
SV019,R,272,2,2,1,1,2,Response,,,,,,,,0.2,0.2,3270.0,3270.0,256.0
SV019,R,273,2,0,0,1,0,Response,,,,,,,,,,,,
SV019,R,274,3,2,0,0,2,Response,,,,,,,,1.2,1.2,306.0,306.0,208.0
SV019,R,275,3,2,0,1,2,Response,,,,,,,,1.1,1.1,1381.0,1381.0,252.0
SV019,R,276,2,3,0,0,3,Response,,,,,,,,,,,,
SV019,R,277,3,3,1,1,3,Response,,,,,,,,2.5,2.5,2609.0,2609.0,228.0
SV019,R,278,2,2,1,0,2,Response,,,,,,,,,,,,
SV019,R,279,2,2,0,1,2,Response,,,,,,,,,,,,
SV019,R,280,2,3,0,0,3,Response,,,,,,,,,,,,
SV019,R,281,2,3,1,0,3,Response,,,,,,,,1.0,1.0,2398.0,2398.0,232.0
SV019,R,282,3,2,1,0,2,Response,,,,,,,,15.5,15.5,3270.0,3270.0,252.0
SV019,R,283,2,3,0,0,3,Response,2335.4,2335.4,1251.6,1251.6,530.0,530.0,60.0,3.3,3.3,233.0,233.0,20.0
SV019,R,284,3,0,1,1,0,Response,,,,,,,,,,,,
SV019,R,285,2,3,0,1,3,Response,,,,,,,,13.7,13.7,3072.0,3072.0,444.0
SV019,R,286,3,2,0,0,2,Response,,,,,,,,1.6,1.6,1777.0,1777.0,244.0
SV019,R,287,2,2,0,0,2,Response,,,,,,,,,,,,
SV019,R,288,3,0,1,1,0,Response,,,,,,,,,,,,
SV019,R,289,3,2,0,0,2,Response,,,,,,,,,,,,
SV019,R,290,2,0,1,1,0,Response,,,,,,,,3.0,3.0,3174.0,3174.0,232.0
SV019,R,291,2,2,1,0,2,Response,,,,,,,,,,,,
SV019,R,292,3,2,0,0,2,Response,,,,,,,,,,,,
SV019,R,293,3,0,1,0,0,Response,,,,,,,,,,,,
SV019,R,294,3,3,1,1,3,Response,,,,,,,,2.2,2.2,121.0,121.0,24.0
SV019,R,295,2,2,1,1,2,Response,1919.0,1965.6,799.5999999999999,1023.9,621.0,630.0,120.0,4.6,4.6,218.0,218.0,32.0
SV019,R,296,3,0,0,0,0,Response,1912.8,1912.8,806.7,806.7,513.0,513.0,64.0,1.4,2.3,184.5,303.0,128.0
SV019,R,297,2,0,0,1,0,Response,,,,,,,,0.7,0.7,64.0,64.0,16.0
SV019,R,298,3,3,1,0,3,Response,,,,,,,,,,,,
SV019,R,299,3,0,0,0,0,Response,,,,,,,,2.1,2.1,372.0,372.0,244.0
SV019,R,300,3,3,1,1,3,Response,,,,,,,,,,,,
SV019,R,301,3,3,1,0,3,Response,,,,,,,,,,,,
SV019,R,302,3,0,1,1,0,Response,,,,,,,,0.9,0.9,2578.0,2578.0,180.0
SV019,R,303,2,2,1,1,2,Response,,,,,,,,1.9,1.9,313.0,313.0,168.0
SV019,R,304,3,3,1,1,3,Response,,,,,,,,1.5,1.5,2517.0,2517.0,280.0
SV019,R,305,3,0,0,1,0,Response,1856.3,1856.3,925.2,925.2,502.0,502.0,60.0,0.9,0.9,58.0,58.0,20.0
SV019,R,306,3,3,0,0,3,Response,1929.9,1929.9,640.0,640.0,508.0,508.0,96.0,1.8,3.0,1145.0,2221.0,90.0
SV019,R,307,2,3,0,0,3,Response,,,,,,,,15.4,15.4,2610.0,2610.0,268.0
SV019,R,308,3,3,0,1,3,Response,,,,,,,,1.9,1.9,202.0,202.0,220.0
SV019,R,309,3,3,0,0,3,Response,1983.5666666666666,2114.3,1034.0,1097.5,458.6666666666667,524.0,594.6666666666666,1.225,1.5,1683.0,3270.0,109.0
SV019,R,310,3,2,1,0,2,Response,,,,,,,,0.8,0.8,231.0,231.0,276.0
SV019,R,311,3,0,1,1,0,Response,,,,,,,,2.3,2.3,187.0,187.0,200.0
SV019,R,312,2,0,1,0,0,Response,,,,,,,,0.7,0.7,1394.0,1394.0,228.0
SV019,R,313,2,3,0,0,3,Response,2019.1,2019.1,762.1,762.1,534.0,534.0,92.0,2.6,3.0,1240.0,2353.0,108.0
SV019,R,314,3,2,1,1,2,Response,,,,,,,,6.8,6.8,2381.0,2381.0,132.0
SV019,R,315,3,2,0,1,2,Response,2021.3,2021.3,785.3,785.3,698.0,698.0,156.0,2.2,2.2,129.0,129.0,24.0
SV019,R,316,3,0,1,0,0,Response,,,,,,,,,,,,
SV019,R,317,3,0,0,1,0,Response,,,,,,,,,,,,
SV019,R,318,2,2,1,1,2,Response,,,,,,,,,,,,
SV019,R,319,2,3,1,1,3,Response,,,,,,,,,,,,
SV019,R,320,2,0,1,0,0,Response,,,,,,,,,,,,
SV019,R,321,3,3,0,0,3,Response,,,,,,,,,,,,
SV019,R,322,3,0,1,1,0,Response,,,,,,,,,,,,
SV019,R,323,3,0,1,0,0,Response,,,,,,,,,,,,
SV019,R,324,2,0,1,1,0,Response,2310.5,2310.5,1396.8,1396.8,556.0,556.0,68.0,3.5,3.5,258.0,258.0,20.0
SV019,R,325,2,3,0,0,3,Response,,,,,,,,,,,,
SV019,R,326,2,0,1,0,0,Response,,,,,,,,,,,,
SV019,R,327,2,3,0,0,3,Response,644.7,644.7,2453.7,2453.7,52.0,52.0,24.0,9.049999999999999,16.9,1732.5,1840.0,226.0
SV019,R,328,3,0,1,1,0,Response,1897.6,1897.6,1175.8,1175.8,575.0,575.0,1560.0,7.6,13.5,1625.0,2533.0,274.0
SV019,R,329,3,3,1,0,3,Response,,,,,,,,,,,,
SV019,R,330,2,0,1,0,0,Response,,,,,,,,14.9,14.9,287.0,287.0,340.0
SV019,R,331,2,3,1,1,3,Response,,,,,,,,14.1,14.1,280.0,280.0,364.0
SV019,R,332,2,2,1,0,2,Response,,,,,,,,,,,,
SV019,R,333,3,2,0,1,2,Response,,,,,,,,,,,,
SV019,R,334,2,0,1,0,0,Response,,,,,,,,,,,,
SV019,R,335,2,0,0,0,0,Response,,,,,,,,0.4,0.4,1715.0,1715.0,264.0
SV019,R,336,2,0,0,0,0,Response,,,,,,,,,,,,
SV019,R,337,3,2,1,1,2,Response,,,,,,,,,,,,
SV019,R,338,3,2,0,1,2,Response,,,,,,,,,,,,
SV019,R,339,3,0,1,0,0,Response,1903.35,1941.0,1174.3000000000002,1210.7,505.5,519.0,290.0,1.5999999999999999,2.4,851.6666666666666,2052.0,217.33333333333334
SV019,R,340,3,0,1,1,0,Response,1981.2,1981.2,1029.3,1029.3,396.0,396.0,196.0,0.95,1.4,184.5,302.0,124.0
SV019,R,341,3,2,0,0,2,Response,,,,,,,,,,,,
SV019,R,342,3,2,1,1,2,Response,2010.6,2010.6,1031.3,1031.3,412.0,412.0,184.0,0.75,0.8,513.0,960.0,128.0
SV019,R,343,2,2,1,0,2,Response,,,,,,,,0.2,0.2,784.0,784.0,188.0
SV019,R,344,2,2,1,0,2,Response,,,,,,,,0.9,0.9,2437.0,2437.0,196.0
SV019,R,345,3,0,0,1,0,Response,,,,,,,,0.3,0.3,345.0,345.0,208.0
SV019,R,346,3,0,0,0,0,Response,,,,,,,,0.8,0.8,2624.0,2624.0,200.0
SV019,R,347,2,0,1,0,0,Response,,,,,,,,1.7,1.7,338.0,338.0,228.0
SV019,R,348,3,3,0,1,3,Response,,,,,,,,1.1,1.1,277.0,277.0,184.0
SV019,R,349,3,2,0,0,2,Response,,,,,,,,1.2,1.2,1814.0,1814.0,260.0
SV019,R,350,2,0,0,0,0,Response,2070.95,2080.5,921.75,935.2,424.0,426.0,36.0,1.3666666666666665,1.9,120.66666666666667,307.0,97.33333333333333
SV019,R,351,3,2,1,0,2,Response,,,,,,,,0.8,0.8,1090.0,1090.0,184.0
SV019,R,352,3,3,1,0,3,Response,,,,,,,,,,,,
SV019,R,353,3,2,0,1,2,Response,,,,,,,,0.8,0.8,2567.0,2567.0,236.0
SV019,R,354,2,3,0,1,3,Response,,,,,,,,,,,,
SV019,R,355,3,3,1,0,3,Response,,,,,,,,1.3,1.3,2609.0,2609.0,168.0
SV019,R,356,3,0,0,0,0,Response,,,,,,,,0.7,0.7,3017.0,3017.0,228.0
SV019,R,357,2,2,0,1,2,Response,2025.4,2025.4,1055.9,1055.9,725.0,725.0,76.0,16.3,16.6,1635.0,3270.0,178.0
SV019,R,358,3,3,1,1,3,Response,,,,,,,,,,,,
SV019,R,359,2,3,1,1,3,Response,1989.7444444444445,2078.9,1122.4666666666667,1145.8,560.1111111111111,588.0,58.22222222222222,9.7375,21.3,100.5,803.0,344.0
SV019,R,360,2,3,1,0,3,Response,1953.4666666666665,2066.7,1130.3,1496.7,583.6666666666666,686.0,102.66666666666667,2.733333333333333,2.8,122.0,194.0,81.33333333333333
SV019,R,361,2,0,0,1,0,Response,2159.9,2159.9,1379.0,1379.0,380.0,380.0,24.0,2.4,3.3,192.5,250.0,156.0
SV019,R,362,2,3,1,1,3,Response,,,,,,,,0.5,0.5,3270.0,3270.0,268.0
SV019,R,363,2,0,0,1,0,Response,,,,,,,,0.3,0.3,1934.0,1934.0,220.0
SV019,R,364,2,2,0,1,2,Response,,,,,,,,,,,,
SV019,R,365,3,2,0,1,2,Response,,,,,,,,,,,,
SV019,R,366,2,3,0,1,3,Response,1917.025,1950.0,1216.525,1226.7,676.75,750.0,154.0,0.9,0.9,0.0,0.0,97.33333333333333
SV019,R,367,2,0,1,1,0,Response,,,,,,,,,,,,
SV019,R,368,2,2,0,1,2,Response,,,,,,,,,,,,
SV019,R,369,2,3,1,0,3,Response,,,,,,,,,,,,
SV019,R,370,3,2,0,1,2,Response,,,,,,,,,,,,
SV019,R,371,3,3,0,1,3,Response,,,,,,,,,,,,
SV019,R,372,3,3,0,1,3,Response,,,,,,,,,,,,
SV019,R,373,2,3,0,0,3,Response,,,,,,,,,,,,
SV019,R,374,3,0,0,0,0,Response,,,,,,,,,,,,
SV019,R,375,2,2,0,0,2,Response,,,,,,,,,,,,
SV019,R,376,2,2,0,0,2,Response,,,,,,,,,,,,
SV019,R,377,3,2,0,0,2,Response,,,,,,,,1.0,1.0,1279.0,1279.0,240.0
SV019,R,378,2,2,0,1,2,Response,,,,,,,,1.3,1.3,190.0,190.0,264.0
SV019,R,379,3,2,1,1,2,Response,,,,,,,,,,,,
SV019,R,380,3,2,1,1,2,Response,1930.8,1930.8,1507.6,1507.6,177.0,177.0,28.0,3.0,4.6,1640.0,3152.0,162.0
SV019,R,381,3,2,1,1,2,Response,,,,,,,,1.0,1.0,210.0,210.0,312.0
SV019,R,382,3,2,1,1,2,Response,1917.2,1917.2,1055.0,1055.0,404.0,404.0,180.0,0.8,1.1,162.0,266.0,122.0
SV019,R,383,3,0,0,1,0,Response,,,,,,,,0.5,0.5,0.0,0.0,20.0
SV019,R,384,3,2,1,0,2,Response,,,,,,,,,,,,
SV019,R,385,3,3,0,0,3,Response,,,,,,,,,,,,
SV019,R,386,3,0,0,0,0,Response,,,,,,,,,,,,
SV019,R,387,2,0,0,1,0,Response,,,,,,,,0.7,0.7,275.0,275.0,164.0
SV019,R,388,3,3,0,1,3,Response,,,,,,,,,,,,
SV019,R,389,3,2,1,1,2,Response,,,,,,,,0.3,0.3,298.0,298.0,228.0
SV019,R,390,2,2,0,1,2,Response,,,,,,,,1.1,1.1,313.0,313.0,192.0
SV019,R,391,2,0,1,1,0,Response,,,,,,,,,,,,
SV019,R,392,2,3,1,0,3,Response,,,,,,,,,,,,
SV019,R,393,3,3,0,0,3,Response,1931.1,1931.1,1070.1,1070.1,506.0,506.0,520.0,0.65,0.8,179.0,290.0,104.0
SV019,R,394,3,0,1,0,0,Response,,,,,,,,0.8,0.8,2430.0,2430.0,152.0
SV019,R,395,3,2,0,1,2,Response,,,,,,,,0.8,0.8,853.0,853.0,248.0
SV019,R,396,3,3,0,0,3,Response,,,,,,,,,,,,
SV019,R,397,2,2,0,0,2,Response,,,,,,,,1.1,1.1,981.0,981.0,208.0
SV019,R,398,3,0,0,0,0,Response,,,,,,,,1.6,1.6,3012.0,3012.0,188.0
SV019,R,399,2,2,1,0,2,Response,,,,,,,,0.7,0.7,373.0,373.0,212.0
SV019,R,400,2,2,1,1,2,Response,,,,,,,,1.6,1.6,239.0,239.0,204.0
SV019,R,401,3,0,0,1,2,Response,,,,,,,,,,,,
SV019,R,402,2,2,1,0,2,Response,,,,,,,,,,,,
SV019,R,403,2,2,0,1,2,Response,,,,,,,,1.3,1.3,2471.0,2471.0,160.0
SV019,R,404,3,3,0,0,3,Response,,,,,,,,,,,,
SV019,R,405,2,2,0,0,2,Response,,,,,,,,0.8,0.8,229.0,229.0,240.0
SV019,R,406,2,2,0,0,2,Response,,,,,,,,,,,,
SV019,R,407,3,2,1,0,2,Response,,,,,,,,,,,,
SV019,R,408,2,0,0,0,0,Response,,,,,,,,,,,,
SV019,R,409,3,3,1,0,3,Response,,,,,,,,,,,,
SV019,R,410,3,3,1,0,3,Response,,,,,,,,,,,,
SV019,R,411,3,0,1,0,0,Response,,,,,,,,,,,,
SV019,R,412,3,2,0,0,2,Response,,,,,,,,,,,,
SV019,R,413,2,2,1,1,2,Response,,,,,,,,,,,,
SV019,R,414,2,0,1,1,0,Response,,,,,,,,0.4,0.4,2556.0,2556.0,248.0
SV019,R,415,2,2,0,1,2,Response,,,,,,,,12.5,12.5,2422.0,2422.0,220.0
SV019,R,416,3,3,0,0,3,Response,,,,,,,,0.8,0.8,75.0,75.0,16.0
SV019,R,417,3,0,1,0,0,Response,,,,,,,,,,,,
SV019,R,418,3,3,0,1,3,Response,1926.2,1934.8,1007.5333333333333,1111.3,423.6666666666667,437.0,90.66666666666667,4.3,4.3,728.6666666666666,2186.0,198.66666666666666
SV019,R,419,2,0,0,0,0,Response,,,,,,,,1.2,1.2,318.0,318.0,220.0
SV019,R,420,2,3,1,1,3,Response,,,,,,,,,,,,
SV019,R,421,3,0,0,1,0,Response,,,,,,,,,,,,
SV019,R,422,2,0,0,0,0,Response,,,,,,,,,,,,
SV019,R,423,3,3,0,0,3,Response,,,,,,,,,,,,
SV019,R,424,2,0,0,1,0,Response,,,,,,,,,,,,
SV019,R,425,2,2,1,1,2,Response,,,,,,,,,,,,
SV019,R,426,3,0,0,1,0,Response,2025.2,2025.2,1205.5,1205.5,416.0,416.0,24.0,1.7,1.7,2481.0,2481.0,232.0
SV019,R,427,2,3,1,1,3,Response,,,,,,,,12.4,12.4,2384.0,2384.0,320.0
SV019,R,428,3,3,1,0,3,Response,,,,,,,,,,,,
SV019,R,429,2,3,0,1,3,Response,,,,,,,,,,,,
SV019,R,430,3,3,1,1,3,Response,,,,,,,,,,,,
SV019,R,431,2,2,0,0,2,Response,,,,,,,,,,,,
SV019,R,432,3,3,0,0,3,Response,,,,,,,,,,,,
SV019,R,433,2,3,1,1,3,Response,,,,,,,,,,,,
SV019,R,434,3,0,0,0,0,Response,,,,,,,,,,,,
SV019,R,435,3,3,1,0,3,Response,,,,,,,,,,,,
SV019,R,436,3,0,0,1,0,Response,,,,,,,,1.5,1.5,698.0,698.0,164.0
SV019,R,437,2,0,1,1,0,Response,,,,,,,,,,,,
SV019,R,438,3,2,1,0,2,Response,,,,,,,,,,,,
SV019,R,439,3,2,1,0,2,Response,,,,,,,,,,,,
SV019,R,440,2,3,1,1,3,Response,,,,,,,,,,,,
SV019,R,441,2,3,1,0,3,Response,,,,,,,,,,,,
SV019,R,442,2,3,1,0,3,Response,,,,,,,,0.7,0.7,2003.0,2003.0,196.0
SV019,R,443,2,0,0,1,0,Response,,,,,,,,,,,,
SV019,R,444,2,2,0,1,2,Response,,,,,,,,,,,,
SV019,R,445,3,3,1,1,3,Response,,,,,,,,1.3,1.3,1980.0,1980.0,236.0
SV019,R,446,2,0,0,1,0,Response,,,,,,,,0.3,0.3,215.0,215.0,260.0
SV019,R,447,3,3,0,1,3,Response,,,,,,,,0.7,0.7,2434.0,2434.0,332.0
SV019,R,448,3,0,1,1,0,Response,,,,,,,,15.5,15.5,3270.0,3270.0,184.0
SV019,R,449,2,3,1,0,3,Response,1853.6,1853.6,1148.4,1148.4,535.0,535.0,424.0,1.7,1.7,744.0,744.0,220.0
SV019,R,450,2,2,1,0,2,Response,,,,,,,,,,,,
SV019,R,451,3,3,1,0,3,Response,,,,,,,,1.1,1.1,2322.0,2322.0,240.0
SV019,R,452,2,0,0,0,0,Response,,,,,,,,,,,,
SV019,R,453,2,3,0,1,3,Response,,,,,,,,,,,,
SV019,R,454,3,0,0,1,0,Response,,,,,,,,16.6,16.6,948.0,948.0,196.0
SV019,R,455,3,2,1,1,2,Response,,,,,,,,,,,,
SV019,R,456,2,3,0,0,3,Response,,,,,,,,,,,,
SV019,R,457,2,0,1,1,0,Response,1866.7,1866.7,1090.5,1090.5,653.0,653.0,40.0,1.05,2.1,756.5,1513.0,162.0
SV019,R,458,2,2,0,1,2,Response,,,,,,,,,,,,
SV019,R,459,2,0,1,1,0,Response,,,,,,,,3.3,3.3,2426.0,2426.0,220.0
SV019,R,460,2,3,1,1,3,Response,,,,,,,,0.8,0.8,66.0,66.0,16.0
SV019,R,461,2,3,0,1,3,Response,,,,,,,,,,,,
SV019,R,462,3,0,1,1,0,Response,,,,,,,,,,,,
SV019,R,463,2,2,1,1,2,Response,,,,,,,,1.4,1.4,99.0,99.0,20.0
SV019,R,464,3,0,1,0,0,Response,,,,,,,,,,,,
SV019,R,465,3,2,0,0,2,Response,,,,,,,,,,,,
SV019,R,466,2,3,1,0,3,Response,,,,,,,,,,,,
SV019,R,467,2,3,0,0,3,Response,,,,,,,,,,,,
SV019,R,468,3,3,0,1,3,Response,,,,,,,,,,,,
SV019,R,469,3,0,0,0,2,Response,,,,,,,,3.5,3.5,165.0,165.0,248.0
SV019,R,470,2,2,1,0,2,Response,,,,,,,,,,,,
SV019,R,471,3,2,1,0,2,Response,,,,,,,,,,,,
SV019,R,472,3,2,0,1,2,Response,,,,,,,,,,,,
SV019,R,473,2,0,1,0,0,Response,,,,,,,,6.1,6.1,2136.0,2136.0,156.0
SV019,R,474,2,3,0,1,3,Response,,,,,,,,3.4,3.4,1514.0,1514.0,200.0
SV019,R,475,2,2,0,0,2,Response,,,,,,,,2.8,2.8,3167.0,3167.0,220.0
SV019,R,476,3,2,1,1,2,Response,,,,,,,,,,,,
SV019,R,477,2,2,0,0,2,Response,,,,,,,,,,,,
SV019,R,478,2,0,1,0,0,Response,2030.0,2030.0,1332.3,1332.3,499.0,499.0,76.0,5.6,5.6,123.0,246.0,252.0
SV019,R,479,2,2,1,1,2,Response,1962.6,1962.6,1507.5,1507.5,376.0,376.0,24.0,13.8,13.8,884.0,884.0,196.0
SV019,R,480,2,2,0,0,2,Response,,,,,,,,,,,,
SV019,L,1,2,2,0,0,2,Stimulus,,,,,,,,,,,,
SV019,L,2,3,0,0,0,2,Stimulus,,,,,,,,,,,,
SV019,L,3,3,0,1,1,2,Stimulus,,,,,,,,,,,,
SV019,L,4,2,3,0,1,2,Stimulus,,,,,,,,,,,,
SV019,L,5,3,2,1,0,2,Stimulus,,,,,,,,,,,,
SV019,L,6,3,0,1,0,2,Stimulus,,,,,,,,,,,,
SV019,L,7,3,3,1,1,2,Stimulus,,,,,,,,,,,,
SV019,L,8,3,0,1,1,2,Stimulus,,,,,,,,,,,,
SV019,L,9,2,0,0,1,2,Stimulus,,,,,,,,,,,,
SV019,L,10,3,3,1,1,2,Stimulus,,,,,,,,,,,,
SV019,L,11,3,2,0,1,2,Stimulus,,,,,,,,,,,,
SV019,L,12,3,2,0,0,2,Stimulus,,,,,,,,,,,,
SV019,L,13,3,2,1,0,2,Stimulus,,,,,,,,,,,,
SV019,L,14,2,2,0,0,2,Stimulus,,,,,,,,,,,,
SV019,L,15,3,2,0,0,2,Stimulus,,,,,,,,,,,,
SV019,L,16,3,3,0,1,2,Stimulus,,,,,,,,,,,,
SV019,L,17,2,3,1,1,2,Stimulus,,,,,,,,,,,,
SV019,L,18,3,3,0,0,2,Stimulus,,,,,,,,,,,,
SV019,L,19,3,2,0,1,2,Stimulus,,,,,,,,,,,,
SV019,L,20,2,3,0,0,2,Stimulus,,,,,,,,,,,,
SV019,L,21,2,3,1,0,2,Stimulus,,,,,,,,,,,,
SV019,L,22,2,3,1,1,2,Stimulus,,,,,,,,,,,,
SV019,L,23,3,2,0,0,2,Stimulus,,,,,,,,,,,,
SV019,L,24,3,2,0,0,2,Stimulus,,,,,,,,,,,,
SV019,L,25,3,3,0,1,2,Stimulus,,,,,,,,,,,,
SV019,L,26,2,0,1,1,2,Stimulus,,,,,,,,,,,,
SV019,L,27,2,2,1,1,2,Stimulus,,,,,,,,,,,,
SV019,L,28,2,0,1,0,2,Stimulus,,,,,,,,,,,,
SV019,L,29,3,0,1,0,2,Stimulus,,,,,,,,,,,,
SV019,L,30,3,2,1,1,2,Stimulus,,,,,,,,,,,,
SV019,L,31,3,3,1,1,2,Stimulus,,,,,,,,,,,,
SV019,L,32,3,3,0,1,2,Stimulus,,,,,,,,,,,,
SV019,L,33,3,3,1,0,2,Stimulus,,,,,,,,,,,,
SV019,L,34,3,3,0,0,2,Stimulus,,,,,,,,,,,,
SV019,L,35,2,2,1,0,2,Stimulus,,,,,,,,,,,,
SV019,L,36,2,0,1,1,2,Stimulus,,,,,,,,,,,,
SV019,L,37,3,0,0,1,2,Stimulus,,,,,,,,,,,,
SV019,L,38,3,2,1,1,2,Stimulus,,,,,,,,,,,,
SV019,L,39,2,0,0,0,1,Stimulus,,,,,,,,,,,,
SV019,L,40,2,0,0,1,2,Stimulus,,,,,,,,,,,,
SV019,L,41,2,0,1,0,2,Stimulus,,,,,,,,,,,,
SV019,L,42,3,2,0,1,2,Stimulus,,,,,,,,,,,,
SV019,L,43,2,0,1,0,2,Stimulus,,,,,,,,,,,,
SV019,L,44,3,2,0,0,2,Stimulus,,,,,,,,,,,,
SV019,L,45,3,3,1,0,2,Stimulus,,,,,,,,,,,,
SV019,L,46,3,0,1,0,2,Stimulus,,,,,,,,,,,,
SV019,L,47,3,3,0,0,2,Stimulus,,,,,,,,,,,,
SV019,L,48,3,3,0,0,2,Stimulus,,,,,,,,,,,,
SV019,L,49,3,3,1,1,2,Stimulus,,,,,,,,,,,,
SV019,L,50,2,2,1,0,2,Stimulus,,,,,,,,,,,,
SV019,L,51,2,3,1,1,2,Stimulus,,,,,,,,,,,,
SV019,L,52,3,2,1,1,2,Stimulus,,,,,,,,,,,,
SV019,L,53,3,3,0,0,2,Stimulus,,,,,,,,,,,,
SV019,L,54,2,0,0,1,2,Stimulus,,,,,,,,,,,,
SV019,L,55,2,2,1,0,2,Stimulus,,,,,,,,,,,,
SV019,L,56,3,0,1,1,2,Stimulus,,,,,,,,,,,,
SV019,L,57,3,3,0,1,2,Stimulus,,,,,,,,,,,,
SV019,L,58,3,2,0,1,2,Stimulus,,,,,,,,,,,,
SV019,L,59,3,3,0,0,2,Stimulus,,,,,,,,,,,,
SV019,L,60,3,3,1,1,2,Stimulus,,,,,,,,,,,,
SV019,L,61,3,0,0,0,2,Stimulus,,,,,,,,,,,,
SV019,L,62,2,2,1,0,2,Stimulus,,,,,,,,,,,,
SV019,L,63,2,3,1,1,2,Stimulus,,,,,,,,,,,,
SV019,L,64,2,3,0,0,2,Stimulus,,,,,,,,,,,,
SV019,L,65,3,0,0,0,2,Stimulus,,,,,,,,,,,,
SV019,L,66,2,3,0,1,2,Stimulus,,,,,,,,,,,,
SV019,L,67,2,0,0,0,2,Stimulus,,,,,,,,,,,,
SV019,L,68,2,3,0,1,2,Stimulus,,,,,,,,,,,,
SV019,L,69,2,3,0,1,2,Stimulus,,,,,,,,,,,,
SV019,L,70,3,0,0,1,2,Stimulus,,,,,,,,,,,,
SV019,L,71,3,3,1,1,1,Stimulus,,,,,,,,,,,,
SV019,L,72,3,3,1,0,2,Stimulus,,,,,,,,,,,,
SV019,L,73,3,0,1,0,2,Stimulus,,,,,,,,,,,,
SV019,L,74,3,2,0,0,2,Stimulus,,,,,,,,,,,,
SV019,L,75,3,3,1,0,2,Stimulus,,,,,,,,,,,,
SV019,L,76,2,0,1,0,2,Stimulus,,,,,,,,,,,,
SV019,L,77,2,2,1,0,2,Stimulus,,,,,,,,,,,,
SV019,L,78,3,2,1,0,2,Stimulus,,,,,,,,7.7,7.7,247.0,247.0,48.0
SV019,L,79,2,0,0,1,2,Stimulus,,,,,,,,,,,,
SV019,L,80,3,2,1,0,2,Stimulus,,,,,,,,,,,,
SV019,L,81,3,0,0,0,2,Stimulus,,,,,,,,,,,,
SV019,L,82,2,3,0,1,2,Stimulus,,,,,,,,,,,,
SV019,L,83,3,3,1,0,2,Stimulus,,,,,,,,,,,,
SV019,L,84,2,3,0,1,2,Stimulus,,,,,,,,,,,,
SV019,L,85,3,0,0,0,2,Stimulus,,,,,,,,6.8,6.8,199.0,199.0,48.0
SV019,L,86,3,2,1,1,2,Stimulus,,,,,,,,,,,,
SV019,L,87,2,3,1,1,2,Stimulus,,,,,,,,,,,,
SV019,L,88,2,0,1,0,2,Stimulus,,,,,,,,,,,,
SV019,L,89,2,2,0,1,2,Stimulus,,,,,,,,,,,,
SV019,L,90,2,2,1,1,2,Stimulus,,,,,,,,,,,,
SV019,L,91,2,2,0,1,2,Stimulus,,,,,,,,,,,,
SV019,L,92,2,0,0,1,2,Stimulus,,,,,,,,,,,,
SV019,L,93,3,2,1,0,2,Stimulus,,,,,,,,,,,,
SV019,L,94,2,0,1,1,2,Stimulus,,,,,,,,,,,,
SV019,L,95,2,3,1,0,2,Stimulus,,,,,,,,6.8,6.8,227.0,227.0,40.0
SV019,L,96,3,0,1,0,2,Stimulus,,,,,,,,,,,,
SV019,L,97,3,2,0,1,2,Stimulus,,,,,,,,,,,,
SV019,L,98,2,2,0,1,2,Stimulus,,,,,,,,,,,,
SV019,L,99,2,3,0,1,2,Stimulus,,,,,,,,,,,,
SV019,L,100,2,0,1,0,2,Stimulus,,,,,,,,,,,,
SV019,L,101,3,3,0,0,2,Stimulus,,,,,,,,,,,,
SV019,L,102,2,2,0,1,2,Stimulus,,,,,,,,,,,,
SV019,L,103,2,0,0,1,2,Stimulus,,,,,,,,,,,,
SV019,L,104,3,2,0,1,2,Stimulus,,,,,,,,,,,,
SV019,L,105,3,0,1,0,2,Stimulus,,,,,,,,,,,,
SV019,L,106,2,2,1,1,2,Stimulus,,,,,,,,,,,,
SV019,L,107,3,2,1,0,2,Stimulus,,,,,,,,,,,,
SV019,L,108,3,3,1,0,2,Stimulus,,,,,,,,,,,,
SV019,L,109,3,3,0,0,2,Stimulus,,,,,,,,,,,,
SV019,L,110,2,0,1,1,2,Stimulus,,,,,,,,,,,,
SV019,L,111,2,0,0,0,2,Stimulus,,,,,,,,,,,,
SV019,L,112,3,0,1,1,2,Stimulus,,,,,,,,,,,,
SV019,L,113,2,0,1,1,2,Stimulus,,,,,,,,,,,,
SV019,L,114,3,0,1,1,2,Stimulus,,,,,,,,,,,,
SV019,L,115,3,0,0,1,2,Stimulus,,,,,,,,,,,,
SV019,L,116,2,3,1,0,2,Stimulus,,,,,,,,,,,,
SV019,L,117,2,0,1,0,2,Stimulus,,,,,,,,,,,,
SV019,L,118,2,0,0,0,2,Stimulus,,,,,,,,,,,,
SV019,L,119,3,3,1,1,2,Stimulus,,,,,,,,,,,,
SV019,L,120,3,3,0,1,2,Stimulus,,,,,,,,,,,,
SV019,L,121,2,0,1,0,2,Stimulus,,,,,,,,,,,,
SV019,L,122,2,2,0,1,2,Stimulus,,,,,,,,,,,,
SV019,L,123,3,3,0,0,2,Stimulus,,,,,,,,,,,,
SV019,L,124,2,0,1,1,2,Stimulus,,,,,,,,,,,,
SV019,L,125,2,0,1,1,2,Stimulus,,,,,,,,,,,,
SV019,L,126,2,3,0,0,2,Stimulus,,,,,,,,,,,,
SV019,L,127,2,2,1,1,2,Stimulus,,,,,,,,,,,,
SV019,L,128,2,2,1,0,2,Stimulus,,,,,,,,,,,,
SV019,L,129,3,0,0,1,2,Stimulus,,,,,,,,,,,,
SV019,L,130,3,0,1,1,2,Stimulus,,,,,,,,,,,,
SV019,L,131,3,3,1,0,2,Stimulus,,,,,,,,,,,,
SV019,L,132,2,2,1,1,2,Stimulus,,,,,,,,,,,,
SV019,L,133,2,3,1,1,2,Stimulus,,,,,,,,,,,,
SV019,L,134,3,0,1,1,2,Stimulus,,,,,,,,,,,,
SV019,L,135,3,0,1,0,2,Stimulus,,,,,,,,,,,,
SV019,L,136,2,0,0,0,2,Stimulus,,,,,,,,,,,,
SV019,L,137,3,2,0,0,2,Stimulus,,,,,,,,,,,,
SV019,L,138,3,3,0,1,2,Stimulus,,,,,,,,,,,,
SV019,L,139,3,0,0,1,2,Stimulus,,,,,,,,,,,,
SV019,L,140,2,3,0,0,2,Stimulus,,,,,,,,,,,,
SV019,L,141,3,3,1,1,2,Stimulus,,,,,,,,,,,,
SV019,L,142,3,0,1,1,2,Stimulus,,,,,,,,,,,,
SV019,L,143,2,0,0,0,2,Stimulus,,,,,,,,,,,,
SV019,L,144,2,3,0,0,2,Stimulus,,,,,,,,,,,,
SV019,L,145,2,2,0,1,2,Stimulus,,,,,,,,,,,,
SV019,L,146,2,3,1,0,2,Stimulus,,,,,,,,,,,,
SV019,L,147,3,0,0,0,2,Stimulus,,,,,,,,,,,,
SV019,L,148,2,0,0,0,2,Stimulus,,,,,,,,,,,,
SV019,L,149,3,0,1,1,2,Stimulus,,,,,,,,,,,,
SV019,L,150,3,3,0,1,2,Stimulus,,,,,,,,,,,,
SV019,L,151,2,0,0,0,2,Stimulus,,,,,,,,,,,,
SV019,L,152,2,2,1,1,2,Stimulus,,,,,,,,,,,,
SV019,L,153,3,2,1,1,2,Stimulus,,,,,,,,,,,,
SV019,L,154,3,2,1,1,2,Stimulus,,,,,,,,,,,,
SV019,L,155,2,2,1,1,2,Stimulus,,,,,,,,,,,,
SV019,L,156,3,0,0,1,2,Stimulus,,,,,,,,,,,,
SV019,L,157,2,0,1,1,2,Stimulus,,,,,,,,,,,,
SV019,L,158,3,0,1,0,2,Stimulus,,,,,,,,,,,,
SV019,L,159,2,2,0,0,2,Stimulus,,,,,,,,,,,,
SV019,L,160,3,0,1,0,2,Stimulus,,,,,,,,,,,,
SV019,L,161,2,2,0,0,2,Stimulus,,,,,,,,,,,,
SV019,L,162,2,3,1,0,2,Stimulus,,,,,,,,,,,,
SV019,L,163,2,3,1,1,2,Stimulus,,,,,,,,,,,,
SV019,L,164,3,2,0,0,2,Stimulus,,,,,,,,,,,,
SV019,L,165,2,3,1,0,2,Stimulus,,,,,,,,,,,,
SV019,L,166,2,3,0,1,2,Stimulus,,,,,,,,,,,,
SV019,L,167,2,2,0,1,2,Stimulus,,,,,,,,,,,,
SV019,L,168,3,2,1,1,2,Stimulus,,,,,,,,,,,,
SV019,L,169,2,2,1,1,2,Stimulus,,,,,,,,,,,,
SV019,L,170,2,3,0,0,2,Stimulus,,,,,,,,,,,,
SV019,L,171,2,0,0,1,2,Stimulus,,,,,,,,,,,,
SV019,L,172,3,0,1,0,2,Stimulus,,,,,,,,,,,,
SV019,L,173,2,3,1,1,2,Stimulus,,,,,,,,,,,,
SV019,L,174,3,0,0,1,2,Stimulus,,,,,,,,,,,,
SV019,L,175,2,3,0,0,2,Stimulus,,,,,,,,,,,,
SV019,L,176,3,0,0,0,2,Stimulus,,,,,,,,,,,,
SV019,L,177,2,0,0,1,2,Stimulus,,,,,,,,,,,,
SV019,L,178,3,2,0,1,2,Stimulus,,,,,,,,,,,,
SV019,L,179,2,2,0,0,2,Stimulus,,,,,,,,,,,,
SV019,L,180,2,0,0,1,2,Stimulus,,,,,,,,,,,,
SV019,L,181,3,3,0,0,2,Stimulus,,,,,,,,,,,,
SV019,L,182,2,0,1,0,2,Stimulus,,,,,,,,,,,,
SV019,L,183,2,2,0,1,2,Stimulus,,,,,,,,,,,,
SV019,L,184,2,3,0,1,2,Stimulus,,,,,,,,,,,,
SV019,L,185,2,0,1,1,2,Stimulus,,,,,,,,,,,,
SV019,L,186,3,3,1,0,2,Stimulus,,,,,,,,,,,,
SV019,L,187,2,3,1,0,2,Stimulus,,,,,,,,,,,,
SV019,L,188,3,3,1,1,2,Stimulus,,,,,,,,,,,,
SV019,L,189,2,3,0,1,2,Stimulus,,,,,,,,,,,,
SV019,L,190,2,3,1,1,2,Stimulus,,,,,,,,,,,,
SV019,L,191,3,2,0,1,2,Stimulus,,,,,,,,,,,,
SV019,L,192,2,3,1,0,2,Stimulus,,,,,,,,,,,,
SV019,L,193,2,3,1,0,2,Stimulus,,,,,,,,,,,,
SV019,L,194,2,2,0,0,2,Stimulus,,,,,,,,,,,,
SV019,L,195,2,2,0,1,2,Stimulus,,,,,,,,,,,,
SV019,L,196,2,2,0,0,2,Stimulus,,,,,,,,,,,,
SV019,L,197,3,0,0,0,2,Stimulus,,,,,,,,,,,,
SV019,L,198,2,2,0,1,2,Stimulus,,,,,,,,,,,,
SV019,L,199,2,2,1,0,2,Stimulus,,,,,,,,,,,,
SV019,L,200,2,2,1,0,2,Stimulus,,,,,,,,,,,,
SV019,L,201,3,3,1,0,2,Stimulus,,,,,,,,,,,,
SV019,L,202,3,2,1,1,2,Stimulus,,,,,,,,,,,,
SV019,L,203,2,0,0,0,2,Stimulus,,,,,,,,,,,,
SV019,L,204,2,3,0,0,2,Stimulus,,,,,,,,,,,,
SV019,L,205,3,2,0,1,2,Stimulus,,,,,,,,,,,,
SV019,L,206,3,2,1,0,2,Stimulus,,,,,,,,,,,,
SV019,L,207,3,0,0,1,2,Stimulus,,,,,,,,,,,,
SV019,L,208,3,0,0,1,2,Stimulus,,,,,,,,,,,,
SV019,L,209,2,3,1,1,2,Stimulus,,,,,,,,,,,,
SV019,L,210,2,2,1,0,2,Stimulus,,,,,,,,,,,,
SV019,L,211,3,3,1,1,2,Stimulus,,,,,,,,,,,,
SV019,L,212,2,3,0,0,2,Stimulus,,,,,,,,,,,,
SV019,L,213,3,3,0,1,2,Stimulus,,,,,,,,,,,,
SV019,L,214,2,3,0,0,2,Stimulus,,,,,,,,,,,,
SV019,L,215,2,2,1,0,2,Stimulus,,,,,,,,,,,,
SV019,L,216,2,0,0,1,2,Stimulus,,,,,,,,,,,,
SV019,L,217,3,0,1,1,2,Stimulus,,,,,,,,,,,,
SV019,L,218,3,2,0,0,2,Stimulus,,,,,,,,,,,,
SV019,L,219,3,2,0,0,2,Stimulus,,,,,,,,,,,,
SV019,L,220,3,3,1,0,2,Stimulus,,,,,,,,,,,,
SV019,L,221,2,2,0,0,2,Stimulus,,,,,,,,,,,,
SV019,L,222,3,0,0,0,2,Stimulus,,,,,,,,,,,,
SV019,L,223,3,0,0,0,1,Stimulus,,,,,,,,,,,,
SV019,L,224,3,2,1,1,2,Stimulus,,,,,,,,,,,,
SV019,L,225,2,2,0,0,2,Stimulus,,,,,,,,,,,,
SV019,L,226,3,3,0,1,2,Stimulus,,,,,,,,,,,,
SV019,L,227,2,0,1,1,2,Stimulus,,,,,,,,,,,,
SV019,L,228,3,2,0,1,2,Stimulus,,,,,,,,,,,,
SV019,L,229,3,2,1,0,2,Stimulus,,,,,,,,,,,,
SV019,L,230,3,0,0,1,2,Stimulus,,,,,,,,,,,,
SV019,L,231,2,0,1,0,2,Stimulus,,,,,,,,,,,,
SV019,L,232,2,2,1,1,2,Stimulus,,,,,,,,,,,,
SV019,L,233,3,2,1,1,2,Stimulus,,,,,,,,,,,,
SV019,L,234,3,3,0,1,2,Stimulus,,,,,,,,,,,,
SV019,L,235,3,2,1,0,2,Stimulus,,,,,,,,,,,,
SV019,L,236,2,0,0,0,2,Stimulus,,,,,,,,,,,,
SV019,L,237,2,3,1,0,2,Stimulus,,,,,,,,,,,,
SV019,L,238,2,2,0,0,2,Stimulus,,,,,,,,,,,,
SV019,L,239,2,2,1,1,2,Stimulus,,,,,,,,,,,,
SV019,L,240,3,2,1,0,2,Stimulus,,,,,,,,,,,,
SV019,L,241,3,0,1,1,0,Stimulus,,,,,,,,,,,,
SV019,L,242,2,3,1,1,3,Stimulus,,,,,,,,,,,,
SV019,L,243,3,0,0,0,0,Stimulus,,,,,,,,,,,,
SV019,L,244,3,0,1,0,0,Stimulus,,,,,,,,,,,,
SV019,L,245,3,2,0,0,2,Stimulus,,,,,,,,,,,,
SV019,L,246,2,0,0,0,0,Stimulus,,,,,,,,,,,,
SV019,L,247,2,0,1,1,0,Stimulus,,,,,,,,,,,,
SV019,L,248,2,0,1,1,0,Stimulus,,,,,,,,,,,,
SV019,L,249,2,3,0,1,3,Stimulus,,,,,,,,,,,,
SV019,L,250,2,3,0,0,3,Stimulus,,,,,,,,,,,,
SV019,L,251,2,3,0,1,3,Stimulus,,,,,,,,,,,,
SV019,L,252,2,2,1,1,2,Stimulus,,,,,,,,,,,,
SV019,L,253,3,0,0,0,0,Stimulus,,,,,,,,,,,,
SV019,L,254,2,0,0,1,0,Stimulus,,,,,,,,,,,,
SV019,L,255,3,0,0,1,0,Stimulus,,,,,,,,,,,,
SV019,L,256,3,2,1,1,2,Stimulus,,,,,,,,,,,,
SV019,L,257,2,3,1,1,3,Stimulus,,,,,,,,,,,,
SV019,L,258,2,2,1,0,2,Stimulus,,,,,,,,,,,,
SV019,L,259,2,0,1,0,0,Stimulus,,,,,,,,,,,,
SV019,L,260,2,2,0,1,2,Stimulus,,,,,,,,,,,,
SV019,L,261,2,2,1,1,2,Stimulus,,,,,,,,,,,,
SV019,L,262,2,3,1,0,3,Stimulus,,,,,,,,,,,,
SV019,L,263,3,3,1,1,3,Stimulus,,,,,,,,,,,,
SV019,L,264,2,0,1,1,0,Stimulus,,,,,,,,,,,,
SV019,L,265,3,2,1,0,2,Stimulus,,,,,,,,,,,,
SV019,L,266,3,0,1,1,0,Stimulus,,,,,,,,,,,,
SV019,L,267,2,2,1,0,2,Stimulus,,,,,,,,,,,,
SV019,L,268,2,0,1,1,0,Stimulus,,,,,,,,,,,,
SV019,L,269,2,2,0,1,2,Stimulus,,,,,,,,,,,,
SV019,L,270,2,2,0,0,2,Stimulus,,,,,,,,,,,,
SV019,L,271,3,0,1,0,0,Stimulus,,,,,,,,,,,,
SV019,L,272,3,3,1,1,3,Stimulus,,,,,,,,,,,,
SV019,L,273,2,0,1,1,0,Stimulus,,,,,,,,,,,,
SV019,L,274,2,0,0,0,0,Stimulus,,,,,,,,,,,,
SV019,L,275,2,2,0,1,2,Stimulus,,,,,,,,,,,,
SV019,L,276,2,3,0,0,3,Stimulus,,,,,,,,,,,,
SV019,L,277,2,3,0,1,3,Stimulus,,,,,,,,,,,,
SV019,L,278,3,2,0,0,2,Stimulus,,,,,,,,,,,,
SV019,L,279,3,3,1,0,3,Stimulus,,,,,,,,,,,,
SV019,L,280,3,0,1,1,0,Stimulus,,,,,,,,,,,,
SV019,L,281,3,2,1,1,2,Stimulus,,,,,,,,,,,,
SV019,L,282,2,3,0,1,3,Stimulus,,,,,,,,,,,,
SV019,L,283,3,2,1,1,2,Stimulus,,,,,,,,,,,,
SV019,L,284,2,3,0,1,3,Stimulus,,,,,,,,,,,,
SV019,L,285,3,3,1,1,3,Stimulus,,,,,,,,,,,,
SV019,L,286,3,2,1,1,2,Stimulus,,,,,,,,,,,,
SV019,L,287,2,3,1,0,3,Stimulus,,,,,,,,,,,,
SV019,L,288,3,0,1,0,0,Stimulus,,,,,,,,,,,,
SV019,L,289,3,0,0,1,0,Stimulus,,,,,,,,,,,,
SV019,L,290,3,3,0,1,3,Stimulus,,,,,,,,,,,,
SV019,L,291,3,2,0,0,2,Stimulus,,,,,,,,,,,,
SV019,L,292,3,2,1,0,2,Stimulus,,,,,,,,,,,,
SV019,L,293,3,0,0,1,0,Stimulus,,,,,,,,,,,,
SV019,L,294,3,3,1,1,3,Stimulus,,,,,,,,,,,,
SV019,L,295,3,0,0,1,0,Stimulus,,,,,,,,,,,,
SV019,L,296,3,0,1,0,0,Stimulus,,,,,,,,,,,,
SV019,L,297,3,2,0,0,2,Stimulus,,,,,,,,,,,,
SV019,L,298,3,3,1,1,3,Stimulus,,,,,,,,,,,,
SV019,L,299,2,3,0,0,3,Stimulus,,,,,,,,,,,,
SV019,L,300,3,0,1,1,0,Stimulus,,,,,,,,,,,,
SV019,L,301,2,3,1,0,3,Stimulus,,,,,,,,,,,,
SV019,L,302,2,3,1,0,3,Stimulus,,,,,,,,,,,,
SV019,L,303,3,0,1,1,0,Stimulus,,,,,,,,,,,,
SV019,L,304,3,0,1,0,0,Stimulus,,,,,,,,,,,,
SV019,L,305,3,0,1,1,0,Stimulus,,,,,,,,,,,,
SV019,L,306,3,3,0,0,3,Stimulus,,,,,,,,,,,,
SV019,L,307,2,3,1,0,3,Stimulus,,,,,,,,,,,,
SV019,L,308,2,0,1,0,0,Stimulus,,,,,,,,,,,,
SV019,L,309,2,0,1,0,0,Stimulus,,,,,,,,,,,,
SV019,L,310,3,2,1,0,2,Stimulus,,,,,,,,,,,,
SV019,L,311,3,2,1,1,2,Stimulus,,,,,,,,,,,,
SV019,L,312,3,3,0,0,3,Stimulus,,,,,,,,,,,,
SV019,L,313,3,0,0,0,0,Stimulus,,,,,,,,,,,,
SV019,L,314,3,2,0,1,2,Stimulus,,,,,,,,,,,,
SV019,L,315,2,0,0,0,2,Stimulus,,,,,,,,,,,,
SV019,L,316,2,3,0,0,3,Stimulus,,,,,,,,,,,,
SV019,L,317,2,2,0,1,2,Stimulus,,,,,,,,,,,,
SV019,L,318,3,2,1,0,2,Stimulus,,,,,,,,,,,,
SV019,L,319,2,2,0,0,2,Stimulus,,,,,,,,,,,,
SV019,L,320,2,0,1,1,0,Stimulus,,,,,,,,,,,,
SV019,L,321,2,3,1,0,3,Stimulus,,,,,,,,,,,,
SV019,L,322,3,2,0,1,2,Stimulus,,,,,,,,,,,,
SV019,L,323,2,0,1,1,0,Stimulus,,,,,,,,,,,,
SV019,L,324,2,3,1,1,3,Stimulus,,,,,,,,,,,,
SV019,L,325,3,0,0,1,0,Stimulus,,,,,,,,,,,,
SV019,L,326,2,2,1,1,2,Stimulus,,,,,,,,,,,,
SV019,L,327,3,3,1,1,3,Stimulus,,,,,,,,,,,,
SV019,L,328,2,0,0,0,0,Stimulus,,,,,,,,,,,,
SV019,L,329,3,3,1,1,3,Stimulus,,,,,,,,,,,,
SV019,L,330,3,2,1,1,2,Stimulus,,,,,,,,,,,,
SV019,L,331,3,3,1,0,3,Stimulus,,,,,,,,,,,,
SV019,L,332,3,0,0,0,0,Stimulus,,,,,,,,,,,,
SV019,L,333,2,2,0,1,2,Stimulus,,,,,,,,,,,,
SV019,L,334,2,3,1,1,3,Stimulus,,,,,,,,,,,,
SV019,L,335,3,3,0,1,3,Stimulus,,,,,,,,,,,,
SV019,L,336,2,2,0,1,0,Stimulus,,,,,,,,,,,,
SV019,L,337,2,3,1,1,3,Stimulus,,,,,,,,0.7,0.7,62.0,62.0,16.0
SV019,L,338,3,3,0,1,3,Stimulus,,,,,,,,,,,,
SV019,L,339,3,0,0,1,0,Stimulus,,,,,,,,,,,,
SV019,L,340,2,3,1,0,3,Stimulus,,,,,,,,,,,,
SV019,L,341,2,2,1,0,2,Stimulus,,,,,,,,,,,,
SV019,L,342,2,0,1,0,2,Stimulus,,,,,,,,,,,,
SV019,L,343,3,2,0,1,2,Stimulus,,,,,,,,,,,,
SV019,L,344,2,0,1,0,0,Stimulus,,,,,,,,,,,,
SV019,L,345,2,2,0,0,2,Stimulus,,,,,,,,,,,,
SV019,L,346,2,2,0,1,2,Stimulus,,,,,,,,,,,,
SV019,L,347,3,3,0,1,3,Stimulus,,,,,,,,,,,,
SV019,L,348,3,3,0,0,3,Stimulus,,,,,,,,,,,,
SV019,L,349,3,2,0,1,2,Stimulus,,,,,,,,,,,,
SV019,L,350,3,3,0,1,3,Stimulus,,,,,,,,,,,,
SV019,L,351,2,0,0,0,0,Stimulus,,,,,,,,,,,,
SV019,L,352,3,0,0,0,0,Stimulus,,,,,,,,,,,,
SV019,L,353,3,3,0,0,3,Stimulus,,,,,,,,,,,,
SV019,L,354,3,3,0,1,3,Stimulus,,,,,,,,,,,,
SV019,L,355,3,2,1,1,2,Stimulus,,,,,,,,,,,,
SV019,L,356,3,0,1,0,0,Stimulus,,,,,,,,,,,,
SV019,L,357,3,2,1,0,2,Stimulus,,,,,,,,,,,,
SV019,L,358,2,3,0,0,3,Stimulus,,,,,,,,,,,,
SV019,L,359,2,2,0,0,2,Stimulus,,,,,,,,,,,,
SV019,L,360,2,2,0,0,2,Stimulus,,,,,,,,,,,,
SV019,L,361,3,3,0,0,3,Stimulus,,,,,,,,,,,,
SV019,L,362,2,0,0,0,0,Stimulus,,,,,,,,,,,,
SV019,L,363,3,2,0,1,2,Stimulus,,,,,,,,,,,,
SV019,L,364,2,3,1,1,3,Stimulus,,,,,,,,,,,,
SV019,L,365,3,0,1,0,0,Stimulus,,,,,,,,,,,,
SV019,L,366,3,3,1,0,3,Stimulus,,,,,,,,,,,,
SV019,L,367,2,2,1,0,2,Stimulus,,,,,,,,,,,,
SV019,L,368,2,2,0,1,2,Stimulus,,,,,,,,,,,,
SV019,L,369,2,3,0,0,3,Stimulus,,,,,,,,,,,,
SV019,L,370,2,2,1,1,2,Stimulus,,,,,,,,,,,,
SV019,L,371,3,2,1,0,2,Stimulus,,,,,,,,,,,,
SV019,L,372,3,3,0,0,3,Stimulus,,,,,,,,,,,,
SV019,L,373,2,0,1,1,0,Stimulus,,,,,,,,,,,,
SV019,L,374,3,3,0,1,3,Stimulus,,,,,,,,,,,,
SV019,L,375,2,2,1,0,2,Stimulus,,,,,,,,,,,,
SV019,L,376,3,2,1,1,2,Stimulus,,,,,,,,,,,,
SV019,L,377,2,3,1,1,3,Stimulus,,,,,,,,,,,,
SV019,L,378,3,3,1,0,3,Stimulus,,,,,,,,,,,,
SV019,L,379,3,2,0,0,2,Stimulus,,,,,,,,,,,,
SV019,L,380,2,0,0,1,0,Stimulus,,,,,,,,,,,,
SV019,L,381,2,2,1,0,2,Stimulus,,,,,,,,,,,,
SV019,L,382,3,2,1,1,2,Stimulus,,,,,,,,,,,,
SV019,L,383,2,0,0,1,0,Stimulus,,,,,,,,,,,,
SV019,L,384,3,2,1,1,2,Stimulus,,,,,,,,,,,,
SV019,L,385,3,2,0,1,2,Stimulus,,,,,,,,,,,,
SV019,L,386,3,2,0,0,2,Stimulus,,,,,,,,,,,,
SV019,L,387,2,2,1,0,2,Stimulus,,,,,,,,,,,,
SV019,L,388,3,2,0,1,2,Stimulus,,,,,,,,,,,,
SV019,L,389,2,3,1,0,3,Stimulus,,,,,,,,,,,,
SV019,L,390,2,3,1,1,3,Stimulus,,,,,,,,,,,,
SV019,L,391,2,3,0,0,3,Stimulus,,,,,,,,,,,,
SV019,L,392,2,3,0,1,3,Stimulus,,,,,,,,,,,,
SV019,L,393,2,2,0,0,2,Stimulus,,,,,,,,,,,,
SV019,L,394,3,3,0,1,3,Stimulus,,,,,,,,,,,,
SV019,L,395,3,2,0,1,2,Stimulus,,,,,,,,,,,,
SV019,L,396,2,0,1,1,0,Stimulus,,,,,,,,,,,,
SV019,L,397,3,0,1,1,0,Stimulus,,,,,,,,,,,,
SV019,L,398,2,0,0,1,0,Stimulus,,,,,,,,,,,,
SV019,L,399,2,0,1,0,0,Stimulus,,,,,,,,,,,,
SV019,L,400,3,2,0,0,2,Stimulus,,,,,,,,,,,,
SV019,L,401,3,0,1,0,0,Stimulus,,,,,,,,,,,,
SV019,L,402,3,3,0,0,3,Stimulus,,,,,,,,,,,,
SV019,L,403,2,3,0,1,3,Stimulus,,,,,,,,,,,,
SV019,L,404,2,3,0,0,3,Stimulus,,,,,,,,,,,,
SV019,L,405,3,3,1,1,3,Stimulus,,,,,,,,,,,,
SV019,L,406,3,3,1,0,3,Stimulus,,,,,,,,,,,,
SV019,L,407,2,2,1,1,2,Stimulus,,,,,,,,,,,,
SV019,L,408,3,3,0,0,2,Stimulus,,,,,,,,,,,,
SV019,L,409,2,2,0,0,2,Stimulus,,,,,,,,,,,,
SV019,L,410,3,0,0,0,0,Stimulus,,,,,,,,,,,,
SV019,L,411,3,2,1,0,2,Stimulus,,,,,,,,,,,,
SV019,L,412,2,2,0,1,2,Stimulus,,,,,,,,,,,,
SV019,L,413,3,2,0,1,2,Stimulus,,,,,,,,,,,,
SV019,L,414,2,2,1,0,2,Stimulus,,,,,,,,,,,,
SV019,L,415,3,0,0,1,0,Stimulus,,,,,,,,,,,,
SV019,L,416,2,3,0,1,3,Stimulus,,,,,,,,,,,,
SV019,L,417,2,3,0,0,3,Stimulus,,,,,,,,,,,,
SV019,L,418,2,3,0,0,3,Stimulus,,,,,,,,,,,,
SV019,L,419,3,3,1,0,3,Stimulus,,,,,,,,,,,,
SV019,L,420,3,0,1,1,0,Stimulus,,,,,,,,,,,,
SV019,L,421,3,0,1,1,0,Stimulus,,,,,,,,,,,,
SV019,L,422,2,3,1,1,3,Stimulus,,,,,,,,,,,,
SV019,L,423,3,0,0,0,0,Stimulus,,,,,,,,,,,,
SV019,L,424,2,0,0,1,0,Stimulus,,,,,,,,,,,,
SV019,L,425,3,0,1,1,0,Stimulus,,,,,,,,,,,,
SV019,L,426,2,2,1,1,2,Stimulus,,,,,,,,,,,,
SV019,L,427,2,2,0,1,2,Stimulus,,,,,,,,,,,,
SV019,L,428,2,2,1,0,2,Stimulus,,,,,,,,,,,,
SV019,L,429,2,3,1,0,3,Stimulus,,,,,,,,,,,,
SV019,L,430,3,2,1,0,2,Stimulus,,,,,,,,,,,,
SV019,L,431,2,0,0,1,0,Stimulus,,,,,,,,,,,,
SV019,L,432,3,3,0,1,3,Stimulus,,,,,,,,,,,,
SV019,L,433,3,3,1,0,3,Stimulus,,,,,,,,,,,,
SV019,L,434,2,2,1,1,2,Stimulus,,,,,,,,,,,,
SV019,L,435,3,0,0,0,0,Stimulus,,,,,,,,,,,,
SV019,L,436,2,0,1,0,0,Stimulus,,,,,,,,,,,,
SV019,L,437,3,2,0,0,2,Stimulus,,,,,,,,,,,,
SV019,L,438,2,0,0,0,0,Stimulus,,,,,,,,,,,,
SV019,L,439,3,0,0,1,0,Stimulus,,,,,,,,,,,,
SV019,L,440,3,0,1,0,0,Stimulus,,,,,,,,,,,,
SV019,L,441,2,3,1,1,3,Stimulus,,,,,,,,,,,,
SV019,L,442,3,3,1,0,3,Stimulus,,,,,,,,,,,,
SV019,L,443,3,2,0,0,2,Stimulus,,,,,,,,,,,,
SV019,L,444,2,0,0,0,0,Stimulus,,,,,,,,,,,,
SV019,L,445,2,2,1,0,2,Stimulus,,,,,,,,,,,,
SV019,L,446,2,2,0,0,2,Stimulus,,,,,,,,,,,,
SV019,L,447,2,0,1,1,0,Stimulus,,,,,,,,,,,,
SV019,L,448,2,0,0,1,0,Stimulus,,,,,,,,,,,,
SV019,L,449,2,0,0,1,0,Stimulus,,,,,,,,,,,,
SV019,L,450,2,0,1,0,0,Stimulus,,,,,,,,,,,,
SV019,L,451,2,0,0,0,0,Stimulus,,,,,,,,,,,,
SV019,L,452,2,0,1,0,0,Stimulus,,,,,,,,,,,,
SV019,L,453,3,0,0,0,0,Stimulus,,,,,,,,,,,,
SV019,L,454,2,2,0,0,2,Stimulus,,,,,,,,,,,,
SV019,L,455,2,3,0,1,3,Stimulus,,,,,,,,,,,,
SV019,L,456,2,0,0,1,0,Stimulus,,,,,,,,,,,,
SV019,L,457,3,3,0,0,3,Stimulus,,,,,,,,,,,,
SV019,L,458,3,3,1,0,3,Stimulus,,,,,,,,,,,,
SV019,L,459,2,2,1,1,2,Stimulus,,,,,,,,,,,,
SV019,L,460,3,0,0,1,0,Stimulus,,,,,,,,,,,,
SV019,L,461,2,0,1,0,0,Stimulus,,,,,,,,,,,,
SV019,L,462,3,2,0,1,2,Stimulus,,,,,,,,,,,,
SV019,L,463,2,3,0,1,3,Stimulus,,,,,,,,,,,,
SV019,L,464,3,3,1,1,3,Stimulus,,,,,,,,,,,,
SV019,L,465,3,0,1,0,0,Stimulus,,,,,,,,,,,,
SV019,L,466,2,2,1,1,2,Stimulus,,,,,,,,,,,,
SV019,L,467,3,3,1,1,3,Stimulus,,,,,,,,,,,,
SV019,L,468,3,3,0,0,3,Stimulus,,,,,,,,,,,,
SV019,L,469,3,2,0,0,2,Stimulus,,,,,,,,,,,,
SV019,L,470,3,0,0,0,0,Stimulus,,,,,,,,,,,,
SV019,L,471,2,2,0,0,2,Stimulus,,,,,,,,,,,,
SV019,L,472,3,3,1,0,3,Stimulus,,,,,,,,,,,,
SV019,L,473,2,0,0,1,0,Stimulus,,,,,,,,,,,,
SV019,L,474,3,2,1,0,2,Stimulus,,,,,,,,,,,,
SV019,L,475,3,2,1,0,2,Stimulus,,,,,,,,,,,,
SV019,L,476,2,0,0,0,0,Stimulus,,,,,,,,,,,,
SV019,L,477,2,3,1,0,3,Stimulus,,,,,,,,,,,,
SV019,L,478,3,0,0,1,0,Stimulus,,,,,,,,,,,,
SV019,L,479,3,3,0,1,3,Stimulus,,,,,,,,,,,,
SV019,L,480,2,2,1,1,2,Stimulus,,,,,,,,,,,,
SV019,R,1,2,3,0,0,1,Stimulus,,,,,,,,,,,,
SV019,R,2,2,3,1,0,2,Stimulus,,,,,,,,,,,,
SV019,R,3,3,3,0,1,1,Stimulus,,,,,,,,,,,,
SV019,R,4,3,0,0,0,1,Stimulus,,,,,,,,,,,,
SV019,R,5,2,2,1,1,1,Stimulus,,,,,,,,,,,,
SV019,R,6,2,0,1,1,1,Stimulus,,,,,,,,,,,,
SV019,R,7,2,0,1,1,0,Stimulus,,,,,,,,,,,,
SV019,R,8,3,0,0,1,1,Stimulus,,,,,,,,,,,,
SV019,R,9,2,0,1,1,1,Stimulus,,,,,,,,,,,,
SV019,R,10,3,2,1,1,2,Stimulus,,,,,,,,,,,,
SV019,R,11,2,2,1,0,2,Stimulus,,,,,,,,,,,,
SV019,R,12,3,2,0,1,2,Stimulus,,,,,,,,,,,,
SV019,R,13,2,0,1,0,2,Stimulus,,,,,,,,,,,,
SV019,R,14,3,2,1,1,2,Stimulus,,,,,,,,,,,,
SV019,R,15,2,2,0,0,2,Stimulus,,,,,,,,,,,,
SV019,R,16,3,0,0,1,2,Stimulus,,,,,,,,,,,,
SV019,R,17,2,0,0,0,2,Stimulus,,,,,,,,,,,,
SV019,R,18,2,0,0,0,2,Stimulus,,,,,,,,,,,,
SV019,R,19,3,0,0,0,2,Stimulus,,,,,,,,,,,,
SV019,R,20,3,3,0,1,2,Stimulus,,,,,,,,,,,,
SV019,R,21,2,2,1,1,2,Stimulus,,,,,,,,,,,,
SV019,R,22,2,0,0,0,2,Stimulus,,,,,,,,,,,,
SV019,R,23,3,3,0,0,2,Stimulus,,,,,,,,,,,,
SV019,R,24,3,0,1,1,2,Stimulus,,,,,,,,,,,,
SV019,R,25,3,2,0,0,2,Stimulus,,,,,,,,,,,,
SV019,R,26,2,0,0,1,2,Stimulus,,,,,,,,,,,,
SV019,R,27,3,0,1,1,2,Stimulus,,,,,,,,,,,,
SV019,R,28,2,3,1,0,2,Stimulus,,,,,,,,,,,,
SV019,R,29,3,0,0,1,2,Stimulus,,,,,,,,,,,,
SV019,R,30,3,0,1,1,2,Stimulus,,,,,,,,,,,,
SV019,R,31,2,2,0,1,2,Stimulus,,,,,,,,,,,,
SV019,R,32,2,0,1,1,2,Stimulus,,,,,,,,,,,,
SV019,R,33,3,2,1,1,2,Stimulus,,,,,,,,,,,,
SV019,R,34,3,3,1,1,2,Stimulus,,,,,,,,,,,,
SV019,R,35,2,3,0,1,2,Stimulus,,,,,,,,,,,,
SV019,R,36,2,0,0,0,2,Stimulus,,,,,,,,,,,,
SV019,R,37,2,2,1,0,2,Stimulus,,,,,,,,,,,,
SV019,R,38,2,3,0,1,2,Stimulus,,,,,,,,,,,,
SV019,R,39,2,3,0,0,2,Stimulus,,,,,,,,,,,,
SV019,R,40,3,2,0,1,2,Stimulus,,,,,,,,,,,,
SV019,R,41,3,2,1,0,2,Stimulus,,,,,,,,,,,,
SV019,R,42,2,3,1,1,2,Stimulus,,,,,,,,,,,,
SV019,R,43,3,0,1,1,2,Stimulus,,,,,,,,,,,,
SV019,R,44,3,3,0,1,2,Stimulus,,,,,,,,,,,,
SV019,R,45,3,2,1,1,2,Stimulus,,,,,,,,,,,,
SV019,R,46,3,2,0,0,2,Stimulus,,,,,,,,,,,,
SV019,R,47,2,3,0,1,2,Stimulus,,,,,,,,,,,,
SV019,R,48,3,0,0,1,2,Stimulus,,,,,,,,,,,,
SV019,R,49,3,3,1,0,2,Stimulus,,,,,,,,,,,,
SV019,R,50,2,2,1,0,2,Stimulus,,,,,,,,,,,,
SV019,R,51,3,0,1,0,2,Stimulus,,,,,,,,,,,,
SV019,R,52,3,0,0,0,2,Stimulus,,,,,,,,,,,,
SV019,R,53,2,3,0,1,2,Stimulus,,,,,,,,,,,,
SV019,R,54,3,0,1,0,2,Stimulus,,,,,,,,,,,,
SV019,R,55,3,3,1,0,2,Stimulus,,,,,,,,,,,,
SV019,R,56,2,2,0,0,2,Stimulus,,,,,,,,,,,,
SV019,R,57,3,0,1,0,2,Stimulus,,,,,,,,,,,,
SV019,R,58,3,3,0,1,2,Stimulus,,,,,,,,,,,,
SV019,R,59,3,3,0,0,2,Stimulus,,,,,,,,,,,,
SV019,R,60,3,3,1,1,2,Stimulus,,,,,,,,,,,,
SV019,R,61,3,3,1,1,2,Stimulus,,,,,,,,,,,,
SV019,R,62,3,0,0,1,2,Stimulus,,,,,,,,,,,,
SV019,R,63,2,2,1,0,2,Stimulus,,,,,,,,,,,,
SV019,R,64,2,3,1,0,2,Stimulus,,,,,,,,,,,,
SV019,R,65,2,3,0,1,2,Stimulus,,,,,,,,,,,,
SV019,R,66,2,2,0,1,2,Stimulus,,,,,,,,,,,,
SV019,R,67,2,0,0,1,2,Stimulus,,,,,,,,,,,,
SV019,R,68,3,0,0,0,2,Stimulus,,,,,,,,,,,,
SV019,R,69,2,3,0,0,2,Stimulus,,,,,,,,,,,,
SV019,R,70,3,0,0,0,2,Stimulus,,,,,,,,,,,,
SV019,R,71,3,2,0,0,2,Stimulus,,,,,,,,,,,,
SV019,R,72,2,2,0,0,2,Stimulus,,,,,,,,,,,,
SV019,R,73,3,2,1,1,2,Stimulus,,,,,,,,,,,,
SV019,R,74,2,3,0,1,2,Stimulus,,,,,,,,,,,,
SV019,R,75,2,3,1,1,2,Stimulus,,,,,,,,,,,,
SV019,R,76,2,2,1,0,2,Stimulus,,,,,,,,,,,,
SV019,R,77,3,2,0,1,2,Stimulus,,,,,,,,,,,,
SV019,R,78,3,3,0,0,2,Stimulus,,,,,,,,,,,,
SV019,R,79,3,2,1,0,2,Stimulus,,,,,,,,,,,,
SV019,R,80,3,0,1,0,2,Stimulus,,,,,,,,,,,,
SV019,R,81,3,2,1,0,1,Stimulus,,,,,,,,,,,,
SV019,R,82,2,0,0,0,2,Stimulus,,,,,,,,,,,,
SV019,R,83,2,2,1,1,2,Stimulus,,,,,,,,,,,,
SV019,R,84,3,0,0,0,2,Stimulus,,,,,,,,,,,,
SV019,R,85,2,0,1,0,2,Stimulus,,,,,,,,,,,,
SV019,R,86,3,0,1,1,2,Stimulus,,,,,,,,,,,,
SV019,R,87,2,0,0,1,2,Stimulus,,,,,,,,,,,,
SV019,R,88,2,0,1,0,2,Stimulus,,,,,,,,,,,,
SV019,R,89,3,0,1,0,2,Stimulus,,,,,,,,,,,,
SV019,R,90,3,2,1,1,2,Stimulus,,,,,,,,,,,,
SV019,R,91,2,3,1,0,2,Stimulus,,,,,,,,,,,,
SV019,R,92,3,0,0,1,2,Stimulus,,,,,,,,,,,,
SV019,R,93,3,0,0,1,2,Stimulus,,,,,,,,,,,,
SV019,R,94,3,3,1,1,2,Stimulus,,,,,,,,,,,,
SV019,R,95,3,0,1,0,2,Stimulus,,,,,,,,,,,,
SV019,R,96,2,2,1,0,2,Stimulus,,,,,,,,,,,,
SV019,R,97,2,3,1,1,2,Stimulus,,,,,,,,,,,,
SV019,R,98,3,3,1,1,2,Stimulus,,,,,,,,,,,,
SV019,R,99,2,0,1,1,2,Stimulus,,,,,,,,,,,,
SV019,R,100,2,2,0,0,2,Stimulus,,,,,,,,,,,,
SV019,R,101,3,0,1,1,2,Stimulus,,,,,,,,,,,,
SV019,R,102,3,2,0,1,2,Stimulus,,,,,,,,,,,,
SV019,R,103,3,2,0,0,2,Stimulus,,,,,,,,,,,,
SV019,R,104,3,0,1,1,2,Stimulus,,,,,,,,,,,,
SV019,R,105,2,2,1,1,2,Stimulus,,,,,,,,,,,,
SV019,R,106,3,2,0,0,2,Stimulus,,,,,,,,,,,,
SV019,R,107,3,0,0,0,2,Stimulus,,,,,,,,,,,,
SV019,R,108,2,2,0,0,2,Stimulus,,,,,,,,,,,,
SV019,R,109,3,0,1,0,2,Stimulus,,,,,,,,,,,,
SV019,R,110,3,2,1,0,2,Stimulus,,,,,,,,,,,,
SV019,R,111,2,2,1,1,2,Stimulus,,,,,,,,5.2,5.2,139.0,139.0,48.0
SV019,R,112,3,2,0,0,2,Stimulus,,,,,,,,,,,,
SV019,R,113,2,3,0,0,2,Stimulus,,,,,,,,,,,,
SV019,R,114,2,2,0,1,2,Stimulus,,,,,,,,,,,,
SV019,R,115,3,3,1,0,2,Stimulus,,,,,,,,,,,,
SV019,R,116,2,3,0,0,2,Stimulus,,,,,,,,,,,,
SV019,R,117,3,3,0,1,2,Stimulus,,,,,,,,,,,,
SV019,R,118,3,0,0,0,2,Stimulus,,,,,,,,,,,,
SV019,R,119,2,2,1,0,2,Stimulus,,,,,,,,,,,,
SV019,R,120,3,3,1,0,2,Stimulus,,,,,,,,,,,,
SV019,R,121,2,2,1,0,2,Stimulus,,,,,,,,,,,,
SV019,R,122,2,2,1,1,2,Stimulus,,,,,,,,16.0,16.0,1897.0,1897.0,156.0
SV019,R,123,3,0,1,0,2,Stimulus,,,,,,,,,,,,
SV019,R,124,3,0,0,0,2,Stimulus,,,,,,,,,,,,
SV019,R,125,3,3,1,1,2,Stimulus,,,,,,,,,,,,
SV019,R,126,2,0,0,1,2,Stimulus,,,,,,,,,,,,
SV019,R,127,3,2,1,1,2,Stimulus,,,,,,,,,,,,
SV019,R,128,2,2,0,1,2,Stimulus,,,,,,,,,,,,
SV019,R,129,2,3,0,1,2,Stimulus,,,,,,,,,,,,
SV019,R,130,3,3,0,0,2,Stimulus,,,,,,,,,,,,
SV019,R,131,3,2,1,0,2,Stimulus,,,,,,,,,,,,
SV019,R,132,3,3,1,0,2,Stimulus,,,,,,,,,,,,
SV019,R,133,3,3,1,1,2,Stimulus,,,,,,,,,,,,
SV019,R,134,2,2,0,0,2,Stimulus,,,,,,,,,,,,
SV019,R,135,2,3,1,0,2,Stimulus,,,,,,,,,,,,
SV019,R,136,3,3,1,0,2,Stimulus,,,,,,,,,,,,
SV019,R,137,2,3,0,0,2,Stimulus,,,,,,,,,,,,
SV019,R,138,3,3,0,0,2,Stimulus,,,,,,,,,,,,
SV019,R,139,3,0,0,1,2,Stimulus,,,,,,,,,,,,
SV019,R,140,2,0,0,1,2,Stimulus,,,,,,,,,,,,
SV019,R,141,2,3,1,0,2,Stimulus,,,,,,,,,,,,
SV019,R,142,3,0,1,1,2,Stimulus,,,,,,,,,,,,
SV019,R,143,3,0,1,0,2,Stimulus,,,,,,,,,,,,
SV019,R,144,2,3,1,0,2,Stimulus,,,,,,,,,,,,
SV019,R,145,2,0,1,0,2,Stimulus,,,,,,,,,,,,
SV019,R,146,3,0,0,1,2,Stimulus,,,,,,,,,,,,
SV019,R,147,3,2,0,0,2,Stimulus,,,,,,,,,,,,
SV019,R,148,3,3,1,1,2,Stimulus,,,,,,,,,,,,
SV019,R,149,2,2,1,0,2,Stimulus,,,,,,,,,,,,
SV019,R,150,2,2,0,1,2,Stimulus,,,,,,,,,,,,
SV019,R,151,3,3,1,0,2,Stimulus,,,,,,,,,,,,
SV019,R,152,3,3,0,0,2,Stimulus,,,,,,,,,,,,
SV019,R,153,2,0,0,0,2,Stimulus,,,,,,,,,,,,
SV019,R,154,3,2,0,0,2,Stimulus,,,,,,,,,,,,
SV019,R,155,2,0,1,0,2,Stimulus,,,,,,,,,,,,
SV019,R,156,3,0,1,1,2,Stimulus,,,,,,,,,,,,
SV019,R,157,3,2,1,0,2,Stimulus,,,,,,,,,,,,
SV019,R,158,3,2,0,1,2,Stimulus,,,,,,,,,,,,
SV019,R,159,3,3,1,0,2,Stimulus,,,,,,,,,,,,
SV019,R,160,2,3,0,1,2,Stimulus,,,,,,,,,,,,
SV019,R,161,3,2,0,1,2,Stimulus,,,,,,,,,,,,
SV019,R,162,3,3,0,1,2,Stimulus,,,,,,,,,,,,
SV019,R,163,2,3,0,0,2,Stimulus,,,,,,,,,,,,
SV019,R,164,2,2,0,1,2,Stimulus,,,,,,,,,,,,
SV019,R,165,2,2,1,1,2,Stimulus,,,,,,,,,,,,
SV019,R,166,2,3,1,1,2,Stimulus,,,,,,,,,,,,
SV019,R,167,2,0,1,1,2,Stimulus,,,,,,,,,,,,
SV019,R,168,2,0,0,1,2,Stimulus,,,,,,,,,,,,
SV019,R,169,3,2,0,1,2,Stimulus,,,,,,,,,,,,
SV019,R,170,2,0,0,0,2,Stimulus,,,,,,,,,,,,
SV019,R,171,2,0,1,1,2,Stimulus,,,,,,,,,,,,
SV019,R,172,2,0,0,1,2,Stimulus,,,,,,,,,,,,
SV019,R,173,2,0,1,1,2,Stimulus,,,,,,,,,,,,
SV019,R,174,2,0,0,1,2,Stimulus,,,,,,,,,,,,
SV019,R,175,3,3,0,0,2,Stimulus,,,,,,,,,,,,
SV019,R,176,3,3,0,0,2,Stimulus,,,,,,,,,,,,
SV019,R,177,3,0,0,1,2,Stimulus,,,,,,,,,,,,
SV019,R,178,2,3,1,1,2,Stimulus,,,,,,,,,,,,
SV019,R,179,3,3,0,1,2,Stimulus,,,,,,,,,,,,
SV019,R,180,2,2,0,0,2,Stimulus,,,,,,,,,,,,
SV019,R,181,2,0,0,1,2,Stimulus,,,,,,,,,,,,
SV019,R,182,2,0,1,0,2,Stimulus,,,,,,,,,,,,
SV019,R,183,2,2,0,1,2,Stimulus,,,,,,,,,,,,
SV019,R,184,2,3,1,0,2,Stimulus,,,,,,,,,,,,
SV019,R,185,2,2,1,1,2,Stimulus,,,,,,,,,,,,
SV019,R,186,2,0,0,1,2,Stimulus,,,,,,,,,,,,
SV019,R,187,2,0,0,0,2,Stimulus,,,,,,,,,,,,
SV019,R,188,3,3,0,1,2,Stimulus,,,,,,,,,,,,
SV019,R,189,2,0,1,0,2,Stimulus,,,,,,,,,,,,
SV019,R,190,3,3,0,1,2,Stimulus,,,,,,,,,,,,
SV019,R,191,3,2,1,1,2,Stimulus,,,,,,,,,,,,
SV019,R,192,2,0,1,1,2,Stimulus,,,,,,,,,,,,
SV019,R,193,2,3,1,0,2,Stimulus,,,,,,,,,,,,
SV019,R,194,3,2,1,0,2,Stimulus,,,,,,,,,,,,
SV019,R,195,2,2,0,1,2,Stimulus,,,,,,,,,,,,
SV019,R,196,2,0,0,0,2,Stimulus,,,,,,,,,,,,
SV019,R,197,2,3,1,1,2,Stimulus,,,,,,,,,,,,
SV019,R,198,3,3,0,0,2,Stimulus,,,,,,,,,,,,
SV019,R,199,3,2,1,0,2,Stimulus,,,,,,,,,,,,
SV019,R,200,2,0,1,0,2,Stimulus,,,,,,,,,,,,
SV019,R,201,2,2,0,0,2,Stimulus,,,,,,,,,,,,
SV019,R,202,3,0,1,0,2,Stimulus,,,,,,,,,,,,
SV019,R,203,3,2,0,1,2,Stimulus,,,,,,,,,,,,
SV019,R,204,2,3,1,1,2,Stimulus,,,,,,,,,,,,
SV019,R,205,2,2,0,0,2,Stimulus,,,,,,,,,,,,
SV019,R,206,2,0,1,0,2,Stimulus,,,,,,,,,,,,
SV019,R,207,2,2,0,1,2,Stimulus,,,,,,,,,,,,
SV019,R,208,3,2,1,0,2,Stimulus,,,,,,,,,,,,
SV019,R,209,2,2,1,1,2,Stimulus,,,,,,,,,,,,
SV019,R,210,3,3,1,1,2,Stimulus,,,,,,,,,,,,
SV019,R,211,2,3,0,0,2,Stimulus,,,,,,,,,,,,
SV019,R,212,3,2,1,1,2,Stimulus,1840.8,1840.8,1093.9,1093.9,553.0,553.0,24.0,0.7,0.7,0.0,0.0,20.0
SV019,R,213,3,3,1,0,2,Stimulus,,,,,,,,,,,,
SV019,R,214,2,2,0,1,2,Stimulus,,,,,,,,,,,,
SV019,R,215,3,2,1,1,2,Stimulus,,,,,,,,,,,,
SV019,R,216,3,3,1,1,2,Stimulus,,,,,,,,,,,,
SV019,R,217,3,3,0,0,2,Stimulus,,,,,,,,,,,,
SV019,R,218,2,3,0,0,2,Stimulus,,,,,,,,,,,,
SV019,R,219,2,3,0,0,2,Stimulus,,,,,,,,,,,,
SV019,R,220,2,3,1,1,2,Stimulus,,,,,,,,,,,,
SV019,R,221,2,0,1,0,2,Stimulus,,,,,,,,,,,,
SV019,R,222,3,3,1,0,2,Stimulus,,,,,,,,,,,,
SV019,R,223,3,2,0,0,2,Stimulus,,,,,,,,,,,,
SV019,R,224,2,3,1,0,2,Stimulus,,,,,,,,,,,,
SV019,R,225,3,2,0,1,2,Stimulus,,,,,,,,,,,,
SV019,R,226,2,3,1,1,2,Stimulus,,,,,,,,,,,,
SV019,R,227,2,2,1,0,2,Stimulus,,,,,,,,,,,,
SV019,R,228,3,2,1,0,2,Stimulus,,,,,,,,,,,,
SV019,R,229,3,2,0,1,2,Stimulus,2158.4,2158.4,1492.2,1492.2,390.0,390.0,24.0,16.1,16.1,845.0,845.0,140.0
SV019,R,230,3,0,1,1,2,Stimulus,,,,,,,,,,,,
SV019,R,231,2,3,1,1,2,Stimulus,,,,,,,,,,,,
SV019,R,232,3,3,0,1,2,Stimulus,,,,,,,,,,,,
SV019,R,233,2,0,1,1,2,Stimulus,,,,,,,,,,,,
SV019,R,234,2,3,0,1,2,Stimulus,,,,,,,,,,,,
SV019,R,235,2,2,1,1,2,Stimulus,,,,,,,,,,,,
SV019,R,236,2,3,0,1,2,Stimulus,,,,,,,,,,,,
SV019,R,237,2,2,0,0,2,Stimulus,,,,,,,,,,,,
SV019,R,238,3,2,0,0,2,Stimulus,,,,,,,,,,,,
SV019,R,239,3,0,0,0,2,Stimulus,,,,,,,,,,,,
SV019,R,240,2,0,0,0,2,Stimulus,,,,,,,,,,,,
SV019,R,241,3,2,1,0,2,Stimulus,,,,,,,,,,,,
SV019,R,242,3,0,1,0,0,Stimulus,,,,,,,,0.9,0.9,2084.0,2084.0,140.0
SV019,R,243,2,3,1,0,3,Stimulus,,,,,,,,,,,,
SV019,R,244,3,3,1,1,3,Stimulus,,,,,,,,,,,,
SV019,R,245,2,3,0,1,3,Stimulus,,,,,,,,,,,,
SV019,R,246,2,2,1,1,2,Stimulus,,,,,,,,,,,,
SV019,R,247,2,0,0,0,0,Stimulus,,,,,,,,0.8,0.8,3270.0,3270.0,248.0
SV019,R,248,3,3,0,1,3,Stimulus,,,,,,,,,,,,
SV019,R,249,3,0,1,0,0,Stimulus,,,,,,,,,,,,
SV019,R,250,2,3,1,1,3,Stimulus,,,,,,,,,,,,
SV019,R,251,2,3,0,1,3,Stimulus,,,,,,,,,,,,
SV019,R,252,2,0,0,0,0,Stimulus,,,,,,,,,,,,
SV019,R,253,2,0,0,1,0,Stimulus,,,,,,,,,,,,
SV019,R,254,2,0,1,0,0,Stimulus,,,,,,,,,,,,
SV019,R,255,3,2,1,0,2,Stimulus,,,,,,,,,,,,
SV019,R,256,3,0,0,1,0,Stimulus,,,,,,,,,,,,
SV019,R,257,2,0,0,1,0,Stimulus,,,,,,,,,,,,
SV019,R,258,2,0,1,0,0,Stimulus,,,,,,,,,,,,
SV019,R,259,3,3,0,1,3,Stimulus,,,,,,,,,,,,
SV019,R,260,3,0,0,0,0,Stimulus,,,,,,,,,,,,
SV019,R,261,3,3,1,1,3,Stimulus,,,,,,,,,,,,
SV019,R,262,2,3,0,1,3,Stimulus,,,,,,,,,,,,
SV019,R,263,2,0,1,1,0,Stimulus,,,,,,,,,,,,
SV019,R,264,3,2,0,1,2,Stimulus,,,,,,,,,,,,
SV019,R,265,2,3,1,0,3,Stimulus,,,,,,,,,,,,
SV019,R,266,2,0,1,1,0,Stimulus,,,,,,,,,,,,
SV019,R,267,3,3,1,1,3,Stimulus,,,,,,,,,,,,
SV019,R,268,3,2,0,0,2,Stimulus,,,,,,,,,,,,
SV019,R,269,3,0,1,1,0,Stimulus,,,,,,,,,,,,
SV019,R,270,2,0,0,0,0,Stimulus,,,,,,,,,,,,
SV019,R,271,2,2,1,0,2,Stimulus,,,,,,,,,,,,
SV019,R,272,2,2,1,1,2,Stimulus,,,,,,,,,,,,
SV019,R,273,2,0,0,1,0,Stimulus,,,,,,,,,,,,
SV019,R,274,3,2,0,0,2,Stimulus,,,,,,,,,,,,
SV019,R,275,3,2,0,1,2,Stimulus,,,,,,,,,,,,
SV019,R,276,2,3,0,0,3,Stimulus,,,,,,,,,,,,
SV019,R,277,3,3,1,1,3,Stimulus,,,,,,,,,,,,
SV019,R,278,2,2,1,0,2,Stimulus,,,,,,,,,,,,
SV019,R,279,2,2,0,1,2,Stimulus,,,,,,,,,,,,
SV019,R,280,2,3,0,0,3,Stimulus,,,,,,,,,,,,
SV019,R,281,2,3,1,0,3,Stimulus,,,,,,,,,,,,
SV019,R,282,3,2,1,0,2,Stimulus,,,,,,,,,,,,
SV019,R,283,2,3,0,0,3,Stimulus,,,,,,,,,,,,
SV019,R,284,3,0,1,1,0,Stimulus,,,,,,,,,,,,
SV019,R,285,2,3,0,1,3,Stimulus,,,,,,,,,,,,
SV019,R,286,3,2,0,0,2,Stimulus,,,,,,,,,,,,
SV019,R,287,2,2,0,0,2,Stimulus,,,,,,,,,,,,
SV019,R,288,3,0,1,1,0,Stimulus,,,,,,,,,,,,
SV019,R,289,3,2,0,0,2,Stimulus,,,,,,,,,,,,
SV019,R,290,2,0,1,1,0,Stimulus,,,,,,,,,,,,
SV019,R,291,2,2,1,0,2,Stimulus,,,,,,,,,,,,
SV019,R,292,3,2,0,0,2,Stimulus,,,,,,,,,,,,
SV019,R,293,3,0,1,0,0,Stimulus,,,,,,,,,,,,
SV019,R,294,3,3,1,1,3,Stimulus,,,,,,,,,,,,
SV019,R,295,2,2,1,1,2,Stimulus,,,,,,,,,,,,
SV019,R,296,3,0,0,0,0,Stimulus,,,,,,,,,,,,
SV019,R,297,2,0,0,1,0,Stimulus,,,,,,,,,,,,
SV019,R,298,3,3,1,0,3,Stimulus,,,,,,,,,,,,
SV019,R,299,3,0,0,0,0,Stimulus,,,,,,,,,,,,
SV019,R,300,3,3,1,1,3,Stimulus,,,,,,,,,,,,
SV019,R,301,3,3,1,0,3,Stimulus,,,,,,,,,,,,
SV019,R,302,3,0,1,1,0,Stimulus,,,,,,,,,,,,
SV019,R,303,2,2,1,1,2,Stimulus,,,,,,,,,,,,
SV019,R,304,3,3,1,1,3,Stimulus,,,,,,,,,,,,
SV019,R,305,3,0,0,1,0,Stimulus,,,,,,,,,,,,
SV019,R,306,3,3,0,0,3,Stimulus,,,,,,,,,,,,
SV019,R,307,2,3,0,0,3,Stimulus,,,,,,,,,,,,
SV019,R,308,3,3,0,1,3,Stimulus,,,,,,,,,,,,
SV019,R,309,3,3,0,0,3,Stimulus,,,,,,,,,,,,
SV019,R,310,3,2,1,0,2,Stimulus,,,,,,,,,,,,
SV019,R,311,3,0,1,1,0,Stimulus,,,,,,,,,,,,
SV019,R,312,2,0,1,0,0,Stimulus,,,,,,,,,,,,
SV019,R,313,2,3,0,0,3,Stimulus,,,,,,,,,,,,
SV019,R,314,3,2,1,1,2,Stimulus,,,,,,,,,,,,
SV019,R,315,3,2,0,1,2,Stimulus,,,,,,,,,,,,
SV019,R,316,3,0,1,0,0,Stimulus,,,,,,,,,,,,
SV019,R,317,3,0,0,1,0,Stimulus,,,,,,,,,,,,
SV019,R,318,2,2,1,1,2,Stimulus,,,,,,,,,,,,
SV019,R,319,2,3,1,1,3,Stimulus,,,,,,,,,,,,
SV019,R,320,2,0,1,0,0,Stimulus,,,,,,,,,,,,
SV019,R,321,3,3,0,0,3,Stimulus,,,,,,,,,,,,
SV019,R,322,3,0,1,1,0,Stimulus,,,,,,,,,,,,
SV019,R,323,3,0,1,0,0,Stimulus,,,,,,,,,,,,
SV019,R,324,2,0,1,1,0,Stimulus,,,,,,,,,,,,
SV019,R,325,2,3,0,0,3,Stimulus,,,,,,,,,,,,
SV019,R,326,2,0,1,0,0,Stimulus,,,,,,,,,,,,
SV019,R,327,2,3,0,0,3,Stimulus,,,,,,,,,,,,
SV019,R,328,3,0,1,1,0,Stimulus,,,,,,,,,,,,
SV019,R,329,3,3,1,0,3,Stimulus,,,,,,,,,,,,
SV019,R,330,2,0,1,0,0,Stimulus,,,,,,,,,,,,
SV019,R,331,2,3,1,1,3,Stimulus,,,,,,,,,,,,
SV019,R,332,2,2,1,0,2,Stimulus,,,,,,,,,,,,
SV019,R,333,3,2,0,1,2,Stimulus,,,,,,,,,,,,
SV019,R,334,2,0,1,0,0,Stimulus,,,,,,,,,,,,
SV019,R,335,2,0,0,0,0,Stimulus,,,,,,,,,,,,
SV019,R,336,2,0,0,0,0,Stimulus,,,,,,,,,,,,
SV019,R,337,3,2,1,1,2,Stimulus,,,,,,,,,,,,
SV019,R,338,3,2,0,1,2,Stimulus,,,,,,,,,,,,
SV019,R,339,3,0,1,0,0,Stimulus,,,,,,,,,,,,
SV019,R,340,3,0,1,1,0,Stimulus,,,,,,,,,,,,
SV019,R,341,3,2,0,0,2,Stimulus,,,,,,,,,,,,
SV019,R,342,3,2,1,1,2,Stimulus,,,,,,,,,,,,
SV019,R,343,2,2,1,0,2,Stimulus,,,,,,,,,,,,
SV019,R,344,2,2,1,0,2,Stimulus,,,,,,,,,,,,
SV019,R,345,3,0,0,1,0,Stimulus,,,,,,,,,,,,
SV019,R,346,3,0,0,0,0,Stimulus,,,,,,,,,,,,
SV019,R,347,2,0,1,0,0,Stimulus,,,,,,,,,,,,
SV019,R,348,3,3,0,1,3,Stimulus,,,,,,,,,,,,
SV019,R,349,3,2,0,0,2,Stimulus,,,,,,,,,,,,
SV019,R,350,2,0,0,0,0,Stimulus,,,,,,,,,,,,
SV019,R,351,3,2,1,0,2,Stimulus,,,,,,,,,,,,
SV019,R,352,3,3,1,0,3,Stimulus,,,,,,,,,,,,
SV019,R,353,3,2,0,1,2,Stimulus,,,,,,,,,,,,
SV019,R,354,2,3,0,1,3,Stimulus,,,,,,,,,,,,
SV019,R,355,3,3,1,0,3,Stimulus,,,,,,,,,,,,
SV019,R,356,3,0,0,0,0,Stimulus,,,,,,,,,,,,
SV019,R,357,2,2,0,1,2,Stimulus,,,,,,,,,,,,
SV019,R,358,3,3,1,1,3,Stimulus,,,,,,,,,,,,
SV019,R,359,2,3,1,1,3,Stimulus,,,,,,,,,,,,
SV019,R,360,2,3,1,0,3,Stimulus,,,,,,,,,,,,
SV019,R,361,2,0,0,1,0,Stimulus,,,,,,,,,,,,
SV019,R,362,2,3,1,1,3,Stimulus,,,,,,,,,,,,
SV019,R,363,2,0,0,1,0,Stimulus,,,,,,,,,,,,
SV019,R,364,2,2,0,1,2,Stimulus,,,,,,,,,,,,
SV019,R,365,3,2,0,1,2,Stimulus,,,,,,,,,,,,
SV019,R,366,2,3,0,1,3,Stimulus,,,,,,,,,,,,
SV019,R,367,2,0,1,1,0,Stimulus,,,,,,,,,,,,
SV019,R,368,2,2,0,1,2,Stimulus,,,,,,,,,,,,
SV019,R,369,2,3,1,0,3,Stimulus,,,,,,,,,,,,
SV019,R,370,3,2,0,1,2,Stimulus,,,,,,,,,,,,
SV019,R,371,3,3,0,1,3,Stimulus,,,,,,,,,,,,
SV019,R,372,3,3,0,1,3,Stimulus,,,,,,,,,,,,
SV019,R,373,2,3,0,0,3,Stimulus,,,,,,,,,,,,
SV019,R,374,3,0,0,0,0,Stimulus,,,,,,,,,,,,
SV019,R,375,2,2,0,0,2,Stimulus,,,,,,,,1.8,1.8,837.0,837.0,172.0
SV019,R,376,2,2,0,0,2,Stimulus,,,,,,,,,,,,
SV019,R,377,3,2,0,0,2,Stimulus,,,,,,,,,,,,
SV019,R,378,2,2,0,1,2,Stimulus,,,,,,,,,,,,
SV019,R,379,3,2,1,1,2,Stimulus,,,,,,,,,,,,
SV019,R,380,3,2,1,1,2,Stimulus,,,,,,,,,,,,
SV019,R,381,3,2,1,1,2,Stimulus,,,,,,,,,,,,
SV019,R,382,3,2,1,1,2,Stimulus,,,,,,,,,,,,
SV019,R,383,3,0,0,1,0,Stimulus,,,,,,,,,,,,
SV019,R,384,3,2,1,0,2,Stimulus,,,,,,,,,,,,
SV019,R,385,3,3,0,0,3,Stimulus,,,,,,,,,,,,
SV019,R,386,3,0,0,0,0,Stimulus,,,,,,,,,,,,
SV019,R,387,2,0,0,1,0,Stimulus,,,,,,,,,,,,
SV019,R,388,3,3,0,1,3,Stimulus,,,,,,,,,,,,
SV019,R,389,3,2,1,1,2,Stimulus,,,,,,,,,,,,
SV019,R,390,2,2,0,1,2,Stimulus,,,,,,,,,,,,
SV019,R,391,2,0,1,1,0,Stimulus,,,,,,,,,,,,
SV019,R,392,2,3,1,0,3,Stimulus,,,,,,,,,,,,
SV019,R,393,3,3,0,0,3,Stimulus,,,,,,,,,,,,
SV019,R,394,3,0,1,0,0,Stimulus,,,,,,,,,,,,
SV019,R,395,3,2,0,1,2,Stimulus,,,,,,,,,,,,
SV019,R,396,3,3,0,0,3,Stimulus,,,,,,,,,,,,
SV019,R,397,2,2,0,0,2,Stimulus,,,,,,,,,,,,
SV019,R,398,3,0,0,0,0,Stimulus,,,,,,,,,,,,
SV019,R,399,2,2,1,0,2,Stimulus,,,,,,,,,,,,
SV019,R,400,2,2,1,1,2,Stimulus,,,,,,,,,,,,
SV019,R,401,3,0,0,1,2,Stimulus,,,,,,,,,,,,
SV019,R,402,2,2,1,0,2,Stimulus,,,,,,,,1.5,1.5,572.0,572.0,252.0
SV019,R,403,2,2,0,1,2,Stimulus,,,,,,,,,,,,
SV019,R,404,3,3,0,0,3,Stimulus,,,,,,,,,,,,
SV019,R,405,2,2,0,0,2,Stimulus,,,,,,,,,,,,
SV019,R,406,2,2,0,0,2,Stimulus,,,,,,,,,,,,
SV019,R,407,3,2,1,0,2,Stimulus,,,,,,,,,,,,
SV019,R,408,2,0,0,0,0,Stimulus,,,,,,,,,,,,
SV019,R,409,3,3,1,0,3,Stimulus,,,,,,,,,,,,
SV019,R,410,3,3,1,0,3,Stimulus,,,,,,,,,,,,
SV019,R,411,3,0,1,0,0,Stimulus,,,,,,,,,,,,
SV019,R,412,3,2,0,0,2,Stimulus,,,,,,,,,,,,
SV019,R,413,2,2,1,1,2,Stimulus,,,,,,,,,,,,
SV019,R,414,2,0,1,1,0,Stimulus,,,,,,,,,,,,
SV019,R,415,2,2,0,1,2,Stimulus,,,,,,,,,,,,
SV019,R,416,3,3,0,0,3,Stimulus,,,,,,,,,,,,
SV019,R,417,3,0,1,0,0,Stimulus,,,,,,,,,,,,
SV019,R,418,3,3,0,1,3,Stimulus,,,,,,,,,,,,
SV019,R,419,2,0,0,0,0,Stimulus,,,,,,,,,,,,
SV019,R,420,2,3,1,1,3,Stimulus,,,,,,,,,,,,
SV019,R,421,3,0,0,1,0,Stimulus,,,,,,,,,,,,
SV019,R,422,2,0,0,0,0,Stimulus,,,,,,,,,,,,
SV019,R,423,3,3,0,0,3,Stimulus,,,,,,,,,,,,
SV019,R,424,2,0,0,1,0,Stimulus,,,,,,,,,,,,
SV019,R,425,2,2,1,1,2,Stimulus,,,,,,,,,,,,
SV019,R,426,3,0,0,1,0,Stimulus,,,,,,,,,,,,
SV019,R,427,2,3,1,1,3,Stimulus,,,,,,,,,,,,
SV019,R,428,3,3,1,0,3,Stimulus,,,,,,,,,,,,
SV019,R,429,2,3,0,1,3,Stimulus,,,,,,,,,,,,
SV019,R,430,3,3,1,1,3,Stimulus,,,,,,,,,,,,
SV019,R,431,2,2,0,0,2,Stimulus,,,,,,,,,,,,
SV019,R,432,3,3,0,0,3,Stimulus,,,,,,,,,,,,
SV019,R,433,2,3,1,1,3,Stimulus,,,,,,,,,,,,
SV019,R,434,3,0,0,0,0,Stimulus,,,,,,,,,,,,
SV019,R,435,3,3,1,0,3,Stimulus,,,,,,,,,,,,
SV019,R,436,3,0,0,1,0,Stimulus,,,,,,,,,,,,
SV019,R,437,2,0,1,1,0,Stimulus,,,,,,,,,,,,
SV019,R,438,3,2,1,0,2,Stimulus,,,,,,,,,,,,
SV019,R,439,3,2,1,0,2,Stimulus,,,,,,,,,,,,
SV019,R,440,2,3,1,1,3,Stimulus,,,,,,,,,,,,
SV019,R,441,2,3,1,0,3,Stimulus,,,,,,,,,,,,
SV019,R,442,2,3,1,0,3,Stimulus,,,,,,,,,,,,
SV019,R,443,2,0,0,1,0,Stimulus,,,,,,,,,,,,
SV019,R,444,2,2,0,1,2,Stimulus,,,,,,,,,,,,
SV019,R,445,3,3,1,1,3,Stimulus,,,,,,,,,,,,
SV019,R,446,2,0,0,1,0,Stimulus,,,,,,,,,,,,
SV019,R,447,3,3,0,1,3,Stimulus,,,,,,,,,,,,
SV019,R,448,3,0,1,1,0,Stimulus,,,,,,,,,,,,
SV019,R,449,2,3,1,0,3,Stimulus,,,,,,,,,,,,
SV019,R,450,2,2,1,0,2,Stimulus,,,,,,,,,,,,
SV019,R,451,3,3,1,0,3,Stimulus,,,,,,,,,,,,
SV019,R,452,2,0,0,0,0,Stimulus,,,,,,,,,,,,
SV019,R,453,2,3,0,1,3,Stimulus,,,,,,,,,,,,
SV019,R,454,3,0,0,1,0,Stimulus,,,,,,,,,,,,
SV019,R,455,3,2,1,1,2,Stimulus,,,,,,,,,,,,
SV019,R,456,2,3,0,0,3,Stimulus,1886.4,1886.4,1107.9,1107.9,665.0,665.0,36.0,0.0,0.0,0.5,1.0,76.0
SV019,R,457,2,0,1,1,0,Stimulus,,,,,,,,,,,,
SV019,R,458,2,2,0,1,2,Stimulus,,,,,,,,,,,,
SV019,R,459,2,0,1,1,0,Stimulus,,,,,,,,,,,,
SV019,R,460,2,3,1,1,3,Stimulus,,,,,,,,,,,,
SV019,R,461,2,3,0,1,3,Stimulus,,,,,,,,,,,,
SV019,R,462,3,0,1,1,0,Stimulus,,,,,,,,,,,,
SV019,R,463,2,2,1,1,2,Stimulus,,,,,,,,,,,,
SV019,R,464,3,0,1,0,0,Stimulus,,,,,,,,,,,,
SV019,R,465,3,2,0,0,2,Stimulus,,,,,,,,,,,,
SV019,R,466,2,3,1,0,3,Stimulus,,,,,,,,,,,,
SV019,R,467,2,3,0,0,3,Stimulus,,,,,,,,,,,,
SV019,R,468,3,3,0,1,3,Stimulus,,,,,,,,,,,,
SV019,R,469,3,0,0,0,2,Stimulus,,,,,,,,,,,,
SV019,R,470,2,2,1,0,2,Stimulus,,,,,,,,,,,,
SV019,R,471,3,2,1,0,2,Stimulus,,,,,,,,,,,,
SV019,R,472,3,2,0,1,2,Stimulus,,,,,,,,,,,,
SV019,R,473,2,0,1,0,0,Stimulus,,,,,,,,,,,,
SV019,R,474,2,3,0,1,3,Stimulus,,,,,,,,,,,,
SV019,R,475,2,2,0,0,2,Stimulus,,,,,,,,,,,,
SV019,R,476,3,2,1,1,2,Stimulus,,,,,,,,,,,,
SV019,R,477,2,2,0,0,2,Stimulus,,,,,,,,,,,,
SV019,R,478,2,0,1,0,0,Stimulus,,,,,,,,,,,,
SV019,R,479,2,2,1,1,2,Stimulus,,,,,,,,,,,,
SV019,R,480,2,2,0,0,2,Stimulus,,,,,,,,,,,,
