subj_id,eye,trial_no,n_flash,n_beep,direction,blindspot,response,phase,fixation_x_mean,fixation_x_max,fixation_y_mean,fixation_y_max,pupil_avg_mean,pupil_avg_max,fixation_duration_mean,saccade_amplitude_mean,saccade_amplitude_max,saccade_velocity_mean,saccade_velocity_max,saccade_duration_mean
SV013,L,1,3,3,1,1,3,Fixation,,,,,,,,,,,,
SV013,L,2,2,3,0,0,3,Fixation,,,,,,,,,,,,
SV013,L,3,3,3,0,1,3,Fixation,,,,,,,,,,,,
SV013,L,4,2,2,0,1,2,Fixation,,,,,,,,,,,,
SV013,L,5,2,0,0,1,2,Fixation,,,,,,,,,,,,
SV013,L,6,2,0,1,1,3,Fixation,,,,,,,,,,,,
SV013,L,7,3,0,0,1,2,Fixation,,,,,,,,,,,,
SV013,L,8,2,0,0,1,2,Fixation,,,,,,,,,,,,
SV013,L,9,3,2,0,1,2,Fixation,,,,,,,,,,,,
SV013,L,10,2,2,0,0,2,Fixation,,,,,,,,,,,,
SV013,L,11,3,2,0,1,2,Fixation,,,,,,,,,,,,
SV013,L,12,2,0,0,0,2,Fixation,,,,,,,,,,,,
SV013,L,13,3,2,1,1,2,Fixation,,,,,,,,,,,,
SV013,L,14,2,2,0,0,2,Fixation,,,,,,,,,,,,
SV013,L,15,3,0,1,0,2,Fixation,,,,,,,,,,,,
SV013,L,16,2,0,0,0,2,Fixation,,,,,,,,,,,,
SV013,L,17,3,0,1,1,2,Fixation,,,,,,,,,,,,
SV013,L,18,3,3,0,1,2,Fixation,,,,,,,,,,,,
SV013,L,19,2,2,0,1,2,Fixation,,,,,,,,,,,,
SV013,L,20,2,3,1,1,3,Fixation,,,,,,,,,,,,
SV013,L,21,3,0,1,1,2,Fixation,,,,,,,,,,,,
SV013,L,22,3,3,0,0,3,Fixation,,,,,,,,,,,,
SV013,L,23,3,0,0,1,2,Fixation,,,,,,,,,,,,
SV013,L,24,3,2,0,0,2,Fixation,,,,,,,,,,,,
SV013,L,25,2,0,0,1,2,Fixation,,,,,,,,,,,,
SV013,L,26,3,0,1,1,2,Fixation,,,,,,,,,,,,
SV013,L,27,2,3,1,1,3,Fixation,,,,,,,,,,,,
SV013,L,28,2,3,0,0,2,Fixation,,,,,,,,,,,,
SV013,L,29,3,0,0,1,2,Fixation,,,,,,,,,,,,
SV013,L,30,3,0,1,1,2,Fixation,,,,,,,,,,,,
SV013,L,31,2,2,1,0,2,Fixation,,,,,,,,,,,,
SV013,L,32,2,0,1,1,2,Fixation,,,,,,,,,,,,
SV013,L,33,3,2,1,1,2,Fixation,,,,,,,,,,,,
SV013,L,34,3,3,1,1,3,Fixation,,,,,,,,,,,,
SV013,L,35,2,3,1,0,2,Fixation,,,,,,,,,,,,
SV013,L,36,2,0,0,0,2,Fixation,,,,,,,,,,,,
SV013,L,37,2,2,1,1,2,Fixation,,,,,,,,,,,,
SV013,L,38,2,2,0,0,2,Fixation,,,,,,,,,,,,
SV013,L,39,2,3,0,1,3,Fixation,,,,,,,,,,,,
SV013,L,40,2,3,0,0,3,Fixation,,,,,,,,,,,,
SV013,L,41,3,2,0,1,2,Fixation,,,,,,,,,,,,
SV013,L,42,3,2,0,0,2,Fixation,,,,,,,,,,,,
SV013,L,43,2,3,1,1,3,Fixation,,,,,,,,,,,,
SV013,L,44,3,0,1,1,3,Fixation,,,,,,,,,,,,
SV013,L,45,3,3,1,0,3,Fixation,,,,,,,,,,,,
SV013,L,46,3,2,1,1,2,Fixation,,,,,,,,,,,,
SV013,L,47,3,2,0,0,2,Fixation,,,,,,,,,,,,
SV013,L,48,2,3,0,1,3,Fixation,,,,,,,,,,,,
SV013,L,49,3,0,1,0,2,Fixation,,,,,,,,,,,,
SV013,L,50,3,3,0,0,3,Fixation,,,,,,,,,,,,
SV013,L,51,2,2,1,0,2,Fixation,,,,,,,,,,,,
SV013,L,52,3,0,0,0,3,Fixation,,,,,,,,,,,,
SV013,L,53,3,0,0,0,3,Fixation,,,,,,,,,,,,
SV013,L,54,2,3,0,1,3,Fixation,,,,,,,,,,,,
SV013,L,55,3,0,0,0,3,Fixation,,,,,,,,,,,,
SV013,L,56,3,3,0,0,3,Fixation,,,,,,,,,,,,
SV013,L,57,2,2,0,0,2,Fixation,,,,,,,,,,,,
SV013,L,58,3,0,0,0,3,Fixation,,,,,,,,,,,,
SV013,L,59,3,3,0,1,2,Fixation,,,,,,,,,,,,
SV013,L,60,3,3,1,1,2,Fixation,,,,,,,,,,,,
SV013,L,61,3,3,1,1,3,Fixation,,,,,,,,,,,,
SV013,L,62,3,0,0,1,2,Fixation,,,,,,,,,,,,
SV013,L,63,2,2,1,0,2,Fixation,,,,,,,,,,,,
SV013,L,64,2,3,1,0,3,Fixation,,,,,,,,,,,,
SV013,L,65,2,3,1,0,2,Fixation,,,,,,,,,,,,
SV013,L,66,2,2,1,0,2,Fixation,,,,,,,,,,,,
SV013,L,67,2,0,1,0,2,Fixation,,,,,,,,,,,,
SV013,L,68,3,0,0,0,3,Fixation,,,,,,,,,,,,
SV013,L,69,3,3,1,1,3,Fixation,,,,,,,,,,,,
SV013,L,70,3,0,0,0,3,Fixation,,,,,,,,,,,,
SV013,L,71,2,2,0,0,2,Fixation,,,,,,,,,,,,
SV013,L,72,3,2,1,1,2,Fixation,,,,,,,,,,,,
SV013,L,73,2,3,0,1,2,Fixation,,,,,,,,,,,,
SV013,L,74,2,3,0,1,2,Fixation,,,,,,,,,,,,
SV013,L,75,2,0,1,1,2,Fixation,,,,,,,,,,,,
SV013,L,76,2,2,1,0,2,Fixation,,,,,,,,,,,,
SV013,L,77,3,2,1,0,2,Fixation,,,,,,,,,,,,
SV013,L,78,3,3,0,0,3,Fixation,,,,,,,,,,,,
SV013,L,79,3,2,0,0,2,Fixation,,,,,,,,,,,,
SV013,L,80,3,0,1,0,3,Fixation,,,,,,,,,,,,
SV013,L,81,3,2,0,0,2,Fixation,,,,,,,,,,,,
SV013,L,82,2,0,0,0,2,Fixation,,,,,,,,,,,,
SV013,L,83,2,2,0,1,2,Fixation,,,,,,,,,,,,
SV013,L,84,3,0,0,0,2,Fixation,,,,,,,,,,,,
SV013,L,85,2,0,0,0,2,Fixation,,,,,,,,,,,,
SV013,L,86,3,0,0,1,2,Fixation,,,,,,,,,,,,
SV013,L,87,2,0,0,1,2,Fixation,,,,,,,,,,,,
SV013,L,88,2,0,1,0,2,Fixation,,,,,,,,,,,,
SV013,L,89,3,0,1,0,2,Fixation,,,,,,,,,,,,
SV013,L,90,3,2,1,1,2,Fixation,,,,,,,,,,,,
SV013,L,91,2,3,1,0,3,Fixation,,,,,,,,,,,,
SV013,L,92,3,0,0,1,2,Fixation,,,,,,,,,,,,
SV013,L,93,3,0,1,0,2,Fixation,,,,,,,,,,,,
SV013,L,94,3,3,0,1,3,Fixation,,,,,,,,,,,,
SV013,L,95,3,0,1,0,3,Fixation,,,,,,,,,,,,
SV013,L,96,2,2,1,0,2,Fixation,,,,,,,,,,,,
SV013,L,97,2,3,0,1,3,Fixation,,,,,,,,,,,,
SV013,L,98,3,3,0,1,3,Fixation,,,,,,,,,,,,
SV013,L,99,2,0,1,1,2,Fixation,,,,,,,,,,,,
SV013,L,100,3,2,1,1,2,Fixation,,,,,,,,,,,,
SV013,L,101,3,0,1,1,2,Fixation,,,,,,,,,,,,
SV013,L,102,3,2,0,1,2,Fixation,,,,,,,,,,,,
SV013,L,103,3,2,0,0,2,Fixation,,,,,,,,,,,,
SV013,L,104,3,0,0,1,2,Fixation,,,,,,,,,,,,
SV013,L,105,2,2,1,1,2,Fixation,,,,,,,,,,,,
SV013,L,106,3,2,0,0,2,Fixation,,,,,,,,,,,,
SV013,L,107,3,0,0,0,3,Fixation,,,,,,,,,,,,
SV013,L,108,3,2,1,1,2,Fixation,,,,,,,,,,,,
SV013,L,109,3,0,0,0,2,Fixation,,,,,,,,,,,,
SV013,L,110,3,2,1,0,2,Fixation,,,,,,,,,,,,
SV013,L,111,2,2,0,1,2,Fixation,,,,,,,,,,,,
SV013,L,112,3,2,0,0,2,Fixation,,,,,,,,,,,,
SV013,L,113,2,3,0,0,3,Fixation,,,,,,,,,,,,
SV013,L,114,2,2,0,1,2,Fixation,,,,,,,,,,,,
SV013,L,115,3,3,1,0,3,Fixation,,,,,,,,,,,,
SV013,L,116,2,3,0,0,3,Fixation,,,,,,,,,,,,
SV013,L,117,3,3,0,1,3,Fixation,,,,,,,,,,,,
SV013,L,118,2,2,0,0,2,Fixation,,,,,,,,,,,,
SV013,L,119,3,3,0,0,3,Fixation,,,,,,,,,,,,
SV013,L,120,2,2,1,0,2,Fixation,,,,,,,,,,,,
SV013,L,121,2,2,1,1,2,Fixation,,,,,,,,,,,,
SV013,L,122,3,0,1,0,2,Fixation,,,,,,,,,,,,
SV013,L,123,3,3,0,1,3,Fixation,,,,,,,,,,,,
SV013,L,124,2,0,0,1,2,Fixation,,,,,,,,,,,,
SV013,L,125,3,2,0,1,2,Fixation,,,,,,,,,,,,
SV013,L,126,2,2,0,1,2,Fixation,,,,,,,,,,,,
SV013,L,127,2,3,1,0,3,Fixation,,,,,,,,,,,,
SV013,L,128,3,3,0,0,3,Fixation,,,,,,,,,,,,
SV013,L,129,3,2,1,0,2,Fixation,,,,,,,,,,,,
SV013,L,130,3,3,1,0,3,Fixation,,,,,,,,,,,,
SV013,L,131,3,3,1,1,2,Fixation,,,,,,,,,,,,
SV013,L,132,2,2,0,0,2,Fixation,,,,,,,,,,,,
SV013,L,133,2,3,0,0,3,Fixation,,,,,,,,,,,,
SV013,L,134,3,3,1,0,3,Fixation,,,,,,,,,,,,
SV013,L,135,2,3,0,0,1,Fixation,,,,,,,,,,,,
SV013,L,136,2,2,1,1,2,Fixation,,,,,,,,,,,,
SV013,L,137,3,0,1,0,2,Fixation,,,,,,,,,,,,
SV013,L,138,2,0,1,0,2,Fixation,,,,,,,,,,,,
SV013,L,139,2,3,1,0,3,Fixation,,,,,,,,,,,,
SV013,L,140,3,0,1,1,1,Fixation,,,,,,,,,,,,
SV013,L,141,3,0,1,0,2,Fixation,,,,,,,,,,,,
SV013,L,142,2,3,1,0,2,Fixation,,,,,,,,,,,,
SV013,L,143,2,0,0,0,2,Fixation,,,,,,,,,,,,
SV013,L,144,3,0,0,1,2,Fixation,,,,,,,,,,,,
SV013,L,145,3,3,1,1,3,Fixation,,,,,,,,,,,,
SV013,L,146,2,2,1,0,0,Fixation,,,,,,,,,,,,
SV013,L,147,2,2,0,1,1,Fixation,,,,,,,,,,,,
SV013,L,148,3,3,1,0,3,Fixation,,,,,,,,,,,,
SV013,L,149,3,3,0,0,2,Fixation,,,,,,,,,,,,
SV013,L,150,2,0,0,0,2,Fixation,,,,,,,,,,,,
SV013,L,151,3,2,0,0,2,Fixation,,,,,,,,,,,,
SV013,L,152,2,0,1,0,2,Fixation,,,,,,,,,,,,
SV013,L,153,3,0,1,1,1,Fixation,,,,,,,,,,,,
SV013,L,154,3,2,1,0,2,Fixation,,,,,,,,,,,,
SV013,L,155,3,2,1,0,2,Fixation,,,,,,,,,,,,
SV013,L,156,2,2,1,1,2,Fixation,,,,,,,,,,,,
SV013,L,157,3,3,1,0,3,Fixation,,,,,,,,,,,,
SV013,L,158,2,3,0,1,3,Fixation,,,,,,,,,,,,
SV013,L,159,3,2,0,1,2,Fixation,,,,,,,,,,,,
SV013,L,160,3,3,0,1,3,Fixation,,,,,,,,,,,,
SV013,L,161,2,3,0,0,3,Fixation,,,,,,,,,,,,
SV013,L,162,2,2,0,1,2,Fixation,,,,,,,,,,,,
SV013,L,163,2,2,1,1,2,Fixation,,,,,,,,,,,,
SV013,L,164,2,3,1,1,3,Fixation,,,,,,,,,,,,
SV013,L,165,2,0,1,1,2,Fixation,,,,,,,,,,,,
SV013,L,166,2,0,0,1,2,Fixation,,,,,,,,,,,,
SV013,L,167,3,2,1,0,2,Fixation,,,,,,,,,,,,
SV013,L,168,2,0,0,0,2,Fixation,,,,,,,,,,,,
SV013,L,169,2,0,0,1,2,Fixation,,,,,,,,,,,,
SV013,L,170,2,0,1,0,2,Fixation,,,,,,,,,,,,
SV013,L,171,2,0,0,1,2,Fixation,,,,,,,,,,,,
SV013,L,172,2,0,0,1,0,Fixation,,,,,,,,3.8,3.8,126.0,126.0,40.0
SV013,L,173,3,3,0,0,3,Fixation,,,,,,,,,,,,
SV013,L,174,3,0,0,1,2,Fixation,,,,,,,,,,,,
SV013,L,175,2,3,1,1,3,Fixation,,,,,,,,,,,,
SV013,L,176,3,3,1,0,3,Fixation,,,,,,,,,,,,
SV013,L,177,2,2,0,0,2,Fixation,,,,,,,,,,,,
SV013,L,178,2,0,1,0,2,Fixation,,,,,,,,,,,,
SV013,L,179,2,0,1,0,2,Fixation,,,,,,,,,,,,
SV013,L,180,2,2,0,1,2,Fixation,,,,,,,,3.9,3.9,1689.0,1689.0,224.0
SV013,L,181,2,3,1,0,3,Fixation,,,,,,,,,,,,
SV013,L,182,2,2,1,1,2,Fixation,,,,,,,,,,,,
SV013,L,183,2,0,0,1,0,Fixation,,,,,,,,,,,,
SV013,L,184,3,0,1,1,2,Fixation,,,,,,,,,,,,
SV013,L,185,3,3,1,0,3,Fixation,,,,,,,,,,,,
SV013,L,186,2,0,0,0,2,Fixation,,,,,,,,,,,,
SV013,L,187,3,3,1,0,3,Fixation,,,,,,,,,,,,
SV013,L,188,3,2,0,1,2,Fixation,,,,,,,,,,,,
SV013,L,189,2,0,1,1,2,Fixation,,,,,,,,,,,,
SV013,L,190,2,3,0,0,3,Fixation,,,,,,,,,,,,
SV013,L,191,3,2,1,0,2,Fixation,,,,,,,,,,,,
SV013,L,192,2,2,0,1,2,Fixation,,,,,,,,,,,,
SV013,L,193,3,0,1,1,0,Fixation,,,,,,,,,,,,
SV013,L,194,2,3,1,1,3,Fixation,,,,,,,,,,,,
SV013,L,195,3,2,1,0,3,Fixation,,,,,,,,0.5,0.5,1684.0,1684.0,240.0
SV013,L,196,2,0,1,0,1,Fixation,,,,,,,,,,,,
SV013,L,197,2,0,1,1,2,Fixation,,,,,,,,,,,,
SV013,L,198,3,2,1,1,2,Fixation,,,,,,,,,,,,
SV013,L,199,3,0,1,0,3,Fixation,,,,,,,,,,,,
SV013,L,200,3,2,0,1,2,Fixation,,,,,,,,,,,,
SV013,L,201,2,3,0,1,3,Fixation,,,,,,,,,,,,
SV013,L,202,2,2,0,0,2,Fixation,,,,,,,,,,,,
SV013,L,203,2,0,1,0,2,Fixation,,,,,,,,,,,,
SV013,L,204,2,2,1,0,2,Fixation,1595.75,1799.6,1264.75,1271.7,423.0,429.0,132.0,2.5,2.5,142.0,142.0,24.0
SV013,L,205,3,2,0,0,2,Fixation,1462.3,1462.3,1178.4,1178.4,452.0,452.0,416.0,,,,,
SV013,L,206,2,2,1,1,2,Fixation,2015.6,2015.6,1072.3,1072.3,564.0,564.0,236.0,2.4,2.4,165.0,165.0,20.0
SV013,L,207,3,3,1,1,2,Fixation,,,,,,,,1.0,1.0,633.0,633.0,64.0
SV013,L,208,3,3,1,1,3,Fixation,,,,,,,,,,,,
SV013,L,209,3,2,1,1,2,Fixation,,,,,,,,,,,,
SV013,L,210,3,3,1,0,3,Fixation,,,,,,,,,,,,
SV013,L,211,2,2,1,0,2,Fixation,,,,,,,,,,,,
SV013,L,212,3,2,0,1,2,Fixation,,,,,,,,,,,,
SV013,L,213,3,3,0,1,3,Fixation,,,,,,,,,,,,
SV013,L,214,3,3,0,0,0,Fixation,,,,,,,,,,,,
SV013,L,215,2,2,1,1,2,Fixation,,,,,,,,,,,,
SV013,L,216,3,3,1,1,3,Fixation,,,,,,,,,,,,
SV013,L,217,2,3,0,0,3,Fixation,2324.9,2324.9,1241.6,1241.6,566.0,566.0,452.0,5.6,5.6,214.0,214.0,36.0
SV013,L,218,2,0,1,1,3,Fixation,,,,,,,,,,,,
SV013,L,219,2,3,1,1,3,Fixation,,,,,,,,,,,,
SV013,L,220,2,0,1,0,2,Fixation,,,,,,,,,,,,
SV013,L,221,3,3,0,0,3,Fixation,,,,,,,,,,,,
SV013,L,222,2,3,1,0,2,Fixation,,,,,,,,,,,,
SV013,L,223,3,2,1,0,2,Fixation,,,,,,,,,,,,
SV013,L,224,2,3,1,1,3,Fixation,,,,,,,,,,,,
SV013,L,225,2,2,0,0,2,Fixation,,,,,,,,,,,,
SV013,L,226,3,2,1,0,2,Fixation,,,,,,,,,,,,
SV013,L,227,3,2,0,1,2,Fixation,,,,,,,,,,,,
SV013,L,228,3,0,0,1,2,Fixation,,,,,,,,,,,,
SV013,L,229,2,3,0,1,3,Fixation,,,,,,,,,,,,
SV013,L,230,3,3,0,1,2,Fixation,,,,,,,,,,,,
SV013,L,231,2,0,1,1,2,Fixation,,,,,,,,,,,,
SV013,L,232,2,3,1,1,3,Fixation,,,,,,,,,,,,
SV013,L,233,2,3,1,0,2,Fixation,,,,,,,,,,,,
SV013,L,234,2,2,1,1,2,Fixation,,,,,,,,,,,,
SV013,L,235,2,3,0,1,3,Fixation,,,,,,,,,,,,
SV013,L,236,3,2,1,1,2,Fixation,,,,,,,,,,,,
SV013,L,237,2,0,1,1,2,Fixation,,,,,,,,,,,,
SV013,L,238,2,3,1,1,3,Fixation,,,,,,,,,,,,
SV013,L,239,3,0,0,0,3,Fixation,,,,,,,,,,,,
SV013,L,240,2,0,0,0,3,Fixation,,,,,,,,,,,,
SV013,L,241,3,2,0,0,2,Fixation,,,,,,,,,,,,
SV013,L,242,3,0,1,0,0,Fixation,,,,,,,,,,,,
SV013,L,243,2,3,0,0,3,Fixation,,,,,,,,,,,,
SV013,L,244,3,3,0,1,3,Fixation,,,,,,,,,,,,
SV013,L,245,2,3,0,1,3,Fixation,,,,,,,,,,,,
SV013,L,246,2,0,1,1,0,Fixation,,,,,,,,,,,,
SV013,L,247,2,2,0,1,2,Fixation,,,,,,,,,,,,
SV013,L,248,3,0,1,1,0,Fixation,,,,,,,,,,,,
SV013,L,249,3,3,0,1,3,Fixation,,,,,,,,,,,,
SV013,L,250,3,0,0,0,0,Fixation,,,,,,,,,,,,
SV013,L,251,2,3,1,1,3,Fixation,,,,,,,,,,,,
SV013,L,252,2,3,1,0,3,Fixation,,,,,,,,,,,,
SV013,L,253,2,0,0,0,0,Fixation,,,,,,,,,,,,
SV013,L,254,2,0,1,0,0,Fixation,,,,,,,,,,,,
SV013,L,255,2,0,1,0,0,Fixation,,,,,,,,,,,,
SV013,L,256,3,2,1,0,2,Fixation,,,,,,,,,,,,
SV013,L,257,3,0,0,1,0,Fixation,,,,,,,,,,,,
SV013,L,258,2,0,1,0,0,Fixation,,,,,,,,,,,,
SV013,L,259,2,0,1,0,0,Fixation,,,,,,,,,,,,
SV013,L,260,2,0,1,1,0,Fixation,,,,,,,,,,,,
SV013,L,261,3,3,1,0,3,Fixation,,,,,,,,,,,,
SV013,L,262,3,0,0,0,0,Fixation,,,,,,,,,,,,
SV013,L,263,3,3,0,1,2,Fixation,,,,,,,,,,,,
SV013,L,264,2,3,1,0,3,Fixation,,,,,,,,,,,,
SV013,L,265,2,0,1,1,0,Fixation,,,,,,,,,,,,
SV013,L,266,3,2,0,1,2,Fixation,,,,,,,,,,,,
SV013,L,267,2,3,0,0,3,Fixation,,,,,,,,,,,,
SV013,L,268,2,0,0,1,0,Fixation,,,,,,,,,,,,
SV013,L,269,3,3,1,1,3,Fixation,,,,,,,,,,,,
SV013,L,270,3,0,1,1,0,Fixation,,,,,,,,,,,,
SV013,L,271,2,0,0,0,0,Fixation,,,,,,,,,,,,
SV013,L,272,2,2,1,0,2,Fixation,,,,,,,,,,,,
SV013,L,273,2,2,1,1,2,Fixation,,,,,,,,,,,,
SV013,L,274,2,0,1,0,0,Fixation,,,,,,,,,,,,
SV013,L,275,3,2,0,0,2,Fixation,,,,,,,,,,,,
SV013,L,276,3,2,1,0,2,Fixation,,,,,,,,,,,,
SV013,L,277,3,3,1,1,3,Fixation,,,,,,,,,,,,
SV013,L,278,3,3,0,1,3,Fixation,,,,,,,,,,,,
SV013,L,279,2,2,0,0,2,Fixation,,,,,,,,,,,,
SV013,L,280,2,2,0,1,2,Fixation,,,,,,,,,,,,
SV013,L,281,2,3,0,0,3,Fixation,,,,,,,,,,,,
SV013,L,282,2,3,1,0,3,Fixation,,,,,,,,,,,,
SV013,L,283,3,2,0,0,2,Fixation,,,,,,,,,,,,
SV013,L,284,2,3,0,0,3,Fixation,,,,,,,,,,,,
SV013,L,285,3,0,0,1,0,Fixation,,,,,,,,,,,,
SV013,L,286,2,3,0,1,3,Fixation,,,,,,,,,,,,
SV013,L,287,3,2,0,0,2,Fixation,,,,,,,,,,,,
SV013,L,288,3,2,1,1,2,Fixation,,,,,,,,,,,,
SV013,L,289,3,0,1,1,2,Fixation,,,,,,,,,,,,
SV013,L,290,3,2,0,0,3,Fixation,,,,,,,,,,,,
SV013,L,291,2,0,0,1,0,Fixation,,,,,,,,,,,,
SV013,L,292,2,2,0,0,2,Fixation,,,,,,,,,,,,
SV013,L,293,3,0,1,0,0,Fixation,,,,,,,,,,,,
SV013,L,294,3,3,1,1,3,Fixation,,,,,,,,,,,,
SV013,L,295,2,2,1,1,2,Fixation,,,,,,,,,,,,
SV013,L,296,2,3,1,1,3,Fixation,,,,,,,,,,,,
SV013,L,297,2,0,0,1,0,Fixation,,,,,,,,,,,,
SV013,L,298,3,3,1,0,3,Fixation,,,,,,,,,,,,
SV013,L,299,3,0,0,0,0,Fixation,,,,,,,,,,,,
SV013,L,300,3,3,1,1,3,Fixation,,,,,,,,,,,,
SV013,L,301,3,3,1,0,3,Fixation,,,,,,,,,,,,
SV013,L,302,3,0,0,1,0,Fixation,,,,,,,,,,,,
SV013,L,303,2,2,1,1,2,Fixation,,,,,,,,,,,,
SV013,L,304,2,2,1,1,2,Fixation,,,,,,,,,,,,
SV013,L,305,3,3,1,1,3,Fixation,,,,,,,,,,,,
SV013,L,306,3,0,1,0,0,Fixation,,,,,,,,,,,,
SV013,L,307,3,3,0,0,3,Fixation,,,,,,,,,,,,
SV013,L,308,2,3,0,0,3,Fixation,,,,,,,,,,,,
SV013,L,309,3,3,1,0,3,Fixation,,,,,,,,,,,,
SV013,L,310,3,3,0,0,0,Fixation,,,,,,,,,,,,
SV013,L,311,3,2,1,0,2,Fixation,,,,,,,,,,,,
SV013,L,312,3,0,1,1,0,Fixation,,,,,,,,,,,,
SV013,L,313,2,0,0,0,0,Fixation,,,,,,,,,,,,
SV013,L,314,2,3,0,0,3,Fixation,,,,,,,,,,,,
SV013,L,315,3,2,0,1,2,Fixation,,,,,,,,,,,,
SV013,L,316,3,2,0,1,2,Fixation,,,,,,,,,,,,
SV013,L,317,3,0,0,0,0,Fixation,,,,,,,,,,,,
SV013,L,318,3,0,0,1,0,Fixation,,,,,,,,,,,,
SV013,L,319,2,2,0,1,2,Fixation,,,,,,,,,,,,
SV013,L,320,2,3,1,1,3,Fixation,,,,,,,,,,,,
SV013,L,321,2,0,0,0,0,Fixation,,,,,,,,,,,,
SV013,L,322,3,3,0,0,3,Fixation,,,,,,,,,,,,
SV013,L,323,3,0,1,1,0,Fixation,,,,,,,,,,,,
SV013,L,324,3,0,1,0,0,Fixation,,,,,,,,,,,,
SV013,L,325,2,0,1,1,0,Fixation,,,,,,,,,,,,
SV013,L,326,3,3,1,1,3,Fixation,,,,,,,,,,,,
SV013,L,327,2,0,0,0,3,Fixation,,,,,,,,,,,,
SV013,L,328,3,3,1,1,3,Fixation,,,,,,,,,,,,
SV013,L,329,3,0,1,1,0,Fixation,,,,,,,,,,,,
SV013,L,330,3,3,1,0,3,Fixation,,,,,,,,,,,,
SV013,L,331,2,0,1,0,0,Fixation,,,,,,,,,,,,
SV013,L,332,2,3,1,1,3,Fixation,,,,,,,,,,,,
SV013,L,333,2,2,1,0,2,Fixation,,,,,,,,,,,,
SV013,L,334,3,2,0,1,2,Fixation,,,,,,,,,,,,
SV013,L,335,2,0,1,0,0,Fixation,,,,,,,,,,,,
SV013,L,336,2,0,0,0,0,Fixation,,,,,,,,,,,,
SV013,L,337,2,0,0,0,0,Fixation,,,,,,,,,,,,
SV013,L,338,3,2,0,1,2,Fixation,,,,,,,,,,,,
SV013,L,339,3,2,1,0,2,Fixation,,,,,,,,,,,,
SV013,L,340,3,0,0,0,0,Fixation,,,,,,,,,,,,
SV013,L,341,3,0,0,1,0,Fixation,,,,,,,,,,,,
SV013,L,342,3,2,0,0,2,Fixation,,,,,,,,,,,,
SV013,L,343,3,2,1,1,2,Fixation,,,,,,,,,,,,
SV013,L,344,2,2,0,0,2,Fixation,,,,,,,,,,,,
SV013,L,345,2,2,1,0,2,Fixation,,,,,,,,,,,,
SV013,L,346,3,0,1,0,0,Fixation,,,,,,,,,,,,
SV013,L,347,2,0,1,0,0,Fixation,,,,,,,,,,,,
SV013,L,348,3,3,1,0,3,Fixation,,,,,,,,,,,,
SV013,L,349,2,0,1,1,0,Fixation,,,,,,,,,,,,
SV013,L,350,3,0,1,1,0,Fixation,,,,,,,,,,,,
SV013,L,351,3,2,0,0,2,Fixation,,,,,,,,,,,,
SV013,L,352,3,3,0,0,3,Fixation,,,,,,,,,,,,
SV013,L,353,3,2,0,1,3,Fixation,,,,,,,,,,,,
SV013,L,354,2,3,0,1,3,Fixation,,,,,,,,,,,,
SV013,L,355,3,3,0,0,3,Fixation,,,,,,,,,,,,
SV013,L,356,3,0,0,0,0,Fixation,,,,,,,,,,,,
SV013,L,357,2,2,0,1,2,Fixation,,,,,,,,,,,,
SV013,L,358,3,3,1,1,3,Fixation,,,,,,,,,,,,
SV013,L,359,2,0,1,1,0,Fixation,,,,,,,,,,,,
SV013,L,360,2,3,1,1,3,Fixation,,,,,,,,,,,,
SV013,L,361,2,3,0,0,3,Fixation,,,,,,,,,,,,
SV013,L,362,2,0,0,1,0,Fixation,,,,,,,,,,,,
SV013,L,363,2,3,0,1,3,Fixation,,,,,,,,,,,,
SV013,L,364,2,0,0,1,0,Fixation,,,,,,,,,,,,
SV013,L,365,2,2,0,1,2,Fixation,,,,,,,,,,,,
SV013,L,366,3,2,1,0,2,Fixation,,,,,,,,,,,,
SV013,L,367,2,3,1,0,3,Fixation,,,,,,,,,,,,
SV013,L,368,2,0,1,1,0,Fixation,,,,,,,,,,,,
SV013,L,369,2,2,1,0,2,Fixation,,,,,,,,,,,,
SV013,L,370,2,3,1,0,3,Fixation,,,,,,,,,,,,
SV013,L,371,3,2,1,0,2,Fixation,,,,,,,,,,,,
SV013,L,372,3,3,0,1,3,Fixation,,,,,,,,,,,,
SV013,L,373,3,3,0,1,3,Fixation,,,,,,,,,,,,
SV013,L,374,2,3,0,0,3,Fixation,,,,,,,,,,,,
SV013,L,375,3,0,0,0,0,Fixation,,,,,,,,,,,,
SV013,L,376,2,3,1,1,3,Fixation,,,,,,,,,,,,
SV013,L,377,2,2,0,0,2,Fixation,,,,,,,,,,,,
SV013,L,378,3,2,1,1,2,Fixation,,,,,,,,,,,,
SV013,L,379,3,2,0,0,2,Fixation,,,,,,,,,,,,
SV013,L,380,2,2,0,1,2,Fixation,,,,,,,,,,,,
SV013,L,381,2,2,1,1,2,Fixation,,,,,,,,,,,,
SV013,L,382,3,2,1,1,2,Fixation,,,,,,,,,,,,
SV013,L,383,3,2,1,1,2,Fixation,,,,,,,,,,,,
SV013,L,384,3,2,1,1,2,Fixation,,,,,,,,,,,,
SV013,L,385,3,2,0,1,2,Fixation,,,,,,,,,,,,
SV013,L,386,3,0,0,1,0,Fixation,,,,,,,,,,,,
SV013,L,387,3,2,1,0,2,Fixation,,,,,,,,,,,,
SV013,L,388,3,0,0,0,0,Fixation,,,,,,,,,,,,
SV013,L,389,2,0,0,1,0,Fixation,,,,,,,,,,,,
SV013,L,390,3,3,0,1,3,Fixation,,,,,,,,,,,,
SV013,L,391,3,2,1,1,2,Fixation,,,,,,,,,,,,
SV013,L,392,2,2,0,1,2,Fixation,,,,,,,,,,,,
SV013,L,393,2,0,1,1,0,Fixation,,,,,,,,,,,,
SV013,L,394,2,3,1,0,3,Fixation,,,,,,,,,,,,
SV013,L,395,3,0,1,0,0,Fixation,,,,,,,,,,,,
SV013,L,396,3,2,0,1,2,Fixation,,,,,,,,,,,,
SV013,L,397,3,3,0,0,3,Fixation,,,,,,,,,,,,
SV013,L,398,3,2,1,1,2,Fixation,,,,,,,,,,,,
SV013,L,399,2,2,1,0,2,Fixation,,,,,,,,,,,,
SV013,L,400,2,2,0,1,2,Fixation,,,,,,,,,,,,
SV013,L,401,3,0,0,1,0,Fixation,,,,,,,,,,,,
SV013,L,402,2,2,1,0,2,Fixation,,,,,,,,,,,,
SV013,L,403,2,2,1,0,2,Fixation,,,,,,,,,,,,
SV013,L,404,2,2,0,0,2,Fixation,,,,,,,,,,,,
SV013,L,405,2,2,0,0,2,Fixation,,,,,,,,,,,,
SV013,L,406,3,2,1,0,2,Fixation,,,,,,,,,,,,
SV013,L,407,3,0,1,1,0,Fixation,,,,,,,,,,,,
SV013,L,408,3,3,1,0,3,Fixation,,,,,,,,,,,,
SV013,L,409,3,3,1,0,3,Fixation,,,,,,,,,,,,
SV013,L,410,3,0,1,0,0,Fixation,,,,,,,,,,,,
SV013,L,411,2,2,1,1,2,Fixation,,,,,,,,,,,,
SV013,L,412,2,0,1,1,0,Fixation,,,,,,,,,,,,
SV013,L,413,2,2,1,0,2,Fixation,,,,,,,,,,,,
SV013,L,414,3,3,0,0,3,Fixation,,,,,,,,,,,,
SV013,L,415,3,0,1,0,0,Fixation,,,,,,,,,,,,
SV013,L,416,3,3,0,1,3,Fixation,,,,,,,,,,,,
SV013,L,417,2,0,0,0,0,Fixation,,,,,,,,,,,,
SV013,L,418,2,3,0,1,3,Fixation,,,,,,,,,,,,
SV013,L,419,3,0,0,1,0,Fixation,,,,,,,,,,,,
SV013,L,420,2,0,0,0,0,Fixation,,,,,,,,,,,,
SV013,L,421,2,0,0,1,0,Fixation,,,,,,,,,,,,
SV013,L,422,2,2,0,1,2,Fixation,,,,,,,,,,,,
SV013,L,423,3,0,0,1,0,Fixation,,,,,,,,,,,,
SV013,L,424,2,3,1,1,3,Fixation,,,,,,,,,,,,
SV013,L,425,3,3,0,0,3,Fixation,,,,,,,,,,,,
SV013,L,426,2,3,1,0,3,Fixation,,,,,,,,,,,,
SV013,L,427,3,3,1,1,3,Fixation,,,,,,,,,,,,
SV013,L,428,2,3,1,1,3,Fixation,,,,,,,,,,,,
SV013,L,429,2,2,0,0,2,Fixation,,,,,,,,,,,,
SV013,L,430,3,3,0,0,3,Fixation,,,,,,,,,,,,
SV013,L,431,2,3,0,1,3,Fixation,,,,,,,,,,,,
SV013,L,432,3,0,0,0,0,Fixation,,,,,,,,,,,,
SV013,L,433,3,3,0,0,3,Fixation,,,,,,,,,,,,
SV013,L,434,3,0,1,0,0,Fixation,,,,,,,,,,,,
SV013,L,435,2,0,0,1,0,Fixation,,,,,,,,,,,,
SV013,L,436,3,2,1,0,2,Fixation,,,,,,,,,,,,
SV013,L,437,3,2,0,0,2,Fixation,,,,,,,,,,,,
SV013,L,438,2,3,1,1,3,Fixation,,,,,,,,,,,,
SV013,L,439,2,3,1,0,3,Fixation,,,,,,,,,,,,
SV013,L,440,2,3,1,1,3,Fixation,,,,,,,,,,,,
SV013,L,441,2,3,1,0,3,Fixation,,,,,,,,,,,,
SV013,L,442,2,0,0,1,0,Fixation,,,,,,,,,,,,
SV013,L,443,2,2,1,0,2,Fixation,,,,,,,,,,,,
SV013,L,444,3,3,0,1,3,Fixation,,,,,,,,,,,,
SV013,L,445,2,0,1,0,0,Fixation,,,,,,,,,,,,
SV013,L,446,3,3,0,1,3,Fixation,,,,,,,,,,,,
SV013,L,447,3,0,1,1,0,Fixation,,,,,,,,,,,,
SV013,L,448,2,3,1,0,3,Fixation,,,,,,,,,,,,
SV013,L,449,2,2,1,0,2,Fixation,,,,,,,,,,,,
SV013,L,450,3,3,1,0,3,Fixation,,,,,,,,,,,,
SV013,L,451,3,0,1,1,0,Fixation,,,,,,,,,,,,
SV013,L,452,2,3,0,1,3,Fixation,,,,,,,,,,,,
SV013,L,453,3,0,1,0,0,Fixation,,,,,,,,,,,,
SV013,L,454,3,2,0,1,2,Fixation,,,,,,,,,,,,
SV013,L,455,3,3,1,1,3,Fixation,,,,,,,,,,,,
SV013,L,456,2,0,1,1,0,Fixation,,,,,,,,,,,,
SV013,L,457,2,2,0,1,2,Fixation,,,,,,,,,,,,
SV013,L,458,2,0,0,1,0,Fixation,,,,,,,,,,,,
SV013,L,459,2,3,0,1,3,Fixation,,,,,,,,,,,,
SV013,L,460,2,3,0,1,3,Fixation,,,,,,,,,,,,
SV013,L,461,3,0,0,1,0,Fixation,,,,,,,,,,,,
SV013,L,462,2,2,1,1,2,Fixation,,,,,,,,,,,,
SV013,L,463,3,0,0,0,0,Fixation,,,,,,,,,,,,
SV013,L,464,3,2,0,0,2,Fixation,,,,,,,,,,,,
SV013,L,465,2,3,0,0,3,Fixation,,,,,,,,,,,,
SV013,L,466,2,2,1,1,2,Fixation,,,,,,,,,,,,
SV013,L,467,2,3,0,0,3,Fixation,,,,,,,,,,,,
SV013,L,468,3,3,1,0,3,Fixation,,,,,,,,,,,,
SV013,L,469,2,2,0,0,2,Fixation,,,,,,,,,,,,
SV013,L,470,3,2,1,0,2,Fixation,,,,,,,,,,,,
SV013,L,471,2,2,1,1,2,Fixation,,,,,,,,,,,,
SV013,L,472,3,2,0,1,2,Fixation,,,,,,,,,,,,
SV013,L,473,2,0,1,0,0,Fixation,,,,,,,,,,,,
SV013,L,474,2,3,0,1,3,Fixation,,,,,,,,,,,,
SV013,L,475,3,2,1,1,2,Fixation,,,,,,,,,,,,
SV013,L,476,3,2,1,1,2,Fixation,,,,,,,,,,,,
SV013,L,477,2,2,0,0,2,Fixation,,,,,,,,,,,,
SV013,L,478,2,0,0,0,0,Fixation,,,,,,,,,,,,
SV013,L,479,2,2,1,1,2,Fixation,,,,,,,,,,,,
SV013,L,480,2,2,0,0,2,Fixation,,,,,,,,,,,,
SV013,R,1,2,3,0,0,3,Fixation,,,,,,,,,,,,
SV013,R,2,2,3,1,0,3,Fixation,,,,,,,,,,,,
SV013,R,3,3,3,0,1,3,Fixation,,,,,,,,,,,,
SV013,R,4,3,0,0,0,3,Fixation,,,,,,,,,,,,
SV013,R,5,2,2,1,1,2,Fixation,,,,,,,,,,,,
SV013,R,6,2,0,1,1,2,Fixation,,,,,,,,,,,,
SV013,R,7,2,0,1,1,2,Fixation,,,,,,,,,,,,
SV013,R,8,3,0,0,1,2,Fixation,,,,,,,,,,,,
SV013,R,9,2,0,1,1,2,Fixation,,,,,,,,,,,,
SV013,R,10,3,2,1,1,2,Fixation,,,,,,,,,,,,
SV013,R,11,2,2,1,0,0,Fixation,,,,,,,,,,,,
SV013,R,12,3,2,0,1,2,Fixation,,,,,,,,,,,,
SV013,R,13,2,0,1,0,2,Fixation,,,,,,,,,,,,
SV013,R,14,3,2,1,1,2,Fixation,,,,,,,,,,,,
SV013,R,15,2,2,0,0,2,Fixation,,,,,,,,,,,,
SV013,R,16,3,0,0,1,2,Fixation,,,,,,,,,,,,
SV013,R,17,2,0,0,0,2,Fixation,,,,,,,,,,,,
SV013,R,18,2,0,0,0,2,Fixation,,,,,,,,,,,,
SV013,R,19,3,0,0,0,2,Fixation,,,,,,,,,,,,
SV013,R,20,3,3,0,1,3,Fixation,,,,,,,,,,,,
SV013,R,21,2,2,1,1,2,Fixation,,,,,,,,,,,,
SV013,R,22,2,0,0,0,2,Fixation,,,,,,,,,,,,
SV013,R,23,3,3,0,0,3,Fixation,,,,,,,,,,,,
SV013,R,24,3,0,1,1,2,Fixation,,,,,,,,,,,,
SV013,R,25,3,2,0,0,2,Fixation,,,,,,,,,,,,
SV013,R,26,2,0,0,1,2,Fixation,,,,,,,,,,,,
SV013,R,27,3,0,1,1,2,Fixation,,,,,,,,,,,,
SV013,R,28,2,3,1,0,2,Fixation,,,,,,,,,,,,
SV013,R,29,3,0,0,1,2,Fixation,,,,,,,,,,,,
SV013,R,30,3,0,1,1,2,Fixation,,,,,,,,,,,,
SV013,R,31,2,2,0,1,2,Fixation,,,,,,,,,,,,
SV013,R,32,2,0,1,1,2,Fixation,,,,,,,,,,,,
SV013,R,33,3,2,1,1,2,Fixation,,,,,,,,,,,,
SV013,R,34,3,3,1,1,2,Fixation,,,,,,,,,,,,
SV013,R,35,2,3,0,1,3,Fixation,,,,,,,,,,,,
SV013,R,36,2,0,0,0,2,Fixation,,,,,,,,,,,,
SV013,R,37,2,2,1,0,2,Fixation,,,,,,,,,,,,
SV013,R,38,2,3,0,1,3,Fixation,,,,,,,,,,,,
SV013,R,39,2,3,0,0,3,Fixation,,,,,,,,,,,,
SV013,R,40,3,2,0,1,2,Fixation,,,,,,,,,,,,
SV013,R,41,3,2,1,0,2,Fixation,,,,,,,,,,,,
SV013,R,42,2,3,1,1,2,Fixation,,,,,,,,,,,,
SV013,R,43,3,0,1,1,2,Fixation,,,,,,,,,,,,
SV013,R,44,3,3,0,1,3,Fixation,,,,,,,,,,,,
SV013,R,45,3,2,1,1,2,Fixation,,,,,,,,,,,,
SV013,R,46,3,2,0,0,2,Fixation,,,,,,,,,,,,
SV013,R,47,2,3,0,1,3,Fixation,,,,,,,,,,,,
SV013,R,48,3,0,0,1,3,Fixation,,,,,,,,,,,,
SV013,R,49,3,3,1,0,3,Fixation,,,,,,,,,,,,
SV013,R,50,2,2,1,0,2,Fixation,,,,,,,,,,,,
SV013,R,51,3,0,1,0,3,Fixation,,,,,,,,,,,,
SV013,R,52,3,0,0,0,3,Fixation,,,,,,,,,,,,
SV013,R,53,2,3,0,1,3,Fixation,,,,,,,,,,,,
SV013,R,54,3,0,1,0,3,Fixation,,,,,,,,,,,,
SV013,R,55,3,3,1,0,3,Fixation,,,,,,,,,,,,
SV013,R,56,2,2,0,0,2,Fixation,,,,,,,,,,,,
SV013,R,57,3,0,1,0,2,Fixation,,,,,,,,,,,,
SV013,R,58,3,3,0,1,3,Fixation,,,,,,,,,,,,
SV013,R,59,3,3,0,0,3,Fixation,,,,,,,,,,,,
SV013,R,60,3,3,1,1,3,Fixation,,,,,,,,,,,,
SV013,R,61,3,3,1,1,3,Fixation,,,,,,,,,,,,
SV013,R,62,3,0,0,1,2,Fixation,,,,,,,,,,,,
SV013,R,63,2,2,1,0,2,Fixation,,,,,,,,,,,,
SV013,R,64,2,3,1,0,3,Fixation,,,,,,,,,,,,
SV013,R,65,2,3,0,1,3,Fixation,,,,,,,,,,,,
SV013,R,66,2,2,0,1,2,Fixation,,,,,,,,,,,,
SV013,R,67,2,0,0,1,2,Fixation,,,,,,,,,,,,
SV013,R,68,3,0,0,0,3,Fixation,,,,,,,,,,,,
SV013,R,69,2,3,0,0,3,Fixation,,,,,,,,,,,,
SV013,R,70,3,0,0,0,3,Fixation,,,,,,,,,,,,
SV013,R,71,3,2,0,0,2,Fixation,,,,,,,,,,,,
SV013,R,72,2,2,0,0,2,Fixation,,,,,,,,,,,,
SV013,R,73,3,2,1,1,2,Fixation,,,,,,,,,,,,
SV013,R,74,2,3,0,1,3,Fixation,,,,,,,,,,,,
SV013,R,75,2,3,1,1,2,Fixation,,,,,,,,,,,,
SV013,R,76,2,2,1,0,2,Fixation,,,,,,,,,,,,
SV013,R,77,3,2,0,1,2,Fixation,,,,,,,,,,,,
SV013,R,78,3,3,0,0,3,Fixation,,,,,,,,,,,,
SV013,R,79,3,2,1,0,2,Fixation,,,,,,,,,,,,
SV013,R,80,3,0,1,0,3,Fixation,,,,,,,,,,,,
SV013,R,81,3,2,1,0,2,Fixation,,,,,,,,,,,,
SV013,R,82,2,0,0,0,2,Fixation,,,,,,,,,,,,
SV013,R,83,2,2,1,1,2,Fixation,,,,,,,,,,,,
SV013,R,84,3,0,0,0,2,Fixation,,,,,,,,,,,,
SV013,R,85,2,0,1,0,2,Fixation,,,,,,,,,,,,
SV013,R,86,3,0,1,1,1,Fixation,,,,,,,,,,,,
SV013,R,87,2,0,0,1,3,Fixation,,,,,,,,,,,,
SV013,R,88,2,0,1,0,2,Fixation,,,,,,,,,,,,
SV013,R,89,3,0,1,0,3,Fixation,,,,,,,,,,,,
SV013,R,90,3,2,1,1,2,Fixation,,,,,,,,,,,,
SV013,R,91,2,3,1,0,3,Fixation,,,,,,,,,,,,
SV013,R,92,3,0,0,1,2,Fixation,,,,,,,,,,,,
SV013,R,93,3,0,0,1,2,Fixation,,,,,,,,,,,,
SV013,R,94,3,3,1,1,2,Fixation,,,,,,,,,,,,
SV013,R,95,3,0,1,0,3,Fixation,,,,,,,,,,,,
SV013,R,96,2,2,1,0,2,Fixation,,,,,,,,,,,,
SV013,R,97,2,3,1,1,2,Fixation,,,,,,,,,,,,
SV013,R,98,3,3,1,1,2,Fixation,,,,,,,,,,,,
SV013,R,99,2,0,1,1,1,Fixation,,,,,,,,,,,,
SV013,R,100,2,2,0,0,1,Fixation,,,,,,,,,,,,
SV013,R,101,3,0,1,1,2,Fixation,,,,,,,,,,,,
SV013,R,102,3,2,0,1,2,Fixation,,,,,,,,,,,,
SV013,R,103,3,2,0,0,2,Fixation,,,,,,,,,,,,
SV013,R,104,3,0,1,1,2,Fixation,,,,,,,,,,,,
SV013,R,105,2,2,1,1,2,Fixation,,,,,,,,,,,,
SV013,R,106,3,2,0,0,2,Fixation,,,,,,,,,,,,
SV013,R,107,3,0,0,0,3,Fixation,,,,,,,,,,,,
SV013,R,108,2,2,0,0,2,Fixation,,,,,,,,,,,,
SV013,R,109,3,0,1,0,2,Fixation,,,,,,,,,,,,
SV013,R,110,3,2,1,0,2,Fixation,,,,,,,,,,,,
SV013,R,111,2,2,1,1,2,Fixation,,,,,,,,,,,,
SV013,R,112,3,2,0,0,2,Fixation,,,,,,,,,,,,
SV013,R,113,2,3,0,0,2,Fixation,,,,,,,,,,,,
SV013,R,114,2,2,0,1,2,Fixation,,,,,,,,,,,,
SV013,R,115,3,3,1,0,2,Fixation,,,,,,,,,,,,
SV013,R,116,2,3,0,0,3,Fixation,,,,,,,,,,,,
SV013,R,117,3,3,0,1,3,Fixation,,,,,,,,,,,,
SV013,R,118,3,0,0,0,3,Fixation,,,,,,,,,,,,
SV013,R,119,2,2,1,0,2,Fixation,,,,,,,,,,,,
SV013,R,120,3,3,1,0,2,Fixation,,,,,,,,,,,,
SV013,R,121,2,2,1,0,2,Fixation,,,,,,,,,,,,
SV013,R,122,2,2,1,1,1,Fixation,,,,,,,,,,,,
SV013,R,123,3,0,1,0,3,Fixation,,,,,,,,,,,,
SV013,R,124,3,0,0,0,3,Fixation,,,,,,,,,,,,
SV013,R,125,3,3,1,1,2,Fixation,,,,,,,,,,,,
SV013,R,126,2,0,0,1,2,Fixation,,,,,,,,,,,,
SV013,R,127,3,2,1,1,2,Fixation,,,,,,,,,,,,
SV013,R,128,2,2,0,1,2,Fixation,,,,,,,,,,,,
SV013,R,129,2,3,0,1,3,Fixation,,,,,,,,,,,,
SV013,R,130,3,3,0,0,3,Fixation,,,,,,,,,,,,
SV013,R,131,3,2,1,0,2,Fixation,,,,,,,,,,,,
SV013,R,132,3,3,1,0,3,Fixation,,,,,,,,,,,,
SV013,R,133,3,3,1,1,2,Fixation,,,,,,,,,,,,
SV013,R,134,2,2,0,0,2,Fixation,,,,,,,,,,,,
SV013,R,135,2,3,1,0,2,Fixation,,,,,,,,,,,,
SV013,R,136,3,3,1,0,3,Fixation,,,,,,,,,,,,
SV013,R,137,2,3,0,0,3,Fixation,,,,,,,,,,,,
SV013,R,138,3,3,0,0,3,Fixation,,,,,,,,,,,,
SV013,R,139,3,0,0,1,2,Fixation,,,,,,,,,,,,
SV013,R,140,2,0,0,1,2,Fixation,,,,,,,,,,,,
SV013,R,141,2,3,1,0,2,Fixation,,,,,,,,,,,,
SV013,R,142,3,0,1,1,2,Fixation,,,,,,,,,,,,
SV013,R,143,3,0,1,0,2,Fixation,,,,,,,,,,,,
SV013,R,144,2,3,1,0,2,Fixation,,,,,,,,,,,,
SV013,R,145,2,0,1,0,2,Fixation,,,,,,,,,,,,
SV013,R,146,3,0,0,1,2,Fixation,,,,,,,,,,,,
SV013,R,147,3,2,0,0,2,Fixation,,,,,,,,,,,,
SV013,R,148,3,3,1,1,2,Fixation,,,,,,,,,,,,
SV013,R,149,2,2,1,0,2,Fixation,,,,,,,,,,,,
SV013,R,150,2,2,0,1,2,Fixation,,,,,,,,,,,,
SV013,R,151,3,3,1,0,3,Fixation,,,,,,,,,,,,
SV013,R,152,3,3,0,0,3,Fixation,,,,,,,,,,,,
SV013,R,153,2,0,0,0,2,Fixation,,,,,,,,,,,,
SV013,R,154,3,2,0,0,2,Fixation,,,,,,,,,,,,
SV013,R,155,2,0,1,0,2,Fixation,,,,,,,,,,,,
SV013,R,156,3,0,1,1,1,Fixation,,,,,,,,,,,,
SV013,R,157,3,2,1,0,2,Fixation,,,,,,,,,,,,
SV013,R,158,3,2,0,1,2,Fixation,,,,,,,,,,,,
SV013,R,159,3,3,1,0,3,Fixation,,,,,,,,,,,,
SV013,R,160,2,3,0,1,3,Fixation,,,,,,,,,,,,
SV013,R,161,3,2,0,1,2,Fixation,,,,,,,,,,,,
SV013,R,162,3,3,0,1,3,Fixation,,,,,,,,,,,,
SV013,R,163,2,3,0,0,3,Fixation,,,,,,,,,,,,
SV013,R,164,2,2,0,1,2,Fixation,,,,,,,,,,,,
SV013,R,165,2,2,1,1,2,Fixation,,,,,,,,,,,,
SV013,R,166,2,3,1,1,3,Fixation,2995.45,2998.1,2074.65,2157.4,179.0,186.0,124.0,1.0666666666666667,1.4,120.0,129.0,13.333333333333334
SV013,R,167,2,0,1,1,2,Fixation,,,,,,,,,,,,
SV013,R,168,2,0,0,1,2,Fixation,,,,,,,,,,,,
SV013,R,169,3,2,0,1,2,Fixation,,,,,,,,,,,,
SV013,R,170,2,0,0,0,2,Fixation,,,,,,,,,,,,
SV013,R,171,2,0,1,1,2,Fixation,2461.9,2461.9,1406.1,1406.1,454.0,454.0,436.0,0.9,1.3,116.0,164.0,12.0
SV013,R,172,2,0,0,1,2,Fixation,,,,,,,,,,,,
SV013,R,173,2,0,1,1,2,Fixation,,,,,,,,,,,,
SV013,R,174,2,0,0,1,2,Fixation,,,,,,,,,,,,
SV013,R,175,3,3,0,0,3,Fixation,,,,,,,,,,,,
SV013,R,176,3,3,0,0,3,Fixation,,,,,,,,,,,,
SV013,R,177,3,0,0,1,2,Fixation,,,,,,,,,,,,
SV013,R,178,2,3,1,1,3,Fixation,,,,,,,,,,,,
SV013,R,179,3,3,0,1,1,Fixation,,,,,,,,,,,,
SV013,R,180,2,2,0,0,2,Fixation,,,,,,,,,,,,
SV013,R,181,2,0,0,1,2,Fixation,,,,,,,,,,,,
SV013,R,182,2,0,1,0,2,Fixation,,,,,,,,,,,,
SV013,R,183,2,2,0,1,2,Fixation,,,,,,,,,,,,
SV013,R,184,2,3,1,0,3,Fixation,,,,,,,,,,,,
SV013,R,185,2,2,1,1,2,Fixation,,,,,,,,,,,,
SV013,R,186,2,0,0,1,0,Fixation,,,,,,,,,,,,
SV013,R,187,2,0,0,0,2,Fixation,,,,,,,,,,,,
SV013,R,188,3,3,0,1,3,Fixation,,,,,,,,,,,,
SV013,R,189,2,0,1,0,2,Fixation,,,,,,,,,,,,
SV013,R,190,3,3,0,1,2,Fixation,,,,,,,,,,,,
SV013,R,191,3,2,1,1,2,Fixation,,,,,,,,,,,,
SV013,R,192,2,0,1,1,1,Fixation,,,,,,,,,,,,
SV013,R,193,2,3,1,0,2,Fixation,,,,,,,,,,,,
SV013,R,194,3,2,1,0,2,Fixation,,,,,,,,,,,,
SV013,R,195,2,2,0,1,1,Fixation,,,,,,,,,,,,
SV013,R,196,2,0,0,0,1,Fixation,,,,,,,,5.9,5.9,180.0,180.0,44.0
SV013,R,197,2,3,1,1,2,Fixation,,,,,,,,,,,,
SV013,R,198,3,3,0,0,3,Fixation,,,,,,,,,,,,
SV013,R,199,3,2,1,0,2,Fixation,,,,,,,,,,,,
SV013,R,200,2,0,1,0,2,Fixation,,,,,,,,11.9,11.9,744.0,744.0,188.0
SV013,R,201,2,2,0,0,2,Fixation,,,,,,,,,,,,
SV013,R,202,3,0,1,0,2,Fixation,,,,,,,,,,,,
SV013,R,203,3,2,0,1,2,Fixation,,,,,,,,,,,,
SV013,R,204,2,3,1,1,3,Fixation,,,,,,,,,,,,
SV013,R,205,2,2,0,0,2,Fixation,,,,,,,,,,,,
SV013,R,206,2,0,1,0,2,Fixation,,,,,,,,,,,,
SV013,R,207,2,2,0,1,2,Fixation,,,,,,,,,,,,
SV013,R,208,3,2,1,0,2,Fixation,,,,,,,,,,,,
SV013,R,209,2,2,1,1,2,Fixation,,,,,,,,,,,,
SV013,R,210,3,3,1,1,3,Fixation,,,,,,,,,,,,
SV013,R,211,2,3,0,0,3,Fixation,,,,,,,,,,,,
SV013,R,212,3,2,1,1,2,Fixation,,,,,,,,,,,,
SV013,R,213,3,3,1,0,3,Fixation,,,,,,,,,,,,
SV013,R,214,2,2,0,1,2,Fixation,,,,,,,,,,,,
SV013,R,215,3,2,1,1,2,Fixation,,,,,,,,,,,,
SV013,R,216,3,3,1,1,3,Fixation,,,,,,,,,,,,
SV013,R,217,3,3,0,0,3,Fixation,,,,,,,,,,,,
SV013,R,218,2,3,0,0,2,Fixation,,,,,,,,,,,,
SV013,R,219,2,3,0,0,2,Fixation,,,,,,,,,,,,
SV013,R,220,2,3,1,1,3,Fixation,,,,,,,,,,,,
SV013,R,221,2,0,1,0,2,Fixation,,,,,,,,,,,,
SV013,R,222,3,3,1,0,3,Fixation,,,,,,,,,,,,
SV013,R,223,3,2,0,0,2,Fixation,,,,,,,,,,,,
SV013,R,224,2,3,1,0,2,Fixation,,,,,,,,,,,,
SV013,R,225,3,2,0,1,2,Fixation,,,,,,,,,,,,
SV013,R,226,2,3,1,1,3,Fixation,,,,,,,,,,,,
SV013,R,227,2,2,1,0,2,Fixation,,,,,,,,,,,,
SV013,R,228,3,2,1,0,2,Fixation,,,,,,,,,,,,
SV013,R,229,3,2,0,1,2,Fixation,,,,,,,,,,,,
SV013,R,230,3,0,1,1,2,Fixation,,,,,,,,,,,,
SV013,R,231,2,3,1,1,2,Fixation,,,,,,,,,,,,
SV013,R,232,3,3,0,1,2,Fixation,,,,,,,,,,,,
SV013,R,233,2,0,1,1,2,Fixation,,,,,,,,,,,,
SV013,R,234,2,3,0,1,2,Fixation,,,,,,,,,,,,
SV013,R,235,2,2,1,1,2,Fixation,,,,,,,,,,,,
SV013,R,236,2,3,0,1,2,Fixation,,,,,,,,,,,,
SV013,R,237,2,2,0,0,2,Fixation,,,,,,,,,,,,
SV013,R,238,3,2,0,0,2,Fixation,,,,,,,,,,,,
SV013,R,239,3,0,0,0,2,Fixation,,,,,,,,,,,,
SV013,R,240,2,0,0,0,2,Fixation,,,,,,,,,,,,
SV013,R,241,3,2,1,0,2,Fixation,,,,,,,,,,,,
SV013,R,242,3,0,1,0,1,Fixation,,,,,,,,,,,,
SV013,R,243,2,3,1,0,3,Fixation,,,,,,,,,,,,
SV013,R,244,3,3,1,1,3,Fixation,,,,,,,,,,,,
SV013,R,245,2,3,0,1,3,Fixation,,,,,,,,,,,,
SV013,R,246,2,2,1,1,2,Fixation,,,,,,,,,,,,
SV013,R,247,2,0,0,0,0,Fixation,,,,,,,,,,,,
SV013,R,248,3,3,0,1,3,Fixation,,,,,,,,,,,,
SV013,R,249,3,0,1,0,0,Fixation,,,,,,,,,,,,
SV013,R,250,2,3,1,1,3,Fixation,,,,,,,,,,,,
SV013,R,251,2,3,0,1,3,Fixation,,,,,,,,,,,,
SV013,R,252,2,0,0,0,0,Fixation,,,,,,,,,,,,
SV013,R,253,2,0,0,1,0,Fixation,,,,,,,,,,,,
SV013,R,254,2,0,1,0,0,Fixation,,,,,,,,,,,,
SV013,R,255,3,2,1,0,2,Fixation,,,,,,,,,,,,
SV013,R,256,3,0,0,1,0,Fixation,,,,,,,,,,,,
SV013,R,257,2,0,0,1,0,Fixation,,,,,,,,,,,,
SV013,R,258,2,0,1,0,0,Fixation,,,,,,,,,,,,
SV013,R,259,3,3,0,1,3,Fixation,,,,,,,,,,,,
SV013,R,260,3,0,0,0,0,Fixation,,,,,,,,,,,,
SV013,R,261,3,3,1,1,3,Fixation,,,,,,,,,,,,
SV013,R,262,2,3,0,1,3,Fixation,,,,,,,,,,,,
SV013,R,263,2,0,1,1,0,Fixation,,,,,,,,,,,,
SV013,R,264,3,2,0,1,2,Fixation,,,,,,,,,,,,
SV013,R,265,2,3,1,0,3,Fixation,,,,,,,,,,,,
SV013,R,266,2,0,1,1,0,Fixation,,,,,,,,,,,,
SV013,R,267,3,3,1,1,3,Fixation,,,,,,,,,,,,
SV013,R,268,3,2,0,0,2,Fixation,,,,,,,,,,,,
SV013,R,269,3,0,1,1,0,Fixation,,,,,,,,,,,,
SV013,R,270,2,0,0,0,0,Fixation,,,,,,,,,,,,
SV013,R,271,2,2,1,0,2,Fixation,,,,,,,,,,,,
SV013,R,272,2,2,1,1,2,Fixation,,,,,,,,,,,,
SV013,R,273,2,0,0,1,0,Fixation,,,,,,,,,,,,
SV013,R,274,3,2,0,0,2,Fixation,,,,,,,,,,,,
SV013,R,275,3,2,0,1,2,Fixation,,,,,,,,,,,,
SV013,R,276,2,3,0,0,3,Fixation,,,,,,,,,,,,
SV013,R,277,3,3,1,1,3,Fixation,,,,,,,,,,,,
SV013,R,278,2,2,1,0,0,Fixation,,,,,,,,,,,,
SV013,R,279,2,2,0,1,2,Fixation,,,,,,,,,,,,
SV013,R,280,2,3,0,0,3,Fixation,,,,,,,,,,,,
SV013,R,281,2,3,1,0,3,Fixation,,,,,,,,,,,,
SV013,R,282,3,2,1,0,2,Fixation,,,,,,,,,,,,
SV013,R,283,2,3,0,0,3,Fixation,,,,,,,,,,,,
SV013,R,284,3,0,1,1,0,Fixation,,,,,,,,,,,,
SV013,R,285,2,3,0,1,3,Fixation,,,,,,,,,,,,
SV013,R,286,3,2,0,0,2,Fixation,,,,,,,,,,,,
SV013,R,287,2,2,0,0,2,Fixation,,,,,,,,,,,,
SV013,R,288,3,0,1,1,0,Fixation,,,,,,,,,,,,
SV013,R,289,3,2,0,0,2,Fixation,,,,,,,,,,,,
SV013,R,290,2,0,1,1,0,Fixation,,,,,,,,,,,,
SV013,R,291,2,2,1,0,2,Fixation,,,,,,,,,,,,
SV013,R,292,3,2,0,0,2,Fixation,,,,,,,,,,,,
SV013,R,293,3,0,1,0,0,Fixation,,,,,,,,,,,,
SV013,R,294,3,3,1,1,3,Fixation,,,,,,,,,,,,
SV013,R,295,2,2,1,1,2,Fixation,,,,,,,,,,,,
SV013,R,296,3,0,0,0,0,Fixation,,,,,,,,,,,,
SV013,R,297,2,0,0,1,0,Fixation,,,,,,,,,,,,
SV013,R,298,3,3,1,0,3,Fixation,,,,,,,,,,,,
SV013,R,299,3,0,0,0,0,Fixation,,,,,,,,,,,,
SV013,R,300,3,3,1,1,3,Fixation,,,,,,,,,,,,
SV013,R,301,3,3,1,0,3,Fixation,,,,,,,,,,,,
SV013,R,302,3,0,1,1,0,Fixation,,,,,,,,,,,,
SV013,R,303,2,2,1,1,2,Fixation,,,,,,,,,,,,
SV013,R,304,3,3,1,1,3,Fixation,,,,,,,,,,,,
SV013,R,305,3,0,0,1,0,Fixation,,,,,,,,,,,,
SV013,R,306,3,3,0,0,3,Fixation,,,,,,,,,,,,
SV013,R,307,2,3,0,0,3,Fixation,,,,,,,,,,,,
SV013,R,308,3,3,0,1,3,Fixation,,,,,,,,,,,,
SV013,R,309,3,3,0,0,3,Fixation,,,,,,,,,,,,
SV013,R,310,3,2,1,0,2,Fixation,,,,,,,,,,,,
SV013,R,311,3,0,1,1,0,Fixation,,,,,,,,,,,,
SV013,R,312,2,0,1,0,0,Fixation,,,,,,,,,,,,
SV013,R,313,2,3,0,0,3,Fixation,,,,,,,,,,,,
SV013,R,314,3,2,1,1,2,Fixation,,,,,,,,,,,,
SV013,R,315,3,2,0,1,2,Fixation,,,,,,,,,,,,
SV013,R,316,3,0,1,0,0,Fixation,,,,,,,,,,,,
SV013,R,317,3,0,0,1,0,Fixation,,,,,,,,,,,,
SV013,R,318,2,2,1,1,2,Fixation,,,,,,,,,,,,
SV013,R,319,2,3,1,1,0,Fixation,,,,,,,,,,,,
SV013,R,320,2,0,1,0,0,Fixation,,,,,,,,,,,,
SV013,R,321,3,3,0,0,3,Fixation,,,,,,,,,,,,
SV013,R,322,3,0,1,1,0,Fixation,,,,,,,,,,,,
SV013,R,323,3,0,1,0,0,Fixation,,,,,,,,,,,,
SV013,R,324,2,0,1,1,0,Fixation,,,,,,,,,,,,
SV013,R,325,2,3,0,0,3,Fixation,,,,,,,,,,,,
SV013,R,326,2,0,1,0,0,Fixation,,,,,,,,,,,,
SV013,R,327,2,3,0,0,3,Fixation,,,,,,,,,,,,
SV013,R,328,3,0,1,1,0,Fixation,,,,,,,,,,,,
SV013,R,329,3,3,1,0,3,Fixation,,,,,,,,,,,,
SV013,R,330,2,0,1,0,0,Fixation,,,,,,,,,,,,
SV013,R,331,2,3,1,1,3,Fixation,,,,,,,,,,,,
SV013,R,332,2,2,1,0,2,Fixation,,,,,,,,,,,,
SV013,R,333,3,2,0,1,2,Fixation,,,,,,,,,,,,
SV013,R,334,2,0,1,0,0,Fixation,,,,,,,,,,,,
SV013,R,335,2,0,0,0,0,Fixation,,,,,,,,,,,,
SV013,R,336,2,0,0,0,0,Fixation,,,,,,,,,,,,
SV013,R,337,3,2,1,1,2,Fixation,,,,,,,,,,,,
SV013,R,338,3,2,0,1,2,Fixation,,,,,,,,,,,,
SV013,R,339,3,0,1,0,0,Fixation,,,,,,,,,,,,
SV013,R,340,3,0,1,1,2,Fixation,,,,,,,,,,,,
SV013,R,341,3,2,0,0,2,Fixation,,,,,,,,,,,,
SV013,R,342,3,2,1,1,2,Fixation,,,,,,,,,,,,
SV013,R,343,2,2,1,0,2,Fixation,,,,,,,,,,,,
SV013,R,344,2,2,1,0,2,Fixation,,,,,,,,,,,,
SV013,R,345,3,0,0,1,0,Fixation,,,,,,,,,,,,
SV013,R,346,3,0,0,0,0,Fixation,,,,,,,,,,,,
SV013,R,347,2,0,1,0,0,Fixation,,,,,,,,,,,,
SV013,R,348,3,3,0,1,3,Fixation,,,,,,,,,,,,
SV013,R,349,3,2,0,0,2,Fixation,,,,,,,,,,,,
SV013,R,350,2,0,0,0,0,Fixation,,,,,,,,,,,,
SV013,R,351,3,2,1,0,2,Fixation,,,,,,,,,,,,
SV013,R,352,3,3,1,0,3,Fixation,,,,,,,,,,,,
SV013,R,353,3,2,0,1,2,Fixation,,,,,,,,,,,,
SV013,R,354,2,3,0,1,3,Fixation,,,,,,,,,,,,
SV013,R,355,3,3,1,0,3,Fixation,,,,,,,,,,,,
SV013,R,356,3,0,0,0,0,Fixation,,,,,,,,,,,,
SV013,R,357,2,2,0,1,2,Fixation,,,,,,,,,,,,
SV013,R,358,3,3,1,1,3,Fixation,,,,,,,,,,,,
SV013,R,359,2,3,1,1,3,Fixation,,,,,,,,,,,,
SV013,R,360,2,3,1,0,3,Fixation,,,,,,,,,,,,
SV013,R,361,2,0,0,1,0,Fixation,,,,,,,,,,,,
SV013,R,362,2,3,1,1,3,Fixation,,,,,,,,,,,,
SV013,R,363,2,0,0,1,0,Fixation,,,,,,,,,,,,
SV013,R,364,2,2,0,1,2,Fixation,,,,,,,,,,,,
SV013,R,365,3,2,0,1,2,Fixation,,,,,,,,,,,,
SV013,R,366,2,3,0,1,3,Fixation,,,,,,,,,,,,
SV013,R,367,2,0,1,1,3,Fixation,,,,,,,,,,,,
SV013,R,368,2,2,0,1,2,Fixation,,,,,,,,,,,,
SV013,R,369,2,3,1,0,3,Fixation,,,,,,,,,,,,
SV013,R,370,3,2,0,1,2,Fixation,,,,,,,,,,,,
SV013,R,371,3,3,0,1,3,Fixation,,,,,,,,,,,,
SV013,R,372,3,3,0,1,3,Fixation,,,,,,,,,,,,
SV013,R,373,2,3,0,0,3,Fixation,,,,,,,,,,,,
SV013,R,374,3,0,0,0,0,Fixation,,,,,,,,,,,,
SV013,R,375,2,2,0,0,2,Fixation,,,,,,,,,,,,
SV013,R,376,2,2,0,0,2,Fixation,,,,,,,,,,,,
SV013,R,377,3,2,0,0,2,Fixation,,,,,,,,,,,,
SV013,R,378,2,2,0,1,2,Fixation,,,,,,,,,,,,
SV013,R,379,3,2,1,1,2,Fixation,,,,,,,,,,,,
SV013,R,380,3,2,1,1,2,Fixation,,,,,,,,,,,,
SV013,R,381,3,2,1,1,2,Fixation,,,,,,,,,,,,
SV013,R,382,3,2,1,1,2,Fixation,,,,,,,,,,,,
SV013,R,383,3,0,0,1,0,Fixation,,,,,,,,,,,,
SV013,R,384,3,2,1,0,2,Fixation,,,,,,,,,,,,
SV013,R,385,3,3,0,0,3,Fixation,,,,,,,,,,,,
SV013,R,386,3,0,0,0,0,Fixation,,,,,,,,,,,,
SV013,R,387,2,0,0,1,0,Fixation,,,,,,,,,,,,
SV013,R,388,3,3,0,1,3,Fixation,,,,,,,,,,,,
SV013,R,389,3,2,1,1,2,Fixation,,,,,,,,,,,,
SV013,R,390,2,2,0,1,2,Fixation,,,,,,,,,,,,
SV013,R,391,2,0,1,1,0,Fixation,,,,,,,,,,,,
SV013,R,392,2,3,1,0,3,Fixation,,,,,,,,,,,,
SV013,R,393,3,3,0,0,3,Fixation,,,,,,,,,,,,
SV013,R,394,3,0,1,0,0,Fixation,,,,,,,,,,,,
SV013,R,395,3,2,0,1,2,Fixation,,,,,,,,,,,,
SV013,R,396,3,3,0,0,3,Fixation,,,,,,,,,,,,
SV013,R,397,2,2,0,0,2,Fixation,,,,,,,,,,,,
SV013,R,398,3,0,0,0,0,Fixation,,,,,,,,,,,,
SV013,R,399,2,2,1,0,2,Fixation,,,,,,,,,,,,
SV013,R,400,2,2,1,1,2,Fixation,,,,,,,,,,,,
SV013,R,401,3,0,0,1,0,Fixation,,,,,,,,,,,,
SV013,R,402,2,2,1,0,2,Fixation,,,,,,,,,,,,
SV013,R,403,2,2,0,1,2,Fixation,,,,,,,,,,,,
SV013,R,404,3,3,0,0,3,Fixation,,,,,,,,,,,,
SV013,R,405,2,2,0,0,2,Fixation,,,,,,,,,,,,
SV013,R,406,2,2,0,0,2,Fixation,,,,,,,,,,,,
SV013,R,407,3,2,1,0,2,Fixation,,,,,,,,,,,,
SV013,R,408,2,0,0,0,0,Fixation,,,,,,,,,,,,
SV013,R,409,3,3,1,0,3,Fixation,,,,,,,,,,,,
SV013,R,410,3,3,1,0,3,Fixation,,,,,,,,,,,,
SV013,R,411,3,0,1,0,0,Fixation,,,,,,,,,,,,
SV013,R,412,3,2,0,0,2,Fixation,,,,,,,,,,,,
SV013,R,413,2,2,1,1,2,Fixation,,,,,,,,,,,,
SV013,R,414,2,0,1,1,0,Fixation,,,,,,,,,,,,
SV013,R,415,2,2,0,1,2,Fixation,,,,,,,,,,,,
SV013,R,416,3,3,0,0,3,Fixation,,,,,,,,,,,,
SV013,R,417,3,0,1,0,0,Fixation,,,,,,,,,,,,
SV013,R,418,3,3,0,1,3,Fixation,,,,,,,,,,,,
SV013,R,419,2,0,0,0,0,Fixation,,,,,,,,,,,,
SV013,R,420,2,3,1,1,3,Fixation,,,,,,,,,,,,
SV013,R,421,3,0,0,1,0,Fixation,,,,,,,,,,,,
SV013,R,422,2,0,0,0,0,Fixation,,,,,,,,,,,,
SV013,R,423,3,3,0,0,3,Fixation,,,,,,,,,,,,
SV013,R,424,2,0,0,1,0,Fixation,,,,,,,,,,,,
SV013,R,425,2,2,1,1,2,Fixation,,,,,,,,,,,,
SV013,R,426,3,0,0,1,0,Fixation,,,,,,,,,,,,
SV013,R,427,2,3,1,1,3,Fixation,,,,,,,,,,,,
SV013,R,428,3,3,1,0,3,Fixation,,,,,,,,,,,,
SV013,R,429,2,3,0,1,3,Fixation,,,,,,,,,,,,
SV013,R,430,3,3,1,1,3,Fixation,,,,,,,,,,,,
SV013,R,431,2,2,0,0,3,Fixation,,,,,,,,,,,,
SV013,R,432,3,3,0,0,3,Fixation,,,,,,,,,,,,
SV013,R,433,2,3,1,1,3,Fixation,,,,,,,,,,,,
SV013,R,434,3,0,0,0,0,Fixation,,,,,,,,,,,,
SV013,R,435,3,3,1,0,3,Fixation,,,,,,,,,,,,
SV013,R,436,3,0,0,1,0,Fixation,,,,,,,,,,,,
SV013,R,437,2,0,1,1,0,Fixation,,,,,,,,,,,,
SV013,R,438,3,2,1,0,2,Fixation,,,,,,,,,,,,
SV013,R,439,3,2,1,0,2,Fixation,,,,,,,,,,,,
SV013,R,440,2,3,1,1,3,Fixation,,,,,,,,,,,,
SV013,R,441,2,3,1,0,3,Fixation,,,,,,,,,,,,
SV013,R,442,2,3,1,0,3,Fixation,,,,,,,,,,,,
SV013,R,443,2,0,0,1,0,Fixation,,,,,,,,,,,,
SV013,R,444,2,2,0,1,2,Fixation,,,,,,,,,,,,
SV013,R,445,3,3,1,1,3,Fixation,,,,,,,,,,,,
SV013,R,446,2,0,0,1,0,Fixation,,,,,,,,,,,,
SV013,R,447,3,3,0,1,3,Fixation,,,,,,,,,,,,
SV013,R,448,3,0,1,1,0,Fixation,,,,,,,,,,,,
SV013,R,449,2,3,1,0,3,Fixation,,,,,,,,,,,,
SV013,R,450,2,2,1,0,2,Fixation,,,,,,,,,,,,
SV013,R,451,3,3,1,0,3,Fixation,,,,,,,,,,,,
SV013,R,452,2,0,0,0,0,Fixation,,,,,,,,,,,,
SV013,R,453,2,3,0,1,3,Fixation,,,,,,,,,,,,
SV013,R,454,3,0,0,1,0,Fixation,,,,,,,,,,,,
SV013,R,455,3,2,1,1,2,Fixation,,,,,,,,,,,,
SV013,R,456,2,3,0,0,3,Fixation,,,,,,,,,,,,
SV013,R,457,2,0,1,1,0,Fixation,,,,,,,,,,,,
SV013,R,458,2,2,0,1,2,Fixation,,,,,,,,,,,,
SV013,R,459,2,0,1,1,0,Fixation,,,,,,,,,,,,
SV013,R,460,2,3,1,1,3,Fixation,,,,,,,,,,,,
SV013,R,461,2,3,0,1,2,Fixation,,,,,,,,,,,,
SV013,R,462,3,0,1,1,0,Fixation,,,,,,,,,,,,
SV013,R,463,2,2,1,1,2,Fixation,,,,,,,,,,,,
SV013,R,464,3,0,1,0,0,Fixation,,,,,,,,,,,,
SV013,R,465,3,2,0,0,2,Fixation,,,,,,,,,,,,
SV013,R,466,2,3,1,0,3,Fixation,,,,,,,,,,,,
SV013,R,467,2,3,0,0,3,Fixation,,,,,,,,,,,,
SV013,R,468,3,3,0,1,3,Fixation,,,,,,,,,,,,
SV013,R,469,3,0,0,0,0,Fixation,,,,,,,,,,,,
SV013,R,470,2,2,1,0,2,Fixation,,,,,,,,,,,,
SV013,R,471,3,2,1,0,2,Fixation,,,,,,,,,,,,
SV013,R,472,3,2,0,1,2,Fixation,,,,,,,,,,,,
SV013,R,473,2,0,1,0,0,Fixation,,,,,,,,,,,,
SV013,R,474,2,3,0,1,3,Fixation,,,,,,,,,,,,
SV013,R,475,2,2,0,0,2,Fixation,,,,,,,,,,,,
SV013,R,476,3,2,1,1,2,Fixation,,,,,,,,,,,,
SV013,R,477,2,2,0,0,2,Fixation,,,,,,,,,,,,
SV013,R,478,2,0,1,0,0,Fixation,,,,,,,,,,,,
SV013,R,479,2,2,1,1,2,Fixation,,,,,,,,,,,,
SV013,R,480,2,2,0,0,2,Fixation,,,,,,,,,,,,
SV013,L,1,3,3,1,1,3,Response,,,,,,,,,,,,
SV013,L,2,2,3,0,0,3,Response,,,,,,,,,,,,
SV013,L,3,3,3,0,1,3,Response,,,,,,,,,,,,
SV013,L,4,2,2,0,1,2,Response,,,,,,,,,,,,
SV013,L,5,2,0,0,1,2,Response,,,,,,,,,,,,
SV013,L,6,2,0,1,1,3,Response,,,,,,,,,,,,
SV013,L,7,3,0,0,1,2,Response,,,,,,,,,,,,
SV013,L,8,2,0,0,1,2,Response,,,,,,,,,,,,
SV013,L,9,3,2,0,1,2,Response,,,,,,,,,,,,
SV013,L,10,2,2,0,0,2,Response,,,,,,,,,,,,
SV013,L,11,3,2,0,1,2,Response,,,,,,,,,,,,
SV013,L,12,2,0,0,0,2,Response,,,,,,,,,,,,
SV013,L,13,3,2,1,1,2,Response,,,,,,,,,,,,
SV013,L,14,2,2,0,0,2,Response,,,,,,,,,,,,
SV013,L,15,3,0,1,0,2,Response,,,,,,,,,,,,
SV013,L,16,2,0,0,0,2,Response,,,,,,,,,,,,
SV013,L,17,3,0,1,1,2,Response,,,,,,,,,,,,
SV013,L,18,3,3,0,1,2,Response,,,,,,,,,,,,
SV013,L,19,2,2,0,1,2,Response,,,,,,,,,,,,
SV013,L,20,2,3,1,1,3,Response,,,,,,,,,,,,
SV013,L,21,3,0,1,1,2,Response,,,,,,,,,,,,
SV013,L,22,3,3,0,0,3,Response,,,,,,,,,,,,
SV013,L,23,3,0,0,1,2,Response,,,,,,,,,,,,
SV013,L,24,3,2,0,0,2,Response,,,,,,,,,,,,
SV013,L,25,2,0,0,1,2,Response,,,,,,,,,,,,
SV013,L,26,3,0,1,1,2,Response,,,,,,,,,,,,
SV013,L,27,2,3,1,1,3,Response,,,,,,,,,,,,
SV013,L,28,2,3,0,0,2,Response,,,,,,,,,,,,
SV013,L,29,3,0,0,1,2,Response,,,,,,,,,,,,
SV013,L,30,3,0,1,1,2,Response,,,,,,,,,,,,
SV013,L,31,2,2,1,0,2,Response,,,,,,,,,,,,
SV013,L,32,2,0,1,1,2,Response,,,,,,,,,,,,
SV013,L,33,3,2,1,1,2,Response,,,,,,,,,,,,
SV013,L,34,3,3,1,1,3,Response,,,,,,,,,,,,
SV013,L,35,2,3,1,0,2,Response,,,,,,,,,,,,
SV013,L,36,2,0,0,0,2,Response,,,,,,,,,,,,
SV013,L,37,2,2,1,1,2,Response,,,,,,,,,,,,
SV013,L,38,2,2,0,0,2,Response,,,,,,,,,,,,
SV013,L,39,2,3,0,1,3,Response,,,,,,,,,,,,
SV013,L,40,2,3,0,0,3,Response,,,,,,,,,,,,
SV013,L,41,3,2,0,1,2,Response,,,,,,,,,,,,
SV013,L,42,3,2,0,0,2,Response,,,,,,,,,,,,
SV013,L,43,2,3,1,1,3,Response,,,,,,,,,,,,
SV013,L,44,3,0,1,1,3,Response,,,,,,,,,,,,
SV013,L,45,3,3,1,0,3,Response,,,,,,,,,,,,
SV013,L,46,3,2,1,1,2,Response,,,,,,,,,,,,
SV013,L,47,3,2,0,0,2,Response,,,,,,,,,,,,
SV013,L,48,2,3,0,1,3,Response,,,,,,,,,,,,
SV013,L,49,3,0,1,0,2,Response,,,,,,,,,,,,
SV013,L,50,3,3,0,0,3,Response,,,,,,,,,,,,
SV013,L,51,2,2,1,0,2,Response,,,,,,,,,,,,
SV013,L,52,3,0,0,0,3,Response,,,,,,,,,,,,
SV013,L,53,3,0,0,0,3,Response,,,,,,,,,,,,
SV013,L,54,2,3,0,1,3,Response,,,,,,,,,,,,
SV013,L,55,3,0,0,0,3,Response,,,,,,,,,,,,
SV013,L,56,3,3,0,0,3,Response,,,,,,,,,,,,
SV013,L,57,2,2,0,0,2,Response,,,,,,,,,,,,
SV013,L,58,3,0,0,0,3,Response,,,,,,,,,,,,
SV013,L,59,3,3,0,1,2,Response,,,,,,,,,,,,
SV013,L,60,3,3,1,1,2,Response,,,,,,,,,,,,
SV013,L,61,3,3,1,1,3,Response,,,,,,,,,,,,
SV013,L,62,3,0,0,1,2,Response,,,,,,,,,,,,
SV013,L,63,2,2,1,0,2,Response,,,,,,,,,,,,
SV013,L,64,2,3,1,0,3,Response,,,,,,,,,,,,
SV013,L,65,2,3,1,0,2,Response,,,,,,,,,,,,
SV013,L,66,2,2,1,0,2,Response,,,,,,,,,,,,
SV013,L,67,2,0,1,0,2,Response,,,,,,,,,,,,
SV013,L,68,3,0,0,0,3,Response,,,,,,,,,,,,
SV013,L,69,3,3,1,1,3,Response,,,,,,,,,,,,
SV013,L,70,3,0,0,0,3,Response,,,,,,,,,,,,
SV013,L,71,2,2,0,0,2,Response,,,,,,,,,,,,
SV013,L,72,3,2,1,1,2,Response,,,,,,,,,,,,
SV013,L,73,2,3,0,1,2,Response,,,,,,,,,,,,
SV013,L,74,2,3,0,1,2,Response,,,,,,,,,,,,
SV013,L,75,2,0,1,1,2,Response,,,,,,,,,,,,
SV013,L,76,2,2,1,0,2,Response,,,,,,,,,,,,
SV013,L,77,3,2,1,0,2,Response,,,,,,,,,,,,
SV013,L,78,3,3,0,0,3,Response,,,,,,,,,,,,
SV013,L,79,3,2,0,0,2,Response,,,,,,,,,,,,
SV013,L,80,3,0,1,0,3,Response,,,,,,,,,,,,
SV013,L,81,3,2,0,0,2,Response,,,,,,,,,,,,
SV013,L,82,2,0,0,0,2,Response,,,,,,,,,,,,
SV013,L,83,2,2,0,1,2,Response,,,,,,,,,,,,
SV013,L,84,3,0,0,0,2,Response,,,,,,,,,,,,
SV013,L,85,2,0,0,0,2,Response,,,,,,,,,,,,
SV013,L,86,3,0,0,1,2,Response,,,,,,,,,,,,
SV013,L,87,2,0,0,1,2,Response,,,,,,,,,,,,
SV013,L,88,2,0,1,0,2,Response,,,,,,,,,,,,
SV013,L,89,3,0,1,0,2,Response,,,,,,,,,,,,
SV013,L,90,3,2,1,1,2,Response,,,,,,,,,,,,
SV013,L,91,2,3,1,0,3,Response,,,,,,,,,,,,
SV013,L,92,3,0,0,1,2,Response,,,,,,,,,,,,
SV013,L,93,3,0,1,0,2,Response,,,,,,,,,,,,
SV013,L,94,3,3,0,1,3,Response,,,,,,,,,,,,
SV013,L,95,3,0,1,0,3,Response,,,,,,,,,,,,
SV013,L,96,2,2,1,0,2,Response,,,,,,,,,,,,
SV013,L,97,2,3,0,1,3,Response,,,,,,,,,,,,
SV013,L,98,3,3,0,1,3,Response,,,,,,,,,,,,
SV013,L,99,2,0,1,1,2,Response,,,,,,,,,,,,
SV013,L,100,3,2,1,1,2,Response,,,,,,,,,,,,
SV013,L,101,3,0,1,1,2,Response,,,,,,,,,,,,
SV013,L,102,3,2,0,1,2,Response,,,,,,,,,,,,
SV013,L,103,3,2,0,0,2,Response,,,,,,,,,,,,
SV013,L,104,3,0,0,1,2,Response,,,,,,,,,,,,
SV013,L,105,2,2,1,1,2,Response,,,,,,,,,,,,
SV013,L,106,3,2,0,0,2,Response,,,,,,,,,,,,
SV013,L,107,3,0,0,0,3,Response,,,,,,,,,,,,
SV013,L,108,3,2,1,1,2,Response,,,,,,,,,,,,
SV013,L,109,3,0,0,0,2,Response,,,,,,,,,,,,
SV013,L,110,3,2,1,0,2,Response,,,,,,,,,,,,
SV013,L,111,2,2,0,1,2,Response,,,,,,,,,,,,
SV013,L,112,3,2,0,0,2,Response,,,,,,,,,,,,
SV013,L,113,2,3,0,0,3,Response,,,,,,,,,,,,
SV013,L,114,2,2,0,1,2,Response,,,,,,,,,,,,
SV013,L,115,3,3,1,0,3,Response,,,,,,,,,,,,
SV013,L,116,2,3,0,0,3,Response,,,,,,,,,,,,
SV013,L,117,3,3,0,1,3,Response,,,,,,,,,,,,
SV013,L,118,2,2,0,0,2,Response,,,,,,,,,,,,
SV013,L,119,3,3,0,0,3,Response,,,,,,,,,,,,
SV013,L,120,2,2,1,0,2,Response,,,,,,,,,,,,
SV013,L,121,2,2,1,1,2,Response,,,,,,,,,,,,
SV013,L,122,3,0,1,0,2,Response,,,,,,,,,,,,
SV013,L,123,3,3,0,1,3,Response,,,,,,,,,,,,
SV013,L,124,2,0,0,1,2,Response,,,,,,,,,,,,
SV013,L,125,3,2,0,1,2,Response,,,,,,,,,,,,
SV013,L,126,2,2,0,1,2,Response,,,,,,,,,,,,
SV013,L,127,2,3,1,0,3,Response,,,,,,,,,,,,
SV013,L,128,3,3,0,0,3,Response,,,,,,,,,,,,
SV013,L,129,3,2,1,0,2,Response,,,,,,,,,,,,
SV013,L,130,3,3,1,0,3,Response,,,,,,,,,,,,
SV013,L,131,3,3,1,1,2,Response,,,,,,,,,,,,
SV013,L,132,2,2,0,0,2,Response,,,,,,,,,,,,
SV013,L,133,2,3,0,0,3,Response,,,,,,,,,,,,
SV013,L,134,3,3,1,0,3,Response,,,,,,,,,,,,
SV013,L,135,2,3,0,0,1,Response,,,,,,,,,,,,
SV013,L,136,2,2,1,1,2,Response,,,,,,,,,,,,
SV013,L,137,3,0,1,0,2,Response,,,,,,,,,,,,
SV013,L,138,2,0,1,0,2,Response,,,,,,,,,,,,
SV013,L,139,2,3,1,0,3,Response,,,,,,,,,,,,
SV013,L,140,3,0,1,1,1,Response,,,,,,,,,,,,
SV013,L,141,3,0,1,0,2,Response,,,,,,,,,,,,
SV013,L,142,2,3,1,0,2,Response,,,,,,,,,,,,
SV013,L,143,2,0,0,0,2,Response,,,,,,,,,,,,
SV013,L,144,3,0,0,1,2,Response,,,,,,,,,,,,
SV013,L,145,3,3,1,1,3,Response,,,,,,,,,,,,
SV013,L,146,2,2,1,0,0,Response,,,,,,,,,,,,
SV013,L,147,2,2,0,1,1,Response,,,,,,,,,,,,
SV013,L,148,3,3,1,0,3,Response,,,,,,,,,,,,
SV013,L,149,3,3,0,0,2,Response,,,,,,,,,,,,
SV013,L,150,2,0,0,0,2,Response,,,,,,,,,,,,
SV013,L,151,3,2,0,0,2,Response,,,,,,,,,,,,
SV013,L,152,2,0,1,0,2,Response,,,,,,,,,,,,
SV013,L,153,3,0,1,1,1,Response,,,,,,,,,,,,
SV013,L,154,3,2,1,0,2,Response,,,,,,,,,,,,
SV013,L,155,3,2,1,0,2,Response,,,,,,,,,,,,
SV013,L,156,2,2,1,1,2,Response,,,,,,,,,,,,
SV013,L,157,3,3,1,0,3,Response,,,,,,,,,,,,
SV013,L,158,2,3,0,1,3,Response,,,,,,,,,,,,
SV013,L,159,3,2,0,1,2,Response,,,,,,,,,,,,
SV013,L,160,3,3,0,1,3,Response,,,,,,,,,,,,
SV013,L,161,2,3,0,0,3,Response,2045.4857142857143,2883.1,1130.242857142857,1339.8,696.2857142857143,1112.0,182.85714285714286,5.385714285714286,12.9,453.14285714285717,1845.0,62.285714285714285
SV013,L,162,2,2,0,1,2,Response,,,,,,,,,,,,
SV013,L,163,2,2,1,1,2,Response,1971.3000000000002,2127.3,831.5999999999999,1202.1,794.8888888888889,998.0,512.8888888888889,4.383333333333334,7.5,790.4166666666666,2199.0,125.0
SV013,L,164,2,3,1,1,3,Response,1944.5416666666667,2270.7,749.4333333333334,1000.4,776.75,1013.0,348.6666666666667,3.1846153846153844,7.5,250.0,1494.0,113.84615384615384
SV013,L,165,2,0,1,1,2,Response,1997.8,2034.8,593.72,703.8,812.6,863.0,228.8,3.1999999999999997,6.1,1493.0,1914.0,257.14285714285717
SV013,L,166,2,0,0,1,2,Response,,,,,,,,,,,,
SV013,L,167,3,2,1,0,2,Response,1955.0375,2063.6,683.6125,955.7,957.625,1135.0,551.0,2.790909090909091,5.8,621.0909090909091,1969.0,85.81818181818181
SV013,L,168,2,0,0,0,2,Response,,,,,,,,3.4,6.6,848.6666666666666,1163.0,154.66666666666666
SV013,L,169,2,0,0,1,2,Response,1964.1,1964.1,871.7,871.7,859.0,859.0,1248.0,0.8999999999999999,1.2,1760.5,1882.0,230.0
SV013,L,170,2,0,1,0,2,Response,1973.94,2002.0,851.86,1181.0,841.6,920.0,701.6,5.1125,6.6,199.25,243.0,35.0
SV013,L,171,2,0,0,1,2,Response,,,,,,,,,,,,
SV013,L,172,2,0,0,1,0,Response,1984.7333333333333,2039.1,591.3666666666667,747.5,922.0,1039.0,220.0,3.575,6.8,835.125,1576.0,137.0
SV013,L,173,3,3,0,0,3,Response,1960.15,2078.5,935.55,961.3,664.0,736.0,432.0,2.55,5.3,1053.75,1932.0,158.0
SV013,L,174,3,0,0,1,2,Response,1930.1,2214.5,836.875,1119.2,580.5,771.0,478.0,2.91,10.1,133.0,276.0,26.8
SV013,L,175,2,3,1,1,3,Response,,,,,,,,,,,,
SV013,L,176,3,3,1,0,3,Response,,,,,,,,,,,,
SV013,L,177,2,2,0,0,2,Response,,,,,,,,2.1,2.1,1021.0,1021.0,176.0
SV013,L,178,2,0,1,0,2,Response,1892.8000000000002,1895.2,916.3,997.9,689.5,704.0,638.0,1.2833333333333334,1.6,742.3333333333334,1542.0,159.33333333333334
SV013,L,179,2,0,1,0,2,Response,,,,,,,,1.2,1.2,88.0,88.0,20.0
SV013,L,180,2,2,0,1,2,Response,1909.7,1909.7,1509.4,1509.4,737.0,737.0,24.0,3.3199999999999994,9.6,1098.4,1689.0,178.4
SV013,L,181,2,3,1,0,3,Response,1869.4,1869.4,993.2,993.2,533.0,533.0,456.0,1.5333333333333332,2.8,1317.0,1524.0,221.33333333333334
SV013,L,182,2,2,1,1,2,Response,1889.7,1889.7,888.8,888.8,731.0,731.0,296.0,1.6166666666666665,2.9,1069.0,1809.0,201.33333333333334
SV013,L,183,2,0,0,1,0,Response,193.0,193.0,3270.0,3270.0,99.0,99.0,24.0,25.9,27.1,833.0,953.0,110.0
SV013,L,184,3,0,1,1,2,Response,1944.5,1944.5,863.4,863.4,826.0,826.0,84.0,1.35,1.6,1546.5,1807.0,388.0
SV013,L,185,3,3,1,0,3,Response,,,,,,,,2.4,2.4,1176.0,1176.0,204.0
SV013,L,186,2,0,0,0,2,Response,1892.85,1899.2,1056.35,1074.6,642.5,653.0,1198.0,0.7333333333333334,2.2,710.0,1398.0,150.0
SV013,L,187,3,3,1,0,3,Response,2080.8166666666666,2580.5,884.4499999999999,1144.2,455.3333333333333,650.0,317.3333333333333,4.9,11.8,440.0,1655.0,228.0
SV013,L,188,3,2,0,1,2,Response,,,,,,,,0.9,1.2,1661.3333333333333,1932.0,265.3333333333333
SV013,L,189,2,0,1,1,2,Response,1947.4666666666665,2011.0,733.4666666666667,742.9,739.0,869.0,408.0,2.1166666666666667,3.3,827.3333333333334,1609.0,260.6666666666667
SV013,L,190,2,3,0,0,3,Response,2004.2,2020.4,687.8,768.6,830.5,891.0,248.0,2.28,6.8,882.2,1410.0,156.0
SV013,L,191,3,2,1,0,2,Response,,,,,,,,2.1,2.1,629.0,629.0,156.0
SV013,L,192,2,2,0,1,2,Response,1908.8666666666668,1939.1,822.6,940.0,687.3333333333334,722.0,332.0,1.22,1.6,391.2,1600.0,78.4
SV013,L,193,3,0,1,1,0,Response,1597.1666666666667,1908.3,1830.0666666666666,2205.6,279.6666666666667,517.0,1178.6666666666667,9.1,15.8,857.3333333333334,1679.0,204.0
SV013,L,194,2,3,1,1,3,Response,1355.1,1355.1,2609.2,2609.2,188.0,188.0,24.0,14.459999999999999,19.6,474.0,616.0,101.6
SV013,L,195,3,2,1,0,3,Response,,,,,,,,0.43333333333333335,0.7,1723.6666666666667,1894.0,257.3333333333333
SV013,L,196,2,0,1,0,1,Response,1915.9,1915.9,1146.2,1146.2,474.0,474.0,2020.0,1.2,2.3,1111.6,1464.0,224.0
SV013,L,197,2,0,1,1,2,Response,1978.8,1978.8,738.8,738.8,337.0,337.0,324.0,3.4599999999999995,5.3,777.2,1484.0,192.8
SV013,L,198,3,2,1,1,2,Response,1954.8,1954.8,1097.0,1097.0,433.0,433.0,1576.0,1.15,1.4,1203.0,1353.0,322.0
SV013,L,199,3,0,1,0,3,Response,,,,,,,,1.0333333333333334,1.5,1710.6666666666667,1770.0,336.0
SV013,L,200,3,2,0,1,2,Response,,,,,,,,1.16,2.8,1204.8,1887.0,220.8
SV013,L,201,2,3,0,1,3,Response,1913.425,1920.6,1220.025,1362.2,463.5,534.0,1024.0,1.25,1.7,607.6666666666666,1618.0,194.66666666666666
SV013,L,202,2,2,0,0,2,Response,1904.4666666666665,1939.8,991.2666666666668,1037.2,519.3333333333334,592.0,617.3333333333334,1.05,1.5,956.0,1276.0,432.0
SV013,L,203,2,0,1,0,2,Response,1929.2222222222222,2848.6,1216.6888888888889,1890.1,397.44444444444446,537.0,193.33333333333334,4.228571428571429,10.3,422.14285714285717,1245.0,164.0
SV013,L,204,2,2,1,0,2,Response,1803.9625,2266.8,1066.525,1264.6,484.875,621.0,287.0,2.4,5.3,141.71428571428572,199.0,22.857142857142858
SV013,L,205,3,2,0,0,2,Response,2009.6,2728.7,1316.65,1603.3,523.5,572.0,164.0,4.514285714285714,11.0,254.71428571428572,938.0,52.57142857142857
SV013,L,206,2,2,1,1,2,Response,1688.5666666666666,1791.3,1152.4666666666665,1230.1,527.3333333333334,557.0,688.0,1.375,2.0,360.0,1130.0,74.0
SV013,L,207,3,3,1,1,2,Response,2068.4666666666667,2649.4,1729.6333333333332,2408.6,543.6666666666666,634.0,113.33333333333333,3.2714285714285714,9.8,275.42857142857144,1018.0,62.857142857142854
SV013,L,208,3,3,1,1,3,Response,,,,,,,,0.1,0.1,1572.0,1572.0,180.0
SV013,L,209,3,2,1,1,2,Response,1893.2,1893.2,1157.0,1157.0,444.0,444.0,560.0,0.5,0.6,534.3333333333334,1443.0,77.33333333333333
SV013,L,210,3,3,1,0,3,Response,,,,,,,,,,,,
SV013,L,211,2,2,1,0,2,Response,,,,,,,,,,,,
SV013,L,212,3,2,0,1,2,Response,2784.9,2784.9,1125.0,1125.0,591.0,591.0,304.0,6.949999999999999,7.6,214.0,244.0,48.0
SV013,L,213,3,3,0,1,3,Response,,,,,,,,,,,,
SV013,L,214,3,3,0,0,0,Response,,,,,,,,0.8,0.8,155.0,155.0,40.0
SV013,L,215,2,2,1,1,2,Response,1830.9,1830.9,1188.2,1188.2,551.0,551.0,508.0,0.6,0.6,68.0,68.0,12.0
SV013,L,216,3,3,1,1,3,Response,,,,,,,,,,,,
SV013,L,217,2,3,0,0,3,Response,,,,,,,,,,,,
SV013,L,218,2,0,1,1,3,Response,,,,,,,,,,,,
SV013,L,219,2,3,1,1,3,Response,,,,,,,,,,,,
SV013,L,220,2,0,1,0,2,Response,,,,,,,,,,,,
SV013,L,221,3,3,0,0,3,Response,,,,,,,,,,,,
SV013,L,222,2,3,1,0,2,Response,,,,,,,,,,,,
SV013,L,223,3,2,1,0,2,Response,,,,,,,,,,,,
SV013,L,224,2,3,1,1,3,Response,,,,,,,,,,,,
SV013,L,225,2,2,0,0,2,Response,,,,,,,,,,,,
SV013,L,226,3,2,1,0,2,Response,,,,,,,,,,,,
SV013,L,227,3,2,0,1,2,Response,,,,,,,,,,,,
SV013,L,228,3,0,0,1,2,Response,,,,,,,,,,,,
SV013,L,229,2,3,0,1,3,Response,,,,,,,,,,,,
SV013,L,230,3,3,0,1,2,Response,,,,,,,,,,,,
SV013,L,231,2,0,1,1,2,Response,,,,,,,,,,,,
SV013,L,232,2,3,1,1,3,Response,,,,,,,,,,,,
SV013,L,233,2,3,1,0,2,Response,,,,,,,,,,,,
SV013,L,234,2,2,1,1,2,Response,,,,,,,,,,,,
SV013,L,235,2,3,0,1,3,Response,,,,,,,,,,,,
SV013,L,236,3,2,1,1,2,Response,,,,,,,,,,,,
SV013,L,237,2,0,1,1,2,Response,,,,,,,,,,,,
SV013,L,238,2,3,1,1,3,Response,,,,,,,,,,,,
SV013,L,239,3,0,0,0,3,Response,,,,,,,,,,,,
SV013,L,240,2,0,0,0,3,Response,,,,,,,,,,,,
SV013,L,241,3,2,0,0,2,Response,,,,,,,,,,,,
SV013,L,242,3,0,1,0,0,Response,,,,,,,,,,,,
SV013,L,243,2,3,0,0,3,Response,,,,,,,,,,,,
SV013,L,244,3,3,0,1,3,Response,,,,,,,,,,,,
SV013,L,245,2,3,0,1,3,Response,,,,,,,,,,,,
SV013,L,246,2,0,1,1,0,Response,,,,,,,,,,,,
SV013,L,247,2,2,0,1,2,Response,,,,,,,,,,,,
SV013,L,248,3,0,1,1,0,Response,,,,,,,,,,,,
SV013,L,249,3,3,0,1,3,Response,,,,,,,,,,,,
SV013,L,250,3,0,0,0,0,Response,,,,,,,,,,,,
SV013,L,251,2,3,1,1,3,Response,,,,,,,,,,,,
SV013,L,252,2,3,1,0,3,Response,,,,,,,,,,,,
SV013,L,253,2,0,0,0,0,Response,,,,,,,,,,,,
SV013,L,254,2,0,1,0,0,Response,,,,,,,,,,,,
SV013,L,255,2,0,1,0,0,Response,,,,,,,,,,,,
SV013,L,256,3,2,1,0,2,Response,,,,,,,,,,,,
SV013,L,257,3,0,0,1,0,Response,,,,,,,,,,,,
SV013,L,258,2,0,1,0,0,Response,,,,,,,,,,,,
SV013,L,259,2,0,1,0,0,Response,,,,,,,,,,,,
SV013,L,260,2,0,1,1,0,Response,,,,,,,,,,,,
SV013,L,261,3,3,1,0,3,Response,,,,,,,,,,,,
SV013,L,262,3,0,0,0,0,Response,,,,,,,,,,,,
SV013,L,263,3,3,0,1,2,Response,,,,,,,,,,,,
SV013,L,264,2,3,1,0,3,Response,,,,,,,,,,,,
SV013,L,265,2,0,1,1,0,Response,,,,,,,,,,,,
SV013,L,266,3,2,0,1,2,Response,,,,,,,,,,,,
SV013,L,267,2,3,0,0,3,Response,,,,,,,,,,,,
SV013,L,268,2,0,0,1,0,Response,,,,,,,,,,,,
SV013,L,269,3,3,1,1,3,Response,,,,,,,,,,,,
SV013,L,270,3,0,1,1,0,Response,,,,,,,,,,,,
SV013,L,271,2,0,0,0,0,Response,,,,,,,,,,,,
SV013,L,272,2,2,1,0,2,Response,,,,,,,,,,,,
SV013,L,273,2,2,1,1,2,Response,,,,,,,,,,,,
SV013,L,274,2,0,1,0,0,Response,,,,,,,,,,,,
SV013,L,275,3,2,0,0,2,Response,,,,,,,,,,,,
SV013,L,276,3,2,1,0,2,Response,,,,,,,,,,,,
SV013,L,277,3,3,1,1,3,Response,,,,,,,,,,,,
SV013,L,278,3,3,0,1,3,Response,,,,,,,,,,,,
SV013,L,279,2,2,0,0,2,Response,,,,,,,,,,,,
SV013,L,280,2,2,0,1,2,Response,,,,,,,,,,,,
SV013,L,281,2,3,0,0,3,Response,,,,,,,,,,,,
SV013,L,282,2,3,1,0,3,Response,,,,,,,,,,,,
SV013,L,283,3,2,0,0,2,Response,,,,,,,,,,,,
SV013,L,284,2,3,0,0,3,Response,,,,,,,,,,,,
SV013,L,285,3,0,0,1,0,Response,,,,,,,,,,,,
SV013,L,286,2,3,0,1,3,Response,,,,,,,,,,,,
SV013,L,287,3,2,0,0,2,Response,,,,,,,,,,,,
SV013,L,288,3,2,1,1,2,Response,,,,,,,,,,,,
SV013,L,289,3,0,1,1,2,Response,,,,,,,,,,,,
SV013,L,290,3,2,0,0,3,Response,,,,,,,,,,,,
SV013,L,291,2,0,0,1,0,Response,,,,,,,,,,,,
SV013,L,292,2,2,0,0,2,Response,,,,,,,,,,,,
SV013,L,293,3,0,1,0,0,Response,,,,,,,,,,,,
SV013,L,294,3,3,1,1,3,Response,,,,,,,,,,,,
SV013,L,295,2,2,1,1,2,Response,,,,,,,,,,,,
SV013,L,296,2,3,1,1,3,Response,,,,,,,,,,,,
SV013,L,297,2,0,0,1,0,Response,,,,,,,,,,,,
SV013,L,298,3,3,1,0,3,Response,,,,,,,,,,,,
SV013,L,299,3,0,0,0,0,Response,,,,,,,,,,,,
SV013,L,300,3,3,1,1,3,Response,,,,,,,,,,,,
SV013,L,301,3,3,1,0,3,Response,,,,,,,,,,,,
SV013,L,302,3,0,0,1,0,Response,,,,,,,,,,,,
SV013,L,303,2,2,1,1,2,Response,,,,,,,,,,,,
SV013,L,304,2,2,1,1,2,Response,,,,,,,,,,,,
SV013,L,305,3,3,1,1,3,Response,,,,,,,,,,,,
SV013,L,306,3,0,1,0,0,Response,,,,,,,,,,,,
SV013,L,307,3,3,0,0,3,Response,,,,,,,,,,,,
SV013,L,308,2,3,0,0,3,Response,,,,,,,,,,,,
SV013,L,309,3,3,1,0,3,Response,,,,,,,,,,,,
SV013,L,310,3,3,0,0,0,Response,,,,,,,,,,,,
SV013,L,311,3,2,1,0,2,Response,,,,,,,,,,,,
SV013,L,312,3,0,1,1,0,Response,,,,,,,,,,,,
SV013,L,313,2,0,0,0,0,Response,,,,,,,,,,,,
SV013,L,314,2,3,0,0,3,Response,,,,,,,,,,,,
SV013,L,315,3,2,0,1,2,Response,,,,,,,,,,,,
SV013,L,316,3,2,0,1,2,Response,,,,,,,,,,,,
SV013,L,317,3,0,0,0,0,Response,,,,,,,,,,,,
SV013,L,318,3,0,0,1,0,Response,,,,,,,,,,,,
SV013,L,319,2,2,0,1,2,Response,,,,,,,,,,,,
SV013,L,320,2,3,1,1,3,Response,,,,,,,,,,,,
SV013,L,321,2,0,0,0,0,Response,,,,,,,,,,,,
SV013,L,322,3,3,0,0,3,Response,,,,,,,,,,,,
SV013,L,323,3,0,1,1,0,Response,,,,,,,,,,,,
SV013,L,324,3,0,1,0,0,Response,,,,,,,,,,,,
SV013,L,325,2,0,1,1,0,Response,,,,,,,,,,,,
SV013,L,326,3,3,1,1,3,Response,,,,,,,,,,,,
SV013,L,327,2,0,0,0,3,Response,,,,,,,,,,,,
SV013,L,328,3,3,1,1,3,Response,,,,,,,,,,,,
SV013,L,329,3,0,1,1,0,Response,,,,,,,,,,,,
SV013,L,330,3,3,1,0,3,Response,,,,,,,,,,,,
SV013,L,331,2,0,1,0,0,Response,,,,,,,,,,,,
SV013,L,332,2,3,1,1,3,Response,,,,,,,,,,,,
SV013,L,333,2,2,1,0,2,Response,,,,,,,,,,,,
SV013,L,334,3,2,0,1,2,Response,,,,,,,,,,,,
SV013,L,335,2,0,1,0,0,Response,,,,,,,,,,,,
SV013,L,336,2,0,0,0,0,Response,,,,,,,,,,,,
SV013,L,337,2,0,0,0,0,Response,,,,,,,,,,,,
SV013,L,338,3,2,0,1,2,Response,,,,,,,,,,,,
SV013,L,339,3,2,1,0,2,Response,,,,,,,,,,,,
SV013,L,340,3,0,0,0,0,Response,,,,,,,,,,,,
SV013,L,341,3,0,0,1,0,Response,,,,,,,,,,,,
SV013,L,342,3,2,0,0,2,Response,,,,,,,,,,,,
SV013,L,343,3,2,1,1,2,Response,,,,,,,,,,,,
SV013,L,344,2,2,0,0,2,Response,,,,,,,,,,,,
SV013,L,345,2,2,1,0,2,Response,,,,,,,,,,,,
SV013,L,346,3,0,1,0,0,Response,,,,,,,,,,,,
SV013,L,347,2,0,1,0,0,Response,,,,,,,,,,,,
SV013,L,348,3,3,1,0,3,Response,,,,,,,,,,,,
SV013,L,349,2,0,1,1,0,Response,,,,,,,,,,,,
SV013,L,350,3,0,1,1,0,Response,,,,,,,,,,,,
SV013,L,351,3,2,0,0,2,Response,,,,,,,,,,,,
SV013,L,352,3,3,0,0,3,Response,,,,,,,,,,,,
SV013,L,353,3,2,0,1,3,Response,,,,,,,,,,,,
SV013,L,354,2,3,0,1,3,Response,,,,,,,,,,,,
SV013,L,355,3,3,0,0,3,Response,,,,,,,,,,,,
SV013,L,356,3,0,0,0,0,Response,,,,,,,,,,,,
SV013,L,357,2,2,0,1,2,Response,,,,,,,,,,,,
SV013,L,358,3,3,1,1,3,Response,,,,,,,,,,,,
SV013,L,359,2,0,1,1,0,Response,1990.0,1990.0,650.6,650.6,815.0,815.0,464.0,,,,,
SV013,L,360,2,3,1,1,3,Response,,,,,,,,,,,,
SV013,L,361,2,3,0,0,3,Response,,,,,,,,,,,,
SV013,L,362,2,0,0,1,0,Response,,,,,,,,,,,,
SV013,L,363,2,3,0,1,3,Response,,,,,,,,1.0,1.0,1760.0,1760.0,412.0
SV013,L,364,2,0,0,1,0,Response,,,,,,,,,,,,
SV013,L,365,2,2,0,1,2,Response,,,,,,,,,,,,
SV013,L,366,3,2,1,0,2,Response,,,,,,,,,,,,
SV013,L,367,2,3,1,0,3,Response,,,,,,,,,,,,
SV013,L,368,2,0,1,1,0,Response,,,,,,,,,,,,
SV013,L,369,2,2,1,0,2,Response,,,,,,,,,,,,
SV013,L,370,2,3,1,0,3,Response,,,,,,,,,,,,
SV013,L,371,3,2,1,0,2,Response,,,,,,,,,,,,
SV013,L,372,3,3,0,1,3,Response,,,,,,,,,,,,
SV013,L,373,3,3,0,1,3,Response,,,,,,,,,,,,
SV013,L,374,2,3,0,0,3,Response,,,,,,,,,,,,
SV013,L,375,3,0,0,0,0,Response,,,,,,,,,,,,
SV013,L,376,2,3,1,1,3,Response,,,,,,,,,,,,
SV013,L,377,2,2,0,0,2,Response,,,,,,,,,,,,
SV013,L,378,3,2,1,1,2,Response,1887.5,1887.5,778.2,778.2,728.0,728.0,328.0,,,,,
SV013,L,379,3,2,0,0,2,Response,,,,,,,,,,,,
SV013,L,380,2,2,0,1,2,Response,,,,,,,,,,,,
SV013,L,381,2,2,1,1,2,Response,,,,,,,,,,,,
SV013,L,382,3,2,1,1,2,Response,,,,,,,,,,,,
SV013,L,383,3,2,1,1,2,Response,,,,,,,,2.2,2.2,1625.0,1625.0,332.0
SV013,L,384,3,2,1,1,2,Response,,,,,,,,,,,,
SV013,L,385,3,2,0,1,2,Response,,,,,,,,,,,,
SV013,L,386,3,0,0,1,0,Response,,,,,,,,,,,,
SV013,L,387,3,2,1,0,2,Response,,,,,,,,,,,,
SV013,L,388,3,0,0,0,0,Response,,,,,,,,,,,,
SV013,L,389,2,0,0,1,0,Response,,,,,,,,,,,,
SV013,L,390,3,3,0,1,3,Response,,,,,,,,,,,,
SV013,L,391,3,2,1,1,2,Response,,,,,,,,,,,,
SV013,L,392,2,2,0,1,2,Response,,,,,,,,,,,,
SV013,L,393,2,0,1,1,0,Response,,,,,,,,,,,,
SV013,L,394,2,3,1,0,3,Response,,,,,,,,,,,,
SV013,L,395,3,0,1,0,0,Response,,,,,,,,,,,,
SV013,L,396,3,2,0,1,2,Response,,,,,,,,,,,,
SV013,L,397,3,3,0,0,3,Response,,,,,,,,,,,,
SV013,L,398,3,2,1,1,2,Response,,,,,,,,,,,,
SV013,L,399,2,2,1,0,2,Response,,,,,,,,,,,,
SV013,L,400,2,2,0,1,2,Response,,,,,,,,,,,,
SV013,L,401,3,0,0,1,0,Response,,,,,,,,,,,,
SV013,L,402,2,2,1,0,2,Response,,,,,,,,,,,,
SV013,L,403,2,2,1,0,2,Response,,,,,,,,,,,,
SV013,L,404,2,2,0,0,2,Response,,,,,,,,,,,,
SV013,L,405,2,2,0,0,2,Response,,,,,,,,,,,,
SV013,L,406,3,2,1,0,2,Response,,,,,,,,,,,,
SV013,L,407,3,0,1,1,0,Response,,,,,,,,,,,,
SV013,L,408,3,3,1,0,3,Response,,,,,,,,,,,,
SV013,L,409,3,3,1,0,3,Response,,,,,,,,,,,,
SV013,L,410,3,0,1,0,0,Response,,,,,,,,,,,,
SV013,L,411,2,2,1,1,2,Response,,,,,,,,,,,,
SV013,L,412,2,0,1,1,0,Response,,,,,,,,,,,,
SV013,L,413,2,2,1,0,2,Response,,,,,,,,,,,,
SV013,L,414,3,3,0,0,3,Response,,,,,,,,,,,,
SV013,L,415,3,0,1,0,0,Response,,,,,,,,,,,,
SV013,L,416,3,3,0,1,3,Response,,,,,,,,,,,,
SV013,L,417,2,0,0,0,0,Response,,,,,,,,,,,,
SV013,L,418,2,3,0,1,3,Response,,,,,,,,,,,,
SV013,L,419,3,0,0,1,0,Response,,,,,,,,,,,,
SV013,L,420,2,0,0,0,0,Response,,,,,,,,,,,,
SV013,L,421,2,0,0,1,0,Response,,,,,,,,,,,,
SV013,L,422,2,2,0,1,2,Response,,,,,,,,,,,,
SV013,L,423,3,0,0,1,0,Response,,,,,,,,,,,,
SV013,L,424,2,3,1,1,3,Response,,,,,,,,,,,,
SV013,L,425,3,3,0,0,3,Response,,,,,,,,,,,,
SV013,L,426,2,3,1,0,3,Response,,,,,,,,,,,,
SV013,L,427,3,3,1,1,3,Response,,,,,,,,,,,,
SV013,L,428,2,3,1,1,3,Response,,,,,,,,,,,,
SV013,L,429,2,2,0,0,2,Response,,,,,,,,,,,,
SV013,L,430,3,3,0,0,3,Response,,,,,,,,,,,,
SV013,L,431,2,3,0,1,3,Response,,,,,,,,,,,,
SV013,L,432,3,0,0,0,0,Response,,,,,,,,,,,,
SV013,L,433,3,3,0,0,3,Response,,,,,,,,,,,,
SV013,L,434,3,0,1,0,0,Response,,,,,,,,,,,,
SV013,L,435,2,0,0,1,0,Response,,,,,,,,,,,,
SV013,L,436,3,2,1,0,2,Response,,,,,,,,,,,,
SV013,L,437,3,2,0,0,2,Response,,,,,,,,,,,,
SV013,L,438,2,3,1,1,3,Response,,,,,,,,,,,,
SV013,L,439,2,3,1,0,3,Response,,,,,,,,,,,,
SV013,L,440,2,3,1,1,3,Response,,,,,,,,,,,,
SV013,L,441,2,3,1,0,3,Response,,,,,,,,,,,,
SV013,L,442,2,0,0,1,0,Response,,,,,,,,,,,,
SV013,L,443,2,2,1,0,2,Response,,,,,,,,,,,,
SV013,L,444,3,3,0,1,3,Response,,,,,,,,,,,,
SV013,L,445,2,0,1,0,0,Response,,,,,,,,,,,,
SV013,L,446,3,3,0,1,3,Response,,,,,,,,,,,,
SV013,L,447,3,0,1,1,0,Response,,,,,,,,,,,,
SV013,L,448,2,3,1,0,3,Response,,,,,,,,,,,,
SV013,L,449,2,2,1,0,2,Response,,,,,,,,,,,,
SV013,L,450,3,3,1,0,3,Response,,,,,,,,,,,,
SV013,L,451,3,0,1,1,0,Response,,,,,,,,,,,,
SV013,L,452,2,3,0,1,3,Response,,,,,,,,,,,,
SV013,L,453,3,0,1,0,0,Response,,,,,,,,,,,,
SV013,L,454,3,2,0,1,2,Response,,,,,,,,,,,,
SV013,L,455,3,3,1,1,3,Response,,,,,,,,,,,,
SV013,L,456,2,0,1,1,0,Response,,,,,,,,,,,,
SV013,L,457,2,2,0,1,2,Response,,,,,,,,,,,,
SV013,L,458,2,0,0,1,0,Response,,,,,,,,,,,,
SV013,L,459,2,3,0,1,3,Response,,,,,,,,,,,,
SV013,L,460,2,3,0,1,3,Response,,,,,,,,,,,,
SV013,L,461,3,0,0,1,0,Response,,,,,,,,,,,,
SV013,L,462,2,2,1,1,2,Response,,,,,,,,,,,,
SV013,L,463,3,0,0,0,0,Response,,,,,,,,,,,,
SV013,L,464,3,2,0,0,2,Response,,,,,,,,,,,,
SV013,L,465,2,3,0,0,3,Response,,,,,,,,,,,,
SV013,L,466,2,2,1,1,2,Response,,,,,,,,,,,,
SV013,L,467,2,3,0,0,3,Response,,,,,,,,,,,,
SV013,L,468,3,3,1,0,3,Response,,,,,,,,,,,,
SV013,L,469,2,2,0,0,2,Response,,,,,,,,,,,,
SV013,L,470,3,2,1,0,2,Response,,,,,,,,,,,,
SV013,L,471,2,2,1,1,2,Response,,,,,,,,3.7,3.7,948.0,948.0,248.0
SV013,L,472,3,2,0,1,2,Response,,,,,,,,,,,,
SV013,L,473,2,0,1,0,0,Response,,,,,,,,,,,,
SV013,L,474,2,3,0,1,3,Response,,,,,,,,,,,,
SV013,L,475,3,2,1,1,2,Response,,,,,,,,,,,,
SV013,L,476,3,2,1,1,2,Response,,,,,,,,,,,,
SV013,L,477,2,2,0,0,2,Response,,,,,,,,,,,,
SV013,L,478,2,0,0,0,0,Response,,,,,,,,,,,,
SV013,L,479,2,2,1,1,2,Response,,,,,,,,,,,,
SV013,L,480,2,2,0,0,2,Response,,,,,,,,,,,,
SV013,R,1,2,3,0,0,3,Response,1432.0894736842106,2111.5,1094.5,1358.7,684.2105263157895,894.0,594.1052631578947,4.752631578947368,8.8,464.10526315789474,1310.0,88.84210526315789
SV013,R,2,2,3,1,0,3,Response,1558.575,2018.9,1126.3,1204.0,695.0,791.0,1324.0,4.025,8.2,155.0,268.0,30.0
SV013,R,3,3,3,0,1,3,Response,2704.88,3270.0,1518.24,2065.0,674.4,944.0,195.2,6.42,14.6,326.2,592.0,73.6
SV013,R,4,3,0,0,0,3,Response,1216.2666666666667,1235.0,1082.7666666666667,1103.2,796.6666666666666,869.0,886.6666666666666,4.75,8.3,897.0,1279.0,170.0
SV013,R,5,2,2,1,1,2,Response,2229.825,2638.9,1342.675,1548.5,486.0,653.0,841.0,3.6,7.8,351.75,950.0,76.0
SV013,R,6,2,0,1,1,2,Response,2579.15,2765.5,1470.175,1675.4,539.25,587.0,494.0,3.44,8.7,658.0,1355.0,134.4
SV013,R,7,2,0,1,1,2,Response,,,,,,,,2.4,2.4,126.0,126.0,32.0
SV013,R,8,3,0,0,1,2,Response,2769.05,2799.8,1666.15,1814.4,470.0,494.0,226.0,6.066666666666667,10.3,345.6666666666667,630.0,109.33333333333333
SV013,R,9,2,0,1,1,2,Response,2449.35,2633.8,1363.15,1473.2,615.5,772.0,249.0,4.38,6.0,292.6,829.0,67.2
SV013,R,10,3,2,1,1,2,Response,2430.6833333333334,2677.2,1386.0833333333333,1560.5,570.0,659.0,429.3333333333333,3.1714285714285713,5.9,236.28571428571428,723.0,82.85714285714286
SV013,R,11,2,2,1,0,0,Response,1466.8333333333333,2050.7,1133.7333333333333,1179.3,686.8888888888889,841.0,485.77777777777777,4.83,9.3,406.5,1249.0,76.4
SV013,R,12,3,2,0,1,2,Response,2573.1777777777775,2796.4,1324.177777777778,1817.4,793.8888888888889,855.0,378.22222222222223,4.7700000000000005,8.3,555.7,1291.0,225.6
SV013,R,13,2,0,1,0,2,Response,,,,,,,,,,,,
SV013,R,14,3,2,1,1,2,Response,,,,,,,,2.9,2.9,848.0,848.0,204.0
SV013,R,15,2,2,0,0,2,Response,,,,,,,,,,,,
SV013,R,16,3,0,0,1,2,Response,2489.2571428571428,3253.1,1434.314285714286,2199.3,666.2857142857143,908.0,314.85714285714283,4.453333333333333,10.0,370.73333333333335,1161.0,81.06666666666666
SV013,R,17,2,0,0,0,2,Response,,,,,,,,1.4,1.4,183.0,183.0,72.0
SV013,R,18,2,0,0,0,2,Response,1440.8555555555556,1987.4,1118.888888888889,1323.3,854.5555555555555,926.0,497.77777777777777,4.6899999999999995,6.9,572.2,1130.0,178.4
SV013,R,19,3,0,0,0,2,Response,,,,,,,,1.0,1.0,69.0,69.0,20.0
SV013,R,20,3,3,0,1,3,Response,2439.366666666667,2681.0,1187.2333333333333,1398.0,837.3333333333334,871.0,829.3333333333334,2.675,5.4,577.5,1237.0,116.0
SV013,R,21,2,2,1,1,2,Response,2454.3,2558.2,1305.2,1306.2,655.0,673.0,350.0,3.0666666666666664,4.6,425.3333333333333,949.0,101.33333333333333
SV013,R,22,2,0,0,0,2,Response,1121.8,1151.0,1133.85,1243.1,649.0,710.0,404.0,5.8,8.2,491.0,1183.0,112.0
SV013,R,23,3,3,0,0,3,Response,1800.0666666666666,2081.9,1138.7166666666665,1380.1,919.5,954.0,618.6666666666666,3.442857142857143,7.1,453.85714285714283,1064.0,181.14285714285714
SV013,R,24,3,0,1,1,2,Response,2138.3,2138.3,1704.5,1704.5,661.0,661.0,56.0,5.45,6.5,182.5,224.0,46.0
SV013,R,25,3,2,0,0,2,Response,,,,,,,,,,,,
SV013,R,26,2,0,0,1,2,Response,,,,,,,,0.7,0.7,912.0,912.0,256.0
SV013,R,27,3,0,1,1,2,Response,2944.3333333333335,3124.9,1908.4333333333332,2361.7,330.3333333333333,622.0,72.0,8.575,16.6,299.75,503.0,156.0
SV013,R,28,2,3,1,0,2,Response,1281.325,1928.3,1173.875,1236.3,789.75,820.0,621.0,5.88,8.3,482.8,903.0,122.4
SV013,R,29,3,0,0,1,2,Response,2085.3,2085.3,1384.6,1384.6,688.0,688.0,416.0,7.2,8.4,459.0,748.0,190.0
SV013,R,30,3,0,1,1,2,Response,2889.09375,3270.0,2008.225,2657.0,338.375,673.0,151.0,3.6294117647058823,12.3,244.23529411764707,798.0,89.41176470588235
SV013,R,31,2,2,0,1,2,Response,2992.3900000000003,3270.0,2011.9,2634.5,350.5,672.0,106.8,4.263636363636364,9.9,267.1818181818182,599.0,57.09090909090909
SV013,R,32,2,0,1,1,2,Response,2301.68,2606.3,1365.06,1701.2,577.0,719.0,511.2,2.7000000000000006,8.4,169.66666666666666,472.0,75.33333333333333
SV013,R,33,3,2,1,1,2,Response,2164.0,2164.0,2078.7,2078.7,360.0,360.0,28.0,8.6,10.1,244.0,258.0,50.0
SV013,R,34,3,3,1,1,2,Response,2924.1,3270.0,1941.242857142857,2488.6,353.7142857142857,650.0,216.57142857142858,3.925,9.2,241.75,546.0,90.5
SV013,R,35,2,3,0,1,3,Response,2602.8,3268.5,1593.9846153846154,2399.9,482.0,768.0,425.2307692307692,3.314285714285714,18.0,266.57142857142856,852.0,136.28571428571428
SV013,R,36,2,0,0,0,2,Response,,,,,,,,,,,,
SV013,R,37,2,2,1,0,2,Response,1368.775,1984.9,1163.45,1202.4,604.75,702.0,588.0,4.48,8.4,421.8,840.0,135.2
SV013,R,38,2,3,0,1,3,Response,2846.25,2999.6,1694.65,1996.6,314.0,408.0,122.0,7.8999999999999995,14.0,317.3333333333333,585.0,120.0
SV013,R,39,2,3,0,0,3,Response,,,,,,,,1.0,1.0,601.0,601.0,264.0
SV013,R,40,3,2,0,1,2,Response,2305.8,2623.7,994.75,1083.2,835.5,877.0,598.0,4.166666666666667,6.4,807.6666666666666,1189.0,145.33333333333334
SV013,R,41,3,2,1,0,2,Response,1359.2,1912.1,1167.4,1246.4,802.6666666666666,884.0,454.6666666666667,4.1,8.8,367.5,1163.0,94.0
SV013,R,42,2,3,1,1,2,Response,2766.2599999999998,3171.4,1753.0700000000002,2323.9,521.7,787.0,367.6,5.9,16.7,501.1818181818182,1168.0,130.9090909090909
SV013,R,43,3,0,1,1,2,Response,2543.5,3143.3,1497.1666666666667,2138.6,453.3333333333333,709.0,190.66666666666666,4.242857142857143,11.9,403.0,838.0,166.85714285714286
SV013,R,44,3,3,0,1,3,Response,3013.3571428571427,3107.6,2217.042857142857,2594.8,273.5,521.0,93.42857142857143,2.9133333333333336,19.1,244.26666666666668,772.0,88.8
SV013,R,45,3,2,1,1,2,Response,2811.05,3008.6,1820.95,2321.8,537.5,748.0,88.0,10.633333333333333,15.2,336.3333333333333,594.0,188.0
SV013,R,46,3,2,0,0,2,Response,,,,,,,,,,,,
SV013,R,47,2,3,0,1,3,Response,2779.722222222222,3056.6,1889.9777777777776,2326.9,369.8888888888889,822.0,231.11111111111111,6.58,15.9,280.4,605.0,103.2
SV013,R,48,3,0,0,1,3,Response,2491.3,3012.3,1700.35,2359.6,309.5,517.0,295.0,6.88,14.5,278.6,601.0,96.8
SV013,R,49,3,3,1,0,3,Response,1561.6499999999999,2027.1,1087.05,1310.9,711.5,820.0,494.0,3.542857142857143,9.5,249.71428571428572,995.0,55.42857142857143
SV013,R,50,2,2,1,0,2,Response,1402.3999999999999,1905.1,1142.3999999999999,1193.6,632.0,728.0,425.3333333333333,3.95,7.3,437.25,1442.0,100.0
SV013,R,51,3,0,1,0,3,Response,700.2,700.2,1177.7,1177.7,572.0,572.0,852.0,9.45,9.5,204.5,257.0,70.0
SV013,R,52,3,0,0,0,3,Response,1753.1,1753.1,996.7,996.7,563.0,563.0,1172.0,1.5,2.2,476.0,884.0,616.0
SV013,R,53,2,3,0,1,3,Response,2662.4,3177.8,1788.3071428571427,2511.0,379.64285714285717,729.0,163.14285714285714,5.466666666666667,15.2,229.86666666666667,490.0,81.86666666666666
SV013,R,54,3,0,1,0,3,Response,1889.209090909091,2071.5,1467.8,1815.8,508.27272727272725,702.0,209.45454545454547,2.5916666666666663,8.1,340.75,1521.0,96.66666666666667
SV013,R,55,3,3,1,0,3,Response,1963.3799999999999,2037.7,1625.76,1852.7,289.0,447.0,280.8,2.98,6.5,846.0,2855.0,103.2
SV013,R,56,2,2,0,0,2,Response,,,,,,,,2.2,2.2,967.0,967.0,1040.0
SV013,R,57,3,0,1,0,2,Response,,,,,,,,1.9,1.9,128.0,128.0,20.0
SV013,R,58,3,3,0,1,3,Response,1963.3000000000002,2029.7,1573.8000000000002,1906.4,348.0,388.0,1382.0,3.533333333333333,6.5,513.3333333333334,1120.0,129.33333333333334
SV013,R,59,3,3,0,0,3,Response,1644.39,1994.4,1239.1799999999998,1614.2,461.5,614.0,361.2,2.6999999999999997,7.6,475.3636363636364,1439.0,167.27272727272728
SV013,R,60,3,3,1,1,3,Response,2212.9666666666667,2528.9,1215.3,1434.6,626.3333333333334,744.0,246.66666666666666,2.875,6.5,255.5,698.0,106.0
SV013,R,61,3,3,1,1,3,Response,2635.516666666667,2965.3,2085.9333333333334,2702.3,254.0,406.0,717.3333333333334,5.571428571428571,13.0,405.57142857142856,1463.0,229.71428571428572
SV013,R,62,3,0,0,1,2,Response,2680.75,3188.0,1863.0722222222223,2538.2,283.44444444444446,434.0,100.0,4.557894736842105,14.3,248.57894736842104,892.0,114.94736842105263
SV013,R,63,2,2,1,0,2,Response,2072.85,2126.2,1685.8875,1936.0,464.25,548.0,171.0,2.177777777777778,5.9,217.22222222222223,872.0,41.77777777777778
SV013,R,64,2,3,1,0,3,Response,1845.4727272727273,2038.2,1493.8181818181818,1817.1,429.09090909090907,589.0,335.6363636363636,1.3166666666666667,4.2,232.41666666666666,1546.0,38.666666666666664
SV013,R,65,2,3,0,1,3,Response,2556.8,2949.7,1559.3444444444444,2555.9,373.55555555555554,583.0,426.22222222222223,5.97,16.4,323.8,1154.0,68.0
SV013,R,66,2,2,0,1,2,Response,2095.828571428571,2613.9,1613.8857142857144,1899.8,385.2857142857143,519.0,269.14285714285717,3.2125,9.1,207.25,533.0,100.5
SV013,R,67,2,0,0,1,2,Response,1851.4666666666665,1900.5,1257.6333333333332,1572.1,311.3333333333333,350.0,558.6666666666666,1.525,3.3,140.5,221.0,48.0
SV013,R,68,3,0,0,0,3,Response,2357.8933333333334,2987.5,1896.0133333333333,2726.1,136.4,239.0,86.13333333333334,2.0133333333333336,18.3,219.86666666666667,1166.0,192.0
SV013,R,69,2,3,0,0,3,Response,1853.775,2111.4,1696.225,2021.0,484.5,653.0,803.0,2.9,6.5,253.6,785.0,92.0
SV013,R,70,3,0,0,0,3,Response,,,,,,,,2.2,2.2,987.0,987.0,1088.0
SV013,R,71,3,2,0,0,2,Response,1994.7333333333333,2027.5,1924.9333333333334,2065.4,325.0,393.0,380.0,0.7666666666666666,1.1,122.0,157.0,24.0
SV013,R,72,2,2,0,0,2,Response,1811.3999999999999,2059.1,1830.4833333333333,2176.1,342.0,501.0,138.66666666666666,6.542857142857143,20.3,284.7142857142857,948.0,85.71428571428571
SV013,R,73,3,2,1,1,2,Response,2219.975,2592.0,1799.1499999999999,2381.7,422.0833333333333,551.0,115.33333333333333,3.3230769230769233,13.7,222.92307692307693,931.0,59.07692307692308
SV013,R,74,2,3,0,1,3,Response,2511.9555555555553,2738.9,1730.3777777777777,2129.4,270.55555555555554,439.0,136.0,5.529999999999999,15.6,230.6,620.0,77.6
SV013,R,75,2,3,1,1,2,Response,2067.82,2455.4,1444.78,1751.0,361.8,437.0,386.4,2.6,6.1,306.1666666666667,724.0,142.0
SV013,R,76,2,2,1,0,2,Response,1476.84,1980.8,1313.3,1541.6,382.2,454.0,399.2,5.483333333333333,15.3,607.0,1522.0,326.6666666666667
SV013,R,77,3,2,0,1,2,Response,2222.8777777777777,2766.8,1780.461111111111,2836.8,327.3333333333333,482.0,133.11111111111111,3.2444444444444445,14.2,286.3888888888889,826.0,91.55555555555556
SV013,R,78,3,3,0,0,3,Response,1994.7666666666669,2496.4,1881.3222222222223,2736.0,287.44444444444446,374.0,165.77777777777777,2.17,7.9,180.9,481.0,27.2
SV013,R,79,3,2,1,0,2,Response,1198.45,1838.8,1221.4499999999998,1383.6,362.5,510.0,156.0,11.166666666666666,20.9,576.0,959.0,528.0
SV013,R,80,3,0,1,0,3,Response,832.9000000000001,1054.7,1156.5,1197.4,536.5,585.0,314.0,7.166666666666667,10.5,896.0,1422.0,329.3333333333333
SV013,R,81,3,2,1,0,2,Response,,,,,,,,,,,,
SV013,R,82,2,0,0,0,2,Response,,,,,,,,,,,,
SV013,R,83,2,2,1,1,2,Response,2151.6833333333334,2536.2,1454.4666666666665,1844.9,534.5,714.0,242.0,1.4166666666666667,4.7,256.5,794.0,130.66666666666666
SV013,R,84,3,0,0,0,2,Response,1942.55,1956.3,1864.45,2025.5,260.0,317.0,338.0,2.4,3.9,107.5,148.0,72.0
SV013,R,85,2,0,1,0,2,Response,1660.675,2335.0,1731.725,1968.1,245.75,377.0,72.0,5.68,16.2,369.6,851.0,429.6
SV013,R,86,3,0,1,1,1,Response,2232.0,2739.7,1738.6142857142856,2096.8,271.57142857142856,346.0,70.85714285714286,3.95,8.4,258.0,425.0,80.0
SV013,R,87,2,0,0,1,3,Response,2285.9210526315787,2950.4,1727.542105263158,2645.4,279.42105263157896,430.0,152.42105263157896,5.0,17.6,221.45,859.0,100.4
SV013,R,88,2,0,1,0,2,Response,780.8399999999999,2539.4,2027.69,2648.7,141.6,415.0,104.4,5.9799999999999995,18.9,324.1,922.0,240.8
SV013,R,89,3,0,1,0,3,Response,1353.711111111111,2462.3,2133.4444444444443,2488.3,186.0,306.0,255.11111111111111,5.677777777777778,16.8,524.4444444444445,1853.0,213.33333333333334
SV013,R,90,3,2,1,1,2,Response,2410.7,2616.8,1446.825,1524.4,542.0,644.0,439.0,3.5,5.3,148.4,206.0,32.0
SV013,R,91,2,3,1,0,3,Response,,,,,,,,0.5,0.5,64.0,64.0,12.0
SV013,R,92,3,0,0,1,2,Response,2250.4142857142856,2691.5,1825.709523809524,2542.3,314.8095238095238,434.0,92.95238095238095,2.4666666666666663,11.5,205.1904761904762,578.0,42.476190476190474
SV013,R,93,3,0,0,1,2,Response,2445.15,2691.3,1613.8999999999999,2297.2,257.1666666666667,408.0,196.0,7.914285714285714,15.0,392.0,741.0,130.28571428571428
SV013,R,94,3,3,1,1,2,Response,2420.54,2682.4,2233.6400000000003,2802.4,252.6,313.0,94.4,3.972727272727273,12.3,236.36363636363637,486.0,87.63636363636364
SV013,R,95,3,0,1,0,3,Response,1478.3411764705882,2681.0,1614.6117647058825,2511.7,207.1764705882353,435.0,175.52941176470588,5.352941176470588,16.6,302.5882352941176,1149.0,272.47058823529414
SV013,R,96,2,2,1,0,2,Response,963.575,1853.5,1250.75,1477.4,462.5,473.0,473.0,4.32,10.6,647.8,1627.0,194.4
SV013,R,97,2,3,1,1,2,Response,2240.17,2675.7,1889.9900000000002,2652.5,314.1,364.0,146.4,3.75,16.9,221.0,355.0,78.4
SV013,R,98,3,3,1,1,2,Response,2311.8375,2744.9,1905.8374999999999,2699.6,274.75,333.0,85.5,4.2555555555555555,10.5,217.77777777777777,359.0,106.22222222222223
SV013,R,99,2,0,1,1,1,Response,2252.342857142857,2678.0,1748.3714285714286,2479.6,171.42857142857142,297.0,137.14285714285714,3.1125000000000003,10.0,238.375,649.0,93.5
SV013,R,100,2,2,0,0,1,Response,1524.6,1620.5,1300.2,1438.0,403.0,532.0,248.0,5.8,13.6,645.0,1702.0,701.3333333333334
SV013,R,101,3,0,1,1,2,Response,2505.0333333333333,2637.6,1809.6333333333334,2366.6,403.3333333333333,477.0,137.77777777777777,2.84,9.0,271.2,516.0,118.0
SV013,R,102,3,2,0,1,2,Response,2414.2000000000003,2683.1,1381.9666666666665,1548.7,576.0,605.0,653.3333333333334,7.675,7.8,319.0,664.0,97.0
SV013,R,103,3,2,0,0,2,Response,1937.1599999999999,2012.7,1565.8400000000001,1680.7,326.0,560.0,289.6,2.6166666666666667,11.5,218.5,854.0,143.33333333333334
SV013,R,104,3,0,1,1,2,Response,2436.588888888889,2999.2,2069.233333333333,2903.5,179.33333333333334,276.0,145.33333333333334,3.7333333333333334,12.1,257.77777777777777,481.0,105.77777777777777
SV013,R,105,2,2,1,1,2,Response,2404.35,2556.3,1970.6000000000001,2302.9,322.9166666666667,406.0,63.333333333333336,4.008333333333334,12.9,264.6666666666667,507.0,51.666666666666664
SV013,R,106,3,2,0,0,2,Response,1919.5666666666666,1963.7,1499.4166666666667,1627.1,317.5,370.0,276.6666666666667,1.7,6.0,199.85714285714286,766.0,76.0
SV013,R,107,3,0,0,0,3,Response,1932.575,2014.7,1546.55,1791.5,333.25,363.0,530.0,2.2199999999999998,7.6,269.2,890.0,100.8
SV013,R,108,2,2,0,0,2,Response,2297.7999999999997,2607.0,1677.8333333333333,1958.9,109.33333333333333,197.0,169.33333333333334,6.75,11.8,879.0,1568.0,514.0
SV013,R,109,3,0,1,0,2,Response,1149.35,1791.8,1308.95,1674.1,441.75,594.0,543.0,4.4,8.7,241.5,421.0,71.0
SV013,R,110,3,2,1,0,2,Response,1533.6375,1891.1,1556.6625,1716.4,334.125,426.0,204.5,2.5222222222222226,15.3,146.11111111111111,485.0,168.0
SV013,R,111,2,2,1,1,2,Response,2570.828571428571,2927.9,1789.9857142857143,2579.3,204.42857142857142,298.0,254.28571428571428,4.925,10.9,232.75,419.0,263.0
SV013,R,112,3,2,0,0,2,Response,824.5799999999999,2610.2,1940.8,2584.9,109.0,269.0,98.4,10.9,21.2,510.5,1416.0,548.6666666666666
SV013,R,113,2,3,0,0,2,Response,1291.65,1419.3,1080.775,1195.3,500.5,550.0,337.0,2.08,4.9,295.2,1098.0,92.8
SV013,R,114,2,2,0,1,2,Response,2608.0666666666666,2905.6,2007.111111111111,2886.7,392.3333333333333,439.0,217.77777777777777,4.279999999999999,17.4,244.2,647.0,99.6
SV013,R,115,3,3,1,0,2,Response,1070.5,1549.4,1323.3714285714286,1648.4,316.42857142857144,364.0,243.42857142857142,2.814285714285714,4.4,238.85714285714286,494.0,421.14285714285717
SV013,R,116,2,3,0,0,3,Response,1319.4222222222222,1874.1,1698.1333333333334,2628.2,499.8888888888889,641.0,977.7777777777778,3.29,15.0,216.7,714.0,68.0
SV013,R,117,3,3,0,1,3,Response,,,,,,,,2.0,2.0,613.0,613.0,200.0
SV013,R,118,3,0,0,0,3,Response,2195.7714285714287,2732.6,1671.1000000000001,2071.7,129.71428571428572,288.0,166.85714285714286,1.3,1.7,77.75,224.0,203.5
SV013,R,119,2,2,1,0,2,Response,2326.2,2721.8,1845.4,2571.6,291.0,524.0,248.0,12.533333333333333,20.1,482.6666666666667,693.0,58.666666666666664
SV013,R,120,3,3,1,0,2,Response,1096.0333333333335,1875.4,1081.0666666666666,1107.1,786.6666666666666,871.0,833.3333333333334,6.725,10.6,768.5,1346.0,522.0
SV013,R,121,2,2,1,0,2,Response,1029.0,1209.6,1024.9,1034.5,754.0,833.0,358.0,6.466666666666666,8.3,676.0,943.0,282.6666666666667
SV013,R,122,2,2,1,1,1,Response,2632.3,2632.3,1706.7,1706.7,404.0,404.0,116.0,6.550000000000001,7.2,455.0,558.0,246.0
SV013,R,123,3,0,1,0,3,Response,,,,,,,,,,,,
SV013,R,124,3,0,0,0,3,Response,1549.1000000000001,1855.6,1138.8999999999999,1214.6,446.0,523.0,792.0,3.1,8.0,458.25,860.0,150.0
SV013,R,125,3,3,1,1,2,Response,2312.733333333333,2427.7,1250.0666666666666,1338.6,439.6666666666667,590.0,373.3333333333333,2.7,3.7,229.0,609.0,115.0
SV013,R,126,2,0,0,1,2,Response,2295.9666666666667,2571.2,1188.3666666666666,1313.6,675.3333333333334,699.0,194.66666666666666,2.625,6.2,238.25,696.0,68.0
SV013,R,127,3,2,1,1,2,Response,2465.4333333333334,2534.1,1336.1000000000001,1416.3,496.0,605.0,393.3333333333333,1.8999999999999997,4.3,356.3333333333333,865.0,94.66666666666667
SV013,R,128,2,2,0,1,2,Response,2421.075,2610.8,1333.525,1507.6,445.0,550.0,294.0,4.42,6.6,243.0,694.0,101.6
SV013,R,129,2,3,0,1,3,Response,2371.2999999999997,2674.3,1554.1499999999999,1814.8,484.1666666666667,587.0,277.3333333333333,3.4285714285714284,7.9,211.28571428571428,530.0,84.0
SV013,R,130,3,3,0,0,3,Response,707.1999999999999,1070.0,1975.7333333333333,2784.4,227.33333333333334,394.0,293.3333333333333,12.725000000000001,21.8,615.25,1718.0,74.0
SV013,R,131,3,2,1,0,2,Response,1228.2125,1806.4,1408.825,1987.0,438.875,540.0,223.0,3.0,8.9,118.11111111111111,212.0,30.22222222222222
SV013,R,132,3,3,1,0,3,Response,1107.25,1357.1,1276.85,1472.4,260.5,359.0,122.0,6.866666666666667,12.6,271.3333333333333,566.0,482.6666666666667
SV013,R,133,3,3,1,1,2,Response,2465.641176470588,2760.5,1946.4,2703.6,357.94117647058823,440.0,127.29411764705883,2.5999999999999996,9.8,186.66666666666666,650.0,81.55555555555556
SV013,R,134,2,2,0,0,2,Response,2008.1833333333334,2336.1,1824.8,2278.0,278.3333333333333,479.0,83.33333333333333,2.4285714285714284,9.0,118.71428571428571,409.0,234.85714285714286
SV013,R,135,2,3,1,0,2,Response,1164.9499999999998,1369.6,1405.45,1562.5,352.0,361.0,100.0,2.6666666666666665,3.9,218.0,388.0,882.6666666666666
SV013,R,136,3,3,1,0,3,Response,1014.55,1069.5,1042.25,1081.5,628.0,651.0,760.0,5.166666666666667,7.4,681.3333333333334,1039.0,201.33333333333334
SV013,R,137,2,3,0,0,3,Response,1986.8,1986.8,1370.9,1370.9,593.0,593.0,24.0,1.25,1.6,117.5,118.0,16.0
SV013,R,138,3,3,0,0,3,Response,,,,,,,,,,,,
SV013,R,139,3,0,0,1,2,Response,2210.82,2543.9,1398.94,1624.5,416.2,512.0,301.6,2.8666666666666667,6.0,210.33333333333334,635.0,66.0
SV013,R,140,2,0,0,1,2,Response,2460.088888888889,2710.7,1467.0111111111112,2229.8,557.3333333333334,890.0,433.3333333333333,3.4899999999999998,10.7,286.9,984.0,146.8
SV013,R,141,2,3,1,0,2,Response,979.8,979.8,1053.9,1053.9,743.0,743.0,456.0,6.6000000000000005,8.3,455.0,775.0,1156.0
SV013,R,142,3,0,1,1,2,Response,2527.2,2591.1,1243.4499999999998,1280.3,709.0,713.0,228.0,3.8666666666666667,6.7,373.6666666666667,907.0,109.33333333333333
SV013,R,143,3,0,1,0,2,Response,1301.5666666666666,1839.5,1110.7,1155.4,749.6666666666666,783.0,641.3333333333334,7.075,9.6,441.75,1138.0,131.0
SV013,R,144,2,3,1,0,2,Response,,,,,,,,7.4,7.4,1223.0,1223.0,476.0
SV013,R,145,2,0,1,0,2,Response,1453.1666666666667,1838.2,1150.8333333333333,1197.0,462.6666666666667,569.0,621.3333333333334,4.2,9.8,287.75,880.0,73.0
SV013,R,146,3,0,0,1,2,Response,2212.133333333333,2640.0,1189.4333333333334,1261.8,687.6666666666666,831.0,169.33333333333334,3.3,8.2,266.25,791.0,85.0
SV013,R,147,3,2,0,0,2,Response,1848.6,1848.6,1263.1,1263.1,338.0,338.0,72.0,5.7,8.3,498.0,890.0,622.0
SV013,R,148,3,3,1,1,2,Response,2438.2599999999998,2534.0,1780.64,2082.8,260.2,332.0,171.2,3.72,11.3,257.8,421.0,328.0
SV013,R,149,2,2,1,0,2,Response,1300.975,1653.4,1089.425,1121.2,590.0,728.0,201.0,1.9400000000000002,3.1,296.0,1112.0,294.4
SV013,R,150,2,2,0,1,2,Response,2755.1076923076926,3076.5,1959.9692307692308,2510.8,218.3846153846154,362.0,170.15384615384616,3.2714285714285714,13.2,202.85714285714286,488.0,70.57142857142857
SV013,R,151,3,3,1,0,3,Response,853.2666666666668,1242.8,1748.4583333333333,2188.5,307.9166666666667,430.0,131.33333333333334,2.4461538461538463,7.1,214.3846153846154,503.0,120.92307692307692
SV013,R,152,3,3,0,0,3,Response,1277.625,1892.0,1055.175,1081.7,694.5,833.0,802.0,3.3200000000000003,6.7,588.0,1367.0,113.6
SV013,R,153,2,0,0,0,2,Response,1432.5,1840.6,1147.2,1172.4,763.1666666666666,848.0,350.6666666666667,3.457142857142857,7.0,417.0,1098.0,110.85714285714286
SV013,R,154,3,2,0,0,2,Response,1174.1999999999998,1179.1,1141.8,1174.0,717.5,780.0,720.0,5.2,7.6,589.0,1002.0,185.33333333333334
SV013,R,155,2,0,1,0,2,Response,1757.0,1757.0,1138.8,1138.8,734.0,734.0,776.0,1.85,3.0,563.0,1069.0,132.0
SV013,R,156,3,0,1,1,1,Response,2827.4,3004.4,1862.72,2130.1,332.4,630.0,113.6,2.3600000000000003,8.0,112.0,167.0,36.8
SV013,R,157,3,2,1,0,2,Response,955.45,956.9,1161.2,1189.7,606.5,645.0,332.0,5.066666666666666,8.1,455.3333333333333,976.0,310.6666666666667
SV013,R,158,3,2,0,1,2,Response,2694.7200000000003,2872.9,1511.3799999999999,1901.1,400.6,659.0,177.6,2.42,5.3,214.2,405.0,152.8
SV013,R,159,3,3,1,0,3,Response,1239.0,1854.9,1441.675,1644.9,359.5,408.0,357.0,2.62,8.4,256.6,711.0,85.6
SV013,R,160,2,3,0,1,3,Response,2379.95,2670.4,1243.7,1289.9,673.0,727.0,476.0,3.5799999999999996,4.6,333.4,1148.0,80.0
SV013,R,161,3,2,0,1,2,Response,2477.44,2664.3,1426.2,1570.6,686.8,827.0,407.2,2.433333333333333,6.2,560.6666666666666,1222.0,306.6666666666667
SV013,R,162,3,3,0,1,3,Response,2668.6,3008.0,1549.52,2195.6,578.0,695.0,705.6,4.183333333333334,13.6,397.6666666666667,1108.0,104.66666666666667
SV013,R,163,2,3,0,0,3,Response,1043.0333333333333,1052.0,1147.9333333333334,1191.8,627.3333333333334,650.0,702.6666666666666,3.06,6.4,243.4,779.0,193.6
SV013,R,164,2,2,0,1,2,Response,2870.55,3086.8,1683.225,2016.6,250.0,358.0,130.5,3.1625,8.4,228.0,732.0,146.0
SV013,R,165,2,2,1,1,2,Response,2896.990909090909,3114.2,1903.0181818181818,2304.4,329.40909090909093,709.0,111.0909090909091,2.6083333333333334,10.2,267.8333333333333,1113.0,164.33333333333334
SV013,R,166,2,3,1,1,3,Response,2856.4125,3032.1,1843.025,2281.0,278.625,728.0,246.0,3.033333333333333,11.4,186.0,605.0,43.55555555555556
SV013,R,167,2,0,1,1,2,Response,2880.3,3056.2,2122.0,2862.7,135.69230769230768,198.0,232.30769230769232,3.1133333333333337,9.8,190.46666666666667,483.0,206.4
SV013,R,168,2,0,0,1,2,Response,2429.457142857143,2587.9,1383.6857142857145,1562.9,616.1428571428571,713.0,293.14285714285717,2.0555555555555554,6.6,204.44444444444446,894.0,104.44444444444444
SV013,R,169,3,2,0,1,2,Response,2623.55,2650.0,1381.5500000000002,1438.7,752.75,800.0,844.0,1.6833333333333333,5.6,347.6666666666667,1044.0,86.66666666666667
SV013,R,170,2,0,0,0,2,Response,1350.25,1859.1,1239.225,1346.1,568.75,631.0,239.0,2.8,7.3,542.8,1553.0,552.8
SV013,R,171,2,0,1,1,2,Response,2651.942857142857,2862.9,1652.1714285714286,1843.5,341.85714285714283,529.0,104.57142857142857,1.425,3.6,185.625,565.0,97.5
SV013,R,172,2,0,0,1,2,Response,2416.0,2592.4,1400.4,1535.8,500.2,597.0,460.0,2.057142857142857,6.3,199.71428571428572,742.0,73.14285714285714
SV013,R,173,2,0,1,1,2,Response,2521.3999999999996,2527.7,1372.85,1447.3,580.5,654.0,506.0,2.2,3.7,429.75,752.0,180.0
SV013,R,174,2,0,0,1,2,Response,2768.4444444444443,2973.6,2296.4333333333334,2618.3,249.11111111111111,684.0,140.66666666666666,2.763157894736842,16.6,219.73684210526315,758.0,92.84210526315789
SV013,R,175,3,3,0,0,3,Response,1020.55,1078.0,1161.4499999999998,1195.3,489.5,504.0,296.0,2.3000000000000003,4.0,368.3333333333333,883.0,354.6666666666667
SV013,R,176,3,3,0,0,3,Response,1072.775,1503.1,1114.6,1151.1,489.5,518.0,331.0,1.1666666666666667,1.9,237.5,1020.0,249.33333333333334
SV013,R,177,3,0,0,1,2,Response,2876.62,3015.9,1526.84,1932.8,270.6,613.0,97.6,1.7799999999999998,4.1,274.0,693.0,158.4
SV013,R,178,2,3,1,1,3,Response,2437.169230769231,3045.2,1498.5846153846153,1920.1,272.84615384615387,446.0,188.30769230769232,2.32,7.5,201.53333333333333,771.0,133.6
SV013,R,179,3,3,0,1,1,Response,2785.570588235294,2994.1,1945.5294117647059,2390.7,249.41176470588235,428.0,191.05882352941177,2.7823529411764705,15.3,208.0,698.0,105.41176470588235
SV013,R,180,2,2,0,0,2,Response,1410.4666666666665,1931.6,1082.75,1403.4,618.6666666666666,802.0,296.0,3.142857142857143,7.4,400.42857142857144,1367.0,96.0
SV013,R,181,2,0,0,1,2,Response,2756.6099999999997,3133.3,1931.08,2632.6,285.6,608.0,162.8,3.5454545454545454,12.9,299.8181818181818,753.0,90.18181818181819
SV013,R,182,2,0,1,0,2,Response,1325.9285714285713,1744.1,1216.542857142857,1536.2,342.85714285714283,472.0,177.71428571428572,5.477777777777778,19.0,447.55555555555554,1273.0,210.66666666666666
SV013,R,183,2,2,0,1,2,Response,2637.157894736842,2869.6,1796.421052631579,2770.4,164.73684210526315,349.0,117.89473684210526,5.163157894736842,10.5,402.89473684210526,1151.0,88.42105263157895
SV013,R,184,2,3,1,0,3,Response,446.3833333333334,1123.1,1959.8333333333333,2608.6,203.33333333333334,524.0,354.0,5.4,19.2,441.375,1552.0,143.0
SV013,R,185,2,2,1,1,2,Response,2564.6499999999996,2631.2,1242.0500000000002,1296.7,896.5,928.0,302.0,4.266666666666667,7.0,404.6666666666667,961.0,140.0
SV013,R,186,2,0,0,1,0,Response,2670.4166666666665,2853.2,1202.05,1344.0,230.5,282.0,182.0,3.7125000000000004,6.4,250.25,552.0,83.0
SV013,R,187,2,0,0,0,2,Response,1025.0,1121.7,1160.8,1301.2,359.75,414.0,674.0,2.25,4.6,420.3333333333333,1250.0,170.0
SV013,R,188,3,3,0,1,3,Response,2905.933333333333,3065.7,1896.3666666666668,2144.1,216.25,699.0,165.66666666666666,2.715384615384615,9.1,211.46153846153845,616.0,132.92307692307693
SV013,R,189,2,0,1,0,2,Response,953.0166666666668,2027.8,1730.4166666666667,2157.4,217.0,381.0,279.3333333333333,2.5076923076923077,16.4,358.0,2788.0,128.6153846153846
SV013,R,190,3,3,0,1,2,Response,2760.0750000000003,3270.0,2010.6000000000001,2512.9,168.41666666666666,323.0,204.33333333333334,4.94375,15.6,185.6875,394.0,110.75
SV013,R,191,3,2,1,1,2,Response,2506.423076923077,2888.4,1586.4384615384615,1900.5,251.30769230769232,286.0,48.92307692307692,2.007142857142857,9.9,187.35714285714286,351.0,127.42857142857143
SV013,R,192,2,0,1,1,1,Response,2694.2416666666663,2982.6,1598.4083333333335,2014.6,145.66666666666666,233.0,124.33333333333333,3.341666666666667,6.7,219.41666666666666,429.0,278.0
SV013,R,193,2,3,1,0,2,Response,954.6538461538462,1578.5,1815.4769230769232,2237.5,294.46153846153845,709.0,234.76923076923077,3.2533333333333334,10.6,201.8,448.0,158.4
SV013,R,194,3,2,1,0,2,Response,1310.72,1978.8,1406.3799999999999,1699.9,363.3,648.0,211.6,2.2,3.5,144.07692307692307,241.0,29.846153846153847
SV013,R,195,2,2,0,1,1,Response,2567.075,2696.1,1963.66875,2104.8,260.6875,349.0,91.0,1.8176470588235294,11.1,168.35294117647058,373.0,111.76470588235294
SV013,R,196,2,0,0,0,1,Response,1375.725,1784.6,980.35,1049.6,508.75,704.0,504.0,2.9,5.9,312.0,1427.0,54.285714285714285
SV013,R,197,2,3,1,1,2,Response,2428.8533333333335,2791.6,1631.5800000000002,2282.3,334.46666666666664,409.0,83.73333333333333,3.033333333333333,8.7,201.4,506.0,184.26666666666668
SV013,R,198,3,3,0,0,3,Response,1082.9428571428573,1181.9,1068.4571428571428,1267.7,854.7142857142857,894.0,680.5714285714286,2.4714285714285715,7.7,487.2857142857143,1083.0,216.0
SV013,R,199,3,2,1,0,2,Response,1172.725,1685.5,1115.6,1191.2,626.25,789.0,486.0,1.6199999999999999,4.6,331.4,1172.0,225.6
SV013,R,200,2,0,1,0,2,Response,804.6999999999999,1073.1,1113.4,1116.9,539.0,565.0,417.3333333333333,3.72,6.6,583.4,1288.0,228.0
SV013,R,201,2,2,0,0,2,Response,1348.4,1694.2,1010.05,1023.8,534.5,611.0,784.0,1.5,3.4,382.8,973.0,380.8
SV013,R,202,3,0,1,0,2,Response,1214.7125,1577.0,1308.6,1448.0,698.625,778.0,522.5,2.3363636363636364,4.6,265.09090909090907,1058.0,106.54545454545455
SV013,R,203,3,2,0,1,2,Response,2408.62,2634.7,1278.6399999999999,1382.7,688.8,774.0,463.2,2.4499999999999997,6.8,257.8333333333333,997.0,140.0
SV013,R,204,2,3,1,1,3,Response,2649.866666666667,2896.7,1588.3166666666666,2021.1,375.5,687.0,236.0,3.4285714285714284,14.7,320.57142857142856,807.0,190.85714285714286
SV013,R,205,2,2,0,0,2,Response,1040.8,1190.1,1102.7,1153.6,630.0,711.0,414.4,2.566666666666667,7.2,255.66666666666666,950.0,84.0
SV013,R,206,2,0,1,0,2,Response,1373.3,1694.1,1047.8,1093.7,536.0,599.0,350.0,2.466666666666667,5.5,461.6666666666667,1146.0,342.6666666666667
SV013,R,207,2,2,0,1,2,Response,2813.291304347826,3038.4,1905.7826086956522,2293.0,320.2608695652174,636.0,233.7391304347826,3.2291666666666665,12.9,242.45833333333334,887.0,89.16666666666667
SV013,R,208,3,2,1,0,2,Response,781.9714285714286,962.0,1108.1714285714286,1140.0,672.1428571428571,702.0,273.14285714285717,2.76,6.8,445.5,1205.0,100.0
SV013,R,209,2,2,1,1,2,Response,2662.304761904762,3270.0,1840.8142857142857,2673.8,416.8095238095238,716.0,203.04761904761904,3.6727272727272724,16.0,249.04545454545453,647.0,161.27272727272728
SV013,R,210,3,3,1,1,3,Response,2521.077777777778,2698.0,1351.177777777778,1389.2,773.5555555555555,837.0,442.22222222222223,1.9181818181818182,5.2,263.27272727272725,1029.0,66.9090909090909
SV013,R,211,2,3,0,0,3,Response,1213.2,1871.2,1264.7714285714285,1353.5,837.0,968.0,891.4285714285714,4.188888888888889,8.6,728.0,2054.0,184.88888888888889
SV013,R,212,3,2,1,1,2,Response,2820.58,3082.7,2183.4733333333334,2987.5,440.46666666666664,720.0,263.46666666666664,4.7176470588235295,17.0,344.4117647058824,1214.0,62.588235294117645
SV013,R,213,3,3,1,0,3,Response,1114.46,1176.6,1239.54,1604.5,729.6,827.0,479.2,2.8833333333333333,6.7,294.3333333333333,1159.0,340.0
SV013,R,214,2,2,0,1,2,Response,2420.2714285714287,2595.1,1352.7142857142858,1431.0,652.2857142857143,808.0,583.4285714285714,2.022222222222222,5.2,263.1111111111111,833.0,107.55555555555556
SV013,R,215,3,2,1,1,2,Response,2241.6,2328.2,1244.625,1261.9,521.25,588.0,185.0,1.02,1.8,239.4,868.0,163.2
SV013,R,216,3,3,1,1,3,Response,2480.9,2480.9,1378.4,1378.4,476.0,476.0,1464.0,1.8499999999999999,2.8,337.0,594.0,126.0
SV013,R,217,3,3,0,0,3,Response,1301.2666666666667,1927.8,1084.2666666666667,1132.6,540.3333333333334,588.0,325.3333333333333,2.2750000000000004,7.2,226.0,629.0,206.0
SV013,R,218,2,3,0,0,2,Response,1307.1000000000001,1666.2,1087.4666666666667,1164.6,585.6666666666666,696.0,722.6666666666666,1.75,3.3,254.0,689.0,164.0
SV013,R,219,2,3,0,0,2,Response,1116.3999999999999,1168.5,1427.4666666666665,1548.0,686.0,697.0,397.3333333333333,2.65,7.3,438.75,871.0,129.0
SV013,R,220,2,3,1,1,3,Response,2502.4,2569.3,1389.35,1414.2,637.5,699.0,592.0,2.1999999999999997,4.8,484.3333333333333,1204.0,93.33333333333333
SV013,R,221,2,0,1,0,2,Response,1295.3799999999999,1542.8,1171.2,1294.4,918.8,995.0,470.4,2.316666666666667,5.2,354.6666666666667,927.0,109.33333333333333
SV013,R,222,3,3,1,0,3,Response,1116.9333333333334,1231.6,1248.0333333333333,1296.1,788.0,917.0,656.0,2.525,6.6,122.0,221.0,24.0
SV013,R,223,3,2,0,0,2,Response,1017.4,1017.4,1276.4,1276.4,598.0,598.0,1340.0,3.1500000000000004,3.7,698.0,1283.0,268.0
SV013,R,224,2,3,1,0,2,Response,1110.525,1362.9,1186.425,1225.0,573.25,715.0,444.0,1.86,4.3,302.4,1169.0,80.0
SV013,R,225,3,2,0,1,2,Response,2641.84,2678.2,1381.7199999999998,1437.1,741.0,778.0,486.4,1.8333333333333333,6.3,487.3333333333333,1189.0,112.66666666666667
SV013,R,226,2,3,1,1,3,Response,2607.8,2712.2,1440.2,1455.9,600.0,629.0,207.0,0.78,1.1,280.2,1003.0,64.0
SV013,R,227,2,2,1,0,2,Response,862.1,862.1,1276.9,1276.9,554.0,554.0,848.0,5.25,9.3,650.5,1136.0,256.0
SV013,R,228,3,2,1,0,2,Response,,,,,,,,1.6,1.6,889.0,889.0,940.0
SV013,R,229,3,2,0,1,2,Response,2629.36,2866.8,1478.08,1830.1,452.8,528.0,404.8,3.3333333333333335,7.1,288.8333333333333,737.0,341.3333333333333
SV013,R,230,3,0,1,1,2,Response,2363.775,2463.3,1265.2,1384.2,701.25,760.0,545.0,1.8399999999999999,5.7,308.0,1167.0,125.6
SV013,R,231,2,3,1,1,2,Response,2415.95,2441.7,1282.4,1308.5,816.5,832.0,934.0,1.8666666666666665,3.4,422.3333333333333,1056.0,93.33333333333333
SV013,R,232,3,3,0,1,2,Response,2565.016666666667,2730.7,1390.8999999999999,1440.6,784.5,850.0,386.0,2.185714285714286,5.7,582.8571428571429,2455.0,120.57142857142857
SV013,R,233,2,0,1,1,2,Response,2465.1499999999996,2470.7,1401.75,1403.2,645.0,654.0,534.0,1.7,4.5,390.3333333333333,987.0,122.66666666666667
SV013,R,234,2,3,0,1,2,Response,2620.9333333333334,2699.9,1441.9666666666665,1538.4,664.3333333333334,755.0,720.0,2.625,6.0,335.5,965.0,77.0
SV013,R,235,2,2,1,1,2,Response,2533.0,2604.9,1483.5333333333335,1521.0,737.3333333333334,809.0,396.0,1.625,4.9,345.5,1080.0,98.0
SV013,R,236,2,3,0,1,2,Response,2564.6666666666665,2639.7,1457.3333333333333,1496.7,612.3333333333334,659.0,701.3333333333334,2.5333333333333337,5.4,410.3333333333333,653.0,160.0
SV013,R,237,2,2,0,0,2,Response,1237.54,1976.5,1431.6200000000001,1499.2,659.0,723.0,752.8,2.3833333333333333,6.7,272.1666666666667,1106.0,127.33333333333333
SV013,R,238,3,2,0,0,2,Response,1022.0,1095.6,1259.1999999999998,1262.3,537.0,600.0,814.0,3.1999999999999997,6.0,422.6666666666667,1024.0,126.66666666666667
SV013,R,239,3,0,0,0,2,Response,1013.8666666666667,1989.1,1779.6833333333334,3227.3,522.3333333333334,714.0,169.0,4.615384615384615,18.4,308.84615384615387,1046.0,91.38461538461539
SV013,R,240,2,0,0,0,2,Response,1227.6000000000001,1899.0,1260.8428571428572,1614.7,850.5714285714286,906.0,477.7142857142857,3.2,6.2,425.125,1058.0,116.0
SV013,R,241,3,2,1,0,2,Response,1909.425,2013.5,861.1500000000001,1156.0,664.0,683.0,190.0,2.02,3.6,719.4,1193.0,224.0
SV013,R,242,3,0,1,0,1,Response,2105.1,2105.1,1772.5,1772.5,541.0,541.0,36.0,4.65,7.9,376.0,633.0,162.0
SV013,R,243,2,3,1,0,3,Response,1942.3,1942.3,822.9,822.9,591.0,591.0,216.0,2.05,2.8,593.0,1088.0,168.0
SV013,R,244,3,3,1,1,3,Response,1958.5,1958.5,1058.8,1058.8,633.0,633.0,152.0,1.15,1.6,539.5,962.0,130.0
SV013,R,245,2,3,0,1,3,Response,,,,,,,,,,,,
SV013,R,246,2,2,1,1,2,Response,,,,,,,,0.8,0.8,99.0,99.0,12.0
SV013,R,247,2,0,0,0,0,Response,,,,,,,,2.2,2.2,816.0,816.0,252.0
SV013,R,248,3,3,0,1,3,Response,2125.9,2233.9,1078.05,1351.0,595.5,645.0,170.0,2.6,3.6,410.3333333333333,912.0,109.33333333333333
SV013,R,249,3,0,1,0,0,Response,,,,,,,,1.5,1.5,128.0,128.0,16.0
SV013,R,250,2,3,1,1,3,Response,2029.7,2029.7,954.0,954.0,681.0,681.0,136.0,0.8999999999999999,1.4,488.5,921.0,134.0
SV013,R,251,2,3,0,1,3,Response,,,,,,,,,,,,
SV013,R,252,2,0,0,0,0,Response,,,,,,,,,,,,
SV013,R,253,2,0,0,1,0,Response,2039.0,2039.0,1585.7,1585.7,589.0,589.0,32.0,2.9,5.0,119.5,141.0,30.0
SV013,R,254,2,0,1,0,0,Response,,,,,,,,,,,,
SV013,R,255,3,2,1,0,2,Response,2080.15,2112.6,1120.25,1205.9,536.5,541.0,26.0,1.1333333333333333,1.8,99.66666666666667,134.0,16.0
SV013,R,256,3,0,0,1,0,Response,,,,,,,,0.8,0.8,107.0,107.0,12.0
SV013,R,257,2,0,0,1,0,Response,,,,,,,,,,,,
SV013,R,258,2,0,1,0,0,Response,,,,,,,,,,,,
SV013,R,259,3,3,0,1,3,Response,2128.875,2395.1,1557.7,3270.0,758.0,788.0,249.0,11.02,25.1,271.4,460.0,183.2
SV013,R,260,3,0,0,0,0,Response,,,,,,,,,,,,
SV013,R,261,3,3,1,1,3,Response,2069.5,2069.5,1162.1,1162.1,555.0,555.0,24.0,1.15,1.8,93.5,125.0,16.0
SV013,R,262,2,3,0,1,3,Response,,,,,,,,,,,,
SV013,R,263,2,0,1,1,0,Response,,,,,,,,,,,,
SV013,R,264,3,2,0,1,2,Response,,,,,,,,2.2,2.2,930.0,930.0,216.0
SV013,R,265,2,3,1,0,3,Response,,,,,,,,2.8,2.8,811.0,811.0,232.0
SV013,R,266,2,0,1,1,0,Response,,,,,,,,,,,,
SV013,R,267,3,3,1,1,3,Response,,,,,,,,,,,,
SV013,R,268,3,2,0,0,2,Response,2000.9499999999998,2079.1,1522.9,1847.1,647.0,668.0,136.0,4.766666666666667,7.3,398.6666666666667,876.0,170.66666666666666
SV013,R,269,3,0,1,1,0,Response,,,,,,,,,,,,
SV013,R,270,2,0,0,0,0,Response,,,,,,,,,,,,
SV013,R,271,2,2,1,0,2,Response,,,,,,,,,,,,
SV013,R,272,2,2,1,1,2,Response,,,,,,,,,,,,
SV013,R,273,2,0,0,1,0,Response,,,,,,,,,,,,
SV013,R,274,3,2,0,0,2,Response,,,,,,,,,,,,
SV013,R,275,3,2,0,1,2,Response,,,,,,,,1.5,1.5,95.0,95.0,24.0
SV013,R,276,2,3,0,0,3,Response,,,,,,,,,,,,
SV013,R,277,3,3,1,1,3,Response,2036.3,2036.3,1811.8,1811.8,554.0,554.0,48.0,5.2,6.7,161.5,198.0,50.0
SV013,R,278,2,2,1,0,0,Response,,,,,,,,,,,,
SV013,R,279,2,2,0,1,2,Response,1867.3666666666668,1903.0,714.2333333333332,743.2,627.6666666666666,722.0,236.0,1.85,3.7,610.5,1251.0,122.0
SV013,R,280,2,3,0,0,3,Response,,,,,,,,1.3,1.3,1062.0,1062.0,216.0
SV013,R,281,2,3,1,0,3,Response,,,,,,,,,,,,
SV013,R,282,3,2,1,0,2,Response,,,,,,,,,,,,
SV013,R,283,2,3,0,0,3,Response,,,,,,,,,,,,
SV013,R,284,3,0,1,1,0,Response,,,,,,,,2.7,2.7,740.0,740.0,236.0
SV013,R,285,2,3,0,1,3,Response,,,,,,,,,,,,
SV013,R,286,3,2,0,0,2,Response,,,,,,,,1.2,1.2,80.0,80.0,24.0
SV013,R,287,2,2,0,0,2,Response,,,,,,,,,,,,
SV013,R,288,3,0,1,1,0,Response,1834.9,1834.9,1204.3,1204.3,515.0,515.0,28.0,1.0499999999999998,1.4,82.5,99.0,18.0
SV013,R,289,3,2,0,0,2,Response,,,,,,,,,,,,
SV013,R,290,2,0,1,1,0,Response,,,,,,,,,,,,
SV013,R,291,2,2,1,0,2,Response,1830.1,1830.1,953.1,953.1,512.0,512.0,832.0,,,,,
SV013,R,292,3,2,0,0,2,Response,,,,,,,,0.6,0.6,54.0,54.0,16.0
SV013,R,293,3,0,1,0,0,Response,,,,,,,,,,,,
SV013,R,294,3,3,1,1,3,Response,1916.3,1916.3,1031.2,1031.2,828.0,828.0,376.0,1.6,1.6,769.0,769.0,272.0
SV013,R,295,2,2,1,1,2,Response,,,,,,,,,,,,
SV013,R,296,3,0,0,0,0,Response,,,,,,,,0.5,0.5,56.0,56.0,12.0
SV013,R,297,2,0,0,1,0,Response,,,,,,,,,,,,
SV013,R,298,3,3,1,0,3,Response,,,,,,,,,,,,
SV013,R,299,3,0,0,0,0,Response,,,,,,,,,,,,
SV013,R,300,3,3,1,1,3,Response,,,,,,,,1.3,1.3,925.0,925.0,284.0
SV013,R,301,3,3,1,0,3,Response,,,,,,,,,,,,
SV013,R,302,3,0,1,1,0,Response,,,,,,,,2.4,2.4,781.0,781.0,316.0
SV013,R,303,2,2,1,1,2,Response,,,,,,,,,,,,
SV013,R,304,3,3,1,1,3,Response,,,,,,,,,,,,
SV013,R,305,3,0,0,1,0,Response,,,,,,,,1.9,1.9,1067.0,1067.0,260.0
SV013,R,306,3,3,0,0,3,Response,,,,,,,,1.7,1.7,1069.0,1069.0,232.0
SV013,R,307,2,3,0,0,3,Response,,,,,,,,,,,,
SV013,R,308,3,3,0,1,3,Response,,,,,,,,,,,,
SV013,R,309,3,3,0,0,3,Response,,,,,,,,1.5,1.5,1135.0,1135.0,188.0
SV013,R,310,3,2,1,0,2,Response,,,,,,,,,,,,
SV013,R,311,3,0,1,1,0,Response,,,,,,,,,,,,
SV013,R,312,2,0,1,0,0,Response,,,,,,,,,,,,
SV013,R,313,2,3,0,0,3,Response,2049.233333333333,2193.6,1282.9333333333334,1440.2,838.3333333333334,857.0,168.0,3.0999999999999996,5.6,919.25,1540.0,376.0
SV013,R,314,3,2,1,1,2,Response,,,,,,,,1.6,1.6,890.0,890.0,236.0
SV013,R,315,3,2,0,1,2,Response,,,,,,,,0.5,0.5,68.0,68.0,12.0
SV013,R,316,3,0,1,0,0,Response,,,,,,,,1.2,1.2,699.0,699.0,268.0
SV013,R,317,3,0,0,1,0,Response,,,,,,,,,,,,
SV013,R,318,2,2,1,1,2,Response,,,,,,,,2.8,2.8,853.0,853.0,300.0
SV013,R,319,2,3,1,1,0,Response,,,,,,,,1.9,1.9,833.0,833.0,312.0
SV013,R,320,2,0,1,0,0,Response,,,,,,,,,,,,
SV013,R,321,3,3,0,0,3,Response,,,,,,,,3.0,3.0,1241.0,1241.0,288.0
SV013,R,322,3,0,1,1,0,Response,,,,,,,,0.3,0.3,1049.0,1049.0,328.0
SV013,R,323,3,0,1,0,0,Response,,,,,,,,,,,,
SV013,R,324,2,0,1,1,0,Response,,,,,,,,,,,,
SV013,R,325,2,3,0,0,3,Response,,,,,,,,,,,,
SV013,R,326,2,0,1,0,0,Response,,,,,,,,4.7,4.7,731.0,731.0,280.0
SV013,R,327,2,3,0,0,3,Response,,,,,,,,4.9,4.9,1048.0,1048.0,276.0
SV013,R,328,3,0,1,1,0,Response,,,,,,,,,,,,
SV013,R,329,3,3,1,0,3,Response,,,,,,,,,,,,
SV013,R,330,2,0,1,0,0,Response,,,,,,,,,,,,
SV013,R,331,2,3,1,1,3,Response,2059.8,2059.8,1955.9,1955.9,680.0,680.0,28.0,9.45,9.8,220.0,270.0,70.0
SV013,R,332,2,2,1,0,2,Response,,,,,,,,,,,,
SV013,R,333,3,2,0,1,2,Response,,,,,,,,0.7,0.7,1366.0,1366.0,276.0
SV013,R,334,2,0,1,0,0,Response,,,,,,,,,,,,
SV013,R,335,2,0,0,0,0,Response,,,,,,,,0.5,0.5,800.0,800.0,484.0
SV013,R,336,2,0,0,0,0,Response,,,,,,,,,,,,
SV013,R,337,3,2,1,1,2,Response,,,,,,,,,,,,
SV013,R,338,3,2,0,1,2,Response,,,,,,,,3.6,3.6,423.0,423.0,284.0
SV013,R,339,3,0,1,0,0,Response,,,,,,,,,,,,
SV013,R,340,3,0,1,1,2,Response,,,,,,,,,,,,
SV013,R,341,3,2,0,0,2,Response,,,,,,,,,,,,
SV013,R,342,3,2,1,1,2,Response,,,,,,,,3.3,3.3,1034.0,1034.0,224.0
SV013,R,343,2,2,1,0,2,Response,,,,,,,,,,,,
SV013,R,344,2,2,1,0,2,Response,,,,,,,,,,,,
SV013,R,345,3,0,0,1,0,Response,,,,,,,,,,,,
SV013,R,346,3,0,0,0,0,Response,,,,,,,,,,,,
SV013,R,347,2,0,1,0,0,Response,1855.4,1855.4,1099.0,1099.0,613.0,613.0,152.0,2.2,2.2,502.0,502.0,908.0
SV013,R,348,3,3,0,1,3,Response,,,,,,,,0.9,0.9,976.0,976.0,196.0
SV013,R,349,3,2,0,0,2,Response,,,,,,,,,,,,
SV013,R,350,2,0,0,0,0,Response,,,,,,,,,,,,
SV013,R,351,3,2,1,0,2,Response,,,,,,,,2.3,2.3,1095.0,1095.0,216.0
SV013,R,352,3,3,1,0,3,Response,,,,,,,,,,,,
SV013,R,353,3,2,0,1,2,Response,,,,,,,,,,,,
SV013,R,354,2,3,0,1,3,Response,,,,,,,,1.6,1.6,680.0,680.0,200.0
SV013,R,355,3,3,1,0,3,Response,,,,,,,,1.9,1.9,108.0,108.0,24.0
SV013,R,356,3,0,0,0,0,Response,,,,,,,,,,,,
SV013,R,357,2,2,0,1,2,Response,,,,,,,,,,,,
SV013,R,358,3,3,1,1,3,Response,,,,,,,,1.3,1.3,80.0,80.0,20.0
SV013,R,359,2,3,1,1,3,Response,,,,,,,,,,,,
SV013,R,360,2,3,1,0,3,Response,,,,,,,,1.6,1.6,1378.0,1378.0,196.0
SV013,R,361,2,0,0,1,0,Response,,,,,,,,,,,,
SV013,R,362,2,3,1,1,3,Response,,,,,,,,,,,,
SV013,R,363,2,0,0,1,0,Response,,,,,,,,2.6,2.6,980.0,980.0,232.0
SV013,R,364,2,2,0,1,2,Response,,,,,,,,,,,,
SV013,R,365,3,2,0,1,2,Response,,,,,,,,,,,,
SV013,R,366,2,3,0,1,3,Response,,,,,,,,0.7,0.7,979.0,979.0,180.0
SV013,R,367,2,0,1,1,3,Response,1911.4,1954.6,931.3,1017.3,626.5,640.0,184.0,1.9333333333333333,2.5,438.0,1107.0,193.33333333333334
SV013,R,368,2,2,0,1,2,Response,,,,,,,,,,,,
SV013,R,369,2,3,1,0,3,Response,,,,,,,,,,,,
SV013,R,370,3,2,0,1,2,Response,,,,,,,,0.5,0.5,836.0,836.0,292.0
SV013,R,371,3,3,0,1,3,Response,,,,,,,,,,,,
SV013,R,372,3,3,0,1,3,Response,,,,,,,,,,,,
SV013,R,373,2,3,0,0,3,Response,,,,,,,,,,,,
SV013,R,374,3,0,0,0,0,Response,,,,,,,,,,,,
SV013,R,375,2,2,0,0,2,Response,,,,,,,,,,,,
SV013,R,376,2,2,0,0,2,Response,,,,,,,,,,,,
SV013,R,377,3,2,0,0,2,Response,,,,,,,,,,,,
SV013,R,378,2,2,0,1,2,Response,,,,,,,,10.5,10.5,224.0,224.0,80.0
SV013,R,379,3,2,1,1,2,Response,,,,,,,,,,,,
SV013,R,380,3,2,1,1,2,Response,,,,,,,,,,,,
SV013,R,381,3,2,1,1,2,Response,,,,,,,,,,,,
SV013,R,382,3,2,1,1,2,Response,,,,,,,,,,,,
SV013,R,383,3,0,0,1,0,Response,,,,,,,,,,,,
SV013,R,384,3,2,1,0,2,Response,,,,,,,,,,,,
SV013,R,385,3,3,0,0,3,Response,2082.7,2082.7,1645.0,1645.0,547.0,547.0,44.0,5.25,5.7,175.0,215.0,42.0
SV013,R,386,3,0,0,0,0,Response,1962.5,1977.6,1553.35,1639.6,442.5,489.0,40.0,2.6666666666666665,5.8,118.33333333333333,157.0,28.0
SV013,R,387,2,0,0,1,0,Response,,,,,,,,,,,,
SV013,R,388,3,3,0,1,3,Response,,,,,,,,2.5,2.5,916.0,916.0,272.0
SV013,R,389,3,2,1,1,2,Response,,,,,,,,,,,,
SV013,R,390,2,2,0,1,2,Response,,,,,,,,,,,,
SV013,R,391,2,0,1,1,0,Response,,,,,,,,,,,,
SV013,R,392,2,3,1,0,3,Response,,,,,,,,,,,,
SV013,R,393,3,3,0,0,3,Response,,,,,,,,,,,,
SV013,R,394,3,0,1,0,0,Response,,,,,,,,,,,,
SV013,R,395,3,2,0,1,2,Response,,,,,,,,,,,,
SV013,R,396,3,3,0,0,3,Response,1861.7,1861.7,1049.5,1049.5,715.0,715.0,128.0,0.3,0.3,898.0,898.0,368.0
SV013,R,397,2,2,0,0,2,Response,,,,,,,,,,,,
SV013,R,398,3,0,0,0,0,Response,1879.9,1896.0,1199.95,1215.0,406.5,412.0,64.0,0.9333333333333332,1.1,452.3333333333333,1142.0,160.0
SV013,R,399,2,2,1,0,2,Response,,,,,,,,2.2,2.2,854.0,854.0,164.0
SV013,R,400,2,2,1,1,2,Response,,,,,,,,,,,,
SV013,R,401,3,0,0,1,0,Response,,,,,,,,2.3,2.3,968.0,968.0,264.0
SV013,R,402,2,2,1,0,2,Response,,,,,,,,,,,,
SV013,R,403,2,2,0,1,2,Response,,,,,,,,,,,,
SV013,R,404,3,3,0,0,3,Response,,,,,,,,,,,,
SV013,R,405,2,2,0,0,2,Response,,,,,,,,,,,,
SV013,R,406,2,2,0,0,2,Response,,,,,,,,,,,,
SV013,R,407,3,2,1,0,2,Response,,,,,,,,,,,,
SV013,R,408,2,0,0,0,0,Response,,,,,,,,1.0,1.0,1341.0,1341.0,256.0
SV013,R,409,3,3,1,0,3,Response,,,,,,,,,,,,
SV013,R,410,3,3,1,0,3,Response,,,,,,,,0.9,0.9,848.0,848.0,196.0
SV013,R,411,3,0,1,0,0,Response,,,,,,,,1.4,1.4,851.0,851.0,260.0
SV013,R,412,3,2,0,0,2,Response,,,,,,,,1.3,1.3,1085.0,1085.0,196.0
SV013,R,413,2,2,1,1,2,Response,,,,,,,,,,,,
SV013,R,414,2,0,1,1,0,Response,,,,,,,,1.2,1.2,1338.0,1338.0,204.0
SV013,R,415,2,2,0,1,2,Response,,,,,,,,0.8,0.8,860.0,860.0,204.0
SV013,R,416,3,3,0,0,3,Response,,,,,,,,0.9,0.9,1195.0,1195.0,220.0
SV013,R,417,3,0,1,0,0,Response,,,,,,,,0.9,0.9,229.0,229.0,132.0
SV013,R,418,3,3,0,1,3,Response,2234.2,2234.2,1095.4,1095.4,454.0,454.0,192.0,0.3,0.3,1346.0,1346.0,532.0
SV013,R,419,2,0,0,0,0,Response,,,,,,,,1.6,1.6,175.0,175.0,132.0
SV013,R,420,2,3,1,1,3,Response,,,,,,,,,,,,
SV013,R,421,3,0,0,1,0,Response,,,,,,,,2.4,2.4,1146.0,1146.0,224.0
SV013,R,422,2,0,0,0,0,Response,,,,,,,,,,,,
SV013,R,423,3,3,0,0,3,Response,,,,,,,,,,,,
SV013,R,424,2,0,0,1,0,Response,,,,,,,,1.6,1.6,1036.0,1036.0,708.0
SV013,R,425,2,2,1,1,2,Response,1910.4,1910.4,794.6,794.6,745.0,745.0,300.0,1.25,1.3,100.5,118.0,20.0
SV013,R,426,3,0,0,1,0,Response,,,,,,,,2.6,2.6,772.0,772.0,272.0
SV013,R,427,2,3,1,1,3,Response,,,,,,,,,,,,
SV013,R,428,3,3,1,0,3,Response,,,,,,,,4.5,4.5,422.0,422.0,232.0
SV013,R,429,2,3,0,1,3,Response,,,,,,,,,,,,
SV013,R,430,3,3,1,1,3,Response,,,,,,,,,,,,
SV013,R,431,2,2,0,0,3,Response,,,,,,,,,,,,
SV013,R,432,3,3,0,0,3,Response,,,,,,,,0.7,0.7,535.0,535.0,176.0
SV013,R,433,2,3,1,1,3,Response,,,,,,,,0.5,0.5,1002.0,1002.0,316.0
SV013,R,434,3,0,0,0,0,Response,,,,,,,,,,,,
SV013,R,435,3,3,1,0,3,Response,2212.4,2212.4,2361.9,2361.9,574.0,574.0,32.0,14.2,15.6,257.5,262.0,100.0
SV013,R,436,3,0,0,1,0,Response,,,,,,,,,,,,
SV013,R,437,2,0,1,1,0,Response,2072.15,2152.8,1583.1,1863.6,555.5,630.0,30.0,3.9,5.7,175.33333333333334,233.0,26.666666666666668
SV013,R,438,3,2,1,0,2,Response,,,,,,,,,,,,
SV013,R,439,3,2,1,0,2,Response,,,,,,,,,,,,
SV013,R,440,2,3,1,1,3,Response,,,,,,,,1.2,1.2,1247.0,1247.0,780.0
SV013,R,441,2,3,1,0,3,Response,2108.0,2168.2,884.7,990.9,737.5,741.0,136.0,1.7333333333333334,1.8,108.33333333333333,120.0,22.666666666666668
SV013,R,442,2,3,1,0,3,Response,,,,,,,,1.6,1.6,1550.0,1550.0,252.0
SV013,R,443,2,0,0,1,0,Response,,,,,,,,,,,,
SV013,R,444,2,2,0,1,2,Response,,,,,,,,,,,,
SV013,R,445,3,3,1,1,3,Response,,,,,,,,0.4,0.4,1584.0,1584.0,340.0
SV013,R,446,2,0,0,1,0,Response,,,,,,,,,,,,
SV013,R,447,3,3,0,1,3,Response,,,,,,,,,,,,
SV013,R,448,3,0,1,1,0,Response,1846.8,1846.8,1008.3,1008.3,623.0,623.0,452.0,1.25,1.8,802.5,817.0,260.0
SV013,R,449,2,3,1,0,3,Response,,,,,,,,,,,,
SV013,R,450,2,2,1,0,2,Response,,,,,,,,,,,,
SV013,R,451,3,3,1,0,3,Response,,,,,,,,3.5,3.5,1284.0,1284.0,320.0
SV013,R,452,2,0,0,0,0,Response,,,,,,,,0.5,0.5,61.0,61.0,12.0
SV013,R,453,2,3,0,1,3,Response,,,,,,,,,,,,
SV013,R,454,3,0,0,1,0,Response,,,,,,,,,,,,
SV013,R,455,3,2,1,1,2,Response,,,,,,,,,,,,
SV013,R,456,2,3,0,0,3,Response,,,,,,,,,,,,
SV013,R,457,2,0,1,1,0,Response,2086.0,2086.0,1903.8,1903.8,510.0,510.0,36.0,7.85,8.0,244.5,313.0,50.0
SV013,R,458,2,2,0,1,2,Response,2138.6,2138.6,1766.3,1766.3,506.0,506.0,68.0,5.45,5.5,173.5,210.0,50.0
SV013,R,459,2,0,1,1,0,Response,2113.9,2113.9,1680.7,1680.7,559.0,559.0,48.0,6.3,7.5,226.0,276.0,50.0
SV013,R,460,2,3,1,1,3,Response,,,,,,,,1.0,1.0,644.0,644.0,300.0
SV013,R,461,2,3,0,1,2,Response,,,,,,,,,,,,
SV013,R,462,3,0,1,1,0,Response,,,,,,,,,,,,
SV013,R,463,2,2,1,1,2,Response,,,,,,,,,,,,
SV013,R,464,3,0,1,0,0,Response,,,,,,,,,,,,
SV013,R,465,3,2,0,0,2,Response,,,,,,,,,,,,
SV013,R,466,2,3,1,0,3,Response,,,,,,,,,,,,
SV013,R,467,2,3,0,0,3,Response,,,,,,,,,,,,
SV013,R,468,3,3,0,1,3,Response,1915.9,1915.9,1200.4,1200.4,422.0,422.0,44.0,1.9000000000000001,2.7,221.0,311.0,320.0
SV013,R,469,3,0,0,0,0,Response,,,,,,,,,,,,
SV013,R,470,2,2,1,0,2,Response,,,,,,,,,,,,
SV013,R,471,3,2,1,0,2,Response,2055.85,2100.9,1806.0,2128.4,558.0,580.0,50.0,7.199999999999999,12.2,186.66666666666666,230.0,53.333333333333336
SV013,R,472,3,2,0,1,2,Response,,,,,,,,1.5,1.5,93.0,93.0,24.0
SV013,R,473,2,0,1,0,0,Response,,,,,,,,,,,,
SV013,R,474,2,3,0,1,3,Response,,,,,,,,,,,,
SV013,R,475,2,2,0,0,2,Response,,,,,,,,,,,,
SV013,R,476,3,2,1,1,2,Response,,,,,,,,,,,,
SV013,R,477,2,2,0,0,2,Response,,,,,,,,1.3,1.3,701.0,701.0,156.0
SV013,R,478,2,0,1,0,0,Response,,,,,,,,,,,,
SV013,R,479,2,2,1,1,2,Response,,,,,,,,,,,,
SV013,R,480,2,2,0,0,2,Response,,,,,,,,,,,,
SV013,L,1,3,3,1,1,3,Stimulus,,,,,,,,,,,,
SV013,L,2,2,3,0,0,3,Stimulus,,,,,,,,,,,,
SV013,L,3,3,3,0,1,3,Stimulus,,,,,,,,,,,,
SV013,L,4,2,2,0,1,2,Stimulus,,,,,,,,,,,,
SV013,L,5,2,0,0,1,2,Stimulus,,,,,,,,,,,,
SV013,L,6,2,0,1,1,3,Stimulus,,,,,,,,,,,,
SV013,L,7,3,0,0,1,2,Stimulus,,,,,,,,,,,,
SV013,L,8,2,0,0,1,2,Stimulus,,,,,,,,,,,,
SV013,L,9,3,2,0,1,2,Stimulus,,,,,,,,,,,,
SV013,L,10,2,2,0,0,2,Stimulus,,,,,,,,,,,,
SV013,L,11,3,2,0,1,2,Stimulus,,,,,,,,,,,,
SV013,L,12,2,0,0,0,2,Stimulus,,,,,,,,,,,,
SV013,L,13,3,2,1,1,2,Stimulus,,,,,,,,,,,,
SV013,L,14,2,2,0,0,2,Stimulus,,,,,,,,,,,,
SV013,L,15,3,0,1,0,2,Stimulus,,,,,,,,,,,,
SV013,L,16,2,0,0,0,2,Stimulus,,,,,,,,,,,,
SV013,L,17,3,0,1,1,2,Stimulus,,,,,,,,,,,,
SV013,L,18,3,3,0,1,2,Stimulus,,,,,,,,,,,,
SV013,L,19,2,2,0,1,2,Stimulus,,,,,,,,,,,,
SV013,L,20,2,3,1,1,3,Stimulus,,,,,,,,,,,,
SV013,L,21,3,0,1,1,2,Stimulus,,,,,,,,,,,,
SV013,L,22,3,3,0,0,3,Stimulus,,,,,,,,,,,,
SV013,L,23,3,0,0,1,2,Stimulus,,,,,,,,,,,,
SV013,L,24,3,2,0,0,2,Stimulus,,,,,,,,,,,,
SV013,L,25,2,0,0,1,2,Stimulus,,,,,,,,,,,,
SV013,L,26,3,0,1,1,2,Stimulus,,,,,,,,,,,,
SV013,L,27,2,3,1,1,3,Stimulus,,,,,,,,,,,,
SV013,L,28,2,3,0,0,2,Stimulus,,,,,,,,,,,,
SV013,L,29,3,0,0,1,2,Stimulus,,,,,,,,,,,,
SV013,L,30,3,0,1,1,2,Stimulus,,,,,,,,,,,,
SV013,L,31,2,2,1,0,2,Stimulus,,,,,,,,,,,,
SV013,L,32,2,0,1,1,2,Stimulus,,,,,,,,,,,,
SV013,L,33,3,2,1,1,2,Stimulus,,,,,,,,,,,,
SV013,L,34,3,3,1,1,3,Stimulus,,,,,,,,,,,,
SV013,L,35,2,3,1,0,2,Stimulus,,,,,,,,,,,,
SV013,L,36,2,0,0,0,2,Stimulus,,,,,,,,,,,,
SV013,L,37,2,2,1,1,2,Stimulus,,,,,,,,,,,,
SV013,L,38,2,2,0,0,2,Stimulus,,,,,,,,,,,,
SV013,L,39,2,3,0,1,3,Stimulus,,,,,,,,,,,,
SV013,L,40,2,3,0,0,3,Stimulus,,,,,,,,,,,,
SV013,L,41,3,2,0,1,2,Stimulus,,,,,,,,,,,,
SV013,L,42,3,2,0,0,2,Stimulus,,,,,,,,,,,,
SV013,L,43,2,3,1,1,3,Stimulus,,,,,,,,,,,,
SV013,L,44,3,0,1,1,3,Stimulus,,,,,,,,,,,,
SV013,L,45,3,3,1,0,3,Stimulus,,,,,,,,,,,,
SV013,L,46,3,2,1,1,2,Stimulus,,,,,,,,,,,,
SV013,L,47,3,2,0,0,2,Stimulus,,,,,,,,,,,,
SV013,L,48,2,3,0,1,3,Stimulus,,,,,,,,,,,,
SV013,L,49,3,0,1,0,2,Stimulus,,,,,,,,,,,,
SV013,L,50,3,3,0,0,3,Stimulus,,,,,,,,,,,,
SV013,L,51,2,2,1,0,2,Stimulus,,,,,,,,,,,,
SV013,L,52,3,0,0,0,3,Stimulus,,,,,,,,,,,,
SV013,L,53,3,0,0,0,3,Stimulus,,,,,,,,,,,,
SV013,L,54,2,3,0,1,3,Stimulus,,,,,,,,,,,,
SV013,L,55,3,0,0,0,3,Stimulus,,,,,,,,,,,,
SV013,L,56,3,3,0,0,3,Stimulus,,,,,,,,,,,,
SV013,L,57,2,2,0,0,2,Stimulus,,,,,,,,,,,,
SV013,L,58,3,0,0,0,3,Stimulus,,,,,,,,,,,,
SV013,L,59,3,3,0,1,2,Stimulus,,,,,,,,,,,,
SV013,L,60,3,3,1,1,2,Stimulus,,,,,,,,,,,,
SV013,L,61,3,3,1,1,3,Stimulus,,,,,,,,,,,,
SV013,L,62,3,0,0,1,2,Stimulus,,,,,,,,,,,,
SV013,L,63,2,2,1,0,2,Stimulus,,,,,,,,,,,,
SV013,L,64,2,3,1,0,3,Stimulus,,,,,,,,,,,,
SV013,L,65,2,3,1,0,2,Stimulus,,,,,,,,,,,,
SV013,L,66,2,2,1,0,2,Stimulus,,,,,,,,,,,,
SV013,L,67,2,0,1,0,2,Stimulus,,,,,,,,,,,,
SV013,L,68,3,0,0,0,3,Stimulus,,,,,,,,,,,,
SV013,L,69,3,3,1,1,3,Stimulus,,,,,,,,,,,,
SV013,L,70,3,0,0,0,3,Stimulus,,,,,,,,,,,,
SV013,L,71,2,2,0,0,2,Stimulus,,,,,,,,,,,,
SV013,L,72,3,2,1,1,2,Stimulus,,,,,,,,,,,,
SV013,L,73,2,3,0,1,2,Stimulus,,,,,,,,,,,,
SV013,L,74,2,3,0,1,2,Stimulus,,,,,,,,,,,,
SV013,L,75,2,0,1,1,2,Stimulus,,,,,,,,,,,,
SV013,L,76,2,2,1,0,2,Stimulus,,,,,,,,,,,,
SV013,L,77,3,2,1,0,2,Stimulus,,,,,,,,,,,,
SV013,L,78,3,3,0,0,3,Stimulus,,,,,,,,,,,,
SV013,L,79,3,2,0,0,2,Stimulus,,,,,,,,,,,,
SV013,L,80,3,0,1,0,3,Stimulus,,,,,,,,,,,,
SV013,L,81,3,2,0,0,2,Stimulus,,,,,,,,,,,,
SV013,L,82,2,0,0,0,2,Stimulus,,,,,,,,,,,,
SV013,L,83,2,2,0,1,2,Stimulus,,,,,,,,,,,,
SV013,L,84,3,0,0,0,2,Stimulus,,,,,,,,,,,,
SV013,L,85,2,0,0,0,2,Stimulus,,,,,,,,,,,,
SV013,L,86,3,0,0,1,2,Stimulus,,,,,,,,,,,,
SV013,L,87,2,0,0,1,2,Stimulus,,,,,,,,,,,,
SV013,L,88,2,0,1,0,2,Stimulus,,,,,,,,,,,,
SV013,L,89,3,0,1,0,2,Stimulus,,,,,,,,,,,,
SV013,L,90,3,2,1,1,2,Stimulus,,,,,,,,,,,,
SV013,L,91,2,3,1,0,3,Stimulus,,,,,,,,,,,,
SV013,L,92,3,0,0,1,2,Stimulus,,,,,,,,,,,,
SV013,L,93,3,0,1,0,2,Stimulus,,,,,,,,,,,,
SV013,L,94,3,3,0,1,3,Stimulus,,,,,,,,,,,,
SV013,L,95,3,0,1,0,3,Stimulus,,,,,,,,,,,,
SV013,L,96,2,2,1,0,2,Stimulus,,,,,,,,,,,,
SV013,L,97,2,3,0,1,3,Stimulus,,,,,,,,,,,,
SV013,L,98,3,3,0,1,3,Stimulus,,,,,,,,,,,,
SV013,L,99,2,0,1,1,2,Stimulus,,,,,,,,,,,,
SV013,L,100,3,2,1,1,2,Stimulus,,,,,,,,,,,,
SV013,L,101,3,0,1,1,2,Stimulus,,,,,,,,,,,,
SV013,L,102,3,2,0,1,2,Stimulus,,,,,,,,,,,,
SV013,L,103,3,2,0,0,2,Stimulus,,,,,,,,,,,,
SV013,L,104,3,0,0,1,2,Stimulus,,,,,,,,,,,,
SV013,L,105,2,2,1,1,2,Stimulus,,,,,,,,,,,,
SV013,L,106,3,2,0,0,2,Stimulus,,,,,,,,,,,,
SV013,L,107,3,0,0,0,3,Stimulus,,,,,,,,,,,,
SV013,L,108,3,2,1,1,2,Stimulus,,,,,,,,,,,,
SV013,L,109,3,0,0,0,2,Stimulus,,,,,,,,,,,,
SV013,L,110,3,2,1,0,2,Stimulus,,,,,,,,,,,,
SV013,L,111,2,2,0,1,2,Stimulus,,,,,,,,,,,,
SV013,L,112,3,2,0,0,2,Stimulus,,,,,,,,,,,,
SV013,L,113,2,3,0,0,3,Stimulus,,,,,,,,,,,,
SV013,L,114,2,2,0,1,2,Stimulus,,,,,,,,,,,,
SV013,L,115,3,3,1,0,3,Stimulus,,,,,,,,,,,,
SV013,L,116,2,3,0,0,3,Stimulus,,,,,,,,,,,,
SV013,L,117,3,3,0,1,3,Stimulus,,,,,,,,,,,,
SV013,L,118,2,2,0,0,2,Stimulus,,,,,,,,,,,,
SV013,L,119,3,3,0,0,3,Stimulus,,,,,,,,,,,,
SV013,L,120,2,2,1,0,2,Stimulus,,,,,,,,,,,,
SV013,L,121,2,2,1,1,2,Stimulus,,,,,,,,,,,,
SV013,L,122,3,0,1,0,2,Stimulus,,,,,,,,,,,,
SV013,L,123,3,3,0,1,3,Stimulus,,,,,,,,,,,,
SV013,L,124,2,0,0,1,2,Stimulus,,,,,,,,,,,,
SV013,L,125,3,2,0,1,2,Stimulus,,,,,,,,,,,,
SV013,L,126,2,2,0,1,2,Stimulus,,,,,,,,,,,,
SV013,L,127,2,3,1,0,3,Stimulus,,,,,,,,,,,,
SV013,L,128,3,3,0,0,3,Stimulus,,,,,,,,,,,,
SV013,L,129,3,2,1,0,2,Stimulus,,,,,,,,,,,,
SV013,L,130,3,3,1,0,3,Stimulus,,,,,,,,,,,,
SV013,L,131,3,3,1,1,2,Stimulus,,,,,,,,,,,,
SV013,L,132,2,2,0,0,2,Stimulus,,,,,,,,,,,,
SV013,L,133,2,3,0,0,3,Stimulus,,,,,,,,,,,,
SV013,L,134,3,3,1,0,3,Stimulus,,,,,,,,,,,,
SV013,L,135,2,3,0,0,1,Stimulus,,,,,,,,,,,,
SV013,L,136,2,2,1,1,2,Stimulus,,,,,,,,,,,,
SV013,L,137,3,0,1,0,2,Stimulus,,,,,,,,,,,,
SV013,L,138,2,0,1,0,2,Stimulus,,,,,,,,,,,,
SV013,L,139,2,3,1,0,3,Stimulus,,,,,,,,,,,,
SV013,L,140,3,0,1,1,1,Stimulus,,,,,,,,,,,,
SV013,L,141,3,0,1,0,2,Stimulus,,,,,,,,,,,,
SV013,L,142,2,3,1,0,2,Stimulus,,,,,,,,,,,,
SV013,L,143,2,0,0,0,2,Stimulus,,,,,,,,,,,,
SV013,L,144,3,0,0,1,2,Stimulus,,,,,,,,,,,,
SV013,L,145,3,3,1,1,3,Stimulus,,,,,,,,,,,,
SV013,L,146,2,2,1,0,0,Stimulus,,,,,,,,,,,,
SV013,L,147,2,2,0,1,1,Stimulus,,,,,,,,,,,,
SV013,L,148,3,3,1,0,3,Stimulus,,,,,,,,,,,,
SV013,L,149,3,3,0,0,2,Stimulus,,,,,,,,,,,,
SV013,L,150,2,0,0,0,2,Stimulus,,,,,,,,,,,,
SV013,L,151,3,2,0,0,2,Stimulus,,,,,,,,,,,,
SV013,L,152,2,0,1,0,2,Stimulus,,,,,,,,,,,,
SV013,L,153,3,0,1,1,1,Stimulus,,,,,,,,,,,,
SV013,L,154,3,2,1,0,2,Stimulus,,,,,,,,,,,,
SV013,L,155,3,2,1,0,2,Stimulus,,,,,,,,,,,,
SV013,L,156,2,2,1,1,2,Stimulus,,,,,,,,,,,,
SV013,L,157,3,3,1,0,3,Stimulus,,,,,,,,,,,,
SV013,L,158,2,3,0,1,3,Stimulus,,,,,,,,,,,,
SV013,L,159,3,2,0,1,2,Stimulus,,,,,,,,,,,,
SV013,L,160,3,3,0,1,3,Stimulus,,,,,,,,,,,,
SV013,L,161,2,3,0,0,3,Stimulus,,,,,,,,,,,,
SV013,L,162,2,2,0,1,2,Stimulus,,,,,,,,,,,,
SV013,L,163,2,2,1,1,2,Stimulus,,,,,,,,,,,,
SV013,L,164,2,3,1,1,3,Stimulus,,,,,,,,,,,,
SV013,L,165,2,0,1,1,2,Stimulus,,,,,,,,,,,,
SV013,L,166,2,0,0,1,2,Stimulus,,,,,,,,,,,,
SV013,L,167,3,2,1,0,2,Stimulus,,,,,,,,,,,,
SV013,L,168,2,0,0,0,2,Stimulus,,,,,,,,,,,,
SV013,L,169,2,0,0,1,2,Stimulus,,,,,,,,,,,,
SV013,L,170,2,0,1,0,2,Stimulus,,,,,,,,,,,,
SV013,L,171,2,0,0,1,2,Stimulus,,,,,,,,,,,,
SV013,L,172,2,0,0,1,0,Stimulus,,,,,,,,,,,,
SV013,L,173,3,3,0,0,3,Stimulus,,,,,,,,,,,,
SV013,L,174,3,0,0,1,2,Stimulus,,,,,,,,,,,,
SV013,L,175,2,3,1,1,3,Stimulus,,,,,,,,,,,,
SV013,L,176,3,3,1,0,3,Stimulus,,,,,,,,,,,,
SV013,L,177,2,2,0,0,2,Stimulus,,,,,,,,,,,,
SV013,L,178,2,0,1,0,2,Stimulus,,,,,,,,,,,,
SV013,L,179,2,0,1,0,2,Stimulus,,,,,,,,,,,,
SV013,L,180,2,2,0,1,2,Stimulus,,,,,,,,1.4,1.4,94.0,94.0,20.0
SV013,L,181,2,3,1,0,3,Stimulus,,,,,,,,,,,,
SV013,L,182,2,2,1,1,2,Stimulus,,,,,,,,,,,,
SV013,L,183,2,0,0,1,0,Stimulus,,,,,,,,,,,,
SV013,L,184,3,0,1,1,2,Stimulus,,,,,,,,,,,,
SV013,L,185,3,3,1,0,3,Stimulus,,,,,,,,,,,,
SV013,L,186,2,0,0,0,2,Stimulus,,,,,,,,,,,,
SV013,L,187,3,3,1,0,3,Stimulus,,,,,,,,,,,,
SV013,L,188,3,2,0,1,2,Stimulus,,,,,,,,,,,,
SV013,L,189,2,0,1,1,2,Stimulus,,,,,,,,,,,,
SV013,L,190,2,3,0,0,3,Stimulus,,,,,,,,,,,,
SV013,L,191,3,2,1,0,2,Stimulus,,,,,,,,,,,,
SV013,L,192,2,2,0,1,2,Stimulus,,,,,,,,,,,,
SV013,L,193,3,0,1,1,0,Stimulus,,,,,,,,,,,,
SV013,L,194,2,3,1,1,3,Stimulus,,,,,,,,,,,,
SV013,L,195,3,2,1,0,3,Stimulus,,,,,,,,,,,,
SV013,L,196,2,0,1,0,1,Stimulus,,,,,,,,,,,,
SV013,L,197,2,0,1,1,2,Stimulus,,,,,,,,,,,,
SV013,L,198,3,2,1,1,2,Stimulus,,,,,,,,,,,,
SV013,L,199,3,0,1,0,3,Stimulus,,,,,,,,,,,,
SV013,L,200,3,2,0,1,2,Stimulus,,,,,,,,,,,,
SV013,L,201,2,3,0,1,3,Stimulus,,,,,,,,,,,,
SV013,L,202,2,2,0,0,2,Stimulus,,,,,,,,,,,,
SV013,L,203,2,0,1,0,2,Stimulus,,,,,,,,,,,,
SV013,L,204,2,2,1,0,2,Stimulus,,,,,,,,,,,,
SV013,L,205,3,2,0,0,2,Stimulus,,,,,,,,,,,,
SV013,L,206,2,2,1,1,2,Stimulus,,,,,,,,,,,,
SV013,L,207,3,3,1,1,2,Stimulus,,,,,,,,0.0,0.0,60.0,60.0,132.0
SV013,L,208,3,3,1,1,3,Stimulus,,,,,,,,,,,,
SV013,L,209,3,2,1,1,2,Stimulus,,,,,,,,,,,,
SV013,L,210,3,3,1,0,3,Stimulus,,,,,,,,,,,,
SV013,L,211,2,2,1,0,2,Stimulus,,,,,,,,,,,,
SV013,L,212,3,2,0,1,2,Stimulus,,,,,,,,,,,,
SV013,L,213,3,3,0,1,3,Stimulus,,,,,,,,,,,,
SV013,L,214,3,3,0,0,0,Stimulus,,,,,,,,,,,,
SV013,L,215,2,2,1,1,2,Stimulus,,,,,,,,0.6,0.6,68.0,68.0,12.0
SV013,L,216,3,3,1,1,3,Stimulus,,,,,,,,,,,,
SV013,L,217,2,3,0,0,3,Stimulus,,,,,,,,,,,,
SV013,L,218,2,0,1,1,3,Stimulus,,,,,,,,,,,,
SV013,L,219,2,3,1,1,3,Stimulus,,,,,,,,,,,,
SV013,L,220,2,0,1,0,2,Stimulus,,,,,,,,,,,,
SV013,L,221,3,3,0,0,3,Stimulus,,,,,,,,,,,,
SV013,L,222,2,3,1,0,2,Stimulus,,,,,,,,,,,,
SV013,L,223,3,2,1,0,2,Stimulus,,,,,,,,,,,,
SV013,L,224,2,3,1,1,3,Stimulus,,,,,,,,,,,,
SV013,L,225,2,2,0,0,2,Stimulus,,,,,,,,,,,,
SV013,L,226,3,2,1,0,2,Stimulus,,,,,,,,,,,,
SV013,L,227,3,2,0,1,2,Stimulus,,,,,,,,,,,,
SV013,L,228,3,0,0,1,2,Stimulus,,,,,,,,,,,,
SV013,L,229,2,3,0,1,3,Stimulus,,,,,,,,,,,,
SV013,L,230,3,3,0,1,2,Stimulus,,,,,,,,,,,,
SV013,L,231,2,0,1,1,2,Stimulus,,,,,,,,,,,,
SV013,L,232,2,3,1,1,3,Stimulus,,,,,,,,,,,,
SV013,L,233,2,3,1,0,2,Stimulus,,,,,,,,,,,,
SV013,L,234,2,2,1,1,2,Stimulus,,,,,,,,,,,,
SV013,L,235,2,3,0,1,3,Stimulus,,,,,,,,,,,,
SV013,L,236,3,2,1,1,2,Stimulus,,,,,,,,,,,,
SV013,L,237,2,0,1,1,2,Stimulus,,,,,,,,,,,,
SV013,L,238,2,3,1,1,3,Stimulus,,,,,,,,,,,,
SV013,L,239,3,0,0,0,3,Stimulus,,,,,,,,,,,,
SV013,L,240,2,0,0,0,3,Stimulus,,,,,,,,,,,,
SV013,L,241,3,2,0,0,2,Stimulus,,,,,,,,,,,,
SV013,L,242,3,0,1,0,0,Stimulus,,,,,,,,,,,,
SV013,L,243,2,3,0,0,3,Stimulus,,,,,,,,,,,,
SV013,L,244,3,3,0,1,3,Stimulus,,,,,,,,,,,,
SV013,L,245,2,3,0,1,3,Stimulus,,,,,,,,,,,,
SV013,L,246,2,0,1,1,0,Stimulus,,,,,,,,,,,,
SV013,L,247,2,2,0,1,2,Stimulus,,,,,,,,,,,,
SV013,L,248,3,0,1,1,0,Stimulus,,,,,,,,,,,,
SV013,L,249,3,3,0,1,3,Stimulus,,,,,,,,,,,,
SV013,L,250,3,0,0,0,0,Stimulus,,,,,,,,,,,,
SV013,L,251,2,3,1,1,3,Stimulus,,,,,,,,,,,,
SV013,L,252,2,3,1,0,3,Stimulus,,,,,,,,,,,,
SV013,L,253,2,0,0,0,0,Stimulus,,,,,,,,,,,,
SV013,L,254,2,0,1,0,0,Stimulus,,,,,,,,,,,,
SV013,L,255,2,0,1,0,0,Stimulus,,,,,,,,,,,,
SV013,L,256,3,2,1,0,2,Stimulus,,,,,,,,,,,,
SV013,L,257,3,0,0,1,0,Stimulus,,,,,,,,,,,,
SV013,L,258,2,0,1,0,0,Stimulus,,,,,,,,,,,,
SV013,L,259,2,0,1,0,0,Stimulus,,,,,,,,,,,,
SV013,L,260,2,0,1,1,0,Stimulus,,,,,,,,,,,,
SV013,L,261,3,3,1,0,3,Stimulus,,,,,,,,,,,,
SV013,L,262,3,0,0,0,0,Stimulus,,,,,,,,,,,,
SV013,L,263,3,3,0,1,2,Stimulus,,,,,,,,,,,,
SV013,L,264,2,3,1,0,3,Stimulus,,,,,,,,,,,,
SV013,L,265,2,0,1,1,0,Stimulus,,,,,,,,,,,,
SV013,L,266,3,2,0,1,2,Stimulus,,,,,,,,,,,,
SV013,L,267,2,3,0,0,3,Stimulus,,,,,,,,,,,,
SV013,L,268,2,0,0,1,0,Stimulus,,,,,,,,,,,,
SV013,L,269,3,3,1,1,3,Stimulus,,,,,,,,,,,,
SV013,L,270,3,0,1,1,0,Stimulus,,,,,,,,,,,,
SV013,L,271,2,0,0,0,0,Stimulus,,,,,,,,,,,,
SV013,L,272,2,2,1,0,2,Stimulus,,,,,,,,,,,,
SV013,L,273,2,2,1,1,2,Stimulus,,,,,,,,,,,,
SV013,L,274,2,0,1,0,0,Stimulus,,,,,,,,,,,,
SV013,L,275,3,2,0,0,2,Stimulus,,,,,,,,,,,,
SV013,L,276,3,2,1,0,2,Stimulus,,,,,,,,,,,,
SV013,L,277,3,3,1,1,3,Stimulus,,,,,,,,,,,,
SV013,L,278,3,3,0,1,3,Stimulus,,,,,,,,,,,,
SV013,L,279,2,2,0,0,2,Stimulus,,,,,,,,,,,,
SV013,L,280,2,2,0,1,2,Stimulus,,,,,,,,,,,,
SV013,L,281,2,3,0,0,3,Stimulus,,,,,,,,,,,,
SV013,L,282,2,3,1,0,3,Stimulus,,,,,,,,,,,,
SV013,L,283,3,2,0,0,2,Stimulus,,,,,,,,,,,,
SV013,L,284,2,3,0,0,3,Stimulus,,,,,,,,,,,,
SV013,L,285,3,0,0,1,0,Stimulus,,,,,,,,,,,,
SV013,L,286,2,3,0,1,3,Stimulus,,,,,,,,,,,,
SV013,L,287,3,2,0,0,2,Stimulus,,,,,,,,,,,,
SV013,L,288,3,2,1,1,2,Stimulus,,,,,,,,,,,,
SV013,L,289,3,0,1,1,2,Stimulus,,,,,,,,,,,,
SV013,L,290,3,2,0,0,3,Stimulus,,,,,,,,,,,,
SV013,L,291,2,0,0,1,0,Stimulus,,,,,,,,,,,,
SV013,L,292,2,2,0,0,2,Stimulus,,,,,,,,,,,,
SV013,L,293,3,0,1,0,0,Stimulus,,,,,,,,,,,,
SV013,L,294,3,3,1,1,3,Stimulus,,,,,,,,,,,,
SV013,L,295,2,2,1,1,2,Stimulus,,,,,,,,,,,,
SV013,L,296,2,3,1,1,3,Stimulus,,,,,,,,,,,,
SV013,L,297,2,0,0,1,0,Stimulus,,,,,,,,,,,,
SV013,L,298,3,3,1,0,3,Stimulus,,,,,,,,,,,,
SV013,L,299,3,0,0,0,0,Stimulus,,,,,,,,,,,,
SV013,L,300,3,3,1,1,3,Stimulus,,,,,,,,,,,,
SV013,L,301,3,3,1,0,3,Stimulus,,,,,,,,,,,,
SV013,L,302,3,0,0,1,0,Stimulus,,,,,,,,,,,,
SV013,L,303,2,2,1,1,2,Stimulus,,,,,,,,,,,,
SV013,L,304,2,2,1,1,2,Stimulus,,,,,,,,,,,,
SV013,L,305,3,3,1,1,3,Stimulus,,,,,,,,,,,,
SV013,L,306,3,0,1,0,0,Stimulus,,,,,,,,,,,,
SV013,L,307,3,3,0,0,3,Stimulus,,,,,,,,,,,,
SV013,L,308,2,3,0,0,3,Stimulus,,,,,,,,,,,,
SV013,L,309,3,3,1,0,3,Stimulus,,,,,,,,,,,,
SV013,L,310,3,3,0,0,0,Stimulus,,,,,,,,,,,,
SV013,L,311,3,2,1,0,2,Stimulus,,,,,,,,,,,,
SV013,L,312,3,0,1,1,0,Stimulus,,,,,,,,,,,,
SV013,L,313,2,0,0,0,0,Stimulus,,,,,,,,,,,,
SV013,L,314,2,3,0,0,3,Stimulus,,,,,,,,,,,,
SV013,L,315,3,2,0,1,2,Stimulus,,,,,,,,,,,,
SV013,L,316,3,2,0,1,2,Stimulus,,,,,,,,,,,,
SV013,L,317,3,0,0,0,0,Stimulus,,,,,,,,,,,,
SV013,L,318,3,0,0,1,0,Stimulus,,,,,,,,,,,,
SV013,L,319,2,2,0,1,2,Stimulus,,,,,,,,,,,,
SV013,L,320,2,3,1,1,3,Stimulus,,,,,,,,,,,,
SV013,L,321,2,0,0,0,0,Stimulus,,,,,,,,,,,,
SV013,L,322,3,3,0,0,3,Stimulus,,,,,,,,,,,,
SV013,L,323,3,0,1,1,0,Stimulus,,,,,,,,,,,,
SV013,L,324,3,0,1,0,0,Stimulus,,,,,,,,,,,,
SV013,L,325,2,0,1,1,0,Stimulus,,,,,,,,,,,,
SV013,L,326,3,3,1,1,3,Stimulus,,,,,,,,,,,,
SV013,L,327,2,0,0,0,3,Stimulus,,,,,,,,,,,,
SV013,L,328,3,3,1,1,3,Stimulus,,,,,,,,,,,,
SV013,L,329,3,0,1,1,0,Stimulus,,,,,,,,,,,,
SV013,L,330,3,3,1,0,3,Stimulus,,,,,,,,,,,,
SV013,L,331,2,0,1,0,0,Stimulus,,,,,,,,,,,,
SV013,L,332,2,3,1,1,3,Stimulus,,,,,,,,,,,,
SV013,L,333,2,2,1,0,2,Stimulus,,,,,,,,,,,,
SV013,L,334,3,2,0,1,2,Stimulus,,,,,,,,,,,,
SV013,L,335,2,0,1,0,0,Stimulus,,,,,,,,,,,,
SV013,L,336,2,0,0,0,0,Stimulus,,,,,,,,,,,,
SV013,L,337,2,0,0,0,0,Stimulus,,,,,,,,,,,,
SV013,L,338,3,2,0,1,2,Stimulus,,,,,,,,,,,,
SV013,L,339,3,2,1,0,2,Stimulus,,,,,,,,,,,,
SV013,L,340,3,0,0,0,0,Stimulus,,,,,,,,,,,,
SV013,L,341,3,0,0,1,0,Stimulus,,,,,,,,,,,,
SV013,L,342,3,2,0,0,2,Stimulus,,,,,,,,,,,,
SV013,L,343,3,2,1,1,2,Stimulus,,,,,,,,,,,,
SV013,L,344,2,2,0,0,2,Stimulus,,,,,,,,,,,,
SV013,L,345,2,2,1,0,2,Stimulus,,,,,,,,,,,,
SV013,L,346,3,0,1,0,0,Stimulus,,,,,,,,,,,,
SV013,L,347,2,0,1,0,0,Stimulus,,,,,,,,,,,,
SV013,L,348,3,3,1,0,3,Stimulus,,,,,,,,,,,,
SV013,L,349,2,0,1,1,0,Stimulus,,,,,,,,,,,,
SV013,L,350,3,0,1,1,0,Stimulus,,,,,,,,,,,,
SV013,L,351,3,2,0,0,2,Stimulus,,,,,,,,,,,,
SV013,L,352,3,3,0,0,3,Stimulus,,,,,,,,,,,,
SV013,L,353,3,2,0,1,3,Stimulus,,,,,,,,,,,,
SV013,L,354,2,3,0,1,3,Stimulus,,,,,,,,,,,,
SV013,L,355,3,3,0,0,3,Stimulus,,,,,,,,,,,,
SV013,L,356,3,0,0,0,0,Stimulus,,,,,,,,,,,,
SV013,L,357,2,2,0,1,2,Stimulus,,,,,,,,,,,,
SV013,L,358,3,3,1,1,3,Stimulus,,,,,,,,,,,,
SV013,L,359,2,0,1,1,0,Stimulus,,,,,,,,,,,,
SV013,L,360,2,3,1,1,3,Stimulus,,,,,,,,,,,,
SV013,L,361,2,3,0,0,3,Stimulus,,,,,,,,,,,,
SV013,L,362,2,0,0,1,0,Stimulus,,,,,,,,,,,,
SV013,L,363,2,3,0,1,3,Stimulus,,,,,,,,,,,,
SV013,L,364,2,0,0,1,0,Stimulus,,,,,,,,,,,,
SV013,L,365,2,2,0,1,2,Stimulus,,,,,,,,,,,,
SV013,L,366,3,2,1,0,2,Stimulus,,,,,,,,,,,,
SV013,L,367,2,3,1,0,3,Stimulus,,,,,,,,,,,,
SV013,L,368,2,0,1,1,0,Stimulus,,,,,,,,,,,,
SV013,L,369,2,2,1,0,2,Stimulus,,,,,,,,,,,,
SV013,L,370,2,3,1,0,3,Stimulus,,,,,,,,,,,,
SV013,L,371,3,2,1,0,2,Stimulus,,,,,,,,,,,,
SV013,L,372,3,3,0,1,3,Stimulus,,,,,,,,,,,,
SV013,L,373,3,3,0,1,3,Stimulus,,,,,,,,,,,,
SV013,L,374,2,3,0,0,3,Stimulus,,,,,,,,,,,,
SV013,L,375,3,0,0,0,0,Stimulus,,,,,,,,,,,,
SV013,L,376,2,3,1,1,3,Stimulus,,,,,,,,,,,,
SV013,L,377,2,2,0,0,2,Stimulus,,,,,,,,,,,,
SV013,L,378,3,2,1,1,2,Stimulus,,,,,,,,,,,,
SV013,L,379,3,2,0,0,2,Stimulus,,,,,,,,,,,,
SV013,L,380,2,2,0,1,2,Stimulus,,,,,,,,,,,,
SV013,L,381,2,2,1,1,2,Stimulus,,,,,,,,,,,,
SV013,L,382,3,2,1,1,2,Stimulus,,,,,,,,,,,,
SV013,L,383,3,2,1,1,2,Stimulus,,,,,,,,,,,,
SV013,L,384,3,2,1,1,2,Stimulus,,,,,,,,,,,,
SV013,L,385,3,2,0,1,2,Stimulus,,,,,,,,,,,,
SV013,L,386,3,0,0,1,0,Stimulus,,,,,,,,,,,,
SV013,L,387,3,2,1,0,2,Stimulus,,,,,,,,,,,,
SV013,L,388,3,0,0,0,0,Stimulus,,,,,,,,,,,,
SV013,L,389,2,0,0,1,0,Stimulus,,,,,,,,,,,,
SV013,L,390,3,3,0,1,3,Stimulus,,,,,,,,,,,,
SV013,L,391,3,2,1,1,2,Stimulus,,,,,,,,,,,,
SV013,L,392,2,2,0,1,2,Stimulus,,,,,,,,,,,,
SV013,L,393,2,0,1,1,0,Stimulus,,,,,,,,,,,,
SV013,L,394,2,3,1,0,3,Stimulus,,,,,,,,,,,,
SV013,L,395,3,0,1,0,0,Stimulus,,,,,,,,,,,,
SV013,L,396,3,2,0,1,2,Stimulus,,,,,,,,,,,,
SV013,L,397,3,3,0,0,3,Stimulus,,,,,,,,,,,,
SV013,L,398,3,2,1,1,2,Stimulus,,,,,,,,,,,,
SV013,L,399,2,2,1,0,2,Stimulus,,,,,,,,,,,,
SV013,L,400,2,2,0,1,2,Stimulus,,,,,,,,,,,,
SV013,L,401,3,0,0,1,0,Stimulus,,,,,,,,,,,,
SV013,L,402,2,2,1,0,2,Stimulus,,,,,,,,,,,,
SV013,L,403,2,2,1,0,2,Stimulus,,,,,,,,,,,,
SV013,L,404,2,2,0,0,2,Stimulus,,,,,,,,,,,,
SV013,L,405,2,2,0,0,2,Stimulus,,,,,,,,,,,,
SV013,L,406,3,2,1,0,2,Stimulus,,,,,,,,,,,,
SV013,L,407,3,0,1,1,0,Stimulus,,,,,,,,,,,,
SV013,L,408,3,3,1,0,3,Stimulus,,,,,,,,,,,,
SV013,L,409,3,3,1,0,3,Stimulus,,,,,,,,,,,,
SV013,L,410,3,0,1,0,0,Stimulus,,,,,,,,,,,,
SV013,L,411,2,2,1,1,2,Stimulus,,,,,,,,,,,,
SV013,L,412,2,0,1,1,0,Stimulus,,,,,,,,,,,,
SV013,L,413,2,2,1,0,2,Stimulus,,,,,,,,,,,,
SV013,L,414,3,3,0,0,3,Stimulus,,,,,,,,,,,,
SV013,L,415,3,0,1,0,0,Stimulus,,,,,,,,,,,,
SV013,L,416,3,3,0,1,3,Stimulus,,,,,,,,,,,,
SV013,L,417,2,0,0,0,0,Stimulus,,,,,,,,,,,,
SV013,L,418,2,3,0,1,3,Stimulus,,,,,,,,,,,,
SV013,L,419,3,0,0,1,0,Stimulus,,,,,,,,,,,,
SV013,L,420,2,0,0,0,0,Stimulus,,,,,,,,,,,,
SV013,L,421,2,0,0,1,0,Stimulus,,,,,,,,,,,,
SV013,L,422,2,2,0,1,2,Stimulus,,,,,,,,,,,,
SV013,L,423,3,0,0,1,0,Stimulus,,,,,,,,,,,,
SV013,L,424,2,3,1,1,3,Stimulus,,,,,,,,,,,,
SV013,L,425,3,3,0,0,3,Stimulus,,,,,,,,,,,,
SV013,L,426,2,3,1,0,3,Stimulus,,,,,,,,,,,,
SV013,L,427,3,3,1,1,3,Stimulus,,,,,,,,,,,,
SV013,L,428,2,3,1,1,3,Stimulus,,,,,,,,,,,,
SV013,L,429,2,2,0,0,2,Stimulus,,,,,,,,,,,,
SV013,L,430,3,3,0,0,3,Stimulus,,,,,,,,,,,,
SV013,L,431,2,3,0,1,3,Stimulus,,,,,,,,,,,,
SV013,L,432,3,0,0,0,0,Stimulus,,,,,,,,,,,,
SV013,L,433,3,3,0,0,3,Stimulus,,,,,,,,,,,,
SV013,L,434,3,0,1,0,0,Stimulus,,,,,,,,,,,,
SV013,L,435,2,0,0,1,0,Stimulus,,,,,,,,,,,,
SV013,L,436,3,2,1,0,2,Stimulus,,,,,,,,,,,,
SV013,L,437,3,2,0,0,2,Stimulus,,,,,,,,,,,,
SV013,L,438,2,3,1,1,3,Stimulus,,,,,,,,,,,,
SV013,L,439,2,3,1,0,3,Stimulus,,,,,,,,,,,,
SV013,L,440,2,3,1,1,3,Stimulus,,,,,,,,,,,,
SV013,L,441,2,3,1,0,3,Stimulus,,,,,,,,,,,,
SV013,L,442,2,0,0,1,0,Stimulus,,,,,,,,,,,,
SV013,L,443,2,2,1,0,2,Stimulus,,,,,,,,,,,,
SV013,L,444,3,3,0,1,3,Stimulus,,,,,,,,,,,,
SV013,L,445,2,0,1,0,0,Stimulus,,,,,,,,,,,,
SV013,L,446,3,3,0,1,3,Stimulus,,,,,,,,,,,,
SV013,L,447,3,0,1,1,0,Stimulus,,,,,,,,,,,,
SV013,L,448,2,3,1,0,3,Stimulus,,,,,,,,,,,,
SV013,L,449,2,2,1,0,2,Stimulus,,,,,,,,,,,,
SV013,L,450,3,3,1,0,3,Stimulus,,,,,,,,,,,,
SV013,L,451,3,0,1,1,0,Stimulus,,,,,,,,,,,,
SV013,L,452,2,3,0,1,3,Stimulus,,,,,,,,,,,,
SV013,L,453,3,0,1,0,0,Stimulus,,,,,,,,,,,,
SV013,L,454,3,2,0,1,2,Stimulus,,,,,,,,,,,,
SV013,L,455,3,3,1,1,3,Stimulus,,,,,,,,,,,,
SV013,L,456,2,0,1,1,0,Stimulus,,,,,,,,,,,,
SV013,L,457,2,2,0,1,2,Stimulus,,,,,,,,,,,,
SV013,L,458,2,0,0,1,0,Stimulus,,,,,,,,,,,,
SV013,L,459,2,3,0,1,3,Stimulus,,,,,,,,,,,,
SV013,L,460,2,3,0,1,3,Stimulus,,,,,,,,,,,,
SV013,L,461,3,0,0,1,0,Stimulus,,,,,,,,,,,,
SV013,L,462,2,2,1,1,2,Stimulus,,,,,,,,,,,,
SV013,L,463,3,0,0,0,0,Stimulus,,,,,,,,,,,,
SV013,L,464,3,2,0,0,2,Stimulus,,,,,,,,,,,,
SV013,L,465,2,3,0,0,3,Stimulus,,,,,,,,,,,,
SV013,L,466,2,2,1,1,2,Stimulus,,,,,,,,,,,,
SV013,L,467,2,3,0,0,3,Stimulus,,,,,,,,,,,,
SV013,L,468,3,3,1,0,3,Stimulus,,,,,,,,,,,,
SV013,L,469,2,2,0,0,2,Stimulus,,,,,,,,,,,,
SV013,L,470,3,2,1,0,2,Stimulus,,,,,,,,,,,,
SV013,L,471,2,2,1,1,2,Stimulus,,,,,,,,,,,,
SV013,L,472,3,2,0,1,2,Stimulus,,,,,,,,,,,,
SV013,L,473,2,0,1,0,0,Stimulus,,,,,,,,,,,,
SV013,L,474,2,3,0,1,3,Stimulus,,,,,,,,,,,,
SV013,L,475,3,2,1,1,2,Stimulus,,,,,,,,,,,,
SV013,L,476,3,2,1,1,2,Stimulus,,,,,,,,,,,,
SV013,L,477,2,2,0,0,2,Stimulus,,,,,,,,,,,,
SV013,L,478,2,0,0,0,0,Stimulus,,,,,,,,,,,,
SV013,L,479,2,2,1,1,2,Stimulus,,,,,,,,,,,,
SV013,L,480,2,2,0,0,2,Stimulus,,,,,,,,,,,,
SV013,R,1,2,3,0,0,3,Stimulus,,,,,,,,,,,,
SV013,R,2,2,3,1,0,3,Stimulus,,,,,,,,,,,,
SV013,R,3,3,3,0,1,3,Stimulus,,,,,,,,,,,,
SV013,R,4,3,0,0,0,3,Stimulus,,,,,,,,,,,,
SV013,R,5,2,2,1,1,2,Stimulus,,,,,,,,,,,,
SV013,R,6,2,0,1,1,2,Stimulus,,,,,,,,,,,,
SV013,R,7,2,0,1,1,2,Stimulus,,,,,,,,,,,,
SV013,R,8,3,0,0,1,2,Stimulus,,,,,,,,,,,,
SV013,R,9,2,0,1,1,2,Stimulus,,,,,,,,,,,,
SV013,R,10,3,2,1,1,2,Stimulus,,,,,,,,,,,,
SV013,R,11,2,2,1,0,0,Stimulus,,,,,,,,,,,,
SV013,R,12,3,2,0,1,2,Stimulus,,,,,,,,,,,,
SV013,R,13,2,0,1,0,2,Stimulus,,,,,,,,,,,,
SV013,R,14,3,2,1,1,2,Stimulus,,,,,,,,,,,,
SV013,R,15,2,2,0,0,2,Stimulus,,,,,,,,,,,,
SV013,R,16,3,0,0,1,2,Stimulus,,,,,,,,,,,,
SV013,R,17,2,0,0,0,2,Stimulus,,,,,,,,,,,,
SV013,R,18,2,0,0,0,2,Stimulus,,,,,,,,,,,,
SV013,R,19,3,0,0,0,2,Stimulus,,,,,,,,,,,,
SV013,R,20,3,3,0,1,3,Stimulus,,,,,,,,,,,,
SV013,R,21,2,2,1,1,2,Stimulus,,,,,,,,,,,,
SV013,R,22,2,0,0,0,2,Stimulus,,,,,,,,,,,,
SV013,R,23,3,3,0,0,3,Stimulus,,,,,,,,,,,,
SV013,R,24,3,0,1,1,2,Stimulus,,,,,,,,,,,,
SV013,R,25,3,2,0,0,2,Stimulus,,,,,,,,,,,,
SV013,R,26,2,0,0,1,2,Stimulus,,,,,,,,,,,,
SV013,R,27,3,0,1,1,2,Stimulus,,,,,,,,,,,,
SV013,R,28,2,3,1,0,2,Stimulus,,,,,,,,,,,,
SV013,R,29,3,0,0,1,2,Stimulus,,,,,,,,,,,,
SV013,R,30,3,0,1,1,2,Stimulus,,,,,,,,,,,,
SV013,R,31,2,2,0,1,2,Stimulus,,,,,,,,,,,,
SV013,R,32,2,0,1,1,2,Stimulus,,,,,,,,,,,,
SV013,R,33,3,2,1,1,2,Stimulus,,,,,,,,,,,,
SV013,R,34,3,3,1,1,2,Stimulus,,,,,,,,,,,,
SV013,R,35,2,3,0,1,3,Stimulus,,,,,,,,,,,,
SV013,R,36,2,0,0,0,2,Stimulus,,,,,,,,,,,,
SV013,R,37,2,2,1,0,2,Stimulus,,,,,,,,,,,,
SV013,R,38,2,3,0,1,3,Stimulus,,,,,,,,,,,,
SV013,R,39,2,3,0,0,3,Stimulus,,,,,,,,,,,,
SV013,R,40,3,2,0,1,2,Stimulus,,,,,,,,,,,,
SV013,R,41,3,2,1,0,2,Stimulus,,,,,,,,,,,,
SV013,R,42,2,3,1,1,2,Stimulus,,,,,,,,,,,,
SV013,R,43,3,0,1,1,2,Stimulus,,,,,,,,,,,,
SV013,R,44,3,3,0,1,3,Stimulus,,,,,,,,,,,,
SV013,R,45,3,2,1,1,2,Stimulus,,,,,,,,,,,,
SV013,R,46,3,2,0,0,2,Stimulus,,,,,,,,,,,,
SV013,R,47,2,3,0,1,3,Stimulus,,,,,,,,,,,,
SV013,R,48,3,0,0,1,3,Stimulus,,,,,,,,,,,,
SV013,R,49,3,3,1,0,3,Stimulus,,,,,,,,,,,,
SV013,R,50,2,2,1,0,2,Stimulus,,,,,,,,,,,,
SV013,R,51,3,0,1,0,3,Stimulus,,,,,,,,,,,,
SV013,R,52,3,0,0,0,3,Stimulus,,,,,,,,,,,,
SV013,R,53,2,3,0,1,3,Stimulus,,,,,,,,,,,,
SV013,R,54,3,0,1,0,3,Stimulus,,,,,,,,,,,,
SV013,R,55,3,3,1,0,3,Stimulus,,,,,,,,,,,,
SV013,R,56,2,2,0,0,2,Stimulus,,,,,,,,,,,,
SV013,R,57,3,0,1,0,2,Stimulus,,,,,,,,,,,,
SV013,R,58,3,3,0,1,3,Stimulus,,,,,,,,,,,,
SV013,R,59,3,3,0,0,3,Stimulus,,,,,,,,,,,,
SV013,R,60,3,3,1,1,3,Stimulus,,,,,,,,,,,,
SV013,R,61,3,3,1,1,3,Stimulus,,,,,,,,,,,,
SV013,R,62,3,0,0,1,2,Stimulus,,,,,,,,,,,,
SV013,R,63,2,2,1,0,2,Stimulus,,,,,,,,,,,,
SV013,R,64,2,3,1,0,3,Stimulus,,,,,,,,,,,,
SV013,R,65,2,3,0,1,3,Stimulus,,,,,,,,,,,,
SV013,R,66,2,2,0,1,2,Stimulus,,,,,,,,,,,,
SV013,R,67,2,0,0,1,2,Stimulus,,,,,,,,,,,,
SV013,R,68,3,0,0,0,3,Stimulus,,,,,,,,0.9,0.9,109.0,109.0,12.0
SV013,R,69,2,3,0,0,3,Stimulus,,,,,,,,,,,,
SV013,R,70,3,0,0,0,3,Stimulus,,,,,,,,,,,,
SV013,R,71,3,2,0,0,2,Stimulus,,,,,,,,,,,,
SV013,R,72,2,2,0,0,2,Stimulus,,,,,,,,,,,,
SV013,R,73,3,2,1,1,2,Stimulus,,,,,,,,,,,,
SV013,R,74,2,3,0,1,3,Stimulus,,,,,,,,,,,,
SV013,R,75,2,3,1,1,2,Stimulus,,,,,,,,,,,,
SV013,R,76,2,2,1,0,2,Stimulus,,,,,,,,,,,,
SV013,R,77,3,2,0,1,2,Stimulus,,,,,,,,,,,,
SV013,R,78,3,3,0,0,3,Stimulus,,,,,,,,,,,,
SV013,R,79,3,2,1,0,2,Stimulus,,,,,,,,,,,,
SV013,R,80,3,0,1,0,3,Stimulus,,,,,,,,,,,,
SV013,R,81,3,2,1,0,2,Stimulus,,,,,,,,,,,,
SV013,R,82,2,0,0,0,2,Stimulus,,,,,,,,,,,,
SV013,R,83,2,2,1,1,2,Stimulus,,,,,,,,,,,,
SV013,R,84,3,0,0,0,2,Stimulus,,,,,,,,,,,,
SV013,R,85,2,0,1,0,2,Stimulus,,,,,,,,,,,,
SV013,R,86,3,0,1,1,1,Stimulus,,,,,,,,,,,,
SV013,R,87,2,0,0,1,3,Stimulus,,,,,,,,,,,,
SV013,R,88,2,0,1,0,2,Stimulus,,,,,,,,,,,,
SV013,R,89,3,0,1,0,3,Stimulus,,,,,,,,,,,,
SV013,R,90,3,2,1,1,2,Stimulus,,,,,,,,,,,,
SV013,R,91,2,3,1,0,3,Stimulus,,,,,,,,,,,,
SV013,R,92,3,0,0,1,2,Stimulus,,,,,,,,,,,,
SV013,R,93,3,0,0,1,2,Stimulus,,,,,,,,,,,,
SV013,R,94,3,3,1,1,2,Stimulus,,,,,,,,,,,,
SV013,R,95,3,0,1,0,3,Stimulus,,,,,,,,,,,,
SV013,R,96,2,2,1,0,2,Stimulus,,,,,,,,,,,,
SV013,R,97,2,3,1,1,2,Stimulus,,,,,,,,,,,,
SV013,R,98,3,3,1,1,2,Stimulus,,,,,,,,,,,,
SV013,R,99,2,0,1,1,1,Stimulus,,,,,,,,,,,,
SV013,R,100,2,2,0,0,1,Stimulus,,,,,,,,,,,,
SV013,R,101,3,0,1,1,2,Stimulus,,,,,,,,,,,,
SV013,R,102,3,2,0,1,2,Stimulus,,,,,,,,,,,,
SV013,R,103,3,2,0,0,2,Stimulus,,,,,,,,,,,,
SV013,R,104,3,0,1,1,2,Stimulus,1906.7,1906.7,1412.8,1412.8,231.0,231.0,52.0,0.7,0.9,108.0,138.0,22.0
SV013,R,105,2,2,1,1,2,Stimulus,,,,,,,,,,,,
SV013,R,106,3,2,0,0,2,Stimulus,,,,,,,,,,,,
SV013,R,107,3,0,0,0,3,Stimulus,,,,,,,,,,,,
SV013,R,108,2,2,0,0,2,Stimulus,,,,,,,,,,,,
SV013,R,109,3,0,1,0,2,Stimulus,,,,,,,,0.3,0.3,108.0,108.0,28.0
SV013,R,110,3,2,1,0,2,Stimulus,,,,,,,,,,,,
SV013,R,111,2,2,1,1,2,Stimulus,,,,,,,,,,,,
SV013,R,112,3,2,0,0,2,Stimulus,,,,,,,,0.4,0.4,55.0,55.0,12.0
SV013,R,113,2,3,0,0,2,Stimulus,,,,,,,,,,,,
SV013,R,114,2,2,0,1,2,Stimulus,,,,,,,,,,,,
SV013,R,115,3,3,1,0,2,Stimulus,1980.3,1980.3,1297.9,1297.9,133.0,133.0,28.0,1.2,1.2,78.0,78.0,20.0
SV013,R,116,2,3,0,0,3,Stimulus,,,,,,,,,,,,
SV013,R,117,3,3,0,1,3,Stimulus,,,,,,,,,,,,
SV013,R,118,3,0,0,0,3,Stimulus,,,,,,,,,,,,
SV013,R,119,2,2,1,0,2,Stimulus,,,,,,,,,,,,
SV013,R,120,3,3,1,0,2,Stimulus,,,,,,,,0.5,0.5,62.0,62.0,12.0
SV013,R,121,2,2,1,0,2,Stimulus,,,,,,,,,,,,
SV013,R,122,2,2,1,1,1,Stimulus,,,,,,,,,,,,
SV013,R,123,3,0,1,0,3,Stimulus,,,,,,,,,,,,
SV013,R,124,3,0,0,0,3,Stimulus,,,,,,,,,,,,
SV013,R,125,3,3,1,1,2,Stimulus,,,,,,,,,,,,
SV013,R,126,2,0,0,1,2,Stimulus,,,,,,,,,,,,
SV013,R,127,3,2,1,1,2,Stimulus,,,,,,,,,,,,
SV013,R,128,2,2,0,1,2,Stimulus,,,,,,,,,,,,
SV013,R,129,2,3,0,1,3,Stimulus,,,,,,,,,,,,
SV013,R,130,3,3,0,0,3,Stimulus,,,,,,,,,,,,
SV013,R,131,3,2,1,0,2,Stimulus,,,,,,,,,,,,
SV013,R,132,3,3,1,0,3,Stimulus,,,,,,,,,,,,
SV013,R,133,3,3,1,1,2,Stimulus,,,,,,,,,,,,
SV013,R,134,2,2,0,0,2,Stimulus,,,,,,,,,,,,
SV013,R,135,2,3,1,0,2,Stimulus,,,,,,,,,,,,
SV013,R,136,3,3,1,0,3,Stimulus,,,,,,,,,,,,
SV013,R,137,2,3,0,0,3,Stimulus,,,,,,,,,,,,
SV013,R,138,3,3,0,0,3,Stimulus,,,,,,,,,,,,
SV013,R,139,3,0,0,1,2,Stimulus,,,,,,,,,,,,
SV013,R,140,2,0,0,1,2,Stimulus,,,,,,,,,,,,
SV013,R,141,2,3,1,0,2,Stimulus,,,,,,,,,,,,
SV013,R,142,3,0,1,1,2,Stimulus,,,,,,,,,,,,
SV013,R,143,3,0,1,0,2,Stimulus,,,,,,,,,,,,
SV013,R,144,2,3,1,0,2,Stimulus,,,,,,,,,,,,
SV013,R,145,2,0,1,0,2,Stimulus,,,,,,,,,,,,
SV013,R,146,3,0,0,1,2,Stimulus,,,,,,,,,,,,
SV013,R,147,3,2,0,0,2,Stimulus,,,,,,,,,,,,
SV013,R,148,3,3,1,1,2,Stimulus,,,,,,,,,,,,
SV013,R,149,2,2,1,0,2,Stimulus,,,,,,,,,,,,
SV013,R,150,2,2,0,1,2,Stimulus,,,,,,,,,,,,
SV013,R,151,3,3,1,0,3,Stimulus,,,,,,,,,,,,
SV013,R,152,3,3,0,0,3,Stimulus,,,,,,,,,,,,
SV013,R,153,2,0,0,0,2,Stimulus,,,,,,,,,,,,
SV013,R,154,3,2,0,0,2,Stimulus,,,,,,,,,,,,
SV013,R,155,2,0,1,0,2,Stimulus,,,,,,,,,,,,
SV013,R,156,3,0,1,1,1,Stimulus,,,,,,,,,,,,
SV013,R,157,3,2,1,0,2,Stimulus,,,,,,,,,,,,
SV013,R,158,3,2,0,1,2,Stimulus,,,,,,,,,,,,
SV013,R,159,3,3,1,0,3,Stimulus,,,,,,,,,,,,
SV013,R,160,2,3,0,1,3,Stimulus,,,,,,,,,,,,
SV013,R,161,3,2,0,1,2,Stimulus,,,,,,,,,,,,
SV013,R,162,3,3,0,1,3,Stimulus,,,,,,,,,,,,
SV013,R,163,2,3,0,0,3,Stimulus,,,,,,,,,,,,
SV013,R,164,2,2,0,1,2,Stimulus,,,,,,,,0.8,0.8,72.0,72.0,16.0
SV013,R,165,2,2,1,1,2,Stimulus,2165.4,2165.4,1380.8,1380.8,599.0,599.0,64.0,1.9,1.9,140.0,140.0,20.0
SV013,R,166,2,3,1,1,3,Stimulus,,,,,,,,,,,,
SV013,R,167,2,0,1,1,2,Stimulus,,,,,,,,,,,,
SV013,R,168,2,0,0,1,2,Stimulus,,,,,,,,,,,,
SV013,R,169,3,2,0,1,2,Stimulus,,,,,,,,,,,,
SV013,R,170,2,0,0,0,2,Stimulus,,,,,,,,,,,,
SV013,R,171,2,0,1,1,2,Stimulus,,,,,,,,,,,,
SV013,R,172,2,0,0,1,2,Stimulus,2021.2,2021.2,1871.7,1871.7,292.0,292.0,36.0,1.0,1.0,126.0,126.0,12.0
SV013,R,173,2,0,1,1,2,Stimulus,,,,,,,,,,,,
SV013,R,174,2,0,0,1,2,Stimulus,,,,,,,,,,,,
SV013,R,175,3,3,0,0,3,Stimulus,,,,,,,,,,,,
SV013,R,176,3,3,0,0,3,Stimulus,,,,,,,,,,,,
SV013,R,177,3,0,0,1,2,Stimulus,,,,,,,,,,,,
SV013,R,178,2,3,1,1,3,Stimulus,,,,,,,,,,,,
SV013,R,179,3,3,0,1,1,Stimulus,2733.8,2873.9,1804.65,1992.5,330.0,426.0,60.0,2.35,3.9,223.0,346.0,64.0
SV013,R,180,2,2,0,0,2,Stimulus,,,,,,,,,,,,
SV013,R,181,2,0,0,1,2,Stimulus,,,,,,,,,,,,
SV013,R,182,2,0,1,0,2,Stimulus,1713.7,1713.7,1078.7,1078.7,423.0,423.0,180.0,4.45,8.3,143.0,207.0,38.0
SV013,R,183,2,2,0,1,2,Stimulus,2704.95,2795.0,1538.4,1708.6,206.5,337.0,52.0,1.4,1.4,145.0,174.0,14.0
SV013,R,184,2,3,1,0,3,Stimulus,-380.54999999999995,-345.7,2589.2,2608.6,66.0,74.0,32.0,4.15,8.0,272.0,313.0,50.0
SV013,R,185,2,2,1,1,2,Stimulus,,,,,,,,,,,,
SV013,R,186,2,0,0,1,0,Stimulus,,,,,,,,,,,,
SV013,R,187,2,0,0,0,2,Stimulus,,,,,,,,,,,,
SV013,R,188,3,3,0,1,3,Stimulus,3065.7,3065.7,2097.5,2097.5,93.0,93.0,76.0,1.15,1.3,145.5,161.0,12.0
SV013,R,189,2,0,1,0,2,Stimulus,,,,,,,,1.05,1.1,65.0,130.0,122.0
SV013,R,190,3,3,0,1,2,Stimulus,,,,,,,,10.7,10.7,394.0,394.0,152.0
SV013,R,191,3,2,1,1,2,Stimulus,,,,,,,,,,,,
SV013,R,192,2,0,1,1,1,Stimulus,,,,,,,,,,,,
SV013,R,193,2,3,1,0,2,Stimulus,,,,,,,,0.6,0.6,79.0,79.0,12.0
SV013,R,194,3,2,1,0,2,Stimulus,,,,,,,,,,,,
SV013,R,195,2,2,0,1,1,Stimulus,,,,,,,,,,,,
SV013,R,196,2,0,0,0,1,Stimulus,,,,,,,,,,,,
SV013,R,197,2,3,1,1,2,Stimulus,2520.133333333333,2573.6,1854.9333333333334,2038.5,340.3333333333333,343.0,52.0,1.5,2.0,178.0,229.0,20.0
SV013,R,198,3,3,0,0,3,Stimulus,,,,,,,,,,,,
SV013,R,199,3,2,1,0,2,Stimulus,,,,,,,,,,,,
SV013,R,200,2,0,1,0,2,Stimulus,,,,,,,,1.7,1.7,126.0,126.0,20.0
SV013,R,201,2,2,0,0,2,Stimulus,,,,,,,,,,,,
SV013,R,202,3,0,1,0,2,Stimulus,,,,,,,,,,,,
SV013,R,203,3,2,0,1,2,Stimulus,,,,,,,,,,,,
SV013,R,204,2,3,1,1,3,Stimulus,,,,,,,,,,,,
SV013,R,205,2,2,0,0,2,Stimulus,,,,,,,,1.2,1.2,1076.0,1076.0,212.0
SV013,R,206,2,0,1,0,2,Stimulus,,,,,,,,,,,,
SV013,R,207,2,2,0,1,2,Stimulus,,,,,,,,,,,,
SV013,R,208,3,2,1,0,2,Stimulus,,,,,,,,1.0,1.2,621.5,1158.0,106.0
SV013,R,209,2,2,1,1,2,Stimulus,,,,,,,,,,,,
SV013,R,210,3,3,1,1,3,Stimulus,,,,,,,,,,,,
SV013,R,211,2,3,0,0,3,Stimulus,,,,,,,,0.8,0.8,66.0,66.0,16.0
SV013,R,212,3,2,1,1,2,Stimulus,,,,,,,,,,,,
SV013,R,213,3,3,1,0,3,Stimulus,,,,,,,,,,,,
SV013,R,214,2,2,0,1,2,Stimulus,,,,,,,,,,,,
SV013,R,215,3,2,1,1,2,Stimulus,,,,,,,,,,,,
SV013,R,216,3,3,1,1,3,Stimulus,,,,,,,,,,,,
SV013,R,217,3,3,0,0,3,Stimulus,,,,,,,,,,,,
SV013,R,218,2,3,0,0,2,Stimulus,,,,,,,,,,,,
SV013,R,219,2,3,0,0,2,Stimulus,,,,,,,,,,,,
SV013,R,220,2,3,1,1,3,Stimulus,,,,,,,,,,,,
SV013,R,221,2,0,1,0,2,Stimulus,,,,,,,,,,,,
SV013,R,222,3,3,1,0,3,Stimulus,,,,,,,,,,,,
SV013,R,223,3,2,0,0,2,Stimulus,,,,,,,,,,,,
SV013,R,224,2,3,1,0,2,Stimulus,,,,,,,,,,,,
SV013,R,225,3,2,0,1,2,Stimulus,,,,,,,,,,,,
SV013,R,226,2,3,1,1,3,Stimulus,,,,,,,,,,,,
SV013,R,227,2,2,1,0,2,Stimulus,,,,,,,,,,,,
SV013,R,228,3,2,1,0,2,Stimulus,,,,,,,,,,,,
SV013,R,229,3,2,0,1,2,Stimulus,,,,,,,,,,,,
SV013,R,230,3,0,1,1,2,Stimulus,,,,,,,,,,,,
SV013,R,231,2,3,1,1,2,Stimulus,,,,,,,,,,,,
SV013,R,232,3,3,0,1,2,Stimulus,,,,,,,,,,,,
SV013,R,233,2,0,1,1,2,Stimulus,,,,,,,,,,,,
SV013,R,234,2,3,0,1,2,Stimulus,,,,,,,,,,,,
SV013,R,235,2,2,1,1,2,Stimulus,,,,,,,,,,,,
SV013,R,236,2,3,0,1,2,Stimulus,,,,,,,,,,,,
SV013,R,237,2,2,0,0,2,Stimulus,,,,,,,,,,,,
SV013,R,238,3,2,0,0,2,Stimulus,,,,,,,,,,,,
SV013,R,239,3,0,0,0,2,Stimulus,,,,,,,,,,,,
SV013,R,240,2,0,0,0,2,Stimulus,,,,,,,,,,,,
SV013,R,241,3,2,1,0,2,Stimulus,,,,,,,,,,,,
SV013,R,242,3,0,1,0,1,Stimulus,,,,,,,,,,,,
SV013,R,243,2,3,1,0,3,Stimulus,,,,,,,,,,,,
SV013,R,244,3,3,1,1,3,Stimulus,,,,,,,,,,,,
SV013,R,245,2,3,0,1,3,Stimulus,,,,,,,,,,,,
SV013,R,246,2,2,1,1,2,Stimulus,,,,,,,,,,,,
SV013,R,247,2,0,0,0,0,Stimulus,,,,,,,,,,,,
SV013,R,248,3,3,0,1,3,Stimulus,,,,,,,,,,,,
SV013,R,249,3,0,1,0,0,Stimulus,,,,,,,,,,,,
SV013,R,250,2,3,1,1,3,Stimulus,,,,,,,,,,,,
SV013,R,251,2,3,0,1,3,Stimulus,,,,,,,,,,,,
SV013,R,252,2,0,0,0,0,Stimulus,,,,,,,,,,,,
SV013,R,253,2,0,0,1,0,Stimulus,,,,,,,,,,,,
SV013,R,254,2,0,1,0,0,Stimulus,,,,,,,,,,,,
SV013,R,255,3,2,1,0,2,Stimulus,,,,,,,,,,,,
SV013,R,256,3,0,0,1,0,Stimulus,,,,,,,,,,,,
SV013,R,257,2,0,0,1,0,Stimulus,,,,,,,,,,,,
SV013,R,258,2,0,1,0,0,Stimulus,,,,,,,,,,,,
SV013,R,259,3,3,0,1,3,Stimulus,,,,,,,,,,,,
SV013,R,260,3,0,0,0,0,Stimulus,,,,,,,,,,,,
SV013,R,261,3,3,1,1,3,Stimulus,,,,,,,,,,,,
SV013,R,262,2,3,0,1,3,Stimulus,,,,,,,,,,,,
SV013,R,263,2,0,1,1,0,Stimulus,,,,,,,,,,,,
SV013,R,264,3,2,0,1,2,Stimulus,,,,,,,,,,,,
SV013,R,265,2,3,1,0,3,Stimulus,,,,,,,,,,,,
SV013,R,266,2,0,1,1,0,Stimulus,,,,,,,,,,,,
SV013,R,267,3,3,1,1,3,Stimulus,,,,,,,,,,,,
SV013,R,268,3,2,0,0,2,Stimulus,,,,,,,,,,,,
SV013,R,269,3,0,1,1,0,Stimulus,,,,,,,,,,,,
SV013,R,270,2,0,0,0,0,Stimulus,,,,,,,,,,,,
SV013,R,271,2,2,1,0,2,Stimulus,,,,,,,,,,,,
SV013,R,272,2,2,1,1,2,Stimulus,,,,,,,,,,,,
SV013,R,273,2,0,0,1,0,Stimulus,,,,,,,,,,,,
SV013,R,274,3,2,0,0,2,Stimulus,,,,,,,,,,,,
SV013,R,275,3,2,0,1,2,Stimulus,,,,,,,,,,,,
SV013,R,276,2,3,0,0,3,Stimulus,,,,,,,,,,,,
SV013,R,277,3,3,1,1,3,Stimulus,,,,,,,,,,,,
SV013,R,278,2,2,1,0,0,Stimulus,,,,,,,,,,,,
SV013,R,279,2,2,0,1,2,Stimulus,,,,,,,,,,,,
SV013,R,280,2,3,0,0,3,Stimulus,,,,,,,,,,,,
SV013,R,281,2,3,1,0,3,Stimulus,,,,,,,,,,,,
SV013,R,282,3,2,1,0,2,Stimulus,,,,,,,,,,,,
SV013,R,283,2,3,0,0,3,Stimulus,,,,,,,,,,,,
SV013,R,284,3,0,1,1,0,Stimulus,,,,,,,,,,,,
SV013,R,285,2,3,0,1,3,Stimulus,,,,,,,,,,,,
SV013,R,286,3,2,0,0,2,Stimulus,,,,,,,,,,,,
SV013,R,287,2,2,0,0,2,Stimulus,,,,,,,,,,,,
SV013,R,288,3,0,1,1,0,Stimulus,,,,,,,,,,,,
SV013,R,289,3,2,0,0,2,Stimulus,,,,,,,,,,,,
SV013,R,290,2,0,1,1,0,Stimulus,,,,,,,,,,,,
SV013,R,291,2,2,1,0,2,Stimulus,,,,,,,,,,,,
SV013,R,292,3,2,0,0,2,Stimulus,,,,,,,,,,,,
SV013,R,293,3,0,1,0,0,Stimulus,,,,,,,,,,,,
SV013,R,294,3,3,1,1,3,Stimulus,,,,,,,,,,,,
SV013,R,295,2,2,1,1,2,Stimulus,,,,,,,,,,,,
SV013,R,296,3,0,0,0,0,Stimulus,,,,,,,,,,,,
SV013,R,297,2,0,0,1,0,Stimulus,,,,,,,,,,,,
SV013,R,298,3,3,1,0,3,Stimulus,,,,,,,,,,,,
SV013,R,299,3,0,0,0,0,Stimulus,,,,,,,,,,,,
SV013,R,300,3,3,1,1,3,Stimulus,,,,,,,,,,,,
SV013,R,301,3,3,1,0,3,Stimulus,,,,,,,,,,,,
SV013,R,302,3,0,1,1,0,Stimulus,,,,,,,,,,,,
SV013,R,303,2,2,1,1,2,Stimulus,,,,,,,,,,,,
SV013,R,304,3,3,1,1,3,Stimulus,,,,,,,,,,,,
SV013,R,305,3,0,0,1,0,Stimulus,,,,,,,,,,,,
SV013,R,306,3,3,0,0,3,Stimulus,,,,,,,,,,,,
SV013,R,307,2,3,0,0,3,Stimulus,,,,,,,,,,,,
SV013,R,308,3,3,0,1,3,Stimulus,,,,,,,,,,,,
SV013,R,309,3,3,0,0,3,Stimulus,,,,,,,,,,,,
SV013,R,310,3,2,1,0,2,Stimulus,,,,,,,,,,,,
SV013,R,311,3,0,1,1,0,Stimulus,,,,,,,,,,,,
SV013,R,312,2,0,1,0,0,Stimulus,,,,,,,,,,,,
SV013,R,313,2,3,0,0,3,Stimulus,,,,,,,,,,,,
SV013,R,314,3,2,1,1,2,Stimulus,,,,,,,,,,,,
SV013,R,315,3,2,0,1,2,Stimulus,,,,,,,,,,,,
SV013,R,316,3,0,1,0,0,Stimulus,,,,,,,,,,,,
SV013,R,317,3,0,0,1,0,Stimulus,,,,,,,,,,,,
SV013,R,318,2,2,1,1,2,Stimulus,,,,,,,,,,,,
SV013,R,319,2,3,1,1,0,Stimulus,,,,,,,,,,,,
SV013,R,320,2,0,1,0,0,Stimulus,,,,,,,,,,,,
SV013,R,321,3,3,0,0,3,Stimulus,,,,,,,,,,,,
SV013,R,322,3,0,1,1,0,Stimulus,,,,,,,,,,,,
SV013,R,323,3,0,1,0,0,Stimulus,,,,,,,,,,,,
SV013,R,324,2,0,1,1,0,Stimulus,,,,,,,,,,,,
SV013,R,325,2,3,0,0,3,Stimulus,,,,,,,,,,,,
SV013,R,326,2,0,1,0,0,Stimulus,,,,,,,,,,,,
SV013,R,327,2,3,0,0,3,Stimulus,,,,,,,,,,,,
SV013,R,328,3,0,1,1,0,Stimulus,,,,,,,,,,,,
SV013,R,329,3,3,1,0,3,Stimulus,,,,,,,,,,,,
SV013,R,330,2,0,1,0,0,Stimulus,,,,,,,,,,,,
SV013,R,331,2,3,1,1,3,Stimulus,,,,,,,,,,,,
SV013,R,332,2,2,1,0,2,Stimulus,,,,,,,,,,,,
SV013,R,333,3,2,0,1,2,Stimulus,,,,,,,,,,,,
SV013,R,334,2,0,1,0,0,Stimulus,,,,,,,,,,,,
SV013,R,335,2,0,0,0,0,Stimulus,,,,,,,,,,,,
SV013,R,336,2,0,0,0,0,Stimulus,,,,,,,,,,,,
SV013,R,337,3,2,1,1,2,Stimulus,,,,,,,,,,,,
SV013,R,338,3,2,0,1,2,Stimulus,,,,,,,,,,,,
SV013,R,339,3,0,1,0,0,Stimulus,,,,,,,,0.5,0.5,61.0,61.0,12.0
SV013,R,340,3,0,1,1,2,Stimulus,,,,,,,,,,,,
SV013,R,341,3,2,0,0,2,Stimulus,,,,,,,,,,,,
SV013,R,342,3,2,1,1,2,Stimulus,,,,,,,,,,,,
SV013,R,343,2,2,1,0,2,Stimulus,,,,,,,,,,,,
SV013,R,344,2,2,1,0,2,Stimulus,,,,,,,,,,,,
SV013,R,345,3,0,0,1,0,Stimulus,,,,,,,,,,,,
SV013,R,346,3,0,0,0,0,Stimulus,,,,,,,,,,,,
SV013,R,347,2,0,1,0,0,Stimulus,,,,,,,,,,,,
SV013,R,348,3,3,0,1,3,Stimulus,,,,,,,,,,,,
SV013,R,349,3,2,0,0,2,Stimulus,,,,,,,,,,,,
SV013,R,350,2,0,0,0,0,Stimulus,,,,,,,,,,,,
SV013,R,351,3,2,1,0,2,Stimulus,,,,,,,,,,,,
SV013,R,352,3,3,1,0,3,Stimulus,,,,,,,,,,,,
SV013,R,353,3,2,0,1,2,Stimulus,,,,,,,,,,,,
SV013,R,354,2,3,0,1,3,Stimulus,,,,,,,,,,,,
SV013,R,355,3,3,1,0,3,Stimulus,,,,,,,,,,,,
SV013,R,356,3,0,0,0,0,Stimulus,,,,,,,,,,,,
SV013,R,357,2,2,0,1,2,Stimulus,,,,,,,,,,,,
SV013,R,358,3,3,1,1,3,Stimulus,,,,,,,,,,,,
SV013,R,359,2,3,1,1,3,Stimulus,,,,,,,,,,,,
SV013,R,360,2,3,1,0,3,Stimulus,,,,,,,,,,,,
SV013,R,361,2,0,0,1,0,Stimulus,,,,,,,,,,,,
SV013,R,362,2,3,1,1,3,Stimulus,,,,,,,,,,,,
SV013,R,363,2,0,0,1,0,Stimulus,,,,,,,,,,,,
SV013,R,364,2,2,0,1,2,Stimulus,,,,,,,,,,,,
SV013,R,365,3,2,0,1,2,Stimulus,,,,,,,,,,,,
SV013,R,366,2,3,0,1,3,Stimulus,,,,,,,,,,,,
SV013,R,367,2,0,1,1,3,Stimulus,,,,,,,,,,,,
SV013,R,368,2,2,0,1,2,Stimulus,,,,,,,,,,,,
SV013,R,369,2,3,1,0,3,Stimulus,,,,,,,,,,,,
SV013,R,370,3,2,0,1,2,Stimulus,,,,,,,,,,,,
SV013,R,371,3,3,0,1,3,Stimulus,,,,,,,,,,,,
SV013,R,372,3,3,0,1,3,Stimulus,,,,,,,,,,,,
SV013,R,373,2,3,0,0,3,Stimulus,,,,,,,,,,,,
SV013,R,374,3,0,0,0,0,Stimulus,,,,,,,,,,,,
SV013,R,375,2,2,0,0,2,Stimulus,,,,,,,,,,,,
SV013,R,376,2,2,0,0,2,Stimulus,,,,,,,,,,,,
SV013,R,377,3,2,0,0,2,Stimulus,,,,,,,,,,,,
SV013,R,378,2,2,0,1,2,Stimulus,,,,,,,,,,,,
SV013,R,379,3,2,1,1,2,Stimulus,,,,,,,,,,,,
SV013,R,380,3,2,1,1,2,Stimulus,,,,,,,,,,,,
SV013,R,381,3,2,1,1,2,Stimulus,,,,,,,,,,,,
SV013,R,382,3,2,1,1,2,Stimulus,,,,,,,,,,,,
SV013,R,383,3,0,0,1,0,Stimulus,,,,,,,,,,,,
SV013,R,384,3,2,1,0,2,Stimulus,,,,,,,,,,,,
SV013,R,385,3,3,0,0,3,Stimulus,,,,,,,,,,,,
SV013,R,386,3,0,0,0,0,Stimulus,,,,,,,,,,,,
SV013,R,387,2,0,0,1,0,Stimulus,,,,,,,,,,,,
SV013,R,388,3,3,0,1,3,Stimulus,,,,,,,,,,,,
SV013,R,389,3,2,1,1,2,Stimulus,,,,,,,,,,,,
SV013,R,390,2,2,0,1,2,Stimulus,,,,,,,,,,,,
SV013,R,391,2,0,1,1,0,Stimulus,,,,,,,,,,,,
SV013,R,392,2,3,1,0,3,Stimulus,,,,,,,,,,,,
SV013,R,393,3,3,0,0,3,Stimulus,,,,,,,,,,,,
SV013,R,394,3,0,1,0,0,Stimulus,,,,,,,,,,,,
SV013,R,395,3,2,0,1,2,Stimulus,,,,,,,,,,,,
SV013,R,396,3,3,0,0,3,Stimulus,,,,,,,,,,,,
SV013,R,397,2,2,0,0,2,Stimulus,,,,,,,,,,,,
SV013,R,398,3,0,0,0,0,Stimulus,,,,,,,,,,,,
SV013,R,399,2,2,1,0,2,Stimulus,,,,,,,,,,,,
SV013,R,400,2,2,1,1,2,Stimulus,,,,,,,,,,,,
SV013,R,401,3,0,0,1,0,Stimulus,,,,,,,,,,,,
SV013,R,402,2,2,1,0,2,Stimulus,,,,,,,,,,,,
SV013,R,403,2,2,0,1,2,Stimulus,,,,,,,,,,,,
SV013,R,404,3,3,0,0,3,Stimulus,,,,,,,,,,,,
SV013,R,405,2,2,0,0,2,Stimulus,,,,,,,,,,,,
SV013,R,406,2,2,0,0,2,Stimulus,,,,,,,,,,,,
SV013,R,407,3,2,1,0,2,Stimulus,,,,,,,,,,,,
SV013,R,408,2,0,0,0,0,Stimulus,,,,,,,,,,,,
SV013,R,409,3,3,1,0,3,Stimulus,,,,,,,,,,,,
SV013,R,410,3,3,1,0,3,Stimulus,,,,,,,,,,,,
SV013,R,411,3,0,1,0,0,Stimulus,,,,,,,,,,,,
SV013,R,412,3,2,0,0,2,Stimulus,,,,,,,,,,,,
SV013,R,413,2,2,1,1,2,Stimulus,,,,,,,,,,,,
SV013,R,414,2,0,1,1,0,Stimulus,,,,,,,,,,,,
SV013,R,415,2,2,0,1,2,Stimulus,,,,,,,,,,,,
SV013,R,416,3,3,0,0,3,Stimulus,,,,,,,,,,,,
SV013,R,417,3,0,1,0,0,Stimulus,,,,,,,,,,,,
SV013,R,418,3,3,0,1,3,Stimulus,,,,,,,,,,,,
SV013,R,419,2,0,0,0,0,Stimulus,,,,,,,,,,,,
SV013,R,420,2,3,1,1,3,Stimulus,,,,,,,,,,,,
SV013,R,421,3,0,0,1,0,Stimulus,,,,,,,,,,,,
SV013,R,422,2,0,0,0,0,Stimulus,,,,,,,,,,,,
SV013,R,423,3,3,0,0,3,Stimulus,,,,,,,,,,,,
SV013,R,424,2,0,0,1,0,Stimulus,,,,,,,,,,,,
SV013,R,425,2,2,1,1,2,Stimulus,,,,,,,,,,,,
SV013,R,426,3,0,0,1,0,Stimulus,,,,,,,,,,,,
SV013,R,427,2,3,1,1,3,Stimulus,,,,,,,,,,,,
SV013,R,428,3,3,1,0,3,Stimulus,,,,,,,,,,,,
SV013,R,429,2,3,0,1,3,Stimulus,,,,,,,,,,,,
SV013,R,430,3,3,1,1,3,Stimulus,,,,,,,,,,,,
SV013,R,431,2,2,0,0,3,Stimulus,,,,,,,,,,,,
SV013,R,432,3,3,0,0,3,Stimulus,,,,,,,,,,,,
SV013,R,433,2,3,1,1,3,Stimulus,,,,,,,,,,,,
SV013,R,434,3,0,0,0,0,Stimulus,,,,,,,,,,,,
SV013,R,435,3,3,1,0,3,Stimulus,,,,,,,,,,,,
SV013,R,436,3,0,0,1,0,Stimulus,,,,,,,,,,,,
SV013,R,437,2,0,1,1,0,Stimulus,,,,,,,,,,,,
SV013,R,438,3,2,1,0,2,Stimulus,,,,,,,,,,,,
SV013,R,439,3,2,1,0,2,Stimulus,,,,,,,,,,,,
SV013,R,440,2,3,1,1,3,Stimulus,,,,,,,,,,,,
SV013,R,441,2,3,1,0,3,Stimulus,,,,,,,,,,,,
SV013,R,442,2,3,1,0,3,Stimulus,,,,,,,,,,,,
SV013,R,443,2,0,0,1,0,Stimulus,,,,,,,,,,,,
SV013,R,444,2,2,0,1,2,Stimulus,,,,,,,,,,,,
SV013,R,445,3,3,1,1,3,Stimulus,,,,,,,,,,,,
SV013,R,446,2,0,0,1,0,Stimulus,,,,,,,,,,,,
SV013,R,447,3,3,0,1,3,Stimulus,,,,,,,,,,,,
SV013,R,448,3,0,1,1,0,Stimulus,,,,,,,,,,,,
SV013,R,449,2,3,1,0,3,Stimulus,,,,,,,,,,,,
SV013,R,450,2,2,1,0,2,Stimulus,,,,,,,,,,,,
SV013,R,451,3,3,1,0,3,Stimulus,,,,,,,,,,,,
SV013,R,452,2,0,0,0,0,Stimulus,,,,,,,,,,,,
SV013,R,453,2,3,0,1,3,Stimulus,,,,,,,,,,,,
SV013,R,454,3,0,0,1,0,Stimulus,,,,,,,,,,,,
SV013,R,455,3,2,1,1,2,Stimulus,,,,,,,,,,,,
SV013,R,456,2,3,0,0,3,Stimulus,,,,,,,,,,,,
SV013,R,457,2,0,1,1,0,Stimulus,,,,,,,,,,,,
SV013,R,458,2,2,0,1,2,Stimulus,,,,,,,,,,,,
SV013,R,459,2,0,1,1,0,Stimulus,,,,,,,,,,,,
SV013,R,460,2,3,1,1,3,Stimulus,,,,,,,,,,,,
SV013,R,461,2,3,0,1,2,Stimulus,,,,,,,,,,,,
SV013,R,462,3,0,1,1,0,Stimulus,,,,,,,,,,,,
SV013,R,463,2,2,1,1,2,Stimulus,,,,,,,,,,,,
SV013,R,464,3,0,1,0,0,Stimulus,,,,,,,,,,,,
SV013,R,465,3,2,0,0,2,Stimulus,,,,,,,,,,,,
SV013,R,466,2,3,1,0,3,Stimulus,,,,,,,,,,,,
SV013,R,467,2,3,0,0,3,Stimulus,,,,,,,,,,,,
SV013,R,468,3,3,0,1,3,Stimulus,,,,,,,,,,,,
SV013,R,469,3,0,0,0,0,Stimulus,,,,,,,,,,,,
SV013,R,470,2,2,1,0,2,Stimulus,,,,,,,,,,,,
SV013,R,471,3,2,1,0,2,Stimulus,,,,,,,,,,,,
SV013,R,472,3,2,0,1,2,Stimulus,,,,,,,,,,,,
SV013,R,473,2,0,1,0,0,Stimulus,,,,,,,,,,,,
SV013,R,474,2,3,0,1,3,Stimulus,,,,,,,,,,,,
SV013,R,475,2,2,0,0,2,Stimulus,,,,,,,,,,,,
SV013,R,476,3,2,1,1,2,Stimulus,,,,,,,,,,,,
SV013,R,477,2,2,0,0,2,Stimulus,,,,,,,,,,,,
SV013,R,478,2,0,1,0,0,Stimulus,,,,,,,,,,,,
SV013,R,479,2,2,1,1,2,Stimulus,,,,,,,,,,,,
SV013,R,480,2,2,0,0,2,Stimulus,,,,,,,,,,,,
