subj_id,eye,trial_no,n_flash,n_beep,direction,blindspot,response,phase,fixation_x_mean,fixation_x_max,fixation_y_mean,fixation_y_max,pupil_avg_mean,pupil_avg_max,fixation_duration_mean,saccade_amplitude_mean,saccade_amplitude_max,saccade_velocity_mean,saccade_velocity_max,saccade_duration_mean
SV027,L,1,2,2,1,0,1,Fixation,,,,,,,,,,,,
SV027,L,2,3,0,0,0,1,Fixation,,,,,,,,,,,,
SV027,L,3,3,2,1,1,1,Fixation,,,,,,,,,,,,
SV027,L,4,2,3,0,0,2,Fixation,,,,,,,,,,,,
SV027,L,5,3,3,1,1,1,Fixation,,,,,,,,,,,,
SV027,L,6,2,3,0,0,3,Fixation,,,,,,,,,,,,
SV027,L,7,2,0,1,1,1,Fixation,,,,,,,,,,,,
SV027,L,8,3,3,1,1,1,Fixation,,,,,,,,,,,,
SV027,L,9,2,3,0,1,3,Fixation,,,,,,,,,,,,
SV027,L,10,2,3,1,0,1,Fixation,,,,,,,,,,,,
SV027,L,11,3,0,0,1,1,Fixation,,,,,,,,,,,,
SV027,L,12,3,3,1,1,1,Fixation,,,,,,,,,,,,
SV027,L,13,2,3,1,0,1,Fixation,,,,,,,,,,,,
SV027,L,14,2,2,1,1,1,Fixation,,,,,,,,,,,,
SV027,L,15,2,3,0,1,2,Fixation,,,,,,,,,,,,
SV027,L,16,3,3,1,1,1,Fixation,,,,,,,,,,,,
SV027,L,17,3,3,1,1,1,Fixation,,,,,,,,,,,,
SV027,L,18,3,0,0,1,2,Fixation,,,,,,,,,,,,
SV027,L,19,3,3,0,1,2,Fixation,,,,,,,,,,,,
SV027,L,20,3,0,0,0,2,Fixation,,,,,,,,,,,,
SV027,L,21,2,0,0,1,1,Fixation,,,,,,,,,,,,
SV027,L,22,2,2,0,1,2,Fixation,,,,,,,,,,,,
SV027,L,23,3,3,0,0,3,Fixation,,,,,,,,,,,,
SV027,L,24,2,2,1,0,1,Fixation,,,,,,,,,,,,
SV027,L,25,3,3,1,1,1,Fixation,,,,,,,,,,,,
SV027,L,26,3,2,0,0,2,Fixation,,,,,,,,,,,,
SV027,L,27,2,0,0,0,2,Fixation,,,,,,,,,,,,
SV027,L,28,2,2,1,1,1,Fixation,,,,,,,,,,,,
SV027,L,29,3,0,1,0,1,Fixation,,,,,,,,,,,,
SV027,L,30,3,3,1,1,1,Fixation,,,,,,,,,,,,
SV027,L,31,3,3,0,0,2,Fixation,,,,,,,,,,,,
SV027,L,32,3,0,1,0,1,Fixation,,,,,,,,,,,,
SV027,L,33,3,2,1,0,1,Fixation,,,,,,,,,,,,
SV027,L,34,3,2,0,0,2,Fixation,,,,,,,,,,,,
SV027,L,35,3,2,1,0,1,Fixation,,,,,,,,,,,,
SV027,L,36,3,3,0,1,2,Fixation,,,,,,,,,,,,
SV027,L,37,2,0,1,1,0,Fixation,,,,,,,,,,,,
SV027,L,38,2,0,1,1,1,Fixation,,,,,,,,,,,,
SV027,L,39,3,2,0,0,2,Fixation,,,,,,,,,,,,
SV027,L,40,3,2,1,0,1,Fixation,,,,,,,,,,,,
SV027,L,41,2,3,1,1,1,Fixation,,,,,,,,,,,,
SV027,L,42,2,3,1,0,1,Fixation,,,,,,,,,,,,
SV027,L,43,2,2,0,0,2,Fixation,,,,,,,,,,,,
SV027,L,44,2,0,0,0,2,Fixation,,,,,,,,,,,,
SV027,L,45,3,0,0,1,2,Fixation,,,,,,,,,,,,
SV027,L,46,2,0,1,1,1,Fixation,,,,,,,,,,,,
SV027,L,47,3,3,1,1,1,Fixation,,,,,,,,,,,,
SV027,L,48,2,3,1,1,1,Fixation,,,,,,,,,,,,
SV027,L,49,2,0,0,0,2,Fixation,,,,,,,,,,,,
SV027,L,50,2,2,0,1,2,Fixation,,,,,,,,,,,,
SV027,L,51,3,3,1,0,1,Fixation,,,,,,,,,,,,
SV027,L,52,3,3,1,0,1,Fixation,,,,,,,,,,,,
SV027,L,53,2,2,1,1,1,Fixation,,,,,,,,,,,,
SV027,L,54,2,2,0,0,2,Fixation,,,,,,,,,,,,
SV027,L,55,2,2,0,0,2,Fixation,,,,,,,,,,,,
SV027,L,56,2,2,0,0,2,Fixation,,,,,,,,,,,,
SV027,L,57,3,0,0,1,2,Fixation,,,,,,,,,,,,
SV027,L,58,2,0,0,0,2,Fixation,,,,,,,,,,,,
SV027,L,59,2,0,1,1,1,Fixation,,,,,,,,,,,,
SV027,L,60,2,3,1,1,1,Fixation,,,,,,,,,,,,
SV027,L,61,2,2,0,1,2,Fixation,,,,,,,,,,,,
SV027,L,62,2,3,0,0,3,Fixation,,,,,,,,,,,,
SV027,L,63,2,3,0,1,2,Fixation,,,,,,,,,,,,
SV027,L,64,2,2,1,0,1,Fixation,,,,,,,,,,,,
SV027,L,65,2,2,1,0,1,Fixation,,,,,,,,,,,,
SV027,L,66,2,3,0,0,2,Fixation,,,,,,,,,,,,
SV027,L,67,3,3,0,1,3,Fixation,,,,,,,,,,,,
SV027,L,68,2,3,1,0,2,Fixation,,,,,,,,,,,,
SV027,L,69,2,2,1,0,1,Fixation,,,,,,,,,,,,
SV027,L,70,3,3,0,1,3,Fixation,,,,,,,,,,,,
SV027,L,71,3,2,0,0,2,Fixation,,,,,,,,,,,,
SV027,L,72,3,2,1,1,0,Fixation,,,,,,,,,,,,
SV027,L,73,3,0,0,0,3,Fixation,,,,,,,,,,,,
SV027,L,74,3,2,1,1,1,Fixation,,,,,,,,,,,,
SV027,L,75,2,3,1,1,1,Fixation,,,,,,,,,,,,
SV027,L,76,3,2,0,1,2,Fixation,,,,,,,,,,,,
SV027,L,77,2,3,1,0,1,Fixation,,,,,,,,,,,,
SV027,L,78,3,0,1,0,1,Fixation,,,,,,,,,,,,
SV027,L,79,3,0,1,1,1,Fixation,,,,,,,,,,,,
SV027,L,80,2,2,0,0,2,Fixation,,,,,,,,,,,,
SV027,L,81,2,3,1,0,1,Fixation,,,,,,,,,,,,
SV027,L,82,3,3,0,0,2,Fixation,,,,,,,,,,,,
SV027,L,83,3,3,0,1,2,Fixation,,,,,,,,,,,,
SV027,L,84,3,0,1,0,1,Fixation,,,,,,,,,,,,
SV027,L,85,3,3,1,1,1,Fixation,,,,,,,,,,,,
SV027,L,86,3,0,0,0,2,Fixation,,,,,,,,,,,,
SV027,L,87,3,0,0,1,2,Fixation,,,,,,,,,,,,
SV027,L,88,3,2,0,1,1,Fixation,,,,,,,,,,,,
SV027,L,89,3,2,1,0,1,Fixation,,,,,,,,,,,,
SV027,L,90,2,3,0,1,2,Fixation,,,,,,,,,,,,
SV027,L,91,2,0,0,1,1,Fixation,,,,,,,,,,,,
SV027,L,92,2,0,0,0,2,Fixation,,,,,,,,,,,,
SV027,L,93,2,0,1,1,1,Fixation,,,,,,,,,,,,
SV027,L,94,2,2,0,0,2,Fixation,,,,,,,,,,,,
SV027,L,95,3,0,1,1,1,Fixation,,,,,,,,,,,,
SV027,L,96,2,3,0,1,2,Fixation,,,,,,,,,,,,
SV027,L,97,2,2,1,1,1,Fixation,,,,,,,,,,,,
SV027,L,98,2,0,1,0,1,Fixation,,,,,,,,,,,,
SV027,L,99,2,0,0,1,2,Fixation,,,,,,,,,,,,
SV027,L,100,3,2,0,1,1,Fixation,,,,,,,,,,,,
SV027,L,101,2,3,0,1,2,Fixation,,,,,,,,,,,,
SV027,L,102,3,3,1,1,1,Fixation,,,,,,,,,,,,
SV027,L,103,2,0,1,0,1,Fixation,,,,,,,,,,,,
SV027,L,104,3,0,1,0,1,Fixation,,,,,,,,,,,,
SV027,L,105,2,0,0,0,0,Fixation,,,,,,,,,,,,
SV027,L,106,3,2,1,1,1,Fixation,,,,,,,,,,,,
SV027,L,107,3,2,1,1,1,Fixation,,,,,,,,,,,,
SV027,L,108,2,2,1,1,1,Fixation,,,,,,,,,,,,
SV027,L,109,3,2,0,1,2,Fixation,,,,,,,,,,,,
SV027,L,110,3,3,1,0,1,Fixation,,,,,,,,,,,,
SV027,L,111,2,2,0,1,1,Fixation,,,,,,,,,,,,
SV027,L,112,3,3,0,0,2,Fixation,,,,,,,,,,,,
SV027,L,113,2,2,0,1,2,Fixation,,,,,,,,,,,,
SV027,L,114,3,0,1,1,0,Fixation,,,,,,,,,,,,
SV027,L,115,2,3,0,1,2,Fixation,,,,,,,,,,,,
SV027,L,116,2,2,1,1,1,Fixation,,,,,,,,,,,,
SV027,L,117,3,0,0,1,3,Fixation,,,,,,,,,,,,
SV027,L,118,3,3,0,0,3,Fixation,,,,,,,,,,,,
SV027,L,119,3,2,0,0,2,Fixation,,,,,,,,,,,,
SV027,L,120,2,0,0,0,2,Fixation,,,,,,,,,,,,
SV027,L,121,2,0,1,0,1,Fixation,,,,,,,,,,,,
SV027,L,122,3,3,0,0,3,Fixation,,,,,,,,,,,,
SV027,L,123,3,0,0,0,2,Fixation,,,,,,,,,,,,
SV027,L,124,3,2,0,1,2,Fixation,,,,,,,,,,,,
SV027,L,125,3,2,1,0,0,Fixation,,,,,,,,,,,,
SV027,L,126,2,0,0,0,1,Fixation,,,,,,,,,,,,
SV027,L,127,3,0,0,0,2,Fixation,,,,,,,,,,,,
SV027,L,128,3,0,0,0,2,Fixation,,,,,,,,,,,,
SV027,L,129,2,3,0,1,2,Fixation,,,,,,,,,,,,
SV027,L,130,3,2,1,0,1,Fixation,,,,,,,,,,,,
SV027,L,131,3,3,0,0,2,Fixation,,,,,,,,,,,,
SV027,L,132,3,0,1,0,1,Fixation,,,,,,,,,,,,
SV027,L,133,2,0,1,0,1,Fixation,,,,,,,,,,,,
SV027,L,134,2,0,1,0,1,Fixation,,,,,,,,,,,,
SV027,L,135,3,0,1,1,1,Fixation,,,,,,,,,,,,
SV027,L,136,2,2,1,1,1,Fixation,,,,,,,,,,,,
SV027,L,137,3,0,0,1,2,Fixation,,,,,,,,,,,,
SV027,L,138,3,2,0,0,2,Fixation,,,,,,,,,,,,
SV027,L,139,2,0,1,0,1,Fixation,,,,,,,,,,,,
SV027,L,140,2,2,1,1,1,Fixation,,,,,,,,,,,,
SV027,L,141,2,3,1,1,1,Fixation,,,,,,,,,,,,
SV027,L,142,2,0,0,1,2,Fixation,,,,,,,,,,,,
SV027,L,143,2,2,1,0,1,Fixation,,,,,,,,,,,,
SV027,L,144,3,2,0,1,2,Fixation,,,,,,,,,,,,
SV027,L,145,2,3,0,0,2,Fixation,,,,,,,,,,,,
SV027,L,146,3,3,0,0,2,Fixation,,,,,,,,,,,,
SV027,L,147,2,3,0,0,2,Fixation,,,,,,,,,,,,
SV027,L,148,3,2,1,1,1,Fixation,,,,,,,,,,,,
SV027,L,149,3,3,1,0,1,Fixation,,,,,,,,,,,,
SV027,L,150,3,3,0,0,2,Fixation,,,,,,,,,,,,
SV027,L,151,3,3,0,1,1,Fixation,,,,,,,,,,,,
SV027,L,152,2,2,0,0,2,Fixation,,,,,,,,,,,,
SV027,L,153,2,0,0,0,2,Fixation,,,,,,,,,,,,
SV027,L,154,2,3,1,1,1,Fixation,,,,,,,,,,,,
SV027,L,155,2,3,0,0,2,Fixation,,,,,,,,,,,,
SV027,L,156,3,0,0,0,3,Fixation,,,,,,,,,,,,
SV027,L,157,2,3,0,1,2,Fixation,,,,,,,,,,,,
SV027,L,158,2,2,1,0,1,Fixation,,,,,,,,,,,,
SV027,L,159,3,3,0,1,2,Fixation,,,,,,,,,,,,
SV027,L,160,3,2,0,0,2,Fixation,,,,,,,,,,,,
SV027,L,161,3,0,0,1,2,Fixation,,,,,,,,1.1,1.1,99.0,99.0,16.0
SV027,L,162,3,2,1,1,1,Fixation,,,,,,,,,,,,
SV027,L,163,3,0,0,1,2,Fixation,,,,,,,,,,,,
SV027,L,164,3,3,1,0,1,Fixation,,,,,,,,,,,,
SV027,L,165,3,2,1,1,1,Fixation,,,,,,,,,,,,
SV027,L,166,2,2,1,0,1,Fixation,,,,,,,,,,,,
SV027,L,167,2,2,0,1,1,Fixation,,,,,,,,,,,,
SV027,L,168,2,3,1,1,1,Fixation,,,,,,,,,,,,
SV027,L,169,3,0,1,0,1,Fixation,,,,,,,,,,,,
SV027,L,170,2,0,1,1,1,Fixation,,,,,,,,,,,,
SV027,L,171,3,0,0,1,2,Fixation,,,,,,,,,,,,
SV027,L,172,2,0,1,0,1,Fixation,,,,,,,,,,,,
SV027,L,173,3,0,1,1,1,Fixation,,,,,,,,,,,,
SV027,L,174,2,0,0,1,3,Fixation,,,,,,,,,,,,
SV027,L,175,2,3,1,0,1,Fixation,,,,,,,,,,,,
SV027,L,176,3,3,0,0,3,Fixation,,,,,,,,,,,,
SV027,L,177,2,3,0,1,3,Fixation,,,,,,,,,,,,
SV027,L,178,2,2,0,1,2,Fixation,,,,,,,,,,,,
SV027,L,179,3,0,1,0,1,Fixation,,,,,,,,,,,,
SV027,L,180,2,3,0,0,3,Fixation,,,,,,,,,,,,
SV027,L,181,3,2,1,1,1,Fixation,,,,,,,,,,,,
SV027,L,182,2,0,1,0,1,Fixation,,,,,,,,,,,,
SV027,L,183,3,2,1,0,1,Fixation,,,,,,,,,,,,
SV027,L,184,2,2,1,1,1,Fixation,,,,,,,,,,,,
SV027,L,185,3,2,0,1,2,Fixation,,,,,,,,,,,,
SV027,L,186,3,2,1,0,1,Fixation,,,,,,,,,,,,
SV027,L,187,2,0,0,1,2,Fixation,,,,,,,,,,,,
SV027,L,188,2,2,1,1,1,Fixation,,,,,,,,,,,,
SV027,L,189,2,0,1,1,1,Fixation,,,,,,,,,,,,
SV027,L,190,3,0,1,1,1,Fixation,,,,,,,,,,,,
SV027,L,191,3,2,1,0,1,Fixation,,,,,,,,,,,,
SV027,L,192,3,2,0,0,2,Fixation,,,,,,,,,,,,
SV027,L,193,2,3,1,1,1,Fixation,,,,,,,,,,,,
SV027,L,194,2,2,0,0,1,Fixation,,,,,,,,,,,,
SV027,L,195,3,2,0,1,1,Fixation,,,,,,,,,,,,
SV027,L,196,3,3,0,1,3,Fixation,,,,,,,,,,,,
SV027,L,197,3,0,0,0,2,Fixation,,,,,,,,,,,,
SV027,L,198,3,0,1,0,1,Fixation,,,,,,,,,,,,
SV027,L,199,3,3,1,0,1,Fixation,,,,,,,,,,,,
SV027,L,200,3,3,1,0,1,Fixation,,,,,,,,,,,,
SV027,L,201,2,2,1,0,1,Fixation,,,,,,,,,,,,
SV027,L,202,2,3,1,1,1,Fixation,,,,,,,,,,,,
SV027,L,203,2,0,1,1,1,Fixation,,,,,,,,,,,,
SV027,L,204,2,3,0,0,2,Fixation,,,,,,,,,,,,
SV027,L,205,3,3,1,0,1,Fixation,,,,,,,,,,,,
SV027,L,206,2,2,0,1,2,Fixation,,,,,,,,,,,,
SV027,L,207,3,3,1,0,2,Fixation,,,,,,,,,,,,
SV027,L,208,3,0,1,1,0,Fixation,,,,,,,,,,,,
SV027,L,209,3,2,0,1,2,Fixation,,,,,,,,,,,,
SV027,L,210,2,3,1,0,1,Fixation,,,,,,,,,,,,
SV027,L,211,3,2,0,1,2,Fixation,,,,,,,,,,,,
SV027,L,212,3,0,1,1,1,Fixation,,,,,,,,,,,,
SV027,L,213,2,2,0,1,2,Fixation,,,,,,,,,,,,
SV027,L,214,2,3,0,0,2,Fixation,,,,,,,,,,,,
SV027,L,215,2,2,0,0,2,Fixation,,,,,,,,,,,,
SV027,L,216,3,3,0,1,1,Fixation,,,,,,,,,,,,
SV027,L,217,3,0,1,1,1,Fixation,,,,,,,,,,,,
SV027,L,218,3,0,0,0,3,Fixation,,,,,,,,,,,,
SV027,L,219,3,2,0,0,2,Fixation,,,,,,,,,,,,
SV027,L,220,2,3,1,0,1,Fixation,,,,,,,,,,,,
SV027,L,221,3,2,1,1,1,Fixation,,,,,,,,,,,,
SV027,L,222,2,0,0,1,2,Fixation,,,,,,,,,,,,
SV027,L,223,3,3,0,1,3,Fixation,,,,,,,,,,,,
SV027,L,224,3,2,1,0,1,Fixation,,,,,,,,1.1,1.1,96.0,96.0,16.0
SV027,L,225,2,3,1,0,1,Fixation,,,,,,,,,,,,
SV027,L,226,2,3,1,1,1,Fixation,,,,,,,,,,,,
SV027,L,227,2,2,1,0,1,Fixation,,,,,,,,,,,,
SV027,L,228,2,2,0,1,2,Fixation,,,,,,,,,,,,
SV027,L,229,3,0,1,0,1,Fixation,,,,,,,,,,,,
SV027,L,230,3,2,0,0,2,Fixation,,,,,,,,,,,,
SV027,L,231,2,0,1,0,1,Fixation,,,,,,,,,,,,
SV027,L,232,2,0,1,0,1,Fixation,,,,,,,,,,,,
SV027,L,233,2,2,0,0,2,Fixation,,,,,,,,,,,,
SV027,L,234,2,0,0,1,1,Fixation,,,,,,,,,,,,
SV027,L,235,2,0,0,1,2,Fixation,,,,,,,,,,,,
SV027,L,236,3,3,1,0,1,Fixation,,,,,,,,,,,,
SV027,L,237,2,0,0,0,2,Fixation,,,,,,,,,,,,
SV027,L,238,3,0,1,1,1,Fixation,,,,,,,,,,,,
SV027,L,239,2,0,1,1,1,Fixation,,,,,,,,,,,,
SV027,L,240,2,0,0,1,3,Fixation,,,,,,,,,,,,
SV027,L,241,2,3,0,0,3,Fixation,,,,,,,,,,,,
SV027,L,242,3,2,0,1,2,Fixation,,,,,,,,,,,,
SV027,L,243,3,3,0,0,4,Fixation,,,,,,,,,,,,
SV027,L,244,3,3,1,1,4,Fixation,,,,,,,,,,,,
SV027,L,245,2,3,1,0,4,Fixation,,,,,,,,,,,,
SV027,L,246,2,0,1,1,0,Fixation,,,,,,,,,,,,
SV027,L,247,3,2,1,1,2,Fixation,,,,,,,,,,,,
SV027,L,248,3,0,1,0,0,Fixation,,,,,,,,,,,,
SV027,L,249,3,3,0,0,4,Fixation,,,,,,,,,,,,
SV027,L,250,3,2,0,0,2,Fixation,,,,,,,,,,,,
SV027,L,251,3,3,0,1,4,Fixation,,,,,,,,,,,,
SV027,L,252,3,2,0,0,2,Fixation,,,,,,,,,,,,
SV027,L,253,2,2,0,0,2,Fixation,,,,,,,,,,,,
SV027,L,254,2,3,1,1,4,Fixation,,,,,,,,,,,,
SV027,L,255,2,3,0,1,4,Fixation,,,,,,,,,,,,
SV027,L,256,3,0,0,1,0,Fixation,,,,,,,,,,,,
SV027,L,257,3,0,1,1,0,Fixation,,,,,,,,,,,,
SV027,L,258,3,0,1,0,0,Fixation,,,,,,,,,,,,
SV027,L,259,2,3,0,1,3,Fixation,,,,,,,,,,,,
SV027,L,260,2,0,1,0,0,Fixation,,,,,,,,,,,,
SV027,L,261,2,3,0,1,4,Fixation,,,,,,,,,,,,
SV027,L,262,3,3,0,0,4,Fixation,,,,,,,,,,,,
SV027,L,263,3,0,0,0,0,Fixation,,,,,,,,,,,,
SV027,L,264,2,3,0,1,4,Fixation,,,,,,,,,,,,
SV027,L,265,3,3,0,1,3,Fixation,,,,,,,,,,,,
SV027,L,266,3,3,0,0,3,Fixation,,,,,,,,,,,,
SV027,L,267,2,0,1,1,3,Fixation,,,,,,,,,,,,
SV027,L,268,3,3,1,0,4,Fixation,,,,,,,,,,,,
SV027,L,269,3,3,0,1,3,Fixation,,,,,,,,,,,,
SV027,L,270,2,3,1,1,3,Fixation,,,,,,,,,,,,
SV027,L,271,2,0,0,0,0,Fixation,,,,,,,,,,,,
SV027,L,272,3,3,1,0,3,Fixation,,,,,,,,,,,,
SV027,L,273,3,3,0,0,3,Fixation,,,,,,,,,,,,
SV027,L,274,2,0,0,0,0,Fixation,,,,,,,,,,,,
SV027,L,275,3,3,1,1,3,Fixation,,,,,,,,,,,,
SV027,L,276,3,3,1,1,3,Fixation,,,,,,,,,,,,
SV027,L,277,2,3,0,0,3,Fixation,,,,,,,,,,,,
SV027,L,278,2,3,1,0,3,Fixation,,,,,,,,,,,,
SV027,L,279,3,2,1,1,2,Fixation,,,,,,,,,,,,
SV027,L,280,2,3,1,0,3,Fixation,,,,,,,,,,,,
SV027,L,281,3,2,1,1,2,Fixation,,,,,,,,,,,,
SV027,L,282,3,2,0,0,3,Fixation,,,,,,,,,,,,
SV027,L,283,3,2,0,1,2,Fixation,,,,,,,,,,,,
SV027,L,284,3,2,0,1,2,Fixation,,,,,,,,,,,,
SV027,L,285,3,3,1,0,4,Fixation,,,,,,,,,,,,
SV027,L,286,3,0,0,1,0,Fixation,,,,,,,,,,,,
SV027,L,287,2,2,1,0,2,Fixation,,,,,,,,,,,,
SV027,L,288,2,3,0,0,3,Fixation,,,,,,,,,,,,
SV027,L,289,2,0,0,0,0,Fixation,,,,,,,,,,,,
SV027,L,290,3,0,1,1,0,Fixation,,,,,,,,,,,,
SV027,L,291,2,3,1,1,3,Fixation,,,,,,,,,,,,
SV027,L,292,3,2,1,1,2,Fixation,,,,,,,,,,,,
SV027,L,293,3,0,1,1,0,Fixation,,,,,,,,,,,,
SV027,L,294,2,2,0,1,2,Fixation,,,,,,,,,,,,
SV027,L,295,3,2,1,0,2,Fixation,,,,,,,,,,,,
SV027,L,296,2,3,0,0,4,Fixation,,,,,,,,,,,,
SV027,L,297,2,0,0,1,0,Fixation,,,,,,,,,,,,
SV027,L,298,3,0,1,0,0,Fixation,,,,,,,,,,,,
SV027,L,299,3,0,0,0,0,Fixation,,,,,,,,,,,,
SV027,L,300,2,2,1,0,2,Fixation,,,,,,,,,,,,
SV027,L,301,2,2,1,1,2,Fixation,,,,,,,,,,,,
SV027,L,302,2,0,1,1,0,Fixation,,,,,,,,,,,,
SV027,L,303,2,3,0,1,3,Fixation,,,,,,,,,,,,
SV027,L,304,3,0,1,1,0,Fixation,,,,,,,,,,,,
SV027,L,305,3,3,1,1,4,Fixation,,,,,,,,,,,,
SV027,L,306,2,3,1,1,4,Fixation,,,,,,,,,,,,
SV027,L,307,3,0,1,0,0,Fixation,,,,,,,,,,,,
SV027,L,308,2,2,0,1,2,Fixation,,,,,,,,,,,,
SV027,L,309,3,0,1,0,0,Fixation,,,,,,,,,,,,
SV027,L,310,2,0,1,1,0,Fixation,,,,,,,,,,,,
SV027,L,311,3,3,0,1,4,Fixation,,,,,,,,,,,,
SV027,L,312,2,0,1,0,0,Fixation,,,,,,,,,,,,
SV027,L,313,2,2,1,1,2,Fixation,,,,,,,,,,,,
SV027,L,314,3,0,1,1,0,Fixation,,,,,,,,,,,,
SV027,L,315,2,0,0,0,0,Fixation,,,,,,,,,,,,
SV027,L,316,2,2,0,0,2,Fixation,,,,,,,,,,,,
SV027,L,317,2,0,1,1,0,Fixation,,,,,,,,,,,,
SV027,L,318,2,2,0,1,2,Fixation,,,,,,,,,,,,
SV027,L,319,3,2,1,1,2,Fixation,,,,,,,,,,,,
SV027,L,320,2,2,1,0,2,Fixation,,,,,,,,,,,,
SV027,L,321,2,2,0,0,2,Fixation,,,,,,,,,,,,
SV027,L,322,2,3,1,1,4,Fixation,,,,,,,,,,,,
SV027,L,323,3,2,1,0,2,Fixation,,,,,,,,,,,,
SV027,L,324,3,2,0,0,2,Fixation,,,,,,,,,,,,
SV027,L,325,2,3,1,0,3,Fixation,,,,,,,,,,,,
SV027,L,326,3,0,0,0,0,Fixation,,,,,,,,,,,,
SV027,L,327,3,2,0,1,2,Fixation,,,,,,,,,,,,
SV027,L,328,2,0,1,0,0,Fixation,,,,,,,,,,,,
SV027,L,329,3,0,0,1,0,Fixation,,,,,,,,,,,,
SV027,L,330,2,2,0,1,2,Fixation,,,,,,,,,,,,
SV027,L,331,3,0,1,0,0,Fixation,,,,,,,,,,,,
SV027,L,332,3,2,1,0,2,Fixation,,,,,,,,,,,,
SV027,L,333,2,3,1,1,3,Fixation,,,,,,,,,,,,
SV027,L,334,2,2,1,1,2,Fixation,,,,,,,,,,,,
SV027,L,335,2,2,1,1,2,Fixation,,,,,,,,,,,,
SV027,L,336,2,0,0,1,0,Fixation,,,,,,,,,,,,
SV027,L,337,2,0,1,1,0,Fixation,,,,,,,,,,,,
SV027,L,338,2,2,1,0,2,Fixation,,,,,,,,,,,,
SV027,L,339,2,0,1,0,0,Fixation,,,,,,,,,,,,
SV027,L,340,2,3,0,0,3,Fixation,,,,,,,,,,,,
SV027,L,341,3,0,0,0,0,Fixation,,,,,,,,,,,,
SV027,L,342,2,0,0,1,0,Fixation,,,,,,,,0.4,0.4,55.0,55.0,12.0
SV027,L,343,3,0,0,0,0,Fixation,,,,,,,,,,,,
SV027,L,344,3,3,0,1,4,Fixation,,,,,,,,,,,,
SV027,L,345,2,2,1,1,2,Fixation,,,,,,,,,,,,
SV027,L,346,2,0,1,0,0,Fixation,,,,,,,,,,,,
SV027,L,347,2,2,1,0,2,Fixation,,,,,,,,,,,,
SV027,L,348,3,0,1,1,0,Fixation,,,,,,,,,,,,
SV027,L,349,3,2,1,0,2,Fixation,,,,,,,,,,,,
SV027,L,350,2,0,1,0,0,Fixation,,,,,,,,,,,,
SV027,L,351,2,3,1,0,4,Fixation,,,,,,,,,,,,
SV027,L,352,3,2,0,1,2,Fixation,,,,,,,,,,,,
SV027,L,353,3,3,0,0,3,Fixation,,,,,,,,,,,,
SV027,L,354,3,0,1,0,0,Fixation,,,,,,,,,,,,
SV027,L,355,2,0,0,0,0,Fixation,,,,,,,,,,,,
SV027,L,356,2,3,0,0,3,Fixation,,,,,,,,,,,,
SV027,L,357,2,2,1,0,2,Fixation,,,,,,,,,,,,
SV027,L,358,3,0,0,1,0,Fixation,,,,,,,,,,,,
SV027,L,359,2,3,1,0,4,Fixation,,,,,,,,,,,,
SV027,L,360,3,3,1,0,4,Fixation,,,,,,,,,,,,
SV027,L,361,3,2,1,1,2,Fixation,,,,,,,,,,,,
SV027,L,362,2,2,1,1,2,Fixation,,,,,,,,,,,,
SV027,L,363,3,3,1,1,4,Fixation,,,,,,,,,,,,
SV027,L,364,3,3,0,0,4,Fixation,,,,,,,,,,,,
SV027,L,365,3,3,0,1,3,Fixation,,,,,,,,,,,,
SV027,L,366,2,3,0,1,3,Fixation,,,,,,,,,,,,
SV027,L,367,2,0,0,1,0,Fixation,,,,,,,,,,,,
SV027,L,368,3,0,0,0,0,Fixation,,,,,,,,,,,,
SV027,L,369,2,3,1,0,3,Fixation,,,,,,,,,,,,
SV027,L,370,2,2,0,0,3,Fixation,,,,,,,,,,,,
SV027,L,371,2,0,0,1,0,Fixation,,,,,,,,,,,,
SV027,L,372,2,0,0,0,0,Fixation,,,,,,,,,,,,
SV027,L,373,3,0,1,1,0,Fixation,,,,,,,,,,,,
SV027,L,374,3,3,1,1,4,Fixation,,,,,,,,,,,,
SV027,L,375,2,2,1,1,2,Fixation,,,,,,,,,,,,
SV027,L,376,2,2,1,1,2,Fixation,,,,,,,,,,,,
SV027,L,377,2,2,0,1,2,Fixation,,,,,,,,,,,,
SV027,L,378,2,2,0,1,2,Fixation,,,,,,,,,,,,
SV027,L,379,3,0,0,0,0,Fixation,,,,,,,,,,,,
SV027,L,380,2,2,0,1,2,Fixation,,,,,,,,,,,,
SV027,L,381,2,3,1,1,3,Fixation,,,,,,,,,,,,
SV027,L,382,2,2,0,0,2,Fixation,,,,,,,,,,,,
SV027,L,383,2,2,0,1,2,Fixation,,,,,,,,,,,,
SV027,L,384,2,3,0,0,3,Fixation,,,,,,,,,,,,
SV027,L,385,3,2,1,1,2,Fixation,,,,,,,,,,,,
SV027,L,386,2,0,0,1,0,Fixation,,,,,,,,,,,,
SV027,L,387,2,2,0,0,2,Fixation,,,,,,,,,,,,
SV027,L,388,3,2,1,0,2,Fixation,,,,,,,,,,,,
SV027,L,389,2,2,0,1,2,Fixation,,,,,,,,,,,,
SV027,L,390,3,3,0,0,4,Fixation,,,,,,,,,,,,
SV027,L,391,2,0,1,0,2,Fixation,,,,,,,,,,,,
SV027,L,392,3,3,1,0,3,Fixation,,,,,,,,,,,,
SV027,L,393,3,2,0,0,2,Fixation,,,,,,,,,,,,
SV027,L,394,2,2,1,0,2,Fixation,,,,,,,,,,,,
SV027,L,395,3,0,1,1,0,Fixation,,,,,,,,,,,,
SV027,L,396,3,3,1,1,4,Fixation,,,,,,,,,,,,
SV027,L,397,2,0,0,1,0,Fixation,,,,,,,,,,,,
SV027,L,398,2,0,0,0,0,Fixation,,,,,,,,,,,,
SV027,L,399,2,2,0,0,2,Fixation,,,,,,,,,,,,
SV027,L,400,2,0,0,1,0,Fixation,,,,,,,,,,,,
SV027,L,401,2,0,0,1,0,Fixation,,,,,,,,,,,,
SV027,L,402,3,2,1,1,2,Fixation,,,,,,,,,,,,
SV027,L,403,3,0,1,0,0,Fixation,,,,,,,,,,,,
SV027,L,404,2,2,1,0,2,Fixation,,,,,,,,,,,,
SV027,L,405,3,2,0,0,2,Fixation,,,,,,,,,,,,
SV027,L,406,2,3,0,1,4,Fixation,,,,,,,,,,,,
SV027,L,407,2,0,1,0,0,Fixation,,,,,,,,,,,,
SV027,L,408,2,3,0,0,4,Fixation,,,,,,,,,,,,
SV027,L,409,3,2,0,1,2,Fixation,,,,,,,,,,,,
SV027,L,410,3,3,0,0,3,Fixation,,,,,,,,,,,,
SV027,L,411,3,2,0,1,2,Fixation,,,,,,,,,,,,
SV027,L,412,3,2,0,1,2,Fixation,,,,,,,,,,,,
SV027,L,413,2,3,0,0,4,Fixation,,,,,,,,,,,,
SV027,L,414,2,2,0,1,2,Fixation,,,,,,,,,,,,
SV027,L,415,3,0,1,0,0,Fixation,,,,,,,,,,,,
SV027,L,416,2,2,0,0,2,Fixation,,,,,,,,,,,,
SV027,L,417,2,2,0,0,2,Fixation,,,,,,,,,,,,
SV027,L,418,3,2,0,0,2,Fixation,,,,,,,,,,,,
SV027,L,419,2,3,1,0,2,Fixation,,,,,,,,,,,,
SV027,L,420,2,3,1,0,3,Fixation,,,,,,,,,,,,
SV027,L,421,3,2,1,0,2,Fixation,,,,,,,,,,,,
SV027,L,422,3,2,1,0,2,Fixation,,,,,,,,,,,,
SV027,L,423,3,0,0,0,0,Fixation,,,,,,,,,,,,
SV027,L,424,3,2,1,1,2,Fixation,,,,,,,,,,,,
SV027,L,425,2,3,1,1,3,Fixation,,,,,,,,,,,,
SV027,L,426,2,0,1,0,0,Fixation,,,,,,,,,,,,
SV027,L,427,3,3,1,0,4,Fixation,,,,,,,,,,,,
SV027,L,428,2,2,0,0,2,Fixation,,,,,,,,,,,,
SV027,L,429,3,2,0,0,2,Fixation,,,,,,,,,,,,
SV027,L,430,2,3,0,0,4,Fixation,,,,,,,,,,,,
SV027,L,431,3,3,1,0,4,Fixation,,,,,,,,,,,,
SV027,L,432,3,3,0,1,4,Fixation,,,,,,,,,,,,
SV027,L,433,3,3,1,0,4,Fixation,,,,,,,,,,,,
SV027,L,434,3,2,1,0,2,Fixation,,,,,,,,,,,,
SV027,L,435,3,3,0,1,3,Fixation,,,,,,,,,,,,
SV027,L,436,3,3,0,1,3,Fixation,,,,,,,,0.4,0.4,55.0,55.0,12.0
SV027,L,437,3,0,1,0,0,Fixation,,,,,,,,,,,,
SV027,L,438,2,0,0,0,0,Fixation,,,,,,,,,,,,
SV027,L,439,3,0,0,1,0,Fixation,,,,,,,,,,,,
SV027,L,440,3,3,1,1,4,Fixation,,,,,,,,,,,,
SV027,L,441,2,2,1,0,0,Fixation,,,,,,,,,,,,
SV027,L,442,3,0,0,1,0,Fixation,,,,,,,,,,,,
SV027,L,443,2,0,1,1,0,Fixation,,,,,,,,,,,,
SV027,L,444,2,3,1,0,3,Fixation,,,,,,,,,,,,
SV027,L,445,3,0,0,1,0,Fixation,,,,,,,,,,,,
SV027,L,446,3,0,0,0,0,Fixation,,,,,,,,,,,,
SV027,L,447,2,3,1,1,4,Fixation,,,,,,,,,,,,
SV027,L,448,3,3,0,1,4,Fixation,,,,,,,,,,,,
SV027,L,449,3,0,1,1,0,Fixation,,,,,,,,,,,,
SV027,L,450,2,0,1,0,0,Fixation,,,,,,,,,,,,
SV027,L,451,3,3,1,1,3,Fixation,,,,,,,,,,,,
SV027,L,452,3,2,0,1,2,Fixation,,,,,,,,,,,,
SV027,L,453,2,3,0,1,3,Fixation,,,,,,,,,,,,
SV027,L,454,2,0,0,0,0,Fixation,,,,,,,,,,,,
SV027,L,455,2,3,1,1,4,Fixation,,,,,,,,,,,,
SV027,L,456,3,3,1,0,4,Fixation,,,,,,,,,,,,
SV027,L,457,3,2,0,0,2,Fixation,,,,,,,,,,,,
SV027,L,458,2,0,0,1,0,Fixation,,,,,,,,,,,,
SV027,L,459,3,2,1,0,2,Fixation,,,,,,,,,,,,
SV027,L,460,2,0,1,1,0,Fixation,,,,,,,,,,,,
SV027,L,461,3,0,0,1,0,Fixation,,,,,,,,,,,,
SV027,L,462,3,3,0,0,3,Fixation,,,,,,,,,,,,
SV027,L,463,2,2,1,0,2,Fixation,,,,,,,,,,,,
SV027,L,464,3,0,0,1,0,Fixation,,,,,,,,,,,,
SV027,L,465,3,2,1,0,2,Fixation,,,,,,,,,,,,
SV027,L,466,3,2,0,0,2,Fixation,,,,,,,,,,,,
SV027,L,467,2,0,0,0,0,Fixation,,,,,,,,,,,,
SV027,L,468,3,2,1,1,2,Fixation,,,,,,,,,,,,
SV027,L,469,2,3,0,1,4,Fixation,,,,,,,,,,,,
SV027,L,470,3,0,1,1,0,Fixation,,,,,,,,,,,,
SV027,L,471,2,2,1,1,2,Fixation,,,,,,,,,,,,
SV027,L,472,3,3,1,1,4,Fixation,,,,,,,,,,,,
SV027,L,473,3,0,0,0,0,Fixation,,,,,,,,,,,,
SV027,L,474,2,0,1,1,0,Fixation,,,,,,,,,,,,
SV027,L,475,3,2,0,1,2,Fixation,,,,,,,,,,,,
SV027,L,476,2,3,0,1,4,Fixation,,,,,,,,,,,,
SV027,L,477,2,0,1,1,0,Fixation,,,,,,,,,,,,
SV027,L,478,3,3,1,0,3,Fixation,,,,,,,,,,,,
SV027,L,479,3,0,0,1,0,Fixation,,,,,,,,,,,,
SV027,L,480,2,2,1,1,2,Fixation,,,,,,,,,,,,
SV027,R,1,2,0,0,0,1,Fixation,,,,,,,,,,,,
SV027,R,2,3,0,0,1,2,Fixation,,,,,,,,,,,,
SV027,R,3,2,2,1,0,2,Fixation,,,,,,,,,,,,
SV027,R,4,2,3,0,0,3,Fixation,,,,,,,,,,,,
SV027,R,5,3,3,0,1,3,Fixation,,,,,,,,,,,,
SV027,R,6,3,3,0,0,3,Fixation,,,,,,,,,,,,
SV027,R,7,2,2,0,0,2,Fixation,,,,,,,,,,,,
SV027,R,8,2,3,1,1,2,Fixation,,,,,,,,,,,,
SV027,R,9,3,2,1,1,2,Fixation,,,,,,,,,,,,
SV027,R,10,2,3,1,0,2,Fixation,,,,,,,,,,,,
SV027,R,11,3,0,0,1,1,Fixation,,,,,,,,,,,,
SV027,R,12,2,0,0,1,1,Fixation,,,,,,,,,,,,
SV027,R,13,2,2,0,0,2,Fixation,,,,,,,,,,,,
SV027,R,14,2,2,1,1,2,Fixation,,,,,,,,,,,,
SV027,R,15,2,2,1,1,2,Fixation,,,,,,,,,,,,
SV027,R,16,3,0,1,1,1,Fixation,,,,,,,,,,,,
SV027,R,17,3,2,1,1,1,Fixation,,,,,,,,,,,,
SV027,R,18,2,2,0,0,2,Fixation,,,,,,,,,,,,
SV027,R,19,3,0,0,0,2,Fixation,,,,,,,,,,,,
SV027,R,20,2,2,1,1,2,Fixation,,,,,,,,,,,,
SV027,R,21,2,3,1,1,1,Fixation,,,,,,,,,,,,
SV027,R,22,2,2,0,1,2,Fixation,,,,,,,,,,,,
SV027,R,23,2,3,0,1,2,Fixation,,,,,,,,,,,,
SV027,R,24,3,0,1,0,1,Fixation,,,,,,,,,,,,
SV027,R,25,3,0,1,1,1,Fixation,,,,,,,,,,,,
SV027,R,26,3,3,1,1,2,Fixation,,,,,,,,,,,,
SV027,R,27,2,0,0,0,1,Fixation,,,,,,,,,,,,
SV027,R,28,3,3,0,0,3,Fixation,,,,,,,,,,,,
SV027,R,29,2,0,0,0,2,Fixation,,,,,,,,,,,,
SV027,R,30,2,2,0,1,2,Fixation,,,,,,,,,,,,
SV027,R,31,3,3,0,1,2,Fixation,,,,,,,,,,,,
SV027,R,32,3,0,0,1,2,Fixation,,,,,,,,,,,,
SV027,R,33,3,2,1,1,2,Fixation,,,,,,,,,,,,
SV027,R,34,2,0,1,0,1,Fixation,,,,,,,,,,,,
SV027,R,35,3,3,0,1,1,Fixation,,,,,,,,,,,,
SV027,R,36,3,2,0,1,2,Fixation,,,,,,,,,,,,
SV027,R,37,2,0,1,0,1,Fixation,,,,,,,,,,,,
SV027,R,38,3,2,1,1,1,Fixation,,,,,,,,,,,,
SV027,R,39,2,3,0,0,2,Fixation,,,,,,,,,,,,
SV027,R,40,3,3,0,0,3,Fixation,,,,,,,,0.5,0.5,63.0,63.0,12.0
SV027,R,41,3,3,0,0,3,Fixation,,,,,,,,,,,,
SV027,R,42,2,2,0,0,2,Fixation,,,,,,,,,,,,
SV027,R,43,3,0,0,0,2,Fixation,,,,,,,,,,,,
SV027,R,44,2,3,1,1,1,Fixation,,,,,,,,,,,,
SV027,R,45,2,0,1,1,1,Fixation,,,,,,,,,,,,
SV027,R,46,3,2,1,0,1,Fixation,,,,,,,,,,,,
SV027,R,47,3,3,0,1,1,Fixation,,,,,,,,,,,,
SV027,R,48,2,3,0,0,2,Fixation,,,,,,,,,,,,
SV027,R,49,3,3,0,0,3,Fixation,,,,,,,,,,,,
SV027,R,50,2,3,0,1,2,Fixation,,,,,,,,,,,,
SV027,R,51,2,0,0,1,1,Fixation,,,,,,,,,,,,
SV027,R,52,3,3,1,1,2,Fixation,,,,,,,,,,,,
SV027,R,53,2,0,1,0,1,Fixation,,,,,,,,,,,,
SV027,R,54,3,3,1,1,1,Fixation,,,,,,,,,,,,
SV027,R,55,3,3,1,0,1,Fixation,,,,,,,,,,,,
SV027,R,56,2,2,0,0,2,Fixation,,,,,,,,,,,,
SV027,R,57,2,0,1,0,1,Fixation,,,,,,,,,,,,
SV027,R,58,2,0,0,1,2,Fixation,,,,,,,,,,,,
SV027,R,59,2,0,0,1,1,Fixation,,,,,,,,,,,,
SV027,R,60,2,2,1,1,1,Fixation,,,,,,,,,,,,
SV027,R,61,2,2,1,0,1,Fixation,,,,,,,,,,,,
SV027,R,62,3,3,0,1,2,Fixation,,,,,,,,,,,,
SV027,R,63,3,2,0,0,2,Fixation,,,,,,,,,,,,
SV027,R,64,2,0,1,0,1,Fixation,,,,,,,,,,,,
SV027,R,65,2,3,1,1,1,Fixation,,,,,,,,,,,,
SV027,R,66,2,0,0,0,2,Fixation,,,,,,,,,,,,
SV027,R,67,2,0,1,1,1,Fixation,,,,,,,,,,,,
SV027,R,68,2,3,1,0,1,Fixation,,,,,,,,,,,,
SV027,R,69,2,3,0,1,2,Fixation,,,,,,,,,,,,
SV027,R,70,3,0,0,0,2,Fixation,,,,,,,,,,,,
SV027,R,71,3,3,1,1,1,Fixation,,,,,,,,,,,,
SV027,R,72,2,2,1,0,1,Fixation,,,,,,,,,,,,
SV027,R,73,2,3,0,0,2,Fixation,,,,,,,,,,,,
SV027,R,74,2,3,0,1,2,Fixation,,,,,,,,,,,,
SV027,R,75,2,0,0,0,1,Fixation,,,,,,,,,,,,
SV027,R,76,3,3,1,0,1,Fixation,,,,,,,,,,,,
SV027,R,77,3,3,1,0,1,Fixation,,,,,,,,,,,,
SV027,R,78,2,0,1,0,1,Fixation,,,,,,,,,,,,
SV027,R,79,3,2,0,1,1,Fixation,,,,,,,,,,,,
SV027,R,80,3,3,0,0,3,Fixation,,,,,,,,,,,,
SV027,R,81,3,2,0,1,2,Fixation,,,,,,,,,,,,
SV027,R,82,3,0,1,0,1,Fixation,,,,,,,,,,,,
SV027,R,83,3,2,0,0,2,Fixation,,,,,,,,,,,,
SV027,R,84,3,0,1,1,1,Fixation,,,,,,,,,,,,
SV027,R,85,3,2,1,1,1,Fixation,,,,,,,,,,,,
SV027,R,86,2,2,0,0,2,Fixation,,,,,,,,,,,,
SV027,R,87,2,0,0,1,1,Fixation,,,,,,,,,,,,
SV027,R,88,3,2,0,1,1,Fixation,,,,,,,,,,,,
SV027,R,89,3,2,0,0,2,Fixation,,,,,,,,,,,,
SV027,R,90,2,2,1,1,1,Fixation,,,,,,,,,,,,
SV027,R,91,2,2,1,1,1,Fixation,,,,,,,,,,,,
SV027,R,92,2,3,1,0,1,Fixation,,,,,,,,,,,,
SV027,R,93,3,2,1,0,1,Fixation,,,,,,,,,,,,
SV027,R,94,3,3,1,0,1,Fixation,,,,,,,,,,,,
SV027,R,95,3,3,0,0,3,Fixation,,,,,,,,,,,,
SV027,R,96,3,0,1,0,1,Fixation,,,,,,,,,,,,
SV027,R,97,3,3,1,0,1,Fixation,,,,,,,,,,,,
SV027,R,98,3,3,0,0,2,Fixation,,,,,,,,,,,,
SV027,R,99,2,3,0,0,2,Fixation,,,,,,,,,,,,
SV027,R,100,2,0,1,0,1,Fixation,,,,,,,,,,,,
SV027,R,101,2,0,0,1,1,Fixation,,,,,,,,,,,,
SV027,R,102,3,2,0,0,2,Fixation,,,,,,,,,,,,
SV027,R,103,3,0,1,0,1,Fixation,,,,,,,,,,,,
SV027,R,104,2,2,0,1,1,Fixation,,,,,,,,,,,,
SV027,R,105,3,2,1,0,1,Fixation,,,,,,,,,,,,
SV027,R,106,2,0,1,0,0,Fixation,,,,,,,,,,,,
SV027,R,107,2,2,1,1,2,Fixation,,,,,,,,,,,,
SV027,R,108,2,3,1,0,1,Fixation,,,,,,,,,,,,
SV027,R,109,2,0,1,1,1,Fixation,,,,,,,,,,,,
SV027,R,110,2,3,0,1,1,Fixation,,,,,,,,,,,,
SV027,R,111,3,2,0,1,1,Fixation,,,,,,,,,,,,
SV027,R,112,3,0,1,0,1,Fixation,,,,,,,,,,,,
SV027,R,113,2,3,0,1,2,Fixation,,,,,,,,,,,,
SV027,R,114,3,2,1,0,2,Fixation,,,,,,,,,,,,
SV027,R,115,2,0,1,1,1,Fixation,,,,,,,,,,,,
SV027,R,116,3,0,1,0,1,Fixation,,,,,,,,,,,,
SV027,R,117,2,0,1,1,1,Fixation,,,,,,,,,,,,
SV027,R,118,2,2,1,0,1,Fixation,,,,,,,,,,,,
SV027,R,119,3,2,1,1,1,Fixation,,,,,,,,,,,,
SV027,R,120,2,2,1,0,1,Fixation,,,,,,,,,,,,
SV027,R,121,2,3,0,0,1,Fixation,,,,,,,,,,,,
SV027,R,122,2,0,1,0,1,Fixation,,,,,,,,,,,,
SV027,R,123,2,0,1,1,0,Fixation,,,,,,,,,,,,
SV027,R,124,3,2,0,0,1,Fixation,,,,,,,,,,,,
SV027,R,125,3,3,0,1,1,Fixation,,,,,,,,,,,,
SV027,R,126,3,0,0,1,1,Fixation,,,,,,,,,,,,
SV027,R,127,3,0,0,0,3,Fixation,,,,,,,,,,,,
SV027,R,128,3,2,0,0,1,Fixation,,,,,,,,,,,,
SV027,R,129,3,2,1,0,1,Fixation,,,,,,,,,,,,
SV027,R,130,3,0,1,1,1,Fixation,,,,,,,,,,,,
SV027,R,131,2,2,0,1,1,Fixation,,,,,,,,,,,,
SV027,R,132,2,2,0,0,1,Fixation,,,,,,,,0.5,0.5,61.0,61.0,12.0
SV027,R,133,2,0,1,1,1,Fixation,,,,,,,,,,,,
SV027,R,134,3,0,0,0,3,Fixation,,,,,,,,,,,,
SV027,R,135,3,3,1,0,1,Fixation,,,,,,,,,,,,
SV027,R,136,3,3,1,0,1,Fixation,,,,,,,,,,,,
SV027,R,137,3,3,0,0,1,Fixation,,,,,,,,,,,,
SV027,R,138,3,0,0,1,1,Fixation,,,,,,,,,,,,
SV027,R,139,2,3,1,0,1,Fixation,,,,,,,,,,,,
SV027,R,140,2,2,1,1,1,Fixation,,,,,,,,,,,,
SV027,R,141,3,3,0,1,1,Fixation,,,,,,,,,,,,
SV027,R,142,3,0,1,1,1,Fixation,,,,,,,,,,,,
SV027,R,143,2,3,1,0,1,Fixation,,,,,,,,,,,,
SV027,R,144,2,3,1,1,1,Fixation,,,,,,,,,,,,
SV027,R,145,3,0,0,0,3,Fixation,,,,,,,,,,,,
SV027,R,146,3,0,0,0,3,Fixation,,,,,,,,,,,,
SV027,R,147,3,2,0,1,1,Fixation,,,,,,,,,,,,
SV027,R,148,2,2,1,0,1,Fixation,,,,,,,,,,,,
SV027,R,149,2,2,0,0,1,Fixation,,,,,,,,,,,,
SV027,R,150,2,3,1,1,1,Fixation,,,,,,,,,,,,
SV027,R,151,3,2,0,1,1,Fixation,,,,,,,,,,,,
SV027,R,152,2,0,0,1,1,Fixation,,,,,,,,,,,,
SV027,R,153,2,3,0,0,1,Fixation,,,,,,,,,,,,
SV027,R,154,2,0,0,0,2,Fixation,,,,,,,,0.8,0.8,67.0,67.0,16.0
SV027,R,155,3,2,1,1,1,Fixation,,,,,,,,,,,,
SV027,R,156,2,2,1,1,1,Fixation,,,,,,,,,,,,
SV027,R,157,3,2,1,1,1,Fixation,,,,,,,,,,,,
SV027,R,158,2,2,1,1,1,Fixation,,,,,,,,,,,,
SV027,R,159,3,0,0,0,2,Fixation,,,,,,,,,,,,
SV027,R,160,3,0,0,1,2,Fixation,,,,,,,,,,,,
SV027,R,161,2,0,0,1,1,Fixation,,,,,,,,,,,,
SV027,R,162,2,3,1,0,1,Fixation,,,,,,,,,,,,
SV027,R,163,2,0,0,1,1,Fixation,,,,,,,,,,,,
SV027,R,164,2,3,1,1,1,Fixation,,,,,,,,,,,,
SV027,R,165,3,0,0,1,1,Fixation,,,,,,,,,,,,
SV027,R,166,3,0,0,0,1,Fixation,,,,,,,,,,,,
SV027,R,167,2,0,1,1,1,Fixation,,,,,,,,,,,,
SV027,R,168,3,0,1,1,2,Fixation,,,,,,,,,,,,
SV027,R,169,2,3,0,1,1,Fixation,,,,,,,,,,,,
SV027,R,170,3,0,0,0,1,Fixation,,,,,,,,,,,,
SV027,R,171,3,3,1,1,1,Fixation,,,,,,,,,,,,
SV027,R,172,2,2,0,0,1,Fixation,,,,,,,,,,,,
SV027,R,173,3,3,0,1,1,Fixation,,,,,,,,,,,,
SV027,R,174,2,0,0,0,1,Fixation,,,,,,,,,,,,
SV027,R,175,2,3,0,1,1,Fixation,,,,,,,,,,,,
SV027,R,176,3,3,1,0,1,Fixation,,,,,,,,,,,,
SV027,R,177,2,3,1,1,1,Fixation,,,,,,,,,,,,
SV027,R,178,3,0,1,0,1,Fixation,,,,,,,,,,,,
SV027,R,179,3,2,1,0,1,Fixation,,,,,,,,,,,,
SV027,R,180,2,3,0,1,1,Fixation,,,,,,,,,,,,
SV027,R,181,2,2,1,0,1,Fixation,,,,,,,,,,,,
SV027,R,182,3,3,0,1,1,Fixation,,,,,,,,,,,,
SV027,R,183,2,2,0,1,1,Fixation,,,,,,,,,,,,
SV027,R,184,2,3,0,0,1,Fixation,,,,,,,,,,,,
SV027,R,185,2,2,0,1,1,Fixation,,,,,,,,,,,,
SV027,R,186,2,2,0,1,1,Fixation,,,,,,,,,,,,
SV027,R,187,3,2,0,0,1,Fixation,,,,,,,,,,,,
SV027,R,188,3,3,1,1,1,Fixation,,,,,,,,,,,,
SV027,R,189,3,3,1,1,1,Fixation,,,,,,,,,,,,
SV027,R,190,3,3,1,0,1,Fixation,,,,,,,,,,,,
SV027,R,191,3,2,1,1,1,Fixation,,,,,,,,,,,,
SV027,R,192,3,0,1,1,1,Fixation,,,,,,,,,,,,
SV027,R,193,3,2,0,1,1,Fixation,,,,,,,,,,,,
SV027,R,194,3,3,0,1,1,Fixation,,,,,,,,,,,,
SV027,R,195,3,0,1,1,1,Fixation,,,,,,,,,,,,
SV027,R,196,3,2,0,0,1,Fixation,,,,,,,,,,,,
SV027,R,197,3,2,1,0,1,Fixation,,,,,,,,,,,,
SV027,R,198,3,0,1,0,1,Fixation,,,,,,,,,,,,
SV027,R,199,2,2,0,1,1,Fixation,,,,,,,,,,,,
SV027,R,200,3,3,1,0,1,Fixation,,,,,,,,,,,,
SV027,R,201,2,3,0,0,1,Fixation,,,,,,,,,,,,
SV027,R,202,3,2,1,0,1,Fixation,,,,,,,,,,,,
SV027,R,203,3,0,0,1,1,Fixation,,,,,,,,,,,,
SV027,R,204,3,3,1,1,1,Fixation,,,,,,,,,,,,
SV027,R,205,2,3,1,0,1,Fixation,,,,,,,,,,,,
SV027,R,206,2,2,1,0,1,Fixation,,,,,,,,,,,,
SV027,R,207,2,3,1,1,1,Fixation,,,,,,,,,,,,
SV027,R,208,3,2,0,0,1,Fixation,,,,,,,,,,,,
SV027,R,209,2,3,0,0,1,Fixation,,,,,,,,,,,,
SV027,R,210,3,2,0,1,1,Fixation,,,,,,,,,,,,
SV027,R,211,3,3,1,1,1,Fixation,,,,,,,,,,,,
SV027,R,212,2,0,1,1,1,Fixation,,,,,,,,,,,,
SV027,R,213,2,2,0,1,1,Fixation,,,,,,,,,,,,
SV027,R,214,2,0,0,0,2,Fixation,,,,,,,,,,,,
SV027,R,215,3,2,0,1,1,Fixation,,,,,,,,,,,,
SV027,R,216,3,3,0,0,1,Fixation,,,,,,,,,,,,
SV027,R,217,2,0,1,0,1,Fixation,,,,,,,,,,,,
SV027,R,218,2,2,0,0,1,Fixation,,,,,,,,,,,,
SV027,R,219,2,3,1,1,1,Fixation,,,,,,,,,,,,
SV027,R,220,3,2,0,0,1,Fixation,,,,,,,,,,,,
SV027,R,221,3,0,1,1,1,Fixation,,,,,,,,,,,,
SV027,R,222,2,3,1,0,1,Fixation,,,,,,,,,,,,
SV027,R,223,3,0,1,0,1,Fixation,,,,,,,,,,,,
SV027,R,224,2,2,1,0,1,Fixation,,,,,,,,,,,,
SV027,R,225,2,0,0,1,1,Fixation,,,,,,,,,,,,
SV027,R,226,2,0,1,1,1,Fixation,,,,,,,,,,,,
SV027,R,227,3,2,1,1,1,Fixation,,,,,,,,,,,,
SV027,R,228,3,0,1,0,1,Fixation,,,,,,,,,,,,
SV027,R,229,3,2,1,0,1,Fixation,,,,,,,,,,,,
SV027,R,230,2,2,1,0,1,Fixation,,,,,,,,,,,,
SV027,R,231,2,2,0,1,1,Fixation,,,,,,,,,,,,
SV027,R,232,3,0,0,1,1,Fixation,,,,,,,,,,,,
SV027,R,233,2,0,0,0,3,Fixation,,,,,,,,,,,,
SV027,R,234,2,0,0,0,3,Fixation,,,,,,,,,,,,
SV027,R,235,3,2,1,0,1,Fixation,,,,,,,,,,,,
SV027,R,236,3,0,0,1,1,Fixation,,,,,,,,,,,,
SV027,R,237,2,3,1,0,1,Fixation,,,,,,,,,,,,
SV027,R,238,3,3,1,1,1,Fixation,,,,,,,,,,,,
SV027,R,239,3,0,1,1,1,Fixation,,,,,,,,,,,,
SV027,R,240,2,3,0,1,1,Fixation,,,,,,,,,,,,
SV027,R,241,2,2,0,0,2,Fixation,,,,,,,,,,,,
SV027,R,242,3,2,0,0,2,Fixation,,,,,,,,,,,,
SV027,R,243,3,0,1,0,0,Fixation,,,,,,,,,,,,
SV027,R,244,3,2,0,0,2,Fixation,,,,,,,,,,,,
SV027,R,245,2,0,1,1,0,Fixation,,,,,,,,,,,,
SV027,R,246,3,3,1,0,4,Fixation,,,,,,,,,,,,
SV027,R,247,2,2,0,0,2,Fixation,,,,,,,,,,,,
SV027,R,248,3,3,0,1,3,Fixation,,,,,,,,,,,,
SV027,R,249,2,0,0,1,0,Fixation,,,,,,,,,,,,
SV027,R,250,2,0,1,1,0,Fixation,,,,,,,,,,,,
SV027,R,251,2,0,1,0,0,Fixation,,,,,,,,,,,,
SV027,R,252,2,2,1,0,2,Fixation,,,,,,,,,,,,
SV027,R,253,3,3,0,0,3,Fixation,,,,,,,,,,,,
SV027,R,254,3,0,1,1,0,Fixation,,,,,,,,,,,,
SV027,R,255,2,0,0,0,0,Fixation,,,,,,,,,,,,
SV027,R,256,3,3,0,1,3,Fixation,,,,,,,,,,,,
SV027,R,257,3,2,1,0,2,Fixation,,,,,,,,,,,,
SV027,R,258,2,3,0,1,3,Fixation,,,,,,,,,,,,
SV027,R,259,3,0,0,1,0,Fixation,,,,,,,,,,,,
SV027,R,260,3,0,0,0,0,Fixation,,,,,,,,,,,,
SV027,R,261,3,2,1,1,2,Fixation,,,,,,,,,,,,
SV027,R,262,2,3,0,1,3,Fixation,,,,,,,,,,,,
SV027,R,263,3,2,1,0,2,Fixation,,,,,,,,,,,,
SV027,R,264,3,3,1,0,3,Fixation,,,,,,,,,,,,
SV027,R,265,3,2,1,1,2,Fixation,,,,,,,,,,,,
SV027,R,266,3,3,0,1,3,Fixation,,,,,,,,0.7,0.7,83.0,83.0,12.0
SV027,R,267,3,3,1,1,3,Fixation,,,,,,,,,,,,
SV027,R,268,2,3,1,1,3,Fixation,,,,,,,,,,,,
SV027,R,269,3,0,0,1,0,Fixation,,,,,,,,,,,,
SV027,R,270,3,3,0,1,3,Fixation,,,,,,,,,,,,
SV027,R,271,3,2,0,1,2,Fixation,,,,,,,,,,,,
SV027,R,272,2,3,1,1,3,Fixation,,,,,,,,,,,,
SV027,R,273,2,3,0,0,3,Fixation,,,,,,,,,,,,
SV027,R,274,2,0,1,1,0,Fixation,,,,,,,,,,,,
SV027,R,275,3,3,1,1,3,Fixation,,,,,,,,,,,,
SV027,R,276,3,3,1,0,3,Fixation,,,,,,,,,,,,
SV027,R,277,2,2,1,1,2,Fixation,,,,,,,,,,,,
SV027,R,278,2,0,0,0,0,Fixation,,,,,,,,,,,,
SV027,R,279,3,2,0,1,2,Fixation,,,,,,,,,,,,
SV027,R,280,3,0,0,0,0,Fixation,,,,,,,,,,,,
SV027,R,281,3,2,0,0,2,Fixation,,,,,,,,,,,,
SV027,R,282,2,3,1,1,3,Fixation,,,,,,,,,,,,
SV027,R,283,3,0,1,0,0,Fixation,,,,,,,,,,,,
SV027,R,284,3,3,1,0,3,Fixation,,,,,,,,,,,,
SV027,R,285,2,2,0,0,2,Fixation,,,,,,,,,,,,
SV027,R,286,3,0,1,0,0,Fixation,,,,,,,,,,,,
SV027,R,287,2,0,1,0,0,Fixation,,,,,,,,,,,,
SV027,R,288,3,3,1,1,3,Fixation,,,,,,,,,,,,
SV027,R,289,3,3,0,1,3,Fixation,,,,,,,,,,,,
SV027,R,290,2,0,1,1,0,Fixation,,,,,,,,,,,,
SV027,R,291,3,0,0,0,0,Fixation,,,,,,,,,,,,
SV027,R,292,2,3,0,0,3,Fixation,,,,,,,,,,,,
SV027,R,293,2,2,0,0,2,Fixation,,,,,,,,,,,,
SV027,R,294,3,3,0,0,3,Fixation,,,,,,,,,,,,
SV027,R,295,2,3,1,0,3,Fixation,,,,,,,,,,,,
SV027,R,296,2,3,0,1,2,Fixation,,,,,,,,,,,,
SV027,R,297,3,2,0,1,2,Fixation,,,,,,,,,,,,
SV027,R,298,3,2,0,0,2,Fixation,,,,,,,,,,,,
SV027,R,299,3,0,1,0,0,Fixation,,,,,,,,,,,,
SV027,R,300,2,0,1,1,0,Fixation,,,,,,,,,,,,
SV027,R,301,3,0,1,1,0,Fixation,,,,,,,,,,,,
SV027,R,302,2,2,0,0,2,Fixation,,,,,,,,,,,,
SV027,R,303,3,0,0,1,0,Fixation,,,,,,,,,,,,
SV027,R,304,2,3,1,1,3,Fixation,,,,,,,,,,,,
SV027,R,305,3,0,1,1,0,Fixation,,,,,,,,,,,,
SV027,R,306,3,2,1,1,2,Fixation,,,,,,,,,,,,
SV027,R,307,2,3,1,1,3,Fixation,,,,,,,,,,,,
SV027,R,308,3,0,1,0,0,Fixation,,,,,,,,,,,,
SV027,R,309,2,0,0,1,0,Fixation,,,,,,,,,,,,
SV027,R,310,3,0,0,1,0,Fixation,,,,,,,,,,,,
SV027,R,311,2,2,1,0,2,Fixation,,,,,,,,,,,,
SV027,R,312,2,0,1,1,0,Fixation,,,,,,,,,,,,
SV027,R,313,3,2,1,1,2,Fixation,,,,,,,,,,,,
SV027,R,314,2,2,0,0,2,Fixation,,,,,,,,,,,,
SV027,R,315,2,2,0,0,2,Fixation,,,,,,,,,,,,
SV027,R,316,2,0,0,0,0,Fixation,,,,,,,,,,,,
SV027,R,317,2,0,0,0,0,Fixation,,,,,,,,,,,,
SV027,R,318,2,0,1,0,0,Fixation,,,,,,,,,,,,
SV027,R,319,2,3,1,0,4,Fixation,,,,,,,,,,,,
SV027,R,320,2,3,0,0,3,Fixation,,,,,,,,,,,,
SV027,R,321,2,2,1,1,2,Fixation,,,,,,,,,,,,
SV027,R,322,3,2,0,0,2,Fixation,,,,,,,,,,,,
SV027,R,323,3,3,0,0,3,Fixation,,,,,,,,,,,,
SV027,R,324,2,2,1,0,2,Fixation,,,,,,,,,,,,
SV027,R,325,3,3,1,1,4,Fixation,,,,,,,,,,,,
SV027,R,326,2,2,1,0,2,Fixation,,,,,,,,,,,,
SV027,R,327,3,3,1,0,3,Fixation,,,,,,,,,,,,
SV027,R,328,2,2,0,1,2,Fixation,,,,,,,,,,,,
SV027,R,329,2,3,1,1,4,Fixation,,,,,,,,,,,,
SV027,R,330,2,2,1,0,2,Fixation,,,,,,,,,,,,
SV027,R,331,3,3,1,0,3,Fixation,,,,,,,,,,,,
SV027,R,332,3,0,0,0,0,Fixation,,,,,,,,,,,,
SV027,R,333,3,3,0,0,3,Fixation,,,,,,,,,,,,
SV027,R,334,2,3,0,0,3,Fixation,,,,,,,,,,,,
SV027,R,335,3,0,1,1,0,Fixation,,,,,,,,,,,,
SV027,R,336,3,0,0,1,0,Fixation,,,,,,,,,,,,
SV027,R,337,2,0,0,0,0,Fixation,,,,,,,,,,,,
SV027,R,338,2,2,1,0,2,Fixation,,,,,,,,,,,,
SV027,R,339,3,2,1,0,2,Fixation,,,,,,,,,,,,
SV027,R,340,2,0,1,0,0,Fixation,,,,,,,,,,,,
SV027,R,341,2,2,1,1,2,Fixation,,,,,,,,,,,,
SV027,R,342,3,3,0,1,3,Fixation,,,,,,,,,,,,
SV027,R,343,2,2,0,1,2,Fixation,,,,,,,,,,,,
SV027,R,344,3,3,0,1,4,Fixation,,,,,,,,,,,,
SV027,R,345,3,2,1,0,2,Fixation,,,,,,,,,,,,
SV027,R,346,2,0,0,0,0,Fixation,,,,,,,,,,,,
SV027,R,347,3,2,0,0,2,Fixation,,,,,,,,,,,,
SV027,R,348,3,0,0,0,0,Fixation,,,,,,,,,,,,
SV027,R,349,3,2,1,0,2,Fixation,,,,,,,,,,,,
SV027,R,350,2,2,0,1,2,Fixation,,,,,,,,,,,,
SV027,R,351,2,2,1,0,2,Fixation,,,,,,,,,,,,
SV027,R,352,3,3,0,1,4,Fixation,,,,,,,,,,,,
SV027,R,353,2,3,0,1,4,Fixation,,,,,,,,,,,,
SV027,R,354,3,2,1,1,2,Fixation,,,,,,,,,,,,
SV027,R,355,2,0,1,1,0,Fixation,,,,,,,,,,,,
SV027,R,356,2,2,1,1,2,Fixation,,,,,,,,,,,,
SV027,R,357,3,3,0,0,3,Fixation,,,,,,,,,,,,
SV027,R,358,3,3,1,1,3,Fixation,,,,,,,,,,,,
SV027,R,359,3,0,0,1,0,Fixation,,,,,,,,,,,,
SV027,R,360,2,0,1,0,0,Fixation,,,,,,,,,,,,
SV027,R,361,2,3,0,0,4,Fixation,,,,,,,,,,,,
SV027,R,362,3,3,1,0,3,Fixation,,,,,,,,,,,,
SV027,R,363,3,0,0,1,0,Fixation,,,,,,,,,,,,
SV027,R,364,2,0,0,1,0,Fixation,,,,,,,,0.8,0.8,72.0,72.0,16.0
SV027,R,365,3,3,1,1,3,Fixation,,,,,,,,,,,,
SV027,R,366,3,3,0,0,3,Fixation,,,,,,,,,,,,
SV027,R,367,2,2,0,0,2,Fixation,,,,,,,,,,,,
SV027,R,368,2,0,0,1,0,Fixation,,,,,,,,,,,,
SV027,R,369,2,0,1,0,0,Fixation,,,,,,,,,,,,
SV027,R,370,3,2,1,0,2,Fixation,,,,,,,,,,,,
SV027,R,371,2,3,0,0,3,Fixation,,,,,,,,,,,,
SV027,R,372,2,3,0,1,4,Fixation,,,,,,,,,,,,
SV027,R,373,2,3,0,0,4,Fixation,,,,,,,,,,,,
SV027,R,374,3,2,0,0,2,Fixation,,,,,,,,,,,,
SV027,R,375,2,3,0,0,3,Fixation,,,,,,,,,,,,
SV027,R,376,2,3,0,1,4,Fixation,,,,,,,,,,,,
SV027,R,377,3,3,1,1,4,Fixation,,,,,,,,,,,,
SV027,R,378,3,3,0,1,4,Fixation,,,,,,,,,,,,
SV027,R,379,2,2,0,1,2,Fixation,,,,,,,,,,,,
SV027,R,380,3,0,1,0,0,Fixation,,,,,,,,,,,,
SV027,R,381,3,3,0,0,3,Fixation,,,,,,,,,,,,
SV027,R,382,3,3,0,0,3,Fixation,,,,,,,,,,,,
SV027,R,383,3,3,1,0,3,Fixation,,,,,,,,,,,,
SV027,R,384,3,2,0,0,2,Fixation,,,,,,,,,,,,
SV027,R,385,2,3,1,0,3,Fixation,,,,,,,,,,,,
SV027,R,386,3,2,0,0,2,Fixation,,,,,,,,,,,,
SV027,R,387,2,3,1,0,3,Fixation,,,,,,,,,,,,
SV027,R,388,3,3,1,0,2,Fixation,,,,,,,,,,,,
SV027,R,389,3,0,0,0,0,Fixation,,,,,,,,,,,,
SV027,R,390,2,3,0,0,3,Fixation,,,,,,,,,,,,
SV027,R,391,2,2,1,1,2,Fixation,,,,,,,,,,,,
SV027,R,392,3,2,0,1,2,Fixation,,,,,,,,,,,,
SV027,R,393,3,2,1,1,2,Fixation,,,,,,,,,,,,
SV027,R,394,3,2,1,0,2,Fixation,,,,,,,,,,,,
SV027,R,395,3,0,0,1,0,Fixation,,,,,,,,,,,,
SV027,R,396,2,2,1,1,2,Fixation,,,,,,,,,,,,
SV027,R,397,2,0,0,1,0,Fixation,,,,,,,,,,,,
SV027,R,398,2,3,1,0,4,Fixation,,,,,,,,,,,,
SV027,R,399,2,0,0,0,0,Fixation,,,,,,,,,,,,
SV027,R,400,2,0,1,0,0,Fixation,,,,,,,,,,,,
SV027,R,401,2,3,0,0,4,Fixation,,,,,,,,,,,,
SV027,R,402,2,2,0,1,2,Fixation,,,,,,,,,,,,
SV027,R,403,3,0,0,1,0,Fixation,,,,,,,,,,,,
SV027,R,404,2,3,1,0,4,Fixation,,,,,,,,,,,,
SV027,R,405,3,0,0,0,0,Fixation,,,,,,,,,,,,
SV027,R,406,3,2,0,1,2,Fixation,,,,,,,,,,,,
SV027,R,407,3,2,1,1,2,Fixation,,,,,,,,,,,,
SV027,R,408,2,2,1,1,2,Fixation,,,,,,,,,,,,
SV027,R,409,2,0,0,1,0,Fixation,,,,,,,,,,,,
SV027,R,410,3,0,1,1,0,Fixation,,,,,,,,,,,,
SV027,R,411,2,0,1,1,0,Fixation,,,,,,,,,,,,
SV027,R,412,3,2,1,0,2,Fixation,,,,,,,,,,,,
SV027,R,413,2,2,0,0,2,Fixation,,,,,,,,,,,,
SV027,R,414,3,3,1,1,4,Fixation,,,,,,,,,,,,
SV027,R,415,3,3,1,0,4,Fixation,,,,,,,,,,,,
SV027,R,416,3,0,1,1,0,Fixation,,,,,,,,,,,,
SV027,R,417,2,2,1,1,2,Fixation,,,,,,,,,,,,
SV027,R,418,2,2,1,0,2,Fixation,,,,,,,,,,,,
SV027,R,419,2,0,0,1,0,Fixation,,,,,,,,,,,,
SV027,R,420,2,3,1,1,4,Fixation,,,,,,,,,,,,
SV027,R,421,2,0,0,0,0,Fixation,,,,,,,,,,,,
SV027,R,422,2,3,0,1,4,Fixation,,,,,,,,,,,,
SV027,R,423,3,2,1,0,3,Fixation,,,,,,,,,,,,
SV027,R,424,2,3,1,1,4,Fixation,,,,,,,,,,,,
SV027,R,425,3,0,0,0,0,Fixation,,,,,,,,,,,,
SV027,R,426,2,3,0,1,3,Fixation,,,,,,,,,,,,
SV027,R,427,2,0,0,1,0,Fixation,,,,,,,,,,,,
SV027,R,428,3,2,0,1,2,Fixation,,,,,,,,,,,,
SV027,R,429,3,0,0,1,0,Fixation,,,,,,,,,,,,
SV027,R,430,2,0,1,1,0,Fixation,,,,,,,,,,,,
SV027,R,431,2,3,1,0,3,Fixation,,,,,,,,,,,,
SV027,R,432,3,3,1,1,3,Fixation,,,,,,,,,,,,
SV027,R,433,2,2,0,1,2,Fixation,,,,,,,,,,,,
SV027,R,434,2,3,1,1,2,Fixation,,,,,,,,,,,,
SV027,R,435,3,0,1,1,0,Fixation,,,,,,,,,,,,
SV027,R,436,3,0,1,0,0,Fixation,,,,,,,,,,,,
SV027,R,437,2,3,1,0,3,Fixation,,,,,,,,,,,,
SV027,R,438,2,3,0,1,3,Fixation,,,,,,,,,,,,
SV027,R,439,3,0,1,0,0,Fixation,,,,,,,,,,,,
SV027,R,440,2,0,0,1,0,Fixation,,,,,,,,,,,,
SV027,R,441,2,3,1,0,3,Fixation,,,,,,,,,,,,
SV027,R,442,3,3,0,1,3,Fixation,,,,,,,,,,,,
SV027,R,443,2,0,1,0,0,Fixation,,,,,,,,,,,,
SV027,R,444,3,2,1,1,2,Fixation,,,,,,,,,,,,
SV027,R,445,2,0,1,1,0,Fixation,,,,,,,,,,,,
SV027,R,446,3,3,0,0,4,Fixation,,,,,,,,,,,,
SV027,R,447,3,0,1,1,0,Fixation,,,,,,,,,,,,
SV027,R,448,2,2,0,0,2,Fixation,,,,,,,,,,,,
SV027,R,449,3,0,0,0,0,Fixation,,,,,,,,,,,,
SV027,R,450,3,3,1,1,4,Fixation,,,,,,,,,,,,
SV027,R,451,2,3,0,1,3,Fixation,,,,,,,,,,,,
SV027,R,452,2,2,0,1,2,Fixation,,,,,,,,,,,,
SV027,R,453,2,0,0,0,0,Fixation,,,,,,,,,,,,
SV027,R,454,3,2,0,1,2,Fixation,,,,,,,,,,,,
SV027,R,455,3,0,1,0,0,Fixation,,,,,,,,,,,,
SV027,R,456,3,0,1,1,0,Fixation,,,,,,,,,,,,
SV027,R,457,3,0,1,1,0,Fixation,,,,,,,,,,,,
SV027,R,458,2,3,1,0,3,Fixation,,,,,,,,,,,,
SV027,R,459,2,2,1,1,3,Fixation,,,,,,,,,,,,
SV027,R,460,3,3,0,0,3,Fixation,,,,,,,,,,,,
SV027,R,461,2,0,1,0,0,Fixation,,,,,,,,,,,,
SV027,R,462,2,3,1,1,4,Fixation,,,,,,,,,,,,
SV027,R,463,2,2,1,0,2,Fixation,,,,,,,,,,,,
SV027,R,464,3,2,1,0,2,Fixation,,,,,,,,,,,,
SV027,R,465,3,0,1,0,0,Fixation,,,,,,,,,,,,
SV027,R,466,2,0,0,1,0,Fixation,,,,,,,,,,,,
SV027,R,467,2,2,1,1,2,Fixation,,,,,,,,,,,,
SV027,R,468,2,0,1,0,0,Fixation,,,,,,,,,,,,
SV027,R,469,2,0,0,0,0,Fixation,,,,,,,,,,,,
SV027,R,470,3,2,0,0,2,Fixation,,,,,,,,,,,,
SV027,R,471,3,2,0,1,2,Fixation,,,,,,,,,,,,
SV027,R,472,3,2,0,1,2,Fixation,,,,,,,,,,,,
SV027,R,473,3,2,0,1,2,Fixation,,,,,,,,,,,,
SV027,R,474,2,2,0,1,2,Fixation,,,,,,,,,,,,
SV027,R,475,2,2,0,1,2,Fixation,,,,,,,,,,,,
SV027,R,476,3,2,1,1,2,Fixation,,,,,,,,,,,,
SV027,R,477,3,2,1,1,2,Fixation,,,,,,,,,,,,
SV027,R,478,2,2,0,1,2,Fixation,,,,,,,,,,,,
SV027,R,479,3,0,0,0,0,Fixation,,,,,,,,,,,,
SV027,R,480,2,2,1,0,2,Fixation,,,,,,,,,,,,
SV027,L,1,2,2,1,0,1,Response,3111.62,3270.0,2085.5,3270.0,476.0,717.0,511.2,6.3500000000000005,20.6,185.16666666666666,257.0,53.333333333333336
SV027,L,2,3,0,0,0,1,Response,3030.3500000000004,3099.4,1129.6,1170.4,412.5,428.0,304.0,3.8333333333333335,8.3,173.33333333333334,261.0,28.0
SV027,L,3,3,2,1,1,1,Response,1201.3333333333333,1574.3,1103.5,1144.2,473.0,526.0,446.6666666666667,3.975,5.1,206.0,243.0,28.0
SV027,L,4,2,3,0,0,2,Response,2889.9,2889.9,1173.4,1173.4,577.0,577.0,208.0,4.55,8.0,188.5,283.0,30.0
SV027,L,5,3,3,1,1,1,Response,1774.3666666666666,2626.1,875.6111111111111,1200.1,489.0,730.0,394.22222222222223,3.677777777777777,16.4,168.55555555555554,507.0,39.111111111111114
SV027,L,6,2,3,0,0,3,Response,2995.45,3129.2,1134.85,1143.3,493.5,585.0,474.0,3.466666666666667,7.8,189.66666666666666,267.0,29.333333333333332
SV027,L,7,2,0,1,1,1,Response,1356.05,1694.6,1086.05,1149.2,411.5,480.0,252.0,4.133333333333334,6.7,184.66666666666666,252.0,30.666666666666668
SV027,L,8,3,3,1,1,1,Response,1255.5666666666666,1768.9,1105.7,1173.3,515.0,572.0,513.3333333333334,4.7,7.2,221.75,294.0,32.0
SV027,L,9,2,3,0,1,3,Response,907.0,907.0,1103.0,1103.0,531.0,531.0,468.0,3.5,6.5,146.5,230.0,28.0
SV027,L,10,2,3,1,0,1,Response,2709.0,2709.0,1241.9,1241.9,584.0,584.0,336.0,4.1,6.8,203.0,284.0,28.0
SV027,L,11,3,0,0,1,1,Response,1727.3,1727.3,991.7,991.7,449.0,449.0,188.0,3.35,5.2,160.0,214.0,28.0
SV027,L,12,3,3,1,1,1,Response,763.4000000000001,1454.9,1046.9,1054.5,603.5,611.0,570.0,9.533333333333333,15.3,261.6666666666667,308.0,56.0
SV027,L,13,2,3,1,0,1,Response,,,,,,,,7.2,7.2,274.0,274.0,40.0
SV027,L,14,2,2,1,1,1,Response,935.25,1694.8,1155.6999999999998,1179.8,652.5,682.0,242.0,9.733333333333334,11.9,278.3333333333333,323.0,56.0
SV027,L,15,2,3,0,1,2,Response,,,,,,,,6.3,6.3,262.0,262.0,40.0
SV027,L,16,3,3,1,1,1,Response,,,,,,,,,,,,
SV027,L,17,3,3,1,1,1,Response,246.5,246.5,1078.0,1078.0,666.0,666.0,428.0,6.1,7.3,220.0,222.0,42.0
SV027,L,18,3,0,0,1,2,Response,1021.7285714285714,1913.1,962.1142857142858,1030.6,494.2857142857143,633.0,448.57142857142856,5.8,9.2,251.28571428571428,487.0,50.857142857142854
SV027,L,19,3,3,0,1,2,Response,1569.35,1676.2,1016.75,1082.7,653.5,744.0,1002.0,2.25,3.0,239.0,300.0,56.0
SV027,L,20,3,0,0,0,2,Response,2704.5666666666666,3173.3,1136.4666666666667,1193.7,562.0,637.0,254.66666666666666,7.425000000000001,11.9,236.25,369.0,45.0
SV027,L,21,2,0,0,1,1,Response,1827.75,1935.6,1047.4,1054.1,519.5,598.0,636.0,3.266666666666667,7.4,252.33333333333334,378.0,48.0
SV027,L,22,2,2,0,1,2,Response,1073.3,1073.3,1026.9,1026.9,627.0,627.0,228.0,3.45,6.0,165.0,248.0,28.0
SV027,L,23,3,3,0,0,3,Response,3143.7000000000003,3270.0,1147.1666666666667,1173.1,475.6666666666667,625.0,550.6666666666666,1.85,3.5,258.5,498.0,44.0
SV027,L,24,2,2,1,0,1,Response,3152.8,3152.8,1312.2,1312.2,512.0,512.0,320.0,1.1,1.4,168.5,208.0,18.0
SV027,L,25,3,3,1,1,1,Response,1081.5,1081.5,1186.6,1186.6,473.0,473.0,276.0,3.45,5.9,169.5,255.0,28.0
SV027,L,26,3,2,0,0,2,Response,3188.3,3270.0,1287.6999999999998,1326.1,487.5,581.0,572.0,0.9333333333333332,1.6,178.66666666666666,278.0,29.333333333333332
SV027,L,27,2,0,0,0,2,Response,3088.4,3088.4,1230.5,1230.5,392.0,392.0,996.0,9.6,9.6,305.0,305.0,56.0
SV027,L,28,2,2,1,1,1,Response,1011.9,1011.9,1219.4,1219.4,516.0,516.0,256.0,3.85,6.8,170.0,257.0,30.0
SV027,L,29,3,0,1,0,1,Response,2799.2,2799.2,1320.1,1320.1,423.0,423.0,376.0,7.5,7.5,304.0,304.0,40.0
SV027,L,30,3,3,1,1,1,Response,,,,,,,,6.2,6.2,258.0,258.0,40.0
SV027,L,31,3,3,0,0,2,Response,3270.0,3270.0,1292.0,1292.0,626.0,626.0,380.0,5.800000000000001,9.3,287.0,304.0,42.0
SV027,L,32,3,0,1,0,1,Response,3270.0,3270.0,1372.2,1372.2,655.0,655.0,244.0,8.05,12.5,283.5,286.0,48.0
SV027,L,33,3,2,1,0,1,Response,3270.0,3270.0,1319.6,1319.6,606.0,606.0,500.0,1.0,1.9,184.5,280.0,20.0
SV027,L,34,3,2,0,0,2,Response,3088.0,3088.0,1246.8,1246.8,420.0,420.0,1244.0,1.7,2.0,411.0,576.0,134.0
SV027,L,35,3,2,1,0,1,Response,3103.6666666666665,3270.0,1319.6666666666667,1329.7,503.3333333333333,620.0,514.6666666666666,1.45,2.6,167.75,269.0,25.0
SV027,L,36,3,3,0,1,2,Response,1031.5,1031.5,1038.9,1038.9,432.0,432.0,732.0,6.7,6.9,223.0,243.0,46.0
SV027,L,37,2,0,1,1,0,Response,1278.3666666666668,1885.4,1160.7666666666667,1184.6,398.0,454.0,268.0,5.175,7.5,204.25,262.0,34.0
SV027,L,38,2,0,1,1,1,Response,931.3,1013.6,1178.25,1234.6,587.5,684.0,396.0,3.5666666666666664,6.8,165.0,236.0,30.666666666666668
SV027,L,39,3,2,0,0,2,Response,1957.0,1957.0,1088.5,1088.5,679.0,679.0,392.0,9.85,11.2,362.0,409.0,56.0
SV027,L,40,3,2,1,0,1,Response,,,,,,,,8.1,8.1,295.0,295.0,44.0
SV027,L,41,2,3,1,1,1,Response,1259.8666666666666,1834.3,1157.8,1198.8,444.0,511.0,294.6666666666667,5.175,7.2,328.5,715.0,62.0
SV027,L,42,2,3,1,0,1,Response,3043.4,3270.0,1353.0,1403.2,567.5,701.0,328.0,6.0,12.4,375.0,727.0,73.33333333333333
SV027,L,43,2,2,0,0,2,Response,2656.15,3027.3,1190.6999999999998,1258.6,577.0,702.0,266.0,4.833333333333333,8.0,231.0,358.0,30.666666666666668
SV027,L,44,2,0,0,0,2,Response,2826.2599999999998,3060.8,1215.26,1366.4,595.2,749.0,444.0,3.8333333333333335,10.4,177.16666666666666,381.0,28.0
SV027,L,45,3,0,0,1,2,Response,1288.3333333333333,1834.7,987.6,1080.5,548.0,719.0,948.0,2.5,6.8,373.5,764.0,89.0
SV027,L,46,2,0,1,1,1,Response,1039.5,1039.5,1138.5,1138.5,556.0,556.0,444.0,3.65,6.1,169.5,253.0,30.0
SV027,L,47,3,3,1,1,1,Response,,,,,,,,5.3,5.3,203.0,203.0,40.0
SV027,L,48,2,3,1,1,1,Response,1046.2,1138.5,1192.35,1206.5,548.0,669.0,256.0,3.966666666666667,6.2,186.33333333333334,241.0,29.333333333333332
SV027,L,49,2,0,0,0,2,Response,,,,,,,,9.1,9.1,285.0,285.0,48.0
SV027,L,50,2,2,0,1,2,Response,,,,,,,,6.8,6.8,250.0,250.0,44.0
SV027,L,51,3,3,1,0,1,Response,3165.066666666667,3270.0,1323.7666666666667,1335.1,476.0,581.0,402.6666666666667,3.75,12.4,202.5,305.0,36.0
SV027,L,52,3,3,1,0,1,Response,,,,,,,,1.1,1.1,163.0,163.0,20.0
SV027,L,53,2,2,1,1,1,Response,1323.4,1662.2,1018.1999999999999,1068.6,654.0,754.0,264.0,4.433333333333334,6.6,208.33333333333334,256.0,30.666666666666668
SV027,L,54,2,2,0,0,2,Response,,,,,,,,9.6,9.6,276.0,276.0,52.0
SV027,L,55,2,2,0,0,2,Response,2534.55,3050.5,1102.4499999999998,1149.8,567.0,730.0,644.0,6.599999999999999,9.7,359.3333333333333,663.0,73.33333333333333
SV027,L,56,2,2,0,0,2,Response,,,,,,,,9.3,9.3,283.0,283.0,52.0
SV027,L,57,3,0,0,1,2,Response,1372.45,1805.5,1086.25,1089.7,557.0,712.0,828.0,5.6,6.8,217.5,252.0,40.0
SV027,L,58,2,0,0,0,2,Response,3023.2,3023.2,1183.3,1183.3,527.0,527.0,420.0,5.05,8.6,448.5,598.0,70.0
SV027,L,59,2,0,1,1,1,Response,1050.1,1050.1,1165.0,1165.0,521.0,521.0,380.0,3.6500000000000004,6.4,175.5,272.0,28.0
SV027,L,60,2,3,1,1,1,Response,1875.0500000000002,1953.7,1090.4,1100.3,704.5,712.0,226.0,2.8333333333333335,6.7,138.66666666666666,224.0,24.0
SV027,L,61,2,2,0,1,2,Response,1325.4666666666667,1804.7,1029.8999999999999,1062.6,515.3333333333334,701.0,461.3333333333333,4.433333333333334,7.2,179.66666666666666,223.0,34.666666666666664
SV027,L,62,2,3,0,0,3,Response,2477.5,2860.8,1044.6,1073.9,692.5,756.0,260.0,3.233333333333333,5.8,311.6666666666667,578.0,65.33333333333333
SV027,L,63,2,3,0,1,2,Response,1044.4,1044.4,937.2,937.2,441.0,441.0,684.0,5.65,5.7,234.0,237.0,38.0
SV027,L,64,2,2,1,0,1,Response,2692.3,3270.0,1170.35,1244.9,665.5,689.0,274.0,5.3,9.4,277.6666666666667,432.0,34.666666666666664
SV027,L,65,2,2,1,0,1,Response,1947.75,1989.9,1319.6,1581.3,543.0,651.0,472.0,5.95,8.3,234.0,288.0,36.0
SV027,L,66,2,3,0,0,2,Response,3233.9666666666667,3270.0,1178.1000000000001,1205.3,543.6666666666666,638.0,400.0,3.05,11.1,157.75,261.0,34.0
SV027,L,67,3,3,0,1,3,Response,,,,,,,,6.4,6.4,251.0,251.0,44.0
SV027,L,68,2,3,1,0,2,Response,2683.7999999999997,3204.4,1233.8999999999999,1322.7,539.0,765.0,494.6666666666667,3.4250000000000003,8.9,172.0,276.0,29.0
SV027,L,69,2,2,1,0,1,Response,2242.9,2242.9,1131.2,1131.2,648.0,648.0,436.0,7.2,8.5,329.0,371.0,44.0
SV027,L,70,3,3,0,1,3,Response,,,,,,,,6.6,6.6,253.0,253.0,44.0
SV027,L,71,3,2,0,0,2,Response,3043.9,3043.9,1133.9,1133.9,424.0,424.0,312.0,4.75,8.7,185.5,298.0,32.0
SV027,L,72,3,2,1,1,0,Response,1151.325,1763.0,1088.125,1122.5,533.5,699.0,434.0,2.25,5.5,216.0,438.0,43.0
SV027,L,73,3,0,0,0,3,Response,,,,,,,,8.7,8.7,277.0,277.0,48.0
SV027,L,74,3,2,1,1,1,Response,1056.3,1056.3,1104.1,1104.1,415.0,415.0,360.0,3.5,5.8,145.0,185.0,30.0
SV027,L,75,2,3,1,1,1,Response,,,,,,,,0.8,0.8,68.0,68.0,16.0
SV027,L,76,3,2,0,1,2,Response,917.0571428571428,2011.9,1087.0571428571427,1852.3,488.0,646.0,256.57142857142856,5.375,9.3,319.125,769.0,64.5
SV027,L,77,2,3,1,0,1,Response,2470.2,2836.5,1218.0500000000002,1275.9,627.5,692.0,356.0,4.933333333333333,8.1,262.3333333333333,399.0,40.0
SV027,L,78,3,0,1,0,1,Response,2527.35,2947.6,1224.15,1287.4,642.5,695.0,302.0,5.6000000000000005,9.2,252.33333333333334,343.0,37.333333333333336
SV027,L,79,3,0,1,1,1,Response,,,,,,,,,,,,
SV027,L,80,2,2,0,0,2,Response,2678.75,3270.0,1174.0500000000002,1281.4,688.5,695.0,314.0,5.8999999999999995,10.1,301.0,331.0,42.0
SV027,L,81,2,3,1,0,1,Response,2952.1,3113.4,1267.475,1308.4,498.75,535.0,645.0,1.64,3.0,155.0,279.0,23.2
SV027,L,82,3,3,0,0,2,Response,3270.0,3270.0,1220.1,1220.1,655.0,655.0,356.0,6.4,11.3,263.0,293.0,44.0
SV027,L,83,3,3,0,1,2,Response,1858.5,1919.8,1032.55,1041.7,703.0,719.0,388.0,4.25,7.5,166.0,240.0,32.0
SV027,L,84,3,0,1,0,1,Response,2763.75,3270.0,1197.1,1258.4,673.5,711.0,318.0,6.25,7.8,307.0,357.0,44.0
SV027,L,85,3,3,1,1,1,Response,,,,,,,,6.3,6.3,220.0,220.0,44.0
SV027,L,86,3,0,0,0,2,Response,1851.0,1851.0,1075.6,1075.6,695.0,695.0,376.0,5.8999999999999995,9.2,248.5,306.0,34.0
SV027,L,87,3,0,0,1,2,Response,,,,,,,,6.2,6.2,227.0,227.0,44.0
SV027,L,88,3,2,0,1,1,Response,1309.4333333333334,1881.5,988.4,997.6,497.3333333333333,657.0,550.6666666666666,2.375,5.5,229.5,470.0,39.0
SV027,L,89,3,2,1,0,1,Response,2923.0333333333333,3270.0,1289.6333333333332,1321.1,560.6666666666666,671.0,338.6666666666667,3.8,6.7,211.5,362.0,36.0
SV027,L,90,2,3,0,1,2,Response,1510.85,1958.8,1006.25,1030.9,439.0,478.0,404.0,4.333333333333333,6.4,169.33333333333334,226.0,30.666666666666668
SV027,L,91,2,0,0,1,1,Response,1519.8999999999999,1891.4,890.6666666666666,1004.4,565.6666666666666,606.0,468.0,4.525,7.6,336.75,725.0,63.0
SV027,L,92,2,0,0,0,2,Response,3056.683333333333,3270.0,1053.1333333333334,1207.6,500.0,734.0,365.3333333333333,2.3857142857142857,8.9,242.0,571.0,63.42857142857143
SV027,L,93,2,0,1,1,1,Response,1048.0,1048.0,1065.3,1065.3,486.0,486.0,432.0,3.5500000000000003,6.2,150.5,223.0,30.0
SV027,L,94,2,2,0,0,2,Response,3055.0,3177.2,1069.6999999999998,1072.1,422.5,440.0,310.0,3.1999999999999997,7.7,119.66666666666667,197.0,26.666666666666668
SV027,L,95,3,0,1,1,1,Response,1001.9,1001.9,1059.8,1059.8,519.0,519.0,424.0,6.050000000000001,6.2,201.5,209.0,44.0
SV027,L,96,2,3,0,1,2,Response,1401.4,1724.9,920.75,978.3,512.5,628.0,578.0,2.1,4.8,113.33333333333333,191.0,21.333333333333332
SV027,L,97,2,2,1,1,1,Response,,,,,,,,7.5,7.5,229.0,229.0,48.0
SV027,L,98,2,0,1,0,1,Response,,,,,,,,9.7,9.7,265.0,265.0,56.0
SV027,L,99,2,0,0,1,2,Response,1048.1,1048.1,928.4,928.4,434.0,434.0,512.0,6.2,6.2,217.0,217.0,40.0
SV027,L,100,3,2,0,1,1,Response,1418.0500000000002,1963.4,1084.7,1154.7,626.5,706.0,270.0,3.5,8.4,152.0,274.0,28.0
SV027,L,101,2,3,0,1,2,Response,,,,,,,,5.9,5.9,223.0,223.0,40.0
SV027,L,102,3,3,1,1,1,Response,968.6,968.6,960.9,960.9,715.0,715.0,268.0,3.5500000000000003,5.9,173.0,239.0,28.0
SV027,L,103,2,0,1,0,1,Response,,,,,,,,2.3,2.3,303.0,303.0,28.0
SV027,L,104,3,0,1,0,1,Response,1949.3000000000002,2049.9,1058.0,1059.9,619.5,634.0,336.0,7.333333333333333,10.5,277.6666666666667,391.0,42.666666666666664
SV027,L,105,2,0,0,0,0,Response,3080.7000000000003,3192.8,1251.2666666666667,1341.5,409.6666666666667,466.0,372.0,6.275,10.1,325.0,554.0,103.0
SV027,L,106,3,2,1,1,1,Response,1463.0,1886.9,1077.1333333333332,1109.1,670.6666666666666,758.0,361.3333333333333,3.125,6.6,164.0,264.0,26.0
SV027,L,107,3,2,1,1,1,Response,1201.55,1360.0,1085.35,1088.9,604.0,692.0,308.0,2.1999999999999997,2.8,145.33333333333334,167.0,21.333333333333332
SV027,L,108,2,2,1,1,1,Response,1435.95,1805.0,1108.85,1157.1,721.5,816.0,506.0,3.0999999999999996,5.1,168.5,242.0,24.0
SV027,L,109,3,2,0,1,2,Response,,,,,,,,,,,,
SV027,L,110,3,3,1,0,1,Response,3139.85,3270.0,1243.95,1268.5,566.5,654.0,854.0,4.0,9.4,213.33333333333334,287.0,30.666666666666668
SV027,L,111,2,2,0,1,1,Response,1333.95,1811.0,1076.3000000000002,1089.4,654.5,760.0,262.0,3.1999999999999997,7.0,143.66666666666666,230.0,28.0
SV027,L,112,3,3,0,0,2,Response,3090.7,3090.7,1149.4,1149.4,441.0,441.0,808.0,5.699999999999999,9.2,211.5,285.0,38.0
SV027,L,113,2,2,0,1,2,Response,1810.9,1810.9,1025.7,1025.7,735.0,735.0,696.0,5.9,5.9,227.0,227.0,40.0
SV027,L,114,3,0,1,1,0,Response,,,,,,,,0.9,0.9,80.0,80.0,16.0
SV027,L,115,2,3,0,1,2,Response,,,,,,,,,,,,
SV027,L,116,2,2,1,1,1,Response,862.35,957.0,1127.85,1159.6,529.0,620.0,264.0,4.0,6.5,168.5,229.0,32.0
SV027,L,117,3,0,0,1,3,Response,902.8,902.8,969.3,969.3,483.0,483.0,668.0,3.6,6.7,143.5,229.0,30.0
SV027,L,118,3,3,0,0,3,Response,2592.75,3270.0,1136.1,1191.8,746.5,772.0,246.0,7.099999999999999,11.1,286.6666666666667,419.0,65.33333333333333
SV027,L,119,3,2,0,0,2,Response,3205.6,3270.0,1202.8666666666668,1279.0,562.3333333333334,738.0,418.6666666666667,0.6,0.9,123.5,233.0,16.0
SV027,L,120,2,0,0,0,2,Response,2858.5499999999997,3106.2,1119.8833333333334,1174.7,593.5,723.0,422.0,2.357142857142857,7.4,273.0,932.0,48.57142857142857
SV027,L,121,2,0,1,0,1,Response,,,,,,,,7.1,7.1,274.0,274.0,40.0
SV027,L,122,3,3,0,0,3,Response,3084.3999999999996,3151.6,1133.8,1148.5,483.5,491.0,508.0,4.65,8.5,162.0,250.0,34.0
SV027,L,123,3,0,0,0,2,Response,2433.95,3017.7,1085.2,1134.9,596.0,723.0,378.0,3.533333333333333,8.4,462.3333333333333,1022.0,93.33333333333333
SV027,L,124,3,2,0,1,2,Response,799.4,937.0,1415.4666666666665,2407.2,400.6666666666667,597.0,441.3333333333333,11.45,16.3,363.25,716.0,87.0
SV027,L,125,3,2,1,0,0,Response,2645.35,3270.0,1158.05,1280.3,616.0,633.0,488.0,9.3,10.2,380.0,460.0,50.0
SV027,L,126,2,0,0,0,1,Response,3270.0,3270.0,1301.4,1301.4,695.0,695.0,280.0,6.699999999999999,11.1,234.0,286.0,40.0
SV027,L,127,3,0,0,0,2,Response,2652.8,3055.4,1146.6,1202.9,648.5,779.0,504.0,5.900000000000001,10.3,242.0,341.0,34.666666666666664
SV027,L,128,3,0,0,0,2,Response,3092.9,3092.9,1232.4,1232.4,493.0,493.0,996.0,9.2,9.3,281.0,308.0,56.0
SV027,L,129,2,3,0,1,2,Response,994.9,994.9,1015.0,1015.0,446.0,446.0,756.0,6.65,7.0,225.0,232.0,44.0
SV027,L,130,3,2,1,0,1,Response,2797.4,3270.0,1219.8,1285.6,605.6666666666666,717.0,496.0,4.666666666666667,8.7,230.33333333333334,353.0,33.333333333333336
SV027,L,131,3,3,0,0,2,Response,2521.85,2955.7,1114.3000000000002,1130.7,675.0,834.0,388.0,3.6333333333333333,6.1,182.0,273.0,26.666666666666668
SV027,L,132,3,0,1,0,1,Response,2999.5,3270.0,1223.7,1241.0,658.0,668.0,432.0,2.25,2.6,178.5,214.0,22.0
SV027,L,133,2,0,1,0,1,Response,2575.55,3270.0,1198.5,1302.3,749.5,766.0,354.0,7.199999999999999,11.6,261.0,314.0,40.0
SV027,L,134,2,0,1,0,1,Response,2615.15,3125.3,1184.6999999999998,1267.1,617.0,698.0,338.0,6.300000000000001,9.3,281.6666666666667,372.0,36.0
SV027,L,135,3,0,1,1,1,Response,1209.3999999999999,1728.3,1030.1666666666667,1159.7,413.3333333333333,492.0,170.66666666666666,3.5,6.1,136.75,202.0,32.0
SV027,L,136,2,2,1,1,1,Response,,,,,,,,6.3,6.3,210.0,210.0,48.0
SV027,L,137,3,0,0,1,2,Response,,,,,,,,5.7,5.7,249.0,249.0,36.0
SV027,L,138,3,2,0,0,2,Response,2675.9,3091.9,1119.4333333333334,1138.5,571.6666666666666,728.0,352.0,6.725,9.8,322.75,671.0,78.0
SV027,L,139,2,0,1,0,1,Response,3011.3,3011.3,1247.7,1247.7,533.0,533.0,416.0,5.1,7.8,177.5,181.0,42.0
SV027,L,140,2,2,1,1,1,Response,1397.8,1802.2,1046.5500000000002,1143.9,649.0,731.0,346.0,2.7999999999999994,6.3,350.3333333333333,700.0,64.0
SV027,L,141,2,3,1,1,1,Response,,,,,,,,6.7,6.7,209.0,209.0,48.0
SV027,L,142,2,0,0,1,2,Response,,,,,,,,6.6,6.6,219.0,219.0,44.0
SV027,L,143,2,2,1,0,1,Response,1952.3,1952.3,1025.1,1025.1,727.0,727.0,648.0,9.1,10.9,340.5,414.0,52.0
SV027,L,144,3,2,0,1,2,Response,,,,,,,,6.3,6.3,273.0,273.0,40.0
SV027,L,145,2,3,0,0,2,Response,2005.0,2005.0,1057.5,1057.5,773.0,773.0,416.0,8.5,9.8,336.5,378.0,46.0
SV027,L,146,3,3,0,0,2,Response,2124.9,2124.9,1060.5,1060.5,799.0,799.0,280.0,6.05,6.1,256.0,258.0,36.0
SV027,L,147,2,3,0,0,2,Response,,,,,,,,8.6,8.6,292.0,292.0,48.0
SV027,L,148,3,2,1,1,1,Response,1600.7666666666667,1953.5,1036.8666666666668,1137.0,698.0,790.0,260.0,3.875,6.5,171.75,231.0,31.0
SV027,L,149,3,3,1,0,1,Response,2822.5,2822.5,1277.0,1277.0,630.0,630.0,244.0,4.75,7.9,205.0,290.0,32.0
SV027,L,150,3,3,0,0,2,Response,3216.35,3270.0,1303.35,1332.9,690.5,762.0,330.0,4.766666666666667,12.2,171.0,269.0,34.666666666666664
SV027,L,151,3,3,0,1,1,Response,1304.5,1618.7,986.3499999999999,1080.1,466.0,495.0,418.0,5.833333333333333,6.5,197.33333333333334,245.0,49.333333333333336
SV027,L,152,2,2,0,0,2,Response,2807.366666666667,3270.0,1130.2333333333333,1191.7,573.0,658.0,318.6666666666667,5.5,9.7,342.75,719.0,73.0
SV027,L,153,2,0,0,0,2,Response,3037.0,3037.0,1148.0,1148.0,435.0,435.0,268.0,4.75,9.0,156.5,249.0,32.0
SV027,L,154,2,3,1,1,1,Response,,,,,,,,6.1,6.1,229.0,229.0,40.0
SV027,L,155,2,3,0,0,2,Response,3101.75,3109.7,1191.85,1229.9,482.5,507.0,674.0,4.066666666666666,9.2,344.3333333333333,689.0,97.33333333333333
SV027,L,156,3,0,0,0,3,Response,2815.7333333333336,3270.0,1144.3666666666666,1216.6,675.6666666666666,758.0,393.3333333333333,5.2,9.1,233.66666666666666,351.0,36.0
SV027,L,157,2,3,0,1,2,Response,971.4000000000001,976.2,903.2,935.8,506.5,534.0,642.0,3.0666666666666664,6.4,306.0,574.0,105.33333333333333
SV027,L,158,2,2,1,0,1,Response,2703.5,3270.0,1219.7333333333333,1289.5,694.0,748.0,280.0,5.066666666666666,10.9,249.0,366.0,37.333333333333336
SV027,L,159,3,3,0,1,2,Response,976.35,984.1,933.75,960.0,596.0,642.0,730.0,3.033333333333333,6.6,605.6666666666666,835.0,184.0
SV027,L,160,3,2,0,0,2,Response,3270.0,3270.0,1209.55,1256.5,609.0,622.0,472.0,4.633333333333333,11.7,218.66666666666666,291.0,38.666666666666664
SV027,L,161,3,0,0,1,2,Response,1852.6,1914.6,1004.6999999999999,1029.1,704.5,734.0,374.0,4.4,7.7,171.5,241.0,32.0
SV027,L,162,3,2,1,1,1,Response,1241.6,1797.8,1091.2,1110.0,748.5,752.0,340.0,4.3,7.9,162.5,263.0,34.0
SV027,L,163,3,0,0,1,2,Response,1303.8,1303.8,999.4,999.4,800.0,800.0,24.0,2.25,3.0,150.0,175.0,20.0
SV027,L,164,3,3,1,0,1,Response,2021.6,2021.6,1100.7,1100.7,789.0,789.0,604.0,7.949999999999999,10.2,316.5,379.0,48.0
SV027,L,165,3,2,1,1,1,Response,929.3,929.3,1075.3,1075.3,605.0,605.0,448.0,6.6,7.1,243.5,246.0,40.0
SV027,L,166,2,2,1,0,1,Response,2363.85,2813.1,1189.2,1251.5,706.0,770.0,296.0,6.566666666666666,10.8,356.6666666666667,654.0,68.0
SV027,L,167,2,2,0,1,1,Response,1840.2,1840.2,1045.0,1045.0,774.0,774.0,620.0,3.55,6.6,156.5,250.0,28.0
SV027,L,168,2,3,1,1,1,Response,1766.1,1766.1,1089.2,1089.2,766.0,766.0,592.0,5.7,5.7,258.0,258.0,36.0
SV027,L,169,3,0,1,0,1,Response,2668.5333333333333,3019.4,1199.3999999999999,1242.5,594.3333333333334,775.0,321.3333333333333,6.55,11.2,254.0,374.0,38.0
SV027,L,170,2,0,1,1,1,Response,,,,,,,,5.5,5.5,245.0,245.0,36.0
SV027,L,171,3,0,0,1,2,Response,1604.5,1604.5,921.8,921.8,767.0,767.0,424.0,2.45,3.2,164.5,205.0,22.0
SV027,L,172,2,0,1,0,1,Response,2929.366666666667,3270.0,1298.5333333333335,1422.4,734.6666666666666,759.0,266.6666666666667,6.975,11.8,265.25,402.0,45.0
SV027,L,173,3,0,1,1,1,Response,1457.4,1457.4,916.6,916.6,795.0,795.0,412.0,3.0,3.7,183.0,226.0,24.0
SV027,L,174,2,0,0,1,3,Response,1679.2,1679.2,974.7,974.7,734.0,734.0,532.0,3.2,5.2,570.0,906.0,110.0
SV027,L,175,2,3,1,0,1,Response,2734.5333333333333,3270.0,1213.5666666666666,1285.5,649.3333333333334,778.0,352.0,5.125,11.0,213.75,408.0,38.0
SV027,L,176,3,3,0,0,3,Response,3000.44,3270.0,1117.54,1201.7,581.2,731.0,476.0,2.4499999999999997,9.7,191.66666666666666,306.0,32.666666666666664
SV027,L,177,2,3,0,1,3,Response,1403.8833333333332,1904.5,1032.7833333333333,1508.4,553.3333333333334,724.0,372.0,3.3166666666666664,7.1,317.8333333333333,715.0,71.33333333333333
SV027,L,178,2,2,0,1,2,Response,1820.6,1820.6,1039.8,1039.8,803.0,803.0,596.0,6.3,6.3,247.0,247.0,40.0
SV027,L,179,3,0,1,0,1,Response,2465.45,2852.9,1156.15,1260.6,668.0,739.0,386.0,5.8999999999999995,10.1,279.3333333333333,440.0,36.0
SV027,L,180,2,3,0,0,3,Response,2376.6,2376.6,987.2,987.2,756.0,756.0,428.0,5.699999999999999,6.8,292.5,340.0,36.0
SV027,L,181,3,2,1,1,1,Response,1854.1,1854.1,1037.5,1037.5,807.0,807.0,244.0,3.6500000000000004,6.4,172.5,260.0,28.0
SV027,L,182,2,0,1,0,1,Response,3023.45,3144.9,1283.9,1309.9,436.5,442.0,420.0,5.8999999999999995,9.2,190.33333333333334,263.0,38.666666666666664
SV027,L,183,3,2,1,0,1,Response,2394.75,2785.9,1145.6,1228.4,613.0,699.0,302.0,2.8000000000000003,5.9,151.33333333333334,259.0,24.0
SV027,L,184,2,2,1,1,1,Response,994.5500000000001,1139.9,1141.55,1143.8,518.5,626.0,220.0,4.866666666666667,7.9,187.0,225.0,36.0
SV027,L,185,3,2,0,1,2,Response,1119.9,1554.3,991.025,1042.4,587.5,809.0,295.0,1.6600000000000001,3.0,241.8,794.0,55.2
SV027,L,186,3,2,1,0,1,Response,3057.9,3270.0,1297.4,1384.1,544.25,763.0,352.0,4.78,12.3,194.0,287.0,53.6
SV027,L,187,2,0,0,1,2,Response,,,,,,,,6.6,6.6,232.0,232.0,44.0
SV027,L,188,2,2,1,1,1,Response,1829.1,1829.1,1066.8,1066.8,718.0,718.0,784.0,4.0,6.4,706.0,1194.0,130.0
SV027,L,189,2,0,1,1,1,Response,1761.4,1761.4,1011.7,1011.7,748.0,748.0,460.0,2.05,3.6,132.5,200.0,20.0
SV027,L,190,3,0,1,1,1,Response,904.2,904.2,1150.6,1150.6,602.0,602.0,376.0,6.449999999999999,6.6,228.0,237.0,42.0
SV027,L,191,3,2,1,0,1,Response,2732.3,2732.3,1219.0,1219.0,587.0,587.0,308.0,4.2,6.5,185.5,256.0,32.0
SV027,L,192,3,2,0,0,2,Response,2741.4,3270.0,1169.8000000000002,1266.4,707.0,717.0,276.0,6.166666666666667,8.8,311.3333333333333,361.0,42.666666666666664
SV027,L,193,2,3,1,1,1,Response,1792.2,1792.2,1044.6,1044.6,753.0,753.0,500.0,3.4,6.0,140.0,211.0,30.0
SV027,L,194,2,2,0,0,1,Response,2403.5,3270.0,1307.5333333333335,1587.5,619.3333333333334,690.0,164.0,6.025,11.4,239.0,403.0,48.0
SV027,L,195,3,2,0,1,1,Response,,,,,,,,,,,,
SV027,L,196,3,3,0,1,3,Response,965.1,965.1,977.7,977.7,541.0,541.0,1356.0,6.15,6.6,208.0,239.0,48.0
SV027,L,197,3,0,0,0,2,Response,2396.1,2968.4,1099.95,1157.0,711.5,826.0,344.0,4.166666666666667,8.5,181.33333333333334,268.0,29.333333333333332
SV027,L,198,3,0,1,0,1,Response,2699.733333333333,3270.0,1215.6666666666667,1273.3,818.3333333333334,923.0,296.0,6.625,10.6,253.25,408.0,50.0
SV027,L,199,3,3,1,0,1,Response,2397.0,2967.7,1154.8,1249.5,709.5,846.0,576.0,8.7,8.8,272.5,285.0,50.0
SV027,L,200,3,3,1,0,1,Response,,,,,,,,10.4,10.4,352.0,352.0,56.0
SV027,L,201,2,2,1,0,1,Response,,,,,,,,9.9,9.9,268.0,268.0,56.0
SV027,L,202,2,3,1,1,1,Response,1512.1666666666667,1835.0,1051.2333333333333,1148.9,695.6666666666666,767.0,304.0,2.9,6.2,146.66666666666666,241.0,26.666666666666668
SV027,L,203,2,0,1,1,1,Response,,,,,,,,,,,,
SV027,L,204,2,3,0,0,2,Response,2772.35,3270.0,1237.35,1363.7,711.5,722.0,194.0,6.199999999999999,8.6,378.0,511.0,92.0
SV027,L,205,3,3,1,0,1,Response,2115.2,2115.2,1080.8,1080.8,754.0,754.0,452.0,7.550000000000001,9.4,324.0,372.0,46.0
SV027,L,206,2,2,0,1,2,Response,375.0,375.0,1112.8,1112.8,718.0,718.0,364.0,7.05,10.7,237.5,267.0,46.0
SV027,L,207,3,3,1,0,2,Response,2487.8,2827.7,1178.5500000000002,1256.2,672.5,758.0,378.0,4.966666666666667,9.0,503.0,1150.0,65.33333333333333
SV027,L,208,3,0,1,1,0,Response,1776.9,1776.9,1032.2,1032.2,789.0,789.0,652.0,3.95,7.0,142.0,204.0,32.0
SV027,L,209,3,2,0,1,2,Response,1297.1,1297.1,966.0,966.0,753.0,753.0,240.0,3.0,3.0,186.5,189.0,24.0
SV027,L,210,2,3,1,0,1,Response,2406.1000000000004,2755.9,1135.9,1240.3,760.0,827.0,292.0,3.0666666666666664,5.3,233.33333333333334,324.0,56.0
SV027,L,211,3,2,0,1,2,Response,1752.1,1781.0,1046.9,1058.6,709.0,730.0,236.0,2.6333333333333333,5.6,271.0,495.0,57.333333333333336
SV027,L,212,3,0,1,1,1,Response,1311.5,1311.5,1048.4,1048.4,789.0,789.0,368.0,2.8,2.9,185.0,191.0,22.0
SV027,L,213,2,2,0,1,2,Response,,,,,,,,6.2,6.2,269.0,269.0,40.0
SV027,L,214,2,3,0,0,2,Response,1936.5,1936.5,1086.3,1086.3,762.0,762.0,452.0,9.350000000000001,10.8,344.0,384.0,94.0
SV027,L,215,2,2,0,0,2,Response,1941.25,2068.2,1053.95,1061.0,823.0,832.0,268.0,6.833333333333333,9.5,268.0,361.0,38.666666666666664
SV027,L,216,3,3,0,1,1,Response,1573.2,1942.5,1037.6333333333334,1071.9,577.6666666666666,769.0,409.3333333333333,5.125,7.1,256.25,424.0,56.0
SV027,L,217,3,0,1,1,1,Response,1917.1,1917.1,1021.3,1021.3,800.0,800.0,448.0,3.9,7.0,150.5,228.0,34.0
SV027,L,218,3,0,0,0,3,Response,1919.3,1919.3,1003.9,1003.9,723.0,723.0,732.0,5.8999999999999995,8.7,287.5,318.0,84.0
SV027,L,219,3,2,0,0,2,Response,3270.0,3270.0,1295.5,1295.5,753.0,753.0,316.0,1.5499999999999998,1.7,242.0,303.0,24.0
SV027,L,220,2,3,1,0,1,Response,3064.7666666666664,3270.0,1310.9666666666667,1410.8,644.6666666666666,701.0,312.0,2.4,4.2,241.5,347.0,23.0
SV027,L,221,3,2,1,1,1,Response,1063.0,1063.0,1086.0,1086.0,540.0,540.0,328.0,3.4000000000000004,5.7,170.0,245.0,28.0
SV027,L,222,2,0,0,1,2,Response,948.6,959.5,1024.0,1064.7,590.0,630.0,912.0,4.1000000000000005,6.7,161.66666666666666,208.0,30.666666666666668
SV027,L,223,3,3,0,1,3,Response,1809.6,1809.6,1058.5,1058.5,880.0,880.0,376.0,3.4,6.2,164.5,254.0,26.0
SV027,L,224,3,2,1,0,1,Response,2812.6666666666665,3270.0,1171.7,1259.0,689.3333333333334,745.0,296.0,5.875,10.2,268.0,419.0,39.0
SV027,L,225,2,3,1,0,1,Response,2305.8,2730.9,1155.9,1164.1,799.0,818.0,170.0,5.466666666666666,6.8,290.6666666666667,297.0,36.0
SV027,L,226,2,3,1,1,1,Response,,,,,,,,7.1,7.1,251.0,251.0,48.0
SV027,L,227,2,2,1,0,1,Response,3270.0,3270.0,1380.6,1380.6,747.0,747.0,512.0,1.1,1.6,186.5,263.0,20.0
SV027,L,228,2,2,0,1,2,Response,1754.8,1754.8,1021.9,1021.9,708.0,708.0,676.0,4.8,4.8,242.0,242.0,32.0
SV027,L,229,3,0,1,0,1,Response,3111.6,3270.0,1313.1999999999998,1335.8,653.5,723.0,356.0,4.933333333333333,11.6,233.66666666666666,301.0,37.333333333333336
SV027,L,230,3,2,0,0,2,Response,3049.9,3049.9,1141.6,1141.6,547.0,547.0,460.0,1.2,1.9,167.5,273.0,18.0
SV027,L,231,2,0,1,0,1,Response,2770.0,2812.4,1181.8000000000002,1249.9,772.5,797.0,368.0,4.366666666666667,8.9,424.3333333333333,987.0,68.0
SV027,L,232,2,0,1,0,1,Response,2356.3,2830.7,1208.4,1293.3,735.0,826.0,254.0,6.733333333333333,11.1,272.0,370.0,41.333333333333336
SV027,L,233,2,2,0,0,2,Response,3170.15,3270.0,1246.95,1303.4,609.0,717.0,556.0,1.05,1.9,175.5,290.0,20.0
SV027,L,234,2,0,0,1,1,Response,,,,,,,,6.4,6.4,244.0,244.0,44.0
SV027,L,235,2,0,0,1,2,Response,958.6,958.6,956.0,956.0,558.0,558.0,628.0,6.2,6.2,223.0,223.0,44.0
SV027,L,236,3,3,1,0,1,Response,2923.2999999999997,3065.5,1268.4666666666667,1337.2,502.6666666666667,526.0,572.0,2.375,6.0,122.25,190.0,23.0
SV027,L,237,2,0,0,0,2,Response,,,,,,,,9.4,9.4,245.0,245.0,56.0
SV027,L,238,3,0,1,1,1,Response,984.0,984.0,1077.2,1077.2,486.0,486.0,580.0,3.45,6.4,136.5,205.0,28.0
SV027,L,239,2,0,1,1,1,Response,1082.95,1918.6,1008.9,1038.0,595.0,696.0,452.0,8.799999999999999,13.5,351.3333333333333,698.0,92.0
SV027,L,240,2,0,0,1,3,Response,,,,,,,,5.2,5.2,201.0,201.0,36.0
SV027,L,241,2,3,0,0,3,Response,2314.3384615384616,3270.0,1423.0384615384614,3270.0,657.7692307692307,833.0,228.30769230769232,7.933333333333334,24.9,463.0833333333333,1579.0,183.0
SV027,L,242,3,2,0,1,2,Response,,,,,,,,,,,,
SV027,L,243,3,3,0,0,4,Response,,,,,,,,1.7,1.7,120.0,120.0,20.0
SV027,L,244,3,3,1,1,4,Response,,,,,,,,1.4,1.4,1386.0,1386.0,300.0
SV027,L,245,2,3,1,0,4,Response,1951.6,1951.6,1134.9,1134.9,511.0,511.0,308.0,1.05,1.5,391.5,729.0,116.0
SV027,L,246,2,0,1,1,0,Response,,,,,,,,,,,,
SV027,L,247,3,2,1,1,2,Response,2518.7,2518.7,2142.1,2142.1,697.0,697.0,164.0,14.6,15.1,445.5,446.0,106.0
SV027,L,248,3,0,1,0,0,Response,,,,,,,,,,,,
SV027,L,249,3,3,0,0,4,Response,3270.0,3270.0,1104.3999999999999,1114.6,626.3333333333334,671.0,586.6666666666666,5.925000000000001,12.3,839.75,2626.0,114.0
SV027,L,250,3,2,0,0,2,Response,,,,,,,,,,,,
SV027,L,251,3,3,0,1,4,Response,2017.6999999999998,2057.7,1304.5,1520.9,487.5,522.0,152.0,3.6666666666666665,5.2,155.0,194.0,34.666666666666664
SV027,L,252,3,2,0,0,2,Response,,,,,,,,,,,,
SV027,L,253,2,2,0,0,2,Response,,,,,,,,4.2,4.2,144.0,144.0,36.0
SV027,L,254,2,3,1,1,4,Response,2810.0333333333333,3270.0,1560.0333333333335,2217.9,643.3333333333334,782.0,946.6666666666666,10.775,19.1,420.25,711.0,102.0
SV027,L,255,2,3,0,1,4,Response,,,,,,,,2.3,2.3,479.0,479.0,172.0
SV027,L,256,3,0,0,1,0,Response,1841.8,1841.8,828.1,828.1,573.0,573.0,344.0,1.9,2.4,137.0,175.0,20.0
SV027,L,257,3,0,1,1,0,Response,,,,,,,,0.9,0.9,80.0,80.0,16.0
SV027,L,258,3,0,1,0,0,Response,,,,,,,,1.8,1.8,337.0,337.0,120.0
SV027,L,259,2,3,0,1,3,Response,1960.6,1960.6,999.7,999.7,550.0,550.0,508.0,2.85,4.9,140.5,210.0,26.0
SV027,L,260,2,0,1,0,0,Response,,,,,,,,1.3,1.3,93.0,93.0,20.0
SV027,L,261,2,3,0,1,4,Response,2027.8,2027.8,846.1,846.1,611.0,611.0,188.0,2.4,2.9,144.5,174.0,24.0
SV027,L,262,3,3,0,0,4,Response,,,,,,,,0.5,0.5,61.0,61.0,12.0
SV027,L,263,3,0,0,0,0,Response,1746.4,1746.4,896.7,896.7,606.0,606.0,208.0,1.85,2.2,112.0,142.0,24.0
SV027,L,264,2,3,0,1,4,Response,,,,,,,,,,,,
SV027,L,265,3,3,0,1,3,Response,2244.2000000000003,2774.0,1051.8,1208.2,633.0,695.0,552.0,4.0,6.7,162.0,226.0,35.0
SV027,L,266,3,3,0,0,3,Response,2027.9333333333334,2059.8,1098.6333333333334,1382.8,562.6666666666666,607.0,184.0,1.925,3.9,124.75,196.0,24.0
SV027,L,267,2,0,1,1,3,Response,,,,,,,,,,,,
SV027,L,268,3,3,1,0,4,Response,1947.9,1947.9,553.9,553.9,559.0,559.0,460.0,3.1,5.4,723.0,1380.0,98.0
SV027,L,269,3,3,0,1,3,Response,,,,,,,,1.2,1.2,683.0,683.0,172.0
SV027,L,270,2,3,1,1,3,Response,1922.1,1922.1,1088.9,1088.9,622.0,622.0,2240.0,0.95,1.3,83.5,90.0,16.0
SV027,L,271,2,0,0,0,0,Response,,,,,,,,0.7,0.7,67.0,67.0,16.0
SV027,L,272,3,3,1,0,3,Response,,,,,,,,1.2,1.2,85.0,85.0,20.0
SV027,L,273,3,3,0,0,3,Response,,,,,,,,0.8,0.8,68.0,68.0,16.0
SV027,L,274,2,0,0,0,0,Response,,,,,,,,1.1,1.1,78.0,78.0,20.0
SV027,L,275,3,3,1,1,3,Response,,,,,,,,,,,,
SV027,L,276,3,3,1,1,3,Response,,,,,,,,0.5,0.5,67.0,67.0,12.0
SV027,L,277,2,3,0,0,3,Response,,,,,,,,2.3,2.3,141.0,141.0,24.0
SV027,L,278,2,3,1,0,3,Response,2004.9,2004.9,1062.6,1062.6,502.0,502.0,280.0,1.2,1.2,1297.0,1297.0,192.0
SV027,L,279,3,2,1,1,2,Response,1899.2,1899.2,530.9,530.9,574.0,574.0,540.0,3.55,6.0,170.0,265.0,30.0
SV027,L,280,2,3,1,0,3,Response,1968.4,1986.1,835.65,1163.3,671.5,737.0,350.0,5.3,5.5,255.0,291.0,34.0
SV027,L,281,3,2,1,1,2,Response,,,,,,,,6.0,6.0,248.0,248.0,44.0
SV027,L,282,3,2,0,0,3,Response,1976.1,1976.1,1038.5,1038.5,662.0,662.0,540.0,5.55,5.8,257.5,296.0,34.0
SV027,L,283,3,2,0,1,2,Response,1859.3000000000002,1925.9,736.95,1023.3,700.5,805.0,290.0,2.2666666666666666,5.8,128.66666666666666,258.0,20.0
SV027,L,284,3,2,0,1,2,Response,1929.1,1929.1,995.5,995.5,510.0,510.0,572.0,1.65,1.9,106.0,107.0,22.0
SV027,L,285,3,3,1,0,4,Response,2938.825,3270.0,1565.05,2119.7,421.5,581.0,188.0,6.119999999999999,16.4,419.4,1097.0,67.2
SV027,L,286,3,0,0,1,0,Response,,,,,,,,0.5,0.5,58.0,58.0,12.0
SV027,L,287,2,2,1,0,2,Response,,,,,,,,0.5,0.5,60.0,60.0,12.0
SV027,L,288,2,3,0,0,3,Response,,,,,,,,,,,,
SV027,L,289,2,0,0,0,0,Response,,,,,,,,0.6,0.6,75.0,75.0,12.0
SV027,L,290,3,0,1,1,0,Response,,,,,,,,,,,,
SV027,L,291,2,3,1,1,3,Response,,,,,,,,,,,,
SV027,L,292,3,2,1,1,2,Response,,,,,,,,0.7,0.7,444.0,444.0,112.0
SV027,L,293,3,0,1,1,0,Response,1871.7,1871.7,847.9,847.9,712.0,712.0,240.0,2.1,2.1,150.5,153.0,20.0
SV027,L,294,2,2,0,1,2,Response,1814.4,1814.4,895.5,895.5,748.0,748.0,236.0,1.9,2.1,135.5,152.0,20.0
SV027,L,295,3,2,1,0,2,Response,,,,,,,,,,,,
SV027,L,296,2,3,0,0,4,Response,,,,,,,,4.5,4.5,214.0,214.0,32.0
SV027,L,297,2,0,0,1,0,Response,,,,,,,,3.3,3.3,179.0,179.0,28.0
SV027,L,298,3,0,1,0,0,Response,1995.7,1995.7,2007.4,2007.4,253.0,253.0,32.0,8.35,9.5,355.5,357.0,38.0
SV027,L,299,3,0,0,0,0,Response,1756.3,1756.3,911.7,911.7,721.0,721.0,196.0,1.75,1.9,110.5,112.0,24.0
SV027,L,300,2,2,1,0,2,Response,2038.4,2038.4,1015.3,1015.3,582.0,582.0,452.0,6.2,6.5,267.5,301.0,36.0
SV027,L,301,2,2,1,1,2,Response,,,,,,,,5.6,5.6,241.0,241.0,36.0
SV027,L,302,2,0,1,1,0,Response,,,,,,,,,,,,
SV027,L,303,2,3,0,1,3,Response,,,,,,,,5.7,5.7,235.0,235.0,36.0
SV027,L,304,3,0,1,1,0,Response,,,,,,,,5.3,5.3,261.0,261.0,32.0
SV027,L,305,3,3,1,1,4,Response,,,,,,,,4.3,4.3,1006.0,1006.0,212.0
SV027,L,306,2,3,1,1,4,Response,,,,,,,,4.0,4.0,245.0,245.0,24.0
SV027,L,307,3,0,1,0,0,Response,,,,,,,,1.6,1.6,1389.0,1389.0,132.0
SV027,L,308,2,2,0,1,2,Response,1803.9,1803.9,1047.1,1047.1,828.0,828.0,336.0,2.0,2.0,128.0,128.0,24.0
SV027,L,309,3,0,1,0,0,Response,,,,,,,,,,,,
SV027,L,310,2,0,1,1,0,Response,1869.6,1869.6,450.4,450.4,613.0,613.0,488.0,6.949999999999999,8.1,309.0,360.0,80.0
SV027,L,311,3,3,0,1,4,Response,1808.7,1808.7,478.2,478.2,678.0,678.0,388.0,3.35,5.0,172.5,226.0,28.0
SV027,L,312,2,0,1,0,0,Response,1823.0,1823.0,916.0,916.0,648.0,648.0,156.0,0.9,0.9,83.0,84.0,16.0
SV027,L,313,2,2,1,1,2,Response,1777.0,1777.7,710.85,925.7,715.5,831.0,292.0,1.5333333333333332,3.2,113.0,200.0,17.333333333333332
SV027,L,314,3,0,1,1,0,Response,,,,,,,,1.6,1.6,107.0,107.0,20.0
SV027,L,315,2,0,0,0,0,Response,1847.0,1847.0,370.5,370.5,620.0,620.0,256.0,4.35,6.8,193.0,267.0,32.0
SV027,L,316,2,2,0,0,2,Response,1926.6,1926.6,779.0,779.0,848.0,848.0,160.0,3.85,4.2,212.0,215.0,28.0
SV027,L,317,2,0,1,1,0,Response,1874.2,1874.2,727.4,727.4,585.0,585.0,756.0,3.05,3.7,198.0,246.0,24.0
SV027,L,318,2,2,0,1,2,Response,1804.7,1804.7,449.7,449.7,663.0,663.0,472.0,4.9,5.8,177.0,234.0,42.0
SV027,L,319,3,2,1,1,2,Response,,,,,,,,4.6,4.6,201.0,201.0,36.0
SV027,L,320,2,2,1,0,2,Response,1861.95,1888.7,810.05,1009.2,659.0,693.0,366.0,2.0,2.9,141.5,187.0,20.0
SV027,L,321,2,2,0,0,2,Response,,,,,,,,5.2,5.2,250.0,250.0,32.0
SV027,L,322,2,3,1,1,4,Response,1735.0,1735.0,463.2,463.2,641.0,641.0,228.0,3.1999999999999997,4.6,173.5,221.0,26.0
SV027,L,323,3,2,1,0,2,Response,,,,,,,,,,,,
SV027,L,324,3,2,0,0,2,Response,,,,,,,,0.6,0.6,74.0,74.0,12.0
SV027,L,325,2,3,1,0,3,Response,1934.4,2026.9,483.95,510.9,558.0,597.0,276.0,2.6666666666666665,4.0,234.0,364.0,108.0
SV027,L,326,3,0,0,0,0,Response,1785.6,1785.6,988.0,988.0,612.0,612.0,264.0,0.75,0.8,78.0,86.0,14.0
SV027,L,327,3,2,0,1,2,Response,1743.9,1743.9,942.6,942.6,796.0,796.0,280.0,1.75,2.8,759.0,1449.0,118.0
SV027,L,328,2,0,1,0,0,Response,1845.0,1845.0,785.2,785.2,642.0,642.0,436.0,1.9,2.0,140.5,153.0,20.0
SV027,L,329,3,0,0,1,0,Response,,,,,,,,4.4,4.4,197.0,197.0,32.0
SV027,L,330,2,2,0,1,2,Response,,,,,,,,4.4,4.4,245.0,245.0,28.0
SV027,L,331,3,0,1,0,0,Response,,,,,,,,4.7,4.7,269.0,269.0,92.0
SV027,L,332,3,2,1,0,2,Response,1830.0,1830.0,929.1,929.1,532.0,532.0,168.0,2.9,4.3,369.5,544.0,94.0
SV027,L,333,2,3,1,1,3,Response,1753.6333333333332,1825.0,634.5,956.4,704.3333333333334,799.0,346.6666666666667,2.1,4.4,484.3333333333333,1089.0,122.66666666666667
SV027,L,334,2,2,1,1,2,Response,,,,,,,,2.8,2.8,158.0,158.0,24.0
SV027,L,335,2,2,1,1,2,Response,1695.7,1695.7,741.0,741.0,839.0,839.0,28.0,2.3,2.5,769.0,1385.0,200.0
SV027,L,336,2,0,0,1,0,Response,1925.85,1940.6,921.55,1008.0,634.0,689.0,26.0,1.0666666666666667,1.5,92.66666666666667,111.0,16.0
SV027,L,337,2,0,1,1,0,Response,1511.1,1511.1,867.1,867.1,780.0,780.0,228.0,1.9500000000000002,2.1,122.0,133.0,24.0
SV027,L,338,2,2,1,0,2,Response,,,,,,,,,,,,
SV027,L,339,2,0,1,0,0,Response,,,,,,,,0.4,0.4,55.0,55.0,12.0
SV027,L,340,2,3,0,0,3,Response,1887.1,1887.1,844.7,844.7,698.0,698.0,36.0,2.2,2.6,145.5,186.0,22.0
SV027,L,341,3,0,0,0,0,Response,,,,,,,,,,,,
SV027,L,342,2,0,0,1,0,Response,,,,,,,,,,,,
SV027,L,343,3,0,0,0,0,Response,1852.0,1852.0,970.6,970.6,518.0,518.0,92.0,0.5,0.5,60.5,63.0,12.0
SV027,L,344,3,3,0,1,4,Response,,,,,,,,,,,,
SV027,L,345,2,2,1,1,2,Response,,,,,,,,,,,,
SV027,L,346,2,0,1,0,0,Response,,,,,,,,,,,,
SV027,L,347,2,2,1,0,2,Response,,,,,,,,,,,,
SV027,L,348,3,0,1,1,0,Response,1939.4,1939.4,924.0,924.0,561.0,561.0,520.0,0.5,0.5,64.5,67.0,12.0
SV027,L,349,3,2,1,0,2,Response,2104.3,2104.3,941.5,941.5,777.0,777.0,256.0,1.2,1.2,106.0,108.0,16.0
SV027,L,350,2,0,1,0,0,Response,,,,,,,,0.5,0.5,61.0,61.0,12.0
SV027,L,351,2,3,1,0,4,Response,,,,,,,,0.5,0.5,59.0,59.0,12.0
SV027,L,352,3,2,0,1,2,Response,,,,,,,,5.3,5.3,229.0,229.0,36.0
SV027,L,353,3,3,0,0,3,Response,,,,,,,,4.9,4.9,179.0,179.0,40.0
SV027,L,354,3,0,1,0,0,Response,,,,,,,,0.4,0.4,50.0,50.0,12.0
SV027,L,355,2,0,0,0,0,Response,,,,,,,,,,,,
SV027,L,356,2,3,0,0,3,Response,,,,,,,,0.5,0.5,59.0,59.0,12.0
SV027,L,357,2,2,1,0,2,Response,,,,,,,,,,,,
SV027,L,358,3,0,0,1,0,Response,,,,,,,,0.5,0.5,63.0,63.0,12.0
SV027,L,359,2,3,1,0,4,Response,1876.8,1876.8,523.9,523.9,628.0,628.0,216.0,3.45,5.3,183.0,249.0,28.0
SV027,L,360,3,3,1,0,4,Response,2039.2777777777778,2119.0,648.1333333333333,976.5,671.0,736.0,529.3333333333334,1.5799999999999998,3.3,357.8,1464.0,98.4
SV027,L,361,3,2,1,1,2,Response,,,,,,,,4.5,4.5,224.0,224.0,32.0
SV027,L,362,2,2,1,1,2,Response,,,,,,,,5.5,5.5,233.0,233.0,36.0
SV027,L,363,3,3,1,1,4,Response,1721.25,1764.6,709.95,937.1,785.5,898.0,304.0,2.2666666666666666,3.9,133.0,190.0,24.0
SV027,L,364,3,3,0,0,4,Response,,,,,,,,1.0,1.0,84.0,84.0,16.0
SV027,L,365,3,3,0,1,3,Response,1987.6,2006.6,673.55,762.3,593.0,691.0,202.0,2.3666666666666667,2.7,168.66666666666666,222.0,68.0
SV027,L,366,2,3,0,1,3,Response,1868.9,1868.9,583.5,583.5,640.0,640.0,352.0,2.6999999999999997,4.1,167.5,239.0,24.0
SV027,L,367,2,0,0,1,0,Response,,,,,,,,4.6,4.6,229.0,229.0,32.0
SV027,L,368,3,0,0,0,0,Response,,,,,,,,0.7,0.7,87.0,87.0,12.0
SV027,L,369,2,3,1,0,3,Response,,,,,,,,1.6,1.6,95.0,95.0,24.0
SV027,L,370,2,2,0,0,3,Response,1991.7,2030.0,1017.65,1036.6,705.0,790.0,422.0,1.05,1.3,607.0,1145.0,138.0
SV027,L,371,2,0,0,1,0,Response,,,,,,,,,,,,
SV027,L,372,2,0,0,0,0,Response,,,,,,,,,,,,
SV027,L,373,3,0,1,1,0,Response,,,,,,,,,,,,
SV027,L,374,3,3,1,1,4,Response,,,,,,,,,,,,
SV027,L,375,2,2,1,1,2,Response,,,,,,,,3.9,3.9,248.0,248.0,100.0
SV027,L,376,2,2,1,1,2,Response,,,,,,,,,,,,
SV027,L,377,2,2,0,1,2,Response,,,,,,,,,,,,
SV027,L,378,2,2,0,1,2,Response,,,,,,,,0.9,0.9,82.0,82.0,16.0
SV027,L,379,3,0,0,0,0,Response,1992.0,1992.0,1028.3,1028.3,552.0,552.0,448.0,0.75,0.9,79.5,85.0,14.0
SV027,L,380,2,2,0,1,2,Response,,,,,,,,5.2,5.2,212.0,212.0,40.0
SV027,L,381,2,3,1,1,3,Response,,,,,,,,1.0,1.0,87.0,87.0,16.0
SV027,L,382,2,2,0,0,2,Response,1917.6,1917.6,1019.4,1019.4,655.0,655.0,368.0,0.8500000000000001,1.3,71.5,92.0,16.0
SV027,L,383,2,2,0,1,2,Response,,,,,,,,0.9,0.9,81.0,81.0,16.0
SV027,L,384,2,3,0,0,3,Response,,,,,,,,2.5,2.5,685.0,685.0,144.0
SV027,L,385,3,2,1,1,2,Response,1899.0,1899.0,529.2,529.2,701.0,701.0,452.0,3.3,5.1,500.5,714.0,102.0
SV027,L,386,2,0,0,1,0,Response,1781.55,1807.3,378.0,507.0,593.5,672.0,216.0,5.833333333333333,10.0,328.3333333333333,586.0,134.66666666666666
SV027,L,387,2,2,0,0,2,Response,2165.7,2203.9,635.15,761.1,585.0,614.0,232.0,2.733333333333333,5.1,154.33333333333334,229.0,24.0
SV027,L,388,3,2,1,0,2,Response,,,,,,,,5.2,5.2,223.0,223.0,40.0
SV027,L,389,2,2,0,1,2,Response,1870.5,1870.5,442.5,442.5,678.0,678.0,444.0,5.9,6.5,307.5,359.0,78.0
SV027,L,390,3,3,0,0,4,Response,2313.6,2547.0,775.95,963.5,723.5,782.0,342.0,3.7,4.8,176.0,188.0,32.0
SV027,L,391,2,0,1,0,2,Response,,,,,,,,1.7,1.7,126.0,126.0,20.0
SV027,L,392,3,3,1,0,3,Response,1965.8,2027.7,857.6666666666666,1231.1,578.3333333333334,665.0,361.3333333333333,4.15,7.5,186.25,242.0,32.0
SV027,L,393,3,2,0,0,2,Response,,,,,,,,,,,,
SV027,L,394,2,2,1,0,2,Response,1961.9,1961.9,506.8,506.8,636.0,636.0,376.0,3.55,5.3,163.5,219.0,30.0
SV027,L,395,3,0,1,1,0,Response,,,,,,,,6.2,6.2,258.0,258.0,40.0
SV027,L,396,3,3,1,1,4,Response,,,,,,,,5.0,5.0,272.0,272.0,28.0
SV027,L,397,2,0,0,1,0,Response,1764.4,1869.4,908.95,952.7,714.0,785.0,144.0,1.4000000000000001,1.8,106.0,124.0,18.666666666666668
SV027,L,398,2,0,0,0,0,Response,1927.3,1927.3,472.4,472.4,554.0,554.0,480.0,6.4,7.6,216.0,253.0,46.0
SV027,L,399,2,2,0,0,2,Response,1969.9,1969.9,961.0,961.0,818.0,818.0,228.0,5.1,5.1,272.0,272.0,32.0
SV027,L,400,2,0,0,1,0,Response,,,,,,,,0.5,0.5,66.0,66.0,12.0
SV027,L,401,2,0,0,1,0,Response,,,,,,,,0.9,0.9,82.0,82.0,16.0
SV027,L,402,3,2,1,1,2,Response,,,,,,,,5.7,5.7,161.0,161.0,48.0
SV027,L,403,3,0,1,0,0,Response,,,,,,,,,,,,
SV027,L,404,2,2,1,0,2,Response,1874.15,1889.5,630.5,818.5,582.0,679.0,236.0,1.7333333333333334,2.9,113.66666666666667,151.0,20.0
SV027,L,405,3,2,0,0,2,Response,,,,,,,,3.5,3.5,220.0,220.0,24.0
SV027,L,406,2,3,0,1,4,Response,1782.4,1782.4,946.2,946.2,788.0,788.0,220.0,4.9,4.9,217.0,217.0,36.0
SV027,L,407,2,0,1,0,0,Response,1748.6,1748.6,889.5,889.5,635.0,635.0,416.0,2.8,4.3,210.0,320.0,72.0
SV027,L,408,2,3,0,0,4,Response,,,,,,,,0.8,0.8,68.0,68.0,16.0
SV027,L,409,3,2,0,1,2,Response,,,,,,,,4.9,4.9,175.0,175.0,40.0
SV027,L,410,3,3,0,0,3,Response,1913.9,1913.9,599.2,599.2,699.0,699.0,220.0,1.85,3.1,128.0,188.0,18.0
SV027,L,411,3,2,0,1,2,Response,1827.4,1827.4,897.4,897.4,849.0,849.0,116.0,3.05,4.7,165.5,224.0,26.0
SV027,L,412,3,2,0,1,2,Response,1807.2,1807.2,463.1,463.1,630.0,630.0,528.0,5.05,5.6,216.0,242.0,34.0
SV027,L,413,2,3,0,0,4,Response,,,,,,,,4.3,4.3,237.0,237.0,28.0
SV027,L,414,2,2,0,1,2,Response,1897.5,1897.5,955.2,955.2,791.0,791.0,204.0,2.95,5.0,155.0,233.0,24.0
SV027,L,415,3,0,1,0,0,Response,,,,,,,,1.1,1.1,96.0,96.0,16.0
SV027,L,416,2,2,0,0,2,Response,,,,,,,,6.4,6.4,246.0,246.0,40.0
SV027,L,417,2,2,0,0,2,Response,,,,,,,,5.1,5.1,258.0,258.0,32.0
SV027,L,418,3,2,0,0,2,Response,1904.4,2031.9,669.1500000000001,1029.7,723.0,801.0,224.0,3.3000000000000003,7.0,177.66666666666666,294.0,22.666666666666668
SV027,L,419,2,3,1,0,2,Response,1779.3,1779.3,404.3,404.3,689.0,689.0,372.0,5.949999999999999,6.3,840.5,1407.0,104.0
SV027,L,420,2,3,1,0,3,Response,1949.5,1962.9,821.5666666666666,1059.1,632.0,760.0,309.3333333333333,2.1,4.1,114.66666666666667,166.0,24.0
SV027,L,421,3,2,1,0,2,Response,2055.5,2055.5,426.2,426.2,632.0,632.0,400.0,3.5,4.7,192.5,241.0,28.0
SV027,L,422,3,2,1,0,2,Response,1908.6333333333332,2061.8,741.4666666666666,1486.6,606.3333333333334,762.0,234.66666666666666,4.8999999999999995,11.7,188.25,320.0,32.0
SV027,L,423,3,0,0,0,0,Response,1926.8,1926.8,1005.7,1005.7,744.0,744.0,740.0,1.7,2.9,97.5,136.0,22.0
SV027,L,424,3,2,1,1,2,Response,1730.8000000000002,1773.4,664.3,870.7,765.0,852.0,362.0,4.3,7.4,229.0,332.0,60.0
SV027,L,425,2,3,1,1,3,Response,1807.3333333333333,1934.6,649.4,923.4,689.6666666666666,855.0,356.0,1.6,3.4,117.5,219.0,19.0
SV027,L,426,2,0,1,0,0,Response,1853.1,1853.1,474.0,474.0,644.0,644.0,304.0,3.05,5.6,142.5,226.0,26.0
SV027,L,427,3,3,1,0,4,Response,2982.8,2982.8,637.4,637.4,540.0,540.0,544.0,8.2,10.2,535.5,784.0,170.0
SV027,L,428,2,2,0,0,2,Response,1997.1999999999998,2012.6,545.95,649.7,679.5,789.0,384.0,2.4333333333333336,3.7,187.33333333333334,225.0,48.0
SV027,L,429,3,2,0,0,2,Response,2126.75,2284.6,532.1,616.6,643.5,728.0,200.0,2.6,4.2,275.3333333333333,438.0,106.66666666666667
SV027,L,430,2,3,0,0,4,Response,,,,,,,,5.0,5.0,214.0,214.0,36.0
SV027,L,431,3,3,1,0,4,Response,1920.8,1920.8,496.4,496.4,655.0,655.0,232.0,3.5,5.6,178.5,256.0,28.0
SV027,L,432,3,3,0,1,4,Response,1910.9,1910.9,545.3,545.3,645.0,645.0,216.0,2.2,3.1,123.5,152.0,24.0
SV027,L,433,3,3,1,0,4,Response,1861.9,1861.9,752.8,752.8,619.0,619.0,312.0,1.2,2.0,97.5,143.0,16.0
SV027,L,434,3,2,1,0,2,Response,,,,,,,,4.6,4.6,172.0,172.0,40.0
SV027,L,435,3,3,0,1,3,Response,2029.1000000000001,2097.3,812.4000000000001,892.1,574.5,642.0,240.0,1.5999999999999999,2.3,105.33333333333333,145.0,21.333333333333332
SV027,L,436,3,3,0,1,3,Response,,,,,,,,4.5,4.5,246.0,246.0,28.0
SV027,L,437,3,0,1,0,0,Response,,,,,,,,0.5,0.5,60.0,60.0,12.0
SV027,L,438,2,0,0,0,0,Response,1805.0,1805.0,792.5,792.5,559.0,559.0,200.0,2.55,2.9,149.5,185.0,26.0
SV027,L,439,3,0,0,1,0,Response,,,,,,,,,,,,
SV027,L,440,3,3,1,1,4,Response,2046.9,2046.9,914.1,914.1,637.0,637.0,204.0,2.75,4.6,157.5,234.0,24.0
SV027,L,441,2,2,1,0,0,Response,,,,,,,,2.5,2.5,1593.0,1593.0,328.0
SV027,L,442,3,0,0,1,0,Response,1860.5,1860.5,445.0,445.0,627.0,627.0,600.0,4.8,5.7,294.0,332.0,90.0
SV027,L,443,2,0,1,1,0,Response,1779.9,1779.9,605.2,605.2,617.0,617.0,380.0,1.65,2.8,117.5,177.0,18.0
SV027,L,444,2,3,1,0,3,Response,1886.5,1886.5,481.9,481.9,593.0,593.0,256.0,2.8,4.8,211.5,356.0,80.0
SV027,L,445,3,0,0,1,0,Response,,,,,,,,,,,,
SV027,L,446,3,0,0,0,0,Response,,,,,,,,3.6,3.6,173.0,173.0,28.0
SV027,L,447,2,3,1,1,4,Response,1940.4666666666665,2117.5,662.9666666666667,719.4,602.0,659.0,334.6666666666667,1.825,3.8,113.5,182.0,21.0
SV027,L,448,3,3,0,1,4,Response,2005.9,2005.9,483.2,483.2,534.0,534.0,372.0,2.5,3.4,471.0,828.0,112.0
SV027,L,449,3,0,1,1,0,Response,2160.1,2160.1,1495.6,1495.6,478.0,478.0,28.0,4.75,5.8,156.0,191.0,50.0
SV027,L,450,2,0,1,0,0,Response,2027.7,2027.7,982.5,982.5,806.0,806.0,308.0,,,,,
SV027,L,451,3,3,1,1,3,Response,1900.3,1900.3,993.0,993.0,560.0,560.0,752.0,0.7,0.8,72.5,73.0,14.0
SV027,L,452,3,2,0,1,2,Response,,,,,,,,2.5,2.5,144.0,144.0,24.0
SV027,L,453,2,3,0,1,3,Response,2066.5,2066.5,930.1,930.1,652.0,652.0,68.0,2.4000000000000004,3.2,104.5,113.0,30.0
SV027,L,454,2,0,0,0,0,Response,,,,,,,,0.7,0.7,58.0,58.0,16.0
SV027,L,455,2,3,1,1,4,Response,,,,,,,,,,,,
SV027,L,456,3,3,1,0,4,Response,,,,,,,,1.0,1.0,73.0,73.0,20.0
SV027,L,457,3,2,0,0,2,Response,,,,,,,,,,,,
SV027,L,458,2,0,0,1,0,Response,,,,,,,,0.5,0.5,61.0,61.0,12.0
SV027,L,459,3,2,1,0,2,Response,,,,,,,,0.5,0.5,60.0,60.0,12.0
SV027,L,460,2,0,1,1,0,Response,,,,,,,,,,,,
SV027,L,461,3,0,0,1,0,Response,,,,,,,,,,,,
SV027,L,462,3,3,0,0,3,Response,2265.925,2530.7,415.1,757.1,526.75,606.0,403.0,2.8600000000000003,3.7,386.0,1311.0,69.6
SV027,L,463,2,2,1,0,2,Response,,,,,,,,5.0,5.0,208.0,208.0,36.0
SV027,L,464,3,0,0,1,0,Response,1951.4,1991.1,1051.9,1225.3,505.0,595.0,264.0,1.5999999999999999,2.6,121.33333333333333,166.0,18.666666666666668
SV027,L,465,3,2,1,0,2,Response,1933.1,1933.1,691.7,691.7,543.0,543.0,164.0,1.5499999999999998,2.3,756.0,1447.0,136.0
SV027,L,466,3,2,0,0,2,Response,1828.4,1828.4,456.1,456.1,625.0,625.0,504.0,5.25,5.5,186.0,189.0,44.0
SV027,L,467,2,0,0,0,0,Response,1846.2,1846.2,644.9,644.9,565.0,565.0,320.0,2.6,3.4,165.0,199.0,22.0
SV027,L,468,3,2,1,1,2,Response,,,,,,,,2.4,2.4,1194.0,1194.0,364.0
SV027,L,469,2,3,0,1,4,Response,1772.1,1772.1,555.6,555.6,642.0,642.0,500.0,3.5,3.7,323.5,439.0,82.0
SV027,L,470,3,0,1,1,0,Response,,,,,,,,1.7,1.7,1054.0,1054.0,176.0
SV027,L,471,2,2,1,1,2,Response,1816.4,1816.4,480.4,480.4,643.0,643.0,416.0,5.75,6.8,541.0,876.0,96.0
SV027,L,472,3,3,1,1,4,Response,1788.4,1788.4,874.9,874.9,730.0,730.0,164.0,4.0,4.0,225.0,225.0,28.0
SV027,L,473,3,0,0,0,0,Response,1928.6,1928.6,997.6,997.6,571.0,571.0,364.0,0.55,0.6,63.5,70.0,12.0
SV027,L,474,2,0,1,1,0,Response,1738.9,1738.9,1020.0,1020.0,884.0,884.0,284.0,1.7999999999999998,2.8,338.5,603.0,116.0
SV027,L,475,3,2,0,1,2,Response,2031.15,2036.9,545.75,634.9,624.5,685.0,216.0,2.2666666666666666,4.0,128.33333333333334,156.0,24.0
SV027,L,476,2,3,0,1,4,Response,1777.8,1777.8,522.0,522.0,577.0,577.0,180.0,3.1500000000000004,4.7,804.0,1491.0,108.0
SV027,L,477,2,0,1,1,0,Response,1872.7,1872.7,550.2,550.2,650.0,650.0,356.0,3.45,3.8,953.0,1721.0,108.0
SV027,L,478,3,3,1,0,3,Response,2106.5,2106.5,623.1,623.1,607.0,607.0,472.0,3.3000000000000003,5.7,562.0,880.0,142.0
SV027,L,479,3,0,0,1,0,Response,,,,,,,,5.8,5.8,345.0,345.0,124.0
SV027,L,480,2,2,1,1,2,Response,1783.1,1788.5,789.35,1003.0,740.5,789.0,422.0,2.1,3.7,156.5,248.0,18.0
SV027,R,1,2,0,0,0,1,Response,1428.264705882353,3270.0,777.3352941176471,3270.0,604.7647058823529,797.0,475.05882352941177,7.366666666666666,32.7,465.22222222222223,2322.0,83.33333333333333
SV027,R,2,3,0,0,1,2,Response,2514.1,3270.0,1539.409090909091,3270.0,627.0,731.0,313.09090909090907,7.050000000000001,27.1,494.5,2095.0,126.66666666666667
SV027,R,3,2,2,1,0,2,Response,1676.6799999999998,3270.0,1535.74,3270.0,599.2,784.0,302.0,7.636363636363637,22.3,436.1818181818182,2000.0,125.0909090909091
SV027,R,4,2,3,0,0,3,Response,1413.3000000000002,3270.0,1376.2444444444445,3270.0,618.1111111111111,790.0,316.22222222222223,4.663157894736843,31.1,388.89473684210526,3270.0,81.47368421052632
SV027,R,5,3,3,0,1,3,Response,2976.875,3270.0,1715.325,3270.0,562.75,770.0,412.0,12.3,24.0,899.0,3270.0,340.8
SV027,R,6,3,3,0,0,3,Response,1762.3666666666668,3270.0,1753.6666666666667,3270.0,548.0,768.0,198.66666666666666,16.4,31.7,354.5,612.0,539.0
SV027,R,7,2,2,0,0,2,Response,2112.45,3270.0,2092.3,3270.0,445.0,680.0,440.0,31.4,31.4,315.0,315.0,336.0
SV027,R,8,2,3,1,1,2,Response,3053.133333333333,3270.0,1552.9888888888888,2940.3,538.2222222222222,729.0,326.6666666666667,6.4799999999999995,18.7,369.1,855.0,147.2
SV027,R,9,3,2,1,1,2,Response,2681.3083333333334,3270.0,1422.3999999999999,3270.0,611.5,740.0,367.0,7.569230769230769,30.9,307.0,1241.0,53.53846153846154
SV027,R,10,2,3,1,0,2,Response,1030.8600000000001,1458.4,1129.02,1195.3,651.0,777.0,574.4,2.766666666666667,5.7,327.6666666666667,708.0,313.3333333333333
SV027,R,11,3,0,0,1,1,Response,2969.4,3054.9,1200.35,1234.9,539.0,599.0,614.0,6.933333333333333,10.5,230.0,295.0,42.666666666666664
SV027,R,12,2,0,0,1,1,Response,3041.6,3055.2,1202.6,1239.9,601.0,689.0,618.0,6.633333333333333,10.2,206.0,280.0,41.333333333333336
SV027,R,13,2,2,0,0,2,Response,902.6999999999999,950.2,973.0666666666666,1010.4,624.6666666666666,769.0,340.0,2.15,4.6,375.5,661.0,223.0
SV027,R,14,2,2,1,1,2,Response,2808.9166666666665,3099.5,1312.0166666666667,1472.0,598.8333333333334,767.0,428.0,5.0,10.8,268.0,597.0,42.857142857142854
SV027,R,15,2,2,1,1,2,Response,2398.214285714286,2971.5,1219.314285714286,1355.1,575.1428571428571,681.0,364.57142857142856,7.25,10.6,711.5,2617.0,181.5
SV027,R,16,3,0,1,1,1,Response,2788.625,3270.0,1200.225,1332.2,654.25,759.0,465.0,6.16,9.4,265.4,352.0,42.4
SV027,R,17,3,2,1,1,1,Response,2565.1,3011.9,1212.4333333333334,1318.7,648.3333333333334,789.0,354.6666666666667,4.824999999999999,9.1,205.25,283.0,31.0
SV027,R,18,2,2,0,0,2,Response,1296.1,1853.8,1034.48,1064.3,650.8,763.0,715.2,6.816666666666666,7.6,260.3333333333333,299.0,47.333333333333336
SV027,R,19,3,0,0,0,2,Response,1432.95,1842.3,1001.0,1030.5,759.0,822.0,378.0,6.466666666666666,9.4,316.0,437.0,473.3333333333333
SV027,R,20,2,2,1,1,2,Response,2546.5,3270.0,1143.3666666666666,1390.7,534.3333333333334,649.0,468.0,7.128571428571428,11.7,421.2857142857143,977.0,127.42857142857143
SV027,R,21,2,3,1,1,1,Response,2536.7200000000003,3270.0,1597.0,3270.0,577.2,704.0,260.0,12.266666666666666,27.9,452.5,1109.0,116.66666666666667
SV027,R,22,2,2,0,1,2,Response,3039.1625,3270.0,1411.2125,3270.0,634.125,707.0,267.0,10.211111111111112,24.6,620.4444444444445,2699.0,88.44444444444444
SV027,R,23,2,3,0,1,2,Response,3231.66,3270.0,2475.18,3270.0,674.6,857.0,158.4,8.86,21.3,623.8,1243.0,96.0
SV027,R,24,3,0,1,0,1,Response,831.3,1457.2,1057.2,1108.4,762.75,840.0,330.0,7.08,11.8,240.8,362.0,42.4
SV027,R,25,3,0,1,1,1,Response,3050.15,3270.0,2285.8,3270.0,490.0,596.0,169.0,17.240000000000002,26.6,376.8,1018.0,118.4
SV027,R,26,3,3,1,1,2,Response,2620.9285714285716,3270.0,1437.8428571428572,3270.0,564.1428571428571,750.0,229.71428571428572,11.325,27.2,656.0,2583.0,98.0
SV027,R,27,2,0,0,0,1,Response,1577.4,3270.0,1608.0,3270.0,646.75,823.0,251.0,15.080000000000002,31.3,667.0,2287.0,136.8
SV027,R,28,3,3,0,0,3,Response,859.2,859.2,917.3,917.3,593.0,593.0,1080.0,5.1000000000000005,8.4,223.5,311.0,32.0
SV027,R,29,2,0,0,0,2,Response,1432.08,3270.0,1467.02,3270.0,628.4,816.0,276.0,13.719999999999999,30.4,508.4,1520.0,136.8
SV027,R,30,2,2,0,1,2,Response,2976.575,3270.0,1796.2,3270.0,634.5,701.0,194.0,10.52,22.3,803.6,2044.0,108.0
SV027,R,31,3,3,0,1,2,Response,2573.95,2968.8,1098.4499999999998,1136.8,648.0,797.0,506.0,5.433333333333334,9.0,224.66666666666666,342.0,32.0
SV027,R,32,3,0,0,1,2,Response,,,,,,,,0.8,0.8,72.0,72.0,16.0
SV027,R,33,3,2,1,1,2,Response,2527.3,2527.3,1130.3,1130.3,779.0,779.0,876.0,4.45,6.0,190.5,236.0,34.0
SV027,R,34,2,0,1,0,1,Response,950.6500000000001,1180.7,1068.6,1117.8,592.0,633.0,224.0,5.333333333333333,8.7,235.33333333333334,336.0,32.0
SV027,R,35,3,3,0,1,1,Response,2799.56,3057.5,1421.58,2049.1,624.8,756.0,397.6,8.816666666666666,16.1,408.3333333333333,1126.0,55.333333333333336
SV027,R,36,3,2,0,1,2,Response,3007.6,3007.6,1233.0,1233.0,529.0,529.0,604.0,5.85,10.6,178.0,251.0,38.0
SV027,R,37,2,0,1,0,1,Response,646.0,1119.0,1071.9666666666667,1116.7,586.6666666666666,680.0,272.0,4.275,5.4,209.25,294.0,30.0
SV027,R,38,3,2,1,1,1,Response,2925.8500000000004,3044.9,1331.7,1332.2,500.5,504.0,230.0,5.3,8.9,203.0,281.0,34.0
SV027,R,39,2,3,0,0,2,Response,2252.7285714285713,3270.0,2260.328571428571,3270.0,558.2857142857143,788.0,195.42857142857142,15.5625,33.5,368.375,787.0,157.5
SV027,R,40,3,3,0,0,3,Response,2614.25,3270.0,2217.55,3270.0,1117.0,1359.0,194.0,18.233333333333334,27.1,1037.0,1992.0,284.0
SV027,R,41,3,3,0,0,3,Response,855.9000000000001,892.1,946.85,960.2,599.0,640.0,520.0,4.05,7.6,147.0,234.0,28.0
SV027,R,42,2,2,0,0,2,Response,949.7,949.7,960.6,960.6,654.0,654.0,392.0,6.9,7.2,271.5,292.0,40.0
SV027,R,43,3,0,0,0,2,Response,,,,,,,,,,,,
SV027,R,44,2,3,1,1,1,Response,3150.5,3270.0,1313.8999999999999,1336.9,480.0,503.0,305.3333333333333,3.5999999999999996,9.7,194.75,257.0,34.0
SV027,R,45,2,0,1,1,1,Response,,,,,,,,10.8,10.8,354.0,354.0,60.0
SV027,R,46,3,2,1,0,1,Response,1035.0666666666666,1718.7,1283.9666666666667,1720.2,621.6666666666666,692.0,366.6666666666667,5.475,10.7,236.25,366.0,31.0
SV027,R,47,3,3,0,1,1,Response,2911.8,3020.6,1243.85,1244.4,511.5,574.0,246.0,6.5,9.3,237.66666666666666,308.0,37.333333333333336
SV027,R,48,2,3,0,0,2,Response,1375.75,1836.1,1021.75,1044.8,712.0,832.0,792.0,5.0,7.7,173.33333333333334,243.0,34.666666666666664
SV027,R,49,3,3,0,0,3,Response,902.9,902.9,985.8,985.8,619.0,619.0,804.0,6.5,6.5,237.0,237.0,40.0
SV027,R,50,2,3,0,1,2,Response,2992.9,2992.9,1248.7,1248.7,473.0,473.0,756.0,9.7,9.7,285.0,285.0,52.0
SV027,R,51,2,0,0,1,1,Response,,,,,,,,10.2,10.2,263.0,263.0,56.0
SV027,R,52,3,3,1,1,2,Response,2281.9,2729.1,1157.25,1278.5,586.0,709.0,714.0,8.15,8.4,271.5,276.0,44.0
SV027,R,53,2,0,1,0,1,Response,,,,,,,,,,,,
SV027,R,54,3,3,1,1,1,Response,2367.1,2819.1,1201.3000000000002,1323.9,617.0,762.0,616.0,6.733333333333333,8.0,264.6666666666667,271.0,37.333333333333336
SV027,R,55,3,3,1,0,1,Response,938.7,938.7,1042.4,1042.4,586.0,586.0,424.0,3.7,6.5,170.0,254.0,28.0
SV027,R,56,2,2,0,0,2,Response,,,,,,,,,,,,
SV027,R,57,2,0,1,0,1,Response,1076.6,1076.6,1067.5,1067.5,495.0,495.0,176.0,5.85,6.2,251.5,289.0,36.0
SV027,R,58,2,0,0,1,2,Response,2999.65,3033.8,1239.0500000000002,1252.4,508.5,524.0,486.0,6.533333333333334,9.9,172.0,230.0,42.666666666666664
SV027,R,59,2,0,0,1,1,Response,2951.6,2951.6,1153.2,1153.2,423.0,423.0,512.0,9.7,9.9,288.5,290.0,54.0
SV027,R,60,2,2,1,1,1,Response,2934.0,3170.3,1305.6,1340.8,562.5,611.0,1304.0,7.066666666666667,10.3,246.0,277.0,46.666666666666664
SV027,R,61,2,2,1,0,1,Response,858.6500000000001,982.2,1060.35,1098.4,582.5,631.0,266.0,6.099999999999999,10.7,285.6666666666667,493.0,464.0
SV027,R,62,3,3,0,1,2,Response,2891.2,2891.2,1293.3,1293.3,434.0,434.0,436.0,9.55,10.1,291.5,298.0,48.0
SV027,R,63,3,2,0,0,2,Response,913.6,913.6,853.0,853.0,595.0,595.0,752.0,6.25,7.4,244.5,250.0,40.0
SV027,R,64,2,0,1,0,1,Response,,,,,,,,,,,,
SV027,R,65,2,3,1,1,1,Response,,,,,,,,6.6,6.6,238.0,238.0,40.0
SV027,R,66,2,0,0,0,2,Response,1476.7,1914.0,996.15,1000.5,523.5,529.0,350.0,4.8,7.0,210.0,275.0,30.666666666666668
SV027,R,67,2,0,1,1,1,Response,,,,,,,,,,,,
SV027,R,68,2,3,1,0,1,Response,1030.1,1030.1,1031.5,1031.5,567.0,567.0,484.0,5.35,5.5,238.0,265.0,34.0
SV027,R,69,2,3,0,1,2,Response,2919.7,3056.1,1246.4499999999998,1291.8,442.0,451.0,250.0,6.7,10.1,237.33333333333334,306.0,38.666666666666664
SV027,R,70,3,0,0,0,2,Response,902.6,902.6,952.7,952.7,516.0,516.0,964.0,6.6,7.3,467.0,718.0,102.0
SV027,R,71,3,3,1,1,1,Response,2819.3999999999996,2979.2,1284.35,1316.7,451.0,463.0,288.0,6.666666666666667,10.3,241.66666666666666,340.0,37.333333333333336
SV027,R,72,2,2,1,0,1,Response,903.85,1749.3,1056.5,1097.5,650.0,749.0,274.0,9.633333333333333,14.4,285.6666666666667,423.0,57.333333333333336
SV027,R,73,2,3,0,0,2,Response,1311.4,1783.8,953.5,1026.6,646.0,756.0,612.0,3.5,6.3,150.0,215.0,26.0
SV027,R,74,2,3,0,1,2,Response,2466.95,3019.8,1125.9499999999998,1260.1,580.5,642.0,752.0,6.966666666666666,10.1,285.0,330.0,69.33333333333333
SV027,R,75,2,0,0,0,1,Response,1345.5,1800.4,1034.0,1040.6,519.5,528.0,484.0,7.0,7.5,258.3333333333333,288.0,42.666666666666664
SV027,R,76,3,3,1,0,1,Response,645.0,979.1,1088.7333333333333,1125.7,595.3333333333334,764.0,430.6666666666667,4.925,7.5,361.5,833.0,69.0
SV027,R,77,3,3,1,0,1,Response,864.9666666666667,1834.3,1056.5666666666666,1111.5,678.3333333333334,727.0,154.66666666666666,7.875,14.3,292.5,497.0,42.0
SV027,R,78,2,0,1,0,1,Response,957.2,957.2,1064.5,1064.5,637.0,637.0,288.0,6.25,6.4,277.5,297.0,36.0
SV027,R,79,3,2,0,1,1,Response,2424.6,3034.0,1113.4499999999998,1202.3,551.0,645.0,716.0,9.933333333333334,10.8,314.6666666666667,351.0,48.0
SV027,R,80,3,3,0,0,3,Response,,,,,,,,,,,,
SV027,R,81,3,2,0,1,2,Response,3003.5,3003.5,1228.7,1228.7,411.0,411.0,344.0,10.2,10.2,267.0,267.0,56.0
SV027,R,82,3,0,1,0,1,Response,,,,,,,,6.0,6.0,211.0,211.0,40.0
SV027,R,83,3,2,0,0,2,Response,924.6,924.6,948.1,948.1,497.0,497.0,400.0,6.9,7.1,245.5,268.0,44.0
SV027,R,84,3,0,1,1,1,Response,,,,,,,,,,,,
SV027,R,85,3,2,1,1,1,Response,,,,,,,,6.7,6.7,250.0,250.0,40.0
SV027,R,86,2,2,0,0,2,Response,,,,,,,,,,,,
SV027,R,87,2,0,0,1,1,Response,2987.0,2987.0,1219.6,1219.6,423.0,423.0,272.0,9.75,9.8,274.0,291.0,52.0
SV027,R,88,3,2,0,1,1,Response,3007.8,3007.8,1281.1,1281.1,581.0,581.0,248.0,10.7,10.7,310.0,310.0,56.0
SV027,R,89,3,2,0,0,2,Response,,,,,,,,5.3,5.3,219.0,219.0,36.0
SV027,R,90,2,2,1,1,1,Response,,,,,,,,9.8,9.8,312.0,312.0,52.0
SV027,R,91,2,2,1,1,1,Response,,,,,,,,12.0,12.0,359.0,359.0,52.0
SV027,R,92,2,3,1,0,1,Response,885.75,1033.2,1068.35,1090.2,519.5,593.0,272.0,4.7,7.5,203.33333333333334,300.0,32.0
SV027,R,93,3,2,1,0,1,Response,839.5,839.5,1103.5,1103.5,478.0,478.0,272.0,7.550000000000001,7.7,274.0,297.0,42.0
SV027,R,94,3,3,1,0,1,Response,,,,,,,,6.3,6.3,198.0,198.0,44.0
SV027,R,95,3,3,0,0,3,Response,,,,,,,,,,,,
SV027,R,96,3,0,1,0,1,Response,,,,,,,,6.7,6.7,234.0,234.0,40.0
SV027,R,97,3,3,1,0,1,Response,1190.5,1190.5,1002.1,1002.1,497.0,497.0,224.0,4.3,4.3,175.0,175.0,32.0
SV027,R,98,3,3,0,0,2,Response,,,,,,,,,,,,
SV027,R,99,2,3,0,0,2,Response,1682.45,1853.8,813.2,908.1,689.5,746.0,382.0,3.16,6.8,148.8,273.0,58.4
SV027,R,100,2,0,1,0,1,Response,993.0,993.0,1076.2,1076.2,526.0,526.0,224.0,6.15,6.2,241.5,280.0,38.0
SV027,R,101,2,0,0,1,1,Response,1762.2,1762.2,1064.6,1064.6,651.0,651.0,896.0,4.800000000000001,8.8,196.5,317.0,28.0
SV027,R,102,3,2,0,0,2,Response,,,,,,,,,,,,
SV027,R,103,3,0,1,0,1,Response,,,,,,,,,,,,
SV027,R,104,2,2,0,1,1,Response,3001.8,3001.8,1328.0,1328.0,510.0,510.0,248.0,10.5,10.6,303.5,322.0,62.0
SV027,R,105,3,2,1,0,1,Response,1291.4,1291.4,1061.8,1061.8,481.0,481.0,152.0,3.8,3.9,196.5,238.0,28.0
SV027,R,106,2,0,1,0,0,Response,1865.25,1908.9,1059.55,1066.3,637.0,645.0,124.0,0.7666666666666666,1.1,374.3333333333333,949.0,61.333333333333336
SV027,R,107,2,2,1,1,2,Response,2116.5,2368.4,1165.7,1217.0,640.5,672.0,684.0,2.5,4.1,407.3333333333333,842.0,65.33333333333333
SV027,R,108,2,3,1,0,1,Response,1008.2,1008.2,1077.4,1077.4,545.0,545.0,244.0,5.9,6.0,244.0,270.0,38.0
SV027,R,109,2,0,1,1,1,Response,,,,,,,,7.1,7.1,235.0,235.0,44.0
SV027,R,110,2,3,0,1,1,Response,2929.2,2929.2,1193.8,1193.8,375.0,375.0,232.0,9.6,9.6,264.0,264.0,52.0
SV027,R,111,3,2,0,1,1,Response,,,,,,,,10.0,10.0,278.0,278.0,52.0
SV027,R,112,3,0,1,0,1,Response,,,,,,,,5.9,5.9,239.0,239.0,36.0
SV027,R,113,2,3,0,1,2,Response,2907.8999999999996,3020.1,1246.35,1248.3,415.0,417.0,474.0,4.8500000000000005,8.3,181.5,247.0,32.0
SV027,R,114,3,2,1,0,2,Response,1526.9,2624.7,536.3555555555555,1209.9,465.0,621.0,327.55555555555554,4.0200000000000005,8.8,259.4,598.0,54.0
SV027,R,115,2,0,1,1,1,Response,2096.718181818182,3270.0,494.75454545454545,1369.6,505.90909090909093,768.0,268.3636363636364,7.466666666666666,18.8,349.0,935.0,49.666666666666664
SV027,R,116,3,0,1,0,1,Response,1994.1799999999998,3270.0,2011.4599999999998,3270.0,630.2,766.0,315.2,8.950000000000001,30.3,721.6666666666666,2860.0,207.33333333333334
SV027,R,117,2,0,1,1,1,Response,2845.05,2949.8,1334.8000000000002,1363.2,540.0,563.0,464.0,6.0,8.3,200.33333333333334,259.0,40.0
SV027,R,118,2,2,1,0,1,Response,807.3666666666667,930.9,1140.3,1152.4,598.3333333333334,664.0,488.0,3.125,6.4,150.25,228.0,25.0
SV027,R,119,3,2,1,1,1,Response,2631.7,2631.7,1318.7,1318.7,531.0,531.0,252.0,4.05,6.6,175.0,242.0,30.0
SV027,R,120,2,2,1,0,1,Response,773.3,773.3,1099.2,1099.2,524.0,524.0,304.0,7.7,7.9,280.0,315.0,44.0
SV027,R,121,2,3,0,0,1,Response,,,,,,,,5.3,5.3,193.0,193.0,40.0
SV027,R,122,2,0,1,0,1,Response,1070.8,1070.8,1181.1,1181.1,684.0,684.0,384.0,5.6,6.2,235.5,267.0,36.0
SV027,R,123,2,0,1,1,0,Response,2927.616666666667,3270.0,1681.7,3270.0,575.8333333333334,644.0,480.6666666666667,8.142857142857142,22.4,353.85714285714283,737.0,86.85714285714286
SV027,R,124,3,2,0,0,1,Response,984.5,984.5,1154.2,1154.2,641.0,641.0,364.0,3.45,5.3,165.5,218.0,28.0
SV027,R,125,3,3,0,1,1,Response,2985.0,2985.0,1249.2,1249.2,635.0,635.0,220.0,5.65,10.4,468.5,860.0,92.0
SV027,R,126,3,0,0,1,1,Response,3027.0714285714284,3062.5,1226.7714285714285,1310.0,560.5714285714286,609.0,353.7142857142857,3.2625,10.2,328.125,1013.0,62.0
SV027,R,127,3,0,0,0,3,Response,2111.1,3270.0,2135.1,3270.0,417.0,555.0,286.0,21.766666666666666,30.6,368.0,597.0,816.0
SV027,R,128,3,2,0,0,1,Response,1366.425,1848.9,1040.05,1114.0,659.0,802.0,282.0,3.46,8.4,209.8,319.0,40.0
SV027,R,129,3,2,1,0,1,Response,968.9,968.9,1112.8,1112.8,489.0,489.0,296.0,6.7,6.7,251.0,251.0,40.0
SV027,R,130,3,0,1,1,1,Response,2972.2,2972.2,1386.9,1386.9,441.0,441.0,460.0,5.45,10.4,160.5,260.0,34.0
SV027,R,131,2,2,0,1,1,Response,,,,,,,,9.4,9.4,269.0,269.0,52.0
SV027,R,132,2,2,0,0,1,Response,,,,,,,,0.3,0.3,224.0,224.0,64.0
SV027,R,133,2,0,1,1,1,Response,3160.15,3270.0,2046.0,2654.0,408.0,445.0,744.0,15.0,25.6,476.6666666666667,729.0,417.3333333333333
SV027,R,134,3,0,0,0,3,Response,1959.5,1959.5,1018.1,1018.1,517.0,517.0,236.0,4.3,7.4,184.5,267.0,30.0
SV027,R,135,3,3,1,0,1,Response,1764.8,1764.8,1048.9,1048.9,598.0,598.0,868.0,0.95,1.4,94.0,128.0,14.0
SV027,R,136,3,3,1,0,1,Response,1124.7333333333333,1290.7,1169.7333333333333,1213.7,636.0,645.0,534.6666666666666,4.4,7.2,201.75,284.0,35.0
SV027,R,137,3,3,0,0,1,Response,2468.2,3270.0,1478.08,2252.5,565.0,807.0,260.8,8.216666666666667,20.9,359.8333333333333,800.0,90.66666666666667
SV027,R,138,3,0,0,1,1,Response,,,,,,,,9.2,9.2,287.0,287.0,48.0
SV027,R,139,2,3,1,0,1,Response,1282.9,1634.8,1079.4,1122.9,519.0,545.0,590.0,6.333333333333333,12.1,283.3333333333333,390.0,66.66666666666667
SV027,R,140,2,2,1,1,1,Response,2872.1,2872.1,1354.2,1354.2,450.0,450.0,360.0,5.05,9.4,172.5,261.0,32.0
SV027,R,141,3,3,0,1,1,Response,3009.9666666666667,3065.5,1364.5,1436.6,632.0,647.0,849.3333333333334,3.125,9.5,144.5,285.0,24.0
SV027,R,142,3,0,1,1,1,Response,2656.8,2656.8,1273.8,1273.8,521.0,521.0,572.0,7.1,7.3,247.5,266.0,44.0
SV027,R,143,2,3,1,0,1,Response,1315.05,1727.9,1033.825,1108.7,685.25,771.0,629.0,3.16,8.3,280.0,759.0,67.2
SV027,R,144,2,3,1,1,1,Response,2154.233333333333,2894.1,1314.9333333333334,1524.8,608.6666666666666,779.0,477.3333333333333,6.8,9.3,256.3333333333333,283.0,37.333333333333336
SV027,R,145,3,0,0,0,3,Response,986.6,986.6,923.2,923.2,614.0,614.0,1184.0,3.35,5.8,146.0,212.0,28.0
SV027,R,146,3,0,0,0,3,Response,979.8,979.8,946.6,946.6,571.0,571.0,440.0,6.0,6.0,222.0,222.0,36.0
SV027,R,147,3,2,0,1,1,Response,1861.9,1861.9,1064.4,1064.4,815.0,815.0,732.0,9.7,9.7,307.0,307.0,48.0
SV027,R,148,2,2,1,0,1,Response,1852.45,1892.2,1067.65,1081.5,774.5,787.0,330.0,3.5999999999999996,6.6,157.0,243.0,26.0
SV027,R,149,2,2,0,0,1,Response,903.1,903.1,1051.5,1051.5,651.0,651.0,372.0,3.6999999999999997,6.8,153.5,234.0,28.0
SV027,R,150,2,3,1,1,1,Response,2994.65,3270.0,1634.85,2248.0,549.75,693.0,444.0,8.559999999999999,15.8,492.4,1237.0,126.4
SV027,R,151,3,2,0,1,1,Response,,,,,,,,,,,,
SV027,R,152,2,0,0,1,1,Response,2730.066666666667,3270.0,1229.8333333333333,1323.5,545.3333333333334,599.0,274.6666666666667,8.35,12.8,299.5,323.0,49.0
SV027,R,153,2,3,0,0,1,Response,1432.4666666666665,1835.0,1030.5666666666666,1083.6,682.3333333333334,783.0,449.3333333333333,5.833333333333333,8.7,228.0,262.0,38.666666666666664
SV027,R,154,2,0,0,0,2,Response,1767.5,1767.5,1022.9,1022.9,673.0,673.0,904.0,3.05,5.6,594.5,976.0,108.0
SV027,R,155,3,2,1,1,1,Response,,,,,,,,9.6,9.6,265.0,265.0,56.0
SV027,R,156,2,2,1,1,1,Response,,,,,,,,8.9,8.9,299.0,299.0,44.0
SV027,R,157,3,2,1,1,1,Response,,,,,,,,9.8,9.8,328.0,328.0,48.0
SV027,R,158,2,2,1,1,1,Response,2902.2,2902.2,1349.4,1349.4,461.0,461.0,416.0,9.55,9.6,313.5,332.0,48.0
SV027,R,159,3,0,0,0,2,Response,,,,,,,,6.4,6.4,233.0,233.0,40.0
SV027,R,160,3,0,0,1,2,Response,1911.7,1911.7,1070.3,1070.3,775.0,775.0,756.0,5.2,10.3,222.0,280.0,54.0
SV027,R,161,2,0,0,1,1,Response,,,,,,,,10.3,10.3,317.0,317.0,52.0
SV027,R,162,2,3,1,0,1,Response,953.0,953.0,1083.1,1083.1,571.0,571.0,344.0,3.8,6.5,562.0,1030.0,78.0
SV027,R,163,2,0,0,1,1,Response,2990.8,2990.8,1198.0,1198.0,423.0,423.0,408.0,10.0,10.0,270.0,270.0,60.0
SV027,R,164,2,3,1,1,1,Response,,,,,,,,10.8,10.8,287.0,287.0,56.0
SV027,R,165,3,0,0,1,1,Response,1955.6999999999998,2088.6,1044.05,1067.5,626.5,645.0,766.0,4.833333333333333,10.7,198.33333333333334,320.0,32.0
SV027,R,166,3,0,0,0,1,Response,1096.9333333333334,1481.4,1025.9333333333334,1059.9,566.0,593.0,428.0,5.525,6.7,413.5,872.0,74.0
SV027,R,167,2,0,1,1,1,Response,2877.68,3270.0,1318.1,1464.9,532.2,748.0,386.4,2.3666666666666667,5.1,189.66666666666666,281.0,25.333333333333332
SV027,R,168,3,0,1,1,2,Response,,,,,,,,7.6,7.6,263.0,263.0,44.0
SV027,R,169,2,3,0,1,1,Response,,,,,,,,,,,,
SV027,R,170,3,0,0,0,1,Response,,,,,,,,5.2,5.2,233.0,233.0,32.0
SV027,R,171,3,3,1,1,1,Response,1938.9,1938.9,1059.9,1059.9,693.0,693.0,928.0,4.95,8.8,181.5,268.0,34.0
SV027,R,172,2,2,0,0,1,Response,1519.3999999999999,1885.4,1079.4666666666667,1100.8,737.3333333333334,830.0,246.66666666666666,2.625,7.2,254.0,524.0,59.0
SV027,R,173,3,3,0,1,1,Response,2432.2,2953.2,1200.15,1269.5,543.0,591.0,470.0,6.666666666666667,9.6,775.0,1392.0,200.0
SV027,R,174,2,0,0,0,1,Response,,,,,,,,,,,,
SV027,R,175,2,3,0,1,1,Response,2635.75,2955.4,1156.4,1215.7,586.0,710.0,534.0,5.666666666666667,9.3,217.66666666666666,295.0,36.0
SV027,R,176,3,3,1,0,1,Response,1032.9,1032.9,1117.4,1117.4,631.0,631.0,708.0,6.0,6.9,759.5,1277.0,94.0
SV027,R,177,2,3,1,1,1,Response,2301.15,2765.9,1177.6,1279.7,719.0,842.0,460.0,3.6666666666666665,8.1,304.6666666666667,460.0,66.66666666666667
SV027,R,178,3,0,1,0,1,Response,1169.2,1488.3,1105.65,1134.3,620.0,683.0,400.0,4.866666666666666,8.7,205.33333333333334,265.0,34.666666666666664
SV027,R,179,3,2,1,0,1,Response,1270.5500000000002,1679.9,1332.95,1561.0,457.5,511.0,310.0,7.266666666666667,8.8,236.33333333333334,247.0,50.666666666666664
SV027,R,180,2,3,0,1,1,Response,,,,,,,,11.4,11.4,360.0,360.0,52.0
SV027,R,181,2,2,1,0,1,Response,379.8,732.2,1056.4,1085.1,662.0,698.0,320.0,2.566666666666667,5.2,187.66666666666666,352.0,18.666666666666668
SV027,R,182,3,3,0,1,1,Response,1847.0,1847.0,1064.2,1064.2,750.0,750.0,1088.0,6.2,10.8,208.5,271.0,38.0
SV027,R,183,2,2,0,1,1,Response,,,,,,,,9.4,9.4,271.0,271.0,56.0
SV027,R,184,2,3,0,0,1,Response,2221.9125,3270.0,2116.725,3270.0,529.625,750.0,434.5,6.944444444444445,29.9,237.44444444444446,601.0,96.0
SV027,R,185,2,2,0,1,1,Response,,,,,,,,,,,,
SV027,R,186,2,2,0,1,1,Response,,,,,,,,,,,,
SV027,R,187,3,2,0,0,1,Response,1765.4,1765.4,1019.4,1019.4,789.0,789.0,536.0,1.1,1.1,102.0,102.0,16.0
SV027,R,188,3,3,1,1,1,Response,,,,,,,,1.5,1.5,511.0,511.0,616.0
SV027,R,189,3,3,1,1,1,Response,2493.7,2859.5,1234.6,1342.4,700.5,792.0,494.0,3.033333333333333,6.4,168.33333333333334,277.0,22.666666666666668
SV027,R,190,3,3,1,0,1,Response,2036.25,2250.4,1045.25,1054.7,611.0,695.0,632.0,4.1000000000000005,6.1,201.0,267.0,29.333333333333332
SV027,R,191,3,2,1,1,1,Response,,,,,,,,4.4,4.4,151.0,151.0,40.0
SV027,R,192,3,0,1,1,1,Response,2598.0333333333333,3105.1,1258.1666666666667,1381.1,430.3333333333333,459.0,357.3333333333333,3.4,10.6,159.0,280.0,28.0
SV027,R,193,3,2,0,1,1,Response,2572.55,3270.0,1179.4,1298.6,712.5,765.0,336.0,11.633333333333333,12.4,311.3333333333333,342.0,57.333333333333336
SV027,R,194,3,3,0,1,1,Response,2030.8,2030.8,1081.4,1081.4,726.0,726.0,780.0,4.75,8.1,202.0,273.0,30.0
SV027,R,195,3,0,1,1,1,Response,1860.2666666666667,1915.4,1063.6000000000001,1066.2,703.6666666666666,823.0,306.6666666666667,3.175,9.9,223.5,445.0,55.0
SV027,R,196,3,2,0,0,1,Response,1752.3,1752.3,1056.0,1056.0,731.0,731.0,552.0,0.9,0.9,82.0,82.0,16.0
SV027,R,197,3,2,1,0,1,Response,,,,,,,,,,,,
SV027,R,198,3,0,1,0,1,Response,870.05,990.5,1122.6,1130.9,594.0,640.0,312.0,4.7,7.5,205.66666666666666,276.0,32.0
SV027,R,199,2,2,0,1,1,Response,,,,,,,,,,,,
SV027,R,200,3,3,1,0,1,Response,879.8,879.8,1098.6,1098.6,598.0,598.0,380.0,6.9,8.1,291.0,315.0,38.0
SV027,R,201,2,3,0,0,1,Response,1375.1,1827.3,1005.75,1028.0,560.0,607.0,510.0,4.866666666666666,7.3,204.0,315.0,32.0
SV027,R,202,3,2,1,0,1,Response,1341.65,1925.5,1038.6,1064.0,465.0,477.0,240.0,6.466666666666666,9.4,231.33333333333334,325.0,37.333333333333336
SV027,R,203,3,0,0,1,1,Response,2455.8,2996.0,1183.15,1326.4,518.5,653.0,498.0,6.766666666666667,9.9,211.33333333333334,291.0,38.666666666666664
SV027,R,204,3,3,1,1,1,Response,2290.675,3270.0,827.05,1393.0,580.5,764.0,163.0,15.125,25.9,913.25,1477.0,240.0
SV027,R,205,2,3,1,0,1,Response,1778.9333333333334,2465.3,991.6333333333333,1184.3,594.3333333333334,676.0,562.6666666666666,5.775,6.5,266.0,315.0,33.0
SV027,R,206,2,2,1,0,1,Response,1871.7333333333333,3270.0,1826.3999999999999,3270.0,673.3333333333334,794.0,280.0,17.925,28.4,476.5,1135.0,150.0
SV027,R,207,2,3,1,1,1,Response,,,,,,,,10.0,10.0,311.0,311.0,52.0
SV027,R,208,3,2,0,0,1,Response,,,,,,,,,,,,
SV027,R,209,2,3,0,0,1,Response,,,,,,,,,,,,
SV027,R,210,3,2,0,1,1,Response,1920.0666666666666,2050.8,1034.1666666666667,1070.9,792.3333333333334,822.0,237.33333333333334,3.875,11.3,237.5,461.0,89.0
SV027,R,211,3,3,1,1,1,Response,,,,,,,,9.8,9.8,294.0,294.0,48.0
SV027,R,212,2,0,1,1,1,Response,,,,,,,,8.1,8.1,240.0,240.0,52.0
SV027,R,213,2,2,0,1,1,Response,1855.1,1855.1,1100.3,1100.3,800.0,800.0,848.0,8.2,8.2,287.0,287.0,44.0
SV027,R,214,2,0,0,0,2,Response,1890.5666666666666,3270.0,1788.7166666666665,3270.0,689.5,947.0,868.6666666666666,9.271428571428572,29.8,311.85714285714283,623.0,292.57142857142856
SV027,R,215,3,2,0,1,1,Response,,,,,,,,0.8,0.8,145.0,145.0,60.0
SV027,R,216,3,3,0,0,1,Response,,,,,,,,,,,,
SV027,R,217,2,0,1,0,1,Response,,,,,,,,3.6,3.6,145.0,145.0,32.0
SV027,R,218,2,2,0,0,1,Response,1197.05,1452.6,1009.85,1095.9,694.0,807.0,440.0,1.9000000000000001,3.0,130.66666666666666,180.0,20.0
SV027,R,219,2,3,1,1,1,Response,,,,,,,,0.1,0.1,510.0,510.0,124.0
SV027,R,220,3,2,0,0,1,Response,1084.3999999999999,1643.5,1008.6666666666666,1157.9,623.0,778.0,669.3333333333334,3.05,4.7,158.25,216.0,27.0
SV027,R,221,3,0,1,1,1,Response,2388.7,2894.7,1150.75,1292.4,620.0,747.0,672.0,3.766666666666667,9.6,322.3333333333333,576.0,72.0
SV027,R,222,2,3,1,0,1,Response,2225.375,3270.0,2204.4,3270.0,869.25,1312.0,148.0,12.14,27.8,440.8,769.0,260.8
SV027,R,223,3,0,1,0,1,Response,1297.7,1665.8,1032.45,1049.4,648.5,724.0,478.0,2.3333333333333335,4.9,132.66666666666666,210.0,22.666666666666668
SV027,R,224,2,2,1,0,1,Response,1381.75,1611.0,1042.3,1085.6,694.5,714.0,456.0,1.6333333333333335,2.8,118.33333333333333,166.0,18.666666666666668
SV027,R,225,2,0,0,1,1,Response,,,,,,,,10.8,10.8,279.0,279.0,60.0
SV027,R,226,2,0,1,1,1,Response,2328.9,2827.4,1218.7,1362.5,634.5,740.0,468.0,5.3500000000000005,9.3,217.0,317.0,32.0
SV027,R,227,3,2,1,1,1,Response,2825.5,2825.5,1336.3,1336.3,641.0,641.0,336.0,8.35,8.7,284.0,301.0,46.0
SV027,R,228,3,0,1,0,1,Response,,,,,,,,5.4,5.4,257.0,257.0,32.0
SV027,R,229,3,2,1,0,1,Response,958.4,958.4,1091.4,1091.4,593.0,593.0,420.0,5.4,5.4,247.0,247.0,32.0
SV027,R,230,2,2,1,0,1,Response,996.55,1293.6,1087.05,1150.1,637.0,725.0,254.0,4.933333333333334,7.8,234.66666666666666,271.0,30.666666666666668
SV027,R,231,2,2,0,1,1,Response,1826.3,1826.3,1046.6,1046.6,749.0,749.0,764.0,10.3,10.3,307.0,307.0,52.0
SV027,R,232,3,0,0,1,1,Response,,,,,,,,9.3,9.3,297.0,297.0,52.0
SV027,R,233,2,0,0,0,3,Response,892.9666666666666,956.8,973.1666666666666,1066.3,543.0,602.0,486.6666666666667,3.3,6.2,171.25,242.0,38.0
SV027,R,234,2,0,0,0,3,Response,1155.9333333333334,1666.5,970.9666666666667,1018.1,662.3333333333334,765.0,729.3333333333334,1.8250000000000002,4.0,260.75,649.0,59.0
SV027,R,235,3,2,1,0,1,Response,772.6,772.6,1065.8,1065.8,546.0,546.0,372.0,7.7,8.4,257.0,288.0,46.0
SV027,R,236,3,0,0,1,1,Response,,,,,,,,9.8,9.8,316.0,316.0,52.0
SV027,R,237,2,3,1,0,1,Response,1011.2,1011.2,1076.1,1076.1,570.0,570.0,420.0,7.45,10.4,250.0,288.0,52.0
SV027,R,238,3,3,1,1,1,Response,,,,,,,,9.7,9.7,309.0,309.0,52.0
SV027,R,239,3,0,1,1,1,Response,2772.3,2772.3,1294.7,1294.7,484.0,484.0,340.0,5.3,8.7,190.5,239.0,36.0
SV027,R,240,2,3,0,1,1,Response,2340.233333333333,2639.6,686.7333333333332,1052.4,533.3333333333334,754.0,445.3333333333333,5.366666666666667,9.8,260.0,418.0,32.0
SV027,R,241,2,2,0,0,2,Response,3010.5333333333333,3270.0,2620.2000000000003,3270.0,645.6666666666666,764.0,90.66666666666667,14.0,28.1,465.0,590.0,221.0
SV027,R,242,3,2,0,0,2,Response,,,,,,,,1.4,1.4,95.0,95.0,24.0
SV027,R,243,3,0,1,0,0,Response,2563.8545454545456,3270.0,1732.3727272727272,3270.0,612.8181818181819,759.0,157.0909090909091,17.233333333333334,30.1,315.1666666666667,929.0,187.33333333333334
SV027,R,244,3,2,0,0,2,Response,1760.3000000000002,1819.4,671.25,885.2,587.0,609.0,486.0,2.1999999999999997,4.3,117.33333333333333,170.0,24.0
SV027,R,245,2,0,1,1,0,Response,1879.3,1879.3,931.7,931.7,618.0,618.0,380.0,3.3,5.5,264.0,343.0,60.0
SV027,R,246,3,3,1,0,4,Response,2657.8,2657.8,1986.7,1986.7,730.0,730.0,52.0,14.0,14.0,882.0,882.0,576.0
SV027,R,247,2,2,0,0,2,Response,,,,,,,,1.1,1.1,94.0,94.0,16.0
SV027,R,248,3,3,0,1,3,Response,1825.9,1825.9,819.8,819.8,650.0,650.0,1904.0,2.5,2.9,136.0,141.0,26.0
SV027,R,249,2,0,0,1,0,Response,1743.8,1743.8,1070.2,1070.2,574.0,574.0,40.0,0.65,0.8,372.0,679.0,198.0
SV027,R,250,2,0,1,1,0,Response,,,,,,,,,,,,
SV027,R,251,2,0,1,0,0,Response,,,,,,,,,,,,
SV027,R,252,2,2,1,0,2,Response,,,,,,,,,,,,
SV027,R,253,3,3,0,0,3,Response,1960.55,2125.1,858.4000000000001,1125.2,755.5,767.0,194.0,3.3333333333333335,6.6,179.33333333333334,289.0,25.333333333333332
SV027,R,254,3,0,1,1,0,Response,,,,,,,,5.7,5.7,217.0,217.0,36.0
SV027,R,255,2,0,0,0,0,Response,,,,,,,,,,,,
SV027,R,256,3,3,0,1,3,Response,,,,,,,,1.6,1.6,760.0,760.0,172.0
SV027,R,257,3,2,1,0,2,Response,2254.8999999999996,2408.6,1464.55,1613.3,697.5,721.0,70.0,5.3999999999999995,7.4,196.33333333333334,246.0,40.0
SV027,R,258,2,3,0,1,3,Response,,,,,,,,5.3,5.3,181.0,181.0,40.0
SV027,R,259,3,0,0,1,0,Response,,,,,,,,,,,,
SV027,R,260,3,0,0,0,0,Response,,,,,,,,0.8,0.8,66.0,66.0,16.0
SV027,R,261,3,2,1,1,2,Response,,,,,,,,5.7,5.7,195.0,195.0,40.0
SV027,R,262,2,3,0,1,3,Response,1768.3,1768.3,799.4,799.4,574.0,574.0,636.0,3.0,3.6,161.5,188.0,26.0
SV027,R,263,3,2,1,0,2,Response,1811.6,1812.6,751.2,828.3,603.5,657.0,184.0,1.5333333333333332,1.9,110.0,125.0,20.0
SV027,R,264,3,3,1,0,3,Response,1731.4,1731.4,1091.9,1091.9,578.0,578.0,584.0,1.4,2.0,106.5,147.0,18.0
SV027,R,265,3,2,1,1,2,Response,,,,,,,,0.5,0.5,61.0,61.0,12.0
SV027,R,266,3,3,0,1,3,Response,,,,,,,,1.7,1.7,95.0,95.0,24.0
SV027,R,267,3,3,1,1,3,Response,1875.0,1875.0,622.8,622.8,609.0,609.0,224.0,4.45,5.2,182.0,203.0,36.0
SV027,R,268,2,3,1,1,3,Response,1851.2,1851.2,957.7,957.7,555.0,555.0,172.0,3.55,5.1,720.5,1210.0,118.0
SV027,R,269,3,0,0,1,0,Response,,,,,,,,0.5,0.5,63.0,63.0,12.0
SV027,R,270,3,3,0,1,3,Response,,,,,,,,3.0,3.0,881.0,881.0,1140.0
SV027,R,271,3,2,0,1,2,Response,1888.2,1888.2,923.9,923.9,624.0,624.0,476.0,2.25,3.6,111.5,157.0,26.0
SV027,R,272,2,3,1,1,3,Response,1857.6,1857.6,568.9,568.9,534.0,534.0,208.0,3.3,5.5,144.0,192.0,28.0
SV027,R,273,2,3,0,0,3,Response,3270.0,3270.0,2246.2,2268.0,481.0,555.0,794.0,10.1,19.8,285.5,486.0,86.0
SV027,R,274,2,0,1,1,0,Response,,,,,,,,,,,,
SV027,R,275,3,3,1,1,3,Response,,,,,,,,0.8,0.8,786.0,786.0,364.0
SV027,R,276,3,3,1,0,3,Response,,,,,,,,1.7,1.7,129.0,129.0,20.0
SV027,R,277,2,2,1,1,2,Response,1662.1,1662.1,699.7,699.7,598.0,598.0,84.0,2.45,3.0,146.0,150.0,24.0
SV027,R,278,2,0,0,0,0,Response,,,,,,,,,,,,
SV027,R,279,3,2,0,1,2,Response,,,,,,,,4.8,4.8,158.0,158.0,40.0
SV027,R,280,3,0,0,0,0,Response,1693.2,1693.2,761.9,761.9,588.0,588.0,744.0,1.65,2.4,106.5,136.0,20.0
SV027,R,281,3,2,0,0,2,Response,,,,,,,,2.6,2.6,841.0,841.0,776.0
SV027,R,282,2,3,1,1,3,Response,1782.5,1782.5,884.9,884.9,620.0,620.0,484.0,2.35,2.7,124.5,128.0,26.0
SV027,R,283,3,0,1,0,0,Response,1954.7,1954.7,1053.1,1053.1,616.0,616.0,92.0,0.8,1.0,85.5,91.0,14.0
SV027,R,284,3,3,1,0,3,Response,2924.6666666666665,3270.0,1691.9666666666665,2231.9,616.3333333333334,650.0,356.0,9.925,18.2,597.0,1666.0,78.0
SV027,R,285,2,2,0,0,2,Response,,,,,,,,1.2,1.2,92.0,92.0,20.0
SV027,R,286,3,0,1,0,0,Response,,,,,,,,,,,,
SV027,R,287,2,0,1,0,0,Response,,,,,,,,,,,,
SV027,R,288,3,3,1,1,3,Response,,,,,,,,,,,,
SV027,R,289,3,3,0,1,3,Response,1834.6,1834.6,636.1,636.1,516.0,516.0,272.0,4.55,5.1,207.0,225.0,34.0
SV027,R,290,2,0,1,1,0,Response,,,,,,,,1.0,1.0,757.0,757.0,168.0
SV027,R,291,3,0,0,0,0,Response,,,,,,,,,,,,
SV027,R,292,2,3,0,0,3,Response,2001.9,2020.5,661.6,809.7,584.0,602.0,216.0,3.733333333333333,6.5,177.0,249.0,29.333333333333332
SV027,R,293,2,2,0,0,2,Response,,,,,,,,1.2,1.2,108.0,108.0,16.0
SV027,R,294,3,3,0,0,3,Response,,,,,,,,1.2,1.2,91.0,91.0,20.0
SV027,R,295,2,3,1,0,3,Response,,,,,,,,,,,,
SV027,R,296,2,3,0,1,2,Response,,,,,,,,0.1,0.1,306.0,306.0,104.0
SV027,R,297,3,2,0,1,2,Response,,,,,,,,0.9,0.9,77.0,77.0,16.0
SV027,R,298,3,2,0,0,2,Response,,,,,,,,,,,,
SV027,R,299,3,0,1,0,0,Response,,,,,,,,3.6,3.6,123.0,123.0,36.0
SV027,R,300,2,0,1,1,0,Response,,,,,,,,0.5,0.5,65.0,65.0,12.0
SV027,R,301,3,0,1,1,0,Response,1686.9,1686.9,969.8,969.8,663.0,663.0,80.0,1.5499999999999998,1.7,113.5,127.0,20.0
SV027,R,302,2,2,0,0,2,Response,,,,,,,,5.5,5.5,222.0,222.0,36.0
SV027,R,303,3,0,0,1,0,Response,,,,,,,,,,,,
SV027,R,304,2,3,1,1,3,Response,,,,,,,,0.8,0.8,67.0,67.0,16.0
SV027,R,305,3,0,1,1,0,Response,,,,,,,,,,,,
SV027,R,306,3,2,1,1,2,Response,1901.2,1967.4,1019.8000000000001,1121.9,660.0,686.0,402.0,2.1333333333333333,3.1,545.0,818.0,382.6666666666667
SV027,R,307,2,3,1,1,3,Response,2261.9,2261.9,1236.3,1236.3,672.0,672.0,944.0,6.6,8.7,1211.5,1586.0,194.0
SV027,R,308,3,0,1,0,0,Response,,,,,,,,,,,,
SV027,R,309,2,0,0,1,0,Response,1880.2,1880.2,1284.4,1284.4,547.0,547.0,24.0,1.6,1.9,115.5,118.0,20.0
SV027,R,310,3,0,0,1,0,Response,1808.85,1937.4,815.55,960.0,570.5,585.0,200.0,2.433333333333333,3.6,165.0,220.0,21.333333333333332
SV027,R,311,2,2,1,0,2,Response,,,,,,,,1.4,1.4,116.0,116.0,16.0
SV027,R,312,2,0,1,1,0,Response,,,,,,,,,,,,
SV027,R,313,3,2,1,1,2,Response,,,,,,,,5.1,5.1,236.0,236.0,32.0
SV027,R,314,2,2,0,0,2,Response,,,,,,,,5.5,5.5,241.0,241.0,36.0
SV027,R,315,2,2,0,0,2,Response,,,,,,,,5.2,5.2,217.0,217.0,64.0
SV027,R,316,2,0,0,0,0,Response,,,,,,,,,,,,
SV027,R,317,2,0,0,0,0,Response,,,,,,,,,,,,
SV027,R,318,2,0,1,0,0,Response,,,,,,,,,,,,
SV027,R,319,2,3,1,0,4,Response,1907.4,1907.4,974.8,974.8,588.0,588.0,228.0,3.25,5.0,516.0,842.0,114.0
SV027,R,320,2,3,0,0,3,Response,,,,,,,,6.4,6.4,181.0,181.0,48.0
SV027,R,321,2,2,1,1,2,Response,,,,,,,,5.0,5.0,146.0,146.0,40.0
SV027,R,322,3,2,0,0,2,Response,,,,,,,,0.6,0.6,70.0,70.0,12.0
SV027,R,323,3,3,0,0,3,Response,2262.0,2262.0,1139.9,1139.9,539.0,539.0,412.0,2.2,2.4,145.5,146.0,22.0
SV027,R,324,2,2,1,0,2,Response,1803.9,1803.9,906.7,906.7,564.0,564.0,232.0,2.5,3.8,123.0,158.0,26.0
SV027,R,325,3,3,1,1,4,Response,2007.85,2037.8,1051.35,1089.8,643.5,667.0,648.0,2.466666666666667,6.0,396.0,853.0,122.66666666666667
SV027,R,326,2,2,1,0,2,Response,1783.0,1821.2,830.8,949.9,575.5,597.0,256.0,1.3,2.0,97.0,114.0,18.666666666666668
SV027,R,327,3,3,1,0,3,Response,826.2,826.2,1828.6,1828.6,44.0,44.0,24.0,17.0,21.2,1283.5,1494.0,992.0
SV027,R,328,2,2,0,1,2,Response,1813.8333333333333,1892.7,685.8333333333334,1014.8,590.6666666666666,736.0,261.3333333333333,2.2666666666666666,3.9,133.33333333333334,176.0,22.666666666666668
SV027,R,329,2,3,1,1,4,Response,2165.0,2165.0,1083.6,1083.6,616.0,616.0,924.0,3.8,5.5,174.0,193.0,30.0
SV027,R,330,2,2,1,0,2,Response,1836.9,1836.9,1037.2,1037.2,847.0,847.0,284.0,5.6,5.6,169.0,169.0,44.0
SV027,R,331,3,3,1,0,3,Response,2849.366666666667,3270.0,1772.5,2220.6,623.3333333333334,653.0,654.6666666666666,9.399999999999999,18.2,237.0,337.0,56.0
SV027,R,332,3,0,0,0,0,Response,,,,,,,,0.9,0.9,76.0,76.0,16.0
SV027,R,333,3,3,0,0,3,Response,,,,,,,,5.6,5.6,189.0,189.0,44.0
SV027,R,334,2,3,0,0,3,Response,,,,,,,,1.8,1.8,131.0,131.0,20.0
SV027,R,335,3,0,1,1,0,Response,,,,,,,,,,,,
SV027,R,336,3,0,0,1,0,Response,,,,,,,,0.8,0.8,71.0,71.0,16.0
SV027,R,337,2,0,0,0,0,Response,1830.2,1830.2,626.6,626.6,588.0,588.0,564.0,3.7,3.9,181.0,182.0,30.0
SV027,R,338,2,2,1,0,2,Response,3270.0,3270.0,3270.0,3270.0,1545.0,1545.0,136.0,26.45,26.7,943.0,1041.0,296.0
SV027,R,339,3,2,1,0,2,Response,,,,,,,,1.0,1.0,89.0,89.0,16.0
SV027,R,340,2,0,1,0,0,Response,,,,,,,,0.2,0.2,144.0,144.0,60.0
SV027,R,341,2,2,1,1,2,Response,,,,,,,,5.5,5.5,245.0,245.0,32.0
SV027,R,342,3,3,0,1,3,Response,1900.9,1900.9,524.1,524.1,540.0,540.0,584.0,3.15,5.8,166.0,269.0,24.0
SV027,R,343,2,2,0,1,2,Response,,,,,,,,11.5,11.5,1041.0,1041.0,116.0
SV027,R,344,3,3,0,1,4,Response,2125.9,2222.4,1093.75,1164.1,549.0,561.0,108.0,3.3000000000000003,5.9,165.0,225.0,28.0
SV027,R,345,3,2,1,0,2,Response,1850.4,2000.5,515.1500000000001,535.7,472.5,476.0,442.0,2.8333333333333335,5.6,128.33333333333334,155.0,28.0
SV027,R,346,2,0,0,0,0,Response,1862.45,1948.2,832.8,1042.0,571.5,629.0,426.0,2.2666666666666666,4.9,126.0,198.0,22.666666666666668
SV027,R,347,3,2,0,0,2,Response,1578.3,1697.7,585.6,787.0,587.5,632.0,569.0,2.08,4.0,256.6,720.0,86.4
SV027,R,348,3,0,0,0,0,Response,1710.3,1768.8,629.5999999999999,699.8,547.0,652.0,250.0,1.9333333333333333,3.4,198.33333333333334,403.0,48.0
SV027,R,349,3,2,1,0,2,Response,1815.1,1918.9,1003.1500000000001,1048.7,621.0,747.0,214.0,2.5,4.9,523.3333333333334,1272.0,89.33333333333333
SV027,R,350,2,2,0,1,2,Response,1808.5,1808.5,552.5,552.5,554.0,554.0,572.0,2.1999999999999997,3.8,129.5,189.0,20.0
SV027,R,351,2,2,1,0,2,Response,1880.3,1880.3,866.5,866.5,738.0,738.0,96.0,2.4,3.1,148.0,188.0,24.0
SV027,R,352,3,3,0,1,4,Response,3225.7999999999997,3270.0,3190.2666666666664,3270.0,550.0,613.0,44.0,13.1,25.7,544.75,949.0,169.0
SV027,R,353,2,3,0,1,4,Response,1864.15,1896.5,783.1,1022.0,616.0,654.0,244.0,3.85,5.5,209.0,249.0,28.0
SV027,R,354,3,2,1,1,2,Response,1997.6,1997.6,557.1,557.1,507.0,507.0,548.0,4.0,6.5,176.5,249.0,32.0
SV027,R,355,2,0,1,1,0,Response,,,,,,,,2.1,2.1,150.0,150.0,20.0
SV027,R,356,2,2,1,1,2,Response,,,,,,,,2.6,2.6,1163.0,1163.0,424.0
SV027,R,357,3,3,0,0,3,Response,2074.366666666667,2402.5,644.8333333333334,808.7,534.0,647.0,272.0,3.325,4.9,158.25,213.0,30.0
SV027,R,358,3,3,1,1,3,Response,1878.1,1878.1,524.9,524.9,549.0,549.0,236.0,3.75,6.6,891.5,1702.0,76.0
SV027,R,359,3,0,0,1,0,Response,1840.8000000000002,1843.2,456.09999999999997,582.3,503.0,589.0,228.0,4.8999999999999995,7.5,261.6666666666667,432.0,60.0
SV027,R,360,2,0,1,0,0,Response,,,,,,,,4.7,4.7,169.0,169.0,36.0
SV027,R,361,2,3,0,0,4,Response,1668.2,1668.2,582.1,582.1,605.0,605.0,204.0,3.7,4.4,213.0,245.0,26.0
SV027,R,362,3,3,1,0,3,Response,2016.4,2173.8,511.5,533.0,485.0,540.0,306.0,2.8333333333333335,5.4,162.33333333333334,239.0,24.0
SV027,R,363,3,0,0,1,0,Response,,,,,,,,,,,,
SV027,R,364,2,0,0,1,0,Response,1766.0,1766.0,724.0,724.0,496.0,496.0,508.0,1.65,2.1,101.0,113.0,22.0
SV027,R,365,3,3,1,1,3,Response,1829.5,1829.5,526.7,526.7,497.0,497.0,236.0,3.55,5.7,748.5,1394.0,92.0
SV027,R,366,3,3,0,0,3,Response,1802.6,1802.6,709.6,709.6,633.0,633.0,156.0,2.45,2.7,156.0,160.0,22.0
SV027,R,367,2,2,0,0,2,Response,1634.2,1634.2,941.1,941.1,692.0,692.0,220.0,3.0,4.8,153.5,199.0,26.0
SV027,R,368,2,0,0,1,0,Response,,,,,,,,5.4,5.4,228.0,228.0,40.0
SV027,R,369,2,0,1,0,0,Response,1704.4,1704.4,468.2,468.2,484.0,484.0,604.0,2.15,3.8,1001.0,1265.0,236.0
SV027,R,370,3,2,1,0,2,Response,1784.1,1784.1,497.5,497.5,511.0,511.0,576.0,2.65,4.8,145.5,229.0,22.0
SV027,R,371,2,3,0,0,3,Response,1782.5,1782.5,534.2,534.2,657.0,657.0,232.0,3.1,4.2,167.5,208.0,26.0
SV027,R,372,2,3,0,1,4,Response,2071.0,2144.6,740.65,928.5,611.5,712.0,396.0,1.9333333333333333,2.9,128.66666666666666,170.0,20.0
SV027,R,373,2,3,0,0,4,Response,1803.9499999999998,1888.8,913.3,972.6,672.0,720.0,196.0,3.6500000000000004,5.4,385.0,660.0,224.0
SV027,R,374,3,2,0,0,2,Response,1954.95,2019.0,548.2,576.4,489.0,565.0,236.0,2.6,5.3,132.0,202.0,25.333333333333332
SV027,R,375,2,3,0,0,3,Response,2852.7833333333333,3270.0,1791.1333333333332,2525.0,436.6666666666667,514.0,248.66666666666666,7.557142857142858,27.1,313.7142857142857,639.0,113.71428571428571
SV027,R,376,2,3,0,1,4,Response,1909.0,1909.0,607.7,607.7,558.0,558.0,236.0,3.15,4.6,165.5,207.0,28.0
SV027,R,377,3,3,1,1,4,Response,,,,,,,,,,,,
SV027,R,378,3,3,0,1,4,Response,,,,,,,,1.0,1.0,94.0,94.0,16.0
SV027,R,379,2,2,0,1,2,Response,2082.5,2082.5,511.8,511.8,536.0,536.0,464.0,6.4,6.6,194.0,234.0,48.0
SV027,R,380,3,0,1,0,0,Response,,,,,,,,0.5,0.5,62.0,62.0,12.0
SV027,R,381,3,3,0,0,3,Response,2231.6,2231.6,1139.9,1139.9,621.0,621.0,676.0,3.45,3.7,173.5,189.0,30.0
SV027,R,382,3,3,0,0,3,Response,,,,,,,,0.9,0.9,84.0,84.0,16.0
SV027,R,383,3,3,1,0,3,Response,,,,,,,,,,,,
SV027,R,384,3,2,0,0,2,Response,,,,,,,,5.2,5.2,350.0,350.0,104.0
SV027,R,385,2,3,1,0,3,Response,3270.0,3270.0,2009.9,2009.9,479.0,479.0,112.0,17.55,18.5,876.0,1287.0,1164.0
SV027,R,386,3,2,0,0,2,Response,,,,,,,,0.4,0.4,1161.0,1161.0,136.0
SV027,R,387,2,3,1,0,3,Response,,,,,,,,,,,,
SV027,R,388,3,3,1,0,2,Response,,,,,,,,4.0,4.0,185.0,185.0,32.0
SV027,R,389,3,0,0,0,0,Response,,,,,,,,,,,,
SV027,R,390,2,3,0,0,3,Response,1888.4,1888.4,800.2,800.2,533.0,533.0,468.0,2.2,2.4,147.5,176.0,22.0
SV027,R,391,2,2,1,1,2,Response,1843.5666666666666,1920.2,825.9666666666667,1083.3,576.6666666666666,693.0,388.0,4.566666666666666,6.8,211.0,296.0,32.0
SV027,R,392,3,2,0,1,2,Response,1794.7,1794.7,506.9,506.9,542.0,542.0,412.0,5.199999999999999,5.3,202.5,227.0,38.0
SV027,R,393,3,2,1,1,2,Response,1859.3,1859.3,472.5,472.5,523.0,523.0,448.0,6.0,6.5,218.0,249.0,42.0
SV027,R,394,3,2,1,0,2,Response,,,,,,,,5.4,5.4,236.0,236.0,36.0
SV027,R,395,3,0,0,1,0,Response,1795.2,1795.2,876.9,876.9,519.0,519.0,356.0,1.75,1.9,128.0,139.0,20.0
SV027,R,396,2,2,1,1,2,Response,,,,,,,,,,,,
SV027,R,397,2,0,0,1,0,Response,,,,,,,,,,,,
SV027,R,398,2,3,1,0,4,Response,1802.9,1813.8,670.8,716.1,629.0,737.0,114.0,1.9000000000000001,3.5,392.6666666666667,835.0,80.0
SV027,R,399,2,0,0,0,0,Response,,,,,,,,,,,,
SV027,R,400,2,0,1,0,0,Response,1822.5,1822.5,1053.5,1053.5,690.0,690.0,256.0,1.4,1.4,122.0,122.0,16.0
SV027,R,401,2,3,0,0,4,Response,1917.8000000000002,2012.2,561.05,608.3,573.5,617.0,760.0,3.8333333333333335,6.7,178.66666666666666,213.0,29.333333333333332
SV027,R,402,2,2,0,1,2,Response,,,,,,,,6.6,6.6,225.0,225.0,44.0
SV027,R,403,3,0,0,1,0,Response,,,,,,,,,,,,
SV027,R,404,2,3,1,0,4,Response,1947.5500000000002,1951.2,850.3,935.7,561.0,580.0,212.0,1.7666666666666666,2.4,116.0,149.0,22.666666666666668
SV027,R,405,3,0,0,0,0,Response,,,,,,,,0.7,0.7,84.0,84.0,12.0
SV027,R,406,3,2,0,1,2,Response,1920.7,1920.7,714.2,714.2,580.0,580.0,376.0,1.9,2.4,108.5,124.0,24.0
SV027,R,407,3,2,1,1,2,Response,,,,,,,,,,,,
SV027,R,408,2,2,1,1,2,Response,,,,,,,,,,,,
SV027,R,409,2,0,0,1,0,Response,,,,,,,,0.6,0.6,77.0,77.0,12.0
SV027,R,410,3,0,1,1,0,Response,1928.0,1928.0,1082.6,1082.6,543.0,543.0,464.0,0.8500000000000001,0.9,76.5,82.0,16.0
SV027,R,411,2,0,1,1,0,Response,,,,,,,,0.5,0.5,773.0,773.0,136.0
SV027,R,412,3,2,1,0,2,Response,1818.7,1818.7,1016.5,1016.5,576.0,576.0,540.0,3.95,5.8,198.0,236.0,28.0
SV027,R,413,2,2,0,0,2,Response,1782.15,1813.4,751.75,1008.2,609.0,737.0,288.0,3.733333333333334,5.4,161.0,222.0,29.333333333333332
SV027,R,414,3,3,1,1,4,Response,1806.35,1883.6,813.75,1024.9,646.0,673.0,236.0,3.7,4.9,186.0,214.0,28.0
SV027,R,415,3,3,1,0,4,Response,1946.15,2050.4,607.1500000000001,642.1,560.0,625.0,456.0,2.2666666666666666,3.5,143.66666666666666,190.0,22.666666666666668
SV027,R,416,3,0,1,1,0,Response,1787.5,1791.4,736.6500000000001,891.1,584.0,652.0,212.0,1.4000000000000001,2.0,95.0,120.0,20.0
SV027,R,417,2,2,1,1,2,Response,2389.5,2389.5,1179.2,1179.2,547.0,547.0,324.0,6.050000000000001,6.2,526.5,766.0,136.0
SV027,R,418,2,2,1,0,2,Response,1621.5,1621.5,1957.2,1957.2,381.0,381.0,32.0,10.55,11.1,263.5,302.0,58.0
SV027,R,419,2,0,0,1,0,Response,,,,,,,,0.8,0.8,803.0,803.0,256.0
SV027,R,420,2,3,1,1,4,Response,2092.9666666666667,2391.0,868.5,1074.8,551.0,620.0,422.6666666666667,3.5,5.8,166.75,215.0,29.0
SV027,R,421,2,0,0,0,0,Response,1782.65,1800.9,806.15,1034.6,620.5,707.0,348.0,4.75,5.1,184.0,200.0,38.0
SV027,R,422,2,3,0,1,4,Response,1953.0,1953.0,709.5,709.5,570.0,570.0,184.0,2.9,3.4,146.0,150.0,30.0
SV027,R,423,3,2,1,0,3,Response,,,,,,,,5.8,5.8,168.0,168.0,52.0
SV027,R,424,2,3,1,1,4,Response,1895.0,1895.0,596.1,596.1,667.0,667.0,224.0,3.05,4.8,178.5,244.0,26.0
SV027,R,425,3,0,0,0,0,Response,,,,,,,,,,,,
SV027,R,426,2,3,0,1,3,Response,,,,,,,,1.3,1.3,96.0,96.0,20.0
SV027,R,427,2,0,0,1,0,Response,1886.5,1886.5,1037.8,1037.8,510.0,510.0,520.0,0.55,0.6,67.0,75.0,12.0
SV027,R,428,3,2,0,1,2,Response,,,,,,,,,,,,
SV027,R,429,3,0,0,1,0,Response,,,,,,,,1.3,1.3,731.0,731.0,200.0
SV027,R,430,2,0,1,1,0,Response,,,,,,,,0.3,0.3,799.0,799.0,200.0
SV027,R,431,2,3,1,0,3,Response,1936.2,1936.2,1030.5,1030.5,550.0,550.0,464.0,2.8499999999999996,5.1,126.5,175.0,26.0
SV027,R,432,3,3,1,1,3,Response,,,,,,,,,,,,
SV027,R,433,2,2,0,1,2,Response,,,,,,,,,,,,
SV027,R,434,2,3,1,1,2,Response,,,,,,,,1.2,1.2,90.0,90.0,20.0
SV027,R,435,3,0,1,1,0,Response,1806.9,1806.9,907.2,907.2,540.0,540.0,344.0,1.4,1.4,96.5,98.0,20.0
SV027,R,436,3,0,1,0,0,Response,1888.7,1888.7,1038.0,1038.0,569.0,569.0,424.0,1.0,1.2,76.0,82.0,18.0
SV027,R,437,2,3,1,0,3,Response,,,,,,,,1.1,1.1,101.0,101.0,16.0
SV027,R,438,2,3,0,1,3,Response,,,,,,,,0.6,0.6,70.0,70.0,12.0
SV027,R,439,3,0,1,0,0,Response,,,,,,,,,,,,
SV027,R,440,2,0,0,1,0,Response,,,,,,,,,,,,
SV027,R,441,2,3,1,0,3,Response,1910.9,1910.9,626.2,626.2,542.0,542.0,196.0,2.6500000000000004,4.2,131.5,183.0,26.0
SV027,R,442,3,3,0,1,3,Response,,,,,,,,1.3,1.3,98.0,98.0,24.0
SV027,R,443,2,0,1,0,0,Response,,,,,,,,,,,,
SV027,R,444,3,2,1,1,2,Response,2792.2000000000003,3270.0,2379.733333333333,3270.0,566.6666666666666,567.0,204.0,22.55,30.5,363.0,972.0,222.0
SV027,R,445,2,0,1,1,0,Response,,,,,,,,0.9,0.9,83.0,83.0,16.0
SV027,R,446,3,3,0,0,4,Response,2002.7333333333333,2033.0,725.0666666666666,1002.0,583.3333333333334,705.0,157.33333333333334,1.95,3.8,470.25,1576.0,54.0
SV027,R,447,3,0,1,1,0,Response,,,,,,,,5.9,5.9,222.0,222.0,44.0
SV027,R,448,2,2,0,0,2,Response,1804.0,1804.0,569.8,569.8,531.0,531.0,640.0,4.45,5.5,539.5,842.0,440.0
SV027,R,449,3,0,0,0,0,Response,1865.8,1865.8,489.7,489.7,563.0,563.0,528.0,6.05,6.5,224.0,312.0,46.0
SV027,R,450,3,3,1,1,4,Response,1797.2,1797.2,482.2,482.2,665.0,665.0,188.0,3.4499999999999997,5.1,575.5,1015.0,68.0
SV027,R,451,2,3,0,1,3,Response,2070.7,2070.7,528.0,528.0,584.0,584.0,292.0,3.35,6.2,651.0,1236.0,76.0
SV027,R,452,2,2,0,1,2,Response,,,,,,,,5.1,5.1,249.0,249.0,32.0
SV027,R,453,2,0,0,0,0,Response,1911.6,1911.6,515.5,515.5,504.0,504.0,564.0,4.4,5.9,204.0,227.0,34.0
SV027,R,454,3,2,0,1,2,Response,,,,,,,,,,,,
SV027,R,455,3,0,1,0,0,Response,,,,,,,,4.6,4.6,173.0,173.0,40.0
SV027,R,456,3,0,1,1,0,Response,1887.4,1887.4,1064.6,1064.6,643.0,643.0,772.0,0.8,1.0,73.0,76.0,16.0
SV027,R,457,3,0,1,1,0,Response,1728.1,1728.1,1038.3,1038.3,563.0,563.0,468.0,0.65,0.9,380.5,680.0,72.0
SV027,R,458,2,3,1,0,3,Response,1806.0,1806.0,625.2,625.2,704.0,704.0,180.0,3.05,4.2,166.0,215.0,26.0
SV027,R,459,2,2,1,1,3,Response,,,,,,,,6.3,6.3,496.0,496.0,96.0
SV027,R,460,3,3,0,0,3,Response,1882.35,1953.0,609.8499999999999,670.3,550.5,606.0,408.0,2.066666666666667,2.9,135.66666666666666,167.0,21.333333333333332
SV027,R,461,2,0,1,0,0,Response,,,,,,,,2.0,2.0,140.0,140.0,20.0
SV027,R,462,2,3,1,1,4,Response,1703.3,1703.3,545.6,545.6,537.0,537.0,256.0,3.7,5.5,456.5,781.0,94.0
SV027,R,463,2,2,1,0,2,Response,,,,,,,,5.4,5.4,156.0,156.0,48.0
SV027,R,464,3,2,1,0,2,Response,1889.0,1889.0,990.1,990.1,550.0,550.0,388.0,3.45,5.5,154.0,200.0,28.0
SV027,R,465,3,0,1,0,0,Response,1824.7,1885.4,655.2666666666667,756.9,571.6666666666666,599.0,318.6666666666667,3.025,3.1,762.0,1444.0,172.0
SV027,R,466,2,0,0,1,0,Response,,,,,,,,0.9,0.9,82.0,82.0,16.0
SV027,R,467,2,2,1,1,2,Response,1837.2,1837.2,796.7,796.7,671.0,671.0,188.0,2.5,2.6,161.5,167.0,22.0
SV027,R,468,2,0,1,0,0,Response,,,,,,,,,,,,
SV027,R,469,2,0,0,0,0,Response,1820.1,1879.0,1032.4499999999998,1047.6,623.5,721.0,258.0,0.5666666666666667,0.6,70.66666666666667,79.0,12.0
SV027,R,470,3,2,0,0,2,Response,2930.7375,3270.0,2058.3375,2666.5,445.625,589.0,256.0,6.044444444444445,23.3,415.44444444444446,1304.0,103.11111111111111
SV027,R,471,3,2,0,1,2,Response,,,,,,,,,,,,
SV027,R,472,3,2,0,1,2,Response,,,,,,,,0.6,0.6,959.0,959.0,152.0
SV027,R,473,3,2,0,1,2,Response,1762.0,1762.0,1031.1,1031.1,521.0,521.0,340.0,0.6499999999999999,0.7,78.0,88.0,12.0
SV027,R,474,2,2,0,1,2,Response,1827.6,1827.6,1065.8,1065.8,775.0,775.0,252.0,0.8,0.8,682.0,682.0,188.0
SV027,R,475,2,2,0,1,2,Response,,,,,,,,,,,,
SV027,R,476,3,2,1,1,2,Response,,,,,,,,,,,,
SV027,R,477,3,2,1,1,2,Response,1749.5,1749.5,927.6,927.6,552.0,552.0,288.0,1.05,1.1,97.0,108.0,16.0
SV027,R,478,2,2,0,1,2,Response,,,,,,,,,,,,
SV027,R,479,3,0,0,0,0,Response,1830.1,1830.1,575.6,575.6,529.0,529.0,296.0,5.0,5.4,210.0,213.0,36.0
SV027,R,480,2,2,1,0,2,Response,,,,,,,,4.3,4.3,216.0,216.0,28.0
SV027,L,1,2,2,1,0,1,Stimulus,,,,,,,,,,,,
SV027,L,2,3,0,0,0,1,Stimulus,,,,,,,,,,,,
SV027,L,3,3,2,1,1,1,Stimulus,,,,,,,,,,,,
SV027,L,4,2,3,0,0,2,Stimulus,,,,,,,,,,,,
SV027,L,5,3,3,1,1,1,Stimulus,,,,,,,,,,,,
SV027,L,6,2,3,0,0,3,Stimulus,,,,,,,,,,,,
SV027,L,7,2,0,1,1,1,Stimulus,,,,,,,,,,,,
SV027,L,8,3,3,1,1,1,Stimulus,,,,,,,,,,,,
SV027,L,9,2,3,0,1,3,Stimulus,,,,,,,,,,,,
SV027,L,10,2,3,1,0,1,Stimulus,,,,,,,,,,,,
SV027,L,11,3,0,0,1,1,Stimulus,,,,,,,,,,,,
SV027,L,12,3,3,1,1,1,Stimulus,,,,,,,,,,,,
SV027,L,13,2,3,1,0,1,Stimulus,,,,,,,,,,,,
SV027,L,14,2,2,1,1,1,Stimulus,,,,,,,,,,,,
SV027,L,15,2,3,0,1,2,Stimulus,,,,,,,,,,,,
SV027,L,16,3,3,1,1,1,Stimulus,,,,,,,,,,,,
SV027,L,17,3,3,1,1,1,Stimulus,,,,,,,,,,,,
SV027,L,18,3,0,0,1,2,Stimulus,,,,,,,,,,,,
SV027,L,19,3,3,0,1,2,Stimulus,,,,,,,,,,,,
SV027,L,20,3,0,0,0,2,Stimulus,,,,,,,,1.0,1.0,90.0,90.0,16.0
SV027,L,21,2,0,0,1,1,Stimulus,,,,,,,,,,,,
SV027,L,22,2,2,0,1,2,Stimulus,,,,,,,,,,,,
SV027,L,23,3,3,0,0,3,Stimulus,,,,,,,,,,,,
SV027,L,24,2,2,1,0,1,Stimulus,,,,,,,,,,,,
SV027,L,25,3,3,1,1,1,Stimulus,,,,,,,,,,,,
SV027,L,26,3,2,0,0,2,Stimulus,,,,,,,,,,,,
SV027,L,27,2,0,0,0,2,Stimulus,,,,,,,,,,,,
SV027,L,28,2,2,1,1,1,Stimulus,,,,,,,,,,,,
SV027,L,29,3,0,1,0,1,Stimulus,,,,,,,,,,,,
SV027,L,30,3,3,1,1,1,Stimulus,,,,,,,,,,,,
SV027,L,31,3,3,0,0,2,Stimulus,,,,,,,,,,,,
SV027,L,32,3,0,1,0,1,Stimulus,,,,,,,,,,,,
SV027,L,33,3,2,1,0,1,Stimulus,,,,,,,,,,,,
SV027,L,34,3,2,0,0,2,Stimulus,,,,,,,,,,,,
SV027,L,35,3,2,1,0,1,Stimulus,,,,,,,,,,,,
SV027,L,36,3,3,0,1,2,Stimulus,,,,,,,,,,,,
SV027,L,37,2,0,1,1,0,Stimulus,,,,,,,,,,,,
SV027,L,38,2,0,1,1,1,Stimulus,,,,,,,,,,,,
SV027,L,39,3,2,0,0,2,Stimulus,,,,,,,,,,,,
SV027,L,40,3,2,1,0,1,Stimulus,,,,,,,,,,,,
SV027,L,41,2,3,1,1,1,Stimulus,,,,,,,,,,,,
SV027,L,42,2,3,1,0,1,Stimulus,,,,,,,,,,,,
SV027,L,43,2,2,0,0,2,Stimulus,,,,,,,,,,,,
SV027,L,44,2,0,0,0,2,Stimulus,,,,,,,,,,,,
SV027,L,45,3,0,0,1,2,Stimulus,,,,,,,,,,,,
SV027,L,46,2,0,1,1,1,Stimulus,,,,,,,,,,,,
SV027,L,47,3,3,1,1,1,Stimulus,,,,,,,,,,,,
SV027,L,48,2,3,1,1,1,Stimulus,,,,,,,,,,,,
SV027,L,49,2,0,0,0,2,Stimulus,,,,,,,,,,,,
SV027,L,50,2,2,0,1,2,Stimulus,,,,,,,,,,,,
SV027,L,51,3,3,1,0,1,Stimulus,,,,,,,,,,,,
SV027,L,52,3,3,1,0,1,Stimulus,,,,,,,,,,,,
SV027,L,53,2,2,1,1,1,Stimulus,,,,,,,,,,,,
SV027,L,54,2,2,0,0,2,Stimulus,,,,,,,,1.5,1.5,353.0,353.0,76.0
SV027,L,55,2,2,0,0,2,Stimulus,,,,,,,,,,,,
SV027,L,56,2,2,0,0,2,Stimulus,,,,,,,,,,,,
SV027,L,57,3,0,0,1,2,Stimulus,,,,,,,,,,,,
SV027,L,58,2,0,0,0,2,Stimulus,,,,,,,,,,,,
SV027,L,59,2,0,1,1,1,Stimulus,,,,,,,,,,,,
SV027,L,60,2,3,1,1,1,Stimulus,,,,,,,,,,,,
SV027,L,61,2,2,0,1,2,Stimulus,,,,,,,,,,,,
SV027,L,62,2,3,0,0,3,Stimulus,,,,,,,,,,,,
SV027,L,63,2,3,0,1,2,Stimulus,,,,,,,,,,,,
SV027,L,64,2,2,1,0,1,Stimulus,,,,,,,,,,,,
SV027,L,65,2,2,1,0,1,Stimulus,,,,,,,,,,,,
SV027,L,66,2,3,0,0,2,Stimulus,,,,,,,,0.6,0.6,74.0,74.0,12.0
SV027,L,67,3,3,0,1,3,Stimulus,,,,,,,,,,,,
SV027,L,68,2,3,1,0,2,Stimulus,,,,,,,,,,,,
SV027,L,69,2,2,1,0,1,Stimulus,,,,,,,,,,,,
SV027,L,70,3,3,0,1,3,Stimulus,,,,,,,,,,,,
SV027,L,71,3,2,0,0,2,Stimulus,,,,,,,,,,,,
SV027,L,72,3,2,1,1,0,Stimulus,,,,,,,,,,,,
SV027,L,73,3,0,0,0,3,Stimulus,,,,,,,,,,,,
SV027,L,74,3,2,1,1,1,Stimulus,,,,,,,,,,,,
SV027,L,75,2,3,1,1,1,Stimulus,,,,,,,,,,,,
SV027,L,76,3,2,0,1,2,Stimulus,,,,,,,,,,,,
SV027,L,77,2,3,1,0,1,Stimulus,,,,,,,,,,,,
SV027,L,78,3,0,1,0,1,Stimulus,,,,,,,,,,,,
SV027,L,79,3,0,1,1,1,Stimulus,,,,,,,,,,,,
SV027,L,80,2,2,0,0,2,Stimulus,,,,,,,,,,,,
SV027,L,81,2,3,1,0,1,Stimulus,,,,,,,,,,,,
SV027,L,82,3,3,0,0,2,Stimulus,,,,,,,,,,,,
SV027,L,83,3,3,0,1,2,Stimulus,,,,,,,,,,,,
SV027,L,84,3,0,1,0,1,Stimulus,,,,,,,,,,,,
SV027,L,85,3,3,1,1,1,Stimulus,,,,,,,,,,,,
SV027,L,86,3,0,0,0,2,Stimulus,,,,,,,,,,,,
SV027,L,87,3,0,0,1,2,Stimulus,,,,,,,,,,,,
SV027,L,88,3,2,0,1,1,Stimulus,,,,,,,,,,,,
SV027,L,89,3,2,1,0,1,Stimulus,,,,,,,,,,,,
SV027,L,90,2,3,0,1,2,Stimulus,,,,,,,,,,,,
SV027,L,91,2,0,0,1,1,Stimulus,,,,,,,,,,,,
SV027,L,92,2,0,0,0,2,Stimulus,,,,,,,,,,,,
SV027,L,93,2,0,1,1,1,Stimulus,,,,,,,,,,,,
SV027,L,94,2,2,0,0,2,Stimulus,,,,,,,,,,,,
SV027,L,95,3,0,1,1,1,Stimulus,,,,,,,,,,,,
SV027,L,96,2,3,0,1,2,Stimulus,,,,,,,,,,,,
SV027,L,97,2,2,1,1,1,Stimulus,,,,,,,,,,,,
SV027,L,98,2,0,1,0,1,Stimulus,,,,,,,,,,,,
SV027,L,99,2,0,0,1,2,Stimulus,,,,,,,,,,,,
SV027,L,100,3,2,0,1,1,Stimulus,,,,,,,,,,,,
SV027,L,101,2,3,0,1,2,Stimulus,,,,,,,,,,,,
SV027,L,102,3,3,1,1,1,Stimulus,,,,,,,,,,,,
SV027,L,103,2,0,1,0,1,Stimulus,,,,,,,,,,,,
SV027,L,104,3,0,1,0,1,Stimulus,,,,,,,,,,,,
SV027,L,105,2,0,0,0,0,Stimulus,,,,,,,,,,,,
SV027,L,106,3,2,1,1,1,Stimulus,,,,,,,,,,,,
SV027,L,107,3,2,1,1,1,Stimulus,,,,,,,,,,,,
SV027,L,108,2,2,1,1,1,Stimulus,,,,,,,,,,,,
SV027,L,109,3,2,0,1,2,Stimulus,,,,,,,,,,,,
SV027,L,110,3,3,1,0,1,Stimulus,,,,,,,,,,,,
SV027,L,111,2,2,0,1,1,Stimulus,,,,,,,,,,,,
SV027,L,112,3,3,0,0,2,Stimulus,,,,,,,,,,,,
SV027,L,113,2,2,0,1,2,Stimulus,,,,,,,,,,,,
SV027,L,114,3,0,1,1,0,Stimulus,,,,,,,,,,,,
SV027,L,115,2,3,0,1,2,Stimulus,,,,,,,,,,,,
SV027,L,116,2,2,1,1,1,Stimulus,,,,,,,,,,,,
SV027,L,117,3,0,0,1,3,Stimulus,,,,,,,,,,,,
SV027,L,118,3,3,0,0,3,Stimulus,,,,,,,,,,,,
SV027,L,119,3,2,0,0,2,Stimulus,,,,,,,,,,,,
SV027,L,120,2,0,0,0,2,Stimulus,,,,,,,,,,,,
SV027,L,121,2,0,1,0,1,Stimulus,,,,,,,,,,,,
SV027,L,122,3,3,0,0,3,Stimulus,,,,,,,,,,,,
SV027,L,123,3,0,0,0,2,Stimulus,,,,,,,,,,,,
SV027,L,124,3,2,0,1,2,Stimulus,,,,,,,,,,,,
SV027,L,125,3,2,1,0,0,Stimulus,,,,,,,,1.0,1.0,94.0,94.0,16.0
SV027,L,126,2,0,0,0,1,Stimulus,,,,,,,,,,,,
SV027,L,127,3,0,0,0,2,Stimulus,,,,,,,,,,,,
SV027,L,128,3,0,0,0,2,Stimulus,,,,,,,,,,,,
SV027,L,129,2,3,0,1,2,Stimulus,,,,,,,,,,,,
SV027,L,130,3,2,1,0,1,Stimulus,,,,,,,,,,,,
SV027,L,131,3,3,0,0,2,Stimulus,,,,,,,,,,,,
SV027,L,132,3,0,1,0,1,Stimulus,,,,,,,,,,,,
SV027,L,133,2,0,1,0,1,Stimulus,,,,,,,,,,,,
SV027,L,134,2,0,1,0,1,Stimulus,,,,,,,,,,,,
SV027,L,135,3,0,1,1,1,Stimulus,,,,,,,,,,,,
SV027,L,136,2,2,1,1,1,Stimulus,,,,,,,,,,,,
SV027,L,137,3,0,0,1,2,Stimulus,,,,,,,,,,,,
SV027,L,138,3,2,0,0,2,Stimulus,,,,,,,,,,,,
SV027,L,139,2,0,1,0,1,Stimulus,,,,,,,,1.4,1.4,972.0,972.0,200.0
SV027,L,140,2,2,1,1,1,Stimulus,,,,,,,,,,,,
SV027,L,141,2,3,1,1,1,Stimulus,,,,,,,,,,,,
SV027,L,142,2,0,0,1,2,Stimulus,,,,,,,,,,,,
SV027,L,143,2,2,1,0,1,Stimulus,,,,,,,,,,,,
SV027,L,144,3,2,0,1,2,Stimulus,,,,,,,,,,,,
SV027,L,145,2,3,0,0,2,Stimulus,,,,,,,,,,,,
SV027,L,146,3,3,0,0,2,Stimulus,,,,,,,,,,,,
SV027,L,147,2,3,0,0,2,Stimulus,,,,,,,,,,,,
SV027,L,148,3,2,1,1,1,Stimulus,,,,,,,,,,,,
SV027,L,149,3,3,1,0,1,Stimulus,,,,,,,,,,,,
SV027,L,150,3,3,0,0,2,Stimulus,,,,,,,,,,,,
SV027,L,151,3,3,0,1,1,Stimulus,,,,,,,,,,,,
SV027,L,152,2,2,0,0,2,Stimulus,,,,,,,,0.5,0.5,57.0,57.0,12.0
SV027,L,153,2,0,0,0,2,Stimulus,,,,,,,,,,,,
SV027,L,154,2,3,1,1,1,Stimulus,,,,,,,,,,,,
SV027,L,155,2,3,0,0,2,Stimulus,,,,,,,,,,,,
SV027,L,156,3,0,0,0,3,Stimulus,,,,,,,,,,,,
SV027,L,157,2,3,0,1,2,Stimulus,,,,,,,,,,,,
SV027,L,158,2,2,1,0,1,Stimulus,,,,,,,,,,,,
SV027,L,159,3,3,0,1,2,Stimulus,,,,,,,,0.6,0.6,69.0,69.0,12.0
SV027,L,160,3,2,0,0,2,Stimulus,,,,,,,,,,,,
SV027,L,161,3,0,0,1,2,Stimulus,,,,,,,,,,,,
SV027,L,162,3,2,1,1,1,Stimulus,,,,,,,,,,,,
SV027,L,163,3,0,0,1,2,Stimulus,,,,,,,,,,,,
SV027,L,164,3,3,1,0,1,Stimulus,,,,,,,,,,,,
SV027,L,165,3,2,1,1,1,Stimulus,,,,,,,,,,,,
SV027,L,166,2,2,1,0,1,Stimulus,,,,,,,,,,,,
SV027,L,167,2,2,0,1,1,Stimulus,,,,,,,,,,,,
SV027,L,168,2,3,1,1,1,Stimulus,,,,,,,,,,,,
SV027,L,169,3,0,1,0,1,Stimulus,,,,,,,,,,,,
SV027,L,170,2,0,1,1,1,Stimulus,,,,,,,,,,,,
SV027,L,171,3,0,0,1,2,Stimulus,,,,,,,,,,,,
SV027,L,172,2,0,1,0,1,Stimulus,,,,,,,,,,,,
SV027,L,173,3,0,1,1,1,Stimulus,,,,,,,,,,,,
SV027,L,174,2,0,0,1,3,Stimulus,,,,,,,,,,,,
SV027,L,175,2,3,1,0,1,Stimulus,,,,,,,,,,,,
SV027,L,176,3,3,0,0,3,Stimulus,,,,,,,,,,,,
SV027,L,177,2,3,0,1,3,Stimulus,,,,,,,,,,,,
SV027,L,178,2,2,0,1,2,Stimulus,,,,,,,,,,,,
SV027,L,179,3,0,1,0,1,Stimulus,,,,,,,,,,,,
SV027,L,180,2,3,0,0,3,Stimulus,,,,,,,,,,,,
SV027,L,181,3,2,1,1,1,Stimulus,,,,,,,,,,,,
SV027,L,182,2,0,1,0,1,Stimulus,,,,,,,,,,,,
SV027,L,183,3,2,1,0,1,Stimulus,,,,,,,,,,,,
SV027,L,184,2,2,1,1,1,Stimulus,,,,,,,,,,,,
SV027,L,185,3,2,0,1,2,Stimulus,,,,,,,,,,,,
SV027,L,186,3,2,1,0,1,Stimulus,,,,,,,,,,,,
SV027,L,187,2,0,0,1,2,Stimulus,,,,,,,,,,,,
SV027,L,188,2,2,1,1,1,Stimulus,,,,,,,,,,,,
SV027,L,189,2,0,1,1,1,Stimulus,,,,,,,,,,,,
SV027,L,190,3,0,1,1,1,Stimulus,,,,,,,,,,,,
SV027,L,191,3,2,1,0,1,Stimulus,,,,,,,,,,,,
SV027,L,192,3,2,0,0,2,Stimulus,,,,,,,,,,,,
SV027,L,193,2,3,1,1,1,Stimulus,,,,,,,,,,,,
SV027,L,194,2,2,0,0,1,Stimulus,,,,,,,,,,,,
SV027,L,195,3,2,0,1,1,Stimulus,,,,,,,,,,,,
SV027,L,196,3,3,0,1,3,Stimulus,,,,,,,,,,,,
SV027,L,197,3,0,0,0,2,Stimulus,,,,,,,,,,,,
SV027,L,198,3,0,1,0,1,Stimulus,,,,,,,,,,,,
SV027,L,199,3,3,1,0,1,Stimulus,,,,,,,,,,,,
SV027,L,200,3,3,1,0,1,Stimulus,,,,,,,,,,,,
SV027,L,201,2,2,1,0,1,Stimulus,,,,,,,,,,,,
SV027,L,202,2,3,1,1,1,Stimulus,,,,,,,,,,,,
SV027,L,203,2,0,1,1,1,Stimulus,,,,,,,,,,,,
SV027,L,204,2,3,0,0,2,Stimulus,,,,,,,,,,,,
SV027,L,205,3,3,1,0,1,Stimulus,,,,,,,,,,,,
SV027,L,206,2,2,0,1,2,Stimulus,,,,,,,,,,,,
SV027,L,207,3,3,1,0,2,Stimulus,,,,,,,,,,,,
SV027,L,208,3,0,1,1,0,Stimulus,,,,,,,,,,,,
SV027,L,209,3,2,0,1,2,Stimulus,,,,,,,,,,,,
SV027,L,210,2,3,1,0,1,Stimulus,,,,,,,,,,,,
SV027,L,211,3,2,0,1,2,Stimulus,,,,,,,,,,,,
SV027,L,212,3,0,1,1,1,Stimulus,,,,,,,,,,,,
SV027,L,213,2,2,0,1,2,Stimulus,,,,,,,,,,,,
SV027,L,214,2,3,0,0,2,Stimulus,,,,,,,,,,,,
SV027,L,215,2,2,0,0,2,Stimulus,,,,,,,,,,,,
SV027,L,216,3,3,0,1,1,Stimulus,,,,,,,,,,,,
SV027,L,217,3,0,1,1,1,Stimulus,,,,,,,,,,,,
SV027,L,218,3,0,0,0,3,Stimulus,,,,,,,,,,,,
SV027,L,219,3,2,0,0,2,Stimulus,,,,,,,,,,,,
SV027,L,220,2,3,1,0,1,Stimulus,,,,,,,,,,,,
SV027,L,221,3,2,1,1,1,Stimulus,,,,,,,,,,,,
SV027,L,222,2,0,0,1,2,Stimulus,,,,,,,,,,,,
SV027,L,223,3,3,0,1,3,Stimulus,,,,,,,,,,,,
SV027,L,224,3,2,1,0,1,Stimulus,,,,,,,,,,,,
SV027,L,225,2,3,1,0,1,Stimulus,,,,,,,,,,,,
SV027,L,226,2,3,1,1,1,Stimulus,,,,,,,,,,,,
SV027,L,227,2,2,1,0,1,Stimulus,,,,,,,,,,,,
SV027,L,228,2,2,0,1,2,Stimulus,,,,,,,,,,,,
SV027,L,229,3,0,1,0,1,Stimulus,,,,,,,,,,,,
SV027,L,230,3,2,0,0,2,Stimulus,,,,,,,,,,,,
SV027,L,231,2,0,1,0,1,Stimulus,,,,,,,,,,,,
SV027,L,232,2,0,1,0,1,Stimulus,,,,,,,,,,,,
SV027,L,233,2,2,0,0,2,Stimulus,,,,,,,,,,,,
SV027,L,234,2,0,0,1,1,Stimulus,,,,,,,,,,,,
SV027,L,235,2,0,0,1,2,Stimulus,,,,,,,,,,,,
SV027,L,236,3,3,1,0,1,Stimulus,,,,,,,,,,,,
SV027,L,237,2,0,0,0,2,Stimulus,,,,,,,,,,,,
SV027,L,238,3,0,1,1,1,Stimulus,,,,,,,,,,,,
SV027,L,239,2,0,1,1,1,Stimulus,,,,,,,,,,,,
SV027,L,240,2,0,0,1,3,Stimulus,,,,,,,,,,,,
SV027,L,241,2,3,0,0,3,Stimulus,,,,,,,,,,,,
SV027,L,242,3,2,0,1,2,Stimulus,,,,,,,,,,,,
SV027,L,243,3,3,0,0,4,Stimulus,,,,,,,,,,,,
SV027,L,244,3,3,1,1,4,Stimulus,,,,,,,,,,,,
SV027,L,245,2,3,1,0,4,Stimulus,,,,,,,,,,,,
SV027,L,246,2,0,1,1,0,Stimulus,,,,,,,,,,,,
SV027,L,247,3,2,1,1,2,Stimulus,,,,,,,,,,,,
SV027,L,248,3,0,1,0,0,Stimulus,,,,,,,,,,,,
SV027,L,249,3,3,0,0,4,Stimulus,,,,,,,,,,,,
SV027,L,250,3,2,0,0,2,Stimulus,,,,,,,,,,,,
SV027,L,251,3,3,0,1,4,Stimulus,,,,,,,,,,,,
SV027,L,252,3,2,0,0,2,Stimulus,,,,,,,,,,,,
SV027,L,253,2,2,0,0,2,Stimulus,,,,,,,,,,,,
SV027,L,254,2,3,1,1,4,Stimulus,,,,,,,,,,,,
SV027,L,255,2,3,0,1,4,Stimulus,,,,,,,,,,,,
SV027,L,256,3,0,0,1,0,Stimulus,,,,,,,,,,,,
SV027,L,257,3,0,1,1,0,Stimulus,,,,,,,,,,,,
SV027,L,258,3,0,1,0,0,Stimulus,,,,,,,,0.6,0.6,78.0,78.0,12.0
SV027,L,259,2,3,0,1,3,Stimulus,,,,,,,,,,,,
SV027,L,260,2,0,1,0,0,Stimulus,,,,,,,,,,,,
SV027,L,261,2,3,0,1,4,Stimulus,,,,,,,,,,,,
SV027,L,262,3,3,0,0,4,Stimulus,,,,,,,,,,,,
SV027,L,263,3,0,0,0,0,Stimulus,,,,,,,,0.8,0.8,69.0,69.0,16.0
SV027,L,264,2,3,0,1,4,Stimulus,,,,,,,,,,,,
SV027,L,265,3,3,0,1,3,Stimulus,,,,,,,,,,,,
SV027,L,266,3,3,0,0,3,Stimulus,,,,,,,,,,,,
SV027,L,267,2,0,1,1,3,Stimulus,,,,,,,,,,,,
SV027,L,268,3,3,1,0,4,Stimulus,,,,,,,,,,,,
SV027,L,269,3,3,0,1,3,Stimulus,,,,,,,,,,,,
SV027,L,270,2,3,1,1,3,Stimulus,,,,,,,,,,,,
SV027,L,271,2,0,0,0,0,Stimulus,,,,,,,,,,,,
SV027,L,272,3,3,1,0,3,Stimulus,,,,,,,,,,,,
SV027,L,273,3,3,0,0,3,Stimulus,,,,,,,,,,,,
SV027,L,274,2,0,0,0,0,Stimulus,,,,,,,,,,,,
SV027,L,275,3,3,1,1,3,Stimulus,,,,,,,,,,,,
SV027,L,276,3,3,1,1,3,Stimulus,,,,,,,,0.7,0.7,84.0,84.0,12.0
SV027,L,277,2,3,0,0,3,Stimulus,,,,,,,,,,,,
SV027,L,278,2,3,1,0,3,Stimulus,,,,,,,,,,,,
SV027,L,279,3,2,1,1,2,Stimulus,,,,,,,,,,,,
SV027,L,280,2,3,1,0,3,Stimulus,,,,,,,,,,,,
SV027,L,281,3,2,1,1,2,Stimulus,,,,,,,,,,,,
SV027,L,282,3,2,0,0,3,Stimulus,,,,,,,,,,,,
SV027,L,283,3,2,0,1,2,Stimulus,,,,,,,,,,,,
SV027,L,284,3,2,0,1,2,Stimulus,,,,,,,,,,,,
SV027,L,285,3,3,1,0,4,Stimulus,,,,,,,,,,,,
SV027,L,286,3,0,0,1,0,Stimulus,,,,,,,,,,,,
SV027,L,287,2,2,1,0,2,Stimulus,,,,,,,,,,,,
SV027,L,288,2,3,0,0,3,Stimulus,,,,,,,,,,,,
SV027,L,289,2,0,0,0,0,Stimulus,,,,,,,,,,,,
SV027,L,290,3,0,1,1,0,Stimulus,,,,,,,,,,,,
SV027,L,291,2,3,1,1,3,Stimulus,,,,,,,,,,,,
SV027,L,292,3,2,1,1,2,Stimulus,,,,,,,,,,,,
SV027,L,293,3,0,1,1,0,Stimulus,,,,,,,,,,,,
SV027,L,294,2,2,0,1,2,Stimulus,,,,,,,,,,,,
SV027,L,295,3,2,1,0,2,Stimulus,,,,,,,,,,,,
SV027,L,296,2,3,0,0,4,Stimulus,,,,,,,,,,,,
SV027,L,297,2,0,0,1,0,Stimulus,,,,,,,,,,,,
SV027,L,298,3,0,1,0,0,Stimulus,,,,,,,,,,,,
SV027,L,299,3,0,0,0,0,Stimulus,,,,,,,,,,,,
SV027,L,300,2,2,1,0,2,Stimulus,,,,,,,,,,,,
SV027,L,301,2,2,1,1,2,Stimulus,,,,,,,,,,,,
SV027,L,302,2,0,1,1,0,Stimulus,,,,,,,,,,,,
SV027,L,303,2,3,0,1,3,Stimulus,,,,,,,,,,,,
SV027,L,304,3,0,1,1,0,Stimulus,,,,,,,,,,,,
SV027,L,305,3,3,1,1,4,Stimulus,,,,,,,,,,,,
SV027,L,306,2,3,1,1,4,Stimulus,,,,,,,,,,,,
SV027,L,307,3,0,1,0,0,Stimulus,,,,,,,,,,,,
SV027,L,308,2,2,0,1,2,Stimulus,,,,,,,,0.5,0.5,63.0,63.0,12.0
SV027,L,309,3,0,1,0,0,Stimulus,,,,,,,,,,,,
SV027,L,310,2,0,1,1,0,Stimulus,,,,,,,,,,,,
SV027,L,311,3,3,0,1,4,Stimulus,,,,,,,,,,,,
SV027,L,312,2,0,1,0,0,Stimulus,,,,,,,,,,,,
SV027,L,313,2,2,1,1,2,Stimulus,,,,,,,,,,,,
SV027,L,314,3,0,1,1,0,Stimulus,,,,,,,,,,,,
SV027,L,315,2,0,0,0,0,Stimulus,,,,,,,,,,,,
SV027,L,316,2,2,0,0,2,Stimulus,,,,,,,,,,,,
SV027,L,317,2,0,1,1,0,Stimulus,,,,,,,,,,,,
SV027,L,318,2,2,0,1,2,Stimulus,,,,,,,,,,,,
SV027,L,319,3,2,1,1,2,Stimulus,,,,,,,,,,,,
SV027,L,320,2,2,1,0,2,Stimulus,,,,,,,,,,,,
SV027,L,321,2,2,0,0,2,Stimulus,,,,,,,,,,,,
SV027,L,322,2,3,1,1,4,Stimulus,,,,,,,,,,,,
SV027,L,323,3,2,1,0,2,Stimulus,,,,,,,,,,,,
SV027,L,324,3,2,0,0,2,Stimulus,,,,,,,,,,,,
SV027,L,325,2,3,1,0,3,Stimulus,,,,,,,,,,,,
SV027,L,326,3,0,0,0,0,Stimulus,,,,,,,,,,,,
SV027,L,327,3,2,0,1,2,Stimulus,,,,,,,,,,,,
SV027,L,328,2,0,1,0,0,Stimulus,,,,,,,,,,,,
SV027,L,329,3,0,0,1,0,Stimulus,,,,,,,,,,,,
SV027,L,330,2,2,0,1,2,Stimulus,,,,,,,,,,,,
SV027,L,331,3,0,1,0,0,Stimulus,,,,,,,,,,,,
SV027,L,332,3,2,1,0,2,Stimulus,,,,,,,,,,,,
SV027,L,333,2,3,1,1,3,Stimulus,,,,,,,,,,,,
SV027,L,334,2,2,1,1,2,Stimulus,,,,,,,,,,,,
SV027,L,335,2,2,1,1,2,Stimulus,,,,,,,,,,,,
SV027,L,336,2,0,0,1,0,Stimulus,,,,,,,,,,,,
SV027,L,337,2,0,1,1,0,Stimulus,,,,,,,,,,,,
SV027,L,338,2,2,1,0,2,Stimulus,,,,,,,,,,,,
SV027,L,339,2,0,1,0,0,Stimulus,,,,,,,,,,,,
SV027,L,340,2,3,0,0,3,Stimulus,,,,,,,,,,,,
SV027,L,341,3,0,0,0,0,Stimulus,,,,,,,,,,,,
SV027,L,342,2,0,0,1,0,Stimulus,,,,,,,,,,,,
SV027,L,343,3,0,0,0,0,Stimulus,,,,,,,,,,,,
SV027,L,344,3,3,0,1,4,Stimulus,,,,,,,,,,,,
SV027,L,345,2,2,1,1,2,Stimulus,,,,,,,,,,,,
SV027,L,346,2,0,1,0,0,Stimulus,,,,,,,,,,,,
SV027,L,347,2,2,1,0,2,Stimulus,,,,,,,,,,,,
SV027,L,348,3,0,1,1,0,Stimulus,,,,,,,,,,,,
SV027,L,349,3,2,1,0,2,Stimulus,,,,,,,,,,,,
SV027,L,350,2,0,1,0,0,Stimulus,,,,,,,,,,,,
SV027,L,351,2,3,1,0,4,Stimulus,,,,,,,,,,,,
SV027,L,352,3,2,0,1,2,Stimulus,,,,,,,,,,,,
SV027,L,353,3,3,0,0,3,Stimulus,,,,,,,,,,,,
SV027,L,354,3,0,1,0,0,Stimulus,,,,,,,,,,,,
SV027,L,355,2,0,0,0,0,Stimulus,,,,,,,,,,,,
SV027,L,356,2,3,0,0,3,Stimulus,,,,,,,,,,,,
SV027,L,357,2,2,1,0,2,Stimulus,,,,,,,,,,,,
SV027,L,358,3,0,0,1,0,Stimulus,,,,,,,,,,,,
SV027,L,359,2,3,1,0,4,Stimulus,,,,,,,,,,,,
SV027,L,360,3,3,1,0,4,Stimulus,,,,,,,,,,,,
SV027,L,361,3,2,1,1,2,Stimulus,,,,,,,,,,,,
SV027,L,362,2,2,1,1,2,Stimulus,,,,,,,,,,,,
SV027,L,363,3,3,1,1,4,Stimulus,,,,,,,,,,,,
SV027,L,364,3,3,0,0,4,Stimulus,,,,,,,,,,,,
SV027,L,365,3,3,0,1,3,Stimulus,,,,,,,,,,,,
SV027,L,366,2,3,0,1,3,Stimulus,,,,,,,,,,,,
SV027,L,367,2,0,0,1,0,Stimulus,,,,,,,,,,,,
SV027,L,368,3,0,0,0,0,Stimulus,,,,,,,,,,,,
SV027,L,369,2,3,1,0,3,Stimulus,,,,,,,,,,,,
SV027,L,370,2,2,0,0,3,Stimulus,,,,,,,,,,,,
SV027,L,371,2,0,0,1,0,Stimulus,,,,,,,,,,,,
SV027,L,372,2,0,0,0,0,Stimulus,,,,,,,,,,,,
SV027,L,373,3,0,1,1,0,Stimulus,1970.4,2102.0,1489.95,1936.0,528.0,675.0,58.0,5.1,9.6,161.5,249.0,32.0
SV027,L,374,3,3,1,1,4,Stimulus,,,,,,,,,,,,
SV027,L,375,2,2,1,1,2,Stimulus,,,,,,,,,,,,
SV027,L,376,2,2,1,1,2,Stimulus,,,,,,,,,,,,
SV027,L,377,2,2,0,1,2,Stimulus,,,,,,,,,,,,
SV027,L,378,2,2,0,1,2,Stimulus,,,,,,,,,,,,
SV027,L,379,3,0,0,0,0,Stimulus,,,,,,,,,,,,
SV027,L,380,2,2,0,1,2,Stimulus,,,,,,,,,,,,
SV027,L,381,2,3,1,1,3,Stimulus,,,,,,,,,,,,
SV027,L,382,2,2,0,0,2,Stimulus,,,,,,,,,,,,
SV027,L,383,2,2,0,1,2,Stimulus,,,,,,,,,,,,
SV027,L,384,2,3,0,0,3,Stimulus,,,,,,,,,,,,
SV027,L,385,3,2,1,1,2,Stimulus,,,,,,,,,,,,
SV027,L,386,2,0,0,1,0,Stimulus,,,,,,,,,,,,
SV027,L,387,2,2,0,0,2,Stimulus,,,,,,,,,,,,
SV027,L,388,3,2,1,0,2,Stimulus,,,,,,,,,,,,
SV027,L,389,2,2,0,1,2,Stimulus,,,,,,,,,,,,
SV027,L,390,3,3,0,0,4,Stimulus,,,,,,,,,,,,
SV027,L,391,2,0,1,0,2,Stimulus,,,,,,,,,,,,
SV027,L,392,3,3,1,0,3,Stimulus,,,,,,,,,,,,
SV027,L,393,3,2,0,0,2,Stimulus,,,,,,,,,,,,
SV027,L,394,2,2,1,0,2,Stimulus,,,,,,,,,,,,
SV027,L,395,3,0,1,1,0,Stimulus,,,,,,,,,,,,
SV027,L,396,3,3,1,1,4,Stimulus,,,,,,,,,,,,
SV027,L,397,2,0,0,1,0,Stimulus,,,,,,,,,,,,
SV027,L,398,2,0,0,0,0,Stimulus,,,,,,,,0.6,0.6,79.0,79.0,12.0
SV027,L,399,2,2,0,0,2,Stimulus,,,,,,,,,,,,
SV027,L,400,2,0,0,1,0,Stimulus,,,,,,,,,,,,
SV027,L,401,2,0,0,1,0,Stimulus,,,,,,,,,,,,
SV027,L,402,3,2,1,1,2,Stimulus,,,,,,,,,,,,
SV027,L,403,3,0,1,0,0,Stimulus,,,,,,,,,,,,
SV027,L,404,2,2,1,0,2,Stimulus,,,,,,,,,,,,
SV027,L,405,3,2,0,0,2,Stimulus,,,,,,,,,,,,
SV027,L,406,2,3,0,1,4,Stimulus,,,,,,,,,,,,
SV027,L,407,2,0,1,0,0,Stimulus,,,,,,,,,,,,
SV027,L,408,2,3,0,0,4,Stimulus,,,,,,,,,,,,
SV027,L,409,3,2,0,1,2,Stimulus,,,,,,,,,,,,
SV027,L,410,3,3,0,0,3,Stimulus,,,,,,,,,,,,
SV027,L,411,3,2,0,1,2,Stimulus,,,,,,,,,,,,
SV027,L,412,3,2,0,1,2,Stimulus,,,,,,,,,,,,
SV027,L,413,2,3,0,0,4,Stimulus,,,,,,,,,,,,
SV027,L,414,2,2,0,1,2,Stimulus,,,,,,,,,,,,
SV027,L,415,3,0,1,0,0,Stimulus,,,,,,,,,,,,
SV027,L,416,2,2,0,0,2,Stimulus,,,,,,,,,,,,
SV027,L,417,2,2,0,0,2,Stimulus,,,,,,,,,,,,
SV027,L,418,3,2,0,0,2,Stimulus,,,,,,,,,,,,
SV027,L,419,2,3,1,0,2,Stimulus,,,,,,,,,,,,
SV027,L,420,2,3,1,0,3,Stimulus,,,,,,,,,,,,
SV027,L,421,3,2,1,0,2,Stimulus,,,,,,,,,,,,
SV027,L,422,3,2,1,0,2,Stimulus,,,,,,,,,,,,
SV027,L,423,3,0,0,0,0,Stimulus,,,,,,,,,,,,
SV027,L,424,3,2,1,1,2,Stimulus,,,,,,,,,,,,
SV027,L,425,2,3,1,1,3,Stimulus,,,,,,,,,,,,
SV027,L,426,2,0,1,0,0,Stimulus,,,,,,,,,,,,
SV027,L,427,3,3,1,0,4,Stimulus,,,,,,,,,,,,
SV027,L,428,2,2,0,0,2,Stimulus,,,,,,,,,,,,
SV027,L,429,3,2,0,0,2,Stimulus,,,,,,,,,,,,
SV027,L,430,2,3,0,0,4,Stimulus,,,,,,,,,,,,
SV027,L,431,3,3,1,0,4,Stimulus,,,,,,,,,,,,
SV027,L,432,3,3,0,1,4,Stimulus,,,,,,,,,,,,
SV027,L,433,3,3,1,0,4,Stimulus,,,,,,,,,,,,
SV027,L,434,3,2,1,0,2,Stimulus,,,,,,,,,,,,
SV027,L,435,3,3,0,1,3,Stimulus,,,,,,,,,,,,
SV027,L,436,3,3,0,1,3,Stimulus,,,,,,,,,,,,
SV027,L,437,3,0,1,0,0,Stimulus,,,,,,,,,,,,
SV027,L,438,2,0,0,0,0,Stimulus,,,,,,,,,,,,
SV027,L,439,3,0,0,1,0,Stimulus,,,,,,,,,,,,
SV027,L,440,3,3,1,1,4,Stimulus,,,,,,,,,,,,
SV027,L,441,2,2,1,0,0,Stimulus,,,,,,,,,,,,
SV027,L,442,3,0,0,1,0,Stimulus,,,,,,,,,,,,
SV027,L,443,2,0,1,1,0,Stimulus,,,,,,,,,,,,
SV027,L,444,2,3,1,0,3,Stimulus,,,,,,,,,,,,
SV027,L,445,3,0,0,1,0,Stimulus,,,,,,,,,,,,
SV027,L,446,3,0,0,0,0,Stimulus,,,,,,,,1.5,1.5,140.0,140.0,60.0
SV027,L,447,2,3,1,1,4,Stimulus,,,,,,,,,,,,
SV027,L,448,3,3,0,1,4,Stimulus,,,,,,,,,,,,
SV027,L,449,3,0,1,1,0,Stimulus,,,,,,,,,,,,
SV027,L,450,2,0,1,0,0,Stimulus,,,,,,,,,,,,
SV027,L,451,3,3,1,1,3,Stimulus,,,,,,,,,,,,
SV027,L,452,3,2,0,1,2,Stimulus,,,,,,,,,,,,
SV027,L,453,2,3,0,1,3,Stimulus,,,,,,,,,,,,
SV027,L,454,2,0,0,0,0,Stimulus,,,,,,,,,,,,
SV027,L,455,2,3,1,1,4,Stimulus,,,,,,,,,,,,
SV027,L,456,3,3,1,0,4,Stimulus,,,,,,,,,,,,
SV027,L,457,3,2,0,0,2,Stimulus,,,,,,,,,,,,
SV027,L,458,2,0,0,1,0,Stimulus,,,,,,,,,,,,
SV027,L,459,3,2,1,0,2,Stimulus,,,,,,,,,,,,
SV027,L,460,2,0,1,1,0,Stimulus,,,,,,,,,,,,
SV027,L,461,3,0,0,1,0,Stimulus,,,,,,,,,,,,
SV027,L,462,3,3,0,0,3,Stimulus,,,,,,,,,,,,
SV027,L,463,2,2,1,0,2,Stimulus,,,,,,,,,,,,
SV027,L,464,3,0,0,1,0,Stimulus,,,,,,,,,,,,
SV027,L,465,3,2,1,0,2,Stimulus,,,,,,,,,,,,
SV027,L,466,3,2,0,0,2,Stimulus,,,,,,,,,,,,
SV027,L,467,2,0,0,0,0,Stimulus,,,,,,,,,,,,
SV027,L,468,3,2,1,1,2,Stimulus,,,,,,,,,,,,
SV027,L,469,2,3,0,1,4,Stimulus,,,,,,,,,,,,
SV027,L,470,3,0,1,1,0,Stimulus,,,,,,,,,,,,
SV027,L,471,2,2,1,1,2,Stimulus,,,,,,,,,,,,
SV027,L,472,3,3,1,1,4,Stimulus,,,,,,,,,,,,
SV027,L,473,3,0,0,0,0,Stimulus,,,,,,,,,,,,
SV027,L,474,2,0,1,1,0,Stimulus,,,,,,,,,,,,
SV027,L,475,3,2,0,1,2,Stimulus,,,,,,,,,,,,
SV027,L,476,2,3,0,1,4,Stimulus,,,,,,,,,,,,
SV027,L,477,2,0,1,1,0,Stimulus,,,,,,,,,,,,
SV027,L,478,3,3,1,0,3,Stimulus,,,,,,,,,,,,
SV027,L,479,3,0,0,1,0,Stimulus,,,,,,,,,,,,
SV027,L,480,2,2,1,1,2,Stimulus,,,,,,,,,,,,
SV027,R,1,2,0,0,0,1,Stimulus,,,,,,,,,,,,
SV027,R,2,3,0,0,1,2,Stimulus,,,,,,,,,,,,
SV027,R,3,2,2,1,0,2,Stimulus,,,,,,,,,,,,
SV027,R,4,2,3,0,0,3,Stimulus,,,,,,,,,,,,
SV027,R,5,3,3,0,1,3,Stimulus,,,,,,,,,,,,
SV027,R,6,3,3,0,0,3,Stimulus,,,,,,,,,,,,
SV027,R,7,2,2,0,0,2,Stimulus,,,,,,,,,,,,
SV027,R,8,2,3,1,1,2,Stimulus,,,,,,,,0.5,0.5,68.0,68.0,12.0
SV027,R,9,3,2,1,1,2,Stimulus,,,,,,,,,,,,
SV027,R,10,2,3,1,0,2,Stimulus,,,,,,,,,,,,
SV027,R,11,3,0,0,1,1,Stimulus,,,,,,,,,,,,
SV027,R,12,2,0,0,1,1,Stimulus,,,,,,,,,,,,
SV027,R,13,2,2,0,0,2,Stimulus,,,,,,,,,,,,
SV027,R,14,2,2,1,1,2,Stimulus,,,,,,,,,,,,
SV027,R,15,2,2,1,1,2,Stimulus,,,,,,,,,,,,
SV027,R,16,3,0,1,1,1,Stimulus,,,,,,,,,,,,
SV027,R,17,3,2,1,1,1,Stimulus,,,,,,,,,,,,
SV027,R,18,2,2,0,0,2,Stimulus,,,,,,,,0.5,0.5,63.0,63.0,12.0
SV027,R,19,3,0,0,0,2,Stimulus,,,,,,,,,,,,
SV027,R,20,2,2,1,1,2,Stimulus,,,,,,,,,,,,
SV027,R,21,2,3,1,1,1,Stimulus,,,,,,,,,,,,
SV027,R,22,2,2,0,1,2,Stimulus,,,,,,,,,,,,
SV027,R,23,2,3,0,1,2,Stimulus,,,,,,,,,,,,
SV027,R,24,3,0,1,0,1,Stimulus,,,,,,,,,,,,
SV027,R,25,3,0,1,1,1,Stimulus,,,,,,,,,,,,
SV027,R,26,3,3,1,1,2,Stimulus,,,,,,,,,,,,
SV027,R,27,2,0,0,0,1,Stimulus,,,,,,,,,,,,
SV027,R,28,3,3,0,0,3,Stimulus,,,,,,,,,,,,
SV027,R,29,2,0,0,0,2,Stimulus,,,,,,,,,,,,
SV027,R,30,2,2,0,1,2,Stimulus,,,,,,,,,,,,
SV027,R,31,3,3,0,1,2,Stimulus,,,,,,,,,,,,
SV027,R,32,3,0,0,1,2,Stimulus,,,,,,,,,,,,
SV027,R,33,3,2,1,1,2,Stimulus,,,,,,,,,,,,
SV027,R,34,2,0,1,0,1,Stimulus,,,,,,,,,,,,
SV027,R,35,3,3,0,1,1,Stimulus,,,,,,,,,,,,
SV027,R,36,3,2,0,1,2,Stimulus,,,,,,,,,,,,
SV027,R,37,2,0,1,0,1,Stimulus,,,,,,,,,,,,
SV027,R,38,3,2,1,1,1,Stimulus,,,,,,,,,,,,
SV027,R,39,2,3,0,0,2,Stimulus,,,,,,,,,,,,
SV027,R,40,3,3,0,0,3,Stimulus,,,,,,,,,,,,
SV027,R,41,3,3,0,0,3,Stimulus,,,,,,,,,,,,
SV027,R,42,2,2,0,0,2,Stimulus,,,,,,,,,,,,
SV027,R,43,3,0,0,0,2,Stimulus,,,,,,,,,,,,
SV027,R,44,2,3,1,1,1,Stimulus,,,,,,,,,,,,
SV027,R,45,2,0,1,1,1,Stimulus,,,,,,,,,,,,
SV027,R,46,3,2,1,0,1,Stimulus,,,,,,,,,,,,
SV027,R,47,3,3,0,1,1,Stimulus,,,,,,,,,,,,
SV027,R,48,2,3,0,0,2,Stimulus,,,,,,,,,,,,
SV027,R,49,3,3,0,0,3,Stimulus,,,,,,,,,,,,
SV027,R,50,2,3,0,1,2,Stimulus,,,,,,,,,,,,
SV027,R,51,2,0,0,1,1,Stimulus,,,,,,,,,,,,
SV027,R,52,3,3,1,1,2,Stimulus,,,,,,,,,,,,
SV027,R,53,2,0,1,0,1,Stimulus,,,,,,,,,,,,
SV027,R,54,3,3,1,1,1,Stimulus,,,,,,,,,,,,
SV027,R,55,3,3,1,0,1,Stimulus,,,,,,,,1.1,1.1,95.0,95.0,16.0
SV027,R,56,2,2,0,0,2,Stimulus,,,,,,,,,,,,
SV027,R,57,2,0,1,0,1,Stimulus,,,,,,,,,,,,
SV027,R,58,2,0,0,1,2,Stimulus,,,,,,,,,,,,
SV027,R,59,2,0,0,1,1,Stimulus,,,,,,,,,,,,
SV027,R,60,2,2,1,1,1,Stimulus,,,,,,,,,,,,
SV027,R,61,2,2,1,0,1,Stimulus,1823.6,1823.6,1022.2,1022.2,751.0,751.0,104.0,1.3,1.3,115.0,115.0,16.0
SV027,R,62,3,3,0,1,2,Stimulus,,,,,,,,,,,,
SV027,R,63,3,2,0,0,2,Stimulus,,,,,,,,,,,,
SV027,R,64,2,0,1,0,1,Stimulus,,,,,,,,,,,,
SV027,R,65,2,3,1,1,1,Stimulus,,,,,,,,,,,,
SV027,R,66,2,0,0,0,2,Stimulus,,,,,,,,,,,,
SV027,R,67,2,0,1,1,1,Stimulus,,,,,,,,,,,,
SV027,R,68,2,3,1,0,1,Stimulus,,,,,,,,,,,,
SV027,R,69,2,3,0,1,2,Stimulus,,,,,,,,,,,,
SV027,R,70,3,0,0,0,2,Stimulus,,,,,,,,,,,,
SV027,R,71,3,3,1,1,1,Stimulus,,,,,,,,,,,,
SV027,R,72,2,2,1,0,1,Stimulus,,,,,,,,,,,,
SV027,R,73,2,3,0,0,2,Stimulus,,,,,,,,,,,,
SV027,R,74,2,3,0,1,2,Stimulus,,,,,,,,,,,,
SV027,R,75,2,0,0,0,1,Stimulus,,,,,,,,,,,,
SV027,R,76,3,3,1,0,1,Stimulus,,,,,,,,,,,,
SV027,R,77,3,3,1,0,1,Stimulus,,,,,,,,,,,,
SV027,R,78,2,0,1,0,1,Stimulus,,,,,,,,,,,,
SV027,R,79,3,2,0,1,1,Stimulus,,,,,,,,,,,,
SV027,R,80,3,3,0,0,3,Stimulus,,,,,,,,,,,,
SV027,R,81,3,2,0,1,2,Stimulus,,,,,,,,,,,,
SV027,R,82,3,0,1,0,1,Stimulus,,,,,,,,,,,,
SV027,R,83,3,2,0,0,2,Stimulus,,,,,,,,,,,,
SV027,R,84,3,0,1,1,1,Stimulus,,,,,,,,,,,,
SV027,R,85,3,2,1,1,1,Stimulus,,,,,,,,,,,,
SV027,R,86,2,2,0,0,2,Stimulus,,,,,,,,,,,,
SV027,R,87,2,0,0,1,1,Stimulus,,,,,,,,,,,,
SV027,R,88,3,2,0,1,1,Stimulus,,,,,,,,,,,,
SV027,R,89,3,2,0,0,2,Stimulus,,,,,,,,,,,,
SV027,R,90,2,2,1,1,1,Stimulus,,,,,,,,,,,,
SV027,R,91,2,2,1,1,1,Stimulus,,,,,,,,,,,,
SV027,R,92,2,3,1,0,1,Stimulus,,,,,,,,,,,,
SV027,R,93,3,2,1,0,1,Stimulus,,,,,,,,0.5,0.5,59.0,59.0,12.0
SV027,R,94,3,3,1,0,1,Stimulus,,,,,,,,,,,,
SV027,R,95,3,3,0,0,3,Stimulus,,,,,,,,,,,,
SV027,R,96,3,0,1,0,1,Stimulus,,,,,,,,,,,,
SV027,R,97,3,3,1,0,1,Stimulus,,,,,,,,,,,,
SV027,R,98,3,3,0,0,2,Stimulus,,,,,,,,,,,,
SV027,R,99,2,3,0,0,2,Stimulus,,,,,,,,,,,,
SV027,R,100,2,0,1,0,1,Stimulus,,,,,,,,,,,,
SV027,R,101,2,0,0,1,1,Stimulus,,,,,,,,,,,,
SV027,R,102,3,2,0,0,2,Stimulus,,,,,,,,,,,,
SV027,R,103,3,0,1,0,1,Stimulus,,,,,,,,,,,,
SV027,R,104,2,2,0,1,1,Stimulus,,,,,,,,,,,,
SV027,R,105,3,2,1,0,1,Stimulus,,,,,,,,,,,,
SV027,R,106,2,0,1,0,0,Stimulus,,,,,,,,0.1,0.1,1106.0,1106.0,132.0
SV027,R,107,2,2,1,1,2,Stimulus,,,,,,,,,,,,
SV027,R,108,2,3,1,0,1,Stimulus,,,,,,,,,,,,
SV027,R,109,2,0,1,1,1,Stimulus,,,,,,,,,,,,
SV027,R,110,2,3,0,1,1,Stimulus,,,,,,,,,,,,
SV027,R,111,3,2,0,1,1,Stimulus,,,,,,,,,,,,
SV027,R,112,3,0,1,0,1,Stimulus,,,,,,,,,,,,
SV027,R,113,2,3,0,1,2,Stimulus,,,,,,,,,,,,
SV027,R,114,3,2,1,0,2,Stimulus,,,,,,,,,,,,
SV027,R,115,2,0,1,1,1,Stimulus,,,,,,,,,,,,
SV027,R,116,3,0,1,0,1,Stimulus,,,,,,,,,,,,
SV027,R,117,2,0,1,1,1,Stimulus,,,,,,,,,,,,
SV027,R,118,2,2,1,0,1,Stimulus,,,,,,,,,,,,
SV027,R,119,3,2,1,1,1,Stimulus,,,,,,,,,,,,
SV027,R,120,2,2,1,0,1,Stimulus,,,,,,,,,,,,
SV027,R,121,2,3,0,0,1,Stimulus,,,,,,,,,,,,
SV027,R,122,2,0,1,0,1,Stimulus,,,,,,,,,,,,
SV027,R,123,2,0,1,1,0,Stimulus,,,,,,,,,,,,
SV027,R,124,3,2,0,0,1,Stimulus,,,,,,,,,,,,
SV027,R,125,3,3,0,1,1,Stimulus,,,,,,,,,,,,
SV027,R,126,3,0,0,1,1,Stimulus,,,,,,,,,,,,
SV027,R,127,3,0,0,0,3,Stimulus,,,,,,,,,,,,
SV027,R,128,3,2,0,0,1,Stimulus,,,,,,,,,,,,
SV027,R,129,3,2,1,0,1,Stimulus,,,,,,,,,,,,
SV027,R,130,3,0,1,1,1,Stimulus,,,,,,,,,,,,
SV027,R,131,2,2,0,1,1,Stimulus,,,,,,,,,,,,
SV027,R,132,2,2,0,0,1,Stimulus,,,,,,,,,,,,
SV027,R,133,2,0,1,1,1,Stimulus,,,,,,,,,,,,
SV027,R,134,3,0,0,0,3,Stimulus,,,,,,,,,,,,
SV027,R,135,3,3,1,0,1,Stimulus,,,,,,,,,,,,
SV027,R,136,3,3,1,0,1,Stimulus,,,,,,,,,,,,
SV027,R,137,3,3,0,0,1,Stimulus,,,,,,,,,,,,
SV027,R,138,3,0,0,1,1,Stimulus,,,,,,,,,,,,
SV027,R,139,2,3,1,0,1,Stimulus,,,,,,,,,,,,
SV027,R,140,2,2,1,1,1,Stimulus,,,,,,,,,,,,
SV027,R,141,3,3,0,1,1,Stimulus,,,,,,,,,,,,
SV027,R,142,3,0,1,1,1,Stimulus,,,,,,,,,,,,
SV027,R,143,2,3,1,0,1,Stimulus,,,,,,,,,,,,
SV027,R,144,2,3,1,1,1,Stimulus,,,,,,,,,,,,
SV027,R,145,3,0,0,0,3,Stimulus,,,,,,,,,,,,
SV027,R,146,3,0,0,0,3,Stimulus,,,,,,,,,,,,
SV027,R,147,3,2,0,1,1,Stimulus,,,,,,,,,,,,
SV027,R,148,2,2,1,0,1,Stimulus,,,,,,,,,,,,
SV027,R,149,2,2,0,0,1,Stimulus,,,,,,,,,,,,
SV027,R,150,2,3,1,1,1,Stimulus,,,,,,,,,,,,
SV027,R,151,3,2,0,1,1,Stimulus,,,,,,,,,,,,
SV027,R,152,2,0,0,1,1,Stimulus,,,,,,,,,,,,
SV027,R,153,2,3,0,0,1,Stimulus,,,,,,,,,,,,
SV027,R,154,2,0,0,0,2,Stimulus,,,,,,,,0.6,0.6,75.0,75.0,12.0
SV027,R,155,3,2,1,1,1,Stimulus,,,,,,,,,,,,
SV027,R,156,2,2,1,1,1,Stimulus,,,,,,,,,,,,
SV027,R,157,3,2,1,1,1,Stimulus,,,,,,,,,,,,
SV027,R,158,2,2,1,1,1,Stimulus,,,,,,,,,,,,
SV027,R,159,3,0,0,0,2,Stimulus,,,,,,,,,,,,
SV027,R,160,3,0,0,1,2,Stimulus,,,,,,,,,,,,
SV027,R,161,2,0,0,1,1,Stimulus,,,,,,,,,,,,
SV027,R,162,2,3,1,0,1,Stimulus,,,,,,,,,,,,
SV027,R,163,2,0,0,1,1,Stimulus,,,,,,,,,,,,
SV027,R,164,2,3,1,1,1,Stimulus,,,,,,,,,,,,
SV027,R,165,3,0,0,1,1,Stimulus,,,,,,,,,,,,
SV027,R,166,3,0,0,0,1,Stimulus,,,,,,,,,,,,
SV027,R,167,2,0,1,1,1,Stimulus,,,,,,,,,,,,
SV027,R,168,3,0,1,1,2,Stimulus,,,,,,,,,,,,
SV027,R,169,2,3,0,1,1,Stimulus,,,,,,,,0.6,0.6,894.0,894.0,124.0
SV027,R,170,3,0,0,0,1,Stimulus,,,,,,,,0.5,0.5,898.0,898.0,152.0
SV027,R,171,3,3,1,1,1,Stimulus,,,,,,,,,,,,
SV027,R,172,2,2,0,0,1,Stimulus,,,,,,,,,,,,
SV027,R,173,3,3,0,1,1,Stimulus,,,,,,,,,,,,
SV027,R,174,2,0,0,0,1,Stimulus,,,,,,,,,,,,
SV027,R,175,2,3,0,1,1,Stimulus,,,,,,,,,,,,
SV027,R,176,3,3,1,0,1,Stimulus,,,,,,,,,,,,
SV027,R,177,2,3,1,1,1,Stimulus,,,,,,,,,,,,
SV027,R,178,3,0,1,0,1,Stimulus,,,,,,,,,,,,
SV027,R,179,3,2,1,0,1,Stimulus,,,,,,,,,,,,
SV027,R,180,2,3,0,1,1,Stimulus,,,,,,,,,,,,
SV027,R,181,2,2,1,0,1,Stimulus,,,,,,,,,,,,
SV027,R,182,3,3,0,1,1,Stimulus,,,,,,,,,,,,
SV027,R,183,2,2,0,1,1,Stimulus,,,,,,,,,,,,
SV027,R,184,2,3,0,0,1,Stimulus,,,,,,,,,,,,
SV027,R,185,2,2,0,1,1,Stimulus,,,,,,,,,,,,
SV027,R,186,2,2,0,1,1,Stimulus,,,,,,,,,,,,
SV027,R,187,3,2,0,0,1,Stimulus,,,,,,,,,,,,
SV027,R,188,3,3,1,1,1,Stimulus,,,,,,,,,,,,
SV027,R,189,3,3,1,1,1,Stimulus,,,,,,,,,,,,
SV027,R,190,3,3,1,0,1,Stimulus,,,,,,,,,,,,
SV027,R,191,3,2,1,1,1,Stimulus,,,,,,,,,,,,
SV027,R,192,3,0,1,1,1,Stimulus,,,,,,,,,,,,
SV027,R,193,3,2,0,1,1,Stimulus,,,,,,,,,,,,
SV027,R,194,3,3,0,1,1,Stimulus,,,,,,,,,,,,
SV027,R,195,3,0,1,1,1,Stimulus,,,,,,,,,,,,
SV027,R,196,3,2,0,0,1,Stimulus,,,,,,,,,,,,
SV027,R,197,3,2,1,0,1,Stimulus,,,,,,,,0.4,0.4,912.0,912.0,224.0
SV027,R,198,3,0,1,0,1,Stimulus,,,,,,,,,,,,
SV027,R,199,2,2,0,1,1,Stimulus,,,,,,,,,,,,
SV027,R,200,3,3,1,0,1,Stimulus,,,,,,,,,,,,
SV027,R,201,2,3,0,0,1,Stimulus,,,,,,,,,,,,
SV027,R,202,3,2,1,0,1,Stimulus,,,,,,,,,,,,
SV027,R,203,3,0,0,1,1,Stimulus,,,,,,,,,,,,
SV027,R,204,3,3,1,1,1,Stimulus,,,,,,,,,,,,
SV027,R,205,2,3,1,0,1,Stimulus,,,,,,,,,,,,
SV027,R,206,2,2,1,0,1,Stimulus,,,,,,,,1.1,1.1,81.0,81.0,20.0
SV027,R,207,2,3,1,1,1,Stimulus,,,,,,,,,,,,
SV027,R,208,3,2,0,0,1,Stimulus,,,,,,,,,,,,
SV027,R,209,2,3,0,0,1,Stimulus,,,,,,,,,,,,
SV027,R,210,3,2,0,1,1,Stimulus,,,,,,,,,,,,
SV027,R,211,3,3,1,1,1,Stimulus,,,,,,,,,,,,
SV027,R,212,2,0,1,1,1,Stimulus,,,,,,,,,,,,
SV027,R,213,2,2,0,1,1,Stimulus,,,,,,,,,,,,
SV027,R,214,2,0,0,0,2,Stimulus,,,,,,,,,,,,
SV027,R,215,3,2,0,1,1,Stimulus,,,,,,,,,,,,
SV027,R,216,3,3,0,0,1,Stimulus,,,,,,,,,,,,
SV027,R,217,2,0,1,0,1,Stimulus,,,,,,,,,,,,
SV027,R,218,2,2,0,0,1,Stimulus,,,,,,,,,,,,
SV027,R,219,2,3,1,1,1,Stimulus,,,,,,,,,,,,
SV027,R,220,3,2,0,0,1,Stimulus,,,,,,,,,,,,
SV027,R,221,3,0,1,1,1,Stimulus,,,,,,,,,,,,
SV027,R,222,2,3,1,0,1,Stimulus,,,,,,,,,,,,
SV027,R,223,3,0,1,0,1,Stimulus,,,,,,,,,,,,
SV027,R,224,2,2,1,0,1,Stimulus,,,,,,,,,,,,
SV027,R,225,2,0,0,1,1,Stimulus,,,,,,,,,,,,
SV027,R,226,2,0,1,1,1,Stimulus,,,,,,,,,,,,
SV027,R,227,3,2,1,1,1,Stimulus,,,,,,,,,,,,
SV027,R,228,3,0,1,0,1,Stimulus,,,,,,,,,,,,
SV027,R,229,3,2,1,0,1,Stimulus,,,,,,,,,,,,
SV027,R,230,2,2,1,0,1,Stimulus,,,,,,,,,,,,
SV027,R,231,2,2,0,1,1,Stimulus,,,,,,,,,,,,
SV027,R,232,3,0,0,1,1,Stimulus,,,,,,,,,,,,
SV027,R,233,2,0,0,0,3,Stimulus,,,,,,,,,,,,
SV027,R,234,2,0,0,0,3,Stimulus,,,,,,,,,,,,
SV027,R,235,3,2,1,0,1,Stimulus,,,,,,,,,,,,
SV027,R,236,3,0,0,1,1,Stimulus,,,,,,,,,,,,
SV027,R,237,2,3,1,0,1,Stimulus,,,,,,,,,,,,
SV027,R,238,3,3,1,1,1,Stimulus,,,,,,,,,,,,
SV027,R,239,3,0,1,1,1,Stimulus,,,,,,,,,,,,
SV027,R,240,2,3,0,1,1,Stimulus,,,,,,,,,,,,
SV027,R,241,2,2,0,0,2,Stimulus,,,,,,,,,,,,
SV027,R,242,3,2,0,0,2,Stimulus,,,,,,,,,,,,
SV027,R,243,3,0,1,0,0,Stimulus,,,,,,,,,,,,
SV027,R,244,3,2,0,0,2,Stimulus,,,,,,,,,,,,
SV027,R,245,2,0,1,1,0,Stimulus,,,,,,,,,,,,
SV027,R,246,3,3,1,0,4,Stimulus,,,,,,,,,,,,
SV027,R,247,2,2,0,0,2,Stimulus,,,,,,,,,,,,
SV027,R,248,3,3,0,1,3,Stimulus,,,,,,,,,,,,
SV027,R,249,2,0,0,1,0,Stimulus,,,,,,,,,,,,
SV027,R,250,2,0,1,1,0,Stimulus,,,,,,,,,,,,
SV027,R,251,2,0,1,0,0,Stimulus,,,,,,,,,,,,
SV027,R,252,2,2,1,0,2,Stimulus,,,,,,,,,,,,
SV027,R,253,3,3,0,0,3,Stimulus,,,,,,,,,,,,
SV027,R,254,3,0,1,1,0,Stimulus,,,,,,,,,,,,
SV027,R,255,2,0,0,0,0,Stimulus,,,,,,,,,,,,
SV027,R,256,3,3,0,1,3,Stimulus,,,,,,,,,,,,
SV027,R,257,3,2,1,0,2,Stimulus,,,,,,,,,,,,
SV027,R,258,2,3,0,1,3,Stimulus,,,,,,,,,,,,
SV027,R,259,3,0,0,1,0,Stimulus,,,,,,,,,,,,
SV027,R,260,3,0,0,0,0,Stimulus,,,,,,,,0.2,0.2,592.0,592.0,104.0
SV027,R,261,3,2,1,1,2,Stimulus,,,,,,,,0.4,0.4,48.0,48.0,12.0
SV027,R,262,2,3,0,1,3,Stimulus,,,,,,,,,,,,
SV027,R,263,3,2,1,0,2,Stimulus,,,,,,,,,,,,
SV027,R,264,3,3,1,0,3,Stimulus,,,,,,,,,,,,
SV027,R,265,3,2,1,1,2,Stimulus,,,,,,,,,,,,
SV027,R,266,3,3,0,1,3,Stimulus,,,,,,,,,,,,
SV027,R,267,3,3,1,1,3,Stimulus,,,,,,,,,,,,
SV027,R,268,2,3,1,1,3,Stimulus,,,,,,,,,,,,
SV027,R,269,3,0,0,1,0,Stimulus,,,,,,,,,,,,
SV027,R,270,3,3,0,1,3,Stimulus,,,,,,,,,,,,
SV027,R,271,3,2,0,1,2,Stimulus,,,,,,,,,,,,
SV027,R,272,2,3,1,1,3,Stimulus,,,,,,,,,,,,
SV027,R,273,2,3,0,0,3,Stimulus,,,,,,,,,,,,
SV027,R,274,2,0,1,1,0,Stimulus,,,,,,,,,,,,
SV027,R,275,3,3,1,1,3,Stimulus,,,,,,,,,,,,
SV027,R,276,3,3,1,0,3,Stimulus,,,,,,,,,,,,
SV027,R,277,2,2,1,1,2,Stimulus,,,,,,,,,,,,
SV027,R,278,2,0,0,0,0,Stimulus,,,,,,,,,,,,
SV027,R,279,3,2,0,1,2,Stimulus,,,,,,,,,,,,
SV027,R,280,3,0,0,0,0,Stimulus,,,,,,,,,,,,
SV027,R,281,3,2,0,0,2,Stimulus,,,,,,,,,,,,
SV027,R,282,2,3,1,1,3,Stimulus,,,,,,,,,,,,
SV027,R,283,3,0,1,0,0,Stimulus,,,,,,,,,,,,
SV027,R,284,3,3,1,0,3,Stimulus,,,,,,,,,,,,
SV027,R,285,2,2,0,0,2,Stimulus,,,,,,,,,,,,
SV027,R,286,3,0,1,0,0,Stimulus,,,,,,,,,,,,
SV027,R,287,2,0,1,0,0,Stimulus,,,,,,,,,,,,
SV027,R,288,3,3,1,1,3,Stimulus,,,,,,,,,,,,
SV027,R,289,3,3,0,1,3,Stimulus,,,,,,,,,,,,
SV027,R,290,2,0,1,1,0,Stimulus,,,,,,,,,,,,
SV027,R,291,3,0,0,0,0,Stimulus,,,,,,,,,,,,
SV027,R,292,2,3,0,0,3,Stimulus,,,,,,,,0.5,0.5,68.0,68.0,12.0
SV027,R,293,2,2,0,0,2,Stimulus,,,,,,,,,,,,
SV027,R,294,3,3,0,0,3,Stimulus,,,,,,,,,,,,
SV027,R,295,2,3,1,0,3,Stimulus,,,,,,,,,,,,
SV027,R,296,2,3,0,1,2,Stimulus,,,,,,,,,,,,
SV027,R,297,3,2,0,1,2,Stimulus,,,,,,,,,,,,
SV027,R,298,3,2,0,0,2,Stimulus,,,,,,,,,,,,
SV027,R,299,3,0,1,0,0,Stimulus,,,,,,,,,,,,
SV027,R,300,2,0,1,1,0,Stimulus,,,,,,,,0.6,0.6,69.0,69.0,12.0
SV027,R,301,3,0,1,1,0,Stimulus,,,,,,,,,,,,
SV027,R,302,2,2,0,0,2,Stimulus,,,,,,,,,,,,
SV027,R,303,3,0,0,1,0,Stimulus,,,,,,,,,,,,
SV027,R,304,2,3,1,1,3,Stimulus,,,,,,,,,,,,
SV027,R,305,3,0,1,1,0,Stimulus,,,,,,,,,,,,
SV027,R,306,3,2,1,1,2,Stimulus,,,,,,,,,,,,
SV027,R,307,2,3,1,1,3,Stimulus,,,,,,,,,,,,
SV027,R,308,3,0,1,0,0,Stimulus,,,,,,,,,,,,
SV027,R,309,2,0,0,1,0,Stimulus,,,,,,,,,,,,
SV027,R,310,3,0,0,1,0,Stimulus,,,,,,,,0.9,0.9,651.0,651.0,180.0
SV027,R,311,2,2,1,0,2,Stimulus,,,,,,,,,,,,
SV027,R,312,2,0,1,1,0,Stimulus,,,,,,,,,,,,
SV027,R,313,3,2,1,1,2,Stimulus,,,,,,,,,,,,
SV027,R,314,2,2,0,0,2,Stimulus,,,,,,,,,,,,
SV027,R,315,2,2,0,0,2,Stimulus,,,,,,,,,,,,
SV027,R,316,2,0,0,0,0,Stimulus,,,,,,,,,,,,
SV027,R,317,2,0,0,0,0,Stimulus,,,,,,,,,,,,
SV027,R,318,2,0,1,0,0,Stimulus,,,,,,,,,,,,
SV027,R,319,2,3,1,0,4,Stimulus,,,,,,,,,,,,
SV027,R,320,2,3,0,0,3,Stimulus,,,,,,,,,,,,
SV027,R,321,2,2,1,1,2,Stimulus,,,,,,,,,,,,
SV027,R,322,3,2,0,0,2,Stimulus,,,,,,,,,,,,
SV027,R,323,3,3,0,0,3,Stimulus,,,,,,,,,,,,
SV027,R,324,2,2,1,0,2,Stimulus,,,,,,,,,,,,
SV027,R,325,3,3,1,1,4,Stimulus,,,,,,,,,,,,
SV027,R,326,2,2,1,0,2,Stimulus,,,,,,,,,,,,
SV027,R,327,3,3,1,0,3,Stimulus,,,,,,,,,,,,
SV027,R,328,2,2,0,1,2,Stimulus,,,,,,,,,,,,
SV027,R,329,2,3,1,1,4,Stimulus,,,,,,,,,,,,
SV027,R,330,2,2,1,0,2,Stimulus,,,,,,,,,,,,
SV027,R,331,3,3,1,0,3,Stimulus,,,,,,,,,,,,
SV027,R,332,3,0,0,0,0,Stimulus,,,,,,,,,,,,
SV027,R,333,3,3,0,0,3,Stimulus,,,,,,,,,,,,
SV027,R,334,2,3,0,0,3,Stimulus,,,,,,,,,,,,
SV027,R,335,3,0,1,1,0,Stimulus,,,,,,,,1.6,1.6,121.0,121.0,20.0
SV027,R,336,3,0,0,1,0,Stimulus,,,,,,,,,,,,
SV027,R,337,2,0,0,0,0,Stimulus,,,,,,,,,,,,
SV027,R,338,2,2,1,0,2,Stimulus,,,,,,,,,,,,
SV027,R,339,3,2,1,0,2,Stimulus,,,,,,,,,,,,
SV027,R,340,2,0,1,0,0,Stimulus,,,,,,,,,,,,
SV027,R,341,2,2,1,1,2,Stimulus,,,,,,,,,,,,
SV027,R,342,3,3,0,1,3,Stimulus,,,,,,,,,,,,
SV027,R,343,2,2,0,1,2,Stimulus,,,,,,,,,,,,
SV027,R,344,3,3,0,1,4,Stimulus,,,,,,,,,,,,
SV027,R,345,3,2,1,0,2,Stimulus,,,,,,,,0.9,0.9,77.0,77.0,16.0
SV027,R,346,2,0,0,0,0,Stimulus,,,,,,,,,,,,
SV027,R,347,3,2,0,0,2,Stimulus,,,,,,,,,,,,
SV027,R,348,3,0,0,0,0,Stimulus,,,,,,,,,,,,
SV027,R,349,3,2,1,0,2,Stimulus,,,,,,,,,,,,
SV027,R,350,2,2,0,1,2,Stimulus,,,,,,,,,,,,
SV027,R,351,2,2,1,0,2,Stimulus,,,,,,,,,,,,
SV027,R,352,3,3,0,1,4,Stimulus,,,,,,,,,,,,
SV027,R,353,2,3,0,1,4,Stimulus,,,,,,,,,,,,
SV027,R,354,3,2,1,1,2,Stimulus,,,,,,,,,,,,
SV027,R,355,2,0,1,1,0,Stimulus,,,,,,,,,,,,
SV027,R,356,2,2,1,1,2,Stimulus,,,,,,,,,,,,
SV027,R,357,3,3,0,0,3,Stimulus,,,,,,,,,,,,
SV027,R,358,3,3,1,1,3,Stimulus,,,,,,,,,,,,
SV027,R,359,3,0,0,1,0,Stimulus,,,,,,,,,,,,
SV027,R,360,2,0,1,0,0,Stimulus,,,,,,,,,,,,
SV027,R,361,2,3,0,0,4,Stimulus,,,,,,,,,,,,
SV027,R,362,3,3,1,0,3,Stimulus,,,,,,,,,,,,
SV027,R,363,3,0,0,1,0,Stimulus,,,,,,,,,,,,
SV027,R,364,2,0,0,1,0,Stimulus,,,,,,,,,,,,
SV027,R,365,3,3,1,1,3,Stimulus,,,,,,,,,,,,
SV027,R,366,3,3,0,0,3,Stimulus,,,,,,,,,,,,
SV027,R,367,2,2,0,0,2,Stimulus,,,,,,,,,,,,
SV027,R,368,2,0,0,1,0,Stimulus,,,,,,,,,,,,
SV027,R,369,2,0,1,0,0,Stimulus,,,,,,,,,,,,
SV027,R,370,3,2,1,0,2,Stimulus,,,,,,,,,,,,
SV027,R,371,2,3,0,0,3,Stimulus,,,,,,,,,,,,
SV027,R,372,2,3,0,1,4,Stimulus,,,,,,,,,,,,
SV027,R,373,2,3,0,0,4,Stimulus,,,,,,,,,,,,
SV027,R,374,3,2,0,0,2,Stimulus,,,,,,,,,,,,
SV027,R,375,2,3,0,0,3,Stimulus,,,,,,,,,,,,
SV027,R,376,2,3,0,1,4,Stimulus,,,,,,,,,,,,
SV027,R,377,3,3,1,1,4,Stimulus,,,,,,,,,,,,
SV027,R,378,3,3,0,1,4,Stimulus,,,,,,,,,,,,
SV027,R,379,2,2,0,1,2,Stimulus,,,,,,,,,,,,
SV027,R,380,3,0,1,0,0,Stimulus,,,,,,,,,,,,
SV027,R,381,3,3,0,0,3,Stimulus,,,,,,,,,,,,
SV027,R,382,3,3,0,0,3,Stimulus,,,,,,,,,,,,
SV027,R,383,3,3,1,0,3,Stimulus,,,,,,,,,,,,
SV027,R,384,3,2,0,0,2,Stimulus,,,,,,,,,,,,
SV027,R,385,2,3,1,0,3,Stimulus,,,,,,,,,,,,
SV027,R,386,3,2,0,0,2,Stimulus,,,,,,,,,,,,
SV027,R,387,2,3,1,0,3,Stimulus,,,,,,,,,,,,
SV027,R,388,3,3,1,0,2,Stimulus,,,,,,,,,,,,
SV027,R,389,3,0,0,0,0,Stimulus,,,,,,,,,,,,
SV027,R,390,2,3,0,0,3,Stimulus,,,,,,,,,,,,
SV027,R,391,2,2,1,1,2,Stimulus,,,,,,,,,,,,
SV027,R,392,3,2,0,1,2,Stimulus,,,,,,,,,,,,
SV027,R,393,3,2,1,1,2,Stimulus,,,,,,,,,,,,
SV027,R,394,3,2,1,0,2,Stimulus,,,,,,,,,,,,
SV027,R,395,3,0,0,1,0,Stimulus,,,,,,,,,,,,
SV027,R,396,2,2,1,1,2,Stimulus,,,,,,,,,,,,
SV027,R,397,2,0,0,1,0,Stimulus,,,,,,,,,,,,
SV027,R,398,2,3,1,0,4,Stimulus,,,,,,,,,,,,
SV027,R,399,2,0,0,0,0,Stimulus,,,,,,,,,,,,
SV027,R,400,2,0,1,0,0,Stimulus,,,,,,,,,,,,
SV027,R,401,2,3,0,0,4,Stimulus,,,,,,,,,,,,
SV027,R,402,2,2,0,1,2,Stimulus,,,,,,,,,,,,
SV027,R,403,3,0,0,1,0,Stimulus,,,,,,,,,,,,
SV027,R,404,2,3,1,0,4,Stimulus,,,,,,,,,,,,
SV027,R,405,3,0,0,0,0,Stimulus,,,,,,,,,,,,
SV027,R,406,3,2,0,1,2,Stimulus,,,,,,,,,,,,
SV027,R,407,3,2,1,1,2,Stimulus,,,,,,,,,,,,
SV027,R,408,2,2,1,1,2,Stimulus,,,,,,,,,,,,
SV027,R,409,2,0,0,1,0,Stimulus,,,,,,,,,,,,
SV027,R,410,3,0,1,1,0,Stimulus,,,,,,,,,,,,
SV027,R,411,2,0,1,1,0,Stimulus,,,,,,,,,,,,
SV027,R,412,3,2,1,0,2,Stimulus,,,,,,,,,,,,
SV027,R,413,2,2,0,0,2,Stimulus,,,,,,,,,,,,
SV027,R,414,3,3,1,1,4,Stimulus,,,,,,,,,,,,
SV027,R,415,3,3,1,0,4,Stimulus,,,,,,,,,,,,
SV027,R,416,3,0,1,1,0,Stimulus,,,,,,,,,,,,
SV027,R,417,2,2,1,1,2,Stimulus,,,,,,,,,,,,
SV027,R,418,2,2,1,0,2,Stimulus,,,,,,,,,,,,
SV027,R,419,2,0,0,1,0,Stimulus,,,,,,,,,,,,
SV027,R,420,2,3,1,1,4,Stimulus,,,,,,,,,,,,
SV027,R,421,2,0,0,0,0,Stimulus,,,,,,,,,,,,
SV027,R,422,2,3,0,1,4,Stimulus,,,,,,,,,,,,
SV027,R,423,3,2,1,0,3,Stimulus,,,,,,,,,,,,
SV027,R,424,2,3,1,1,4,Stimulus,,,,,,,,,,,,
SV027,R,425,3,0,0,0,0,Stimulus,,,,,,,,,,,,
SV027,R,426,2,3,0,1,3,Stimulus,,,,,,,,,,,,
SV027,R,427,2,0,0,1,0,Stimulus,,,,,,,,,,,,
SV027,R,428,3,2,0,1,2,Stimulus,,,,,,,,,,,,
SV027,R,429,3,0,0,1,0,Stimulus,,,,,,,,,,,,
SV027,R,430,2,0,1,1,0,Stimulus,,,,,,,,,,,,
SV027,R,431,2,3,1,0,3,Stimulus,,,,,,,,,,,,
SV027,R,432,3,3,1,1,3,Stimulus,,,,,,,,,,,,
SV027,R,433,2,2,0,1,2,Stimulus,,,,,,,,,,,,
SV027,R,434,2,3,1,1,2,Stimulus,,,,,,,,,,,,
SV027,R,435,3,0,1,1,0,Stimulus,,,,,,,,,,,,
SV027,R,436,3,0,1,0,0,Stimulus,,,,,,,,,,,,
SV027,R,437,2,3,1,0,3,Stimulus,,,,,,,,,,,,
SV027,R,438,2,3,0,1,3,Stimulus,,,,,,,,,,,,
SV027,R,439,3,0,1,0,0,Stimulus,,,,,,,,,,,,
SV027,R,440,2,0,0,1,0,Stimulus,,,,,,,,,,,,
SV027,R,441,2,3,1,0,3,Stimulus,,,,,,,,,,,,
SV027,R,442,3,3,0,1,3,Stimulus,,,,,,,,,,,,
SV027,R,443,2,0,1,0,0,Stimulus,,,,,,,,,,,,
SV027,R,444,3,2,1,1,2,Stimulus,,,,,,,,,,,,
SV027,R,445,2,0,1,1,0,Stimulus,,,,,,,,,,,,
SV027,R,446,3,3,0,0,4,Stimulus,,,,,,,,,,,,
SV027,R,447,3,0,1,1,0,Stimulus,,,,,,,,,,,,
SV027,R,448,2,2,0,0,2,Stimulus,,,,,,,,,,,,
SV027,R,449,3,0,0,0,0,Stimulus,,,,,,,,,,,,
SV027,R,450,3,3,1,1,4,Stimulus,,,,,,,,,,,,
SV027,R,451,2,3,0,1,3,Stimulus,,,,,,,,,,,,
SV027,R,452,2,2,0,1,2,Stimulus,,,,,,,,,,,,
SV027,R,453,2,0,0,0,0,Stimulus,,,,,,,,0.4,0.4,56.0,56.0,12.0
SV027,R,454,3,2,0,1,2,Stimulus,,,,,,,,,,,,
SV027,R,455,3,0,1,0,0,Stimulus,,,,,,,,,,,,
SV027,R,456,3,0,1,1,0,Stimulus,,,,,,,,,,,,
SV027,R,457,3,0,1,1,0,Stimulus,,,,,,,,,,,,
SV027,R,458,2,3,1,0,3,Stimulus,,,,,,,,,,,,
SV027,R,459,2,2,1,1,3,Stimulus,,,,,,,,0.6,0.6,78.0,78.0,12.0
SV027,R,460,3,3,0,0,3,Stimulus,,,,,,,,,,,,
SV027,R,461,2,0,1,0,0,Stimulus,,,,,,,,,,,,
SV027,R,462,2,3,1,1,4,Stimulus,,,,,,,,,,,,
SV027,R,463,2,2,1,0,2,Stimulus,,,,,,,,,,,,
SV027,R,464,3,2,1,0,2,Stimulus,,,,,,,,,,,,
SV027,R,465,3,0,1,0,0,Stimulus,,,,,,,,,,,,
SV027,R,466,2,0,0,1,0,Stimulus,,,,,,,,,,,,
SV027,R,467,2,2,1,1,2,Stimulus,,,,,,,,,,,,
SV027,R,468,2,0,1,0,0,Stimulus,,,,,,,,,,,,
SV027,R,469,2,0,0,0,0,Stimulus,,,,,,,,,,,,
SV027,R,470,3,2,0,0,2,Stimulus,,,,,,,,,,,,
SV027,R,471,3,2,0,1,2,Stimulus,,,,,,,,,,,,
SV027,R,472,3,2,0,1,2,Stimulus,,,,,,,,,,,,
SV027,R,473,3,2,0,1,2,Stimulus,,,,,,,,,,,,
SV027,R,474,2,2,0,1,2,Stimulus,,,,,,,,,,,,
SV027,R,475,2,2,0,1,2,Stimulus,,,,,,,,,,,,
SV027,R,476,3,2,1,1,2,Stimulus,,,,,,,,,,,,
SV027,R,477,3,2,1,1,2,Stimulus,,,,,,,,,,,,
SV027,R,478,2,2,0,1,2,Stimulus,,,,,,,,,,,,
SV027,R,479,3,0,0,0,0,Stimulus,,,,,,,,,,,,
SV027,R,480,2,2,1,0,2,Stimulus,,,,,,,,,,,,
