subj_id,eye,trial_no,n_flash,n_beep,direction,blindspot,response,phase,fixation_x_mean,fixation_x_max,fixation_y_mean,fixation_y_max,pupil_avg_mean,pupil_avg_max,fixation_duration_mean,saccade_amplitude_mean,saccade_amplitude_max,saccade_velocity_mean,saccade_velocity_max,saccade_duration_mean
SV024,L,1,3,3,1,1,3,Fixation,,,,,,,,,,,,
SV024,L,2,2,3,0,0,3,Fixation,,,,,,,,,,,,
SV024,L,3,3,3,0,1,3,Fixation,,,,,,,,,,,,
SV024,L,4,2,2,0,1,2,Fixation,,,,,,,,,,,,
SV024,L,5,2,0,0,1,3,Fixation,,,,,,,,,,,,
SV024,L,6,2,0,1,1,2,Fixation,,,,,,,,,,,,
SV024,L,7,3,0,0,1,2,Fixation,,,,,,,,,,,,
SV024,L,8,2,0,0,1,3,Fixation,,,,,,,,,,,,
SV024,L,9,3,2,0,1,2,Fixation,,,,,,,,,,,,
SV024,L,10,2,2,0,0,2,Fixation,,,,,,,,,,,,
SV024,L,11,3,2,0,1,2,Fixation,,,,,,,,,,,,
SV024,L,12,2,0,0,0,3,Fixation,,,,,,,,,,,,
SV024,L,13,3,2,1,1,2,Fixation,,,,,,,,,,,,
SV024,L,14,2,2,0,0,2,Fixation,,,,,,,,,,,,
SV024,L,15,3,0,1,0,3,Fixation,,,,,,,,,,,,
SV024,L,16,2,0,0,0,3,Fixation,,,,,,,,,,,,
SV024,L,17,3,0,1,1,2,Fixation,,,,,,,,,,,,
SV024,L,18,3,3,0,1,2,Fixation,,,,,,,,,,,,
SV024,L,19,2,2,0,1,2,Fixation,,,,,,,,,,,,
SV024,L,20,2,3,1,1,3,Fixation,,,,,,,,,,,,
SV024,L,21,3,0,1,1,2,Fixation,,,,,,,,,,,,
SV024,L,22,3,3,0,0,3,Fixation,,,,,,,,,,,,
SV024,L,23,3,0,0,1,3,Fixation,,,,,,,,,,,,
SV024,L,24,3,2,0,0,2,Fixation,,,,,,,,,,,,
SV024,L,25,2,0,0,1,2,Fixation,,,,,,,,,,,,
SV024,L,26,3,0,1,1,2,Fixation,,,,,,,,,,,,
SV024,L,27,2,3,1,1,2,Fixation,,,,,,,,,,,,
SV024,L,28,2,3,0,0,2,Fixation,,,,,,,,,,,,
SV024,L,29,3,0,0,1,2,Fixation,,,,,,,,,,,,
SV024,L,30,3,0,1,1,2,Fixation,,,,,,,,,,,,
SV024,L,31,2,2,1,0,2,Fixation,,,,,,,,,,,,
SV024,L,32,2,0,1,1,2,Fixation,,,,,,,,,,,,
SV024,L,33,3,2,1,1,2,Fixation,,,,,,,,,,,,
SV024,L,34,3,3,1,1,3,Fixation,,,,,,,,,,,,
SV024,L,35,2,3,1,0,2,Fixation,,,,,,,,,,,,
SV024,L,36,2,0,0,0,2,Fixation,,,,,,,,,,,,
SV024,L,37,2,2,1,1,2,Fixation,,,,,,,,,,,,
SV024,L,38,2,2,0,0,2,Fixation,,,,,,,,,,,,
SV024,L,39,2,3,0,1,2,Fixation,,,,,,,,,,,,
SV024,L,40,2,3,0,0,3,Fixation,,,,,,,,,,,,
SV024,L,41,3,2,0,1,2,Fixation,,,,,,,,,,,,
SV024,L,42,3,2,0,0,2,Fixation,,,,,,,,,,,,
SV024,L,43,2,3,1,1,2,Fixation,,,,,,,,,,,,
SV024,L,44,3,0,1,1,2,Fixation,,,,,,,,,,,,
SV024,L,45,3,3,1,0,3,Fixation,,,,,,,,,,,,
SV024,L,46,3,2,1,1,2,Fixation,,,,,,,,,,,,
SV024,L,47,3,2,0,0,2,Fixation,,,,,,,,,,,,
SV024,L,48,2,3,0,1,3,Fixation,,,,,,,,,,,,
SV024,L,49,3,0,1,0,3,Fixation,,,,,,,,,,,,
SV024,L,50,3,3,0,0,3,Fixation,,,,,,,,,,,,
SV024,L,51,2,2,1,0,2,Fixation,,,,,,,,,,,,
SV024,L,52,3,0,0,0,3,Fixation,,,,,,,,,,,,
SV024,L,53,3,0,0,0,3,Fixation,,,,,,,,,,,,
SV024,L,54,2,3,0,1,3,Fixation,,,,,,,,,,,,
SV024,L,55,3,0,0,0,3,Fixation,,,,,,,,,,,,
SV024,L,56,3,3,0,0,3,Fixation,,,,,,,,,,,,
SV024,L,57,2,2,0,0,2,Fixation,,,,,,,,,,,,
SV024,L,58,3,0,0,0,3,Fixation,,,,,,,,,,,,
SV024,L,59,3,3,0,1,2,Fixation,,,,,,,,,,,,
SV024,L,60,3,3,1,1,2,Fixation,,,,,,,,,,,,
SV024,L,61,3,3,1,1,3,Fixation,,,,,,,,,,,,
SV024,L,62,3,0,0,1,2,Fixation,,,,,,,,,,,,
SV024,L,63,2,2,1,0,2,Fixation,,,,,,,,,,,,
SV024,L,64,2,3,1,0,2,Fixation,,,,,,,,,,,,
SV024,L,65,2,3,1,0,2,Fixation,,,,,,,,,,,,
SV024,L,66,2,2,1,0,2,Fixation,,,,,,,,,,,,
SV024,L,67,2,0,1,0,2,Fixation,,,,,,,,,,,,
SV024,L,68,3,0,0,0,2,Fixation,,,,,,,,,,,,
SV024,L,69,3,3,1,1,2,Fixation,,,,,,,,,,,,
SV024,L,70,3,0,0,0,3,Fixation,,,,,,,,,,,,
SV024,L,71,2,2,0,0,2,Fixation,,,,,,,,,,,,
SV024,L,72,3,2,1,1,2,Fixation,,,,,,,,,,,,
SV024,L,73,2,3,0,1,2,Fixation,,,,,,,,,,,,
SV024,L,74,2,3,0,1,2,Fixation,,,,,,,,,,,,
SV024,L,75,2,0,1,1,2,Fixation,,,,,,,,,,,,
SV024,L,76,2,2,1,0,2,Fixation,,,,,,,,,,,,
SV024,L,77,3,2,1,0,2,Fixation,,,,,,,,,,,,
SV024,L,78,3,3,0,0,3,Fixation,,,,,,,,,,,,
SV024,L,79,3,2,0,0,3,Fixation,,,,,,,,,,,,
SV024,L,80,3,0,1,0,2,Fixation,,,,,,,,,,,,
SV024,L,81,3,2,0,0,2,Fixation,,,,,,,,,,,,
SV024,L,82,2,0,0,0,2,Fixation,,,,,,,,,,,,
SV024,L,83,2,2,0,1,3,Fixation,,,,,,,,,,,,
SV024,L,84,3,0,0,0,3,Fixation,,,,,,,,,,,,
SV024,L,85,2,0,0,0,2,Fixation,,,,,,,,,,,,
SV024,L,86,3,0,0,1,2,Fixation,,,,,,,,,,,,
SV024,L,87,2,0,0,1,2,Fixation,,,,,,,,,,,,
SV024,L,88,2,0,1,0,3,Fixation,,,,,,,,,,,,
SV024,L,89,3,0,1,0,3,Fixation,,,,,,,,,,,,
SV024,L,90,3,2,1,1,2,Fixation,,,,,,,,,,,,
SV024,L,91,2,3,1,0,2,Fixation,,,,,,,,,,,,
SV024,L,92,3,0,0,1,3,Fixation,,,,,,,,,,,,
SV024,L,93,3,0,1,0,3,Fixation,,,,,,,,,,,,
SV024,L,94,3,3,0,1,2,Fixation,,,,,,,,,,,,
SV024,L,95,3,0,1,0,2,Fixation,,,,,,,,,,,,
SV024,L,96,2,2,1,0,2,Fixation,,,,,,,,,,,,
SV024,L,97,2,3,0,1,2,Fixation,,,,,,,,,,,,
SV024,L,98,3,3,0,1,3,Fixation,,,,,,,,,,,,
SV024,L,99,2,0,1,1,2,Fixation,,,,,,,,,,,,
SV024,L,100,3,2,1,1,2,Fixation,,,,,,,,,,,,
SV024,L,101,3,0,1,1,2,Fixation,,,,,,,,,,,,
SV024,L,102,3,2,0,1,2,Fixation,,,,,,,,,,,,
SV024,L,103,3,2,0,0,2,Fixation,,,,,,,,,,,,
SV024,L,104,3,0,0,1,2,Fixation,,,,,,,,,,,,
SV024,L,105,2,2,1,1,2,Fixation,,,,,,,,,,,,
SV024,L,106,3,2,0,0,2,Fixation,,,,,,,,,,,,
SV024,L,107,3,0,0,0,2,Fixation,,,,,,,,,,,,
SV024,L,108,3,2,1,1,2,Fixation,,,,,,,,,,,,
SV024,L,109,3,0,0,0,3,Fixation,,,,,,,,,,,,
SV024,L,110,3,2,1,0,2,Fixation,,,,,,,,,,,,
SV024,L,111,2,2,0,1,2,Fixation,,,,,,,,,,,,
SV024,L,112,3,2,0,0,2,Fixation,,,,,,,,,,,,
SV024,L,113,2,3,0,0,2,Fixation,,,,,,,,,,,,
SV024,L,114,2,2,0,1,2,Fixation,,,,,,,,,,,,
SV024,L,115,3,3,1,0,2,Fixation,,,,,,,,,,,,
SV024,L,116,2,3,0,0,2,Fixation,,,,,,,,,,,,
SV024,L,117,3,3,0,1,2,Fixation,,,,,,,,,,,,
SV024,L,118,2,2,0,0,2,Fixation,,,,,,,,,,,,
SV024,L,119,3,3,0,0,2,Fixation,,,,,,,,,,,,
SV024,L,120,2,2,1,0,2,Fixation,,,,,,,,,,,,
SV024,L,121,2,2,1,1,2,Fixation,,,,,,,,,,,,
SV024,L,122,3,0,1,0,2,Fixation,,,,,,,,,,,,
SV024,L,123,3,3,0,1,2,Fixation,,,,,,,,,,,,
SV024,L,124,2,0,0,1,2,Fixation,,,,,,,,,,,,
SV024,L,125,3,2,0,1,2,Fixation,,,,,,,,,,,,
SV024,L,126,2,2,0,1,2,Fixation,,,,,,,,,,,,
SV024,L,127,2,3,1,0,3,Fixation,,,,,,,,,,,,
SV024,L,128,3,3,0,0,3,Fixation,,,,,,,,,,,,
SV024,L,129,3,2,1,0,2,Fixation,,,,,,,,,,,,
SV024,L,130,3,3,1,0,2,Fixation,,,,,,,,,,,,
SV024,L,131,3,3,1,1,2,Fixation,,,,,,,,,,,,
SV024,L,132,2,2,0,0,2,Fixation,,,,,,,,,,,,
SV024,L,133,2,3,0,0,2,Fixation,,,,,,,,,,,,
SV024,L,134,3,3,1,0,2,Fixation,,,,,,,,,,,,
SV024,L,135,2,3,0,0,2,Fixation,,,,,,,,,,,,
SV024,L,136,2,2,1,1,2,Fixation,,,,,,,,,,,,
SV024,L,137,3,0,1,0,2,Fixation,,,,,,,,,,,,
SV024,L,138,2,0,1,0,2,Fixation,,,,,,,,,,,,
SV024,L,139,2,3,1,0,3,Fixation,,,,,,,,,,,,
SV024,L,140,3,0,1,1,2,Fixation,,,,,,,,,,,,
SV024,L,141,3,0,1,0,2,Fixation,,,,,,,,,,,,
SV024,L,142,2,3,1,0,2,Fixation,,,,,,,,,,,,
SV024,L,143,2,0,0,0,2,Fixation,,,,,,,,,,,,
SV024,L,144,3,0,0,1,2,Fixation,,,,,,,,,,,,
SV024,L,145,3,3,1,1,2,Fixation,,,,,,,,,,,,
SV024,L,146,2,2,1,0,2,Fixation,,,,,,,,,,,,
SV024,L,147,2,2,0,1,2,Fixation,,,,,,,,,,,,
SV024,L,148,3,3,1,0,2,Fixation,,,,,,,,,,,,
SV024,L,149,3,3,0,0,3,Fixation,,,,,,,,,,,,
SV024,L,150,2,0,0,0,2,Fixation,,,,,,,,,,,,
SV024,L,151,3,2,0,0,2,Fixation,,,,,,,,,,,,
SV024,L,152,2,0,1,0,2,Fixation,,,,,,,,,,,,
SV024,L,153,3,0,1,1,2,Fixation,,,,,,,,,,,,
SV024,L,154,3,2,1,0,2,Fixation,,,,,,,,,,,,
SV024,L,155,3,2,1,0,2,Fixation,,,,,,,,,,,,
SV024,L,156,2,2,1,1,2,Fixation,,,,,,,,,,,,
SV024,L,157,3,3,1,0,2,Fixation,,,,,,,,,,,,
SV024,L,158,2,3,0,1,2,Fixation,,,,,,,,,,,,
SV024,L,159,3,2,0,1,2,Fixation,,,,,,,,,,,,
SV024,L,160,3,3,0,1,2,Fixation,,,,,,,,,,,,
SV024,L,161,2,3,0,0,2,Fixation,,,,,,,,,,,,
SV024,L,162,2,2,0,1,2,Fixation,,,,,,,,,,,,
SV024,L,163,2,2,1,1,2,Fixation,,,,,,,,,,,,
SV024,L,164,2,3,1,1,2,Fixation,,,,,,,,,,,,
SV024,L,165,2,0,1,1,2,Fixation,,,,,,,,,,,,
SV024,L,166,2,0,0,1,2,Fixation,,,,,,,,,,,,
SV024,L,167,3,2,1,0,2,Fixation,,,,,,,,,,,,
SV024,L,168,2,0,0,0,2,Fixation,,,,,,,,,,,,
SV024,L,169,2,0,0,1,2,Fixation,,,,,,,,,,,,
SV024,L,170,2,0,1,0,2,Fixation,,,,,,,,,,,,
SV024,L,171,2,0,0,1,2,Fixation,,,,,,,,,,,,
SV024,L,172,2,0,0,1,2,Fixation,,,,,,,,,,,,
SV024,L,173,3,3,0,0,3,Fixation,,,,,,,,,,,,
SV024,L,174,3,0,0,1,2,Fixation,,,,,,,,,,,,
SV024,L,175,2,3,1,1,2,Fixation,,,,,,,,,,,,
SV024,L,176,3,3,1,0,2,Fixation,,,,,,,,,,,,
SV024,L,177,2,2,0,0,2,Fixation,,,,,,,,,,,,
SV024,L,178,2,0,1,0,2,Fixation,,,,,,,,,,,,
SV024,L,179,2,0,1,0,2,Fixation,,,,,,,,,,,,
SV024,L,180,2,2,0,1,2,Fixation,,,,,,,,,,,,
SV024,L,181,2,3,1,0,2,Fixation,,,,,,,,,,,,
SV024,L,182,2,2,1,1,2,Fixation,,,,,,,,,,,,
SV024,L,183,2,0,0,1,2,Fixation,,,,,,,,,,,,
SV024,L,184,3,0,1,1,2,Fixation,,,,,,,,,,,,
SV024,L,185,3,3,1,0,2,Fixation,,,,,,,,,,,,
SV024,L,186,2,0,0,0,2,Fixation,,,,,,,,,,,,
SV024,L,187,3,3,1,0,2,Fixation,,,,,,,,,,,,
SV024,L,188,3,2,0,1,2,Fixation,,,,,,,,,,,,
SV024,L,189,2,0,1,1,2,Fixation,,,,,,,,,,,,
SV024,L,190,2,3,0,0,3,Fixation,,,,,,,,,,,,
SV024,L,191,3,2,1,0,2,Fixation,,,,,,,,,,,,
SV024,L,192,2,2,0,1,2,Fixation,,,,,,,,,,,,
SV024,L,193,3,0,1,1,2,Fixation,,,,,,,,,,,,
SV024,L,194,2,3,1,1,2,Fixation,,,,,,,,,,,,
SV024,L,195,3,2,1,0,2,Fixation,,,,,,,,,,,,
SV024,L,196,2,0,1,0,2,Fixation,,,,,,,,,,,,
SV024,L,197,2,0,1,1,2,Fixation,,,,,,,,,,,,
SV024,L,198,3,2,1,1,2,Fixation,,,,,,,,,,,,
SV024,L,199,3,0,1,0,2,Fixation,,,,,,,,,,,,
SV024,L,200,3,2,0,1,2,Fixation,,,,,,,,,,,,
SV024,L,201,2,3,0,1,3,Fixation,,,,,,,,,,,,
SV024,L,202,2,2,0,0,2,Fixation,,,,,,,,,,,,
SV024,L,203,2,0,1,0,2,Fixation,,,,,,,,,,,,
SV024,L,204,2,2,1,0,2,Fixation,,,,,,,,,,,,
SV024,L,205,3,2,0,0,2,Fixation,,,,,,,,,,,,
SV024,L,206,2,2,1,1,2,Fixation,,,,,,,,,,,,
SV024,L,207,3,3,1,1,2,Fixation,,,,,,,,,,,,
SV024,L,208,3,3,1,1,2,Fixation,,,,,,,,,,,,
SV024,L,209,3,2,1,1,2,Fixation,,,,,,,,,,,,
SV024,L,210,3,3,1,0,3,Fixation,,,,,,,,,,,,
SV024,L,211,2,2,1,0,2,Fixation,,,,,,,,,,,,
SV024,L,212,3,2,0,1,2,Fixation,,,,,,,,,,,,
SV024,L,213,3,3,0,1,2,Fixation,,,,,,,,,,,,
SV024,L,214,3,3,0,0,3,Fixation,,,,,,,,,,,,
SV024,L,215,2,2,1,1,2,Fixation,,,,,,,,,,,,
SV024,L,216,3,3,1,1,2,Fixation,,,,,,,,,,,,
SV024,L,217,2,3,0,0,2,Fixation,,,,,,,,,,,,
SV024,L,218,2,0,1,1,2,Fixation,,,,,,,,,,,,
SV024,L,219,2,3,1,1,2,Fixation,,,,,,,,,,,,
SV024,L,220,2,0,1,0,2,Fixation,,,,,,,,,,,,
SV024,L,221,3,3,0,0,3,Fixation,,,,,,,,,,,,
SV024,L,222,2,3,1,0,2,Fixation,,,,,,,,,,,,
SV024,L,223,3,2,1,0,2,Fixation,,,,,,,,,,,,
SV024,L,224,2,3,1,1,2,Fixation,,,,,,,,,,,,
SV024,L,225,2,2,0,0,2,Fixation,,,,,,,,,,,,
SV024,L,226,3,2,1,0,2,Fixation,,,,,,,,,,,,
SV024,L,227,3,2,0,1,2,Fixation,,,,,,,,,,,,
SV024,L,228,3,0,0,1,1,Fixation,,,,,,,,,,,,
SV024,L,229,2,3,0,1,3,Fixation,,,,,,,,,,,,
SV024,L,230,3,3,0,1,3,Fixation,,,,,,,,,,,,
SV024,L,231,2,0,1,1,1,Fixation,,,,,,,,,,,,
SV024,L,232,2,3,1,1,2,Fixation,,,,,,,,,,,,
SV024,L,233,2,3,1,0,2,Fixation,,,,,,,,,,,,
SV024,L,234,2,2,1,1,2,Fixation,,,,,,,,,,,,
SV024,L,235,2,3,0,1,3,Fixation,,,,,,,,,,,,
SV024,L,236,3,2,1,1,1,Fixation,,,,,,,,,,,,
SV024,L,237,2,0,1,1,1,Fixation,,,,,,,,,,,,
SV024,L,238,2,3,1,1,2,Fixation,,,,,,,,,,,,
SV024,L,239,3,0,0,0,2,Fixation,,,,,,,,,,,,
SV024,L,240,2,0,0,0,2,Fixation,,,,,,,,,,,,
SV024,L,241,3,2,0,0,2,Fixation,,,,,,,,,,,,
SV024,L,242,3,0,1,0,0,Fixation,,,,,,,,,,,,
SV024,L,243,2,3,0,0,3,Fixation,,,,,,,,,,,,
SV024,L,244,3,3,0,1,3,Fixation,,,,,,,,,,,,
SV024,L,245,2,3,0,1,3,Fixation,,,,,,,,,,,,
SV024,L,246,2,0,1,1,0,Fixation,,,,,,,,,,,,
SV024,L,247,2,2,0,1,2,Fixation,,,,,,,,,,,,
SV024,L,248,3,0,1,1,0,Fixation,,,,,,,,,,,,
SV024,L,249,3,3,0,1,3,Fixation,,,,,,,,,,,,
SV024,L,250,3,0,0,0,0,Fixation,,,,,,,,,,,,
SV024,L,251,2,3,1,1,3,Fixation,,,,,,,,,,,,
SV024,L,252,2,3,1,0,2,Fixation,,,,,,,,,,,,
SV024,L,253,2,0,0,0,0,Fixation,,,,,,,,,,,,
SV024,L,254,2,0,1,0,0,Fixation,,,,,,,,,,,,
SV024,L,255,2,0,1,0,0,Fixation,,,,,,,,,,,,
SV024,L,256,3,2,1,0,2,Fixation,,,,,,,,,,,,
SV024,L,257,3,0,0,1,0,Fixation,,,,,,,,,,,,
SV024,L,258,2,0,1,0,0,Fixation,,,,,,,,,,,,
SV024,L,259,2,0,1,0,0,Fixation,,,,,,,,,,,,
SV024,L,260,2,0,1,1,0,Fixation,,,,,,,,,,,,
SV024,L,261,3,3,1,0,3,Fixation,,,,,,,,,,,,
SV024,L,262,3,0,0,0,0,Fixation,,,,,,,,,,,,
SV024,L,263,3,3,0,1,3,Fixation,,,,,,,,,,,,
SV024,L,264,2,3,1,0,3,Fixation,,,,,,,,,,,,
SV024,L,265,2,0,1,1,0,Fixation,,,,,,,,,,,,
SV024,L,266,3,2,0,1,2,Fixation,,,,,,,,,,,,
SV024,L,267,2,3,0,0,3,Fixation,,,,,,,,,,,,
SV024,L,268,2,0,0,1,0,Fixation,,,,,,,,,,,,
SV024,L,269,3,3,1,1,3,Fixation,,,,,,,,,,,,
SV024,L,270,3,0,1,1,0,Fixation,,,,,,,,,,,,
SV024,L,271,2,0,0,0,0,Fixation,,,,,,,,,,,,
SV024,L,272,2,2,1,0,2,Fixation,,,,,,,,,,,,
SV024,L,273,2,2,1,1,2,Fixation,,,,,,,,,,,,
SV024,L,274,2,0,1,0,0,Fixation,,,,,,,,,,,,
SV024,L,275,3,2,0,0,2,Fixation,,,,,,,,,,,,
SV024,L,276,3,2,1,0,2,Fixation,,,,,,,,,,,,
SV024,L,277,3,3,1,1,3,Fixation,,,,,,,,,,,,
SV024,L,278,3,3,0,1,3,Fixation,,,,,,,,,,,,
SV024,L,279,2,2,0,0,2,Fixation,,,,,,,,,,,,
SV024,L,280,2,2,0,1,2,Fixation,,,,,,,,,,,,
SV024,L,281,2,3,0,0,3,Fixation,,,,,,,,,,,,
SV024,L,282,2,3,1,0,3,Fixation,,,,,,,,,,,,
SV024,L,283,3,2,0,0,2,Fixation,,,,,,,,,,,,
SV024,L,284,2,3,0,0,3,Fixation,,,,,,,,,,,,
SV024,L,285,3,0,0,1,0,Fixation,,,,,,,,,,,,
SV024,L,286,2,3,0,1,3,Fixation,,,,,,,,,,,,
SV024,L,287,3,2,0,0,2,Fixation,,,,,,,,,,,,
SV024,L,288,3,2,1,1,2,Fixation,,,,,,,,,,,,
SV024,L,289,3,0,1,1,0,Fixation,,,,,,,,,,,,
SV024,L,290,3,2,0,0,2,Fixation,,,,,,,,,,,,
SV024,L,291,2,0,0,1,0,Fixation,,,,,,,,,,,,
SV024,L,292,2,2,0,0,2,Fixation,,,,,,,,,,,,
SV024,L,293,3,0,1,0,0,Fixation,,,,,,,,,,,,
SV024,L,294,3,3,1,1,3,Fixation,,,,,,,,,,,,
SV024,L,295,2,2,1,1,2,Fixation,,,,,,,,,,,,
SV024,L,296,2,3,1,1,3,Fixation,,,,,,,,,,,,
SV024,L,297,2,0,0,1,0,Fixation,,,,,,,,,,,,
SV024,L,298,3,3,1,0,3,Fixation,,,,,,,,,,,,
SV024,L,299,3,0,0,0,0,Fixation,,,,,,,,,,,,
SV024,L,300,3,3,1,1,3,Fixation,,,,,,,,,,,,
SV024,L,301,3,3,1,0,3,Fixation,,,,,,,,,,,,
SV024,L,302,3,0,0,1,0,Fixation,,,,,,,,,,,,
SV024,L,303,2,2,1,1,2,Fixation,,,,,,,,,,,,
SV024,L,304,2,2,1,1,2,Fixation,,,,,,,,,,,,
SV024,L,305,3,3,1,1,2,Fixation,,,,,,,,,,,,
SV024,L,306,3,0,1,0,0,Fixation,,,,,,,,,,,,
SV024,L,307,3,3,0,0,3,Fixation,,,,,,,,,,,,
SV024,L,308,2,3,0,0,3,Fixation,,,,,,,,,,,,
SV024,L,309,3,3,1,0,3,Fixation,,,,,,,,,,,,
SV024,L,310,3,3,0,0,3,Fixation,,,,,,,,,,,,
SV024,L,311,3,2,1,0,2,Fixation,,,,,,,,,,,,
SV024,L,312,3,0,1,1,0,Fixation,,,,,,,,,,,,
SV024,L,313,2,0,0,0,0,Fixation,,,,,,,,,,,,
SV024,L,314,2,3,0,0,3,Fixation,,,,,,,,,,,,
SV024,L,315,3,2,0,1,2,Fixation,,,,,,,,,,,,
SV024,L,316,3,2,0,1,2,Fixation,,,,,,,,,,,,
SV024,L,317,3,0,0,0,0,Fixation,,,,,,,,,,,,
SV024,L,318,3,0,0,1,0,Fixation,,,,,,,,,,,,
SV024,L,319,2,2,0,1,2,Fixation,,,,,,,,,,,,
SV024,L,320,2,3,1,1,3,Fixation,,,,,,,,,,,,
SV024,L,321,2,0,0,0,0,Fixation,,,,,,,,,,,,
SV024,L,322,3,3,0,0,3,Fixation,,,,,,,,,,,,
SV024,L,323,3,0,1,1,0,Fixation,,,,,,,,,,,,
SV024,L,324,3,0,1,0,0,Fixation,,,,,,,,,,,,
SV024,L,325,2,0,1,1,0,Fixation,,,,,,,,,,,,
SV024,L,326,3,3,1,1,3,Fixation,,,,,,,,,,,,
SV024,L,327,2,0,0,0,0,Fixation,,,,,,,,,,,,
SV024,L,328,3,3,1,1,3,Fixation,,,,,,,,,,,,
SV024,L,329,3,0,1,1,0,Fixation,,,,,,,,,,,,
SV024,L,330,3,3,1,0,3,Fixation,,,,,,,,,,,,
SV024,L,331,2,0,1,0,0,Fixation,,,,,,,,,,,,
SV024,L,332,2,3,1,1,3,Fixation,,,,,,,,,,,,
SV024,L,333,2,2,1,0,2,Fixation,,,,,,,,,,,,
SV024,L,334,3,2,0,1,2,Fixation,,,,,,,,,,,,
SV024,L,335,2,0,1,0,0,Fixation,,,,,,,,,,,,
SV024,L,336,2,0,0,0,0,Fixation,,,,,,,,,,,,
SV024,L,337,2,0,0,0,0,Fixation,,,,,,,,,,,,
SV024,L,338,3,2,0,1,2,Fixation,,,,,,,,,,,,
SV024,L,339,3,2,1,0,2,Fixation,,,,,,,,,,,,
SV024,L,340,3,0,0,0,0,Fixation,,,,,,,,,,,,
SV024,L,341,3,0,0,1,0,Fixation,,,,,,,,,,,,
SV024,L,342,3,2,0,0,2,Fixation,,,,,,,,,,,,
SV024,L,343,3,2,1,1,2,Fixation,,,,,,,,,,,,
SV024,L,344,2,2,0,0,2,Fixation,,,,,,,,,,,,
SV024,L,345,2,2,1,0,2,Fixation,,,,,,,,,,,,
SV024,L,346,3,0,1,0,0,Fixation,,,,,,,,,,,,
SV024,L,347,2,0,1,0,0,Fixation,,,,,,,,,,,,
SV024,L,348,3,3,1,0,3,Fixation,,,,,,,,,,,,
SV024,L,349,2,0,1,1,0,Fixation,,,,,,,,,,,,
SV024,L,350,3,0,1,1,0,Fixation,,,,,,,,,,,,
SV024,L,351,3,2,0,0,2,Fixation,,,,,,,,,,,,
SV024,L,352,3,3,0,0,3,Fixation,,,,,,,,,,,,
SV024,L,353,3,2,0,1,2,Fixation,,,,,,,,,,,,
SV024,L,354,2,3,0,1,3,Fixation,,,,,,,,,,,,
SV024,L,355,3,3,0,0,3,Fixation,,,,,,,,,,,,
SV024,L,356,3,0,0,0,0,Fixation,,,,,,,,,,,,
SV024,L,357,2,2,0,1,2,Fixation,,,,,,,,,,,,
SV024,L,358,3,3,1,1,3,Fixation,,,,,,,,,,,,
SV024,L,359,2,0,1,1,0,Fixation,,,,,,,,,,,,
SV024,L,360,2,3,1,1,3,Fixation,,,,,,,,,,,,
SV024,L,361,2,3,0,0,3,Fixation,,,,,,,,,,,,
SV024,L,362,2,0,0,1,0,Fixation,,,,,,,,,,,,
SV024,L,363,2,3,0,1,3,Fixation,,,,,,,,,,,,
SV024,L,364,2,0,0,1,0,Fixation,,,,,,,,,,,,
SV024,L,365,2,2,0,1,2,Fixation,,,,,,,,,,,,
SV024,L,366,3,2,1,0,2,Fixation,,,,,,,,,,,,
SV024,L,367,2,3,1,0,3,Fixation,,,,,,,,,,,,
SV024,L,368,2,0,1,1,0,Fixation,,,,,,,,,,,,
SV024,L,369,2,2,1,0,2,Fixation,,,,,,,,,,,,
SV024,L,370,2,3,1,0,3,Fixation,,,,,,,,,,,,
SV024,L,371,3,2,1,0,2,Fixation,,,,,,,,,,,,
SV024,L,372,3,3,0,1,3,Fixation,,,,,,,,,,,,
SV024,L,373,3,3,0,1,3,Fixation,,,,,,,,,,,,
SV024,L,374,2,3,0,0,3,Fixation,,,,,,,,,,,,
SV024,L,375,3,0,0,0,0,Fixation,,,,,,,,,,,,
SV024,L,376,2,3,1,1,3,Fixation,,,,,,,,,,,,
SV024,L,377,2,2,0,0,2,Fixation,,,,,,,,,,,,
SV024,L,378,3,2,1,1,2,Fixation,,,,,,,,,,,,
SV024,L,379,3,2,0,0,2,Fixation,,,,,,,,,,,,
SV024,L,380,2,2,0,1,2,Fixation,,,,,,,,,,,,
SV024,L,381,2,2,1,1,2,Fixation,,,,,,,,,,,,
SV024,L,382,3,2,1,1,2,Fixation,,,,,,,,,,,,
SV024,L,383,3,2,1,1,2,Fixation,,,,,,,,,,,,
SV024,L,384,3,2,1,1,2,Fixation,,,,,,,,,,,,
SV024,L,385,3,2,0,1,2,Fixation,,,,,,,,,,,,
SV024,L,386,3,0,0,1,0,Fixation,,,,,,,,,,,,
SV024,L,387,3,2,1,0,2,Fixation,,,,,,,,,,,,
SV024,L,388,3,0,0,0,0,Fixation,,,,,,,,,,,,
SV024,L,389,2,0,0,1,0,Fixation,,,,,,,,,,,,
SV024,L,390,3,3,0,1,3,Fixation,,,,,,,,,,,,
SV024,L,391,3,2,1,1,2,Fixation,,,,,,,,,,,,
SV024,L,392,2,2,0,1,2,Fixation,,,,,,,,,,,,
SV024,L,393,2,0,1,1,0,Fixation,,,,,,,,,,,,
SV024,L,394,2,3,1,0,3,Fixation,,,,,,,,,,,,
SV024,L,395,3,0,1,0,0,Fixation,,,,,,,,,,,,
SV024,L,396,3,2,0,1,2,Fixation,,,,,,,,,,,,
SV024,L,397,3,3,0,0,3,Fixation,,,,,,,,,,,,
SV024,L,398,3,2,1,1,2,Fixation,,,,,,,,,,,,
SV024,L,399,2,2,1,0,2,Fixation,,,,,,,,,,,,
SV024,L,400,2,2,0,1,2,Fixation,,,,,,,,,,,,
SV024,L,401,3,0,0,1,0,Fixation,,,,,,,,,,,,
SV024,L,402,2,2,1,0,2,Fixation,,,,,,,,,,,,
SV024,L,403,2,2,1,0,2,Fixation,,,,,,,,,,,,
SV024,L,404,2,2,0,0,2,Fixation,,,,,,,,,,,,
SV024,L,405,2,2,0,0,2,Fixation,,,,,,,,,,,,
SV024,L,406,3,2,1,0,2,Fixation,,,,,,,,,,,,
SV024,L,407,3,0,1,1,0,Fixation,,,,,,,,,,,,
SV024,L,408,3,3,1,0,3,Fixation,,,,,,,,,,,,
SV024,L,409,3,3,1,0,3,Fixation,,,,,,,,,,,,
SV024,L,410,3,0,1,0,0,Fixation,,,,,,,,,,,,
SV024,L,411,2,2,1,1,2,Fixation,,,,,,,,,,,,
SV024,L,412,2,0,1,1,0,Fixation,,,,,,,,,,,,
SV024,L,413,2,2,1,0,2,Fixation,,,,,,,,,,,,
SV024,L,414,3,3,0,0,3,Fixation,,,,,,,,,,,,
SV024,L,415,3,0,1,0,0,Fixation,,,,,,,,,,,,
SV024,L,416,3,3,0,1,3,Fixation,,,,,,,,,,,,
SV024,L,417,2,0,0,0,0,Fixation,,,,,,,,,,,,
SV024,L,418,2,3,0,1,3,Fixation,,,,,,,,,,,,
SV024,L,419,3,0,0,1,0,Fixation,,,,,,,,,,,,
SV024,L,420,2,0,0,0,0,Fixation,,,,,,,,,,,,
SV024,L,421,2,0,0,1,0,Fixation,,,,,,,,,,,,
SV024,L,422,2,2,0,1,2,Fixation,,,,,,,,,,,,
SV024,L,423,3,0,0,1,0,Fixation,,,,,,,,,,,,
SV024,L,424,2,3,1,1,3,Fixation,,,,,,,,,,,,
SV024,L,425,3,3,0,0,3,Fixation,,,,,,,,,,,,
SV024,L,426,2,3,1,0,3,Fixation,,,,,,,,,,,,
SV024,L,427,3,3,1,1,3,Fixation,,,,,,,,,,,,
SV024,L,428,2,3,1,1,3,Fixation,,,,,,,,,,,,
SV024,L,429,2,2,0,0,2,Fixation,,,,,,,,,,,,
SV024,L,430,3,3,0,0,3,Fixation,,,,,,,,,,,,
SV024,L,431,2,3,0,1,3,Fixation,,,,,,,,,,,,
SV024,L,432,3,0,0,0,0,Fixation,,,,,,,,,,,,
SV024,L,433,3,3,0,0,3,Fixation,,,,,,,,,,,,
SV024,L,434,3,0,1,0,0,Fixation,,,,,,,,,,,,
SV024,L,435,2,0,0,1,0,Fixation,,,,,,,,,,,,
SV024,L,436,3,2,1,0,2,Fixation,,,,,,,,,,,,
SV024,L,437,3,2,0,0,2,Fixation,,,,,,,,,,,,
SV024,L,438,2,3,1,1,3,Fixation,,,,,,,,,,,,
SV024,L,439,2,3,1,0,3,Fixation,,,,,,,,,,,,
SV024,L,440,2,3,1,1,3,Fixation,,,,,,,,,,,,
SV024,L,441,2,3,1,0,3,Fixation,,,,,,,,,,,,
SV024,L,442,2,0,0,1,0,Fixation,,,,,,,,,,,,
SV024,L,443,2,2,1,0,2,Fixation,,,,,,,,,,,,
SV024,L,444,3,3,0,1,3,Fixation,,,,,,,,,,,,
SV024,L,445,2,0,1,0,0,Fixation,,,,,,,,,,,,
SV024,L,446,3,3,0,1,3,Fixation,,,,,,,,,,,,
SV024,L,447,3,0,1,1,0,Fixation,,,,,,,,,,,,
SV024,L,448,2,3,1,0,3,Fixation,,,,,,,,,,,,
SV024,L,449,2,2,1,0,2,Fixation,,,,,,,,,,,,
SV024,L,450,3,3,1,0,3,Fixation,,,,,,,,,,,,
SV024,L,451,3,0,1,1,0,Fixation,,,,,,,,,,,,
SV024,L,452,2,3,0,1,3,Fixation,,,,,,,,,,,,
SV024,L,453,3,0,1,0,0,Fixation,,,,,,,,,,,,
SV024,L,454,3,2,0,1,2,Fixation,,,,,,,,,,,,
SV024,L,455,3,3,1,1,2,Fixation,,,,,,,,,,,,
SV024,L,456,2,0,1,1,0,Fixation,,,,,,,,,,,,
SV024,L,457,2,2,0,1,2,Fixation,,,,,,,,,,,,
SV024,L,458,2,0,0,1,0,Fixation,,,,,,,,,,,,
SV024,L,459,2,3,0,1,3,Fixation,,,,,,,,,,,,
SV024,L,460,2,3,0,1,3,Fixation,,,,,,,,,,,,
SV024,L,461,3,0,0,1,0,Fixation,,,,,,,,,,,,
SV024,L,462,2,2,1,1,2,Fixation,,,,,,,,,,,,
SV024,L,463,3,0,0,0,0,Fixation,,,,,,,,,,,,
SV024,L,464,3,2,0,0,2,Fixation,,,,,,,,,,,,
SV024,L,465,2,3,0,0,3,Fixation,,,,,,,,,,,,
SV024,L,466,2,2,1,1,2,Fixation,,,,,,,,,,,,
SV024,L,467,2,3,0,0,3,Fixation,,,,,,,,,,,,
SV024,L,468,3,3,1,0,3,Fixation,,,,,,,,,,,,
SV024,L,469,2,2,0,0,2,Fixation,,,,,,,,,,,,
SV024,L,470,3,2,1,0,2,Fixation,,,,,,,,,,,,
SV024,L,471,2,2,1,1,2,Fixation,,,,,,,,,,,,
SV024,L,472,3,2,0,1,2,Fixation,,,,,,,,,,,,
SV024,L,473,2,0,1,0,0,Fixation,,,,,,,,,,,,
SV024,L,474,2,3,0,1,3,Fixation,,,,,,,,,,,,
SV024,L,475,3,2,1,1,2,Fixation,,,,,,,,,,,,
SV024,L,476,3,2,1,1,2,Fixation,,,,,,,,,,,,
SV024,L,477,2,2,0,0,2,Fixation,,,,,,,,,,,,
SV024,L,478,2,0,0,0,0,Fixation,,,,,,,,,,,,
SV024,L,479,2,2,1,1,2,Fixation,,,,,,,,,,,,
SV024,L,480,2,2,0,0,2,Fixation,,,,,,,,,,,,
SV024,R,1,2,2,0,0,2,Fixation,,,,,,,,,,,,
SV024,R,2,3,0,1,1,2,Fixation,,,,,,,,,,,,
SV024,R,3,2,3,0,1,2,Fixation,,,,,,,,,,,,
SV024,R,4,3,2,1,0,2,Fixation,,,,,,,,,,,,
SV024,R,5,3,0,1,0,2,Fixation,,,,,,,,,,,,
SV024,R,6,3,3,1,1,2,Fixation,,,,,,,,,,,,
SV024,R,7,3,0,0,1,2,Fixation,,,,,,,,,,,,
SV024,R,8,2,0,0,1,2,Fixation,,,,,,,,,,,,
SV024,R,9,3,3,1,1,2,Fixation,,,,,,,,,,,,
SV024,R,10,3,2,1,0,2,Fixation,,,,,,,,,,,,
SV024,R,11,3,2,1,0,2,Fixation,,,,,,,,,,,,
SV024,R,12,2,2,0,0,2,Fixation,,,,,,,,,,,,
SV024,R,13,3,2,0,0,2,Fixation,,,,,,,,,,,,
SV024,R,14,3,3,1,0,2,Fixation,,,,,,,,,,,,
SV024,R,15,2,3,1,1,3,Fixation,,,,,,,,,,,,
SV024,R,16,3,2,0,1,2,Fixation,,,,,,,,,,,,
SV024,R,17,3,3,1,1,2,Fixation,,,,,,,,,,,,
SV024,R,18,2,3,0,0,2,Fixation,,,,,,,,,,,,
SV024,R,19,2,3,0,1,2,Fixation,,,,,,,,,,,,
SV024,R,20,3,2,0,0,2,Fixation,,,,,,,,,,,,
SV024,R,21,3,2,0,0,3,Fixation,,,,,,,,,,,,
SV024,R,22,3,3,0,1,2,Fixation,,,,,,,,,,,,
SV024,R,23,2,0,1,1,2,Fixation,,,,,,,,,,,,
SV024,R,24,2,2,1,1,2,Fixation,,,,,,,,,,,,
SV024,R,25,2,0,0,0,2,Fixation,,,,,,,,,,,,
SV024,R,26,3,0,0,0,3,Fixation,,,,,,,,,,,,
SV024,R,27,2,0,1,1,2,Fixation,,,,,,,,,,,,
SV024,R,28,3,2,1,1,2,Fixation,,,,,,,,,,,,
SV024,R,29,3,3,0,1,2,Fixation,,,,,,,,,,,,
SV024,R,30,3,3,0,1,2,Fixation,,,,,,,,,,,,
SV024,R,31,3,3,1,0,3,Fixation,,,,,,,,,,,,
SV024,R,32,2,2,0,0,2,Fixation,,,,,,,,,,,,
SV024,R,33,2,0,0,1,2,Fixation,,,,,,,,,,,,
SV024,R,34,3,0,0,1,2,Fixation,,,,,,,,,,,,
SV024,R,35,3,2,0,1,2,Fixation,,,,,,,,,,,,
SV024,R,36,2,0,0,0,2,Fixation,,,,,,,,,,,,
SV024,R,37,2,0,0,1,2,Fixation,,,,,,,,,,,,
SV024,R,38,2,0,1,0,2,Fixation,,,,,,,,,,,,
SV024,R,39,3,2,0,1,2,Fixation,,,,,,,,,,,,
SV024,R,40,2,0,1,0,2,Fixation,,,,,,,,,,,,
SV024,R,41,3,2,0,0,2,Fixation,,,,,,,,,,,,
SV024,R,42,3,3,1,0,2,Fixation,,,,,,,,,,,,
SV024,R,43,3,0,1,0,2,Fixation,,,,,,,,,,,,
SV024,R,44,3,3,0,0,3,Fixation,,,,,,,,,,,,
SV024,R,45,3,3,0,0,3,Fixation,,,,,,,,,,,,
SV024,R,46,3,3,0,1,2,Fixation,,,,,,,,,,,,
SV024,R,47,2,2,0,0,2,Fixation,,,,,,,,,,,,
SV024,R,48,2,3,0,1,3,Fixation,,,,,,,,,,,,
SV024,R,49,3,2,0,1,2,Fixation,,,,,,,,,,,,
SV024,R,50,2,0,1,0,2,Fixation,,,,,,,,,,,,
SV024,R,51,2,2,1,0,2,Fixation,,,,,,,,,,,,
SV024,R,52,3,0,0,1,2,Fixation,,,,,,,,,,,,
SV024,R,53,3,3,0,1,2,Fixation,,,,,,,,,,,,
SV024,R,54,3,2,0,1,2,Fixation,,,,,,,,,,,,
SV024,R,55,3,3,0,0,3,Fixation,,,,,,,,,,,,
SV024,R,56,3,3,1,1,1,Fixation,,,,,,,,,,,,
SV024,R,57,2,2,1,0,2,Fixation,,,,,,,,0.5,0.5,58.0,58.0,12.0
SV024,R,58,2,3,1,1,2,Fixation,,,,,,,,,,,,
SV024,R,59,2,3,0,0,2,Fixation,,,,,,,,,,,,
SV024,R,60,2,3,0,1,2,Fixation,,,,,,,,,,,,
SV024,R,61,3,0,1,1,2,Fixation,,,,,,,,,,,,
SV024,R,62,2,3,1,1,2,Fixation,,,,,,,,,,,,
SV024,R,63,2,3,0,1,2,Fixation,,,,,,,,,,,,
SV024,R,64,2,2,1,1,2,Fixation,,,,,,,,,,,,
SV024,R,65,2,3,1,0,2,Fixation,,,,,,,,,,,,
SV024,R,66,3,0,0,1,2,Fixation,,,,,,,,,,,,
SV024,R,67,3,3,0,1,2,Fixation,,,,,,,,,,,,
SV024,R,68,3,3,0,0,3,Fixation,,,,,,,,,,,,
SV024,R,69,3,0,1,0,2,Fixation,,,,,,,,,,,,
SV024,R,70,3,3,1,0,2,Fixation,,,,,,,,,,,,
SV024,R,71,2,3,1,1,2,Fixation,,,,,,,,,,,,
SV024,R,72,2,0,0,0,2,Fixation,,,,,,,,,,,,
SV024,R,73,2,2,1,0,2,Fixation,,,,,,,,,,,,
SV024,R,74,3,2,0,0,2,Fixation,,,,,,,,,,,,
SV024,R,75,2,0,1,0,2,Fixation,,,,,,,,,,,,
SV024,R,76,3,2,1,0,2,Fixation,,,,,,,,,,,,
SV024,R,77,3,0,0,0,3,Fixation,,,,,,,,,,,,
SV024,R,78,2,3,0,1,3,Fixation,,,,,,,,,,,,
SV024,R,79,3,3,1,0,2,Fixation,,,,,,,,,,,,
SV024,R,80,2,3,0,1,2,Fixation,,,,,,,,,,,,
SV024,R,81,3,0,0,0,2,Fixation,,,,,,,,,,,,
SV024,R,82,3,2,1,1,2,Fixation,,,,,,,,,,,,
SV024,R,83,2,3,1,1,2,Fixation,,,,,,,,,,,,
SV024,R,84,2,0,1,0,2,Fixation,,,,,,,,,,,,
SV024,R,85,2,2,1,0,2,Fixation,,,,,,,,,,,,
SV024,R,86,2,2,0,1,2,Fixation,,,,,,,,,,,,
SV024,R,87,2,2,0,1,2,Fixation,,,,,,,,,,,,
SV024,R,88,2,0,1,0,2,Fixation,,,,,,,,,,,,
SV024,R,89,3,2,1,0,2,Fixation,,,,,,,,,,,,
SV024,R,90,2,0,1,1,2,Fixation,,,,,,,,,,,,
SV024,R,91,2,3,1,0,3,Fixation,,,,,,,,,,,,
SV024,R,92,3,0,0,0,3,Fixation,,,,,,,,,,,,
SV024,R,93,3,2,0,1,2,Fixation,,,,,,,,,,,,
SV024,R,94,2,2,1,0,2,Fixation,,,,,,,,,,,,
SV024,R,95,2,3,1,0,2,Fixation,,,,,,,,,,,,
SV024,R,96,2,0,1,0,2,Fixation,,,,,,,,,,,,
SV024,R,97,2,2,0,1,2,Fixation,,,,,,,,,,,,
SV024,R,98,2,0,0,1,2,Fixation,,,,,,,,,,,,
SV024,R,99,3,2,0,1,2,Fixation,,,,,,,,,,,,
SV024,R,100,3,0,1,0,2,Fixation,,,,,,,,,,,,
SV024,R,101,2,2,1,1,2,Fixation,,,,,,,,,,,,
SV024,R,102,3,2,0,0,2,Fixation,,,,,,,,,,,,
SV024,R,103,3,3,1,0,2,Fixation,,,,,,,,,,,,
SV024,R,104,3,3,0,0,3,Fixation,,,,,,,,,,,,
SV024,R,105,2,0,1,1,1,Fixation,,,,,,,,,,,,
SV024,R,106,2,0,0,0,2,Fixation,,,,,,,,,,,,
SV024,R,107,3,0,1,1,2,Fixation,,,,,,,,,,,,
SV024,R,108,2,0,0,1,2,Fixation,,,,,,,,,,,,
SV024,R,109,3,0,0,1,2,Fixation,,,,,,,,,,,,
SV024,R,110,3,0,0,1,3,Fixation,,,,,,,,,,,,
SV024,R,111,2,3,0,0,3,Fixation,,,,,,,,,,,,
SV024,R,112,2,0,0,0,2,Fixation,,,,,,,,,,,,
SV024,R,113,3,0,1,1,2,Fixation,,,,,,,,,,,,
SV024,R,114,3,3,0,1,3,Fixation,,,,,,,,,,,,
SV024,R,115,3,3,1,0,2,Fixation,,,,,,,,,,,,
SV024,R,116,2,0,1,0,2,Fixation,,,,,,,,,,,,
SV024,R,117,2,2,0,1,2,Fixation,,,,,,,,,,,,
SV024,R,118,3,3,0,0,2,Fixation,,,,,,,,,,,,
SV024,R,119,2,0,1,1,2,Fixation,,,,,,,,,,,,
SV024,R,120,2,0,0,1,2,Fixation,,,,,,,,,,,,
SV024,R,121,2,3,0,0,2,Fixation,,,,,,,,,,,,
SV024,R,122,2,2,0,1,2,Fixation,,,,,,,,,,,,
SV024,R,123,2,2,0,0,2,Fixation,,,,,,,,,,,,
SV024,R,124,3,0,0,1,2,Fixation,,,,,,,,,,,,
SV024,R,125,3,0,0,1,2,Fixation,,,,,,,,,,,,
SV024,R,126,3,3,0,0,3,Fixation,,,,,,,,,,,,
SV024,R,127,2,3,1,1,2,Fixation,,,,,,,,,,,,
SV024,R,128,2,2,1,1,2,Fixation,,,,,,,,,,,,
SV024,R,129,2,3,1,1,2,Fixation,,,,,,,,,,,,
SV024,R,130,3,0,1,1,2,Fixation,,,,,,,,,,,,
SV024,R,131,3,0,1,0,2,Fixation,,,,,,,,,,,,
SV024,R,132,2,0,0,0,3,Fixation,,,,,,,,,,,,
SV024,R,133,3,2,0,0,3,Fixation,,,,,,,,,,,,
SV024,R,134,3,3,0,1,3,Fixation,,,,,,,,,,,,
SV024,R,135,3,0,1,0,2,Fixation,,,,,,,,,,,,
SV024,R,136,3,3,1,1,2,Fixation,,,,,,,,,,,,
SV024,R,137,3,3,1,1,2,Fixation,,,,,,,,,,,,
SV024,R,138,3,0,1,1,2,Fixation,,,,,,,,,,,,
SV024,R,139,2,2,1,1,2,Fixation,,,,,,,,,,,,
SV024,R,140,2,0,0,0,2,Fixation,,,,,,,,,,,,
SV024,R,141,3,3,1,1,2,Fixation,,,,,,,,,,,,
SV024,R,142,2,2,0,1,2,Fixation,,,,,,,,,,,,
SV024,R,143,2,3,1,0,2,Fixation,,,,,,,,,,,,
SV024,R,144,2,0,0,0,2,Fixation,,,,,,,,,,,,
SV024,R,145,2,0,1,1,2,Fixation,,,,,,,,,,,,
SV024,R,146,3,0,1,1,2,Fixation,,,,,,,,,,,,
SV024,R,147,3,3,0,1,3,Fixation,,,,,,,,,,,,
SV024,R,148,3,0,1,1,2,Fixation,,,,,,,,,,,,
SV024,R,149,2,2,1,1,2,Fixation,,,,,,,,,,,,
SV024,R,150,3,2,1,1,2,Fixation,,,,,,,,,,,,
SV024,R,151,3,2,0,1,2,Fixation,,,,,,,,,,,,
SV024,R,152,2,2,1,1,2,Fixation,,,,,,,,,,,,
SV024,R,153,3,0,0,1,2,Fixation,,,,,,,,,,,,
SV024,R,154,2,3,1,1,2,Fixation,,,,,,,,,,,,
SV024,R,155,2,0,1,1,2,Fixation,,,,,,,,,,,,
SV024,R,156,3,0,1,0,2,Fixation,,,,,,,,,,,,
SV024,R,157,3,2,1,1,2,Fixation,,,,,,,,,,,,
SV024,R,158,3,0,0,0,3,Fixation,,,,,,,,,,,,
SV024,R,159,3,2,1,1,2,Fixation,,,,,,,,,,,,
SV024,R,160,2,3,1,0,2,Fixation,,,,,,,,,,,,
SV024,R,161,2,3,0,1,2,Fixation,,,,,,,,,,,,
SV024,R,162,3,2,0,0,2,Fixation,,,,,,,,,,,,
SV024,R,163,2,3,0,0,3,Fixation,,,,,,,,,,,,
SV024,R,164,2,3,0,1,3,Fixation,,,,,,,,,,,,
SV024,R,165,2,2,0,1,2,Fixation,,,,,,,,,,,,
SV024,R,166,3,2,0,1,2,Fixation,,,,,,,,,,,,
SV024,R,167,2,2,0,1,2,Fixation,,,,,,,,,,,,
SV024,R,168,2,3,0,0,2,Fixation,,,,,,,,,,,,
SV024,R,169,2,0,0,1,1,Fixation,,,,,,,,,,,,
SV024,R,170,3,0,0,0,2,Fixation,,,,,,,,,,,,
SV024,R,171,2,3,1,1,2,Fixation,,,,,,,,,,,,
SV024,R,172,3,0,1,0,2,Fixation,,,,,,,,,,,,
SV024,R,173,3,3,1,1,3,Fixation,,,,,,,,,,,,
SV024,R,174,3,0,0,0,3,Fixation,,,,,,,,,,,,
SV024,R,175,2,0,0,1,2,Fixation,,,,,,,,,,,,
SV024,R,176,3,2,1,0,2,Fixation,,,,,,,,,,,,
SV024,R,177,3,2,1,1,2,Fixation,,,,,,,,,,,,
SV024,R,178,2,0,0,1,2,Fixation,,,,,,,,,,,,
SV024,R,179,3,3,0,0,3,Fixation,,,,,,,,,,,,
SV024,R,180,2,0,0,0,2,Fixation,,,,,,,,,,,,
SV024,R,181,2,2,0,1,2,Fixation,,,,,,,,,,,,
SV024,R,182,2,3,1,0,2,Fixation,,,,,,,,,,,,
SV024,R,183,2,0,1,1,2,Fixation,,,,,,,,,,,,
SV024,R,184,3,3,0,0,3,Fixation,,,,,,,,,,,,
SV024,R,185,2,3,1,0,2,Fixation,,,,,,,,,,,,
SV024,R,186,3,3,1,1,2,Fixation,,,,,,,,,,,,
SV024,R,187,2,3,1,0,2,Fixation,,,,,,,,,,,,
SV024,R,188,2,3,1,1,2,Fixation,,,,,,,,,,,,
SV024,R,189,3,2,1,0,2,Fixation,,,,,,,,,,,,
SV024,R,190,2,3,0,0,2,Fixation,,,,,,,,,,,,
SV024,R,191,2,3,1,0,2,Fixation,,,,,,,,,,,,
SV024,R,192,2,2,0,0,2,Fixation,,,,,,,,,,,,
SV024,R,193,2,2,1,0,2,Fixation,,,,,,,,,,,,
SV024,R,194,2,2,0,0,2,Fixation,,,,,,,,,,,,
SV024,R,195,3,0,0,0,3,Fixation,,,,,,,,,,,,
SV024,R,196,2,2,1,0,2,Fixation,,,,,,,,,,,,
SV024,R,197,2,2,0,0,2,Fixation,,,,,,,,,,,,
SV024,R,198,2,2,1,1,2,Fixation,,,,,,,,,,,,
SV024,R,199,2,2,1,0,2,Fixation,,,,,,,,,,,,
SV024,R,200,2,0,1,1,2,Fixation,,,,,,,,,,,,
SV024,R,201,3,3,1,0,2,Fixation,,,,,,,,,,,,
SV024,R,202,3,2,1,1,2,Fixation,,,,,,,,,,,,
SV024,R,203,3,0,1,1,2,Fixation,,,,,,,,,,,,
SV024,R,204,2,3,0,0,3,Fixation,,,,,,,,,,,,
SV024,R,205,3,2,0,1,2,Fixation,,,,,,,,,,,,
SV024,R,206,3,2,1,0,2,Fixation,,,,,,,,,,,,
SV024,R,207,3,0,1,0,3,Fixation,,,,,,,,,,,,
SV024,R,208,3,0,1,0,3,Fixation,,,,,,,,,,,,
SV024,R,209,2,3,0,1,3,Fixation,,,,,,,,,,,,
SV024,R,210,2,2,1,0,2,Fixation,,,,,,,,,,,,
SV024,R,211,3,3,1,1,2,Fixation,,,,,,,,,,,,
SV024,R,212,2,3,0,0,2,Fixation,,,,,,,,,,,,
SV024,R,213,2,0,1,1,2,Fixation,,,,,,,,,,,,
SV024,R,214,3,3,0,1,2,Fixation,,,,,,,,,,,,
SV024,R,215,2,3,0,0,2,Fixation,,,,,,,,,,,,
SV024,R,216,2,2,1,0,2,Fixation,,,,,,,,,,,,
SV024,R,217,2,0,1,0,3,Fixation,,,,,,,,,,,,
SV024,R,218,3,0,1,1,3,Fixation,,,,,,,,,,,,
SV024,R,219,3,3,0,0,3,Fixation,,,,,,,,,,,,
SV024,R,220,3,2,1,1,2,Fixation,,,,,,,,,,,,
SV024,R,221,3,0,0,0,3,Fixation,,,,,,,,,,,,
SV024,R,222,3,0,0,0,3,Fixation,,,,,,,,,,,,
SV024,R,223,3,2,1,1,2,Fixation,,,,,,,,,,,,
SV024,R,224,2,2,0,0,2,Fixation,,,,,,,,,,,,
SV024,R,225,3,3,1,0,2,Fixation,,,,,,,,,,,,
SV024,R,226,2,0,0,1,3,Fixation,,,,,,,,,,,,
SV024,R,227,3,2,1,0,2,Fixation,,,,,,,,,,,,
SV024,R,228,3,2,1,0,2,Fixation,,,,,,,,,,,,
SV024,R,229,2,2,1,1,2,Fixation,,,,,,,,,,,,
SV024,R,230,3,0,0,1,2,Fixation,,,,,,,,,,,,
SV024,R,231,2,0,1,0,2,Fixation,,,,,,,,,,,,
SV024,R,232,2,2,0,1,2,Fixation,,,,,,,,,,,,
SV024,R,233,3,2,1,1,2,Fixation,,,,,,,,,,,,
SV024,R,234,3,3,1,0,3,Fixation,,,,,,,,,,,,
SV024,R,235,3,2,0,0,2,Fixation,,,,,,,,,,,,
SV024,R,236,2,0,0,0,3,Fixation,,,,,,,,,,,,
SV024,R,237,2,3,1,0,2,Fixation,,,,,,,,,,,,
SV024,R,238,2,2,0,0,2,Fixation,,,,,,,,,,,,
SV024,R,239,2,2,1,1,2,Fixation,,,,,,,,,,,,
SV024,R,240,3,2,0,0,3,Fixation,,,,,,,,,,,,
SV024,R,241,3,0,1,1,0,Fixation,,,,,,,,,,,,
SV024,R,242,2,3,0,1,3,Fixation,,,,,,,,,,,,
SV024,R,243,2,0,1,1,0,Fixation,,,,,,,,,,,,
SV024,R,244,3,0,0,0,0,Fixation,,,,,,,,,,,,
SV024,R,245,3,0,1,0,0,Fixation,,,,,,,,,,,,
SV024,R,246,3,2,0,0,2,Fixation,,,,,,,,,,,,
SV024,R,247,3,0,1,1,0,Fixation,,,,,,,,,,,,
SV024,R,248,2,0,1,1,0,Fixation,,,,,,,,,,,,
SV024,R,249,2,0,0,1,0,Fixation,,,,,,,,,,,,
SV024,R,250,2,3,0,1,3,Fixation,,,,,,,,,,,,
SV024,R,251,2,2,1,1,2,Fixation,,,,,,,,,,,,
SV024,R,252,3,3,1,1,3,Fixation,,,,,,,,,,,,
SV024,R,253,2,3,0,1,3,Fixation,,,,,,,,,,,,
SV024,R,254,2,2,1,1,2,Fixation,,,,,,,,,,,,
SV024,R,255,2,3,1,1,3,Fixation,,,,,,,,,,,,
SV024,R,256,2,0,1,0,0,Fixation,,,,,,,,,,,,
SV024,R,257,3,0,0,1,0,Fixation,,,,,,,,,,,,
SV024,R,258,3,2,0,1,2,Fixation,,,,,,,,,,,,
SV024,R,259,2,3,1,1,3,Fixation,,,,,,,,,,,,
SV024,R,260,2,2,1,0,2,Fixation,,,,,,,,,,,,
SV024,R,261,2,0,1,0,0,Fixation,,,,,,,,,,,,
SV024,R,262,2,2,1,0,2,Fixation,,,,,,,,,,,,
SV024,R,263,2,2,1,1,2,Fixation,,,,,,,,,,,,
SV024,R,264,2,3,0,0,3,Fixation,,,,,,,,,,,,
SV024,R,265,3,3,1,1,3,Fixation,,,,,,,,,,,,
SV024,R,266,2,0,1,1,0,Fixation,,,,,,,,,,,,
SV024,R,267,3,2,0,0,2,Fixation,,,,,,,,,,,,
SV024,R,268,3,0,1,1,0,Fixation,,,,,,,,,,,,
SV024,R,269,2,2,0,0,2,Fixation,,,,,,,,,,,,
SV024,R,270,2,0,1,1,0,Fixation,,,,,,,,,,,,
SV024,R,271,2,2,0,1,2,Fixation,,,,,,,,,,,,
SV024,R,272,2,2,0,0,2,Fixation,,,,,,,,,,,,
SV024,R,273,3,0,1,0,0,Fixation,,,,,,,,,,,,
SV024,R,274,3,3,1,1,3,Fixation,,,,,,,,,,,,
SV024,R,275,2,0,0,1,0,Fixation,,,,,,,,,,,,
SV024,R,276,2,0,0,0,0,Fixation,,,,,,,,,,,,
SV024,R,277,2,2,1,0,2,Fixation,,,,,,,,,,,,
SV024,R,278,2,3,0,0,3,Fixation,,,,,,,,,,,,
SV024,R,279,2,3,1,0,3,Fixation,,,,,,,,,,,,
SV024,R,280,3,2,0,0,2,Fixation,,,,,,,,,,,,
SV024,R,281,3,3,1,0,3,Fixation,,,,,,,,,,,,
SV024,R,282,3,0,1,1,0,Fixation,,,,,,,,,,,,
SV024,R,283,3,2,1,1,2,Fixation,,,,,,,,,,,,
SV024,R,284,2,3,0,1,3,Fixation,,,,,,,,,,,,
SV024,R,285,3,2,1,1,2,Fixation,,,,,,,,,,,,
SV024,R,286,2,3,1,0,3,Fixation,,,,,,,,,,,,
SV024,R,287,2,3,1,1,3,Fixation,,,,,,,,,,,,
SV024,R,288,3,3,1,1,3,Fixation,,,,,,,,,,,,
SV024,R,289,3,2,1,1,2,Fixation,,,,,,,,,,,,
SV024,R,290,2,3,0,0,3,Fixation,,,,,,,,,,,,
SV024,R,291,3,0,0,0,0,Fixation,,,,,,,,,,,,
SV024,R,292,3,0,0,1,0,Fixation,,,,,,,,,,,,
SV024,R,293,3,3,0,1,3,Fixation,,,,,,,,,,,,
SV024,R,294,3,2,0,0,2,Fixation,,,,,,,,,,,,
SV024,R,295,3,2,0,0,2,Fixation,,,,,,,,,,,,
SV024,R,296,3,0,0,1,0,Fixation,,,,,,,,,,,,
SV024,R,297,3,3,1,1,3,Fixation,,,,,,,,,,,,
SV024,R,298,3,0,0,1,0,Fixation,,,,,,,,,,,,
SV024,R,299,3,0,0,0,0,Fixation,,,,,,,,,,,,
SV024,R,300,3,2,0,0,2,Fixation,,,,,,,,,,,,
SV024,R,301,3,3,0,1,3,Fixation,,,,,,,,,,,,
SV024,R,302,2,3,0,0,3,Fixation,,,,,,,,,,,,
SV024,R,303,3,0,1,1,0,Fixation,,,,,,,,,,,,
SV024,R,304,2,3,1,1,3,Fixation,,,,,,,,,,,,
SV024,R,305,2,3,1,0,3,Fixation,,,,,,,,,,,,
SV024,R,306,2,3,1,0,3,Fixation,,,,,,,,,,,,
SV024,R,307,3,0,0,1,0,Fixation,,,,,,,,,,,,
SV024,R,308,3,0,0,0,0,Fixation,,,,,,,,,,,,
SV024,R,309,2,0,1,1,0,Fixation,,,,,,,,,,,,
SV024,R,310,3,0,0,1,0,Fixation,,,,,,,,,,,,
SV024,R,311,2,3,0,0,2,Fixation,,,,,,,,,,,,
SV024,R,312,2,0,1,0,0,Fixation,,,,,,,,,,,,
SV024,R,313,2,0,0,0,0,Fixation,,,,,,,,,,,,
SV024,R,314,3,2,1,0,2,Fixation,,,,,,,,,,,,
SV024,R,315,2,0,1,1,0,Fixation,,,,,,,,,,,,
SV024,R,316,3,2,0,1,2,Fixation,,,,,,,,,,,,
SV024,R,317,3,3,0,0,3,Fixation,,,,,,,,,,,,
SV024,R,318,3,2,0,1,2,Fixation,,,,,,,,,,,,
SV024,R,319,2,0,0,0,0,Fixation,,,,,,,,,,,,
SV024,R,320,3,3,1,1,3,Fixation,,,,,,,,,,,,
SV024,R,321,2,2,0,1,2,Fixation,,,,,,,,,,,,
SV024,R,322,3,2,1,0,2,Fixation,,,,,,,,,,,,
SV024,R,323,2,2,0,0,2,Fixation,,,,,,,,,,,,
SV024,R,324,2,0,0,1,0,Fixation,,,,,,,,,,,,
SV024,R,325,2,3,0,0,3,Fixation,,,,,,,,,,,,
SV024,R,326,3,2,1,0,2,Fixation,,,,,,,,,,,,
SV024,R,327,2,0,1,1,0,Fixation,,,,,,,,,,,,
SV024,R,328,2,3,1,1,3,Fixation,,,,,,,,,,,,
SV024,R,329,3,0,1,0,0,Fixation,,,,,,,,,,,,
SV024,R,330,2,2,1,1,2,Fixation,,,,,,,,,,,,
SV024,R,331,2,2,1,1,2,Fixation,,,,,,,,,,,,
SV024,R,332,3,3,0,1,3,Fixation,,,,,,,,,,,,
SV024,R,333,3,0,1,1,0,Fixation,,,,,,,,,,,,
SV024,R,334,3,3,1,1,3,Fixation,,,,,,,,,,,,
SV024,R,335,3,2,1,1,2,Fixation,,,,,,,,,,,,
SV024,R,336,3,3,1,0,3,Fixation,,,,,,,,,,,,
SV024,R,337,3,0,0,0,0,Fixation,,,,,,,,,,,,
SV024,R,338,2,2,1,0,2,Fixation,,,,,,,,,,,,
SV024,R,339,2,3,1,1,3,Fixation,,,,,,,,,,,,
SV024,R,340,3,3,1,0,3,Fixation,,,,,,,,,,,,
SV024,R,341,2,2,0,1,2,Fixation,,,,,,,,,,,,
SV024,R,342,2,3,0,1,3,Fixation,,,,,,,,,,,,
SV024,R,343,3,3,0,1,3,Fixation,,,,,,,,,,,,
SV024,R,344,3,0,1,0,0,Fixation,,,,,,,,,,,,
SV024,R,345,2,3,1,0,3,Fixation,,,,,,,,,,,,
SV024,R,346,2,2,1,0,2,Fixation,,,,,,,,,,,,
SV024,R,347,2,0,1,0,0,Fixation,,,,,,,,,,,,
SV024,R,348,3,2,0,1,2,Fixation,,,,,,,,,,,,
SV024,R,349,2,0,0,0,0,Fixation,,,,,,,,,,,,
SV024,R,350,3,2,1,1,2,Fixation,,,,,,,,,,,,
SV024,R,351,2,2,0,1,2,Fixation,,,,,,,,,,,,
SV024,R,352,3,3,0,1,3,Fixation,,,,,,,,,,,,
SV024,R,353,3,3,0,0,3,Fixation,,,,,,,,,,,,
SV024,R,354,3,2,0,1,2,Fixation,,,,,,,,,,,,
SV024,R,355,3,3,0,1,3,Fixation,,,,,,,,,,,,
SV024,R,356,2,0,0,0,0,Fixation,,,,,,,,,,,,
SV024,R,357,3,0,0,0,0,Fixation,,,,,,,,,,,,
SV024,R,358,3,3,1,0,3,Fixation,,,,,,,,,,,,
SV024,R,359,3,2,1,1,2,Fixation,,,,,,,,,,,,
SV024,R,360,3,0,1,0,0,Fixation,,,,,,,,,,,,
SV024,R,361,3,2,1,0,2,Fixation,,,,,,,,,,,,
SV024,R,362,3,3,1,1,3,Fixation,,,,,,,,,,,,
SV024,R,363,2,2,0,0,2,Fixation,,,,,,,,,,,,
SV024,R,364,2,2,0,0,2,Fixation,,,,,,,,,,,,
SV024,R,365,2,3,1,1,3,Fixation,,,,,,,,,,,,
SV024,R,366,3,0,1,1,0,Fixation,,,,,,,,,,,,
SV024,R,367,3,2,1,0,2,Fixation,,,,,,,,,,,,
SV024,R,368,2,3,1,1,3,Fixation,,,,,,,,,,,,
SV024,R,369,3,0,1,0,0,Fixation,,,,,,,,,,,,
SV024,R,370,3,3,1,0,3,Fixation,,,,,,,,,,,,
SV024,R,371,2,2,0,0,2,Fixation,,,,,,,,,,,,
SV024,R,372,2,2,0,1,2,Fixation,,,,,,,,,,,,
SV024,R,373,2,3,0,0,3,Fixation,,,,,,,,,,,,
SV024,R,374,2,2,1,1,2,Fixation,,,,,,,,,,,,
SV024,R,375,3,2,0,0,2,Fixation,,,,,,,,,,,,
SV024,R,376,3,3,0,0,3,Fixation,,,,,,,,,,,,
SV024,R,377,2,0,0,1,0,Fixation,,,,,,,,,,,,
SV024,R,378,3,3,1,0,3,Fixation,,,,,,,,,,,,
SV024,R,379,2,2,0,0,2,Fixation,,,,,,,,,,,,
SV024,R,380,3,2,1,1,2,Fixation,,,,,,,,,,,,
SV024,R,381,2,3,1,1,3,Fixation,,,,,,,,,,,,
SV024,R,382,3,3,0,0,3,Fixation,,,,,,,,,,,,
SV024,R,383,3,2,0,0,2,Fixation,,,,,,,,,,,,
SV024,R,384,2,0,0,1,0,Fixation,,,,,,,,,,,,
SV024,R,385,2,2,0,0,2,Fixation,,,,,,,,,,,,
SV024,R,386,3,2,0,1,2,Fixation,,,,,,,,,,,,
SV024,R,387,2,0,0,1,0,Fixation,,,,,,,,,,,,
SV024,R,388,3,2,0,1,2,Fixation,,,,,,,,,,,,
SV024,R,389,3,2,1,0,2,Fixation,,,,,,,,,,,,
SV024,R,390,2,2,1,0,2,Fixation,,,,,,,,,,,,
SV024,R,391,2,0,1,1,0,Fixation,,,,,,,,,,,,
SV024,R,392,3,2,1,0,2,Fixation,,,,,,,,,,,,
SV024,R,393,2,3,1,0,3,Fixation,,,,,,,,,,,,
SV024,R,394,2,3,0,1,3,Fixation,,,,,,,,,,,,
SV024,R,395,2,3,0,0,3,Fixation,,,,,,,,,,,,
SV024,R,396,2,3,0,1,3,Fixation,,,,,,,,,,,,
SV024,R,397,3,2,1,1,2,Fixation,,,,,,,,,,,,
SV024,R,398,3,3,0,1,3,Fixation,,,,,,,,,,,,
SV024,R,399,3,2,0,1,2,Fixation,,,,,,,,,,,,
SV024,R,400,2,0,1,1,0,Fixation,,,,,,,,,,,,
SV024,R,401,3,0,1,1,0,Fixation,,,,,,,,,,,,
SV024,R,402,2,0,1,0,0,Fixation,,,,,,,,,,,,
SV024,R,403,2,0,0,0,0,Fixation,,,,,,,,,,,,
SV024,R,404,3,0,1,0,0,Fixation,,,,,,,,,,,,
SV024,R,405,3,3,0,0,3,Fixation,,,,,,,,,,,,
SV024,R,406,2,3,1,0,3,Fixation,,,,,,,,,,,,
SV024,R,407,2,3,0,0,3,Fixation,,,,,,,,,,,,
SV024,R,408,3,3,1,1,3,Fixation,,,,,,,,,,,,
SV024,R,409,3,3,0,0,3,Fixation,,,,,,,,,,,,
SV024,R,410,2,2,0,1,2,Fixation,,,,,,,,,,,,
SV024,R,411,3,2,1,1,2,Fixation,,,,,,,,,,,,
SV024,R,412,3,0,0,0,0,Fixation,,,,,,,,,,,,
SV024,R,413,3,2,1,0,2,Fixation,,,,,,,,,,,,
SV024,R,414,2,2,1,0,2,Fixation,,,,,,,,,,,,
SV024,R,415,3,2,0,1,2,Fixation,,,,,,,,,,,,
SV024,R,416,2,2,1,0,2,Fixation,,,,,,,,,,,,
SV024,R,417,3,0,1,0,0,Fixation,,,,,,,,,,,,
SV024,R,418,2,3,0,1,3,Fixation,,,,,,,,,,,,
SV024,R,419,2,3,0,0,3,Fixation,,,,,,,,,,,,
SV024,R,420,3,3,1,1,3,Fixation,,,,,,,,,,,,
SV024,R,421,3,3,0,0,3,Fixation,,,,,,,,,,,,
SV024,R,422,3,0,0,1,0,Fixation,,,,,,,,,,,,
SV024,R,423,3,0,0,1,0,Fixation,,,,,,,,,,,,
SV024,R,424,2,3,0,1,3,Fixation,,,,,,,,,,,,
SV024,R,425,2,0,1,0,0,Fixation,,,,,,,,,,,,
SV024,R,426,3,0,1,1,0,Fixation,,,,,,,,,,,,
SV024,R,427,2,2,0,1,2,Fixation,,,,,,,,,,,,
SV024,R,428,2,2,0,1,2,Fixation,,,,,,,,,,,,
SV024,R,429,2,2,1,0,2,Fixation,,,,,,,,,,,,
SV024,R,430,2,3,1,0,2,Fixation,,,,,,,,,,,,
SV024,R,431,3,2,1,0,2,Fixation,,,,,,,,,,,,
SV024,R,432,2,0,0,1,0,Fixation,,,,,,,,,,,,
SV024,R,433,3,3,1,0,3,Fixation,,,,,,,,,,,,
SV024,R,434,3,3,1,0,3,Fixation,,,,,,,,,,,,
SV024,R,435,2,2,0,1,2,Fixation,,,,,,,,,,,,
SV024,R,436,3,0,0,0,0,Fixation,,,,,,,,,,,,
SV024,R,437,2,0,1,0,0,Fixation,,,,,,,,,,,,
SV024,R,438,2,0,0,0,0,Fixation,,,,,,,,,,,,
SV024,R,439,3,0,0,1,0,Fixation,,,,,,,,,,,,
SV024,R,440,3,0,1,0,0,Fixation,,,,,,,,,,,,
SV024,R,441,2,3,1,1,3,Fixation,,,,,,,,,,,,
SV024,R,442,3,3,1,0,3,Fixation,,,,,,,,,,,,
SV024,R,443,3,0,1,1,0,Fixation,,,,,,,,,,,,
SV024,R,444,2,2,1,0,2,Fixation,,,,,,,,,,,,
SV024,R,445,3,2,1,1,2,Fixation,,,,,,,,,,,,
SV024,R,446,2,0,1,1,0,Fixation,,,,,,,,,,,,
SV024,R,447,2,0,0,1,0,Fixation,,,,,,,,,,,,
SV024,R,448,2,0,0,1,0,Fixation,,,,,,,,,,,,
SV024,R,449,2,0,0,0,0,Fixation,,,,,,,,,,,,
SV024,R,450,2,0,0,0,0,Fixation,,,,,,,,,,,,
SV024,R,451,2,0,1,0,0,Fixation,,,,,,,,,,,,
SV024,R,452,2,2,0,0,2,Fixation,,,,,,,,,,,,
SV024,R,453,2,3,1,0,3,Fixation,,,,,,,,,,,,
SV024,R,454,2,0,0,1,0,Fixation,,,,,,,,,,,,
SV024,R,455,3,3,0,0,3,Fixation,,,,,,,,,,,,
SV024,R,456,3,3,0,0,3,Fixation,,,,,,,,,,,,
SV024,R,457,2,2,0,1,2,Fixation,,,,,,,,,,,,
SV024,R,458,3,0,1,0,0,Fixation,,,,,,,,,,,,
SV024,R,459,2,0,1,0,0,Fixation,,,,,,,,,,,,
SV024,R,460,3,2,0,1,2,Fixation,,,,,,,,,,,,
SV024,R,461,2,3,0,1,3,Fixation,,,,,,,,,,,,
SV024,R,462,3,3,0,1,3,Fixation,,,,,,,,,,,,
SV024,R,463,3,0,0,0,0,Fixation,,,,,,,,,,,,
SV024,R,464,2,2,1,1,2,Fixation,,,,,,,,,,,,
SV024,R,465,2,2,1,1,2,Fixation,,,,,,,,,,,,
SV024,R,466,2,2,1,1,2,Fixation,,,,,,,,,,,,
SV024,R,467,3,3,0,1,3,Fixation,,,,,,,,,,,,
SV024,R,468,3,3,0,0,3,Fixation,,,,,,,,,,,,
SV024,R,469,3,2,0,0,2,Fixation,,,,,,,,,,,,
SV024,R,470,3,0,0,0,0,Fixation,,,,,,,,,,,,
SV024,R,471,2,2,0,0,2,Fixation,,,,,,,,,,,,
SV024,R,472,3,3,1,0,3,Fixation,,,,,,,,,,,,
SV024,R,473,2,0,1,0,0,Fixation,,,,,,,,,,,,
SV024,R,474,3,2,0,0,2,Fixation,,,,,,,,,,,,
SV024,R,475,3,2,1,0,2,Fixation,,,,,,,,,,,,
SV024,R,476,2,0,0,0,0,Fixation,,,,,,,,,,,,
SV024,R,477,2,3,1,0,3,Fixation,,,,,,,,,,,,
SV024,R,478,3,0,0,1,0,Fixation,,,,,,,,,,,,
SV024,R,479,3,3,0,1,3,Fixation,,,,,,,,,,,,
SV024,R,480,2,2,1,1,2,Fixation,,,,,,,,,,,,
SV024,L,1,3,3,1,1,3,Response,1240.3666666666666,1998.0,1273.0333333333333,1440.6,779.0,801.0,889.3333333333334,7.875,12.1,466.75,922.0,133.0
SV024,L,2,2,3,0,0,3,Response,2960.1,3039.5,1038.85,1245.6,718.5,802.0,693.0,4.16,8.6,390.8,787.0,98.4
SV024,L,3,3,3,0,1,3,Response,1373.685714285714,2094.1,1306.3714285714286,1448.1,808.4285714285714,882.0,632.0,4.1,8.9,462.625,1057.0,100.5
SV024,L,4,2,2,0,1,2,Response,1050.1,1050.1,1017.2,1017.2,739.0,739.0,1980.0,7.4,8.1,591.0,975.0,82.0
SV024,L,5,2,0,0,1,3,Response,1719.2315789473685,2702.3,335.4842105263158,1439.9,652.0526315789474,743.0,301.89473684210526,5.0,14.6,243.6,1010.0,59.2
SV024,L,6,2,0,1,1,2,Response,1594.776923076923,2758.8,497.4230769230769,1336.2,650.5384615384615,821.0,385.2307692307692,5.628571428571428,19.1,227.35714285714286,761.0,50.285714285714285
SV024,L,7,3,0,0,1,2,Response,1510.1,1937.6,1283.45,1380.2,814.0,849.0,1690.0,5.133333333333334,7.1,219.33333333333334,292.0,62.666666666666664
SV024,L,8,2,0,0,1,3,Response,1075.2,1075.2,1160.1,1160.1,822.0,822.0,3528.0,7.3,7.8,485.0,742.0,104.0
SV024,L,9,3,2,0,1,2,Response,1623.1142857142856,2401.9,570.9285714285714,1312.0,677.0,760.0,323.7142857142857,5.96,14.0,368.0,1185.0,74.4
SV024,L,10,2,2,0,0,2,Response,3007.2,3039.8,1129.9499999999998,1185.3,646.5,648.0,1162.0,3.9333333333333336,8.4,608.0,987.0,153.33333333333334
SV024,L,11,3,2,0,1,2,Response,1884.6999999999998,3270.0,1391.2,1910.6,621.5,832.0,625.0,8.440000000000001,20.5,439.6,951.0,59.2
SV024,L,12,2,0,0,0,3,Response,,,,,,,,,,,,
SV024,L,13,3,2,1,1,2,Response,1395.2,2018.3,1325.475,1872.2,628.0,716.0,506.5,3.9111111111111114,9.2,331.55555555555554,914.0,60.0
SV024,L,14,2,2,0,0,2,Response,2452.55,2833.8,1260.9,1314.2,700.0,751.0,1038.0,4.866666666666666,7.3,294.6666666666667,602.0,94.66666666666667
SV024,L,15,3,0,1,0,3,Response,2417.0,2915.5,1229.1000000000001,1331.9,625.6666666666666,654.0,806.6666666666666,3.6,7.2,321.5,965.0,71.0
SV024,L,16,2,0,0,0,3,Response,,,,,,,,,,,,
SV024,L,17,3,0,1,1,2,Response,894.2,894.2,1351.2,1351.2,750.0,750.0,2692.0,8.15,8.4,227.5,236.0,48.0
SV024,L,18,3,3,0,1,2,Response,1789.5,1842.5,1133.6999999999998,1149.3,556.5,559.0,810.0,0.9333333333333335,1.6,340.6666666666667,852.0,102.66666666666667
SV024,L,19,2,2,0,1,2,Response,,,,,,,,,,,,
SV024,L,20,2,3,1,1,3,Response,1614.3200000000002,2629.0,445.28999999999996,1368.5,567.8,735.0,291.2,4.2,17.4,181.8095238095238,967.0,36.19047619047619
SV024,L,21,3,0,1,1,2,Response,1089.0,1185.7,1359.4499999999998,1361.6,657.5,666.0,578.0,4.566666666666666,7.5,166.0,225.0,33.333333333333336
SV024,L,22,3,3,0,0,3,Response,2536.925,3039.7,1216.325,1289.1,657.25,745.0,812.0,6.9,9.6,210.4,302.0,42.4
SV024,L,23,3,0,0,1,3,Response,,,,,,,,,,,,
SV024,L,24,3,2,0,0,2,Response,2974.5,2974.5,1371.9,1371.9,602.0,602.0,280.0,7.8999999999999995,8.7,467.0,781.0,142.0
SV024,L,25,2,0,0,1,2,Response,,,,,,,,,,,,
SV024,L,26,3,0,1,1,2,Response,993.8499999999999,1049.3,1337.05,1355.5,684.5,700.0,1080.0,5.366666666666667,9.2,169.33333333333334,238.0,40.0
SV024,L,27,2,3,1,1,2,Response,941.7,941.7,1398.3,1398.3,746.0,746.0,1624.0,7.949999999999999,8.1,183.5,213.0,56.0
SV024,L,28,2,3,0,0,2,Response,2839.5499999999997,3090.2,1185.0166666666667,1428.6,627.3333333333334,716.0,534.6666666666666,6.442857142857143,9.7,278.57142857142856,458.0,73.71428571428571
SV024,L,29,3,0,0,1,2,Response,971.9666666666667,1036.5,1310.8,1393.7,758.3333333333334,794.0,1201.3333333333333,3.925,8.0,130.25,226.0,32.0
SV024,L,30,3,0,1,1,2,Response,1058.9,1058.9,1319.2,1319.2,645.0,645.0,1956.0,6.949999999999999,8.2,186.5,193.0,54.0
SV024,L,31,2,2,1,0,2,Response,3010.4,3170.9,1278.2,1307.8,616.0,667.0,802.6666666666666,4.675,9.7,169.75,283.0,32.0
SV024,L,32,2,0,1,1,2,Response,896.2,896.2,1331.1,1331.1,704.0,704.0,1968.0,8.95,9.5,280.0,362.0,100.0
SV024,L,33,3,2,1,1,2,Response,898.8,898.8,1338.8,1338.8,670.0,670.0,2428.0,7.85,8.7,219.5,223.0,48.0
SV024,L,34,3,3,1,1,3,Response,,,,,,,,7.5,7.5,174.0,174.0,56.0
SV024,L,35,2,3,1,0,2,Response,2368.4714285714285,2985.7,574.2,1268.6,586.4285714285714,652.0,433.14285714285717,7.45,17.1,195.0,340.0,46.5
SV024,L,36,2,0,0,0,2,Response,2090.652,3061.8,485.82800000000003,1395.7,612.16,707.0,250.24,4.453846153846154,20.0,169.15384615384616,692.0,34.61538461538461
SV024,L,37,2,2,1,1,2,Response,1298.6599999999999,1666.0,922.4,1384.3,650.6,673.0,505.6,7.4,14.0,230.6,444.0,54.4
SV024,L,38,2,2,0,0,2,Response,2746.725,3095.7,1119.5,1227.1,638.0,692.0,1184.0,6.12,9.8,174.8,264.0,40.8
SV024,L,39,2,3,0,1,2,Response,1056.5666666666666,1072.2,1247.5,1360.5,700.0,738.0,898.6666666666666,2.566666666666667,5.9,116.66666666666667,195.0,25.333333333333332
SV024,L,40,2,3,0,0,3,Response,1972.4199999999998,3013.0,410.94666666666666,1231.7,669.7333333333333,845.0,380.26666666666665,4.7,11.1,163.5625,292.0,35.5
SV024,L,41,3,2,0,1,2,Response,1022.05,1062.2,1242.35,1350.3,707.5,749.0,1106.0,5.066666666666666,6.9,172.0,199.0,37.333333333333336
SV024,L,42,3,2,0,0,2,Response,3037.0,3037.0,1136.8,1136.8,659.0,659.0,2400.0,5.1000000000000005,8.3,144.5,173.0,42.0
SV024,L,43,2,3,1,1,2,Response,1020.15,1083.6,1289.1,1322.1,810.5,897.0,1306.0,4.466666666666666,7.3,148.33333333333334,196.0,36.0
SV024,L,44,3,0,1,1,2,Response,1321.0571428571427,1966.2,953.6714285714286,1322.3,705.7142857142857,832.0,618.2857142857143,5.3625,16.2,274.5,802.0,64.5
SV024,L,45,3,3,1,0,3,Response,2785.8333333333335,3005.3,1220.7,1240.8,668.0,704.0,1142.6666666666667,3.8999999999999995,9.7,132.0,252.0,32.0
SV024,L,46,3,2,1,1,2,Response,943.7,943.7,1360.7,1360.7,721.0,721.0,4572.0,7.65,8.5,278.0,367.0,98.0
SV024,L,47,3,2,0,0,2,Response,2939.3571428571427,3118.0,1248.9142857142856,1909.5,630.4285714285714,713.0,600.0,3.95,8.5,239.5,643.0,43.5
SV024,L,48,2,3,0,1,3,Response,1403.65,1735.4,1198.35,1254.8,723.0,762.0,1748.0,3.4,5.2,123.33333333333333,167.0,30.666666666666668
SV024,L,49,3,0,1,0,3,Response,2793.6666666666665,3198.4,1289.2666666666667,1534.9,714.5,797.0,513.3333333333334,4.1571428571428575,9.4,193.85714285714286,367.0,62.285714285714285
SV024,L,50,3,3,0,0,3,Response,2730.075,3016.4,1200.075,1326.1,709.5,839.0,637.0,6.4799999999999995,9.1,182.8,241.0,46.4
SV024,L,51,2,2,1,0,2,Response,2516.35,2932.2,1251.475,1278.0,679.5,721.0,676.0,5.64,7.7,198.0,260.0,38.4
SV024,L,52,3,0,0,0,3,Response,2912.9,2912.9,1209.0,1209.0,637.0,637.0,2900.0,7.1,7.1,211.0,211.0,44.0
SV024,L,53,3,0,0,0,3,Response,2693.7999999999997,3020.3,1225.6333333333334,1327.7,652.6666666666666,654.0,953.3333333333334,4.45,8.0,148.0,245.0,36.0
SV024,L,54,2,3,0,1,3,Response,998.0,1055.6,1261.35,1281.5,734.5,792.0,1296.0,5.066666666666666,7.5,129.66666666666666,193.0,42.666666666666664
SV024,L,55,3,0,0,0,3,Response,2196.6375,3068.2,528.725,1153.7,564.625,636.0,452.5,4.955555555555556,12.2,155.44444444444446,266.0,39.111111111111114
SV024,L,56,3,3,0,0,3,Response,2153.4444444444443,2890.2,396.03333333333336,1118.8,493.8888888888889,704.0,394.6666666666667,5.64,13.1,167.2,230.0,44.8
SV024,L,57,2,2,0,0,2,Response,,,,,,,,7.9,7.9,211.0,211.0,52.0
SV024,L,58,3,0,0,0,3,Response,3034.8,3034.8,1172.6,1172.6,547.0,547.0,2860.0,4.95,8.8,164.0,235.0,34.0
SV024,L,59,3,3,0,1,2,Response,1565.3857142857144,2160.1,1131.2571428571428,1570.5,655.4285714285714,793.0,719.4285714285714,3.3499999999999996,10.4,317.125,898.0,97.5
SV024,L,60,3,3,1,1,2,Response,1144.05,1331.7,1303.0,1340.0,737.5,748.0,3256.0,5.2,9.3,339.6666666666667,689.0,96.0
SV024,L,61,3,3,1,1,3,Response,1046.44,1159.9,1324.08,1335.8,883.6,966.0,1567.2,1.8666666666666665,4.9,88.5,133.0,23.333333333333332
SV024,L,62,3,0,0,1,2,Response,1321.3333333333333,1697.0,1157.1666666666667,1261.2,785.3333333333334,961.0,253.33333333333334,3.85,5.9,296.75,745.0,67.0
SV024,L,63,2,2,1,0,2,Response,,,,,,,,7.7,7.7,165.0,165.0,68.0
SV024,L,64,2,3,1,0,2,Response,2763.3,2860.3,1277.85,1297.7,680.5,732.0,1626.0,4.033333333333334,6.0,165.66666666666666,205.0,32.0
SV024,L,65,2,3,1,0,2,Response,2955.75,3200.5,1283.55,1289.4,523.5,553.0,422.0,2.2800000000000002,4.9,116.4,155.0,24.8
SV024,L,66,2,2,1,0,2,Response,2662.9,2982.2,1262.675,1310.3,639.0,787.0,1034.0,3.3,7.8,137.2,263.0,24.8
SV024,L,67,2,0,1,0,2,Response,2967.8,3044.6,1299.45,1324.4,622.0,646.0,1540.0,5.066666666666666,8.2,181.33333333333334,277.0,33.333333333333336
SV024,L,68,3,0,0,0,2,Response,2937.5333333333333,2994.5,1184.5333333333333,1342.8,675.3333333333334,742.0,665.3333333333334,2.9,8.8,117.57142857142857,258.0,25.142857142857142
SV024,L,69,3,3,1,1,2,Response,839.9749999999999,1103.1,1682.6000000000001,2705.9,459.25,653.0,724.0,9.28,15.2,451.4,1100.0,93.6
SV024,L,70,3,0,0,0,3,Response,2578.0499999999997,3001.6,1255.6666666666667,1307.1,637.3333333333334,767.0,578.6666666666666,2.685714285714286,7.4,218.57142857142858,571.0,61.714285714285715
SV024,L,71,2,2,0,0,2,Response,2961.9666666666667,3010.8,1316.6000000000001,1398.2,594.0,624.0,548.0,2.325,7.9,102.25,234.0,21.0
SV024,L,72,3,2,1,1,2,Response,970.1,970.1,1345.9,1345.9,638.0,638.0,2068.0,7.800000000000001,8.4,203.5,210.0,52.0
SV024,L,73,2,3,0,1,2,Response,955.55,1050.0,1245.6,1268.9,747.0,791.0,1532.0,5.466666666666666,8.0,158.33333333333334,199.0,41.333333333333336
SV024,L,74,2,3,0,1,2,Response,887.8666666666667,1080.3,1635.4333333333332,2531.6,557.6666666666666,744.0,981.3333333333334,10.375,13.7,642.5,1451.0,96.0
SV024,L,75,2,0,1,1,2,Response,992.125,1095.4,1301.275,1324.5,731.0,820.0,850.0,3.34,7.9,254.8,775.0,69.6
SV024,L,76,2,2,1,0,2,Response,2859.3,2885.0,1244.2,1278.2,723.0,805.0,1016.0,4.2,7.4,597.5,1020.0,136.0
SV024,L,77,3,2,1,0,2,Response,2145.4,2145.4,1148.2,1148.2,809.0,809.0,444.0,3.0,5.0,108.0,151.0,34.0
SV024,L,78,3,3,0,0,3,Response,2946.75,3037.1,1235.9499999999998,1257.8,702.0,766.0,2274.0,3.3,6.1,112.0,162.0,30.0
SV024,L,79,3,2,0,0,3,Response,2662.0,2993.5,1080.3999999999999,1121.2,650.0,708.0,1113.3333333333333,7.575,9.5,164.5,190.0,62.0
SV024,L,80,3,0,1,0,2,Response,2177.457142857143,3171.2,458.4857142857142,1269.3,583.5714285714286,710.0,246.28571428571428,4.4625,14.5,220.5,753.0,49.5
SV024,L,81,3,2,0,0,2,Response,2956.5,3048.7,1190.85,1192.7,576.5,589.0,756.0,5.0,8.0,153.0,230.0,41.333333333333336
SV024,L,82,2,0,0,0,2,Response,,,,,,,,8.6,8.6,206.0,206.0,52.0
SV024,L,83,2,2,0,1,3,Response,1356.8999999999999,2150.9,1390.8999999999999,1779.1,582.6666666666666,824.0,1029.3333333333333,6.1,10.6,179.0,253.0,50.0
SV024,L,84,3,0,0,0,3,Response,2937.45,2977.6,1203.35,1300.7,623.0,667.0,1066.0,5.633333333333333,7.9,176.66666666666666,226.0,41.333333333333336
SV024,L,85,2,0,0,0,2,Response,,,,,,,,,,,,
SV024,L,86,3,0,0,1,2,Response,1082.8,1082.8,1242.7,1242.7,594.0,594.0,1600.0,5.7,6.0,170.5,187.0,48.0
SV024,L,87,2,0,0,1,2,Response,1245.4,1421.8,1163.85,1192.9,741.0,793.0,1854.0,3.3333333333333335,7.7,122.33333333333333,204.0,30.666666666666668
SV024,L,88,2,0,1,0,3,Response,3050.0,3050.0,1233.9,1233.9,652.0,652.0,4332.0,4.45,7.8,138.5,182.0,36.0
SV024,L,89,3,0,1,0,3,Response,3004.5,3004.5,1286.8,1286.8,596.0,596.0,2648.0,8.1,8.6,218.0,269.0,56.0
SV024,L,90,3,2,1,1,2,Response,958.75,995.2,1359.75,1376.4,612.0,644.0,760.0,3.466666666666667,8.6,125.0,210.0,29.333333333333332
SV024,L,91,2,3,1,0,2,Response,2279.9333333333334,2737.3,1192.4666666666665,1301.3,676.6666666666666,731.0,958.6666666666666,2.15,5.1,111.75,209.0,22.0
SV024,L,92,3,0,0,1,3,Response,1405.6,1892.9,1195.575,1364.1,611.0,651.0,851.0,3.54,8.1,417.8,973.0,92.8
SV024,L,93,3,0,1,0,3,Response,2436.95,2750.1,1216.6,1256.6,637.5,717.0,572.0,3.3666666666666667,6.3,144.66666666666666,262.0,32.0
SV024,L,94,3,3,0,1,2,Response,1402.925,1925.8,1109.125,1189.9,577.5,638.0,674.0,4.68,7.0,323.8,958.0,80.0
SV024,L,95,3,0,1,0,2,Response,1996.2,1996.2,1161.7,1161.7,637.0,637.0,1484.0,3.65,6.8,128.5,201.0,28.0
SV024,L,96,2,2,1,0,2,Response,2122.1,2916.5,1323.0333333333333,1491.3,559.3333333333334,607.0,324.0,4.6,7.6,174.75,294.0,36.0
SV024,L,97,2,3,0,1,2,Response,1056.9,1056.9,1237.9,1237.9,664.0,664.0,1600.0,5.8,6.1,190.0,216.0,42.0
SV024,L,98,3,3,0,1,3,Response,1074.4,1074.4,1164.8,1164.8,615.0,615.0,1472.0,5.95,6.0,174.0,174.0,44.0
SV024,L,99,2,0,1,1,2,Response,1163.8,1163.8,1333.1,1333.1,627.0,627.0,804.0,5.55,6.1,183.5,201.0,42.0
SV024,L,100,3,2,1,1,2,Response,1205.6399999999999,1789.4,1264.44,1352.5,690.2,766.0,548.8,2.0500000000000003,5.4,105.5,196.0,20.666666666666668
SV024,L,101,3,0,1,1,2,Response,982.6666666666666,1076.9,1287.5666666666666,1320.2,718.3333333333334,794.0,1078.6666666666667,2.766666666666667,6.8,112.33333333333333,187.0,25.333333333333332
SV024,L,102,3,2,0,1,2,Response,988.6500000000001,1050.4,1205.8,1209.3,710.5,785.0,946.0,4.6000000000000005,7.4,149.66666666666666,198.0,34.666666666666664
SV024,L,103,3,2,0,0,2,Response,2213.723529411765,3046.7,560.6647058823529,1362.0,593.1764705882352,797.0,329.1764705882353,3.5411764705882356,13.4,137.2941176470588,241.0,30.352941176470587
SV024,L,104,3,0,0,1,2,Response,1068.9,1068.9,1206.3,1206.3,604.0,604.0,1604.0,6.25,6.5,185.0,202.0,46.0
SV024,L,105,2,2,1,1,2,Response,932.2,974.1,1282.1,1288.6,731.5,747.0,1532.0,4.6000000000000005,8.4,134.5,196.0,38.0
SV024,L,106,3,2,0,0,2,Response,3007.933333333333,3075.1,1229.4333333333334,1320.1,691.3333333333334,807.0,1052.0,4.225,8.9,125.75,260.0,36.0
SV024,L,107,3,0,0,0,2,Response,2694.6,2694.6,1047.7,1047.7,729.0,729.0,52.0,3.05,5.5,97.0,119.0,34.0
SV024,L,108,3,2,1,1,2,Response,908.3,972.1,1626.3,1946.5,551.5,659.0,1114.0,6.833333333333333,8.4,206.33333333333334,225.0,46.666666666666664
SV024,L,109,3,0,0,0,3,Response,2211.4,2211.4,1094.7,1094.7,729.0,729.0,428.0,4.35,5.2,171.0,209.0,38.0
SV024,L,110,3,2,1,0,2,Response,2754.475,3178.7,1224.75,1250.6,629.25,724.0,516.0,3.7,9.8,129.2,250.0,27.2
SV024,L,111,2,2,0,1,2,Response,,,,,,,,,,,,
SV024,L,112,3,2,0,0,2,Response,2737.0,3057.7,1128.2,1198.7,530.0,532.0,336.0,4.533333333333334,6.7,168.33333333333334,176.0,37.333333333333336
SV024,L,113,2,3,0,0,2,Response,2325.4,3008.0,1244.6,1376.9,559.0,603.0,236.0,7.133333333333334,11.9,189.0,225.0,53.333333333333336
SV024,L,114,2,2,0,1,2,Response,1149.9,1149.9,1203.2,1203.2,584.0,584.0,1500.0,6.0,6.2,155.5,184.0,52.0
SV024,L,115,3,3,1,0,2,Response,2908.4,2908.4,1279.0,1279.0,569.0,569.0,1332.0,7.449999999999999,8.1,234.0,287.0,46.0
SV024,L,116,2,3,0,0,2,Response,,,,,,,,,,,,
SV024,L,117,3,3,0,1,2,Response,,,,,,,,0.4,0.4,54.0,54.0,12.0
SV024,L,118,2,2,0,0,2,Response,,,,,,,,,,,,
SV024,L,119,3,3,0,0,2,Response,2985.8,2985.8,1137.4,1137.4,562.0,562.0,624.0,5.75,7.9,202.0,213.0,40.0
SV024,L,120,2,2,1,0,2,Response,2556.475,2846.6,1224.425,1278.1,701.5,726.0,409.0,3.9799999999999995,8.4,572.6,1081.0,128.0
SV024,L,121,2,2,1,1,2,Response,860.9333333333334,911.2,1305.3,1333.9,741.3333333333334,818.0,750.6666666666666,1.3,2.0,1060.6666666666667,1188.0,220.0
SV024,L,122,3,0,1,0,2,Response,2913.1,2913.1,1234.7,1234.7,708.0,708.0,4440.0,7.25,7.5,511.5,819.0,114.0
SV024,L,123,3,3,0,1,2,Response,1081.8,1081.8,1150.4,1150.4,627.0,627.0,1804.0,5.2,5.2,144.0,144.0,44.0
SV024,L,124,2,0,0,1,2,Response,1154.52,1882.1,1187.3600000000001,1258.5,744.4,824.0,455.2,2.816666666666667,7.9,625.8333333333334,1323.0,135.33333333333334
SV024,L,125,3,2,0,1,2,Response,1422.5666666666666,1899.8,1135.2,1276.3,690.6666666666666,786.0,521.3333333333334,5.083333333333333,7.1,543.0,1083.0,126.66666666666667
SV024,L,126,2,2,0,1,2,Response,1070.4,1071.9,1134.55,1303.1,570.5,573.0,850.0,5.1,6.8,177.66666666666666,194.0,38.666666666666664
SV024,L,127,2,3,1,0,3,Response,2547.1499999999996,2992.6,1171.8,1230.3,598.5,603.0,1306.0,4.933333333333333,8.5,165.66666666666666,255.0,37.333333333333336
SV024,L,128,3,3,0,0,3,Response,2679.1,3065.8,1181.26,1349.3,570.2,621.0,771.2,2.966666666666667,7.9,130.33333333333334,259.0,26.666666666666668
SV024,L,129,3,2,1,0,2,Response,2968.4,3079.9,1197.0333333333335,1256.9,601.3333333333334,654.0,710.6666666666666,4.375,9.1,152.75,234.0,32.0
SV024,L,130,3,3,1,0,2,Response,2943.8,2943.8,1242.4,1242.4,605.0,605.0,3948.0,7.85,8.2,171.0,195.0,68.0
SV024,L,131,3,3,1,1,2,Response,851.8,910.6,1319.75,1345.8,723.5,728.0,2624.0,3.0,7.7,111.66666666666667,208.0,26.666666666666668
SV024,L,132,2,2,0,0,2,Response,2797.3,3054.4,1107.8799999999999,1411.9,668.2,780.0,392.0,4.0600000000000005,8.5,171.2,313.0,28.0
SV024,L,133,2,3,0,0,2,Response,2994.4,2994.4,1086.8,1086.8,653.0,653.0,2452.0,7.8,8.0,198.5,223.0,56.0
SV024,L,134,3,3,1,0,2,Response,2328.133333333333,2939.8,1217.2,1246.9,640.6666666666666,658.0,1238.6666666666667,2.4,6.1,398.3333333333333,929.0,104.0
SV024,L,135,2,3,0,0,2,Response,2450.0375,3017.3,1176.875,1294.0,593.75,674.0,428.5,5.1,11.3,504.44444444444446,1321.0,108.88888888888889
SV024,L,136,2,2,1,1,2,Response,1049.6,1126.0,1343.5,1375.7,608.0,620.0,1534.0,4.05,7.2,121.5,166.0,34.0
SV024,L,137,3,0,1,0,2,Response,2839.1,2863.7,1272.15,1289.1,628.5,696.0,1696.0,4.8999999999999995,7.1,179.33333333333334,268.0,34.666666666666664
SV024,L,138,2,0,1,0,2,Response,2944.1,2944.1,1283.9,1283.9,571.0,571.0,2128.0,6.95,7.0,175.0,208.0,58.0
SV024,L,139,2,3,1,0,3,Response,2799.3,3017.2,1246.75,1281.3,596.5,677.0,922.0,2.55,6.3,91.75,120.0,30.0
SV024,L,140,3,0,1,1,2,Response,1075.4,1393.8,1327.55,1366.2,592.0,633.0,478.0,2.7,9.0,113.0,236.0,25.6
SV024,L,141,3,0,1,0,2,Response,2472.133333333333,2829.5,1241.7333333333333,1276.3,622.0,653.0,866.6666666666666,4.575,7.1,164.0,235.0,35.0
SV024,L,142,2,3,1,0,2,Response,2626.625,2954.3,1241.75,1281.8,525.25,542.0,414.0,6.5200000000000005,12.5,185.8,244.0,43.2
SV024,L,143,2,0,0,0,2,Response,3038.3,3038.3,1110.4,1110.4,462.0,462.0,1568.0,7.85,8.0,212.0,232.0,50.0
SV024,L,144,3,0,0,1,2,Response,1290.8400000000001,2029.9,1173.98,1428.9,586.4,648.0,748.8,2.6333333333333333,6.8,121.33333333333333,222.0,24.666666666666668
SV024,L,145,3,3,1,1,2,Response,880.6,880.6,1319.3,1319.3,568.0,568.0,2788.0,7.800000000000001,7.9,200.5,203.0,52.0
SV024,L,146,2,2,1,0,2,Response,2981.866666666667,3060.7,1237.2333333333333,1273.6,523.6666666666666,626.0,918.6666666666666,3.266666666666667,8.8,121.33333333333333,245.0,25.333333333333332
SV024,L,147,2,2,0,1,2,Response,976.5,1059.2,1174.3000000000002,1184.2,599.5,703.0,1066.0,5.166666666666667,7.7,141.0,181.0,42.666666666666664
SV024,L,148,3,3,1,0,2,Response,2435.7,2880.7,1251.8000000000002,1294.4,471.0,512.0,1030.0,5.133333333333333,9.1,171.33333333333334,236.0,34.666666666666664
SV024,L,149,3,3,0,0,3,Response,2879.6,3061.5,1190.6,1220.9,534.0,608.0,1424.0,6.6000000000000005,14.7,128.33333333333334,208.0,54.666666666666664
SV024,L,150,2,0,0,0,2,Response,2697.366666666667,3071.9,1202.5666666666666,1317.7,495.3333333333333,536.0,1020.0,8.825,9.3,252.5,333.0,53.0
SV024,L,151,3,2,0,0,2,Response,3073.65,3165.6,1233.55,1356.0,485.6666666666667,544.0,607.3333333333334,3.2714285714285714,8.7,120.71428571428571,261.0,30.285714285714285
SV024,L,152,2,0,1,0,2,Response,3050.0,3050.0,1261.6,1261.6,487.0,487.0,2828.0,4.1,7.0,121.0,153.0,38.0
SV024,L,153,3,0,1,1,2,Response,895.05,939.1,1331.65,1334.0,510.0,576.0,916.0,5.866666666666667,8.7,298.0,535.0,109.33333333333333
SV024,L,154,3,2,1,0,2,Response,2600.0333333333333,2981.5,1210.25,1285.4,447.0,484.0,742.6666666666666,1.9571428571428573,4.2,194.0,618.0,46.285714285714285
SV024,L,155,3,2,1,0,2,Response,2691.35,3124.1,1296.7833333333333,1556.2,526.0,605.0,410.6666666666667,2.985714285714286,10.0,248.28571428571428,957.0,60.0
SV024,L,156,2,2,1,1,2,Response,994.6,994.6,1343.0,1343.0,521.0,521.0,2592.0,6.35,8.1,161.0,205.0,50.0
SV024,L,157,3,3,1,0,2,Response,2987.1666666666665,3079.2,1259.2666666666667,1276.8,470.6666666666667,591.0,497.3333333333333,2.5,5.8,330.25,617.0,159.0
SV024,L,158,2,3,0,1,2,Response,1041.6,1041.6,1318.3,1318.3,538.0,538.0,2064.0,9.350000000000001,11.8,165.5,185.0,90.0
SV024,L,159,3,2,0,1,2,Response,1035.95,1057.3,1134.3,1232.6,525.5,569.0,1554.0,5.0,7.3,149.33333333333334,210.0,38.666666666666664
SV024,L,160,3,3,0,1,2,Response,,,,,,,,,,,,
SV024,L,161,2,3,0,0,2,Response,,,,,,,,,,,,
SV024,L,162,2,2,0,1,2,Response,1031.9,1056.8,1273.0,1318.5,602.5,691.0,1272.0,4.666666666666667,7.1,128.66666666666666,189.0,42.666666666666664
SV024,L,163,2,2,1,1,2,Response,968.05,1041.6,1273.4499999999998,1323.8,610.0,648.0,1200.0,5.833333333333333,9.4,147.33333333333334,190.0,46.666666666666664
SV024,L,164,2,3,1,1,2,Response,943.65,971.8,1320.85,1328.0,572.0,622.0,1002.0,5.433333333333334,8.8,141.0,221.0,45.333333333333336
SV024,L,165,2,0,1,1,2,Response,872.0,872.0,1354.7,1354.7,540.0,540.0,1868.0,8.95,9.6,193.5,207.0,64.0
SV024,L,166,2,0,0,1,2,Response,1063.1,1082.4,1229.1,1246.5,602.0,641.0,1522.0,3.9499999999999997,7.1,121.5,179.0,34.0
SV024,L,167,3,2,1,0,2,Response,3049.4,3049.4,1286.0,1286.0,566.0,566.0,2084.0,2.45,3.5,113.0,133.0,28.0
SV024,L,168,2,0,0,0,2,Response,2928.4666666666667,3044.8,1276.7,1328.2,585.0,616.0,1017.3333333333334,2.175,4.8,100.75,124.0,26.0
SV024,L,169,2,0,0,1,2,Response,1036.6,1036.6,1147.2,1147.2,554.0,554.0,2328.0,4.55,7.1,140.0,157.0,42.0
SV024,L,170,2,0,1,0,2,Response,2858.2999999999997,3163.2,1256.3,1262.6,540.6666666666666,634.0,569.3333333333334,2.2,4.1,116.5,171.0,24.0
SV024,L,171,2,0,0,1,2,Response,1112.1,1158.8,1327.95,1375.0,566.0,570.0,394.0,4.8,7.8,161.33333333333334,214.0,34.666666666666664
SV024,L,172,2,0,0,1,2,Response,1031.2,1098.2,1206.8333333333333,1309.8,583.3333333333334,689.0,534.6666666666666,3.75,7.3,122.0,188.0,34.0
SV024,L,173,3,3,0,0,3,Response,2891.433333333333,3037.9,1170.2,1201.7,600.0,662.0,1122.6666666666667,3.125,6.1,119.75,155.0,45.0
SV024,L,174,3,0,0,1,2,Response,1045.4,1045.4,1213.3,1213.3,533.0,533.0,2512.0,3.4,6.0,143.0,210.0,28.0
SV024,L,175,2,3,1,1,2,Response,1116.98,2068.9,1242.22,1329.0,611.4,702.0,402.4,4.42,9.6,134.6,216.0,53.6
SV024,L,176,3,3,1,0,2,Response,2475.6,2968.6,1266.4666666666667,1325.4,602.6666666666666,762.0,669.3333333333334,2.475,6.7,112.25,206.0,25.0
SV024,L,177,2,2,0,0,2,Response,2681.85,3078.7,1200.2250000000001,1236.7,555.75,625.0,545.0,1.6600000000000001,3.8,99.6,142.0,20.8
SV024,L,178,2,0,1,0,2,Response,2964.9666666666667,3113.1,1352.6000000000001,1379.9,580.6666666666666,604.0,185.33333333333334,2.375,4.6,260.25,768.0,129.0
SV024,L,179,2,0,1,0,2,Response,2359.3333333333335,2978.4,1187.6333333333332,1283.1,414.6666666666667,432.0,377.3333333333333,5.2,8.1,197.5,280.0,34.0
SV024,L,180,2,2,0,1,2,Response,944.3000000000001,1040.5,1260.3,1390.6,591.0,670.0,673.3333333333334,4.6000000000000005,8.8,149.5,222.0,37.0
SV024,L,181,2,3,1,0,2,Response,2957.133333333333,3116.5,1263.6000000000001,1287.4,588.0,663.0,564.0,2.125,4.8,265.25,672.0,47.0
SV024,L,182,2,2,1,1,2,Response,831.3,831.3,1314.5,1314.5,635.0,635.0,2260.0,8.1,8.1,191.0,191.0,56.0
SV024,L,183,2,0,0,1,2,Response,971.4,1028.3,1155.4,1206.4,664.5,704.0,1156.0,3.4,6.3,122.0,186.0,28.0
SV024,L,184,3,0,1,1,2,Response,946.8,946.8,1302.6,1302.6,612.0,612.0,1576.0,3.45,6.4,94.0,129.0,36.0
SV024,L,185,3,3,1,0,2,Response,2872.7,3059.0,1365.4499999999998,1718.1,479.0,530.0,238.0,2.2199999999999998,5.4,121.0,271.0,22.4
SV024,L,186,2,0,0,0,2,Response,2943.0,3087.7,1175.6999999999998,1190.6,561.5,638.0,924.0,3.466666666666667,6.4,117.33333333333333,154.0,33.333333333333336
SV024,L,187,3,3,1,0,2,Response,2981.9,3074.2,1275.8999999999999,1294.3,575.3333333333334,639.0,800.0,1.725,4.8,81.25,115.0,25.0
SV024,L,188,3,2,0,1,2,Response,1168.3666666666666,1714.9,1179.0666666666666,1230.1,574.3333333333334,609.0,600.0,1.7,3.5,90.0,108.0,24.0
SV024,L,189,2,0,1,1,2,Response,933.7666666666668,1006.2,1288.1000000000001,1339.6,672.3333333333334,717.0,629.3333333333334,2.475,6.4,89.0,119.0,32.0
SV024,L,190,2,3,0,0,3,Response,2347.5333333333333,3024.5,1114.2,1170.4,549.0,641.0,1018.6666666666666,6.3999999999999995,9.0,458.0,1009.0,133.33333333333334
SV024,L,191,3,2,1,0,2,Response,2821.433333333333,2877.4,1409.1000000000001,1702.4,570.6666666666666,686.0,710.6666666666666,3.1,5.7,141.5,205.0,39.0
SV024,L,192,2,2,0,1,2,Response,1131.2666666666667,1582.1,1136.3,1156.3,619.3333333333334,654.0,720.0,3.725,7.1,127.5,198.0,35.0
SV024,L,193,3,0,1,1,2,Response,993.9,1042.1,1250.5500000000002,1311.4,664.0,698.0,994.0,4.366666666666667,6.4,130.0,195.0,40.0
SV024,L,194,2,3,1,1,2,Response,1176.05,1472.1,1279.35,1338.2,687.75,742.0,719.0,2.04,5.6,103.4,156.0,24.0
SV024,L,195,3,2,1,0,2,Response,2327.2,2327.2,1151.9,1151.9,665.0,665.0,112.0,1.0,1.3,75.5,89.0,18.0
SV024,L,196,2,0,1,0,2,Response,2760.0333333333333,3188.4,1270.1000000000001,1382.3,492.6666666666667,566.0,698.6666666666666,4.775,10.4,131.75,199.0,52.0
SV024,L,197,2,0,1,1,2,Response,929.4333333333334,1041.9,1302.3999999999999,1370.8,529.3333333333334,543.0,921.3333333333334,2.8666666666666667,6.6,98.66666666666667,122.0,33.333333333333336
SV024,L,198,3,2,1,1,2,Response,1144.3833333333332,1763.3,1472.75,2523.9,522.1666666666666,667.0,580.6666666666666,5.757142857142858,16.1,179.42857142857142,461.0,40.0
SV024,L,199,3,0,1,0,2,Response,2772.1,2772.1,1304.6,1304.6,574.0,574.0,1656.0,5.15,5.8,214.5,251.0,36.0
SV024,L,200,3,2,0,1,2,Response,1058.9,1058.9,1228.7,1228.7,655.0,655.0,1620.0,6.449999999999999,6.8,199.5,212.0,46.0
SV024,L,201,2,3,0,1,3,Response,1102.85,1105.1,1155.5500000000002,1251.2,625.5,666.0,704.0,4.233333333333333,5.8,160.66666666666666,205.0,33.333333333333336
SV024,L,202,2,2,0,0,2,Response,3086.1000000000004,3174.9,1222.4,1259.5,671.0,730.0,968.0,6.3999999999999995,9.5,181.66666666666666,258.0,44.0
SV024,L,203,2,0,1,0,2,Response,2647.025,2969.1,1205.6,1249.6,669.75,708.0,522.0,2.8,7.4,133.75,232.0,25.0
SV024,L,204,2,2,1,0,2,Response,2467.233333333333,3012.6,1171.5333333333335,1227.4,660.0,754.0,545.3333333333334,5.8,8.6,467.25,1256.0,64.0
SV024,L,205,3,2,0,0,2,Response,2749.8,2749.8,1178.3,1178.3,603.0,603.0,568.0,5.45,5.7,195.0,242.0,40.0
SV024,L,206,2,2,1,1,2,Response,1405.25,1680.2,1216.5,1295.8,700.0,739.0,880.0,3.6666666666666665,6.5,161.66666666666666,227.0,29.333333333333332
SV024,L,207,3,3,1,1,2,Response,1348.9,1704.8,1195.1999999999998,1288.3,645.5,701.0,928.0,4.733333333333333,7.6,160.66666666666666,209.0,36.0
SV024,L,208,3,3,1,1,2,Response,1044.825,1481.5,1380.65,1808.5,635.0,730.0,438.0,3.2400000000000007,9.3,116.0,156.0,34.4
SV024,L,209,3,2,1,1,2,Response,971.4,1022.5,1270.3,1322.0,624.0,701.0,992.0,4.066666666666666,8.6,111.0,168.0,40.0
SV024,L,210,3,3,1,0,3,Response,2639.675,2883.0,1231.95,1262.5,635.5,711.0,827.0,3.4799999999999995,7.2,185.6,404.0,45.6
SV024,L,211,2,2,1,0,2,Response,2848.9,2848.9,1303.1,1303.1,633.0,633.0,2476.0,3.0,4.4,121.0,129.0,32.0
SV024,L,212,3,2,0,1,2,Response,968.3333333333334,1042.2,1138.6666666666667,1229.9,649.0,736.0,1068.0,4.4,9.2,128.25,189.0,36.0
SV024,L,213,3,3,0,1,2,Response,1214.35,1396.1,1170.5,1172.1,602.5,673.0,786.0,2.3666666666666667,4.1,101.33333333333333,115.0,29.333333333333332
SV024,L,214,3,3,0,0,3,Response,2992.7,2992.7,1191.2,1191.2,671.0,671.0,396.0,1.7999999999999998,2.9,643.5,915.0,308.0
SV024,L,215,2,2,1,1,2,Response,1348.2333333333333,1686.5,1231.0666666666666,1370.6,666.6666666666666,734.0,1034.6666666666667,2.75,8.8,98.5,205.0,26.0
SV024,L,216,3,3,1,1,2,Response,1146.45,1191.0,1330.8,1352.5,687.5,787.0,796.0,3.966666666666667,6.4,157.66666666666666,208.0,30.666666666666668
SV024,L,217,2,3,0,0,2,Response,3015.35,3087.0,1093.3000000000002,1104.4,624.0,680.0,1086.0,4.166666666666667,7.5,112.66666666666667,151.0,41.333333333333336
SV024,L,218,2,0,1,1,2,Response,1295.9,1702.9,1230.8,1332.6,668.0,730.0,1218.0,5.5,8.6,135.66666666666666,207.0,49.333333333333336
SV024,L,219,2,3,1,1,2,Response,926.5,926.5,1321.7,1321.7,632.0,632.0,2228.0,8.35,8.5,185.5,208.0,62.0
SV024,L,220,2,0,1,0,2,Response,3029.7,3029.7,1274.7,1274.7,582.0,582.0,1732.0,7.65,8.4,196.5,217.0,56.0
SV024,L,221,3,3,0,0,3,Response,3069.0,3069.0,1150.7,1150.7,549.0,549.0,860.0,5.25,8.5,179.0,238.0,38.0
SV024,L,222,2,3,1,0,2,Response,3074.8999999999996,3141.2,1243.5,1268.2,590.0,683.0,864.0,4.8,7.7,162.33333333333334,255.0,36.0
SV024,L,223,3,2,1,0,2,Response,3063.925,3226.5,1256.55,1277.6,573.0,633.0,345.0,3.6,9.7,327.8,686.0,94.4
SV024,L,224,2,3,1,1,2,Response,958.1666666666666,1131.0,1259.3333333333333,1344.2,636.3333333333334,664.0,777.3333333333334,4.05,9.0,467.5,856.0,147.0
SV024,L,225,2,2,0,0,2,Response,2698.35,2991.7,1012.0,1044.5,601.5,663.0,816.0,4.449999999999999,8.2,705.0,815.0,246.0
SV024,L,226,3,2,1,0,2,Response,2387.0333333333333,2640.6,1183.3333333333333,1236.0,583.3333333333334,606.0,565.3333333333334,2.975,5.4,126.5,193.0,28.0
SV024,L,227,3,2,0,1,2,Response,1091.6,1091.6,1191.3,1191.3,584.0,584.0,1340.0,3.9499999999999997,6.1,152.0,205.0,34.0
SV024,L,228,3,0,0,1,1,Response,1147.9666666666667,1514.9,1359.0666666666666,1486.7,677.3333333333334,720.0,652.0,3.8,6.6,149.75,187.0,32.0
SV024,L,229,2,3,0,1,3,Response,1137.1666666666667,1284.6,1113.6666666666667,1163.1,677.6666666666666,741.0,764.0,2.7750000000000004,6.9,296.25,789.0,88.0
SV024,L,230,3,3,0,1,3,Response,1067.3,1067.3,1202.9,1202.9,530.0,530.0,1020.0,3.95,6.5,96.5,114.0,46.0
SV024,L,231,2,0,1,1,1,Response,962.1,962.1,1285.5,1285.5,585.0,585.0,1440.0,7.5,7.8,199.0,202.0,54.0
SV024,L,232,2,3,1,1,2,Response,1233.925,1609.4,1263.825,1351.0,636.75,708.0,922.0,2.28,6.3,100.2,151.0,26.4
SV024,L,233,2,3,1,0,2,Response,2730.8500000000004,2993.8,1342.925,1631.5,526.5,643.0,507.0,3.12,8.2,269.8,703.0,72.0
SV024,L,234,2,2,1,1,2,Response,927.2,927.2,1312.6,1312.6,598.0,598.0,1984.0,7.65,8.5,149.5,153.0,68.0
SV024,L,235,2,3,0,1,3,Response,1034.6666666666667,1079.8,1243.5333333333333,1405.0,562.0,650.0,800.0,4.3999999999999995,7.5,687.6666666666666,927.0,184.0
SV024,L,236,3,2,1,1,1,Response,1439.2,1952.7,1176.8666666666666,1338.9,658.0,757.0,766.6666666666666,6.3,10.6,167.25,249.0,46.0
SV024,L,237,2,0,1,1,1,Response,986.25,1027.2,1310.4,1346.0,726.0,816.0,518.0,4.433333333333334,8.4,231.66666666666666,488.0,73.33333333333333
SV024,L,238,2,3,1,1,2,Response,1106.1666666666667,1286.1,1304.7,1347.2,615.6666666666666,730.0,562.6666666666666,3.125,5.0,759.25,1390.0,192.0
SV024,L,239,3,0,0,0,2,Response,2751.7999999999997,3146.2,1188.3,1245.6,581.0,687.0,192.0,2.2,6.4,314.5,665.0,146.0
SV024,L,240,2,0,0,0,2,Response,2930.55,3147.0,1170.7,1288.0,497.75,621.0,452.0,3.02,9.4,127.0,233.0,26.4
SV024,L,241,3,2,0,0,2,Response,,,,,,,,5.2,5.2,180.0,180.0,40.0
SV024,L,242,3,0,1,0,0,Response,,,,,,,,0.8,0.8,1232.0,1232.0,208.0
SV024,L,243,2,3,0,0,3,Response,,,,,,,,2.6,2.6,153.0,153.0,24.0
SV024,L,244,3,3,0,1,3,Response,,,,,,,,0.9,0.9,1126.0,1126.0,196.0
SV024,L,245,2,3,0,1,3,Response,,,,,,,,,,,,
SV024,L,246,2,0,1,1,0,Response,,,,,,,,,,,,
SV024,L,247,2,2,0,1,2,Response,1894.4,1894.4,985.4,985.4,871.0,871.0,124.0,1.5999999999999999,2.3,109.0,139.0,20.0
SV024,L,248,3,0,1,1,0,Response,,,,,,,,,,,,
SV024,L,249,3,3,0,1,3,Response,,,,,,,,0.1,0.1,851.0,851.0,112.0
SV024,L,250,3,0,0,0,0,Response,,,,,,,,,,,,
SV024,L,251,2,3,1,1,3,Response,,,,,,,,,,,,
SV024,L,252,2,3,1,0,2,Response,,,,,,,,,,,,
SV024,L,253,2,0,0,0,0,Response,,,,,,,,,,,,
SV024,L,254,2,0,1,0,0,Response,,,,,,,,,,,,
SV024,L,255,2,0,1,0,0,Response,,,,,,,,,,,,
SV024,L,256,3,2,1,0,2,Response,,,,,,,,,,,,
SV024,L,257,3,0,0,1,0,Response,,,,,,,,,,,,
SV024,L,258,2,0,1,0,0,Response,,,,,,,,,,,,
SV024,L,259,2,0,1,0,0,Response,,,,,,,,,,,,
SV024,L,260,2,0,1,1,0,Response,,,,,,,,,,,,
SV024,L,261,3,3,1,0,3,Response,,,,,,,,,,,,
SV024,L,262,3,0,0,0,0,Response,,,,,,,,,,,,
SV024,L,263,3,3,0,1,3,Response,,,,,,,,,,,,
SV024,L,264,2,3,1,0,3,Response,,,,,,,,,,,,
SV024,L,265,2,0,1,1,0,Response,,,,,,,,,,,,
SV024,L,266,3,2,0,1,2,Response,,,,,,,,,,,,
SV024,L,267,2,3,0,0,3,Response,,,,,,,,,,,,
SV024,L,268,2,0,0,1,0,Response,,,,,,,,,,,,
SV024,L,269,3,3,1,1,3,Response,,,,,,,,,,,,
SV024,L,270,3,0,1,1,0,Response,,,,,,,,,,,,
SV024,L,271,2,0,0,0,0,Response,,,,,,,,,,,,
SV024,L,272,2,2,1,0,2,Response,,,,,,,,,,,,
SV024,L,273,2,2,1,1,2,Response,,,,,,,,,,,,
SV024,L,274,2,0,1,0,0,Response,,,,,,,,,,,,
SV024,L,275,3,2,0,0,2,Response,3234.7333333333336,3270.0,2312.2000000000003,2801.5,377.6666666666667,582.0,64.0,10.8,21.6,508.5,944.0,137.0
SV024,L,276,3,2,1,0,2,Response,1907.6,1907.6,1008.5,1008.5,816.0,816.0,188.0,0.7,0.9,709.5,1352.0,100.0
SV024,L,277,3,3,1,1,3,Response,,,,,,,,,,,,
SV024,L,278,3,3,0,1,3,Response,,,,,,,,,,,,
SV024,L,279,2,2,0,0,2,Response,,,,,,,,,,,,
SV024,L,280,2,2,0,1,2,Response,,,,,,,,,,,,
SV024,L,281,2,3,0,0,3,Response,,,,,,,,,,,,
SV024,L,282,2,3,1,0,3,Response,,,,,,,,,,,,
SV024,L,283,3,2,0,0,2,Response,,,,,,,,,,,,
SV024,L,284,2,3,0,0,3,Response,,,,,,,,,,,,
SV024,L,285,3,0,0,1,0,Response,,,,,,,,,,,,
SV024,L,286,2,3,0,1,3,Response,,,,,,,,,,,,
SV024,L,287,3,2,0,0,2,Response,,,,,,,,,,,,
SV024,L,288,3,2,1,1,2,Response,,,,,,,,,,,,
SV024,L,289,3,0,1,1,0,Response,,,,,,,,,,,,
SV024,L,290,3,2,0,0,2,Response,,,,,,,,,,,,
SV024,L,291,2,0,0,1,0,Response,,,,,,,,,,,,
SV024,L,292,2,2,0,0,2,Response,,,,,,,,,,,,
SV024,L,293,3,0,1,0,0,Response,,,,,,,,,,,,
SV024,L,294,3,3,1,1,3,Response,,,,,,,,,,,,
SV024,L,295,2,2,1,1,2,Response,,,,,,,,,,,,
SV024,L,296,2,3,1,1,3,Response,,,,,,,,,,,,
SV024,L,297,2,0,0,1,0,Response,,,,,,,,,,,,
SV024,L,298,3,3,1,0,3,Response,,,,,,,,,,,,
SV024,L,299,3,0,0,0,0,Response,,,,,,,,,,,,
SV024,L,300,3,3,1,1,3,Response,,,,,,,,,,,,
SV024,L,301,3,3,1,0,3,Response,,,,,,,,,,,,
SV024,L,302,3,0,0,1,0,Response,,,,,,,,,,,,
SV024,L,303,2,2,1,1,2,Response,,,,,,,,,,,,
SV024,L,304,2,2,1,1,2,Response,,,,,,,,,,,,
SV024,L,305,3,3,1,1,2,Response,,,,,,,,,,,,
SV024,L,306,3,0,1,0,0,Response,,,,,,,,1.0,1.0,90.0,90.0,16.0
SV024,L,307,3,3,0,0,3,Response,,,,,,,,,,,,
SV024,L,308,2,3,0,0,3,Response,,,,,,,,,,,,
SV024,L,309,3,3,1,0,3,Response,,,,,,,,,,,,
SV024,L,310,3,3,0,0,3,Response,,,,,,,,,,,,
SV024,L,311,3,2,1,0,2,Response,,,,,,,,,,,,
SV024,L,312,3,0,1,1,0,Response,,,,,,,,,,,,
SV024,L,313,2,0,0,0,0,Response,,,,,,,,,,,,
SV024,L,314,2,3,0,0,3,Response,,,,,,,,,,,,
SV024,L,315,3,2,0,1,2,Response,,,,,,,,,,,,
SV024,L,316,3,2,0,1,2,Response,,,,,,,,,,,,
SV024,L,317,3,0,0,0,0,Response,,,,,,,,,,,,
SV024,L,318,3,0,0,1,0,Response,,,,,,,,,,,,
SV024,L,319,2,2,0,1,2,Response,,,,,,,,,,,,
SV024,L,320,2,3,1,1,3,Response,,,,,,,,,,,,
SV024,L,321,2,0,0,0,0,Response,,,,,,,,1.4,1.4,1360.0,1360.0,128.0
SV024,L,322,3,3,0,0,3,Response,,,,,,,,,,,,
SV024,L,323,3,0,1,1,0,Response,,,,,,,,,,,,
SV024,L,324,3,0,1,0,0,Response,,,,,,,,,,,,
SV024,L,325,2,0,1,1,0,Response,,,,,,,,,,,,
SV024,L,326,3,3,1,1,3,Response,1853.4,1853.4,1088.4,1088.4,532.0,532.0,308.0,0.8,1.1,66.0,75.0,16.0
SV024,L,327,2,0,0,0,0,Response,,,,,,,,,,,,
SV024,L,328,3,3,1,1,3,Response,,,,,,,,1.4,1.4,874.0,874.0,152.0
SV024,L,329,3,0,1,1,0,Response,,,,,,,,0.7,0.7,1292.0,1292.0,136.0
SV024,L,330,3,3,1,0,3,Response,1911.3,1911.3,1203.6,1203.6,615.0,615.0,1328.0,0.9,0.9,1283.0,1527.0,180.0
SV024,L,331,2,0,1,0,0,Response,,,,,,,,,,,,
SV024,L,332,2,3,1,1,3,Response,,,,,,,,,,,,
SV024,L,333,2,2,1,0,2,Response,,,,,,,,,,,,
SV024,L,334,3,2,0,1,2,Response,,,,,,,,,,,,
SV024,L,335,2,0,1,0,0,Response,,,,,,,,,,,,
SV024,L,336,2,0,0,0,0,Response,,,,,,,,,,,,
SV024,L,337,2,0,0,0,0,Response,,,,,,,,,,,,
SV024,L,338,3,2,0,1,2,Response,,,,,,,,,,,,
SV024,L,339,3,2,1,0,2,Response,,,,,,,,,,,,
SV024,L,340,3,0,0,0,0,Response,,,,,,,,,,,,
SV024,L,341,3,0,0,1,0,Response,,,,,,,,,,,,
SV024,L,342,3,2,0,0,2,Response,,,,,,,,,,,,
SV024,L,343,3,2,1,1,2,Response,,,,,,,,,,,,
SV024,L,344,2,2,0,0,2,Response,,,,,,,,,,,,
SV024,L,345,2,2,1,0,2,Response,,,,,,,,,,,,
SV024,L,346,3,0,1,0,0,Response,,,,,,,,,,,,
SV024,L,347,2,0,1,0,0,Response,,,,,,,,,,,,
SV024,L,348,3,3,1,0,3,Response,,,,,,,,,,,,
SV024,L,349,2,0,1,1,0,Response,,,,,,,,,,,,
SV024,L,350,3,0,1,1,0,Response,,,,,,,,,,,,
SV024,L,351,3,2,0,0,2,Response,,,,,,,,,,,,
SV024,L,352,3,3,0,0,3,Response,,,,,,,,,,,,
SV024,L,353,3,2,0,1,2,Response,,,,,,,,,,,,
SV024,L,354,2,3,0,1,3,Response,,,,,,,,,,,,
SV024,L,355,3,3,0,0,3,Response,,,,,,,,,,,,
SV024,L,356,3,0,0,0,0,Response,,,,,,,,,,,,
SV024,L,357,2,2,0,1,2,Response,,,,,,,,,,,,
SV024,L,358,3,3,1,1,3,Response,,,,,,,,,,,,
SV024,L,359,2,0,1,1,0,Response,,,,,,,,,,,,
SV024,L,360,2,3,1,1,3,Response,,,,,,,,,,,,
SV024,L,361,2,3,0,0,3,Response,,,,,,,,,,,,
SV024,L,362,2,0,0,1,0,Response,,,,,,,,,,,,
SV024,L,363,2,3,0,1,3,Response,,,,,,,,0.8,0.8,1055.0,1055.0,156.0
SV024,L,364,2,0,0,1,0,Response,,,,,,,,,,,,
SV024,L,365,2,2,0,1,2,Response,,,,,,,,,,,,
SV024,L,366,3,2,1,0,2,Response,,,,,,,,,,,,
SV024,L,367,2,3,1,0,3,Response,,,,,,,,,,,,
SV024,L,368,2,0,1,1,0,Response,,,,,,,,,,,,
SV024,L,369,2,2,1,0,2,Response,,,,,,,,,,,,
SV024,L,370,2,3,1,0,3,Response,,,,,,,,,,,,
SV024,L,371,3,2,1,0,2,Response,,,,,,,,,,,,
SV024,L,372,3,3,0,1,3,Response,,,,,,,,,,,,
SV024,L,373,3,3,0,1,3,Response,,,,,,,,,,,,
SV024,L,374,2,3,0,0,3,Response,,,,,,,,,,,,
SV024,L,375,3,0,0,0,0,Response,,,,,,,,,,,,
SV024,L,376,2,3,1,1,3,Response,,,,,,,,,,,,
SV024,L,377,2,2,0,0,2,Response,,,,,,,,,,,,
SV024,L,378,3,2,1,1,2,Response,,,,,,,,,,,,
SV024,L,379,3,2,0,0,2,Response,,,,,,,,,,,,
SV024,L,380,2,2,0,1,2,Response,,,,,,,,,,,,
SV024,L,381,2,2,1,1,2,Response,,,,,,,,,,,,
SV024,L,382,3,2,1,1,2,Response,,,,,,,,,,,,
SV024,L,383,3,2,1,1,2,Response,,,,,,,,,,,,
SV024,L,384,3,2,1,1,2,Response,,,,,,,,,,,,
SV024,L,385,3,2,0,1,2,Response,,,,,,,,,,,,
SV024,L,386,3,0,0,1,0,Response,,,,,,,,,,,,
SV024,L,387,3,2,1,0,2,Response,2585.7,3270.0,1193.3000000000002,1548.4,317.5,572.0,244.0,7.766666666666667,12.0,517.3333333333334,987.0,52.0
SV024,L,388,3,0,0,0,0,Response,,,,,,,,,,,,
SV024,L,389,2,0,0,1,0,Response,,,,,,,,,,,,
SV024,L,390,3,3,0,1,3,Response,,,,,,,,,,,,
SV024,L,391,3,2,1,1,2,Response,,,,,,,,,,,,
SV024,L,392,2,2,0,1,2,Response,,,,,,,,,,,,
SV024,L,393,2,0,1,1,0,Response,,,,,,,,,,,,
SV024,L,394,2,3,1,0,3,Response,,,,,,,,,,,,
SV024,L,395,3,0,1,0,0,Response,,,,,,,,,,,,
SV024,L,396,3,2,0,1,2,Response,,,,,,,,,,,,
SV024,L,397,3,3,0,0,3,Response,,,,,,,,,,,,
SV024,L,398,3,2,1,1,2,Response,,,,,,,,,,,,
SV024,L,399,2,2,1,0,2,Response,,,,,,,,,,,,
SV024,L,400,2,2,0,1,2,Response,,,,,,,,,,,,
SV024,L,401,3,0,0,1,0,Response,,,,,,,,,,,,
SV024,L,402,2,2,1,0,2,Response,,,,,,,,,,,,
SV024,L,403,2,2,1,0,2,Response,1918.8333333333333,1925.9,828.9333333333334,1105.9,534.3333333333334,623.0,510.6666666666667,4.166666666666667,8.3,487.0,1071.0,145.33333333333334
SV024,L,404,2,2,0,0,2,Response,,,,,,,,,,,,
SV024,L,405,2,2,0,0,2,Response,1908.35,1945.0,1082.55,1130.1,514.5,551.0,248.0,0.6499999999999999,0.7,65.0,68.0,14.0
SV024,L,406,3,2,1,0,2,Response,,,,,,,,,,,,
SV024,L,407,3,0,1,1,0,Response,,,,,,,,,,,,
SV024,L,408,3,3,1,0,3,Response,,,,,,,,,,,,
SV024,L,409,3,3,1,0,3,Response,,,,,,,,,,,,
SV024,L,410,3,0,1,0,0,Response,,,,,,,,,,,,
SV024,L,411,2,2,1,1,2,Response,,,,,,,,,,,,
SV024,L,412,2,0,1,1,0,Response,,,,,,,,,,,,
SV024,L,413,2,2,1,0,2,Response,,,,,,,,,,,,
SV024,L,414,3,3,0,0,3,Response,,,,,,,,,,,,
SV024,L,415,3,0,1,0,0,Response,,,,,,,,,,,,
SV024,L,416,3,3,0,1,3,Response,,,,,,,,,,,,
SV024,L,417,2,0,0,0,0,Response,,,,,,,,,,,,
SV024,L,418,2,3,0,1,3,Response,,,,,,,,1.4,1.4,868.0,868.0,312.0
SV024,L,419,3,0,0,1,0,Response,,,,,,,,,,,,
SV024,L,420,2,0,0,0,0,Response,,,,,,,,,,,,
SV024,L,421,2,0,0,1,0,Response,1933.8,1933.8,1253.8,1253.8,521.0,521.0,36.0,0.8,1.2,79.5,110.0,14.0
SV024,L,422,2,2,0,1,2,Response,,,,,,,,,,,,
SV024,L,423,3,0,0,1,0,Response,,,,,,,,,,,,
SV024,L,424,2,3,1,1,3,Response,,,,,,,,,,,,
SV024,L,425,3,3,0,0,3,Response,,,,,,,,,,,,
SV024,L,426,2,3,1,0,3,Response,,,,,,,,,,,,
SV024,L,427,3,3,1,1,3,Response,,,,,,,,,,,,
SV024,L,428,2,3,1,1,3,Response,,,,,,,,,,,,
SV024,L,429,2,2,0,0,2,Response,,,,,,,,,,,,
SV024,L,430,3,3,0,0,3,Response,,,,,,,,,,,,
SV024,L,431,2,3,0,1,3,Response,,,,,,,,,,,,
SV024,L,432,3,0,0,0,0,Response,,,,,,,,,,,,
SV024,L,433,3,3,0,0,3,Response,,,,,,,,,,,,
SV024,L,434,3,0,1,0,0,Response,,,,,,,,,,,,
SV024,L,435,2,0,0,1,0,Response,,,,,,,,,,,,
SV024,L,436,3,2,1,0,2,Response,,,,,,,,,,,,
SV024,L,437,3,2,0,0,2,Response,,,,,,,,,,,,
SV024,L,438,2,3,1,1,3,Response,,,,,,,,,,,,
SV024,L,439,2,3,1,0,3,Response,,,,,,,,,,,,
SV024,L,440,2,3,1,1,3,Response,,,,,,,,,,,,
SV024,L,441,2,3,1,0,3,Response,,,,,,,,,,,,
SV024,L,442,2,0,0,1,0,Response,,,,,,,,,,,,
SV024,L,443,2,2,1,0,2,Response,,,,,,,,,,,,
SV024,L,444,3,3,0,1,3,Response,,,,,,,,,,,,
SV024,L,445,2,0,1,0,0,Response,,,,,,,,,,,,
SV024,L,446,3,3,0,1,3,Response,,,,,,,,,,,,
SV024,L,447,3,0,1,1,0,Response,,,,,,,,,,,,
SV024,L,448,2,3,1,0,3,Response,,,,,,,,,,,,
SV024,L,449,2,2,1,0,2,Response,,,,,,,,,,,,
SV024,L,450,3,3,1,0,3,Response,,,,,,,,,,,,
SV024,L,451,3,0,1,1,0,Response,,,,,,,,,,,,
SV024,L,452,2,3,0,1,3,Response,,,,,,,,,,,,
SV024,L,453,3,0,1,0,0,Response,,,,,,,,,,,,
SV024,L,454,3,2,0,1,2,Response,,,,,,,,,,,,
SV024,L,455,3,3,1,1,2,Response,,,,,,,,,,,,
SV024,L,456,2,0,1,1,0,Response,,,,,,,,,,,,
SV024,L,457,2,2,0,1,2,Response,,,,,,,,,,,,
SV024,L,458,2,0,0,1,0,Response,,,,,,,,,,,,
SV024,L,459,2,3,0,1,3,Response,,,,,,,,,,,,
SV024,L,460,2,3,0,1,3,Response,,,,,,,,,,,,
SV024,L,461,3,0,0,1,0,Response,,,,,,,,,,,,
SV024,L,462,2,2,1,1,2,Response,,,,,,,,,,,,
SV024,L,463,3,0,0,0,0,Response,,,,,,,,,,,,
SV024,L,464,3,2,0,0,2,Response,,,,,,,,,,,,
SV024,L,465,2,3,0,0,3,Response,,,,,,,,,,,,
SV024,L,466,2,2,1,1,2,Response,,,,,,,,,,,,
SV024,L,467,2,3,0,0,3,Response,,,,,,,,,,,,
SV024,L,468,3,3,1,0,3,Response,,,,,,,,,,,,
SV024,L,469,2,2,0,0,2,Response,,,,,,,,,,,,
SV024,L,470,3,2,1,0,2,Response,,,,,,,,,,,,
SV024,L,471,2,2,1,1,2,Response,,,,,,,,,,,,
SV024,L,472,3,2,0,1,2,Response,,,,,,,,,,,,
SV024,L,473,2,0,1,0,0,Response,,,,,,,,,,,,
SV024,L,474,2,3,0,1,3,Response,,,,,,,,,,,,
SV024,L,475,3,2,1,1,2,Response,,,,,,,,,,,,
SV024,L,476,3,2,1,1,2,Response,,,,,,,,,,,,
SV024,L,477,2,2,0,0,2,Response,,,,,,,,1.5,1.5,695.0,695.0,416.0
SV024,L,478,2,0,0,0,0,Response,,,,,,,,,,,,
SV024,L,479,2,2,1,1,2,Response,,,,,,,,,,,,
SV024,L,480,2,2,0,0,2,Response,,,,,,,,,,,,
SV024,R,1,2,2,0,0,2,Response,1347.685714285714,2153.2,1149.7285714285715,1339.9,731.0,887.0,722.2857142857143,5.1000000000000005,10.8,270.75,959.0,58.5
SV024,R,2,3,0,1,1,2,Response,2629.225,2913.2,1246.05,1291.6,653.25,786.0,399.0,3.16,7.5,165.6,300.0,36.0
SV024,R,3,2,3,0,1,2,Response,2967.8,2967.8,1243.7,1243.7,599.0,599.0,716.0,8.45,8.6,234.0,242.0,50.0
SV024,R,4,3,2,1,0,2,Response,788.75,888.9,1273.4,1281.2,685.0,729.0,1186.0,6.0,9.3,180.0,290.0,38.666666666666664
SV024,R,5,3,0,1,0,2,Response,850.4000000000001,930.2,1263.8,1268.0,706.5,798.0,900.0,6.433333333333334,9.8,182.0,300.0,42.666666666666664
SV024,R,6,3,3,1,1,2,Response,2519.775,2993.4,1220.25,1290.6,534.5,547.0,300.0,3.325,6.8,129.25,194.0,29.0
SV024,R,7,3,0,0,1,2,Response,2973.5,3032.0,1147.1,1200.7,555.0,579.0,532.0,5.3,8.0,166.0,215.0,37.333333333333336
SV024,R,8,2,0,0,1,2,Response,2806.45,3007.6,1319.45,1334.4,698.5,793.0,812.0,3.8000000000000003,7.9,140.66666666666666,204.0,32.0
SV024,R,9,3,3,1,1,2,Response,2911.0,2988.6,1299.7,1311.4,656.0,735.0,1174.0,5.366666666666667,7.9,132.66666666666666,167.0,48.0
SV024,R,10,3,2,1,0,2,Response,894.6,929.7,1280.25,1291.7,628.5,641.0,896.0,5.5,8.0,153.33333333333334,239.0,42.666666666666664
SV024,R,11,3,2,1,0,2,Response,753.2,753.2,1294.6,1294.6,627.0,627.0,1584.0,9.45,9.9,218.5,269.0,62.0
SV024,R,12,2,2,0,0,2,Response,1008.0,1008.0,1083.6,1083.6,603.0,603.0,1592.0,7.55,8.0,227.0,272.0,48.0
SV024,R,13,3,2,0,0,2,Response,,,,,,,,,,,,
SV024,R,14,3,3,1,0,2,Response,1150.8,1866.9,1210.125,1279.5,576.0,681.0,445.0,3.4200000000000004,7.7,121.4,260.0,31.2
SV024,R,15,2,3,1,1,3,Response,2660.7,2993.8,1187.1999999999998,1259.6,637.5,703.0,1244.0,4.433333333333334,9.5,142.33333333333334,187.0,36.0
SV024,R,16,3,2,0,1,2,Response,2521.15,3011.5,1095.4,1098.2,537.5,647.0,892.0,4.966666666666668,8.3,150.0,241.0,38.666666666666664
SV024,R,17,3,3,1,1,2,Response,2882.3,2967.3,1252.5,1263.4,610.0,687.0,944.0,5.2,7.5,137.66666666666666,187.0,45.333333333333336
SV024,R,18,2,3,0,0,2,Response,1181.725,1742.0,1109.025,1328.8,640.25,731.0,558.0,3.2,7.1,108.4,177.0,32.8
SV024,R,19,2,3,0,1,2,Response,2646.5,3097.2,1109.65,1147.6,636.5,727.0,932.0,5.3999999999999995,8.6,139.66666666666666,172.0,44.0
SV024,R,20,3,2,0,0,2,Response,1231.6,2052.6,1138.14,1260.7,693.6,858.0,501.6,3.3000000000000003,8.2,266.0,973.0,60.0
SV024,R,21,3,2,0,0,3,Response,1070.2,1105.7,1229.3333333333333,1399.7,751.6666666666666,850.0,965.3333333333334,4.125,8.5,154.5,255.0,30.0
SV024,R,22,3,3,0,1,2,Response,2999.8,2999.8,1189.2,1189.2,650.0,650.0,1732.0,7.800000000000001,7.9,179.5,195.0,56.0
SV024,R,23,2,0,1,1,2,Response,2933.8,2933.8,1254.5,1254.5,647.0,647.0,1648.0,7.35,7.8,188.0,203.0,52.0
SV024,R,24,2,2,1,1,2,Response,2677.05,3059.0,1207.35,1296.6,694.0,773.0,1122.0,4.833333333333333,8.2,159.33333333333334,203.0,38.666666666666664
SV024,R,25,2,0,0,0,2,Response,1008.1,1008.1,1041.7,1041.7,607.0,607.0,3472.0,6.75,7.7,201.0,290.0,52.0
SV024,R,26,3,0,0,0,3,Response,1085.7,1155.3,1084.05,1108.3,627.0,691.0,1170.0,4.666666666666667,6.8,149.33333333333334,234.0,38.666666666666664
SV024,R,27,2,0,1,1,2,Response,3075.8,3122.2,1287.65,1302.9,617.5,702.0,920.0,5.833333333333333,8.7,141.66666666666666,195.0,42.666666666666664
SV024,R,28,3,2,1,1,2,Response,2809.9,2809.9,1210.4,1210.4,596.0,596.0,2136.0,5.8,5.8,134.0,134.0,52.0
SV024,R,29,3,3,0,1,2,Response,2177.7,2177.7,1104.8,1104.8,697.0,697.0,712.0,6.6,6.6,223.0,223.0,44.0
SV024,R,30,3,3,0,1,2,Response,2880.3,2880.3,1137.0,1137.0,737.0,737.0,156.0,3.45,5.8,110.5,129.0,36.0
SV024,R,31,3,3,1,0,3,Response,1115.9,1744.3,1208.26,1305.7,653.0,767.0,396.8,2.6166666666666667,9.0,97.0,212.0,26.0
SV024,R,32,2,2,0,0,2,Response,1001.8,1001.8,1123.3,1123.3,448.0,448.0,760.0,6.75,6.8,163.5,206.0,58.0
SV024,R,33,2,0,0,1,2,Response,2940.9,2940.9,1169.4,1169.4,623.0,623.0,420.0,3.9,7.3,98.0,133.0,40.0
SV024,R,34,3,0,0,1,2,Response,2841.8571428571427,3097.5,1202.5857142857144,1388.1,626.4285714285714,681.0,528.0,1.95,3.6,189.375,767.0,44.0
SV024,R,35,3,2,0,1,2,Response,2709.025,3122.3,1089.0749999999998,1314.1,538.5,718.0,453.0,3.9200000000000004,9.2,143.8,215.0,32.0
SV024,R,36,2,0,0,0,2,Response,1013.1,1013.1,1042.2,1042.2,590.0,590.0,324.0,7.1,7.1,205.0,205.0,44.0
SV024,R,37,2,0,0,1,2,Response,,,,,,,,,,,,
SV024,R,38,2,0,1,0,2,Response,914.15,982.3,1221.4,1257.1,694.5,810.0,900.0,5.233333333333333,8.2,149.66666666666666,260.0,42.666666666666664
SV024,R,39,3,2,0,1,2,Response,2991.225,3125.3,1191.9,1365.9,511.0,622.0,473.0,2.4,7.4,96.0,132.0,28.8
SV024,R,40,2,0,1,0,2,Response,1110.6333333333334,1520.9,1213.2666666666667,1279.1,770.6666666666666,861.0,776.0,4.333333333333333,9.3,158.0,286.0,32.0
SV024,R,41,3,2,0,0,2,Response,995.6999999999999,1037.8,1300.9666666666665,1362.6,667.0,752.0,646.6666666666666,1.5250000000000001,2.2,111.0,126.0,19.0
SV024,R,42,3,3,1,0,2,Response,1009.3333333333334,1359.5,1235.8999999999999,1272.5,569.6666666666666,641.0,702.6666666666666,4.075,8.9,145.0,223.0,35.0
SV024,R,43,3,0,1,0,2,Response,936.8000000000001,1062.9,1262.0,1299.1,603.3333333333334,752.0,856.0,2.766666666666667,7.3,120.33333333333333,249.0,22.666666666666668
SV024,R,44,3,3,0,0,3,Response,1053.5,1053.5,1279.6,1279.6,551.0,551.0,1820.0,3.9000000000000004,6.4,163.5,228.0,30.0
SV024,R,45,3,3,0,0,3,Response,1021.9,1049.0,1157.7666666666667,1270.5,594.3333333333334,706.0,962.6666666666666,3.9749999999999996,7.3,129.0,250.0,37.0
SV024,R,46,3,3,0,1,2,Response,2833.633333333333,3127.9,1204.2,1318.5,580.0,741.0,473.3333333333333,4.275,8.4,132.0,216.0,37.0
SV024,R,47,2,2,0,0,2,Response,1213.1,1600.3,1117.1333333333334,1265.4,540.6666666666666,672.0,678.6666666666666,2.45,7.3,85.25,146.0,29.0
SV024,R,48,2,3,0,1,3,Response,2883.3,2883.3,1093.0,1093.0,509.0,509.0,200.0,2.45,4.4,95.0,126.0,28.0
SV024,R,49,3,2,0,1,2,Response,3121.95,3162.5,1126.4,1183.7,605.0,664.0,930.0,5.7,8.8,127.33333333333333,197.0,50.666666666666664
SV024,R,50,2,0,1,0,2,Response,1222.0400000000002,1851.4,1214.6200000000001,1288.7,600.8,741.0,544.8,2.5799999999999996,6.6,102.0,154.0,28.8
SV024,R,51,2,2,1,0,2,Response,1106.8333333333333,1702.0,1250.1000000000001,1318.3,544.3333333333334,680.0,636.0,3.425,10.6,121.0,254.0,28.0
SV024,R,52,3,0,0,1,2,Response,2906.5,3094.8,995.05,1041.7,472.0,536.0,992.0,3.266666666666667,6.5,170.0,332.0,54.666666666666664
SV024,R,53,3,3,0,1,2,Response,3045.2,3045.2,1201.7,1201.7,436.0,436.0,1548.0,3.55,5.8,100.5,128.0,40.0
SV024,R,54,3,2,0,1,2,Response,3087.7666666666664,3096.9,1373.4666666666665,1578.4,464.6666666666667,522.0,622.6666666666666,2.8666666666666667,6.6,92.0,111.0,34.666666666666664
SV024,R,55,3,3,0,0,3,Response,973.6333333333333,1059.5,1265.1000000000001,1381.6,618.3333333333334,706.0,880.0,2.8,8.2,109.25,169.0,29.0
SV024,R,56,3,3,1,1,1,Response,3089.4,3270.0,1883.85,2509.2,287.0,524.0,1638.0,9.700000000000001,15.1,331.0,469.0,57.333333333333336
SV024,R,57,2,2,1,0,2,Response,996.1,1170.9,1269.4,1311.3,730.5,838.0,780.0,5.266666666666667,9.4,184.66666666666666,281.0,37.333333333333336
SV024,R,58,2,3,1,1,2,Response,2645.95,2773.5,1226.7,1260.2,662.0,780.0,922.0,1.3333333333333333,2.3,96.33333333333333,141.0,18.666666666666668
SV024,R,59,2,3,0,0,2,Response,,,,,,,,,,,,
SV024,R,60,2,3,0,1,2,Response,3038.3,3038.3,1137.8,1137.8,514.0,514.0,932.0,7.8999999999999995,8.7,442.5,625.0,106.0
SV024,R,61,3,0,1,1,2,Response,2881.65,2986.4,1261.6,1275.1,667.0,748.0,714.0,4.533333333333333,8.2,157.33333333333334,197.0,33.333333333333336
SV024,R,62,2,3,1,1,2,Response,2957.1,2957.1,1311.0,1311.0,565.0,565.0,1592.0,7.699999999999999,8.1,198.5,209.0,52.0
SV024,R,63,2,3,0,1,2,Response,2144.5,2213.6,1123.1,1129.4,683.5,748.0,408.0,1.0333333333333334,1.7,81.66666666666667,99.0,17.333333333333332
SV024,R,64,2,2,1,1,2,Response,2856.8,2856.8,1249.0,1249.0,584.0,584.0,1932.0,7.6,8.6,181.0,227.0,56.0
SV024,R,65,2,3,1,0,2,Response,941.15,1030.0,1227.85,1267.5,609.5,715.0,1284.0,2.6999999999999997,7.1,85.66666666666667,131.0,30.666666666666668
SV024,R,66,3,0,0,1,2,Response,3051.5,3067.5,1179.6,1487.3,443.75,526.0,622.0,5.4,7.8,173.8,208.0,44.8
SV024,R,67,3,3,0,1,2,Response,3063.1000000000004,3094.3,1084.9499999999998,1193.6,430.5,503.0,1056.0,4.666666666666667,8.5,127.66666666666667,171.0,40.0
SV024,R,68,3,3,0,0,3,Response,1007.9,1007.9,1130.2,1130.2,531.0,531.0,2168.0,6.85,7.7,161.5,169.0,56.0
SV024,R,69,3,0,1,0,2,Response,1028.9,1028.9,1136.4,1136.4,697.0,697.0,172.0,3.8,6.8,106.0,138.0,38.0
SV024,R,70,3,3,1,0,2,Response,1141.3,2148.9,1278.24,1609.6,605.8,686.0,788.8,3.4799999999999995,11.6,136.8,255.0,27.2
SV024,R,71,2,3,1,1,2,Response,2706.4,2918.0,1194.6999999999998,1247.3,488.5,555.0,852.0,3.733333333333333,6.8,133.33333333333334,176.0,34.666666666666664
SV024,R,72,2,0,0,0,2,Response,954.5666666666666,1009.1,1136.9333333333334,1226.1,583.3333333333334,712.0,573.3333333333334,4.4,8.0,140.75,257.0,38.0
SV024,R,73,2,2,1,0,2,Response,894.3,942.3,1247.05,1288.1,584.0,663.0,1122.0,4.5,8.5,119.5,183.0,40.0
SV024,R,74,3,2,0,0,2,Response,1029.0333333333333,1123.1,1072.9666666666667,1119.3,594.0,663.0,1121.3333333333333,2.8333333333333335,7.0,107.66666666666667,174.0,32.0
SV024,R,75,2,0,1,0,2,Response,1165.8999999999999,1482.7,1167.3,1233.1,606.3333333333334,659.0,465.3333333333333,1.0250000000000001,1.1,79.5,85.0,18.0
SV024,R,76,3,2,1,0,2,Response,1283.8,1619.3,1217.3000000000002,1267.2,736.0,798.0,1138.0,4.633333333333334,7.9,161.33333333333334,272.0,38.666666666666664
SV024,R,77,3,0,0,0,3,Response,1103.7,1161.2,1198.1999999999998,1207.3,668.5,754.0,1332.0,3.033333333333333,7.7,111.0,195.0,26.666666666666668
SV024,R,78,2,3,0,1,3,Response,,,,,,,,1.2,1.2,87.0,87.0,20.0
SV024,R,79,3,3,1,0,2,Response,1256.66,1859.3,1208.28,1305.8,654.2,812.0,479.2,2.1,8.0,95.5,205.0,23.333333333333332
SV024,R,80,2,3,0,1,2,Response,,,,,,,,,,,,
SV024,R,81,3,0,0,0,2,Response,,,,,,,,,,,,
SV024,R,82,3,2,1,1,2,Response,,,,,,,,,,,,
SV024,R,83,2,3,1,1,2,Response,2401.65,2602.5,1161.0,1193.4,670.0,771.0,852.0,1.5333333333333332,2.2,101.33333333333333,124.0,20.0
SV024,R,84,2,0,1,0,2,Response,922.0,1050.6,1244.3333333333333,1286.0,656.0,794.0,782.6666666666666,4.75,8.9,143.25,242.0,37.0
SV024,R,85,2,2,1,0,2,Response,833.8,833.8,1277.8,1277.8,547.0,547.0,1124.0,4.65,8.8,150.0,244.0,32.0
SV024,R,86,2,2,0,1,2,Response,3009.7999999999997,3098.3,1004.9,1157.1,513.6666666666666,605.0,648.0,1.3,2.5,97.0,149.0,17.333333333333332
SV024,R,87,2,2,0,1,2,Response,3016.35,3100.2,1081.3,1410.2,535.5,659.0,393.0,1.7399999999999998,3.1,108.4,182.0,20.8
SV024,R,88,2,0,1,0,2,Response,677.25,770.5,1222.2,1265.9,555.0,601.0,896.0,3.9,8.1,165.66666666666666,247.0,29.333333333333332
SV024,R,89,3,2,1,0,2,Response,1050.6666666666667,1323.6,1206.8333333333333,1234.7,504.0,569.0,636.0,2.75,7.0,96.75,113.0,33.0
SV024,R,90,2,0,1,1,2,Response,,,,,,,,1.6,1.6,112.0,112.0,20.0
SV024,R,91,2,3,1,0,3,Response,1338.1666666666667,2141.6,1176.2333333333333,1270.9,551.3333333333334,688.0,1742.6666666666667,3.5250000000000004,6.9,240.0,549.0,77.0
SV024,R,92,3,0,0,0,3,Response,933.5,1019.3,1114.2666666666667,1118.6,714.3333333333334,780.0,745.3333333333334,4.35,7.8,136.0,233.0,38.0
SV024,R,93,3,2,0,1,2,Response,2786.275,3072.3,1190.2,1361.0,566.25,667.0,508.0,2.2199999999999998,7.3,107.4,204.0,23.2
SV024,R,94,2,2,1,0,2,Response,835.1500000000001,889.6,1244.05,1250.6,483.5,542.0,994.0,5.0,9.5,111.5,161.0,48.0
SV024,R,95,2,3,1,0,2,Response,854.2333333333332,1142.5,1403.6000000000001,1728.5,465.3333333333333,575.0,686.6666666666666,5.225,8.4,176.0,245.0,40.0
SV024,R,96,2,0,1,0,2,Response,910.5,910.5,1209.0,1209.0,644.0,644.0,1584.0,7.6,8.1,220.0,277.0,48.0
SV024,R,97,2,2,0,1,2,Response,,,,,,,,8.1,8.1,233.0,233.0,48.0
SV024,R,98,2,0,0,1,2,Response,2987.9,2987.9,958.8,958.8,510.0,510.0,668.0,7.95,8.0,226.0,240.0,50.0
SV024,R,99,3,2,0,1,2,Response,3023.3500000000004,3070.8,1256.95,1343.0,628.5,682.0,810.0,5.766666666666667,8.8,177.66666666666666,237.0,38.666666666666664
SV024,R,100,3,0,1,0,2,Response,939.3000000000001,1048.0,1231.9333333333334,1263.9,642.6666666666666,720.0,414.6666666666667,4.225,7.6,157.5,257.0,31.0
SV024,R,101,2,2,1,1,2,Response,2587.6,2587.6,1141.4,1141.4,509.0,509.0,1244.0,2.95,3.4,128.5,153.0,32.0
SV024,R,102,3,2,0,0,2,Response,1070.4,1070.4,1046.2,1046.2,581.0,581.0,1220.0,6.6,6.6,204.5,234.0,44.0
SV024,R,103,3,3,1,0,2,Response,1025.4,1160.7,1213.1999999999998,1249.3,541.5,630.0,628.0,4.8,7.9,180.66666666666666,245.0,34.666666666666664
SV024,R,104,3,3,0,0,3,Response,1012.1,1012.1,1070.8,1070.8,425.0,425.0,1772.0,6.9,8.1,154.5,168.0,68.0
SV024,R,105,2,0,1,1,1,Response,3071.45,3229.6,1235.9,1261.2,394.0,474.0,826.0,3.0,6.4,102.66666666666667,136.0,33.333333333333336
SV024,R,106,2,0,0,0,2,Response,1012.55,1041.2,1110.7,1275.0,620.5,645.0,820.0,5.033333333333333,6.6,190.66666666666666,273.0,37.333333333333336
SV024,R,107,3,0,1,1,2,Response,,,,,,,,6.6,6.6,132.0,132.0,64.0
SV024,R,108,2,0,0,1,2,Response,2835.4,3100.4,1151.9333333333334,1192.9,642.6666666666666,699.0,353.3333333333333,0.975,1.3,82.0,113.0,17.0
SV024,R,109,3,0,0,1,2,Response,3041.2,3041.2,965.8,965.8,456.0,456.0,684.0,4.7,6.9,165.5,189.0,36.0
SV024,R,110,3,0,0,1,3,Response,3048.3,3048.3,1239.1,1239.1,568.0,568.0,2936.0,5.85,7.5,124.0,142.0,64.0
SV024,R,111,2,3,0,0,3,Response,1100.1666666666667,1206.2,1077.6000000000001,1127.0,568.0,643.0,577.3333333333334,2.65,5.5,115.75,191.0,29.0
SV024,R,112,2,0,0,0,2,Response,,,,,,,,,,,,
SV024,R,113,3,0,1,1,2,Response,3090.3500000000004,3188.3,1224.7,1241.5,555.5,634.0,634.0,5.133333333333334,7.9,116.0,159.0,48.0
SV024,R,114,3,3,0,1,3,Response,,,,,,,,7.8,7.8,221.0,221.0,48.0
SV024,R,115,3,3,1,0,2,Response,887.4,972.9,1246.5,1280.1,617.0,684.0,616.0,5.833333333333333,9.5,191.0,303.0,38.666666666666664
SV024,R,116,2,0,1,0,2,Response,933.7,933.7,1246.2,1246.2,515.0,515.0,1760.0,6.75,8.3,471.5,717.0,138.0
SV024,R,117,2,2,0,1,2,Response,,,,,,,,,,,,
SV024,R,118,3,3,0,0,2,Response,,,,,,,,,,,,
SV024,R,119,2,0,1,1,2,Response,2930.95,2980.1,1250.9,1252.0,425.0,448.0,828.0,5.566666666666666,8.9,522.0,768.0,108.0
SV024,R,120,2,0,0,1,2,Response,3004.3,3037.5,1152.2,1290.2,667.5,687.0,474.0,6.266666666666666,8.7,200.66666666666666,237.0,40.0
SV024,R,121,2,3,0,0,2,Response,,,,,,,,5.7,5.7,210.0,210.0,40.0
SV024,R,122,2,2,0,1,2,Response,,,,,,,,,,,,
SV024,R,123,2,2,0,0,2,Response,,,,,,,,,,,,
SV024,R,124,3,0,0,1,2,Response,2690.433333333333,3076.7,1154.7333333333333,1315.3,688.6666666666666,814.0,602.6666666666666,8.975,9.8,218.0,253.0,56.0
SV024,R,125,3,0,0,1,2,Response,2716.75,3184.4,1041.95,1070.3,664.25,765.0,413.0,7.1,10.7,180.2,280.0,50.4
SV024,R,126,3,3,0,0,3,Response,1015.1,1015.1,1131.8,1131.8,570.0,570.0,704.0,6.6,7.2,243.5,279.0,40.0
SV024,R,127,2,3,1,1,2,Response,3103.7999999999997,3202.2,1302.55,1369.8,617.5,718.0,417.0,3.9799999999999995,9.4,130.2,242.0,31.2
SV024,R,128,2,2,1,1,2,Response,2885.0,2885.0,1241.4,1241.4,660.0,660.0,1920.0,6.85,7.2,168.0,185.0,54.0
SV024,R,129,2,3,1,1,2,Response,2461.9666666666667,2974.8,1178.3333333333333,1248.7,598.0,621.0,652.0,2.4749999999999996,6.3,109.75,165.0,26.0
SV024,R,130,3,0,1,1,2,Response,2909.133333333333,3056.0,1268.7333333333333,1278.0,583.6666666666666,689.0,580.0,0.95,1.5,74.5,89.0,17.0
SV024,R,131,3,0,1,0,2,Response,1124.2,1677.8,1138.3666666666666,1210.8,664.0,759.0,598.6666666666666,3.65,8.6,136.25,272.0,30.0
SV024,R,132,2,0,0,0,3,Response,1215.7,1430.9,1120.1,1146.3,625.0,700.0,1282.0,3.7000000000000006,9.3,120.0,201.0,32.0
SV024,R,133,3,2,0,0,3,Response,1280.8999999999999,1519.4,1061.7333333333333,1116.7,587.0,644.0,876.0,2.4,7.6,88.75,164.0,28.0
SV024,R,134,3,3,0,1,3,Response,2603.1000000000004,3130.8,1061.8,1081.6,509.5,612.0,1016.0,6.733333333333333,9.5,346.6666666666667,659.0,104.0
SV024,R,135,3,0,1,0,2,Response,1232.2,1849.6,1144.7,1210.4,533.6666666666666,644.0,490.6666666666667,3.8499999999999996,7.6,118.5,238.0,36.0
SV024,R,136,3,3,1,1,2,Response,2872.8,2872.8,1218.4,1218.4,601.0,601.0,228.0,4.1,6.8,117.5,133.0,40.0
SV024,R,137,3,3,1,1,2,Response,3187.75,3270.0,1295.35,1324.5,570.0,671.0,1014.0,7.433333333333333,12.1,147.0,204.0,61.333333333333336
SV024,R,138,3,0,1,1,2,Response,,,,,,,,,,,,
SV024,R,139,2,2,1,1,2,Response,2464.66,3219.0,1213.42,1500.1,502.0,689.0,356.0,4.779999999999999,11.9,192.2,429.0,60.8
SV024,R,140,2,0,0,0,2,Response,1294.4666666666667,1717.5,1196.2,1309.7,811.6666666666666,926.0,792.0,2.7750000000000004,6.9,134.25,259.0,25.0
SV024,R,141,3,3,1,1,2,Response,2702.2999999999997,3213.7,1128.2666666666667,1193.5,699.0,819.0,508.0,3.225,4.5,122.25,156.0,32.0
SV024,R,142,2,2,0,1,2,Response,3024.6,3080.2,1162.9,1187.8,509.0,514.0,376.0,5.566666666666667,8.3,156.66666666666666,247.0,42.666666666666664
SV024,R,143,2,3,1,0,2,Response,1256.55,1629.5,1191.15,1300.0,610.5,629.0,554.0,5.433333333333334,9.4,162.66666666666666,232.0,41.333333333333336
SV024,R,144,2,0,0,0,2,Response,,,,,,,,,,,,
SV024,R,145,2,0,1,1,2,Response,,,,,,,,,,,,
SV024,R,146,3,0,1,1,2,Response,2505.25,2749.5,1144.6,1192.6,661.0,765.0,624.0,2.466666666666667,4.8,113.0,138.0,29.333333333333332
SV024,R,147,3,3,0,1,3,Response,2999.2,2999.2,1176.4,1176.4,521.0,521.0,1676.0,6.95,7.4,161.5,181.0,56.0
SV024,R,148,3,0,1,1,2,Response,3090.7,3179.7,1266.7,1267.5,547.0,580.0,1128.0,5.3,8.2,111.0,144.0,50.666666666666664
SV024,R,149,2,2,1,1,2,Response,,,,,,,,1.2,1.2,87.0,87.0,20.0
SV024,R,150,3,2,1,1,2,Response,2909.2,3156.6,1289.125,1545.7,549.5,668.0,572.0,3.16,11.3,115.6,188.0,28.0
SV024,R,151,3,2,0,1,2,Response,3107.1,3107.1,1139.7,1139.7,443.0,443.0,1244.0,2.65,4.7,97.5,120.0,32.0
SV024,R,152,2,2,1,1,2,Response,2833.8,2833.8,1090.4,1090.4,584.0,584.0,328.0,4.65,7.9,442.0,780.0,134.0
SV024,R,153,3,0,0,1,2,Response,,,,,,,,0.4,0.4,54.0,54.0,12.0
SV024,R,154,2,3,1,1,2,Response,2821.75,3166.1,1251.2,1349.3,583.25,699.0,416.0,7.3,10.4,320.8,922.0,78.4
SV024,R,155,2,0,1,1,2,Response,2878.55,2969.7,1248.8000000000002,1269.2,531.5,545.0,1210.0,2.95,5.4,93.0,129.0,34.0
SV024,R,156,3,0,1,0,2,Response,1379.2,2091.4,1169.3666666666666,1239.3,643.0,756.0,753.3333333333334,3.2500000000000004,9.8,134.0,244.0,37.0
SV024,R,157,3,2,1,1,2,Response,2794.48,3089.8,1225.9,1283.1,584.0,707.0,810.4,5.3,8.6,155.83333333333334,260.0,41.333333333333336
SV024,R,158,3,0,0,0,3,Response,1102.8333333333333,1309.1,1108.8,1142.9,754.0,839.0,772.0,2.7,7.1,115.25,204.0,27.0
SV024,R,159,3,2,1,1,2,Response,2858.9,3270.0,1117.5666666666666,1269.6,499.6666666666667,646.0,768.0,4.775,9.9,102.75,148.0,53.0
SV024,R,160,2,3,1,0,2,Response,1362.25,1829.2,1216.8000000000002,1316.4,648.0,700.0,762.0,5.433333333333334,8.0,164.0,242.0,41.333333333333336
SV024,R,161,2,3,0,1,2,Response,2857.8333333333335,2981.3,1171.3333333333333,1186.1,679.6666666666666,768.0,725.3333333333334,2.225,5.7,95.0,145.0,27.0
SV024,R,162,3,2,0,0,2,Response,963.2,963.2,1199.9,1199.9,688.0,688.0,1696.0,8.4,8.4,281.0,281.0,44.0
SV024,R,163,2,3,0,0,3,Response,1122.0500000000002,1225.9,1083.5,1126.0,727.5,816.0,1102.0,4.5,7.6,135.66666666666666,188.0,38.666666666666664
SV024,R,164,2,3,0,1,3,Response,3093.5,3093.5,1139.3,1139.3,690.0,690.0,2076.0,5.15,8.9,126.0,154.0,46.0
SV024,R,165,2,2,0,1,2,Response,3107.7999999999997,3122.7,1127.1666666666667,1224.7,723.0,759.0,2149.3333333333335,4.2,8.0,113.25,142.0,43.0
SV024,R,166,3,2,0,1,2,Response,2955.9666666666667,3209.0,1037.3999999999999,1076.9,724.3333333333334,777.0,460.0,1.6,4.0,89.0,139.0,21.0
SV024,R,167,2,2,0,1,2,Response,2526.1400000000003,3108.0,1570.98,3270.0,870.2,938.0,438.0,6.409090909090909,26.2,221.45454545454547,805.0,66.18181818181819
SV024,R,168,2,3,0,0,2,Response,1157.0,1157.0,995.6,995.6,813.0,813.0,900.0,6.9,7.4,211.5,256.0,46.0
SV024,R,169,2,0,0,1,1,Response,,,,,,,,,,,,
SV024,R,170,3,0,0,0,2,Response,,,,,,,,,,,,
SV024,R,171,2,3,1,1,2,Response,2729.8,2810.9,1238.6,1266.4,753.5,755.0,598.0,3.4333333333333336,5.2,137.66666666666666,174.0,30.666666666666668
SV024,R,172,3,0,1,0,2,Response,1324.3333333333333,1792.7,1195.3,1272.1,687.0,693.0,868.0,5.7,7.0,178.0,214.0,42.666666666666664
SV024,R,173,3,3,1,1,3,Response,2899.8999999999996,3049.7,1223.0,1272.1,702.5,747.0,798.0,5.0,9.4,146.66666666666666,195.0,37.333333333333336
SV024,R,174,3,0,0,0,3,Response,,,,,,,,,,,,
SV024,R,175,2,0,0,1,2,Response,3014.2,3014.2,1231.4,1231.4,609.0,609.0,344.0,8.350000000000001,8.4,237.0,257.0,50.0
SV024,R,176,3,2,1,0,2,Response,975.5,1134.7,1241.3999999999999,1279.3,714.0,809.0,538.6666666666666,4.45,9.0,151.5,281.0,37.0
SV024,R,177,3,2,1,1,2,Response,3118.1,3118.1,1233.2,1233.2,645.0,645.0,920.0,5.35,7.6,180.5,234.0,38.0
SV024,R,178,2,0,0,1,2,Response,3021.8333333333335,3098.7,1153.7666666666667,1263.4,766.6666666666666,861.0,688.0,3.4,8.7,105.33333333333333,176.0,32.0
SV024,R,179,3,3,0,0,3,Response,1598.25,2164.4,1084.7,1161.0,669.0,695.0,702.0,5.666666666666667,8.6,183.0,243.0,40.0
SV024,R,180,2,0,0,0,2,Response,1074.8,1086.8,1074.65,1118.9,703.5,727.0,518.0,6.433333333333334,12.4,143.0,209.0,52.0
SV024,R,181,2,2,0,1,2,Response,3104.8,3104.8,1128.5,1128.5,612.0,612.0,688.0,9.65,10.0,234.0,268.0,56.0
SV024,R,182,2,3,1,0,2,Response,1363.4666666666667,2058.5,1146.7333333333333,1295.3,786.0,858.0,642.6666666666666,4.475,9.3,154.75,253.0,33.0
SV024,R,183,2,0,1,1,2,Response,2661.275,2956.9,1209.725,1252.8,786.75,879.0,391.0,5.6,7.4,181.2,248.0,40.0
SV024,R,184,3,3,0,0,3,Response,1352.2,1771.0,1086.55,1133.3,752.0,838.0,392.0,1.8200000000000003,4.2,111.2,150.0,20.8
SV024,R,185,2,3,1,0,2,Response,1227.8,1863.1,1203.6333333333334,1281.9,864.3333333333334,926.0,474.6666666666667,1.95,6.3,82.75,150.0,22.0
SV024,R,186,3,3,1,1,2,Response,2863.566666666667,3106.2,1250.5,1303.7,780.3333333333334,926.0,646.6666666666666,3.733333333333333,8.7,129.0,218.0,30.666666666666668
SV024,R,187,2,3,1,0,2,Response,1001.2,1001.2,1226.0,1226.0,665.0,665.0,532.0,8.0,8.1,216.0,246.0,52.0
SV024,R,188,2,3,1,1,2,Response,,,,,,,,,,,,
SV024,R,189,3,2,1,0,2,Response,1030.7333333333333,1137.2,1261.0,1279.0,700.6666666666666,820.0,593.3333333333334,3.9,7.3,126.0,206.0,34.0
SV024,R,190,2,3,0,0,2,Response,1404.9666666666665,1754.8,1102.3,1135.6,721.3333333333334,760.0,713.3333333333334,2.625,7.3,107.25,199.0,26.0
SV024,R,191,2,3,1,0,2,Response,991.7666666666668,1117.7,1214.1333333333334,1264.8,658.6666666666666,716.0,662.6666666666666,3.15,7.0,279.25,692.0,82.0
SV024,R,192,2,2,0,0,2,Response,1047.8,1047.8,1016.1,1016.1,626.0,626.0,1432.0,4.05,7.0,149.0,225.0,32.0
SV024,R,193,2,2,1,0,2,Response,1134.0,1686.4,1189.7666666666667,1264.3,747.6666666666666,797.0,733.3333333333334,3.925,8.4,131.25,256.0,34.0
SV024,R,194,2,2,0,0,2,Response,1001.9,1001.9,1127.6,1127.6,593.0,593.0,1440.0,6.15,7.2,553.5,905.0,132.0
SV024,R,195,3,0,0,0,3,Response,1411.6,1749.1,1090.0,1132.5,683.0,719.0,1098.0,2.5,5.5,117.66666666666667,204.0,25.333333333333332
SV024,R,196,2,2,1,0,2,Response,1014.35,1063.7,1213.8000000000002,1239.9,607.5,625.0,1098.0,4.266666666666667,8.5,258.6666666666667,521.0,78.66666666666667
SV024,R,197,2,2,0,0,2,Response,1107.4499999999998,1199.6,1168.7,1185.2,470.5,475.0,256.0,2.3000000000000003,5.4,76.33333333333333,106.0,30.666666666666668
SV024,R,198,2,2,1,1,2,Response,2852.6,3032.2,1156.1000000000001,1195.7,587.3333333333334,670.0,798.6666666666666,1.375,1.7,476.5,885.0,134.0
SV024,R,199,2,2,1,0,2,Response,1106.95,1296.0,1199.35,1227.0,667.5,719.0,808.0,4.5,8.1,150.5,225.0,32.0
SV024,R,200,2,0,1,1,2,Response,2379.6176470588234,3243.5,1002.8705882352941,1410.0,797.4117647058823,930.0,364.2352941176471,5.800000000000001,13.7,267.55555555555554,930.0,187.55555555555554
SV024,R,201,3,3,1,0,2,Response,954.3,954.3,1319.6,1319.6,843.0,843.0,1488.0,8.65,9.5,227.5,281.0,54.0
SV024,R,202,3,2,1,1,2,Response,2698.0,2826.6,1219.4,1236.8,754.0,872.0,804.0,3.6,5.7,124.5,145.0,36.0
SV024,R,203,3,0,1,1,2,Response,2410.4,3009.5,1161.1000000000001,1272.2,710.0,831.0,738.6666666666666,4.2250000000000005,9.7,147.5,232.0,33.0
SV024,R,204,2,3,0,0,3,Response,1071.9,1071.9,1177.9,1177.9,746.0,746.0,2868.0,6.3,6.5,235.0,275.0,38.0
SV024,R,205,3,2,0,1,2,Response,3040.6,3067.0,1183.0,1249.5,605.0,620.0,488.0,4.566666666666666,7.3,152.0,224.0,34.666666666666664
SV024,R,206,3,2,1,0,2,Response,867.5666666666666,944.2,1308.5333333333333,1346.1,736.6666666666666,901.0,468.0,4.075,9.1,97.5,143.0,41.0
SV024,R,207,3,0,1,0,3,Response,1242.5,1490.1,1170.4499999999998,1245.6,700.0,736.0,1088.0,2.866666666666667,5.9,134.66666666666666,236.0,26.666666666666668
SV024,R,208,3,0,1,0,3,Response,1154.8000000000002,1206.9,1252.85,1273.8,588.5,595.0,368.0,2.1,5.3,95.66666666666667,171.0,22.666666666666668
SV024,R,209,2,3,0,1,3,Response,2733.075,3133.6,1092.25,1153.8,611.0,736.0,572.0,4.82,8.8,291.2,808.0,83.2
SV024,R,210,2,2,1,0,2,Response,1254.35,1542.0,1231.5,1289.4,773.0,879.0,792.0,3.5666666666666664,7.9,141.0,221.0,29.333333333333332
SV024,R,211,3,3,1,1,2,Response,2677.2000000000003,2915.1,1187.3333333333333,1271.1,658.3333333333334,708.0,661.3333333333334,1.625,3.6,92.75,147.0,22.0
SV024,R,212,2,3,0,0,2,Response,1077.9,1077.9,1035.4,1035.4,578.0,578.0,948.0,6.85,6.9,223.0,260.0,44.0
SV024,R,213,2,0,1,1,2,Response,3049.2333333333336,3178.7,1282.6000000000001,1317.3,718.3333333333334,802.0,574.6666666666666,3.175,8.7,125.0,208.0,29.0
SV024,R,214,3,3,0,1,2,Response,2853.4666666666667,3074.1,1093.0666666666668,1159.9,688.6666666666666,794.0,638.6666666666666,3.425,8.7,121.25,197.0,32.0
SV024,R,215,2,3,0,0,2,Response,,,,,,,,,,,,
SV024,R,216,2,2,1,0,2,Response,1093.92,1453.3,1151.16,1252.5,690.0,865.0,804.0,0.9833333333333334,1.3,84.66666666666667,116.0,16.0
SV024,R,217,2,0,1,0,3,Response,1006.2,1006.2,1261.1,1261.1,700.0,700.0,2296.0,4.2,7.6,136.5,202.0,34.0
SV024,R,218,3,0,1,1,3,Response,2825.5,3058.2,1215.3666666666668,1261.2,634.3333333333334,776.0,1005.3333333333334,3.675,9.0,112.0,175.0,34.0
SV024,R,219,3,3,0,0,3,Response,1066.2,1091.4,1089.5,1113.5,653.0,666.0,768.0,5.1000000000000005,8.1,161.66666666666666,222.0,34.666666666666664
SV024,R,220,3,2,1,1,2,Response,,,,,,,,,,,,
SV024,R,221,3,0,0,0,3,Response,,,,,,,,,,,,
SV024,R,222,3,0,0,0,3,Response,1058.6,1058.6,1088.8,1088.8,622.0,622.0,864.0,7.0,7.8,190.0,216.0,54.0
SV024,R,223,3,2,1,1,2,Response,,,,,,,,,,,,
SV024,R,224,2,2,0,0,2,Response,,,,,,,,0.2,0.2,249.0,249.0,76.0
SV024,R,225,3,3,1,0,2,Response,990.9,990.9,1231.0,1231.0,682.0,682.0,1092.0,7.45,7.9,214.5,237.0,48.0
SV024,R,226,2,0,0,1,3,Response,2405.266666666667,3075.9,1034.1666666666667,1059.6,649.3333333333334,766.0,552.0,4.725,9.2,133.5,250.0,38.0
SV024,R,227,3,2,1,0,2,Response,989.6,1063.9,1161.5,1200.3,689.0,726.0,780.0,3.466666666666667,8.5,126.66666666666667,235.0,29.333333333333332
SV024,R,228,3,2,1,0,2,Response,885.9,885.9,1215.8,1215.8,686.0,686.0,1072.0,8.85,9.2,237.0,290.0,54.0
SV024,R,229,2,2,1,1,2,Response,2908.8,2908.8,1242.2,1242.2,663.0,663.0,1500.0,7.6,8.2,230.0,234.0,46.0
SV024,R,230,3,0,0,1,2,Response,3084.6499999999996,3152.7,1126.45,1316.3,538.5,550.0,508.0,6.400000000000001,8.5,198.33333333333334,254.0,42.666666666666664
SV024,R,231,2,0,1,0,2,Response,992.85,1122.4,1194.05,1231.3,690.0,780.0,518.0,5.433333333333334,9.1,171.0,283.0,38.666666666666664
SV024,R,232,2,2,0,1,2,Response,3071.45,3093.2,1188.65,1314.9,585.5,593.0,440.0,5.966666666666666,8.6,191.33333333333334,244.0,38.666666666666664
SV024,R,233,3,2,1,1,2,Response,2825.1666666666665,3094.8,1209.7,1259.8,742.0,830.0,502.6666666666667,3.425,7.9,132.5,223.0,30.0
SV024,R,234,3,3,1,0,3,Response,1390.525,1939.2,1188.7,1274.8,635.25,708.0,417.0,6.1,8.2,195.4,281.0,44.0
SV024,R,235,3,2,0,0,2,Response,1015.65,1029.5,1055.4499999999998,1126.1,576.5,614.0,600.0,4.6000000000000005,8.0,130.66666666666666,211.0,40.0
SV024,R,236,2,0,0,0,3,Response,1063.5,1087.7,1106.4,1158.3,546.5,564.0,648.0,4.833333333333333,7.6,146.0,193.0,36.0
SV024,R,237,2,3,1,0,2,Response,1334.5,1776.3,1147.25,1220.6,640.5,716.0,902.0,4.133333333333333,8.6,114.66666666666667,178.0,40.0
SV024,R,238,2,2,0,0,2,Response,1174.3666666666666,1462.3,1077.8333333333333,1169.3,568.0,650.0,618.6666666666666,2.625,6.8,296.5,873.0,70.0
SV024,R,239,2,2,1,1,2,Response,3270.0,3270.0,1569.0,1569.0,474.0,474.0,64.0,2.6500000000000004,3.7,111.5,114.0,30.0
SV024,R,240,3,2,0,0,3,Response,1525.5,2076.0,1001.775,1045.4,496.0,597.0,583.0,3.4200000000000004,7.2,259.4,864.0,71.2
SV024,R,241,3,0,1,1,0,Response,,,,,,,,,,,,
SV024,R,242,2,3,0,1,3,Response,,,,,,,,,,,,
SV024,R,243,2,0,1,1,0,Response,,,,,,,,,,,,
SV024,R,244,3,0,0,0,0,Response,,,,,,,,,,,,
SV024,R,245,3,0,1,0,0,Response,,,,,,,,,,,,
SV024,R,246,3,2,0,0,2,Response,,,,,,,,,,,,
SV024,R,247,3,0,1,1,0,Response,,,,,,,,,,,,
SV024,R,248,2,0,1,1,0,Response,,,,,,,,0.9,0.9,827.0,827.0,164.0
SV024,R,249,2,0,0,1,0,Response,,,,,,,,,,,,
SV024,R,250,2,3,0,1,3,Response,,,,,,,,,,,,
SV024,R,251,2,2,1,1,2,Response,,,,,,,,,,,,
SV024,R,252,3,3,1,1,3,Response,,,,,,,,,,,,
SV024,R,253,2,3,0,1,3,Response,,,,,,,,,,,,
SV024,R,254,2,2,1,1,2,Response,,,,,,,,,,,,
SV024,R,255,2,3,1,1,3,Response,,,,,,,,,,,,
SV024,R,256,2,0,1,0,0,Response,,,,,,,,,,,,
SV024,R,257,3,0,0,1,0,Response,,,,,,,,,,,,
SV024,R,258,3,2,0,1,2,Response,,,,,,,,,,,,
SV024,R,259,2,3,1,1,3,Response,,,,,,,,,,,,
SV024,R,260,2,2,1,0,2,Response,1945.1,1945.1,1046.9,1046.9,1015.0,1015.0,212.0,1.65,2.8,111.0,165.0,18.0
SV024,R,261,2,0,1,0,0,Response,,,,,,,,,,,,
SV024,R,262,2,2,1,0,2,Response,,,,,,,,,,,,
SV024,R,263,2,2,1,1,2,Response,,,,,,,,,,,,
SV024,R,264,2,3,0,0,3,Response,,,,,,,,,,,,
SV024,R,265,3,3,1,1,3,Response,,,,,,,,,,,,
SV024,R,266,2,0,1,1,0,Response,,,,,,,,,,,,
SV024,R,267,3,2,0,0,2,Response,,,,,,,,,,,,
SV024,R,268,3,0,1,1,0,Response,,,,,,,,,,,,
SV024,R,269,2,2,0,0,2,Response,,,,,,,,,,,,
SV024,R,270,2,0,1,1,0,Response,,,,,,,,,,,,
SV024,R,271,2,2,0,1,2,Response,,,,,,,,,,,,
SV024,R,272,2,2,0,0,2,Response,,,,,,,,,,,,
SV024,R,273,3,0,1,0,0,Response,,,,,,,,,,,,
SV024,R,274,3,3,1,1,3,Response,,,,,,,,,,,,
SV024,R,275,2,0,0,1,0,Response,,,,,,,,1.2,1.2,776.0,776.0,160.0
SV024,R,276,2,0,0,0,0,Response,,,,,,,,0.5,0.5,57.0,57.0,12.0
SV024,R,277,2,2,1,0,2,Response,1847.3,1847.3,912.6,912.6,877.0,877.0,504.0,1.1,1.1,74.0,74.0,20.0
SV024,R,278,2,3,0,0,3,Response,,,,,,,,,,,,
SV024,R,279,2,3,1,0,3,Response,,,,,,,,,,,,
SV024,R,280,3,2,0,0,2,Response,,,,,,,,,,,,
SV024,R,281,3,3,1,0,3,Response,,,,,,,,,,,,
SV024,R,282,3,0,1,1,0,Response,,,,,,,,,,,,
SV024,R,283,3,2,1,1,2,Response,,,,,,,,1.3,1.3,747.0,747.0,156.0
SV024,R,284,2,3,0,1,3,Response,,,,,,,,,,,,
SV024,R,285,3,2,1,1,2,Response,,,,,,,,,,,,
SV024,R,286,2,3,1,0,3,Response,,,,,,,,1.6,1.6,943.0,943.0,228.0
SV024,R,287,2,3,1,1,3,Response,,,,,,,,,,,,
SV024,R,288,3,3,1,1,3,Response,,,,,,,,,,,,
SV024,R,289,3,2,1,1,2,Response,,,,,,,,,,,,
SV024,R,290,2,3,0,0,3,Response,,,,,,,,,,,,
SV024,R,291,3,0,0,0,0,Response,,,,,,,,,,,,
SV024,R,292,3,0,0,1,0,Response,,,,,,,,,,,,
SV024,R,293,3,3,0,1,3,Response,,,,,,,,,,,,
SV024,R,294,3,2,0,0,2,Response,,,,,,,,0.3,0.3,651.0,651.0,148.0
SV024,R,295,3,2,0,0,2,Response,,,,,,,,,,,,
SV024,R,296,3,0,0,1,0,Response,,,,,,,,,,,,
SV024,R,297,3,3,1,1,3,Response,,,,,,,,,,,,
SV024,R,298,3,0,0,1,0,Response,,,,,,,,,,,,
SV024,R,299,3,0,0,0,0,Response,,,,,,,,,,,,
SV024,R,300,3,2,0,0,2,Response,,,,,,,,,,,,
SV024,R,301,3,3,0,1,3,Response,,,,,,,,,,,,
SV024,R,302,2,3,0,0,3,Response,,,,,,,,0.9,0.9,75.0,75.0,16.0
SV024,R,303,3,0,1,1,0,Response,,,,,,,,,,,,
SV024,R,304,2,3,1,1,3,Response,,,,,,,,,,,,
SV024,R,305,2,3,1,0,3,Response,,,,,,,,,,,,
SV024,R,306,2,3,1,0,3,Response,,,,,,,,,,,,
SV024,R,307,3,0,0,1,0,Response,,,,,,,,,,,,
SV024,R,308,3,0,0,0,0,Response,,,,,,,,,,,,
SV024,R,309,2,0,1,1,0,Response,,,,,,,,,,,,
SV024,R,310,3,0,0,1,0,Response,,,,,,,,,,,,
SV024,R,311,2,3,0,0,2,Response,,,,,,,,,,,,
SV024,R,312,2,0,1,0,0,Response,,,,,,,,,,,,
SV024,R,313,2,0,0,0,0,Response,,,,,,,,,,,,
SV024,R,314,3,2,1,0,2,Response,,,,,,,,,,,,
SV024,R,315,2,0,1,1,0,Response,,,,,,,,,,,,
SV024,R,316,3,2,0,1,2,Response,,,,,,,,,,,,
SV024,R,317,3,3,0,0,3,Response,,,,,,,,,,,,
SV024,R,318,3,2,0,1,2,Response,,,,,,,,,,,,
SV024,R,319,2,0,0,0,0,Response,,,,,,,,,,,,
SV024,R,320,3,3,1,1,3,Response,,,,,,,,,,,,
SV024,R,321,2,2,0,1,2,Response,,,,,,,,,,,,
SV024,R,322,3,2,1,0,2,Response,,,,,,,,,,,,
SV024,R,323,2,2,0,0,2,Response,,,,,,,,,,,,
SV024,R,324,2,0,0,1,0,Response,,,,,,,,,,,,
SV024,R,325,2,3,0,0,3,Response,,,,,,,,,,,,
SV024,R,326,3,2,1,0,2,Response,,,,,,,,,,,,
SV024,R,327,2,0,1,1,0,Response,,,,,,,,,,,,
SV024,R,328,2,3,1,1,3,Response,,,,,,,,,,,,
SV024,R,329,3,0,1,0,0,Response,,,,,,,,,,,,
SV024,R,330,2,2,1,1,2,Response,,,,,,,,,,,,
SV024,R,331,2,2,1,1,2,Response,,,,,,,,,,,,
SV024,R,332,3,3,0,1,3,Response,,,,,,,,,,,,
SV024,R,333,3,0,1,1,0,Response,,,,,,,,,,,,
SV024,R,334,3,3,1,1,3,Response,,,,,,,,,,,,
SV024,R,335,3,2,1,1,2,Response,,,,,,,,,,,,
SV024,R,336,3,3,1,0,3,Response,,,,,,,,,,,,
SV024,R,337,3,0,0,0,0,Response,,,,,,,,,,,,
SV024,R,338,2,2,1,0,2,Response,,,,,,,,,,,,
SV024,R,339,2,3,1,1,3,Response,,,,,,,,0.6,0.6,750.0,750.0,152.0
SV024,R,340,3,3,1,0,3,Response,,,,,,,,,,,,
SV024,R,341,2,2,0,1,2,Response,,,,,,,,1.4,1.4,879.0,879.0,156.0
SV024,R,342,2,3,0,1,3,Response,,,,,,,,,,,,
SV024,R,343,3,3,0,1,3,Response,,,,,,,,,,,,
SV024,R,344,3,0,1,0,0,Response,,,,,,,,,,,,
SV024,R,345,2,3,1,0,3,Response,,,,,,,,,,,,
SV024,R,346,2,2,1,0,2,Response,,,,,,,,,,,,
SV024,R,347,2,0,1,0,0,Response,,,,,,,,,,,,
SV024,R,348,3,2,0,1,2,Response,,,,,,,,,,,,
SV024,R,349,2,0,0,0,0,Response,,,,,,,,,,,,
SV024,R,350,3,2,1,1,2,Response,,,,,,,,,,,,
SV024,R,351,2,2,0,1,2,Response,,,,,,,,,,,,
SV024,R,352,3,3,0,1,3,Response,,,,,,,,0.7,0.7,759.0,759.0,188.0
SV024,R,353,3,3,0,0,3,Response,,,,,,,,0.6,0.6,843.0,843.0,160.0
SV024,R,354,3,2,0,1,2,Response,,,,,,,,2.2,2.2,839.0,839.0,208.0
SV024,R,355,3,3,0,1,3,Response,,,,,,,,,,,,
SV024,R,356,2,0,0,0,0,Response,,,,,,,,,,,,
SV024,R,357,3,0,0,0,0,Response,,,,,,,,,,,,
SV024,R,358,3,3,1,0,3,Response,,,,,,,,,,,,
SV024,R,359,3,2,1,1,2,Response,,,,,,,,,,,,
SV024,R,360,3,0,1,0,0,Response,,,,,,,,,,,,
SV024,R,361,3,2,1,0,2,Response,,,,,,,,,,,,
SV024,R,362,3,3,1,1,3,Response,,,,,,,,,,,,
SV024,R,363,2,2,0,0,2,Response,,,,,,,,,,,,
SV024,R,364,2,2,0,0,2,Response,,,,,,,,,,,,
SV024,R,365,2,3,1,1,3,Response,,,,,,,,,,,,
SV024,R,366,3,0,1,1,0,Response,,,,,,,,,,,,
SV024,R,367,3,2,1,0,2,Response,,,,,,,,,,,,
SV024,R,368,2,3,1,1,3,Response,,,,,,,,,,,,
SV024,R,369,3,0,1,0,0,Response,,,,,,,,,,,,
SV024,R,370,3,3,1,0,3,Response,,,,,,,,,,,,
SV024,R,371,2,2,0,0,2,Response,,,,,,,,,,,,
SV024,R,372,2,2,0,1,2,Response,,,,,,,,,,,,
SV024,R,373,2,3,0,0,3,Response,,,,,,,,,,,,
SV024,R,374,2,2,1,1,2,Response,,,,,,,,,,,,
SV024,R,375,3,2,0,0,2,Response,,,,,,,,0.5,0.5,59.0,59.0,12.0
SV024,R,376,3,3,0,0,3,Response,,,,,,,,,,,,
SV024,R,377,2,0,0,1,0,Response,,,,,,,,,,,,
SV024,R,378,3,3,1,0,3,Response,,,,,,,,,,,,
SV024,R,379,2,2,0,0,2,Response,,,,,,,,,,,,
SV024,R,380,3,2,1,1,2,Response,,,,,,,,1.5,1.5,102.0,102.0,20.0
SV024,R,381,2,3,1,1,3,Response,,,,,,,,,,,,
SV024,R,382,3,3,0,0,3,Response,,,,,,,,,,,,
SV024,R,383,3,2,0,0,2,Response,,,,,,,,,,,,
SV024,R,384,2,0,0,1,0,Response,,,,,,,,,,,,
SV024,R,385,2,2,0,0,2,Response,,,,,,,,,,,,
SV024,R,386,3,2,0,1,2,Response,,,,,,,,,,,,
SV024,R,387,2,0,0,1,0,Response,,,,,,,,1.3,1.3,746.0,746.0,228.0
SV024,R,388,3,2,0,1,2,Response,,,,,,,,,,,,
SV024,R,389,3,2,1,0,2,Response,,,,,,,,0.6,0.6,799.0,799.0,204.0
SV024,R,390,2,2,1,0,2,Response,,,,,,,,,,,,
SV024,R,391,2,0,1,1,0,Response,,,,,,,,,,,,
SV024,R,392,3,2,1,0,2,Response,,,,,,,,,,,,
SV024,R,393,2,3,1,0,3,Response,,,,,,,,,,,,
SV024,R,394,2,3,0,1,3,Response,,,,,,,,,,,,
SV024,R,395,2,3,0,0,3,Response,,,,,,,,,,,,
SV024,R,396,2,3,0,1,3,Response,,,,,,,,,,,,
SV024,R,397,3,2,1,1,2,Response,,,,,,,,,,,,
SV024,R,398,3,3,0,1,3,Response,,,,,,,,,,,,
SV024,R,399,3,2,0,1,2,Response,,,,,,,,,,,,
SV024,R,400,2,0,1,1,0,Response,,,,,,,,,,,,
SV024,R,401,3,0,1,1,0,Response,,,,,,,,,,,,
SV024,R,402,2,0,1,0,0,Response,,,,,,,,,,,,
SV024,R,403,2,0,0,0,0,Response,,,,,,,,,,,,
SV024,R,404,3,0,1,0,0,Response,,,,,,,,,,,,
SV024,R,405,3,3,0,0,3,Response,,,,,,,,,,,,
SV024,R,406,2,3,1,0,3,Response,,,,,,,,,,,,
SV024,R,407,2,3,0,0,3,Response,,,,,,,,,,,,
SV024,R,408,3,3,1,1,3,Response,,,,,,,,,,,,
SV024,R,409,3,3,0,0,3,Response,,,,,,,,,,,,
SV024,R,410,2,2,0,1,2,Response,,,,,,,,2.0,2.0,696.0,696.0,220.0
SV024,R,411,3,2,1,1,2,Response,,,,,,,,,,,,
SV024,R,412,3,0,0,0,0,Response,,,,,,,,,,,,
SV024,R,413,3,2,1,0,2,Response,,,,,,,,,,,,
SV024,R,414,2,2,1,0,2,Response,,,,,,,,,,,,
SV024,R,415,3,2,0,1,2,Response,,,,,,,,,,,,
SV024,R,416,2,2,1,0,2,Response,,,,,,,,,,,,
SV024,R,417,3,0,1,0,0,Response,,,,,,,,,,,,
SV024,R,418,2,3,0,1,3,Response,,,,,,,,,,,,
SV024,R,419,2,3,0,0,3,Response,,,,,,,,,,,,
SV024,R,420,3,3,1,1,3,Response,,,,,,,,,,,,
SV024,R,421,3,3,0,0,3,Response,,,,,,,,0.6,0.6,843.0,843.0,204.0
SV024,R,422,3,0,0,1,0,Response,,,,,,,,0.7,0.7,537.0,537.0,132.0
SV024,R,423,3,0,0,1,0,Response,,,,,,,,,,,,
SV024,R,424,2,3,0,1,3,Response,,,,,,,,,,,,
SV024,R,425,2,0,1,0,0,Response,,,,,,,,,,,,
SV024,R,426,3,0,1,1,0,Response,,,,,,,,0.4,0.4,955.0,955.0,216.0
SV024,R,427,2,2,0,1,2,Response,,,,,,,,1.1,1.1,514.0,514.0,224.0
SV024,R,428,2,2,0,1,2,Response,,,,,,,,,,,,
SV024,R,429,2,2,1,0,2,Response,,,,,,,,,,,,
SV024,R,430,2,3,1,0,2,Response,,,,,,,,,,,,
SV024,R,431,3,2,1,0,2,Response,1886.1,1886.1,1293.6,1293.6,741.0,741.0,64.0,0.6,0.6,76.0,76.0,12.0
SV024,R,432,2,0,0,1,0,Response,,,,,,,,,,,,
SV024,R,433,3,3,1,0,3,Response,,,,,,,,,,,,
SV024,R,434,3,3,1,0,3,Response,,,,,,,,3.0,3.0,711.0,711.0,176.0
SV024,R,435,2,2,0,1,2,Response,,,,,,,,,,,,
SV024,R,436,3,0,0,0,0,Response,,,,,,,,,,,,
SV024,R,437,2,0,1,0,0,Response,,,,,,,,,,,,
SV024,R,438,2,0,0,0,0,Response,,,,,,,,,,,,
SV024,R,439,3,0,0,1,0,Response,,,,,,,,,,,,
SV024,R,440,3,0,1,0,0,Response,,,,,,,,,,,,
SV024,R,441,2,3,1,1,3,Response,,,,,,,,,,,,
SV024,R,442,3,3,1,0,3,Response,,,,,,,,,,,,
SV024,R,443,3,0,1,1,0,Response,,,,,,,,,,,,
SV024,R,444,2,2,1,0,2,Response,,,,,,,,,,,,
SV024,R,445,3,2,1,1,2,Response,,,,,,,,4.7,4.7,617.0,617.0,212.0
SV024,R,446,2,0,1,1,0,Response,1987.85,2031.6,1220.3,1254.8,873.0,895.0,112.0,1.4666666666666668,1.9,298.0,700.0,564.0
SV024,R,447,2,0,0,1,0,Response,,,,,,,,,,,,
SV024,R,448,2,0,0,1,0,Response,,,,,,,,,,,,
SV024,R,449,2,0,0,0,0,Response,,,,,,,,,,,,
SV024,R,450,2,0,0,0,0,Response,,,,,,,,,,,,
SV024,R,451,2,0,1,0,0,Response,,,,,,,,,,,,
SV024,R,452,2,2,0,0,2,Response,,,,,,,,0.4,0.4,757.0,757.0,220.0
SV024,R,453,2,3,1,0,3,Response,,,,,,,,,,,,
SV024,R,454,2,0,0,1,0,Response,,,,,,,,1.3,1.3,993.0,993.0,196.0
SV024,R,455,3,3,0,0,3,Response,,,,,,,,,,,,
SV024,R,456,3,3,0,0,3,Response,,,,,,,,,,,,
SV024,R,457,2,2,0,1,2,Response,865.4,865.4,2083.5,2083.5,72.0,72.0,24.0,14.5,14.5,756.0,756.0,44.0
SV024,R,458,3,0,1,0,0,Response,,,,,,,,,,,,
SV024,R,459,2,0,1,0,0,Response,,,,,,,,,,,,
SV024,R,460,3,2,0,1,2,Response,,,,,,,,0.3,0.3,945.0,945.0,212.0
SV024,R,461,2,3,0,1,3,Response,,,,,,,,,,,,
SV024,R,462,3,3,0,1,3,Response,,,,,,,,,,,,
SV024,R,463,3,0,0,0,0,Response,1977.2,1977.2,1099.7,1099.7,771.0,771.0,212.0,1.4,1.5,582.0,637.0,174.0
SV024,R,464,2,2,1,1,2,Response,,,,,,,,,,,,
SV024,R,465,2,2,1,1,2,Response,,,,,,,,,,,,
SV024,R,466,2,2,1,1,2,Response,,,,,,,,,,,,
SV024,R,467,3,3,0,1,3,Response,,,,,,,,,,,,
SV024,R,468,3,3,0,0,3,Response,,,,,,,,1.2,1.2,647.0,647.0,248.0
SV024,R,469,3,2,0,0,2,Response,,,,,,,,,,,,
SV024,R,470,3,0,0,0,0,Response,,,,,,,,,,,,
SV024,R,471,2,2,0,0,2,Response,,,,,,,,0.7,0.7,780.0,780.0,236.0
SV024,R,472,3,3,1,0,3,Response,,,,,,,,2.9,2.9,816.0,816.0,256.0
SV024,R,473,2,0,1,0,0,Response,,,,,,,,0.8,0.8,730.0,730.0,176.0
SV024,R,474,3,2,0,0,2,Response,,,,,,,,,,,,
SV024,R,475,3,2,1,0,2,Response,,,,,,,,,,,,
SV024,R,476,2,0,0,0,0,Response,,,,,,,,,,,,
SV024,R,477,2,3,1,0,3,Response,,,,,,,,,,,,
SV024,R,478,3,0,0,1,0,Response,,,,,,,,,,,,
SV024,R,479,3,3,0,1,3,Response,,,,,,,,,,,,
SV024,R,480,2,2,1,1,2,Response,,,,,,,,,,,,
SV024,L,1,3,3,1,1,3,Stimulus,,,,,,,,,,,,
SV024,L,2,2,3,0,0,3,Stimulus,,,,,,,,,,,,
SV024,L,3,3,3,0,1,3,Stimulus,,,,,,,,,,,,
SV024,L,4,2,2,0,1,2,Stimulus,,,,,,,,,,,,
SV024,L,5,2,0,0,1,3,Stimulus,,,,,,,,,,,,
SV024,L,6,2,0,1,1,2,Stimulus,,,,,,,,,,,,
SV024,L,7,3,0,0,1,2,Stimulus,,,,,,,,,,,,
SV024,L,8,2,0,0,1,3,Stimulus,,,,,,,,,,,,
SV024,L,9,3,2,0,1,2,Stimulus,,,,,,,,,,,,
SV024,L,10,2,2,0,0,2,Stimulus,,,,,,,,,,,,
SV024,L,11,3,2,0,1,2,Stimulus,,,,,,,,,,,,
SV024,L,12,2,0,0,0,3,Stimulus,,,,,,,,,,,,
SV024,L,13,3,2,1,1,2,Stimulus,,,,,,,,,,,,
SV024,L,14,2,2,0,0,2,Stimulus,,,,,,,,,,,,
SV024,L,15,3,0,1,0,3,Stimulus,,,,,,,,,,,,
SV024,L,16,2,0,0,0,3,Stimulus,,,,,,,,,,,,
SV024,L,17,3,0,1,1,2,Stimulus,,,,,,,,,,,,
SV024,L,18,3,3,0,1,2,Stimulus,,,,,,,,,,,,
SV024,L,19,2,2,0,1,2,Stimulus,,,,,,,,,,,,
SV024,L,20,2,3,1,1,3,Stimulus,,,,,,,,,,,,
SV024,L,21,3,0,1,1,2,Stimulus,,,,,,,,,,,,
SV024,L,22,3,3,0,0,3,Stimulus,,,,,,,,,,,,
SV024,L,23,3,0,0,1,3,Stimulus,,,,,,,,,,,,
SV024,L,24,3,2,0,0,2,Stimulus,,,,,,,,,,,,
SV024,L,25,2,0,0,1,2,Stimulus,,,,,,,,,,,,
SV024,L,26,3,0,1,1,2,Stimulus,,,,,,,,,,,,
SV024,L,27,2,3,1,1,2,Stimulus,,,,,,,,,,,,
SV024,L,28,2,3,0,0,2,Stimulus,,,,,,,,,,,,
SV024,L,29,3,0,0,1,2,Stimulus,,,,,,,,,,,,
SV024,L,30,3,0,1,1,2,Stimulus,,,,,,,,,,,,
SV024,L,31,2,2,1,0,2,Stimulus,,,,,,,,,,,,
SV024,L,32,2,0,1,1,2,Stimulus,,,,,,,,,,,,
SV024,L,33,3,2,1,1,2,Stimulus,,,,,,,,,,,,
SV024,L,34,3,3,1,1,3,Stimulus,,,,,,,,,,,,
SV024,L,35,2,3,1,0,2,Stimulus,,,,,,,,,,,,
SV024,L,36,2,0,0,0,2,Stimulus,,,,,,,,,,,,
SV024,L,37,2,2,1,1,2,Stimulus,,,,,,,,,,,,
SV024,L,38,2,2,0,0,2,Stimulus,,,,,,,,,,,,
SV024,L,39,2,3,0,1,2,Stimulus,,,,,,,,,,,,
SV024,L,40,2,3,0,0,3,Stimulus,,,,,,,,,,,,
SV024,L,41,3,2,0,1,2,Stimulus,,,,,,,,,,,,
SV024,L,42,3,2,0,0,2,Stimulus,,,,,,,,,,,,
SV024,L,43,2,3,1,1,2,Stimulus,,,,,,,,,,,,
SV024,L,44,3,0,1,1,2,Stimulus,,,,,,,,,,,,
SV024,L,45,3,3,1,0,3,Stimulus,,,,,,,,,,,,
SV024,L,46,3,2,1,1,2,Stimulus,,,,,,,,,,,,
SV024,L,47,3,2,0,0,2,Stimulus,,,,,,,,,,,,
SV024,L,48,2,3,0,1,3,Stimulus,,,,,,,,,,,,
SV024,L,49,3,0,1,0,3,Stimulus,,,,,,,,,,,,
SV024,L,50,3,3,0,0,3,Stimulus,,,,,,,,,,,,
SV024,L,51,2,2,1,0,2,Stimulus,,,,,,,,,,,,
SV024,L,52,3,0,0,0,3,Stimulus,,,,,,,,,,,,
SV024,L,53,3,0,0,0,3,Stimulus,,,,,,,,,,,,
SV024,L,54,2,3,0,1,3,Stimulus,,,,,,,,,,,,
SV024,L,55,3,0,0,0,3,Stimulus,,,,,,,,,,,,
SV024,L,56,3,3,0,0,3,Stimulus,,,,,,,,0.9,0.9,77.0,77.0,16.0
SV024,L,57,2,2,0,0,2,Stimulus,,,,,,,,,,,,
SV024,L,58,3,0,0,0,3,Stimulus,,,,,,,,,,,,
SV024,L,59,3,3,0,1,2,Stimulus,,,,,,,,,,,,
SV024,L,60,3,3,1,1,2,Stimulus,,,,,,,,,,,,
SV024,L,61,3,3,1,1,3,Stimulus,,,,,,,,,,,,
SV024,L,62,3,0,0,1,2,Stimulus,,,,,,,,,,,,
SV024,L,63,2,2,1,0,2,Stimulus,,,,,,,,,,,,
SV024,L,64,2,3,1,0,2,Stimulus,,,,,,,,,,,,
SV024,L,65,2,3,1,0,2,Stimulus,,,,,,,,,,,,
SV024,L,66,2,2,1,0,2,Stimulus,,,,,,,,,,,,
SV024,L,67,2,0,1,0,2,Stimulus,,,,,,,,,,,,
SV024,L,68,3,0,0,0,2,Stimulus,,,,,,,,,,,,
SV024,L,69,3,3,1,1,2,Stimulus,,,,,,,,,,,,
SV024,L,70,3,0,0,0,3,Stimulus,,,,,,,,,,,,
SV024,L,71,2,2,0,0,2,Stimulus,,,,,,,,,,,,
SV024,L,72,3,2,1,1,2,Stimulus,,,,,,,,,,,,
SV024,L,73,2,3,0,1,2,Stimulus,,,,,,,,,,,,
SV024,L,74,2,3,0,1,2,Stimulus,,,,,,,,,,,,
SV024,L,75,2,0,1,1,2,Stimulus,,,,,,,,,,,,
SV024,L,76,2,2,1,0,2,Stimulus,,,,,,,,,,,,
SV024,L,77,3,2,1,0,2,Stimulus,,,,,,,,,,,,
SV024,L,78,3,3,0,0,3,Stimulus,,,,,,,,,,,,
SV024,L,79,3,2,0,0,3,Stimulus,,,,,,,,,,,,
SV024,L,80,3,0,1,0,2,Stimulus,,,,,,,,,,,,
SV024,L,81,3,2,0,0,2,Stimulus,,,,,,,,,,,,
SV024,L,82,2,0,0,0,2,Stimulus,,,,,,,,,,,,
SV024,L,83,2,2,0,1,3,Stimulus,,,,,,,,,,,,
SV024,L,84,3,0,0,0,3,Stimulus,,,,,,,,,,,,
SV024,L,85,2,0,0,0,2,Stimulus,,,,,,,,,,,,
SV024,L,86,3,0,0,1,2,Stimulus,,,,,,,,,,,,
SV024,L,87,2,0,0,1,2,Stimulus,,,,,,,,,,,,
SV024,L,88,2,0,1,0,3,Stimulus,,,,,,,,,,,,
SV024,L,89,3,0,1,0,3,Stimulus,,,,,,,,,,,,
SV024,L,90,3,2,1,1,2,Stimulus,,,,,,,,,,,,
SV024,L,91,2,3,1,0,2,Stimulus,,,,,,,,,,,,
SV024,L,92,3,0,0,1,3,Stimulus,,,,,,,,,,,,
SV024,L,93,3,0,1,0,3,Stimulus,,,,,,,,,,,,
SV024,L,94,3,3,0,1,2,Stimulus,,,,,,,,,,,,
SV024,L,95,3,0,1,0,2,Stimulus,,,,,,,,,,,,
SV024,L,96,2,2,1,0,2,Stimulus,,,,,,,,,,,,
SV024,L,97,2,3,0,1,2,Stimulus,,,,,,,,,,,,
SV024,L,98,3,3,0,1,3,Stimulus,,,,,,,,,,,,
SV024,L,99,2,0,1,1,2,Stimulus,,,,,,,,,,,,
SV024,L,100,3,2,1,1,2,Stimulus,,,,,,,,,,,,
SV024,L,101,3,0,1,1,2,Stimulus,,,,,,,,,,,,
SV024,L,102,3,2,0,1,2,Stimulus,,,,,,,,,,,,
SV024,L,103,3,2,0,0,2,Stimulus,,,,,,,,,,,,
SV024,L,104,3,0,0,1,2,Stimulus,,,,,,,,,,,,
SV024,L,105,2,2,1,1,2,Stimulus,,,,,,,,,,,,
SV024,L,106,3,2,0,0,2,Stimulus,,,,,,,,,,,,
SV024,L,107,3,0,0,0,2,Stimulus,,,,,,,,,,,,
SV024,L,108,3,2,1,1,2,Stimulus,,,,,,,,,,,,
SV024,L,109,3,0,0,0,3,Stimulus,,,,,,,,,,,,
SV024,L,110,3,2,1,0,2,Stimulus,,,,,,,,,,,,
SV024,L,111,2,2,0,1,2,Stimulus,,,,,,,,,,,,
SV024,L,112,3,2,0,0,2,Stimulus,,,,,,,,,,,,
SV024,L,113,2,3,0,0,2,Stimulus,,,,,,,,,,,,
SV024,L,114,2,2,0,1,2,Stimulus,,,,,,,,,,,,
SV024,L,115,3,3,1,0,2,Stimulus,,,,,,,,,,,,
SV024,L,116,2,3,0,0,2,Stimulus,,,,,,,,,,,,
SV024,L,117,3,3,0,1,2,Stimulus,,,,,,,,,,,,
SV024,L,118,2,2,0,0,2,Stimulus,,,,,,,,,,,,
SV024,L,119,3,3,0,0,2,Stimulus,,,,,,,,,,,,
SV024,L,120,2,2,1,0,2,Stimulus,,,,,,,,,,,,
SV024,L,121,2,2,1,1,2,Stimulus,,,,,,,,,,,,
SV024,L,122,3,0,1,0,2,Stimulus,,,,,,,,,,,,
SV024,L,123,3,3,0,1,2,Stimulus,,,,,,,,,,,,
SV024,L,124,2,0,0,1,2,Stimulus,,,,,,,,,,,,
SV024,L,125,3,2,0,1,2,Stimulus,,,,,,,,,,,,
SV024,L,126,2,2,0,1,2,Stimulus,,,,,,,,,,,,
SV024,L,127,2,3,1,0,3,Stimulus,,,,,,,,,,,,
SV024,L,128,3,3,0,0,3,Stimulus,,,,,,,,,,,,
SV024,L,129,3,2,1,0,2,Stimulus,,,,,,,,,,,,
SV024,L,130,3,3,1,0,2,Stimulus,,,,,,,,,,,,
SV024,L,131,3,3,1,1,2,Stimulus,,,,,,,,,,,,
SV024,L,132,2,2,0,0,2,Stimulus,,,,,,,,,,,,
SV024,L,133,2,3,0,0,2,Stimulus,,,,,,,,,,,,
SV024,L,134,3,3,1,0,2,Stimulus,,,,,,,,,,,,
SV024,L,135,2,3,0,0,2,Stimulus,,,,,,,,,,,,
SV024,L,136,2,2,1,1,2,Stimulus,,,,,,,,,,,,
SV024,L,137,3,0,1,0,2,Stimulus,,,,,,,,,,,,
SV024,L,138,2,0,1,0,2,Stimulus,,,,,,,,,,,,
SV024,L,139,2,3,1,0,3,Stimulus,,,,,,,,,,,,
SV024,L,140,3,0,1,1,2,Stimulus,,,,,,,,,,,,
SV024,L,141,3,0,1,0,2,Stimulus,,,,,,,,,,,,
SV024,L,142,2,3,1,0,2,Stimulus,,,,,,,,,,,,
SV024,L,143,2,0,0,0,2,Stimulus,,,,,,,,,,,,
SV024,L,144,3,0,0,1,2,Stimulus,,,,,,,,,,,,
SV024,L,145,3,3,1,1,2,Stimulus,,,,,,,,,,,,
SV024,L,146,2,2,1,0,2,Stimulus,,,,,,,,,,,,
SV024,L,147,2,2,0,1,2,Stimulus,,,,,,,,,,,,
SV024,L,148,3,3,1,0,2,Stimulus,,,,,,,,,,,,
SV024,L,149,3,3,0,0,3,Stimulus,,,,,,,,,,,,
SV024,L,150,2,0,0,0,2,Stimulus,,,,,,,,,,,,
SV024,L,151,3,2,0,0,2,Stimulus,,,,,,,,,,,,
SV024,L,152,2,0,1,0,2,Stimulus,,,,,,,,,,,,
SV024,L,153,3,0,1,1,2,Stimulus,,,,,,,,,,,,
SV024,L,154,3,2,1,0,2,Stimulus,,,,,,,,,,,,
SV024,L,155,3,2,1,0,2,Stimulus,,,,,,,,,,,,
SV024,L,156,2,2,1,1,2,Stimulus,,,,,,,,,,,,
SV024,L,157,3,3,1,0,2,Stimulus,,,,,,,,,,,,
SV024,L,158,2,3,0,1,2,Stimulus,,,,,,,,,,,,
SV024,L,159,3,2,0,1,2,Stimulus,,,,,,,,,,,,
SV024,L,160,3,3,0,1,2,Stimulus,,,,,,,,,,,,
SV024,L,161,2,3,0,0,2,Stimulus,,,,,,,,,,,,
SV024,L,162,2,2,0,1,2,Stimulus,,,,,,,,,,,,
SV024,L,163,2,2,1,1,2,Stimulus,,,,,,,,,,,,
SV024,L,164,2,3,1,1,2,Stimulus,,,,,,,,,,,,
SV024,L,165,2,0,1,1,2,Stimulus,,,,,,,,,,,,
SV024,L,166,2,0,0,1,2,Stimulus,,,,,,,,,,,,
SV024,L,167,3,2,1,0,2,Stimulus,,,,,,,,,,,,
SV024,L,168,2,0,0,0,2,Stimulus,,,,,,,,,,,,
SV024,L,169,2,0,0,1,2,Stimulus,,,,,,,,,,,,
SV024,L,170,2,0,1,0,2,Stimulus,,,,,,,,,,,,
SV024,L,171,2,0,0,1,2,Stimulus,,,,,,,,,,,,
SV024,L,172,2,0,0,1,2,Stimulus,,,,,,,,,,,,
SV024,L,173,3,3,0,0,3,Stimulus,,,,,,,,,,,,
SV024,L,174,3,0,0,1,2,Stimulus,,,,,,,,,,,,
SV024,L,175,2,3,1,1,2,Stimulus,,,,,,,,,,,,
SV024,L,176,3,3,1,0,2,Stimulus,,,,,,,,,,,,
SV024,L,177,2,2,0,0,2,Stimulus,,,,,,,,,,,,
SV024,L,178,2,0,1,0,2,Stimulus,,,,,,,,,,,,
SV024,L,179,2,0,1,0,2,Stimulus,,,,,,,,,,,,
SV024,L,180,2,2,0,1,2,Stimulus,,,,,,,,,,,,
SV024,L,181,2,3,1,0,2,Stimulus,,,,,,,,,,,,
SV024,L,182,2,2,1,1,2,Stimulus,,,,,,,,,,,,
SV024,L,183,2,0,0,1,2,Stimulus,,,,,,,,,,,,
SV024,L,184,3,0,1,1,2,Stimulus,,,,,,,,,,,,
SV024,L,185,3,3,1,0,2,Stimulus,,,,,,,,,,,,
SV024,L,186,2,0,0,0,2,Stimulus,,,,,,,,,,,,
SV024,L,187,3,3,1,0,2,Stimulus,,,,,,,,,,,,
SV024,L,188,3,2,0,1,2,Stimulus,,,,,,,,,,,,
SV024,L,189,2,0,1,1,2,Stimulus,,,,,,,,,,,,
SV024,L,190,2,3,0,0,3,Stimulus,,,,,,,,,,,,
SV024,L,191,3,2,1,0,2,Stimulus,,,,,,,,,,,,
SV024,L,192,2,2,0,1,2,Stimulus,,,,,,,,,,,,
SV024,L,193,3,0,1,1,2,Stimulus,,,,,,,,,,,,
SV024,L,194,2,3,1,1,2,Stimulus,,,,,,,,,,,,
SV024,L,195,3,2,1,0,2,Stimulus,,,,,,,,,,,,
SV024,L,196,2,0,1,0,2,Stimulus,,,,,,,,,,,,
SV024,L,197,2,0,1,1,2,Stimulus,,,,,,,,,,,,
SV024,L,198,3,2,1,1,2,Stimulus,,,,,,,,,,,,
SV024,L,199,3,0,1,0,2,Stimulus,,,,,,,,,,,,
SV024,L,200,3,2,0,1,2,Stimulus,,,,,,,,,,,,
SV024,L,201,2,3,0,1,3,Stimulus,,,,,,,,,,,,
SV024,L,202,2,2,0,0,2,Stimulus,,,,,,,,,,,,
SV024,L,203,2,0,1,0,2,Stimulus,,,,,,,,,,,,
SV024,L,204,2,2,1,0,2,Stimulus,,,,,,,,,,,,
SV024,L,205,3,2,0,0,2,Stimulus,,,,,,,,,,,,
SV024,L,206,2,2,1,1,2,Stimulus,,,,,,,,,,,,
SV024,L,207,3,3,1,1,2,Stimulus,,,,,,,,,,,,
SV024,L,208,3,3,1,1,2,Stimulus,,,,,,,,,,,,
SV024,L,209,3,2,1,1,2,Stimulus,,,,,,,,,,,,
SV024,L,210,3,3,1,0,3,Stimulus,,,,,,,,,,,,
SV024,L,211,2,2,1,0,2,Stimulus,,,,,,,,,,,,
SV024,L,212,3,2,0,1,2,Stimulus,,,,,,,,,,,,
SV024,L,213,3,3,0,1,2,Stimulus,,,,,,,,,,,,
SV024,L,214,3,3,0,0,3,Stimulus,,,,,,,,,,,,
SV024,L,215,2,2,1,1,2,Stimulus,,,,,,,,,,,,
SV024,L,216,3,3,1,1,2,Stimulus,,,,,,,,,,,,
SV024,L,217,2,3,0,0,2,Stimulus,,,,,,,,,,,,
SV024,L,218,2,0,1,1,2,Stimulus,,,,,,,,,,,,
SV024,L,219,2,3,1,1,2,Stimulus,,,,,,,,,,,,
SV024,L,220,2,0,1,0,2,Stimulus,,,,,,,,,,,,
SV024,L,221,3,3,0,0,3,Stimulus,,,,,,,,,,,,
SV024,L,222,2,3,1,0,2,Stimulus,,,,,,,,,,,,
SV024,L,223,3,2,1,0,2,Stimulus,,,,,,,,,,,,
SV024,L,224,2,3,1,1,2,Stimulus,,,,,,,,,,,,
SV024,L,225,2,2,0,0,2,Stimulus,,,,,,,,,,,,
SV024,L,226,3,2,1,0,2,Stimulus,,,,,,,,,,,,
SV024,L,227,3,2,0,1,2,Stimulus,,,,,,,,,,,,
SV024,L,228,3,0,0,1,1,Stimulus,,,,,,,,,,,,
SV024,L,229,2,3,0,1,3,Stimulus,,,,,,,,,,,,
SV024,L,230,3,3,0,1,3,Stimulus,,,,,,,,,,,,
SV024,L,231,2,0,1,1,1,Stimulus,,,,,,,,,,,,
SV024,L,232,2,3,1,1,2,Stimulus,,,,,,,,,,,,
SV024,L,233,2,3,1,0,2,Stimulus,,,,,,,,,,,,
SV024,L,234,2,2,1,1,2,Stimulus,,,,,,,,,,,,
SV024,L,235,2,3,0,1,3,Stimulus,,,,,,,,,,,,
SV024,L,236,3,2,1,1,1,Stimulus,,,,,,,,,,,,
SV024,L,237,2,0,1,1,1,Stimulus,,,,,,,,,,,,
SV024,L,238,2,3,1,1,2,Stimulus,,,,,,,,,,,,
SV024,L,239,3,0,0,0,2,Stimulus,,,,,,,,,,,,
SV024,L,240,2,0,0,0,2,Stimulus,,,,,,,,,,,,
SV024,L,241,3,2,0,0,2,Stimulus,,,,,,,,,,,,
SV024,L,242,3,0,1,0,0,Stimulus,,,,,,,,,,,,
SV024,L,243,2,3,0,0,3,Stimulus,,,,,,,,,,,,
SV024,L,244,3,3,0,1,3,Stimulus,,,,,,,,,,,,
SV024,L,245,2,3,0,1,3,Stimulus,,,,,,,,,,,,
SV024,L,246,2,0,1,1,0,Stimulus,,,,,,,,,,,,
SV024,L,247,2,2,0,1,2,Stimulus,,,,,,,,,,,,
SV024,L,248,3,0,1,1,0,Stimulus,,,,,,,,,,,,
SV024,L,249,3,3,0,1,3,Stimulus,,,,,,,,,,,,
SV024,L,250,3,0,0,0,0,Stimulus,,,,,,,,,,,,
SV024,L,251,2,3,1,1,3,Stimulus,,,,,,,,,,,,
SV024,L,252,2,3,1,0,2,Stimulus,,,,,,,,,,,,
SV024,L,253,2,0,0,0,0,Stimulus,,,,,,,,,,,,
SV024,L,254,2,0,1,0,0,Stimulus,,,,,,,,,,,,
SV024,L,255,2,0,1,0,0,Stimulus,,,,,,,,,,,,
SV024,L,256,3,2,1,0,2,Stimulus,,,,,,,,,,,,
SV024,L,257,3,0,0,1,0,Stimulus,,,,,,,,,,,,
SV024,L,258,2,0,1,0,0,Stimulus,,,,,,,,,,,,
SV024,L,259,2,0,1,0,0,Stimulus,,,,,,,,,,,,
SV024,L,260,2,0,1,1,0,Stimulus,,,,,,,,,,,,
SV024,L,261,3,3,1,0,3,Stimulus,,,,,,,,,,,,
SV024,L,262,3,0,0,0,0,Stimulus,,,,,,,,,,,,
SV024,L,263,3,3,0,1,3,Stimulus,,,,,,,,,,,,
SV024,L,264,2,3,1,0,3,Stimulus,,,,,,,,,,,,
SV024,L,265,2,0,1,1,0,Stimulus,,,,,,,,,,,,
SV024,L,266,3,2,0,1,2,Stimulus,,,,,,,,,,,,
SV024,L,267,2,3,0,0,3,Stimulus,,,,,,,,,,,,
SV024,L,268,2,0,0,1,0,Stimulus,,,,,,,,,,,,
SV024,L,269,3,3,1,1,3,Stimulus,,,,,,,,,,,,
SV024,L,270,3,0,1,1,0,Stimulus,,,,,,,,,,,,
SV024,L,271,2,0,0,0,0,Stimulus,,,,,,,,,,,,
SV024,L,272,2,2,1,0,2,Stimulus,,,,,,,,,,,,
SV024,L,273,2,2,1,1,2,Stimulus,,,,,,,,,,,,
SV024,L,274,2,0,1,0,0,Stimulus,,,,,,,,,,,,
SV024,L,275,3,2,0,0,2,Stimulus,,,,,,,,,,,,
SV024,L,276,3,2,1,0,2,Stimulus,,,,,,,,,,,,
SV024,L,277,3,3,1,1,3,Stimulus,,,,,,,,,,,,
SV024,L,278,3,3,0,1,3,Stimulus,,,,,,,,,,,,
SV024,L,279,2,2,0,0,2,Stimulus,,,,,,,,,,,,
SV024,L,280,2,2,0,1,2,Stimulus,,,,,,,,,,,,
SV024,L,281,2,3,0,0,3,Stimulus,,,,,,,,,,,,
SV024,L,282,2,3,1,0,3,Stimulus,,,,,,,,,,,,
SV024,L,283,3,2,0,0,2,Stimulus,,,,,,,,,,,,
SV024,L,284,2,3,0,0,3,Stimulus,,,,,,,,,,,,
SV024,L,285,3,0,0,1,0,Stimulus,,,,,,,,,,,,
SV024,L,286,2,3,0,1,3,Stimulus,,,,,,,,,,,,
SV024,L,287,3,2,0,0,2,Stimulus,,,,,,,,,,,,
SV024,L,288,3,2,1,1,2,Stimulus,,,,,,,,,,,,
SV024,L,289,3,0,1,1,0,Stimulus,,,,,,,,,,,,
SV024,L,290,3,2,0,0,2,Stimulus,,,,,,,,,,,,
SV024,L,291,2,0,0,1,0,Stimulus,,,,,,,,,,,,
SV024,L,292,2,2,0,0,2,Stimulus,,,,,,,,,,,,
SV024,L,293,3,0,1,0,0,Stimulus,,,,,,,,,,,,
SV024,L,294,3,3,1,1,3,Stimulus,,,,,,,,,,,,
SV024,L,295,2,2,1,1,2,Stimulus,,,,,,,,,,,,
SV024,L,296,2,3,1,1,3,Stimulus,,,,,,,,,,,,
SV024,L,297,2,0,0,1,0,Stimulus,,,,,,,,,,,,
SV024,L,298,3,3,1,0,3,Stimulus,,,,,,,,,,,,
SV024,L,299,3,0,0,0,0,Stimulus,,,,,,,,,,,,
SV024,L,300,3,3,1,1,3,Stimulus,,,,,,,,,,,,
SV024,L,301,3,3,1,0,3,Stimulus,,,,,,,,,,,,
SV024,L,302,3,0,0,1,0,Stimulus,,,,,,,,,,,,
SV024,L,303,2,2,1,1,2,Stimulus,,,,,,,,,,,,
SV024,L,304,2,2,1,1,2,Stimulus,,,,,,,,,,,,
SV024,L,305,3,3,1,1,2,Stimulus,,,,,,,,,,,,
SV024,L,306,3,0,1,0,0,Stimulus,,,,,,,,,,,,
SV024,L,307,3,3,0,0,3,Stimulus,,,,,,,,,,,,
SV024,L,308,2,3,0,0,3,Stimulus,,,,,,,,,,,,
SV024,L,309,3,3,1,0,3,Stimulus,,,,,,,,,,,,
SV024,L,310,3,3,0,0,3,Stimulus,,,,,,,,,,,,
SV024,L,311,3,2,1,0,2,Stimulus,,,,,,,,,,,,
SV024,L,312,3,0,1,1,0,Stimulus,,,,,,,,,,,,
SV024,L,313,2,0,0,0,0,Stimulus,,,,,,,,,,,,
SV024,L,314,2,3,0,0,3,Stimulus,,,,,,,,,,,,
SV024,L,315,3,2,0,1,2,Stimulus,,,,,,,,,,,,
SV024,L,316,3,2,0,1,2,Stimulus,,,,,,,,,,,,
SV024,L,317,3,0,0,0,0,Stimulus,,,,,,,,,,,,
SV024,L,318,3,0,0,1,0,Stimulus,,,,,,,,,,,,
SV024,L,319,2,2,0,1,2,Stimulus,,,,,,,,,,,,
SV024,L,320,2,3,1,1,3,Stimulus,,,,,,,,,,,,
SV024,L,321,2,0,0,0,0,Stimulus,,,,,,,,,,,,
SV024,L,322,3,3,0,0,3,Stimulus,,,,,,,,,,,,
SV024,L,323,3,0,1,1,0,Stimulus,,,,,,,,,,,,
SV024,L,324,3,0,1,0,0,Stimulus,,,,,,,,,,,,
SV024,L,325,2,0,1,1,0,Stimulus,,,,,,,,,,,,
SV024,L,326,3,3,1,1,3,Stimulus,,,,,,,,,,,,
SV024,L,327,2,0,0,0,0,Stimulus,,,,,,,,,,,,
SV024,L,328,3,3,1,1,3,Stimulus,,,,,,,,,,,,
SV024,L,329,3,0,1,1,0,Stimulus,,,,,,,,,,,,
SV024,L,330,3,3,1,0,3,Stimulus,,,,,,,,,,,,
SV024,L,331,2,0,1,0,0,Stimulus,,,,,,,,,,,,
SV024,L,332,2,3,1,1,3,Stimulus,,,,,,,,,,,,
SV024,L,333,2,2,1,0,2,Stimulus,,,,,,,,,,,,
SV024,L,334,3,2,0,1,2,Stimulus,,,,,,,,,,,,
SV024,L,335,2,0,1,0,0,Stimulus,,,,,,,,,,,,
SV024,L,336,2,0,0,0,0,Stimulus,,,,,,,,,,,,
SV024,L,337,2,0,0,0,0,Stimulus,,,,,,,,,,,,
SV024,L,338,3,2,0,1,2,Stimulus,,,,,,,,,,,,
SV024,L,339,3,2,1,0,2,Stimulus,,,,,,,,,,,,
SV024,L,340,3,0,0,0,0,Stimulus,,,,,,,,,,,,
SV024,L,341,3,0,0,1,0,Stimulus,,,,,,,,,,,,
SV024,L,342,3,2,0,0,2,Stimulus,,,,,,,,,,,,
SV024,L,343,3,2,1,1,2,Stimulus,,,,,,,,,,,,
SV024,L,344,2,2,0,0,2,Stimulus,,,,,,,,,,,,
SV024,L,345,2,2,1,0,2,Stimulus,,,,,,,,,,,,
SV024,L,346,3,0,1,0,0,Stimulus,,,,,,,,,,,,
SV024,L,347,2,0,1,0,0,Stimulus,,,,,,,,,,,,
SV024,L,348,3,3,1,0,3,Stimulus,,,,,,,,,,,,
SV024,L,349,2,0,1,1,0,Stimulus,,,,,,,,,,,,
SV024,L,350,3,0,1,1,0,Stimulus,,,,,,,,,,,,
SV024,L,351,3,2,0,0,2,Stimulus,,,,,,,,,,,,
SV024,L,352,3,3,0,0,3,Stimulus,,,,,,,,,,,,
SV024,L,353,3,2,0,1,2,Stimulus,,,,,,,,,,,,
SV024,L,354,2,3,0,1,3,Stimulus,,,,,,,,,,,,
SV024,L,355,3,3,0,0,3,Stimulus,,,,,,,,,,,,
SV024,L,356,3,0,0,0,0,Stimulus,,,,,,,,,,,,
SV024,L,357,2,2,0,1,2,Stimulus,,,,,,,,,,,,
SV024,L,358,3,3,1,1,3,Stimulus,,,,,,,,,,,,
SV024,L,359,2,0,1,1,0,Stimulus,,,,,,,,,,,,
SV024,L,360,2,3,1,1,3,Stimulus,,,,,,,,,,,,
SV024,L,361,2,3,0,0,3,Stimulus,,,,,,,,,,,,
SV024,L,362,2,0,0,1,0,Stimulus,,,,,,,,,,,,
SV024,L,363,2,3,0,1,3,Stimulus,,,,,,,,,,,,
SV024,L,364,2,0,0,1,0,Stimulus,,,,,,,,,,,,
SV024,L,365,2,2,0,1,2,Stimulus,,,,,,,,,,,,
SV024,L,366,3,2,1,0,2,Stimulus,,,,,,,,,,,,
SV024,L,367,2,3,1,0,3,Stimulus,,,,,,,,,,,,
SV024,L,368,2,0,1,1,0,Stimulus,,,,,,,,,,,,
SV024,L,369,2,2,1,0,2,Stimulus,,,,,,,,,,,,
SV024,L,370,2,3,1,0,3,Stimulus,,,,,,,,,,,,
SV024,L,371,3,2,1,0,2,Stimulus,,,,,,,,,,,,
SV024,L,372,3,3,0,1,3,Stimulus,,,,,,,,,,,,
SV024,L,373,3,3,0,1,3,Stimulus,,,,,,,,,,,,
SV024,L,374,2,3,0,0,3,Stimulus,,,,,,,,,,,,
SV024,L,375,3,0,0,0,0,Stimulus,,,,,,,,,,,,
SV024,L,376,2,3,1,1,3,Stimulus,,,,,,,,,,,,
SV024,L,377,2,2,0,0,2,Stimulus,,,,,,,,,,,,
SV024,L,378,3,2,1,1,2,Stimulus,,,,,,,,,,,,
SV024,L,379,3,2,0,0,2,Stimulus,,,,,,,,,,,,
SV024,L,380,2,2,0,1,2,Stimulus,,,,,,,,,,,,
SV024,L,381,2,2,1,1,2,Stimulus,,,,,,,,,,,,
SV024,L,382,3,2,1,1,2,Stimulus,,,,,,,,,,,,
SV024,L,383,3,2,1,1,2,Stimulus,,,,,,,,,,,,
SV024,L,384,3,2,1,1,2,Stimulus,,,,,,,,,,,,
SV024,L,385,3,2,0,1,2,Stimulus,,,,,,,,,,,,
SV024,L,386,3,0,0,1,0,Stimulus,,,,,,,,,,,,
SV024,L,387,3,2,1,0,2,Stimulus,,,,,,,,,,,,
SV024,L,388,3,0,0,0,0,Stimulus,,,,,,,,,,,,
SV024,L,389,2,0,0,1,0,Stimulus,,,,,,,,,,,,
SV024,L,390,3,3,0,1,3,Stimulus,,,,,,,,,,,,
SV024,L,391,3,2,1,1,2,Stimulus,,,,,,,,,,,,
SV024,L,392,2,2,0,1,2,Stimulus,,,,,,,,,,,,
SV024,L,393,2,0,1,1,0,Stimulus,,,,,,,,,,,,
SV024,L,394,2,3,1,0,3,Stimulus,,,,,,,,,,,,
SV024,L,395,3,0,1,0,0,Stimulus,,,,,,,,,,,,
SV024,L,396,3,2,0,1,2,Stimulus,,,,,,,,,,,,
SV024,L,397,3,3,0,0,3,Stimulus,,,,,,,,,,,,
SV024,L,398,3,2,1,1,2,Stimulus,,,,,,,,,,,,
SV024,L,399,2,2,1,0,2,Stimulus,,,,,,,,,,,,
SV024,L,400,2,2,0,1,2,Stimulus,,,,,,,,,,,,
SV024,L,401,3,0,0,1,0,Stimulus,,,,,,,,,,,,
SV024,L,402,2,2,1,0,2,Stimulus,,,,,,,,,,,,
SV024,L,403,2,2,1,0,2,Stimulus,,,,,,,,,,,,
SV024,L,404,2,2,0,0,2,Stimulus,,,,,,,,,,,,
SV024,L,405,2,2,0,0,2,Stimulus,,,,,,,,,,,,
SV024,L,406,3,2,1,0,2,Stimulus,,,,,,,,,,,,
SV024,L,407,3,0,1,1,0,Stimulus,,,,,,,,,,,,
SV024,L,408,3,3,1,0,3,Stimulus,,,,,,,,,,,,
SV024,L,409,3,3,1,0,3,Stimulus,,,,,,,,,,,,
SV024,L,410,3,0,1,0,0,Stimulus,,,,,,,,,,,,
SV024,L,411,2,2,1,1,2,Stimulus,,,,,,,,,,,,
SV024,L,412,2,0,1,1,0,Stimulus,,,,,,,,,,,,
SV024,L,413,2,2,1,0,2,Stimulus,,,,,,,,,,,,
SV024,L,414,3,3,0,0,3,Stimulus,,,,,,,,,,,,
SV024,L,415,3,0,1,0,0,Stimulus,,,,,,,,,,,,
SV024,L,416,3,3,0,1,3,Stimulus,,,,,,,,,,,,
SV024,L,417,2,0,0,0,0,Stimulus,,,,,,,,,,,,
SV024,L,418,2,3,0,1,3,Stimulus,,,,,,,,,,,,
SV024,L,419,3,0,0,1,0,Stimulus,,,,,,,,,,,,
SV024,L,420,2,0,0,0,0,Stimulus,,,,,,,,,,,,
SV024,L,421,2,0,0,1,0,Stimulus,,,,,,,,,,,,
SV024,L,422,2,2,0,1,2,Stimulus,,,,,,,,,,,,
SV024,L,423,3,0,0,1,0,Stimulus,,,,,,,,,,,,
SV024,L,424,2,3,1,1,3,Stimulus,,,,,,,,,,,,
SV024,L,425,3,3,0,0,3,Stimulus,,,,,,,,,,,,
SV024,L,426,2,3,1,0,3,Stimulus,,,,,,,,,,,,
SV024,L,427,3,3,1,1,3,Stimulus,,,,,,,,,,,,
SV024,L,428,2,3,1,1,3,Stimulus,,,,,,,,,,,,
SV024,L,429,2,2,0,0,2,Stimulus,,,,,,,,,,,,
SV024,L,430,3,3,0,0,3,Stimulus,,,,,,,,,,,,
SV024,L,431,2,3,0,1,3,Stimulus,,,,,,,,,,,,
SV024,L,432,3,0,0,0,0,Stimulus,,,,,,,,,,,,
SV024,L,433,3,3,0,0,3,Stimulus,,,,,,,,0.9,0.9,81.0,81.0,16.0
SV024,L,434,3,0,1,0,0,Stimulus,,,,,,,,,,,,
SV024,L,435,2,0,0,1,0,Stimulus,,,,,,,,,,,,
SV024,L,436,3,2,1,0,2,Stimulus,,,,,,,,,,,,
SV024,L,437,3,2,0,0,2,Stimulus,,,,,,,,,,,,
SV024,L,438,2,3,1,1,3,Stimulus,,,,,,,,,,,,
SV024,L,439,2,3,1,0,3,Stimulus,,,,,,,,,,,,
SV024,L,440,2,3,1,1,3,Stimulus,,,,,,,,,,,,
SV024,L,441,2,3,1,0,3,Stimulus,,,,,,,,,,,,
SV024,L,442,2,0,0,1,0,Stimulus,,,,,,,,,,,,
SV024,L,443,2,2,1,0,2,Stimulus,,,,,,,,,,,,
SV024,L,444,3,3,0,1,3,Stimulus,,,,,,,,,,,,
SV024,L,445,2,0,1,0,0,Stimulus,,,,,,,,,,,,
SV024,L,446,3,3,0,1,3,Stimulus,,,,,,,,,,,,
SV024,L,447,3,0,1,1,0,Stimulus,,,,,,,,,,,,
SV024,L,448,2,3,1,0,3,Stimulus,,,,,,,,,,,,
SV024,L,449,2,2,1,0,2,Stimulus,,,,,,,,,,,,
SV024,L,450,3,3,1,0,3,Stimulus,,,,,,,,,,,,
SV024,L,451,3,0,1,1,0,Stimulus,,,,,,,,,,,,
SV024,L,452,2,3,0,1,3,Stimulus,,,,,,,,0.4,0.4,54.0,54.0,12.0
SV024,L,453,3,0,1,0,0,Stimulus,,,,,,,,,,,,
SV024,L,454,3,2,0,1,2,Stimulus,,,,,,,,,,,,
SV024,L,455,3,3,1,1,2,Stimulus,,,,,,,,,,,,
SV024,L,456,2,0,1,1,0,Stimulus,,,,,,,,,,,,
SV024,L,457,2,2,0,1,2,Stimulus,,,,,,,,,,,,
SV024,L,458,2,0,0,1,0,Stimulus,,,,,,,,,,,,
SV024,L,459,2,3,0,1,3,Stimulus,,,,,,,,,,,,
SV024,L,460,2,3,0,1,3,Stimulus,,,,,,,,,,,,
SV024,L,461,3,0,0,1,0,Stimulus,,,,,,,,,,,,
SV024,L,462,2,2,1,1,2,Stimulus,,,,,,,,,,,,
SV024,L,463,3,0,0,0,0,Stimulus,,,,,,,,,,,,
SV024,L,464,3,2,0,0,2,Stimulus,,,,,,,,,,,,
SV024,L,465,2,3,0,0,3,Stimulus,,,,,,,,,,,,
SV024,L,466,2,2,1,1,2,Stimulus,,,,,,,,,,,,
SV024,L,467,2,3,0,0,3,Stimulus,,,,,,,,,,,,
SV024,L,468,3,3,1,0,3,Stimulus,,,,,,,,,,,,
SV024,L,469,2,2,0,0,2,Stimulus,,,,,,,,,,,,
SV024,L,470,3,2,1,0,2,Stimulus,,,,,,,,,,,,
SV024,L,471,2,2,1,1,2,Stimulus,,,,,,,,,,,,
SV024,L,472,3,2,0,1,2,Stimulus,,,,,,,,,,,,
SV024,L,473,2,0,1,0,0,Stimulus,,,,,,,,,,,,
SV024,L,474,2,3,0,1,3,Stimulus,,,,,,,,,,,,
SV024,L,475,3,2,1,1,2,Stimulus,,,,,,,,,,,,
SV024,L,476,3,2,1,1,2,Stimulus,,,,,,,,,,,,
SV024,L,477,2,2,0,0,2,Stimulus,,,,,,,,0.8,0.8,71.0,71.0,16.0
SV024,L,478,2,0,0,0,0,Stimulus,,,,,,,,,,,,
SV024,L,479,2,2,1,1,2,Stimulus,,,,,,,,,,,,
SV024,L,480,2,2,0,0,2,Stimulus,,,,,,,,,,,,
SV024,R,1,2,2,0,0,2,Stimulus,,,,,,,,,,,,
SV024,R,2,3,0,1,1,2,Stimulus,,,,,,,,,,,,
SV024,R,3,2,3,0,1,2,Stimulus,,,,,,,,,,,,
SV024,R,4,3,2,1,0,2,Stimulus,,,,,,,,,,,,
SV024,R,5,3,0,1,0,2,Stimulus,,,,,,,,,,,,
SV024,R,6,3,3,1,1,2,Stimulus,,,,,,,,,,,,
SV024,R,7,3,0,0,1,2,Stimulus,,,,,,,,,,,,
SV024,R,8,2,0,0,1,2,Stimulus,,,,,,,,,,,,
SV024,R,9,3,3,1,1,2,Stimulus,,,,,,,,,,,,
SV024,R,10,3,2,1,0,2,Stimulus,,,,,,,,,,,,
SV024,R,11,3,2,1,0,2,Stimulus,,,,,,,,,,,,
SV024,R,12,2,2,0,0,2,Stimulus,,,,,,,,,,,,
SV024,R,13,3,2,0,0,2,Stimulus,,,,,,,,,,,,
SV024,R,14,3,3,1,0,2,Stimulus,,,,,,,,,,,,
SV024,R,15,2,3,1,1,3,Stimulus,,,,,,,,,,,,
SV024,R,16,3,2,0,1,2,Stimulus,,,,,,,,,,,,
SV024,R,17,3,3,1,1,2,Stimulus,,,,,,,,,,,,
SV024,R,18,2,3,0,0,2,Stimulus,,,,,,,,,,,,
SV024,R,19,2,3,0,1,2,Stimulus,,,,,,,,,,,,
SV024,R,20,3,2,0,0,2,Stimulus,,,,,,,,,,,,
SV024,R,21,3,2,0,0,3,Stimulus,,,,,,,,,,,,
SV024,R,22,3,3,0,1,2,Stimulus,,,,,,,,,,,,
SV024,R,23,2,0,1,1,2,Stimulus,,,,,,,,,,,,
SV024,R,24,2,2,1,1,2,Stimulus,,,,,,,,,,,,
SV024,R,25,2,0,0,0,2,Stimulus,,,,,,,,,,,,
SV024,R,26,3,0,0,0,3,Stimulus,,,,,,,,,,,,
SV024,R,27,2,0,1,1,2,Stimulus,,,,,,,,,,,,
SV024,R,28,3,2,1,1,2,Stimulus,,,,,,,,,,,,
SV024,R,29,3,3,0,1,2,Stimulus,,,,,,,,,,,,
SV024,R,30,3,3,0,1,2,Stimulus,,,,,,,,,,,,
SV024,R,31,3,3,1,0,3,Stimulus,,,,,,,,,,,,
SV024,R,32,2,2,0,0,2,Stimulus,,,,,,,,,,,,
SV024,R,33,2,0,0,1,2,Stimulus,,,,,,,,,,,,
SV024,R,34,3,0,0,1,2,Stimulus,,,,,,,,,,,,
SV024,R,35,3,2,0,1,2,Stimulus,,,,,,,,,,,,
SV024,R,36,2,0,0,0,2,Stimulus,,,,,,,,,,,,
SV024,R,37,2,0,0,1,2,Stimulus,,,,,,,,,,,,
SV024,R,38,2,0,1,0,2,Stimulus,,,,,,,,,,,,
SV024,R,39,3,2,0,1,2,Stimulus,,,,,,,,,,,,
SV024,R,40,2,0,1,0,2,Stimulus,,,,,,,,,,,,
SV024,R,41,3,2,0,0,2,Stimulus,,,,,,,,,,,,
SV024,R,42,3,3,1,0,2,Stimulus,,,,,,,,,,,,
SV024,R,43,3,0,1,0,2,Stimulus,,,,,,,,,,,,
SV024,R,44,3,3,0,0,3,Stimulus,,,,,,,,,,,,
SV024,R,45,3,3,0,0,3,Stimulus,,,,,,,,,,,,
SV024,R,46,3,3,0,1,2,Stimulus,,,,,,,,,,,,
SV024,R,47,2,2,0,0,2,Stimulus,,,,,,,,,,,,
SV024,R,48,2,3,0,1,3,Stimulus,,,,,,,,,,,,
SV024,R,49,3,2,0,1,2,Stimulus,,,,,,,,,,,,
SV024,R,50,2,0,1,0,2,Stimulus,,,,,,,,,,,,
SV024,R,51,2,2,1,0,2,Stimulus,,,,,,,,,,,,
SV024,R,52,3,0,0,1,2,Stimulus,,,,,,,,,,,,
SV024,R,53,3,3,0,1,2,Stimulus,,,,,,,,,,,,
SV024,R,54,3,2,0,1,2,Stimulus,,,,,,,,,,,,
SV024,R,55,3,3,0,0,3,Stimulus,,,,,,,,,,,,
SV024,R,56,3,3,1,1,1,Stimulus,,,,,,,,,,,,
SV024,R,57,2,2,1,0,2,Stimulus,,,,,,,,,,,,
SV024,R,58,2,3,1,1,2,Stimulus,,,,,,,,,,,,
SV024,R,59,2,3,0,0,2,Stimulus,,,,,,,,,,,,
SV024,R,60,2,3,0,1,2,Stimulus,,,,,,,,,,,,
SV024,R,61,3,0,1,1,2,Stimulus,,,,,,,,,,,,
SV024,R,62,2,3,1,1,2,Stimulus,,,,,,,,,,,,
SV024,R,63,2,3,0,1,2,Stimulus,,,,,,,,,,,,
SV024,R,64,2,2,1,1,2,Stimulus,,,,,,,,,,,,
SV024,R,65,2,3,1,0,2,Stimulus,,,,,,,,,,,,
SV024,R,66,3,0,0,1,2,Stimulus,,,,,,,,,,,,
SV024,R,67,3,3,0,1,2,Stimulus,,,,,,,,,,,,
SV024,R,68,3,3,0,0,3,Stimulus,,,,,,,,,,,,
SV024,R,69,3,0,1,0,2,Stimulus,,,,,,,,,,,,
SV024,R,70,3,3,1,0,2,Stimulus,,,,,,,,,,,,
SV024,R,71,2,3,1,1,2,Stimulus,,,,,,,,,,,,
SV024,R,72,2,0,0,0,2,Stimulus,,,,,,,,,,,,
SV024,R,73,2,2,1,0,2,Stimulus,,,,,,,,,,,,
SV024,R,74,3,2,0,0,2,Stimulus,,,,,,,,,,,,
SV024,R,75,2,0,1,0,2,Stimulus,,,,,,,,,,,,
SV024,R,76,3,2,1,0,2,Stimulus,,,,,,,,,,,,
SV024,R,77,3,0,0,0,3,Stimulus,,,,,,,,,,,,
SV024,R,78,2,3,0,1,3,Stimulus,,,,,,,,,,,,
SV024,R,79,3,3,1,0,2,Stimulus,,,,,,,,,,,,
SV024,R,80,2,3,0,1,2,Stimulus,,,,,,,,,,,,
SV024,R,81,3,0,0,0,2,Stimulus,,,,,,,,,,,,
SV024,R,82,3,2,1,1,2,Stimulus,,,,,,,,,,,,
SV024,R,83,2,3,1,1,2,Stimulus,,,,,,,,,,,,
SV024,R,84,2,0,1,0,2,Stimulus,,,,,,,,,,,,
SV024,R,85,2,2,1,0,2,Stimulus,,,,,,,,,,,,
SV024,R,86,2,2,0,1,2,Stimulus,,,,,,,,,,,,
SV024,R,87,2,2,0,1,2,Stimulus,,,,,,,,,,,,
SV024,R,88,2,0,1,0,2,Stimulus,,,,,,,,,,,,
SV024,R,89,3,2,1,0,2,Stimulus,,,,,,,,,,,,
SV024,R,90,2,0,1,1,2,Stimulus,,,,,,,,,,,,
SV024,R,91,2,3,1,0,3,Stimulus,,,,,,,,,,,,
SV024,R,92,3,0,0,0,3,Stimulus,,,,,,,,,,,,
SV024,R,93,3,2,0,1,2,Stimulus,,,,,,,,,,,,
SV024,R,94,2,2,1,0,2,Stimulus,,,,,,,,,,,,
SV024,R,95,2,3,1,0,2,Stimulus,,,,,,,,,,,,
SV024,R,96,2,0,1,0,2,Stimulus,,,,,,,,,,,,
SV024,R,97,2,2,0,1,2,Stimulus,,,,,,,,,,,,
SV024,R,98,2,0,0,1,2,Stimulus,,,,,,,,,,,,
SV024,R,99,3,2,0,1,2,Stimulus,,,,,,,,,,,,
SV024,R,100,3,0,1,0,2,Stimulus,,,,,,,,,,,,
SV024,R,101,2,2,1,1,2,Stimulus,,,,,,,,,,,,
SV024,R,102,3,2,0,0,2,Stimulus,,,,,,,,,,,,
SV024,R,103,3,3,1,0,2,Stimulus,,,,,,,,,,,,
SV024,R,104,3,3,0,0,3,Stimulus,,,,,,,,,,,,
SV024,R,105,2,0,1,1,1,Stimulus,,,,,,,,,,,,
SV024,R,106,2,0,0,0,2,Stimulus,,,,,,,,,,,,
SV024,R,107,3,0,1,1,2,Stimulus,,,,,,,,,,,,
SV024,R,108,2,0,0,1,2,Stimulus,,,,,,,,,,,,
SV024,R,109,3,0,0,1,2,Stimulus,,,,,,,,,,,,
SV024,R,110,3,0,0,1,3,Stimulus,,,,,,,,,,,,
SV024,R,111,2,3,0,0,3,Stimulus,,,,,,,,,,,,
SV024,R,112,2,0,0,0,2,Stimulus,,,,,,,,,,,,
SV024,R,113,3,0,1,1,2,Stimulus,,,,,,,,,,,,
SV024,R,114,3,3,0,1,3,Stimulus,,,,,,,,,,,,
SV024,R,115,3,3,1,0,2,Stimulus,,,,,,,,,,,,
SV024,R,116,2,0,1,0,2,Stimulus,,,,,,,,,,,,
SV024,R,117,2,2,0,1,2,Stimulus,,,,,,,,,,,,
SV024,R,118,3,3,0,0,2,Stimulus,,,,,,,,,,,,
SV024,R,119,2,0,1,1,2,Stimulus,,,,,,,,,,,,
SV024,R,120,2,0,0,1,2,Stimulus,,,,,,,,,,,,
SV024,R,121,2,3,0,0,2,Stimulus,,,,,,,,,,,,
SV024,R,122,2,2,0,1,2,Stimulus,,,,,,,,,,,,
SV024,R,123,2,2,0,0,2,Stimulus,,,,,,,,,,,,
SV024,R,124,3,0,0,1,2,Stimulus,,,,,,,,,,,,
SV024,R,125,3,0,0,1,2,Stimulus,,,,,,,,,,,,
SV024,R,126,3,3,0,0,3,Stimulus,,,,,,,,,,,,
SV024,R,127,2,3,1,1,2,Stimulus,,,,,,,,,,,,
SV024,R,128,2,2,1,1,2,Stimulus,,,,,,,,,,,,
SV024,R,129,2,3,1,1,2,Stimulus,,,,,,,,,,,,
SV024,R,130,3,0,1,1,2,Stimulus,,,,,,,,,,,,
SV024,R,131,3,0,1,0,2,Stimulus,,,,,,,,,,,,
SV024,R,132,2,0,0,0,3,Stimulus,,,,,,,,,,,,
SV024,R,133,3,2,0,0,3,Stimulus,,,,,,,,,,,,
SV024,R,134,3,3,0,1,3,Stimulus,,,,,,,,,,,,
SV024,R,135,3,0,1,0,2,Stimulus,,,,,,,,,,,,
SV024,R,136,3,3,1,1,2,Stimulus,,,,,,,,,,,,
SV024,R,137,3,3,1,1,2,Stimulus,,,,,,,,,,,,
SV024,R,138,3,0,1,1,2,Stimulus,,,,,,,,,,,,
SV024,R,139,2,2,1,1,2,Stimulus,,,,,,,,0.9,0.9,84.0,84.0,16.0
SV024,R,140,2,0,0,0,2,Stimulus,,,,,,,,,,,,
SV024,R,141,3,3,1,1,2,Stimulus,,,,,,,,,,,,
SV024,R,142,2,2,0,1,2,Stimulus,,,,,,,,,,,,
SV024,R,143,2,3,1,0,2,Stimulus,,,,,,,,,,,,
SV024,R,144,2,0,0,0,2,Stimulus,,,,,,,,,,,,
SV024,R,145,2,0,1,1,2,Stimulus,,,,,,,,,,,,
SV024,R,146,3,0,1,1,2,Stimulus,,,,,,,,,,,,
SV024,R,147,3,3,0,1,3,Stimulus,,,,,,,,,,,,
SV024,R,148,3,0,1,1,2,Stimulus,,,,,,,,,,,,
SV024,R,149,2,2,1,1,2,Stimulus,,,,,,,,,,,,
SV024,R,150,3,2,1,1,2,Stimulus,,,,,,,,,,,,
SV024,R,151,3,2,0,1,2,Stimulus,,,,,,,,,,,,
SV024,R,152,2,2,1,1,2,Stimulus,,,,,,,,,,,,
SV024,R,153,3,0,0,1,2,Stimulus,,,,,,,,,,,,
SV024,R,154,2,3,1,1,2,Stimulus,,,,,,,,,,,,
SV024,R,155,2,0,1,1,2,Stimulus,,,,,,,,,,,,
SV024,R,156,3,0,1,0,2,Stimulus,,,,,,,,,,,,
SV024,R,157,3,2,1,1,2,Stimulus,,,,,,,,,,,,
SV024,R,158,3,0,0,0,3,Stimulus,,,,,,,,,,,,
SV024,R,159,3,2,1,1,2,Stimulus,,,,,,,,,,,,
SV024,R,160,2,3,1,0,2,Stimulus,,,,,,,,,,,,
SV024,R,161,2,3,0,1,2,Stimulus,,,,,,,,,,,,
SV024,R,162,3,2,0,0,2,Stimulus,,,,,,,,,,,,
SV024,R,163,2,3,0,0,3,Stimulus,,,,,,,,,,,,
SV024,R,164,2,3,0,1,3,Stimulus,,,,,,,,,,,,
SV024,R,165,2,2,0,1,2,Stimulus,,,,,,,,,,,,
SV024,R,166,3,2,0,1,2,Stimulus,,,,,,,,,,,,
SV024,R,167,2,2,0,1,2,Stimulus,,,,,,,,,,,,
SV024,R,168,2,3,0,0,2,Stimulus,,,,,,,,,,,,
SV024,R,169,2,0,0,1,1,Stimulus,,,,,,,,,,,,
SV024,R,170,3,0,0,0,2,Stimulus,,,,,,,,,,,,
SV024,R,171,2,3,1,1,2,Stimulus,,,,,,,,,,,,
SV024,R,172,3,0,1,0,2,Stimulus,,,,,,,,,,,,
SV024,R,173,3,3,1,1,3,Stimulus,,,,,,,,,,,,
SV024,R,174,3,0,0,0,3,Stimulus,,,,,,,,,,,,
SV024,R,175,2,0,0,1,2,Stimulus,,,,,,,,,,,,
SV024,R,176,3,2,1,0,2,Stimulus,,,,,,,,,,,,
SV024,R,177,3,2,1,1,2,Stimulus,,,,,,,,,,,,
SV024,R,178,2,0,0,1,2,Stimulus,,,,,,,,,,,,
SV024,R,179,3,3,0,0,3,Stimulus,,,,,,,,,,,,
SV024,R,180,2,0,0,0,2,Stimulus,,,,,,,,,,,,
SV024,R,181,2,2,0,1,2,Stimulus,,,,,,,,,,,,
SV024,R,182,2,3,1,0,2,Stimulus,,,,,,,,,,,,
SV024,R,183,2,0,1,1,2,Stimulus,,,,,,,,,,,,
SV024,R,184,3,3,0,0,3,Stimulus,,,,,,,,,,,,
SV024,R,185,2,3,1,0,2,Stimulus,,,,,,,,,,,,
SV024,R,186,3,3,1,1,2,Stimulus,,,,,,,,,,,,
SV024,R,187,2,3,1,0,2,Stimulus,,,,,,,,,,,,
SV024,R,188,2,3,1,1,2,Stimulus,,,,,,,,,,,,
SV024,R,189,3,2,1,0,2,Stimulus,,,,,,,,,,,,
SV024,R,190,2,3,0,0,2,Stimulus,,,,,,,,,,,,
SV024,R,191,2,3,1,0,2,Stimulus,,,,,,,,,,,,
SV024,R,192,2,2,0,0,2,Stimulus,,,,,,,,,,,,
SV024,R,193,2,2,1,0,2,Stimulus,,,,,,,,,,,,
SV024,R,194,2,2,0,0,2,Stimulus,,,,,,,,,,,,
SV024,R,195,3,0,0,0,3,Stimulus,,,,,,,,,,,,
SV024,R,196,2,2,1,0,2,Stimulus,,,,,,,,,,,,
SV024,R,197,2,2,0,0,2,Stimulus,,,,,,,,,,,,
SV024,R,198,2,2,1,1,2,Stimulus,,,,,,,,,,,,
SV024,R,199,2,2,1,0,2,Stimulus,,,,,,,,,,,,
SV024,R,200,2,0,1,1,2,Stimulus,,,,,,,,,,,,
SV024,R,201,3,3,1,0,2,Stimulus,,,,,,,,,,,,
SV024,R,202,3,2,1,1,2,Stimulus,,,,,,,,,,,,
SV024,R,203,3,0,1,1,2,Stimulus,,,,,,,,,,,,
SV024,R,204,2,3,0,0,3,Stimulus,,,,,,,,,,,,
SV024,R,205,3,2,0,1,2,Stimulus,,,,,,,,,,,,
SV024,R,206,3,2,1,0,2,Stimulus,,,,,,,,,,,,
SV024,R,207,3,0,1,0,3,Stimulus,,,,,,,,,,,,
SV024,R,208,3,0,1,0,3,Stimulus,,,,,,,,,,,,
SV024,R,209,2,3,0,1,3,Stimulus,,,,,,,,,,,,
SV024,R,210,2,2,1,0,2,Stimulus,,,,,,,,,,,,
SV024,R,211,3,3,1,1,2,Stimulus,,,,,,,,,,,,
SV024,R,212,2,3,0,0,2,Stimulus,,,,,,,,,,,,
SV024,R,213,2,0,1,1,2,Stimulus,,,,,,,,,,,,
SV024,R,214,3,3,0,1,2,Stimulus,,,,,,,,,,,,
SV024,R,215,2,3,0,0,2,Stimulus,,,,,,,,,,,,
SV024,R,216,2,2,1,0,2,Stimulus,,,,,,,,,,,,
SV024,R,217,2,0,1,0,3,Stimulus,,,,,,,,,,,,
SV024,R,218,3,0,1,1,3,Stimulus,,,,,,,,,,,,
SV024,R,219,3,3,0,0,3,Stimulus,,,,,,,,,,,,
SV024,R,220,3,2,1,1,2,Stimulus,,,,,,,,,,,,
SV024,R,221,3,0,0,0,3,Stimulus,,,,,,,,,,,,
SV024,R,222,3,0,0,0,3,Stimulus,,,,,,,,,,,,
SV024,R,223,3,2,1,1,2,Stimulus,,,,,,,,,,,,
SV024,R,224,2,2,0,0,2,Stimulus,,,,,,,,,,,,
SV024,R,225,3,3,1,0,2,Stimulus,,,,,,,,,,,,
SV024,R,226,2,0,0,1,3,Stimulus,,,,,,,,,,,,
SV024,R,227,3,2,1,0,2,Stimulus,,,,,,,,,,,,
SV024,R,228,3,2,1,0,2,Stimulus,,,,,,,,,,,,
SV024,R,229,2,2,1,1,2,Stimulus,,,,,,,,,,,,
SV024,R,230,3,0,0,1,2,Stimulus,,,,,,,,,,,,
SV024,R,231,2,0,1,0,2,Stimulus,,,,,,,,,,,,
SV024,R,232,2,2,0,1,2,Stimulus,,,,,,,,,,,,
SV024,R,233,3,2,1,1,2,Stimulus,,,,,,,,,,,,
SV024,R,234,3,3,1,0,3,Stimulus,,,,,,,,,,,,
SV024,R,235,3,2,0,0,2,Stimulus,,,,,,,,,,,,
SV024,R,236,2,0,0,0,3,Stimulus,,,,,,,,,,,,
SV024,R,237,2,3,1,0,2,Stimulus,,,,,,,,,,,,
SV024,R,238,2,2,0,0,2,Stimulus,,,,,,,,,,,,
SV024,R,239,2,2,1,1,2,Stimulus,,,,,,,,,,,,
SV024,R,240,3,2,0,0,3,Stimulus,,,,,,,,,,,,
SV024,R,241,3,0,1,1,0,Stimulus,,,,,,,,,,,,
SV024,R,242,2,3,0,1,3,Stimulus,,,,,,,,,,,,
SV024,R,243,2,0,1,1,0,Stimulus,,,,,,,,,,,,
SV024,R,244,3,0,0,0,0,Stimulus,,,,,,,,,,,,
SV024,R,245,3,0,1,0,0,Stimulus,,,,,,,,,,,,
SV024,R,246,3,2,0,0,2,Stimulus,,,,,,,,,,,,
SV024,R,247,3,0,1,1,0,Stimulus,,,,,,,,,,,,
SV024,R,248,2,0,1,1,0,Stimulus,,,,,,,,,,,,
SV024,R,249,2,0,0,1,0,Stimulus,,,,,,,,,,,,
SV024,R,250,2,3,0,1,3,Stimulus,,,,,,,,,,,,
SV024,R,251,2,2,1,1,2,Stimulus,,,,,,,,,,,,
SV024,R,252,3,3,1,1,3,Stimulus,,,,,,,,,,,,
SV024,R,253,2,3,0,1,3,Stimulus,,,,,,,,,,,,
SV024,R,254,2,2,1,1,2,Stimulus,,,,,,,,,,,,
SV024,R,255,2,3,1,1,3,Stimulus,,,,,,,,,,,,
SV024,R,256,2,0,1,0,0,Stimulus,,,,,,,,,,,,
SV024,R,257,3,0,0,1,0,Stimulus,,,,,,,,,,,,
SV024,R,258,3,2,0,1,2,Stimulus,,,,,,,,,,,,
SV024,R,259,2,3,1,1,3,Stimulus,,,,,,,,,,,,
SV024,R,260,2,2,1,0,2,Stimulus,,,,,,,,,,,,
SV024,R,261,2,0,1,0,0,Stimulus,,,,,,,,,,,,
SV024,R,262,2,2,1,0,2,Stimulus,,,,,,,,,,,,
SV024,R,263,2,2,1,1,2,Stimulus,,,,,,,,,,,,
SV024,R,264,2,3,0,0,3,Stimulus,,,,,,,,,,,,
SV024,R,265,3,3,1,1,3,Stimulus,,,,,,,,,,,,
SV024,R,266,2,0,1,1,0,Stimulus,,,,,,,,,,,,
SV024,R,267,3,2,0,0,2,Stimulus,,,,,,,,,,,,
SV024,R,268,3,0,1,1,0,Stimulus,,,,,,,,,,,,
SV024,R,269,2,2,0,0,2,Stimulus,,,,,,,,,,,,
SV024,R,270,2,0,1,1,0,Stimulus,,,,,,,,,,,,
SV024,R,271,2,2,0,1,2,Stimulus,,,,,,,,,,,,
SV024,R,272,2,2,0,0,2,Stimulus,,,,,,,,,,,,
SV024,R,273,3,0,1,0,0,Stimulus,,,,,,,,,,,,
SV024,R,274,3,3,1,1,3,Stimulus,,,,,,,,,,,,
SV024,R,275,2,0,0,1,0,Stimulus,,,,,,,,,,,,
SV024,R,276,2,0,0,0,0,Stimulus,,,,,,,,,,,,
SV024,R,277,2,2,1,0,2,Stimulus,,,,,,,,,,,,
SV024,R,278,2,3,0,0,3,Stimulus,,,,,,,,,,,,
SV024,R,279,2,3,1,0,3,Stimulus,,,,,,,,,,,,
SV024,R,280,3,2,0,0,2,Stimulus,,,,,,,,,,,,
SV024,R,281,3,3,1,0,3,Stimulus,,,,,,,,,,,,
SV024,R,282,3,0,1,1,0,Stimulus,,,,,,,,,,,,
SV024,R,283,3,2,1,1,2,Stimulus,,,,,,,,,,,,
SV024,R,284,2,3,0,1,3,Stimulus,,,,,,,,,,,,
SV024,R,285,3,2,1,1,2,Stimulus,,,,,,,,,,,,
SV024,R,286,2,3,1,0,3,Stimulus,,,,,,,,,,,,
SV024,R,287,2,3,1,1,3,Stimulus,,,,,,,,,,,,
SV024,R,288,3,3,1,1,3,Stimulus,,,,,,,,,,,,
SV024,R,289,3,2,1,1,2,Stimulus,,,,,,,,,,,,
SV024,R,290,2,3,0,0,3,Stimulus,,,,,,,,,,,,
SV024,R,291,3,0,0,0,0,Stimulus,,,,,,,,,,,,
SV024,R,292,3,0,0,1,0,Stimulus,,,,,,,,,,,,
SV024,R,293,3,3,0,1,3,Stimulus,,,,,,,,,,,,
SV024,R,294,3,2,0,0,2,Stimulus,,,,,,,,,,,,
SV024,R,295,3,2,0,0,2,Stimulus,,,,,,,,,,,,
SV024,R,296,3,0,0,1,0,Stimulus,,,,,,,,,,,,
SV024,R,297,3,3,1,1,3,Stimulus,,,,,,,,,,,,
SV024,R,298,3,0,0,1,0,Stimulus,,,,,,,,,,,,
SV024,R,299,3,0,0,0,0,Stimulus,,,,,,,,,,,,
SV024,R,300,3,2,0,0,2,Stimulus,,,,,,,,,,,,
SV024,R,301,3,3,0,1,3,Stimulus,,,,,,,,,,,,
SV024,R,302,2,3,0,0,3,Stimulus,,,,,,,,,,,,
SV024,R,303,3,0,1,1,0,Stimulus,,,,,,,,,,,,
SV024,R,304,2,3,1,1,3,Stimulus,,,,,,,,,,,,
SV024,R,305,2,3,1,0,3,Stimulus,,,,,,,,,,,,
SV024,R,306,2,3,1,0,3,Stimulus,,,,,,,,,,,,
SV024,R,307,3,0,0,1,0,Stimulus,,,,,,,,,,,,
SV024,R,308,3,0,0,0,0,Stimulus,,,,,,,,,,,,
SV024,R,309,2,0,1,1,0,Stimulus,,,,,,,,,,,,
SV024,R,310,3,0,0,1,0,Stimulus,,,,,,,,,,,,
SV024,R,311,2,3,0,0,2,Stimulus,,,,,,,,,,,,
SV024,R,312,2,0,1,0,0,Stimulus,,,,,,,,,,,,
SV024,R,313,2,0,0,0,0,Stimulus,,,,,,,,,,,,
SV024,R,314,3,2,1,0,2,Stimulus,,,,,,,,,,,,
SV024,R,315,2,0,1,1,0,Stimulus,,,,,,,,,,,,
SV024,R,316,3,2,0,1,2,Stimulus,,,,,,,,,,,,
SV024,R,317,3,3,0,0,3,Stimulus,,,,,,,,,,,,
SV024,R,318,3,2,0,1,2,Stimulus,,,,,,,,,,,,
SV024,R,319,2,0,0,0,0,Stimulus,,,,,,,,,,,,
SV024,R,320,3,3,1,1,3,Stimulus,,,,,,,,,,,,
SV024,R,321,2,2,0,1,2,Stimulus,,,,,,,,,,,,
SV024,R,322,3,2,1,0,2,Stimulus,,,,,,,,,,,,
SV024,R,323,2,2,0,0,2,Stimulus,,,,,,,,,,,,
SV024,R,324,2,0,0,1,0,Stimulus,,,,,,,,,,,,
SV024,R,325,2,3,0,0,3,Stimulus,,,,,,,,,,,,
SV024,R,326,3,2,1,0,2,Stimulus,,,,,,,,,,,,
SV024,R,327,2,0,1,1,0,Stimulus,,,,,,,,,,,,
SV024,R,328,2,3,1,1,3,Stimulus,,,,,,,,,,,,
SV024,R,329,3,0,1,0,0,Stimulus,,,,,,,,,,,,
SV024,R,330,2,2,1,1,2,Stimulus,,,,,,,,,,,,
SV024,R,331,2,2,1,1,2,Stimulus,,,,,,,,,,,,
SV024,R,332,3,3,0,1,3,Stimulus,,,,,,,,,,,,
SV024,R,333,3,0,1,1,0,Stimulus,,,,,,,,,,,,
SV024,R,334,3,3,1,1,3,Stimulus,,,,,,,,,,,,
SV024,R,335,3,2,1,1,2,Stimulus,,,,,,,,,,,,
SV024,R,336,3,3,1,0,3,Stimulus,,,,,,,,,,,,
SV024,R,337,3,0,0,0,0,Stimulus,,,,,,,,,,,,
SV024,R,338,2,2,1,0,2,Stimulus,,,,,,,,,,,,
SV024,R,339,2,3,1,1,3,Stimulus,,,,,,,,,,,,
SV024,R,340,3,3,1,0,3,Stimulus,,,,,,,,,,,,
SV024,R,341,2,2,0,1,2,Stimulus,,,,,,,,,,,,
SV024,R,342,2,3,0,1,3,Stimulus,,,,,,,,,,,,
SV024,R,343,3,3,0,1,3,Stimulus,,,,,,,,,,,,
SV024,R,344,3,0,1,0,0,Stimulus,,,,,,,,,,,,
SV024,R,345,2,3,1,0,3,Stimulus,,,,,,,,,,,,
SV024,R,346,2,2,1,0,2,Stimulus,,,,,,,,,,,,
SV024,R,347,2,0,1,0,0,Stimulus,,,,,,,,,,,,
SV024,R,348,3,2,0,1,2,Stimulus,,,,,,,,,,,,
SV024,R,349,2,0,0,0,0,Stimulus,,,,,,,,,,,,
SV024,R,350,3,2,1,1,2,Stimulus,,,,,,,,,,,,
SV024,R,351,2,2,0,1,2,Stimulus,,,,,,,,,,,,
SV024,R,352,3,3,0,1,3,Stimulus,,,,,,,,,,,,
SV024,R,353,3,3,0,0,3,Stimulus,,,,,,,,,,,,
SV024,R,354,3,2,0,1,2,Stimulus,,,,,,,,,,,,
SV024,R,355,3,3,0,1,3,Stimulus,,,,,,,,,,,,
SV024,R,356,2,0,0,0,0,Stimulus,,,,,,,,,,,,
SV024,R,357,3,0,0,0,0,Stimulus,,,,,,,,,,,,
SV024,R,358,3,3,1,0,3,Stimulus,,,,,,,,,,,,
SV024,R,359,3,2,1,1,2,Stimulus,,,,,,,,,,,,
SV024,R,360,3,0,1,0,0,Stimulus,,,,,,,,,,,,
SV024,R,361,3,2,1,0,2,Stimulus,,,,,,,,,,,,
SV024,R,362,3,3,1,1,3,Stimulus,,,,,,,,,,,,
SV024,R,363,2,2,0,0,2,Stimulus,,,,,,,,,,,,
SV024,R,364,2,2,0,0,2,Stimulus,,,,,,,,,,,,
SV024,R,365,2,3,1,1,3,Stimulus,,,,,,,,,,,,
SV024,R,366,3,0,1,1,0,Stimulus,,,,,,,,,,,,
SV024,R,367,3,2,1,0,2,Stimulus,,,,,,,,,,,,
SV024,R,368,2,3,1,1,3,Stimulus,,,,,,,,,,,,
SV024,R,369,3,0,1,0,0,Stimulus,,,,,,,,,,,,
SV024,R,370,3,3,1,0,3,Stimulus,,,,,,,,,,,,
SV024,R,371,2,2,0,0,2,Stimulus,,,,,,,,,,,,
SV024,R,372,2,2,0,1,2,Stimulus,,,,,,,,,,,,
SV024,R,373,2,3,0,0,3,Stimulus,,,,,,,,,,,,
SV024,R,374,2,2,1,1,2,Stimulus,,,,,,,,,,,,
SV024,R,375,3,2,0,0,2,Stimulus,,,,,,,,,,,,
SV024,R,376,3,3,0,0,3,Stimulus,,,,,,,,,,,,
SV024,R,377,2,0,0,1,0,Stimulus,,,,,,,,,,,,
SV024,R,378,3,3,1,0,3,Stimulus,,,,,,,,,,,,
SV024,R,379,2,2,0,0,2,Stimulus,,,,,,,,,,,,
SV024,R,380,3,2,1,1,2,Stimulus,,,,,,,,,,,,
SV024,R,381,2,3,1,1,3,Stimulus,,,,,,,,,,,,
SV024,R,382,3,3,0,0,3,Stimulus,,,,,,,,,,,,
SV024,R,383,3,2,0,0,2,Stimulus,,,,,,,,,,,,
SV024,R,384,2,0,0,1,0,Stimulus,,,,,,,,,,,,
SV024,R,385,2,2,0,0,2,Stimulus,,,,,,,,,,,,
SV024,R,386,3,2,0,1,2,Stimulus,,,,,,,,,,,,
SV024,R,387,2,0,0,1,0,Stimulus,,,,,,,,,,,,
SV024,R,388,3,2,0,1,2,Stimulus,,,,,,,,,,,,
SV024,R,389,3,2,1,0,2,Stimulus,,,,,,,,,,,,
SV024,R,390,2,2,1,0,2,Stimulus,,,,,,,,,,,,
SV024,R,391,2,0,1,1,0,Stimulus,,,,,,,,,,,,
SV024,R,392,3,2,1,0,2,Stimulus,,,,,,,,,,,,
SV024,R,393,2,3,1,0,3,Stimulus,,,,,,,,,,,,
SV024,R,394,2,3,0,1,3,Stimulus,,,,,,,,,,,,
SV024,R,395,2,3,0,0,3,Stimulus,,,,,,,,,,,,
SV024,R,396,2,3,0,1,3,Stimulus,,,,,,,,,,,,
SV024,R,397,3,2,1,1,2,Stimulus,,,,,,,,,,,,
SV024,R,398,3,3,0,1,3,Stimulus,,,,,,,,,,,,
SV024,R,399,3,2,0,1,2,Stimulus,,,,,,,,,,,,
SV024,R,400,2,0,1,1,0,Stimulus,,,,,,,,,,,,
SV024,R,401,3,0,1,1,0,Stimulus,,,,,,,,,,,,
SV024,R,402,2,0,1,0,0,Stimulus,,,,,,,,,,,,
SV024,R,403,2,0,0,0,0,Stimulus,,,,,,,,,,,,
SV024,R,404,3,0,1,0,0,Stimulus,,,,,,,,,,,,
SV024,R,405,3,3,0,0,3,Stimulus,,,,,,,,,,,,
SV024,R,406,2,3,1,0,3,Stimulus,,,,,,,,,,,,
SV024,R,407,2,3,0,0,3,Stimulus,,,,,,,,,,,,
SV024,R,408,3,3,1,1,3,Stimulus,,,,,,,,,,,,
SV024,R,409,3,3,0,0,3,Stimulus,,,,,,,,,,,,
SV024,R,410,2,2,0,1,2,Stimulus,,,,,,,,,,,,
SV024,R,411,3,2,1,1,2,Stimulus,,,,,,,,,,,,
SV024,R,412,3,0,0,0,0,Stimulus,,,,,,,,,,,,
SV024,R,413,3,2,1,0,2,Stimulus,,,,,,,,,,,,
SV024,R,414,2,2,1,0,2,Stimulus,,,,,,,,,,,,
SV024,R,415,3,2,0,1,2,Stimulus,,,,,,,,,,,,
SV024,R,416,2,2,1,0,2,Stimulus,,,,,,,,,,,,
SV024,R,417,3,0,1,0,0,Stimulus,,,,,,,,,,,,
SV024,R,418,2,3,0,1,3,Stimulus,,,,,,,,,,,,
SV024,R,419,2,3,0,0,3,Stimulus,,,,,,,,,,,,
SV024,R,420,3,3,1,1,3,Stimulus,,,,,,,,,,,,
SV024,R,421,3,3,0,0,3,Stimulus,,,,,,,,,,,,
SV024,R,422,3,0,0,1,0,Stimulus,,,,,,,,,,,,
SV024,R,423,3,0,0,1,0,Stimulus,,,,,,,,,,,,
SV024,R,424,2,3,0,1,3,Stimulus,,,,,,,,,,,,
SV024,R,425,2,0,1,0,0,Stimulus,,,,,,,,,,,,
SV024,R,426,3,0,1,1,0,Stimulus,,,,,,,,,,,,
SV024,R,427,2,2,0,1,2,Stimulus,,,,,,,,,,,,
SV024,R,428,2,2,0,1,2,Stimulus,,,,,,,,,,,,
SV024,R,429,2,2,1,0,2,Stimulus,,,,,,,,,,,,
SV024,R,430,2,3,1,0,2,Stimulus,,,,,,,,,,,,
SV024,R,431,3,2,1,0,2,Stimulus,,,,,,,,,,,,
SV024,R,432,2,0,0,1,0,Stimulus,,,,,,,,,,,,
SV024,R,433,3,3,1,0,3,Stimulus,,,,,,,,,,,,
SV024,R,434,3,3,1,0,3,Stimulus,,,,,,,,,,,,
SV024,R,435,2,2,0,1,2,Stimulus,,,,,,,,,,,,
SV024,R,436,3,0,0,0,0,Stimulus,,,,,,,,,,,,
SV024,R,437,2,0,1,0,0,Stimulus,,,,,,,,,,,,
SV024,R,438,2,0,0,0,0,Stimulus,,,,,,,,,,,,
SV024,R,439,3,0,0,1,0,Stimulus,,,,,,,,,,,,
SV024,R,440,3,0,1,0,0,Stimulus,,,,,,,,,,,,
SV024,R,441,2,3,1,1,3,Stimulus,,,,,,,,,,,,
SV024,R,442,3,3,1,0,3,Stimulus,,,,,,,,,,,,
SV024,R,443,3,0,1,1,0,Stimulus,,,,,,,,,,,,
SV024,R,444,2,2,1,0,2,Stimulus,,,,,,,,,,,,
SV024,R,445,3,2,1,1,2,Stimulus,,,,,,,,,,,,
SV024,R,446,2,0,1,1,0,Stimulus,,,,,,,,,,,,
SV024,R,447,2,0,0,1,0,Stimulus,,,,,,,,,,,,
SV024,R,448,2,0,0,1,0,Stimulus,,,,,,,,,,,,
SV024,R,449,2,0,0,0,0,Stimulus,,,,,,,,,,,,
SV024,R,450,2,0,0,0,0,Stimulus,,,,,,,,,,,,
SV024,R,451,2,0,1,0,0,Stimulus,,,,,,,,,,,,
SV024,R,452,2,2,0,0,2,Stimulus,,,,,,,,,,,,
SV024,R,453,2,3,1,0,3,Stimulus,,,,,,,,,,,,
SV024,R,454,2,0,0,1,0,Stimulus,,,,,,,,,,,,
SV024,R,455,3,3,0,0,3,Stimulus,,,,,,,,,,,,
SV024,R,456,3,3,0,0,3,Stimulus,,,,,,,,,,,,
SV024,R,457,2,2,0,1,2,Stimulus,,,,,,,,,,,,
SV024,R,458,3,0,1,0,0,Stimulus,,,,,,,,,,,,
SV024,R,459,2,0,1,0,0,Stimulus,,,,,,,,,,,,
SV024,R,460,3,2,0,1,2,Stimulus,,,,,,,,,,,,
SV024,R,461,2,3,0,1,3,Stimulus,,,,,,,,,,,,
SV024,R,462,3,3,0,1,3,Stimulus,,,,,,,,,,,,
SV024,R,463,3,0,0,0,0,Stimulus,,,,,,,,,,,,
SV024,R,464,2,2,1,1,2,Stimulus,,,,,,,,,,,,
SV024,R,465,2,2,1,1,2,Stimulus,,,,,,,,,,,,
SV024,R,466,2,2,1,1,2,Stimulus,,,,,,,,,,,,
SV024,R,467,3,3,0,1,3,Stimulus,,,,,,,,,,,,
SV024,R,468,3,3,0,0,3,Stimulus,,,,,,,,,,,,
SV024,R,469,3,2,0,0,2,Stimulus,,,,,,,,,,,,
SV024,R,470,3,0,0,0,0,Stimulus,,,,,,,,,,,,
SV024,R,471,2,2,0,0,2,Stimulus,,,,,,,,,,,,
SV024,R,472,3,3,1,0,3,Stimulus,,,,,,,,,,,,
SV024,R,473,2,0,1,0,0,Stimulus,,,,,,,,,,,,
SV024,R,474,3,2,0,0,2,Stimulus,,,,,,,,,,,,
SV024,R,475,3,2,1,0,2,Stimulus,,,,,,,,,,,,
SV024,R,476,2,0,0,0,0,Stimulus,,,,,,,,,,,,
SV024,R,477,2,3,1,0,3,Stimulus,,,,,,,,,,,,
SV024,R,478,3,0,0,1,0,Stimulus,,,,,,,,,,,,
SV024,R,479,3,3,0,1,3,Stimulus,,,,,,,,,,,,
SV024,R,480,2,2,1,1,2,Stimulus,,,,,,,,,,,,
