subj_id,eye,trial_no,n_flash,n_beep,direction,blindspot,response,phase,fixation_x_mean,fixation_x_max,fixation_y_mean,fixation_y_max,pupil_avg_mean,pupil_avg_max,fixation_duration_mean,saccade_amplitude_mean,saccade_amplitude_max,saccade_velocity_mean,saccade_velocity_max,saccade_duration_mean
SV021,L,1,2,3,0,0,3,Fixation,,,,,,,,,,,,
SV021,L,2,2,3,1,0,3,Fixation,,,,,,,,,,,,
SV021,L,3,3,3,0,1,3,Fixation,,,,,,,,,,,,
SV021,L,4,3,0,0,0,3,Fixation,,,,,,,,,,,,
SV021,L,5,2,2,1,1,2,Fixation,,,,,,,,,,,,
SV021,L,6,2,0,1,1,2,Fixation,,,,,,,,,,,,
SV021,L,7,2,0,1,1,2,Fixation,,,,,,,,,,,,
SV021,L,8,3,0,0,1,3,Fixation,,,,,,,,,,,,
SV021,L,9,2,0,1,1,2,Fixation,,,,,,,,,,,,
SV021,L,10,3,2,1,1,2,Fixation,,,,,,,,,,,,
SV021,L,11,2,2,1,0,2,Fixation,,,,,,,,,,,,
SV021,L,12,3,2,0,1,2,Fixation,,,,,,,,,,,,
SV021,L,13,2,0,1,0,2,Fixation,,,,,,,,,,,,
SV021,L,14,3,2,1,1,2,Fixation,,,,,,,,,,,,
SV021,L,15,2,2,0,0,2,Fixation,,,,,,,,,,,,
SV021,L,16,3,0,0,1,2,Fixation,,,,,,,,,,,,
SV021,L,17,2,0,0,0,2,Fixation,,,,,,,,,,,,
SV021,L,18,2,0,0,0,2,Fixation,,,,,,,,,,,,
SV021,L,19,3,0,0,0,2,Fixation,,,,,,,,,,,,
SV021,L,20,3,3,1,1,3,Fixation,,,,,,,,,,,,
SV021,L,21,2,2,1,1,2,Fixation,,,,,,,,,,,,
SV021,L,22,2,0,0,0,2,Fixation,,,,,,,,,,,,
SV021,L,23,3,3,1,0,3,Fixation,,,,,,,,,,,,
SV021,L,24,3,0,1,1,2,Fixation,,,,,,,,,,,,
SV021,L,25,3,2,0,0,2,Fixation,,,,,,,,,,,,
SV021,L,26,2,0,0,1,2,Fixation,,,,,,,,,,,,
SV021,L,27,3,0,1,1,3,Fixation,,,,,,,,,,,,
SV021,L,28,2,3,1,0,3,Fixation,,,,,,,,,,,,
SV021,L,29,3,0,1,1,3,Fixation,,,,,,,,,,,,
SV021,L,30,2,0,0,0,2,Fixation,,,,,,,,,,,,
SV021,L,31,2,2,0,1,2,Fixation,,,,,,,,,,,,
SV021,L,32,3,2,1,1,2,Fixation,,,,,,,,,,,,
SV021,L,33,2,3,0,0,3,Fixation,,,,,,,,,,,,
SV021,L,34,2,3,0,1,3,Fixation,,,,,,,,,,,,
SV021,L,35,2,0,0,0,2,Fixation,,,,,,,,,,,,
SV021,L,36,2,2,1,0,2,Fixation,,,,,,,,,,,,
SV021,L,37,2,3,0,1,3,Fixation,,,,,,,,,,,,
SV021,L,38,2,3,1,0,3,Fixation,,,,,,,,,,,,
SV021,L,39,3,2,0,1,2,Fixation,,,,,,,,,,,,
SV021,L,40,3,2,1,0,2,Fixation,,,,,,,,,,,,
SV021,L,41,2,3,1,1,3,Fixation,,,,,,,,,,,,
SV021,L,42,2,0,0,0,2,Fixation,,,,,,,,,,,,
SV021,L,43,3,3,0,1,3,Fixation,,,,,,,,,,,,
SV021,L,44,3,2,1,1,2,Fixation,,,,,,,,,,,,
SV021,L,45,3,2,1,0,2,Fixation,,,,,,,,,,,,
SV021,L,46,2,3,1,1,3,Fixation,,,,,,,,,,,,
SV021,L,47,3,0,0,1,3,Fixation,,,,,,,,,,,,
SV021,L,48,3,3,1,0,3,Fixation,,,,,,,,,,,,
SV021,L,49,2,2,0,1,2,Fixation,,,,,,,,,,,,
SV021,L,50,3,0,1,0,2,Fixation,,,,,,,,,,,,
SV021,L,51,3,0,0,0,2,Fixation,,,,,,,,,,,,
SV021,L,52,2,3,0,1,3,Fixation,,,,,,,,,,,,
SV021,L,53,3,0,1,0,3,Fixation,,,,,,,,,,,,
SV021,L,54,3,3,1,0,3,Fixation,,,,,,,,,,,,
SV021,L,55,2,2,0,0,2,Fixation,,,,,,,,,,,,
SV021,L,56,3,0,1,0,3,Fixation,,,,,,,,,,,,
SV021,L,57,3,2,0,0,2,Fixation,,,,,,,,,,,,
SV021,L,58,3,3,0,1,3,Fixation,,,,,,,,,,,,
SV021,L,59,3,3,0,0,3,Fixation,,,,,,,,,,,,
SV021,L,60,3,3,1,1,3,Fixation,,,,,,,,,,,,
SV021,L,61,3,3,1,1,3,Fixation,,,,,,,,,,,,
SV021,L,62,3,0,1,1,3,Fixation,,,,,,,,,,,,
SV021,L,63,2,2,0,1,2,Fixation,,,,,,,,,,,,
SV021,L,64,2,3,0,1,3,Fixation,,,,,,,,,,,,
SV021,L,65,2,3,0,1,3,Fixation,,,,,,,,,,,,
SV021,L,66,2,2,0,1,2,Fixation,,,,,,,,,,,,
SV021,L,67,2,0,0,1,0,Fixation,,,,,,,,,,,,
SV021,L,68,3,0,0,0,3,Fixation,,,,,,,,,,,,
SV021,L,69,2,3,0,0,3,Fixation,,,,,,,,,,,,
SV021,L,70,3,0,0,0,3,Fixation,,,,,,,,,,,,
SV021,L,71,3,2,0,0,2,Fixation,,,,,,,,,,,,
SV021,L,72,2,2,1,0,2,Fixation,,,,,,,,,,,,
SV021,L,73,2,2,0,0,2,Fixation,,,,,,,,,,,,
SV021,L,74,2,3,0,1,3,Fixation,,,,,,,,,,,,
SV021,L,75,2,3,1,1,3,Fixation,,,,,,,,,,,,
SV021,L,76,2,2,1,0,2,Fixation,,,,,,,,,,,,
SV021,L,77,3,2,0,1,2,Fixation,,,,,,,,,,,,
SV021,L,78,3,3,0,0,1,Fixation,,,,,,,,,,,,
SV021,L,79,3,2,1,0,2,Fixation,,,,,,,,,,,,
SV021,L,80,3,0,0,1,2,Fixation,,,,,,,,,,,,
SV021,L,81,3,2,1,0,2,Fixation,,,,,,,,,,,,
SV021,L,82,2,0,1,0,3,Fixation,,,,,,,,,,,,
SV021,L,83,2,2,1,1,2,Fixation,,,,,,,,,,,,
SV021,L,84,3,0,0,0,3,Fixation,,,,,,,,,,,,
SV021,L,85,2,0,1,0,2,Fixation,,,,,,,,,,,,
SV021,L,86,3,0,1,1,2,Fixation,,,,,,,,,,,,
SV021,L,87,2,0,0,1,2,Fixation,,,,,,,,,,,,
SV021,L,88,2,0,0,1,3,Fixation,,,,,,,,,,,,
SV021,L,89,3,0,1,0,3,Fixation,,,,,,,,,,,,
SV021,L,90,3,2,1,1,2,Fixation,,,,,,,,,,,,
SV021,L,91,2,3,1,0,3,Fixation,,,,,,,,,,,,
SV021,L,92,3,0,0,1,2,Fixation,,,,,,,,,,,,
SV021,L,93,3,0,0,1,3,Fixation,,,,,,,,,,,,
SV021,L,94,3,3,1,1,3,Fixation,,,,,,,,,,,,
SV021,L,95,3,0,1,0,3,Fixation,,,,,,,,,,,,
SV021,L,96,2,2,1,0,2,Fixation,,,,,,,,,,,,
SV021,L,97,2,3,1,1,3,Fixation,,,,,,,,,,,,
SV021,L,98,3,3,1,1,3,Fixation,,,,,,,,,,,,
SV021,L,99,2,0,1,1,3,Fixation,,,,,,,,,,,,
SV021,L,100,3,3,0,0,3,Fixation,,,,,,,,,,,,
SV021,L,101,2,2,0,0,2,Fixation,,,,,,,,,,,,
SV021,L,102,3,0,1,1,3,Fixation,,,,,,,,,,,,
SV021,L,103,3,2,1,1,2,Fixation,,,,,,,,,,,,
SV021,L,104,3,2,0,0,2,Fixation,,,,,,,,,,,,
SV021,L,105,3,0,1,1,2,Fixation,,,,,,,,,,,,
SV021,L,106,3,2,0,0,2,Fixation,,,,,,,,,,,,
SV021,L,107,3,0,1,0,3,Fixation,,,,,,,,,,,,
SV021,L,108,2,2,0,0,2,Fixation,,,,,,,,,,,,
SV021,L,109,3,0,1,0,3,Fixation,,,,,,,,,,,,
SV021,L,110,3,2,0,1,2,Fixation,,,,,,,,,,,,
SV021,L,111,2,2,1,1,2,Fixation,,,,,,,,,,,,
SV021,L,112,3,2,1,0,2,Fixation,,,,,,,,,,,,
SV021,L,113,2,3,0,0,3,Fixation,,,,,,,,,,,,
SV021,L,114,2,2,1,1,2,Fixation,,,,,,,,,,,,
SV021,L,115,3,3,0,1,3,Fixation,,,,,,,,,,,,
SV021,L,116,2,3,0,0,3,Fixation,,,,,,,,,,,,
SV021,L,117,3,3,0,1,3,Fixation,,,,,,,,,,,,
SV021,L,118,3,0,0,0,3,Fixation,,,,,,,,,,,,
SV021,L,119,2,2,1,0,2,Fixation,,,,,,,,,,,,
SV021,L,120,3,3,1,0,3,Fixation,,,,,,,,,,,,
SV021,L,121,2,2,1,0,2,Fixation,,,,,,,,,,,,
SV021,L,122,3,0,0,1,3,Fixation,,,,,,,,,,,,
SV021,L,123,3,0,0,0,3,Fixation,,,,,,,,,,,,
SV021,L,124,3,3,0,0,3,Fixation,,,,,,,,,,,,
SV021,L,125,3,3,1,1,3,Fixation,,,,,,,,,,,,
SV021,L,126,2,0,1,1,3,Fixation,,,,,,,,,,,,
SV021,L,127,3,2,1,1,2,Fixation,,,,,,,,,,,,
SV021,L,128,2,2,0,1,2,Fixation,,,,,,,,,,,,
SV021,L,129,2,3,0,1,3,Fixation,,,,,,,,,,,,
SV021,L,130,3,3,0,0,3,Fixation,,,,,,,,,,,,
SV021,L,131,3,2,0,1,2,Fixation,,,,,,,,,,,,
SV021,L,132,3,3,0,1,3,Fixation,,,,,,,,,,,,
SV021,L,133,3,3,1,1,3,Fixation,,,,,,,,,,,,
SV021,L,134,3,0,0,0,3,Fixation,,,,,,,,,,,,
SV021,L,135,2,2,1,0,2,Fixation,,,,,,,,,,,,
SV021,L,136,2,3,1,0,3,Fixation,,,,,,,,,,,,
SV021,L,137,3,3,1,0,3,Fixation,,,,,,,,,,,,
SV021,L,138,2,3,0,0,3,Fixation,,,,,,,,,,,,
SV021,L,139,3,3,0,0,3,Fixation,,,,,,,,,,,,
SV021,L,140,3,0,0,1,2,Fixation,,,,,,,,,,,,
SV021,L,141,2,0,0,1,2,Fixation,,,,,,,,,,,,
SV021,L,142,2,3,1,0,3,Fixation,,,,,,,,,,,,
SV021,L,143,3,0,1,1,3,Fixation,,,,,,,,,,,,
SV021,L,144,3,0,1,0,3,Fixation,,,,,,,,,,,,
SV021,L,145,2,3,1,0,3,Fixation,,,,,,,,,,,,
SV021,L,146,2,0,1,0,3,Fixation,,,,,,,,,,,,
SV021,L,147,3,0,0,1,3,Fixation,,,,,,,,,,,,
SV021,L,148,3,2,0,0,3,Fixation,,,,,,,,,,,,
SV021,L,149,2,3,0,0,3,Fixation,,,,,,,,,,,,
SV021,L,150,2,2,1,0,2,Fixation,,,,,,,,,,,,
SV021,L,151,2,2,0,1,2,Fixation,,,,,,,,,,,,
SV021,L,152,3,3,1,0,3,Fixation,,,,,,,,,,,,
SV021,L,153,3,3,0,0,3,Fixation,,,,,,,,,,,,
SV021,L,154,2,0,1,0,2,Fixation,,,,,,,,,,,,
SV021,L,155,3,2,0,0,2,Fixation,,,,,,,,,,,,
SV021,L,156,2,0,1,0,2,Fixation,,,,,,,,,,,,
SV021,L,157,3,0,1,1,2,Fixation,,,,,,,,,,,,
SV021,L,158,3,2,1,0,2,Fixation,,,,,,,,,,,,
SV021,L,159,3,0,0,0,2,Fixation,,,,,,,,,,,,
SV021,L,160,3,2,0,1,2,Fixation,,,,,,,,,,,,
SV021,L,161,3,3,1,0,3,Fixation,,,,,,,,,,,,
SV021,L,162,2,3,1,1,3,Fixation,,,,,,,,,,,,
SV021,L,163,3,2,0,1,2,Fixation,,,,,,,,,,,,
SV021,L,164,3,3,0,1,3,Fixation,,,,,,,,,,,,
SV021,L,165,2,3,1,0,3,Fixation,,,,,,,,,,,,
SV021,L,166,2,2,0,1,2,Fixation,,,,,,,,,,,,
SV021,L,167,2,2,1,1,2,Fixation,,,,,,,,,,,,
SV021,L,168,2,3,1,1,3,Fixation,,,,,,,,,,,,
SV021,L,169,2,0,1,1,3,Fixation,,,,,,,,,,,,
SV021,L,170,3,2,0,0,3,Fixation,,,,,,,,,,,,
SV021,L,171,2,0,0,1,3,Fixation,,,,,,,,,,,,
SV021,L,172,3,2,0,1,3,Fixation,,,,,,,,,,,,
SV021,L,173,2,0,0,0,3,Fixation,,,,,,,,,,,,
SV021,L,174,2,0,1,1,2,Fixation,,,,,,,,,,,,
SV021,L,175,2,0,0,1,3,Fixation,,,,,,,,,,,,
SV021,L,176,2,0,1,1,3,Fixation,,,,,,,,,,,,
SV021,L,177,2,0,0,1,3,Fixation,,,,,,,,,,,,
SV021,L,178,3,3,0,0,3,Fixation,,,,,,,,,,,,
SV021,L,179,3,3,0,0,3,Fixation,,,,,,,,,,,,
SV021,L,180,3,0,0,1,3,Fixation,,,,,,,,,,,,
SV021,L,181,2,3,1,1,3,Fixation,,,,,,,,,,,,
SV021,L,182,3,3,0,1,3,Fixation,,,,,,,,,,,,
SV021,L,183,2,2,0,0,2,Fixation,,,,,,,,,,,,
SV021,L,184,2,0,0,1,2,Fixation,,,,,,,,,,,,
SV021,L,185,2,0,1,0,3,Fixation,,,,,,,,,,,,
SV021,L,186,2,2,0,1,2,Fixation,,,,,,,,,,,,
SV021,L,187,2,3,1,0,3,Fixation,,,,,,,,,,,,
SV021,L,188,2,2,1,1,2,Fixation,,,,,,,,,,,,
SV021,L,189,2,0,1,1,2,Fixation,,,,,,,,,,,,
SV021,L,190,2,0,0,0,3,Fixation,,,,,,,,,,,,
SV021,L,191,3,3,0,1,3,Fixation,,,,,,,,,,,,
SV021,L,192,2,0,1,0,3,Fixation,,,,,,,,,,,,
SV021,L,193,3,3,0,1,3,Fixation,,,,,,,,,,,,
SV021,L,194,3,2,1,1,2,Fixation,,,,,,,,,,,,
SV021,L,195,2,0,1,1,3,Fixation,,,,,,,,,,,,
SV021,L,196,2,3,1,0,3,Fixation,,,,,,,,,,,,
SV021,L,197,3,2,1,0,2,Fixation,,,,,,,,,,,,
SV021,L,198,2,2,1,1,2,Fixation,,,,,,,,,,,,
SV021,L,199,2,0,0,0,2,Fixation,,,,,,,,,,,,
SV021,L,200,3,3,0,0,3,Fixation,,,,,,,,,,,,
SV021,L,201,3,2,1,0,2,Fixation,,,,,,,,,,,,
SV021,L,202,2,0,0,1,3,Fixation,,,,,,,,,,,,
SV021,L,203,2,2,0,0,2,Fixation,,,,,,,,,,,,
SV021,L,204,3,0,1,0,3,Fixation,,,,,,,,,,,,
SV021,L,205,3,2,0,1,2,Fixation,,,,,,,,,,,,
SV021,L,206,2,3,1,1,3,Fixation,,,,,,,,,,,,
SV021,L,207,2,2,0,0,2,Fixation,,,,,,,,,,,,
SV021,L,208,2,0,1,0,3,Fixation,,,,,,,,,,,,
SV021,L,209,2,2,0,1,2,Fixation,,,,,,,,,,,,
SV021,L,210,3,2,1,0,2,Fixation,,,,,,,,,,,,
SV021,L,211,2,2,1,1,2,Fixation,,,,,,,,,,,,
SV021,L,212,3,3,1,1,3,Fixation,,,,,,,,,,,,
SV021,L,213,2,3,0,0,3,Fixation,,,,,,,,,,,,
SV021,L,214,2,2,0,0,2,Fixation,,,,,,,,,,,,
SV021,L,215,3,3,1,0,3,Fixation,,,,,,,,,,,,
SV021,L,216,2,2,0,1,2,Fixation,,,,,,,,,,,,
SV021,L,217,3,2,1,1,2,Fixation,,,,,,,,,,,,
SV021,L,218,3,3,1,1,3,Fixation,,,,,,,,,,,,
SV021,L,219,3,3,1,0,3,Fixation,,,,,,,,,,,,
SV021,L,220,2,3,0,0,3,Fixation,,,,,,,,,,,,
SV021,L,221,2,3,0,0,3,Fixation,,,,,,,,,,,,
SV021,L,222,2,0,1,0,3,Fixation,,,,,,,,,,,,
SV021,L,223,3,3,1,0,3,Fixation,,,,,,,,,,,,
SV021,L,224,3,2,0,0,3,Fixation,,,,,,,,,,,,
SV021,L,225,2,3,0,1,3,Fixation,,,,,,,,,,,,
SV021,L,226,3,2,0,1,2,Fixation,,,,,,,,,,,,
SV021,L,227,2,3,1,1,3,Fixation,,,,,,,,,,,,
SV021,L,228,2,2,1,0,2,Fixation,,,,,,,,,,,,
SV021,L,229,3,2,1,0,2,Fixation,,,,,,,,,,,,
SV021,L,230,3,2,1,1,2,Fixation,,,,,,,,,,,,
SV021,L,231,3,0,1,1,3,Fixation,,,,,,,,,,,,
SV021,L,232,2,3,1,1,3,Fixation,,,,,,,,,,,,
SV021,L,233,3,3,1,1,3,Fixation,,,,,,,,,,,,
SV021,L,234,2,3,0,1,3,Fixation,,,,,,,,,,,,
SV021,L,235,2,2,1,1,2,Fixation,,,,,,,,,,,,
SV021,L,236,2,3,0,1,3,Fixation,,,,,,,,,,,,
SV021,L,237,2,2,0,0,2,Fixation,,,,,,,,,,,,
SV021,L,238,3,2,0,0,2,Fixation,,,,,,,,,,,,
SV021,L,239,3,0,1,0,3,Fixation,,,,,,,,,,,,
SV021,L,240,2,0,0,0,3,Fixation,,,,,,,,,,,,
SV021,L,241,3,2,1,0,2,Fixation,,,,,,,,,,,,
SV021,L,242,3,0,1,0,0,Fixation,,,,,,,,,,,,
SV021,L,243,2,3,1,0,3,Fixation,,,,,,,,,,,,
SV021,L,244,3,3,1,1,3,Fixation,,,,,,,,,,,,
SV021,L,245,2,3,0,1,3,Fixation,,,,,,,,,,,,
SV021,L,246,2,2,1,1,2,Fixation,,,,,,,,,,,,
SV021,L,247,2,0,0,0,0,Fixation,,,,,,,,,,,,
SV021,L,248,3,3,1,1,3,Fixation,,,,,,,,,,,,
SV021,L,249,3,0,1,0,0,Fixation,,,,,,,,,,,,
SV021,L,250,2,3,1,1,3,Fixation,,,,,,,,,,,,
SV021,L,251,2,3,0,1,3,Fixation,,,,,,,,,,,,
SV021,L,252,2,0,1,0,0,Fixation,,,,,,,,,,,,
SV021,L,253,2,0,0,1,0,Fixation,,,,,,,,,,,,
SV021,L,254,2,0,1,0,0,Fixation,,,,,,,,,,,,
SV021,L,255,3,2,1,0,2,Fixation,,,,,,,,,,,,
SV021,L,256,3,0,0,1,0,Fixation,,,,,,,,,,,,
SV021,L,257,2,0,0,1,0,Fixation,,,,,,,,,,,,
SV021,L,258,2,0,1,0,0,Fixation,,,,,,,,,,,,
SV021,L,259,3,3,0,1,3,Fixation,,,,,,,,,,,,
SV021,L,260,3,0,0,0,0,Fixation,,,,,,,,,,,,
SV021,L,261,3,3,1,1,3,Fixation,,,,,,,,,,,,
SV021,L,262,2,3,0,1,3,Fixation,,,,,,,,,,,,
SV021,L,263,2,0,1,1,0,Fixation,,,,,,,,,,,,
SV021,L,264,3,2,0,1,2,Fixation,,,,,,,,,,,,
SV021,L,265,2,3,1,0,3,Fixation,,,,,,,,,,,,
SV021,L,266,2,0,1,1,0,Fixation,,,,,,,,,,,,
SV021,L,267,3,3,1,1,3,Fixation,,,,,,,,,,,,
SV021,L,268,3,2,0,0,2,Fixation,,,,,,,,,,,,
SV021,L,269,2,0,0,0,0,Fixation,,,,,,,,,,,,
SV021,L,270,2,0,0,0,0,Fixation,,,,,,,,,,,,
SV021,L,271,2,2,1,0,2,Fixation,,,,,,,,,,,,
SV021,L,272,2,2,1,1,2,Fixation,,,,,,,,,,,,
SV021,L,273,2,0,0,1,0,Fixation,,,,,,,,,,,,
SV021,L,274,3,2,1,0,2,Fixation,,,,,,,,,,,,
SV021,L,275,3,2,0,1,2,Fixation,,,,,,,,,,,,
SV021,L,276,2,3,0,0,3,Fixation,,,,,,,,,,,,
SV021,L,277,3,3,1,1,3,Fixation,,,,,,,,,,,,
SV021,L,278,2,2,1,0,2,Fixation,,,,,,,,,,,,
SV021,L,279,2,2,0,1,2,Fixation,,,,,,,,,,,,
SV021,L,280,2,3,0,0,3,Fixation,,,,,,,,,,,,
SV021,L,281,2,3,1,0,3,Fixation,,,,,,,,,,,,
SV021,L,282,3,2,1,0,2,Fixation,,,,,,,,,,,,
SV021,L,283,2,3,0,0,3,Fixation,,,,,,,,,,,,
SV021,L,284,3,0,1,1,0,Fixation,,,,,,,,,,,,
SV021,L,285,2,3,0,1,3,Fixation,,,,,,,,,,,,
SV021,L,286,3,2,0,0,2,Fixation,,,,,,,,,,,,
SV021,L,287,2,2,0,0,2,Fixation,,,,,,,,,,,,
SV021,L,288,2,0,0,0,0,Fixation,,,,,,,,,,,,
SV021,L,289,3,2,1,0,2,Fixation,,,,,,,,,,,,
SV021,L,290,2,0,1,1,0,Fixation,,,,,,,,,,,,
SV021,L,291,2,2,1,0,2,Fixation,,,,,,,,,,,,
SV021,L,292,3,2,0,0,2,Fixation,,,,,,,,,,,,
SV021,L,293,3,0,1,0,0,Fixation,,,,,,,,,,,,
SV021,L,294,2,3,0,0,3,Fixation,,,,,,,,,,,,
SV021,L,295,3,0,0,0,0,Fixation,,,,,,,,,,,,
SV021,L,296,2,0,0,1,0,Fixation,,,,,,,,,,,,
SV021,L,297,3,3,0,1,3,Fixation,,,,,,,,,,,,
SV021,L,298,3,0,0,0,0,Fixation,,,,,,,,,,,,
SV021,L,299,3,3,1,1,3,Fixation,,,,,,,,,,,,
SV021,L,300,3,3,1,0,3,Fixation,,,,,,,,,,,,
SV021,L,301,3,0,1,1,0,Fixation,,,,,,,,,,,,
SV021,L,302,2,2,1,1,2,Fixation,,,,,,,,,,,,
SV021,L,303,3,3,1,1,3,Fixation,,,,,,,,,,,,
SV021,L,304,3,0,0,1,0,Fixation,,,,,,,,,,,,
SV021,L,305,3,3,0,0,3,Fixation,,,,,,,,,,,,
SV021,L,306,2,3,1,0,3,Fixation,,,,,,,,,,,,
SV021,L,307,3,3,0,1,3,Fixation,,,,,,,,,,,,
SV021,L,308,3,3,0,0,3,Fixation,,,,,,,,,,,,
SV021,L,309,3,2,0,1,2,Fixation,,,,,,,,,,,,
SV021,L,310,3,0,1,1,0,Fixation,,,,,,,,,,,,
SV021,L,311,2,0,1,0,0,Fixation,,,,,,,,,,,,
SV021,L,312,2,3,0,0,3,Fixation,,,,,,,,,,,,
SV021,L,313,3,2,1,1,2,Fixation,,,,,,,,,,,,
SV021,L,314,3,2,0,1,2,Fixation,,,,,,,,,,,,
SV021,L,315,3,0,1,0,0,Fixation,,,,,,,,,,,,
SV021,L,316,3,0,0,1,0,Fixation,,,,,,,,,,,,
SV021,L,317,2,2,1,1,2,Fixation,,,,,,,,,,,,
SV021,L,318,2,3,1,1,3,Fixation,,,,,,,,,,,,
SV021,L,319,2,0,1,0,0,Fixation,,,,,,,,,,,,
SV021,L,320,3,3,1,0,3,Fixation,,,,,,,,,,,,
SV021,L,321,3,0,1,1,0,Fixation,,,,,,,,,,,,
SV021,L,322,3,0,1,0,0,Fixation,,,,,,,,,,,,
SV021,L,323,3,2,0,0,2,Fixation,,,,,,,,,,,,
SV021,L,324,2,0,1,1,0,Fixation,,,,,,,,,,,,
SV021,L,325,2,3,0,0,3,Fixation,,,,,,,,,,,,
SV021,L,326,2,0,1,0,0,Fixation,,,,,,,,,,,,
SV021,L,327,2,3,0,0,3,Fixation,,,,,,,,,,,,
SV021,L,328,3,0,1,1,0,Fixation,,,,,,,,,,,,
SV021,L,329,3,3,1,0,3,Fixation,,,,,,,,,,,,
SV021,L,330,2,0,1,0,0,Fixation,,,,,,,,,,,,
SV021,L,331,2,2,1,0,2,Fixation,,,,,,,,,,,,
SV021,L,332,3,2,0,1,2,Fixation,,,,,,,,,,,,
SV021,L,333,3,0,0,0,0,Fixation,,,,,,,,,,,,
SV021,L,334,2,0,1,0,0,Fixation,,,,,,,,,,,,
SV021,L,335,2,0,0,0,0,Fixation,,,,,,,,,,,,
SV021,L,336,2,0,1,0,0,Fixation,,,,,,,,,,,,
SV021,L,337,3,2,1,1,2,Fixation,,,,,,,,,,,,
SV021,L,338,3,2,0,1,2,Fixation,,,,,,,,,,,,
SV021,L,339,3,0,1,0,0,Fixation,,,,,,,,,,,,
SV021,L,340,3,0,1,1,0,Fixation,,,,,,,,,,,,
SV021,L,341,3,2,0,0,2,Fixation,,,,,,,,,,,,
SV021,L,342,2,2,0,0,2,Fixation,,,,,,,,,,,,
SV021,L,343,2,2,1,0,2,Fixation,,,,,,,,,,,,
SV021,L,344,2,2,0,1,2,Fixation,,,,,,,,,,,,
SV021,L,345,3,0,0,1,0,Fixation,,,,,,,,,,,,
SV021,L,346,3,0,0,0,0,Fixation,,,,,,,,,,,,
SV021,L,347,2,0,0,1,0,Fixation,,,,,,,,,,,,
SV021,L,348,3,3,0,1,3,Fixation,,,,,,,,,,,,
SV021,L,349,3,2,0,0,2,Fixation,,,,,,,,,,,,
SV021,L,350,2,0,0,0,0,Fixation,,,,,,,,,,,,
SV021,L,351,3,2,1,0,2,Fixation,,,,,,,,,,,,
SV021,L,352,3,3,1,0,3,Fixation,,,,,,,,,,,,
SV021,L,353,3,2,1,1,2,Fixation,,,,,,,,,,,,
SV021,L,354,2,3,0,1,3,Fixation,,,,,,,,,,,,
SV021,L,355,3,3,1,0,3,Fixation,,,,,,,,,,,,
SV021,L,356,3,0,1,0,0,Fixation,,,,,,,,,,,,
SV021,L,357,2,2,1,1,2,Fixation,,,,,,,,,,,,
SV021,L,358,2,3,0,0,3,Fixation,,,,,,,,,,,,
SV021,L,359,2,3,1,0,3,Fixation,,,,,,,,,,,,
SV021,L,360,2,0,0,1,0,Fixation,,,,,,,,,,,,
SV021,L,361,2,3,1,1,3,Fixation,,,,,,,,,,,,
SV021,L,362,2,0,1,1,0,Fixation,,,,,,,,,,,,
SV021,L,363,2,2,0,1,2,Fixation,,,,,,,,,,,,
SV021,L,364,3,2,0,1,2,Fixation,,,,,,,,,,,,
SV021,L,365,2,3,0,1,3,Fixation,,,,,,,,,,,,
SV021,L,366,2,2,0,1,2,Fixation,,,,,,,,,,,,
SV021,L,367,2,3,1,0,3,Fixation,,,,,,,,,,,,
SV021,L,368,3,2,0,1,2,Fixation,,,,,,,,,,,,
SV021,L,369,3,3,0,1,3,Fixation,,,,,,,,,,,,
SV021,L,370,3,3,0,1,3,Fixation,,,,,,,,,,,,
SV021,L,371,2,3,0,0,3,Fixation,,,,,,,,,,,,
SV021,L,372,3,0,0,0,0,Fixation,,,,,,,,,,,,
SV021,L,373,2,2,1,0,2,Fixation,,,,,,,,,,,,
SV021,L,374,2,2,0,0,2,Fixation,,,,,,,,,,,,
SV021,L,375,3,2,0,0,2,Fixation,,,,,,,,,,,,
SV021,L,376,2,2,0,1,2,Fixation,,,,,,,,,,,,
SV021,L,377,3,2,1,1,2,Fixation,,,,,,,,,,,,
SV021,L,378,3,2,1,1,2,Fixation,,,,,,,,,,,,
SV021,L,379,2,2,0,0,2,Fixation,,,,,,,,,,,,
SV021,L,380,3,2,1,1,2,Fixation,,,,,,,,,,,,
SV021,L,381,3,0,1,1,0,Fixation,,,,,,,,,,,,
SV021,L,382,3,2,1,0,2,Fixation,,,,,,,,,,,,
SV021,L,383,3,3,0,0,3,Fixation,,,,,,,,,,,,
SV021,L,384,3,0,1,0,0,Fixation,,,,,,,,,,,,
SV021,L,385,2,0,1,1,0,Fixation,,,,,,,,,,,,
SV021,L,386,3,3,0,1,3,Fixation,,,,,,,,,,,,
SV021,L,387,3,2,1,1,2,Fixation,,,,,,,,,,,,
SV021,L,388,2,2,1,1,2,Fixation,,,,,,,,,,,,
SV021,L,389,2,3,1,0,3,Fixation,,,,,,,,,,,,
SV021,L,390,3,3,0,0,3,Fixation,,,,,,,,,,,,
SV021,L,391,3,0,0,1,0,Fixation,,,,,,,,,,,,
SV021,L,392,3,2,1,1,2,Fixation,,,,,,,,,,,,
SV021,L,393,3,3,0,0,3,Fixation,,,,,,,,,,,,
SV021,L,394,2,2,0,0,2,Fixation,,,,,,,,,,,,
SV021,L,395,3,0,0,0,0,Fixation,,,,,,,,,,,,
SV021,L,396,2,2,0,1,2,Fixation,,,,,,,,,,,,
SV021,L,397,2,2,1,1,2,Fixation,,,,,,,,,,,,
SV021,L,398,3,0,0,1,0,Fixation,,,,,,,,,,,,
SV021,L,399,2,2,1,0,2,Fixation,,,,,,,,,,,,
SV021,L,400,2,2,0,1,2,Fixation,,,,,,,,,,,,
SV021,L,401,3,3,0,0,3,Fixation,,,,,,,,,,,,
SV021,L,402,3,3,0,0,3,Fixation,,,,,,,,,,,,
SV021,L,403,2,2,0,0,2,Fixation,,,,,,,,,,,,
SV021,L,404,2,2,0,0,2,Fixation,,,,,,,,,,,,
SV021,L,405,3,2,1,0,2,Fixation,,,,,,,,,,,,
SV021,L,406,2,0,0,0,0,Fixation,,,,,,,,,,,,
SV021,L,407,3,3,0,1,4,Fixation,,,,,,,,,,,,
SV021,L,408,3,3,1,0,3,Fixation,,,,,,,,,,,,
SV021,L,409,3,0,0,1,0,Fixation,,,,,,,,,,,,
SV021,L,410,3,2,0,0,2,Fixation,,,,,,,,,,,,
SV021,L,411,2,0,1,1,0,Fixation,,,,,,,,,,,,
SV021,L,412,2,2,0,1,2,Fixation,,,,,,,,,,,,
SV021,L,413,3,3,0,0,3,Fixation,,,,,,,,,,,,
SV021,L,414,3,0,1,0,0,Fixation,,,,,,,,,,,,
SV021,L,415,3,3,1,1,3,Fixation,,,,,,,,,,,,
SV021,L,416,2,0,0,0,0,Fixation,,,,,,,,,,,,
SV021,L,417,2,3,1,1,4,Fixation,,,,,,,,,,,,
SV021,L,418,3,0,1,1,0,Fixation,,,,,,,,,,,,
SV021,L,419,2,0,0,0,0,Fixation,,,,,,,,,,,,
SV021,L,420,3,3,0,0,4,Fixation,,,,,,,,,,,,
SV021,L,421,2,0,0,1,0,Fixation,,,,,,,,1.0,1.0,82.0,82.0,16.0
SV021,L,422,2,2,1,1,2,Fixation,,,,,,,,,,,,
SV021,L,423,3,0,0,1,0,Fixation,,,,,,,,,,,,
SV021,L,424,2,3,1,1,3,Fixation,,,,,,,,,,,,
SV021,L,425,3,3,1,0,3,Fixation,,,,,,,,,,,,
SV021,L,426,2,3,0,1,3,Fixation,,,,,,,,,,,,
SV021,L,427,3,3,1,1,3,Fixation,,,,,,,,,,,,
SV021,L,428,2,2,1,0,2,Fixation,,,,,,,,,,,,
SV021,L,429,3,3,1,0,3,Fixation,,,,,,,,,,,,
SV021,L,430,2,3,1,1,3,Fixation,,,,,,,,,,,,
SV021,L,431,3,0,0,0,0,Fixation,,,,,,,,,,,,
SV021,L,432,3,3,1,0,3,Fixation,,,,,,,,,,,,
SV021,L,433,3,0,0,0,0,Fixation,,,,,,,,,,,,
SV021,L,434,3,0,0,1,0,Fixation,,,,,,,,,,,,
SV021,L,435,2,0,1,1,0,Fixation,,,,,,,,,,,,
SV021,L,436,3,2,1,0,2,Fixation,,,,,,,,,,,,
SV021,L,437,3,2,1,0,2,Fixation,,,,,,,,,,,,
SV021,L,438,2,3,1,1,3,Fixation,,,,,,,,,,,,
SV021,L,439,2,3,0,1,3,Fixation,,,,,,,,,,,,
SV021,L,440,2,3,1,0,3,Fixation,,,,,,,,,,,,
SV021,L,441,2,0,0,1,0,Fixation,,,,,,,,,,,,
SV021,L,442,2,2,0,1,2,Fixation,,,,,,,,,,,,
SV021,L,443,3,3,1,1,3,Fixation,,,,,,,,,,,,
SV021,L,444,2,0,0,1,0,Fixation,,,,,,,,,,,,
SV021,L,445,3,3,0,1,3,Fixation,,,,,,,,,,,,
SV021,L,446,3,0,1,1,0,Fixation,,,,,,,,,,,,
SV021,L,447,2,3,0,1,3,Fixation,,,,,,,,,,,,
SV021,L,448,2,2,1,0,2,Fixation,,,,,,,,,,,,
SV021,L,449,3,3,0,0,3,Fixation,,,,,,,,,,,,
SV021,L,450,3,2,0,0,2,Fixation,,,,,,,,1.8,1.8,0.0,0.0,28.0
SV021,L,451,3,3,1,0,3,Fixation,,,,,,,,,,,,
SV021,L,452,2,0,0,0,0,Fixation,,,,,,,,,,,,
SV021,L,453,2,3,1,1,3,Fixation,,,,,,,,,,,,
SV021,L,454,3,0,0,1,0,Fixation,,,,,,,,,,,,
SV021,L,455,3,2,1,1,2,Fixation,,,,,,,,,,,,
SV021,L,456,2,3,0,0,3,Fixation,,,,,,,,,,,,
SV021,L,457,2,0,1,1,0,Fixation,,,,,,,,,,,,
SV021,L,458,2,2,0,1,2,Fixation,,,,,,,,,,,,
SV021,L,459,2,0,1,1,0,Fixation,,,,,,,,,,,,
SV021,L,460,2,3,1,1,3,Fixation,,,,,,,,,,,,
SV021,L,461,2,3,1,1,3,Fixation,,,,,,,,,,,,
SV021,L,462,3,0,1,1,0,Fixation,,,,,,,,,,,,
SV021,L,463,2,2,1,1,2,Fixation,,,,,,,,,,,,
SV021,L,464,3,0,1,0,0,Fixation,,,,,,,,,,,,
SV021,L,465,3,2,0,0,2,Fixation,,,,,,,,,,,,
SV021,L,466,2,3,1,0,3,Fixation,,,,,,,,,,,,
SV021,L,467,2,3,1,0,3,Fixation,,,,,,,,,,,,
SV021,L,468,3,3,0,1,3,Fixation,,,,,,,,,,,,
SV021,L,469,3,0,0,0,0,Fixation,,,,,,,,,,,,
SV021,L,470,2,2,1,0,2,Fixation,,,,,,,,,,,,
SV021,L,471,3,2,0,1,2,Fixation,,,,,,,,,,,,
SV021,L,472,3,2,0,1,2,Fixation,,,,,,,,,,,,
SV021,L,473,2,0,0,1,0,Fixation,,,,,,,,,,,,
SV021,L,474,2,3,0,1,3,Fixation,,,,,,,,,,,,
SV021,L,475,2,2,0,0,2,Fixation,,,,,,,,,,,,
SV021,L,476,3,2,1,1,2,Fixation,,,,,,,,,,,,
SV021,L,477,2,2,0,0,2,Fixation,,,,,,,,,,,,
SV021,L,478,2,0,1,0,0,Fixation,,,,,,,,,,,,
SV021,L,479,2,2,1,1,2,Fixation,,,,,,,,,,,,
SV021,L,480,2,2,0,0,2,Fixation,,,,,,,,,,,,
SV021,R,1,2,2,0,0,2,Fixation,,,,,,,,,,,,
SV021,R,2,3,0,0,0,3,Fixation,,,,,,,,,,,,
SV021,R,3,3,0,1,1,2,Fixation,,,,,,,,,,,,
SV021,R,4,2,3,0,1,3,Fixation,,,,,,,,,,,,
SV021,R,5,3,2,1,0,2,Fixation,,,,,,,,,,,,
SV021,R,6,3,0,0,1,3,Fixation,,,,,,,,,,,,
SV021,R,7,3,3,1,1,3,Fixation,,,,,,,,,,,,
SV021,R,8,3,0,1,1,3,Fixation,,,,,,,,,,,,
SV021,R,9,2,0,0,1,3,Fixation,,,,,,,,,,,,
SV021,R,10,3,3,1,1,3,Fixation,,,,,,,,,,,,
SV021,R,11,3,2,0,1,2,Fixation,,,,,,,,,,,,
SV021,R,12,3,2,0,0,2,Fixation,,,,,,,,,,,,
SV021,R,13,3,2,1,0,2,Fixation,,,,,,,,,,,,
SV021,R,14,2,2,1,0,2,Fixation,,,,,,,,,,,,
SV021,R,15,3,2,1,0,2,Fixation,,,,,,,,,,,,
SV021,R,16,3,3,0,1,3,Fixation,,,,,,,,,,,,
SV021,R,17,2,3,1,1,3,Fixation,,,,,,,,,,,,
SV021,R,18,3,3,0,0,3,Fixation,,,,,,,,,,,,
SV021,R,19,3,2,0,1,2,Fixation,,,,,,,,,,,,
SV021,R,20,2,3,0,0,3,Fixation,,,,,,,,,,,,
SV021,R,21,2,3,1,0,3,Fixation,,,,,,,,,,,,
SV021,R,22,3,0,0,0,3,Fixation,,,,,,,,,,,,
SV021,R,23,2,3,1,1,3,Fixation,,,,,,,,,,,,
SV021,R,24,3,2,1,0,2,Fixation,,,,,,,,,,,,
SV021,R,25,3,0,0,0,3,Fixation,,,,,,,,,,,,
SV021,R,26,3,2,0,0,3,Fixation,,,,,,,,,,,,
SV021,R,27,3,3,0,1,3,Fixation,,,,,,,,,,,,
SV021,R,28,2,0,1,1,2,Fixation,,,,,,,,,,,,
SV021,R,29,2,2,1,1,2,Fixation,,,,,,,,,,,,
SV021,R,30,2,0,1,0,3,Fixation,,,,,,,,,,,,
SV021,R,31,3,0,1,0,3,Fixation,,,,,,,,,,,,
SV021,R,32,3,2,1,1,2,Fixation,,,,,,,,,,,,
SV021,R,33,3,3,1,1,3,Fixation,,,,,,,,,,,,
SV021,R,34,3,3,1,1,3,Fixation,,,,,,,,,,,,
SV021,R,35,3,3,0,1,3,Fixation,,,,,,,,,,,,
SV021,R,36,3,3,0,0,3,Fixation,,,,,,,,,,,,
SV021,R,37,2,2,1,0,2,Fixation,,,,,,,,,,,,
SV021,R,38,2,0,1,1,1,Fixation,,,,,,,,,,,,
SV021,R,39,3,0,0,1,2,Fixation,,,,,,,,,,,,
SV021,R,40,3,2,1,1,2,Fixation,,,,,,,,,,,,
SV021,R,41,2,0,1,0,2,Fixation,,,,,,,,,,,,
SV021,R,42,2,0,1,1,1,Fixation,,,,,,,,,,,,
SV021,R,43,2,0,1,0,2,Fixation,,,,,,,,,,,,
SV021,R,44,3,2,0,1,3,Fixation,,,,,,,,,,,,
SV021,R,45,2,0,1,0,2,Fixation,,,,,,,,,,,,
SV021,R,46,3,2,0,0,3,Fixation,,,,,,,,,,,,
SV021,R,47,3,3,1,0,3,Fixation,,,,,,,,,,,,
SV021,R,48,3,0,0,1,3,Fixation,,,,,,,,,,,,
SV021,R,49,3,3,1,0,3,Fixation,,,,,,,,,,,,
SV021,R,50,3,3,0,0,3,Fixation,,,,,,,,,,,,
SV021,R,51,3,3,1,1,3,Fixation,,,,,,,,,,,,
SV021,R,52,2,2,1,0,2,Fixation,,,,,,,,,,,,
SV021,R,53,2,3,1,1,3,Fixation,,,,,,,,,,,,
SV021,R,54,3,2,1,1,2,Fixation,,,,,,,,,,,,
SV021,R,55,3,3,0,0,3,Fixation,,,,,,,,,,,,
SV021,R,56,2,0,0,1,3,Fixation,,,,,,,,,,,,
SV021,R,57,2,2,1,0,2,Fixation,,,,,,,,,,,,
SV021,R,58,3,0,1,1,2,Fixation,,,,,,,,,,,,
SV021,R,59,3,3,0,1,3,Fixation,,,,,,,,,,,,
SV021,R,60,3,2,0,1,2,Fixation,,,,,,,,,,,,
SV021,R,61,3,3,0,0,3,Fixation,,,,,,,,,,,,
SV021,R,62,3,3,1,1,3,Fixation,,,,,,,,,,,,
SV021,R,63,3,0,0,0,3,Fixation,,,,,,,,,,,,
SV021,R,64,2,2,0,1,2,Fixation,,,,,,,,,,,,
SV021,R,65,2,3,1,1,3,Fixation,,,,,,,,,,,,
SV021,R,66,2,3,0,0,3,Fixation,,,,,,,,,,,,
SV021,R,67,3,0,0,0,3,Fixation,,,,,,,,,,,,
SV021,R,68,2,3,0,1,3,Fixation,,,,,,,,,,,,
SV021,R,69,2,0,0,0,3,Fixation,,,,,,,,,,,,
SV021,R,70,2,3,1,1,3,Fixation,,,,,,,,,,,,
SV021,R,71,2,3,0,1,3,Fixation,,,,,,,,,,,,
SV021,R,72,3,0,0,1,3,Fixation,,,,,,,,,,,,
SV021,R,73,3,3,1,1,3,Fixation,,,,,,,,,,,,
SV021,R,74,3,3,1,0,3,Fixation,,,,,,,,,,,,
SV021,R,75,3,0,1,0,3,Fixation,,,,,,,,,,,,
SV021,R,76,3,2,0,0,2,Fixation,,,,,,,,,,,,
SV021,R,77,3,3,0,1,3,Fixation,,,,,,,,,,,,
SV021,R,78,3,2,0,0,3,Fixation,,,,,,,,,,,,
SV021,R,79,2,0,1,0,3,Fixation,,,,,,,,,,,,
SV021,R,80,2,2,0,1,2,Fixation,,,,,,,,,,,,
SV021,R,81,3,2,1,0,2,Fixation,,,,,,,,,,,,
SV021,R,82,2,0,0,1,3,Fixation,,,,,,,,,,,,
SV021,R,83,3,3,0,0,3,Fixation,,,,,,,,,,,,
SV021,R,84,3,2,1,0,2,Fixation,,,,,,,,,,,,
SV021,R,85,3,0,0,0,3,Fixation,,,,,,,,,,,,
SV021,R,86,2,3,1,1,3,Fixation,,,,,,,,,,,,
SV021,R,87,3,3,1,0,3,Fixation,,,,,,,,,,,,
SV021,R,88,2,3,0,1,3,Fixation,,,,,,,,,,,,
SV021,R,89,3,0,1,0,3,Fixation,,,,,,,,,,,,
SV021,R,90,3,2,1,1,2,Fixation,,,,,,,,,,,,
SV021,R,91,2,3,1,1,3,Fixation,,,,,,,,,,,,
SV021,R,92,2,0,0,1,1,Fixation,,,,,,,,,,,,
SV021,R,93,2,2,0,1,2,Fixation,,,,,,,,,,,,
SV021,R,94,2,2,1,1,2,Fixation,,,,,,,,,,,,
SV021,R,95,2,2,0,1,2,Fixation,,,,,,,,,,,,
SV021,R,96,2,0,0,1,1,Fixation,,,,,,,,,,,,
SV021,R,97,3,2,0,1,2,Fixation,,,,,,,,,,,,
SV021,R,98,2,0,1,1,2,Fixation,,,,,,,,,,,,
SV021,R,99,2,3,1,0,3,Fixation,,,,,,,,,,,,
SV021,R,100,3,0,1,0,3,Fixation,,,,,,,,,,,,
SV021,R,101,3,2,0,1,2,Fixation,,,,,,,,,,,,
SV021,R,102,2,2,0,1,3,Fixation,,,,,,,,,,,,
SV021,R,103,2,3,0,1,3,Fixation,,,,,,,,,,,,
SV021,R,104,2,0,1,0,3,Fixation,,,,,,,,,,,,
SV021,R,105,3,3,0,0,3,Fixation,,,,,,,,,,,,
SV021,R,106,2,2,0,1,3,Fixation,,,,,,,,,,,,
SV021,R,107,2,0,0,1,3,Fixation,,,,,,,,,,,,
SV021,R,108,3,2,1,1,2,Fixation,,,,,,,,,,,,
SV021,R,109,3,0,1,0,3,Fixation,,,,,,,,,,,,
SV021,R,110,2,2,1,1,2,Fixation,,,,,,,,,,,,
SV021,R,111,3,3,0,0,3,Fixation,,,,,,,,,,,,
SV021,R,112,3,2,1,0,2,Fixation,,,,,,,,,,,,
SV021,R,113,3,3,1,0,3,Fixation,,,,,,,,,,,,
SV021,R,114,3,3,0,0,3,Fixation,,,,,,,,,,,,
SV021,R,115,2,0,0,0,3,Fixation,,,,,,,,,,,,
SV021,R,116,3,0,1,1,2,Fixation,,,,,,,,,,,,
SV021,R,117,2,0,1,1,3,Fixation,,,,,,,,,,,,
SV021,R,118,3,0,1,1,2,Fixation,,,,,,,,,,,,
SV021,R,119,3,0,1,1,3,Fixation,,,,,,,,,,,,
SV021,R,120,2,3,1,0,3,Fixation,,,,,,,,,,,,
SV021,R,121,2,0,1,0,2,Fixation,,,,,,,,,,,,
SV021,R,122,2,0,0,0,3,Fixation,,,,,,,,,,,,
SV021,R,123,3,3,1,1,3,Fixation,,,,,,,,,,,,
SV021,R,124,3,3,0,1,3,Fixation,,,,,,,,,,,,
SV021,R,125,2,0,1,0,3,Fixation,,,,,,,,,,,,
SV021,R,126,2,2,1,1,2,Fixation,,,,,,,,,,,,
SV021,R,127,3,3,1,0,3,Fixation,,,,,,,,,,,,
SV021,R,128,2,0,1,1,3,Fixation,,,,,,,,,,,,
SV021,R,129,2,0,1,1,3,Fixation,,,,,,,,,,,,
SV021,R,130,2,3,0,0,3,Fixation,,,,,,,,,,,,
SV021,R,131,2,2,1,1,2,Fixation,,,,,,,,,,,,
SV021,R,132,2,2,1,0,2,Fixation,,,,,,,,,,,,
SV021,R,133,3,0,1,1,3,Fixation,,,,,,,,,,,,
SV021,R,134,3,0,1,1,3,Fixation,,,,,,,,,,,,
SV021,R,135,3,3,1,0,3,Fixation,,,,,,,,,,,,
SV021,R,136,3,0,1,1,3,Fixation,,,,,,,,,,,,
SV021,R,137,3,0,1,0,3,Fixation,,,,,,,,,,,,
SV021,R,138,2,0,1,0,3,Fixation,,,,,,,,,,,,
SV021,R,139,3,2,0,0,2,Fixation,,,,,,,,,,,,
SV021,R,140,3,3,0,1,3,Fixation,,,,,,,,,,,,
SV021,R,141,3,0,0,1,3,Fixation,,,,,,,,,,,,
SV021,R,142,2,3,0,0,3,Fixation,,,,,,,,,,,,
SV021,R,143,2,3,0,0,3,Fixation,,,,,,,,,,,,
SV021,R,144,2,0,0,0,3,Fixation,,,,,,,,,,,,
SV021,R,145,2,0,0,0,3,Fixation,,,,,,,,,,,,
SV021,R,146,2,3,0,0,3,Fixation,,,,,,,,,,,,
SV021,R,147,2,2,1,1,2,Fixation,,,,,,,,,,,,
SV021,R,148,2,3,1,0,3,Fixation,,,,,,,,,,,,
SV021,R,149,3,0,0,0,3,Fixation,,,,,,,,,,,,
SV021,R,150,2,0,0,0,2,Fixation,,,,,,,,,,,,
SV021,R,151,3,0,1,1,3,Fixation,,,,,,,,,,,,
SV021,R,152,3,3,0,1,3,Fixation,,,,,,,,,,,,
SV021,R,153,2,0,0,0,3,Fixation,,,,,,,,,,,,
SV021,R,154,2,2,1,1,2,Fixation,,,,,,,,,,,,
SV021,R,155,3,2,1,1,2,Fixation,,,,,,,,,,,,
SV021,R,156,3,2,1,1,2,Fixation,,,,,,,,,,,,
SV021,R,157,3,0,0,1,1,Fixation,,,,,,,,,,,,
SV021,R,158,3,0,1,0,3,Fixation,,,,,,,,,,,,
SV021,R,159,2,2,0,0,2,Fixation,,,,,,,,,,,,
SV021,R,160,3,0,1,0,3,Fixation,,,,,,,,,,,,
SV021,R,161,2,2,0,0,2,Fixation,,,,,,,,,,,,
SV021,R,162,2,3,0,1,3,Fixation,,,,,,,,,,,,
SV021,R,163,2,3,1,1,3,Fixation,,,,,,,,,,,,
SV021,R,164,3,2,0,0,3,Fixation,,,,,,,,,,,,
SV021,R,165,2,3,1,0,3,Fixation,,,,,,,,,,,,
SV021,R,166,2,3,0,1,3,Fixation,,,,,,,,,,,,
SV021,R,167,2,2,0,1,2,Fixation,,,,,,,,,,,,
SV021,R,168,3,2,1,1,2,Fixation,,,,,,,,,,,,
SV021,R,169,2,2,1,1,2,Fixation,,,,,,,,,,,,
SV021,R,170,2,3,1,0,3,Fixation,,,,,,,,,,,,
SV021,R,171,2,0,0,1,3,Fixation,,,,,,,,,,,,
SV021,R,172,3,0,1,0,3,Fixation,,,,,,,,,,,,
SV021,R,173,3,0,0,1,3,Fixation,,,,,,,,,,,,
SV021,R,174,2,3,0,0,3,Fixation,,,,,,,,,,,,
SV021,R,175,3,0,0,0,3,Fixation,,,,,,,,,,,,
SV021,R,176,2,0,0,1,2,Fixation,,,,,,,,,,,,
SV021,R,177,3,2,0,1,2,Fixation,,,,,,,,,,,,
SV021,R,178,2,2,0,0,2,Fixation,,,,,,,,,,,,
SV021,R,179,2,0,1,1,2,Fixation,,,,,,,,,,,,
SV021,R,180,3,3,0,0,3,Fixation,,,,,,,,,,,,
SV021,R,181,2,0,1,0,3,Fixation,,,,,,,,,,,,
SV021,R,182,2,2,0,1,2,Fixation,,,,,,,,,,,,
SV021,R,183,2,3,0,1,3,Fixation,,,,,,,,,,,,
SV021,R,184,2,0,1,1,3,Fixation,,,,,,,,,,,,
SV021,R,185,3,3,1,0,3,Fixation,,,,,,,,,,,,
SV021,R,186,2,3,1,0,3,Fixation,,,,,,,,,,,,
SV021,R,187,2,3,0,0,3,Fixation,,,,,,,,,,,,
SV021,R,188,2,3,0,1,3,Fixation,,,,,,,,,,,,
SV021,R,189,2,3,1,1,3,Fixation,,,,,,,,,,,,
SV021,R,190,3,2,0,1,2,Fixation,,,,,,,,,,,,
SV021,R,191,2,3,1,0,3,Fixation,,,,,,,,,,,,
SV021,R,192,2,3,0,1,3,Fixation,,,,,,,,,,,,
SV021,R,193,2,2,0,0,2,Fixation,,,,,,,,,,,,
SV021,R,194,2,2,0,1,2,Fixation,,,,,,,,,,,,
SV021,R,195,2,2,0,0,2,Fixation,,,,,,,,,,,,
SV021,R,196,3,0,1,0,3,Fixation,,,,,,,,,,,,
SV021,R,197,2,2,0,1,2,Fixation,,,,,,,,,,,,
SV021,R,198,2,2,1,0,2,Fixation,,,,,,,,,,,,
SV021,R,199,2,2,1,0,2,Fixation,,,,,,,,,,,,
SV021,R,200,3,3,1,0,3,Fixation,,,,,,,,,,,,
SV021,R,201,3,2,1,1,2,Fixation,,,,,,,,,,,,
SV021,R,202,2,0,0,0,2,Fixation,,,,,,,,,,,,
SV021,R,203,2,3,1,0,3,Fixation,,,,,,,,,,,,
SV021,R,204,3,2,1,1,2,Fixation,,,,,,,,,,,,
SV021,R,205,3,2,1,0,2,Fixation,,,,,,,,,,,,
SV021,R,206,3,0,0,1,3,Fixation,,,,,,,,,,,,
SV021,R,207,3,0,0,1,2,Fixation,,,,,,,,,,,,
SV021,R,208,2,3,1,1,3,Fixation,,,,,,,,,,,,
SV021,R,209,2,2,1,0,2,Fixation,,,,,,,,,,,,
SV021,R,210,3,3,1,1,3,Fixation,,,,,,,,,,,,
SV021,R,211,2,3,0,0,3,Fixation,,,,,,,,,,,,
SV021,R,212,3,3,1,1,3,Fixation,,,,,,,,,,,,
SV021,R,213,2,3,0,0,3,Fixation,,,,,,,,,,,,
SV021,R,214,2,2,1,0,2,Fixation,,,,,,,,,,,,
SV021,R,215,2,0,0,1,1,Fixation,,,,,,,,,,,,
SV021,R,216,2,0,0,0,2,Fixation,,,,,,,,,,,,
SV021,R,217,3,2,0,0,2,Fixation,,,,,,,,,,,,
SV021,R,218,3,2,0,0,2,Fixation,,,,,,,,,,,,
SV021,R,219,3,3,1,0,3,Fixation,,,,,,,,,,,,
SV021,R,220,2,2,0,0,2,Fixation,,,,,,,,,,,,
SV021,R,221,3,0,0,0,3,Fixation,,,,,,,,,,,,
SV021,R,222,3,0,0,0,3,Fixation,,,,,,,,,,,,
SV021,R,223,2,2,0,0,2,Fixation,,,,,,,,,,,,
SV021,R,224,2,2,1,0,2,Fixation,,,,,,,,,,,,
SV021,R,225,3,3,0,1,3,Fixation,,,,,,,,,,,,
SV021,R,226,2,0,1,1,2,Fixation,,,,,,,,,,,,
SV021,R,227,3,2,0,1,2,Fixation,,,,,,,,,,,,
SV021,R,228,3,2,0,1,2,Fixation,,,,,,,,,,,,
SV021,R,229,3,0,0,1,3,Fixation,,,,,,,,,,,,
SV021,R,230,2,0,0,1,3,Fixation,,,,,,,,,,,,
SV021,R,231,2,2,1,1,2,Fixation,,,,,,,,,,,,
SV021,R,232,2,2,0,0,2,Fixation,,,,,,,,,,,,
SV021,R,233,3,3,0,1,3,Fixation,,,,,,,,,,,,
SV021,R,234,3,2,1,0,2,Fixation,,,,,,,,,,,,
SV021,R,235,2,0,0,0,3,Fixation,,,,,,,,,,,,
SV021,R,236,2,3,1,0,3,Fixation,,,,,,,,,,,,
SV021,R,237,2,2,0,0,2,Fixation,,,,,,,,,,,,
SV021,R,238,2,2,1,1,2,Fixation,,,,,,,,,,,,
SV021,R,239,3,2,0,0,2,Fixation,,,,,,,,0.7,0.7,83.0,83.0,12.0
SV021,R,240,3,2,1,0,2,Fixation,,,,,,,,,,,,
SV021,R,241,2,0,0,0,0,Fixation,,,,,,,,,,,,
SV021,R,242,2,3,1,1,3,Fixation,,,,,,,,,,,,
SV021,R,243,3,0,0,0,0,Fixation,,,,,,,,,,,,
SV021,R,244,3,0,0,1,0,Fixation,,,,,,,,,,,,
SV021,R,245,3,2,1,0,2,Fixation,,,,,,,,,,,,
SV021,R,246,2,0,0,0,0,Fixation,,,,,,,,,,,,
SV021,R,247,2,0,1,1,0,Fixation,,,,,,,,,,,,
SV021,R,248,2,0,1,1,0,Fixation,,,,,,,,,,,,
SV021,R,249,2,3,0,1,3,Fixation,,,,,,,,,,,,
SV021,R,250,2,3,0,0,3,Fixation,,,,,,,,,,,,
SV021,R,251,2,3,1,1,3,Fixation,,,,,,,,,,,,
SV021,R,252,2,2,1,1,2,Fixation,,,,,,,,,,,,
SV021,R,253,3,0,0,0,0,Fixation,,,,,,,,,,,,
SV021,R,254,2,0,0,1,0,Fixation,,,,,,,,,,,,
SV021,R,255,3,0,0,1,0,Fixation,,,,,,,,,,,,
SV021,R,256,3,2,1,1,2,Fixation,,,,,,,,,,,,
SV021,R,257,2,3,1,1,3,Fixation,,,,,,,,,,,,
SV021,R,258,2,2,1,0,2,Fixation,,,,,,,,,,,,
SV021,R,259,2,0,1,0,0,Fixation,,,,,,,,,,,,
SV021,R,260,2,2,0,1,2,Fixation,,,,,,,,,,,,
SV021,R,261,2,2,1,1,2,Fixation,,,,,,,,,,,,
SV021,R,262,2,3,1,0,3,Fixation,,,,,,,,,,,,
SV021,R,263,2,3,0,0,3,Fixation,,,,,,,,,,,,
SV021,R,264,3,2,1,0,2,Fixation,,,,,,,,,,,,
SV021,R,265,3,0,1,1,0,Fixation,,,,,,,,,,,,
SV021,R,266,2,2,1,0,2,Fixation,,,,,,,,,,,,
SV021,R,267,2,2,0,1,2,Fixation,,,,,,,,,,,,
SV021,R,268,2,2,1,0,2,Fixation,,,,,,,,,,,,
SV021,R,269,3,0,1,0,0,Fixation,,,,,,,,,,,,
SV021,R,270,3,3,1,1,3,Fixation,,,,,,,,,,,,
SV021,R,271,2,0,1,1,0,Fixation,,,,,,,,,,,,
SV021,R,272,2,0,0,0,0,Fixation,,,,,,,,,,,,
SV021,R,273,2,2,0,1,2,Fixation,,,,,,,,,,,,
SV021,R,274,2,3,1,0,3,Fixation,,,,,,,,,,,,
SV021,R,275,2,3,0,1,3,Fixation,,,,,,,,,,,,
SV021,R,276,3,2,1,0,2,Fixation,,,,,,,,,,,,
SV021,R,277,3,3,0,1,3,Fixation,,,,,,,,,,,,
SV021,R,278,2,0,0,0,0,Fixation,,,,,,,,,,,,
SV021,R,279,3,2,1,1,2,Fixation,,,,,,,,,,,,
SV021,R,280,2,3,0,1,3,Fixation,,,,,,,,,,,,
SV021,R,281,2,2,0,0,2,Fixation,,,,,,,,,,,,
SV021,R,282,2,3,0,1,3,Fixation,,,,,,,,,,,,
SV021,R,283,3,3,1,1,3,Fixation,,,,,,,,,,,,
SV021,R,284,3,2,1,1,2,Fixation,,,,,,,,,,,,
SV021,R,285,2,3,1,0,3,Fixation,,,,,,,,,,,,
SV021,R,286,3,0,1,0,0,Fixation,,,,,,,,,,,,
SV021,R,287,3,0,0,1,0,Fixation,,,,,,,,,,,,
SV021,R,288,3,3,0,1,3,Fixation,,,,,,,,,,,,
SV021,R,289,3,2,0,0,2,Fixation,,,,,,,,,,,,
SV021,R,290,3,2,1,0,2,Fixation,,,,,,,,,,,,
SV021,R,291,3,0,1,1,0,Fixation,,,,,,,,,,,,
SV021,R,292,3,3,1,1,3,Fixation,,,,,,,,,,,,
SV021,R,293,3,0,1,1,0,Fixation,,,,,,,,,,,,
SV021,R,294,3,0,1,0,0,Fixation,,,,,,,,,,,,
SV021,R,295,3,2,0,0,2,Fixation,,,,,,,,,,,,
SV021,R,296,3,3,1,1,3,Fixation,,,,,,,,,,,,
SV021,R,297,2,3,0,0,3,Fixation,,,,,,,,,,,,
SV021,R,298,3,0,1,1,0,Fixation,,,,,,,,,,,,
SV021,R,299,2,3,1,0,3,Fixation,,,,,,,,,,,,
SV021,R,300,2,3,1,0,3,Fixation,,,,,,,,,,,,
SV021,R,301,3,0,1,1,0,Fixation,,,,,,,,,,,,
SV021,R,302,3,0,1,0,0,Fixation,,,,,,,,,,,,
SV021,R,303,3,0,1,1,0,Fixation,,,,,,,,,,,,
SV021,R,304,3,3,0,0,3,Fixation,,,,,,,,,,,,
SV021,R,305,2,3,1,0,3,Fixation,,,,,,,,,,,,
SV021,R,306,2,0,0,1,0,Fixation,,,,,,,,,,,,
SV021,R,307,2,0,1,0,0,Fixation,,,,,,,,,,,,
SV021,R,308,3,2,1,0,2,Fixation,,,,,,,,,,,,
SV021,R,309,3,2,1,1,2,Fixation,,,,,,,,,,,,
SV021,R,310,3,3,0,0,3,Fixation,,,,,,,,,,,,
SV021,R,311,3,0,0,0,0,Fixation,,,,,,,,,,,,
SV021,R,312,3,2,1,1,2,Fixation,,,,,,,,,,,,
SV021,R,313,2,0,0,0,0,Fixation,,,,,,,,,,,,
SV021,R,314,2,3,0,0,3,Fixation,,,,,,,,,,,,
SV021,R,315,2,2,1,1,2,Fixation,,,,,,,,,,,,
SV021,R,316,3,2,0,1,2,Fixation,,,,,,,,,,,,
SV021,R,317,2,2,1,0,2,Fixation,,,,,,,,,,,,
SV021,R,318,2,0,1,1,0,Fixation,,,,,,,,,,,,
SV021,R,319,2,3,1,0,3,Fixation,,,,,,,,,,,,
SV021,R,320,3,2,0,1,2,Fixation,,,,,,,,,,,,
SV021,R,321,2,0,1,1,0,Fixation,,,,,,,,,,,,
SV021,R,322,2,3,1,1,3,Fixation,,,,,,,,,,,,
SV021,R,323,3,0,0,1,0,Fixation,,,,,,,,,,,,
SV021,R,324,3,3,1,1,3,Fixation,,,,,,,,,,,,
SV021,R,325,2,0,0,0,0,Fixation,,,,,,,,,,,,
SV021,R,326,3,3,1,1,3,Fixation,,,,,,,,,,,,
SV021,R,327,3,3,0,0,3,Fixation,,,,,,,,,,,,
SV021,R,328,3,2,1,1,2,Fixation,,,,,,,,,,,,
SV021,R,329,3,3,0,1,3,Fixation,,,,,,,,,,,,
SV021,R,330,3,0,0,0,0,Fixation,,,,,,,,,,,,
SV021,R,331,2,2,0,1,2,Fixation,,,,,,,,,,,,
SV021,R,332,3,3,0,1,3,Fixation,,,,,,,,,,,,
SV021,R,333,2,2,0,1,2,Fixation,,,,,,,,,,,,
SV021,R,334,2,3,1,1,3,Fixation,,,,,,,,,,,,
SV021,R,335,3,3,0,1,3,Fixation,,,,,,,,,,,,
SV021,R,336,3,0,0,1,0,Fixation,,,,,,,,,,,,
SV021,R,337,2,3,1,0,3,Fixation,,,,,,,,,,,,
SV021,R,338,2,2,1,0,3,Fixation,,,,,,,,,,,,
SV021,R,339,2,0,1,0,0,Fixation,,,,,,,,,,,,
SV021,R,340,3,2,0,1,2,Fixation,,,,,,,,,,,,
SV021,R,341,2,0,1,0,0,Fixation,,,,,,,,,,,,
SV021,R,342,3,0,0,0,0,Fixation,,,,,,,,,,,,
SV021,R,343,2,2,0,0,2,Fixation,,,,,,,,,,,,
SV021,R,344,2,2,1,1,2,Fixation,,,,,,,,,,,,
SV021,R,345,3,3,1,1,3,Fixation,,,,,,,,,,,,
SV021,R,346,3,3,0,0,3,Fixation,,,,,,,,,,,,
SV021,R,347,3,2,0,1,2,Fixation,,,,,,,,,,,,
SV021,R,348,3,3,0,1,3,Fixation,,,,,,,,,,,,
SV021,R,349,2,0,1,0,0,Fixation,,,,,,,,,,,,
SV021,R,350,3,0,0,0,0,Fixation,,,,,,,,,,,,
SV021,R,351,3,3,0,0,3,Fixation,,,,,,,,,,,,
SV021,R,352,3,3,0,1,3,Fixation,,,,,,,,,,,,
SV021,R,353,2,2,0,0,2,Fixation,,,,,,,,,,,,
SV021,R,354,3,0,0,1,0,Fixation,,,,,,,,,,,,
SV021,R,355,3,2,0,1,2,Fixation,,,,,,,,,,,,
SV021,R,356,2,3,0,0,3,Fixation,,,,,,,,,,,,
SV021,R,357,2,2,0,0,2,Fixation,,,,,,,,,,,,
SV021,R,358,2,2,0,0,2,Fixation,,,,,,,,,,,,
SV021,R,359,3,3,0,0,3,Fixation,,,,,,,,,,,,
SV021,R,360,2,0,0,0,0,Fixation,,,,,,,,,,,,
SV021,R,361,3,2,0,1,2,Fixation,,,,,,,,,,,,
SV021,R,362,3,0,1,0,0,Fixation,,,,,,,,,,,,
SV021,R,363,3,3,1,0,3,Fixation,,,,,,,,,,,,
SV021,R,364,2,2,1,0,2,Fixation,,,,,,,,,,,,
SV021,R,365,2,2,0,1,2,Fixation,,,,,,,,,,,,
SV021,R,366,2,3,0,0,3,Fixation,,,,,,,,,,,,
SV021,R,367,2,2,1,1,2,Fixation,,,,,,,,,,,,
SV021,R,368,3,2,1,0,2,Fixation,,,,,,,,,,,,
SV021,R,369,3,3,1,0,3,Fixation,,,,,,,,,,,,
SV021,R,370,2,0,1,1,0,Fixation,,,,,,,,,,,,
SV021,R,371,3,3,0,1,3,Fixation,,,,,,,,,,,,
SV021,R,372,2,2,1,0,2,Fixation,,,,,,,,,,,,
SV021,R,373,3,2,1,1,2,Fixation,,,,,,,,,,,,
SV021,R,374,2,3,1,1,3,Fixation,,,,,,,,,,,,
SV021,R,375,3,3,1,0,3,Fixation,,,,,,,,,,,,
SV021,R,376,3,2,0,0,2,Fixation,,,,,,,,,,,,
SV021,R,377,2,0,0,1,0,Fixation,,,,,,,,,,,,
SV021,R,378,2,2,1,0,2,Fixation,,,,,,,,,,,,
SV021,R,379,3,2,1,1,2,Fixation,,,,,,,,,,,,
SV021,R,380,2,0,1,1,0,Fixation,,,,,,,,,,,,
SV021,R,381,3,2,1,1,2,Fixation,,,,,,,,,,,,
SV021,R,382,3,2,0,1,2,Fixation,,,,,,,,,,,,
SV021,R,383,3,2,0,0,2,Fixation,,,,,,,,,,,,
SV021,R,384,2,2,0,1,2,Fixation,,,,,,,,,,,,
SV021,R,385,3,2,0,1,2,Fixation,,,,,,,,,,,,
SV021,R,386,2,3,1,0,3,Fixation,,,,,,,,,,,,
SV021,R,387,2,3,1,1,4,Fixation,,,,,,,,,,,,
SV021,R,388,2,3,1,0,3,Fixation,,,,,,,,,,,,
SV021,R,389,2,3,0,1,3,Fixation,,,,,,,,,,,,
SV021,R,390,2,2,0,0,2,Fixation,,,,,,,,,,,,
SV021,R,391,3,3,0,1,3,Fixation,,,,,,,,,,,,
SV021,R,392,3,2,1,1,2,Fixation,,,,,,,,,,,,
SV021,R,393,2,0,1,1,0,Fixation,,,,,,,,,,,,
SV021,R,394,3,0,1,1,0,Fixation,,,,,,,,,,,,
SV021,R,395,2,0,0,1,0,Fixation,,,,,,,,,,,,
SV021,R,396,2,0,1,0,0,Fixation,,,,,,,,,,,,
SV021,R,397,3,2,0,0,2,Fixation,,,,,,,,,,,,
SV021,R,398,3,0,1,0,0,Fixation,,,,,,,,,,,,
SV021,R,399,3,3,0,0,3,Fixation,,,,,,,,,,,,
SV021,R,400,2,3,0,1,3,Fixation,,,,,,,,,,,,
SV021,R,401,2,3,0,0,3,Fixation,,,,,,,,,,,,
SV021,R,402,2,3,0,0,3,Fixation,,,,,,,,,,,,
SV021,R,403,3,3,1,0,3,Fixation,,,,,,,,,,,,
SV021,R,404,2,2,1,1,2,Fixation,,,,,,,,,,,,
SV021,R,405,3,3,0,0,3,Fixation,,,,,,,,,,,,
SV021,R,406,2,2,0,0,2,Fixation,,,,,,,,,,,,
SV021,R,407,3,0,1,0,0,Fixation,,,,,,,,,,,,
SV021,R,408,3,2,1,0,2,Fixation,,,,,,,,,,,,
SV021,R,409,2,2,0,1,2,Fixation,,,,,,,,,,,,
SV021,R,410,3,2,0,1,2,Fixation,,,,,,,,,,,,
SV021,R,411,2,2,1,0,2,Fixation,,,,,,,,,,,,
SV021,R,412,3,0,0,1,0,Fixation,,,,,,,,,,,,
SV021,R,413,2,3,1,1,3,Fixation,,,,,,,,,,,,
SV021,R,414,2,3,0,0,3,Fixation,,,,,,,,,,,,
SV021,R,415,2,3,0,0,3,Fixation,,,,,,,,,,,,
SV021,R,416,3,3,1,0,3,Fixation,,,,,,,,,,,,
SV021,R,417,3,0,1,1,0,Fixation,,,,,,,,,,,,
SV021,R,418,3,0,1,1,0,Fixation,,,,,,,,,,,,
SV021,R,419,2,3,1,1,3,Fixation,,,,,,,,,,,,
SV021,R,420,3,0,0,0,0,Fixation,,,,,,,,,,,,
SV021,R,421,2,0,0,1,0,Fixation,,,,,,,,,,,,
SV021,R,422,3,0,1,1,0,Fixation,,,,,,,,,,,,
SV021,R,423,2,2,1,1,2,Fixation,,,,,,,,,,,,
SV021,R,424,2,2,0,1,2,Fixation,,,,,,,,,,,,
SV021,R,425,2,2,0,1,2,Fixation,,,,,,,,,,,,
SV021,R,426,2,3,0,1,3,Fixation,,,,,,,,,,,,
SV021,R,427,3,2,1,0,2,Fixation,,,,,,,,,,,,
SV021,R,428,2,0,0,1,0,Fixation,,,,,,,,,,,,
SV021,R,429,3,3,0,1,3,Fixation,,,,,,,,,,,,
SV021,R,430,3,3,1,0,4,Fixation,,,,,,,,,,,,
SV021,R,431,2,2,1,1,2,Fixation,,,,,,,,,,,,
SV021,R,432,3,0,1,0,0,Fixation,,,,,,,,,,,,
SV021,R,433,2,0,0,1,0,Fixation,,,,,,,,,,,,
SV021,R,434,3,2,0,0,2,Fixation,,,,,,,,,,,,
SV021,R,435,2,0,0,0,0,Fixation,,,,,,,,,,,,
SV021,R,436,3,0,0,1,0,Fixation,,,,,,,,,,,,
SV021,R,437,3,0,1,0,0,Fixation,,,,,,,,,,,,
SV021,R,438,2,3,1,1,3,Fixation,,,,,,,,,,,,
SV021,R,439,3,3,1,0,3,Fixation,,,,,,,,,,,,
SV021,R,440,3,2,0,0,2,Fixation,,,,,,,,,,,,
SV021,R,441,2,0,0,0,0,Fixation,,,,,,,,,,,,
SV021,R,442,2,2,1,0,2,Fixation,,,,,,,,,,,,
SV021,R,443,2,2,0,0,2,Fixation,,,,,,,,,,,,
SV021,R,444,2,0,1,1,0,Fixation,,,,,,,,,,,,
SV021,R,445,2,0,0,1,0,Fixation,,,,,,,,,,,,
SV021,R,446,2,0,1,1,0,Fixation,,,,,,,,,,,,
SV021,R,447,2,0,1,0,0,Fixation,,,,,,,,,,,,
SV021,R,448,2,0,1,0,0,Fixation,,,,,,,,,,,,
SV021,R,449,3,2,0,0,2,Fixation,,,,,,,,,,,,
SV021,R,450,2,0,1,0,0,Fixation,,,,,,,,,,,,
SV021,R,451,3,0,0,0,0,Fixation,,,,,,,,,,,,
SV021,R,452,2,2,0,0,2,Fixation,,,,,,,,,,,,
SV021,R,453,2,3,0,1,4,Fixation,,,,,,,,,,,,
SV021,R,454,2,0,0,1,0,Fixation,,,,,,,,,,,,
SV021,R,455,3,3,1,0,3,Fixation,,,,,,,,,,,,
SV021,R,456,3,0,0,0,0,Fixation,,,,,,,,,,,,
SV021,R,457,3,2,0,0,2,Fixation,,,,,,,,,,,,
SV021,R,458,3,3,1,0,3,Fixation,,,,,,,,,,,,
SV021,R,459,2,2,1,1,2,Fixation,,,,,,,,,,,,
SV021,R,460,3,0,0,1,0,Fixation,,,,,,,,,,,,
SV021,R,461,3,3,0,0,3,Fixation,,,,,,,,,,,,
SV021,R,462,2,0,1,0,0,Fixation,,,,,,,,,,,,
SV021,R,463,3,2,0,1,2,Fixation,,,,,,,,,,,,
SV021,R,464,2,3,0,1,3,Fixation,,,,,,,,,,,,
SV021,R,465,3,3,1,1,3,Fixation,,,,,,,,,,,,
SV021,R,466,3,0,1,0,0,Fixation,,,,,,,,,,,,
SV021,R,467,2,2,1,1,2,Fixation,,,,,,,,,,,,
SV021,R,468,3,3,1,1,3,Fixation,,,,,,,,,,,,
SV021,R,469,3,3,0,0,3,Fixation,,,,,,,,,,,,
SV021,R,470,3,2,0,0,2,Fixation,,,,,,,,,,,,
SV021,R,471,3,0,0,0,0,Fixation,,,,,,,,,,,,
SV021,R,472,2,2,0,0,2,Fixation,,,,,,,,,,,,
SV021,R,473,3,3,1,0,3,Fixation,,,,,,,,,,,,
SV021,R,474,2,0,0,1,0,Fixation,,,,,,,,,,,,
SV021,R,475,3,2,1,0,2,Fixation,,,,,,,,,,,,
SV021,R,476,3,2,1,0,2,Fixation,,,,,,,,,,,,
SV021,R,477,2,0,0,0,0,Fixation,,,,,,,,,,,,
SV021,R,478,2,3,0,1,3,Fixation,,,,,,,,,,,,
SV021,R,479,3,0,0,1,0,Fixation,,,,,,,,,,,,
SV021,R,480,3,3,1,1,3,Fixation,,,,,,,,,,,,
SV021,L,1,2,3,0,0,3,Response,2088.0066666666667,2971.6,1364.6733333333332,2507.9,723.2666666666667,1013.0,313.3333333333333,6.56875,18.6,731.0,2415.0,555.75
SV021,L,2,2,3,1,0,3,Response,2898.6238095238095,3270.0,2362.552380952381,3270.0,666.6666666666666,921.0,206.85714285714286,3.6545454545454543,16.4,435.27272727272725,2645.0,213.8181818181818
SV021,L,3,3,3,0,1,3,Response,1115.4833333333333,1395.8,1269.4333333333334,1773.5,850.6666666666666,1107.0,156.66666666666666,3.985714285714286,8.8,321.7142857142857,844.0,552.5714285714286
SV021,L,4,3,0,0,0,3,Response,1957.3,3270.0,1920.7357142857143,3270.0,365.85714285714283,1080.0,80.57142857142857,3.606666666666667,16.6,461.46666666666664,1532.0,419.2
SV021,L,5,2,2,1,1,2,Response,1175.9640000000002,1686.4,1886.9360000000001,3270.0,891.64,1136.0,131.52,3.9269230769230767,20.8,316.11538461538464,987.0,151.84615384615384
SV021,L,6,2,0,1,1,2,Response,544.97,1805.3,2618.44,3270.0,471.8,1174.0,140.0,4.981818181818182,22.6,366.90909090909093,1151.0,359.27272727272725
SV021,L,7,2,0,1,1,2,Response,673.0899999999999,1359.9,2359.55,2979.2,644.1,1177.0,172.0,5.463636363636363,21.4,343.0,1051.0,256.3636363636364
SV021,L,8,3,0,0,1,3,Response,753.6925925925926,1740.2,2146.0592592592593,3038.2,637.1481481481482,1162.0,66.37037037037037,2.789285714285714,19.3,256.5,1144.0,187.14285714285714
SV021,L,9,2,0,1,1,2,Response,742.4307692307692,1546.2,2476.869230769231,3270.0,642.3846153846154,1153.0,173.23076923076923,3.942857142857143,9.7,300.0,1062.0,279.42857142857144
SV021,L,10,3,2,1,1,2,Response,1511.2931034482758,2676.2,1206.9206896551723,2988.9,770.1034482758621,1146.0,144.0,6.21,30.8,345.7,1238.0,126.8
SV021,L,11,2,2,1,0,2,Response,3038.6,3110.0,1742.775,2038.0,674.75,770.0,99.0,4.279999999999999,9.5,581.8,1370.0,571.2
SV021,L,12,3,2,0,1,2,Response,714.06,1585.4,2672.9733333333334,3154.0,411.6666666666667,921.0,105.33333333333333,5.16875,23.7,254.25,728.0,198.75
SV021,L,13,2,0,1,0,2,Response,2919.76,2993.3,1900.8799999999999,2506.2,676.8,766.0,159.2,6.55,11.3,426.6666666666667,1328.0,352.6666666666667
SV021,L,14,3,2,1,1,2,Response,1275.575,1616.2,1661.3249999999998,2905.0,748.0,1019.0,159.0,9.66,21.6,593.4,1291.0,579.2
SV021,L,15,2,2,0,0,2,Response,2823.3500000000004,3270.0,2019.175,3270.0,621.25,987.0,166.0,7.4,16.8,655.8,1668.0,549.6
SV021,L,16,3,0,0,1,2,Response,694.9916666666667,1108.9,2317.7999999999997,3167.3,479.8333333333333,1055.0,106.66666666666667,5.738461538461538,14.7,433.3076923076923,1427.0,352.61538461538464
SV021,L,17,2,0,0,0,2,Response,2945.58,3270.0,2025.9933333333333,3270.0,589.2666666666667,1061.0,169.06666666666666,2.7937499999999997,10.6,176.125,595.0,188.0
SV021,L,18,2,0,0,0,2,Response,3083.7333333333336,3270.0,2034.0333333333335,3270.0,539.3333333333334,733.0,210.66666666666666,13.15,18.4,600.0,1047.0,1005.0
SV021,L,19,3,0,0,0,2,Response,2521.429411764706,3270.0,1761.3352941176472,3270.0,638.3529411764706,1069.0,93.41176470588235,6.550000000000001,22.2,509.77777777777777,1970.0,384.44444444444446
SV021,L,20,3,3,1,1,3,Response,1089.5833333333333,1822.8,1910.5,3270.0,775.3333333333334,1118.0,157.33333333333334,7.485714285714286,22.3,474.2857142857143,1128.0,801.7142857142857
SV021,L,21,2,2,1,1,2,Response,1420.7166666666665,2165.4,1804.1500000000003,2388.3,894.1666666666666,1063.0,276.0,4.8,14.1,445.14285714285717,1360.0,335.42857142857144
SV021,L,22,2,0,0,0,2,Response,2603.8552631578946,3270.0,2213.507894736842,3270.0,467.86842105263156,947.0,112.94736842105263,5.897435897435898,27.7,510.02564102564105,2253.0,156.0
SV021,L,23,3,3,1,0,3,Response,2678.383333333333,3270.0,2296.7999999999997,3270.0,678.5833333333334,1182.0,106.66666666666667,4.569230769230769,22.5,414.2307692307692,1152.0,261.84615384615387
SV021,L,24,3,0,1,1,2,Response,926.7333333333332,1225.2,1614.3,2276.7,875.0,1100.0,292.6666666666667,4.757142857142857,8.1,290.7142857142857,658.0,311.42857142857144
SV021,L,25,3,2,0,0,2,Response,2618.95,3003.5,1319.325,1815.0,982.0,1152.0,312.0,5.7,15.6,703.6,1679.0,359.2
SV021,L,26,2,0,0,1,2,Response,1352.4666666666667,1664.4,1305.3,1658.6,966.3333333333334,1064.0,263.3333333333333,4.314285714285714,9.2,523.1428571428571,1447.0,409.14285714285717
SV021,L,27,3,0,1,1,3,Response,369.83750000000003,1909.3,2684.1291666666666,3270.0,461.5416666666667,1136.0,101.5,2.56,24.8,278.16,1601.0,161.6
SV021,L,28,2,3,1,0,3,Response,2984.9,3170.1,2249.23,2959.8,703.5,949.0,92.8,4.1000000000000005,13.7,585.8181818181819,1896.0,326.54545454545456
SV021,L,29,3,0,1,1,3,Response,1263.1100000000001,2060.9,1992.83,2830.7,844.2,1070.0,92.4,7.1909090909090905,17.9,559.0909090909091,1230.0,318.90909090909093
SV021,L,30,2,0,0,0,2,Response,2661.8222222222225,3270.0,2269.0333333333333,3270.0,495.44444444444446,862.0,89.33333333333333,7.44,15.2,996.1,2386.0,348.0
SV021,L,31,2,2,0,1,2,Response,522.125,1025.3,2788.116666666667,3270.0,292.1666666666667,1000.0,94.66666666666667,4.346153846153846,11.4,344.53846153846155,1121.0,211.07692307692307
SV021,L,32,3,2,1,1,2,Response,1173.12,1307.8,1544.6399999999999,2155.2,893.4,1041.0,207.2,4.6000000000000005,10.5,448.1666666666667,1204.0,316.6666666666667
SV021,L,33,2,3,0,0,3,Response,2757.9,3058.7,1650.2599999999998,2346.7,843.2,1095.0,220.4,3.9272727272727277,11.9,471.54545454545456,1813.0,425.09090909090907
SV021,L,34,2,3,0,1,3,Response,1177.8090909090909,1947.1,2090.622727272727,3270.0,773.1363636363636,1045.0,133.27272727272728,4.643478260869565,18.4,325.82608695652175,1209.0,199.82608695652175
SV021,L,35,2,0,0,0,2,Response,2318.25,3002.1,1614.1499999999999,3165.9,781.3333333333334,1145.0,274.6666666666667,11.085714285714285,27.7,850.5714285714286,1515.0,480.0
SV021,L,36,2,2,1,0,2,Response,2799.15,2917.5,1772.75,2267.8,857.5,1070.0,230.66666666666666,3.8428571428571425,9.5,601.0,2105.0,217.71428571428572
SV021,L,37,2,3,0,1,3,Response,983.4,1114.4,1621.8200000000002,2872.4,726.6,1141.0,380.0,8.733333333333333,21.4,484.5,1376.0,360.6666666666667
SV021,L,38,2,3,1,0,3,Response,2847.45,3270.0,2434.775,3270.0,570.5,778.0,75.0,5.377777777777778,13.8,379.77777777777777,1227.0,324.0
SV021,L,39,3,2,0,1,2,Response,971.225,1110.4,2331.225,3270.0,550.0,804.0,219.0,8.2,18.1,672.8,1340.0,876.8
SV021,L,40,3,2,1,0,2,Response,2741.3,2818.9,1529.5,2175.4,939.4,1154.0,336.8,3.283333333333333,10.4,215.83333333333334,803.0,279.3333333333333
SV021,L,41,2,3,1,1,3,Response,1147.3538461538462,1924.7,2108.05,3270.0,922.1153846153846,1143.0,85.07692307692308,3.0333333333333337,10.9,340.962962962963,844.0,79.11111111111111
SV021,L,42,2,0,0,0,2,Response,2906.0142857142855,3270.0,2091.8142857142857,3270.0,632.0,1020.0,98.28571428571429,5.95,23.3,466.75,2233.0,387.0
SV021,L,43,3,3,0,1,3,Response,1069.425,1651.4,2054.95,3039.2,787.25,1109.0,158.0,12.180000000000001,22.5,550.6,1167.0,709.6
SV021,L,44,3,2,1,1,2,Response,1154.7333333333333,1246.0,2307.5499999999997,2899.2,799.9166666666666,1144.0,88.66666666666667,4.207692307692308,19.7,540.9230769230769,1311.0,229.23076923076923
SV021,L,45,3,2,1,0,2,Response,2692.5,2979.6,2023.575,2607.1,774.875,1169.0,182.5,4.655555555555555,10.6,329.8888888888889,1569.0,110.22222222222223
SV021,L,46,2,3,1,1,3,Response,1238.3933333333334,2003.0,2324.0133333333333,3270.0,821.2,1148.0,95.46666666666667,6.71875,18.3,625.0,1171.0,161.75
SV021,L,47,3,0,0,1,3,Response,1134.4299999999998,1951.4,2241.94,3270.0,672.7,1042.0,99.6,6.8,17.8,488.6363636363636,1130.0,211.63636363636363
SV021,L,48,3,3,1,0,3,Response,2771.355555555556,2892.3,2303.6666666666665,2961.1,743.8888888888889,927.0,136.44444444444446,3.87,17.1,348.6,1544.0,172.0
SV021,L,49,2,2,0,1,2,Response,1246.3041666666666,2098.9,2300.6,3270.0,700.875,986.0,133.33333333333334,6.072,19.5,460.28,1116.0,99.52
SV021,L,50,3,0,1,0,2,Response,2160.688888888889,3156.6,1974.888888888889,3270.0,557.9444444444445,1026.0,134.66666666666666,7.652631578947369,27.8,535.1578947368421,2083.0,301.6842105263158
SV021,L,51,3,0,0,0,2,Response,2734.92,2937.2,1934.9299999999998,2362.5,668.2,1096.0,148.0,3.963636363636364,12.2,530.9090909090909,3270.0,69.81818181818181
SV021,L,52,2,3,0,1,3,Response,941.8214285714286,1905.2,2160.207142857143,3047.4,647.3571428571429,1133.0,126.85714285714286,5.713333333333334,18.4,437.8666666666667,1344.0,288.53333333333336
SV021,L,53,3,0,1,0,3,Response,2569.5899999999997,3055.5,1839.77,2421.1,674.6,984.0,143.2,5.409090909090909,15.7,531.6363636363636,1740.0,338.90909090909093
SV021,L,54,3,3,1,0,3,Response,2893.7333333333336,2963.3,1757.7666666666667,2436.1,791.0,989.0,196.66666666666666,5.142857142857143,13.7,473.85714285714283,1611.0,234.85714285714286
SV021,L,55,2,2,0,0,2,Response,2867.586363636364,3231.3,2332.6454545454544,3270.0,675.1363636363636,1165.0,205.8181818181818,3.6739130434782608,15.2,267.17391304347825,1260.0,48.52173913043478
SV021,L,56,3,0,1,0,3,Response,2762.7727272727275,2970.9,2371.6727272727276,2899.2,741.1818181818181,981.0,678.9090909090909,2.6083333333333334,9.7,311.0833333333333,922.0,231.0
SV021,L,57,3,2,0,0,2,Response,2647.7999999999997,2950.8,1622.9,2705.3,872.1818181818181,1216.0,318.54545454545456,5.233333333333333,22.4,332.0833333333333,1667.0,1042.0
SV021,L,58,3,3,0,1,3,Response,1320.3166666666666,1924.8,1162.4666666666667,1228.3,915.0,1039.0,795.3333333333334,4.042857142857143,7.6,171.0,271.0,29.714285714285715
SV021,L,59,3,3,0,0,3,Response,3039.3,3270.0,2135.711111111111,2754.1,618.3888888888889,1195.0,224.66666666666666,2.5105263157894737,9.4,322.89473684210526,2142.0,49.05263157894737
SV021,L,60,3,3,1,1,3,Response,1112.4333333333334,1595.4,2128.3444444444444,3270.0,734.2222222222222,1041.0,136.0,5.18,16.2,354.5,1568.0,202.8
SV021,L,61,3,3,1,1,3,Response,1050.2875,1203.3,1867.3,2135.4,786.5,979.0,158.25,2.011764705882353,8.1,167.11764705882354,281.0,30.823529411764707
SV021,L,62,3,0,1,1,3,Response,986.0894736842106,1189.4,2739.6,3270.0,575.1578947368421,817.0,91.36842105263158,2.85,16.6,275.55,799.0,52.0
SV021,L,63,2,2,0,1,2,Response,1420.0928571428572,2018.2,2332.4357142857143,3270.0,769.6428571428571,964.0,185.71428571428572,4.493333333333334,16.1,439.0,1291.0,85.33333333333333
SV021,L,64,2,3,0,1,3,Response,1192.2357142857143,1918.4,2261.671428571429,3270.0,735.5,1046.0,158.0,5.173333333333333,11.6,427.8,1006.0,143.2
SV021,L,65,2,3,0,1,3,Response,1310.0444444444445,1696.0,2297.633333333333,2885.7,711.2222222222222,806.0,207.55555555555554,4.15,18.8,477.7,1064.0,124.0
SV021,L,66,2,2,0,1,2,Response,989.24,1239.6,2402.52,3270.0,639.2,958.0,118.4,7.616666666666667,19.8,470.6666666666667,964.0,402.0
SV021,L,67,2,0,0,1,0,Response,1176.5263157894738,1655.8,1851.1894736842105,3069.8,812.7894736842105,1062.0,104.21052631578948,2.4899999999999998,16.7,403.35,1101.0,98.6
SV021,L,68,3,0,0,0,3,Response,2960.2,2960.2,1396.7,1396.7,864.0,864.0,2716.0,4.85,9.1,174.5,274.0,30.0
SV021,L,69,2,3,0,0,3,Response,2851.688888888889,3268.0,2003.1888888888889,3023.4,748.5555555555555,1158.0,358.6666666666667,4.95,18.3,256.2,804.0,67.6
SV021,L,70,3,0,0,0,3,Response,2994.3875,3120.4,1952.4125,2833.7,647.375,806.0,358.0,5.300000000000001,15.8,209.88888888888889,598.0,32.888888888888886
SV021,L,71,3,2,0,0,2,Response,2798.6727272727276,3270.0,2644.4545454545455,3270.0,461.6363636363636,1059.0,160.72727272727272,9.008333333333333,17.9,630.3333333333334,1390.0,97.0
SV021,L,72,2,2,1,0,2,Response,2945.5666666666666,3269.5,2625.785714285714,3237.2,540.5238095238095,1071.0,166.66666666666666,3.5136363636363637,13.0,373.04545454545456,1551.0,90.54545454545455
SV021,L,73,2,2,0,0,2,Response,2536.733333333333,3270.0,2268.125,3270.0,538.8333333333334,1007.0,296.3333333333333,5.8538461538461535,15.9,610.0,1726.0,81.53846153846153
SV021,L,74,2,3,0,1,3,Response,1117.0363636363636,1187.4,1665.6727272727273,1940.5,810.5454545454545,1017.0,334.54545454545456,1.7249999999999999,6.8,143.58333333333334,420.0,24.666666666666668
SV021,L,75,2,3,1,1,3,Response,1051.8642857142856,1710.7,2079.014285714286,3270.0,806.2142857142857,1080.0,167.71428571428572,4.286666666666666,18.3,250.73333333333332,854.0,99.2
SV021,L,76,2,2,1,0,2,Response,2540.816666666667,2967.8,1314.7,1579.6,921.5,1093.0,558.0,3.442857142857143,11.3,148.28571428571428,366.0,32.57142857142857
SV021,L,77,3,2,0,1,2,Response,1313.7333333333333,1679.3,1143.0,1248.7,865.0,1062.0,1246.6666666666667,3.0,6.0,137.75,221.0,26.0
SV021,L,78,3,3,0,0,1,Response,2872.2,2891.7,1449.9499999999998,1584.3,877.5,901.0,1278.0,3.766666666666667,7.3,229.33333333333334,384.0,69.33333333333333
SV021,L,79,3,2,1,0,2,Response,2823.08,3126.4,1685.0600000000002,3083.4,923.8,1160.0,650.1333333333333,2.775,12.8,151.875,658.0,36.75
SV021,L,80,3,0,0,1,2,Response,842.0444444444444,1124.2,2294.8444444444444,3270.0,560.2222222222222,996.0,293.3333333333333,5.12,18.2,282.0,823.0,128.4
SV021,L,81,3,2,1,0,2,Response,2724.9363636363637,3128.4,1712.5454545454545,2299.4,803.8181818181819,1037.0,266.54545454545456,3.190909090909091,7.9,164.72727272727272,477.0,42.54545454545455
SV021,L,82,2,0,1,0,3,Response,2767.25,3051.8,1602.8600000000001,2008.1,826.7,1021.0,403.2,2.5090909090909093,9.4,140.63636363636363,449.0,26.545454545454547
SV021,L,83,2,2,1,1,2,Response,1326.4714285714285,1935.6,1247.4857142857143,1396.0,940.4285714285714,1079.0,344.0,4.4375,9.9,159.0,262.0,32.5
SV021,L,84,3,0,0,0,3,Response,2696.2000000000003,2938.2,1564.5916666666665,1869.4,878.1666666666666,1106.0,464.6666666666667,4.092307692307693,10.9,240.07692307692307,1149.0,48.92307692307692
SV021,L,85,2,0,1,0,2,Response,2662.6,2820.6,1361.85,1531.8,942.0,1081.0,886.0,5.3,8.5,196.33333333333334,272.0,34.666666666666664
SV021,L,86,3,0,1,1,2,Response,1251.6,1949.1,1332.725,1447.8,926.75,1008.0,492.0,3.4,8.5,157.4,263.0,33.6
SV021,L,87,2,0,0,1,2,Response,1005.0,1834.4,2201.4,3270.0,666.7142857142857,1010.0,397.7142857142857,5.449999999999999,19.4,317.0,1077.0,68.5
SV021,L,88,2,0,0,1,3,Response,1298.8799999999999,2008.5,1376.3200000000002,1550.5,926.2,1097.0,683.2,3.6,7.5,510.0,1184.0,153.33333333333334
SV021,L,89,3,0,1,0,3,Response,2790.066666666667,3033.4,1397.2166666666665,1592.6,908.3333333333334,1091.0,335.3333333333333,3.5714285714285716,10.0,173.0,385.0,45.142857142857146
SV021,L,90,3,2,1,1,2,Response,963.4375,1219.7,2471.975,3270.0,601.875,1076.0,228.0,4.433333333333334,14.7,299.8888888888889,654.0,56.888888888888886
SV021,L,91,2,3,1,0,3,Response,2656.072727272727,3270.0,2115.3545454545456,3270.0,626.1818181818181,1080.0,289.45454545454544,5.216666666666667,14.3,392.8333333333333,1116.0,69.33333333333333
SV021,L,92,3,0,0,1,2,Response,1127.3999999999999,1132.6,1290.2333333333333,1362.1,913.0,1014.0,1561.3333333333333,3.35,6.2,142.0,220.0,28.0
SV021,L,93,3,0,0,1,3,Response,1463.9583333333333,2069.4,2519.7083333333335,3270.0,721.9166666666666,836.0,61.666666666666664,6.223076923076923,19.2,608.3846153846154,1101.0,172.6153846153846
SV021,L,94,3,3,1,1,3,Response,957.4,961.5,1684.8333333333333,1797.7,880.6666666666666,882.0,936.0,4.725,10.5,148.0,234.0,36.0
SV021,L,95,3,0,1,0,3,Response,2976.1125,3215.3,1878.9125,2374.2,708.5,1106.0,250.0,3.755555555555555,10.8,232.33333333333334,1043.0,39.111111111111114
SV021,L,96,2,2,1,0,2,Response,2445.9,2925.4,1296.5,1472.8,972.0,1095.0,649.6,3.8000000000000003,10.4,144.33333333333334,261.0,29.333333333333332
SV021,L,97,2,3,1,1,3,Response,728.0571428571428,1164.5,2931.214285714286,3270.0,442.42857142857144,885.0,138.85714285714286,6.7875,23.0,390.625,1075.0,128.0
SV021,L,98,3,3,1,1,3,Response,1016.5500000000001,1194.4,1865.6000000000001,2086.2,814.3333333333334,1009.0,746.0,3.4857142857142853,11.2,139.57142857142858,265.0,36.57142857142857
SV021,L,99,2,0,1,1,3,Response,1018.4090909090909,1409.9,2298.890909090909,3089.9,684.7272727272727,1025.0,209.45454545454547,5.266666666666667,16.9,407.5,769.0,113.0
SV021,L,100,3,3,0,0,3,Response,2840.4125,3270.0,2357.90625,3270.0,545.5,1014.0,175.75,4.7705882352941185,18.3,391.70588235294116,1700.0,60.94117647058823
SV021,L,101,2,2,0,0,2,Response,3042.557142857143,3248.4,2048.5,2472.8,622.0,870.0,440.57142857142856,3.5625,9.8,122.25,251.0,73.0
SV021,L,102,3,0,1,1,3,Response,1082.1333333333334,1390.5,2419.4500000000003,3270.0,647.4166666666666,1051.0,298.6666666666667,4.107692307692307,17.8,263.61538461538464,835.0,68.61538461538461
SV021,L,103,3,2,1,1,2,Response,858.9875,1241.7,2636.55,3270.0,642.875,1104.0,195.0,5.922222222222222,22.3,322.55555555555554,960.0,115.55555555555556
SV021,L,104,3,2,0,0,2,Response,2904.7999999999997,2973.7,1455.8,1586.3,889.0,1036.0,789.3333333333334,4.875,10.0,170.0,262.0,39.0
SV021,L,105,3,0,1,1,2,Response,1084.1999999999998,1093.1,1526.9499999999998,1669.3,954.5,1096.0,904.0,4.6000000000000005,6.8,178.66666666666666,238.0,33.333333333333336
SV021,L,106,3,2,0,0,2,Response,2924.1,2924.1,1412.8,1412.8,893.0,893.0,2236.0,8.5,10.0,444.5,654.0,172.0
SV021,L,107,3,0,1,0,3,Response,2222.388,3270.0,2824.792,3270.0,379.04,1174.0,114.24,3.8499999999999996,14.1,400.1923076923077,1495.0,116.0
SV021,L,108,2,2,0,0,2,Response,2925.5,2979.3,1639.6000000000001,1789.3,827.3333333333334,990.0,1562.6666666666667,4.125,9.1,356.25,1008.0,97.0
SV021,L,109,3,0,1,0,3,Response,2706.2799999999997,2915.9,1578.8600000000001,1910.0,844.6,963.0,636.8,2.5833333333333335,5.7,191.66666666666666,556.0,28.666666666666668
SV021,L,110,3,2,0,1,2,Response,994.7800000000001,1869.3,2644.7799999999997,3145.4,479.4,914.0,119.46666666666667,3.89375,12.3,309.5625,723.0,77.75
SV021,L,111,2,2,1,1,2,Response,1357.2666666666667,1959.4,1705.9166666666667,3270.0,860.0,962.0,209.33333333333334,10.2,22.4,363.42857142857144,979.0,227.42857142857142
SV021,L,112,3,2,1,0,2,Response,2753.2,2907.6,1582.5,1774.8,767.25,1045.0,617.0,5.2,10.7,255.6,761.0,60.0
SV021,L,113,2,3,0,0,3,Response,3023.925,3270.0,2248.36875,3270.0,523.375,917.0,374.5,6.341176470588235,16.7,540.3529411764706,2215.0,78.11764705882354
SV021,L,114,2,2,1,1,2,Response,1492.47,2046.9,2234.52,3270.0,868.5,990.0,183.6,6.336363636363637,22.6,468.1818181818182,1107.0,175.63636363636363
SV021,L,115,3,3,0,1,3,Response,987.0,1168.6,2766.3333333333335,3270.0,573.0833333333334,934.0,235.33333333333334,4.1923076923076925,17.6,228.3846153846154,700.0,225.23076923076923
SV021,L,116,2,3,0,0,3,Response,3041.6142857142854,3270.0,1907.4857142857143,3270.0,667.7142857142857,989.0,541.7142857142857,7.0857142857142845,19.7,309.42857142857144,752.0,67.42857142857143
SV021,L,117,3,3,0,1,3,Response,1137.8600000000001,1165.5,1570.92,1720.1,708.4,793.0,652.0,2.533333333333333,6.5,248.5,615.0,28.0
SV021,L,118,3,0,0,0,3,Response,2913.3222222222225,3270.0,2088.5333333333333,3270.0,683.4444444444445,1086.0,306.6666666666667,4.7700000000000005,18.3,289.8,1438.0,47.6
SV021,L,119,2,2,1,0,2,Response,2591.883333333333,3068.9,1312.8500000000001,1660.6,1010.5,1139.0,610.6666666666666,3.314285714285714,8.2,151.42857142857142,259.0,31.428571428571427
SV021,L,120,3,3,1,0,3,Response,3010.65,3218.8,1865.5625,2422.6,718.125,1033.0,311.0,3.577777777777778,10.5,331.6666666666667,1186.0,93.33333333333333
SV021,L,121,2,2,1,0,2,Response,2721.32,3270.0,2629.89,3270.0,410.1,828.0,101.6,5.109090909090909,15.0,350.72727272727275,1490.0,68.36363636363636
SV021,L,122,3,0,0,1,3,Response,1352.4199999999998,1613.5,2486.233333333333,2956.3,696.8,992.0,82.13333333333334,4.55,11.2,419.5625,801.0,164.0
SV021,L,123,3,0,0,0,3,Response,3100.91,3270.0,2586.79,3270.0,509.6,798.0,128.4,3.527272727272727,14.7,353.27272727272725,1175.0,45.45454545454545
SV021,L,124,3,3,0,0,3,Response,2657.7999999999997,3053.3,1331.5666666666666,1691.3,966.6666666666666,1086.0,1341.3333333333333,7.3,11.1,527.75,980.0,116.0
SV021,L,125,3,3,1,1,3,Response,1336.878947368421,1795.2,2804.8368421052633,3270.0,730.6842105263158,1147.0,130.73684210526315,4.220000000000001,20.6,341.8,895.0,130.2
SV021,L,126,2,0,1,1,3,Response,1139.355,1676.0,2578.7799999999997,3270.0,864.15,1053.0,71.6,3.842857142857143,17.1,324.85714285714283,608.0,91.61904761904762
SV021,L,127,3,2,1,1,2,Response,961.6555555555556,1011.2,1894.1888888888889,2387.0,794.3333333333334,1105.0,116.44444444444444,3.08,10.3,189.6,521.0,57.2
SV021,L,128,2,2,0,1,2,Response,968.35,1303.5,2956.7833333333333,3270.0,508.4166666666667,1109.0,108.66666666666667,3.4692307692307693,17.7,414.61538461538464,2027.0,75.38461538461539
SV021,L,129,2,3,0,1,3,Response,1353.5125,1742.6,2961.43125,3270.0,698.4375,866.0,161.25,3.023529411764706,20.8,331.11764705882354,867.0,96.94117647058823
SV021,L,130,3,3,0,0,3,Response,2845.616666666667,3270.0,2869.725,3270.0,411.0,1127.0,120.33333333333333,7.615384615384615,21.2,654.0769230769231,1296.0,118.46153846153847
SV021,L,131,3,2,0,1,2,Response,1435.4411764705883,2004.4,2591.9411764705883,3270.0,700.4705882352941,1011.0,95.52941176470588,3.523529411764706,10.4,335.1764705882353,643.0,102.3529411764706
SV021,L,132,3,3,0,1,3,Response,1266.3500000000001,1816.6,2838.878571428572,3270.0,621.4285714285714,1119.0,156.0,3.5866666666666664,17.6,223.6,573.0,81.33333333333333
SV021,L,133,3,3,1,1,3,Response,1380.7454545454545,1832.4,2821.2090909090907,3270.0,803.8181818181819,1015.0,122.9090909090909,5.483333333333333,14.2,432.75,739.0,136.0
SV021,L,134,3,0,0,0,3,Response,2658.266666666667,3142.9,1466.9833333333333,1821.1,977.0,1167.0,453.3333333333333,3.483333333333333,10.5,167.66666666666666,415.0,30.0
SV021,L,135,2,2,1,0,2,Response,3110.616666666667,3270.0,2825.4666666666667,3270.0,502.8333333333333,1154.0,192.66666666666666,7.2,20.1,338.8333333333333,642.0,252.0
SV021,L,136,2,3,1,0,3,Response,3144.081818181818,3270.0,2545.390909090909,3270.0,563.6363636363636,1058.0,275.27272727272725,4.45,18.5,304.6666666666667,977.0,124.33333333333333
SV021,L,137,3,3,1,0,3,Response,2963.722222222222,3270.0,2869.7277777777776,3270.0,503.22222222222223,1193.0,151.55555555555554,5.394736842105263,17.8,553.421052631579,1581.0,75.36842105263158
SV021,L,138,2,3,0,0,3,Response,2977.692857142857,3270.0,2072.9928571428572,3270.0,682.7857142857143,1103.0,245.42857142857142,5.3,24.4,239.73333333333332,797.0,86.93333333333334
SV021,L,139,3,3,0,0,3,Response,3101.585714285714,3198.6,2165.5142857142855,2788.6,695.7142857142857,1080.0,440.0,4.2375,14.2,194.25,545.0,39.0
SV021,L,140,3,0,0,1,2,Response,1435.9764705882353,1707.1,2640.0588235294117,3219.6,753.6470588235294,1065.0,113.88235294117646,3.066666666666667,18.2,246.22222222222223,528.0,70.22222222222223
SV021,L,141,2,0,0,1,2,Response,1019.2058823529412,1896.2,3139.994117647059,3270.0,543.6470588235294,983.0,93.17647058823529,3.347058823529412,12.0,285.6470588235294,891.0,177.64705882352942
SV021,L,142,2,3,1,0,3,Response,2845.507692307692,3270.0,2909.0615384615385,3270.0,425.15384615384613,1068.0,83.6923076923077,5.514285714285714,20.5,525.0714285714286,2053.0,114.0
SV021,L,143,3,0,1,1,3,Response,1118.9333333333334,1614.2,2265.1833333333334,3270.0,747.1666666666666,1140.0,130.0,7.042857142857143,23.3,430.7142857142857,1005.0,277.14285714285717
SV021,L,144,3,0,1,0,3,Response,3071.7875,3270.0,1911.4625,2445.6,792.5,1095.0,297.0,3.9111111111111114,15.8,137.77777777777777,310.0,31.11111111111111
SV021,L,145,2,3,1,0,3,Response,2934.25,3170.2,1984.1000000000001,2935.4,829.5714285714286,1121.0,458.0,3.56,17.8,197.4,879.0,54.666666666666664
SV021,L,146,2,0,1,0,3,Response,2930.3809523809523,3270.0,2991.6619047619047,3270.0,433.8095238095238,1082.0,101.71428571428571,4.572727272727272,16.3,359.59090909090907,1203.0,90.54545454545455
SV021,L,147,3,0,0,1,3,Response,1421.0166666666667,1819.6,2821.0416666666665,3270.0,624.3333333333334,1118.0,132.0,4.038461538461538,18.2,373.2307692307692,1044.0,110.15384615384616
SV021,L,148,3,2,0,0,3,Response,2683.3857142857146,3270.0,1771.5857142857144,2674.6,835.0,1014.0,488.0,6.1375,15.6,367.375,825.0,141.0
SV021,L,149,2,3,0,0,3,Response,3162.23,3270.0,2315.92,3057.9,662.3,1094.0,298.0,2.5636363636363635,9.5,185.8181818181818,908.0,99.63636363636364
SV021,L,150,2,2,1,0,2,Response,3122.16,3270.0,2683.0299999999997,3270.0,564.0,1059.0,290.0,4.418181818181818,16.6,307.27272727272725,769.0,91.63636363636364
SV021,L,151,2,2,0,1,2,Response,958.3000000000001,1128.6,2856.922222222222,3270.0,515.3333333333334,1004.0,174.22222222222223,6.17,18.9,412.6,896.0,102.4
SV021,L,152,3,3,1,0,3,Response,3258.042857142857,3270.0,2710.342857142857,3270.0,478.42857142857144,655.0,198.28571428571428,4.5375,17.4,242.625,890.0,43.0
SV021,L,153,3,3,0,0,3,Response,2912.2666666666664,3270.0,1856.9166666666667,2880.2,822.1666666666666,1076.0,643.3333333333334,4.4,12.8,180.85714285714286,423.0,51.42857142857143
SV021,L,154,2,0,1,0,2,Response,2540.9857142857145,3270.0,2888.2999999999997,3270.0,421.92857142857144,1080.0,98.28571428571429,4.413333333333333,18.3,650.0,1563.0,162.66666666666666
SV021,L,155,3,2,0,0,2,Response,2898.42,3270.0,2113.18,2917.5,696.8,846.0,524.8,5.533333333333332,14.4,202.83333333333334,500.0,63.333333333333336
SV021,L,156,2,0,1,0,2,Response,2920.8,2920.8,1442.1,1442.1,902.0,902.0,2340.0,4.65,8.8,157.0,252.0,36.0
SV021,L,157,3,0,1,1,2,Response,1244.19,1544.6,2286.41,3080.9,693.3,855.0,166.8,3.1545454545454548,9.1,172.45454545454547,390.0,45.09090909090909
SV021,L,158,3,2,1,0,2,Response,3119.0333333333333,3270.0,2398.25,2862.0,588.0,974.0,317.3333333333333,6.25,19.0,385.3333333333333,966.0,111.33333333333333
SV021,L,159,3,0,0,0,2,Response,2930.433333333333,3051.4,1689.6666666666667,1905.2,888.6666666666666,1021.0,1018.6666666666666,3.5999999999999996,7.1,151.75,254.0,31.0
SV021,L,160,3,2,0,1,2,Response,1017.8000000000001,1918.2,3092.2631578947367,3270.0,434.7368421052632,1029.0,90.3157894736842,3.675,23.0,295.95,992.0,113.0
SV021,L,161,3,3,1,0,3,Response,3113.5666666666666,3270.0,2459.9777777777776,3270.0,623.2222222222222,1098.0,164.0,5.859999999999999,18.2,357.8,1061.0,88.4
SV021,L,162,2,3,1,1,3,Response,1071.8238095238096,2015.6,2903.3619047619045,3270.0,554.1428571428571,1069.0,108.76190476190476,3.027272727272727,22.1,347.1818181818182,1538.0,80.54545454545455
SV021,L,163,3,2,0,1,2,Response,1339.9352941176471,1960.3,2252.9176470588236,3270.0,803.1764705882352,1152.0,124.94117647058823,4.116666666666666,24.6,292.22222222222223,894.0,98.88888888888889
SV021,L,164,3,3,0,1,3,Response,1368.5777777777778,1947.3,1896.9222222222222,3226.3,841.2222222222222,1168.0,170.66666666666666,5.8100000000000005,20.7,441.6,1017.0,98.0
SV021,L,165,2,3,1,0,3,Response,3000.084615384615,3270.0,2372.369230769231,3270.0,711.3846153846154,1153.0,141.23076923076923,2.935714285714286,13.6,221.71428571428572,995.0,84.0
SV021,L,166,2,2,0,1,2,Response,1161.135294117647,1921.7,1683.0588235294117,3270.0,836.0588235294117,1208.0,168.0,3.75,21.8,485.3888888888889,1176.0,179.55555555555554
SV021,L,167,2,2,1,1,2,Response,923.05,1092.3,2339.7,3270.0,766.5,1121.0,362.0,15.4,21.1,547.0,748.0,958.6666666666666
SV021,L,168,2,3,1,1,3,Response,1213.8181818181818,1927.5,2148.5,3270.0,877.0909090909091,1188.0,112.9090909090909,3.5681818181818183,11.5,372.5,809.0,104.72727272727273
SV021,L,169,2,0,1,1,3,Response,1414.3615384615384,1864.7,2128.5461538461536,3035.2,895.3076923076923,1221.0,65.23076923076923,3.957142857142857,14.9,297.85714285714283,821.0,112.57142857142857
SV021,L,170,3,2,0,0,3,Response,3103.4714285714285,3270.0,2447.414285714286,3270.0,657.7142857142857,1110.0,434.2857142857143,6.985714285714286,18.9,339.0,817.0,193.71428571428572
SV021,L,171,2,0,0,1,3,Response,1497.685714285714,1981.7,2647.042857142857,3270.0,785.2142857142857,1099.0,114.85714285714286,3.25,14.5,361.5,958.0,72.28571428571429
SV021,L,172,3,2,0,1,3,Response,1461.321739130435,1928.0,2937.6782608695653,3270.0,792.0434782608696,1153.0,78.43478260869566,4.145833333333333,21.9,427.375,1147.0,152.5
SV021,L,173,2,0,0,0,3,Response,2188.3900000000003,3270.0,2935.1549999999997,3270.0,321.55,1090.0,147.6,4.0,15.6,431.04761904761904,1595.0,83.42857142857143
SV021,L,174,2,0,1,1,2,Response,1279.6727272727273,1794.1,2082.572727272727,3270.0,924.8181818181819,1103.0,80.36363636363636,5.3,20.5,345.25,1010.0,174.66666666666666
SV021,L,175,2,0,0,1,3,Response,1203.2666666666667,1812.7,2982.7761904761905,3270.0,591.1904761904761,978.0,71.61904761904762,4.1000000000000005,22.0,337.5,949.0,114.18181818181819
SV021,L,176,2,0,1,1,3,Response,1499.725,1919.2,1243.325,1531.3,1092.25,1189.0,106.0,3.9,8.4,765.8,1431.0,809.6
SV021,L,177,2,0,0,1,3,Response,991.21,1304.7,2154.63,3270.0,711.5,935.0,190.8,5.2272727272727275,23.1,356.3636363636364,1315.0,71.63636363636364
SV021,L,178,3,3,0,0,3,Response,2919.2599999999998,3270.0,2512.13,3270.0,569.15,1147.0,185.0,4.809523809523809,19.0,446.04761904761904,2137.0,88.0
SV021,L,179,3,3,0,0,3,Response,3065.1705882352944,3270.0,2673.3529411764707,3270.0,611.6470588235294,1060.0,180.0,1.9777777777777779,8.1,195.66666666666666,565.0,93.33333333333333
SV021,L,180,3,0,0,1,3,Response,1193.888888888889,1908.2,2291.511111111111,3270.0,740.2222222222222,1115.0,63.111111111111114,3.9899999999999998,15.7,284.1,901.0,226.8
SV021,L,181,2,3,1,1,3,Response,1145.1421052631579,1969.7,2643.115789473684,3270.0,696.6842105263158,1098.0,106.94736842105263,3.526315789473684,15.6,361.36842105263156,943.0,194.52631578947367
SV021,L,182,3,3,0,1,3,Response,895.0285714285716,1241.7,2322.657142857143,3270.0,661.1428571428571,1160.0,141.14285714285714,8.3375,16.2,439.75,1247.0,444.5
SV021,L,183,2,2,0,0,2,Response,3030.266666666667,3270.0,2274.2,3270.0,638.4444444444445,880.0,421.77777777777777,5.322222222222222,11.4,464.22222222222223,1986.0,105.77777777777777
SV021,L,184,2,0,0,1,2,Response,1197.0941176470587,1879.1,1809.0823529411766,3165.9,936.8235294117648,1155.0,205.88235294117646,3.094444444444444,18.4,290.44444444444446,945.0,36.22222222222222
SV021,L,185,2,0,1,0,3,Response,3152.9777777777776,3270.0,2675.6222222222223,3065.2,608.3333333333334,1067.0,261.77777777777777,5.779999999999999,19.1,290.8,635.0,111.6
SV021,L,186,2,2,0,1,2,Response,1081.7,1086.4,1365.0333333333335,1442.0,1072.3333333333333,1146.0,1573.3333333333333,4.8,7.8,351.75,998.0,116.0
SV021,L,187,2,3,1,0,3,Response,2984.883333333333,3270.0,2015.9166666666667,3270.0,806.0,1130.0,307.3333333333333,6.685714285714285,16.2,309.14285714285717,924.0,143.42857142857142
SV021,L,188,2,2,1,1,2,Response,1007.1200000000001,1338.5,1764.7,3115.5,860.8,1129.0,225.6,8.64,23.0,349.6,750.0,304.8
SV021,L,189,2,0,1,1,2,Response,903.7333333333333,1001.5,1952.6000000000001,2750.4,947.0,1092.0,179.55555555555554,3.2789473684210524,12.3,339.8421052631579,883.0,78.52631578947368
SV021,L,190,2,0,0,0,3,Response,3105.6545454545453,3270.0,2695.5545454545454,3270.0,569.5454545454545,1103.0,182.1818181818182,4.858333333333333,22.4,294.75,652.0,127.66666666666667
SV021,L,191,3,3,0,1,3,Response,1203.9,1450.3,1628.7,1963.8,1157.75,1249.0,69.0,4.220000000000001,12.7,339.6,1144.0,377.6
SV021,L,192,2,0,1,0,3,Response,2916.1,3270.0,3087.942105263158,3270.0,375.63157894736844,1077.0,153.47368421052633,4.765,18.1,595.4,1603.0,175.0
SV021,L,193,3,3,0,1,3,Response,1106.5588235294117,2067.7,2126.9058823529413,3270.0,842.4705882352941,1208.0,82.82352941176471,3.7277777777777783,11.1,452.22222222222223,1156.0,248.66666666666666
SV021,L,194,3,2,1,1,2,Response,816.2,1187.9,3035.675,3270.0,610.625,1104.0,168.5,6.266666666666667,23.6,262.6666666666667,619.0,84.44444444444444
SV021,L,195,2,0,1,1,3,Response,1133.9133333333334,1649.4,2419.713333333333,3270.0,944.6,1221.0,118.13333333333334,3.7062500000000003,15.4,299.375,744.0,86.0
SV021,L,196,2,3,1,0,3,Response,2694.8,2793.8,1462.65,1488.8,1032.5,1078.0,980.0,4.3,6.2,193.33333333333334,273.0,34.666666666666664
SV021,L,197,3,2,1,0,2,Response,2823.5,2858.0,1344.0500000000002,1367.2,1038.5,1072.0,906.0,6.366666666666667,7.9,516.6666666666666,776.0,140.0
SV021,L,198,2,2,1,1,2,Response,1314.0166666666667,1897.3,2449.266666666667,3270.0,922.6666666666666,1116.0,212.0,7.157142857142857,21.4,357.2857142857143,783.0,169.71428571428572
SV021,L,199,2,0,0,0,2,Response,3122.846153846154,3270.0,2420.853846153846,3208.9,633.1538461538462,1086.0,268.9230769230769,3.3214285714285716,15.7,200.28571428571428,750.0,54.57142857142857
SV021,L,200,3,3,0,0,3,Response,2902.4727272727273,3270.0,1956.5818181818183,3162.7,728.3636363636364,1082.0,174.54545454545453,5.1000000000000005,14.6,263.8333333333333,817.0,101.66666666666667
SV021,L,201,3,2,1,0,2,Response,2922.9,3014.2,1624.325,2034.5,941.75,1077.0,638.0,4.159999999999999,10.0,263.0,564.0,48.0
SV021,L,202,2,0,0,1,3,Response,800.05,1090.1,2120.6,2803.5,753.5,1023.0,172.0,13.933333333333332,19.4,787.0,1230.0,1612.0
SV021,L,203,2,2,0,0,2,Response,2699.8599999999997,3065.8,1629.98,2517.2,943.2,1178.0,944.8,4.95,12.3,322.8333333333333,976.0,76.66666666666667
SV021,L,204,3,0,1,0,3,Response,2824.433333333333,3005.9,1565.0333333333335,1860.1,971.0,1114.0,1361.3333333333333,5.033333333333333,12.6,178.33333333333334,350.0,37.333333333333336
SV021,L,205,3,2,0,1,2,Response,1062.45,1559.0,2320.6625,3059.6,689.75,1149.0,136.5,5.633333333333334,16.7,523.8888888888889,1212.0,232.88888888888889
SV021,L,206,2,3,1,1,3,Response,1031.51,1503.2,2771.84,3270.0,772.1,1185.0,117.6,5.418181818181818,21.1,419.3636363636364,956.0,124.72727272727273
SV021,L,207,2,2,0,0,2,Response,3007.7333333333336,3192.3,1969.3666666666668,3088.0,855.0,1038.0,1870.6666666666667,11.025,17.8,262.5,467.0,61.0
SV021,L,208,2,0,1,0,3,Response,2973.6,3070.7,1586.5,1711.6,848.0,935.0,817.3333333333334,5.65,13.0,511.25,917.0,141.0
SV021,L,209,2,2,0,1,2,Response,1151.0666666666666,1434.3,2091.7083333333335,2718.5,851.0833333333334,1085.0,121.5,2.568,13.3,414.88,1178.0,71.68
SV021,L,210,3,2,1,0,2,Response,2905.48,3063.8,1722.2400000000002,2130.3,868.4,1134.0,408.8,4.033333333333333,12.5,272.1666666666667,1061.0,80.0
SV021,L,211,2,2,1,1,2,Response,1301.1,1931.5,2349.8,3263.9,662.75,941.0,192.0,8.02,17.9,518.0,881.0,514.4
SV021,L,212,3,3,1,1,3,Response,1058.92,1307.8,1462.26,1585.3,972.2,1148.0,472.0,2.733333333333333,7.3,257.0,969.0,58.0
SV021,L,213,2,3,0,0,3,Response,2967.9444444444443,3270.0,1956.6777777777777,3270.0,837.6666666666666,1178.0,262.6666666666667,3.1222222222222222,11.1,162.44444444444446,455.0,45.333333333333336
SV021,L,214,2,2,0,0,2,Response,2915.325,2994.3,1659.1,1929.3,959.5,1073.0,900.0,4.859999999999999,9.7,209.2,471.0,36.0
SV021,L,215,3,3,1,0,3,Response,2948.6,3118.9,2004.1,2519.6,814.4,1122.0,544.8,5.7,12.2,276.0,818.0,70.0
SV021,L,216,2,2,0,1,2,Response,716.15,1096.2,2577.5833333333335,3270.0,560.8333333333334,1173.0,290.6666666666667,6.142857142857143,17.1,210.85714285714286,540.0,85.14285714285714
SV021,L,217,3,2,1,1,2,Response,1119.5333333333333,1311.8,1458.0333333333335,1802.2,1054.0,1126.0,298.6666666666667,3.8333333333333335,9.8,374.3333333333333,942.0,536.0
SV021,L,218,3,3,1,1,3,Response,1042.375,1235.7,2006.5083333333334,2759.4,814.3333333333334,1073.0,93.0,3.4538461538461536,10.5,224.84615384615384,721.0,83.07692307692308
SV021,L,219,3,3,1,0,3,Response,2955.37,3270.0,2379.58,3270.0,708.5,1091.0,239.2,3.3181818181818183,15.9,185.63636363636363,840.0,60.0
SV021,L,220,2,3,0,0,3,Response,2891.9,3047.1,1807.8,2518.8,818.4,1098.0,461.6,3.6833333333333336,9.6,157.5,263.0,31.333333333333332
SV021,L,221,2,3,0,0,3,Response,2993.2214285714285,3270.0,2333.0642857142857,3270.0,620.2142857142857,988.0,339.7142857142857,3.5266666666666664,17.8,329.6666666666667,1593.0,60.0
SV021,L,222,2,0,1,0,3,Response,2836.1416666666664,3069.9,2357.65,3270.0,720.0833333333334,1229.0,524.6666666666666,4.007692307692308,18.1,236.3846153846154,970.0,79.38461538461539
SV021,L,223,3,3,1,0,3,Response,3037.1666666666665,3270.0,2632.6777777777775,3270.0,601.8888888888889,1087.0,137.77777777777777,3.5200000000000005,15.3,315.3,1161.0,272.4
SV021,L,224,3,2,0,0,3,Response,2767.2444444444445,2960.8,1855.9555555555553,2261.1,849.7777777777778,1152.0,699.5555555555555,3.41,9.2,266.4,735.0,92.4
SV021,L,225,2,3,0,1,3,Response,593.921052631579,1648.1,2861.305263157895,3270.0,514.9473684210526,1234.0,192.0,3.965,16.3,276.55,909.0,137.0
SV021,L,226,3,2,0,1,2,Response,1100.4052631578948,1234.4,2014.3157894736842,2702.0,867.8421052631579,1168.0,66.73684210526316,2.1350000000000002,6.5,312.0,917.0,93.6
SV021,L,227,2,3,1,1,3,Response,788.9428571428572,1885.4,2560.628571428572,3270.0,655.4285714285714,1189.0,98.28571428571429,3.8400000000000003,23.5,253.93333333333334,962.0,75.2
SV021,L,228,2,2,1,0,2,Response,2479.95,2795.2,1334.65,1410.5,1047.5,1140.0,565.0,3.34,8.2,187.2,510.0,28.8
SV021,L,229,3,2,1,0,2,Response,3049.366666666667,3237.0,2171.3333333333335,2957.6,735.3333333333334,966.0,606.6666666666666,10.833333333333334,16.5,343.6666666666667,529.0,138.66666666666666
SV021,L,230,3,2,1,1,2,Response,1236.2857142857142,1622.0,2266.057142857143,3251.5,868.4285714285714,1126.0,204.0,6.05,18.0,218.75,393.0,55.5
SV021,L,231,3,0,1,1,3,Response,1094.1,1786.2,1292.675,1442.9,856.75,924.0,475.0,6.859999999999999,10.0,207.0,265.0,44.0
SV021,L,232,2,3,1,1,3,Response,1084.8428571428572,1481.8,2441.8571428571427,3040.5,816.4285714285714,1173.0,197.71428571428572,5.9625,21.2,313.625,1063.0,92.5
SV021,L,233,3,3,1,1,3,Response,1036.875,1316.3,1349.275,1603.4,978.25,1081.0,445.0,3.38,8.9,140.2,244.0,32.0
SV021,L,234,2,3,0,1,3,Response,1007.9,1503.9,2267.7,3111.1,731.3333333333334,1160.0,233.33333333333334,6.314285714285715,18.5,390.42857142857144,891.0,194.28571428571428
SV021,L,235,2,2,1,1,2,Response,1454.3181818181818,1802.3,2781.6181818181817,3270.0,821.8181818181819,1032.0,118.54545454545455,4.416666666666667,15.0,315.4166666666667,982.0,95.33333333333333
SV021,L,236,2,3,0,1,3,Response,1162.7333333333333,1248.9,2339.1222222222223,3091.5,824.7777777777778,868.0,226.22222222222223,4.75,20.2,411.4,1102.0,80.0
SV021,L,237,2,2,0,0,2,Response,2932.2,2986.8,1695.0,1979.6,780.5,850.0,1636.0,9.9,13.1,462.0,893.0,138.66666666666666
SV021,L,238,3,2,0,0,2,Response,2909.116666666667,3185.9,1997.1166666666668,2703.4,766.8333333333334,1093.0,325.3333333333333,4.428571428571429,9.9,201.85714285714286,479.0,66.28571428571429
SV021,L,239,3,0,1,0,3,Response,3087.1125,3270.0,2665.9625,3270.0,565.625,1060.0,193.0,4.544444444444444,15.2,231.55555555555554,622.0,64.44444444444444
SV021,L,240,2,0,0,0,3,Response,2887.5333333333333,3120.1,1795.5666666666666,2455.2,777.0,1000.0,644.6666666666666,4.242857142857143,12.8,359.0,1161.0,94.28571428571429
SV021,L,241,3,2,1,0,2,Response,1675.2,1873.5,943.3,1153.5,902.0,1004.0,163.0,2.16,3.0,511.2,1572.0,262.4
SV021,L,242,3,0,1,0,0,Response,1683.0,1800.6,867.8333333333334,1072.8,932.5,1222.0,256.0,1.6999999999999997,5.1,267.14285714285717,1114.0,465.14285714285717
SV021,L,243,2,3,1,0,3,Response,1783.6666666666667,1808.7,870.8666666666667,1127.3,892.3333333333334,1015.0,285.3333333333333,1.6500000000000001,3.2,359.0,1131.0,600.0
SV021,L,244,3,3,1,1,3,Response,,,,,,,,,,,,
SV021,L,245,2,3,0,1,3,Response,,,,,,,,,,,,
SV021,L,246,2,2,1,1,2,Response,,,,,,,,,,,,
SV021,L,247,2,0,0,0,0,Response,1809.7,1809.7,957.2,957.2,1104.0,1104.0,28.0,1.3,1.6,467.5,810.0,450.0
SV021,L,248,3,3,1,1,3,Response,1869.8,1924.5,689.75,1011.3,1255.75,1314.0,170.0,3.2399999999999998,8.0,675.6,2902.0,652.0
SV021,L,249,3,0,1,0,0,Response,,,,,,,,,,,,
SV021,L,250,2,3,1,1,3,Response,,,,,,,,,,,,
SV021,L,251,2,3,0,1,3,Response,,,,,,,,,,,,
SV021,L,252,2,0,1,0,0,Response,,,,,,,,,,,,
SV021,L,253,2,0,0,1,0,Response,,,,,,,,,,,,
SV021,L,254,2,0,1,0,0,Response,,,,,,,,1.1,1.1,1223.0,1223.0,260.0
SV021,L,255,3,2,1,0,2,Response,,,,,,,,,,,,
SV021,L,256,3,0,0,1,0,Response,,,,,,,,,,,,
SV021,L,257,2,0,0,1,0,Response,,,,,,,,,,,,
SV021,L,258,2,0,1,0,0,Response,,,,,,,,,,,,
SV021,L,259,3,3,0,1,3,Response,,,,,,,,,,,,
SV021,L,260,3,0,0,0,0,Response,,,,,,,,,,,,
SV021,L,261,3,3,1,1,3,Response,,,,,,,,,,,,
SV021,L,262,2,3,0,1,3,Response,,,,,,,,,,,,
SV021,L,263,2,0,1,1,0,Response,,,,,,,,,,,,
SV021,L,264,3,2,0,1,2,Response,,,,,,,,,,,,
SV021,L,265,2,3,1,0,3,Response,,,,,,,,,,,,
SV021,L,266,2,0,1,1,0,Response,,,,,,,,,,,,
SV021,L,267,3,3,1,1,3,Response,,,,,,,,,,,,
SV021,L,268,3,2,0,0,2,Response,,,,,,,,,,,,
SV021,L,269,2,0,0,0,0,Response,,,,,,,,,,,,
SV021,L,270,2,0,0,0,0,Response,,,,,,,,,,,,
SV021,L,271,2,2,1,0,2,Response,,,,,,,,,,,,
SV021,L,272,2,2,1,1,2,Response,,,,,,,,,,,,
SV021,L,273,2,0,0,1,0,Response,,,,,,,,7.1,7.1,918.0,918.0,288.0
SV021,L,274,3,2,1,0,2,Response,,,,,,,,,,,,
SV021,L,275,3,2,0,1,2,Response,,,,,,,,,,,,
SV021,L,276,2,3,0,0,3,Response,,,,,,,,,,,,
SV021,L,277,3,3,1,1,3,Response,,,,,,,,,,,,
SV021,L,278,2,2,1,0,2,Response,,,,,,,,,,,,
SV021,L,279,2,2,0,1,2,Response,,,,,,,,,,,,
SV021,L,280,2,3,0,0,3,Response,,,,,,,,,,,,
SV021,L,281,2,3,1,0,3,Response,,,,,,,,,,,,
SV021,L,282,3,2,1,0,2,Response,,,,,,,,,,,,
SV021,L,283,2,3,0,0,3,Response,,,,,,,,,,,,
SV021,L,284,3,0,1,1,0,Response,,,,,,,,5.1,5.1,1083.0,1083.0,308.0
SV021,L,285,2,3,0,1,3,Response,,,,,,,,,,,,
SV021,L,286,3,2,0,0,2,Response,,,,,,,,,,,,
SV021,L,287,2,2,0,0,2,Response,,,,,,,,,,,,
SV021,L,288,2,0,0,0,0,Response,,,,,,,,,,,,
SV021,L,289,3,2,1,0,2,Response,,,,,,,,,,,,
SV021,L,290,2,0,1,1,0,Response,1852.0,1852.0,1584.0,1584.0,722.0,722.0,16.0,4.55,7.3,544.5,931.0,140.0
SV021,L,291,2,2,1,0,2,Response,,,,,,,,,,,,
SV021,L,292,3,2,0,0,2,Response,,,,,,,,,,,,
SV021,L,293,3,0,1,0,0,Response,,,,,,,,,,,,
SV021,L,294,2,3,0,0,3,Response,1902.4,1902.4,1436.6,1436.6,797.0,797.0,64.0,3.45,6.0,725.0,1374.0,180.0
SV021,L,295,3,0,0,0,0,Response,,,,,,,,,,,,
SV021,L,296,2,0,0,1,0,Response,1845.2,1845.2,974.1,974.1,911.0,911.0,68.0,1.0499999999999998,1.4,131.5,171.0,12.0
SV021,L,297,3,3,0,1,3,Response,2058.9,2058.9,650.6,650.6,827.0,827.0,564.0,0.8999999999999999,1.4,63.5,74.0,18.0
SV021,L,298,3,0,0,0,0,Response,,,,,,,,,,,,
SV021,L,299,3,3,1,1,3,Response,,,,,,,,,,,,
SV021,L,300,3,3,1,0,3,Response,,,,,,,,,,,,
SV021,L,301,3,0,1,1,0,Response,,,,,,,,,,,,
SV021,L,302,2,2,1,1,2,Response,,,,,,,,0.6,0.6,148.0,148.0,32.0
SV021,L,303,3,3,1,1,3,Response,1842.8,1842.8,1404.9,1404.9,811.0,811.0,48.0,2.6,4.4,383.5,666.0,162.0
SV021,L,304,3,0,0,1,0,Response,,,,,,,,,,,,
SV021,L,305,3,3,0,0,3,Response,,,,,,,,0.7,0.7,230.0,230.0,28.0
SV021,L,306,2,3,1,0,3,Response,,,,,,,,,,,,
SV021,L,307,3,3,0,1,3,Response,,,,,,,,,,,,
SV021,L,308,3,3,0,0,3,Response,,,,,,,,,,,,
SV021,L,309,3,2,0,1,2,Response,,,,,,,,,,,,
SV021,L,310,3,0,1,1,0,Response,,,,,,,,4.5,4.5,1046.0,1046.0,360.0
SV021,L,311,2,0,1,0,0,Response,,,,,,,,,,,,
SV021,L,312,2,3,0,0,3,Response,,,,,,,,,,,,
SV021,L,313,3,2,1,1,2,Response,,,,,,,,,,,,
SV021,L,314,3,2,0,1,2,Response,,,,,,,,4.0,4.0,1195.0,1195.0,228.0
SV021,L,315,3,0,1,0,0,Response,,,,,,,,3.0,3.0,219.0,219.0,20.0
SV021,L,316,3,0,0,1,0,Response,,,,,,,,,,,,
SV021,L,317,2,2,1,1,2,Response,,,,,,,,,,,,
SV021,L,318,2,3,1,1,3,Response,,,,,,,,,,,,
SV021,L,319,2,0,1,0,0,Response,,,,,,,,,,,,
SV021,L,320,3,3,1,0,3,Response,,,,,,,,,,,,
SV021,L,321,3,0,1,1,0,Response,,,,,,,,,,,,
SV021,L,322,3,0,1,0,0,Response,,,,,,,,1.1,1.1,92.0,92.0,16.0
SV021,L,323,3,2,0,0,2,Response,,,,,,,,0.5,0.5,60.0,60.0,12.0
SV021,L,324,2,0,1,1,0,Response,,,,,,,,,,,,
SV021,L,325,2,3,0,0,3,Response,,,,,,,,,,,,
SV021,L,326,2,0,1,0,0,Response,,,,,,,,,,,,
SV021,L,327,2,3,0,0,3,Response,,,,,,,,,,,,
SV021,L,328,3,0,1,1,0,Response,,,,,,,,,,,,
SV021,L,329,3,3,1,0,3,Response,,,,,,,,3.3,3.3,613.0,613.0,304.0
SV021,L,330,2,0,1,0,0,Response,,,,,,,,,,,,
SV021,L,331,2,2,1,0,2,Response,,,,,,,,,,,,
SV021,L,332,3,2,0,1,2,Response,,,,,,,,,,,,
SV021,L,333,3,0,0,0,0,Response,,,,,,,,,,,,
SV021,L,334,2,0,1,0,0,Response,,,,,,,,,,,,
SV021,L,335,2,0,0,0,0,Response,,,,,,,,4.4,4.4,1062.0,1062.0,308.0
SV021,L,336,2,0,1,0,0,Response,,,,,,,,,,,,
SV021,L,337,3,2,1,1,2,Response,,,,,,,,,,,,
SV021,L,338,3,2,0,1,2,Response,,,,,,,,,,,,
SV021,L,339,3,0,1,0,0,Response,,,,,,,,,,,,
SV021,L,340,3,0,1,1,0,Response,,,,,,,,,,,,
SV021,L,341,3,2,0,0,2,Response,,,,,,,,,,,,
SV021,L,342,2,2,0,0,2,Response,,,,,,,,,,,,
SV021,L,343,2,2,1,0,2,Response,,,,,,,,,,,,
SV021,L,344,2,2,0,1,2,Response,,,,,,,,,,,,
SV021,L,345,3,0,0,1,0,Response,,,,,,,,,,,,
SV021,L,346,3,0,0,0,0,Response,,,,,,,,,,,,
SV021,L,347,2,0,0,1,0,Response,,,,,,,,,,,,
SV021,L,348,3,3,0,1,3,Response,,,,,,,,,,,,
SV021,L,349,3,2,0,0,2,Response,,,,,,,,,,,,
SV021,L,350,2,0,0,0,0,Response,,,,,,,,,,,,
SV021,L,351,3,2,1,0,2,Response,,,,,,,,,,,,
SV021,L,352,3,3,1,0,3,Response,,,,,,,,,,,,
SV021,L,353,3,2,1,1,2,Response,,,,,,,,,,,,
SV021,L,354,2,3,0,1,3,Response,,,,,,,,,,,,
SV021,L,355,3,3,1,0,3,Response,2083.65,2125.5,1168.15,1176.4,799.5,812.0,222.0,1.7000000000000002,3.7,403.0,1073.0,93.33333333333333
SV021,L,356,3,0,1,0,0,Response,,,,,,,,0.9,0.9,81.0,81.0,16.0
SV021,L,357,2,2,1,1,2,Response,,,,,,,,,,,,
SV021,L,358,2,3,0,0,3,Response,2074.7,2079.9,630.3,659.1,780.5,786.0,80.0,2.9,2.9,76.5,153.0,24.0
SV021,L,359,2,3,1,0,3,Response,,,,,,,,,,,,
SV021,L,360,2,0,0,1,0,Response,1873.0500000000002,1933.7,1537.9,1805.4,601.5,632.0,44.0,5.3999999999999995,10.5,266.3333333333333,551.0,30.666666666666668
SV021,L,361,2,3,1,1,3,Response,,,,,,,,,,,,
SV021,L,362,2,0,1,1,0,Response,,,,,,,,,,,,
SV021,L,363,2,2,0,1,2,Response,,,,,,,,,,,,
SV021,L,364,3,2,0,1,2,Response,,,,,,,,,,,,
SV021,L,365,2,3,0,1,3,Response,,,,,,,,,,,,
SV021,L,366,2,2,0,1,2,Response,,,,,,,,,,,,
SV021,L,367,2,3,1,0,3,Response,,,,,,,,0.6,0.6,1033.0,1033.0,320.0
SV021,L,368,3,2,0,1,2,Response,,,,,,,,,,,,
SV021,L,369,3,3,0,1,3,Response,,,,,,,,,,,,
SV021,L,370,3,3,0,1,3,Response,,,,,,,,,,,,
SV021,L,371,2,3,0,0,3,Response,,,,,,,,2.8,2.8,1020.0,1020.0,248.0
SV021,L,372,3,0,0,0,0,Response,,,,,,,,4.5,4.5,1075.0,1075.0,332.0
SV021,L,373,2,2,1,0,2,Response,,,,,,,,,,,,
SV021,L,374,2,2,0,0,2,Response,,,,,,,,,,,,
SV021,L,375,3,2,0,0,2,Response,,,,,,,,,,,,
SV021,L,376,2,2,0,1,2,Response,,,,,,,,,,,,
SV021,L,377,3,2,1,1,2,Response,,,,,,,,,,,,
SV021,L,378,3,2,1,1,2,Response,,,,,,,,,,,,
SV021,L,379,2,2,0,0,2,Response,,,,,,,,,,,,
SV021,L,380,3,2,1,1,2,Response,,,,,,,,,,,,
SV021,L,381,3,0,1,1,0,Response,,,,,,,,,,,,
SV021,L,382,3,2,1,0,2,Response,,,,,,,,,,,,
SV021,L,383,3,3,0,0,3,Response,,,,,,,,0.8,0.8,68.0,68.0,16.0
SV021,L,384,3,0,1,0,0,Response,,,,,,,,,,,,
SV021,L,385,2,0,1,1,0,Response,,,,,,,,,,,,
SV021,L,386,3,3,0,1,3,Response,,,,,,,,,,,,
SV021,L,387,3,2,1,1,2,Response,,,,,,,,1.1,1.1,1144.0,1144.0,304.0
SV021,L,388,2,2,1,1,2,Response,,,,,,,,,,,,
SV021,L,389,2,3,1,0,3,Response,,,,,,,,,,,,
SV021,L,390,3,3,0,0,3,Response,,,,,,,,,,,,
SV021,L,391,3,0,0,1,0,Response,,,,,,,,,,,,
SV021,L,392,3,2,1,1,2,Response,,,,,,,,,,,,
SV021,L,393,3,3,0,0,3,Response,,,,,,,,,,,,
SV021,L,394,2,2,0,0,2,Response,,,,,,,,,,,,
SV021,L,395,3,0,0,0,0,Response,,,,,,,,,,,,
SV021,L,396,2,2,0,1,2,Response,,,,,,,,,,,,
SV021,L,397,2,2,1,1,2,Response,,,,,,,,,,,,
SV021,L,398,3,0,0,1,0,Response,,,,,,,,1.4,1.4,1175.0,1175.0,308.0
SV021,L,399,2,2,1,0,2,Response,,,,,,,,,,,,
SV021,L,400,2,2,0,1,2,Response,,,,,,,,,,,,
SV021,L,401,3,3,0,0,3,Response,1884.3,1884.3,1822.6,1822.6,854.0,854.0,28.0,8.1,8.5,268.5,360.0,46.0
SV021,L,402,3,3,0,0,3,Response,,,,,,,,,,,,
SV021,L,403,2,2,0,0,2,Response,,,,,,,,0.5,0.5,64.0,64.0,12.0
SV021,L,404,2,2,0,0,2,Response,1976.7,1976.7,1143.1,1143.1,1005.0,1005.0,412.0,1.0,1.0,1208.0,1208.0,236.0
SV021,L,405,3,2,1,0,2,Response,,,,,,,,,,,,
SV021,L,406,2,0,0,0,0,Response,,,,,,,,2.2,2.2,625.0,625.0,148.0
SV021,L,407,3,3,0,1,4,Response,1718.6999999999998,2220.5,1045.1666666666667,1736.4,957.8888888888889,1005.0,261.77777777777777,4.21,17.1,435.0,1774.0,86.0
SV021,L,408,3,3,1,0,3,Response,2131.9,2131.9,903.1,903.1,889.0,889.0,280.0,2.05,2.7,110.5,120.0,28.0
SV021,L,409,3,0,0,1,0,Response,,,,,,,,,,,,
SV021,L,410,3,2,0,0,2,Response,,,,,,,,,,,,
SV021,L,411,2,0,1,1,0,Response,,,,,,,,,,,,
SV021,L,412,2,2,0,1,2,Response,1891.1,1891.1,1139.7,1139.7,917.0,917.0,108.0,0.5,1.0,45.0,90.0,24.0
SV021,L,413,3,3,0,0,3,Response,,,,,,,,0.5,0.5,62.0,62.0,12.0
SV021,L,414,3,0,1,0,0,Response,,,,,,,,,,,,
SV021,L,415,3,3,1,1,3,Response,1866.3999999999999,1927.2,1078.9666666666667,1139.2,991.0,1027.0,354.6666666666667,0.6666666666666666,0.9,52.0,84.0,37.333333333333336
SV021,L,416,2,0,0,0,0,Response,,,,,,,,3.1,3.1,1980.0,1980.0,256.0
SV021,L,417,2,3,1,1,4,Response,2015.7333333333333,2075.0,945.1333333333333,1060.6,959.0,996.0,200.0,0.3,0.4,23.666666666666668,51.0,253.33333333333334
SV021,L,418,3,0,1,1,0,Response,,,,,,,,,,,,
SV021,L,419,2,0,0,0,0,Response,,,,,,,,,,,,
SV021,L,420,3,3,0,0,4,Response,2081.6,2081.6,1104.4,1104.4,816.0,816.0,204.0,2.7,5.0,107.0,159.0,28.0
SV021,L,421,2,0,0,1,0,Response,2059.6,2059.6,954.4,954.4,804.0,804.0,276.0,0.8,0.9,76.5,85.0,16.0
SV021,L,422,2,2,1,1,2,Response,,,,,,,,,,,,
SV021,L,423,3,0,0,1,0,Response,,,,,,,,,,,,
SV021,L,424,2,3,1,1,3,Response,,,,,,,,,,,,
SV021,L,425,3,3,1,0,3,Response,,,,,,,,,,,,
SV021,L,426,2,3,0,1,3,Response,,,,,,,,,,,,
SV021,L,427,3,3,1,1,3,Response,,,,,,,,,,,,
SV021,L,428,2,2,1,0,2,Response,,,,,,,,,,,,
SV021,L,429,3,3,1,0,3,Response,,,,,,,,,,,,
SV021,L,430,2,3,1,1,3,Response,,,,,,,,1.1,1.1,777.0,777.0,228.0
SV021,L,431,3,0,0,0,0,Response,,,,,,,,,,,,
SV021,L,432,3,3,1,0,3,Response,,,,,,,,,,,,
SV021,L,433,3,0,0,0,0,Response,,,,,,,,0.5,0.5,1481.0,1481.0,248.0
SV021,L,434,3,0,0,1,0,Response,,,,,,,,,,,,
SV021,L,435,2,0,1,1,0,Response,,,,,,,,,,,,
SV021,L,436,3,2,1,0,2,Response,,,,,,,,0.5,0.5,64.0,64.0,12.0
SV021,L,437,3,2,1,0,2,Response,,,,,,,,0.9,0.9,86.0,86.0,16.0
SV021,L,438,2,3,1,1,3,Response,,,,,,,,,,,,
SV021,L,439,2,3,0,1,3,Response,,,,,,,,,,,,
SV021,L,440,2,3,1,0,3,Response,,,,,,,,,,,,
SV021,L,441,2,0,0,1,0,Response,,,,,,,,,,,,
SV021,L,442,2,2,0,1,2,Response,,,,,,,,,,,,
SV021,L,443,3,3,1,1,3,Response,,,,,,,,0.9,0.9,0.0,0.0,32.0
SV021,L,444,2,0,0,1,0,Response,,,,,,,,,,,,
SV021,L,445,3,3,0,1,3,Response,,,,,,,,,,,,
SV021,L,446,3,0,1,1,0,Response,,,,,,,,,,,,
SV021,L,447,2,3,0,1,3,Response,,,,,,,,,,,,
SV021,L,448,2,2,1,0,2,Response,,,,,,,,,,,,
SV021,L,449,3,3,0,0,3,Response,2001.2,2010.7,1000.45,1014.2,906.5,934.0,108.0,1.8,1.8,489.6666666666667,1469.0,164.0
SV021,L,450,3,2,0,0,2,Response,,,,,,,,1.8,1.8,0.0,0.0,20.0
SV021,L,451,3,3,1,0,3,Response,,,,,,,,1.0,1.0,721.0,721.0,172.0
SV021,L,452,2,0,0,0,0,Response,,,,,,,,,,,,
SV021,L,453,2,3,1,1,3,Response,,,,,,,,,,,,
SV021,L,454,3,0,0,1,0,Response,,,,,,,,2.6,2.6,891.0,891.0,152.0
SV021,L,455,3,2,1,1,2,Response,,,,,,,,,,,,
SV021,L,456,2,3,0,0,3,Response,,,,,,,,,,,,
SV021,L,457,2,0,1,1,0,Response,,,,,,,,,,,,
SV021,L,458,2,2,0,1,2,Response,,,,,,,,,,,,
SV021,L,459,2,0,1,1,0,Response,,,,,,,,,,,,
SV021,L,460,2,3,1,1,3,Response,2001.8,2001.8,1182.3,1182.3,906.0,906.0,72.0,2.7,3.5,1735.0,2176.0,270.0
SV021,L,461,2,3,1,1,3,Response,,,,,,,,,,,,
SV021,L,462,3,0,1,1,0,Response,,,,,,,,,,,,
SV021,L,463,2,2,1,1,2,Response,,,,,,,,0.6,0.6,78.0,78.0,12.0
SV021,L,464,3,0,1,0,0,Response,1999.7,1999.7,1100.8,1100.8,808.0,808.0,252.0,1.4,1.4,48.5,97.0,38.0
SV021,L,465,3,2,0,0,2,Response,,,,,,,,,,,,
SV021,L,466,2,3,1,0,3,Response,,,,,,,,,,,,
SV021,L,467,2,3,1,0,3,Response,,,,,,,,,,,,
SV021,L,468,3,3,0,1,3,Response,,,,,,,,,,,,
SV021,L,469,3,0,0,0,0,Response,,,,,,,,0.8,0.8,66.0,66.0,16.0
SV021,L,470,2,2,1,0,2,Response,,,,,,,,,,,,
SV021,L,471,3,2,0,1,2,Response,,,,,,,,,,,,
SV021,L,472,3,2,0,1,2,Response,,,,,,,,,,,,
SV021,L,473,2,0,0,1,0,Response,,,,,,,,,,,,
SV021,L,474,2,3,0,1,3,Response,,,,,,,,,,,,
SV021,L,475,2,2,0,0,2,Response,,,,,,,,0.5,0.5,57.0,57.0,12.0
SV021,L,476,3,2,1,1,2,Response,,,,,,,,,,,,
SV021,L,477,2,2,0,0,2,Response,,,,,,,,,,,,
SV021,L,478,2,0,1,0,0,Response,,,,,,,,,,,,
SV021,L,479,2,2,1,1,2,Response,,,,,,,,,,,,
SV021,L,480,2,2,0,0,2,Response,,,,,,,,,,,,
SV021,R,1,2,2,0,0,2,Response,1058.1642857142856,1313.4,1954.685714285714,2498.1,564.4285714285714,943.0,192.28571428571428,4.546666666666667,15.6,249.4,550.0,60.266666666666666
SV021,R,2,3,0,0,0,3,Response,1046.1375,1173.2,1729.9875,2213.8,626.25,868.0,262.5,4.044444444444444,9.9,209.88888888888889,528.0,49.77777777777778
SV021,R,3,3,0,1,1,2,Response,3052.7933333333335,3270.0,1954.3333333333333,2510.5,426.1333333333333,793.0,103.73333333333333,3.48125,10.0,233.875,599.0,47.25
SV021,R,4,2,3,0,1,3,Response,3071.9857142857145,3270.0,1785.8500000000001,2442.9,381.7857142857143,830.0,166.57142857142858,2.566666666666667,7.0,232.06666666666666,870.0,64.0
SV021,R,5,3,2,1,0,2,Response,1032.725,1126.4,1774.5125,2201.0,693.125,857.0,256.0,3.9555555555555557,9.9,242.66666666666666,782.0,53.77777777777778
SV021,R,6,3,0,0,1,3,Response,3183.35,3270.0,2159.241666666667,2469.4,323.0,755.0,104.0,1.4680000000000002,8.5,189.92,414.0,31.52
SV021,R,7,3,3,1,1,3,Response,3176.2466666666664,3270.0,2271.1466666666665,2604.7,325.0,790.0,146.13333333333333,2.6625,19.0,312.1875,1181.0,78.75
SV021,R,8,3,0,1,1,3,Response,2891.4125,3270.0,1874.8625,2420.5,455.625,878.0,270.5,3.5444444444444443,9.2,192.0,542.0,37.77777777777778
SV021,R,9,2,0,0,1,3,Response,3178.775,3270.0,2537.7708333333335,3182.4,244.75,699.0,109.66666666666667,2.068,22.0,267.24,1062.0,68.8
SV021,R,10,3,3,1,1,3,Response,2922.1,3270.0,2109.5333333333333,2798.8,555.6666666666666,748.0,510.6666666666667,10.174999999999999,21.4,585.25,899.0,129.0
SV021,R,11,3,2,0,1,2,Response,3090.67,3270.0,2090.66,2491.4,431.2,862.0,219.2,3.09,8.9,436.2,1682.0,55.2
SV021,R,12,3,2,0,0,2,Response,950.311111111111,1248.0,2029.9111111111113,2749.0,673.4444444444445,979.0,228.44444444444446,4.25,12.5,283.7,594.0,65.2
SV021,R,13,3,2,1,0,2,Response,1055.2133333333334,1651.7,2311.3333333333335,2942.7,680.2666666666667,898.0,338.4,4.7125,17.4,338.9375,786.0,89.5
SV021,R,14,2,2,1,0,2,Response,826.1545454545455,1302.7,2338.609090909091,2869.5,649.8181818181819,926.0,217.0909090909091,4.075,13.7,272.3333333333333,590.0,58.333333333333336
SV021,R,15,3,2,1,0,2,Response,1005.4875,1228.5,2043.5124999999998,2636.9,764.75,971.0,153.0,3.8444444444444446,11.8,222.55555555555554,467.0,43.111111111111114
SV021,R,16,3,3,0,1,3,Response,2990.68,3270.0,1919.1200000000001,2741.8,568.8,928.0,440.0,6.266666666666666,10.4,408.6666666666667,1024.0,103.33333333333333
SV021,R,17,2,3,1,1,3,Response,2946.55,3270.0,2274.67,2910.2,574.4,955.0,101.2,2.8142857142857145,16.6,534.0,2232.0,115.23809523809524
SV021,R,18,3,3,0,0,3,Response,1118.6166666666666,1514.0,2201.9,2769.5,626.3333333333334,954.0,131.66666666666666,3.9692307692307693,11.0,268.7692307692308,489.0,90.76923076923077
SV021,R,19,3,2,0,1,2,Response,2879.5,2910.0,1904.7333333333333,2069.8,682.6666666666666,856.0,203.33333333333334,2.442857142857143,9.1,482.42857142857144,1443.0,141.14285714285714
SV021,R,20,2,3,0,0,3,Response,1137.0117647058823,1883.0,2120.241176470588,2643.3,645.2941176470588,876.0,125.41176470588235,2.5944444444444446,7.7,218.88888888888889,455.0,40.44444444444444
SV021,R,21,2,3,1,0,3,Response,1025.6466666666668,1395.9,2183.3733333333334,3077.4,748.6,881.0,161.33333333333334,3.94375,17.4,295.9375,649.0,50.5
SV021,R,22,3,0,0,0,3,Response,1103.5272727272727,1765.2,2511.0272727272727,3270.0,518.9090909090909,906.0,166.1818181818182,5.391666666666667,17.2,360.5833333333333,949.0,84.0
SV021,R,23,2,3,1,1,3,Response,2732.171428571429,3042.5,2120.9,2968.1,568.0,860.0,237.14285714285714,3.7375,6.6,239.875,472.0,69.5
SV021,R,24,3,2,1,0,2,Response,818.2333333333332,1250.7,2576.5499999999997,3270.0,449.8333333333333,852.0,240.66666666666666,6.1000000000000005,18.4,303.6666666666667,594.0,75.33333333333333
SV021,R,25,3,0,0,0,3,Response,961.9692307692308,1432.7,2131.646153846154,3270.0,585.1538461538462,891.0,208.0,5.057142857142857,16.0,263.64285714285717,710.0,95.42857142857143
SV021,R,26,3,2,0,0,3,Response,1082.1083333333333,1560.3,1968.9416666666666,3270.0,603.75,908.0,139.0,6.8076923076923075,31.4,543.7692307692307,3270.0,93.84615384615384
SV021,R,27,3,3,0,1,3,Response,3001.713333333333,3270.0,1671.7066666666665,2293.0,755.4666666666667,871.0,133.86666666666667,3.0125,8.0,301.0,620.0,114.0
SV021,R,28,2,0,1,1,2,Response,2901.75,3144.5,2017.29375,2320.9,671.1875,976.0,115.25,2.623529411764706,12.5,512.4705882352941,2054.0,68.47058823529412
SV021,R,29,2,2,1,1,2,Response,2799.85,2930.1,1739.5,2015.3,738.6666666666666,946.0,161.33333333333334,3.957142857142857,9.4,437.57142857142856,1823.0,144.57142857142858
SV021,R,30,2,0,1,0,3,Response,770.4000000000001,1357.8,2394.133333333333,3270.0,628.0,931.0,217.33333333333334,4.43,17.1,280.1,678.0,63.6
SV021,R,31,3,0,1,0,3,Response,973.8888888888889,1793.8,2461.9777777777776,3270.0,552.5555555555555,919.0,299.1111111111111,4.45,11.7,292.2,626.0,72.0
SV021,R,32,3,2,1,1,2,Response,2786.82,3248.3,1852.44,2444.7,812.2,951.0,76.8,6.3999999999999995,14.9,528.3333333333334,1265.0,293.3333333333333
SV021,R,33,3,3,1,1,3,Response,2875.2,2891.8,2634.4,2851.4,422.5,509.0,58.0,13.6,20.8,539.0,837.0,1058.6666666666667
SV021,R,34,3,3,1,1,3,Response,2110.5,2110.5,1257.7,1257.7,960.0,960.0,180.0,1.65,2.4,1278.0,2473.0,1190.0
SV021,R,35,3,3,0,1,3,Response,,,,,,,,3.6,3.6,3054.0,3054.0,3364.0
SV021,R,36,3,3,0,0,3,Response,1015.75,1409.5,2371.9249999999997,2587.6,529.25,843.0,197.66666666666666,3.7,9.8,329.2307692307692,1033.0,130.76923076923077
SV021,R,37,2,2,1,0,2,Response,504.03999999999996,585.4,3049.2200000000003,3270.0,331.6,516.0,200.0,7.75,22.9,390.6666666666667,849.0,171.33333333333334
SV021,R,38,2,0,1,1,1,Response,2629.4666666666667,2749.7,1569.3,2002.5,848.6666666666666,1031.0,113.33333333333333,4.475,9.6,480.5,971.0,207.0
SV021,R,39,3,0,0,1,2,Response,2282.85,2612.7,1478.15,1826.3,857.5,950.0,100.0,5.966666666666666,12.2,538.0,1347.0,1261.3333333333333
SV021,R,40,3,2,1,1,2,Response,2887.777777777778,3270.0,2633.9777777777776,3270.0,382.1111111111111,725.0,108.88888888888889,4.05,13.4,521.2,2237.0,82.8
SV021,R,41,2,0,1,0,2,Response,363.15,423.2,3158.1,3270.0,237.0,255.0,700.0,16.633333333333333,24.9,495.6666666666667,774.0,80.0
SV021,R,42,2,0,1,1,1,Response,2550.5,2573.9,1866.55,2110.5,747.5,847.0,232.0,5.833333333333333,12.2,297.3333333333333,647.0,293.3333333333333
SV021,R,43,2,0,1,0,2,Response,598.8833333333333,1204.2,3043.75,3270.0,314.6666666666667,696.0,285.3333333333333,6.285714285714286,17.0,238.28571428571428,429.0,76.0
SV021,R,44,3,2,0,1,3,Response,2769.785714285714,2958.9,1587.6142857142856,1828.0,756.0,899.0,302.85714285714283,2.1375,5.3,189.375,432.0,49.0
SV021,R,45,2,0,1,0,2,Response,576.77,1075.0,2922.17,3270.0,348.4,826.0,112.0,4.027272727272727,16.9,800.9090909090909,3270.0,342.1818181818182
SV021,R,46,3,2,0,0,3,Response,1028.4071428571428,1535.2,2610.914285714286,3270.0,513.9285714285714,771.0,149.14285714285714,5.126666666666667,14.1,265.4,634.0,59.46666666666667
SV021,R,47,3,3,1,0,3,Response,848.99,1353.4,2413.9700000000003,3270.0,605.9,921.0,178.4,5.127272727272727,24.0,485.1818181818182,3270.0,61.81818181818182
SV021,R,48,3,0,0,1,3,Response,3103.808333333333,3270.0,2281.2833333333333,2657.7,521.75,884.0,133.33333333333334,2.5615384615384613,13.8,641.2307692307693,2058.0,121.53846153846153
SV021,R,49,3,3,1,0,3,Response,890.2875,1427.2,2470.7375,3270.0,647.0,948.0,282.5,7.944444444444445,31.7,596.1111111111111,3270.0,56.44444444444444
SV021,R,50,3,3,0,0,3,Response,1051.8692307692306,1380.5,1696.9461538461537,2661.4,772.8461538461538,892.0,131.3846153846154,3.2214285714285715,12.8,288.2857142857143,637.0,68.85714285714286
SV021,R,51,3,3,1,1,3,Response,2964.16,3270.0,2253.4700000000003,3129.1,497.2,812.0,252.4,3.3181818181818183,8.9,344.09090909090907,892.0,64.36363636363636
SV021,R,52,2,2,1,0,2,Response,819.4142857142857,1112.5,2117.657142857143,3270.0,671.5714285714286,888.0,214.85714285714286,5.425,15.9,275.875,652.0,105.5
SV021,R,53,2,3,1,1,3,Response,2981.7285714285713,3270.0,2486.828571428571,3246.5,515.0,885.0,194.28571428571428,5.65,20.3,321.0,794.0,188.5
SV021,R,54,3,2,1,1,2,Response,2638.3333333333335,2751.3,1533.2166666666665,2023.8,683.1666666666666,900.0,218.0,6.983333333333333,14.8,544.0,1671.0,91.33333333333333
SV021,R,55,3,3,0,0,3,Response,806.9722222222222,1360.5,2713.7944444444443,3270.0,542.7222222222222,907.0,471.1111111111111,4.752631578947368,27.2,294.7368421052632,649.0,111.78947368421052
SV021,R,56,2,0,0,1,3,Response,2903.157142857143,3270.0,1901.9285714285713,2871.1,621.5714285714286,923.0,272.0,8.3,21.8,524.75,1122.0,213.0
SV021,R,57,2,2,1,0,2,Response,799.4,1180.9,2407.9636363636364,3270.0,612.3636363636364,982.0,240.36363636363637,4.133333333333334,24.1,279.8333333333333,761.0,78.0
SV021,R,58,3,0,1,1,2,Response,2650.9,2738.4,2248.6,2494.1,657.75,755.0,586.0,5.74,13.7,297.8,940.0,76.0
SV021,R,59,3,3,0,1,3,Response,2887.775,3270.0,1981.7583333333332,2660.9,633.5,1070.0,116.33333333333333,3.269230769230769,14.7,519.5384615384615,2057.0,172.6153846153846
SV021,R,60,3,2,0,1,2,Response,3102.4545454545455,3270.0,2211.9,2743.7,460.45454545454544,931.0,273.8181818181818,2.7916666666666665,10.0,238.75,732.0,37.333333333333336
SV021,R,61,3,3,0,0,3,Response,897.9529411764706,1254.5,2407.229411764706,3270.0,522.8823529411765,946.0,209.64705882352942,2.7722222222222226,19.6,197.66666666666666,695.0,44.22222222222222
SV021,R,62,3,3,1,1,3,Response,2927.157142857143,3270.0,2102.828571428571,2612.3,680.1428571428571,1006.0,186.85714285714286,5.525,14.0,383.625,941.0,90.0
SV021,R,63,3,0,0,0,3,Response,1054.2333333333333,1319.4,2042.8555555555556,3112.5,713.4444444444445,960.0,164.0,5.03,16.3,229.0,520.0,47.2
SV021,R,64,2,2,0,1,2,Response,2983.06,3270.0,2155.0299999999997,2945.6,615.5,1027.0,167.6,3.436363636363636,8.5,299.1818181818182,1320.0,60.72727272727273
SV021,R,65,2,3,1,1,3,Response,2706.871428571428,2934.3,1586.8714285714286,2112.6,836.2857142857143,1016.0,250.28571428571428,3.0875,10.0,131.25,314.0,26.0
SV021,R,66,2,3,0,0,3,Response,1146.575,1167.4,1484.05,1566.7,772.75,794.0,423.0,1.86,3.6,157.0,213.0,44.0
SV021,R,67,3,0,0,0,3,Response,1405.4727272727273,1699.5,2341.218181818182,2581.7,666.2727272727273,939.0,145.8181818181818,3.4583333333333335,10.6,239.5,774.0,63.333333333333336
SV021,R,68,2,3,0,1,3,Response,3165.4444444444443,3270.0,2364.722222222222,3073.7,346.8888888888889,1007.0,211.11111111111111,4.35,20.2,281.6,1082.0,70.0
SV021,R,69,2,0,0,0,3,Response,1106.18,1600.0,2369.0666666666666,3270.0,652.1333333333333,995.0,195.2,3.41875,7.3,271.875,505.0,54.0
SV021,R,70,2,3,1,1,3,Response,3035.976923076923,3270.0,2514.4,3270.0,455.0769230769231,958.0,170.76923076923077,4.507142857142857,20.0,317.85714285714283,766.0,96.28571428571429
SV021,R,71,2,3,0,1,3,Response,3123.1666666666665,3270.0,2257.2444444444445,2859.1,425.6666666666667,926.0,234.66666666666666,6.0600000000000005,21.5,421.5,1258.0,41.2
SV021,R,72,3,0,0,1,3,Response,2992.628571428572,3270.0,1981.1142857142856,2330.3,593.5714285714286,868.0,316.0,6.057142857142857,11.1,691.1428571428571,1314.0,144.0
SV021,R,73,3,3,1,1,3,Response,3107.0913043478263,3270.0,2815.913043478261,3270.0,286.95652173913044,1030.0,153.56521739130434,2.170833333333333,19.7,228.33333333333334,989.0,48.833333333333336
SV021,R,74,3,3,1,0,3,Response,1295.7875,1621.7,2515.1875,2911.0,737.0,882.0,255.0,5.444444444444445,14.2,375.22222222222223,1011.0,77.77777777777777
SV021,R,75,3,0,1,0,3,Response,1204.9,1615.6,1985.1625,2376.0,850.25,988.0,192.0,3.8000000000000003,10.6,185.66666666666666,412.0,42.666666666666664
SV021,R,76,3,2,0,0,2,Response,1223.5666666666666,1473.8,1572.3,1899.0,762.5,949.0,251.33333333333334,2.757142857142857,6.1,172.85714285714286,321.0,49.714285714285715
SV021,R,77,3,3,0,1,3,Response,3094.8222222222225,3270.0,2389.0555555555557,3270.0,477.1111111111111,904.0,271.55555555555554,6.088888888888889,12.3,326.77777777777777,799.0,102.22222222222223
SV021,R,78,3,2,0,0,3,Response,1198.6307692307694,1591.8,1939.5615384615385,3075.1,779.5384615384615,1038.0,256.9230769230769,3.3642857142857143,8.5,261.7857142857143,807.0,65.71428571428571
SV021,R,79,2,0,1,0,3,Response,1341.6277777777777,1742.6,2386.2944444444447,3270.0,735.2777777777778,1056.0,137.33333333333334,3.7210526315789476,16.0,246.89473684210526,746.0,59.578947368421055
SV021,R,80,2,2,0,1,2,Response,2960.8454545454547,3270.0,2476.481818181818,3078.1,532.9090909090909,998.0,241.0909090909091,2.354545454545455,9.3,220.8181818181818,461.0,79.27272727272727
SV021,R,81,3,2,1,0,2,Response,1125.659090909091,1433.5,2368.981818181818,3270.0,633.6818181818181,901.0,126.0,2.9545454545454546,12.0,183.72727272727272,476.0,46.36363636363637
SV021,R,82,2,0,0,1,3,Response,3197.06,3270.0,2641.415,3130.6,263.5,1071.0,133.2,2.5,21.6,241.57142857142858,1029.0,49.904761904761905
SV021,R,83,3,3,0,0,3,Response,1169.1333333333334,1471.6,2423.5555555555557,3270.0,612.5,924.0,184.22222222222223,2.618918918918919,7.5,205.35135135135135,542.0,37.83783783783784
SV021,R,84,3,2,1,0,2,Response,1215.7714285714285,1774.8,2254.0,3270.0,654.8571428571429,990.0,254.85714285714286,4.128571428571428,8.7,239.42857142857142,358.0,31.428571428571427
SV021,R,85,3,0,0,0,3,Response,1304.25,1639.6,2117.3166666666666,2923.6,695.6666666666666,880.0,248.0,8.0,15.2,445.0,828.0,147.42857142857142
SV021,R,86,2,3,1,1,3,Response,2751.7599999999998,2865.0,2181.1,2531.6,704.8,967.0,757.6,3.3666666666666667,7.5,185.66666666666666,498.0,74.0
SV021,R,87,3,3,1,0,3,Response,1067.7333333333333,1360.3,2365.85,3015.6,605.3333333333334,939.0,326.0,6.516666666666667,16.8,651.3333333333334,2612.0,91.33333333333333
SV021,R,88,2,3,0,1,3,Response,2903.2333333333336,2958.9,1844.5666666666668,2087.3,746.0,916.0,662.6666666666666,5.025,12.0,609.0,1376.0,109.0
SV021,R,89,3,0,1,0,3,Response,1239.7777777777778,1532.1,2003.7111111111112,2426.2,792.1111111111111,946.0,174.66666666666666,3.07,13.0,175.3,355.0,28.4
SV021,R,90,3,2,1,1,2,Response,3066.2999999999997,3270.0,2211.383333333333,2762.7,497.5,989.0,315.3333333333333,4.771428571428571,18.0,392.85714285714283,1508.0,31.428571428571427
SV021,R,91,2,3,1,1,3,Response,2736.0333333333333,2991.0,2039.4666666666665,2367.1,718.3333333333334,940.0,241.33333333333334,4.0,12.5,533.5714285714286,1640.0,132.57142857142858
SV021,R,92,2,0,0,1,1,Response,3196.4666666666667,3270.0,2048.4583333333335,2276.4,358.8333333333333,912.0,134.0,2.423076923076923,7.7,257.9230769230769,585.0,33.84615384615385
SV021,R,93,2,2,0,1,2,Response,3056.4833333333336,3270.0,2194.4,2719.4,575.3333333333334,1007.0,168.66666666666666,3.608333333333333,12.9,335.25,1059.0,59.666666666666664
SV021,R,94,2,2,1,1,2,Response,2616.9666666666667,2746.2,1899.9333333333332,2197.7,752.3333333333334,901.0,854.6666666666666,3.866666666666667,9.4,329.3333333333333,793.0,88.0
SV021,R,95,2,2,0,1,2,Response,3197.3076923076924,3270.0,2117.507692307692,2343.2,342.2307692307692,930.0,111.07692307692308,1.2538461538461538,6.5,316.6923076923077,1734.0,54.76923076923077
SV021,R,96,2,0,0,1,1,Response,3185.3,3270.0,2472.1,3084.6,333.2,620.0,223.2,6.05,19.2,512.3333333333334,1283.0,80.66666666666667
SV021,R,97,3,2,0,1,2,Response,3217.7875,3270.0,2282.075,2774.2,370.375,940.0,197.5,1.6555555555555557,8.7,214.11111111111111,683.0,28.0
SV021,R,98,2,0,1,1,2,Response,3111.381818181818,3270.0,2380.1363636363635,2930.0,459.72727272727275,859.0,156.0,4.791666666666667,21.5,423.6666666666667,1038.0,96.0
SV021,R,99,2,3,1,0,3,Response,1010.9571428571428,1343.3,2226.7571428571428,3270.0,673.8571428571429,972.0,256.57142857142856,4.7125,12.9,256.625,592.0,56.0
SV021,R,100,3,0,1,0,3,Response,781.6538461538462,1157.0,2264.492307692308,2844.1,453.38461538461536,788.0,150.46153846153845,2.2714285714285714,5.6,132.57142857142858,200.0,66.57142857142857
SV021,R,101,3,2,0,1,2,Response,3036.5,3270.0,1988.7,2527.9,527.25,893.0,183.5,3.9777777777777774,17.7,367.55555555555554,1194.0,102.22222222222223
SV021,R,102,2,2,0,1,3,Response,3208.8384615384616,3270.0,2259.484615384615,3027.3,326.84615384615387,907.0,199.3846153846154,2.9071428571428575,10.0,233.28571428571428,644.0,49.42857142857143
SV021,R,103,2,3,0,1,3,Response,2954.9285714285716,3270.0,1990.7857142857142,2417.2,497.0,1040.0,278.2857142857143,4.6375,14.9,306.125,627.0,81.5
SV021,R,104,2,0,1,0,3,Response,840.7916666666666,1421.7,2535.1833333333334,3270.0,485.1666666666667,938.0,308.3333333333333,3.9384615384615387,18.3,204.0,428.0,52.92307692307692
SV021,R,105,3,3,0,0,3,Response,954.85,1852.2,2664.505,3270.0,459.3,893.0,203.4,3.433333333333333,17.5,244.28571428571428,520.0,48.0
SV021,R,106,2,2,0,1,3,Response,3177.8888888888887,3270.0,2355.711111111111,2818.6,337.6666666666667,930.0,201.77777777777777,3.788888888888889,13.0,347.6666666666667,863.0,62.22222222222222
SV021,R,107,2,0,0,1,3,Response,3016.48,3270.0,1772.1599999999999,2458.2,506.2,877.0,343.2,4.8500000000000005,15.9,591.3333333333334,1441.0,123.33333333333333
SV021,R,108,3,2,1,1,2,Response,2951.8599999999997,3270.0,1972.8799999999999,2665.1,585.6,992.0,294.4,7.116666666666667,16.1,466.3333333333333,990.0,86.66666666666667
SV021,R,109,3,0,1,0,3,Response,910.8636363636364,1307.0,2586.8545454545456,3270.0,491.54545454545456,848.0,215.27272727272728,4.209090909090909,17.9,256.45454545454544,691.0,69.45454545454545
SV021,R,110,2,2,1,1,2,Response,3206.5142857142855,3270.0,2725.457142857143,3170.3,283.7142857142857,828.0,296.57142857142856,4.5,20.9,411.25,1617.0,79.5
SV021,R,111,3,3,0,0,3,Response,900.5857142857143,1508.4,2429.0071428571428,3270.0,542.4285714285714,878.0,273.7142857142857,2.5266666666666664,6.1,193.4,370.0,64.0
SV021,R,112,3,2,1,0,2,Response,783.3222222222222,1404.3,2552.8444444444444,3270.0,525.1111111111111,932.0,165.77777777777777,4.74,24.2,212.7,561.0,53.6
SV021,R,113,3,3,1,0,3,Response,1025.59,1546.7,2559.94,2838.7,589.3,839.0,302.8,3.0727272727272723,14.4,199.72727272727272,495.0,30.181818181818183
SV021,R,114,3,3,0,0,3,Response,1201.72,1865.6,2312.273333333333,3270.0,575.9333333333333,867.0,232.26666666666668,4.8125,16.1,236.125,534.0,58.25
SV021,R,115,2,0,0,0,3,Response,976.0846153846154,1589.2,2335.146153846154,3270.0,516.6923076923077,890.0,159.07692307692307,2.6785714285714284,11.5,186.35714285714286,742.0,61.142857142857146
SV021,R,116,3,0,1,1,2,Response,3093.6666666666665,3270.0,2547.266666666667,3264.3,417.1666666666667,932.0,312.0,5.6000000000000005,21.5,422.57142857142856,1320.0,77.71428571428571
SV021,R,117,2,0,1,1,3,Response,3254.525,3270.0,2725.0875,2959.5,266.375,823.0,195.25,2.070588235294118,18.3,272.4117647058824,1383.0,56.23529411764706
SV021,R,118,3,0,1,1,2,Response,3139.5,3270.0,2531.866666666667,2880.5,334.5833333333333,1022.0,206.33333333333334,1.075,8.9,152.66666666666666,604.0,19.666666666666668
SV021,R,119,3,0,1,1,3,Response,3177.1,3270.0,2563.6454545454544,2994.7,365.6363636363636,1063.0,193.0909090909091,3.6,18.8,354.3333333333333,1005.0,67.33333333333333
SV021,R,120,2,3,1,0,3,Response,1196.6000000000001,1541.9,2317.0285714285715,2918.3,618.4285714285714,792.0,233.14285714285714,5.3125,15.1,237.875,386.0,46.0
SV021,R,121,2,0,1,0,2,Response,1258.3666666666666,1491.9,2014.8666666666668,2104.9,759.6666666666666,823.0,372.0,6.65,10.4,248.5,385.0,54.0
SV021,R,122,2,0,0,0,3,Response,1118.8,1549.1,2346.753846153846,3270.0,548.5384615384615,827.0,179.69230769230768,4.771428571428571,16.6,224.78571428571428,522.0,57.142857142857146
SV021,R,123,3,3,1,1,3,Response,3123.192857142857,3270.0,2603.6857142857143,3270.0,381.7857142857143,1075.0,168.0,2.7199999999999998,12.7,215.33333333333334,796.0,66.13333333333334
SV021,R,124,3,3,0,1,3,Response,3157.04,3270.0,2692.4066666666668,3270.0,315.3333333333333,981.0,143.73333333333332,2.3,15.5,267.0,1515.0,47.0
SV021,R,125,2,0,1,0,3,Response,1002.5,1438.8,2850.0444444444447,3270.0,514.8888888888889,704.0,152.0,4.62,18.6,291.7,915.0,94.4
SV021,R,126,2,2,1,1,2,Response,2857.355555555556,3270.0,2295.488888888889,3270.0,545.2222222222222,942.0,164.44444444444446,4.833333333333333,11.8,397.3333333333333,815.0,112.0
SV021,R,127,3,3,1,0,3,Response,1016.876923076923,1403.0,2397.2615384615387,3270.0,606.5384615384615,918.0,116.61538461538461,3.307142857142857,14.5,196.35714285714286,659.0,54.57142857142857
SV021,R,128,2,0,1,1,3,Response,3090.788888888889,3270.0,2371.711111111111,2895.8,430.44444444444446,992.0,195.11111111111111,3.9,19.9,293.5,965.0,75.2
SV021,R,129,2,0,1,1,3,Response,3023.661111111111,3270.0,1848.888888888889,2369.8,596.8333333333334,1014.0,198.22222222222223,2.2210526315789476,9.7,203.42105263157896,727.0,44.0
SV021,R,130,2,3,0,0,3,Response,1089.0777777777778,1668.4,2024.2333333333331,3270.0,650.6666666666666,1027.0,144.0,4.96,21.1,269.6,777.0,91.2
SV021,R,131,2,2,1,1,2,Response,3101.842857142857,3270.0,2241.342857142857,2915.4,426.7142857142857,1035.0,209.14285714285714,4.8,15.9,418.0,1285.0,67.42857142857143
SV021,R,132,2,2,1,0,2,Response,1275.58,1807.4,1636.1200000000001,2352.0,846.8,973.0,255.2,4.766666666666667,14.8,279.5,686.0,94.66666666666667
SV021,R,133,3,0,1,1,3,Response,2928.4833333333336,3270.0,1964.5833333333333,2571.8,568.6666666666666,1013.0,314.0,4.157142857142857,10.1,318.14285714285717,854.0,24.571428571428573
SV021,R,134,3,0,1,1,3,Response,2735.0,3270.0,1475.8000000000002,2086.3,761.25,1005.0,397.0,5.2,9.4,314.8,727.0,68.8
SV021,R,135,3,3,1,0,3,Response,1029.025,1192.8,1807.825,1988.5,755.25,933.0,391.0,4.42,12.9,166.0,405.0,32.8
SV021,R,136,3,0,1,1,3,Response,3099.975,3270.0,2535.975,2932.2,372.0,860.0,236.0,4.555555555555555,15.9,376.6666666666667,1290.0,64.88888888888889
SV021,R,137,3,0,1,0,3,Response,1331.5,1905.8,1557.6166666666668,2007.0,845.6666666666666,968.0,302.6666666666667,2.7142857142857144,5.0,294.2857142857143,1015.0,59.42857142857143
SV021,R,138,2,0,1,0,3,Response,947.8333333333334,1190.1,2313.733333333333,3270.0,592.6666666666666,939.0,516.0,11.7,18.1,325.75,575.0,149.0
SV021,R,139,3,2,0,0,2,Response,1271.775,1550.2,1664.6875,2437.5,805.5,955.0,155.0,2.8777777777777778,10.5,223.11111111111111,712.0,74.66666666666667
SV021,R,140,3,3,0,1,3,Response,3201.7571428571428,3270.0,2337.8714285714286,2925.6,344.0,753.0,284.0,3.8125,19.1,336.375,1443.0,30.0
SV021,R,141,3,0,0,1,3,Response,3076.8,3270.0,2160.7636363636366,2745.7,452.3636363636364,922.0,173.0909090909091,4.154545454545455,16.3,388.27272727272725,1323.0,44.0
SV021,R,142,2,3,0,0,3,Response,1298.54,1673.0,1691.44,2358.3,751.8,890.0,252.0,4.433333333333334,11.2,291.5,690.0,90.66666666666667
SV021,R,143,2,3,0,0,3,Response,1222.6358974358975,1933.0,2374.397435897436,3270.0,673.3076923076923,882.0,124.2051282051282,2.39,12.8,212.425,595.0,43.3
SV021,R,144,2,0,0,0,3,Response,1364.7894736842106,1676.7,2352.4815789473687,3270.0,701.3684210526316,928.0,139.3684210526316,3.041025641025641,14.5,215.66666666666666,685.0,46.05128205128205
SV021,R,145,2,0,0,0,3,Response,1156.7625,1680.5,2407.06875,3270.0,613.6875,987.0,108.0,3.476470588235294,18.1,222.8235294117647,515.0,60.94117647058823
SV021,R,146,2,3,0,0,3,Response,948.0076923076923,1394.0,2423.8,3270.0,577.4615384615385,976.0,181.23076923076923,3.4642857142857144,10.8,261.5,553.0,82.57142857142857
SV021,R,147,2,2,1,1,2,Response,2996.9857142857145,3270.0,2431.5714285714284,2798.1,415.57142857142856,743.0,169.71428571428572,3.9250000000000003,18.2,412.25,1543.0,71.0
SV021,R,148,2,3,1,0,3,Response,1170.4250000000002,1266.9,1680.3,1997.1,819.0,888.0,326.0,3.22,6.9,161.8,345.0,30.4
SV021,R,149,3,0,0,0,3,Response,1248.9666666666667,1356.8,1644.1166666666668,1774.4,754.8333333333334,853.0,264.0,2.242857142857143,5.9,229.85714285714286,798.0,70.85714285714286
SV021,R,150,2,0,0,0,2,Response,1315.7058823529412,1754.5,2251.3411764705884,2637.1,611.2352941176471,825.0,132.94117647058823,1.4722222222222223,3.9,167.94444444444446,345.0,29.77777777777778
SV021,R,151,3,0,1,1,3,Response,3094.229411764706,3270.0,2702.5117647058823,3270.0,434.0,953.0,110.58823529411765,3.1944444444444446,16.6,415.3888888888889,1236.0,102.22222222222223
SV021,R,152,3,3,0,1,3,Response,3242.0333333333333,3270.0,2677.1388888888887,2939.9,252.55555555555554,901.0,145.11111111111111,1.1777777777777778,13.5,200.44444444444446,832.0,64.0
SV021,R,153,2,0,0,0,3,Response,1160.4461538461537,1710.0,2044.1076923076923,3270.0,649.5384615384615,1008.0,217.53846153846155,3.1714285714285713,16.2,198.35714285714286,620.0,48.857142857142854
SV021,R,154,2,2,1,1,2,Response,2942.25,3270.0,2835.664285714286,3270.0,403.0,1041.0,119.14285714285714,3.4933333333333336,17.5,283.46666666666664,514.0,97.33333333333333
SV021,R,155,3,2,1,1,2,Response,3183.75,3270.0,2592.133333333333,2892.6,327.6666666666667,900.0,399.3333333333333,5.200000000000001,19.3,499.7142857142857,1479.0,43.42857142857143
SV021,R,156,3,2,1,1,2,Response,3138.718181818182,3270.0,2631.0454545454545,3016.7,259.72727272727275,759.0,220.72727272727272,4.1000000000000005,24.9,252.83333333333334,943.0,58.333333333333336
SV021,R,157,3,0,0,1,1,Response,3117.633333333333,3270.0,2270.6,2540.5,391.0,681.0,134.66666666666666,3.266666666666667,8.5,330.6666666666667,653.0,22.666666666666668
SV021,R,158,3,0,1,0,3,Response,1086.5538461538463,1652.8,2416.984615384615,3270.0,617.4615384615385,924.0,167.07692307692307,2.9071428571428575,11.0,198.92857142857142,612.0,49.142857142857146
SV021,R,159,2,2,0,0,2,Response,1220.2642857142857,1570.5,2262.942857142857,3270.0,590.5,992.0,218.28571428571428,2.5533333333333332,10.8,196.8,534.0,37.06666666666667
SV021,R,160,3,0,1,0,3,Response,1135.388888888889,1844.1,2437.133333333333,2905.8,420.77777777777777,804.0,336.8888888888889,2.52,4.5,169.9,276.0,26.8
SV021,R,161,2,2,0,0,2,Response,939.8875,1572.1,2691.5125,3270.0,320.25,777.0,193.5,2.6882352941176473,7.2,200.1764705882353,366.0,34.35294117647059
SV021,R,162,2,3,0,1,3,Response,3057.146153846154,3270.0,2343.269230769231,2794.8,523.3076923076923,951.0,86.15384615384616,4.035714285714286,16.1,334.35714285714283,837.0,237.42857142857142
SV021,R,163,2,3,1,1,3,Response,2981.7428571428572,3270.0,2563.057142857143,3270.0,519.8571428571429,1018.0,235.14285714285714,3.2785714285714285,12.0,202.85714285714286,682.0,99.42857142857143
SV021,R,164,3,2,0,0,3,Response,869.15,1508.8,2630.6875,3270.0,352.875,739.0,246.0,4.777777777777778,17.9,246.0,612.0,85.77777777777777
SV021,R,165,2,3,1,0,3,Response,1063.0666666666666,1656.6,2660.766666666667,3270.0,434.3333333333333,878.0,282.6666666666667,3.8200000000000003,13.4,194.0,452.0,55.6
SV021,R,166,2,3,0,1,3,Response,3129.805882352941,3270.0,2146.1117647058823,2659.0,661.8823529411765,913.0,162.35294117647058,2.95,7.8,402.1111111111111,972.0,104.22222222222223
SV021,R,167,2,2,0,1,2,Response,3139.2555555555555,3270.0,2481.9666666666667,3133.2,558.4444444444445,986.0,276.8888888888889,4.57,19.8,150.9,536.0,288.4
SV021,R,168,3,2,1,1,2,Response,3058.2684210526313,3270.0,2711.1473684210528,3270.0,544.6315789473684,872.0,164.0,3.85,12.5,250.5,934.0,120.2
SV021,R,169,2,2,1,1,2,Response,2904.1615384615384,3270.0,2487.1615384615384,3032.8,594.2307692307693,904.0,92.92307692307692,3.392857142857143,11.4,293.07142857142856,861.0,80.85714285714286
SV021,R,170,2,3,1,0,3,Response,959.8571428571429,1514.3,2741.8214285714284,3270.0,448.57142857142856,789.0,307.42857142857144,3.5733333333333333,13.8,215.66666666666666,565.0,65.6
SV021,R,171,2,0,0,1,3,Response,3033.7555555555555,3180.2,2091.8777777777777,2272.6,783.6666666666666,890.0,129.33333333333334,3.08,11.8,384.0,927.0,143.2
SV021,R,172,3,0,1,0,3,Response,1255.635294117647,1570.2,2471.9529411764706,2916.6,615.4117647058823,910.0,140.7058823529412,3.905882352941177,16.1,264.05882352941177,422.0,63.529411764705884
SV021,R,173,3,0,0,1,3,Response,2989.0714285714284,3270.0,1999.5142857142857,2547.3,614.0,985.0,233.14285714285714,4.0875,9.4,323.375,887.0,37.0
SV021,R,174,2,3,0,0,3,Response,1022.7700000000001,1494.7,2454.96,2783.8,449.3,866.0,204.0,3.6,11.2,480.27272727272725,3048.0,69.81818181818181
SV021,R,175,3,0,0,0,3,Response,1363.0666666666666,1669.1,1720.7777777777778,1992.9,676.3333333333334,932.0,180.0,1.75,6.7,144.5,209.0,44.4
SV021,R,176,2,0,0,1,2,Response,3030.4307692307693,3270.0,2065.9692307692308,2759.4,541.6153846153846,982.0,181.53846153846155,3.664285714285714,10.4,336.92857142857144,814.0,72.57142857142857
SV021,R,177,3,2,0,1,2,Response,2967.9266666666667,3270.0,2271.133333333333,3267.4,596.3333333333334,1063.0,215.46666666666667,4.6466666666666665,21.1,356.4,1191.0,72.53333333333333
SV021,R,178,2,2,0,0,2,Response,1453.4285714285713,1678.2,2106.235714285714,2626.8,736.5714285714286,940.0,195.14285714285714,1.9785714285714284,9.1,209.85714285714286,559.0,42.857142857142854
SV021,R,179,2,0,1,1,2,Response,2789.0625,2934.6,2077.6375,2413.4,702.5,1063.0,352.0,2.611111111111111,11.1,216.66666666666666,977.0,56.0
SV021,R,180,3,3,0,0,3,Response,1308.26,1404.3,2097.75,2310.5,555.5,754.0,322.8,2.3000000000000003,7.7,156.0909090909091,256.0,32.72727272727273
SV021,R,181,2,0,1,0,3,Response,1003.8066666666667,1347.1,2780.8733333333334,3270.0,454.53333333333336,844.0,347.46666666666664,3.95,15.4,245.5,559.0,71.25
SV021,R,182,2,2,0,1,2,Response,3119.85,3270.0,2614.1625,3260.8,533.8125,713.0,102.0,3.9529411764705884,21.3,303.11764705882354,841.0,155.52941176470588
SV021,R,183,2,3,0,1,3,Response,2977.3416666666667,3270.0,2236.233333333333,3065.4,744.1666666666666,1061.0,290.6666666666667,4.076923076923077,9.0,275.0769230769231,500.0,86.46153846153847
SV021,R,184,2,0,1,1,3,Response,3007.383333333333,3236.1,2617.0499999999997,3048.1,548.0,961.0,204.0,6.057142857142858,14.4,392.0,748.0,222.28571428571428
SV021,R,185,3,3,1,0,3,Response,1018.1125000000001,1604.4,2533.5375,2991.1,553.125,870.0,241.5,3.85,13.9,270.375,412.0,55.0
SV021,R,186,2,3,1,0,3,Response,1276.25,1415.2,1987.2624999999998,2169.6,712.5,828.0,228.0,1.9555555555555557,4.7,214.88888888888889,542.0,44.888888888888886
SV021,R,187,2,3,0,0,3,Response,1034.1208333333334,1602.0,2689.2083333333335,3270.0,488.1666666666667,844.0,144.5,1.8833333333333335,5.9,236.625,399.0,50.833333333333336
SV021,R,188,2,3,0,1,3,Response,2857.557142857143,2900.3,1660.7571428571428,2047.9,885.2857142857143,1046.0,500.57142857142856,3.6875,9.0,395.625,910.0,131.5
SV021,R,189,2,3,1,1,3,Response,2861.5299999999997,3114.7,1991.6299999999999,2254.9,845.4,964.0,289.6,2.6999999999999997,11.7,145.63636363636363,267.0,25.09090909090909
SV021,R,190,3,2,0,1,2,Response,3244.83,3270.0,2977.295,3270.0,224.25,1014.0,159.6,1.8333333333333333,14.6,264.23809523809524,1829.0,61.904761904761905
SV021,R,191,2,3,1,0,3,Response,763.3249999999999,1285.1,2675.4875,3270.0,425.125,853.0,294.5,5.033333333333333,20.1,237.77777777777777,440.0,91.55555555555556
SV021,R,192,2,3,0,1,3,Response,3124.7,3270.0,2497.0266666666666,2921.0,427.8,970.0,140.53333333333333,3.325,13.3,502.9375,1401.0,73.25
SV021,R,193,2,2,0,0,2,Response,1044.6,1520.1,2198.55,2725.7,508.4375,797.0,163.75,3.111764705882353,11.2,273.29411764705884,570.0,72.47058823529412
SV021,R,194,2,2,0,1,2,Response,2843.55,3270.0,1946.6,2636.6,655.0,1008.0,502.0,3.65,9.0,487.0,844.0,111.0
SV021,R,195,2,2,0,0,2,Response,1364.6399999999999,1511.3,1782.08,1990.7,685.0,715.0,351.2,2.5166666666666666,7.6,122.66666666666667,264.0,25.333333333333332
SV021,R,196,3,0,1,0,3,Response,1063.16,1317.7,2402.9,2994.7,590.0,874.0,458.4,6.6499999999999995,17.4,269.1666666666667,530.0,46.0
SV021,R,197,2,2,0,1,2,Response,3206.842857142857,3270.0,2500.457142857143,3138.6,251.5,805.0,200.85714285714286,2.32,12.9,259.26666666666665,870.0,61.333333333333336
SV021,R,198,2,2,1,0,2,Response,1309.0249999999999,1585.6,2454.2000000000003,3110.9,682.4166666666666,846.0,136.66666666666666,3.215384615384615,10.2,211.07692307692307,621.0,53.23076923076923
SV021,R,199,2,2,1,0,2,Response,1302.9454545454546,1583.8,2394.9,3270.0,697.0909090909091,854.0,219.63636363636363,3.725,14.3,198.66666666666666,637.0,44.0
SV021,R,200,3,3,1,0,3,Response,1190.4399999999998,1416.4,2015.7933333333335,2362.4,768.6666666666666,881.0,105.86666666666666,2.5125,6.7,164.5625,295.0,26.75
SV021,R,201,3,2,1,1,2,Response,2955.8,3143.5,2244.33,2953.7,684.4,990.0,125.2,3.2818181818181817,14.6,305.45454545454544,1052.0,58.18181818181818
SV021,R,202,2,0,0,0,2,Response,1366.7470588235294,1663.2,2130.529411764706,2383.8,661.6470588235294,873.0,170.58823529411765,2.2222222222222223,8.0,221.38888888888889,385.0,47.55555555555556
SV021,R,203,2,3,1,0,3,Response,1353.070588235294,1807.1,2384.6,3270.0,688.4117647058823,893.0,153.64705882352942,3.4444444444444446,12.0,236.27777777777777,816.0,58.44444444444444
SV021,R,204,3,2,1,1,2,Response,2628.35,2764.1,1788.925,2121.2,865.25,1013.0,468.0,4.380000000000001,7.4,209.4,465.0,78.4
SV021,R,205,3,2,1,0,2,Response,1933.7,1933.7,1066.0,1066.0,888.0,888.0,72.0,4.5,8.1,175.5,269.0,32.0
SV021,R,206,3,0,0,1,3,Response,2935.421428571429,3270.0,1793.357142857143,2549.1,861.2857142857143,1074.0,179.42857142857142,2.2666666666666666,9.2,247.46666666666667,624.0,44.0
SV021,R,207,3,0,0,1,2,Response,2839.375,2876.7,1530.175,1881.5,953.5,1149.0,516.0,3.4799999999999995,8.2,268.6,883.0,89.6
SV021,R,208,2,3,1,1,3,Response,2681.5,2786.1,1411.15,1638.0,931.0,1014.0,928.0,4.2,6.7,137.66666666666666,161.0,41.333333333333336
SV021,R,209,2,2,1,0,2,Response,1141.6875,1611.9,2504.4625,3270.0,543.25,772.0,115.0,3.2666666666666666,10.5,242.77777777777777,461.0,48.888888888888886
SV021,R,210,3,3,1,1,3,Response,2690.5833333333335,2977.2,1971.6333333333332,2452.0,771.5,949.0,547.3333333333334,3.1571428571428575,9.4,317.57142857142856,851.0,115.42857142857143
SV021,R,211,2,3,0,0,3,Response,1234.111111111111,1529.2,2313.8333333333335,2727.9,577.4444444444445,800.0,308.0,3.6900000000000004,10.3,250.2,691.0,67.6
SV021,R,212,3,3,1,1,3,Response,2774.9375,2990.4,1965.7125,2311.8,768.625,974.0,397.0,2.6666666666666665,8.6,192.55555555555554,789.0,64.44444444444444
SV021,R,213,2,3,0,0,3,Response,1355.3764705882354,1473.9,1884.9117647058824,2089.0,745.1176470588235,860.0,155.76470588235293,1.7000000000000002,7.4,152.55555555555554,290.0,28.0
SV021,R,214,2,2,1,0,2,Response,969.78,1527.5,2555.1,3270.0,570.9,882.0,160.0,4.809090909090909,15.2,260.27272727272725,640.0,81.81818181818181
SV021,R,215,2,0,0,1,1,Response,3114.766666666667,3270.0,2224.2444444444445,2581.0,474.1111111111111,1104.0,148.88888888888889,3.2700000000000005,15.9,356.6,1578.0,66.0
SV021,R,216,2,0,0,0,2,Response,1274.138888888889,1788.3,2106.811111111111,3270.0,741.0,1132.0,157.55555555555554,2.9,11.4,211.8421052631579,568.0,47.1578947368421
SV021,R,217,3,2,0,0,2,Response,1305.732,1622.0,2234.564,3270.0,727.6,920.0,136.8,2.838461538461538,9.9,279.1923076923077,1050.0,62.30769230769231
SV021,R,218,3,2,0,0,2,Response,1247.8999999999999,1486.0,2328.8294117647056,3177.9,751.7058823529412,939.0,151.2941176470588,2.961111111111111,11.8,313.8333333333333,864.0,70.88888888888889
SV021,R,219,3,3,1,0,3,Response,1277.075,1553.6,1840.7416666666668,2217.6,836.5,945.0,131.0,2.330769230769231,5.3,169.6153846153846,353.0,31.384615384615383
SV021,R,220,2,2,0,0,2,Response,1287.6,1607.2,2281.1923076923076,3252.6,614.2307692307693,875.0,171.3846153846154,3.7714285714285714,13.8,251.5,544.0,53.42857142857143
SV021,R,221,3,0,0,0,3,Response,1200.1888888888889,1349.4,1678.9777777777776,1850.3,797.1111111111111,929.0,208.44444444444446,2.42,5.5,165.3,241.0,33.2
SV021,R,222,3,0,0,0,3,Response,1119.5666666666666,1149.4,1541.2,1548.0,803.0,901.0,562.6666666666666,3.5999999999999996,7.1,142.25,217.0,34.0
SV021,R,223,2,2,0,0,2,Response,1317.1272727272726,1628.4,2313.6909090909094,3270.0,736.9090909090909,931.0,115.63636363636364,4.891666666666667,13.7,336.0,829.0,79.33333333333333
SV021,R,224,2,2,1,0,2,Response,1193.8700000000001,1405.6,2035.4,3270.0,755.7,951.0,148.0,5.1454545454545455,14.1,316.0,654.0,67.63636363636364
SV021,R,225,3,3,0,1,3,Response,2886.2,3270.0,1504.325,2079.3,758.25,998.0,396.0,4.92,6.4,277.6,527.0,61.6
SV021,R,226,2,0,1,1,2,Response,3080.644444444444,3270.0,2299.644444444444,3002.4,483.6666666666667,979.0,257.3333333333333,5.970000000000001,19.3,509.2,1636.0,79.2
SV021,R,227,3,2,0,1,2,Response,3175.17619047619,3270.0,2432.3190476190475,2730.7,386.0,963.0,100.0,2.268181818181818,8.7,261.54545454545456,747.0,49.81818181818182
SV021,R,228,3,2,0,1,2,Response,2947.866666666667,3270.0,1822.75,2694.6,808.5,1039.0,374.0,4.6000000000000005,9.5,304.1666666666667,713.0,68.66666666666667
SV021,R,229,3,0,0,1,3,Response,2955.2799999999997,3270.0,1780.3600000000001,2186.9,681.6,968.0,273.6,5.333333333333333,8.8,591.3333333333334,1033.0,120.0
SV021,R,230,2,0,0,1,3,Response,3128.7285714285713,3270.0,2346.6071428571427,2847.5,460.92857142857144,995.0,126.57142857142857,3.7066666666666666,10.7,387.3333333333333,934.0,97.6
SV021,R,231,2,2,1,1,2,Response,2812.7333333333336,2918.6,1656.1333333333332,1744.8,921.6666666666666,940.0,829.3333333333334,4.85,11.2,500.75,990.0,126.0
SV021,R,232,2,2,0,0,2,Response,1081.78,1115.2,1596.6399999999999,1747.4,856.4,968.0,486.4,2.266666666666667,5.7,111.5,146.0,28.666666666666668
SV021,R,233,3,3,0,1,3,Response,3248.7863636363636,3270.0,2618.890909090909,2790.7,327.90909090909093,951.0,189.63636363636363,1.5565217391304347,16.8,277.3478260869565,1330.0,72.8695652173913
SV021,R,234,3,2,1,0,2,Response,1111.6,1179.7,1767.45,2090.3,769.5,827.0,475.0,3.95,10.6,221.25,371.0,23.0
SV021,R,235,2,0,0,0,3,Response,1129.1333333333334,1548.0,1576.7666666666667,1868.5,862.6666666666666,1088.0,155.66666666666666,1.9384615384615385,9.0,182.0,336.0,34.46153846153846
SV021,R,236,2,3,1,0,3,Response,1054.5,1296.9,2102.157142857143,2704.3,732.1428571428571,889.0,230.28571428571428,4.775,7.5,294.125,543.0,66.5
SV021,R,237,2,2,0,0,2,Response,1046.2,1137.2,1565.1153846153845,1752.7,824.2307692307693,960.0,75.07692307692308,2.0142857142857142,5.2,176.85714285714286,297.0,32.285714285714285
SV021,R,238,2,2,1,1,2,Response,3116.9666666666667,3270.0,2249.2000000000003,2752.0,492.3333333333333,974.0,728.0,6.975,19.4,576.5,1576.0,34.0
SV021,R,239,3,2,0,0,2,Response,1039.9214285714286,1216.3,1913.957142857143,2485.9,743.2857142857143,828.0,134.28571428571428,2.5214285714285714,9.8,200.28571428571428,445.0,48.0
SV021,R,240,3,2,1,0,2,Response,833.7857142857143,1169.4,2181.514285714286,3270.0,666.3571428571429,997.0,92.85714285714286,3.04,14.6,217.13333333333333,444.0,41.333333333333336
SV021,R,241,2,0,0,0,0,Response,2036.9,2036.9,1052.6,1052.6,971.0,971.0,92.0,1.9000000000000001,2.2,528.5,947.0,1036.0
SV021,R,242,2,3,1,1,3,Response,,,,,,,,,,,,
SV021,R,243,3,0,0,0,0,Response,1866.75,1896.1,841.45,931.7,993.0,997.0,434.0,1.3,1.5,85.66666666666667,108.0,21.333333333333332
SV021,R,244,3,0,0,1,0,Response,,,,,,,,,,,,
SV021,R,245,3,2,1,0,2,Response,,,,,,,,,,,,
SV021,R,246,2,0,0,0,0,Response,,,,,,,,,,,,
SV021,R,247,2,0,1,1,0,Response,,,,,,,,,,,,
SV021,R,248,2,0,1,1,0,Response,,,,,,,,,,,,
SV021,R,249,2,3,0,1,3,Response,,,,,,,,,,,,
SV021,R,250,2,3,0,0,3,Response,,,,,,,,,,,,
SV021,R,251,2,3,1,1,3,Response,,,,,,,,,,,,
SV021,R,252,2,2,1,1,2,Response,1957.8,1957.8,1783.8,1783.8,659.0,659.0,24.0,4.1,7.2,425.5,722.0,124.0
SV021,R,253,3,0,0,0,0,Response,,,,,,,,,,,,
SV021,R,254,2,0,0,1,0,Response,,,,,,,,,,,,
SV021,R,255,3,0,0,1,0,Response,,,,,,,,,,,,
SV021,R,256,3,2,1,1,2,Response,,,,,,,,,,,,
SV021,R,257,2,3,1,1,3,Response,,,,,,,,4.8,4.8,875.0,875.0,288.0
SV021,R,258,2,2,1,0,2,Response,,,,,,,,4.3,4.3,969.0,969.0,296.0
SV021,R,259,2,0,1,0,0,Response,,,,,,,,,,,,
SV021,R,260,2,2,0,1,2,Response,,,,,,,,,,,,
SV021,R,261,2,2,1,1,2,Response,,,,,,,,,,,,
SV021,R,262,2,3,1,0,3,Response,,,,,,,,,,,,
SV021,R,263,2,3,0,0,3,Response,,,,,,,,,,,,
SV021,R,264,3,2,1,0,2,Response,,,,,,,,,,,,
SV021,R,265,3,0,1,1,0,Response,,,,,,,,,,,,
SV021,R,266,2,2,1,0,2,Response,,,,,,,,,,,,
SV021,R,267,2,2,0,1,2,Response,,,,,,,,,,,,
SV021,R,268,2,2,1,0,2,Response,,,,,,,,,,,,
SV021,R,269,3,0,1,0,0,Response,,,,,,,,,,,,
SV021,R,270,3,3,1,1,3,Response,,,,,,,,,,,,
SV021,R,271,2,0,1,1,0,Response,,,,,,,,,,,,
SV021,R,272,2,0,0,0,0,Response,,,,,,,,3.3,3.3,718.0,718.0,256.0
SV021,R,273,2,2,0,1,2,Response,,,,,,,,,,,,
SV021,R,274,2,3,1,0,3,Response,,,,,,,,,,,,
SV021,R,275,2,3,0,1,3,Response,,,,,,,,,,,,
SV021,R,276,3,2,1,0,2,Response,,,,,,,,,,,,
SV021,R,277,3,3,0,1,3,Response,,,,,,,,,,,,
SV021,R,278,2,0,0,0,0,Response,,,,,,,,,,,,
SV021,R,279,3,2,1,1,2,Response,1372.2,1372.2,3036.8,3036.8,222.0,222.0,28.0,21.25,22.8,605.0,629.0,88.0
SV021,R,280,2,3,0,1,3,Response,,,,,,,,1.6,1.6,89.0,89.0,24.0
SV021,R,281,2,2,0,0,2,Response,,,,,,,,0.6,0.6,56.0,56.0,16.0
SV021,R,282,2,3,0,1,3,Response,,,,,,,,2.2,2.2,3270.0,3270.0,268.0
SV021,R,283,3,3,1,1,3,Response,1869.5,1869.5,752.9,752.9,986.0,986.0,244.0,3.8,6.5,421.5,773.0,152.0
SV021,R,284,3,2,1,1,2,Response,,,,,,,,,,,,
SV021,R,285,2,3,1,0,3,Response,,,,,,,,,,,,
SV021,R,286,3,0,1,0,0,Response,,,,,,,,2.9,2.9,932.0,932.0,236.0
SV021,R,287,3,0,0,1,0,Response,,,,,,,,,,,,
SV021,R,288,3,3,0,1,3,Response,,,,,,,,1.0,1.0,3270.0,3270.0,236.0
SV021,R,289,3,2,0,0,2,Response,,,,,,,,,,,,
SV021,R,290,3,2,1,0,2,Response,,,,,,,,,,,,
SV021,R,291,3,0,1,1,0,Response,,,,,,,,,,,,
SV021,R,292,3,3,1,1,3,Response,,,,,,,,,,,,
SV021,R,293,3,0,1,1,0,Response,,,,,,,,3.2,3.2,1018.0,1018.0,248.0
SV021,R,294,3,0,1,0,0,Response,,,,,,,,,,,,
SV021,R,295,3,2,0,0,2,Response,,,,,,,,,,,,
SV021,R,296,3,3,1,1,3,Response,,,,,,,,,,,,
SV021,R,297,2,3,0,0,3,Response,,,,,,,,,,,,
SV021,R,298,3,0,1,1,0,Response,,,,,,,,,,,,
SV021,R,299,2,3,1,0,3,Response,,,,,,,,,,,,
SV021,R,300,2,3,1,0,3,Response,,,,,,,,,,,,
SV021,R,301,3,0,1,1,0,Response,,,,,,,,,,,,
SV021,R,302,3,0,1,0,0,Response,,,,,,,,,,,,
SV021,R,303,3,0,1,1,0,Response,,,,,,,,,,,,
SV021,R,304,3,3,0,0,3,Response,,,,,,,,,,,,
SV021,R,305,2,3,1,0,3,Response,,,,,,,,,,,,
SV021,R,306,2,0,0,1,0,Response,,,,,,,,,,,,
SV021,R,307,2,0,1,0,0,Response,,,,,,,,4.5,4.5,899.0,899.0,288.0
SV021,R,308,3,2,1,0,2,Response,,,,,,,,,,,,
SV021,R,309,3,2,1,1,2,Response,,,,,,,,,,,,
SV021,R,310,3,3,0,0,3,Response,,,,,,,,,,,,
SV021,R,311,3,0,0,0,0,Response,,,,,,,,,,,,
SV021,R,312,3,2,1,1,2,Response,,,,,,,,,,,,
SV021,R,313,2,0,0,0,0,Response,,,,,,,,,,,,
SV021,R,314,2,3,0,0,3,Response,,,,,,,,,,,,
SV021,R,315,2,2,1,1,2,Response,,,,,,,,,,,,
SV021,R,316,3,2,0,1,2,Response,,,,,,,,,,,,
SV021,R,317,2,2,1,0,2,Response,,,,,,,,,,,,
SV021,R,318,2,0,1,1,0,Response,,,,,,,,,,,,
SV021,R,319,2,3,1,0,3,Response,,,,,,,,,,,,
SV021,R,320,3,2,0,1,2,Response,,,,,,,,1.6,1.6,88.0,88.0,24.0
SV021,R,321,2,0,1,1,0,Response,,,,,,,,,,,,
SV021,R,322,2,3,1,1,3,Response,,,,,,,,,,,,
SV021,R,323,3,0,0,1,0,Response,,,,,,,,,,,,
SV021,R,324,3,3,1,1,3,Response,,,,,,,,,,,,
SV021,R,325,2,0,0,0,0,Response,,,,,,,,,,,,
SV021,R,326,3,3,1,1,3,Response,,,,,,,,,,,,
SV021,R,327,3,3,0,0,3,Response,,,,,,,,,,,,
SV021,R,328,3,2,1,1,2,Response,,,,,,,,,,,,
SV021,R,329,3,3,0,1,3,Response,,,,,,,,,,,,
SV021,R,330,3,0,0,0,0,Response,,,,,,,,,,,,
SV021,R,331,2,2,0,1,2,Response,,,,,,,,,,,,
SV021,R,332,3,3,0,1,3,Response,,,,,,,,,,,,
SV021,R,333,2,2,0,1,2,Response,,,,,,,,3.3,3.3,1035.0,1035.0,276.0
SV021,R,334,2,3,1,1,3,Response,,,,,,,,4.0,4.0,897.0,897.0,308.0
SV021,R,335,3,3,0,1,3,Response,,,,,,,,,,,,
SV021,R,336,3,0,0,1,0,Response,,,,,,,,,,,,
SV021,R,337,2,3,1,0,3,Response,,,,,,,,,,,,
SV021,R,338,2,2,1,0,3,Response,,,,,,,,,,,,
SV021,R,339,2,0,1,0,0,Response,,,,,,,,,,,,
SV021,R,340,3,2,0,1,2,Response,,,,,,,,0.6,0.6,69.0,69.0,12.0
SV021,R,341,2,0,1,0,0,Response,,,,,,,,,,,,
SV021,R,342,3,0,0,0,0,Response,,,,,,,,,,,,
SV021,R,343,2,2,0,0,2,Response,,,,,,,,,,,,
SV021,R,344,2,2,1,1,2,Response,,,,,,,,,,,,
SV021,R,345,3,3,1,1,3,Response,,,,,,,,,,,,
SV021,R,346,3,3,0,0,3,Response,,,,,,,,,,,,
SV021,R,347,3,2,0,1,2,Response,,,,,,,,,,,,
SV021,R,348,3,3,0,1,3,Response,,,,,,,,,,,,
SV021,R,349,2,0,1,0,0,Response,,,,,,,,,,,,
SV021,R,350,3,0,0,0,0,Response,,,,,,,,,,,,
SV021,R,351,3,3,0,0,3,Response,,,,,,,,,,,,
SV021,R,352,3,3,0,1,3,Response,,,,,,,,,,,,
SV021,R,353,2,2,0,0,2,Response,,,,,,,,,,,,
SV021,R,354,3,0,0,1,0,Response,,,,,,,,,,,,
SV021,R,355,3,2,0,1,2,Response,,,,,,,,,,,,
SV021,R,356,2,3,0,0,3,Response,,,,,,,,,,,,
SV021,R,357,2,2,0,0,2,Response,,,,,,,,4.9,4.9,842.0,842.0,296.0
SV021,R,358,2,2,0,0,2,Response,,,,,,,,,,,,
SV021,R,359,3,3,0,0,3,Response,,,,,,,,,,,,
SV021,R,360,2,0,0,0,0,Response,2088.375,3270.0,1713.0,2330.4,543.875,773.0,289.0,5.2555555555555555,17.5,478.6666666666667,1599.0,175.11111111111111
SV021,R,361,3,2,0,1,2,Response,,,,,,,,,,,,
SV021,R,362,3,0,1,0,0,Response,,,,,,,,,,,,
SV021,R,363,3,3,1,0,3,Response,,,,,,,,,,,,
SV021,R,364,2,2,1,0,2,Response,,,,,,,,,,,,
SV021,R,365,2,2,0,1,2,Response,,,,,,,,,,,,
SV021,R,366,2,3,0,0,3,Response,,,,,,,,,,,,
SV021,R,367,2,2,1,1,2,Response,,,,,,,,,,,,
SV021,R,368,3,2,1,0,2,Response,,,,,,,,,,,,
SV021,R,369,3,3,1,0,3,Response,,,,,,,,2.5,2.5,803.0,803.0,272.0
SV021,R,370,2,0,1,1,0,Response,,,,,,,,,,,,
SV021,R,371,3,3,0,1,3,Response,,,,,,,,2.5,2.5,860.0,860.0,300.0
SV021,R,372,2,2,1,0,2,Response,,,,,,,,,,,,
SV021,R,373,3,2,1,1,2,Response,,,,,,,,,,,,
SV021,R,374,2,3,1,1,3,Response,,,,,,,,,,,,
SV021,R,375,3,3,1,0,3,Response,,,,,,,,,,,,
SV021,R,376,3,2,0,0,2,Response,,,,,,,,,,,,
SV021,R,377,2,0,0,1,0,Response,,,,,,,,,,,,
SV021,R,378,2,2,1,0,2,Response,,,,,,,,,,,,
SV021,R,379,3,2,1,1,2,Response,,,,,,,,,,,,
SV021,R,380,2,0,1,1,0,Response,2001.2,2001.2,955.7,955.7,1039.0,1039.0,252.0,0.45,0.5,54.5,56.0,12.0
SV021,R,381,3,2,1,1,2,Response,,,,,,,,,,,,
SV021,R,382,3,2,0,1,2,Response,,,,,,,,,,,,
SV021,R,383,3,2,0,0,2,Response,,,,,,,,,,,,
SV021,R,384,2,2,0,1,2,Response,,,,,,,,2.6,2.6,1009.0,1009.0,264.0
SV021,R,385,3,2,0,1,2,Response,,,,,,,,,,,,
SV021,R,386,2,3,1,0,3,Response,,,,,,,,,,,,
SV021,R,387,2,3,1,1,4,Response,1937.15,2009.6,1289.2,1467.4,878.0,895.0,1056.0,6.1,10.5,331.0,563.0,126.0
SV021,R,388,2,3,1,0,3,Response,,,,,,,,5.4,5.4,934.0,934.0,272.0
SV021,R,389,2,3,0,1,3,Response,,,,,,,,0.5,0.5,64.0,64.0,12.0
SV021,R,390,2,2,0,0,2,Response,,,,,,,,,,,,
SV021,R,391,3,3,0,1,3,Response,,,,,,,,,,,,
SV021,R,392,3,2,1,1,2,Response,,,,,,,,,,,,
SV021,R,393,2,0,1,1,0,Response,2311.2,3270.0,1020.125,1393.0,810.0,1185.0,94.0,7.1,14.1,433.0,968.0,592.0
SV021,R,394,3,0,1,1,0,Response,,,,,,,,,,,,
SV021,R,395,2,0,0,1,0,Response,,,,,,,,,,,,
SV021,R,396,2,0,1,0,0,Response,,,,,,,,,,,,
SV021,R,397,3,2,0,0,2,Response,,,,,,,,,,,,
SV021,R,398,3,0,1,0,0,Response,,,,,,,,,,,,
SV021,R,399,3,3,0,0,3,Response,,,,,,,,,,,,
SV021,R,400,2,3,0,1,3,Response,,,,,,,,,,,,
SV021,R,401,2,3,0,0,3,Response,,,,,,,,,,,,
SV021,R,402,2,3,0,0,3,Response,,,,,,,,,,,,
SV021,R,403,3,3,1,0,3,Response,,,,,,,,,,,,
SV021,R,404,2,2,1,1,2,Response,,,,,,,,,,,,
SV021,R,405,3,3,0,0,3,Response,,,,,,,,,,,,
SV021,R,406,2,2,0,0,2,Response,,,,,,,,,,,,
SV021,R,407,3,0,1,0,0,Response,,,,,,,,,,,,
SV021,R,408,3,2,1,0,2,Response,,,,,,,,,,,,
SV021,R,409,2,2,0,1,2,Response,,,,,,,,,,,,
SV021,R,410,3,2,0,1,2,Response,,,,,,,,,,,,
SV021,R,411,2,2,1,0,2,Response,,,,,,,,,,,,
SV021,R,412,3,0,0,1,0,Response,,,,,,,,,,,,
SV021,R,413,2,3,1,1,3,Response,,,,,,,,,,,,
SV021,R,414,2,3,0,0,3,Response,,,,,,,,,,,,
SV021,R,415,2,3,0,0,3,Response,,,,,,,,,,,,
SV021,R,416,3,3,1,0,3,Response,,,,,,,,,,,,
SV021,R,417,3,0,1,1,0,Response,,,,,,,,4.3,4.3,686.0,686.0,288.0
SV021,R,418,3,0,1,1,0,Response,,,,,,,,,,,,
SV021,R,419,2,3,1,1,3,Response,,,,,,,,,,,,
SV021,R,420,3,0,0,0,0,Response,,,,,,,,,,,,
SV021,R,421,2,0,0,1,0,Response,,,,,,,,,,,,
SV021,R,422,3,0,1,1,0,Response,,,,,,,,,,,,
SV021,R,423,2,2,1,1,2,Response,,,,,,,,,,,,
SV021,R,424,2,2,0,1,2,Response,,,,,,,,,,,,
SV021,R,425,2,2,0,1,2,Response,,,,,,,,,,,,
SV021,R,426,2,3,0,1,3,Response,,,,,,,,8.1,8.1,802.0,802.0,284.0
SV021,R,427,3,2,1,0,2,Response,,,,,,,,,,,,
SV021,R,428,2,0,0,1,0,Response,,,,,,,,,,,,
SV021,R,429,3,3,0,1,3,Response,,,,,,,,,,,,
SV021,R,430,3,3,1,0,4,Response,1904.65,1904.8,842.55,889.4,997.5,1021.0,556.0,8.733333333333333,15.7,995.6666666666666,1118.0,306.6666666666667
SV021,R,431,2,2,1,1,2,Response,,,,,,,,0.9,0.9,1015.0,1015.0,296.0
SV021,R,432,3,0,1,0,0,Response,3270.0,3270.0,326.8,326.8,260.0,260.0,24.0,20.2,26.7,745.5,997.0,1210.0
SV021,R,433,2,0,0,1,0,Response,,,,,,,,,,,,
SV021,R,434,3,2,0,0,2,Response,,,,,,,,,,,,
SV021,R,435,2,0,0,0,0,Response,,,,,,,,,,,,
SV021,R,436,3,0,0,1,0,Response,,,,,,,,,,,,
SV021,R,437,3,0,1,0,0,Response,,,,,,,,,,,,
SV021,R,438,2,3,1,1,3,Response,,,,,,,,,,,,
SV021,R,439,3,3,1,0,3,Response,,,,,,,,,,,,
SV021,R,440,3,2,0,0,2,Response,,,,,,,,,,,,
SV021,R,441,2,0,0,0,0,Response,1742.1,1759.3,1547.1999999999998,1657.1,713.0,741.0,76.0,2.966666666666667,7.2,350.6666666666667,882.0,134.66666666666666
SV021,R,442,2,2,1,0,2,Response,1779.9,1779.9,1743.0,1743.0,624.0,624.0,28.0,2.5999999999999996,3.8,513.0,897.0,172.0
SV021,R,443,2,2,0,0,2,Response,1387.7,1784.2,1910.65,2217.5,482.0,642.0,126.0,9.6,20.6,481.0,899.0,137.33333333333334
SV021,R,444,2,0,1,1,0,Response,,,,,,,,,,,,
SV021,R,445,2,0,0,1,0,Response,,,,,,,,,,,,
SV021,R,446,2,0,1,1,0,Response,,,,,,,,,,,,
SV021,R,447,2,0,1,0,0,Response,,,,,,,,,,,,
SV021,R,448,2,0,1,0,0,Response,,,,,,,,,,,,
SV021,R,449,3,2,0,0,2,Response,,,,,,,,,,,,
SV021,R,450,2,0,1,0,0,Response,,,,,,,,,,,,
SV021,R,451,3,0,0,0,0,Response,1799.5,1799.5,1607.5,1607.5,702.0,702.0,32.0,1.0,1.0,131.0,131.0,12.0
SV021,R,452,2,2,0,0,2,Response,,,,,,,,,,,,
SV021,R,453,2,3,0,1,4,Response,,,,,,,,,,,,
SV021,R,454,2,0,0,1,0,Response,,,,,,,,,,,,
SV021,R,455,3,3,1,0,3,Response,,,,,,,,3.9,3.9,776.0,776.0,356.0
SV021,R,456,3,0,0,0,0,Response,,,,,,,,,,,,
SV021,R,457,3,2,0,0,2,Response,,,,,,,,,,,,
SV021,R,458,3,3,1,0,3,Response,,,,,,,,3.4,3.4,875.0,875.0,332.0
SV021,R,459,2,2,1,1,2,Response,,,,,,,,,,,,
SV021,R,460,3,0,0,1,0,Response,,,,,,,,,,,,
SV021,R,461,3,3,0,0,3,Response,,,,,,,,,,,,
SV021,R,462,2,0,1,0,0,Response,,,,,,,,,,,,
SV021,R,463,3,2,0,1,2,Response,,,,,,,,,,,,
SV021,R,464,2,3,0,1,3,Response,,,,,,,,,,,,
SV021,R,465,3,3,1,1,3,Response,,,,,,,,,,,,
SV021,R,466,3,0,1,0,0,Response,,,,,,,,,,,,
SV021,R,467,2,2,1,1,2,Response,,,,,,,,,,,,
SV021,R,468,3,3,1,1,3,Response,,,,,,,,,,,,
SV021,R,469,3,3,0,0,3,Response,,,,,,,,,,,,
SV021,R,470,3,2,0,0,2,Response,,,,,,,,,,,,
SV021,R,471,3,0,0,0,0,Response,,,,,,,,,,,,
SV021,R,472,2,2,0,0,2,Response,,,,,,,,,,,,
SV021,R,473,3,3,1,0,3,Response,1881.1,1881.1,1406.2,1406.2,795.0,795.0,436.0,0.5,0.5,62.0,62.0,12.0
SV021,R,474,2,0,0,1,0,Response,,,,,,,,,,,,
SV021,R,475,3,2,1,0,2,Response,,,,,,,,,,,,
SV021,R,476,3,2,1,0,2,Response,,,,,,,,,,,,
SV021,R,477,2,0,0,0,0,Response,,,,,,,,,,,,
SV021,R,478,2,3,0,1,3,Response,,,,,,,,3.4,3.4,936.0,936.0,352.0
SV021,R,479,3,0,0,1,0,Response,,,,,,,,,,,,
SV021,R,480,3,3,1,1,3,Response,,,,,,,,,,,,
SV021,L,1,2,3,0,0,3,Stimulus,,,,,,,,,,,,
SV021,L,2,2,3,1,0,3,Stimulus,,,,,,,,,,,,
SV021,L,3,3,3,0,1,3,Stimulus,,,,,,,,,,,,
SV021,L,4,3,0,0,0,3,Stimulus,,,,,,,,,,,,
SV021,L,5,2,2,1,1,2,Stimulus,,,,,,,,,,,,
SV021,L,6,2,0,1,1,2,Stimulus,,,,,,,,,,,,
SV021,L,7,2,0,1,1,2,Stimulus,,,,,,,,,,,,
SV021,L,8,3,0,0,1,3,Stimulus,,,,,,,,,,,,
SV021,L,9,2,0,1,1,2,Stimulus,,,,,,,,,,,,
SV021,L,10,3,2,1,1,2,Stimulus,,,,,,,,,,,,
SV021,L,11,2,2,1,0,2,Stimulus,,,,,,,,,,,,
SV021,L,12,3,2,0,1,2,Stimulus,,,,,,,,,,,,
SV021,L,13,2,0,1,0,2,Stimulus,,,,,,,,,,,,
SV021,L,14,3,2,1,1,2,Stimulus,,,,,,,,,,,,
SV021,L,15,2,2,0,0,2,Stimulus,,,,,,,,,,,,
SV021,L,16,3,0,0,1,2,Stimulus,,,,,,,,,,,,
SV021,L,17,2,0,0,0,2,Stimulus,,,,,,,,,,,,
SV021,L,18,2,0,0,0,2,Stimulus,,,,,,,,,,,,
SV021,L,19,3,0,0,0,2,Stimulus,,,,,,,,,,,,
SV021,L,20,3,3,1,1,3,Stimulus,,,,,,,,,,,,
SV021,L,21,2,2,1,1,2,Stimulus,,,,,,,,,,,,
SV021,L,22,2,0,0,0,2,Stimulus,,,,,,,,,,,,
SV021,L,23,3,3,1,0,3,Stimulus,,,,,,,,,,,,
SV021,L,24,3,0,1,1,2,Stimulus,,,,,,,,,,,,
SV021,L,25,3,2,0,0,2,Stimulus,,,,,,,,,,,,
SV021,L,26,2,0,0,1,2,Stimulus,,,,,,,,,,,,
SV021,L,27,3,0,1,1,3,Stimulus,,,,,,,,,,,,
SV021,L,28,2,3,1,0,3,Stimulus,,,,,,,,,,,,
SV021,L,29,3,0,1,1,3,Stimulus,,,,,,,,,,,,
SV021,L,30,2,0,0,0,2,Stimulus,,,,,,,,,,,,
SV021,L,31,2,2,0,1,2,Stimulus,,,,,,,,,,,,
SV021,L,32,3,2,1,1,2,Stimulus,,,,,,,,,,,,
SV021,L,33,2,3,0,0,3,Stimulus,,,,,,,,,,,,
SV021,L,34,2,3,0,1,3,Stimulus,,,,,,,,,,,,
SV021,L,35,2,0,0,0,2,Stimulus,,,,,,,,,,,,
SV021,L,36,2,2,1,0,2,Stimulus,,,,,,,,,,,,
SV021,L,37,2,3,0,1,3,Stimulus,,,,,,,,,,,,
SV021,L,38,2,3,1,0,3,Stimulus,,,,,,,,,,,,
SV021,L,39,3,2,0,1,2,Stimulus,,,,,,,,,,,,
SV021,L,40,3,2,1,0,2,Stimulus,,,,,,,,,,,,
SV021,L,41,2,3,1,1,3,Stimulus,,,,,,,,,,,,
SV021,L,42,2,0,0,0,2,Stimulus,,,,,,,,,,,,
SV021,L,43,3,3,0,1,3,Stimulus,,,,,,,,,,,,
SV021,L,44,3,2,1,1,2,Stimulus,,,,,,,,,,,,
SV021,L,45,3,2,1,0,2,Stimulus,,,,,,,,,,,,
SV021,L,46,2,3,1,1,3,Stimulus,,,,,,,,,,,,
SV021,L,47,3,0,0,1,3,Stimulus,,,,,,,,,,,,
SV021,L,48,3,3,1,0,3,Stimulus,,,,,,,,,,,,
SV021,L,49,2,2,0,1,2,Stimulus,,,,,,,,,,,,
SV021,L,50,3,0,1,0,2,Stimulus,,,,,,,,,,,,
SV021,L,51,3,0,0,0,2,Stimulus,,,,,,,,,,,,
SV021,L,52,2,3,0,1,3,Stimulus,,,,,,,,,,,,
SV021,L,53,3,0,1,0,3,Stimulus,,,,,,,,,,,,
SV021,L,54,3,3,1,0,3,Stimulus,,,,,,,,,,,,
SV021,L,55,2,2,0,0,2,Stimulus,,,,,,,,,,,,
SV021,L,56,3,0,1,0,3,Stimulus,,,,,,,,,,,,
SV021,L,57,3,2,0,0,2,Stimulus,,,,,,,,,,,,
SV021,L,58,3,3,0,1,3,Stimulus,,,,,,,,,,,,
SV021,L,59,3,3,0,0,3,Stimulus,,,,,,,,,,,,
SV021,L,60,3,3,1,1,3,Stimulus,,,,,,,,,,,,
SV021,L,61,3,3,1,1,3,Stimulus,,,,,,,,,,,,
SV021,L,62,3,0,1,1,3,Stimulus,,,,,,,,,,,,
SV021,L,63,2,2,0,1,2,Stimulus,,,,,,,,,,,,
SV021,L,64,2,3,0,1,3,Stimulus,,,,,,,,,,,,
SV021,L,65,2,3,0,1,3,Stimulus,,,,,,,,,,,,
SV021,L,66,2,2,0,1,2,Stimulus,,,,,,,,,,,,
SV021,L,67,2,0,0,1,0,Stimulus,,,,,,,,,,,,
SV021,L,68,3,0,0,0,3,Stimulus,,,,,,,,,,,,
SV021,L,69,2,3,0,0,3,Stimulus,,,,,,,,,,,,
SV021,L,70,3,0,0,0,3,Stimulus,,,,,,,,,,,,
SV021,L,71,3,2,0,0,2,Stimulus,,,,,,,,,,,,
SV021,L,72,2,2,1,0,2,Stimulus,,,,,,,,,,,,
SV021,L,73,2,2,0,0,2,Stimulus,,,,,,,,,,,,
SV021,L,74,2,3,0,1,3,Stimulus,,,,,,,,,,,,
SV021,L,75,2,3,1,1,3,Stimulus,,,,,,,,,,,,
SV021,L,76,2,2,1,0,2,Stimulus,,,,,,,,,,,,
SV021,L,77,3,2,0,1,2,Stimulus,,,,,,,,,,,,
SV021,L,78,3,3,0,0,1,Stimulus,,,,,,,,,,,,
SV021,L,79,3,2,1,0,2,Stimulus,,,,,,,,,,,,
SV021,L,80,3,0,0,1,2,Stimulus,,,,,,,,,,,,
SV021,L,81,3,2,1,0,2,Stimulus,,,,,,,,,,,,
SV021,L,82,2,0,1,0,3,Stimulus,,,,,,,,,,,,
SV021,L,83,2,2,1,1,2,Stimulus,,,,,,,,,,,,
SV021,L,84,3,0,0,0,3,Stimulus,,,,,,,,,,,,
SV021,L,85,2,0,1,0,2,Stimulus,,,,,,,,,,,,
SV021,L,86,3,0,1,1,2,Stimulus,,,,,,,,,,,,
SV021,L,87,2,0,0,1,2,Stimulus,,,,,,,,,,,,
SV021,L,88,2,0,0,1,3,Stimulus,,,,,,,,,,,,
SV021,L,89,3,0,1,0,3,Stimulus,,,,,,,,,,,,
SV021,L,90,3,2,1,1,2,Stimulus,,,,,,,,,,,,
SV021,L,91,2,3,1,0,3,Stimulus,,,,,,,,,,,,
SV021,L,92,3,0,0,1,2,Stimulus,,,,,,,,,,,,
SV021,L,93,3,0,0,1,3,Stimulus,,,,,,,,,,,,
SV021,L,94,3,3,1,1,3,Stimulus,,,,,,,,,,,,
SV021,L,95,3,0,1,0,3,Stimulus,,,,,,,,,,,,
SV021,L,96,2,2,1,0,2,Stimulus,,,,,,,,,,,,
SV021,L,97,2,3,1,1,3,Stimulus,,,,,,,,,,,,
SV021,L,98,3,3,1,1,3,Stimulus,,,,,,,,,,,,
SV021,L,99,2,0,1,1,3,Stimulus,,,,,,,,,,,,
SV021,L,100,3,3,0,0,3,Stimulus,,,,,,,,,,,,
SV021,L,101,2,2,0,0,2,Stimulus,,,,,,,,,,,,
SV021,L,102,3,0,1,1,3,Stimulus,,,,,,,,,,,,
SV021,L,103,3,2,1,1,2,Stimulus,,,,,,,,,,,,
SV021,L,104,3,2,0,0,2,Stimulus,,,,,,,,,,,,
SV021,L,105,3,0,1,1,2,Stimulus,,,,,,,,,,,,
SV021,L,106,3,2,0,0,2,Stimulus,,,,,,,,,,,,
SV021,L,107,3,0,1,0,3,Stimulus,,,,,,,,,,,,
SV021,L,108,2,2,0,0,2,Stimulus,,,,,,,,,,,,
SV021,L,109,3,0,1,0,3,Stimulus,,,,,,,,,,,,
SV021,L,110,3,2,0,1,2,Stimulus,,,,,,,,,,,,
SV021,L,111,2,2,1,1,2,Stimulus,,,,,,,,,,,,
SV021,L,112,3,2,1,0,2,Stimulus,,,,,,,,,,,,
SV021,L,113,2,3,0,0,3,Stimulus,,,,,,,,,,,,
SV021,L,114,2,2,1,1,2,Stimulus,,,,,,,,,,,,
SV021,L,115,3,3,0,1,3,Stimulus,,,,,,,,,,,,
SV021,L,116,2,3,0,0,3,Stimulus,,,,,,,,,,,,
SV021,L,117,3,3,0,1,3,Stimulus,,,,,,,,,,,,
SV021,L,118,3,0,0,0,3,Stimulus,,,,,,,,,,,,
SV021,L,119,2,2,1,0,2,Stimulus,,,,,,,,,,,,
SV021,L,120,3,3,1,0,3,Stimulus,,,,,,,,,,,,
SV021,L,121,2,2,1,0,2,Stimulus,,,,,,,,,,,,
SV021,L,122,3,0,0,1,3,Stimulus,,,,,,,,,,,,
SV021,L,123,3,0,0,0,3,Stimulus,,,,,,,,,,,,
SV021,L,124,3,3,0,0,3,Stimulus,,,,,,,,,,,,
SV021,L,125,3,3,1,1,3,Stimulus,,,,,,,,,,,,
SV021,L,126,2,0,1,1,3,Stimulus,,,,,,,,,,,,
SV021,L,127,3,2,1,1,2,Stimulus,,,,,,,,,,,,
SV021,L,128,2,2,0,1,2,Stimulus,,,,,,,,,,,,
SV021,L,129,2,3,0,1,3,Stimulus,,,,,,,,,,,,
SV021,L,130,3,3,0,0,3,Stimulus,,,,,,,,,,,,
SV021,L,131,3,2,0,1,2,Stimulus,,,,,,,,,,,,
SV021,L,132,3,3,0,1,3,Stimulus,,,,,,,,,,,,
SV021,L,133,3,3,1,1,3,Stimulus,,,,,,,,,,,,
SV021,L,134,3,0,0,0,3,Stimulus,,,,,,,,,,,,
SV021,L,135,2,2,1,0,2,Stimulus,,,,,,,,,,,,
SV021,L,136,2,3,1,0,3,Stimulus,,,,,,,,,,,,
SV021,L,137,3,3,1,0,3,Stimulus,,,,,,,,,,,,
SV021,L,138,2,3,0,0,3,Stimulus,,,,,,,,,,,,
SV021,L,139,3,3,0,0,3,Stimulus,,,,,,,,,,,,
SV021,L,140,3,0,0,1,2,Stimulus,,,,,,,,,,,,
SV021,L,141,2,0,0,1,2,Stimulus,,,,,,,,,,,,
SV021,L,142,2,3,1,0,3,Stimulus,,,,,,,,,,,,
SV021,L,143,3,0,1,1,3,Stimulus,,,,,,,,,,,,
SV021,L,144,3,0,1,0,3,Stimulus,,,,,,,,,,,,
SV021,L,145,2,3,1,0,3,Stimulus,,,,,,,,,,,,
SV021,L,146,2,0,1,0,3,Stimulus,,,,,,,,,,,,
SV021,L,147,3,0,0,1,3,Stimulus,,,,,,,,,,,,
SV021,L,148,3,2,0,0,3,Stimulus,,,,,,,,,,,,
SV021,L,149,2,3,0,0,3,Stimulus,,,,,,,,,,,,
SV021,L,150,2,2,1,0,2,Stimulus,,,,,,,,,,,,
SV021,L,151,2,2,0,1,2,Stimulus,,,,,,,,,,,,
SV021,L,152,3,3,1,0,3,Stimulus,,,,,,,,,,,,
SV021,L,153,3,3,0,0,3,Stimulus,,,,,,,,,,,,
SV021,L,154,2,0,1,0,2,Stimulus,,,,,,,,,,,,
SV021,L,155,3,2,0,0,2,Stimulus,,,,,,,,,,,,
SV021,L,156,2,0,1,0,2,Stimulus,,,,,,,,,,,,
SV021,L,157,3,0,1,1,2,Stimulus,,,,,,,,,,,,
SV021,L,158,3,2,1,0,2,Stimulus,,,,,,,,,,,,
SV021,L,159,3,0,0,0,2,Stimulus,,,,,,,,,,,,
SV021,L,160,3,2,0,1,2,Stimulus,,,,,,,,,,,,
SV021,L,161,3,3,1,0,3,Stimulus,,,,,,,,,,,,
SV021,L,162,2,3,1,1,3,Stimulus,,,,,,,,,,,,
SV021,L,163,3,2,0,1,2,Stimulus,,,,,,,,,,,,
SV021,L,164,3,3,0,1,3,Stimulus,,,,,,,,,,,,
SV021,L,165,2,3,1,0,3,Stimulus,,,,,,,,,,,,
SV021,L,166,2,2,0,1,2,Stimulus,,,,,,,,,,,,
SV021,L,167,2,2,1,1,2,Stimulus,,,,,,,,,,,,
SV021,L,168,2,3,1,1,3,Stimulus,,,,,,,,,,,,
SV021,L,169,2,0,1,1,3,Stimulus,,,,,,,,,,,,
SV021,L,170,3,2,0,0,3,Stimulus,,,,,,,,,,,,
SV021,L,171,2,0,0,1,3,Stimulus,,,,,,,,,,,,
SV021,L,172,3,2,0,1,3,Stimulus,,,,,,,,,,,,
SV021,L,173,2,0,0,0,3,Stimulus,,,,,,,,,,,,
SV021,L,174,2,0,1,1,2,Stimulus,,,,,,,,,,,,
SV021,L,175,2,0,0,1,3,Stimulus,,,,,,,,,,,,
SV021,L,176,2,0,1,1,3,Stimulus,,,,,,,,,,,,
SV021,L,177,2,0,0,1,3,Stimulus,,,,,,,,,,,,
SV021,L,178,3,3,0,0,3,Stimulus,,,,,,,,,,,,
SV021,L,179,3,3,0,0,3,Stimulus,,,,,,,,,,,,
SV021,L,180,3,0,0,1,3,Stimulus,,,,,,,,,,,,
SV021,L,181,2,3,1,1,3,Stimulus,,,,,,,,,,,,
SV021,L,182,3,3,0,1,3,Stimulus,,,,,,,,,,,,
SV021,L,183,2,2,0,0,2,Stimulus,,,,,,,,,,,,
SV021,L,184,2,0,0,1,2,Stimulus,,,,,,,,,,,,
SV021,L,185,2,0,1,0,3,Stimulus,,,,,,,,,,,,
SV021,L,186,2,2,0,1,2,Stimulus,,,,,,,,,,,,
SV021,L,187,2,3,1,0,3,Stimulus,,,,,,,,,,,,
SV021,L,188,2,2,1,1,2,Stimulus,,,,,,,,,,,,
SV021,L,189,2,0,1,1,2,Stimulus,,,,,,,,,,,,
SV021,L,190,2,0,0,0,3,Stimulus,,,,,,,,,,,,
SV021,L,191,3,3,0,1,3,Stimulus,,,,,,,,,,,,
SV021,L,192,2,0,1,0,3,Stimulus,,,,,,,,,,,,
SV021,L,193,3,3,0,1,3,Stimulus,,,,,,,,,,,,
SV021,L,194,3,2,1,1,2,Stimulus,,,,,,,,,,,,
SV021,L,195,2,0,1,1,3,Stimulus,,,,,,,,,,,,
SV021,L,196,2,3,1,0,3,Stimulus,,,,,,,,,,,,
SV021,L,197,3,2,1,0,2,Stimulus,,,,,,,,,,,,
SV021,L,198,2,2,1,1,2,Stimulus,,,,,,,,,,,,
SV021,L,199,2,0,0,0,2,Stimulus,,,,,,,,,,,,
SV021,L,200,3,3,0,0,3,Stimulus,,,,,,,,,,,,
SV021,L,201,3,2,1,0,2,Stimulus,,,,,,,,,,,,
SV021,L,202,2,0,0,1,3,Stimulus,,,,,,,,,,,,
SV021,L,203,2,2,0,0,2,Stimulus,,,,,,,,,,,,
SV021,L,204,3,0,1,0,3,Stimulus,,,,,,,,,,,,
SV021,L,205,3,2,0,1,2,Stimulus,,,,,,,,,,,,
SV021,L,206,2,3,1,1,3,Stimulus,,,,,,,,,,,,
SV021,L,207,2,2,0,0,2,Stimulus,,,,,,,,,,,,
SV021,L,208,2,0,1,0,3,Stimulus,,,,,,,,,,,,
SV021,L,209,2,2,0,1,2,Stimulus,,,,,,,,,,,,
SV021,L,210,3,2,1,0,2,Stimulus,,,,,,,,,,,,
SV021,L,211,2,2,1,1,2,Stimulus,,,,,,,,,,,,
SV021,L,212,3,3,1,1,3,Stimulus,,,,,,,,,,,,
SV021,L,213,2,3,0,0,3,Stimulus,,,,,,,,,,,,
SV021,L,214,2,2,0,0,2,Stimulus,,,,,,,,,,,,
SV021,L,215,3,3,1,0,3,Stimulus,,,,,,,,,,,,
SV021,L,216,2,2,0,1,2,Stimulus,,,,,,,,,,,,
SV021,L,217,3,2,1,1,2,Stimulus,,,,,,,,,,,,
SV021,L,218,3,3,1,1,3,Stimulus,,,,,,,,,,,,
SV021,L,219,3,3,1,0,3,Stimulus,,,,,,,,0.6,0.6,70.0,70.0,12.0
SV021,L,220,2,3,0,0,3,Stimulus,,,,,,,,,,,,
SV021,L,221,2,3,0,0,3,Stimulus,,,,,,,,,,,,
SV021,L,222,2,0,1,0,3,Stimulus,,,,,,,,,,,,
SV021,L,223,3,3,1,0,3,Stimulus,,,,,,,,,,,,
SV021,L,224,3,2,0,0,3,Stimulus,,,,,,,,,,,,
SV021,L,225,2,3,0,1,3,Stimulus,,,,,,,,,,,,
SV021,L,226,3,2,0,1,2,Stimulus,,,,,,,,,,,,
SV021,L,227,2,3,1,1,3,Stimulus,,,,,,,,,,,,
SV021,L,228,2,2,1,0,2,Stimulus,,,,,,,,,,,,
SV021,L,229,3,2,1,0,2,Stimulus,,,,,,,,,,,,
SV021,L,230,3,2,1,1,2,Stimulus,,,,,,,,,,,,
SV021,L,231,3,0,1,1,3,Stimulus,,,,,,,,,,,,
SV021,L,232,2,3,1,1,3,Stimulus,,,,,,,,,,,,
SV021,L,233,3,3,1,1,3,Stimulus,,,,,,,,,,,,
SV021,L,234,2,3,0,1,3,Stimulus,,,,,,,,,,,,
SV021,L,235,2,2,1,1,2,Stimulus,,,,,,,,,,,,
SV021,L,236,2,3,0,1,3,Stimulus,,,,,,,,,,,,
SV021,L,237,2,2,0,0,2,Stimulus,,,,,,,,,,,,
SV021,L,238,3,2,0,0,2,Stimulus,,,,,,,,,,,,
SV021,L,239,3,0,1,0,3,Stimulus,,,,,,,,,,,,
SV021,L,240,2,0,0,0,3,Stimulus,,,,,,,,,,,,
SV021,L,241,3,2,1,0,2,Stimulus,,,,,,,,,,,,
SV021,L,242,3,0,1,0,0,Stimulus,,,,,,,,,,,,
SV021,L,243,2,3,1,0,3,Stimulus,,,,,,,,,,,,
SV021,L,244,3,3,1,1,3,Stimulus,,,,,,,,,,,,
SV021,L,245,2,3,0,1,3,Stimulus,,,,,,,,,,,,
SV021,L,246,2,2,1,1,2,Stimulus,,,,,,,,,,,,
SV021,L,247,2,0,0,0,0,Stimulus,,,,,,,,,,,,
SV021,L,248,3,3,1,1,3,Stimulus,,,,,,,,,,,,
SV021,L,249,3,0,1,0,0,Stimulus,,,,,,,,,,,,
SV021,L,250,2,3,1,1,3,Stimulus,,,,,,,,,,,,
SV021,L,251,2,3,0,1,3,Stimulus,,,,,,,,,,,,
SV021,L,252,2,0,1,0,0,Stimulus,,,,,,,,,,,,
SV021,L,253,2,0,0,1,0,Stimulus,,,,,,,,,,,,
SV021,L,254,2,0,1,0,0,Stimulus,,,,,,,,,,,,
SV021,L,255,3,2,1,0,2,Stimulus,,,,,,,,,,,,
SV021,L,256,3,0,0,1,0,Stimulus,,,,,,,,,,,,
SV021,L,257,2,0,0,1,0,Stimulus,,,,,,,,,,,,
SV021,L,258,2,0,1,0,0,Stimulus,,,,,,,,,,,,
SV021,L,259,3,3,0,1,3,Stimulus,,,,,,,,,,,,
SV021,L,260,3,0,0,0,0,Stimulus,,,,,,,,,,,,
SV021,L,261,3,3,1,1,3,Stimulus,,,,,,,,,,,,
SV021,L,262,2,3,0,1,3,Stimulus,,,,,,,,,,,,
SV021,L,263,2,0,1,1,0,Stimulus,,,,,,,,,,,,
SV021,L,264,3,2,0,1,2,Stimulus,,,,,,,,,,,,
SV021,L,265,2,3,1,0,3,Stimulus,,,,,,,,,,,,
SV021,L,266,2,0,1,1,0,Stimulus,,,,,,,,,,,,
SV021,L,267,3,3,1,1,3,Stimulus,,,,,,,,,,,,
SV021,L,268,3,2,0,0,2,Stimulus,,,,,,,,,,,,
SV021,L,269,2,0,0,0,0,Stimulus,,,,,,,,,,,,
SV021,L,270,2,0,0,0,0,Stimulus,,,,,,,,,,,,
SV021,L,271,2,2,1,0,2,Stimulus,,,,,,,,,,,,
SV021,L,272,2,2,1,1,2,Stimulus,,,,,,,,,,,,
SV021,L,273,2,0,0,1,0,Stimulus,,,,,,,,,,,,
SV021,L,274,3,2,1,0,2,Stimulus,,,,,,,,,,,,
SV021,L,275,3,2,0,1,2,Stimulus,,,,,,,,,,,,
SV021,L,276,2,3,0,0,3,Stimulus,,,,,,,,,,,,
SV021,L,277,3,3,1,1,3,Stimulus,,,,,,,,,,,,
SV021,L,278,2,2,1,0,2,Stimulus,,,,,,,,,,,,
SV021,L,279,2,2,0,1,2,Stimulus,,,,,,,,,,,,
SV021,L,280,2,3,0,0,3,Stimulus,,,,,,,,,,,,
SV021,L,281,2,3,1,0,3,Stimulus,,,,,,,,,,,,
SV021,L,282,3,2,1,0,2,Stimulus,,,,,,,,,,,,
SV021,L,283,2,3,0,0,3,Stimulus,,,,,,,,,,,,
SV021,L,284,3,0,1,1,0,Stimulus,,,,,,,,,,,,
SV021,L,285,2,3,0,1,3,Stimulus,,,,,,,,,,,,
SV021,L,286,3,2,0,0,2,Stimulus,,,,,,,,,,,,
SV021,L,287,2,2,0,0,2,Stimulus,,,,,,,,,,,,
SV021,L,288,2,0,0,0,0,Stimulus,,,,,,,,,,,,
SV021,L,289,3,2,1,0,2,Stimulus,,,,,,,,,,,,
SV021,L,290,2,0,1,1,0,Stimulus,,,,,,,,,,,,
SV021,L,291,2,2,1,0,2,Stimulus,,,,,,,,,,,,
SV021,L,292,3,2,0,0,2,Stimulus,,,,,,,,,,,,
SV021,L,293,3,0,1,0,0,Stimulus,,,,,,,,,,,,
SV021,L,294,2,3,0,0,3,Stimulus,,,,,,,,,,,,
SV021,L,295,3,0,0,0,0,Stimulus,,,,,,,,,,,,
SV021,L,296,2,0,0,1,0,Stimulus,,,,,,,,,,,,
SV021,L,297,3,3,0,1,3,Stimulus,,,,,,,,,,,,
SV021,L,298,3,0,0,0,0,Stimulus,,,,,,,,,,,,
SV021,L,299,3,3,1,1,3,Stimulus,,,,,,,,,,,,
SV021,L,300,3,3,1,0,3,Stimulus,,,,,,,,,,,,
SV021,L,301,3,0,1,1,0,Stimulus,,,,,,,,,,,,
SV021,L,302,2,2,1,1,2,Stimulus,,,,,,,,,,,,
SV021,L,303,3,3,1,1,3,Stimulus,,,,,,,,,,,,
SV021,L,304,3,0,0,1,0,Stimulus,,,,,,,,,,,,
SV021,L,305,3,3,0,0,3,Stimulus,,,,,,,,,,,,
SV021,L,306,2,3,1,0,3,Stimulus,,,,,,,,,,,,
SV021,L,307,3,3,0,1,3,Stimulus,,,,,,,,,,,,
SV021,L,308,3,3,0,0,3,Stimulus,,,,,,,,,,,,
SV021,L,309,3,2,0,1,2,Stimulus,,,,,,,,,,,,
SV021,L,310,3,0,1,1,0,Stimulus,,,,,,,,,,,,
SV021,L,311,2,0,1,0,0,Stimulus,,,,,,,,,,,,
SV021,L,312,2,3,0,0,3,Stimulus,,,,,,,,,,,,
SV021,L,313,3,2,1,1,2,Stimulus,,,,,,,,,,,,
SV021,L,314,3,2,0,1,2,Stimulus,,,,,,,,,,,,
SV021,L,315,3,0,1,0,0,Stimulus,,,,,,,,,,,,
SV021,L,316,3,0,0,1,0,Stimulus,,,,,,,,,,,,
SV021,L,317,2,2,1,1,2,Stimulus,,,,,,,,,,,,
SV021,L,318,2,3,1,1,3,Stimulus,,,,,,,,,,,,
SV021,L,319,2,0,1,0,0,Stimulus,,,,,,,,,,,,
SV021,L,320,3,3,1,0,3,Stimulus,,,,,,,,,,,,
SV021,L,321,3,0,1,1,0,Stimulus,,,,,,,,,,,,
SV021,L,322,3,0,1,0,0,Stimulus,,,,,,,,,,,,
SV021,L,323,3,2,0,0,2,Stimulus,,,,,,,,,,,,
SV021,L,324,2,0,1,1,0,Stimulus,,,,,,,,,,,,
SV021,L,325,2,3,0,0,3,Stimulus,,,,,,,,,,,,
SV021,L,326,2,0,1,0,0,Stimulus,,,,,,,,,,,,
SV021,L,327,2,3,0,0,3,Stimulus,,,,,,,,,,,,
SV021,L,328,3,0,1,1,0,Stimulus,,,,,,,,,,,,
SV021,L,329,3,3,1,0,3,Stimulus,,,,,,,,,,,,
SV021,L,330,2,0,1,0,0,Stimulus,,,,,,,,,,,,
SV021,L,331,2,2,1,0,2,Stimulus,,,,,,,,,,,,
SV021,L,332,3,2,0,1,2,Stimulus,,,,,,,,,,,,
SV021,L,333,3,0,0,0,0,Stimulus,,,,,,,,,,,,
SV021,L,334,2,0,1,0,0,Stimulus,,,,,,,,,,,,
SV021,L,335,2,0,0,0,0,Stimulus,,,,,,,,,,,,
SV021,L,336,2,0,1,0,0,Stimulus,,,,,,,,,,,,
SV021,L,337,3,2,1,1,2,Stimulus,,,,,,,,,,,,
SV021,L,338,3,2,0,1,2,Stimulus,,,,,,,,,,,,
SV021,L,339,3,0,1,0,0,Stimulus,,,,,,,,,,,,
SV021,L,340,3,0,1,1,0,Stimulus,,,,,,,,,,,,
SV021,L,341,3,2,0,0,2,Stimulus,,,,,,,,,,,,
SV021,L,342,2,2,0,0,2,Stimulus,,,,,,,,,,,,
SV021,L,343,2,2,1,0,2,Stimulus,,,,,,,,,,,,
SV021,L,344,2,2,0,1,2,Stimulus,,,,,,,,,,,,
SV021,L,345,3,0,0,1,0,Stimulus,,,,,,,,,,,,
SV021,L,346,3,0,0,0,0,Stimulus,,,,,,,,,,,,
SV021,L,347,2,0,0,1,0,Stimulus,,,,,,,,,,,,
SV021,L,348,3,3,0,1,3,Stimulus,,,,,,,,,,,,
SV021,L,349,3,2,0,0,2,Stimulus,,,,,,,,,,,,
SV021,L,350,2,0,0,0,0,Stimulus,,,,,,,,,,,,
SV021,L,351,3,2,1,0,2,Stimulus,,,,,,,,,,,,
SV021,L,352,3,3,1,0,3,Stimulus,,,,,,,,,,,,
SV021,L,353,3,2,1,1,2,Stimulus,,,,,,,,,,,,
SV021,L,354,2,3,0,1,3,Stimulus,,,,,,,,,,,,
SV021,L,355,3,3,1,0,3,Stimulus,,,,,,,,,,,,
SV021,L,356,3,0,1,0,0,Stimulus,,,,,,,,,,,,
SV021,L,357,2,2,1,1,2,Stimulus,,,,,,,,,,,,
SV021,L,358,2,3,0,0,3,Stimulus,,,,,,,,,,,,
SV021,L,359,2,3,1,0,3,Stimulus,,,,,,,,,,,,
SV021,L,360,2,0,0,1,0,Stimulus,,,,,,,,,,,,
SV021,L,361,2,3,1,1,3,Stimulus,,,,,,,,,,,,
SV021,L,362,2,0,1,1,0,Stimulus,,,,,,,,,,,,
SV021,L,363,2,2,0,1,2,Stimulus,,,,,,,,,,,,
SV021,L,364,3,2,0,1,2,Stimulus,,,,,,,,,,,,
SV021,L,365,2,3,0,1,3,Stimulus,,,,,,,,,,,,
SV021,L,366,2,2,0,1,2,Stimulus,,,,,,,,,,,,
SV021,L,367,2,3,1,0,3,Stimulus,,,,,,,,,,,,
SV021,L,368,3,2,0,1,2,Stimulus,,,,,,,,,,,,
SV021,L,369,3,3,0,1,3,Stimulus,,,,,,,,,,,,
SV021,L,370,3,3,0,1,3,Stimulus,,,,,,,,,,,,
SV021,L,371,2,3,0,0,3,Stimulus,,,,,,,,,,,,
SV021,L,372,3,0,0,0,0,Stimulus,,,,,,,,,,,,
SV021,L,373,2,2,1,0,2,Stimulus,,,,,,,,,,,,
SV021,L,374,2,2,0,0,2,Stimulus,,,,,,,,,,,,
SV021,L,375,3,2,0,0,2,Stimulus,,,,,,,,,,,,
SV021,L,376,2,2,0,1,2,Stimulus,,,,,,,,,,,,
SV021,L,377,3,2,1,1,2,Stimulus,,,,,,,,,,,,
SV021,L,378,3,2,1,1,2,Stimulus,,,,,,,,,,,,
SV021,L,379,2,2,0,0,2,Stimulus,,,,,,,,,,,,
SV021,L,380,3,2,1,1,2,Stimulus,,,,,,,,,,,,
SV021,L,381,3,0,1,1,0,Stimulus,,,,,,,,,,,,
SV021,L,382,3,2,1,0,2,Stimulus,,,,,,,,,,,,
SV021,L,383,3,3,0,0,3,Stimulus,,,,,,,,,,,,
SV021,L,384,3,0,1,0,0,Stimulus,,,,,,,,,,,,
SV021,L,385,2,0,1,1,0,Stimulus,,,,,,,,,,,,
SV021,L,386,3,3,0,1,3,Stimulus,,,,,,,,,,,,
SV021,L,387,3,2,1,1,2,Stimulus,,,,,,,,,,,,
SV021,L,388,2,2,1,1,2,Stimulus,,,,,,,,,,,,
SV021,L,389,2,3,1,0,3,Stimulus,,,,,,,,,,,,
SV021,L,390,3,3,0,0,3,Stimulus,,,,,,,,,,,,
SV021,L,391,3,0,0,1,0,Stimulus,,,,,,,,,,,,
SV021,L,392,3,2,1,1,2,Stimulus,,,,,,,,,,,,
SV021,L,393,3,3,0,0,3,Stimulus,,,,,,,,,,,,
SV021,L,394,2,2,0,0,2,Stimulus,,,,,,,,,,,,
SV021,L,395,3,0,0,0,0,Stimulus,,,,,,,,,,,,
SV021,L,396,2,2,0,1,2,Stimulus,,,,,,,,,,,,
SV021,L,397,2,2,1,1,2,Stimulus,,,,,,,,,,,,
SV021,L,398,3,0,0,1,0,Stimulus,,,,,,,,,,,,
SV021,L,399,2,2,1,0,2,Stimulus,,,,,,,,,,,,
SV021,L,400,2,2,0,1,2,Stimulus,,,,,,,,,,,,
SV021,L,401,3,3,0,0,3,Stimulus,,,,,,,,,,,,
SV021,L,402,3,3,0,0,3,Stimulus,,,,,,,,,,,,
SV021,L,403,2,2,0,0,2,Stimulus,,,,,,,,,,,,
SV021,L,404,2,2,0,0,2,Stimulus,,,,,,,,,,,,
SV021,L,405,3,2,1,0,2,Stimulus,,,,,,,,,,,,
SV021,L,406,2,0,0,0,0,Stimulus,,,,,,,,,,,,
SV021,L,407,3,3,0,1,4,Stimulus,,,,,,,,,,,,
SV021,L,408,3,3,1,0,3,Stimulus,,,,,,,,,,,,
SV021,L,409,3,0,0,1,0,Stimulus,,,,,,,,,,,,
SV021,L,410,3,2,0,0,2,Stimulus,,,,,,,,,,,,
SV021,L,411,2,0,1,1,0,Stimulus,,,,,,,,,,,,
SV021,L,412,2,2,0,1,2,Stimulus,,,,,,,,,,,,
SV021,L,413,3,3,0,0,3,Stimulus,,,,,,,,,,,,
SV021,L,414,3,0,1,0,0,Stimulus,,,,,,,,,,,,
SV021,L,415,3,3,1,1,3,Stimulus,,,,,,,,,,,,
SV021,L,416,2,0,0,0,0,Stimulus,,,,,,,,,,,,
SV021,L,417,2,3,1,1,4,Stimulus,,,,,,,,,,,,
SV021,L,418,3,0,1,1,0,Stimulus,,,,,,,,,,,,
SV021,L,419,2,0,0,0,0,Stimulus,,,,,,,,,,,,
SV021,L,420,3,3,0,0,4,Stimulus,,,,,,,,,,,,
SV021,L,421,2,0,0,1,0,Stimulus,,,,,,,,,,,,
SV021,L,422,2,2,1,1,2,Stimulus,,,,,,,,,,,,
SV021,L,423,3,0,0,1,0,Stimulus,,,,,,,,,,,,
SV021,L,424,2,3,1,1,3,Stimulus,,,,,,,,,,,,
SV021,L,425,3,3,1,0,3,Stimulus,,,,,,,,,,,,
SV021,L,426,2,3,0,1,3,Stimulus,,,,,,,,,,,,
SV021,L,427,3,3,1,1,3,Stimulus,,,,,,,,,,,,
SV021,L,428,2,2,1,0,2,Stimulus,,,,,,,,,,,,
SV021,L,429,3,3,1,0,3,Stimulus,,,,,,,,,,,,
SV021,L,430,2,3,1,1,3,Stimulus,,,,,,,,,,,,
SV021,L,431,3,0,0,0,0,Stimulus,,,,,,,,,,,,
SV021,L,432,3,3,1,0,3,Stimulus,,,,,,,,,,,,
SV021,L,433,3,0,0,0,0,Stimulus,,,,,,,,,,,,
SV021,L,434,3,0,0,1,0,Stimulus,,,,,,,,,,,,
SV021,L,435,2,0,1,1,0,Stimulus,,,,,,,,,,,,
SV021,L,436,3,2,1,0,2,Stimulus,,,,,,,,,,,,
SV021,L,437,3,2,1,0,2,Stimulus,,,,,,,,,,,,
SV021,L,438,2,3,1,1,3,Stimulus,,,,,,,,,,,,
SV021,L,439,2,3,0,1,3,Stimulus,,,,,,,,,,,,
SV021,L,440,2,3,1,0,3,Stimulus,,,,,,,,,,,,
SV021,L,441,2,0,0,1,0,Stimulus,,,,,,,,,,,,
SV021,L,442,2,2,0,1,2,Stimulus,,,,,,,,,,,,
SV021,L,443,3,3,1,1,3,Stimulus,,,,,,,,,,,,
SV021,L,444,2,0,0,1,0,Stimulus,,,,,,,,,,,,
SV021,L,445,3,3,0,1,3,Stimulus,,,,,,,,0.9,0.9,0.0,0.0,24.0
SV021,L,446,3,0,1,1,0,Stimulus,,,,,,,,,,,,
SV021,L,447,2,3,0,1,3,Stimulus,,,,,,,,,,,,
SV021,L,448,2,2,1,0,2,Stimulus,,,,,,,,,,,,
SV021,L,449,3,3,0,0,3,Stimulus,,,,,,,,,,,,
SV021,L,450,3,2,0,0,2,Stimulus,,,,,,,,,,,,
SV021,L,451,3,3,1,0,3,Stimulus,,,,,,,,,,,,
SV021,L,452,2,0,0,0,0,Stimulus,,,,,,,,,,,,
SV021,L,453,2,3,1,1,3,Stimulus,,,,,,,,,,,,
SV021,L,454,3,0,0,1,0,Stimulus,,,,,,,,,,,,
SV021,L,455,3,2,1,1,2,Stimulus,,,,,,,,,,,,
SV021,L,456,2,3,0,0,3,Stimulus,,,,,,,,,,,,
SV021,L,457,2,0,1,1,0,Stimulus,,,,,,,,,,,,
SV021,L,458,2,2,0,1,2,Stimulus,,,,,,,,,,,,
SV021,L,459,2,0,1,1,0,Stimulus,,,,,,,,,,,,
SV021,L,460,2,3,1,1,3,Stimulus,,,,,,,,,,,,
SV021,L,461,2,3,1,1,3,Stimulus,,,,,,,,,,,,
SV021,L,462,3,0,1,1,0,Stimulus,,,,,,,,,,,,
SV021,L,463,2,2,1,1,2,Stimulus,,,,,,,,,,,,
SV021,L,464,3,0,1,0,0,Stimulus,,,,,,,,,,,,
SV021,L,465,3,2,0,0,2,Stimulus,,,,,,,,,,,,
SV021,L,466,2,3,1,0,3,Stimulus,,,,,,,,,,,,
SV021,L,467,2,3,1,0,3,Stimulus,,,,,,,,,,,,
SV021,L,468,3,3,0,1,3,Stimulus,,,,,,,,,,,,
SV021,L,469,3,0,0,0,0,Stimulus,,,,,,,,,,,,
SV021,L,470,2,2,1,0,2,Stimulus,,,,,,,,,,,,
SV021,L,471,3,2,0,1,2,Stimulus,,,,,,,,,,,,
SV021,L,472,3,2,0,1,2,Stimulus,,,,,,,,,,,,
SV021,L,473,2,0,0,1,0,Stimulus,,,,,,,,,,,,
SV021,L,474,2,3,0,1,3,Stimulus,,,,,,,,,,,,
SV021,L,475,2,2,0,0,2,Stimulus,,,,,,,,,,,,
SV021,L,476,3,2,1,1,2,Stimulus,,,,,,,,,,,,
SV021,L,477,2,2,0,0,2,Stimulus,,,,,,,,,,,,
SV021,L,478,2,0,1,0,0,Stimulus,,,,,,,,,,,,
SV021,L,479,2,2,1,1,2,Stimulus,,,,,,,,,,,,
SV021,L,480,2,2,0,0,2,Stimulus,,,,,,,,,,,,
SV021,R,1,2,2,0,0,2,Stimulus,,,,,,,,,,,,
SV021,R,2,3,0,0,0,3,Stimulus,,,,,,,,,,,,
SV021,R,3,3,0,1,1,2,Stimulus,,,,,,,,,,,,
SV021,R,4,2,3,0,1,3,Stimulus,,,,,,,,,,,,
SV021,R,5,3,2,1,0,2,Stimulus,,,,,,,,,,,,
SV021,R,6,3,0,0,1,3,Stimulus,,,,,,,,,,,,
SV021,R,7,3,3,1,1,3,Stimulus,,,,,,,,,,,,
SV021,R,8,3,0,1,1,3,Stimulus,,,,,,,,,,,,
SV021,R,9,2,0,0,1,3,Stimulus,,,,,,,,,,,,
SV021,R,10,3,3,1,1,3,Stimulus,,,,,,,,,,,,
SV021,R,11,3,2,0,1,2,Stimulus,,,,,,,,,,,,
SV021,R,12,3,2,0,0,2,Stimulus,,,,,,,,,,,,
SV021,R,13,3,2,1,0,2,Stimulus,,,,,,,,,,,,
SV021,R,14,2,2,1,0,2,Stimulus,,,,,,,,,,,,
SV021,R,15,3,2,1,0,2,Stimulus,,,,,,,,,,,,
SV021,R,16,3,3,0,1,3,Stimulus,,,,,,,,,,,,
SV021,R,17,2,3,1,1,3,Stimulus,,,,,,,,,,,,
SV021,R,18,3,3,0,0,3,Stimulus,,,,,,,,,,,,
SV021,R,19,3,2,0,1,2,Stimulus,,,,,,,,,,,,
SV021,R,20,2,3,0,0,3,Stimulus,,,,,,,,,,,,
SV021,R,21,2,3,1,0,3,Stimulus,,,,,,,,,,,,
SV021,R,22,3,0,0,0,3,Stimulus,,,,,,,,,,,,
SV021,R,23,2,3,1,1,3,Stimulus,,,,,,,,,,,,
SV021,R,24,3,2,1,0,2,Stimulus,,,,,,,,,,,,
SV021,R,25,3,0,0,0,3,Stimulus,,,,,,,,,,,,
SV021,R,26,3,2,0,0,3,Stimulus,,,,,,,,,,,,
SV021,R,27,3,3,0,1,3,Stimulus,,,,,,,,,,,,
SV021,R,28,2,0,1,1,2,Stimulus,,,,,,,,,,,,
SV021,R,29,2,2,1,1,2,Stimulus,,,,,,,,,,,,
SV021,R,30,2,0,1,0,3,Stimulus,,,,,,,,,,,,
SV021,R,31,3,0,1,0,3,Stimulus,,,,,,,,,,,,
SV021,R,32,3,2,1,1,2,Stimulus,,,,,,,,,,,,
SV021,R,33,3,3,1,1,3,Stimulus,,,,,,,,,,,,
SV021,R,34,3,3,1,1,3,Stimulus,,,,,,,,,,,,
SV021,R,35,3,3,0,1,3,Stimulus,,,,,,,,,,,,
SV021,R,36,3,3,0,0,3,Stimulus,,,,,,,,,,,,
SV021,R,37,2,2,1,0,2,Stimulus,,,,,,,,,,,,
SV021,R,38,2,0,1,1,1,Stimulus,,,,,,,,,,,,
SV021,R,39,3,0,0,1,2,Stimulus,,,,,,,,0.5,0.5,67.0,67.0,12.0
SV021,R,40,3,2,1,1,2,Stimulus,,,,,,,,,,,,
SV021,R,41,2,0,1,0,2,Stimulus,,,,,,,,,,,,
SV021,R,42,2,0,1,1,1,Stimulus,,,,,,,,,,,,
SV021,R,43,2,0,1,0,2,Stimulus,,,,,,,,,,,,
SV021,R,44,3,2,0,1,3,Stimulus,,,,,,,,,,,,
SV021,R,45,2,0,1,0,2,Stimulus,,,,,,,,,,,,
SV021,R,46,3,2,0,0,3,Stimulus,,,,,,,,,,,,
SV021,R,47,3,3,1,0,3,Stimulus,,,,,,,,,,,,
SV021,R,48,3,0,0,1,3,Stimulus,,,,,,,,,,,,
SV021,R,49,3,3,1,0,3,Stimulus,,,,,,,,,,,,
SV021,R,50,3,3,0,0,3,Stimulus,,,,,,,,,,,,
SV021,R,51,3,3,1,1,3,Stimulus,,,,,,,,,,,,
SV021,R,52,2,2,1,0,2,Stimulus,,,,,,,,,,,,
SV021,R,53,2,3,1,1,3,Stimulus,,,,,,,,,,,,
SV021,R,54,3,2,1,1,2,Stimulus,,,,,,,,,,,,
SV021,R,55,3,3,0,0,3,Stimulus,,,,,,,,,,,,
SV021,R,56,2,0,0,1,3,Stimulus,,,,,,,,,,,,
SV021,R,57,2,2,1,0,2,Stimulus,,,,,,,,,,,,
SV021,R,58,3,0,1,1,2,Stimulus,,,,,,,,,,,,
SV021,R,59,3,3,0,1,3,Stimulus,,,,,,,,,,,,
SV021,R,60,3,2,0,1,2,Stimulus,,,,,,,,,,,,
SV021,R,61,3,3,0,0,3,Stimulus,,,,,,,,,,,,
SV021,R,62,3,3,1,1,3,Stimulus,,,,,,,,,,,,
SV021,R,63,3,0,0,0,3,Stimulus,,,,,,,,,,,,
SV021,R,64,2,2,0,1,2,Stimulus,,,,,,,,,,,,
SV021,R,65,2,3,1,1,3,Stimulus,,,,,,,,,,,,
SV021,R,66,2,3,0,0,3,Stimulus,,,,,,,,,,,,
SV021,R,67,3,0,0,0,3,Stimulus,,,,,,,,,,,,
SV021,R,68,2,3,0,1,3,Stimulus,,,,,,,,,,,,
SV021,R,69,2,0,0,0,3,Stimulus,,,,,,,,,,,,
SV021,R,70,2,3,1,1,3,Stimulus,,,,,,,,,,,,
SV021,R,71,2,3,0,1,3,Stimulus,,,,,,,,,,,,
SV021,R,72,3,0,0,1,3,Stimulus,,,,,,,,,,,,
SV021,R,73,3,3,1,1,3,Stimulus,,,,,,,,,,,,
SV021,R,74,3,3,1,0,3,Stimulus,,,,,,,,,,,,
SV021,R,75,3,0,1,0,3,Stimulus,,,,,,,,,,,,
SV021,R,76,3,2,0,0,2,Stimulus,,,,,,,,,,,,
SV021,R,77,3,3,0,1,3,Stimulus,,,,,,,,,,,,
SV021,R,78,3,2,0,0,3,Stimulus,,,,,,,,,,,,
SV021,R,79,2,0,1,0,3,Stimulus,,,,,,,,,,,,
SV021,R,80,2,2,0,1,2,Stimulus,,,,,,,,,,,,
SV021,R,81,3,2,1,0,2,Stimulus,,,,,,,,,,,,
SV021,R,82,2,0,0,1,3,Stimulus,,,,,,,,,,,,
SV021,R,83,3,3,0,0,3,Stimulus,,,,,,,,,,,,
SV021,R,84,3,2,1,0,2,Stimulus,,,,,,,,,,,,
SV021,R,85,3,0,0,0,3,Stimulus,,,,,,,,,,,,
SV021,R,86,2,3,1,1,3,Stimulus,,,,,,,,,,,,
SV021,R,87,3,3,1,0,3,Stimulus,,,,,,,,,,,,
SV021,R,88,2,3,0,1,3,Stimulus,,,,,,,,,,,,
SV021,R,89,3,0,1,0,3,Stimulus,,,,,,,,,,,,
SV021,R,90,3,2,1,1,2,Stimulus,,,,,,,,,,,,
SV021,R,91,2,3,1,1,3,Stimulus,,,,,,,,,,,,
SV021,R,92,2,0,0,1,1,Stimulus,,,,,,,,,,,,
SV021,R,93,2,2,0,1,2,Stimulus,,,,,,,,,,,,
SV021,R,94,2,2,1,1,2,Stimulus,,,,,,,,,,,,
SV021,R,95,2,2,0,1,2,Stimulus,,,,,,,,,,,,
SV021,R,96,2,0,0,1,1,Stimulus,,,,,,,,,,,,
SV021,R,97,3,2,0,1,2,Stimulus,,,,,,,,,,,,
SV021,R,98,2,0,1,1,2,Stimulus,,,,,,,,,,,,
SV021,R,99,2,3,1,0,3,Stimulus,,,,,,,,,,,,
SV021,R,100,3,0,1,0,3,Stimulus,,,,,,,,,,,,
SV021,R,101,3,2,0,1,2,Stimulus,,,,,,,,,,,,
SV021,R,102,2,2,0,1,3,Stimulus,,,,,,,,,,,,
SV021,R,103,2,3,0,1,3,Stimulus,,,,,,,,,,,,
SV021,R,104,2,0,1,0,3,Stimulus,,,,,,,,,,,,
SV021,R,105,3,3,0,0,3,Stimulus,,,,,,,,,,,,
SV021,R,106,2,2,0,1,3,Stimulus,,,,,,,,,,,,
SV021,R,107,2,0,0,1,3,Stimulus,,,,,,,,,,,,
SV021,R,108,3,2,1,1,2,Stimulus,,,,,,,,,,,,
SV021,R,109,3,0,1,0,3,Stimulus,,,,,,,,,,,,
SV021,R,110,2,2,1,1,2,Stimulus,,,,,,,,,,,,
SV021,R,111,3,3,0,0,3,Stimulus,,,,,,,,,,,,
SV021,R,112,3,2,1,0,2,Stimulus,,,,,,,,,,,,
SV021,R,113,3,3,1,0,3,Stimulus,,,,,,,,,,,,
SV021,R,114,3,3,0,0,3,Stimulus,,,,,,,,,,,,
SV021,R,115,2,0,0,0,3,Stimulus,,,,,,,,,,,,
SV021,R,116,3,0,1,1,2,Stimulus,,,,,,,,,,,,
SV021,R,117,2,0,1,1,3,Stimulus,,,,,,,,,,,,
SV021,R,118,3,0,1,1,2,Stimulus,,,,,,,,,,,,
SV021,R,119,3,0,1,1,3,Stimulus,,,,,,,,,,,,
SV021,R,120,2,3,1,0,3,Stimulus,,,,,,,,,,,,
SV021,R,121,2,0,1,0,2,Stimulus,,,,,,,,,,,,
SV021,R,122,2,0,0,0,3,Stimulus,,,,,,,,,,,,
SV021,R,123,3,3,1,1,3,Stimulus,,,,,,,,,,,,
SV021,R,124,3,3,0,1,3,Stimulus,,,,,,,,,,,,
SV021,R,125,2,0,1,0,3,Stimulus,,,,,,,,,,,,
SV021,R,126,2,2,1,1,2,Stimulus,,,,,,,,,,,,
SV021,R,127,3,3,1,0,3,Stimulus,,,,,,,,,,,,
SV021,R,128,2,0,1,1,3,Stimulus,,,,,,,,,,,,
SV021,R,129,2,0,1,1,3,Stimulus,,,,,,,,,,,,
SV021,R,130,2,3,0,0,3,Stimulus,,,,,,,,,,,,
SV021,R,131,2,2,1,1,2,Stimulus,,,,,,,,,,,,
SV021,R,132,2,2,1,0,2,Stimulus,,,,,,,,,,,,
SV021,R,133,3,0,1,1,3,Stimulus,,,,,,,,,,,,
SV021,R,134,3,0,1,1,3,Stimulus,,,,,,,,,,,,
SV021,R,135,3,3,1,0,3,Stimulus,,,,,,,,,,,,
SV021,R,136,3,0,1,1,3,Stimulus,,,,,,,,,,,,
SV021,R,137,3,0,1,0,3,Stimulus,,,,,,,,,,,,
SV021,R,138,2,0,1,0,3,Stimulus,,,,,,,,,,,,
SV021,R,139,3,2,0,0,2,Stimulus,,,,,,,,,,,,
SV021,R,140,3,3,0,1,3,Stimulus,,,,,,,,,,,,
SV021,R,141,3,0,0,1,3,Stimulus,,,,,,,,,,,,
SV021,R,142,2,3,0,0,3,Stimulus,,,,,,,,,,,,
SV021,R,143,2,3,0,0,3,Stimulus,,,,,,,,,,,,
SV021,R,144,2,0,0,0,3,Stimulus,,,,,,,,,,,,
SV021,R,145,2,0,0,0,3,Stimulus,,,,,,,,,,,,
SV021,R,146,2,3,0,0,3,Stimulus,,,,,,,,,,,,
SV021,R,147,2,2,1,1,2,Stimulus,,,,,,,,,,,,
SV021,R,148,2,3,1,0,3,Stimulus,,,,,,,,,,,,
SV021,R,149,3,0,0,0,3,Stimulus,,,,,,,,,,,,
SV021,R,150,2,0,0,0,2,Stimulus,,,,,,,,,,,,
SV021,R,151,3,0,1,1,3,Stimulus,,,,,,,,,,,,
SV021,R,152,3,3,0,1,3,Stimulus,,,,,,,,,,,,
SV021,R,153,2,0,0,0,3,Stimulus,,,,,,,,,,,,
SV021,R,154,2,2,1,1,2,Stimulus,,,,,,,,,,,,
SV021,R,155,3,2,1,1,2,Stimulus,,,,,,,,,,,,
SV021,R,156,3,2,1,1,2,Stimulus,,,,,,,,,,,,
SV021,R,157,3,0,0,1,1,Stimulus,,,,,,,,,,,,
SV021,R,158,3,0,1,0,3,Stimulus,,,,,,,,,,,,
SV021,R,159,2,2,0,0,2,Stimulus,,,,,,,,,,,,
SV021,R,160,3,0,1,0,3,Stimulus,,,,,,,,,,,,
SV021,R,161,2,2,0,0,2,Stimulus,,,,,,,,,,,,
SV021,R,162,2,3,0,1,3,Stimulus,,,,,,,,,,,,
SV021,R,163,2,3,1,1,3,Stimulus,,,,,,,,,,,,
SV021,R,164,3,2,0,0,3,Stimulus,,,,,,,,,,,,
SV021,R,165,2,3,1,0,3,Stimulus,,,,,,,,,,,,
SV021,R,166,2,3,0,1,3,Stimulus,,,,,,,,,,,,
SV021,R,167,2,2,0,1,2,Stimulus,,,,,,,,,,,,
SV021,R,168,3,2,1,1,2,Stimulus,,,,,,,,,,,,
SV021,R,169,2,2,1,1,2,Stimulus,,,,,,,,,,,,
SV021,R,170,2,3,1,0,3,Stimulus,,,,,,,,,,,,
SV021,R,171,2,0,0,1,3,Stimulus,,,,,,,,,,,,
SV021,R,172,3,0,1,0,3,Stimulus,,,,,,,,,,,,
SV021,R,173,3,0,0,1,3,Stimulus,,,,,,,,,,,,
SV021,R,174,2,3,0,0,3,Stimulus,,,,,,,,,,,,
SV021,R,175,3,0,0,0,3,Stimulus,,,,,,,,,,,,
SV021,R,176,2,0,0,1,2,Stimulus,,,,,,,,,,,,
SV021,R,177,3,2,0,1,2,Stimulus,,,,,,,,,,,,
SV021,R,178,2,2,0,0,2,Stimulus,,,,,,,,,,,,
SV021,R,179,2,0,1,1,2,Stimulus,,,,,,,,,,,,
SV021,R,180,3,3,0,0,3,Stimulus,,,,,,,,,,,,
SV021,R,181,2,0,1,0,3,Stimulus,,,,,,,,,,,,
SV021,R,182,2,2,0,1,2,Stimulus,,,,,,,,,,,,
SV021,R,183,2,3,0,1,3,Stimulus,,,,,,,,,,,,
SV021,R,184,2,0,1,1,3,Stimulus,,,,,,,,,,,,
SV021,R,185,3,3,1,0,3,Stimulus,,,,,,,,,,,,
SV021,R,186,2,3,1,0,3,Stimulus,,,,,,,,,,,,
SV021,R,187,2,3,0,0,3,Stimulus,,,,,,,,,,,,
SV021,R,188,2,3,0,1,3,Stimulus,,,,,,,,,,,,
SV021,R,189,2,3,1,1,3,Stimulus,,,,,,,,,,,,
SV021,R,190,3,2,0,1,2,Stimulus,,,,,,,,,,,,
SV021,R,191,2,3,1,0,3,Stimulus,,,,,,,,,,,,
SV021,R,192,2,3,0,1,3,Stimulus,,,,,,,,,,,,
SV021,R,193,2,2,0,0,2,Stimulus,,,,,,,,,,,,
SV021,R,194,2,2,0,1,2,Stimulus,,,,,,,,,,,,
SV021,R,195,2,2,0,0,2,Stimulus,,,,,,,,,,,,
SV021,R,196,3,0,1,0,3,Stimulus,,,,,,,,,,,,
SV021,R,197,2,2,0,1,2,Stimulus,,,,,,,,,,,,
SV021,R,198,2,2,1,0,2,Stimulus,,,,,,,,,,,,
SV021,R,199,2,2,1,0,2,Stimulus,,,,,,,,,,,,
SV021,R,200,3,3,1,0,3,Stimulus,,,,,,,,,,,,
SV021,R,201,3,2,1,1,2,Stimulus,,,,,,,,,,,,
SV021,R,202,2,0,0,0,2,Stimulus,,,,,,,,,,,,
SV021,R,203,2,3,1,0,3,Stimulus,,,,,,,,,,,,
SV021,R,204,3,2,1,1,2,Stimulus,,,,,,,,,,,,
SV021,R,205,3,2,1,0,2,Stimulus,,,,,,,,,,,,
SV021,R,206,3,0,0,1,3,Stimulus,,,,,,,,,,,,
SV021,R,207,3,0,0,1,2,Stimulus,,,,,,,,,,,,
SV021,R,208,2,3,1,1,3,Stimulus,,,,,,,,,,,,
SV021,R,209,2,2,1,0,2,Stimulus,,,,,,,,,,,,
SV021,R,210,3,3,1,1,3,Stimulus,,,,,,,,,,,,
SV021,R,211,2,3,0,0,3,Stimulus,,,,,,,,,,,,
SV021,R,212,3,3,1,1,3,Stimulus,,,,,,,,,,,,
SV021,R,213,2,3,0,0,3,Stimulus,,,,,,,,,,,,
SV021,R,214,2,2,1,0,2,Stimulus,,,,,,,,,,,,
SV021,R,215,2,0,0,1,1,Stimulus,,,,,,,,,,,,
SV021,R,216,2,0,0,0,2,Stimulus,,,,,,,,,,,,
SV021,R,217,3,2,0,0,2,Stimulus,,,,,,,,,,,,
SV021,R,218,3,2,0,0,2,Stimulus,,,,,,,,,,,,
SV021,R,219,3,3,1,0,3,Stimulus,,,,,,,,,,,,
SV021,R,220,2,2,0,0,2,Stimulus,,,,,,,,,,,,
SV021,R,221,3,0,0,0,3,Stimulus,,,,,,,,,,,,
SV021,R,222,3,0,0,0,3,Stimulus,,,,,,,,,,,,
SV021,R,223,2,2,0,0,2,Stimulus,,,,,,,,,,,,
SV021,R,224,2,2,1,0,2,Stimulus,,,,,,,,,,,,
SV021,R,225,3,3,0,1,3,Stimulus,,,,,,,,,,,,
SV021,R,226,2,0,1,1,2,Stimulus,,,,,,,,,,,,
SV021,R,227,3,2,0,1,2,Stimulus,,,,,,,,,,,,
SV021,R,228,3,2,0,1,2,Stimulus,,,,,,,,,,,,
SV021,R,229,3,0,0,1,3,Stimulus,,,,,,,,,,,,
SV021,R,230,2,0,0,1,3,Stimulus,,,,,,,,,,,,
SV021,R,231,2,2,1,1,2,Stimulus,,,,,,,,,,,,
SV021,R,232,2,2,0,0,2,Stimulus,,,,,,,,,,,,
SV021,R,233,3,3,0,1,3,Stimulus,,,,,,,,,,,,
SV021,R,234,3,2,1,0,2,Stimulus,,,,,,,,,,,,
SV021,R,235,2,0,0,0,3,Stimulus,,,,,,,,,,,,
SV021,R,236,2,3,1,0,3,Stimulus,,,,,,,,,,,,
SV021,R,237,2,2,0,0,2,Stimulus,,,,,,,,,,,,
SV021,R,238,2,2,1,1,2,Stimulus,,,,,,,,,,,,
SV021,R,239,3,2,0,0,2,Stimulus,,,,,,,,,,,,
SV021,R,240,3,2,1,0,2,Stimulus,,,,,,,,,,,,
SV021,R,241,2,0,0,0,0,Stimulus,,,,,,,,,,,,
SV021,R,242,2,3,1,1,3,Stimulus,,,,,,,,,,,,
SV021,R,243,3,0,0,0,0,Stimulus,,,,,,,,,,,,
SV021,R,244,3,0,0,1,0,Stimulus,,,,,,,,,,,,
SV021,R,245,3,2,1,0,2,Stimulus,,,,,,,,,,,,
SV021,R,246,2,0,0,0,0,Stimulus,,,,,,,,,,,,
SV021,R,247,2,0,1,1,0,Stimulus,,,,,,,,,,,,
SV021,R,248,2,0,1,1,0,Stimulus,,,,,,,,,,,,
SV021,R,249,2,3,0,1,3,Stimulus,,,,,,,,,,,,
SV021,R,250,2,3,0,0,3,Stimulus,,,,,,,,,,,,
SV021,R,251,2,3,1,1,3,Stimulus,,,,,,,,,,,,
SV021,R,252,2,2,1,1,2,Stimulus,,,,,,,,,,,,
SV021,R,253,3,0,0,0,0,Stimulus,,,,,,,,,,,,
SV021,R,254,2,0,0,1,0,Stimulus,,,,,,,,,,,,
SV021,R,255,3,0,0,1,0,Stimulus,,,,,,,,,,,,
SV021,R,256,3,2,1,1,2,Stimulus,,,,,,,,,,,,
SV021,R,257,2,3,1,1,3,Stimulus,,,,,,,,,,,,
SV021,R,258,2,2,1,0,2,Stimulus,,,,,,,,,,,,
SV021,R,259,2,0,1,0,0,Stimulus,,,,,,,,,,,,
SV021,R,260,2,2,0,1,2,Stimulus,,,,,,,,,,,,
SV021,R,261,2,2,1,1,2,Stimulus,,,,,,,,,,,,
SV021,R,262,2,3,1,0,3,Stimulus,,,,,,,,,,,,
SV021,R,263,2,3,0,0,3,Stimulus,,,,,,,,,,,,
SV021,R,264,3,2,1,0,2,Stimulus,,,,,,,,,,,,
SV021,R,265,3,0,1,1,0,Stimulus,,,,,,,,,,,,
SV021,R,266,2,2,1,0,2,Stimulus,,,,,,,,,,,,
SV021,R,267,2,2,0,1,2,Stimulus,,,,,,,,,,,,
SV021,R,268,2,2,1,0,2,Stimulus,,,,,,,,,,,,
SV021,R,269,3,0,1,0,0,Stimulus,,,,,,,,,,,,
SV021,R,270,3,3,1,1,3,Stimulus,,,,,,,,,,,,
SV021,R,271,2,0,1,1,0,Stimulus,,,,,,,,,,,,
SV021,R,272,2,0,0,0,0,Stimulus,,,,,,,,,,,,
SV021,R,273,2,2,0,1,2,Stimulus,,,,,,,,,,,,
SV021,R,274,2,3,1,0,3,Stimulus,,,,,,,,,,,,
SV021,R,275,2,3,0,1,3,Stimulus,,,,,,,,,,,,
SV021,R,276,3,2,1,0,2,Stimulus,,,,,,,,,,,,
SV021,R,277,3,3,0,1,3,Stimulus,,,,,,,,,,,,
SV021,R,278,2,0,0,0,0,Stimulus,,,,,,,,,,,,
SV021,R,279,3,2,1,1,2,Stimulus,,,,,,,,,,,,
SV021,R,280,2,3,0,1,3,Stimulus,,,,,,,,,,,,
SV021,R,281,2,2,0,0,2,Stimulus,,,,,,,,,,,,
SV021,R,282,2,3,0,1,3,Stimulus,,,,,,,,,,,,
SV021,R,283,3,3,1,1,3,Stimulus,,,,,,,,,,,,
SV021,R,284,3,2,1,1,2,Stimulus,,,,,,,,,,,,
SV021,R,285,2,3,1,0,3,Stimulus,,,,,,,,,,,,
SV021,R,286,3,0,1,0,0,Stimulus,,,,,,,,,,,,
SV021,R,287,3,0,0,1,0,Stimulus,,,,,,,,,,,,
SV021,R,288,3,3,0,1,3,Stimulus,,,,,,,,,,,,
SV021,R,289,3,2,0,0,2,Stimulus,,,,,,,,,,,,
SV021,R,290,3,2,1,0,2,Stimulus,,,,,,,,,,,,
SV021,R,291,3,0,1,1,0,Stimulus,,,,,,,,,,,,
SV021,R,292,3,3,1,1,3,Stimulus,,,,,,,,,,,,
SV021,R,293,3,0,1,1,0,Stimulus,,,,,,,,,,,,
SV021,R,294,3,0,1,0,0,Stimulus,,,,,,,,,,,,
SV021,R,295,3,2,0,0,2,Stimulus,,,,,,,,,,,,
SV021,R,296,3,3,1,1,3,Stimulus,,,,,,,,,,,,
SV021,R,297,2,3,0,0,3,Stimulus,,,,,,,,,,,,
SV021,R,298,3,0,1,1,0,Stimulus,,,,,,,,,,,,
SV021,R,299,2,3,1,0,3,Stimulus,,,,,,,,,,,,
SV021,R,300,2,3,1,0,3,Stimulus,,,,,,,,,,,,
SV021,R,301,3,0,1,1,0,Stimulus,,,,,,,,,,,,
SV021,R,302,3,0,1,0,0,Stimulus,,,,,,,,,,,,
SV021,R,303,3,0,1,1,0,Stimulus,,,,,,,,,,,,
SV021,R,304,3,3,0,0,3,Stimulus,,,,,,,,,,,,
SV021,R,305,2,3,1,0,3,Stimulus,,,,,,,,,,,,
SV021,R,306,2,0,0,1,0,Stimulus,,,,,,,,,,,,
SV021,R,307,2,0,1,0,0,Stimulus,,,,,,,,,,,,
SV021,R,308,3,2,1,0,2,Stimulus,,,,,,,,,,,,
SV021,R,309,3,2,1,1,2,Stimulus,,,,,,,,,,,,
SV021,R,310,3,3,0,0,3,Stimulus,,,,,,,,,,,,
SV021,R,311,3,0,0,0,0,Stimulus,,,,,,,,,,,,
SV021,R,312,3,2,1,1,2,Stimulus,,,,,,,,,,,,
SV021,R,313,2,0,0,0,0,Stimulus,,,,,,,,,,,,
SV021,R,314,2,3,0,0,3,Stimulus,,,,,,,,,,,,
SV021,R,315,2,2,1,1,2,Stimulus,,,,,,,,,,,,
SV021,R,316,3,2,0,1,2,Stimulus,,,,,,,,,,,,
SV021,R,317,2,2,1,0,2,Stimulus,,,,,,,,,,,,
SV021,R,318,2,0,1,1,0,Stimulus,,,,,,,,,,,,
SV021,R,319,2,3,1,0,3,Stimulus,,,,,,,,,,,,
SV021,R,320,3,2,0,1,2,Stimulus,,,,,,,,,,,,
SV021,R,321,2,0,1,1,0,Stimulus,,,,,,,,,,,,
SV021,R,322,2,3,1,1,3,Stimulus,,,,,,,,,,,,
SV021,R,323,3,0,0,1,0,Stimulus,,,,,,,,,,,,
SV021,R,324,3,3,1,1,3,Stimulus,,,,,,,,,,,,
SV021,R,325,2,0,0,0,0,Stimulus,,,,,,,,,,,,
SV021,R,326,3,3,1,1,3,Stimulus,,,,,,,,,,,,
SV021,R,327,3,3,0,0,3,Stimulus,,,,,,,,,,,,
SV021,R,328,3,2,1,1,2,Stimulus,,,,,,,,,,,,
SV021,R,329,3,3,0,1,3,Stimulus,,,,,,,,,,,,
SV021,R,330,3,0,0,0,0,Stimulus,,,,,,,,,,,,
SV021,R,331,2,2,0,1,2,Stimulus,,,,,,,,,,,,
SV021,R,332,3,3,0,1,3,Stimulus,,,,,,,,,,,,
SV021,R,333,2,2,0,1,2,Stimulus,,,,,,,,,,,,
SV021,R,334,2,3,1,1,3,Stimulus,,,,,,,,,,,,
SV021,R,335,3,3,0,1,3,Stimulus,,,,,,,,,,,,
SV021,R,336,3,0,0,1,0,Stimulus,,,,,,,,,,,,
SV021,R,337,2,3,1,0,3,Stimulus,,,,,,,,,,,,
SV021,R,338,2,2,1,0,3,Stimulus,,,,,,,,,,,,
SV021,R,339,2,0,1,0,0,Stimulus,,,,,,,,,,,,
SV021,R,340,3,2,0,1,2,Stimulus,,,,,,,,,,,,
SV021,R,341,2,0,1,0,0,Stimulus,,,,,,,,,,,,
SV021,R,342,3,0,0,0,0,Stimulus,,,,,,,,,,,,
SV021,R,343,2,2,0,0,2,Stimulus,,,,,,,,,,,,
SV021,R,344,2,2,1,1,2,Stimulus,,,,,,,,,,,,
SV021,R,345,3,3,1,1,3,Stimulus,,,,,,,,,,,,
SV021,R,346,3,3,0,0,3,Stimulus,,,,,,,,,,,,
SV021,R,347,3,2,0,1,2,Stimulus,,,,,,,,,,,,
SV021,R,348,3,3,0,1,3,Stimulus,,,,,,,,,,,,
SV021,R,349,2,0,1,0,0,Stimulus,,,,,,,,,,,,
SV021,R,350,3,0,0,0,0,Stimulus,,,,,,,,,,,,
SV021,R,351,3,3,0,0,3,Stimulus,,,,,,,,,,,,
SV021,R,352,3,3,0,1,3,Stimulus,,,,,,,,,,,,
SV021,R,353,2,2,0,0,2,Stimulus,,,,,,,,,,,,
SV021,R,354,3,0,0,1,0,Stimulus,,,,,,,,,,,,
SV021,R,355,3,2,0,1,2,Stimulus,,,,,,,,,,,,
SV021,R,356,2,3,0,0,3,Stimulus,,,,,,,,,,,,
SV021,R,357,2,2,0,0,2,Stimulus,,,,,,,,,,,,
SV021,R,358,2,2,0,0,2,Stimulus,,,,,,,,,,,,
SV021,R,359,3,3,0,0,3,Stimulus,,,,,,,,,,,,
SV021,R,360,2,0,0,0,0,Stimulus,,,,,,,,,,,,
SV021,R,361,3,2,0,1,2,Stimulus,,,,,,,,,,,,
SV021,R,362,3,0,1,0,0,Stimulus,,,,,,,,,,,,
SV021,R,363,3,3,1,0,3,Stimulus,,,,,,,,,,,,
SV021,R,364,2,2,1,0,2,Stimulus,,,,,,,,,,,,
SV021,R,365,2,2,0,1,2,Stimulus,,,,,,,,,,,,
SV021,R,366,2,3,0,0,3,Stimulus,,,,,,,,,,,,
SV021,R,367,2,2,1,1,2,Stimulus,,,,,,,,,,,,
SV021,R,368,3,2,1,0,2,Stimulus,,,,,,,,,,,,
SV021,R,369,3,3,1,0,3,Stimulus,,,,,,,,,,,,
SV021,R,370,2,0,1,1,0,Stimulus,,,,,,,,,,,,
SV021,R,371,3,3,0,1,3,Stimulus,,,,,,,,,,,,
SV021,R,372,2,2,1,0,2,Stimulus,,,,,,,,,,,,
SV021,R,373,3,2,1,1,2,Stimulus,,,,,,,,,,,,
SV021,R,374,2,3,1,1,3,Stimulus,,,,,,,,,,,,
SV021,R,375,3,3,1,0,3,Stimulus,,,,,,,,,,,,
SV021,R,376,3,2,0,0,2,Stimulus,,,,,,,,,,,,
SV021,R,377,2,0,0,1,0,Stimulus,,,,,,,,,,,,
SV021,R,378,2,2,1,0,2,Stimulus,,,,,,,,,,,,
SV021,R,379,3,2,1,1,2,Stimulus,,,,,,,,,,,,
SV021,R,380,2,0,1,1,0,Stimulus,,,,,,,,,,,,
SV021,R,381,3,2,1,1,2,Stimulus,,,,,,,,,,,,
SV021,R,382,3,2,0,1,2,Stimulus,,,,,,,,,,,,
SV021,R,383,3,2,0,0,2,Stimulus,,,,,,,,,,,,
SV021,R,384,2,2,0,1,2,Stimulus,,,,,,,,,,,,
SV021,R,385,3,2,0,1,2,Stimulus,,,,,,,,,,,,
SV021,R,386,2,3,1,0,3,Stimulus,,,,,,,,,,,,
SV021,R,387,2,3,1,1,4,Stimulus,,,,,,,,,,,,
SV021,R,388,2,3,1,0,3,Stimulus,,,,,,,,,,,,
SV021,R,389,2,3,0,1,3,Stimulus,,,,,,,,,,,,
SV021,R,390,2,2,0,0,2,Stimulus,,,,,,,,,,,,
SV021,R,391,3,3,0,1,3,Stimulus,,,,,,,,,,,,
SV021,R,392,3,2,1,1,2,Stimulus,,,,,,,,,,,,
SV021,R,393,2,0,1,1,0,Stimulus,,,,,,,,,,,,
SV021,R,394,3,0,1,1,0,Stimulus,,,,,,,,,,,,
SV021,R,395,2,0,0,1,0,Stimulus,,,,,,,,,,,,
SV021,R,396,2,0,1,0,0,Stimulus,,,,,,,,,,,,
SV021,R,397,3,2,0,0,2,Stimulus,,,,,,,,,,,,
SV021,R,398,3,0,1,0,0,Stimulus,,,,,,,,,,,,
SV021,R,399,3,3,0,0,3,Stimulus,,,,,,,,,,,,
SV021,R,400,2,3,0,1,3,Stimulus,,,,,,,,,,,,
SV021,R,401,2,3,0,0,3,Stimulus,,,,,,,,,,,,
SV021,R,402,2,3,0,0,3,Stimulus,,,,,,,,,,,,
SV021,R,403,3,3,1,0,3,Stimulus,,,,,,,,,,,,
SV021,R,404,2,2,1,1,2,Stimulus,,,,,,,,,,,,
SV021,R,405,3,3,0,0,3,Stimulus,,,,,,,,,,,,
SV021,R,406,2,2,0,0,2,Stimulus,,,,,,,,,,,,
SV021,R,407,3,0,1,0,0,Stimulus,,,,,,,,,,,,
SV021,R,408,3,2,1,0,2,Stimulus,,,,,,,,,,,,
SV021,R,409,2,2,0,1,2,Stimulus,,,,,,,,,,,,
SV021,R,410,3,2,0,1,2,Stimulus,,,,,,,,,,,,
SV021,R,411,2,2,1,0,2,Stimulus,,,,,,,,,,,,
SV021,R,412,3,0,0,1,0,Stimulus,,,,,,,,,,,,
SV021,R,413,2,3,1,1,3,Stimulus,,,,,,,,,,,,
SV021,R,414,2,3,0,0,3,Stimulus,,,,,,,,,,,,
SV021,R,415,2,3,0,0,3,Stimulus,,,,,,,,,,,,
SV021,R,416,3,3,1,0,3,Stimulus,,,,,,,,,,,,
SV021,R,417,3,0,1,1,0,Stimulus,,,,,,,,,,,,
SV021,R,418,3,0,1,1,0,Stimulus,,,,,,,,,,,,
SV021,R,419,2,3,1,1,3,Stimulus,,,,,,,,,,,,
SV021,R,420,3,0,0,0,0,Stimulus,,,,,,,,,,,,
SV021,R,421,2,0,0,1,0,Stimulus,,,,,,,,,,,,
SV021,R,422,3,0,1,1,0,Stimulus,,,,,,,,,,,,
SV021,R,423,2,2,1,1,2,Stimulus,,,,,,,,,,,,
SV021,R,424,2,2,0,1,2,Stimulus,,,,,,,,,,,,
SV021,R,425,2,2,0,1,2,Stimulus,,,,,,,,,,,,
SV021,R,426,2,3,0,1,3,Stimulus,,,,,,,,,,,,
SV021,R,427,3,2,1,0,2,Stimulus,,,,,,,,,,,,
SV021,R,428,2,0,0,1,0,Stimulus,,,,,,,,,,,,
SV021,R,429,3,3,0,1,3,Stimulus,,,,,,,,,,,,
SV021,R,430,3,3,1,0,4,Stimulus,,,,,,,,,,,,
SV021,R,431,2,2,1,1,2,Stimulus,,,,,,,,,,,,
SV021,R,432,3,0,1,0,0,Stimulus,,,,,,,,,,,,
SV021,R,433,2,0,0,1,0,Stimulus,,,,,,,,,,,,
SV021,R,434,3,2,0,0,2,Stimulus,,,,,,,,,,,,
SV021,R,435,2,0,0,0,0,Stimulus,,,,,,,,,,,,
SV021,R,436,3,0,0,1,0,Stimulus,,,,,,,,,,,,
SV021,R,437,3,0,1,0,0,Stimulus,,,,,,,,,,,,
SV021,R,438,2,3,1,1,3,Stimulus,,,,,,,,,,,,
SV021,R,439,3,3,1,0,3,Stimulus,,,,,,,,,,,,
SV021,R,440,3,2,0,0,2,Stimulus,,,,,,,,,,,,
SV021,R,441,2,0,0,0,0,Stimulus,,,,,,,,,,,,
SV021,R,442,2,2,1,0,2,Stimulus,,,,,,,,,,,,
SV021,R,443,2,2,0,0,2,Stimulus,,,,,,,,,,,,
SV021,R,444,2,0,1,1,0,Stimulus,,,,,,,,,,,,
SV021,R,445,2,0,0,1,0,Stimulus,,,,,,,,,,,,
SV021,R,446,2,0,1,1,0,Stimulus,,,,,,,,,,,,
SV021,R,447,2,0,1,0,0,Stimulus,,,,,,,,,,,,
SV021,R,448,2,0,1,0,0,Stimulus,,,,,,,,,,,,
SV021,R,449,3,2,0,0,2,Stimulus,,,,,,,,,,,,
SV021,R,450,2,0,1,0,0,Stimulus,,,,,,,,,,,,
SV021,R,451,3,0,0,0,0,Stimulus,,,,,,,,,,,,
SV021,R,452,2,2,0,0,2,Stimulus,,,,,,,,,,,,
SV021,R,453,2,3,0,1,4,Stimulus,,,,,,,,,,,,
SV021,R,454,2,0,0,1,0,Stimulus,,,,,,,,,,,,
SV021,R,455,3,3,1,0,3,Stimulus,,,,,,,,,,,,
SV021,R,456,3,0,0,0,0,Stimulus,,,,,,,,,,,,
SV021,R,457,3,2,0,0,2,Stimulus,,,,,,,,,,,,
SV021,R,458,3,3,1,0,3,Stimulus,,,,,,,,,,,,
SV021,R,459,2,2,1,1,2,Stimulus,,,,,,,,,,,,
SV021,R,460,3,0,0,1,0,Stimulus,,,,,,,,,,,,
SV021,R,461,3,3,0,0,3,Stimulus,,,,,,,,,,,,
SV021,R,462,2,0,1,0,0,Stimulus,,,,,,,,,,,,
SV021,R,463,3,2,0,1,2,Stimulus,,,,,,,,,,,,
SV021,R,464,2,3,0,1,3,Stimulus,,,,,,,,,,,,
SV021,R,465,3,3,1,1,3,Stimulus,,,,,,,,,,,,
SV021,R,466,3,0,1,0,0,Stimulus,,,,,,,,,,,,
SV021,R,467,2,2,1,1,2,Stimulus,,,,,,,,,,,,
SV021,R,468,3,3,1,1,3,Stimulus,,,,,,,,,,,,
SV021,R,469,3,3,0,0,3,Stimulus,,,,,,,,,,,,
SV021,R,470,3,2,0,0,2,Stimulus,,,,,,,,,,,,
SV021,R,471,3,0,0,0,0,Stimulus,,,,,,,,,,,,
SV021,R,472,2,2,0,0,2,Stimulus,,,,,,,,,,,,
SV021,R,473,3,3,1,0,3,Stimulus,,,,,,,,,,,,
SV021,R,474,2,0,0,1,0,Stimulus,,,,,,,,,,,,
SV021,R,475,3,2,1,0,2,Stimulus,,,,,,,,,,,,
SV021,R,476,3,2,1,0,2,Stimulus,,,,,,,,,,,,
SV021,R,477,2,0,0,0,0,Stimulus,,,,,,,,,,,,
SV021,R,478,2,3,0,1,3,Stimulus,,,,,,,,,,,,
SV021,R,479,3,0,0,1,0,Stimulus,,,,,,,,,,,,
SV021,R,480,3,3,1,1,3,Stimulus,,,,,,,,,,,,
