subj_id,eye,trial_no,n_flash,n_beep,direction,blindspot,response,phase,fixation_x_mean,fixation_x_max,fixation_y_mean,fixation_y_max,pupil_avg_mean,pupil_avg_max,fixation_duration_mean,saccade_amplitude_mean,saccade_amplitude_max,saccade_velocity_mean,saccade_velocity_max,saccade_duration_mean
SV022,L,1,2,2,1,0,2,Fixation,,,,,,,,,,,,
SV022,L,2,2,0,1,1,2,Fixation,,,,,,,,,,,,
SV022,L,3,2,0,1,0,2,Fixation,,,,,,,,,,,,
SV022,L,4,3,3,1,1,3,Fixation,,,,,,,,,,,,
SV022,L,5,2,0,0,0,2,Fixation,,,,,,,,,,,,
SV022,L,6,2,2,1,1,2,Fixation,,,,,,,,,,,,
SV022,L,7,3,2,1,0,2,Fixation,,,,,,,,,,,,
SV022,L,8,2,0,0,1,2,Fixation,,,,,,,,,,,,
SV022,L,9,3,2,0,0,2,Fixation,,,,,,,,,,,,
SV022,L,10,2,0,0,1,1,Fixation,,,,,,,,,,,,
SV022,L,11,3,3,1,0,3,Fixation,,,,,,,,,,,,
SV022,L,12,2,2,0,0,2,Fixation,,,,,,,,,,,,
SV022,L,13,2,3,0,0,2,Fixation,,,,,,,,,,,,
SV022,L,14,3,2,0,1,0,Fixation,,,,,,,,,,,,
SV022,L,15,3,0,1,0,2,Fixation,,,,,,,,,,,,
SV022,L,16,3,3,1,1,2,Fixation,,,,,,,,,,,,
SV022,L,17,2,2,1,1,2,Fixation,,,,,,,,,,,,
SV022,L,18,3,2,0,0,2,Fixation,,,,,,,,,,,,
SV022,L,19,3,3,0,0,3,Fixation,,,,,,,,,,,,
SV022,L,20,3,3,0,1,1,Fixation,,,,,,,,,,,,
SV022,L,21,3,2,0,1,2,Fixation,,,,,,,,,,,,
SV022,L,22,3,3,1,1,2,Fixation,,,,,,,,,,,,
SV022,L,23,3,0,1,1,2,Fixation,,,,,,,,,,,,
SV022,L,24,2,3,1,0,2,Fixation,,,,,,,,,,,,
SV022,L,25,3,0,0,1,2,Fixation,,,,,,,,,,,,
SV022,L,26,3,3,0,1,3,Fixation,,,,,,,,,,,,
SV022,L,27,2,2,0,0,2,Fixation,,,,,,,,,,,,
SV022,L,28,2,3,1,0,2,Fixation,,,,,,,,,,,,
SV022,L,29,2,2,0,0,2,Fixation,,,,,,,,,,,,
SV022,L,30,3,3,1,0,2,Fixation,,,,,,,,,,,,
SV022,L,31,2,2,1,1,2,Fixation,,,,,,,,,,,,
SV022,L,32,3,0,1,0,2,Fixation,,,,,,,,,,,,
SV022,L,33,2,0,1,0,2,Fixation,,,,,,,,,,,,
SV022,L,34,2,2,0,0,2,Fixation,,,,,,,,,,,,
SV022,L,35,2,3,0,1,3,Fixation,,,,,,,,,,,,
SV022,L,36,3,3,1,0,3,Fixation,,,,,,,,,,,,
SV022,L,37,3,2,1,1,2,Fixation,,,,,,,,,,,,
SV022,L,38,2,0,1,1,2,Fixation,,,,,,,,,,,,
SV022,L,39,2,0,1,1,2,Fixation,,,,,,,,,,,,
SV022,L,40,2,2,0,1,2,Fixation,,,,,,,,,,,,
SV022,L,41,2,0,0,1,0,Fixation,,,,,,,,,,,,
SV022,L,42,2,2,0,0,2,Fixation,,,,,,,,,,,,
SV022,L,43,3,0,0,0,2,Fixation,,,,,,,,,,,,
SV022,L,44,2,3,0,1,3,Fixation,,,,,,,,,,,,
SV022,L,45,2,0,1,0,2,Fixation,,,,,,,,1.8,1.8,93.0,93.0,24.0
SV022,L,46,3,2,1,0,3,Fixation,,,,,,,,,,,,
SV022,L,47,2,3,0,0,2,Fixation,,,,,,,,,,,,
SV022,L,48,3,2,0,0,2,Fixation,,,,,,,,,,,,
SV022,L,49,3,3,0,0,3,Fixation,,,,,,,,,,,,
SV022,L,50,2,2,1,0,2,Fixation,,,,,,,,,,,,
SV022,L,51,3,0,1,0,3,Fixation,,,,,,,,,,,,
SV022,L,52,2,3,1,1,3,Fixation,,,,,,,,,,,,
SV022,L,53,2,3,1,1,3,Fixation,,,,,,,,,,,,
SV022,L,54,3,3,1,1,2,Fixation,,,,,,,,,,,,
SV022,L,55,2,2,1,1,2,Fixation,,,,,,,,,,,,
SV022,L,56,3,3,1,1,3,Fixation,,,,,,,,,,,,
SV022,L,57,3,3,1,1,2,Fixation,,,,,,,,,,,,
SV022,L,58,3,0,1,1,2,Fixation,,,,,,,,,,,,
SV022,L,59,2,0,0,1,2,Fixation,,,,,,,,0.5,0.5,58.0,58.0,12.0
SV022,L,60,2,2,0,1,2,Fixation,,,,,,,,,,,,
SV022,L,61,3,0,1,1,2,Fixation,,,,,,,,,,,,
SV022,L,62,3,2,0,1,2,Fixation,,,,,,,,,,,,
SV022,L,63,2,3,1,0,2,Fixation,,,,,,,,,,,,
SV022,L,64,3,0,0,0,3,Fixation,,,,,,,,,,,,
SV022,L,65,2,0,1,1,2,Fixation,,,,,,,,,,,,
SV022,L,66,3,2,0,1,2,Fixation,,,,,,,,0.4,0.4,51.0,51.0,12.0
SV022,L,67,2,0,0,0,2,Fixation,,,,,,,,,,,,
SV022,L,68,2,3,0,1,3,Fixation,,,,,,,,,,,,
SV022,L,69,3,2,1,1,1,Fixation,,,,,,,,,,,,
SV022,L,70,2,3,1,0,3,Fixation,,,,,,,,,,,,
SV022,L,71,2,2,0,0,2,Fixation,,,,,,,,,,,,
SV022,L,72,3,3,1,0,3,Fixation,,,,,,,,,,,,
SV022,L,73,2,2,1,0,2,Fixation,,,,,,,,,,,,
SV022,L,74,3,0,0,1,2,Fixation,,,,,,,,,,,,
SV022,L,75,3,3,0,0,3,Fixation,,,,,,,,,,,,
SV022,L,76,3,3,0,1,3,Fixation,,,,,,,,,,,,
SV022,L,77,2,3,1,0,3,Fixation,,,,,,,,0.8,0.8,65.0,65.0,16.0
SV022,L,78,3,3,0,1,2,Fixation,,,,,,,,,,,,
SV022,L,79,2,0,0,1,2,Fixation,,,,,,,,0.7,0.7,56.0,56.0,16.0
SV022,L,80,3,2,1,0,3,Fixation,,,,,,,,1.6,1.6,85.0,85.0,24.0
SV022,L,81,3,3,0,1,2,Fixation,,,,,,,,,,,,
SV022,L,82,2,0,0,1,2,Fixation,,,,,,,,,,,,
SV022,L,83,3,3,0,0,3,Fixation,,,,,,,,,,,,
SV022,L,84,2,3,0,1,3,Fixation,,,,,,,,,,,,
SV022,L,85,2,2,0,1,2,Fixation,,,,,,,,,,,,
SV022,L,86,2,0,0,0,2,Fixation,,,,,,,,,,,,
SV022,L,87,2,2,1,0,2,Fixation,,,,,,,,,,,,
SV022,L,88,3,0,0,0,3,Fixation,,,,,,,,0.4,0.4,51.0,51.0,12.0
SV022,L,89,2,3,0,1,3,Fixation,,,,,,,,,,,,
SV022,L,90,3,2,1,0,2,Fixation,,,,,,,,,,,,
SV022,L,91,2,3,1,1,2,Fixation,,,,,,,,,,,,
SV022,L,92,2,3,0,0,2,Fixation,,,,,,,,,,,,
SV022,L,93,2,0,0,0,2,Fixation,,,,,,,,,,,,
SV022,L,94,2,2,1,1,2,Fixation,,,,,,,,0.6,0.6,55.0,55.0,16.0
SV022,L,95,3,3,1,0,3,Fixation,,,,,,,,,,,,
SV022,L,96,2,3,0,0,3,Fixation,,,,,,,,,,,,
SV022,L,97,2,3,1,0,3,Fixation,,,,,,,,,,,,
SV022,L,98,3,0,1,0,3,Fixation,,,,,,,,,,,,
SV022,L,99,2,3,0,0,3,Fixation,,,,,,,,,,,,
SV022,L,100,2,3,1,1,2,Fixation,,,,,,,,,,,,
SV022,L,101,3,3,0,1,2,Fixation,,,,,,,,,,,,
SV022,L,102,2,2,0,1,1,Fixation,,,,,,,,,,,,
SV022,L,103,3,2,0,0,2,Fixation,,,,,,,,,,,,
SV022,L,104,3,3,0,0,2,Fixation,,,,,,,,,,,,
SV022,L,105,2,0,1,1,2,Fixation,,,,,,,,,,,,
SV022,L,106,2,0,1,0,2,Fixation,,,,,,,,,,,,
SV022,L,107,3,3,0,0,3,Fixation,,,,,,,,,,,,
SV022,L,108,2,3,0,0,3,Fixation,,,,,,,,,,,,
SV022,L,109,2,3,1,1,3,Fixation,,,,,,,,,,,,
SV022,L,110,2,0,1,0,3,Fixation,,,,,,,,,,,,
SV022,L,111,2,2,0,1,2,Fixation,,,,,,,,,,,,
SV022,L,112,3,3,1,0,3,Fixation,,,,,,,,,,,,
SV022,L,113,3,0,1,1,3,Fixation,,,,,,,,0.7,0.7,58.0,58.0,16.0
SV022,L,114,2,3,0,0,3,Fixation,,,,,,,,,,,,
SV022,L,115,3,2,1,0,2,Fixation,,,,,,,,,,,,
SV022,L,116,3,0,0,1,2,Fixation,,,,,,,,,,,,
SV022,L,117,3,2,1,0,2,Fixation,,,,,,,,,,,,
SV022,L,118,2,0,1,1,2,Fixation,,,,,,,,,,,,
SV022,L,119,3,0,1,1,2,Fixation,,,,,,,,,,,,
SV022,L,120,3,2,0,0,2,Fixation,,,,,,,,,,,,
SV022,L,121,2,3,1,0,2,Fixation,,,,,,,,,,,,
SV022,L,122,2,0,1,0,2,Fixation,,,,,,,,,,,,
SV022,L,123,3,0,1,1,2,Fixation,,,,,,,,,,,,
SV022,L,124,3,0,0,1,2,Fixation,,,,,,,,,,,,
SV022,L,125,2,3,1,1,3,Fixation,,,,,,,,,,,,
SV022,L,126,3,3,0,1,3,Fixation,,,,,,,,,,,,
SV022,L,127,3,2,0,1,2,Fixation,,,,,,,,,,,,
SV022,L,128,2,2,1,0,2,Fixation,,,,,,,,,,,,
SV022,L,129,3,3,1,0,2,Fixation,,,,,,,,,,,,
SV022,L,130,2,2,0,1,1,Fixation,,,,,,,,,,,,
SV022,L,131,2,3,1,0,2,Fixation,,,,,,,,,,,,
SV022,L,132,2,3,0,1,3,Fixation,,,,,,,,,,,,
SV022,L,133,3,0,1,0,3,Fixation,,,,,,,,,,,,
SV022,L,134,2,2,1,1,2,Fixation,,,,,,,,,,,,
SV022,L,135,2,2,0,1,2,Fixation,,,,,,,,,,,,
SV022,L,136,3,0,0,1,0,Fixation,,,,,,,,,,,,
SV022,L,137,3,2,1,1,2,Fixation,,,,,,,,,,,,
SV022,L,138,3,2,1,0,2,Fixation,,,,,,,,,,,,
SV022,L,139,3,0,1,1,2,Fixation,,,,,,,,,,,,
SV022,L,140,3,0,0,1,2,Fixation,,,,,,,,,,,,
SV022,L,141,2,3,1,0,3,Fixation,,,,,,,,,,,,
SV022,L,142,2,0,0,0,2,Fixation,,,,,,,,,,,,
SV022,L,143,2,0,0,0,2,Fixation,,,,,,,,,,,,
SV022,L,144,3,2,1,0,2,Fixation,,,,,,,,,,,,
SV022,L,145,3,2,1,0,2,Fixation,,,,,,,,,,,,
SV022,L,146,3,0,0,0,3,Fixation,,,,,,,,,,,,
SV022,L,147,3,3,0,0,3,Fixation,,,,,,,,,,,,
SV022,L,148,2,2,0,1,2,Fixation,,,,,,,,,,,,
SV022,L,149,2,3,0,0,3,Fixation,,,,,,,,,,,,
SV022,L,150,2,3,1,1,2,Fixation,,,,,,,,,,,,
SV022,L,151,3,0,1,1,2,Fixation,,,,,,,,,,,,
SV022,L,152,2,2,0,1,2,Fixation,,,,,,,,,,,,
SV022,L,153,3,2,1,1,2,Fixation,,,,,,,,,,,,
SV022,L,154,3,3,1,1,3,Fixation,,,,,,,,,,,,
SV022,L,155,2,2,1,0,2,Fixation,,,,,,,,,,,,
SV022,L,156,3,0,0,1,1,Fixation,,,,,,,,,,,,
SV022,L,157,3,2,1,1,2,Fixation,,,,,,,,,,,,
SV022,L,158,2,0,1,1,2,Fixation,,,,,,,,,,,,
SV022,L,159,2,2,1,0,2,Fixation,,,,,,,,4.8,4.8,162.0,162.0,40.0
SV022,L,160,2,0,0,0,2,Fixation,,,,,,,,,,,,
SV022,L,161,3,0,0,0,1,Fixation,,,,,,,,,,,,
SV022,L,162,2,2,0,0,2,Fixation,,,,,,,,,,,,
SV022,L,163,3,0,1,0,2,Fixation,,,,,,,,,,,,
SV022,L,164,2,3,1,0,2,Fixation,,,,,,,,,,,,
SV022,L,165,3,3,1,0,2,Fixation,,,,,,,,,,,,
SV022,L,166,2,2,1,1,2,Fixation,,,,,,,,,,,,
SV022,L,167,2,2,0,0,2,Fixation,,,,,,,,,,,,
SV022,L,168,2,2,1,0,2,Fixation,,,,,,,,,,,,
SV022,L,169,2,0,1,0,2,Fixation,,,,,,,,,,,,
SV022,L,170,3,0,1,1,1,Fixation,,,,,,,,,,,,
SV022,L,171,2,3,1,1,2,Fixation,,,,,,,,,,,,
SV022,L,172,3,2,0,1,2,Fixation,,,,,,,,,,,,
SV022,L,173,3,0,0,0,2,Fixation,,,,,,,,,,,,
SV022,L,174,2,3,0,1,2,Fixation,,,,,,,,,,,,
SV022,L,175,2,3,0,0,2,Fixation,,,,,,,,,,,,
SV022,L,176,3,2,1,1,2,Fixation,,,,,,,,,,,,
SV022,L,177,3,3,0,1,3,Fixation,,,,,,,,,,,,
SV022,L,178,2,2,0,0,2,Fixation,,,,,,,,,,,,
SV022,L,179,2,0,0,1,1,Fixation,,,,,,,,,,,,
SV022,L,180,3,0,0,0,2,Fixation,,,,,,,,,,,,
SV022,L,181,3,3,1,1,2,Fixation,,,,,,,,,,,,
SV022,L,182,2,0,1,0,2,Fixation,,,,,,,,,,,,
SV022,L,183,3,0,0,0,2,Fixation,,,,,,,,,,,,
SV022,L,184,3,2,0,1,2,Fixation,,,,,,,,,,,,
SV022,L,185,3,2,0,0,2,Fixation,,,,,,,,,,,,
SV022,L,186,2,0,1,0,2,Fixation,,,,,,,,,,,,
SV022,L,187,2,2,1,0,2,Fixation,,,,,,,,,,,,
SV022,L,188,2,3,1,1,2,Fixation,,,,,,,,,,,,
SV022,L,189,2,0,1,1,2,Fixation,,,,,,,,,,,,
SV022,L,190,3,2,0,0,2,Fixation,,,,,,,,,,,,
SV022,L,191,3,2,0,1,2,Fixation,,,,,,,,,,,,
SV022,L,192,3,0,1,0,1,Fixation,,,,,,,,,,,,
SV022,L,193,3,2,1,1,2,Fixation,,,,,,,,,,,,
SV022,L,194,3,2,0,0,2,Fixation,,,,,,,,,,,,
SV022,L,195,3,0,1,0,2,Fixation,,,,,,,,,,,,
SV022,L,196,3,3,0,0,3,Fixation,,,,,,,,,,,,
SV022,L,197,3,2,0,1,2,Fixation,,,,,,,,,,,,
SV022,L,198,2,3,0,1,2,Fixation,,,,,,,,,,,,
SV022,L,199,3,2,1,0,2,Fixation,,,,,,,,,,,,
SV022,L,200,3,0,1,0,2,Fixation,,,,,,,,,,,,
SV022,L,201,3,3,0,1,2,Fixation,,,,,,,,,,,,
SV022,L,202,3,0,1,1,2,Fixation,,,,,,,,,,,,
SV022,L,203,2,3,0,0,2,Fixation,,,,,,,,,,,,
SV022,L,204,3,0,1,0,3,Fixation,,,,,,,,,,,,
SV022,L,205,3,3,1,1,3,Fixation,,,,,,,,,,,,
SV022,L,206,3,2,0,1,2,Fixation,,,,,,,,,,,,
SV022,L,207,2,0,0,1,2,Fixation,,,,,,,,,,,,
SV022,L,208,2,2,1,1,2,Fixation,,,,,,,,,,,,
SV022,L,209,3,2,1,1,2,Fixation,,,,,,,,,,,,
SV022,L,210,3,0,0,1,2,Fixation,,,,,,,,,,,,
SV022,L,211,3,2,0,0,2,Fixation,,,,,,,,,,,,
SV022,L,212,2,0,1,1,2,Fixation,,,,,,,,,,,,
SV022,L,213,2,0,1,1,2,Fixation,,,,,,,,,,,,
SV022,L,214,2,3,0,1,2,Fixation,,,,,,,,,,,,
SV022,L,215,2,2,1,0,2,Fixation,,,,,,,,,,,,
SV022,L,216,3,3,1,0,2,Fixation,,,,,,,,0.4,0.4,55.0,55.0,12.0
SV022,L,217,2,0,0,1,2,Fixation,,,,,,,,,,,,
SV022,L,218,3,0,0,0,3,Fixation,,,,,,,,,,,,
SV022,L,219,2,3,0,1,2,Fixation,,,,,,,,,,,,
SV022,L,220,3,3,1,1,3,Fixation,,,,,,,,,,,,
SV022,L,221,3,3,0,1,2,Fixation,,,,,,,,,,,,
SV022,L,222,2,2,0,0,2,Fixation,,,,,,,,,,,,
SV022,L,223,2,2,0,1,2,Fixation,,,,,,,,,,,,
SV022,L,224,2,2,1,1,2,Fixation,,,,,,,,,,,,
SV022,L,225,2,0,1,0,2,Fixation,,,,,,,,,,,,
SV022,L,226,3,3,0,0,3,Fixation,,,,,,,,,,,,
SV022,L,227,3,3,1,0,3,Fixation,2042.6,2042.6,1057.4,1057.4,670.0,670.0,136.0,0.45,0.5,54.5,56.0,12.0
SV022,L,228,2,3,1,1,3,Fixation,,,,,,,,,,,,
SV022,L,229,2,0,0,1,3,Fixation,,,,,,,,,,,,
SV022,L,230,3,2,1,1,2,Fixation,,,,,,,,,,,,
SV022,L,231,2,2,1,1,2,Fixation,,,,,,,,,,,,
SV022,L,232,2,0,0,0,2,Fixation,,,,,,,,,,,,
SV022,L,233,3,2,1,1,2,Fixation,,,,,,,,,,,,
SV022,L,234,2,0,0,0,2,Fixation,,,,,,,,,,,,
SV022,L,235,3,0,0,1,2,Fixation,,,,,,,,,,,,
SV022,L,236,3,2,0,0,2,Fixation,,,,,,,,,,,,
SV022,L,237,2,0,0,0,2,Fixation,,,,,,,,,,,,
SV022,L,238,3,0,0,1,2,Fixation,,,,,,,,,,,,
SV022,L,239,3,0,0,0,3,Fixation,,,,,,,,,,,,
SV022,L,240,3,3,0,0,3,Fixation,,,,,,,,,,,,
SV022,L,241,3,0,0,0,0,Fixation,,,,,,,,4.0,4.0,841.0,841.0,140.0
SV022,L,242,2,0,1,0,0,Fixation,,,,,,,,,,,,
SV022,L,243,2,3,1,0,2,Fixation,,,,,,,,,,,,
SV022,L,244,2,0,1,0,0,Fixation,,,,,,,,,,,,
SV022,L,245,2,2,0,1,2,Fixation,,,,,,,,,,,,
SV022,L,246,2,2,0,0,2,Fixation,,,,,,,,0.5,0.5,58.0,58.0,12.0
SV022,L,247,3,2,0,0,2,Fixation,,,,,,,,,,,,
SV022,L,248,2,2,1,0,2,Fixation,,,,,,,,0.4,0.4,50.0,50.0,12.0
SV022,L,249,3,3,0,1,3,Fixation,,,,,,,,,,,,
SV022,L,250,3,3,0,1,3,Fixation,,,,,,,,,,,,
SV022,L,251,3,3,1,1,3,Fixation,,,,,,,,,,,,
SV022,L,252,2,3,1,0,3,Fixation,,,,,,,,,,,,
SV022,L,253,2,0,1,0,0,Fixation,,,,,,,,,,,,
SV022,L,254,3,3,1,0,3,Fixation,,,,,,,,,,,,
SV022,L,255,2,2,1,1,2,Fixation,,,,,,,,,,,,
SV022,L,256,3,3,1,1,3,Fixation,,,,,,,,,,,,
SV022,L,257,2,3,1,0,3,Fixation,,,,,,,,,,,,
SV022,L,258,2,2,1,0,2,Fixation,,,,,,,,,,,,
SV022,L,259,2,2,1,0,2,Fixation,,,,,,,,,,,,
SV022,L,260,3,0,1,0,0,Fixation,,,,,,,,,,,,
SV022,L,261,3,3,0,0,3,Fixation,,,,,,,,,,,,
SV022,L,262,3,0,1,1,0,Fixation,,,,,,,,,,,,
SV022,L,263,2,0,1,1,0,Fixation,,,,,,,,1.2,1.2,86.0,86.0,20.0
SV022,L,264,3,3,1,1,3,Fixation,,,,,,,,,,,,
SV022,L,265,3,3,0,0,3,Fixation,,,,,,,,,,,,
SV022,L,266,2,3,0,0,3,Fixation,,,,,,,,,,,,
SV022,L,267,2,2,1,0,2,Fixation,,,,,,,,,,,,
SV022,L,268,3,0,1,1,0,Fixation,,,,,,,,,,,,
SV022,L,269,2,0,0,1,0,Fixation,,,,,,,,,,,,
SV022,L,270,3,3,0,1,3,Fixation,,,,,,,,,,,,
SV022,L,271,3,2,0,1,2,Fixation,,,,,,,,,,,,
SV022,L,272,3,0,1,1,0,Fixation,,,,,,,,,,,,
SV022,L,273,3,3,0,1,3,Fixation,,,,,,,,,,,,
SV022,L,274,2,2,0,0,2,Fixation,,,,,,,,,,,,
SV022,L,275,3,2,0,1,2,Fixation,,,,,,,,,,,,
SV022,L,276,2,3,0,1,3,Fixation,,,,,,,,,,,,
SV022,L,277,2,2,0,0,2,Fixation,,,,,,,,,,,,
SV022,L,278,2,2,0,1,2,Fixation,,,,,,,,,,,,
SV022,L,279,2,0,1,0,0,Fixation,,,,,,,,,,,,
SV022,L,280,2,3,1,1,3,Fixation,,,,,,,,0.6,0.6,73.0,73.0,12.0
SV022,L,281,3,3,0,1,3,Fixation,,,,,,,,,,,,
SV022,L,282,3,3,1,1,3,Fixation,,,,,,,,,,,,
SV022,L,283,2,3,0,1,3,Fixation,,,,,,,,,,,,
SV022,L,284,2,2,0,1,2,Fixation,,,,,,,,,,,,
SV022,L,285,3,3,0,0,3,Fixation,,,,,,,,,,,,
SV022,L,286,3,3,1,1,3,Fixation,,,,,,,,,,,,
SV022,L,287,2,3,1,0,3,Fixation,,,,,,,,,,,,
SV022,L,288,3,0,0,0,0,Fixation,,,,,,,,,,,,
SV022,L,289,2,3,0,0,3,Fixation,,,,,,,,,,,,
SV022,L,290,2,0,0,0,0,Fixation,,,,,,,,,,,,
SV022,L,291,2,0,1,1,0,Fixation,,,,,,,,,,,,
SV022,L,292,2,0,0,0,0,Fixation,,,,,,,,,,,,
SV022,L,293,3,3,1,0,3,Fixation,,,,,,,,0.7,0.7,58.0,58.0,16.0
SV022,L,294,3,0,1,0,0,Fixation,,,,,,,,,,,,
SV022,L,295,3,0,1,0,0,Fixation,,,,,,,,,,,,
SV022,L,296,2,0,0,0,0,Fixation,,,,,,,,,,,,
SV022,L,297,3,2,0,1,2,Fixation,,,,,,,,,,,,
SV022,L,298,2,3,0,1,3,Fixation,,,,,,,,,,,,
SV022,L,299,3,0,1,0,0,Fixation,,,,,,,,,,,,
SV022,L,300,2,0,0,1,0,Fixation,,,,,,,,,,,,
SV022,L,301,3,3,1,1,3,Fixation,,,,,,,,,,,,
SV022,L,302,3,3,1,0,3,Fixation,,,,,,,,,,,,
SV022,L,303,2,3,1,1,3,Fixation,,,,,,,,,,,,
SV022,L,304,3,0,1,0,0,Fixation,,,,,,,,,,,,
SV022,L,305,2,2,1,0,2,Fixation,,,,,,,,,,,,
SV022,L,306,3,2,1,0,2,Fixation,,,,,,,,,,,,
SV022,L,307,3,3,0,1,3,Fixation,,,,,,,,,,,,
SV022,L,308,3,3,1,0,3,Fixation,,,,,,,,,,,,
SV022,L,309,3,2,0,0,2,Fixation,,,,,,,,,,,,
SV022,L,310,2,0,0,1,0,Fixation,,,,,,,,,,,,
SV022,L,311,2,2,0,0,2,Fixation,,,,,,,,,,,,
SV022,L,312,2,2,0,1,2,Fixation,,,,,,,,,,,,
SV022,L,313,3,0,0,0,0,Fixation,,,,,,,,,,,,
SV022,L,314,3,2,1,1,2,Fixation,,,,,,,,,,,,
SV022,L,315,3,2,0,0,2,Fixation,,,,,,,,,,,,
SV022,L,316,2,0,0,0,0,Fixation,,,,,,,,,,,,
SV022,L,317,2,2,1,0,2,Fixation,,,,,,,,,,,,
SV022,L,318,3,3,0,0,3,Fixation,,,,,,,,,,,,
SV022,L,319,3,3,0,0,3,Fixation,,,,,,,,,,,,
SV022,L,320,3,2,1,1,2,Fixation,,,,,,,,,,,,
SV022,L,321,2,0,0,1,0,Fixation,,,,,,,,,,,,
SV022,L,322,2,0,0,1,0,Fixation,,,,,,,,,,,,
SV022,L,323,2,3,1,0,3,Fixation,,,,,,,,,,,,
SV022,L,324,3,2,1,0,2,Fixation,,,,,,,,,,,,
SV022,L,325,3,3,0,1,3,Fixation,,,,,,,,,,,,
SV022,L,326,2,0,0,0,0,Fixation,,,,,,,,,,,,
SV022,L,327,2,2,1,1,2,Fixation,,,,,,,,,,,,
SV022,L,328,3,0,0,1,0,Fixation,,,,,,,,,,,,
SV022,L,329,2,0,1,1,0,Fixation,,,,,,,,,,,,
SV022,L,330,2,0,0,1,0,Fixation,,,,,,,,,,,,
SV022,L,331,3,2,0,1,2,Fixation,,,,,,,,,,,,
SV022,L,332,2,0,0,1,0,Fixation,,,,,,,,,,,,
SV022,L,333,3,2,1,1,2,Fixation,,,,,,,,,,,,
SV022,L,334,3,2,0,1,2,Fixation,,,,,,,,0.5,0.5,59.0,59.0,12.0
SV022,L,335,3,3,0,0,3,Fixation,,,,,,,,,,,,
SV022,L,336,3,3,0,0,3,Fixation,,,,,,,,,,,,
SV022,L,337,3,3,1,1,3,Fixation,,,,,,,,,,,,
SV022,L,338,2,0,0,1,0,Fixation,,,,,,,,,,,,
SV022,L,339,2,2,1,1,2,Fixation,,,,,,,,,,,,
SV022,L,340,2,2,0,0,2,Fixation,,,,,,,,,,,,
SV022,L,341,2,2,1,0,2,Fixation,,,,,,,,,,,,
SV022,L,342,2,0,1,0,0,Fixation,,,,,,,,0.4,0.4,54.0,54.0,12.0
SV022,L,343,3,0,1,1,0,Fixation,,,,,,,,,,,,
SV022,L,344,2,0,1,0,0,Fixation,,,,,,,,,,,,
SV022,L,345,3,0,1,0,0,Fixation,,,,,,,,,,,,
SV022,L,346,3,0,0,1,0,Fixation,,,,,,,,,,,,
SV022,L,347,2,2,0,0,2,Fixation,,,,,,,,,,,,
SV022,L,348,2,3,1,0,3,Fixation,,,,,,,,,,,,
SV022,L,349,2,0,0,1,0,Fixation,,,,,,,,,,,,
SV022,L,350,3,0,1,1,0,Fixation,,,,,,,,,,,,
SV022,L,351,2,3,0,1,3,Fixation,,,,,,,,,,,,
SV022,L,352,2,2,0,1,2,Fixation,,,,,,,,,,,,
SV022,L,353,2,3,1,1,3,Fixation,,,,,,,,,,,,
SV022,L,354,2,2,0,0,2,Fixation,,,,,,,,,,,,
SV022,L,355,3,2,0,1,2,Fixation,,,,,,,,,,,,
SV022,L,356,2,0,1,1,0,Fixation,,,,,,,,0.8,0.8,70.0,70.0,16.0
SV022,L,357,2,2,1,1,2,Fixation,,,,,,,,,,,,
SV022,L,358,3,2,1,0,2,Fixation,,,,,,,,,,,,
SV022,L,359,3,2,1,0,2,Fixation,,,,,,,,,,,,
SV022,L,360,2,2,1,1,2,Fixation,,,,,,,,,,,,
SV022,L,361,2,2,1,1,2,Fixation,,,,,,,,,,,,
SV022,L,362,2,2,0,0,2,Fixation,,,,,,,,,,,,
SV022,L,363,3,3,1,0,3,Fixation,,,,,,,,,,,,
SV022,L,364,2,0,1,0,0,Fixation,,,,,,,,,,,,
SV022,L,365,2,0,1,1,0,Fixation,,,,,,,,,,,,
SV022,L,366,3,2,0,0,2,Fixation,,,,,,,,,,,,
SV022,L,367,2,3,1,1,3,Fixation,,,,,,,,0.6,0.6,55.0,55.0,16.0
SV022,L,368,2,3,1,0,3,Fixation,,,,,,,,,,,,
SV022,L,369,3,3,0,0,2,Fixation,,,,,,,,,,,,
SV022,L,370,3,0,0,0,0,Fixation,,,,,,,,,,,,
SV022,L,371,3,0,1,1,0,Fixation,,,,,,,,,,,,
SV022,L,372,3,3,0,0,3,Fixation,,,,,,,,,,,,
SV022,L,373,3,3,1,0,3,Fixation,,,,,,,,,,,,
SV022,L,374,2,0,1,1,0,Fixation,,,,,,,,,,,,
SV022,L,375,2,2,1,1,2,Fixation,,,,,,,,,,,,
SV022,L,376,2,0,0,0,0,Fixation,,,,,,,,,,,,
SV022,L,377,2,0,1,1,0,Fixation,,,,,,,,0.4,0.4,49.0,49.0,12.0
SV022,L,378,3,3,0,1,3,Fixation,,,,,,,,,,,,
SV022,L,379,3,0,0,1,0,Fixation,,,,,,,,,,,,
SV022,L,380,2,3,1,0,3,Fixation,,,,,,,,,,,,
SV022,L,381,2,3,0,1,3,Fixation,,,,,,,,,,,,
SV022,L,382,3,2,1,0,2,Fixation,,,,,,,,,,,,
SV022,L,383,3,0,0,1,0,Fixation,,,,,,,,,,,,
SV022,L,384,2,3,0,0,3,Fixation,,,,,,,,,,,,
SV022,L,385,3,0,0,1,0,Fixation,,,,,,,,,,,,
SV022,L,386,3,0,1,1,0,Fixation,,,,,,,,,,,,
SV022,L,387,2,3,0,1,3,Fixation,,,,,,,,,,,,
SV022,L,388,3,2,0,1,2,Fixation,,,,,,,,,,,,
SV022,L,389,3,3,0,0,3,Fixation,,,,,,,,,,,,
SV022,L,390,2,0,0,0,0,Fixation,,,,,,,,,,,,
SV022,L,391,3,3,1,1,3,Fixation,,,,,,,,,,,,
SV022,L,392,2,3,0,0,3,Fixation,,,,,,,,,,,,
SV022,L,393,2,3,0,0,3,Fixation,,,,,,,,,,,,
SV022,L,394,2,3,1,0,3,Fixation,,,,,,,,,,,,
SV022,L,395,2,2,0,1,2,Fixation,,,,,,,,,,,,
SV022,L,396,2,3,1,1,3,Fixation,,,,,,,,,,,,
SV022,L,397,3,2,1,0,2,Fixation,,,,,,,,,,,,
SV022,L,398,3,2,1,1,2,Fixation,,,,,,,,,,,,
SV022,L,399,3,0,1,1,0,Fixation,,,,,,,,,,,,
SV022,L,400,3,3,1,0,3,Fixation,,,,,,,,,,,,
SV022,L,401,2,2,1,0,2,Fixation,,,,,,,,,,,,
SV022,L,402,2,3,1,1,3,Fixation,,,,,,,,0.5,0.5,59.0,59.0,12.0
SV022,L,403,2,0,0,1,0,Fixation,,,,,,,,,,,,
SV022,L,404,2,3,0,0,3,Fixation,,,,,,,,,,,,
SV022,L,405,2,0,1,0,0,Fixation,,,,,,,,,,,,
SV022,L,406,3,0,0,0,0,Fixation,,,,,,,,,,,,
SV022,L,407,2,0,1,0,0,Fixation,,,,,,,,,,,,
SV022,L,408,3,0,1,1,0,Fixation,,,,,,,,,,,,
SV022,L,409,3,2,1,0,2,Fixation,,,,,,,,,,,,
SV022,L,410,3,0,0,1,0,Fixation,,,,,,,,,,,,
SV022,L,411,3,2,0,0,2,Fixation,,,,,,,,0.8,0.8,76.0,76.0,16.0
SV022,L,412,3,0,0,1,0,Fixation,,,,,,,,,,,,
SV022,L,413,3,0,0,0,0,Fixation,,,,,,,,,,,,
SV022,L,414,3,2,0,0,2,Fixation,,,,,,,,,,,,
SV022,L,415,3,0,1,1,0,Fixation,,,,,,,,,,,,
SV022,L,416,3,3,0,1,3,Fixation,,,,,,,,,,,,
SV022,L,417,3,2,1,0,2,Fixation,,,,,,,,,,,,
SV022,L,418,2,2,1,1,2,Fixation,,,,,,,,,,,,
SV022,L,419,3,0,1,0,0,Fixation,,,,,,,,,,,,
SV022,L,420,2,3,0,0,3,Fixation,,,,,,,,,,,,
SV022,L,421,2,0,1,1,0,Fixation,,,,,,,,,,,,
SV022,L,422,3,3,1,0,3,Fixation,,,,,,,,,,,,
SV022,L,423,2,3,1,0,3,Fixation,,,,,,,,,,,,
SV022,L,424,3,2,0,0,2,Fixation,,,,,,,,,,,,
SV022,L,425,2,3,0,1,3,Fixation,,,,,,,,,,,,
SV022,L,426,3,0,0,0,0,Fixation,,,,,,,,,,,,
SV022,L,427,2,3,0,1,3,Fixation,,,,,,,,,,,,
SV022,L,428,2,3,0,0,3,Fixation,,,,,,,,,,,,
SV022,L,429,3,2,1,1,2,Fixation,,,,,,,,,,,,
SV022,L,430,3,2,1,0,2,Fixation,,,,,,,,,,,,
SV022,L,431,2,2,0,1,2,Fixation,,,,,,,,,,,,
SV022,L,432,3,2,1,1,2,Fixation,,,,,,,,,,,,
SV022,L,433,3,0,0,0,0,Fixation,,,,,,,,,,,,
SV022,L,434,3,0,1,0,0,Fixation,,,,,,,,,,,,
SV022,L,435,3,2,1,0,2,Fixation,,,,,,,,,,,,
SV022,L,436,3,2,0,1,2,Fixation,,,,,,,,,,,,
SV022,L,437,3,0,1,0,0,Fixation,,,,,,,,,,,,
SV022,L,438,3,2,0,0,2,Fixation,,,,,,,,,,,,
SV022,L,439,3,0,0,1,0,Fixation,,,,,,,,,,,,
SV022,L,440,2,2,0,0,2,Fixation,,,,,,,,,,,,
SV022,L,441,2,2,0,1,2,Fixation,,,,,,,,,,,,
SV022,L,442,2,0,1,1,2,Fixation,,,,,,,,,,,,
SV022,L,443,3,2,0,1,2,Fixation,,,,,,,,,,,,
SV022,L,444,3,2,1,1,2,Fixation,,,,,,,,,,,,
SV022,L,445,3,3,1,0,3,Fixation,,,,,,,,,,,,
SV022,L,446,2,3,0,0,3,Fixation,,,,,,,,,,,,
SV022,L,447,2,2,0,1,2,Fixation,,,,,,,,,,,,
SV022,L,448,2,2,0,1,2,Fixation,,,,,,,,,,,,
SV022,L,449,3,3,1,1,3,Fixation,,,,,,,,,,,,
SV022,L,450,2,3,0,0,3,Fixation,,,,,,,,,,,,
SV022,L,451,3,0,0,1,0,Fixation,,,,,,,,,,,,
SV022,L,452,3,2,0,0,2,Fixation,,,,,,,,,,,,
SV022,L,453,3,2,0,1,2,Fixation,,,,,,,,0.9,0.9,83.0,83.0,16.0
SV022,L,454,2,3,0,1,3,Fixation,,,,,,,,,,,,
SV022,L,455,3,2,1,1,2,Fixation,,,,,,,,,,,,
SV022,L,456,2,3,1,1,3,Fixation,,,,,,,,,,,,
SV022,L,457,2,0,1,0,0,Fixation,,,,,,,,,,,,
SV022,L,458,3,3,1,1,3,Fixation,,,,,,,,,,,,
SV022,L,459,2,2,1,0,2,Fixation,,,,,,,,,,,,
SV022,L,460,2,0,0,0,0,Fixation,,,,,,,,,,,,
SV022,L,461,3,2,0,0,2,Fixation,,,,,,,,,,,,
SV022,L,462,3,3,0,1,3,Fixation,,,,,,,,,,,,
SV022,L,463,2,2,1,1,2,Fixation,,,,,,,,,,,,
SV022,L,464,3,0,0,1,0,Fixation,,,,,,,,,,,,
SV022,L,465,2,2,1,0,2,Fixation,,,,,,,,,,,,
SV022,L,466,3,2,1,1,2,Fixation,,,,,,,,,,,,
SV022,L,467,3,0,0,0,0,Fixation,,,,,,,,,,,,
SV022,L,468,2,2,1,1,2,Fixation,,,,,,,,0.5,0.5,61.0,61.0,12.0
SV022,L,469,2,0,1,1,0,Fixation,,,,,,,,,,,,
SV022,L,470,2,0,0,0,0,Fixation,,,,,,,,,,,,
SV022,L,471,2,3,1,1,3,Fixation,,,,,,,,,,,,
SV022,L,472,2,3,0,1,3,Fixation,,,,,,,,,,,,
SV022,L,473,3,2,1,1,2,Fixation,,,,,,,,0.4,0.4,54.0,54.0,12.0
SV022,L,474,3,3,1,0,3,Fixation,,,,,,,,,,,,
SV022,L,475,2,2,0,0,2,Fixation,,,,,,,,,,,,
SV022,L,476,3,0,0,0,0,Fixation,,,,,,,,,,,,
SV022,L,477,3,0,1,0,0,Fixation,,,,,,,,,,,,
SV022,L,478,2,3,1,1,3,Fixation,,,,,,,,,,,,
SV022,L,479,2,3,1,1,3,Fixation,,,,,,,,0.5,0.5,59.0,59.0,12.0
SV022,L,480,2,0,0,0,0,Fixation,,,,,,,,,,,,
SV022,R,1,2,0,1,0,3,Fixation,,,,,,,,,,,,
SV022,R,2,2,3,1,1,3,Fixation,,,,,,,,,,,,
SV022,R,3,3,3,1,0,3,Fixation,,,,,,,,,,,,
SV022,R,4,2,2,1,1,3,Fixation,,,,,,,,,,,,
SV022,R,5,2,2,1,1,3,Fixation,,,,,,,,,,,,
SV022,R,6,3,0,0,1,3,Fixation,,,,,,,,,,,,
SV022,R,7,2,0,0,1,3,Fixation,,,,,,,,,,,,
SV022,R,8,3,3,1,0,3,Fixation,,,,,,,,,,,,
SV022,R,9,2,2,1,0,3,Fixation,,,,,,,,,,,,
SV022,R,10,2,2,0,0,3,Fixation,,,,,,,,,,,,
SV022,R,11,2,2,1,1,3,Fixation,,,,,,,,,,,,
SV022,R,12,3,2,0,0,3,Fixation,,,,,,,,,,,,
SV022,R,13,3,2,1,0,3,Fixation,,,,,,,,,,,,
SV022,R,14,3,0,0,1,3,Fixation,,,,,,,,,,,,
SV022,R,15,2,2,0,0,3,Fixation,,,,,,,,,,,,
SV022,R,16,3,3,0,0,3,Fixation,,,,,,,,,,,,
SV022,R,17,2,0,1,1,3,Fixation,,,,,,,,,,,,
SV022,R,18,3,2,0,0,3,Fixation,,,,,,,,,,,,
SV022,R,19,2,0,1,0,3,Fixation,,,,,,,,,,,,
SV022,R,20,3,0,1,0,3,Fixation,,,,,,,,,,,,
SV022,R,21,2,0,1,1,3,Fixation,,,,,,,,,,,,
SV022,R,22,3,2,1,0,3,Fixation,,,,,,,,,,,,
SV022,R,23,2,0,0,0,3,Fixation,,,,,,,,,,,,
SV022,R,24,2,3,0,0,3,Fixation,,,,,,,,,,,,
SV022,R,25,2,3,0,0,3,Fixation,,,,,,,,,,,,
SV022,R,26,2,2,0,1,3,Fixation,,,,,,,,,,,,
SV022,R,27,2,0,0,0,3,Fixation,,,,,,,,,,,,
SV022,R,28,3,3,1,0,3,Fixation,,,,,,,,,,,,
SV022,R,29,3,3,1,0,3,Fixation,,,,,,,,,,,,
SV022,R,30,3,2,1,1,3,Fixation,,,,,,,,,,,,
SV022,R,31,2,2,1,0,3,Fixation,,,,,,,,,,,,
SV022,R,32,3,3,1,1,3,Fixation,,,,,,,,,,,,
SV022,R,33,3,3,0,1,3,Fixation,,,,,,,,,,,,
SV022,R,34,2,0,0,1,2,Fixation,,,,,,,,,,,,
SV022,R,35,3,2,0,1,2,Fixation,,,,,,,,,,,,
SV022,R,36,3,3,0,0,3,Fixation,,,,,,,,,,,,
SV022,R,37,3,0,1,0,3,Fixation,,,,,,,,,,,,
SV022,R,38,2,3,0,0,3,Fixation,,,,,,,,,,,,
SV022,R,39,2,3,0,0,3,Fixation,,,,,,,,,,,,
SV022,R,40,2,0,1,1,2,Fixation,,,,,,,,,,,,
SV022,R,41,2,3,0,1,2,Fixation,,,,,,,,,,,,
SV022,R,42,2,2,0,0,2,Fixation,,,,,,,,,,,,
SV022,R,43,3,2,1,0,2,Fixation,,,,,,,,,,,,
SV022,R,44,2,2,0,0,2,Fixation,,,,,,,,,,,,
SV022,R,45,3,3,0,0,3,Fixation,,,,,,,,,,,,
SV022,R,46,2,2,0,0,2,Fixation,,,,,,,,,,,,
SV022,R,47,2,0,1,0,3,Fixation,,,,,,,,,,,,
SV022,R,48,2,2,0,1,2,Fixation,,,,,,,,,,,,
SV022,R,49,2,3,1,0,3,Fixation,,,,,,,,,,,,
SV022,R,50,2,2,1,1,2,Fixation,,,,,,,,,,,,
SV022,R,51,3,2,0,1,2,Fixation,,,,,,,,,,,,
SV022,R,52,3,0,1,0,2,Fixation,,,,,,,,,,,,
SV022,R,53,2,2,0,0,2,Fixation,,,,,,,,0.7,0.7,64.0,64.0,16.0
SV022,R,54,3,0,0,1,2,Fixation,,,,,,,,,,,,
SV022,R,55,2,2,0,1,2,Fixation,,,,,,,,,,,,
SV022,R,56,2,3,1,1,3,Fixation,,,,,,,,,,,,
SV022,R,57,3,2,1,0,2,Fixation,,,,,,,,,,,,
SV022,R,58,3,0,1,0,2,Fixation,,,,,,,,,,,,
SV022,R,59,2,0,1,0,2,Fixation,,,,,,,,1.4,1.4,99.0,99.0,20.0
SV022,R,60,3,0,0,0,2,Fixation,,,,,,,,,,,,
SV022,R,61,2,2,1,1,2,Fixation,,,,,,,,,,,,
SV022,R,62,3,0,0,1,2,Fixation,,,,,,,,,,,,
SV022,R,63,3,0,0,1,2,Fixation,,,,,,,,,,,,
SV022,R,64,3,2,0,0,2,Fixation,,,,,,,,,,,,
SV022,R,65,2,3,0,1,2,Fixation,,,,,,,,,,,,
SV022,R,66,3,0,0,0,2,Fixation,,,,,,,,,,,,
SV022,R,67,3,2,0,0,2,Fixation,,,,,,,,,,,,
SV022,R,68,2,3,1,0,3,Fixation,,,,,,,,,,,,
SV022,R,69,2,2,0,0,2,Fixation,,,,,,,,,,,,
SV022,R,70,3,3,1,1,3,Fixation,,,,,,,,,,,,
SV022,R,71,3,3,1,1,2,Fixation,,,,,,,,,,,,
SV022,R,72,3,0,1,1,3,Fixation,,,,,,,,,,,,
SV022,R,73,3,3,1,0,2,Fixation,,,,,,,,,,,,
SV022,R,74,2,3,0,1,2,Fixation,,,,,,,,,,,,
SV022,R,75,2,0,0,0,3,Fixation,,,,,,,,,,,,
SV022,R,76,3,3,1,0,2,Fixation,,,,,,,,,,,,
SV022,R,77,3,3,1,1,3,Fixation,,,,,,,,,,,,
SV022,R,78,2,3,1,0,3,Fixation,,,,,,,,,,,,
SV022,R,79,2,0,1,1,2,Fixation,,,,,,,,,,,,
SV022,R,80,3,2,1,0,2,Fixation,,,,,,,,,,,,
SV022,R,81,3,2,0,1,1,Fixation,,,,,,,,,,,,
SV022,R,82,3,3,0,1,2,Fixation,,,,,,,,,,,,
SV022,R,83,2,2,0,1,1,Fixation,,,,,,,,,,,,
SV022,R,84,2,0,1,0,2,Fixation,,,,,,,,,,,,
SV022,R,85,3,2,0,1,2,Fixation,,,,,,,,,,,,
SV022,R,86,3,3,1,1,3,Fixation,,,,,,,,,,,,
SV022,R,87,3,3,1,0,3,Fixation,,,,,,,,,,,,
SV022,R,88,3,0,0,1,2,Fixation,,,,,,,,0.4,0.4,55.0,55.0,12.0
SV022,R,89,2,3,1,0,2,Fixation,,,,,,,,,,,,
SV022,R,90,2,0,1,1,2,Fixation,,,,,,,,,,,,
SV022,R,91,2,3,1,1,2,Fixation,,,,,,,,,,,,
SV022,R,92,3,0,1,1,2,Fixation,,,,,,,,,,,,
SV022,R,93,2,0,0,0,2,Fixation,,,,,,,,,,,,
SV022,R,94,3,3,1,1,2,Fixation,,,,,,,,,,,,
SV022,R,95,3,0,1,0,3,Fixation,,,,,,,,,,,,
SV022,R,96,3,2,1,0,2,Fixation,,,,,,,,,,,,
SV022,R,97,2,3,0,1,2,Fixation,,,,,,,,,,,,
SV022,R,98,2,3,0,1,0,Fixation,,,,,,,,,,,,
SV022,R,99,2,3,1,0,3,Fixation,,,,,,,,,,,,
SV022,R,100,3,2,1,1,2,Fixation,,,,,,,,,,,,
SV022,R,101,2,0,0,0,2,Fixation,,,,,,,,,,,,
SV022,R,102,3,0,0,0,3,Fixation,,,,,,,,,,,,
SV022,R,103,3,0,1,0,3,Fixation,,,,,,,,,,,,
SV022,R,104,3,3,0,1,2,Fixation,,,,,,,,,,,,
SV022,R,105,2,0,1,1,2,Fixation,,,,,,,,,,,,
SV022,R,106,2,2,1,0,2,Fixation,,,,,,,,,,,,
SV022,R,107,3,2,0,0,2,Fixation,,,,,,,,0.6,0.6,55.0,55.0,16.0
SV022,R,108,2,3,1,0,3,Fixation,,,,,,,,,,,,
SV022,R,109,3,0,1,1,2,Fixation,,,,,,,,,,,,
SV022,R,110,3,0,0,1,3,Fixation,,,,,,,,,,,,
SV022,R,111,2,0,0,0,3,Fixation,,,,,,,,,,,,
SV022,R,112,3,3,1,1,2,Fixation,,,,,,,,,,,,
SV022,R,113,2,3,0,0,3,Fixation,,,,,,,,,,,,
SV022,R,114,3,3,0,1,2,Fixation,,,,,,,,,,,,
SV022,R,115,3,3,0,0,3,Fixation,,,,,,,,,,,,
SV022,R,116,2,3,0,0,3,Fixation,,,,,,,,,,,,
SV022,R,117,2,3,1,0,3,Fixation,,,,,,,,,,,,
SV022,R,118,2,2,0,1,2,Fixation,,,,,,,,,,,,
SV022,R,119,2,0,1,1,3,Fixation,,,,,,,,0.4,0.4,55.0,55.0,12.0
SV022,R,120,2,3,0,1,2,Fixation,,,,,,,,,,,,
SV022,R,121,2,3,1,1,2,Fixation,,,,,,,,,,,,
SV022,R,122,3,3,0,0,3,Fixation,,,,,,,,,,,,
SV022,R,123,3,3,0,0,3,Fixation,,,,,,,,,,,,
SV022,R,124,3,3,1,1,2,Fixation,,,,,,,,,,,,
SV022,R,125,2,0,1,0,2,Fixation,,,,,,,,,,,,
SV022,R,126,3,0,1,1,2,Fixation,,,,,,,,,,,,
SV022,R,127,2,3,0,0,2,Fixation,,,,,,,,,,,,
SV022,R,128,3,3,0,0,3,Fixation,,,,,,,,,,,,
SV022,R,129,2,3,1,1,2,Fixation,,,,,,,,,,,,
SV022,R,130,3,0,0,0,2,Fixation,,,,,,,,,,,,
SV022,R,131,2,3,0,1,2,Fixation,,,,,,,,,,,,
SV022,R,132,2,2,1,0,2,Fixation,,,,,,,,,,,,
SV022,R,133,3,0,1,0,2,Fixation,,,,,,,,,,,,
SV022,R,134,3,3,0,1,2,Fixation,,,,,,,,,,,,
SV022,R,135,3,2,0,1,2,Fixation,,,,,,,,0.8,0.8,66.0,66.0,16.0
SV022,R,136,2,0,0,1,1,Fixation,,,,,,,,0.5,0.5,0.0,0.0,52.0
SV022,R,137,2,3,0,1,1,Fixation,,,,,,,,,,,,
SV022,R,138,2,2,1,1,2,Fixation,,,,,,,,,,,,
SV022,R,139,3,2,1,1,2,Fixation,,,,,,,,,,,,
SV022,R,140,3,2,1,1,2,Fixation,,,,,,,,6.4,6.4,443.0,443.0,144.0
SV022,R,141,3,0,1,0,2,Fixation,,,,,,,,,,,,
SV022,R,142,2,0,0,0,2,Fixation,,,,,,,,,,,,
SV022,R,143,3,0,0,1,1,Fixation,,,,,,,,,,,,
SV022,R,144,2,3,0,1,1,Fixation,,,,,,,,,,,,
SV022,R,145,2,0,1,1,2,Fixation,,,,,,,,,,,,
SV022,R,146,2,2,0,0,2,Fixation,,,,,,,,,,,,
SV022,R,147,3,0,1,1,2,Fixation,,,,,,,,3.1,3.1,0.0,0.0,52.0
SV022,R,148,3,0,0,0,2,Fixation,,,,,,,,,,,,
SV022,R,149,3,3,1,0,3,Fixation,,,,,,,,,,,,
SV022,R,150,3,3,0,1,1,Fixation,,,,,,,,,,,,
SV022,R,151,2,2,1,1,2,Fixation,,,,,,,,,,,,
SV022,R,152,2,0,0,1,1,Fixation,,,,,,,,0.4,0.4,0.0,0.0,52.0
SV022,R,153,3,3,0,1,1,Fixation,,,,,,,,,,,,
SV022,R,154,3,3,1,0,2,Fixation,,,,,,,,,,,,
SV022,R,155,2,2,1,0,2,Fixation,,,,,,,,,,,,
SV022,R,156,3,2,1,0,2,Fixation,,,,,,,,,,,,
SV022,R,157,2,3,0,1,2,Fixation,,,,,,,,,,,,
SV022,R,158,2,0,0,1,1,Fixation,,,,,,,,0.5,0.5,64.0,64.0,12.0
SV022,R,159,2,0,0,1,0,Fixation,,,,,,,,,,,,
SV022,R,160,3,0,0,0,2,Fixation,,,,,,,,,,,,
SV022,R,161,2,3,1,0,2,Fixation,,,,,,,,,,,,
SV022,R,162,3,0,1,1,2,Fixation,,,,,,,,,,,,
SV022,R,163,2,0,1,0,4,Fixation,,,,,,,,,,,,
SV022,R,164,3,3,0,1,1,Fixation,,,,,,,,,,,,
SV022,R,165,3,0,1,1,2,Fixation,,,,,,,,0.8,0.8,0.0,0.0,52.0
SV022,R,166,3,2,0,1,2,Fixation,,,,,,,,,,,,
SV022,R,167,3,2,0,0,2,Fixation,,,,,,,,,,,,
SV022,R,168,2,2,1,0,2,Fixation,,,,,,,,,,,,
SV022,R,169,3,0,0,0,2,Fixation,,,,,,,,,,,,
SV022,R,170,3,2,0,0,2,Fixation,,,,,,,,,,,,
SV022,R,171,2,3,1,1,3,Fixation,,,,,,,,,,,,
SV022,R,172,2,0,1,0,3,Fixation,,,,,,,,,,,,
SV022,R,173,2,2,1,0,2,Fixation,,,,,,,,,,,,
SV022,R,174,3,3,1,1,2,Fixation,,,,,,,,,,,,
SV022,R,175,3,2,0,1,1,Fixation,,,,,,,,,,,,
SV022,R,176,3,0,0,0,0,Fixation,,,,,,,,,,,,
SV022,R,177,3,2,0,1,2,Fixation,,,,,,,,,,,,
SV022,R,178,2,2,1,1,2,Fixation,,,,,,,,,,,,
SV022,R,179,3,2,0,0,2,Fixation,,,,,,,,,,,,
SV022,R,180,3,0,1,1,2,Fixation,,,,,,,,,,,,
SV022,R,181,2,2,0,1,2,Fixation,,,,,,,,,,,,
SV022,R,182,3,0,1,1,2,Fixation,,,,,,,,,,,,
SV022,R,183,2,2,0,1,1,Fixation,,,,,,,,,,,,
SV022,R,184,2,2,0,0,2,Fixation,,,,,,,,,,,,
SV022,R,185,2,0,1,0,2,Fixation,,,,,,,,,,,,
SV022,R,186,2,0,0,0,2,Fixation,,,,,,,,,,,,
SV022,R,187,2,2,1,0,2,Fixation,,,,,,,,,,,,
SV022,R,188,2,2,0,1,2,Fixation,,,,,,,,,,,,
SV022,R,189,3,2,0,0,2,Fixation,,,,,,,,,,,,
SV022,R,190,3,0,0,0,3,Fixation,,,,,,,,,,,,
SV022,R,191,2,0,1,1,3,Fixation,,,,,,,,,,,,
SV022,R,192,2,2,1,1,2,Fixation,,,,,,,,,,,,
SV022,R,193,2,3,1,1,2,Fixation,,,,,,,,,,,,
SV022,R,194,3,2,0,1,2,Fixation,,,,,,,,,,,,
SV022,R,195,3,2,1,0,2,Fixation,,,,,,,,,,,,
SV022,R,196,2,3,0,0,3,Fixation,,,,,,,,,,,,
SV022,R,197,2,3,1,1,2,Fixation,,,,,,,,,,,,
SV022,R,198,2,0,0,0,2,Fixation,,,,,,,,,,,,
SV022,R,199,3,2,1,1,2,Fixation,,,,,,,,,,,,
SV022,R,200,3,2,1,1,2,Fixation,,,,,,,,,,,,
SV022,R,201,3,0,0,1,1,Fixation,,,,,,,,,,,,
SV022,R,202,3,0,0,1,2,Fixation,,,,,,,,2.0,2.0,121.0,121.0,24.0
SV022,R,203,3,3,0,0,3,Fixation,,,,,,,,,,,,
SV022,R,204,2,2,1,0,2,Fixation,,,,,,,,,,,,
SV022,R,205,3,3,0,1,2,Fixation,,,,,,,,,,,,
SV022,R,206,3,2,0,1,2,Fixation,,,,,,,,,,,,
SV022,R,207,3,3,0,0,3,Fixation,,,,,,,,,,,,
SV022,R,208,3,0,1,0,2,Fixation,,,,,,,,,,,,
SV022,R,209,2,0,0,1,1,Fixation,,,,,,,,,,,,
SV022,R,210,2,0,1,0,2,Fixation,,,,,,,,,,,,
SV022,R,211,3,2,0,0,2,Fixation,,,,,,,,,,,,
SV022,R,212,3,2,1,1,2,Fixation,,,,,,,,,,,,
SV022,R,213,2,3,0,0,2,Fixation,,,,,,,,,,,,
SV022,R,214,2,2,0,1,2,Fixation,,,,,,,,,,,,
SV022,R,215,2,0,0,0,2,Fixation,,,,,,,,0.1,0.1,0.0,0.0,52.0
SV022,R,216,2,3,1,1,2,Fixation,,,,,,,,,,,,
SV022,R,217,3,3,1,1,2,Fixation,,,,,,,,,,,,
SV022,R,218,2,3,1,0,2,Fixation,,,,,,,,,,,,
SV022,R,219,3,3,0,0,3,Fixation,,,,,,,,0.5,0.5,65.0,65.0,12.0
SV022,R,220,3,2,1,1,2,Fixation,,,,,,,,,,,,
SV022,R,221,3,3,1,0,2,Fixation,,,,,,,,,,,,
SV022,R,222,2,3,0,0,3,Fixation,,,,,,,,,,,,
SV022,R,223,3,0,1,1,2,Fixation,,,,,,,,,,,,
SV022,R,224,2,2,1,1,2,Fixation,,,,,,,,,,,,
SV022,R,225,2,0,0,1,1,Fixation,,,,,,,,,,,,
SV022,R,226,2,2,0,1,2,Fixation,,,,,,,,,,,,
SV022,R,227,3,3,0,1,2,Fixation,,,,,,,,,,,,
SV022,R,228,3,2,1,0,2,Fixation,,,,,,,,,,,,
SV022,R,229,2,2,1,0,2,Fixation,,,,,,,,,,,,
SV022,R,230,3,2,1,1,2,Fixation,,,,,,,,,,,,
SV022,R,231,3,0,1,0,3,Fixation,,,,,,,,,,,,
SV022,R,232,3,2,1,0,2,Fixation,,,,,,,,,,,,
SV022,R,233,3,2,1,1,2,Fixation,,,,,,,,,,,,
SV022,R,234,2,0,0,1,1,Fixation,,,,,,,,,,,,
SV022,R,235,3,0,0,0,3,Fixation,,,,,,,,0.5,0.5,57.0,57.0,12.0
SV022,R,236,2,0,1,1,2,Fixation,,,,,,,,,,,,
SV022,R,237,2,0,0,1,1,Fixation,,,,,,,,,,,,
SV022,R,238,2,3,1,1,2,Fixation,,,,,,,,,,,,
SV022,R,239,2,3,1,0,2,Fixation,,,,,,,,0.7,0.7,60.0,60.0,16.0
SV022,R,240,2,2,0,0,2,Fixation,,,,,,,,,,,,
SV022,R,241,3,0,1,0,1,Fixation,,,,,,,,,,,,
SV022,R,242,2,0,0,0,1,Fixation,,,,,,,,,,,,
SV022,R,243,3,3,0,1,2,Fixation,,,,,,,,,,,,
SV022,R,244,2,2,1,0,2,Fixation,,,,,,,,,,,,
SV022,R,245,3,0,1,0,0,Fixation,,,,,,,,,,,,
SV022,R,246,2,0,1,1,0,Fixation,,,,,,,,,,,,
SV022,R,247,2,3,1,1,2,Fixation,,,,,,,,,,,,
SV022,R,248,3,3,0,1,3,Fixation,,,,,,,,,,,,
SV022,R,249,3,0,1,0,0,Fixation,,,,,,,,,,,,
SV022,R,250,3,2,1,0,2,Fixation,,,,,,,,,,,,
SV022,R,251,2,2,0,0,2,Fixation,,,,,,,,,,,,
SV022,R,252,3,2,1,1,2,Fixation,,,,,,,,,,,,
SV022,R,253,3,3,1,1,3,Fixation,,,,,,,,,,,,
SV022,R,254,2,3,0,1,3,Fixation,,,,,,,,,,,,
SV022,R,255,3,2,0,1,2,Fixation,,,,,,,,,,,,
SV022,R,256,3,3,1,0,3,Fixation,,,,,,,,,,,,
SV022,R,257,2,3,0,0,3,Fixation,,,,,,,,,,,,
SV022,R,258,3,2,0,0,2,Fixation,,,,,,,,,,,,
SV022,R,259,2,3,0,0,3,Fixation,,,,,,,,,,,,
SV022,R,260,3,0,1,0,0,Fixation,,,,,,,,,,,,
SV022,R,261,3,2,1,0,2,Fixation,,,,,,,,,,,,
SV022,R,262,3,3,1,0,3,Fixation,,,,,,,,,,,,
SV022,R,263,3,2,0,1,2,Fixation,,,,,,,,,,,,
SV022,R,264,3,0,0,0,0,Fixation,,,,,,,,,,,,
SV022,R,265,2,3,1,0,3,Fixation,,,,,,,,,,,,
SV022,R,266,3,0,1,0,0,Fixation,,,,,,,,,,,,
SV022,R,267,2,2,1,0,2,Fixation,,,,,,,,,,,,
SV022,R,268,2,3,1,1,3,Fixation,,,,,,,,,,,,
SV022,R,269,2,0,0,0,0,Fixation,,,,,,,,,,,,
SV022,R,270,3,3,0,0,3,Fixation,,,,,,,,,,,,
SV022,R,271,3,2,1,0,2,Fixation,,,,,,,,,,,,
SV022,R,272,2,0,0,0,0,Fixation,,,,,,,,,,,,
SV022,R,273,2,0,0,1,0,Fixation,,,,,,,,,,,,
SV022,R,274,3,3,1,0,3,Fixation,,,,,,,,,,,,
SV022,R,275,3,0,0,1,0,Fixation,,,,,,,,,,,,
SV022,R,276,2,0,0,0,0,Fixation,,,,,,,,,,,,
SV022,R,277,3,3,0,0,3,Fixation,,,,,,,,,,,,
SV022,R,278,3,0,1,1,0,Fixation,,,,,,,,,,,,
SV022,R,279,3,3,1,1,3,Fixation,,,,,,,,,,,,
SV022,R,280,2,0,0,1,0,Fixation,,,,,,,,,,,,
SV022,R,281,2,0,0,1,0,Fixation,,,,,,,,,,,,
SV022,R,282,3,2,0,1,2,Fixation,,,,,,,,,,,,
SV022,R,283,3,0,0,1,0,Fixation,,,,,,,,,,,,
SV022,R,284,3,3,0,0,3,Fixation,,,,,,,,,,,,
SV022,R,285,2,3,1,0,3,Fixation,,,,,,,,,,,,
SV022,R,286,2,0,0,1,0,Fixation,,,,,,,,,,,,
SV022,R,287,3,2,1,1,2,Fixation,,,,,,,,,,,,
SV022,R,288,3,0,0,0,0,Fixation,,,,,,,,,,,,
SV022,R,289,3,0,1,0,0,Fixation,,,,,,,,,,,,
SV022,R,290,2,0,1,0,0,Fixation,,,,,,,,,,,,
SV022,R,291,2,3,1,0,3,Fixation,,,,,,,,,,,,
SV022,R,292,2,2,1,0,2,Fixation,,,,,,,,,,,,
SV022,R,293,2,3,1,1,3,Fixation,,,,,,,,,,,,
SV022,R,294,3,3,0,0,3,Fixation,,,,,,,,,,,,
SV022,R,295,2,3,1,1,3,Fixation,,,,,,,,,,,,
SV022,R,296,2,3,0,0,3,Fixation,,,,,,,,,,,,
SV022,R,297,2,2,0,0,2,Fixation,,,,,,,,,,,,
SV022,R,298,2,2,1,0,2,Fixation,,,,,,,,,,,,
SV022,R,299,2,3,1,0,3,Fixation,,,,,,,,,,,,
SV022,R,300,2,3,0,0,3,Fixation,,,,,,,,,,,,
SV022,R,301,2,0,0,0,0,Fixation,,,,,,,,,,,,
SV022,R,302,3,0,1,1,0,Fixation,,,,,,,,,,,,
SV022,R,303,3,0,0,1,0,Fixation,,,,,,,,,,,,
SV022,R,304,3,2,0,0,2,Fixation,,,,,,,,,,,,
SV022,R,305,2,2,1,1,2,Fixation,,,,,,,,,,,,
SV022,R,306,3,2,0,0,2,Fixation,,,,,,,,,,,,
SV022,R,307,2,0,1,1,0,Fixation,,,,,,,,,,,,
SV022,R,308,2,2,1,1,2,Fixation,,,,,,,,,,,,
SV022,R,309,2,2,0,0,2,Fixation,,,,,,,,,,,,
SV022,R,310,3,3,0,1,3,Fixation,,,,,,,,,,,,
SV022,R,311,2,2,0,1,2,Fixation,,,,,,,,,,,,
SV022,R,312,3,3,0,1,3,Fixation,,,,,,,,,,,,
SV022,R,313,2,3,1,0,3,Fixation,,,,,,,,,,,,
SV022,R,314,3,0,0,0,0,Fixation,,,,,,,,,,,,
SV022,R,315,3,2,1,1,2,Fixation,,,,,,,,,,,,
SV022,R,316,2,2,0,0,2,Fixation,,,,,,,,,,,,
SV022,R,317,2,3,0,0,3,Fixation,,,,,,,,,,,,
SV022,R,318,2,2,0,0,2,Fixation,,,,,,,,,,,,
SV022,R,319,3,0,0,0,0,Fixation,,,,,,,,,,,,
SV022,R,320,3,3,0,0,3,Fixation,,,,,,,,,,,,
SV022,R,321,2,0,0,1,0,Fixation,,,,,,,,,,,,
SV022,R,322,3,3,0,0,3,Fixation,,,,,,,,,,,,
SV022,R,323,2,3,1,0,3,Fixation,,,,,,,,,,,,
SV022,R,324,2,0,0,1,0,Fixation,,,,,,,,,,,,
SV022,R,325,3,0,0,1,0,Fixation,,,,,,,,,,,,
SV022,R,326,3,2,1,1,2,Fixation,,,,,,,,,,,,
SV022,R,327,3,3,0,0,3,Fixation,,,,,,,,,,,,
SV022,R,328,3,0,1,1,0,Fixation,,,,,,,,,,,,
SV022,R,329,3,3,0,1,2,Fixation,,,,,,,,,,,,
SV022,R,330,3,2,1,0,2,Fixation,,,,,,,,,,,,
SV022,R,331,3,3,1,1,3,Fixation,,,,,,,,,,,,
SV022,R,332,2,2,1,0,2,Fixation,,,,,,,,,,,,
SV022,R,333,2,0,1,0,0,Fixation,,,,,,,,,,,,
SV022,R,334,3,3,0,0,3,Fixation,,,,,,,,,,,,
SV022,R,335,3,2,0,0,2,Fixation,,,,,,,,,,,,
SV022,R,336,2,0,1,1,0,Fixation,,,,,,,,,,,,
SV022,R,337,2,3,0,1,3,Fixation,,,,,,,,,,,,
SV022,R,338,3,3,0,0,3,Fixation,,,,,,,,,,,,
SV022,R,339,3,0,1,1,0,Fixation,,,,,,,,,,,,
SV022,R,340,3,2,0,1,2,Fixation,,,,,,,,,,,,
SV022,R,341,2,3,0,1,3,Fixation,,,,,,,,,,,,
SV022,R,342,2,0,1,0,0,Fixation,,,,,,,,,,,,
SV022,R,343,3,2,0,1,2,Fixation,,,,,,,,,,,,
SV022,R,344,2,0,1,1,0,Fixation,,,,,,,,,,,,
SV022,R,345,2,2,0,1,2,Fixation,,,,,,,,,,,,
SV022,R,346,3,2,1,1,2,Fixation,,,,,,,,,,,,
SV022,R,347,2,0,1,0,0,Fixation,,,,,,,,,,,,
SV022,R,348,3,0,0,1,0,Fixation,,,,,,,,,,,,
SV022,R,349,3,2,1,1,2,Fixation,,,,,,,,,,,,
SV022,R,350,3,3,1,0,3,Fixation,,,,,,,,,,,,
SV022,R,351,3,3,1,0,3,Fixation,,,,,,,,,,,,
SV022,R,352,2,0,0,0,0,Fixation,,,,,,,,,,,,
SV022,R,353,2,2,0,0,2,Fixation,,,,,,,,,,,,
SV022,R,354,3,2,0,0,2,Fixation,,,,,,,,,,,,
SV022,R,355,3,2,1,1,2,Fixation,,,,,,,,,,,,
SV022,R,356,3,0,1,0,0,Fixation,,,,,,,,,,,,
SV022,R,357,3,2,1,0,2,Fixation,,,,,,,,,,,,
SV022,R,358,2,3,1,1,3,Fixation,,,,,,,,,,,,
SV022,R,359,3,2,1,1,2,Fixation,,,,,,,,0.5,0.5,63.0,63.0,12.0
SV022,R,360,3,2,0,0,2,Fixation,,,,,,,,,,,,
SV022,R,361,2,2,0,0,2,Fixation,,,,,,,,,,,,
SV022,R,362,2,3,0,0,3,Fixation,,,,,,,,,,,,
SV022,R,363,2,3,1,1,3,Fixation,,,,,,,,,,,,
SV022,R,364,2,0,0,0,0,Fixation,,,,,,,,,,,,
SV022,R,365,3,3,0,0,3,Fixation,,,,,,,,,,,,
SV022,R,366,3,3,1,1,3,Fixation,,,,,,,,,,,,
SV022,R,367,2,2,0,1,2,Fixation,,,,,,,,,,,,
SV022,R,368,3,3,1,0,3,Fixation,,,,,,,,,,,,
SV022,R,369,2,2,1,1,2,Fixation,,,,,,,,,,,,
SV022,R,370,2,0,0,0,0,Fixation,,,,,,,,,,,,
SV022,R,371,3,2,0,1,2,Fixation,,,,,,,,,,,,
SV022,R,372,2,2,0,0,2,Fixation,,,,,,,,,,,,
SV022,R,373,3,3,0,1,3,Fixation,,,,,,,,,,,,
SV022,R,374,2,2,1,0,2,Fixation,,,,,,,,0.5,0.5,58.0,58.0,12.0
SV022,R,375,2,2,1,1,2,Fixation,,,,,,,,,,,,
SV022,R,376,3,0,0,0,0,Fixation,,,,,,,,,,,,
SV022,R,377,3,0,1,0,0,Fixation,,,,,,,,,,,,
SV022,R,378,3,2,0,0,2,Fixation,,,,,,,,,,,,
SV022,R,379,3,0,0,1,0,Fixation,,,,,,,,,,,,
SV022,R,380,2,3,1,1,3,Fixation,,,,,,,,,,,,
SV022,R,381,3,0,1,1,0,Fixation,,,,,,,,,,,,
SV022,R,382,2,3,1,1,3,Fixation,,,,,,,,,,,,
SV022,R,383,2,3,0,1,3,Fixation,,,,,,,,,,,,
SV022,R,384,3,3,1,0,3,Fixation,,,,,,,,,,,,
SV022,R,385,2,0,1,0,0,Fixation,,,,,,,,,,,,
SV022,R,386,3,3,1,1,3,Fixation,,,,,,,,,,,,
SV022,R,387,3,3,1,1,3,Fixation,,,,,,,,,,,,
SV022,R,388,3,0,1,0,0,Fixation,,,,,,,,,,,,
SV022,R,389,3,0,1,1,0,Fixation,,,,,,,,,,,,
SV022,R,390,2,2,0,0,2,Fixation,,,,,,,,,,,,
SV022,R,391,2,2,1,1,2,Fixation,,,,,,,,,,,,
SV022,R,392,2,2,0,1,2,Fixation,,,,,,,,,,,,
SV022,R,393,3,2,0,0,2,Fixation,,,,,,,,,,,,
SV022,R,394,2,2,0,0,2,Fixation,,,,,,,,,,,,
SV022,R,395,3,0,0,0,0,Fixation,,,,,,,,,,,,
SV022,R,396,2,0,1,0,0,Fixation,,,,,,,,,,,,
SV022,R,397,2,2,0,1,2,Fixation,,,,,,,,,,,,
SV022,R,398,2,3,0,1,3,Fixation,,,,,,,,,,,,
SV022,R,399,2,2,1,1,2,Fixation,,,,,,,,,,,,
SV022,R,400,3,3,0,1,3,Fixation,,,,,,,,,,,,
SV022,R,401,3,2,1,0,2,Fixation,,,,,,,,,,,,
SV022,R,402,2,3,1,0,3,Fixation,,,,,,,,,,,,
SV022,R,403,2,3,1,0,3,Fixation,,,,,,,,,,,,
SV022,R,404,3,0,0,0,0,Fixation,,,,,,,,,,,,
SV022,R,405,3,0,0,1,0,Fixation,,,,,,,,,,,,
SV022,R,406,3,3,0,1,3,Fixation,,,,,,,,,,,,
SV022,R,407,2,2,1,0,2,Fixation,,,,,,,,,,,,
SV022,R,408,3,2,1,1,2,Fixation,,,,,,,,,,,,
SV022,R,409,3,0,0,1,0,Fixation,,,,,,,,,,,,
SV022,R,410,2,2,1,0,2,Fixation,,,,,,,,,,,,
SV022,R,411,2,2,1,0,2,Fixation,,,,,,,,,,,,
SV022,R,412,3,3,1,1,4,Fixation,,,,,,,,,,,,
SV022,R,413,2,0,1,0,0,Fixation,,,,,,,,,,,,
SV022,R,414,2,0,0,0,0,Fixation,,,,,,,,,,,,
SV022,R,415,2,0,1,1,0,Fixation,,,,,,,,,,,,
SV022,R,416,3,3,0,1,3,Fixation,,,,,,,,,,,,
SV022,R,417,3,2,0,1,2,Fixation,,,,,,,,,,,,
SV022,R,418,2,3,0,1,3,Fixation,,,,,,,,,,,,
SV022,R,419,2,3,0,1,4,Fixation,,,,,,,,,,,,
SV022,R,420,3,2,1,0,2,Fixation,,,,,,,,,,,,
SV022,R,421,3,2,1,0,2,Fixation,,,,,,,,,,,,
SV022,R,422,3,0,0,1,0,Fixation,,,,,,,,,,,,
SV022,R,423,2,0,1,1,0,Fixation,,,,,,,,,,,,
SV022,R,424,3,3,0,1,3,Fixation,,,,,,,,,,,,
SV022,R,425,2,2,0,1,2,Fixation,,,,,,,,,,,,
SV022,R,426,2,3,1,1,3,Fixation,,,,,,,,,,,,
SV022,R,427,2,0,1,1,0,Fixation,,,,,,,,,,,,
SV022,R,428,2,0,0,1,0,Fixation,,,,,,,,,,,,
SV022,R,429,2,0,1,0,0,Fixation,,,,,,,,,,,,
SV022,R,430,3,0,1,1,0,Fixation,,,,,,,,,,,,
SV022,R,431,3,0,1,1,0,Fixation,,,,,,,,,,,,
SV022,R,432,2,2,1,0,2,Fixation,,,,,,,,,,,,
SV022,R,433,3,0,1,1,0,Fixation,,,,,,,,,,,,
SV022,R,434,2,3,1,1,3,Fixation,,,,,,,,,,,,
SV022,R,435,2,3,0,0,3,Fixation,,,,,,,,,,,,
SV022,R,436,3,3,1,0,3,Fixation,,,,,,,,,,,,
SV022,R,437,3,2,0,0,2,Fixation,,,,,,,,,,,,
SV022,R,438,3,2,0,1,2,Fixation,,,,,,,,,,,,
SV022,R,439,2,3,1,0,3,Fixation,,,,,,,,,,,,
SV022,R,440,3,2,0,1,2,Fixation,,,,,,,,,,,,
SV022,R,441,3,0,0,0,0,Fixation,,,,,,,,,,,,
SV022,R,442,3,3,1,0,3,Fixation,,,,,,,,,,,,
SV022,R,443,2,0,1,1,0,Fixation,,,,,,,,,,,,
SV022,R,444,2,3,0,0,3,Fixation,,,,,,,,,,,,
SV022,R,445,3,0,0,1,0,Fixation,,,,,,,,,,,,
SV022,R,446,3,3,1,0,3,Fixation,,,,,,,,,,,,
SV022,R,447,2,0,0,1,0,Fixation,,,,,,,,,,,,
SV022,R,448,3,2,0,0,2,Fixation,,,,,,,,,,,,
SV022,R,449,2,0,0,1,0,Fixation,,,,,,,,,,,,
SV022,R,450,2,0,1,0,0,Fixation,,,,,,,,,,,,
SV022,R,451,2,3,0,1,3,Fixation,,,,,,,,,,,,
SV022,R,452,2,0,1,1,0,Fixation,,,,,,,,,,,,
SV022,R,453,2,3,1,0,3,Fixation,,,,,,,,,,,,
SV022,R,454,3,2,1,1,2,Fixation,,,,,,,,,,,,
SV022,R,455,3,0,1,1,0,Fixation,,,,,,,,,,,,
SV022,R,456,2,2,1,1,2,Fixation,,,,,,,,,,,,
SV022,R,457,2,0,1,0,0,Fixation,,,,,,,,,,,,
SV022,R,458,3,3,1,1,3,Fixation,,,,,,,,,,,,
SV022,R,459,2,2,0,1,2,Fixation,,,,,,,,,,,,
SV022,R,460,2,2,0,1,2,Fixation,,,,,,,,,,,,
SV022,R,461,3,2,1,0,2,Fixation,,,,,,,,,,,,
SV022,R,462,2,0,0,1,0,Fixation,,,,,,,,,,,,
SV022,R,463,3,0,1,0,0,Fixation,,,,,,,,,,,,
SV022,R,464,3,3,1,1,3,Fixation,,,,,,,,,,,,
SV022,R,465,2,2,0,1,2,Fixation,,,,,,,,,,,,
SV022,R,466,2,3,0,1,3,Fixation,,,,,,,,,,,,
SV022,R,467,2,2,1,1,2,Fixation,,,,,,,,,,,,
SV022,R,468,3,0,0,0,0,Fixation,,,,,,,,,,,,
SV022,R,469,2,0,1,1,0,Fixation,,,,,,,,,,,,
SV022,R,470,3,0,0,0,0,Fixation,,,,,,,,,,,,
SV022,R,471,2,2,1,1,2,Fixation,,,,,,,,,,,,
SV022,R,472,3,2,0,1,2,Fixation,,,,,,,,,,,,
SV022,R,473,2,3,0,0,3,Fixation,,,,,,,,,,,,
SV022,R,474,3,3,1,1,3,Fixation,,,,,,,,,,,,
SV022,R,475,2,2,0,1,2,Fixation,,,,,,,,,,,,
SV022,R,476,2,0,0,0,0,Fixation,,,,,,,,,,,,
SV022,R,477,2,2,1,1,2,Fixation,,,,,,,,,,,,
SV022,R,478,3,2,1,0,2,Fixation,,,,,,,,,,,,
SV022,R,479,2,3,0,1,3,Fixation,,,,,,,,,,,,
SV022,R,480,2,3,0,0,3,Fixation,,,,,,,,,,,,
SV022,L,1,2,2,1,0,2,Response,3009.52,3131.2,1527.08,1924.6,492.6,609.0,538.4,2.8166666666666664,5.9,496.3333333333333,830.0,104.66666666666667
SV022,L,2,2,0,1,1,2,Response,1563.9,2042.7,1202.625,1437.7,551.75,630.0,634.0,4.04,14.1,180.8,534.0,38.4
SV022,L,3,2,0,1,0,2,Response,2622.46,3270.0,1399.8899999999999,2766.9,589.7,727.0,863.6,6.56,14.5,448.6,1370.0,70.4
SV022,L,4,3,3,1,1,3,Response,,,,,,,,1.5,1.5,108.0,108.0,20.0
SV022,L,5,2,0,0,0,2,Response,,,,,,,,4.2,4.2,134.0,134.0,40.0
SV022,L,6,2,2,1,1,2,Response,,,,,,,,0.7,0.7,58.0,58.0,16.0
SV022,L,7,3,2,1,0,2,Response,2069.5,2069.5,1097.3,1097.3,767.0,767.0,5100.0,3.0999999999999996,3.3,122.5,147.0,36.0
SV022,L,8,2,0,0,1,2,Response,1948.0714285714287,3270.0,1203.3285714285714,1582.9,530.4285714285714,724.0,584.0,6.1125,13.7,239.625,765.0,51.5
SV022,L,9,3,2,0,0,2,Response,,,,,,,,2.6,2.6,151.0,151.0,24.0
SV022,L,10,2,0,0,1,1,Response,1397.3500000000001,2356.3,1308.55,1478.8,559.3333333333334,652.0,952.6666666666666,4.642857142857143,10.6,175.28571428571428,452.0,53.714285714285715
SV022,L,11,3,3,1,0,3,Response,2051.8,2498.4,1151.4,1232.6,706.0,808.0,1060.8,2.0500000000000003,4.7,102.83333333333333,157.0,24.0
SV022,L,12,2,2,0,0,2,Response,2458.75,2797.1,1193.0,1264.8,763.5,802.0,1828.0,2.8333333333333335,4.4,124.66666666666667,142.0,29.333333333333332
SV022,L,13,2,3,0,0,2,Response,2592.9800000000005,3026.0,1264.2,1431.7,672.2,784.0,716.0,7.966666666666666,10.0,285.5,706.0,116.0
SV022,L,14,3,2,0,1,0,Response,1687.8,1687.8,1184.3,1184.3,717.0,717.0,2432.0,0.95,1.0,65.0,69.0,20.0
SV022,L,15,3,0,1,0,2,Response,2364.066666666667,2843.6,1215.4333333333334,1324.5,751.0,862.0,817.3333333333334,2.8000000000000003,5.5,106.0,160.0,29.0
SV022,L,16,3,3,1,1,2,Response,,,,,,,,1.4,1.4,101.0,101.0,20.0
SV022,L,17,2,2,1,1,2,Response,,,,,,,,0.8,0.8,74.0,74.0,16.0
SV022,L,18,3,2,0,0,2,Response,2566.0333333333333,2996.0,1244.6166666666666,1501.8,692.6666666666666,809.0,332.0,4.128571428571428,9.6,135.85714285714286,265.0,37.714285714285715
SV022,L,19,3,3,0,0,3,Response,2288.0,2881.1,1216.1000000000001,1268.0,707.6666666666666,717.0,352.0,2.575,6.4,394.75,756.0,116.0
SV022,L,20,3,3,0,1,1,Response,,,,,,,,,,,,
SV022,L,21,3,2,0,1,2,Response,1191.76,2343.1,1574.76,2631.0,476.0,648.0,660.8,8.283333333333333,14.2,238.66666666666666,411.0,72.66666666666667
SV022,L,22,3,3,1,1,2,Response,1409.1,1409.1,1183.4,1183.4,546.0,546.0,876.0,2.1,2.2,107.5,123.0,26.0
SV022,L,23,3,0,1,1,2,Response,,,,,,,,2.9,2.9,122.0,122.0,32.0
SV022,L,24,2,3,1,0,2,Response,2327.1,2873.7,1191.65,1301.6,685.0,774.0,878.0,6.433333333333333,8.7,159.33333333333334,195.0,54.666666666666664
SV022,L,25,3,0,0,1,2,Response,1957.5,1957.5,1078.2,1078.2,637.0,637.0,284.0,2.8,3.4,571.5,666.0,174.0
SV022,L,26,3,3,0,1,3,Response,1448.642857142857,2895.3,1288.8999999999999,1428.7,594.0,670.0,1142.857142857143,4.6375,16.0,274.125,854.0,123.0
SV022,L,27,2,2,0,0,2,Response,2973.1,2973.1,1204.1,1204.1,761.0,761.0,408.0,8.9,8.9,222.0,222.0,52.0
SV022,L,28,2,3,1,0,2,Response,2080.825,2927.8,1233.35,1315.7,600.5,685.0,446.0,4.54,11.5,175.4,440.0,44.0
SV022,L,29,2,2,0,0,2,Response,2299.1666666666665,2832.4,1262.0666666666666,1380.6,613.0,701.0,505.3333333333333,4.025,7.0,227.5,406.0,61.0
SV022,L,30,3,3,1,0,2,Response,2486.425,2917.4,1248.025,1345.5,700.75,771.0,569.0,5.88,8.8,158.0,182.0,48.8
SV022,L,31,2,2,1,1,2,Response,,,,,,,,0.8,0.8,65.0,65.0,16.0
SV022,L,32,3,0,1,0,2,Response,2039.957142857143,2686.5,1372.5142857142857,2456.6,603.4285714285714,771.0,604.0,6.6375,15.5,194.625,473.0,46.0
SV022,L,33,2,0,1,0,2,Response,2224.08,2783.2,1208.42,1315.8,737.4,780.0,641.6,3.28,6.6,121.2,181.0,30.4
SV022,L,34,2,2,0,0,2,Response,2468.066666666667,2790.8,1194.0666666666668,1324.9,642.0,710.0,805.3333333333334,5.125,6.7,148.75,179.0,46.0
SV022,L,35,2,3,0,1,3,Response,1583.1000000000001,1832.0,1191.5714285714287,1289.7,727.1428571428571,864.0,1159.4285714285713,2.3125,6.3,122.125,262.0,32.5
SV022,L,36,3,3,1,0,3,Response,1809.3666666666668,2097.0,1120.9333333333334,1205.3,667.3333333333334,679.0,1020.0,4.975,11.6,229.5,465.0,76.0
SV022,L,37,3,2,1,1,2,Response,1359.1,1359.1,1318.0,1318.0,540.0,540.0,428.0,2.95,3.9,121.0,126.0,32.0
SV022,L,38,2,0,1,1,2,Response,1447.5,1447.5,1207.8,1207.8,663.0,663.0,812.0,1.7,2.0,96.0,112.0,24.0
SV022,L,39,2,0,1,1,2,Response,1674.8999999999999,1900.9,1234.0,1347.5,626.3333333333334,682.0,448.0,3.075,4.2,199.25,409.0,52.0
SV022,L,40,2,2,0,1,2,Response,1854.9,2309.4,1206.65,1358.7,669.0,762.0,456.0,4.3999999999999995,7.8,347.3333333333333,796.0,105.33333333333333
SV022,L,41,2,0,0,1,0,Response,1414.375,1897.7,1227.7,1299.1,712.0,759.0,403.0,6.56,11.6,250.4,605.0,59.2
SV022,L,42,2,2,0,0,2,Response,2527.8166666666666,3084.4,1250.0166666666667,1529.3,688.0,797.0,726.6666666666666,8.128571428571428,23.9,495.85714285714283,1295.0,238.28571428571428
SV022,L,43,3,0,0,0,2,Response,2473.6,3071.9,1222.4666666666667,1427.9,673.1666666666666,758.0,419.3333333333333,6.242857142857143,9.8,465.2857142857143,1406.0,166.28571428571428
SV022,L,44,2,3,0,1,3,Response,2358.2,2358.2,1039.3,1039.3,652.0,652.0,1288.0,6.550000000000001,10.9,673.0,846.0,336.0
SV022,L,45,2,0,1,0,2,Response,2469.4,2825.5,1295.55,1429.7,701.75,782.0,303.0,2.92,4.8,135.8,193.0,29.6
SV022,L,46,3,2,1,0,3,Response,2806.4,2884.4,1378.15,1439.7,846.5,848.0,344.0,3.866666666666667,8.3,147.0,236.0,32.0
SV022,L,47,2,3,0,0,2,Response,2790.85,2892.8,1360.9,1573.9,704.0,812.0,370.0,2.88,5.3,402.8,842.0,133.6
SV022,L,48,3,2,0,0,2,Response,2588.575,3005.0,1242.55,1407.1,695.0,765.0,356.0,6.840000000000001,14.8,297.8,851.0,110.4
SV022,L,49,3,3,0,0,3,Response,2827.52,3085.1,1113.54,1200.1,695.0,780.0,404.0,3.716666666666667,7.8,108.83333333333333,161.0,36.666666666666664
SV022,L,50,2,2,1,0,2,Response,2573.42,3004.3,1233.56,1420.9,691.6,788.0,468.0,5.033333333333333,10.7,255.66666666666666,787.0,62.666666666666664
SV022,L,51,3,0,1,0,3,Response,2924.55,3015.3,1303.95,1402.5,704.25,808.0,543.0,2.3600000000000003,7.9,227.6,698.0,56.8
SV022,L,52,2,3,1,1,3,Response,980.0,1052.9,1430.2333333333333,1457.8,622.6666666666666,693.0,901.3333333333334,3.2750000000000004,7.7,362.5,586.0,370.0
SV022,L,53,2,3,1,1,3,Response,1494.72,2976.6,1198.3600000000001,1393.6,617.0,647.0,456.8,6.866666666666667,13.3,283.3333333333333,545.0,115.33333333333333
SV022,L,54,3,3,1,1,2,Response,796.6,796.6,1404.3,1404.3,615.0,615.0,1464.0,4.8,8.5,131.0,191.0,40.0
SV022,L,55,2,2,1,1,2,Response,965.5,965.5,1350.2,1350.2,625.0,625.0,1060.0,4.75,7.8,150.5,208.0,40.0
SV022,L,56,3,3,1,1,3,Response,882.1,926.5,1450.4499999999998,1462.6,593.5,626.0,790.0,5.033333333333333,9.5,284.3333333333333,531.0,125.33333333333333
SV022,L,57,3,3,1,1,2,Response,879.7000000000002,1090.7,1391.5666666666666,1446.3,538.6666666666666,632.0,442.6666666666667,2.625,6.2,220.25,530.0,77.0
SV022,L,58,3,0,1,1,2,Response,948.47,1858.0,1716.52,3126.2,584.7,698.0,340.8,7.263636363636365,17.9,327.09090909090907,466.0,164.72727272727272
SV022,L,59,2,0,0,1,2,Response,1222.5375,2636.0,1410.075,1684.5,704.125,867.0,337.5,6.022222222222222,21.6,748.4444444444445,2222.0,274.6666666666667
SV022,L,60,2,2,0,1,2,Response,918.2000000000002,1047.4,1478.8666666666668,1529.6,712.0,765.0,462.6666666666667,3.25,7.7,224.75,559.0,230.0
SV022,L,61,3,0,1,1,2,Response,792.95,813.2,1487.5500000000002,1554.2,695.0,699.0,662.0,5.566666666666667,10.8,324.0,624.0,282.6666666666667
SV022,L,62,3,2,0,1,2,Response,1341.2,2280.0,1304.9666666666667,1433.7,619.3333333333334,751.0,416.0,10.2,13.2,275.25,491.0,104.0
SV022,L,63,2,3,1,0,2,Response,2993.8,3035.6,1409.1,1419.7,687.0,759.0,490.0,1.4000000000000001,1.8,524.3333333333334,800.0,532.0
SV022,L,64,3,0,0,0,3,Response,3025.7333333333336,3096.3,1388.6666666666667,1628.4,677.5,727.0,674.6666666666666,2.257142857142857,3.3,335.57142857142856,1009.0,302.2857142857143
SV022,L,65,2,0,1,1,2,Response,954.8333333333334,1457.8,1384.2,1430.9,593.0,656.0,373.3333333333333,2.475,5.4,249.5,568.0,166.0
SV022,L,66,3,2,0,1,2,Response,610.9722222222222,943.4,1782.9555555555555,2342.7,414.3333333333333,723.0,229.33333333333334,2.3157894736842106,11.0,186.1578947368421,615.0,144.0
SV022,L,67,2,0,0,0,2,Response,2982.133333333333,3099.6,1393.8333333333333,1485.7,725.0,783.0,674.6666666666666,0.775,1.4,256.5,813.0,194.0
SV022,L,68,2,3,0,1,3,Response,907.36,1051.2,1404.84,1505.1,583.6,654.0,470.4,2.6833333333333336,7.3,225.5,554.0,206.0
SV022,L,69,3,2,1,1,1,Response,841.4,1017.8,1710.3666666666666,2170.7,538.6666666666666,595.0,438.6666666666667,4.85,10.1,340.5,520.0,347.0
SV022,L,70,2,3,1,0,3,Response,3091.85,3270.0,1653.8,2649.1,600.5,794.0,460.0,4.114285714285715,13.6,239.28571428571428,707.0,26.857142857142858
SV022,L,71,2,2,0,0,2,Response,2049.433333333333,3081.6,901.4666666666667,1332.0,616.3333333333334,676.0,264.0,15.725000000000001,27.0,528.0,1113.0,142.0
SV022,L,72,3,3,1,0,3,Response,1855.28,2974.8,1511.52,2406.6,509.4,747.0,211.2,9.383333333333333,18.4,353.0,980.0,97.33333333333333
SV022,L,73,2,2,1,0,2,Response,2859.0,2928.6,1369.8,1425.1,759.5,787.0,818.0,2.9333333333333336,7.0,103.0,152.0,30.666666666666668
SV022,L,74,3,0,0,1,2,Response,1017.7,1017.7,1406.2,1406.2,620.0,620.0,396.0,1.65,1.8,289.5,473.0,570.0
SV022,L,75,3,3,0,0,3,Response,3007.44,3106.1,1305.3200000000002,1423.0,709.8,776.0,627.2,1.6666666666666667,2.4,215.0,808.0,170.66666666666666
SV022,L,76,3,3,0,1,3,Response,848.95,896.0,1398.6,1487.7,595.0,653.0,508.0,2.2800000000000002,6.0,165.6,426.0,75.2
SV022,L,77,2,3,1,0,3,Response,2382.266666666667,3069.4,1456.5166666666667,2343.7,620.6666666666666,803.0,352.6666666666667,8.6,19.5,265.0,644.0,54.857142857142854
SV022,L,78,3,3,0,1,2,Response,,,,,,,,1.8,1.8,559.0,559.0,1224.0
SV022,L,79,2,0,0,1,2,Response,836.225,906.5,1280.55,1339.3,605.25,633.0,623.0,3.04,7.6,411.8,629.0,169.6
SV022,L,80,3,2,1,0,3,Response,2933.7333333333336,3159.9,1388.05,1443.8,636.5,684.0,556.6666666666666,2.2,4.3,513.1428571428571,917.0,91.42857142857143
SV022,L,81,3,3,0,1,2,Response,841.5,854.8,1254.6,1297.8,584.5,625.0,340.0,1.1333333333333333,2.5,162.0,375.0,32.0
SV022,L,82,2,0,0,1,2,Response,819.54,885.9,1303.5,1351.5,661.0,750.0,716.8,3.5500000000000003,10.8,292.1666666666667,1314.0,54.666666666666664
SV022,L,83,3,3,0,0,3,Response,2311.0,2956.5,1123.0571428571427,1237.3,749.0,826.0,597.7142857142857,4.512499999999999,8.6,351.25,863.0,93.5
SV022,L,84,2,3,0,1,3,Response,1253.7333333333333,1987.0,1198.6833333333334,1325.0,875.5,916.0,511.3333333333333,4.528571428571428,10.6,335.7142857142857,886.0,84.0
SV022,L,85,2,2,0,1,2,Response,824.7999999999998,872.3,1268.1000000000001,1284.9,816.6666666666666,874.0,974.6666666666666,4.65,8.9,137.25,209.0,36.0
SV022,L,86,2,0,0,0,2,Response,2984.0,2984.0,1369.4,1369.4,811.0,811.0,692.0,4.35,5.9,500.0,841.0,1380.0
SV022,L,87,2,2,1,0,2,Response,3151.2999999999997,3270.0,2183.5666666666666,2719.6,346.6666666666667,835.0,346.6666666666667,6.7,15.4,327.25,575.0,118.0
SV022,L,88,3,0,0,0,3,Response,2936.4,2936.4,1421.2,1421.2,771.0,771.0,1164.0,2.15,3.0,462.5,832.0,718.0
SV022,L,89,2,3,0,1,3,Response,2074.975,3270.0,1131.825,1433.5,615.25,776.0,572.0,11.875,20.5,401.0,591.0,236.0
SV022,L,90,3,2,1,0,2,Response,2893.3,2893.3,1422.8,1422.8,871.0,871.0,872.0,4.65,7.4,164.0,222.0,36.0
SV022,L,91,2,3,1,1,2,Response,1220.3,1662.2,1266.15,1329.5,828.0,940.0,574.0,5.933333333333334,10.9,291.3333333333333,660.0,81.33333333333333
SV022,L,92,2,3,0,0,2,Response,2568.4666666666667,2982.5,1198.0333333333333,1323.6,785.6666666666666,857.0,685.3333333333334,8.15,10.2,442.25,1100.0,152.0
SV022,L,93,2,0,0,0,2,Response,2964.5,2978.6,1317.9,1385.3,788.0,885.0,684.0,4.3999999999999995,8.5,402.0,880.0,117.33333333333333
SV022,L,94,2,2,1,1,2,Response,2035.0,3270.0,925.0166666666668,1327.6,620.1666666666666,749.0,441.3333333333333,8.4,19.7,420.14285714285717,1645.0,85.71428571428571
SV022,L,95,3,3,1,0,3,Response,2455.6,3047.4,1232.48,1385.4,791.0,900.0,255.2,2.416666666666667,6.4,233.66666666666666,852.0,64.66666666666667
SV022,L,96,2,3,0,0,3,Response,2572.3,2944.8,1245.5666666666666,1362.9,827.6666666666666,923.0,424.0,4.225,9.7,480.0,923.0,81.0
SV022,L,97,2,3,1,0,3,Response,2584.7333333333336,2873.6,1165.4666666666667,1233.9,884.0,935.0,590.6666666666666,4.8,7.1,328.25,864.0,64.0
SV022,L,98,3,0,1,0,3,Response,2716.1,2854.2,1279.3000000000002,1386.4,891.0,944.0,514.0,3.5,7.3,391.0,987.0,86.66666666666667
SV022,L,99,2,3,0,0,3,Response,2379.008333333333,3073.6,1140.1833333333334,2845.3,706.1666666666666,897.0,452.0,8.146153846153846,21.1,389.0,953.0,111.38461538461539
SV022,L,100,2,3,1,1,2,Response,,,,,,,,,,,,
SV022,L,101,3,3,0,1,2,Response,761.7,761.7,1300.3,1300.3,868.0,868.0,280.0,9.3,10.9,171.0,188.0,70.0
SV022,L,102,2,2,0,1,1,Response,783.2,783.2,1401.8,1401.8,762.0,762.0,260.0,9.85,11.5,202.5,208.0,64.0
SV022,L,103,3,2,0,0,2,Response,2829.9,2829.9,1186.2,1186.2,886.0,886.0,380.0,7.75,8.9,199.5,227.0,52.0
SV022,L,104,3,3,0,0,2,Response,1933.2,1933.2,1105.3,1105.3,874.0,874.0,864.0,0.8500000000000001,1.1,297.0,524.0,62.0
SV022,L,105,2,0,1,1,2,Response,,,,,,,,,,,,
SV022,L,106,2,0,1,0,2,Response,1852.45,1930.7,1167.65,1194.2,855.0,902.0,862.0,1.0333333333333334,2.1,72.33333333333333,98.0,17.333333333333332
SV022,L,107,3,3,0,0,3,Response,2125.1,2873.6,1201.4833333333333,1357.2,851.0,959.0,404.0,6.957142857142857,11.3,337.42857142857144,884.0,99.42857142857143
SV022,L,108,2,3,0,0,3,Response,2499.7999999999997,2907.2,1110.6666666666667,1296.6,817.3333333333334,878.0,621.3333333333334,6.85,9.1,172.25,220.0,54.0
SV022,L,109,2,3,1,1,3,Response,1781.2,1781.2,993.4,993.4,830.0,830.0,1028.0,1.2000000000000002,1.6,350.5,608.0,58.0
SV022,L,110,2,0,1,0,3,Response,2308.3333333333335,2802.0,1194.8666666666666,1242.0,879.3333333333334,938.0,522.6666666666666,4.3,7.7,148.25,222.0,34.0
SV022,L,111,2,2,0,1,2,Response,1678.6000000000001,1925.8,1118.2666666666667,1160.1,883.3333333333334,923.0,986.6666666666666,2.0,4.0,92.5,135.0,26.0
SV022,L,112,3,3,1,0,3,Response,2693.0,2693.0,1297.3,1297.3,1004.0,1004.0,376.0,4.9,5.3,141.0,169.0,44.0
SV022,L,113,3,0,1,1,3,Response,,,,,,,,0.6,0.6,212.0,212.0,48.0
SV022,L,114,2,3,0,0,3,Response,2317.68,2746.1,1065.78,1130.3,827.0,863.0,612.0,4.383333333333334,7.5,235.66666666666666,752.0,58.666666666666664
SV022,L,115,3,2,1,0,2,Response,,,,,,,,,,,,
SV022,L,116,3,0,0,1,2,Response,1343.05,1815.0,1175.6,1248.1,891.0,924.0,1352.0,4.8,8.0,138.0,197.0,38.666666666666664
SV022,L,117,3,2,1,0,2,Response,2131.0666666666666,2574.2,1164.7333333333333,1212.4,938.3333333333334,1013.0,768.0,1.7,2.2,291.75,849.0,79.0
SV022,L,118,2,0,1,1,2,Response,1175.7,1175.7,1172.7,1172.7,749.0,749.0,288.0,3.65,4.0,123.5,143.0,38.0
SV022,L,119,3,0,1,1,2,Response,1862.2,1862.2,1018.5,1018.5,830.0,830.0,124.0,1.5,2.0,493.0,566.0,230.0
SV022,L,120,3,2,0,0,2,Response,2176.25,2614.8,1107.45,1262.4,896.5,984.0,610.0,3.733333333333333,6.3,316.0,724.0,86.66666666666667
SV022,L,121,2,3,1,0,2,Response,,,,,,,,,,,,
SV022,L,122,2,0,1,0,2,Response,,,,,,,,,,,,
SV022,L,123,3,0,1,1,2,Response,1591.5,1591.5,1223.3,1223.3,973.0,973.0,744.0,0.65,0.8,64.5,70.0,14.0
SV022,L,124,3,0,0,1,2,Response,807.8,807.8,1379.5,1379.5,917.0,917.0,256.0,7.9,8.9,196.0,218.0,56.0
SV022,L,125,2,3,1,1,3,Response,1968.9,1968.9,1057.6,1057.6,743.0,743.0,360.0,1.45,1.9,80.0,95.0,24.0
SV022,L,126,3,3,0,1,3,Response,810.4,810.4,1304.1,1304.1,783.0,783.0,1376.0,7.2,7.4,166.0,176.0,58.0
SV022,L,127,3,2,0,1,2,Response,1356.5,1826.2,1224.0500000000002,1342.4,879.0,902.0,772.0,5.8999999999999995,7.3,423.0,909.0,170.66666666666666
SV022,L,128,2,2,1,0,2,Response,,,,,,,,1.4,1.4,95.0,95.0,20.0
SV022,L,129,3,3,1,0,2,Response,2568.3,2568.3,1146.8,1146.8,978.0,978.0,480.0,3.5999999999999996,4.8,119.5,137.0,38.0
SV022,L,130,2,2,0,1,1,Response,1615.3,1615.3,1201.0,1201.0,878.0,878.0,1840.0,1.05,1.6,84.0,109.0,16.0
SV022,L,131,2,3,1,0,2,Response,2377.55,2633.5,1150.8000000000002,1162.4,860.5,891.0,546.0,1.7333333333333334,2.3,86.33333333333333,99.0,25.333333333333332
SV022,L,132,2,3,0,1,3,Response,1525.55,2183.2,1186.1833333333334,1441.8,866.1666666666666,929.0,456.6666666666667,6.314285714285715,10.0,159.14285714285714,236.0,48.57142857142857
SV022,L,133,3,0,1,0,3,Response,2279.7000000000003,2828.7,1216.2333333333333,1328.9,920.0,983.0,729.3333333333334,3.0,4.7,275.25,705.0,98.0
SV022,L,134,2,2,1,1,2,Response,,,,,,,,6.2,6.2,174.0,174.0,48.0
SV022,L,135,2,2,0,1,2,Response,1410.4714285714285,1852.1,1058.7857142857142,1386.9,815.1428571428571,936.0,338.85714285714283,3.2,6.5,148.375,319.0,40.0
SV022,L,136,3,0,0,1,0,Response,876.5,876.5,1224.5,1224.5,719.0,719.0,256.0,6.199999999999999,6.6,175.5,189.0,50.0
SV022,L,137,3,2,1,1,2,Response,1243.3600000000001,1839.8,1232.92,1339.7,759.4,825.0,344.8,5.283333333333334,8.9,294.3333333333333,965.0,118.0
SV022,L,138,3,2,1,0,2,Response,2349.1,2669.5,1057.8,1157.2,792.0,884.0,456.0,2.3000000000000003,3.7,127.0,169.0,37.333333333333336
SV022,L,139,3,0,1,1,2,Response,1514.3200000000002,1804.4,1126.48,1247.5,909.0,946.0,880.0,2.4,6.8,192.16666666666666,630.0,54.666666666666664
SV022,L,140,3,0,0,1,2,Response,1533.24,1886.0,1170.94,1334.7,871.4,956.0,404.0,4.283333333333334,10.3,391.6666666666667,870.0,124.0
SV022,L,141,2,3,1,0,3,Response,2622.2,2622.2,1179.5,1179.5,913.0,913.0,1732.0,3.75,6.1,128.5,162.0,36.0
SV022,L,142,2,0,0,0,2,Response,2991.3,3027.3,1203.9,1212.3,907.0,933.0,1254.0,5.0,9.2,224.0,319.0,66.66666666666667
SV022,L,143,2,0,0,0,2,Response,3026.475,3270.0,1385.0625,2487.5,740.625,914.0,582.5,5.522222222222222,14.9,436.22222222222223,758.0,120.44444444444444
SV022,L,144,3,2,1,0,2,Response,2606.925,2905.3,1332.275,1485.9,888.0,981.0,516.0,4.9799999999999995,9.2,519.2,1126.0,101.6
SV022,L,145,3,2,1,0,2,Response,2816.2333333333336,2903.0,1364.6666666666667,1385.1,895.6666666666666,939.0,541.3333333333334,2.55,7.8,104.75,212.0,24.0
SV022,L,146,3,0,0,0,3,Response,2921.7999999999997,3021.6,1236.1000000000001,1293.8,919.3333333333334,992.0,921.3333333333334,1.6000000000000003,2.1,191.66666666666666,364.0,50.666666666666664
SV022,L,147,3,3,0,0,3,Response,2999.9,3024.8,1306.825,1408.5,841.25,942.0,745.0,2.66,5.5,344.2,1208.0,85.6
SV022,L,148,2,2,0,1,2,Response,1415.525,1771.7,1051.425,1148.8,882.5,902.0,622.0,3.1799999999999997,6.0,120.4,181.0,32.0
SV022,L,149,2,3,0,0,3,Response,2461.85,3010.8,1197.3166666666666,1384.0,854.5,954.0,486.6666666666667,7.714285714285714,15.3,372.2857142857143,889.0,212.57142857142858
SV022,L,150,2,3,1,1,2,Response,598.0,598.0,1350.8,1350.8,849.0,849.0,596.0,2.95,3.5,310.0,508.0,436.0
SV022,L,151,3,0,1,1,2,Response,1015.75,1212.2,1297.3,1334.1,861.5,922.0,302.0,2.5,3.5,251.66666666666666,557.0,860.0
SV022,L,152,2,2,0,1,2,Response,2020.3999999999999,2507.2,1074.8666666666666,1238.7,825.0,889.0,669.3333333333334,5.625,13.2,325.75,854.0,83.0
SV022,L,153,3,2,1,1,2,Response,1359.9499999999998,1918.6,1082.7,1273.3,742.0,807.0,284.0,4.0,8.2,331.6666666666667,707.0,121.33333333333333
SV022,L,154,3,3,1,1,3,Response,1591.45,2141.6,1108.45,1309.9,838.3333333333334,902.0,482.6666666666667,2.8714285714285714,8.5,311.7142857142857,942.0,119.42857142857143
SV022,L,155,2,2,1,0,2,Response,2367.7,2736.0,951.575,1143.0,841.0,926.0,333.0,5.5200000000000005,9.9,428.8,1640.0,400.8
SV022,L,156,3,0,0,1,1,Response,1099.25,1229.2,1451.75,1532.0,784.0,800.0,384.0,5.7,8.6,342.0,642.0,456.0
SV022,L,157,3,2,1,1,2,Response,1636.2333333333333,2773.2,1084.8333333333333,1270.2,770.6666666666666,834.0,422.6666666666667,10.375,16.6,469.25,892.0,130.0
SV022,L,158,2,0,1,1,2,Response,1604.45,3270.0,1195.65,1444.2,714.75,794.0,238.0,11.64,20.9,413.4,681.0,237.6
SV022,L,159,2,2,1,0,2,Response,2395.1,2867.8,1170.6000000000001,1423.5,758.6666666666666,889.0,298.6666666666667,8.725,13.2,329.5,747.0,113.0
SV022,L,160,2,0,0,0,2,Response,2867.1,2942.4,1227.3333333333333,1283.3,892.0,934.0,406.6666666666667,2.8499999999999996,8.2,221.75,554.0,151.0
SV022,L,161,3,0,0,0,1,Response,,,,,,,,1.6,1.6,86.0,86.0,24.0
SV022,L,162,2,2,0,0,2,Response,2968.65,3113.0,1114.6999999999998,1181.3,769.0,782.0,456.0,6.833333333333333,9.2,465.3333333333333,1006.0,620.0
SV022,L,163,3,0,1,0,2,Response,2753.633333333333,2863.0,1248.3,1344.0,834.0,848.0,438.6666666666667,2.975,6.5,401.5,866.0,181.0
SV022,L,164,2,3,1,0,2,Response,2938.5,2940.0,1388.5,1424.0,886.0,941.0,482.0,3.5666666666666664,5.2,290.6666666666667,526.0,296.0
SV022,L,165,3,3,1,0,2,Response,2663.1499999999996,2710.2,1280.4,1310.6,853.0,882.0,350.0,1.4666666666666668,2.0,465.3333333333333,1222.0,117.33333333333333
SV022,L,166,2,2,1,1,2,Response,1685.3200000000002,2604.0,990.0799999999999,1288.9,818.6,908.0,536.8,6.283333333333334,15.4,465.1666666666667,1151.0,93.33333333333333
SV022,L,167,2,2,0,0,2,Response,2889.0,2913.5,1210.0,1210.4,851.0,894.0,658.0,4.6000000000000005,8.9,411.6666666666667,904.0,320.0
SV022,L,168,2,2,1,0,2,Response,2855.5,2888.5,1332.0,1364.6,869.5,917.0,878.0,3.1,4.4,369.6666666666667,830.0,273.3333333333333
SV022,L,169,2,0,1,0,2,Response,2813.2,2853.8,1342.95,1385.7,894.0,898.0,364.0,4.933333333333334,7.7,526.0,1271.0,77.33333333333333
SV022,L,170,3,0,1,1,1,Response,548.9,548.9,1378.8,1378.8,837.0,837.0,496.0,4.45,7.3,381.0,608.0,356.0
SV022,L,171,2,3,1,1,2,Response,1028.25,1236.6,1540.7,1840.5,829.0,851.0,342.0,7.333333333333333,8.8,343.3333333333333,597.0,798.6666666666666
SV022,L,172,3,2,0,1,2,Response,2011.0,3270.0,899.55,1299.8,672.0,851.0,276.0,14.9,22.9,523.0,797.0,205.33333333333334
SV022,L,173,3,0,0,0,2,Response,2890.9,2895.9,1148.6,1171.1,867.0,936.0,772.0,3.5333333333333337,6.4,405.0,887.0,276.0
SV022,L,174,2,3,0,1,2,Response,1439.8500000000001,3270.0,940.0833333333334,1214.5,637.6666666666666,769.0,212.0,7.528571428571429,16.3,277.42857142857144,501.0,125.14285714285714
SV022,L,175,2,3,0,0,2,Response,2652.9666666666667,2854.2,1041.3999999999999,1102.2,839.0,884.0,508.0,4.6,7.5,368.75,1009.0,79.0
SV022,L,176,3,2,1,1,2,Response,856.1,1090.0,1583.025,1951.8,799.5,865.0,276.0,5.24,8.8,381.4,1020.0,392.0
SV022,L,177,3,3,0,1,3,Response,817.2,828.2,1434.9499999999998,1494.1,778.0,802.0,432.0,4.933333333333334,9.4,297.3333333333333,566.0,476.0
SV022,L,178,2,2,0,0,2,Response,2930.8999999999996,2953.7,1254.4499999999998,1334.6,771.0,820.0,736.0,1.3333333333333333,1.6,315.3333333333333,778.0,65.33333333333333
SV022,L,179,2,0,0,1,1,Response,741.4333333333334,761.5,1520.3999999999999,1836.1,710.3333333333334,784.0,430.6666666666667,4.125,9.0,271.25,494.0,192.0
SV022,L,180,3,0,0,0,2,Response,2947.7999999999997,3270.0,1775.3785714285714,2547.9,625.2142857142857,993.0,345.7142857142857,4.086666666666667,16.3,345.6666666666667,938.0,165.6
SV022,L,181,3,3,1,1,2,Response,648.4,648.4,1313.0,1313.0,864.0,864.0,664.0,4.75,5.6,1114.5,2093.0,570.0
SV022,L,182,2,0,1,0,2,Response,2830.466666666667,2899.8,1509.5666666666666,1794.9,877.0,923.0,405.3333333333333,5.225,9.5,227.5,414.0,211.0
SV022,L,183,3,0,0,0,2,Response,2958.225,3033.5,1418.85,1732.5,920.75,973.0,599.0,1.725,2.9,493.0,925.0,390.0
SV022,L,184,3,2,0,1,2,Response,858.4666666666667,989.2,1399.3,1512.0,725.3333333333334,789.0,662.6666666666666,4.35,9.7,685.75,2247.0,302.0
SV022,L,185,3,2,0,0,2,Response,2924.75,2989.2,1147.45,1215.4,843.5,916.0,419.0,2.62,8.2,271.0,941.0,56.0
SV022,L,186,2,0,1,0,2,Response,2823.066666666667,2882.5,1295.2333333333333,1351.9,893.3333333333334,934.0,446.6666666666667,2.875,7.3,328.75,953.0,122.0
SV022,L,187,2,2,1,0,2,Response,2841.366666666667,2882.8,1350.8333333333333,1395.7,837.0,953.0,522.6666666666666,1.4,3.4,240.25,772.0,54.0
SV022,L,188,2,3,1,1,2,Response,641.775,739.7,1441.775,1633.9,681.75,798.0,496.0,3.04,9.9,109.6,191.0,31.2
SV022,L,189,2,0,1,1,2,Response,906.5285714285714,1863.7,1661.8,3036.5,604.8571428571429,767.0,325.7142857142857,9.175,17.0,256.25,398.0,192.5
SV022,L,190,3,2,0,0,2,Response,2961.125,3012.4,1370.7,1744.8,872.5,951.0,421.0,3.02,6.9,308.4,907.0,80.8
SV022,L,191,3,2,0,1,2,Response,763.1,899.6,1386.0,1736.4,767.4,825.0,248.8,3.1999999999999997,7.8,228.66666666666666,630.0,146.0
SV022,L,192,3,0,1,0,1,Response,2662.2,2992.7,881.525,1334.1,747.5,801.0,339.0,6.380000000000001,15.0,419.2,835.0,133.6
SV022,L,193,3,2,1,1,2,Response,623.3,928.6,1766.175,2761.0,604.25,782.0,183.0,8.26,13.9,291.6,528.0,244.8
SV022,L,194,3,2,0,0,2,Response,2994.45,3007.0,1243.275,1345.7,857.5,904.0,613.0,2.66,7.0,478.8,1167.0,151.2
SV022,L,195,3,0,1,0,2,Response,2925.0,2930.7,1270.25,1281.1,863.0,932.0,570.0,3.6999999999999997,7.1,368.0,848.0,92.0
SV022,L,196,3,3,0,0,3,Response,3000.9666666666667,3045.0,1474.3666666666668,1768.5,784.0,865.0,600.0,2.9250000000000003,5.9,420.25,852.0,301.0
SV022,L,197,3,2,0,1,2,Response,,,,,,,,3.5,3.5,578.0,578.0,272.0
SV022,L,198,2,3,0,1,2,Response,811.0,893.8,1261.75,1279.3,761.5,852.0,432.0,1.35,2.1,338.5,605.0,262.0
SV022,L,199,3,2,1,0,2,Response,,,,,,,,,,,,
SV022,L,200,3,0,1,0,2,Response,2951.6,2951.6,1327.8,1327.8,907.0,907.0,736.0,2.15,3.9,440.5,826.0,86.0
SV022,L,201,3,3,0,1,2,Response,797.725,982.2,1330.55,1387.0,741.75,802.0,449.0,2.96,8.4,222.0,564.0,340.8
SV022,L,202,3,0,1,1,2,Response,810.6,970.2,1283.0333333333333,1364.3,774.0,865.0,385.3333333333333,3.725,10.4,251.75,602.0,173.0
SV022,L,203,2,3,0,0,2,Response,2862.6,2862.6,1099.3,1099.3,888.0,888.0,380.0,1.35,1.6,89.0,92.0,20.0
SV022,L,204,3,0,1,0,3,Response,2925.0,3008.5,1508.2,2036.4,764.5,894.0,454.0,3.34,9.4,445.4,1027.0,177.6
SV022,L,205,3,3,1,1,3,Response,723.62,1062.0,1457.8,1847.5,647.0,815.0,192.0,3.5666666666666664,6.8,219.66666666666666,619.0,98.66666666666667
SV022,L,206,3,2,0,1,2,Response,1980.2,1980.2,1169.0,1169.0,730.0,730.0,888.0,1.45,1.7,86.0,92.0,22.0
SV022,L,207,2,0,0,1,2,Response,1265.42,1695.0,1335.7,1930.9,678.0,804.0,608.8,6.1499999999999995,9.7,313.5,616.0,124.0
SV022,L,208,2,2,1,1,2,Response,656.05,658.5,1405.3000000000002,1543.7,738.5,807.0,398.0,5.45,6.2,1142.5,2167.0,726.0
SV022,L,209,3,2,1,1,2,Response,686.15,757.5,1513.4499999999998,1559.6,628.0,751.0,640.0,8.866666666666667,9.8,337.6666666666667,545.0,158.66666666666666
SV022,L,210,3,0,0,1,2,Response,793.7,817.4,1355.95,1380.4,676.0,683.0,518.0,4.533333333333334,8.4,277.6666666666667,501.0,345.3333333333333
SV022,L,211,3,2,0,0,2,Response,2930.5,2930.5,1268.6,1268.6,816.0,816.0,772.0,1.35,1.9,488.0,904.0,160.0
SV022,L,212,2,0,1,1,2,Response,1427.5333333333335,3187.8,1176.5333333333335,1422.5,686.8333333333334,857.0,336.6666666666667,8.585714285714285,21.7,428.85714285714283,914.0,210.85714285714286
SV022,L,213,2,0,1,1,2,Response,714.3,733.0,1371.0500000000002,1413.9,759.0,853.0,446.0,2.1999999999999997,2.9,262.0,571.0,222.66666666666666
SV022,L,214,2,3,0,1,2,Response,1010.0999999999999,1374.6,1553.8249999999998,2105.5,701.5,910.0,275.0,3.7800000000000002,8.3,259.0,502.0,236.0
SV022,L,215,2,2,1,0,2,Response,3040.9,3101.0,1463.9666666666665,1748.1,692.6666666666666,811.0,316.0,2.4,4.7,375.5,851.0,118.0
SV022,L,216,3,3,1,0,2,Response,3142.4,3270.0,1995.65,2638.5,493.5,776.0,530.0,12.266666666666666,20.8,557.3333333333334,954.0,108.0
SV022,L,217,2,0,0,1,2,Response,2080.8,3270.0,884.8,1279.3,600.5,640.0,302.0,17.266666666666666,22.9,396.3333333333333,789.0,250.66666666666666
SV022,L,218,3,0,0,0,3,Response,3020.02,3270.0,1581.4199999999998,2742.6,653.8,853.0,584.0,8.5,16.2,365.2,745.0,48.0
SV022,L,219,2,3,0,1,2,Response,690.9333333333334,730.3,1939.0666666666666,3109.0,477.6666666666667,769.0,384.0,9.5,19.3,322.25,497.0,119.0
SV022,L,220,3,3,1,1,3,Response,762.55,879.7,1359.25,1369.4,690.5,737.0,580.0,4.333333333333333,9.3,691.0,1842.0,564.0
SV022,L,221,3,3,0,1,2,Response,914.3,1030.0,1360.4,1377.5,762.0,771.0,574.0,6.066666666666666,8.2,320.0,580.0,464.0
SV022,L,222,2,2,0,0,2,Response,2964.0333333333333,3036.1,1343.7,1446.0,899.0,1002.0,485.3333333333333,3.9000000000000004,12.8,196.75,562.0,96.0
SV022,L,223,2,2,0,1,2,Response,622.3571428571429,833.7,1844.3857142857141,3032.1,491.14285714285717,858.0,184.0,5.55,17.7,222.0,630.0,112.5
SV022,L,224,2,2,1,1,2,Response,593.275,776.5,1983.0749999999998,2497.7,463.0,780.0,352.0,9.95,18.0,327.5,504.0,211.0
SV022,L,225,2,0,1,0,2,Response,2936.0,2936.0,1297.4,1297.4,934.0,934.0,440.0,2.0,3.6,1662.5,3270.0,532.0
SV022,L,226,3,3,0,0,3,Response,3092.275,3137.6,1349.025,1471.9,795.75,851.0,528.0,2.325,3.9,860.0,3071.0,451.0
SV022,L,227,3,3,1,0,3,Response,2978.2,2991.2,1594.0,1803.7,655.0,808.0,224.0,2.9333333333333336,5.2,559.3333333333334,942.0,440.0
SV022,L,228,2,3,1,1,3,Response,638.5428571428572,1016.9,2122.8571428571427,2936.1,400.57142857142856,630.0,162.85714285714286,6.5125,17.8,406.625,1103.0,194.5
SV022,L,229,2,0,0,1,3,Response,520.25,918.1,1894.95,2848.5,396.1666666666667,782.0,196.66666666666666,6.028571428571429,17.8,237.85714285714286,588.0,316.57142857142856
SV022,L,230,3,2,1,1,2,Response,383.34000000000003,729.3,1952.6,2497.8,462.0,815.0,627.2,4.933333333333334,12.7,274.8333333333333,632.0,104.0
SV022,L,231,2,2,1,1,2,Response,1328.25,1826.6,1166.65,1413.3,589.0,689.0,362.0,5.6000000000000005,9.2,318.6666666666667,584.0,372.0
SV022,L,232,2,0,0,0,2,Response,3003.28,3075.8,1191.78,1308.7,852.4,909.0,676.0,3.3200000000000003,6.2,450.8,991.0,294.4
SV022,L,233,3,2,1,1,2,Response,461.4,616.5,1699.85,1932.7,537.5,694.0,366.0,4.3999999999999995,7.6,291.6666666666667,568.0,226.66666666666666
SV022,L,234,2,0,0,0,2,Response,2940.8,2949.7,1229.05,1236.8,911.5,945.0,452.0,2.9333333333333336,5.9,1163.3333333333333,3270.0,408.0
SV022,L,235,3,0,0,1,2,Response,,,,,,,,6.2,6.2,189.0,189.0,44.0
SV022,L,236,3,2,0,0,2,Response,3004.8,3004.8,1219.7,1219.7,821.0,821.0,1704.0,0.95,1.0,75.0,78.0,18.0
SV022,L,237,2,0,0,0,2,Response,3004.58,3039.0,1245.8799999999999,1427.1,855.0,903.0,538.4,2.983333333333333,7.6,278.0,1070.0,67.33333333333333
SV022,L,238,3,0,0,1,2,Response,862.9,888.7,1348.3,1551.6,701.3333333333334,771.0,564.0,3.0,5.3,256.5,694.0,87.0
SV022,L,239,3,0,0,0,3,Response,3013.45,3016.2,1186.2,1248.0,775.5,789.0,776.0,6.233333333333333,9.2,462.3333333333333,1030.0,133.33333333333334
SV022,L,240,3,3,0,0,3,Response,2333.5,2978.8,1032.3285714285714,1226.1,871.0,935.0,350.2857142857143,3.7375,8.5,394.0,923.0,111.0
SV022,L,241,3,0,0,0,0,Response,,,,,,,,,,,,
SV022,L,242,2,0,1,0,0,Response,,,,,,,,,,,,
SV022,L,243,2,3,1,0,2,Response,2059.3,2059.3,1018.8,1018.8,910.0,910.0,472.0,0.55,0.7,57.5,63.0,14.0
SV022,L,244,2,0,1,0,0,Response,,,,,,,,,,,,
SV022,L,245,2,2,0,1,2,Response,,,,,,,,1.3,1.3,84.0,84.0,20.0
SV022,L,246,2,2,0,0,2,Response,,,,,,,,0.7,0.7,57.0,57.0,16.0
SV022,L,247,3,2,0,0,2,Response,2418.5,2418.5,1052.3,1052.3,803.0,803.0,128.0,1.2,1.2,78.0,78.0,20.0
SV022,L,248,2,2,1,0,2,Response,,,,,,,,2.2,2.2,615.0,615.0,444.0
SV022,L,249,3,3,0,1,3,Response,,,,,,,,,,,,
SV022,L,250,3,3,0,1,3,Response,1878.2,1878.2,927.1,927.1,705.0,705.0,236.0,0.25,0.4,396.0,736.0,294.0
SV022,L,251,3,3,1,1,3,Response,,,,,,,,1.7,1.7,699.0,699.0,580.0
SV022,L,252,2,3,1,0,3,Response,1882.6,1882.6,1170.8,1170.8,630.0,630.0,108.0,0.9,0.9,583.0,583.0,444.0
SV022,L,253,2,0,1,0,0,Response,1920.7,1920.7,914.0,914.0,769.0,769.0,32.0,1.1,1.7,369.0,681.0,128.0
SV022,L,254,3,3,1,0,3,Response,1880.6,1880.6,786.2,786.2,697.0,697.0,624.0,1.1,1.3,427.5,767.0,116.0
SV022,L,255,2,2,1,1,2,Response,,,,,,,,1.3,1.3,72.0,72.0,24.0
SV022,L,256,3,3,1,1,3,Response,,,,,,,,1.6,1.6,728.0,728.0,460.0
SV022,L,257,2,3,1,0,3,Response,,,,,,,,1.0,1.0,573.0,573.0,320.0
SV022,L,258,2,2,1,0,2,Response,1913.6,1913.6,631.6,631.6,693.0,693.0,328.0,3.4,4.3,126.5,137.0,34.0
SV022,L,259,2,2,1,0,2,Response,1975.5,1975.5,884.4,884.4,618.0,618.0,100.0,1.3,1.3,710.0,710.0,284.0
SV022,L,260,3,0,1,0,0,Response,1862.0,1862.0,1060.6,1060.6,730.0,730.0,200.0,1.55,2.1,783.5,789.0,358.0
SV022,L,261,3,3,0,0,3,Response,2446.1,2446.1,1050.0,1050.0,818.0,818.0,304.0,4.2,4.2,144.0,144.0,40.0
SV022,L,262,3,0,1,1,0,Response,1871.5,1949.6,731.25,804.9,668.5,708.0,286.0,1.85,2.5,105.0,126.0,24.0
SV022,L,263,2,0,1,1,0,Response,1850.8,1850.8,955.6,955.6,707.0,707.0,120.0,0.85,1.0,460.0,863.0,166.0
SV022,L,264,3,3,1,1,3,Response,,,,,,,,1.0,1.0,67.0,67.0,20.0
SV022,L,265,3,3,0,0,3,Response,,,,,,,,,,,,
SV022,L,266,2,3,0,0,3,Response,,,,,,,,,,,,
SV022,L,267,2,2,1,0,2,Response,,,,,,,,1.7,1.7,573.0,573.0,328.0
SV022,L,268,3,0,1,1,0,Response,1797.4,1797.4,943.3,943.3,504.0,504.0,248.0,0.7,0.7,58.0,58.0,16.0
SV022,L,269,2,0,0,1,0,Response,,,,,,,,0.3,0.3,109.0,109.0,60.0
SV022,L,270,3,3,0,1,3,Response,1940.6,1940.6,999.9,999.9,459.0,459.0,312.0,0.7,0.7,620.0,620.0,256.0
SV022,L,271,3,2,0,1,2,Response,,,,,,,,1.9,1.9,614.0,614.0,404.0
SV022,L,272,3,0,1,1,0,Response,,,,,,,,1.7,1.7,498.0,498.0,148.0
SV022,L,273,3,3,0,1,3,Response,,,,,,,,0.6,0.6,56.0,56.0,16.0
SV022,L,274,2,2,0,0,2,Response,,,,,,,,,,,,
SV022,L,275,3,2,0,1,2,Response,,,,,,,,1.6,1.6,448.0,448.0,128.0
SV022,L,276,2,3,0,1,3,Response,,,,,,,,1.4,1.4,104.0,104.0,20.0
SV022,L,277,2,2,0,0,2,Response,1926.8,2000.0,1120.35,1277.4,493.5,525.0,94.0,2.5,3.1,159.5,193.0,22.0
SV022,L,278,2,2,0,1,2,Response,1914.6,1914.6,585.9,585.9,516.0,516.0,404.0,5.199999999999999,5.3,167.5,171.0,40.0
SV022,L,279,2,0,1,0,0,Response,,,,,,,,2.9,2.9,840.0,840.0,236.0
SV022,L,280,2,3,1,1,3,Response,,,,,,,,,,,,
SV022,L,281,3,3,0,1,3,Response,,,,,,,,1.6,1.6,725.0,725.0,372.0
SV022,L,282,3,3,1,1,3,Response,1996.3,1996.3,1031.1,1031.1,669.0,669.0,512.0,1.0,1.2,81.5,91.0,18.0
SV022,L,283,2,3,0,1,3,Response,,,,,,,,1.6,1.6,786.0,786.0,196.0
SV022,L,284,2,2,0,1,2,Response,,,,,,,,1.1,1.1,77.0,77.0,20.0
SV022,L,285,3,3,0,0,3,Response,,,,,,,,,,,,
SV022,L,286,3,3,1,1,3,Response,,,,,,,,1.3,1.3,86.0,86.0,20.0
SV022,L,287,2,3,1,0,3,Response,,,,,,,,,,,,
SV022,L,288,3,0,0,0,0,Response,,,,,,,,,,,,
SV022,L,289,2,3,0,0,3,Response,,,,,,,,,,,,
SV022,L,290,2,0,0,0,0,Response,,,,,,,,,,,,
SV022,L,291,2,0,1,1,0,Response,,,,,,,,0.4,0.4,50.0,50.0,12.0
SV022,L,292,2,0,0,0,0,Response,,,,,,,,,,,,
SV022,L,293,3,3,1,0,3,Response,1980.7,1980.7,975.4,975.4,610.0,610.0,208.0,0.7,0.7,82.0,82.0,12.0
SV022,L,294,3,0,1,0,0,Response,,,,,,,,,,,,
SV022,L,295,3,0,1,0,0,Response,1878.2,1878.2,985.3,985.3,591.0,591.0,276.0,3.9,3.9,715.0,715.0,476.0
SV022,L,296,2,0,0,0,0,Response,,,,,,,,,,,,
SV022,L,297,3,2,0,1,2,Response,1396.4,1396.4,2484.4,2484.4,61.0,61.0,48.0,14.799999999999999,19.4,445.0,543.0,122.0
SV022,L,298,2,3,0,1,3,Response,,,,,,,,1.5,1.5,81.0,81.0,24.0
SV022,L,299,3,0,1,0,0,Response,,,,,,,,0.8,0.8,624.0,624.0,204.0
SV022,L,300,2,0,0,1,0,Response,,,,,,,,,,,,
SV022,L,301,3,3,1,1,3,Response,1928.9,1928.9,990.9,990.9,905.0,905.0,192.0,3.0,3.0,1063.0,1063.0,360.0
SV022,L,302,3,3,1,0,3,Response,,,,,,,,1.0,1.0,713.0,713.0,220.0
SV022,L,303,2,3,1,1,3,Response,,,,,,,,,,,,
SV022,L,304,3,0,1,0,0,Response,1915.4,1915.4,1006.9,1006.9,702.0,702.0,212.0,1.1500000000000001,2.1,632.5,835.0,180.0
SV022,L,305,2,2,1,0,2,Response,,,,,,,,1.9,1.9,858.0,858.0,180.0
SV022,L,306,3,2,1,0,2,Response,,,,,,,,,,,,
SV022,L,307,3,3,0,1,3,Response,,,,,,,,,,,,
SV022,L,308,3,3,1,0,3,Response,1878.7,1878.7,990.0,990.0,774.0,774.0,188.0,,,,,
SV022,L,309,3,2,0,0,2,Response,1870.6,1870.6,1100.1,1100.1,773.0,773.0,168.0,0.6,0.6,69.0,69.0,12.0
SV022,L,310,2,0,0,1,0,Response,,,,,,,,,,,,
SV022,L,311,2,2,0,0,2,Response,1781.5,1781.5,1045.2,1045.2,787.0,787.0,208.0,0.8,0.8,69.0,69.0,16.0
SV022,L,312,2,2,0,1,2,Response,,,,,,,,,,,,
SV022,L,313,3,0,0,0,0,Response,,,,,,,,1.3,1.3,875.0,875.0,472.0
SV022,L,314,3,2,1,1,2,Response,1797.8,1797.8,881.5,881.5,795.0,795.0,188.0,1.95,3.5,451.5,854.0,130.0
SV022,L,315,3,2,0,0,2,Response,1919.3,1919.3,1058.3,1058.3,914.0,914.0,312.0,0.75,1.1,396.0,715.0,110.0
SV022,L,316,2,0,0,0,0,Response,1861.95,1959.4,953.5,1010.1,858.5,869.0,162.0,0.5666666666666667,0.7,56.333333333333336,64.0,14.666666666666666
SV022,L,317,2,2,1,0,2,Response,,,,,,,,1.2,1.2,822.0,822.0,248.0
SV022,L,318,3,3,0,0,3,Response,,,,,,,,,,,,
SV022,L,319,3,3,0,0,3,Response,,,,,,,,1.4,1.4,993.0,993.0,260.0
SV022,L,320,3,2,1,1,2,Response,,,,,,,,,,,,
SV022,L,321,2,0,0,1,0,Response,,,,,,,,0.5,0.5,908.0,908.0,300.0
SV022,L,322,2,0,0,1,0,Response,1782.8,1782.8,671.9,671.9,632.0,632.0,220.0,2.25,3.1,481.5,868.0,218.0
SV022,L,323,2,3,1,0,3,Response,2157.5,2157.5,924.5,924.5,825.0,825.0,256.0,4.0,4.0,1108.0,1108.0,280.0
SV022,L,324,3,2,1,0,2,Response,2014.5,2014.5,828.7,828.7,771.0,771.0,72.0,2.1,3.0,463.0,848.0,226.0
SV022,L,325,3,3,0,1,3,Response,,,,,,,,,,,,
SV022,L,326,2,0,0,0,0,Response,1899.6,1980.9,974.5,986.0,858.5,864.0,90.0,1.0666666666666667,2.0,283.6666666666667,730.0,92.0
SV022,L,327,2,2,1,1,2,Response,1936.2,1936.2,853.8,853.8,683.0,683.0,256.0,1.2999999999999998,1.9,442.0,823.0,102.0
SV022,L,328,3,0,0,1,0,Response,,,,,,,,1.1,1.1,168.0,168.0,56.0
SV022,L,329,2,0,1,1,0,Response,,,,,,,,1.5,1.5,1090.0,1090.0,240.0
SV022,L,330,2,0,0,1,0,Response,1961.7,1961.7,1313.1,1313.1,635.0,635.0,28.0,2.1,2.9,145.5,179.0,20.0
SV022,L,331,3,2,0,1,2,Response,1907.1,1907.1,801.4,801.4,695.0,695.0,172.0,1.2,1.5,426.5,749.0,118.0
SV022,L,332,2,0,0,1,0,Response,1869.5,1869.5,947.0,947.0,748.0,748.0,332.0,0.55,0.7,413.5,773.0,84.0
SV022,L,333,3,2,1,1,2,Response,,,,,,,,1.9,1.9,552.0,552.0,368.0
SV022,L,334,3,2,0,1,2,Response,,,,,,,,,,,,
SV022,L,335,3,3,0,0,3,Response,1915.7,1915.7,853.2,853.2,694.0,694.0,324.0,0.95,1.4,408.5,716.0,122.0
SV022,L,336,3,3,0,0,3,Response,,,,,,,,,,,,
SV022,L,337,3,3,1,1,3,Response,,,,,,,,1.1,1.1,933.0,933.0,280.0
SV022,L,338,2,0,0,1,0,Response,,,,,,,,,,,,
SV022,L,339,2,2,1,1,2,Response,1890.5,1890.5,867.0,867.0,850.0,850.0,520.0,1.15,1.3,161.0,230.0,46.0
SV022,L,340,2,2,0,0,2,Response,,,,,,,,0.8,0.8,898.0,898.0,216.0
SV022,L,341,2,2,1,0,2,Response,,,,,,,,0.5,0.5,791.0,791.0,296.0
SV022,L,342,2,0,1,0,0,Response,,,,,,,,1.8,1.8,720.0,720.0,224.0
SV022,L,343,3,0,1,1,0,Response,,,,,,,,0.7,0.7,69.0,69.0,16.0
SV022,L,344,2,0,1,0,0,Response,,,,,,,,,,,,
SV022,L,345,3,0,1,0,0,Response,1932.1,1932.1,991.8,991.8,779.0,779.0,40.0,2.2,2.2,454.5,805.0,114.0
SV022,L,346,3,0,0,1,0,Response,,,,,,,,0.4,0.4,442.0,442.0,120.0
SV022,L,347,2,2,0,0,2,Response,1965.3,1965.3,938.4,938.4,924.0,924.0,248.0,1.2999999999999998,1.9,394.0,726.0,100.0
SV022,L,348,2,3,1,0,3,Response,1914.8,1914.8,980.8,980.8,900.0,900.0,80.0,0.85,1.0,478.5,895.0,184.0
SV022,L,349,2,0,0,1,0,Response,,,,,,,,4.4,4.4,897.0,897.0,500.0
SV022,L,350,3,0,1,1,0,Response,1530.85,1744.8,1891.35,2118.9,160.0,256.0,32.0,13.633333333333333,19.1,309.6666666666667,714.0,90.66666666666667
SV022,L,351,2,3,0,1,3,Response,,,,,,,,,,,,
SV022,L,352,2,2,0,1,2,Response,,,,,,,,,,,,
SV022,L,353,2,3,1,1,3,Response,,,,,,,,3.7,3.7,600.0,600.0,348.0
SV022,L,354,2,2,0,0,2,Response,1616.1,1935.3,1545.7,2065.8,364.0,673.0,126.0,9.866666666666667,18.5,526.3333333333334,886.0,100.0
SV022,L,355,3,2,0,1,2,Response,,,,,,,,,,,,
SV022,L,356,2,0,1,1,0,Response,,,,,,,,1.5,1.5,840.0,840.0,240.0
SV022,L,357,2,2,1,1,2,Response,,,,,,,,,,,,
SV022,L,358,3,2,1,0,2,Response,,,,,,,,0.2,0.2,349.0,349.0,88.0
SV022,L,359,3,2,1,0,2,Response,,,,,,,,0.7,0.7,893.0,893.0,304.0
SV022,L,360,2,2,1,1,2,Response,2018.9599999999998,2283.0,1001.6200000000001,1640.9,714.8,805.0,583.2,6.316666666666666,9.1,539.1666666666666,933.0,111.33333333333333
SV022,L,361,2,2,1,1,2,Response,,,,,,,,1.2,1.2,830.0,830.0,152.0
SV022,L,362,2,2,0,0,2,Response,2002.7,2002.7,935.1,935.1,871.0,871.0,484.0,0.8,0.8,74.0,74.0,16.0
SV022,L,363,3,3,1,0,3,Response,,,,,,,,1.0,1.0,84.0,84.0,16.0
SV022,L,364,2,0,1,0,0,Response,,,,,,,,0.5,0.5,62.0,62.0,12.0
SV022,L,365,2,0,1,1,0,Response,,,,,,,,,,,,
SV022,L,366,3,2,0,0,2,Response,,,,,,,,0.9,0.9,60.0,60.0,20.0
SV022,L,367,2,3,1,1,3,Response,,,,,,,,1.5,1.5,88.0,88.0,24.0
SV022,L,368,2,3,1,0,3,Response,,,,,,,,1.8,1.8,125.0,125.0,20.0
SV022,L,369,3,3,0,0,2,Response,,,,,,,,1.4,1.4,76.0,76.0,24.0
SV022,L,370,3,0,0,0,0,Response,,,,,,,,1.6,1.6,79.0,79.0,28.0
SV022,L,371,3,0,1,1,0,Response,,,,,,,,1.4,1.4,644.0,644.0,252.0
SV022,L,372,3,3,0,0,3,Response,,,,,,,,0.9,0.9,67.0,67.0,20.0
SV022,L,373,3,3,1,0,3,Response,,,,,,,,0.7,0.7,64.0,64.0,16.0
SV022,L,374,2,0,1,1,0,Response,1981.55,2123.2,870.15,893.3,682.5,688.0,638.0,0.7666666666666666,1.2,65.0,85.0,16.0
SV022,L,375,2,2,1,1,2,Response,,,,,,,,1.6,1.6,114.0,114.0,20.0
SV022,L,376,2,0,0,0,0,Response,1897.9,1897.9,834.7,834.7,657.0,657.0,392.0,1.2000000000000002,1.6,80.0,90.0,20.0
SV022,L,377,2,0,1,1,0,Response,,,,,,,,1.1,1.1,74.0,74.0,20.0
SV022,L,378,3,3,0,1,3,Response,,,,,,,,2.4,2.4,143.0,143.0,24.0
SV022,L,379,3,0,0,1,0,Response,1814.0,1814.0,841.0,841.0,678.0,678.0,236.0,1.15,1.5,77.0,83.0,20.0
SV022,L,380,2,3,1,0,3,Response,1910.8,1910.8,1045.6,1045.6,710.0,710.0,732.0,1.0,1.5,81.0,102.0,16.0
SV022,L,381,2,3,0,1,3,Response,,,,,,,,0.5,0.5,61.0,61.0,12.0
SV022,L,382,3,2,1,0,2,Response,,,,,,,,0.8,0.8,69.0,69.0,16.0
SV022,L,383,3,0,0,1,0,Response,1708.9,1708.9,1965.2,1965.2,234.0,234.0,44.0,9.4,11.5,369.5,435.0,78.0
SV022,L,384,2,3,0,0,3,Response,,,,,,,,0.5,0.5,61.0,61.0,12.0
SV022,L,385,3,0,0,1,0,Response,,,,,,,,3.2,3.2,694.0,694.0,328.0
SV022,L,386,3,0,1,1,0,Response,1936.3,1936.3,952.0,952.0,713.0,713.0,1320.0,1.75,2.4,272.0,468.0,82.0
SV022,L,387,2,3,0,1,3,Response,,,,,,,,,,,,
SV022,L,388,3,2,0,1,2,Response,,,,,,,,1.0,1.0,67.0,67.0,20.0
SV022,L,389,3,3,0,0,3,Response,,,,,,,,,,,,
SV022,L,390,2,0,0,0,0,Response,,,,,,,,,,,,
SV022,L,391,3,3,1,1,3,Response,1961.2,1961.2,686.2,686.2,734.0,734.0,644.0,1.6,1.6,89.0,89.0,24.0
SV022,L,392,2,3,0,0,3,Response,,,,,,,,,,,,
SV022,L,393,2,3,0,0,3,Response,,,,,,,,3.5,3.5,154.0,154.0,32.0
SV022,L,394,2,3,1,0,3,Response,,,,,,,,0.8,0.8,641.0,641.0,248.0
SV022,L,395,2,2,0,1,2,Response,,,,,,,,4.4,4.4,787.0,787.0,172.0
SV022,L,396,2,3,1,1,3,Response,1911.65,1985.1,1307.3,1672.0,499.5,757.0,32.0,5.1000000000000005,8.3,179.0,289.0,37.333333333333336
SV022,L,397,3,2,1,0,2,Response,,,,,,,,1.6,1.6,85.0,85.0,24.0
SV022,L,398,3,2,1,1,2,Response,2005.5,2005.5,849.6,849.6,781.0,781.0,36.0,1.35,1.5,541.5,1003.0,102.0
SV022,L,399,3,0,1,1,0,Response,,,,,,,,0.7,0.7,541.0,541.0,424.0
SV022,L,400,3,3,1,0,3,Response,,,,,,,,1.2,1.2,981.0,981.0,412.0
SV022,L,401,2,2,1,0,2,Response,,,,,,,,3.6,3.6,792.0,792.0,184.0
SV022,L,402,2,3,1,1,3,Response,,,,,,,,1.8,1.8,649.0,649.0,144.0
SV022,L,403,2,0,0,1,0,Response,2081.7,2081.7,612.8,612.8,702.0,702.0,504.0,4.5,5.7,502.5,846.0,106.0
SV022,L,404,2,3,0,0,3,Response,,,,,,,,3.7,3.7,935.0,935.0,300.0
SV022,L,405,2,0,1,0,0,Response,2174.0,2174.0,855.9,855.9,668.0,668.0,24.0,1.55,2.6,458.5,856.0,152.0
SV022,L,406,3,0,0,0,0,Response,1836.7,1836.7,703.6,703.6,759.0,759.0,424.0,3.8,3.9,149.5,152.0,34.0
SV022,L,407,2,0,1,0,0,Response,,,,,,,,,,,,
SV022,L,408,3,0,1,1,0,Response,1929.0500000000002,1962.2,475.7,497.7,736.0,761.0,564.0,3.266666666666667,4.2,632.3333333333334,988.0,133.33333333333334
SV022,L,409,3,2,1,0,2,Response,,,,,,,,1.2,1.2,87.0,87.0,20.0
SV022,L,410,3,0,0,1,0,Response,,,,,,,,1.3,1.3,378.0,378.0,88.0
SV022,L,411,3,2,0,0,2,Response,,,,,,,,1.6,1.6,89.0,89.0,24.0
SV022,L,412,3,0,0,1,0,Response,,,,,,,,0.7,0.7,59.0,59.0,16.0
SV022,L,413,3,0,0,0,0,Response,,,,,,,,0.7,0.7,59.0,59.0,16.0
SV022,L,414,3,2,0,0,2,Response,,,,,,,,,,,,
SV022,L,415,3,0,1,1,0,Response,1204.1,1204.1,2573.9,2573.9,43.0,43.0,40.0,16.75,19.4,485.0,582.0,80.0
SV022,L,416,3,3,0,1,3,Response,2093.3,2093.3,892.4,892.4,753.0,753.0,196.0,0.45,0.5,55.5,57.0,12.0
SV022,L,417,3,2,1,0,2,Response,,,,,,,,0.8,0.8,66.0,66.0,16.0
SV022,L,418,2,2,1,1,2,Response,,,,,,,,,,,,
SV022,L,419,3,0,1,0,0,Response,,,,,,,,1.2,1.2,83.0,83.0,20.0
SV022,L,420,2,3,0,0,3,Response,,,,,,,,1.2,1.2,79.0,79.0,20.0
SV022,L,421,2,0,1,1,0,Response,,,,,,,,0.6,0.6,771.0,771.0,472.0
SV022,L,422,3,3,1,0,3,Response,,,,,,,,2.9,2.9,436.0,436.0,388.0
SV022,L,423,2,3,1,0,3,Response,,,,,,,,1.1,1.1,75.0,75.0,20.0
SV022,L,424,3,2,0,0,2,Response,,,,,,,,1.4,1.4,459.0,459.0,128.0
SV022,L,425,2,3,0,1,3,Response,1942.7,1942.7,750.1,750.1,808.0,808.0,432.0,2.3,3.8,107.0,144.0,26.0
SV022,L,426,3,0,0,0,0,Response,,,,,,,,0.6,0.6,549.0,549.0,208.0
SV022,L,427,2,3,0,1,3,Response,1815.4,1815.4,924.4,924.4,738.0,738.0,160.0,1.65,2.1,757.5,776.0,204.0
SV022,L,428,2,3,0,0,3,Response,1857.6999999999998,1982.8,1350.0,1881.4,535.0,808.0,136.0,6.133333333333333,9.2,226.66666666666666,299.0,48.0
SV022,L,429,3,2,1,1,2,Response,,,,,,,,,,,,
SV022,L,430,3,2,1,0,2,Response,,,,,,,,2.0,2.0,422.0,422.0,128.0
SV022,L,431,2,2,0,1,2,Response,1927.7,1927.7,672.5,672.5,653.0,653.0,336.0,3.1,3.7,170.0,193.0,26.0
SV022,L,432,3,2,1,1,2,Response,1894.8,1894.8,1061.1,1061.1,678.0,678.0,260.0,1.5,2.1,981.5,1072.0,194.0
SV022,L,433,3,0,0,0,0,Response,,,,,,,,,,,,
SV022,L,434,3,0,1,0,0,Response,1805.9,1805.9,957.0,957.0,781.0,781.0,252.0,1.85,3.1,99.0,117.0,22.0
SV022,L,435,3,2,1,0,2,Response,,,,,,,,,,,,
SV022,L,436,3,2,0,1,2,Response,,,,,,,,,,,,
SV022,L,437,3,0,1,0,0,Response,,,,,,,,0.9,0.9,77.0,77.0,16.0
SV022,L,438,3,2,0,0,2,Response,,,,,,,,0.4,0.4,53.0,53.0,12.0
SV022,L,439,3,0,0,1,0,Response,,,,,,,,,,,,
SV022,L,440,2,2,0,0,2,Response,1944.0,1944.0,1065.5,1065.5,858.0,858.0,200.0,1.55,2.2,339.5,599.0,94.0
SV022,L,441,2,2,0,1,2,Response,1416.3,1416.3,2807.1,2807.1,91.0,91.0,28.0,18.450000000000003,19.3,561.5,688.0,86.0
SV022,L,442,2,0,1,1,2,Response,,,,,,,,,,,,
SV022,L,443,3,2,0,1,2,Response,1967.7,1967.7,952.1,952.1,875.0,875.0,284.0,1.4,2.4,164.5,274.0,68.0
SV022,L,444,3,2,1,1,2,Response,,,,,,,,0.6,0.6,55.0,55.0,16.0
SV022,L,445,3,3,1,0,3,Response,,,,,,,,0.7,0.7,58.0,58.0,16.0
SV022,L,446,2,3,0,0,3,Response,1930.0,1930.0,969.6,969.6,887.0,887.0,132.0,2.4,4.3,318.5,574.0,178.0
SV022,L,447,2,2,0,1,2,Response,1979.1,2039.5,1213.85,1477.9,731.0,845.0,46.0,2.1,4.6,114.66666666666667,184.0,21.333333333333332
SV022,L,448,2,2,0,1,2,Response,,,,,,,,3.7,3.7,699.0,699.0,340.0
SV022,L,449,3,3,1,1,3,Response,,,,,,,,3.7,3.7,907.0,907.0,300.0
SV022,L,450,2,3,0,0,3,Response,,,,,,,,1.2,1.2,746.0,746.0,160.0
SV022,L,451,3,0,0,1,0,Response,1969.4,1969.4,985.6,985.6,814.0,814.0,172.0,0.9,1.0,75.5,84.0,16.0
SV022,L,452,3,2,0,0,2,Response,,,,,,,,,,,,
SV022,L,453,3,2,0,1,2,Response,1790.0,1790.0,981.5,981.5,682.0,682.0,344.0,1.35,1.5,612.5,1143.0,156.0
SV022,L,454,2,3,0,1,3,Response,1983.0,1983.0,946.2,946.2,842.0,842.0,288.0,0.6,0.7,63.0,64.0,14.0
SV022,L,455,3,2,1,1,2,Response,1751.2,1751.2,1036.2,1036.2,687.0,687.0,120.0,1.15,1.8,373.0,678.0,148.0
SV022,L,456,2,3,1,1,3,Response,1985.9,1985.9,1576.9,1576.9,615.0,615.0,32.0,4.65,6.4,200.5,286.0,36.0
SV022,L,457,2,0,1,0,0,Response,,,,,,,,0.5,0.5,63.0,63.0,12.0
SV022,L,458,3,3,1,1,3,Response,1948.5,1948.5,1020.5,1020.5,769.0,769.0,172.0,1.55,2.7,753.5,1452.0,94.0
SV022,L,459,2,2,1,0,2,Response,,,,,,,,1.8,1.8,154.0,154.0,44.0
SV022,L,460,2,0,0,0,0,Response,,,,,,,,0.3,0.3,451.0,451.0,92.0
SV022,L,461,3,2,0,0,2,Response,,,,,,,,1.6,1.6,1129.0,1129.0,152.0
SV022,L,462,3,3,0,1,3,Response,1851.5,1851.5,898.3,898.3,889.0,889.0,396.0,1.55,2.5,293.0,511.0,78.0
SV022,L,463,2,2,1,1,2,Response,,,,,,,,3.6,3.6,325.0,325.0,160.0
SV022,L,464,3,0,0,1,0,Response,,,,,,,,0.7,0.7,282.0,282.0,96.0
SV022,L,465,2,2,1,0,2,Response,,,,,,,,2.7,2.7,811.0,811.0,252.0
SV022,L,466,3,2,1,1,2,Response,,,,,,,,0.2,0.2,658.0,658.0,212.0
SV022,L,467,3,0,0,0,0,Response,1913.7,1913.7,1072.9,1072.9,900.0,900.0,216.0,1.3,1.3,723.0,723.0,232.0
SV022,L,468,2,2,1,1,2,Response,,,,,,,,1.5,1.5,87.0,87.0,24.0
SV022,L,469,2,0,1,1,0,Response,1915.8,1915.8,624.2,624.2,651.0,651.0,220.0,4.9,5.6,662.0,1104.0,110.0
SV022,L,470,2,0,0,0,0,Response,,,,,,,,2.0,2.0,329.0,329.0,120.0
SV022,L,471,2,3,1,1,3,Response,1806.7,1806.7,1034.2,1034.2,754.0,754.0,272.0,1.8,2.6,431.0,741.0,110.0
SV022,L,472,2,3,0,1,3,Response,1831.25,1905.6,1021.0500000000001,1037.4,779.5,804.0,100.0,0.65,0.8,415.5,773.0,190.0
SV022,L,473,3,2,1,1,2,Response,1710.9,1710.9,1043.8,1043.8,522.0,522.0,88.0,0.95,1.4,410.5,763.0,232.0
SV022,L,474,3,3,1,0,3,Response,,,,,,,,1.8,1.8,94.0,94.0,28.0
SV022,L,475,2,2,0,0,2,Response,,,,,,,,1.3,1.3,622.0,622.0,368.0
SV022,L,476,3,0,0,0,0,Response,,,,,,,,1.1,1.1,761.0,761.0,272.0
SV022,L,477,3,0,1,0,0,Response,1964.8,1964.8,838.9,838.9,797.0,797.0,288.0,1.5,2.7,619.0,801.0,216.0
SV022,L,478,2,3,1,1,3,Response,,,,,,,,3.6,3.6,968.0,968.0,360.0
SV022,L,479,2,3,1,1,3,Response,1762.3,1762.3,872.8,872.8,616.0,616.0,300.0,1.9500000000000002,2.7,464.0,845.0,156.0
SV022,L,480,2,0,0,0,0,Response,1818.6,1818.6,912.4,912.4,737.0,737.0,204.0,2.4,2.4,812.0,812.0,376.0
SV022,R,1,2,0,1,0,3,Response,1502.2607142857144,3270.0,1526.9464285714287,2891.2,783.7857142857143,1068.0,612.4285714285714,6.910714285714286,21.3,348.39285714285717,978.0,73.85714285714286
SV022,R,2,2,3,1,1,3,Response,2721.9874999999997,3150.5,1511.1125,2385.9,937.5416666666666,1101.0,921.8333333333334,3.912,13.5,348.6,763.0,102.72
SV022,R,3,3,3,1,0,3,Response,988.04,1283.6,1538.5,1913.2,884.4,969.0,1582.4,3.5666666666666664,10.6,133.5,232.0,30.0
SV022,R,4,2,2,1,1,3,Response,2762.775,3146.6,1419.9916666666668,1934.6,840.375,960.0,696.3333333333334,4.404,10.9,278.24,847.0,67.68
SV022,R,5,2,2,1,1,3,Response,2519.7599999999998,3071.8,1334.81,1648.1,831.8,892.0,536.4,5.190909090909091,9.9,283.1818181818182,1146.0,63.63636363636363
SV022,R,6,3,0,0,1,3,Response,2780.9947368421053,3179.3,1362.621052631579,1702.8,800.2631578947369,876.0,581.6842105263158,3.505,10.5,236.75,745.0,57.4
SV022,R,7,2,0,0,1,3,Response,3032.1749999999997,3237.1,1321.1916666666666,1570.7,875.5,978.0,794.3333333333334,3.4384615384615387,8.9,190.92307692307693,764.0,47.07692307692308
SV022,R,8,3,3,1,0,3,Response,1823.9125000000001,3109.0,1364.2875,1852.5,835.5,924.0,449.0,4.711111111111111,14.3,399.55555555555554,929.0,101.33333333333333
SV022,R,9,2,2,1,0,3,Response,1262.2,2199.4,1539.2142857142858,2017.3,836.4285714285714,903.0,925.7142857142857,5.2749999999999995,10.2,229.625,839.0,65.0
SV022,R,10,2,2,0,0,3,Response,1206.9666666666667,1936.5,1418.3333333333333,1812.8,804.1666666666666,875.0,736.0,5.485714285714286,11.6,271.57142857142856,812.0,62.285714285714285
SV022,R,11,2,2,1,1,3,Response,2699.1625,3178.5,1418.3375,2020.1,813.75,908.0,590.0,4.066666666666666,8.9,294.0,683.0,76.0
SV022,R,12,3,2,0,0,3,Response,1598.44,1966.0,1436.24,2791.3,817.8,993.0,592.8,5.636363636363637,19.5,395.45454545454544,767.0,92.72727272727273
SV022,R,13,3,2,1,0,3,Response,1201.05,1963.1,1373.45,1472.1,828.75,869.0,1155.0,4.4399999999999995,9.4,452.2,1170.0,111.2
SV022,R,14,3,0,0,1,3,Response,2790.65,3213.7,1341.85,1647.4,896.25,966.0,735.5,3.077777777777778,10.8,269.0,848.0,90.22222222222223
SV022,R,15,2,2,0,0,3,Response,1001.66,2007.7,1554.1266666666668,2858.4,826.2,1026.0,998.6666666666666,4.8375,23.5,282.875,1023.0,79.0
SV022,R,16,3,3,0,0,3,Response,1555.4599999999998,2054.1,1299.24,1433.6,872.8,925.0,826.4,3.0666666666666664,6.9,160.5,355.0,44.666666666666664
SV022,R,17,2,0,1,1,3,Response,2753.6,3134.0,1507.3666666666668,2039.2,867.8333333333334,1027.0,630.3333333333334,3.707692307692308,8.6,292.84615384615387,673.0,93.53846153846153
SV022,R,18,3,2,0,0,3,Response,1423.125,2021.4,1298.3,1396.4,925.0,973.0,725.0,4.6,6.9,346.4,616.0,108.0
SV022,R,19,2,0,1,0,3,Response,1152.6799999999998,1636.8,1395.48,1475.0,907.2,943.0,609.6,1.8166666666666667,4.7,157.66666666666666,250.0,51.333333333333336
SV022,R,20,3,0,1,0,3,Response,1094.59,1785.2,1379.31,1561.0,814.7,912.0,446.0,2.381818181818182,5.3,171.8181818181818,637.0,34.54545454545455
SV022,R,21,2,0,1,1,3,Response,2920.7599999999998,3205.1,1370.1,1452.0,793.6,932.0,765.6,3.466666666666667,8.9,346.1666666666667,690.0,114.66666666666667
SV022,R,22,3,2,1,0,3,Response,1196.3333333333333,2957.4,1428.175,1518.4,914.4166666666666,1077.0,397.6666666666667,3.661538461538462,14.4,306.2307692307692,764.0,81.53846153846153
SV022,R,23,2,0,0,0,3,Response,933.8333333333334,1001.5,1413.25,1507.1,909.0,969.0,757.3333333333334,1.9571428571428573,9.3,152.28571428571428,552.0,41.142857142857146
SV022,R,24,2,3,0,0,3,Response,1144.35,1800.8,1430.475,1565.9,835.5,887.0,917.0,1.92,6.8,225.6,626.0,75.2
SV022,R,25,2,3,0,0,3,Response,988.4,1312.7,1457.4166666666667,2802.4,915.0833333333334,1042.0,685.3333333333334,3.523076923076923,19.7,200.30769230769232,606.0,84.3076923076923
SV022,R,26,2,2,0,1,3,Response,3001.8875,3182.7,1437.0375,1589.1,907.5,1042.0,1014.0,2.3,7.1,360.1111111111111,1473.0,76.0
SV022,R,27,2,0,0,0,3,Response,1119.4666666666667,2091.5,1354.7666666666667,1449.8,882.0,1020.0,745.3333333333334,3.2285714285714286,10.1,260.85714285714283,589.0,56.0
SV022,R,28,3,3,1,0,3,Response,773.0222222222222,1000.7,1761.8555555555556,3267.8,631.2222222222222,900.0,470.6666666666667,4.49,20.5,249.3,559.0,60.4
SV022,R,29,3,3,1,0,3,Response,1050.6714285714286,1312.3,1398.3999999999999,1514.1,913.1428571428571,1015.0,550.8571428571429,1.2625,3.1,208.375,578.0,40.0
SV022,R,30,3,2,1,1,3,Response,3094.975,3270.0,1730.8125,2706.5,618.75,867.0,423.5,6.933333333333334,16.4,318.22222222222223,745.0,84.0
SV022,R,31,2,2,1,0,3,Response,1116.3916666666667,1923.3,1536.3333333333333,3243.9,758.1666666666666,902.0,443.6666666666667,4.1692307692307695,20.0,325.6923076923077,722.0,113.53846153846153
SV022,R,32,3,3,1,1,3,Response,3173.92,3268.5,1333.72,1376.3,773.0,837.0,698.4,2.9333333333333336,8.3,363.5,735.0,139.33333333333334
SV022,R,33,3,3,0,1,3,Response,3110.8,3110.8,1355.7,1355.7,756.0,756.0,1332.0,2.4,3.6,352.0,617.0,90.0
SV022,R,34,2,0,0,1,2,Response,3120.975,3270.0,1834.35,3181.5,550.5,770.0,678.0,7.919999999999999,19.4,232.6,566.0,52.0
SV022,R,35,3,2,0,1,2,Response,3166.125,3270.0,1859.2,3248.4,622.5,861.0,694.0,8.86,20.7,502.0,1208.0,100.0
SV022,R,36,3,3,0,0,3,Response,948.6857142857143,984.5,1346.9285714285713,1455.2,794.7142857142857,875.0,1262.2857142857142,0.875,1.5,78.25,131.0,15.5
SV022,R,37,3,0,1,0,3,Response,1055.3,1626.9,1479.1100000000001,1809.1,747.4,822.0,474.4,1.718181818181818,4.9,214.1818181818182,655.0,48.72727272727273
SV022,R,38,2,3,0,0,3,Response,838.6428571428571,946.8,1607.185714285714,2963.1,658.5714285714286,839.0,542.2857142857143,5.1875,17.4,294.25,668.0,76.5
SV022,R,39,2,3,0,0,3,Response,905.75,965.6,1369.375,1560.0,670.5,691.0,909.0,1.28,3.7,109.0,258.0,31.2
SV022,R,40,2,0,1,1,2,Response,2955.375,3071.8,1399.7250000000001,1448.9,781.25,830.0,713.0,2.3600000000000003,6.2,372.4,786.0,98.4
SV022,R,41,2,3,0,1,2,Response,3105.2799999999997,3193.4,1396.8200000000002,1508.8,652.2,714.0,642.4,1.5666666666666667,4.2,103.66666666666667,180.0,19.333333333333332
SV022,R,42,2,2,0,0,2,Response,943.4,953.8,1342.0500000000002,1384.7,724.0,763.0,1110.0,1.4000000000000001,3.0,111.33333333333333,185.0,16.0
SV022,R,43,3,2,1,0,2,Response,883.86,1139.1,1571.98,2380.6,671.4,796.0,527.6,3.6,12.5,399.3636363636364,1533.0,85.81818181818181
SV022,R,44,2,2,0,0,2,Response,842.1999999999999,885.5,1391.6333333333332,1458.6,727.3333333333334,779.0,742.6666666666666,0.925,1.0,81.0,91.0,16.0
SV022,R,45,3,3,0,0,3,Response,965.6666666666666,1043.6,1341.6333333333334,1449.7,893.5,979.0,941.6666666666666,1.0846153846153845,3.3,191.6153846153846,1003.0,46.15384615384615
SV022,R,46,2,2,0,0,2,Response,860.9285714285714,1042.2,1637.1714285714286,2826.6,800.0,975.0,476.57142857142856,4.5625,16.6,314.625,784.0,107.5
SV022,R,47,2,0,1,0,3,Response,1146.5833333333333,3270.0,1467.2277777777776,2163.6,736.7222222222222,834.0,440.22222222222223,5.042105263157895,20.5,454.4736842105263,2382.0,138.73684210526315
SV022,R,48,2,2,0,1,2,Response,3148.1,3148.1,1216.3,1216.3,846.0,846.0,1252.0,2.35,3.0,457.5,774.0,102.0
SV022,R,49,2,3,1,0,3,Response,870.275,997.1,1444.425,1475.1,865.75,928.0,1209.0,1.1,1.8,213.4,741.0,35.2
SV022,R,50,2,2,1,1,2,Response,3057.2999999999997,3097.5,1378.1333333333332,1392.2,832.0,882.0,921.3333333333334,1.4,2.3,355.0,716.0,101.0
SV022,R,51,3,2,0,1,2,Response,3122.3625,3270.0,1444.9375,2989.4,743.25,944.0,394.5,5.433333333333334,20.3,535.0,2537.0,95.11111111111111
SV022,R,52,3,0,1,0,2,Response,887.9285714285714,1853.8,1544.314285714286,3206.8,660.7142857142857,813.0,465.7142857142857,7.800000000000001,20.6,280.75,677.0,54.5
SV022,R,53,2,2,0,0,2,Response,889.5500000000001,1379.0,1367.2571428571428,2955.6,676.0714285714286,1007.0,199.42857142857142,6.266666666666667,31.5,450.53333333333336,1750.0,204.8
SV022,R,54,3,0,0,1,2,Response,3050.1,3050.1,1513.3,1513.3,626.0,626.0,1908.0,1.1,1.4,83.5,95.0,18.0
SV022,R,55,2,2,0,1,2,Response,3002.4714285714285,3129.2,1353.7142857142858,1498.7,718.5714285714286,830.0,668.5714285714286,1.875,4.6,116.25,212.0,21.5
SV022,R,56,2,3,1,1,3,Response,3044.9,3044.9,1356.3,1356.3,676.0,676.0,2364.0,1.2000000000000002,1.3,91.5,108.0,18.0
SV022,R,57,3,2,1,0,2,Response,815.575,839.6,1861.8000000000002,2414.5,631.0,847.0,523.0,7.7,10.6,321.2,593.0,82.4
SV022,R,58,3,0,1,0,2,Response,,,,,,,,0.9,0.9,77.0,77.0,16.0
SV022,R,59,2,0,1,0,2,Response,788.3,835.0,1475.0500000000002,1478.9,719.5,731.0,1280.0,1.866666666666667,4.4,113.66666666666667,221.0,20.0
SV022,R,60,3,0,0,0,2,Response,1701.703125,3270.0,1312.2125,1883.9,795.875,960.0,474.0,6.23125,19.9,404.03125,1204.0,103.375
SV022,R,61,2,2,1,1,2,Response,3107.94,3270.0,1774.98,3190.3,638.4,840.0,710.4,7.533333333333334,20.1,333.8333333333333,633.0,60.666666666666664
SV022,R,62,3,0,0,1,2,Response,3149.6499999999996,3155.7,1354.0,1379.9,838.0,879.0,1996.0,2.6666666666666665,3.4,350.3333333333333,585.0,124.0
SV022,R,63,3,0,0,1,2,Response,3166.133333333333,3201.8,1326.5,1438.7,803.0,832.0,944.0,2.5,5.6,333.0,738.0,105.0
SV022,R,64,3,2,0,0,2,Response,939.1833333333334,986.0,1588.6000000000001,2421.5,851.3333333333334,930.0,701.3333333333334,4.271428571428571,11.6,195.0,466.0,40.57142857142857
SV022,R,65,2,3,0,1,2,Response,3060.9874999999997,3197.8,1573.6125000000002,3055.8,764.5,907.0,576.5,5.788888888888889,19.0,315.55555555555554,1550.0,41.333333333333336
SV022,R,66,3,0,0,0,2,Response,901.45,937.6,1362.95,1408.4,775.0,858.0,1052.0,1.2,1.4,94.33333333333333,103.0,18.666666666666668
SV022,R,67,3,2,0,0,2,Response,902.95,955.8,1352.1,1467.4,774.5,814.0,925.0,0.72,1.0,73.4,92.0,13.6
SV022,R,68,2,3,1,0,3,Response,1069.7199999999998,1189.8,1424.8600000000001,1669.1,814.2,886.0,1137.6,1.0666666666666667,2.0,85.5,109.0,16.666666666666668
SV022,R,69,2,2,0,0,2,Response,842.58,984.7,1574.68,2768.3,760.0666666666667,912.0,699.4666666666667,5.3125,15.5,476.4375,3270.0,84.0
SV022,R,70,3,3,1,1,3,Response,3085.557142857143,3254.0,1318.2,1389.0,713.1428571428571,845.0,507.42857142857144,2.9625,8.5,278.5,761.0,209.0
SV022,R,71,3,3,1,1,2,Response,3044.625,3109.8,1708.375,2782.2,573.25,817.0,805.0,6.7,16.6,428.2,1053.0,81.6
SV022,R,72,3,0,1,1,3,Response,3075.5,3125.6,1303.0,1306.7,766.6666666666666,782.0,658.6666666666666,2.75,9.4,194.75,614.0,77.0
SV022,R,73,3,3,1,0,2,Response,842.6600000000001,936.8,1523.6,2105.5,633.6,703.0,1085.6,3.1833333333333336,8.1,133.33333333333334,308.0,28.666666666666668
SV022,R,74,2,3,0,1,2,Response,3145.175,3270.0,1739.625,2822.4,524.5,700.0,609.0,8.66,15.6,468.0,804.0,176.8
SV022,R,75,2,0,0,0,3,Response,671.0600000000001,843.5,1687.02,2636.4,467.0,691.0,578.4,7.0,15.0,178.66666666666666,272.0,56.666666666666664
SV022,R,76,3,3,1,0,2,Response,666.6714285714286,885.5,1520.6714285714286,1930.2,535.4285714285714,684.0,416.57142857142856,2.6125,5.0,122.0,190.0,25.5
SV022,R,77,3,3,1,1,3,Response,2956.875,3072.7,1357.4750000000001,1372.4,629.75,705.0,735.0,1.7,3.6,663.0,2719.0,84.8
SV022,R,78,2,3,1,0,3,Response,723.0600000000001,1052.4,1590.34,2647.0,455.4,661.0,411.2,6.083333333333333,15.5,384.5,660.0,164.0
SV022,R,79,2,0,1,1,2,Response,3023.683333333333,3171.0,1369.4333333333334,1419.7,643.0,700.0,447.3333333333333,1.05,2.1,267.3333333333333,689.0,67.33333333333333
SV022,R,80,3,2,1,0,2,Response,812.68,1157.8,1581.6799999999998,2178.1,711.0,807.0,754.4,3.483333333333334,8.4,307.5,702.0,60.666666666666664
SV022,R,81,3,2,0,1,1,Response,2996.0800000000004,3106.8,1536.22,1751.5,690.8,756.0,813.6,2.4833333333333334,7.8,874.8333333333334,3014.0,250.0
SV022,R,82,3,3,0,1,2,Response,3079.2599999999998,3118.5,1340.78,1428.2,696.8,748.0,604.0,3.2,5.7,595.2,903.0,225.6
SV022,R,83,2,2,0,1,1,Response,3170.7,3170.7,1272.7,1272.7,756.0,756.0,612.0,6.9,7.9,456.0,570.0,126.0
SV022,R,84,2,0,1,0,2,Response,715.4,715.4,1377.4,1377.4,672.0,672.0,1024.0,1.2000000000000002,1.3,191.0,289.0,72.0
SV022,R,85,3,2,0,1,2,Response,3097.2,3177.6,1417.25,1474.6,644.5,720.0,497.0,3.1799999999999997,7.8,952.2,1993.0,228.0
SV022,R,86,3,3,1,1,3,Response,3097.1666666666665,3248.5,1418.4222222222222,1780.8,676.7777777777778,751.0,536.8888888888889,2.71,10.2,298.6,805.0,164.8
SV022,R,87,3,3,1,0,3,Response,737.0333333333333,784.7,1688.3999999999999,2041.7,837.6666666666666,924.0,568.0,4.033333333333333,6.3,280.3333333333333,494.0,105.33333333333333
SV022,R,88,3,0,0,1,2,Response,3119.96,3185.1,1335.1399999999999,1445.3,695.8,769.0,413.6,1.8833333333333335,5.8,326.8333333333333,830.0,288.6666666666667
SV022,R,89,2,3,1,0,2,Response,830.2833333333333,987.6,1600.6499999999999,2062.4,644.0,748.0,473.3333333333333,3.457142857142857,7.1,355.2857142857143,783.0,188.57142857142858
SV022,R,90,2,0,1,1,2,Response,3110.075,3179.8,1440.4,1540.2,650.75,811.0,363.0,2.72,4.7,334.6,695.0,130.4
SV022,R,91,2,3,1,1,2,Response,3049.3599999999997,3270.0,1651.5,2813.8,555.8,816.0,452.8,6.12,16.6,259.2,561.0,36.8
SV022,R,92,3,0,1,1,2,Response,3140.3,3193.1,1329.75,1338.0,735.0,748.0,974.0,3.2999999999999994,8.7,276.6666666666667,711.0,81.33333333333333
SV022,R,93,2,0,0,0,2,Response,878.3666666666667,905.0,1347.0,1629.8,704.3333333333334,724.0,770.6666666666666,2.175,5.3,426.5,675.0,119.0
SV022,R,94,3,3,1,1,2,Response,2984.4199999999996,3167.7,1613.9,2197.7,624.4,770.0,568.0,4.283333333333333,10.7,239.0,641.0,76.0
SV022,R,95,3,0,1,0,3,Response,853.95,934.5,1504.8,2091.7,775.875,931.0,360.5,2.2666666666666666,6.3,179.88888888888889,576.0,44.0
SV022,R,96,3,2,1,0,2,Response,743.0500000000001,982.6,1709.4833333333333,2713.4,696.5,926.0,649.3333333333334,5.128571428571428,14.7,208.57142857142858,462.0,59.42857142857143
SV022,R,97,2,3,0,1,2,Response,3063.3,3133.9,1490.325,1721.1,580.5,697.0,896.0,2.3600000000000003,4.6,208.0,622.0,64.8
SV022,R,98,2,3,0,1,0,Response,,,,,,,,1.6,1.6,88.0,88.0,24.0
SV022,R,99,2,3,1,0,3,Response,727.7125,1087.3,1917.55,2640.4,660.125,768.0,396.0,6.077777777777778,16.4,262.1111111111111,469.0,145.77777777777777
SV022,R,100,3,2,1,1,2,Response,,,,,,,,3.5,3.5,740.0,740.0,200.0
SV022,R,101,2,0,0,0,2,Response,865.65,900.9,1344.4,1395.8,703.5,761.0,954.0,0.7666666666666666,0.9,73.66666666666667,87.0,14.666666666666666
SV022,R,102,3,0,0,0,3,Response,606.4,956.2,2193.54,2898.1,490.6,783.0,367.2,5.483333333333333,16.9,844.5,3270.0,106.0
SV022,R,103,3,0,1,0,3,Response,761.1666666666666,853.5,1390.6666666666667,1405.7,743.3333333333334,837.0,960.0,0.825,0.9,71.75,78.0,16.0
SV022,R,104,3,3,0,1,2,Response,3218.25,3270.0,2178.8,2950.3,346.0,622.0,408.0,9.566666666666668,14.9,796.6666666666666,1942.0,78.66666666666667
SV022,R,105,2,0,1,1,2,Response,3128.48,3251.8,2061.0,3256.2,519.2,792.0,424.0,5.6000000000000005,20.2,257.0,675.0,30.666666666666668
SV022,R,106,2,2,1,0,2,Response,814.0,814.0,1424.0,1424.0,706.0,706.0,2448.0,0.8,0.9,66.5,73.0,16.0
SV022,R,107,3,2,0,0,2,Response,859.0,919.7,1315.075,1508.2,725.0,810.0,763.0,1.0,1.4,78.6,106.0,17.6
SV022,R,108,2,3,1,0,3,Response,764.53,1097.5,1925.25,2817.4,673.8,797.0,427.6,5.2727272727272725,16.3,210.1818181818182,510.0,96.36363636363636
SV022,R,109,3,0,1,1,2,Response,3024.5,3024.5,1349.8,1349.8,638.0,638.0,2068.0,3.95,7.5,343.0,631.0,178.0
SV022,R,110,3,0,0,1,3,Response,3144.714285714286,3270.0,1575.1142857142856,3052.3,650.1428571428571,842.0,797.7142857142857,5.1625,19.8,177.75,626.0,40.5
SV022,R,111,2,0,0,0,3,Response,871.55,880.5,1318.4,1404.6,754.5,781.0,1654.0,1.1,1.8,84.0,107.0,17.333333333333332
SV022,R,112,3,3,1,1,2,Response,3092.0285714285715,3188.5,1430.9428571428573,1863.2,617.5714285714286,723.0,442.85714285714283,1.8875,4.8,265.625,671.0,174.0
SV022,R,113,2,3,0,0,3,Response,849.6,849.6,1360.3,1360.3,681.0,681.0,972.0,0.55,0.6,277.5,485.0,132.0
SV022,R,114,3,3,0,1,2,Response,3118.5199999999995,3154.7,1266.26,1413.1,693.6,796.0,1483.2,1.2333333333333334,4.0,129.0,447.0,62.0
SV022,R,115,3,3,0,0,3,Response,740.7875,928.9,1587.275,2518.3,578.125,813.0,749.0,4.122222222222223,13.3,152.0,377.0,33.333333333333336
SV022,R,116,2,3,0,0,3,Response,681.1375,892.6,1859.9125,2534.3,508.25,700.0,519.5,5.833333333333333,13.4,250.0,565.0,160.44444444444446
SV022,R,117,2,3,1,0,3,Response,638.0916666666667,1002.6,1455.1583333333335,2781.6,543.0833333333334,696.0,596.3333333333334,3.3000000000000003,15.7,161.91666666666666,357.0,87.0
SV022,R,118,2,2,0,1,2,Response,2954.05,3134.6,1490.0,1561.0,574.5,583.0,166.0,2.4333333333333336,4.7,314.6666666666667,752.0,378.6666666666667
SV022,R,119,2,0,1,1,3,Response,3110.3333333333335,3192.7,1315.7,1382.4,572.0,654.0,429.3333333333333,1.5666666666666667,2.6,251.66666666666666,570.0,81.33333333333333
SV022,R,120,2,3,0,1,2,Response,3046.8,3064.2,1560.55,1561.3,617.5,682.0,996.0,1.4666666666666668,2.1,357.0,887.0,74.66666666666667
SV022,R,121,2,3,1,1,2,Response,3030.65,3068.1,1341.225,1382.4,640.5,768.0,1116.0,1.6600000000000001,3.9,682.4,1840.0,118.4
SV022,R,122,3,3,0,0,3,Response,825.7,847.6,1510.45,1589.0,604.0,659.0,912.0,1.0,1.3,113.0,187.0,32.0
SV022,R,123,3,3,0,0,3,Response,863.0,914.0,1340.175,1394.2,600.0,670.0,784.0,0.76,1.4,426.6,613.0,125.6
SV022,R,124,3,3,1,1,2,Response,3011.5,3157.2,1599.45,3125.8,603.875,795.0,595.0,5.844444444444445,19.5,356.44444444444446,998.0,65.33333333333333
SV022,R,125,2,0,1,0,2,Response,742.35,831.2,1473.1,1489.3,587.0,603.0,1044.0,0.9,1.4,78.66666666666667,103.0,16.0
SV022,R,126,3,0,1,1,2,Response,3115.2333333333336,3157.6,1503.2,1575.6,759.0,798.0,638.6666666666666,0.8,1.2,70.0,91.0,16.0
SV022,R,127,2,3,0,0,2,Response,841.9,841.9,1373.3,1373.3,608.0,608.0,1132.0,0.75,0.8,133.0,204.0,50.0
SV022,R,128,3,3,0,0,3,Response,767.6,767.6,1539.9,1539.9,628.0,628.0,1256.0,0.5,0.5,56.0,56.0,12.0
SV022,R,129,2,3,1,1,2,Response,3075.4,3182.0,1406.5,1442.0,669.8,760.0,1092.0,1.8333333333333333,5.1,283.0,700.0,129.33333333333334
SV022,R,130,3,0,0,0,2,Response,927.4,936.3,1319.1333333333332,1403.1,733.6666666666666,765.0,725.3333333333334,1.0,1.7,324.5,558.0,163.0
SV022,R,131,2,3,0,1,2,Response,3124.422222222222,3221.4,1597.0555555555557,2748.0,672.0,812.0,606.6666666666666,3.5799999999999996,15.0,226.2,772.0,47.6
SV022,R,132,2,2,1,0,2,Response,735.9,868.3,1529.8166666666666,2149.1,618.3333333333334,717.0,464.0,2.557142857142857,8.3,163.14285714285714,332.0,40.57142857142857
SV022,R,133,3,0,1,0,2,Response,895.4,1025.3,1396.775,1457.8,665.25,735.0,917.0,0.64,1.1,176.6,582.0,46.4
SV022,R,134,3,3,0,1,2,Response,3138.44,3179.2,1401.8,1466.4,808.4,869.0,854.4,3.3000000000000003,6.9,427.5,673.0,126.0
SV022,R,135,3,2,0,1,2,Response,3113.62,3162.3,1311.1,1459.6,761.2,803.0,558.4,2.3333333333333335,3.9,449.0,1369.0,173.33333333333334
SV022,R,136,2,0,0,1,1,Response,3095.3,3095.3,1403.0,1403.0,712.0,712.0,2152.0,1.5999999999999999,2.3,107.0,133.0,20.0
SV022,R,137,2,3,0,1,1,Response,,,,,,,,1.5,1.5,105.0,105.0,20.0
SV022,R,138,2,2,1,1,2,Response,3043.5,3068.2,1375.8,1463.5,775.0,808.0,1265.3333333333333,4.175,6.6,522.75,735.0,208.0
SV022,R,139,3,2,1,1,2,Response,,,,,,,,7.7,7.7,213.0,213.0,48.0
SV022,R,140,3,2,1,1,2,Response,2981.95,3008.6,1345.6999999999998,1363.1,777.0,876.0,856.0,2.6,3.8,223.0,518.0,77.33333333333333
SV022,R,141,3,0,1,0,2,Response,608.28,1043.4,1758.8200000000002,2488.3,665.8,830.0,211.2,4.233333333333333,10.9,191.33333333333334,361.0,40.666666666666664
SV022,R,142,2,0,0,0,2,Response,,,,,,,,0.6,0.6,71.0,71.0,12.0
SV022,R,143,3,0,0,1,1,Response,3141.1,3141.1,1249.1,1249.1,720.0,720.0,1244.0,2.55,4.6,92.5,129.0,30.0
SV022,R,144,2,3,0,1,1,Response,,,,,,,,,,,,
SV022,R,145,2,0,1,1,2,Response,3075.4,3116.4,1204.25,1215.5,787.5,794.0,1236.0,1.9333333333333336,4.7,76.66666666666667,117.0,26.666666666666668
SV022,R,146,2,2,0,0,2,Response,823.975,890.6,1292.425,1331.6,802.75,872.0,949.0,0.7,0.7,30.0,87.0,36.8
SV022,R,147,3,0,1,1,2,Response,3027.8,3090.7,1276.35,1312.6,717.0,807.0,546.0,3.5,9.2,43.333333333333336,66.0,26.666666666666668
SV022,R,148,3,0,0,0,2,Response,737.9399999999999,1098.6,1770.5099999999998,2989.4,651.5,900.0,387.2,4.86,18.1,133.4,439.0,60.8
SV022,R,149,3,3,1,0,3,Response,880.65,901.5,1302.95,1323.0,703.5,770.0,746.0,0.8666666666666666,1.2,46.666666666666664,78.0,29.333333333333332
SV022,R,150,3,3,0,1,1,Response,3153.0714285714284,3270.0,2087.1428571428573,3029.9,422.2857142857143,753.0,491.42857142857144,10.142857142857142,18.0,274.0,488.0,101.14285714285714
SV022,R,151,2,2,1,1,2,Response,3112.6,3270.0,1723.2714285714285,2901.1,575.2857142857143,763.0,405.14285714285717,5.257142857142857,18.1,256.0,659.0,82.85714285714286
SV022,R,152,2,0,0,1,1,Response,3117.1,3117.1,1306.8,1306.8,647.0,647.0,1044.0,8.1,8.1,0.0,0.0,52.0
SV022,R,153,3,3,0,1,1,Response,3115.066666666667,3178.5,1383.8666666666668,1408.3,684.6666666666666,697.0,1124.0,2.125,4.5,175.5,530.0,94.0
SV022,R,154,3,3,1,0,2,Response,765.4399999999999,939.5,1271.42,1389.8,727.6,800.0,562.4,1.7333333333333334,2.6,67.83333333333333,181.0,28.666666666666668
SV022,R,155,2,2,1,0,2,Response,900.275,994.3,1430.7,1628.6,772.75,882.0,434.0,1.5,2.2,56.0,152.0,35.0
SV022,R,156,3,2,1,0,2,Response,940.1363636363636,1274.3,1857.3818181818183,2951.4,643.1818181818181,799.0,274.90909090909093,4.383333333333334,14.3,180.08333333333334,354.0,39.0
SV022,R,157,2,3,0,1,2,Response,3119.44,3228.4,1341.56,1447.4,610.8,721.0,648.8,2.2333333333333334,9.4,86.83333333333333,219.0,27.333333333333332
SV022,R,158,2,0,0,1,1,Response,3088.1,3117.5,1398.2,1574.2,686.0,718.0,1278.6666666666667,1.625,2.5,178.75,324.0,45.0
SV022,R,159,2,0,0,1,0,Response,3039.5,3039.5,1364.6,1364.6,713.0,713.0,300.0,0.5,0.5,58.5,61.0,12.0
SV022,R,160,3,0,0,0,2,Response,753.3399999999999,826.2,1372.74,1985.1,603.4,675.0,396.8,2.2166666666666663,9.2,95.66666666666667,316.0,37.333333333333336
SV022,R,161,2,3,1,0,2,Response,702.3199999999999,934.9,1628.56,2439.9,577.8,843.0,371.2,4.1499999999999995,12.4,87.83333333333333,260.0,45.333333333333336
SV022,R,162,3,0,1,1,2,Response,,,,,,,,0.5,0.5,59.0,59.0,12.0
SV022,R,163,2,0,1,0,4,Response,812.9333333333334,870.1,1279.1666666666667,1319.2,659.6666666666666,790.0,733.3333333333334,2.275,6.7,97.0,161.0,25.0
SV022,R,164,3,3,0,1,1,Response,3054.55,3068.3,1390.15,1426.9,573.0,592.0,558.0,1.1,1.1,25.666666666666668,77.0,41.333333333333336
SV022,R,165,3,0,1,1,2,Response,2994.5,3045.1,1314.85,1335.8,569.0,573.0,968.0,3.6999999999999997,7.9,108.33333333333333,145.0,42.666666666666664
SV022,R,166,3,2,0,1,2,Response,3118.65,3136.4,1254.9,1323.4,562.0,563.0,1314.0,0.9,1.1,82.0,100.0,16.0
SV022,R,167,3,2,0,0,2,Response,778.2333333333332,834.0,1516.5333333333335,2120.9,503.8333333333333,649.0,618.0,2.1714285714285713,8.9,109.71428571428571,229.0,22.285714285714285
SV022,R,168,2,2,1,0,2,Response,703.85,788.5,1312.1833333333334,1387.3,629.0,770.0,693.3333333333334,0.7000000000000001,0.8,64.28571428571429,70.0,15.428571428571429
SV022,R,169,3,0,0,0,2,Response,,,,,,,,0.8,0.8,71.0,71.0,16.0
SV022,R,170,3,2,0,0,2,Response,774.1999999999999,817.6,1398.3999999999999,1855.4,539.6666666666666,619.0,458.6666666666667,3.9,7.3,119.0,174.0,38.666666666666664
SV022,R,171,2,3,1,1,3,Response,3016.2166666666667,3270.0,1636.6666666666667,2533.4,404.8333333333333,612.0,252.66666666666666,7.814285714285715,13.9,182.85714285714286,388.0,53.714285714285715
SV022,R,172,2,0,1,0,3,Response,573.62,1259.0,1942.42,2944.3,470.4,724.0,520.8,6.666666666666667,17.9,681.0,3270.0,284.6666666666667
SV022,R,173,2,2,1,0,2,Response,683.7428571428571,918.7,1498.042857142857,2474.9,576.0,750.0,421.7142857142857,3.9875000000000003,12.9,542.25,3270.0,62.5
SV022,R,174,3,3,1,1,2,Response,3102.8,3270.0,2033.05,2854.0,409.25,722.0,330.5,4.2625,18.1,230.875,570.0,73.0
SV022,R,175,3,2,0,1,1,Response,3204.75,3270.0,1994.55,2666.7,320.0,559.0,378.0,9.033333333333333,15.3,258.3333333333333,472.0,81.33333333333333
SV022,R,176,3,0,0,0,0,Response,,,,,,,,0.9,0.9,79.0,79.0,16.0
SV022,R,177,3,2,0,1,2,Response,3205.0333333333333,3270.0,1899.4666666666665,2940.5,549.6666666666666,791.0,957.3333333333334,7.7749999999999995,19.9,223.5,555.0,61.0
SV022,R,178,2,2,1,1,2,Response,3113.56,3270.0,1804.94,2984.8,521.8,848.0,451.2,5.34,14.1,603.6,2416.0,85.6
SV022,R,179,3,2,0,0,2,Response,771.98,1021.5,1761.92,3002.5,693.2,942.0,398.4,7.163636363636363,19.3,240.9090909090909,706.0,61.09090909090909
SV022,R,180,3,0,1,1,2,Response,3246.084615384615,3270.0,2663.492307692308,3270.0,160.30769230769232,253.0,146.76923076923077,3.576923076923077,16.1,1194.2307692307693,2827.0,295.0769230769231
SV022,R,181,2,2,0,1,2,Response,3094.7,3094.7,1297.0,1297.0,682.0,682.0,2488.0,5.75,11.1,426.5,800.0,82.0
SV022,R,182,3,0,1,1,2,Response,3086.2,3117.2,2036.95,2699.4,414.0,614.0,744.0,10.4,16.3,1348.0,3270.0,154.66666666666666
SV022,R,183,2,2,0,1,1,Response,3204.133333333333,3270.0,2369.566666666667,3052.0,306.3333333333333,635.0,245.33333333333334,7.525,19.8,645.75,2178.0,53.0
SV022,R,184,2,2,0,0,2,Response,,,,,,,,,,,,
SV022,R,185,2,0,1,0,2,Response,518.025,751.4,2197.475,3122.0,460.5,777.0,354.0,9.08,17.7,213.2,339.0,63.2
SV022,R,186,2,0,0,0,2,Response,,,,,,,,,,,,
SV022,R,187,2,2,1,0,2,Response,625.04,962.3,2183.3599999999997,3009.0,512.6,867.0,243.2,9.783333333333333,17.8,301.6666666666667,507.0,72.0
SV022,R,188,2,2,0,1,2,Response,3003.925,3102.9,1758.4499999999998,2589.3,509.25,715.0,674.0,5.880000000000001,17.0,261.6,513.0,159.2
SV022,R,189,3,2,0,0,2,Response,918.1,918.1,1275.0,1275.0,919.0,919.0,1104.0,0.55,0.6,64.5,73.0,12.0
SV022,R,190,3,0,0,0,3,Response,886.0,888.1,1392.3000000000002,1420.2,879.0,888.0,1550.0,0.7999999999999999,1.2,1138.6666666666667,2908.0,286.6666666666667
SV022,R,191,2,0,1,1,3,Response,2980.366666666667,3069.0,1703.2333333333333,2397.6,602.6666666666666,846.0,676.0,5.425,12.2,203.25,386.0,37.0
SV022,R,192,2,2,1,1,2,Response,3143.2,3270.0,1998.6999999999998,2676.7,431.0,805.0,444.0,8.6,15.1,436.6666666666667,961.0,70.66666666666667
SV022,R,193,2,3,1,1,2,Response,3097.625,3161.6,1741.025,2940.1,593.75,752.0,734.0,10.0,18.3,310.4,533.0,65.6
SV022,R,194,3,2,0,1,2,Response,3156.2,3270.0,2048.6,2489.3,290.8,627.0,213.6,7.2,12.7,446.5,1198.0,47.333333333333336
SV022,R,195,3,2,1,0,2,Response,,,,,,,,0.8,0.8,69.0,69.0,16.0
SV022,R,196,2,3,0,0,3,Response,829.4,829.4,1351.8,1351.8,700.0,700.0,1404.0,0.6,0.7,75.0,88.0,12.0
SV022,R,197,2,3,1,1,2,Response,3092.8,3157.0,1290.35,1305.6,616.0,657.0,436.0,1.2666666666666668,2.2,78.66666666666667,99.0,21.333333333333332
SV022,R,198,2,0,0,0,2,Response,,,,,,,,,,,,
SV022,R,199,3,2,1,1,2,Response,3158.75,3270.0,2083.05,2811.8,376.75,823.0,299.0,7.44,12.2,1474.6,2719.0,202.4
SV022,R,200,3,2,1,1,2,Response,2990.38,3065.4,1395.66,1458.5,630.0,818.0,340.0,2.0,4.5,362.1666666666667,707.0,166.66666666666666
SV022,R,201,3,0,0,1,1,Response,3066.2,3066.2,1387.0,1387.0,580.0,580.0,1008.0,2.6,4.8,295.5,538.0,116.0
SV022,R,202,3,0,0,1,2,Response,3086.3,3086.3,1392.7,1392.7,752.0,752.0,484.0,2.7,2.9,159.5,171.0,24.0
SV022,R,203,3,3,0,0,3,Response,781.6142857142858,1162.8,2112.8214285714284,3212.2,561.1428571428571,771.0,302.0,6.714285714285714,19.8,245.85714285714286,586.0,80.28571428571429
SV022,R,204,2,2,1,0,2,Response,601.6666666666666,934.6,1920.8666666666668,3082.7,579.0,800.0,714.6666666666666,13.25,19.8,323.0,547.0,173.0
SV022,R,205,3,3,0,1,2,Response,,,,,,,,1.0,1.0,88.0,88.0,16.0
SV022,R,206,3,2,0,1,2,Response,3160.8,3160.8,1215.7,1215.7,609.0,609.0,1040.0,1.2,1.9,86.0,109.0,18.0
SV022,R,207,3,3,0,0,3,Response,,,,,,,,,,,,
SV022,R,208,3,0,1,0,2,Response,854.3,875.1,1351.85,1397.3,790.0,864.0,2098.0,1.2333333333333334,1.6,93.33333333333333,108.0,18.666666666666668
SV022,R,209,2,0,0,1,1,Response,3084.4,3084.4,1421.1,1421.1,763.0,763.0,1012.0,0.4,0.4,51.0,51.0,12.0
SV022,R,210,2,0,1,0,2,Response,870.1333333333333,1075.2,1208.9666666666667,1231.9,776.6666666666666,806.0,738.6666666666666,0.875,1.2,77.25,92.0,16.0
SV022,R,211,3,2,0,0,2,Response,868.0,868.0,1220.7,1220.7,772.0,772.0,660.0,3.8,6.8,39.5,79.0,34.0
SV022,R,212,3,2,1,1,2,Response,3019.525,3074.7,1412.125,1666.4,780.0,906.0,428.0,1.8399999999999999,4.5,88.4,170.0,30.4
SV022,R,213,2,3,0,0,2,Response,952.4399999999999,1052.2,1339.08,2273.1,785.0,852.0,606.4,5.833333333333333,14.0,161.33333333333334,447.0,76.0
SV022,R,214,2,2,0,1,2,Response,3148.8500000000004,3161.3,1325.0,1393.4,765.5,799.0,2090.0,1.5333333333333332,1.7,24.666666666666668,74.0,42.666666666666664
SV022,R,215,2,0,0,0,2,Response,863.0555555555555,973.4,1421.2777777777778,2483.6,810.3333333333334,892.0,316.0,3.55,14.1,137.3,538.0,84.8
SV022,R,216,2,3,1,1,2,Response,3115.064705882353,3270.0,1751.1823529411763,3228.9,646.6470588235294,901.0,432.2352941176471,7.033333333333333,22.0,205.5,592.0,151.55555555555554
SV022,R,217,3,3,1,1,2,Response,3020.8142857142857,3270.0,1879.957142857143,3027.3,552.1428571428571,890.0,344.0,5.9125,17.9,162.875,592.0,57.5
SV022,R,218,2,3,1,0,2,Response,796.5600000000001,913.3,1529.8600000000001,1913.1,735.0,853.0,226.4,1.0333333333333334,1.7,76.5,152.0,85.33333333333333
SV022,R,219,3,3,0,0,3,Response,849.8399999999999,913.6,1312.6399999999999,1659.3,757.2,839.0,558.4,2.0333333333333337,4.7,143.5,281.0,48.666666666666664
SV022,R,220,3,2,1,1,2,Response,3159.95,3266.2,2224.15,3270.0,434.25,774.0,274.0,8.74,20.6,231.4,615.0,61.6
SV022,R,221,3,3,1,0,2,Response,644.5142857142857,862.8,1918.8,2761.7,576.4285714285714,919.0,177.71428571428572,4.2875,16.2,137.625,301.0,35.0
SV022,R,222,2,3,0,0,3,Response,820.8,820.8,1246.9,1246.9,963.0,963.0,344.0,0.5,0.5,61.0,61.0,12.0
SV022,R,223,3,0,1,1,2,Response,3030.1,3094.2,1563.6666666666667,1833.5,647.6666666666666,799.0,569.3333333333334,2.35,5.5,116.75,176.0,25.0
SV022,R,224,2,2,1,1,2,Response,3072.2333333333336,3098.9,1463.4666666666665,1728.9,761.0,830.0,958.6666666666666,4.166666666666667,5.2,64.33333333333333,193.0,44.0
SV022,R,225,2,0,0,1,1,Response,3069.6,3069.6,1667.0,1667.0,879.0,879.0,316.0,2.75,2.9,166.5,179.0,24.0
SV022,R,226,2,2,0,1,2,Response,3129.375,3270.0,2091.075,2885.7,465.5,779.0,601.0,5.84,19.0,234.4,572.0,68.8
SV022,R,227,3,3,0,1,2,Response,3132.75,3194.5,1263.15,1267.7,709.0,804.0,972.0,0.55,0.7,56.0,59.0,14.0
SV022,R,228,3,2,1,0,2,Response,790.5999999999999,824.8,1342.4499999999998,1365.6,732.0,842.0,772.0,0.7000000000000001,0.9,34.666666666666664,83.0,81.33333333333333
SV022,R,229,2,2,1,0,2,Response,811.1333333333333,847.4,1318.7666666666667,1336.0,714.6666666666666,764.0,622.6666666666666,0.8250000000000001,1.1,53.0,81.0,25.0
SV022,R,230,3,2,1,1,2,Response,3141.68,3270.0,1779.1,2473.6,400.4,662.0,244.8,5.316666666666666,14.5,175.16666666666666,532.0,197.33333333333334
SV022,R,231,3,0,1,0,3,Response,718.2428571428571,1008.4,1596.185714285714,2412.1,635.5714285714286,793.0,465.7142857142857,6.3625,12.6,226.75,499.0,46.0
SV022,R,232,3,2,1,0,2,Response,709.4,709.4,1219.0,1219.0,693.0,693.0,1140.0,0.9,0.9,72.0,82.0,18.0
SV022,R,233,3,2,1,1,2,Response,3179.1666666666665,3249.0,1752.6000000000001,2527.4,472.0,711.0,466.6666666666667,6.325,13.7,256.5,543.0,66.0
SV022,R,234,2,0,0,1,1,Response,3132.1,3173.3,1430.8999999999999,1656.6,709.6666666666666,755.0,850.6666666666666,1.85,3.2,137.5,213.0,18.0
SV022,R,235,3,0,0,0,3,Response,597.6666666666666,904.2,1945.3,2979.9,527.6666666666666,749.0,1114.6666666666667,9.25,17.7,410.0,580.0,186.0
SV022,R,236,2,0,1,1,2,Response,3270.0,3270.0,3052.5,3052.5,66.0,66.0,28.0,17.75,18.6,506.5,606.0,94.0
SV022,R,237,2,0,0,1,1,Response,3043.05,3101.4,1372.1999999999998,1376.8,642.0,702.0,738.0,0.65,0.8,67.0,71.0,14.0
SV022,R,238,2,3,1,1,2,Response,3079.65,3095.5,2018.3000000000002,2708.3,412.0,636.0,1024.0,9.333333333333334,17.5,386.6666666666667,670.0,89.33333333333333
SV022,R,239,2,3,1,0,2,Response,566.4666666666667,864.2,2161.133333333333,3024.4,436.3333333333333,640.0,242.66666666666666,8.525,18.5,318.75,408.0,118.0
SV022,R,240,2,2,0,0,2,Response,607.2,607.2,2389.1,2389.1,321.0,321.0,32.0,8.95,9.0,225.5,288.0,72.0
SV022,R,241,3,0,1,0,1,Response,1623.58,1861.4,1265.6799999999998,1769.6,541.6,761.0,110.8,2.209090909090909,7.6,179.27272727272728,591.0,88.36363636363636
SV022,R,242,2,0,0,0,1,Response,1793.7,1957.0,1127.075,1532.1,660.75,703.0,156.0,3.8200000000000003,11.6,298.4,592.0,103.2
SV022,R,243,3,3,0,1,2,Response,1428.0571428571427,1920.2,1557.95,3157.3,565.0,793.0,174.0,4.42,24.8,414.2,2514.0,116.0
SV022,R,244,2,2,1,0,2,Response,2060.866666666667,2513.7,1277.0333333333335,1484.9,1142.3333333333333,1403.0,64.0,2.6666666666666665,7.1,336.3333333333333,563.0,168.0
SV022,R,245,3,0,1,0,0,Response,1710.8,1710.8,587.4,587.4,751.0,751.0,316.0,8.5,11.3,441.0,661.0,210.0
SV022,R,246,2,0,1,1,0,Response,,,,,,,,,,,,
SV022,R,247,2,3,1,1,2,Response,1823.1833333333334,1951.8,1245.2333333333333,2214.1,783.3333333333334,952.0,494.6666666666667,7.414285714285714,22.0,651.4285714285714,1439.0,212.0
SV022,R,248,3,3,0,1,3,Response,1951.4,1951.4,1051.6,1051.6,922.0,922.0,1932.0,11.8,11.8,611.0,611.0,276.0
SV022,R,249,3,0,1,0,0,Response,2023.025,2298.7,1239.3,1606.1,900.5,962.0,527.0,5.18,8.7,499.4,741.0,156.8
SV022,R,250,3,2,1,0,2,Response,,,,,,,,6.4,6.4,906.0,906.0,264.0
SV022,R,251,2,2,0,0,2,Response,,,,,,,,,,,,
SV022,R,252,3,2,1,1,2,Response,,,,,,,,,,,,
SV022,R,253,3,3,1,1,3,Response,,,,,,,,,,,,
SV022,R,254,2,3,0,1,3,Response,,,,,,,,1.4,1.4,75.0,75.0,24.0
SV022,R,255,3,2,0,1,2,Response,,,,,,,,,,,,
SV022,R,256,3,3,1,0,3,Response,,,,,,,,,,,,
SV022,R,257,2,3,0,0,3,Response,995.975,1810.1,2720.625,3097.9,212.75,528.0,42.0,7.74,23.8,292.0,502.0,41.6
SV022,R,258,3,2,0,0,2,Response,,,,,,,,,,,,
SV022,R,259,2,3,0,0,3,Response,,,,,,,,,,,,
SV022,R,260,3,0,1,0,0,Response,,,,,,,,,,,,
SV022,R,261,3,2,1,0,2,Response,,,,,,,,,,,,
SV022,R,262,3,3,1,0,3,Response,,,,,,,,,,,,
SV022,R,263,3,2,0,1,2,Response,,,,,,,,,,,,
SV022,R,264,3,0,0,0,0,Response,,,,,,,,2.4,2.4,567.0,567.0,204.0
SV022,R,265,2,3,1,0,3,Response,,,,,,,,,,,,
SV022,R,266,3,0,1,0,0,Response,,,,,,,,,,,,
SV022,R,267,2,2,1,0,2,Response,,,,,,,,,,,,
SV022,R,268,2,3,1,1,3,Response,1784.3,1784.3,1035.9,1035.9,864.0,864.0,512.0,2.1,3.3,103.5,134.0,24.0
SV022,R,269,2,0,0,0,0,Response,,,,,,,,,,,,
SV022,R,270,3,3,0,0,3,Response,1840.9,1840.9,1089.8,1089.8,800.0,800.0,372.0,6.3,6.3,684.0,684.0,304.0
SV022,R,271,3,2,1,0,2,Response,,,,,,,,,,,,
SV022,R,272,2,0,0,0,0,Response,,,,,,,,,,,,
SV022,R,273,2,0,0,1,0,Response,,,,,,,,,,,,
SV022,R,274,3,3,1,0,3,Response,,,,,,,,0.5,0.5,64.0,64.0,12.0
SV022,R,275,3,0,0,1,0,Response,1727.1,1727.1,1889.9,1889.9,523.0,523.0,40.0,7.0,11.2,258.0,316.0,38.0
SV022,R,276,2,0,0,0,0,Response,1922.3000000000002,1928.2,1151.1999999999998,1255.3,769.0,831.0,134.0,1.6666666666666667,3.2,476.0,761.0,246.66666666666666
SV022,R,277,3,3,0,0,3,Response,,,,,,,,1.1,1.1,94.0,94.0,16.0
SV022,R,278,3,0,1,1,0,Response,,,,,,,,,,,,
SV022,R,279,3,3,1,1,3,Response,,,,,,,,,,,,
SV022,R,280,2,0,0,1,0,Response,2002.0,2002.0,1140.4,1140.4,701.0,701.0,488.0,1.15,1.2,86.0,90.0,18.0
SV022,R,281,2,0,0,1,0,Response,,,,,,,,0.7,0.7,60.0,60.0,16.0
SV022,R,282,3,2,0,1,2,Response,,,,,,,,,,,,
SV022,R,283,3,0,0,1,0,Response,,,,,,,,,,,,
SV022,R,284,3,3,0,0,3,Response,,,,,,,,0.6,0.6,69.0,69.0,12.0
SV022,R,285,2,3,1,0,3,Response,,,,,,,,,,,,
SV022,R,286,2,0,0,1,0,Response,,,,,,,,0.8,0.8,73.0,73.0,16.0
SV022,R,287,3,2,1,1,2,Response,,,,,,,,,,,,
SV022,R,288,3,0,0,0,0,Response,712.6,712.6,2620.7,2620.7,98.0,98.0,40.0,16.35,22.7,517.5,630.0,110.0
SV022,R,289,3,0,1,0,0,Response,,,,,,,,0.4,0.4,54.0,54.0,12.0
SV022,R,290,2,0,1,0,0,Response,,,,,,,,,,,,
SV022,R,291,2,3,1,0,3,Response,,,,,,,,,,,,
SV022,R,292,2,2,1,0,2,Response,1330.35,1800.0,2011.3,2289.5,279.5,458.0,44.0,10.333333333333334,11.1,298.0,625.0,245.33333333333334
SV022,R,293,2,3,1,1,3,Response,1967.9,2103.0,1339.15,1690.6,593.0,863.0,134.0,8.066666666666666,11.7,301.3333333333333,829.0,150.66666666666666
SV022,R,294,3,3,0,0,3,Response,2040.65,2088.5,1139.75,1451.3,650.0,688.0,312.0,1.5,2.2,88.5,105.0,22.0
SV022,R,295,2,3,1,1,3,Response,,,,,,,,9.0,9.0,459.0,459.0,280.0
SV022,R,296,2,3,0,0,3,Response,1059.3333333333333,1854.0,2392.9,2871.4,223.66666666666666,500.0,25.333333333333332,5.433333333333334,12.6,231.0,394.0,44.0
SV022,R,297,2,2,0,0,2,Response,,,,,,,,7.0,7.0,798.0,798.0,388.0
SV022,R,298,2,2,1,0,2,Response,1438.4,1438.4,1889.1,1889.1,228.0,228.0,56.0,7.2,12.5,354.5,527.0,204.0
SV022,R,299,2,3,1,0,3,Response,,,,,,,,,,,,
SV022,R,300,2,3,0,0,3,Response,2032.1,2032.1,1008.1,1008.1,948.0,948.0,128.0,1.1,1.7,651.5,1242.0,320.0
SV022,R,301,2,0,0,0,0,Response,,,,,,,,,,,,
SV022,R,302,3,0,1,1,0,Response,,,,,,,,8.4,8.4,677.0,677.0,280.0
SV022,R,303,3,0,0,1,0,Response,2147.3,2147.3,888.6,888.6,892.0,892.0,112.0,5.0,9.2,526.0,982.0,176.0
SV022,R,304,3,2,0,0,2,Response,,,,,,,,7.1,7.1,789.0,789.0,356.0
SV022,R,305,2,2,1,1,2,Response,1922.1333333333332,1995.0,940.7333333333332,1122.9,747.3333333333334,814.0,172.0,0.9333333333333332,1.7,226.33333333333334,561.0,136.0
SV022,R,306,3,2,0,0,2,Response,1814.0,1814.0,1013.4,1013.4,885.0,885.0,256.0,1.5,1.9,379.5,665.0,118.0
SV022,R,307,2,0,1,1,0,Response,1373.2,1811.4,1981.0333333333335,2295.9,302.6666666666667,577.0,77.33333333333333,7.766666666666667,12.6,316.0,440.0,113.33333333333333
SV022,R,308,2,2,1,1,2,Response,,,,,,,,,,,,
SV022,R,309,2,2,0,0,2,Response,,,,,,,,,,,,
SV022,R,310,3,3,0,1,3,Response,,,,,,,,,,,,
SV022,R,311,2,2,0,1,2,Response,1968.9,1968.9,1083.4,1083.4,746.0,746.0,216.0,2.9,2.9,917.0,917.0,668.0
SV022,R,312,3,3,0,1,3,Response,1759.65,1866.1,1823.6000000000001,2056.8,408.5,566.0,130.0,4.949999999999999,7.6,180.0,217.0,48.0
SV022,R,313,2,3,1,0,3,Response,1291.7,1807.3,1886.35,2544.7,439.5,762.0,118.0,15.9,16.3,338.5,398.0,108.0
SV022,R,314,3,0,0,0,0,Response,677.6,677.6,3138.4,3138.4,60.0,60.0,24.0,20.7,25.2,631.0,695.0,128.0
SV022,R,315,3,2,1,1,2,Response,2000.6,2000.6,1384.0,1384.0,580.0,580.0,144.0,0.6,0.6,1123.0,1123.0,656.0
SV022,R,316,2,2,0,0,2,Response,1724.05,1920.5,1403.25,1875.6,532.5,871.0,94.0,5.966666666666666,12.1,319.0,708.0,133.33333333333334
SV022,R,317,2,3,0,0,3,Response,1993.4,1993.4,1212.4,1212.4,769.0,769.0,276.0,0.8,0.8,68.0,68.0,16.0
SV022,R,318,2,2,0,0,2,Response,,,,,,,,,,,,
SV022,R,319,3,0,0,0,0,Response,1706.2,1731.7,1719.5,1845.2,388.5,484.0,74.0,4.866666666666666,7.3,143.0,177.0,76.0
SV022,R,320,3,3,0,0,3,Response,2028.4,2028.4,854.1,854.1,757.0,757.0,440.0,1.85,3.1,487.5,819.0,126.0
SV022,R,321,2,0,0,1,0,Response,,,,,,,,3.9,3.9,781.0,781.0,248.0
SV022,R,322,3,3,0,0,3,Response,,,,,,,,,,,,
SV022,R,323,2,3,1,0,3,Response,,,,,,,,1.3,1.3,619.0,619.0,280.0
SV022,R,324,2,0,0,1,0,Response,1038.3,1038.3,2190.3,2190.3,72.0,72.0,32.0,14.200000000000001,16.6,465.5,488.0,74.0
SV022,R,325,3,0,0,1,0,Response,,,,,,,,4.9,4.9,712.0,712.0,308.0
SV022,R,326,3,2,1,1,2,Response,,,,,,,,2.1,2.1,849.0,849.0,364.0
SV022,R,327,3,3,0,0,3,Response,,,,,,,,,,,,
SV022,R,328,3,0,1,1,0,Response,1933.1,1933.1,1104.6,1104.6,666.0,666.0,84.0,2.1,2.9,694.5,861.0,344.0
SV022,R,329,3,3,0,1,2,Response,2201.6,2201.6,1006.6,1006.6,751.0,751.0,304.0,3.0999999999999996,4.1,578.0,1036.0,130.0
SV022,R,330,3,2,1,0,2,Response,1873.6,1873.6,925.7,925.7,781.0,781.0,252.0,0.95,1.2,247.5,413.0,76.0
SV022,R,331,3,3,1,1,3,Response,1938.45,1958.0,810.2,924.5,683.5,714.0,172.0,2.25,2.4,379.0,608.0,150.0
SV022,R,332,2,2,1,0,2,Response,1068.9,1370.2,2131.35,2514.7,137.0,216.0,68.0,13.5,20.8,367.0,498.0,226.0
SV022,R,333,2,0,1,0,0,Response,1430.46,1623.6,1721.1200000000001,2119.4,508.8,616.0,71.2,2.3,4.3,162.75,228.0,44.0
SV022,R,334,3,3,0,0,3,Response,,,,,,,,0.9,0.9,608.0,608.0,928.0
SV022,R,335,3,2,0,0,2,Response,,,,,,,,,,,,
SV022,R,336,2,0,1,1,0,Response,1460.5,1852.8,1887.3,2781.9,529.3333333333334,756.0,66.66666666666667,4.6,13.2,169.75,292.0,34.0
SV022,R,337,2,3,0,1,3,Response,1877.2,1877.2,698.2,698.2,731.0,731.0,320.0,3.0999999999999996,3.3,686.0,746.0,318.0
SV022,R,338,3,3,0,0,3,Response,,,,,,,,,,,,
SV022,R,339,3,0,1,1,0,Response,,,,,,,,6.3,6.3,400.0,400.0,248.0
SV022,R,340,3,2,0,1,2,Response,2066.0,2066.0,868.7,868.7,804.0,804.0,404.0,0.7,0.7,61.0,61.0,16.0
SV022,R,341,2,3,0,1,3,Response,1890.0,1900.1,1332.4499999999998,1416.8,635.5,666.0,78.0,0.6,0.6,71.0,71.0,12.0
SV022,R,342,2,0,1,0,0,Response,1618.0,1677.3,856.8,961.3,545.0,594.0,238.0,1.7,1.9,136.0,138.0,18.0
SV022,R,343,3,2,0,1,2,Response,1818.5500000000002,1890.4,713.0,953.1,688.0,730.0,338.0,0.8,1.2,69.0,83.0,16.0
SV022,R,344,2,0,1,1,0,Response,1776.4666666666665,1887.8,1517.6666666666667,2082.2,546.5,729.0,101.33333333333333,1.9833333333333334,4.5,138.16666666666666,211.0,28.0
SV022,R,345,2,2,0,1,2,Response,1810.6,1810.6,1401.6,1401.6,642.0,642.0,128.0,2.1,2.1,395.0,395.0,264.0
SV022,R,346,3,2,1,1,2,Response,1861.1,1861.1,1008.9,1008.9,839.0,839.0,308.0,0.5,0.5,66.0,66.0,12.0
SV022,R,347,2,0,1,0,0,Response,1386.8,1386.8,2079.1,2079.1,224.0,224.0,28.0,5.4,5.4,169.0,169.0,52.0
SV022,R,348,3,0,0,1,0,Response,,,,,,,,,,,,
SV022,R,349,3,2,1,1,2,Response,,,,,,,,0.7,0.7,63.0,63.0,16.0
SV022,R,350,3,3,1,0,3,Response,,,,,,,,0.8,0.8,70.0,70.0,16.0
SV022,R,351,3,3,1,0,3,Response,959.4,959.4,2155.4,2155.4,67.0,67.0,64.0,15.649999999999999,17.9,844.0,1004.0,238.0
SV022,R,352,2,0,0,0,0,Response,,,,,,,,8.2,8.2,183.0,183.0,76.0
SV022,R,353,2,2,0,0,2,Response,,,,,,,,,,,,
SV022,R,354,3,2,0,0,2,Response,,,,,,,,,,,,
SV022,R,355,3,2,1,1,2,Response,1955.7,1955.7,973.3,973.3,708.0,708.0,484.0,2.2,2.2,113.5,123.0,26.0
SV022,R,356,3,0,1,0,0,Response,1832.1,1852.3,707.75,822.6,814.0,825.0,172.0,0.85,1.0,60.5,62.0,18.0
SV022,R,357,3,2,1,0,2,Response,,,,,,,,,,,,
SV022,R,358,2,3,1,1,3,Response,,,,,,,,0.6,0.6,53.0,53.0,16.0
SV022,R,359,3,2,1,1,2,Response,,,,,,,,2.4,2.4,108.0,108.0,28.0
SV022,R,360,3,2,0,0,2,Response,,,,,,,,,,,,
SV022,R,361,2,2,0,0,2,Response,,,,,,,,0.5,0.5,59.0,59.0,12.0
SV022,R,362,2,3,0,0,3,Response,,,,,,,,,,,,
SV022,R,363,2,3,1,1,3,Response,,,,,,,,,,,,
SV022,R,364,2,0,0,0,0,Response,,,,,,,,,,,,
SV022,R,365,3,3,0,0,3,Response,,,,,,,,,,,,
SV022,R,366,3,3,1,1,3,Response,,,,,,,,,,,,
SV022,R,367,2,2,0,1,2,Response,2017.0,2017.0,973.0,973.0,903.0,903.0,28.0,3.9,7.3,119.5,181.0,32.0
SV022,R,368,3,3,1,0,3,Response,1866.0,1866.0,987.3,987.3,781.0,781.0,284.0,1.4,1.4,82.0,82.0,24.0
SV022,R,369,2,2,1,1,2,Response,1653.8,2146.2,1411.8666666666668,2291.3,606.0,905.0,198.66666666666666,10.800000000000002,17.5,292.6666666666667,478.0,69.33333333333333
SV022,R,370,2,0,0,0,0,Response,,,,,,,,,,,,
SV022,R,371,3,2,0,1,2,Response,,,,,,,,,,,,
SV022,R,372,2,2,0,0,2,Response,,,,,,,,0.6,0.6,71.0,71.0,12.0
SV022,R,373,3,3,0,1,3,Response,1692.6,1705.7,1868.85,2147.0,558.0,610.0,34.0,6.333333333333333,13.3,173.0,258.0,42.666666666666664
SV022,R,374,2,2,1,0,2,Response,1415.5,1415.5,2128.1,2128.1,242.0,242.0,28.0,6.8,12.6,215.5,311.0,194.0
SV022,R,375,2,2,1,1,2,Response,,,,,,,,0.4,0.4,52.0,52.0,12.0
SV022,R,376,3,0,0,0,0,Response,,,,,,,,,,,,
SV022,R,377,3,0,1,0,0,Response,,,,,,,,,,,,
SV022,R,378,3,2,0,0,2,Response,1734.25,1791.5,2014.075,2343.4,587.25,650.0,92.0,1.175,1.5,114.25,136.0,15.0
SV022,R,379,3,0,0,1,0,Response,,,,,,,,,,,,
SV022,R,380,2,3,1,1,3,Response,2254.1,2254.1,823.5,823.5,907.0,907.0,572.0,3.5,3.5,147.0,147.0,36.0
SV022,R,381,3,0,1,1,0,Response,1070.1499999999999,1848.6,2464.7,2902.1,278.0,468.0,62.0,6.8,15.9,1196.6666666666667,3270.0,108.0
SV022,R,382,2,3,1,1,3,Response,1828.825,1870.5,1518.6499999999999,2011.3,598.5,787.0,139.0,0.8,1.1,66.0,76.0,16.0
SV022,R,383,2,3,0,1,3,Response,,,,,,,,2.0,2.0,154.0,154.0,20.0
SV022,R,384,3,3,1,0,3,Response,,,,,,,,,,,,
SV022,R,385,2,0,1,0,0,Response,,,,,,,,,,,,
SV022,R,386,3,3,1,1,3,Response,1977.9,1977.9,987.8,987.8,756.0,756.0,540.0,1.05,1.2,85.5,89.0,18.0
SV022,R,387,3,3,1,1,3,Response,,,,,,,,,,,,
SV022,R,388,3,0,1,0,0,Response,,,,,,,,,,,,
SV022,R,389,3,0,1,1,0,Response,728.5,728.5,2634.1,2634.1,69.0,69.0,24.0,18.5,20.3,425.0,544.0,98.0
SV022,R,390,2,2,0,0,2,Response,,,,,,,,,,,,
SV022,R,391,2,2,1,1,2,Response,1092.6,1433.0,2150.8999999999996,2406.7,127.5,193.0,32.0,9.2,20.4,813.3333333333334,2051.0,106.66666666666667
SV022,R,392,2,2,0,1,2,Response,,,,,,,,,,,,
SV022,R,393,3,2,0,0,2,Response,,,,,,,,,,,,
SV022,R,394,2,2,0,0,2,Response,,,,,,,,,,,,
SV022,R,395,3,0,0,0,0,Response,,,,,,,,,,,,
SV022,R,396,2,0,1,0,0,Response,,,,,,,,,,,,
SV022,R,397,2,2,0,1,2,Response,,,,,,,,,,,,
SV022,R,398,2,3,0,1,3,Response,,,,,,,,,,,,
SV022,R,399,2,2,1,1,2,Response,,,,,,,,,,,,
SV022,R,400,3,3,0,1,3,Response,,,,,,,,,,,,
SV022,R,401,3,2,1,0,2,Response,,,,,,,,,,,,
SV022,R,402,2,3,1,0,3,Response,,,,,,,,,,,,
SV022,R,403,2,3,1,0,3,Response,2103.6,2103.6,546.7,546.7,825.0,825.0,260.0,5.85,6.1,237.5,244.0,40.0
SV022,R,404,3,0,0,0,0,Response,,,,,,,,1.4,1.4,295.0,295.0,148.0
SV022,R,405,3,0,0,1,0,Response,,,,,,,,4.5,4.5,180.0,180.0,32.0
SV022,R,406,3,3,0,1,3,Response,,,,,,,,,,,,
SV022,R,407,2,2,1,0,2,Response,,,,,,,,,,,,
SV022,R,408,3,2,1,1,2,Response,,,,,,,,,,,,
SV022,R,409,3,0,0,1,0,Response,,,,,,,,1.1,1.1,76.0,76.0,20.0
SV022,R,410,2,2,1,0,2,Response,,,,,,,,,,,,
SV022,R,411,2,2,1,0,2,Response,,,,,,,,5.2,5.2,165.0,165.0,76.0
SV022,R,412,3,3,1,1,4,Response,2024.8,2024.8,792.6,792.6,602.0,602.0,1004.0,4.2,4.4,1715.5,3270.0,114.0
SV022,R,413,2,0,1,0,0,Response,,,,,,,,,,,,
SV022,R,414,2,0,0,0,0,Response,1777.8,1777.8,980.5,980.5,765.0,765.0,704.0,0.6,0.6,72.0,72.0,12.0
SV022,R,415,2,0,1,1,0,Response,1788.9,1788.9,1374.4,1374.4,673.0,673.0,296.0,1.7000000000000002,2.7,103.0,121.0,22.0
SV022,R,416,3,3,0,1,3,Response,1962.1,1971.9,649.3499999999999,735.8,639.0,665.0,542.0,3.5666666666666664,4.6,140.0,173.0,37.333333333333336
SV022,R,417,3,2,0,1,2,Response,1755.7,1755.7,1751.6,1751.6,373.0,373.0,52.0,5.5,9.8,146.0,188.0,46.0
SV022,R,418,2,3,0,1,3,Response,,,,,,,,7.1,7.1,294.0,294.0,44.0
SV022,R,419,2,3,0,1,4,Response,1892.0,1892.0,543.5,543.5,593.0,593.0,216.0,4.2,6.8,161.0,234.0,106.0
SV022,R,420,3,2,1,0,2,Response,,,,,,,,,,,,
SV022,R,421,3,2,1,0,2,Response,,,,,,,,,,,,
SV022,R,422,3,0,0,1,0,Response,1399.2,2203.3,1803.0500000000002,2711.3,444.0,828.0,90.0,18.1,24.0,306.5,364.0,186.0
SV022,R,423,2,0,1,1,0,Response,1720.0666666666666,1754.3,1911.8333333333333,2063.3,478.0,492.0,96.0,4.525,13.2,205.0,385.0,28.0
SV022,R,424,3,3,0,1,3,Response,,,,,,,,3.3,3.3,157.0,157.0,28.0
SV022,R,425,2,2,0,1,2,Response,1615.6,1615.6,1995.3,1995.3,341.0,341.0,80.0,1.9,1.9,129.0,129.0,20.0
SV022,R,426,2,3,1,1,3,Response,,,,,,,,,,,,
SV022,R,427,2,0,1,1,0,Response,,,,,,,,1.8,1.8,120.0,120.0,20.0
SV022,R,428,2,0,0,1,0,Response,,,,,,,,,,,,
SV022,R,429,2,0,1,0,0,Response,,,,,,,,,,,,
SV022,R,430,3,0,1,1,0,Response,,,,,,,,,,,,
SV022,R,431,3,0,1,1,0,Response,1737.8,1737.8,1954.2,1954.2,446.0,446.0,36.0,10.8,10.8,360.0,360.0,296.0
SV022,R,432,2,2,1,0,2,Response,,,,,,,,0.8,0.8,76.0,76.0,16.0
SV022,R,433,3,0,1,1,0,Response,1256.4,1748.9,2315.95,2552.8,293.5,436.0,32.0,9.033333333333333,16.7,249.0,398.0,62.666666666666664
SV022,R,434,2,3,1,1,3,Response,2040.3,2040.3,450.5,450.5,828.0,828.0,44.0,5.75,6.8,614.0,1058.0,144.0
SV022,R,435,2,3,0,0,3,Response,1977.9,1977.9,609.5,609.5,798.0,798.0,384.0,2.7,4.2,140.5,199.0,94.0
SV022,R,436,3,3,1,0,3,Response,,,,,,,,,,,,
SV022,R,437,3,2,0,0,2,Response,1540.75,1706.0,2032.8,2095.5,395.5,514.0,26.0,6.5,11.2,162.5,171.0,60.0
SV022,R,438,3,2,0,1,2,Response,1873.9499999999998,1967.6,1732.0500000000002,2130.8,513.5,726.0,134.0,5.5,5.5,137.0,137.0,56.0
SV022,R,439,2,3,1,0,3,Response,,,,,,,,1.1,1.1,77.0,77.0,20.0
SV022,R,440,3,2,0,1,2,Response,,,,,,,,,,,,
SV022,R,441,3,0,0,0,0,Response,,,,,,,,,,,,
SV022,R,442,3,3,1,0,3,Response,,,,,,,,,,,,
SV022,R,443,2,0,1,1,0,Response,,,,,,,,,,,,
SV022,R,444,2,3,0,0,3,Response,,,,,,,,4.5,4.5,173.0,173.0,36.0
SV022,R,445,3,0,0,1,0,Response,,,,,,,,,,,,
SV022,R,446,3,3,1,0,3,Response,,,,,,,,,,,,
SV022,R,447,2,0,0,1,0,Response,1053.9333333333334,1687.1,2622.9333333333334,2927.3,223.33333333333334,441.0,33.333333333333336,8.325,23.2,292.75,621.0,46.0
SV022,R,448,3,2,0,0,2,Response,1706.05,1718.5,1676.65,1810.7,606.5,636.0,60.0,4.766666666666667,9.1,880.0,2324.0,137.33333333333334
SV022,R,449,2,0,0,1,0,Response,1261.9,1915.7,1863.25,2753.3,571.5,1030.0,34.0,14.700000000000001,22.5,455.3333333333333,672.0,68.0
SV022,R,450,2,0,1,0,0,Response,1690.5,1762.6,1424.6999999999998,1794.8,864.0,943.0,178.0,6.466666666666666,9.1,198.33333333333334,272.0,48.0
SV022,R,451,2,3,0,1,3,Response,,,,,,,,1.3,1.3,87.0,87.0,20.0
SV022,R,452,2,0,1,1,0,Response,,,,,,,,,,,,
SV022,R,453,2,3,1,0,3,Response,,,,,,,,,,,,
SV022,R,454,3,2,1,1,2,Response,956.075,1885.0,2459.275,3139.5,248.75,734.0,94.0,9.4,20.0,235.0,579.0,52.0
SV022,R,455,3,0,1,1,0,Response,2009.075,2156.1,939.475,1377.3,591.5,843.0,323.0,3.8,7.3,497.0,1529.0,147.0
SV022,R,456,2,2,1,1,2,Response,1886.6,1886.6,1852.9,1852.9,544.0,544.0,164.0,0.9,0.9,60.0,60.0,20.0
SV022,R,457,2,0,1,0,0,Response,,,,,,,,13.0,13.0,402.0,402.0,96.0
SV022,R,458,3,3,1,1,3,Response,,,,,,,,,,,,
SV022,R,459,2,2,0,1,2,Response,,,,,,,,,,,,
SV022,R,460,2,2,0,1,2,Response,,,,,,,,,,,,
SV022,R,461,3,2,1,0,2,Response,,,,,,,,,,,,
SV022,R,462,2,0,0,1,0,Response,,,,,,,,,,,,
SV022,R,463,3,0,1,0,0,Response,,,,,,,,0.9,0.9,77.0,77.0,16.0
SV022,R,464,3,3,1,1,3,Response,1513.0333333333335,1975.2,1965.5,2437.6,334.6666666666667,576.0,102.66666666666667,10.45,19.7,192.75,517.0,37.0
SV022,R,465,2,2,0,1,2,Response,1060.7333333333333,1683.1,2449.4333333333334,2811.5,150.66666666666666,278.0,30.666666666666668,7.825,16.8,547.0,1427.0,50.0
SV022,R,466,2,3,0,1,3,Response,2033.7,2033.7,1088.6,1088.6,826.0,826.0,172.0,6.9,6.9,141.0,141.0,64.0
SV022,R,467,2,2,1,1,2,Response,,,,,,,,,,,,
SV022,R,468,3,0,0,0,0,Response,1855.5,1855.5,1729.9,1729.9,473.0,473.0,48.0,1.75,2.2,127.5,155.0,22.0
SV022,R,469,2,0,1,1,0,Response,1320.15,1870.1,2451.9,3062.3,348.0,570.0,38.0,14.133333333333333,22.9,375.3333333333333,515.0,76.0
SV022,R,470,3,0,0,0,0,Response,,,,,,,,0.8,0.8,72.0,72.0,16.0
SV022,R,471,2,2,1,1,2,Response,,,,,,,,5.5,5.5,644.0,644.0,492.0
SV022,R,472,3,2,0,1,2,Response,1394.7666666666667,1785.1,2103.4666666666667,2520.7,202.33333333333334,361.0,32.0,7.425,22.0,405.5,716.0,111.0
SV022,R,473,2,3,0,0,3,Response,1897.35,1945.3,1254.0,1257.3,668.5,672.0,76.0,0.5,0.5,60.0,60.0,12.0
SV022,R,474,3,3,1,1,3,Response,,,,,,,,,,,,
SV022,R,475,2,2,0,1,2,Response,1174.2,1412.2,2328.3500000000004,2594.4,121.5,163.0,66.0,10.133333333333333,25.4,356.3333333333333,680.0,152.0
SV022,R,476,2,0,0,0,0,Response,1022.325,1596.7,2513.575,2956.6,232.5,461.0,49.0,3.5666666666666664,5.0,236.66666666666666,259.0,25.333333333333332
SV022,R,477,2,2,1,1,2,Response,1884.625,1999.7,685.025,1267.4,633.5,737.0,211.0,2.6,4.3,522.5,1582.0,46.0
SV022,R,478,3,2,1,0,2,Response,,,,,,,,2.3,2.3,353.0,353.0,200.0
SV022,R,479,2,3,0,1,3,Response,,,,,,,,,,,,
SV022,R,480,2,3,0,0,3,Response,,,,,,,,,,,,
SV022,L,1,2,2,1,0,2,Stimulus,,,,,,,,,,,,
SV022,L,2,2,0,1,1,2,Stimulus,,,,,,,,,,,,
SV022,L,3,2,0,1,0,2,Stimulus,,,,,,,,0.9,0.9,83.0,83.0,16.0
SV022,L,4,3,3,1,1,3,Stimulus,,,,,,,,,,,,
SV022,L,5,2,0,0,0,2,Stimulus,,,,,,,,5.1,5.1,576.0,576.0,124.0
SV022,L,6,2,2,1,1,2,Stimulus,,,,,,,,,,,,
SV022,L,7,3,2,1,0,2,Stimulus,,,,,,,,,,,,
SV022,L,8,2,0,0,1,2,Stimulus,,,,,,,,,,,,
SV022,L,9,3,2,0,0,2,Stimulus,,,,,,,,,,,,
SV022,L,10,2,0,0,1,1,Stimulus,,,,,,,,,,,,
SV022,L,11,3,3,1,0,3,Stimulus,,,,,,,,,,,,
SV022,L,12,2,2,0,0,2,Stimulus,,,,,,,,,,,,
SV022,L,13,2,3,0,0,2,Stimulus,,,,,,,,1.5,1.5,588.0,588.0,156.0
SV022,L,14,3,2,0,1,0,Stimulus,,,,,,,,,,,,
SV022,L,15,3,0,1,0,2,Stimulus,,,,,,,,1.3,1.3,633.0,633.0,140.0
SV022,L,16,3,3,1,1,2,Stimulus,,,,,,,,,,,,
SV022,L,17,2,2,1,1,2,Stimulus,,,,,,,,,,,,
SV022,L,18,3,2,0,0,2,Stimulus,,,,,,,,,,,,
SV022,L,19,3,3,0,0,3,Stimulus,,,,,,,,,,,,
SV022,L,20,3,3,0,1,1,Stimulus,,,,,,,,,,,,
SV022,L,21,3,2,0,1,2,Stimulus,,,,,,,,,,,,
SV022,L,22,3,3,1,1,2,Stimulus,,,,,,,,,,,,
SV022,L,23,3,0,1,1,2,Stimulus,,,,,,,,,,,,
SV022,L,24,2,3,1,0,2,Stimulus,,,,,,,,,,,,
SV022,L,25,3,0,0,1,2,Stimulus,,,,,,,,,,,,
SV022,L,26,3,3,0,1,3,Stimulus,,,,,,,,,,,,
SV022,L,27,2,2,0,0,2,Stimulus,,,,,,,,,,,,
SV022,L,28,2,3,1,0,2,Stimulus,,,,,,,,,,,,
SV022,L,29,2,2,0,0,2,Stimulus,,,,,,,,,,,,
SV022,L,30,3,3,1,0,2,Stimulus,,,,,,,,,,,,
SV022,L,31,2,2,1,1,2,Stimulus,,,,,,,,,,,,
SV022,L,32,3,0,1,0,2,Stimulus,,,,,,,,,,,,
SV022,L,33,2,0,1,0,2,Stimulus,,,,,,,,,,,,
SV022,L,34,2,2,0,0,2,Stimulus,,,,,,,,,,,,
SV022,L,35,2,3,0,1,3,Stimulus,,,,,,,,,,,,
SV022,L,36,3,3,1,0,3,Stimulus,,,,,,,,,,,,
SV022,L,37,3,2,1,1,2,Stimulus,1881.9,1881.9,941.4,941.4,497.0,497.0,200.0,1.5499999999999998,1.7,103.0,118.0,22.0
SV022,L,38,2,0,1,1,2,Stimulus,,,,,,,,,,,,
SV022,L,39,2,0,1,1,2,Stimulus,,,,,,,,,,,,
SV022,L,40,2,2,0,1,2,Stimulus,,,,,,,,,,,,
SV022,L,41,2,0,0,1,0,Stimulus,,,,,,,,,,,,
SV022,L,42,2,2,0,0,2,Stimulus,,,,,,,,,,,,
SV022,L,43,3,0,0,0,2,Stimulus,,,,,,,,,,,,
SV022,L,44,2,3,0,1,3,Stimulus,,,,,,,,,,,,
SV022,L,45,2,0,1,0,2,Stimulus,,,,,,,,,,,,
SV022,L,46,3,2,1,0,3,Stimulus,,,,,,,,,,,,
SV022,L,47,2,3,0,0,2,Stimulus,,,,,,,,,,,,
SV022,L,48,3,2,0,0,2,Stimulus,,,,,,,,,,,,
SV022,L,49,3,3,0,0,3,Stimulus,,,,,,,,,,,,
SV022,L,50,2,2,1,0,2,Stimulus,,,,,,,,,,,,
SV022,L,51,3,0,1,0,3,Stimulus,,,,,,,,0.7,0.7,66.0,66.0,16.0
SV022,L,52,2,3,1,1,3,Stimulus,,,,,,,,0.7,0.7,59.0,59.0,16.0
SV022,L,53,2,3,1,1,3,Stimulus,,,,,,,,,,,,
SV022,L,54,3,3,1,1,2,Stimulus,,,,,,,,,,,,
SV022,L,55,2,2,1,1,2,Stimulus,,,,,,,,,,,,
SV022,L,56,3,3,1,1,3,Stimulus,,,,,,,,,,,,
SV022,L,57,3,3,1,1,2,Stimulus,,,,,,,,,,,,
SV022,L,58,3,0,1,1,2,Stimulus,,,,,,,,,,,,
SV022,L,59,2,0,0,1,2,Stimulus,,,,,,,,,,,,
SV022,L,60,2,2,0,1,2,Stimulus,,,,,,,,,,,,
SV022,L,61,3,0,1,1,2,Stimulus,,,,,,,,,,,,
SV022,L,62,3,2,0,1,2,Stimulus,,,,,,,,,,,,
SV022,L,63,2,3,1,0,2,Stimulus,,,,,,,,,,,,
SV022,L,64,3,0,0,0,3,Stimulus,,,,,,,,,,,,
SV022,L,65,2,0,1,1,2,Stimulus,,,,,,,,,,,,
SV022,L,66,3,2,0,1,2,Stimulus,,,,,,,,,,,,
SV022,L,67,2,0,0,0,2,Stimulus,,,,,,,,,,,,
SV022,L,68,2,3,0,1,3,Stimulus,,,,,,,,,,,,
SV022,L,69,3,2,1,1,1,Stimulus,,,,,,,,,,,,
SV022,L,70,2,3,1,0,3,Stimulus,,,,,,,,,,,,
SV022,L,71,2,2,0,0,2,Stimulus,,,,,,,,,,,,
SV022,L,72,3,3,1,0,3,Stimulus,,,,,,,,,,,,
SV022,L,73,2,2,1,0,2,Stimulus,,,,,,,,,,,,
SV022,L,74,3,0,0,1,2,Stimulus,,,,,,,,,,,,
SV022,L,75,3,3,0,0,3,Stimulus,,,,,,,,,,,,
SV022,L,76,3,3,0,1,3,Stimulus,,,,,,,,,,,,
SV022,L,77,2,3,1,0,3,Stimulus,,,,,,,,,,,,
SV022,L,78,3,3,0,1,2,Stimulus,,,,,,,,,,,,
SV022,L,79,2,0,0,1,2,Stimulus,,,,,,,,1.5,1.5,104.0,104.0,20.0
SV022,L,80,3,2,1,0,3,Stimulus,,,,,,,,,,,,
SV022,L,81,3,3,0,1,2,Stimulus,,,,,,,,,,,,
SV022,L,82,2,0,0,1,2,Stimulus,,,,,,,,,,,,
SV022,L,83,3,3,0,0,3,Stimulus,,,,,,,,,,,,
SV022,L,84,2,3,0,1,3,Stimulus,,,,,,,,,,,,
SV022,L,85,2,2,0,1,2,Stimulus,,,,,,,,,,,,
SV022,L,86,2,0,0,0,2,Stimulus,,,,,,,,,,,,
SV022,L,87,2,2,1,0,2,Stimulus,,,,,,,,,,,,
SV022,L,88,3,0,0,0,3,Stimulus,,,,,,,,,,,,
SV022,L,89,2,3,0,1,3,Stimulus,,,,,,,,,,,,
SV022,L,90,3,2,1,0,2,Stimulus,,,,,,,,,,,,
SV022,L,91,2,3,1,1,2,Stimulus,,,,,,,,,,,,
SV022,L,92,2,3,0,0,2,Stimulus,,,,,,,,,,,,
SV022,L,93,2,0,0,0,2,Stimulus,,,,,,,,,,,,
SV022,L,94,2,2,1,1,2,Stimulus,,,,,,,,,,,,
SV022,L,95,3,3,1,0,3,Stimulus,,,,,,,,,,,,
SV022,L,96,2,3,0,0,3,Stimulus,,,,,,,,,,,,
SV022,L,97,2,3,1,0,3,Stimulus,,,,,,,,,,,,
SV022,L,98,3,0,1,0,3,Stimulus,,,,,,,,,,,,
SV022,L,99,2,3,0,0,3,Stimulus,,,,,,,,,,,,
SV022,L,100,2,3,1,1,2,Stimulus,,,,,,,,,,,,
SV022,L,101,3,3,0,1,2,Stimulus,,,,,,,,,,,,
SV022,L,102,2,2,0,1,1,Stimulus,,,,,,,,,,,,
SV022,L,103,3,2,0,0,2,Stimulus,,,,,,,,,,,,
SV022,L,104,3,3,0,0,2,Stimulus,,,,,,,,,,,,
SV022,L,105,2,0,1,1,2,Stimulus,,,,,,,,,,,,
SV022,L,106,2,0,1,0,2,Stimulus,,,,,,,,,,,,
SV022,L,107,3,3,0,0,3,Stimulus,,,,,,,,,,,,
SV022,L,108,2,3,0,0,3,Stimulus,,,,,,,,,,,,
SV022,L,109,2,3,1,1,3,Stimulus,,,,,,,,,,,,
SV022,L,110,2,0,1,0,3,Stimulus,,,,,,,,,,,,
SV022,L,111,2,2,0,1,2,Stimulus,,,,,,,,,,,,
SV022,L,112,3,3,1,0,3,Stimulus,,,,,,,,,,,,
SV022,L,113,3,0,1,1,3,Stimulus,,,,,,,,,,,,
SV022,L,114,2,3,0,0,3,Stimulus,,,,,,,,,,,,
SV022,L,115,3,2,1,0,2,Stimulus,,,,,,,,,,,,
SV022,L,116,3,0,0,1,2,Stimulus,,,,,,,,,,,,
SV022,L,117,3,2,1,0,2,Stimulus,,,,,,,,,,,,
SV022,L,118,2,0,1,1,2,Stimulus,,,,,,,,,,,,
SV022,L,119,3,0,1,1,2,Stimulus,,,,,,,,,,,,
SV022,L,120,3,2,0,0,2,Stimulus,,,,,,,,,,,,
SV022,L,121,2,3,1,0,2,Stimulus,,,,,,,,,,,,
SV022,L,122,2,0,1,0,2,Stimulus,,,,,,,,,,,,
SV022,L,123,3,0,1,1,2,Stimulus,,,,,,,,,,,,
SV022,L,124,3,0,0,1,2,Stimulus,,,,,,,,,,,,
SV022,L,125,2,3,1,1,3,Stimulus,,,,,,,,,,,,
SV022,L,126,3,3,0,1,3,Stimulus,,,,,,,,,,,,
SV022,L,127,3,2,0,1,2,Stimulus,,,,,,,,,,,,
SV022,L,128,2,2,1,0,2,Stimulus,,,,,,,,,,,,
SV022,L,129,3,3,1,0,2,Stimulus,,,,,,,,,,,,
SV022,L,130,2,2,0,1,1,Stimulus,,,,,,,,,,,,
SV022,L,131,2,3,1,0,2,Stimulus,,,,,,,,,,,,
SV022,L,132,2,3,0,1,3,Stimulus,,,,,,,,,,,,
SV022,L,133,3,0,1,0,3,Stimulus,,,,,,,,,,,,
SV022,L,134,2,2,1,1,2,Stimulus,,,,,,,,,,,,
SV022,L,135,2,2,0,1,2,Stimulus,,,,,,,,,,,,
SV022,L,136,3,0,0,1,0,Stimulus,,,,,,,,,,,,
SV022,L,137,3,2,1,1,2,Stimulus,,,,,,,,,,,,
SV022,L,138,3,2,1,0,2,Stimulus,,,,,,,,,,,,
SV022,L,139,3,0,1,1,2,Stimulus,,,,,,,,,,,,
SV022,L,140,3,0,0,1,2,Stimulus,,,,,,,,0.5,0.5,62.0,62.0,12.0
SV022,L,141,2,3,1,0,3,Stimulus,,,,,,,,0.9,0.9,79.0,79.0,16.0
SV022,L,142,2,0,0,0,2,Stimulus,,,,,,,,,,,,
SV022,L,143,2,0,0,0,2,Stimulus,,,,,,,,,,,,
SV022,L,144,3,2,1,0,2,Stimulus,,,,,,,,,,,,
SV022,L,145,3,2,1,0,2,Stimulus,,,,,,,,0.4,0.4,53.0,53.0,12.0
SV022,L,146,3,0,0,0,3,Stimulus,,,,,,,,,,,,
SV022,L,147,3,3,0,0,3,Stimulus,,,,,,,,,,,,
SV022,L,148,2,2,0,1,2,Stimulus,,,,,,,,,,,,
SV022,L,149,2,3,0,0,3,Stimulus,,,,,,,,,,,,
SV022,L,150,2,3,1,1,2,Stimulus,,,,,,,,,,,,
SV022,L,151,3,0,1,1,2,Stimulus,,,,,,,,,,,,
SV022,L,152,2,2,0,1,2,Stimulus,,,,,,,,,,,,
SV022,L,153,3,2,1,1,2,Stimulus,,,,,,,,,,,,
SV022,L,154,3,3,1,1,3,Stimulus,,,,,,,,,,,,
SV022,L,155,2,2,1,0,2,Stimulus,,,,,,,,,,,,
SV022,L,156,3,0,0,1,1,Stimulus,,,,,,,,,,,,
SV022,L,157,3,2,1,1,2,Stimulus,,,,,,,,,,,,
SV022,L,158,2,0,1,1,2,Stimulus,,,,,,,,,,,,
SV022,L,159,2,2,1,0,2,Stimulus,,,,,,,,1.2,1.2,85.0,85.0,20.0
SV022,L,160,2,0,0,0,2,Stimulus,,,,,,,,,,,,
SV022,L,161,3,0,0,0,1,Stimulus,,,,,,,,0.4,0.4,55.0,55.0,12.0
SV022,L,162,2,2,0,0,2,Stimulus,,,,,,,,,,,,
SV022,L,163,3,0,1,0,2,Stimulus,,,,,,,,,,,,
SV022,L,164,2,3,1,0,2,Stimulus,,,,,,,,,,,,
SV022,L,165,3,3,1,0,2,Stimulus,,,,,,,,,,,,
SV022,L,166,2,2,1,1,2,Stimulus,,,,,,,,,,,,
SV022,L,167,2,2,0,0,2,Stimulus,,,,,,,,,,,,
SV022,L,168,2,2,1,0,2,Stimulus,,,,,,,,,,,,
SV022,L,169,2,0,1,0,2,Stimulus,,,,,,,,,,,,
SV022,L,170,3,0,1,1,1,Stimulus,,,,,,,,,,,,
SV022,L,171,2,3,1,1,2,Stimulus,,,,,,,,,,,,
SV022,L,172,3,2,0,1,2,Stimulus,,,,,,,,,,,,
SV022,L,173,3,0,0,0,2,Stimulus,,,,,,,,,,,,
SV022,L,174,2,3,0,1,2,Stimulus,,,,,,,,,,,,
SV022,L,175,2,3,0,0,2,Stimulus,,,,,,,,,,,,
SV022,L,176,3,2,1,1,2,Stimulus,,,,,,,,,,,,
SV022,L,177,3,3,0,1,3,Stimulus,,,,,,,,,,,,
SV022,L,178,2,2,0,0,2,Stimulus,,,,,,,,3.8,3.8,191.0,191.0,28.0
SV022,L,179,2,0,0,1,1,Stimulus,,,,,,,,,,,,
SV022,L,180,3,0,0,0,2,Stimulus,,,,,,,,,,,,
SV022,L,181,3,3,1,1,2,Stimulus,,,,,,,,,,,,
SV022,L,182,2,0,1,0,2,Stimulus,,,,,,,,,,,,
SV022,L,183,3,0,0,0,2,Stimulus,,,,,,,,,,,,
SV022,L,184,3,2,0,1,2,Stimulus,,,,,,,,,,,,
SV022,L,185,3,2,0,0,2,Stimulus,,,,,,,,,,,,
SV022,L,186,2,0,1,0,2,Stimulus,,,,,,,,,,,,
SV022,L,187,2,2,1,0,2,Stimulus,,,,,,,,,,,,
SV022,L,188,2,3,1,1,2,Stimulus,,,,,,,,,,,,
SV022,L,189,2,0,1,1,2,Stimulus,,,,,,,,,,,,
SV022,L,190,3,2,0,0,2,Stimulus,,,,,,,,,,,,
SV022,L,191,3,2,0,1,2,Stimulus,,,,,,,,,,,,
SV022,L,192,3,0,1,0,1,Stimulus,,,,,,,,,,,,
SV022,L,193,3,2,1,1,2,Stimulus,,,,,,,,,,,,
SV022,L,194,3,2,0,0,2,Stimulus,,,,,,,,,,,,
SV022,L,195,3,0,1,0,2,Stimulus,,,,,,,,,,,,
SV022,L,196,3,3,0,0,3,Stimulus,,,,,,,,,,,,
SV022,L,197,3,2,0,1,2,Stimulus,,,,,,,,,,,,
SV022,L,198,2,3,0,1,2,Stimulus,,,,,,,,,,,,
SV022,L,199,3,2,1,0,2,Stimulus,,,,,,,,,,,,
SV022,L,200,3,0,1,0,2,Stimulus,,,,,,,,,,,,
SV022,L,201,3,3,0,1,2,Stimulus,,,,,,,,,,,,
SV022,L,202,3,0,1,1,2,Stimulus,,,,,,,,,,,,
SV022,L,203,2,3,0,0,2,Stimulus,,,,,,,,,,,,
SV022,L,204,3,0,1,0,3,Stimulus,,,,,,,,,,,,
SV022,L,205,3,3,1,1,3,Stimulus,,,,,,,,,,,,
SV022,L,206,3,2,0,1,2,Stimulus,,,,,,,,,,,,
SV022,L,207,2,0,0,1,2,Stimulus,,,,,,,,,,,,
SV022,L,208,2,2,1,1,2,Stimulus,,,,,,,,,,,,
SV022,L,209,3,2,1,1,2,Stimulus,,,,,,,,,,,,
SV022,L,210,3,0,0,1,2,Stimulus,,,,,,,,,,,,
SV022,L,211,3,2,0,0,2,Stimulus,,,,,,,,,,,,
SV022,L,212,2,0,1,1,2,Stimulus,,,,,,,,,,,,
SV022,L,213,2,0,1,1,2,Stimulus,,,,,,,,,,,,
SV022,L,214,2,3,0,1,2,Stimulus,,,,,,,,,,,,
SV022,L,215,2,2,1,0,2,Stimulus,,,,,,,,,,,,
SV022,L,216,3,3,1,0,2,Stimulus,,,,,,,,,,,,
SV022,L,217,2,0,0,1,2,Stimulus,,,,,,,,,,,,
SV022,L,218,3,0,0,0,3,Stimulus,,,,,,,,,,,,
SV022,L,219,2,3,0,1,2,Stimulus,,,,,,,,,,,,
SV022,L,220,3,3,1,1,3,Stimulus,,,,,,,,,,,,
SV022,L,221,3,3,0,1,2,Stimulus,,,,,,,,,,,,
SV022,L,222,2,2,0,0,2,Stimulus,,,,,,,,,,,,
SV022,L,223,2,2,0,1,2,Stimulus,,,,,,,,,,,,
SV022,L,224,2,2,1,1,2,Stimulus,,,,,,,,,,,,
SV022,L,225,2,0,1,0,2,Stimulus,,,,,,,,,,,,
SV022,L,226,3,3,0,0,3,Stimulus,,,,,,,,,,,,
SV022,L,227,3,3,1,0,3,Stimulus,,,,,,,,,,,,
SV022,L,228,2,3,1,1,3,Stimulus,,,,,,,,,,,,
SV022,L,229,2,0,0,1,3,Stimulus,,,,,,,,,,,,
SV022,L,230,3,2,1,1,2,Stimulus,,,,,,,,,,,,
SV022,L,231,2,2,1,1,2,Stimulus,,,,,,,,,,,,
SV022,L,232,2,0,0,0,2,Stimulus,,,,,,,,,,,,
SV022,L,233,3,2,1,1,2,Stimulus,,,,,,,,,,,,
SV022,L,234,2,0,0,0,2,Stimulus,,,,,,,,,,,,
SV022,L,235,3,0,0,1,2,Stimulus,,,,,,,,,,,,
SV022,L,236,3,2,0,0,2,Stimulus,,,,,,,,,,,,
SV022,L,237,2,0,0,0,2,Stimulus,,,,,,,,,,,,
SV022,L,238,3,0,0,1,2,Stimulus,,,,,,,,,,,,
SV022,L,239,3,0,0,0,3,Stimulus,,,,,,,,,,,,
SV022,L,240,3,3,0,0,3,Stimulus,,,,,,,,,,,,
SV022,L,241,3,0,0,0,0,Stimulus,,,,,,,,,,,,
SV022,L,242,2,0,1,0,0,Stimulus,,,,,,,,,,,,
SV022,L,243,2,3,1,0,2,Stimulus,,,,,,,,,,,,
SV022,L,244,2,0,1,0,0,Stimulus,,,,,,,,,,,,
SV022,L,245,2,2,0,1,2,Stimulus,,,,,,,,,,,,
SV022,L,246,2,2,0,0,2,Stimulus,,,,,,,,,,,,
SV022,L,247,3,2,0,0,2,Stimulus,,,,,,,,,,,,
SV022,L,248,2,2,1,0,2,Stimulus,,,,,,,,,,,,
SV022,L,249,3,3,0,1,3,Stimulus,,,,,,,,,,,,
SV022,L,250,3,3,0,1,3,Stimulus,,,,,,,,,,,,
SV022,L,251,3,3,1,1,3,Stimulus,,,,,,,,,,,,
SV022,L,252,2,3,1,0,3,Stimulus,,,,,,,,,,,,
SV022,L,253,2,0,1,0,0,Stimulus,,,,,,,,,,,,
SV022,L,254,3,3,1,0,3,Stimulus,,,,,,,,,,,,
SV022,L,255,2,2,1,1,2,Stimulus,,,,,,,,,,,,
SV022,L,256,3,3,1,1,3,Stimulus,,,,,,,,,,,,
SV022,L,257,2,3,1,0,3,Stimulus,,,,,,,,,,,,
SV022,L,258,2,2,1,0,2,Stimulus,,,,,,,,,,,,
SV022,L,259,2,2,1,0,2,Stimulus,,,,,,,,,,,,
SV022,L,260,3,0,1,0,0,Stimulus,,,,,,,,,,,,
SV022,L,261,3,3,0,0,3,Stimulus,,,,,,,,,,,,
SV022,L,262,3,0,1,1,0,Stimulus,,,,,,,,,,,,
SV022,L,263,2,0,1,1,0,Stimulus,,,,,,,,2.1,2.1,132.0,132.0,24.0
SV022,L,264,3,3,1,1,3,Stimulus,,,,,,,,,,,,
SV022,L,265,3,3,0,0,3,Stimulus,,,,,,,,,,,,
SV022,L,266,2,3,0,0,3,Stimulus,,,,,,,,,,,,
SV022,L,267,2,2,1,0,2,Stimulus,,,,,,,,,,,,
SV022,L,268,3,0,1,1,0,Stimulus,,,,,,,,,,,,
SV022,L,269,2,0,0,1,0,Stimulus,,,,,,,,,,,,
SV022,L,270,3,3,0,1,3,Stimulus,,,,,,,,,,,,
SV022,L,271,3,2,0,1,2,Stimulus,,,,,,,,,,,,
SV022,L,272,3,0,1,1,0,Stimulus,,,,,,,,,,,,
SV022,L,273,3,3,0,1,3,Stimulus,,,,,,,,,,,,
SV022,L,274,2,2,0,0,2,Stimulus,,,,,,,,,,,,
SV022,L,275,3,2,0,1,2,Stimulus,,,,,,,,1.2,1.2,66.0,66.0,24.0
SV022,L,276,2,3,0,1,3,Stimulus,,,,,,,,,,,,
SV022,L,277,2,2,0,0,2,Stimulus,,,,,,,,,,,,
SV022,L,278,2,2,0,1,2,Stimulus,,,,,,,,,,,,
SV022,L,279,2,0,1,0,0,Stimulus,,,,,,,,,,,,
SV022,L,280,2,3,1,1,3,Stimulus,,,,,,,,,,,,
SV022,L,281,3,3,0,1,3,Stimulus,,,,,,,,,,,,
SV022,L,282,3,3,1,1,3,Stimulus,,,,,,,,,,,,
SV022,L,283,2,3,0,1,3,Stimulus,,,,,,,,,,,,
SV022,L,284,2,2,0,1,2,Stimulus,,,,,,,,,,,,
SV022,L,285,3,3,0,0,3,Stimulus,,,,,,,,,,,,
SV022,L,286,3,3,1,1,3,Stimulus,,,,,,,,,,,,
SV022,L,287,2,3,1,0,3,Stimulus,,,,,,,,,,,,
SV022,L,288,3,0,0,0,0,Stimulus,,,,,,,,,,,,
SV022,L,289,2,3,0,0,3,Stimulus,,,,,,,,,,,,
SV022,L,290,2,0,0,0,0,Stimulus,,,,,,,,,,,,
SV022,L,291,2,0,1,1,0,Stimulus,,,,,,,,,,,,
SV022,L,292,2,0,0,0,0,Stimulus,,,,,,,,,,,,
SV022,L,293,3,3,1,0,3,Stimulus,,,,,,,,,,,,
SV022,L,294,3,0,1,0,0,Stimulus,,,,,,,,,,,,
SV022,L,295,3,0,1,0,0,Stimulus,,,,,,,,,,,,
SV022,L,296,2,0,0,0,0,Stimulus,,,,,,,,,,,,
SV022,L,297,3,2,0,1,2,Stimulus,,,,,,,,,,,,
SV022,L,298,2,3,0,1,3,Stimulus,,,,,,,,,,,,
SV022,L,299,3,0,1,0,0,Stimulus,,,,,,,,,,,,
SV022,L,300,2,0,0,1,0,Stimulus,,,,,,,,,,,,
SV022,L,301,3,3,1,1,3,Stimulus,,,,,,,,,,,,
SV022,L,302,3,3,1,0,3,Stimulus,,,,,,,,,,,,
SV022,L,303,2,3,1,1,3,Stimulus,,,,,,,,,,,,
SV022,L,304,3,0,1,0,0,Stimulus,,,,,,,,6.1,6.1,804.0,804.0,144.0
SV022,L,305,2,2,1,0,2,Stimulus,,,,,,,,,,,,
SV022,L,306,3,2,1,0,2,Stimulus,,,,,,,,,,,,
SV022,L,307,3,3,0,1,3,Stimulus,,,,,,,,,,,,
SV022,L,308,3,3,1,0,3,Stimulus,,,,,,,,,,,,
SV022,L,309,3,2,0,0,2,Stimulus,1988.8,1988.8,941.9,941.9,653.0,653.0,44.0,0.7,0.7,60.0,60.0,16.0
SV022,L,310,2,0,0,1,0,Stimulus,,,,,,,,,,,,
SV022,L,311,2,2,0,0,2,Stimulus,,,,,,,,,,,,
SV022,L,312,2,2,0,1,2,Stimulus,,,,,,,,,,,,
SV022,L,313,3,0,0,0,0,Stimulus,,,,,,,,,,,,
SV022,L,314,3,2,1,1,2,Stimulus,,,,,,,,,,,,
SV022,L,315,3,2,0,0,2,Stimulus,,,,,,,,,,,,
SV022,L,316,2,0,0,0,0,Stimulus,,,,,,,,0.8,0.8,68.0,68.0,16.0
SV022,L,317,2,2,1,0,2,Stimulus,,,,,,,,,,,,
SV022,L,318,3,3,0,0,3,Stimulus,,,,,,,,,,,,
SV022,L,319,3,3,0,0,3,Stimulus,,,,,,,,,,,,
SV022,L,320,3,2,1,1,2,Stimulus,,,,,,,,,,,,
SV022,L,321,2,0,0,1,0,Stimulus,,,,,,,,,,,,
SV022,L,322,2,0,0,1,0,Stimulus,,,,,,,,,,,,
SV022,L,323,2,3,1,0,3,Stimulus,,,,,,,,,,,,
SV022,L,324,3,2,1,0,2,Stimulus,,,,,,,,,,,,
SV022,L,325,3,3,0,1,3,Stimulus,,,,,,,,,,,,
SV022,L,326,2,0,0,0,0,Stimulus,,,,,,,,,,,,
SV022,L,327,2,2,1,1,2,Stimulus,,,,,,,,,,,,
SV022,L,328,3,0,0,1,0,Stimulus,,,,,,,,,,,,
SV022,L,329,2,0,1,1,0,Stimulus,,,,,,,,,,,,
SV022,L,330,2,0,0,1,0,Stimulus,,,,,,,,,,,,
SV022,L,331,3,2,0,1,2,Stimulus,,,,,,,,,,,,
SV022,L,332,2,0,0,1,0,Stimulus,,,,,,,,,,,,
SV022,L,333,3,2,1,1,2,Stimulus,,,,,,,,,,,,
SV022,L,334,3,2,0,1,2,Stimulus,,,,,,,,,,,,
SV022,L,335,3,3,0,0,3,Stimulus,,,,,,,,,,,,
SV022,L,336,3,3,0,0,3,Stimulus,,,,,,,,,,,,
SV022,L,337,3,3,1,1,3,Stimulus,,,,,,,,,,,,
SV022,L,338,2,0,0,1,0,Stimulus,,,,,,,,,,,,
SV022,L,339,2,2,1,1,2,Stimulus,,,,,,,,,,,,
SV022,L,340,2,2,0,0,2,Stimulus,,,,,,,,,,,,
SV022,L,341,2,2,1,0,2,Stimulus,,,,,,,,,,,,
SV022,L,342,2,0,1,0,0,Stimulus,,,,,,,,,,,,
SV022,L,343,3,0,1,1,0,Stimulus,,,,,,,,1.7,1.7,642.0,642.0,196.0
SV022,L,344,2,0,1,0,0,Stimulus,,,,,,,,0.5,0.5,56.0,56.0,12.0
SV022,L,345,3,0,1,0,0,Stimulus,,,,,,,,,,,,
SV022,L,346,3,0,0,1,0,Stimulus,,,,,,,,,,,,
SV022,L,347,2,2,0,0,2,Stimulus,,,,,,,,,,,,
SV022,L,348,2,3,1,0,3,Stimulus,,,,,,,,,,,,
SV022,L,349,2,0,0,1,0,Stimulus,,,,,,,,,,,,
SV022,L,350,3,0,1,1,0,Stimulus,,,,,,,,,,,,
SV022,L,351,2,3,0,1,3,Stimulus,,,,,,,,,,,,
SV022,L,352,2,2,0,1,2,Stimulus,,,,,,,,,,,,
SV022,L,353,2,3,1,1,3,Stimulus,,,,,,,,,,,,
SV022,L,354,2,2,0,0,2,Stimulus,,,,,,,,,,,,
SV022,L,355,3,2,0,1,2,Stimulus,,,,,,,,,,,,
SV022,L,356,2,0,1,1,0,Stimulus,,,,,,,,,,,,
SV022,L,357,2,2,1,1,2,Stimulus,,,,,,,,,,,,
SV022,L,358,3,2,1,0,2,Stimulus,,,,,,,,,,,,
SV022,L,359,3,2,1,0,2,Stimulus,,,,,,,,,,,,
SV022,L,360,2,2,1,1,2,Stimulus,,,,,,,,,,,,
SV022,L,361,2,2,1,1,2,Stimulus,,,,,,,,,,,,
SV022,L,362,2,2,0,0,2,Stimulus,,,,,,,,,,,,
SV022,L,363,3,3,1,0,3,Stimulus,,,,,,,,,,,,
SV022,L,364,2,0,1,0,0,Stimulus,,,,,,,,,,,,
SV022,L,365,2,0,1,1,0,Stimulus,,,,,,,,,,,,
SV022,L,366,3,2,0,0,2,Stimulus,,,,,,,,,,,,
SV022,L,367,2,3,1,1,3,Stimulus,,,,,,,,1.4,1.4,97.0,97.0,20.0
SV022,L,368,2,3,1,0,3,Stimulus,,,,,,,,,,,,
SV022,L,369,3,3,0,0,2,Stimulus,,,,,,,,,,,,
SV022,L,370,3,0,0,0,0,Stimulus,,,,,,,,,,,,
SV022,L,371,3,0,1,1,0,Stimulus,,,,,,,,,,,,
SV022,L,372,3,3,0,0,3,Stimulus,,,,,,,,,,,,
SV022,L,373,3,3,1,0,3,Stimulus,,,,,,,,,,,,
SV022,L,374,2,0,1,1,0,Stimulus,,,,,,,,,,,,
SV022,L,375,2,2,1,1,2,Stimulus,,,,,,,,,,,,
SV022,L,376,2,0,0,0,0,Stimulus,,,,,,,,,,,,
SV022,L,377,2,0,1,1,0,Stimulus,,,,,,,,,,,,
SV022,L,378,3,3,0,1,3,Stimulus,,,,,,,,,,,,
SV022,L,379,3,0,0,1,0,Stimulus,,,,,,,,,,,,
SV022,L,380,2,3,1,0,3,Stimulus,,,,,,,,,,,,
SV022,L,381,2,3,0,1,3,Stimulus,,,,,,,,,,,,
SV022,L,382,3,2,1,0,2,Stimulus,,,,,,,,,,,,
SV022,L,383,3,0,0,1,0,Stimulus,,,,,,,,1.7,1.7,400.0,400.0,96.0
SV022,L,384,2,3,0,0,3,Stimulus,,,,,,,,,,,,
SV022,L,385,3,0,0,1,0,Stimulus,,,,,,,,,,,,
SV022,L,386,3,0,1,1,0,Stimulus,,,,,,,,,,,,
SV022,L,387,2,3,0,1,3,Stimulus,,,,,,,,,,,,
SV022,L,388,3,2,0,1,2,Stimulus,,,,,,,,,,,,
SV022,L,389,3,3,0,0,3,Stimulus,,,,,,,,,,,,
SV022,L,390,2,0,0,0,0,Stimulus,,,,,,,,,,,,
SV022,L,391,3,3,1,1,3,Stimulus,,,,,,,,,,,,
SV022,L,392,2,3,0,0,3,Stimulus,,,,,,,,,,,,
SV022,L,393,2,3,0,0,3,Stimulus,,,,,,,,1.1,1.1,71.0,71.0,20.0
SV022,L,394,2,3,1,0,3,Stimulus,,,,,,,,,,,,
SV022,L,395,2,2,0,1,2,Stimulus,,,,,,,,,,,,
SV022,L,396,2,3,1,1,3,Stimulus,,,,,,,,,,,,
SV022,L,397,3,2,1,0,2,Stimulus,,,,,,,,,,,,
SV022,L,398,3,2,1,1,2,Stimulus,,,,,,,,,,,,
SV022,L,399,3,0,1,1,0,Stimulus,,,,,,,,0.9,0.9,81.0,81.0,16.0
SV022,L,400,3,3,1,0,3,Stimulus,,,,,,,,,,,,
SV022,L,401,2,2,1,0,2,Stimulus,,,,,,,,,,,,
SV022,L,402,2,3,1,1,3,Stimulus,,,,,,,,,,,,
SV022,L,403,2,0,0,1,0,Stimulus,,,,,,,,,,,,
SV022,L,404,2,3,0,0,3,Stimulus,,,,,,,,,,,,
SV022,L,405,2,0,1,0,0,Stimulus,,,,,,,,,,,,
SV022,L,406,3,0,0,0,0,Stimulus,,,,,,,,,,,,
SV022,L,407,2,0,1,0,0,Stimulus,,,,,,,,,,,,
SV022,L,408,3,0,1,1,0,Stimulus,,,,,,,,,,,,
SV022,L,409,3,2,1,0,2,Stimulus,,,,,,,,,,,,
SV022,L,410,3,0,0,1,0,Stimulus,,,,,,,,,,,,
SV022,L,411,3,2,0,0,2,Stimulus,,,,,,,,,,,,
SV022,L,412,3,0,0,1,0,Stimulus,,,,,,,,,,,,
SV022,L,413,3,0,0,0,0,Stimulus,,,,,,,,0.9,0.9,82.0,82.0,16.0
SV022,L,414,3,2,0,0,2,Stimulus,,,,,,,,1.9,1.9,132.0,132.0,20.0
SV022,L,415,3,0,1,1,0,Stimulus,,,,,,,,,,,,
SV022,L,416,3,3,0,1,3,Stimulus,,,,,,,,,,,,
SV022,L,417,3,2,1,0,2,Stimulus,,,,,,,,,,,,
SV022,L,418,2,2,1,1,2,Stimulus,,,,,,,,,,,,
SV022,L,419,3,0,1,0,0,Stimulus,,,,,,,,,,,,
SV022,L,420,2,3,0,0,3,Stimulus,,,,,,,,,,,,
SV022,L,421,2,0,1,1,0,Stimulus,,,,,,,,,,,,
SV022,L,422,3,3,1,0,3,Stimulus,,,,,,,,,,,,
SV022,L,423,2,3,1,0,3,Stimulus,,,,,,,,,,,,
SV022,L,424,3,2,0,0,2,Stimulus,,,,,,,,,,,,
SV022,L,425,2,3,0,1,3,Stimulus,,,,,,,,0.4,0.4,52.0,52.0,12.0
SV022,L,426,3,0,0,0,0,Stimulus,,,,,,,,0.9,0.9,81.0,81.0,16.0
SV022,L,427,2,3,0,1,3,Stimulus,,,,,,,,,,,,
SV022,L,428,2,3,0,0,3,Stimulus,,,,,,,,0.5,0.5,57.0,57.0,12.0
SV022,L,429,3,2,1,1,2,Stimulus,,,,,,,,,,,,
SV022,L,430,3,2,1,0,2,Stimulus,,,,,,,,,,,,
SV022,L,431,2,2,0,1,2,Stimulus,,,,,,,,,,,,
SV022,L,432,3,2,1,1,2,Stimulus,,,,,,,,,,,,
SV022,L,433,3,0,0,0,0,Stimulus,,,,,,,,,,,,
SV022,L,434,3,0,1,0,0,Stimulus,,,,,,,,,,,,
SV022,L,435,3,2,1,0,2,Stimulus,,,,,,,,,,,,
SV022,L,436,3,2,0,1,2,Stimulus,,,,,,,,,,,,
SV022,L,437,3,0,1,0,0,Stimulus,,,,,,,,,,,,
SV022,L,438,3,2,0,0,2,Stimulus,,,,,,,,,,,,
SV022,L,439,3,0,0,1,0,Stimulus,,,,,,,,,,,,
SV022,L,440,2,2,0,0,2,Stimulus,,,,,,,,0.9,0.9,78.0,78.0,16.0
SV022,L,441,2,2,0,1,2,Stimulus,,,,,,,,,,,,
SV022,L,442,2,0,1,1,2,Stimulus,,,,,,,,,,,,
SV022,L,443,3,2,0,1,2,Stimulus,,,,,,,,,,,,
SV022,L,444,3,2,1,1,2,Stimulus,,,,,,,,,,,,
SV022,L,445,3,3,1,0,3,Stimulus,,,,,,,,,,,,
SV022,L,446,2,3,0,0,3,Stimulus,,,,,,,,,,,,
SV022,L,447,2,2,0,1,2,Stimulus,,,,,,,,0.8,0.8,72.0,72.0,16.0
SV022,L,448,2,2,0,1,2,Stimulus,,,,,,,,,,,,
SV022,L,449,3,3,1,1,3,Stimulus,,,,,,,,,,,,
SV022,L,450,2,3,0,0,3,Stimulus,,,,,,,,,,,,
SV022,L,451,3,0,0,1,0,Stimulus,1187.0,1187.0,2822.3,2822.3,79.0,79.0,24.0,19.8,19.8,574.0,574.0,64.0
SV022,L,452,3,2,0,0,2,Stimulus,,,,,,,,,,,,
SV022,L,453,3,2,0,1,2,Stimulus,,,,,,,,,,,,
SV022,L,454,2,3,0,1,3,Stimulus,,,,,,,,0.5,0.5,65.0,65.0,12.0
SV022,L,455,3,2,1,1,2,Stimulus,,,,,,,,,,,,
SV022,L,456,2,3,1,1,3,Stimulus,,,,,,,,0.5,0.5,60.0,60.0,12.0
SV022,L,457,2,0,1,0,0,Stimulus,,,,,,,,1.1,1.1,502.0,502.0,116.0
SV022,L,458,3,3,1,1,3,Stimulus,,,,,,,,,,,,
SV022,L,459,2,2,1,0,2,Stimulus,,,,,,,,,,,,
SV022,L,460,2,0,0,0,0,Stimulus,,,,,,,,,,,,
SV022,L,461,3,2,0,0,2,Stimulus,,,,,,,,0.3,0.3,813.0,813.0,216.0
SV022,L,462,3,3,0,1,3,Stimulus,,,,,,,,0.8,0.8,771.0,771.0,188.0
SV022,L,463,2,2,1,1,2,Stimulus,,,,,,,,,,,,
SV022,L,464,3,0,0,1,0,Stimulus,,,,,,,,,,,,
SV022,L,465,2,2,1,0,2,Stimulus,,,,,,,,,,,,
SV022,L,466,3,2,1,1,2,Stimulus,,,,,,,,,,,,
SV022,L,467,3,0,0,0,0,Stimulus,,,,,,,,,,,,
SV022,L,468,2,2,1,1,2,Stimulus,,,,,,,,,,,,
SV022,L,469,2,0,1,1,0,Stimulus,,,,,,,,,,,,
SV022,L,470,2,0,0,0,0,Stimulus,,,,,,,,,,,,
SV022,L,471,2,3,1,1,3,Stimulus,,,,,,,,,,,,
SV022,L,472,2,3,0,1,3,Stimulus,,,,,,,,,,,,
SV022,L,473,3,2,1,1,2,Stimulus,,,,,,,,,,,,
SV022,L,474,3,3,1,0,3,Stimulus,,,,,,,,,,,,
SV022,L,475,2,2,0,0,2,Stimulus,,,,,,,,,,,,
SV022,L,476,3,0,0,0,0,Stimulus,,,,,,,,,,,,
SV022,L,477,3,0,1,0,0,Stimulus,,,,,,,,,,,,
SV022,L,478,2,3,1,1,3,Stimulus,,,,,,,,,,,,
SV022,L,479,2,3,1,1,3,Stimulus,,,,,,,,,,,,
SV022,L,480,2,0,0,0,0,Stimulus,,,,,,,,,,,,
SV022,R,1,2,0,1,0,3,Stimulus,,,,,,,,,,,,
SV022,R,2,2,3,1,1,3,Stimulus,,,,,,,,,,,,
SV022,R,3,3,3,1,0,3,Stimulus,,,,,,,,,,,,
SV022,R,4,2,2,1,1,3,Stimulus,,,,,,,,,,,,
SV022,R,5,2,2,1,1,3,Stimulus,,,,,,,,,,,,
SV022,R,6,3,0,0,1,3,Stimulus,,,,,,,,0.8,0.8,70.0,70.0,16.0
SV022,R,7,2,0,0,1,3,Stimulus,,,,,,,,,,,,
SV022,R,8,3,3,1,0,3,Stimulus,,,,,,,,,,,,
SV022,R,9,2,2,1,0,3,Stimulus,,,,,,,,,,,,
SV022,R,10,2,2,0,0,3,Stimulus,,,,,,,,,,,,
SV022,R,11,2,2,1,1,3,Stimulus,,,,,,,,,,,,
SV022,R,12,3,2,0,0,3,Stimulus,,,,,,,,,,,,
SV022,R,13,3,2,1,0,3,Stimulus,,,,,,,,,,,,
SV022,R,14,3,0,0,1,3,Stimulus,,,,,,,,,,,,
SV022,R,15,2,2,0,0,3,Stimulus,,,,,,,,,,,,
SV022,R,16,3,3,0,0,3,Stimulus,,,,,,,,,,,,
SV022,R,17,2,0,1,1,3,Stimulus,,,,,,,,,,,,
SV022,R,18,3,2,0,0,3,Stimulus,,,,,,,,,,,,
SV022,R,19,2,0,1,0,3,Stimulus,,,,,,,,,,,,
SV022,R,20,3,0,1,0,3,Stimulus,,,,,,,,,,,,
SV022,R,21,2,0,1,1,3,Stimulus,,,,,,,,2.5,2.5,124.0,124.0,28.0
SV022,R,22,3,2,1,0,3,Stimulus,,,,,,,,,,,,
SV022,R,23,2,0,0,0,3,Stimulus,,,,,,,,,,,,
SV022,R,24,2,3,0,0,3,Stimulus,,,,,,,,1.1,1.1,97.0,97.0,16.0
SV022,R,25,2,3,0,0,3,Stimulus,,,,,,,,,,,,
SV022,R,26,2,2,0,1,3,Stimulus,,,,,,,,,,,,
SV022,R,27,2,0,0,0,3,Stimulus,,,,,,,,,,,,
SV022,R,28,3,3,1,0,3,Stimulus,,,,,,,,,,,,
SV022,R,29,3,3,1,0,3,Stimulus,,,,,,,,,,,,
SV022,R,30,3,2,1,1,3,Stimulus,,,,,,,,,,,,
SV022,R,31,2,2,1,0,3,Stimulus,,,,,,,,,,,,
SV022,R,32,3,3,1,1,3,Stimulus,,,,,,,,,,,,
SV022,R,33,3,3,0,1,3,Stimulus,,,,,,,,,,,,
SV022,R,34,2,0,0,1,2,Stimulus,,,,,,,,,,,,
SV022,R,35,3,2,0,1,2,Stimulus,,,,,,,,,,,,
SV022,R,36,3,3,0,0,3,Stimulus,,,,,,,,,,,,
SV022,R,37,3,0,1,0,3,Stimulus,,,,,,,,2.7,2.7,130.0,130.0,28.0
SV022,R,38,2,3,0,0,3,Stimulus,,,,,,,,,,,,
SV022,R,39,2,3,0,0,3,Stimulus,,,,,,,,,,,,
SV022,R,40,2,0,1,1,2,Stimulus,,,,,,,,,,,,
SV022,R,41,2,3,0,1,2,Stimulus,,,,,,,,,,,,
SV022,R,42,2,2,0,0,2,Stimulus,,,,,,,,,,,,
SV022,R,43,3,2,1,0,2,Stimulus,,,,,,,,,,,,
SV022,R,44,2,2,0,0,2,Stimulus,,,,,,,,,,,,
SV022,R,45,3,3,0,0,3,Stimulus,,,,,,,,,,,,
SV022,R,46,2,2,0,0,2,Stimulus,,,,,,,,,,,,
SV022,R,47,2,0,1,0,3,Stimulus,,,,,,,,,,,,
SV022,R,48,2,2,0,1,2,Stimulus,,,,,,,,,,,,
SV022,R,49,2,3,1,0,3,Stimulus,,,,,,,,,,,,
SV022,R,50,2,2,1,1,2,Stimulus,,,,,,,,,,,,
SV022,R,51,3,2,0,1,2,Stimulus,,,,,,,,,,,,
SV022,R,52,3,0,1,0,2,Stimulus,,,,,,,,,,,,
SV022,R,53,2,2,0,0,2,Stimulus,,,,,,,,,,,,
SV022,R,54,3,0,0,1,2,Stimulus,,,,,,,,,,,,
SV022,R,55,2,2,0,1,2,Stimulus,,,,,,,,,,,,
SV022,R,56,2,3,1,1,3,Stimulus,,,,,,,,,,,,
SV022,R,57,3,2,1,0,2,Stimulus,,,,,,,,,,,,
SV022,R,58,3,0,1,0,2,Stimulus,,,,,,,,,,,,
SV022,R,59,2,0,1,0,2,Stimulus,,,,,,,,,,,,
SV022,R,60,3,0,0,0,2,Stimulus,,,,,,,,,,,,
SV022,R,61,2,2,1,1,2,Stimulus,,,,,,,,,,,,
SV022,R,62,3,0,0,1,2,Stimulus,,,,,,,,,,,,
SV022,R,63,3,0,0,1,2,Stimulus,,,,,,,,,,,,
SV022,R,64,3,2,0,0,2,Stimulus,,,,,,,,,,,,
SV022,R,65,2,3,0,1,2,Stimulus,,,,,,,,,,,,
SV022,R,66,3,0,0,0,2,Stimulus,,,,,,,,,,,,
SV022,R,67,3,2,0,0,2,Stimulus,,,,,,,,,,,,
SV022,R,68,2,3,1,0,3,Stimulus,,,,,,,,,,,,
SV022,R,69,2,2,0,0,2,Stimulus,,,,,,,,,,,,
SV022,R,70,3,3,1,1,3,Stimulus,,,,,,,,,,,,
SV022,R,71,3,3,1,1,2,Stimulus,,,,,,,,,,,,
SV022,R,72,3,0,1,1,3,Stimulus,,,,,,,,,,,,
SV022,R,73,3,3,1,0,2,Stimulus,,,,,,,,,,,,
SV022,R,74,2,3,0,1,2,Stimulus,,,,,,,,,,,,
SV022,R,75,2,0,0,0,3,Stimulus,,,,,,,,,,,,
SV022,R,76,3,3,1,0,2,Stimulus,,,,,,,,,,,,
SV022,R,77,3,3,1,1,3,Stimulus,,,,,,,,,,,,
SV022,R,78,2,3,1,0,3,Stimulus,,,,,,,,,,,,
SV022,R,79,2,0,1,1,2,Stimulus,,,,,,,,,,,,
SV022,R,80,3,2,1,0,2,Stimulus,,,,,,,,,,,,
SV022,R,81,3,2,0,1,1,Stimulus,,,,,,,,,,,,
SV022,R,82,3,3,0,1,2,Stimulus,,,,,,,,,,,,
SV022,R,83,2,2,0,1,1,Stimulus,,,,,,,,,,,,
SV022,R,84,2,0,1,0,2,Stimulus,,,,,,,,,,,,
SV022,R,85,3,2,0,1,2,Stimulus,,,,,,,,,,,,
SV022,R,86,3,3,1,1,3,Stimulus,,,,,,,,,,,,
SV022,R,87,3,3,1,0,3,Stimulus,,,,,,,,,,,,
SV022,R,88,3,0,0,1,2,Stimulus,,,,,,,,,,,,
SV022,R,89,2,3,1,0,2,Stimulus,,,,,,,,,,,,
SV022,R,90,2,0,1,1,2,Stimulus,,,,,,,,,,,,
SV022,R,91,2,3,1,1,2,Stimulus,,,,,,,,,,,,
SV022,R,92,3,0,1,1,2,Stimulus,,,,,,,,,,,,
SV022,R,93,2,0,0,0,2,Stimulus,,,,,,,,,,,,
SV022,R,94,3,3,1,1,2,Stimulus,,,,,,,,,,,,
SV022,R,95,3,0,1,0,3,Stimulus,,,,,,,,,,,,
SV022,R,96,3,2,1,0,2,Stimulus,,,,,,,,,,,,
SV022,R,97,2,3,0,1,2,Stimulus,,,,,,,,,,,,
SV022,R,98,2,3,0,1,0,Stimulus,,,,,,,,,,,,
SV022,R,99,2,3,1,0,3,Stimulus,,,,,,,,,,,,
SV022,R,100,3,2,1,1,2,Stimulus,,,,,,,,0.6,0.6,69.0,69.0,12.0
SV022,R,101,2,0,0,0,2,Stimulus,,,,,,,,,,,,
SV022,R,102,3,0,0,0,3,Stimulus,,,,,,,,,,,,
SV022,R,103,3,0,1,0,3,Stimulus,,,,,,,,0.8,0.8,67.0,67.0,16.0
SV022,R,104,3,3,0,1,2,Stimulus,,,,,,,,,,,,
SV022,R,105,2,0,1,1,2,Stimulus,,,,,,,,,,,,
SV022,R,106,2,2,1,0,2,Stimulus,,,,,,,,,,,,
SV022,R,107,3,2,0,0,2,Stimulus,,,,,,,,,,,,
SV022,R,108,2,3,1,0,3,Stimulus,,,,,,,,,,,,
SV022,R,109,3,0,1,1,2,Stimulus,,,,,,,,,,,,
SV022,R,110,3,0,0,1,3,Stimulus,,,,,,,,5.4,5.4,212.0,212.0,36.0
SV022,R,111,2,0,0,0,3,Stimulus,,,,,,,,,,,,
SV022,R,112,3,3,1,1,2,Stimulus,,,,,,,,,,,,
SV022,R,113,2,3,0,0,3,Stimulus,,,,,,,,,,,,
SV022,R,114,3,3,0,1,2,Stimulus,,,,,,,,,,,,
SV022,R,115,3,3,0,0,3,Stimulus,,,,,,,,,,,,
SV022,R,116,2,3,0,0,3,Stimulus,,,,,,,,,,,,
SV022,R,117,2,3,1,0,3,Stimulus,,,,,,,,,,,,
SV022,R,118,2,2,0,1,2,Stimulus,,,,,,,,,,,,
SV022,R,119,2,0,1,1,3,Stimulus,,,,,,,,,,,,
SV022,R,120,2,3,0,1,2,Stimulus,,,,,,,,,,,,
SV022,R,121,2,3,1,1,2,Stimulus,,,,,,,,,,,,
SV022,R,122,3,3,0,0,3,Stimulus,,,,,,,,,,,,
SV022,R,123,3,3,0,0,3,Stimulus,,,,,,,,,,,,
SV022,R,124,3,3,1,1,2,Stimulus,,,,,,,,,,,,
SV022,R,125,2,0,1,0,2,Stimulus,,,,,,,,,,,,
SV022,R,126,3,0,1,1,2,Stimulus,,,,,,,,,,,,
SV022,R,127,2,3,0,0,2,Stimulus,,,,,,,,,,,,
SV022,R,128,3,3,0,0,3,Stimulus,,,,,,,,,,,,
SV022,R,129,2,3,1,1,2,Stimulus,,,,,,,,,,,,
SV022,R,130,3,0,0,0,2,Stimulus,,,,,,,,,,,,
SV022,R,131,2,3,0,1,2,Stimulus,,,,,,,,,,,,
SV022,R,132,2,2,1,0,2,Stimulus,,,,,,,,,,,,
SV022,R,133,3,0,1,0,2,Stimulus,,,,,,,,,,,,
SV022,R,134,3,3,0,1,2,Stimulus,,,,,,,,,,,,
SV022,R,135,3,2,0,1,2,Stimulus,,,,,,,,,,,,
SV022,R,136,2,0,0,1,1,Stimulus,,,,,,,,,,,,
SV022,R,137,2,3,0,1,1,Stimulus,,,,,,,,,,,,
SV022,R,138,2,2,1,1,2,Stimulus,,,,,,,,,,,,
SV022,R,139,3,2,1,1,2,Stimulus,,,,,,,,,,,,
SV022,R,140,3,2,1,1,2,Stimulus,,,,,,,,,,,,
SV022,R,141,3,0,1,0,2,Stimulus,,,,,,,,,,,,
SV022,R,142,2,0,0,0,2,Stimulus,,,,,,,,,,,,
SV022,R,143,3,0,0,1,1,Stimulus,,,,,,,,,,,,
SV022,R,144,2,3,0,1,1,Stimulus,,,,,,,,,,,,
SV022,R,145,2,0,1,1,2,Stimulus,,,,,,,,,,,,
SV022,R,146,2,2,0,0,2,Stimulus,,,,,,,,,,,,
SV022,R,147,3,0,1,1,2,Stimulus,,,,,,,,,,,,
SV022,R,148,3,0,0,0,2,Stimulus,,,,,,,,,,,,
SV022,R,149,3,3,1,0,3,Stimulus,,,,,,,,,,,,
SV022,R,150,3,3,0,1,1,Stimulus,,,,,,,,,,,,
SV022,R,151,2,2,1,1,2,Stimulus,,,,,,,,0.8,0.8,0.0,0.0,52.0
SV022,R,152,2,0,0,1,1,Stimulus,,,,,,,,,,,,
SV022,R,153,3,3,0,1,1,Stimulus,,,,,,,,6.3,6.3,171.0,171.0,64.0
SV022,R,154,3,3,1,0,2,Stimulus,,,,,,,,,,,,
SV022,R,155,2,2,1,0,2,Stimulus,,,,,,,,,,,,
SV022,R,156,3,2,1,0,2,Stimulus,,,,,,,,,,,,
SV022,R,157,2,3,0,1,2,Stimulus,,,,,,,,,,,,
SV022,R,158,2,0,0,1,1,Stimulus,,,,,,,,,,,,
SV022,R,159,2,0,0,1,0,Stimulus,,,,,,,,,,,,
SV022,R,160,3,0,0,0,2,Stimulus,,,,,,,,,,,,
SV022,R,161,2,3,1,0,2,Stimulus,,,,,,,,,,,,
SV022,R,162,3,0,1,1,2,Stimulus,,,,,,,,,,,,
SV022,R,163,2,0,1,0,4,Stimulus,,,,,,,,,,,,
SV022,R,164,3,3,0,1,1,Stimulus,,,,,,,,,,,,
SV022,R,165,3,0,1,1,2,Stimulus,,,,,,,,,,,,
SV022,R,166,3,2,0,1,2,Stimulus,,,,,,,,,,,,
SV022,R,167,3,2,0,0,2,Stimulus,,,,,,,,,,,,
SV022,R,168,2,2,1,0,2,Stimulus,,,,,,,,,,,,
SV022,R,169,3,0,0,0,2,Stimulus,,,,,,,,,,,,
SV022,R,170,3,2,0,0,2,Stimulus,,,,,,,,,,,,
SV022,R,171,2,3,1,1,3,Stimulus,,,,,,,,,,,,
SV022,R,172,2,0,1,0,3,Stimulus,,,,,,,,,,,,
SV022,R,173,2,2,1,0,2,Stimulus,,,,,,,,,,,,
SV022,R,174,3,3,1,1,2,Stimulus,,,,,,,,,,,,
SV022,R,175,3,2,0,1,1,Stimulus,,,,,,,,,,,,
SV022,R,176,3,0,0,0,0,Stimulus,,,,,,,,,,,,
SV022,R,177,3,2,0,1,2,Stimulus,,,,,,,,,,,,
SV022,R,178,2,2,1,1,2,Stimulus,,,,,,,,,,,,
SV022,R,179,3,2,0,0,2,Stimulus,,,,,,,,,,,,
SV022,R,180,3,0,1,1,2,Stimulus,,,,,,,,,,,,
SV022,R,181,2,2,0,1,2,Stimulus,,,,,,,,,,,,
SV022,R,182,3,0,1,1,2,Stimulus,,,,,,,,,,,,
SV022,R,183,2,2,0,1,1,Stimulus,,,,,,,,,,,,
SV022,R,184,2,2,0,0,2,Stimulus,,,,,,,,,,,,
SV022,R,185,2,0,1,0,2,Stimulus,,,,,,,,,,,,
SV022,R,186,2,0,0,0,2,Stimulus,,,,,,,,,,,,
SV022,R,187,2,2,1,0,2,Stimulus,,,,,,,,,,,,
SV022,R,188,2,2,0,1,2,Stimulus,,,,,,,,,,,,
SV022,R,189,3,2,0,0,2,Stimulus,,,,,,,,,,,,
SV022,R,190,3,0,0,0,3,Stimulus,,,,,,,,,,,,
SV022,R,191,2,0,1,1,3,Stimulus,,,,,,,,,,,,
SV022,R,192,2,2,1,1,2,Stimulus,,,,,,,,,,,,
SV022,R,193,2,3,1,1,2,Stimulus,,,,,,,,,,,,
SV022,R,194,3,2,0,1,2,Stimulus,,,,,,,,,,,,
SV022,R,195,3,2,1,0,2,Stimulus,,,,,,,,,,,,
SV022,R,196,2,3,0,0,3,Stimulus,,,,,,,,,,,,
SV022,R,197,2,3,1,1,2,Stimulus,,,,,,,,,,,,
SV022,R,198,2,0,0,0,2,Stimulus,,,,,,,,,,,,
SV022,R,199,3,2,1,1,2,Stimulus,,,,,,,,,,,,
SV022,R,200,3,2,1,1,2,Stimulus,1877.2,1877.2,1116.2,1116.2,686.0,686.0,72.0,1.2,1.2,0.0,0.0,100.0
SV022,R,201,3,0,0,1,1,Stimulus,,,,,,,,,,,,
SV022,R,202,3,0,0,1,2,Stimulus,,,,,,,,,,,,
SV022,R,203,3,3,0,0,3,Stimulus,,,,,,,,,,,,
SV022,R,204,2,2,1,0,2,Stimulus,,,,,,,,,,,,
SV022,R,205,3,3,0,1,2,Stimulus,,,,,,,,,,,,
SV022,R,206,3,2,0,1,2,Stimulus,,,,,,,,,,,,
SV022,R,207,3,3,0,0,3,Stimulus,,,,,,,,,,,,
SV022,R,208,3,0,1,0,2,Stimulus,,,,,,,,,,,,
SV022,R,209,2,0,0,1,1,Stimulus,,,,,,,,,,,,
SV022,R,210,2,0,1,0,2,Stimulus,,,,,,,,,,,,
SV022,R,211,3,2,0,0,2,Stimulus,,,,,,,,,,,,
SV022,R,212,3,2,1,1,2,Stimulus,,,,,,,,,,,,
SV022,R,213,2,3,0,0,2,Stimulus,,,,,,,,,,,,
SV022,R,214,2,2,0,1,2,Stimulus,,,,,,,,,,,,
SV022,R,215,2,0,0,0,2,Stimulus,,,,,,,,,,,,
SV022,R,216,2,3,1,1,2,Stimulus,,,,,,,,0.8,0.8,0.0,0.0,52.0
SV022,R,217,3,3,1,1,2,Stimulus,,,,,,,,,,,,
SV022,R,218,2,3,1,0,2,Stimulus,,,,,,,,,,,,
SV022,R,219,3,3,0,0,3,Stimulus,,,,,,,,,,,,
SV022,R,220,3,2,1,1,2,Stimulus,,,,,,,,,,,,
SV022,R,221,3,3,1,0,2,Stimulus,,,,,,,,,,,,
SV022,R,222,2,3,0,0,3,Stimulus,,,,,,,,,,,,
SV022,R,223,3,0,1,1,2,Stimulus,,,,,,,,,,,,
SV022,R,224,2,2,1,1,2,Stimulus,,,,,,,,,,,,
SV022,R,225,2,0,0,1,1,Stimulus,,,,,,,,,,,,
SV022,R,226,2,2,0,1,2,Stimulus,,,,,,,,,,,,
SV022,R,227,3,3,0,1,2,Stimulus,,,,,,,,,,,,
SV022,R,228,3,2,1,0,2,Stimulus,,,,,,,,,,,,
SV022,R,229,2,2,1,0,2,Stimulus,,,,,,,,,,,,
SV022,R,230,3,2,1,1,2,Stimulus,,,,,,,,,,,,
SV022,R,231,3,0,1,0,3,Stimulus,,,,,,,,,,,,
SV022,R,232,3,2,1,0,2,Stimulus,,,,,,,,,,,,
SV022,R,233,3,2,1,1,2,Stimulus,,,,,,,,,,,,
SV022,R,234,2,0,0,1,1,Stimulus,,,,,,,,,,,,
SV022,R,235,3,0,0,0,3,Stimulus,,,,,,,,,,,,
SV022,R,236,2,0,1,1,2,Stimulus,,,,,,,,,,,,
SV022,R,237,2,0,0,1,1,Stimulus,,,,,,,,,,,,
SV022,R,238,2,3,1,1,2,Stimulus,,,,,,,,,,,,
SV022,R,239,2,3,1,0,2,Stimulus,,,,,,,,,,,,
SV022,R,240,2,2,0,0,2,Stimulus,,,,,,,,,,,,
SV022,R,241,3,0,1,0,1,Stimulus,,,,,,,,,,,,
SV022,R,242,2,0,0,0,1,Stimulus,,,,,,,,,,,,
SV022,R,243,3,3,0,1,2,Stimulus,,,,,,,,,,,,
SV022,R,244,2,2,1,0,2,Stimulus,,,,,,,,3.3,3.3,205.0,205.0,24.0
SV022,R,245,3,0,1,0,0,Stimulus,,,,,,,,,,,,
SV022,R,246,2,0,1,1,0,Stimulus,,,,,,,,,,,,
SV022,R,247,2,3,1,1,2,Stimulus,,,,,,,,,,,,
SV022,R,248,3,3,0,1,3,Stimulus,,,,,,,,,,,,
SV022,R,249,3,0,1,0,0,Stimulus,,,,,,,,,,,,
SV022,R,250,3,2,1,0,2,Stimulus,,,,,,,,,,,,
SV022,R,251,2,2,0,0,2,Stimulus,,,,,,,,,,,,
SV022,R,252,3,2,1,1,2,Stimulus,,,,,,,,,,,,
SV022,R,253,3,3,1,1,3,Stimulus,,,,,,,,,,,,
SV022,R,254,2,3,0,1,3,Stimulus,,,,,,,,,,,,
SV022,R,255,3,2,0,1,2,Stimulus,,,,,,,,,,,,
SV022,R,256,3,3,1,0,3,Stimulus,,,,,,,,,,,,
SV022,R,257,2,3,0,0,3,Stimulus,,,,,,,,,,,,
SV022,R,258,3,2,0,0,2,Stimulus,,,,,,,,,,,,
SV022,R,259,2,3,0,0,3,Stimulus,,,,,,,,,,,,
SV022,R,260,3,0,1,0,0,Stimulus,,,,,,,,,,,,
SV022,R,261,3,2,1,0,2,Stimulus,,,,,,,,,,,,
SV022,R,262,3,3,1,0,3,Stimulus,,,,,,,,,,,,
SV022,R,263,3,2,0,1,2,Stimulus,,,,,,,,,,,,
SV022,R,264,3,0,0,0,0,Stimulus,,,,,,,,,,,,
SV022,R,265,2,3,1,0,3,Stimulus,,,,,,,,,,,,
SV022,R,266,3,0,1,0,0,Stimulus,,,,,,,,,,,,
SV022,R,267,2,2,1,0,2,Stimulus,,,,,,,,,,,,
SV022,R,268,2,3,1,1,3,Stimulus,,,,,,,,,,,,
SV022,R,269,2,0,0,0,0,Stimulus,,,,,,,,,,,,
SV022,R,270,3,3,0,0,3,Stimulus,,,,,,,,,,,,
SV022,R,271,3,2,1,0,2,Stimulus,,,,,,,,,,,,
SV022,R,272,2,0,0,0,0,Stimulus,,,,,,,,,,,,
SV022,R,273,2,0,0,1,0,Stimulus,,,,,,,,,,,,
SV022,R,274,3,3,1,0,3,Stimulus,,,,,,,,,,,,
SV022,R,275,3,0,0,1,0,Stimulus,,,,,,,,,,,,
SV022,R,276,2,0,0,0,0,Stimulus,,,,,,,,,,,,
SV022,R,277,3,3,0,0,3,Stimulus,,,,,,,,,,,,
SV022,R,278,3,0,1,1,0,Stimulus,,,,,,,,,,,,
SV022,R,279,3,3,1,1,3,Stimulus,818.7,818.7,2944.8,2944.8,101.0,101.0,24.0,23.6,23.6,649.0,649.0,72.0
SV022,R,280,2,0,0,1,0,Stimulus,,,,,,,,,,,,
SV022,R,281,2,0,0,1,0,Stimulus,,,,,,,,,,,,
SV022,R,282,3,2,0,1,2,Stimulus,,,,,,,,,,,,
SV022,R,283,3,0,0,1,0,Stimulus,,,,,,,,,,,,
SV022,R,284,3,3,0,0,3,Stimulus,,,,,,,,,,,,
SV022,R,285,2,3,1,0,3,Stimulus,,,,,,,,,,,,
SV022,R,286,2,0,0,1,0,Stimulus,,,,,,,,,,,,
SV022,R,287,3,2,1,1,2,Stimulus,,,,,,,,,,,,
SV022,R,288,3,0,0,0,0,Stimulus,,,,,,,,,,,,
SV022,R,289,3,0,1,0,0,Stimulus,,,,,,,,,,,,
SV022,R,290,2,0,1,0,0,Stimulus,,,,,,,,,,,,
SV022,R,291,2,3,1,0,3,Stimulus,,,,,,,,,,,,
SV022,R,292,2,2,1,0,2,Stimulus,,,,,,,,,,,,
SV022,R,293,2,3,1,1,3,Stimulus,,,,,,,,,,,,
SV022,R,294,3,3,0,0,3,Stimulus,,,,,,,,,,,,
SV022,R,295,2,3,1,1,3,Stimulus,,,,,,,,,,,,
SV022,R,296,2,3,0,0,3,Stimulus,,,,,,,,,,,,
SV022,R,297,2,2,0,0,2,Stimulus,,,,,,,,,,,,
SV022,R,298,2,2,1,0,2,Stimulus,,,,,,,,,,,,
SV022,R,299,2,3,1,0,3,Stimulus,,,,,,,,,,,,
SV022,R,300,2,3,0,0,3,Stimulus,,,,,,,,,,,,
SV022,R,301,2,0,0,0,0,Stimulus,,,,,,,,,,,,
SV022,R,302,3,0,1,1,0,Stimulus,,,,,,,,,,,,
SV022,R,303,3,0,0,1,0,Stimulus,,,,,,,,,,,,
SV022,R,304,3,2,0,0,2,Stimulus,,,,,,,,,,,,
SV022,R,305,2,2,1,1,2,Stimulus,,,,,,,,,,,,
SV022,R,306,3,2,0,0,2,Stimulus,,,,,,,,,,,,
SV022,R,307,2,0,1,1,0,Stimulus,,,,,,,,,,,,
SV022,R,308,2,2,1,1,2,Stimulus,,,,,,,,,,,,
SV022,R,309,2,2,0,0,2,Stimulus,,,,,,,,,,,,
SV022,R,310,3,3,0,1,3,Stimulus,,,,,,,,,,,,
SV022,R,311,2,2,0,1,2,Stimulus,,,,,,,,,,,,
SV022,R,312,3,3,0,1,3,Stimulus,,,,,,,,,,,,
SV022,R,313,2,3,1,0,3,Stimulus,,,,,,,,,,,,
SV022,R,314,3,0,0,0,0,Stimulus,,,,,,,,,,,,
SV022,R,315,3,2,1,1,2,Stimulus,,,,,,,,,,,,
SV022,R,316,2,2,0,0,2,Stimulus,,,,,,,,,,,,
SV022,R,317,2,3,0,0,3,Stimulus,,,,,,,,,,,,
SV022,R,318,2,2,0,0,2,Stimulus,,,,,,,,,,,,
SV022,R,319,3,0,0,0,0,Stimulus,,,,,,,,,,,,
SV022,R,320,3,3,0,0,3,Stimulus,,,,,,,,,,,,
SV022,R,321,2,0,0,1,0,Stimulus,,,,,,,,,,,,
SV022,R,322,3,3,0,0,3,Stimulus,,,,,,,,,,,,
SV022,R,323,2,3,1,0,3,Stimulus,,,,,,,,,,,,
SV022,R,324,2,0,0,1,0,Stimulus,,,,,,,,,,,,
SV022,R,325,3,0,0,1,0,Stimulus,,,,,,,,,,,,
SV022,R,326,3,2,1,1,2,Stimulus,,,,,,,,,,,,
SV022,R,327,3,3,0,0,3,Stimulus,,,,,,,,,,,,
SV022,R,328,3,0,1,1,0,Stimulus,,,,,,,,,,,,
SV022,R,329,3,3,0,1,2,Stimulus,,,,,,,,,,,,
SV022,R,330,3,2,1,0,2,Stimulus,,,,,,,,,,,,
SV022,R,331,3,3,1,1,3,Stimulus,,,,,,,,,,,,
SV022,R,332,2,2,1,0,2,Stimulus,,,,,,,,,,,,
SV022,R,333,2,0,1,0,0,Stimulus,,,,,,,,,,,,
SV022,R,334,3,3,0,0,3,Stimulus,,,,,,,,,,,,
SV022,R,335,3,2,0,0,2,Stimulus,,,,,,,,,,,,
SV022,R,336,2,0,1,1,0,Stimulus,,,,,,,,,,,,
SV022,R,337,2,3,0,1,3,Stimulus,,,,,,,,,,,,
SV022,R,338,3,3,0,0,3,Stimulus,,,,,,,,,,,,
SV022,R,339,3,0,1,1,0,Stimulus,,,,,,,,,,,,
SV022,R,340,3,2,0,1,2,Stimulus,,,,,,,,,,,,
SV022,R,341,2,3,0,1,3,Stimulus,,,,,,,,,,,,
SV022,R,342,2,0,1,0,0,Stimulus,,,,,,,,,,,,
SV022,R,343,3,2,0,1,2,Stimulus,,,,,,,,0.9,0.9,82.0,82.0,16.0
SV022,R,344,2,0,1,1,0,Stimulus,,,,,,,,,,,,
SV022,R,345,2,2,0,1,2,Stimulus,,,,,,,,,,,,
SV022,R,346,3,2,1,1,2,Stimulus,,,,,,,,,,,,
SV022,R,347,2,0,1,0,0,Stimulus,,,,,,,,,,,,
SV022,R,348,3,0,0,1,0,Stimulus,,,,,,,,,,,,
SV022,R,349,3,2,1,1,2,Stimulus,,,,,,,,,,,,
SV022,R,350,3,3,1,0,3,Stimulus,,,,,,,,,,,,
SV022,R,351,3,3,1,0,3,Stimulus,,,,,,,,,,,,
SV022,R,352,2,0,0,0,0,Stimulus,,,,,,,,,,,,
SV022,R,353,2,2,0,0,2,Stimulus,,,,,,,,,,,,
SV022,R,354,3,2,0,0,2,Stimulus,,,,,,,,,,,,
SV022,R,355,3,2,1,1,2,Stimulus,,,,,,,,,,,,
SV022,R,356,3,0,1,0,0,Stimulus,,,,,,,,,,,,
SV022,R,357,3,2,1,0,2,Stimulus,,,,,,,,,,,,
SV022,R,358,2,3,1,1,3,Stimulus,,,,,,,,,,,,
SV022,R,359,3,2,1,1,2,Stimulus,,,,,,,,,,,,
SV022,R,360,3,2,0,0,2,Stimulus,,,,,,,,,,,,
SV022,R,361,2,2,0,0,2,Stimulus,,,,,,,,,,,,
SV022,R,362,2,3,0,0,3,Stimulus,,,,,,,,,,,,
SV022,R,363,2,3,1,1,3,Stimulus,,,,,,,,,,,,
SV022,R,364,2,0,0,0,0,Stimulus,,,,,,,,,,,,
SV022,R,365,3,3,0,0,3,Stimulus,,,,,,,,,,,,
SV022,R,366,3,3,1,1,3,Stimulus,,,,,,,,,,,,
SV022,R,367,2,2,0,1,2,Stimulus,,,,,,,,0.9,0.9,78.0,78.0,16.0
SV022,R,368,3,3,1,0,3,Stimulus,,,,,,,,,,,,
SV022,R,369,2,2,1,1,2,Stimulus,,,,,,,,,,,,
SV022,R,370,2,0,0,0,0,Stimulus,,,,,,,,,,,,
SV022,R,371,3,2,0,1,2,Stimulus,,,,,,,,,,,,
SV022,R,372,2,2,0,0,2,Stimulus,,,,,,,,,,,,
SV022,R,373,3,3,0,1,3,Stimulus,,,,,,,,,,,,
SV022,R,374,2,2,1,0,2,Stimulus,,,,,,,,,,,,
SV022,R,375,2,2,1,1,2,Stimulus,,,,,,,,,,,,
SV022,R,376,3,0,0,0,0,Stimulus,,,,,,,,,,,,
SV022,R,377,3,0,1,0,0,Stimulus,,,,,,,,,,,,
SV022,R,378,3,2,0,0,2,Stimulus,,,,,,,,,,,,
SV022,R,379,3,0,0,1,0,Stimulus,,,,,,,,,,,,
SV022,R,380,2,3,1,1,3,Stimulus,,,,,,,,0.4,0.4,53.0,53.0,12.0
SV022,R,381,3,0,1,1,0,Stimulus,,,,,,,,,,,,
SV022,R,382,2,3,1,1,3,Stimulus,,,,,,,,,,,,
SV022,R,383,2,3,0,1,3,Stimulus,,,,,,,,,,,,
SV022,R,384,3,3,1,0,3,Stimulus,,,,,,,,,,,,
SV022,R,385,2,0,1,0,0,Stimulus,,,,,,,,,,,,
SV022,R,386,3,3,1,1,3,Stimulus,,,,,,,,,,,,
SV022,R,387,3,3,1,1,3,Stimulus,,,,,,,,,,,,
SV022,R,388,3,0,1,0,0,Stimulus,,,,,,,,,,,,
SV022,R,389,3,0,1,1,0,Stimulus,,,,,,,,,,,,
SV022,R,390,2,2,0,0,2,Stimulus,,,,,,,,,,,,
SV022,R,391,2,2,1,1,2,Stimulus,,,,,,,,,,,,
SV022,R,392,2,2,0,1,2,Stimulus,,,,,,,,,,,,
SV022,R,393,3,2,0,0,2,Stimulus,,,,,,,,,,,,
SV022,R,394,2,2,0,0,2,Stimulus,,,,,,,,,,,,
SV022,R,395,3,0,0,0,0,Stimulus,,,,,,,,,,,,
SV022,R,396,2,0,1,0,0,Stimulus,,,,,,,,,,,,
SV022,R,397,2,2,0,1,2,Stimulus,,,,,,,,,,,,
SV022,R,398,2,3,0,1,3,Stimulus,,,,,,,,0.5,0.5,65.0,65.0,12.0
SV022,R,399,2,2,1,1,2,Stimulus,,,,,,,,,,,,
SV022,R,400,3,3,0,1,3,Stimulus,,,,,,,,,,,,
SV022,R,401,3,2,1,0,2,Stimulus,,,,,,,,,,,,
SV022,R,402,2,3,1,0,3,Stimulus,,,,,,,,,,,,
SV022,R,403,2,3,1,0,3,Stimulus,,,,,,,,3.3,3.3,142.0,142.0,32.0
SV022,R,404,3,0,0,0,0,Stimulus,,,,,,,,,,,,
SV022,R,405,3,0,0,1,0,Stimulus,,,,,,,,,,,,
SV022,R,406,3,3,0,1,3,Stimulus,,,,,,,,,,,,
SV022,R,407,2,2,1,0,2,Stimulus,,,,,,,,,,,,
SV022,R,408,3,2,1,1,2,Stimulus,,,,,,,,,,,,
SV022,R,409,3,0,0,1,0,Stimulus,,,,,,,,,,,,
SV022,R,410,2,2,1,0,2,Stimulus,,,,,,,,,,,,
SV022,R,411,2,2,1,0,2,Stimulus,,,,,,,,,,,,
SV022,R,412,3,3,1,1,4,Stimulus,,,,,,,,,,,,
SV022,R,413,2,0,1,0,0,Stimulus,,,,,,,,,,,,
SV022,R,414,2,0,0,0,0,Stimulus,,,,,,,,,,,,
SV022,R,415,2,0,1,1,0,Stimulus,,,,,,,,,,,,
SV022,R,416,3,3,0,1,3,Stimulus,,,,,,,,,,,,
SV022,R,417,3,2,0,1,2,Stimulus,,,,,,,,,,,,
SV022,R,418,2,3,0,1,3,Stimulus,,,,,,,,,,,,
SV022,R,419,2,3,0,1,4,Stimulus,,,,,,,,,,,,
SV022,R,420,3,2,1,0,2,Stimulus,,,,,,,,,,,,
SV022,R,421,3,2,1,0,2,Stimulus,,,,,,,,,,,,
SV022,R,422,3,0,0,1,0,Stimulus,,,,,,,,,,,,
SV022,R,423,2,0,1,1,0,Stimulus,,,,,,,,,,,,
SV022,R,424,3,3,0,1,3,Stimulus,,,,,,,,,,,,
SV022,R,425,2,2,0,1,2,Stimulus,,,,,,,,,,,,
SV022,R,426,2,3,1,1,3,Stimulus,,,,,,,,,,,,
SV022,R,427,2,0,1,1,0,Stimulus,,,,,,,,,,,,
SV022,R,428,2,0,0,1,0,Stimulus,,,,,,,,,,,,
SV022,R,429,2,0,1,0,0,Stimulus,,,,,,,,,,,,
SV022,R,430,3,0,1,1,0,Stimulus,,,,,,,,,,,,
SV022,R,431,3,0,1,1,0,Stimulus,,,,,,,,,,,,
SV022,R,432,2,2,1,0,2,Stimulus,,,,,,,,,,,,
SV022,R,433,3,0,1,1,0,Stimulus,,,,,,,,,,,,
SV022,R,434,2,3,1,1,3,Stimulus,,,,,,,,0.5,0.5,58.0,58.0,12.0
SV022,R,435,2,3,0,0,3,Stimulus,,,,,,,,,,,,
SV022,R,436,3,3,1,0,3,Stimulus,,,,,,,,0.5,0.5,64.0,64.0,12.0
SV022,R,437,3,2,0,0,2,Stimulus,,,,,,,,,,,,
SV022,R,438,3,2,0,1,2,Stimulus,,,,,,,,3.7,3.7,163.0,163.0,32.0
SV022,R,439,2,3,1,0,3,Stimulus,,,,,,,,0.8,0.8,75.0,75.0,16.0
SV022,R,440,3,2,0,1,2,Stimulus,,,,,,,,,,,,
SV022,R,441,3,0,0,0,0,Stimulus,,,,,,,,,,,,
SV022,R,442,3,3,1,0,3,Stimulus,,,,,,,,,,,,
SV022,R,443,2,0,1,1,0,Stimulus,,,,,,,,0.5,0.5,59.0,59.0,12.0
SV022,R,444,2,3,0,0,3,Stimulus,,,,,,,,,,,,
SV022,R,445,3,0,0,1,0,Stimulus,,,,,,,,,,,,
SV022,R,446,3,3,1,0,3,Stimulus,,,,,,,,,,,,
SV022,R,447,2,0,0,1,0,Stimulus,,,,,,,,,,,,
SV022,R,448,3,2,0,0,2,Stimulus,,,,,,,,,,,,
SV022,R,449,2,0,0,1,0,Stimulus,,,,,,,,,,,,
SV022,R,450,2,0,1,0,0,Stimulus,,,,,,,,,,,,
SV022,R,451,2,3,0,1,3,Stimulus,,,,,,,,,,,,
SV022,R,452,2,0,1,1,0,Stimulus,,,,,,,,,,,,
SV022,R,453,2,3,1,0,3,Stimulus,,,,,,,,,,,,
SV022,R,454,3,2,1,1,2,Stimulus,,,,,,,,,,,,
SV022,R,455,3,0,1,1,0,Stimulus,,,,,,,,,,,,
SV022,R,456,2,2,1,1,2,Stimulus,,,,,,,,,,,,
SV022,R,457,2,0,1,0,0,Stimulus,,,,,,,,,,,,
SV022,R,458,3,3,1,1,3,Stimulus,,,,,,,,,,,,
SV022,R,459,2,2,0,1,2,Stimulus,,,,,,,,,,,,
SV022,R,460,2,2,0,1,2,Stimulus,,,,,,,,,,,,
SV022,R,461,3,2,1,0,2,Stimulus,,,,,,,,,,,,
SV022,R,462,2,0,0,1,0,Stimulus,,,,,,,,,,,,
SV022,R,463,3,0,1,0,0,Stimulus,,,,,,,,,,,,
SV022,R,464,3,3,1,1,3,Stimulus,,,,,,,,,,,,
SV022,R,465,2,2,0,1,2,Stimulus,,,,,,,,,,,,
SV022,R,466,2,3,0,1,3,Stimulus,,,,,,,,,,,,
SV022,R,467,2,2,1,1,2,Stimulus,,,,,,,,,,,,
SV022,R,468,3,0,0,0,0,Stimulus,,,,,,,,,,,,
SV022,R,469,2,0,1,1,0,Stimulus,,,,,,,,,,,,
SV022,R,470,3,0,0,0,0,Stimulus,,,,,,,,,,,,
SV022,R,471,2,2,1,1,2,Stimulus,,,,,,,,,,,,
SV022,R,472,3,2,0,1,2,Stimulus,,,,,,,,,,,,
SV022,R,473,2,3,0,0,3,Stimulus,,,,,,,,,,,,
SV022,R,474,3,3,1,1,3,Stimulus,,,,,,,,,,,,
SV022,R,475,2,2,0,1,2,Stimulus,,,,,,,,,,,,
SV022,R,476,2,0,0,0,0,Stimulus,,,,,,,,,,,,
SV022,R,477,2,2,1,1,2,Stimulus,,,,,,,,,,,,
SV022,R,478,3,2,1,0,2,Stimulus,,,,,,,,,,,,
SV022,R,479,2,3,0,1,3,Stimulus,,,,,,,,,,,,
SV022,R,480,2,3,0,0,3,Stimulus,,,,,,,,,,,,
