subj_id,eye,trial_no,n_flash,n_beep,direction,blindspot,response,phase,fixation_x_mean,fixation_x_max,fixation_y_mean,fixation_y_max,pupil_avg_mean,pupil_avg_max,fixation_duration_mean,saccade_amplitude_mean,saccade_amplitude_max,saccade_velocity_mean,saccade_velocity_max,saccade_duration_mean
SV028,L,1,3,3,1,1,3,Fixation,,,,,,,,,,,,
SV028,L,2,2,3,0,0,3,Fixation,,,,,,,,,,,,
SV028,L,3,3,3,0,1,3,Fixation,,,,,,,,,,,,
SV028,L,4,2,2,0,1,2,Fixation,,,,,,,,,,,,
SV028,L,5,2,0,0,1,2,Fixation,,,,,,,,,,,,
SV028,L,6,2,0,1,1,3,Fixation,,,,,,,,,,,,
SV028,L,7,3,0,0,1,2,Fixation,,,,,,,,,,,,
SV028,L,8,2,0,0,1,2,Fixation,,,,,,,,,,,,
SV028,L,9,3,2,0,1,2,Fixation,,,,,,,,,,,,
SV028,L,10,2,2,0,0,2,Fixation,,,,,,,,,,,,
SV028,L,11,3,2,0,1,2,Fixation,,,,,,,,,,,,
SV028,L,12,2,0,0,0,2,Fixation,,,,,,,,,,,,
SV028,L,13,3,2,1,1,2,Fixation,,,,,,,,,,,,
SV028,L,14,2,2,0,0,2,Fixation,,,,,,,,,,,,
SV028,L,15,3,0,1,0,2,Fixation,,,,,,,,,,,,
SV028,L,16,2,0,0,0,2,Fixation,,,,,,,,,,,,
SV028,L,17,3,0,1,1,2,Fixation,,,,,,,,,,,,
SV028,L,18,3,3,0,1,3,Fixation,,,,,,,,,,,,
SV028,L,19,2,2,0,1,2,Fixation,,,,,,,,,,,,
SV028,L,20,2,3,1,1,3,Fixation,,,,,,,,,,,,
SV028,L,21,3,0,1,1,3,Fixation,,,,,,,,,,,,
SV028,L,22,3,3,0,0,3,Fixation,,,,,,,,,,,,
SV028,L,23,3,0,0,1,2,Fixation,,,,,,,,,,,,
SV028,L,24,3,2,0,0,2,Fixation,,,,,,,,,,,,
SV028,L,25,2,0,0,1,2,Fixation,,,,,,,,,,,,
SV028,L,26,3,0,1,1,2,Fixation,,,,,,,,,,,,
SV028,L,27,2,3,1,1,2,Fixation,,,,,,,,,,,,
SV028,L,28,2,3,0,0,2,Fixation,,,,,,,,,,,,
SV028,L,29,3,0,0,1,2,Fixation,,,,,,,,,,,,
SV028,L,30,3,0,1,1,2,Fixation,,,,,,,,,,,,
SV028,L,31,2,2,1,0,2,Fixation,,,,,,,,,,,,
SV028,L,32,2,0,1,1,2,Fixation,,,,,,,,,,,,
SV028,L,33,3,2,1,1,2,Fixation,,,,,,,,,,,,
SV028,L,34,3,3,1,1,2,Fixation,,,,,,,,,,,,
SV028,L,35,2,3,1,0,2,Fixation,,,,,,,,,,,,
SV028,L,36,2,0,0,0,2,Fixation,,,,,,,,,,,,
SV028,L,37,2,2,1,1,2,Fixation,,,,,,,,,,,,
SV028,L,38,2,2,0,0,2,Fixation,,,,,,,,,,,,
SV028,L,39,2,3,0,1,2,Fixation,,,,,,,,,,,,
SV028,L,40,2,3,0,0,2,Fixation,,,,,,,,,,,,
SV028,L,41,3,2,0,1,2,Fixation,,,,,,,,,,,,
SV028,L,42,3,2,0,0,2,Fixation,,,,,,,,,,,,
SV028,L,43,2,3,1,1,2,Fixation,,,,,,,,,,,,
SV028,L,44,3,0,1,1,2,Fixation,,,,,,,,,,,,
SV028,L,45,3,3,1,0,2,Fixation,,,,,,,,,,,,
SV028,L,46,3,2,1,1,2,Fixation,,,,,,,,,,,,
SV028,L,47,3,2,0,0,2,Fixation,,,,,,,,,,,,
SV028,L,48,2,3,0,1,2,Fixation,,,,,,,,,,,,
SV028,L,49,3,0,1,0,2,Fixation,,,,,,,,,,,,
SV028,L,50,3,3,0,0,3,Fixation,,,,,,,,,,,,
SV028,L,51,2,2,1,0,2,Fixation,,,,,,,,,,,,
SV028,L,52,3,0,0,0,3,Fixation,,,,,,,,,,,,
SV028,L,53,3,0,0,0,2,Fixation,,,,,,,,,,,,
SV028,L,54,2,3,0,1,3,Fixation,,,,,,,,,,,,
SV028,L,55,3,0,0,0,2,Fixation,,,,,,,,,,,,
SV028,L,56,3,3,0,0,2,Fixation,,,,,,,,,,,,
SV028,L,57,2,2,0,0,2,Fixation,,,,,,,,,,,,
SV028,L,58,3,0,0,0,3,Fixation,,,,,,,,,,,,
SV028,L,59,3,3,0,1,3,Fixation,,,,,,,,,,,,
SV028,L,60,3,3,1,1,2,Fixation,,,,,,,,,,,,
SV028,L,61,3,3,1,1,2,Fixation,,,,,,,,,,,,
SV028,L,62,3,0,0,1,2,Fixation,,,,,,,,,,,,
SV028,L,63,2,2,1,0,2,Fixation,,,,,,,,,,,,
SV028,L,64,2,3,1,0,3,Fixation,,,,,,,,,,,,
SV028,L,65,2,3,1,0,3,Fixation,,,,,,,,,,,,
SV028,L,66,2,2,1,0,3,Fixation,,,,,,,,,,,,
SV028,L,67,2,0,1,0,2,Fixation,,,,,,,,,,,,
SV028,L,68,3,0,0,0,2,Fixation,,,,,,,,,,,,
SV028,L,69,3,3,1,1,2,Fixation,,,,,,,,,,,,
SV028,L,70,3,0,0,0,2,Fixation,,,,,,,,,,,,
SV028,L,71,2,2,0,0,2,Fixation,,,,,,,,,,,,
SV028,L,72,3,2,1,1,2,Fixation,,,,,,,,,,,,
SV028,L,73,2,3,0,1,3,Fixation,,,,,,,,,,,,
SV028,L,74,2,3,0,1,3,Fixation,,,,,,,,,,,,
SV028,L,75,2,0,1,1,2,Fixation,,,,,,,,,,,,
SV028,L,76,2,2,1,0,2,Fixation,,,,,,,,,,,,
SV028,L,77,3,2,1,0,2,Fixation,,,,,,,,,,,,
SV028,L,78,3,3,0,0,2,Fixation,,,,,,,,,,,,
SV028,L,79,3,2,0,0,2,Fixation,,,,,,,,,,,,
SV028,L,80,3,0,1,0,2,Fixation,,,,,,,,,,,,
SV028,L,81,3,2,0,0,2,Fixation,,,,,,,,,,,,
SV028,L,82,2,0,0,0,2,Fixation,,,,,,,,,,,,
SV028,L,83,2,2,0,1,2,Fixation,,,,,,,,,,,,
SV028,L,84,3,0,0,0,2,Fixation,,,,,,,,,,,,
SV028,L,85,2,0,0,0,2,Fixation,,,,,,,,,,,,
SV028,L,86,3,0,0,1,2,Fixation,,,,,,,,,,,,
SV028,L,87,2,0,0,1,2,Fixation,,,,,,,,,,,,
SV028,L,88,2,0,1,0,2,Fixation,,,,,,,,,,,,
SV028,L,89,3,0,1,0,2,Fixation,,,,,,,,,,,,
SV028,L,90,3,2,1,1,2,Fixation,,,,,,,,,,,,
SV028,L,91,2,3,1,0,3,Fixation,,,,,,,,,,,,
SV028,L,92,3,0,0,1,2,Fixation,,,,,,,,,,,,
SV028,L,93,3,0,1,0,2,Fixation,,,,,,,,,,,,
SV028,L,94,3,3,0,1,3,Fixation,,,,,,,,,,,,
SV028,L,95,3,0,1,0,3,Fixation,,,,,,,,,,,,
SV028,L,96,2,2,1,0,2,Fixation,,,,,,,,,,,,
SV028,L,97,2,3,0,1,3,Fixation,,,,,,,,,,,,
SV028,L,98,3,3,0,1,3,Fixation,,,,,,,,,,,,
SV028,L,99,2,0,1,1,2,Fixation,,,,,,,,,,,,
SV028,L,100,3,2,1,1,2,Fixation,,,,,,,,,,,,
SV028,L,101,3,0,1,1,2,Fixation,,,,,,,,,,,,
SV028,L,102,3,2,0,1,2,Fixation,,,,,,,,,,,,
SV028,L,103,3,2,0,0,2,Fixation,,,,,,,,,,,,
SV028,L,104,3,0,0,1,2,Fixation,,,,,,,,,,,,
SV028,L,105,2,2,1,1,2,Fixation,,,,,,,,,,,,
SV028,L,106,3,2,0,0,2,Fixation,,,,,,,,,,,,
SV028,L,107,3,0,0,0,3,Fixation,,,,,,,,,,,,
SV028,L,108,3,2,1,1,2,Fixation,,,,,,,,,,,,
SV028,L,109,3,0,0,0,2,Fixation,,,,,,,,,,,,
SV028,L,110,3,2,1,0,2,Fixation,,,,,,,,,,,,
SV028,L,111,2,2,0,1,2,Fixation,,,,,,,,,,,,
SV028,L,112,3,2,0,0,2,Fixation,,,,,,,,,,,,
SV028,L,113,2,3,0,0,3,Fixation,,,,,,,,,,,,
SV028,L,114,2,2,0,1,2,Fixation,,,,,,,,,,,,
SV028,L,115,3,3,1,0,3,Fixation,,,,,,,,,,,,
SV028,L,116,2,3,0,0,3,Fixation,,,,,,,,,,,,
SV028,L,117,3,3,0,1,3,Fixation,,,,,,,,,,,,
SV028,L,118,2,2,0,0,2,Fixation,,,,,,,,,,,,
SV028,L,119,3,3,0,0,3,Fixation,,,,,,,,,,,,
SV028,L,120,2,2,1,0,2,Fixation,,,,,,,,,,,,
SV028,L,121,2,2,1,1,2,Fixation,,,,,,,,,,,,
SV028,L,122,3,0,1,0,3,Fixation,,,,,,,,,,,,
SV028,L,123,3,3,0,1,3,Fixation,,,,,,,,,,,,
SV028,L,124,2,0,0,1,2,Fixation,,,,,,,,,,,,
SV028,L,125,3,2,0,1,2,Fixation,,,,,,,,,,,,
SV028,L,126,2,2,0,1,2,Fixation,,,,,,,,,,,,
SV028,L,127,2,3,1,0,3,Fixation,,,,,,,,,,,,
SV028,L,128,3,3,0,0,3,Fixation,,,,,,,,,,,,
SV028,L,129,3,2,1,0,2,Fixation,,,,,,,,,,,,
SV028,L,130,3,3,1,0,3,Fixation,,,,,,,,,,,,
SV028,L,131,3,3,1,1,3,Fixation,,,,,,,,,,,,
SV028,L,132,2,2,0,0,2,Fixation,,,,,,,,,,,,
SV028,L,133,2,3,0,0,3,Fixation,,,,,,,,,,,,
SV028,L,134,3,3,1,0,3,Fixation,,,,,,,,,,,,
SV028,L,135,2,3,0,0,3,Fixation,,,,,,,,,,,,
SV028,L,136,2,2,1,1,2,Fixation,,,,,,,,,,,,
SV028,L,137,3,0,1,0,3,Fixation,,,,,,,,,,,,
SV028,L,138,2,0,1,0,2,Fixation,,,,,,,,,,,,
SV028,L,139,2,3,1,0,3,Fixation,,,,,,,,,,,,
SV028,L,140,3,0,1,1,2,Fixation,,,,,,,,,,,,
SV028,L,141,3,0,1,0,3,Fixation,,,,,,,,,,,,
SV028,L,142,2,3,1,0,3,Fixation,,,,,,,,,,,,
SV028,L,143,2,0,0,0,2,Fixation,,,,,,,,,,,,
SV028,L,144,3,0,0,1,2,Fixation,,,,,,,,,,,,
SV028,L,145,3,3,1,1,3,Fixation,,,,,,,,,,,,
SV028,L,146,2,2,1,0,2,Fixation,,,,,,,,,,,,
SV028,L,147,2,2,0,1,2,Fixation,,,,,,,,,,,,
SV028,L,148,3,3,1,0,3,Fixation,,,,,,,,,,,,
SV028,L,149,3,3,0,0,3,Fixation,,,,,,,,,,,,
SV028,L,150,2,0,0,0,2,Fixation,,,,,,,,,,,,
SV028,L,151,3,2,0,0,2,Fixation,,,,,,,,,,,,
SV028,L,152,2,0,1,0,2,Fixation,,,,,,,,,,,,
SV028,L,153,3,0,1,1,2,Fixation,,,,,,,,,,,,
SV028,L,154,3,2,1,0,2,Fixation,,,,,,,,,,,,
SV028,L,155,3,2,1,0,2,Fixation,,,,,,,,,,,,
SV028,L,156,2,2,1,1,2,Fixation,,,,,,,,,,,,
SV028,L,157,3,3,1,0,2,Fixation,,,,,,,,,,,,
SV028,L,158,2,3,0,1,3,Fixation,,,,,,,,,,,,
SV028,L,159,3,2,0,1,2,Fixation,,,,,,,,,,,,
SV028,L,160,3,3,0,1,3,Fixation,,,,,,,,,,,,
SV028,L,161,2,3,0,0,2,Fixation,,,,,,,,,,,,
SV028,L,162,2,2,0,1,2,Fixation,,,,,,,,,,,,
SV028,L,163,2,2,1,1,2,Fixation,,,,,,,,,,,,
SV028,L,164,2,3,1,1,2,Fixation,,,,,,,,,,,,
SV028,L,165,2,0,1,1,2,Fixation,,,,,,,,,,,,
SV028,L,166,2,0,0,1,2,Fixation,,,,,,,,,,,,
SV028,L,167,3,2,1,0,2,Fixation,,,,,,,,,,,,
SV028,L,168,2,0,0,0,2,Fixation,,,,,,,,,,,,
SV028,L,169,2,0,0,1,2,Fixation,,,,,,,,,,,,
SV028,L,170,2,0,1,0,2,Fixation,,,,,,,,,,,,
SV028,L,171,2,0,0,1,3,Fixation,,,,,,,,,,,,
SV028,L,172,2,0,0,1,2,Fixation,,,,,,,,,,,,
SV028,L,173,3,3,0,0,3,Fixation,,,,,,,,,,,,
SV028,L,174,3,0,0,1,3,Fixation,,,,,,,,,,,,
SV028,L,175,2,3,1,1,2,Fixation,,,,,,,,,,,,
SV028,L,176,3,3,1,0,2,Fixation,,,,,,,,,,,,
SV028,L,177,2,2,0,0,2,Fixation,,,,,,,,,,,,
SV028,L,178,2,0,1,0,2,Fixation,,,,,,,,,,,,
SV028,L,179,2,0,1,0,2,Fixation,,,,,,,,,,,,
SV028,L,180,2,2,0,1,2,Fixation,,,,,,,,,,,,
SV028,L,181,2,3,1,0,2,Fixation,,,,,,,,,,,,
SV028,L,182,2,2,1,1,2,Fixation,,,,,,,,,,,,
SV028,L,183,2,0,0,1,2,Fixation,,,,,,,,,,,,
SV028,L,184,3,0,1,1,2,Fixation,,,,,,,,,,,,
SV028,L,185,3,3,1,0,3,Fixation,,,,,,,,,,,,
SV028,L,186,2,0,0,0,2,Fixation,,,,,,,,,,,,
SV028,L,187,3,3,1,0,3,Fixation,,,,,,,,,,,,
SV028,L,188,3,2,0,1,2,Fixation,,,,,,,,,,,,
SV028,L,189,2,0,1,1,3,Fixation,,,,,,,,,,,,
SV028,L,190,2,3,0,0,3,Fixation,,,,,,,,,,,,
SV028,L,191,3,2,1,0,2,Fixation,,,,,,,,,,,,
SV028,L,192,2,2,0,1,2,Fixation,,,,,,,,,,,,
SV028,L,193,3,0,1,1,2,Fixation,,,,,,,,,,,,
SV028,L,194,2,3,1,1,2,Fixation,,,,,,,,,,,,
SV028,L,195,3,2,1,0,2,Fixation,,,,,,,,,,,,
SV028,L,196,2,0,1,0,2,Fixation,,,,,,,,,,,,
SV028,L,197,2,0,1,1,2,Fixation,,,,,,,,,,,,
SV028,L,198,3,2,1,1,2,Fixation,,,,,,,,,,,,
SV028,L,199,3,0,1,0,2,Fixation,,,,,,,,,,,,
SV028,L,200,3,2,0,1,2,Fixation,,,,,,,,,,,,
SV028,L,201,2,3,0,1,2,Fixation,,,,,,,,,,,,
SV028,L,202,2,2,0,0,2,Fixation,,,,,,,,,,,,
SV028,L,203,2,0,1,0,2,Fixation,,,,,,,,,,,,
SV028,L,204,2,2,1,0,3,Fixation,,,,,,,,,,,,
SV028,L,205,3,2,0,0,2,Fixation,,,,,,,,,,,,
SV028,L,206,2,2,1,1,2,Fixation,,,,,,,,,,,,
SV028,L,207,3,3,1,1,2,Fixation,,,,,,,,,,,,
SV028,L,208,3,3,1,1,2,Fixation,,,,,,,,,,,,
SV028,L,209,3,2,1,1,2,Fixation,,,,,,,,,,,,
SV028,L,210,3,3,1,0,3,Fixation,,,,,,,,,,,,
SV028,L,211,2,2,1,0,2,Fixation,,,,,,,,,,,,
SV028,L,212,3,2,0,1,2,Fixation,,,,,,,,,,,,
SV028,L,213,3,3,0,1,3,Fixation,,,,,,,,,,,,
SV028,L,214,3,3,0,0,3,Fixation,,,,,,,,,,,,
SV028,L,215,2,2,1,1,1,Fixation,,,,,,,,,,,,
SV028,L,216,3,3,1,1,3,Fixation,,,,,,,,,,,,
SV028,L,217,2,3,0,0,3,Fixation,,,,,,,,,,,,
SV028,L,218,2,0,1,1,2,Fixation,,,,,,,,,,,,
SV028,L,219,2,3,1,1,3,Fixation,,,,,,,,,,,,
SV028,L,220,2,0,1,0,2,Fixation,,,,,,,,,,,,
SV028,L,221,3,3,0,0,3,Fixation,,,,,,,,,,,,
SV028,L,222,2,3,1,0,2,Fixation,,,,,,,,,,,,
SV028,L,223,3,2,1,0,2,Fixation,,,,,,,,,,,,
SV028,L,224,2,3,1,1,2,Fixation,,,,,,,,,,,,
SV028,L,225,2,2,0,0,2,Fixation,,,,,,,,,,,,
SV028,L,226,3,2,1,0,2,Fixation,,,,,,,,,,,,
SV028,L,227,3,2,0,1,2,Fixation,,,,,,,,,,,,
SV028,L,228,3,0,0,1,2,Fixation,,,,,,,,,,,,
SV028,L,229,2,3,0,1,1,Fixation,,,,,,,,,,,,
SV028,L,230,3,3,0,1,1,Fixation,,,,,,,,,,,,
SV028,L,231,2,0,1,1,2,Fixation,,,,,,,,,,,,
SV028,L,232,2,3,1,1,2,Fixation,,,,,,,,,,,,
SV028,L,233,2,3,1,0,3,Fixation,,,,,,,,,,,,
SV028,L,234,2,2,1,1,2,Fixation,,,,,,,,,,,,
SV028,L,235,2,3,0,1,1,Fixation,,,,,,,,,,,,
SV028,L,236,3,2,1,1,1,Fixation,,,,,,,,,,,,
SV028,L,237,2,0,1,1,2,Fixation,,,,,,,,,,,,
SV028,L,238,2,3,1,1,2,Fixation,,,,,,,,,,,,
SV028,L,239,3,0,0,0,2,Fixation,,,,,,,,,,,,
SV028,L,240,2,0,0,0,2,Fixation,,,,,,,,,,,,
SV028,L,241,3,2,0,0,2,Fixation,,,,,,,,,,,,
SV028,L,242,3,0,1,0,0,Fixation,,,,,,,,,,,,
SV028,L,243,2,3,0,0,2,Fixation,,,,,,,,,,,,
SV028,L,244,3,3,0,1,3,Fixation,,,,,,,,,,,,
SV028,L,245,2,3,0,1,3,Fixation,,,,,,,,,,,,
SV028,L,246,2,0,1,1,0,Fixation,,,,,,,,,,,,
SV028,L,247,2,2,0,1,2,Fixation,,,,,,,,,,,,
SV028,L,248,3,0,1,1,0,Fixation,,,,,,,,,,,,
SV028,L,249,3,3,0,1,3,Fixation,,,,,,,,,,,,
SV028,L,250,3,0,0,0,0,Fixation,,,,,,,,,,,,
SV028,L,251,2,3,1,1,2,Fixation,,,,,,,,,,,,
SV028,L,252,2,3,1,0,2,Fixation,,,,,,,,,,,,
SV028,L,253,2,0,0,0,0,Fixation,,,,,,,,,,,,
SV028,L,254,2,0,1,0,0,Fixation,,,,,,,,,,,,
SV028,L,255,2,0,1,0,0,Fixation,,,,,,,,,,,,
SV028,L,256,3,2,1,0,2,Fixation,,,,,,,,,,,,
SV028,L,257,3,0,0,1,0,Fixation,,,,,,,,,,,,
SV028,L,258,2,0,1,0,0,Fixation,,,,,,,,,,,,
SV028,L,259,2,0,1,0,0,Fixation,,,,,,,,,,,,
SV028,L,260,2,0,1,1,0,Fixation,,,,,,,,,,,,
SV028,L,261,3,3,1,0,2,Fixation,,,,,,,,,,,,
SV028,L,262,3,0,0,0,0,Fixation,,,,,,,,,,,,
SV028,L,263,3,3,0,1,2,Fixation,,,,,,,,,,,,
SV028,L,264,2,3,1,0,2,Fixation,,,,,,,,,,,,
SV028,L,265,2,0,1,1,0,Fixation,,,,,,,,,,,,
SV028,L,266,3,2,0,1,1,Fixation,,,,,,,,,,,,
SV028,L,267,2,3,0,0,2,Fixation,,,,,,,,,,,,
SV028,L,268,2,0,0,1,0,Fixation,,,,,,,,,,,,
SV028,L,269,3,3,1,1,3,Fixation,,,,,,,,,,,,
SV028,L,270,3,0,1,1,0,Fixation,,,,,,,,,,,,
SV028,L,271,2,0,0,0,0,Fixation,,,,,,,,,,,,
SV028,L,272,2,2,1,0,2,Fixation,,,,,,,,,,,,
SV028,L,273,2,2,1,1,2,Fixation,,,,,,,,,,,,
SV028,L,274,2,0,1,0,0,Fixation,,,,,,,,,,,,
SV028,L,275,3,2,0,0,2,Fixation,,,,,,,,,,,,
SV028,L,276,3,2,1,0,2,Fixation,,,,,,,,,,,,
SV028,L,277,3,3,1,1,3,Fixation,,,,,,,,0.1,0.1,583.0,583.0,104.0
SV028,L,278,3,3,0,1,3,Fixation,,,,,,,,,,,,
SV028,L,279,2,2,0,0,2,Fixation,,,,,,,,,,,,
SV028,L,280,2,2,0,1,2,Fixation,,,,,,,,9.9,9.9,642.0,642.0,92.0
SV028,L,281,2,3,0,0,3,Fixation,,,,,,,,,,,,
SV028,L,282,2,3,1,0,3,Fixation,,,,,,,,,,,,
SV028,L,283,3,2,0,0,2,Fixation,,,,,,,,,,,,
SV028,L,284,2,3,0,0,3,Fixation,,,,,,,,,,,,
SV028,L,285,3,0,0,1,0,Fixation,,,,,,,,,,,,
SV028,L,286,2,3,0,1,3,Fixation,,,,,,,,,,,,
SV028,L,287,3,2,0,0,2,Fixation,,,,,,,,,,,,
SV028,L,288,3,2,1,1,2,Fixation,,,,,,,,,,,,
SV028,L,289,3,0,1,1,0,Fixation,,,,,,,,,,,,
SV028,L,290,3,2,0,0,2,Fixation,,,,,,,,,,,,
SV028,L,291,2,0,0,1,0,Fixation,,,,,,,,,,,,
SV028,L,292,2,2,0,0,2,Fixation,,,,,,,,,,,,
SV028,L,293,3,0,1,0,0,Fixation,,,,,,,,,,,,
SV028,L,294,3,3,1,1,3,Fixation,,,,,,,,,,,,
SV028,L,295,2,2,1,1,2,Fixation,,,,,,,,,,,,
SV028,L,296,2,3,1,1,3,Fixation,,,,,,,,,,,,
SV028,L,297,2,0,0,1,0,Fixation,,,,,,,,,,,,
SV028,L,298,3,3,1,0,3,Fixation,,,,,,,,,,,,
SV028,L,299,3,0,0,0,0,Fixation,,,,,,,,,,,,
SV028,L,300,3,3,1,1,2,Fixation,,,,,,,,,,,,
SV028,L,301,3,3,1,0,2,Fixation,,,,,,,,,,,,
SV028,L,302,3,0,0,1,0,Fixation,,,,,,,,,,,,
SV028,L,303,2,2,1,1,2,Fixation,,,,,,,,,,,,
SV028,L,304,2,2,1,1,2,Fixation,,,,,,,,,,,,
SV028,L,305,3,3,1,1,3,Fixation,,,,,,,,,,,,
SV028,L,306,3,0,1,0,0,Fixation,,,,,,,,,,,,
SV028,L,307,3,3,0,0,3,Fixation,,,,,,,,,,,,
SV028,L,308,2,3,0,0,3,Fixation,,,,,,,,,,,,
SV028,L,309,3,3,1,0,3,Fixation,,,,,,,,,,,,
SV028,L,310,3,3,0,0,3,Fixation,,,,,,,,,,,,
SV028,L,311,3,2,1,0,2,Fixation,,,,,,,,,,,,
SV028,L,312,3,0,1,1,0,Fixation,,,,,,,,,,,,
SV028,L,313,2,0,0,0,0,Fixation,,,,,,,,,,,,
SV028,L,314,2,3,0,0,3,Fixation,,,,,,,,,,,,
SV028,L,315,3,2,0,1,2,Fixation,,,,,,,,,,,,
SV028,L,316,3,2,0,1,2,Fixation,,,,,,,,,,,,
SV028,L,317,3,0,0,0,0,Fixation,,,,,,,,,,,,
SV028,L,318,3,0,0,1,0,Fixation,,,,,,,,,,,,
SV028,L,319,2,2,0,1,2,Fixation,,,,,,,,,,,,
SV028,L,320,2,3,1,1,3,Fixation,,,,,,,,,,,,
SV028,L,321,2,0,0,0,0,Fixation,,,,,,,,,,,,
SV028,L,322,3,3,0,0,3,Fixation,,,,,,,,,,,,
SV028,L,323,3,0,1,1,0,Fixation,,,,,,,,,,,,
SV028,L,324,3,0,1,0,0,Fixation,,,,,,,,,,,,
SV028,L,325,2,0,1,1,0,Fixation,,,,,,,,,,,,
SV028,L,326,3,3,1,1,3,Fixation,,,,,,,,,,,,
SV028,L,327,2,0,0,0,0,Fixation,,,,,,,,,,,,
SV028,L,328,3,3,1,1,3,Fixation,,,,,,,,,,,,
SV028,L,329,3,0,1,1,0,Fixation,,,,,,,,,,,,
SV028,L,330,3,3,1,0,3,Fixation,,,,,,,,,,,,
SV028,L,331,2,0,1,0,0,Fixation,,,,,,,,,,,,
SV028,L,332,2,3,1,1,2,Fixation,,,,,,,,,,,,
SV028,L,333,2,2,1,0,2,Fixation,,,,,,,,,,,,
SV028,L,334,3,2,0,1,2,Fixation,,,,,,,,,,,,
SV028,L,335,2,0,1,0,0,Fixation,,,,,,,,,,,,
SV028,L,336,2,0,0,0,0,Fixation,,,,,,,,,,,,
SV028,L,337,2,0,0,0,0,Fixation,,,,,,,,,,,,
SV028,L,338,3,2,0,1,2,Fixation,,,,,,,,,,,,
SV028,L,339,3,2,1,0,2,Fixation,,,,,,,,,,,,
SV028,L,340,3,0,0,0,0,Fixation,,,,,,,,,,,,
SV028,L,341,3,0,0,1,0,Fixation,,,,,,,,,,,,
SV028,L,342,3,2,0,0,2,Fixation,,,,,,,,,,,,
SV028,L,343,3,2,1,1,2,Fixation,,,,,,,,,,,,
SV028,L,344,2,2,0,0,2,Fixation,,,,,,,,,,,,
SV028,L,345,2,2,1,0,2,Fixation,,,,,,,,,,,,
SV028,L,346,3,0,1,0,0,Fixation,,,,,,,,,,,,
SV028,L,347,2,0,1,0,0,Fixation,,,,,,,,,,,,
SV028,L,348,3,3,1,0,3,Fixation,,,,,,,,,,,,
SV028,L,349,2,0,1,1,0,Fixation,,,,,,,,,,,,
SV028,L,350,3,0,1,1,0,Fixation,,,,,,,,,,,,
SV028,L,351,3,2,0,0,2,Fixation,,,,,,,,,,,,
SV028,L,352,3,3,0,0,3,Fixation,,,,,,,,,,,,
SV028,L,353,3,2,0,1,2,Fixation,,,,,,,,,,,,
SV028,L,354,2,3,0,1,3,Fixation,,,,,,,,,,,,
SV028,L,355,3,3,0,0,3,Fixation,,,,,,,,,,,,
SV028,L,356,3,0,0,0,0,Fixation,,,,,,,,,,,,
SV028,L,357,2,2,0,1,1,Fixation,,,,,,,,,,,,
SV028,L,358,3,3,1,1,3,Fixation,,,,,,,,,,,,
SV028,L,359,2,0,1,1,0,Fixation,,,,,,,,,,,,
SV028,L,360,2,3,1,1,3,Fixation,,,,,,,,,,,,
SV028,L,361,2,3,0,0,3,Fixation,,,,,,,,,,,,
SV028,L,362,2,0,0,1,0,Fixation,,,,,,,,,,,,
SV028,L,363,2,3,0,1,3,Fixation,,,,,,,,,,,,
SV028,L,364,2,0,0,1,0,Fixation,,,,,,,,,,,,
SV028,L,365,2,2,0,1,2,Fixation,,,,,,,,,,,,
SV028,L,366,3,2,1,0,2,Fixation,,,,,,,,,,,,
SV028,L,367,2,3,1,0,3,Fixation,,,,,,,,,,,,
SV028,L,368,2,0,1,1,0,Fixation,,,,,,,,,,,,
SV028,L,369,2,2,1,0,2,Fixation,,,,,,,,,,,,
SV028,L,370,2,3,1,0,3,Fixation,,,,,,,,,,,,
SV028,L,371,3,2,1,0,2,Fixation,,,,,,,,,,,,
SV028,L,372,3,3,0,1,3,Fixation,,,,,,,,,,,,
SV028,L,373,3,3,0,1,2,Fixation,,,,,,,,,,,,
SV028,L,374,2,3,0,0,0,Fixation,,,,,,,,,,,,
SV028,L,375,3,0,0,0,0,Fixation,,,,,,,,,,,,
SV028,L,376,2,3,1,1,2,Fixation,,,,,,,,,,,,
SV028,L,377,2,2,0,0,2,Fixation,,,,,,,,,,,,
SV028,L,378,3,2,1,1,2,Fixation,,,,,,,,,,,,
SV028,L,379,3,2,0,0,2,Fixation,,,,,,,,,,,,
SV028,L,380,2,2,0,1,2,Fixation,,,,,,,,,,,,
SV028,L,381,2,2,1,1,2,Fixation,,,,,,,,,,,,
SV028,L,382,3,2,1,1,2,Fixation,,,,,,,,0.5,0.5,58.0,58.0,12.0
SV028,L,383,3,2,1,1,2,Fixation,,,,,,,,,,,,
SV028,L,384,3,2,1,1,2,Fixation,,,,,,,,,,,,
SV028,L,385,3,2,0,1,2,Fixation,,,,,,,,,,,,
SV028,L,386,3,0,0,1,0,Fixation,,,,,,,,,,,,
SV028,L,387,3,2,1,0,2,Fixation,,,,,,,,,,,,
SV028,L,388,3,0,0,0,0,Fixation,,,,,,,,,,,,
SV028,L,389,2,0,0,1,0,Fixation,,,,,,,,,,,,
SV028,L,390,3,3,0,1,2,Fixation,,,,,,,,,,,,
SV028,L,391,3,2,1,1,2,Fixation,,,,,,,,,,,,
SV028,L,392,2,2,0,1,2,Fixation,,,,,,,,,,,,
SV028,L,393,2,0,1,1,0,Fixation,,,,,,,,,,,,
SV028,L,394,2,3,1,0,3,Fixation,,,,,,,,,,,,
SV028,L,395,3,0,1,0,0,Fixation,,,,,,,,,,,,
SV028,L,396,3,2,0,1,2,Fixation,,,,,,,,,,,,
SV028,L,397,3,3,0,0,3,Fixation,,,,,,,,,,,,
SV028,L,398,3,2,1,1,2,Fixation,,,,,,,,,,,,
SV028,L,399,2,2,1,0,2,Fixation,,,,,,,,,,,,
SV028,L,400,2,2,0,1,3,Fixation,,,,,,,,,,,,
SV028,L,401,3,0,0,1,0,Fixation,,,,,,,,,,,,
SV028,L,402,2,2,1,0,3,Fixation,,,,,,,,,,,,
SV028,L,403,2,2,1,0,3,Fixation,,,,,,,,,,,,
SV028,L,404,2,2,0,0,3,Fixation,,,,,,,,,,,,
SV028,L,405,2,2,0,0,3,Fixation,,,,,,,,,,,,
SV028,L,406,3,2,1,0,2,Fixation,,,,,,,,,,,,
SV028,L,407,3,0,1,1,0,Fixation,,,,,,,,,,,,
SV028,L,408,3,3,1,0,3,Fixation,,,,,,,,,,,,
SV028,L,409,3,3,1,0,3,Fixation,,,,,,,,,,,,
SV028,L,410,3,0,1,0,3,Fixation,,,,,,,,,,,,
SV028,L,411,2,2,1,1,2,Fixation,,,,,,,,,,,,
SV028,L,412,2,0,1,1,0,Fixation,,,,,,,,,,,,
SV028,L,413,2,2,1,0,0,Fixation,,,,,,,,,,,,
SV028,L,414,3,3,0,0,2,Fixation,,,,,,,,,,,,
SV028,L,415,3,0,1,0,0,Fixation,,,,,,,,,,,,
SV028,L,416,3,3,0,1,2,Fixation,,,,,,,,,,,,
SV028,L,417,2,0,0,0,0,Fixation,,,,,,,,,,,,
SV028,L,418,2,3,0,1,2,Fixation,,,,,,,,,,,,
SV028,L,419,3,0,0,1,0,Fixation,,,,,,,,,,,,
SV028,L,420,2,0,0,0,0,Fixation,,,,,,,,,,,,
SV028,L,421,2,0,0,1,0,Fixation,,,,,,,,,,,,
SV028,L,422,2,2,0,1,1,Fixation,,,,,,,,,,,,
SV028,L,423,3,0,0,1,0,Fixation,,,,,,,,,,,,
SV028,L,424,2,3,1,1,3,Fixation,,,,,,,,,,,,
SV028,L,425,3,3,0,0,3,Fixation,,,,,,,,,,,,
SV028,L,426,2,3,1,0,3,Fixation,,,,,,,,,,,,
SV028,L,427,3,3,1,1,3,Fixation,,,,,,,,,,,,
SV028,L,428,2,3,1,1,3,Fixation,,,,,,,,,,,,
SV028,L,429,2,2,0,0,2,Fixation,,,,,,,,,,,,
SV028,L,430,3,3,0,0,3,Fixation,,,,,,,,,,,,
SV028,L,431,2,3,0,1,3,Fixation,,,,,,,,,,,,
SV028,L,432,3,0,0,0,0,Fixation,,,,,,,,,,,,
SV028,L,433,3,3,0,0,3,Fixation,,,,,,,,,,,,
SV028,L,434,3,0,1,0,0,Fixation,,,,,,,,,,,,
SV028,L,435,2,0,0,1,0,Fixation,,,,,,,,,,,,
SV028,L,436,3,2,1,0,1,Fixation,,,,,,,,,,,,
SV028,L,437,3,2,0,0,1,Fixation,,,,,,,,,,,,
SV028,L,438,2,3,1,1,3,Fixation,,,,,,,,,,,,
SV028,L,439,2,3,1,0,3,Fixation,,,,,,,,,,,,
SV028,L,440,2,3,1,1,3,Fixation,,,,,,,,,,,,
SV028,L,441,2,3,1,0,3,Fixation,,,,,,,,,,,,
SV028,L,442,2,0,0,1,0,Fixation,,,,,,,,,,,,
SV028,L,443,2,2,1,0,2,Fixation,,,,,,,,,,,,
SV028,L,444,3,3,0,1,2,Fixation,,,,,,,,,,,,
SV028,L,445,2,0,1,0,0,Fixation,,,,,,,,,,,,
SV028,L,446,3,3,0,1,3,Fixation,,,,,,,,,,,,
SV028,L,447,3,0,1,1,0,Fixation,,,,,,,,,,,,
SV028,L,448,2,3,1,0,3,Fixation,,,,,,,,,,,,
SV028,L,449,2,2,1,0,2,Fixation,,,,,,,,,,,,
SV028,L,450,3,3,1,0,3,Fixation,,,,,,,,,,,,
SV028,L,451,3,0,1,1,0,Fixation,,,,,,,,0.4,0.4,672.0,672.0,132.0
SV028,L,452,2,3,0,1,3,Fixation,,,,,,,,,,,,
SV028,L,453,3,0,1,0,0,Fixation,,,,,,,,,,,,
SV028,L,454,3,2,0,1,1,Fixation,,,,,,,,,,,,
SV028,L,455,3,3,1,1,3,Fixation,,,,,,,,,,,,
SV028,L,456,2,0,1,1,0,Fixation,,,,,,,,,,,,
SV028,L,457,2,2,0,1,2,Fixation,,,,,,,,,,,,
SV028,L,458,2,0,0,1,0,Fixation,,,,,,,,,,,,
SV028,L,459,2,3,0,1,3,Fixation,,,,,,,,,,,,
SV028,L,460,2,3,0,1,2,Fixation,,,,,,,,,,,,
SV028,L,461,3,0,0,1,0,Fixation,,,,,,,,,,,,
SV028,L,462,2,2,1,1,2,Fixation,,,,,,,,,,,,
SV028,L,463,3,0,0,0,2,Fixation,,,,,,,,,,,,
SV028,L,464,3,2,0,0,2,Fixation,,,,,,,,,,,,
SV028,L,465,2,3,0,0,3,Fixation,,,,,,,,,,,,
SV028,L,466,2,2,1,1,2,Fixation,,,,,,,,,,,,
SV028,L,467,2,3,0,0,3,Fixation,,,,,,,,,,,,
SV028,L,468,3,3,1,0,3,Fixation,,,,,,,,,,,,
SV028,L,469,2,2,0,0,2,Fixation,,,,,,,,,,,,
SV028,L,470,3,2,1,0,2,Fixation,,,,,,,,,,,,
SV028,L,471,2,2,1,1,2,Fixation,,,,,,,,,,,,
SV028,L,472,3,2,0,1,2,Fixation,,,,,,,,,,,,
SV028,L,473,2,0,1,0,0,Fixation,,,,,,,,,,,,
SV028,L,474,2,3,0,1,2,Fixation,,,,,,,,,,,,
SV028,L,475,3,2,1,1,2,Fixation,,,,,,,,,,,,
SV028,L,476,3,2,1,1,2,Fixation,,,,,,,,,,,,
SV028,L,477,2,2,0,0,2,Fixation,,,,,,,,,,,,
SV028,L,478,2,0,0,0,0,Fixation,,,,,,,,,,,,
SV028,L,479,2,2,1,1,2,Fixation,,,,,,,,,,,,
SV028,L,480,2,2,0,0,2,Fixation,,,,,,,,,,,,
SV028,R,1,2,2,0,0,2,Fixation,,,,,,,,,,,,
SV028,R,2,3,0,1,1,2,Fixation,,,,,,,,,,,,
SV028,R,3,2,3,0,1,2,Fixation,,,,,,,,,,,,
SV028,R,4,3,2,1,0,2,Fixation,,,,,,,,,,,,
SV028,R,5,3,0,1,0,2,Fixation,,,,,,,,,,,,
SV028,R,6,3,3,1,1,2,Fixation,,,,,,,,,,,,
SV028,R,7,3,0,0,1,2,Fixation,,,,,,,,,,,,
SV028,R,8,2,0,0,1,2,Fixation,,,,,,,,,,,,
SV028,R,9,3,3,1,1,2,Fixation,,,,,,,,,,,,
SV028,R,10,3,2,1,0,2,Fixation,,,,,,,,,,,,
SV028,R,11,3,2,1,0,2,Fixation,,,,,,,,,,,,
SV028,R,12,2,2,0,0,2,Fixation,,,,,,,,,,,,
SV028,R,13,3,2,0,0,2,Fixation,,,,,,,,,,,,
SV028,R,14,3,3,1,0,3,Fixation,,,,,,,,,,,,
SV028,R,15,2,3,1,1,2,Fixation,,,,,,,,,,,,
SV028,R,16,3,2,0,1,2,Fixation,,,,,,,,,,,,
SV028,R,17,3,3,1,1,2,Fixation,,,,,,,,,,,,
SV028,R,18,2,3,0,0,3,Fixation,,,,,,,,,,,,
SV028,R,19,2,3,0,1,3,Fixation,,,,,,,,,,,,
SV028,R,20,3,2,0,0,2,Fixation,,,,,,,,,,,,
SV028,R,21,3,2,0,0,2,Fixation,,,,,,,,,,,,
SV028,R,22,3,3,0,1,3,Fixation,,,,,,,,,,,,
SV028,R,23,2,0,1,1,2,Fixation,,,,,,,,,,,,
SV028,R,24,2,2,1,1,2,Fixation,,,,,,,,,,,,
SV028,R,25,2,0,0,0,3,Fixation,,,,,,,,,,,,
SV028,R,26,3,0,0,0,3,Fixation,,,,,,,,,,,,
SV028,R,27,2,0,1,1,2,Fixation,,,,,,,,,,,,
SV028,R,28,3,2,1,1,2,Fixation,,,,,,,,,,,,
SV028,R,29,3,3,0,1,3,Fixation,,,,,,,,,,,,
SV028,R,30,3,3,0,1,2,Fixation,,,,,,,,,,,,
SV028,R,31,3,3,1,0,3,Fixation,,,,,,,,,,,,
SV028,R,32,2,2,0,0,2,Fixation,,,,,,,,,,,,
SV028,R,33,2,0,0,1,2,Fixation,,,,,,,,,,,,
SV028,R,34,3,0,0,1,2,Fixation,,,,,,,,,,,,
SV028,R,35,3,2,0,1,2,Fixation,,,,,,,,,,,,
SV028,R,36,2,0,0,0,2,Fixation,,,,,,,,,,,,
SV028,R,37,2,0,0,1,2,Fixation,,,,,,,,,,,,
SV028,R,38,2,0,1,0,2,Fixation,,,,,,,,,,,,
SV028,R,39,3,2,0,1,2,Fixation,,,,,,,,,,,,
SV028,R,40,2,0,1,0,2,Fixation,,,,,,,,,,,,
SV028,R,41,3,2,0,0,2,Fixation,,,,,,,,,,,,
SV028,R,42,3,3,1,0,2,Fixation,,,,,,,,,,,,
SV028,R,43,3,0,1,0,3,Fixation,,,,,,,,,,,,
SV028,R,44,3,3,0,0,3,Fixation,,,,,,,,,,,,
SV028,R,45,3,3,0,0,3,Fixation,,,,,,,,,,,,
SV028,R,46,3,3,0,1,3,Fixation,,,,,,,,,,,,
SV028,R,47,2,2,0,0,2,Fixation,,,,,,,,,,,,
SV028,R,48,2,3,0,1,3,Fixation,,,,,,,,,,,,
SV028,R,49,3,2,0,1,2,Fixation,,,,,,,,,,,,
SV028,R,50,2,0,1,0,2,Fixation,,,,,,,,,,,,
SV028,R,51,2,2,1,0,2,Fixation,,,,,,,,,,,,
SV028,R,52,3,0,0,1,2,Fixation,,,,,,,,,,,,
SV028,R,53,3,3,0,1,3,Fixation,,,,,,,,,,,,
SV028,R,54,3,2,0,1,2,Fixation,,,,,,,,,,,,
SV028,R,55,3,3,0,0,3,Fixation,,,,,,,,,,,,
SV028,R,56,3,3,1,1,2,Fixation,,,,,,,,,,,,
SV028,R,57,2,2,1,0,2,Fixation,,,,,,,,,,,,
SV028,R,58,2,3,1,1,2,Fixation,,,,,,,,,,,,
SV028,R,59,2,3,0,0,2,Fixation,,,,,,,,,,,,
SV028,R,60,2,3,0,1,2,Fixation,,,,,,,,,,,,
SV028,R,61,3,0,1,1,2,Fixation,,,,,,,,,,,,
SV028,R,62,2,3,1,1,2,Fixation,,,,,,,,,,,,
SV028,R,63,2,3,0,1,2,Fixation,,,,,,,,,,,,
SV028,R,64,2,2,1,1,2,Fixation,,,,,,,,,,,,
SV028,R,65,2,3,1,0,2,Fixation,,,,,,,,,,,,
SV028,R,66,3,0,0,1,2,Fixation,,,,,,,,,,,,
SV028,R,67,3,3,0,1,2,Fixation,,,,,,,,,,,,
SV028,R,68,3,3,0,0,3,Fixation,,,,,,,,,,,,
SV028,R,69,3,0,1,0,3,Fixation,,,,,,,,,,,,
SV028,R,70,3,3,1,0,2,Fixation,,,,,,,,,,,,
SV028,R,71,2,3,1,1,2,Fixation,,,,,,,,,,,,
SV028,R,72,2,0,0,0,2,Fixation,,,,,,,,,,,,
SV028,R,73,2,2,1,0,2,Fixation,,,,,,,,,,,,
SV028,R,74,3,2,0,0,3,Fixation,,,,,,,,,,,,
SV028,R,75,2,0,1,0,2,Fixation,,,,,,,,,,,,
SV028,R,76,3,2,1,0,2,Fixation,,,,,,,,,,,,
SV028,R,77,3,0,0,0,3,Fixation,,,,,,,,,,,,
SV028,R,78,2,3,0,1,3,Fixation,,,,,,,,,,,,
SV028,R,79,3,3,1,0,2,Fixation,,,,,,,,,,,,
SV028,R,80,2,3,0,1,3,Fixation,,,,,,,,,,,,
SV028,R,81,3,0,0,0,3,Fixation,,,,,,,,,,,,
SV028,R,82,3,2,1,1,2,Fixation,,,,,,,,,,,,
SV028,R,83,2,3,1,1,2,Fixation,,,,,,,,,,,,
SV028,R,84,2,0,1,0,2,Fixation,,,,,,,,,,,,
SV028,R,85,2,2,1,0,2,Fixation,,,,,,,,,,,,
SV028,R,86,2,2,0,1,2,Fixation,,,,,,,,,,,,
SV028,R,87,2,2,0,1,2,Fixation,,,,,,,,,,,,
SV028,R,88,2,0,1,0,2,Fixation,,,,,,,,,,,,
SV028,R,89,3,2,1,0,2,Fixation,,,,,,,,,,,,
SV028,R,90,2,0,1,1,2,Fixation,,,,,,,,,,,,
SV028,R,91,2,3,1,0,2,Fixation,,,,,,,,,,,,
SV028,R,92,3,0,0,0,3,Fixation,,,,,,,,,,,,
SV028,R,93,3,2,0,1,2,Fixation,,,,,,,,,,,,
SV028,R,94,2,2,1,0,2,Fixation,,,,,,,,,,,,
SV028,R,95,2,3,1,0,2,Fixation,,,,,,,,,,,,
SV028,R,96,2,0,1,0,2,Fixation,,,,,,,,,,,,
SV028,R,97,2,2,0,1,2,Fixation,,,,,,,,,,,,
SV028,R,98,2,0,0,1,2,Fixation,,,,,,,,,,,,
SV028,R,99,3,2,0,1,2,Fixation,,,,,,,,,,,,
SV028,R,100,3,0,1,0,3,Fixation,,,,,,,,,,,,
SV028,R,101,2,2,1,1,2,Fixation,,,,,,,,,,,,
SV028,R,102,3,2,0,0,2,Fixation,,,,,,,,,,,,
SV028,R,103,3,3,1,0,2,Fixation,,,,,,,,,,,,
SV028,R,104,3,3,0,0,3,Fixation,,,,,,,,,,,,
SV028,R,105,2,0,1,1,2,Fixation,,,,,,,,,,,,
SV028,R,106,2,0,0,0,2,Fixation,,,,,,,,,,,,
SV028,R,107,3,0,1,1,2,Fixation,,,,,,,,,,,,
SV028,R,108,2,0,0,1,2,Fixation,,,,,,,,,,,,
SV028,R,109,3,0,0,1,2,Fixation,,,,,,,,,,,,
SV028,R,110,3,0,0,1,2,Fixation,,,,,,,,,,,,
SV028,R,111,2,3,0,0,2,Fixation,,,,,,,,,,,,
SV028,R,112,2,0,0,0,2,Fixation,,,,,,,,,,,,
SV028,R,113,3,0,1,1,2,Fixation,,,,,,,,,,,,
SV028,R,114,3,3,0,1,3,Fixation,,,,,,,,,,,,
SV028,R,115,3,3,1,0,2,Fixation,,,,,,,,,,,,
SV028,R,116,2,0,1,0,2,Fixation,,,,,,,,,,,,
SV028,R,117,2,2,0,1,2,Fixation,,,,,,,,,,,,
SV028,R,118,3,3,0,0,3,Fixation,,,,,,,,,,,,
SV028,R,119,2,0,1,1,1,Fixation,,,,,,,,,,,,
SV028,R,120,2,0,0,1,2,Fixation,,,,,,,,,,,,
SV028,R,121,2,3,0,0,3,Fixation,,,,,,,,,,,,
SV028,R,122,2,2,0,1,2,Fixation,,,,,,,,,,,,
SV028,R,123,2,2,0,0,2,Fixation,,,,,,,,,,,,
SV028,R,124,3,0,0,1,1,Fixation,,,,,,,,,,,,
SV028,R,125,3,0,0,1,3,Fixation,,,,,,,,,,,,
SV028,R,126,3,3,0,0,3,Fixation,,,,,,,,,,,,
SV028,R,127,2,3,1,1,3,Fixation,,,,,,,,,,,,
SV028,R,128,2,2,1,1,2,Fixation,,,,,,,,,,,,
SV028,R,129,2,3,1,1,3,Fixation,,,,,,,,,,,,
SV028,R,130,3,0,1,1,1,Fixation,,,,,,,,,,,,
SV028,R,131,3,0,1,0,3,Fixation,,,,,,,,,,,,
SV028,R,132,2,0,0,0,2,Fixation,,,,,,,,,,,,
SV028,R,133,3,2,0,0,2,Fixation,,,,,,,,,,,,
SV028,R,134,3,3,0,1,3,Fixation,,,,,,,,,,,,
SV028,R,135,3,0,1,0,3,Fixation,,,,,,,,,,,,
SV028,R,136,3,3,1,1,2,Fixation,,,,,,,,,,,,
SV028,R,137,3,3,1,1,3,Fixation,,,,,,,,,,,,
SV028,R,138,3,0,1,1,2,Fixation,,,,,,,,,,,,
SV028,R,139,2,2,1,1,2,Fixation,,,,,,,,,,,,
SV028,R,140,2,0,0,0,2,Fixation,,,,,,,,,,,,
SV028,R,141,3,3,1,1,2,Fixation,,,,,,,,,,,,
SV028,R,142,2,2,0,1,2,Fixation,,,,,,,,,,,,
SV028,R,143,2,3,1,0,2,Fixation,,,,,,,,,,,,
SV028,R,144,2,0,0,0,2,Fixation,,,,,,,,,,,,
SV028,R,145,2,0,1,1,2,Fixation,,,,,,,,,,,,
SV028,R,146,3,0,1,1,1,Fixation,,,,,,,,,,,,
SV028,R,147,3,3,0,1,2,Fixation,,,,,,,,,,,,
SV028,R,148,3,0,1,1,2,Fixation,,,,,,,,,,,,
SV028,R,149,2,2,1,1,1,Fixation,,,,,,,,,,,,
SV028,R,150,3,2,1,1,1,Fixation,,,,,,,,,,,,
SV028,R,151,3,2,0,1,2,Fixation,,,,,,,,,,,,
SV028,R,152,2,2,1,1,2,Fixation,,,,,,,,,,,,
SV028,R,153,3,0,0,1,2,Fixation,,,,,,,,,,,,
SV028,R,154,2,3,1,1,2,Fixation,,,,,,,,,,,,
SV028,R,155,2,0,1,1,2,Fixation,,,,,,,,,,,,
SV028,R,156,3,0,1,0,2,Fixation,,,,,,,,,,,,
SV028,R,157,3,2,1,1,1,Fixation,,,,,,,,,,,,
SV028,R,158,3,0,0,0,2,Fixation,,,,,,,,,,,,
SV028,R,159,3,2,1,1,2,Fixation,,,,,,,,,,,,
SV028,R,160,2,3,1,0,3,Fixation,,,,,,,,,,,,
SV028,R,161,2,3,0,1,2,Fixation,,,,,,,,,,,,
SV028,R,162,3,2,0,0,2,Fixation,,,,,,,,,,,,
SV028,R,163,2,3,0,0,3,Fixation,,,,,,,,,,,,
SV028,R,164,2,3,0,1,2,Fixation,,,,,,,,,,,,
SV028,R,165,2,2,0,1,2,Fixation,,,,,,,,,,,,
SV028,R,166,3,2,0,1,2,Fixation,,,,,,,,,,,,
SV028,R,167,2,2,0,1,2,Fixation,,,,,,,,,,,,
SV028,R,168,2,3,0,0,2,Fixation,,,,,,,,,,,,
SV028,R,169,2,0,0,1,2,Fixation,,,,,,,,,,,,
SV028,R,170,3,0,0,0,2,Fixation,,,,,,,,,,,,
SV028,R,171,2,3,1,1,3,Fixation,,,,,,,,,,,,
SV028,R,172,3,0,1,0,3,Fixation,,,,,,,,,,,,
SV028,R,173,3,3,1,1,2,Fixation,,,,,,,,,,,,
SV028,R,174,3,0,0,0,2,Fixation,,,,,,,,,,,,
SV028,R,175,2,0,0,1,2,Fixation,,,,,,,,,,,,
SV028,R,176,3,2,1,0,2,Fixation,,,,,,,,,,,,
SV028,R,177,3,2,1,1,2,Fixation,,,,,,,,,,,,
SV028,R,178,2,0,0,1,1,Fixation,,,,,,,,,,,,
SV028,R,179,3,3,0,0,2,Fixation,,,,,,,,,,,,
SV028,R,180,2,0,0,0,2,Fixation,,,,,,,,,,,,
SV028,R,181,2,2,0,1,2,Fixation,,,,,,,,,,,,
SV028,R,182,2,3,1,0,2,Fixation,,,,,,,,,,,,
SV028,R,183,2,0,1,1,2,Fixation,,,,,,,,,,,,
SV028,R,184,3,3,0,0,2,Fixation,,,,,,,,,,,,
SV028,R,185,2,3,1,0,2,Fixation,,,,,,,,,,,,
SV028,R,186,3,3,1,1,2,Fixation,,,,,,,,,,,,
SV028,R,187,2,3,1,0,2,Fixation,,,,,,,,,,,,
SV028,R,188,2,3,1,1,2,Fixation,,,,,,,,,,,,
SV028,R,189,3,2,1,0,2,Fixation,,,,,,,,,,,,
SV028,R,190,2,3,0,0,2,Fixation,,,,,,,,,,,,
SV028,R,191,2,3,1,0,2,Fixation,,,,,,,,,,,,
SV028,R,192,2,2,0,0,2,Fixation,,,,,,,,,,,,
SV028,R,193,2,2,1,0,2,Fixation,,,,,,,,,,,,
SV028,R,194,2,2,0,0,2,Fixation,,,,,,,,,,,,
SV028,R,195,3,0,0,0,3,Fixation,,,,,,,,,,,,
SV028,R,196,2,2,1,0,2,Fixation,,,,,,,,,,,,
SV028,R,197,2,2,0,0,2,Fixation,,,,,,,,,,,,
SV028,R,198,2,2,1,1,2,Fixation,,,,,,,,,,,,
SV028,R,199,2,2,1,0,2,Fixation,,,,,,,,,,,,
SV028,R,200,2,0,1,1,2,Fixation,,,,,,,,,,,,
SV028,R,201,3,3,1,0,2,Fixation,,,,,,,,,,,,
SV028,R,202,3,2,1,1,2,Fixation,,,,,,,,,,,,
SV028,R,203,3,0,1,1,2,Fixation,,,,,,,,,,,,
SV028,R,204,2,3,0,0,2,Fixation,,,,,,,,,,,,
SV028,R,205,3,2,0,1,2,Fixation,,,,,,,,,,,,
SV028,R,206,3,2,1,0,2,Fixation,,,,,,,,,,,,
SV028,R,207,3,0,1,0,2,Fixation,,,,,,,,,,,,
SV028,R,208,3,0,1,0,2,Fixation,,,,,,,,,,,,
SV028,R,209,2,3,0,1,3,Fixation,,,,,,,,,,,,
SV028,R,210,2,2,1,0,2,Fixation,,,,,,,,,,,,
SV028,R,211,3,3,1,1,2,Fixation,,,,,,,,,,,,
SV028,R,212,2,3,0,0,3,Fixation,,,,,,,,,,,,
SV028,R,213,2,0,1,1,2,Fixation,,,,,,,,,,,,
SV028,R,214,3,3,0,1,3,Fixation,,,,,,,,,,,,
SV028,R,215,2,3,0,0,2,Fixation,,,,,,,,,,,,
SV028,R,216,2,2,1,0,2,Fixation,,,,,,,,,,,,
SV028,R,217,2,0,1,0,2,Fixation,,,,,,,,,,,,
SV028,R,218,3,0,1,1,3,Fixation,,,,,,,,,,,,
SV028,R,219,3,3,0,0,3,Fixation,,,,,,,,,,,,
SV028,R,220,3,2,1,1,2,Fixation,,,,,,,,,,,,
SV028,R,221,3,0,0,0,3,Fixation,,,,,,,,,,,,
SV028,R,222,3,0,0,0,3,Fixation,,,,,,,,,,,,
SV028,R,223,3,2,1,1,2,Fixation,,,,,,,,,,,,
SV028,R,224,2,2,0,0,1,Fixation,,,,,,,,,,,,
SV028,R,225,3,3,1,0,3,Fixation,,,,,,,,,,,,
SV028,R,226,2,0,0,1,3,Fixation,,,,,,,,,,,,
SV028,R,227,3,2,1,0,2,Fixation,,,,,,,,,,,,
SV028,R,228,3,2,1,0,1,Fixation,,,,,,,,,,,,
SV028,R,229,2,2,1,1,2,Fixation,,,,,,,,,,,,
SV028,R,230,3,0,0,1,2,Fixation,,,,,,,,,,,,
SV028,R,231,2,0,1,0,2,Fixation,,,,,,,,,,,,
SV028,R,232,2,2,0,1,1,Fixation,,,,,,,,,,,,
SV028,R,233,3,2,1,1,2,Fixation,,,,,,,,,,,,
SV028,R,234,3,3,1,0,2,Fixation,,,,,,,,,,,,
SV028,R,235,3,2,0,0,2,Fixation,,,,,,,,,,,,
SV028,R,236,2,0,0,0,2,Fixation,,,,,,,,,,,,
SV028,R,237,2,3,1,0,2,Fixation,,,,,,,,,,,,
SV028,R,238,2,2,0,0,2,Fixation,,,,,,,,,,,,
SV028,R,239,2,2,1,1,2,Fixation,,,,,,,,,,,,
SV028,R,240,3,2,0,0,2,Fixation,,,,,,,,,,,,
SV028,R,241,3,0,1,1,0,Fixation,,,,,,,,,,,,
SV028,R,242,2,3,0,1,2,Fixation,,,,,,,,,,,,
SV028,R,243,2,0,1,1,0,Fixation,,,,,,,,,,,,
SV028,R,244,3,0,0,0,0,Fixation,,,,,,,,,,,,
SV028,R,245,3,0,1,0,0,Fixation,,,,,,,,,,,,
SV028,R,246,3,2,0,0,2,Fixation,,,,,,,,,,,,
SV028,R,247,3,0,1,1,0,Fixation,,,,,,,,,,,,
SV028,R,248,2,0,1,1,0,Fixation,,,,,,,,,,,,
SV028,R,249,2,0,0,1,0,Fixation,,,,,,,,,,,,
SV028,R,250,2,3,0,1,2,Fixation,,,,,,,,,,,,
SV028,R,251,2,2,1,1,2,Fixation,,,,,,,,,,,,
SV028,R,252,3,3,1,1,3,Fixation,,,,,,,,,,,,
SV028,R,253,2,3,0,1,3,Fixation,,,,,,,,,,,,
SV028,R,254,2,2,1,1,2,Fixation,,,,,,,,,,,,
SV028,R,255,2,3,1,1,3,Fixation,,,,,,,,1.5,1.5,715.0,715.0,180.0
SV028,R,256,2,0,1,0,0,Fixation,,,,,,,,,,,,
SV028,R,257,3,0,0,1,0,Fixation,,,,,,,,,,,,
SV028,R,258,3,2,0,1,2,Fixation,,,,,,,,,,,,
SV028,R,259,2,3,1,1,3,Fixation,,,,,,,,,,,,
SV028,R,260,2,2,1,0,2,Fixation,,,,,,,,,,,,
SV028,R,261,2,0,1,0,0,Fixation,,,,,,,,,,,,
SV028,R,262,2,2,1,0,2,Fixation,,,,,,,,,,,,
SV028,R,263,2,2,1,1,2,Fixation,,,,,,,,,,,,
SV028,R,264,2,3,0,0,3,Fixation,,,,,,,,,,,,
SV028,R,265,3,3,1,1,3,Fixation,,,,,,,,,,,,
SV028,R,266,2,0,1,1,0,Fixation,,,,,,,,,,,,
SV028,R,267,3,2,0,0,2,Fixation,,,,,,,,,,,,
SV028,R,268,3,0,1,1,0,Fixation,,,,,,,,,,,,
SV028,R,269,2,2,0,0,2,Fixation,,,,,,,,,,,,
SV028,R,270,2,0,1,1,0,Fixation,,,,,,,,,,,,
SV028,R,271,2,2,0,1,2,Fixation,,,,,,,,,,,,
SV028,R,272,2,2,0,0,2,Fixation,,,,,,,,,,,,
SV028,R,273,3,0,1,0,0,Fixation,,,,,,,,,,,,
SV028,R,274,3,3,1,1,3,Fixation,,,,,,,,,,,,
SV028,R,275,2,0,0,1,0,Fixation,,,,,,,,,,,,
SV028,R,276,2,0,0,0,0,Fixation,,,,,,,,,,,,
SV028,R,277,2,2,1,0,2,Fixation,,,,,,,,,,,,
SV028,R,278,2,3,0,0,3,Fixation,,,,,,,,,,,,
SV028,R,279,2,3,1,0,3,Fixation,,,,,,,,,,,,
SV028,R,280,3,2,0,0,2,Fixation,,,,,,,,,,,,
SV028,R,281,3,3,1,0,3,Fixation,,,,,,,,,,,,
SV028,R,282,3,0,1,1,0,Fixation,,,,,,,,,,,,
SV028,R,283,3,2,1,1,2,Fixation,,,,,,,,,,,,
SV028,R,284,2,3,0,1,2,Fixation,,,,,,,,,,,,
SV028,R,285,3,2,1,1,1,Fixation,,,,,,,,,,,,
SV028,R,286,2,3,1,0,3,Fixation,,,,,,,,,,,,
SV028,R,287,2,3,1,1,3,Fixation,,,,,,,,,,,,
SV028,R,288,3,3,1,1,3,Fixation,,,,,,,,,,,,
SV028,R,289,3,2,1,1,3,Fixation,,,,,,,,,,,,
SV028,R,290,2,3,0,0,3,Fixation,,,,,,,,,,,,
SV028,R,291,3,0,0,0,3,Fixation,,,,,,,,,,,,
SV028,R,292,3,0,0,1,3,Fixation,,,,,,,,,,,,
SV028,R,293,3,3,0,1,4,Fixation,,,,,,,,,,,,
SV028,R,294,3,2,0,0,3,Fixation,,,,,,,,,,,,
SV028,R,295,3,2,0,0,3,Fixation,,,,,,,,,,,,
SV028,R,296,3,0,0,1,0,Fixation,,,,,,,,,,,,
SV028,R,297,3,3,1,1,3,Fixation,,,,,,,,,,,,
SV028,R,298,3,0,0,1,1,Fixation,,,,,,,,,,,,
SV028,R,299,3,0,0,0,0,Fixation,,,,,,,,,,,,
SV028,R,300,3,2,0,0,2,Fixation,,,,,,,,,,,,
SV028,R,301,3,3,0,1,3,Fixation,,,,,,,,,,,,
SV028,R,302,2,3,0,0,3,Fixation,,,,,,,,,,,,
SV028,R,303,3,0,1,1,0,Fixation,,,,,,,,,,,,
SV028,R,304,2,3,1,1,3,Fixation,,,,,,,,,,,,
SV028,R,305,2,3,1,0,3,Fixation,,,,,,,,,,,,
SV028,R,306,2,3,1,0,3,Fixation,,,,,,,,,,,,
SV028,R,307,3,0,0,1,0,Fixation,,,,,,,,,,,,
SV028,R,308,3,0,0,0,0,Fixation,,,,,,,,,,,,
SV028,R,309,2,0,1,1,0,Fixation,,,,,,,,,,,,
SV028,R,310,3,0,0,1,0,Fixation,,,,,,,,1.8,1.8,832.0,832.0,116.0
SV028,R,311,2,3,0,0,3,Fixation,,,,,,,,,,,,
SV028,R,312,2,0,1,0,0,Fixation,,,,,,,,,,,,
SV028,R,313,2,0,0,0,0,Fixation,,,,,,,,,,,,
SV028,R,314,3,2,1,0,1,Fixation,,,,,,,,,,,,
SV028,R,315,2,0,1,1,0,Fixation,,,,,,,,,,,,
SV028,R,316,3,2,0,1,2,Fixation,,,,,,,,,,,,
SV028,R,317,3,3,0,0,3,Fixation,,,,,,,,,,,,
SV028,R,318,3,2,0,1,1,Fixation,,,,,,,,,,,,
SV028,R,319,2,0,0,0,0,Fixation,,,,,,,,,,,,
SV028,R,320,3,3,1,1,3,Fixation,,,,,,,,,,,,
SV028,R,321,2,2,0,1,2,Fixation,,,,,,,,,,,,
SV028,R,322,3,2,1,0,2,Fixation,,,,,,,,,,,,
SV028,R,323,2,2,0,0,2,Fixation,,,,,,,,,,,,
SV028,R,324,2,0,0,1,0,Fixation,,,,,,,,,,,,
SV028,R,325,2,3,0,0,3,Fixation,,,,,,,,,,,,
SV028,R,326,3,2,1,0,2,Fixation,,,,,,,,,,,,
SV028,R,327,2,0,1,1,0,Fixation,,,,,,,,,,,,
SV028,R,328,2,3,1,1,3,Fixation,,,,,,,,,,,,
SV028,R,329,3,0,1,0,0,Fixation,,,,,,,,,,,,
SV028,R,330,2,2,1,1,2,Fixation,,,,,,,,,,,,
SV028,R,331,2,2,1,1,1,Fixation,,,,,,,,,,,,
SV028,R,332,3,3,0,1,3,Fixation,,,,,,,,,,,,
SV028,R,333,3,0,1,1,0,Fixation,,,,,,,,,,,,
SV028,R,334,3,3,1,1,3,Fixation,,,,,,,,,,,,
SV028,R,335,3,2,1,1,2,Fixation,,,,,,,,,,,,
SV028,R,336,3,3,1,0,3,Fixation,,,,,,,,,,,,
SV028,R,337,3,0,0,0,0,Fixation,,,,,,,,,,,,
SV028,R,338,2,2,1,0,2,Fixation,,,,,,,,,,,,
SV028,R,339,2,3,1,1,3,Fixation,,,,,,,,,,,,
SV028,R,340,3,3,1,0,3,Fixation,,,,,,,,,,,,
SV028,R,341,2,2,0,1,2,Fixation,,,,,,,,,,,,
SV028,R,342,2,3,0,1,3,Fixation,,,,,,,,,,,,
SV028,R,343,3,3,0,1,3,Fixation,,,,,,,,,,,,
SV028,R,344,3,0,1,0,3,Fixation,,,,,,,,,,,,
SV028,R,345,2,3,1,0,3,Fixation,,,,,,,,,,,,
SV028,R,346,2,2,1,0,2,Fixation,,,,,,,,,,,,
SV028,R,347,2,0,1,0,0,Fixation,,,,,,,,,,,,
SV028,R,348,3,2,0,1,2,Fixation,,,,,,,,,,,,
SV028,R,349,2,0,0,0,0,Fixation,,,,,,,,,,,,
SV028,R,350,3,2,1,1,1,Fixation,,,,,,,,,,,,
SV028,R,351,2,2,0,1,1,Fixation,,,,,,,,,,,,
SV028,R,352,3,3,0,1,3,Fixation,,,,,,,,,,,,
SV028,R,353,3,3,0,0,3,Fixation,,,,,,,,,,,,
SV028,R,354,3,2,0,1,2,Fixation,,,,,,,,,,,,
SV028,R,355,3,3,0,1,3,Fixation,,,,,,,,,,,,
SV028,R,356,2,0,0,0,0,Fixation,,,,,,,,,,,,
SV028,R,357,3,0,0,0,0,Fixation,,,,,,,,,,,,
SV028,R,358,3,3,1,0,3,Fixation,,,,,,,,,,,,
SV028,R,359,3,2,1,1,1,Fixation,,,,,,,,,,,,
SV028,R,360,3,0,1,0,0,Fixation,,,,,,,,,,,,
SV028,R,361,3,2,1,0,2,Fixation,,,,,,,,,,,,
SV028,R,362,3,3,1,1,3,Fixation,,,,,,,,,,,,
SV028,R,363,2,2,0,0,2,Fixation,,,,,,,,,,,,
SV028,R,364,2,2,0,0,2,Fixation,,,,,,,,,,,,
SV028,R,365,2,3,1,1,3,Fixation,,,,,,,,,,,,
SV028,R,366,3,0,1,1,0,Fixation,,,,,,,,,,,,
SV028,R,367,3,2,1,0,1,Fixation,,,,,,,,,,,,
SV028,R,368,2,3,1,1,3,Fixation,,,,,,,,,,,,
SV028,R,369,3,0,1,0,0,Fixation,,,,,,,,,,,,
SV028,R,370,3,3,1,0,3,Fixation,,,,,,,,,,,,
SV028,R,371,2,2,0,0,2,Fixation,,,,,,,,,,,,
SV028,R,372,2,2,0,1,2,Fixation,,,,,,,,,,,,
SV028,R,373,2,3,0,0,3,Fixation,,,,,,,,,,,,
SV028,R,374,2,2,1,1,1,Fixation,,,,,,,,,,,,
SV028,R,375,3,2,0,0,2,Fixation,,,,,,,,,,,,
SV028,R,376,3,3,0,0,3,Fixation,,,,,,,,,,,,
SV028,R,377,2,0,0,1,0,Fixation,,,,,,,,,,,,
SV028,R,378,3,3,1,0,3,Fixation,,,,,,,,,,,,
SV028,R,379,2,2,0,0,2,Fixation,,,,,,,,,,,,
SV028,R,380,3,2,1,1,3,Fixation,,,,,,,,,,,,
SV028,R,381,2,3,1,1,3,Fixation,,,,,,,,,,,,
SV028,R,382,3,3,0,0,3,Fixation,,,,,,,,,,,,
SV028,R,383,3,2,0,0,2,Fixation,,,,,,,,0.7,0.7,63.0,63.0,16.0
SV028,R,384,2,0,0,1,0,Fixation,,,,,,,,,,,,
SV028,R,385,2,2,0,0,2,Fixation,,,,,,,,,,,,
SV028,R,386,3,2,0,1,2,Fixation,,,,,,,,,,,,
SV028,R,387,2,0,0,1,0,Fixation,,,,,,,,,,,,
SV028,R,388,3,2,0,1,1,Fixation,,,,,,,,,,,,
SV028,R,389,3,2,1,0,1,Fixation,,,,,,,,,,,,
SV028,R,390,2,2,1,0,2,Fixation,,,,,,,,,,,,
SV028,R,391,2,0,1,1,0,Fixation,,,,,,,,,,,,
SV028,R,392,3,2,1,0,1,Fixation,,,,,,,,,,,,
SV028,R,393,2,3,1,0,3,Fixation,,,,,,,,,,,,
SV028,R,394,2,3,0,1,3,Fixation,,,,,,,,,,,,
SV028,R,395,2,3,0,0,3,Fixation,,,,,,,,,,,,
SV028,R,396,2,3,0,1,3,Fixation,,,,,,,,,,,,
SV028,R,397,3,2,1,1,1,Fixation,,,,,,,,,,,,
SV028,R,398,3,3,0,1,2,Fixation,,,,,,,,,,,,
SV028,R,399,3,2,0,1,2,Fixation,,,,,,,,,,,,
SV028,R,400,2,0,1,1,0,Fixation,,,,,,,,,,,,
SV028,R,401,3,0,1,1,0,Fixation,,,,,,,,,,,,
SV028,R,402,2,0,1,0,0,Fixation,,,,,,,,,,,,
SV028,R,403,2,0,0,0,0,Fixation,,,,,,,,,,,,
SV028,R,404,3,0,1,0,0,Fixation,,,,,,,,,,,,
SV028,R,405,3,3,0,0,3,Fixation,,,,,,,,,,,,
SV028,R,406,2,3,1,0,3,Fixation,,,,,,,,,,,,
SV028,R,407,2,3,0,0,3,Fixation,,,,,,,,,,,,
SV028,R,408,3,3,1,1,3,Fixation,,,,,,,,,,,,
SV028,R,409,3,3,0,0,3,Fixation,,,,,,,,,,,,
SV028,R,410,2,2,0,1,2,Fixation,,,,,,,,0.1,0.1,662.0,662.0,116.0
SV028,R,411,3,2,1,1,2,Fixation,,,,,,,,,,,,
SV028,R,412,3,0,0,0,0,Fixation,,,,,,,,,,,,
SV028,R,413,3,2,1,0,2,Fixation,,,,,,,,,,,,
SV028,R,414,2,2,1,0,2,Fixation,,,,,,,,,,,,
SV028,R,415,3,2,0,1,2,Fixation,,,,,,,,,,,,
SV028,R,416,2,2,1,0,2,Fixation,,,,,,,,,,,,
SV028,R,417,3,0,1,0,0,Fixation,,,,,,,,,,,,
SV028,R,418,2,3,0,1,3,Fixation,,,,,,,,,,,,
SV028,R,419,2,3,0,0,3,Fixation,,,,,,,,,,,,
SV028,R,420,3,3,1,1,3,Fixation,,,,,,,,,,,,
SV028,R,421,3,3,0,0,3,Fixation,,,,,,,,,,,,
SV028,R,422,3,0,0,1,0,Fixation,,,,,,,,,,,,
SV028,R,423,3,0,0,1,0,Fixation,,,,,,,,,,,,
SV028,R,424,2,3,0,1,3,Fixation,,,,,,,,,,,,
SV028,R,425,2,0,1,0,0,Fixation,,,,,,,,,,,,
SV028,R,426,3,0,1,1,0,Fixation,,,,,,,,,,,,
SV028,R,427,2,2,0,1,1,Fixation,,,,,,,,,,,,
SV028,R,428,2,2,0,1,1,Fixation,,,,,,,,,,,,
SV028,R,429,2,2,1,0,1,Fixation,,,,,,,,,,,,
SV028,R,430,2,3,1,0,3,Fixation,,,,,,,,,,,,
SV028,R,431,3,2,1,0,1,Fixation,,,,,,,,,,,,
SV028,R,432,2,0,0,1,0,Fixation,,,,,,,,,,,,
SV028,R,433,3,3,1,0,3,Fixation,,,,,,,,,,,,
SV028,R,434,3,3,1,0,3,Fixation,,,,,,,,,,,,
SV028,R,435,2,2,0,1,1,Fixation,,,,,,,,,,,,
SV028,R,436,3,0,0,0,0,Fixation,,,,,,,,,,,,
SV028,R,437,2,0,1,0,0,Fixation,,,,,,,,,,,,
SV028,R,438,2,0,0,0,0,Fixation,,,,,,,,,,,,
SV028,R,439,3,0,0,1,0,Fixation,,,,,,,,,,,,
SV028,R,440,3,0,1,0,0,Fixation,,,,,,,,,,,,
SV028,R,441,2,3,1,1,3,Fixation,,,,,,,,,,,,
SV028,R,442,3,3,1,0,3,Fixation,,,,,,,,,,,,
SV028,R,443,3,0,1,1,0,Fixation,,,,,,,,,,,,
SV028,R,444,2,2,1,0,1,Fixation,,,,,,,,,,,,
SV028,R,445,3,2,1,1,1,Fixation,,,,,,,,,,,,
SV028,R,446,2,0,1,1,0,Fixation,,,,,,,,,,,,
SV028,R,447,2,0,0,1,0,Fixation,,,,,,,,,,,,
SV028,R,448,2,0,0,1,0,Fixation,,,,,,,,,,,,
SV028,R,449,2,0,0,0,0,Fixation,,,,,,,,,,,,
SV028,R,450,2,0,0,0,0,Fixation,,,,,,,,,,,,
SV028,R,451,2,0,1,0,0,Fixation,,,,,,,,,,,,
SV028,R,452,2,2,0,0,1,Fixation,,,,,,,,,,,,
SV028,R,453,2,3,1,0,3,Fixation,,,,,,,,,,,,
SV028,R,454,2,0,0,1,0,Fixation,,,,,,,,,,,,
SV028,R,455,3,3,0,0,3,Fixation,,,,,,,,,,,,
SV028,R,456,3,3,0,0,3,Fixation,,,,,,,,,,,,
SV028,R,457,2,2,0,1,1,Fixation,,,,,,,,,,,,
SV028,R,458,3,0,1,0,0,Fixation,,,,,,,,,,,,
SV028,R,459,2,0,1,0,0,Fixation,,,,,,,,,,,,
SV028,R,460,3,2,0,1,1,Fixation,,,,,,,,,,,,
SV028,R,461,2,3,0,1,3,Fixation,,,,,,,,,,,,
SV028,R,462,3,3,0,1,3,Fixation,,,,,,,,,,,,
SV028,R,463,3,0,0,0,0,Fixation,,,,,,,,,,,,
SV028,R,464,2,2,1,1,1,Fixation,,,,,,,,,,,,
SV028,R,465,2,2,1,1,1,Fixation,,,,,,,,,,,,
SV028,R,466,2,2,1,1,2,Fixation,,,,,,,,,,,,
SV028,R,467,3,3,0,1,3,Fixation,,,,,,,,,,,,
SV028,R,468,3,3,0,0,3,Fixation,,,,,,,,,,,,
SV028,R,469,3,2,0,0,2,Fixation,,,,,,,,,,,,
SV028,R,470,3,0,0,0,0,Fixation,,,,,,,,,,,,
SV028,R,471,2,2,0,0,1,Fixation,,,,,,,,,,,,
SV028,R,472,3,3,1,0,3,Fixation,,,,,,,,,,,,
SV028,R,473,2,0,1,0,0,Fixation,,,,,,,,,,,,
SV028,R,474,3,2,0,0,1,Fixation,,,,,,,,,,,,
SV028,R,475,3,2,1,0,2,Fixation,,,,,,,,,,,,
SV028,R,476,2,0,0,0,0,Fixation,,,,,,,,,,,,
SV028,R,477,2,3,1,0,3,Fixation,,,,,,,,,,,,
SV028,R,478,3,0,0,1,0,Fixation,,,,,,,,,,,,
SV028,R,479,3,3,0,1,2,Fixation,,,,,,,,,,,,
SV028,R,480,2,2,1,1,2,Fixation,,,,,,,,,,,,
SV028,L,1,3,3,1,1,3,Response,1519.3684210526317,2787.2,843.3421052631579,1262.7,525.7894736842105,576.0,424.8421052631579,5.865,16.6,310.1,740.0,104.8
SV028,L,2,2,3,0,0,3,Response,2601.9666666666667,2990.1,1131.5,1151.1,560.6666666666666,612.0,933.3333333333334,5.675,7.3,353.5,847.0,158.0
SV028,L,3,3,3,0,1,3,Response,1257.9,1891.4,1153.25,1229.5,599.25,644.0,603.0,3.2600000000000002,7.5,333.4,685.0,100.0
SV028,L,4,2,2,0,1,2,Response,1359.9333333333334,1872.7,1066.9333333333334,1180.6,490.0,517.0,449.3333333333333,6.75,8.2,263.0,439.0,62.0
SV028,L,5,2,0,0,1,2,Response,,,,,,,,,,,,
SV028,L,6,2,0,1,1,3,Response,1389.225,1904.6,1170.5625,1272.6,497.75,543.0,378.5,6.611111111111111,9.7,307.44444444444446,719.0,79.55555555555556
SV028,L,7,3,0,0,1,2,Response,1607.8,2266.3,1241.2375,2208.2,506.625,542.0,278.5,7.2666666666666675,14.5,265.1111111111111,752.0,105.33333333333333
SV028,L,8,2,0,0,1,2,Response,1401.4,1921.2,1396.925,1956.6,400.0,525.0,253.0,6.780000000000001,11.4,250.8,436.0,52.8
SV028,L,9,3,2,0,1,2,Response,,,,,,,,,,,,
SV028,L,10,2,2,0,0,2,Response,2334.45,2890.9,1140.6,1159.2,458.25,496.0,325.0,5.96,9.1,159.0,251.0,44.8
SV028,L,11,3,2,0,1,2,Response,1562.6,1868.3,1119.65,1172.8,420.0,425.0,270.0,2.6,3.6,284.6666666666667,595.0,260.0
SV028,L,12,2,0,0,0,2,Response,,,,,,,,1.0,1.0,716.0,716.0,200.0
SV028,L,13,3,2,1,1,2,Response,1586.8428571428572,2043.1,1113.9571428571428,1183.4,429.14285714285717,480.0,440.0,3.1875,7.2,263.75,731.0,164.5
SV028,L,14,2,2,0,0,2,Response,,,,,,,,,,,,
SV028,L,15,3,0,1,0,2,Response,,,,,,,,0.1,0.1,789.0,789.0,124.0
SV028,L,16,2,0,0,0,2,Response,,,,,,,,,,,,
SV028,L,17,3,0,1,1,2,Response,,,,,,,,,,,,
SV028,L,18,3,3,0,1,3,Response,,,,,,,,,,,,
SV028,L,19,2,2,0,1,2,Response,,,,,,,,0.6,0.6,524.0,524.0,300.0
SV028,L,20,2,3,1,1,3,Response,,,,,,,,,,,,
SV028,L,21,3,0,1,1,3,Response,1424.3999999999999,1897.8,1196.1333333333334,1235.4,587.3333333333334,603.0,393.3333333333333,6.1,7.0,337.0,733.0,57.0
SV028,L,22,3,3,0,0,3,Response,1897.5,1897.5,1079.4,1079.4,565.0,565.0,2000.0,0.75,0.8,849.5,883.0,260.0
SV028,L,23,3,0,0,1,2,Response,1007.3,1007.3,1103.8,1103.8,599.0,599.0,120.0,7.75,8.5,185.5,186.0,56.0
SV028,L,24,3,2,0,0,2,Response,2973.066666666667,3059.1,1217.6666666666667,1441.6,497.8333333333333,623.0,362.6666666666667,3.357142857142857,9.7,233.28571428571428,838.0,65.71428571428571
SV028,L,25,2,0,0,1,2,Response,,,,,,,,0.4,0.4,552.0,552.0,208.0
SV028,L,26,3,0,1,1,2,Response,1115.6,1115.6,1204.4,1204.4,356.0,356.0,1132.0,7.4,9.0,370.0,571.0,232.0
SV028,L,27,2,3,1,1,2,Response,1128.02,1335.1,1178.1200000000001,1206.7,437.4,523.0,610.4,3.0,8.5,388.0,736.0,166.0
SV028,L,28,2,3,0,0,2,Response,2203.9,2203.9,1026.4,1026.4,705.0,705.0,272.0,1.5499999999999998,1.7,105.0,121.0,20.0
SV028,L,29,3,0,0,1,2,Response,,,,,,,,,,,,
SV028,L,30,3,0,1,1,2,Response,,,,,,,,,,,,
SV028,L,31,2,2,1,0,2,Response,2262.65,3070.8,1123.5,1253.9,583.8333333333334,673.0,771.3333333333334,4.8999999999999995,10.7,272.14285714285717,877.0,61.714285714285715
SV028,L,32,2,0,1,1,2,Response,1699.0,1980.7,1115.5333333333335,1177.5,503.0,560.0,252.0,3.1500000000000004,5.4,135.5,216.0,29.0
SV028,L,33,3,2,1,1,2,Response,,,,,,,,,,,,
SV028,L,34,3,3,1,1,2,Response,1836.5666666666666,2240.1,1172.7666666666667,1255.8,503.3333333333333,550.0,338.6666666666667,2.9250000000000003,7.9,266.0,730.0,120.0
SV028,L,35,2,3,1,0,2,Response,,,,,,,,0.8,0.8,761.0,761.0,112.0
SV028,L,36,2,0,0,0,2,Response,2489.225,2970.5,1217.9875,1357.1,529.875,558.0,266.0,5.966666666666667,9.7,317.55555555555554,847.0,79.11111111111111
SV028,L,37,2,2,1,1,2,Response,1042.825,1601.7,1198.45,1233.5,447.5,576.0,459.0,1.9200000000000004,5.5,205.6,607.0,58.4
SV028,L,38,2,2,0,0,2,Response,2959.2666666666664,2974.7,1232.5666666666666,1466.5,526.3333333333334,636.0,498.6666666666667,2.5666666666666664,3.8,159.66666666666666,228.0,22.666666666666668
SV028,L,39,2,3,0,1,2,Response,952.125,1011.5,1170.175,1265.4,483.75,607.0,509.0,3.1399999999999997,10.1,309.4,655.0,108.8
SV028,L,40,2,3,0,0,2,Response,2650.7,2992.5,1046.825,1073.4,541.25,617.0,377.0,5.76,8.5,170.0,223.0,43.2
SV028,L,41,3,2,0,1,2,Response,,,,,,,,,,,,
SV028,L,42,3,2,0,0,2,Response,2181.5,2405.7,1072.55,1089.6,552.5,590.0,764.0,2.0,2.2,117.5,130.0,24.0
SV028,L,43,2,3,1,1,2,Response,1192.0714285714287,1816.6,1182.4714285714285,1216.3,422.14285714285717,452.0,287.42857142857144,3.75,10.0,291.625,753.0,221.0
SV028,L,44,3,0,1,1,2,Response,1009.8,1009.8,1154.9,1154.9,448.0,448.0,1156.0,7.65,8.1,532.5,857.0,102.0
SV028,L,45,3,3,1,0,2,Response,3084.366666666667,3206.5,1255.0333333333333,1312.6,538.3333333333334,604.0,513.3333333333334,3.4,8.1,325.0,755.0,94.66666666666667
SV028,L,46,3,2,1,1,2,Response,1246.1166666666666,1907.1,1180.5666666666666,1248.3,516.3333333333334,584.0,394.6666666666667,2.966666666666667,9.0,810.5,2648.0,128.0
SV028,L,47,3,2,0,0,2,Response,2784.75,2994.6,1116.4666666666667,1422.4,514.5,586.0,318.6666666666667,4.383333333333334,9.3,270.5,884.0,51.333333333333336
SV028,L,48,2,3,0,1,2,Response,1335.6799999999998,2008.5,1012.4400000000002,1240.9,519.8,597.0,342.4,3.94,8.6,264.6,792.0,56.8
SV028,L,49,3,0,1,0,2,Response,3063.1,3220.1,1268.75,1271.0,463.0,472.0,224.0,5.3,10.7,333.0,716.0,96.0
SV028,L,50,3,3,0,0,3,Response,3012.65,3040.0,1167.45,1204.4,460.5,514.0,680.0,3.5,8.8,135.0,258.0,26.666666666666668
SV028,L,51,2,2,1,0,2,Response,2788.6,3135.2,1194.675,1253.8,473.0,545.0,708.0,3.733333333333333,9.6,129.0,245.0,30.666666666666668
SV028,L,52,3,0,0,0,3,Response,2904.5,2946.7,1107.8,1270.8,494.6666666666667,535.0,530.6666666666666,1.7,3.5,305.0,732.0,106.66666666666667
SV028,L,53,3,0,0,0,2,Response,2934.075,3017.9,1230.575,1337.9,433.75,512.0,211.0,3.56,8.2,541.6,787.0,264.0
SV028,L,54,2,3,0,1,3,Response,1066.7285714285715,1197.9,1315.8428571428572,2008.0,504.0,681.0,342.2857142857143,5.35,13.0,426.0,980.0,199.0
SV028,L,55,3,0,0,0,2,Response,2569.75,2985.7,1093.7,1245.5,589.375,629.0,621.5,4.875,9.9,258.625,885.0,54.5
SV028,L,56,3,3,0,0,2,Response,3053.3999999999996,3092.6,1202.2,1234.0,576.0,646.0,588.0,6.566666666666667,9.4,165.33333333333334,244.0,46.666666666666664
SV028,L,57,2,2,0,0,2,Response,2714.15,3012.4,1309.925,1405.5,574.75,620.0,354.0,5.625,10.4,554.0,973.0,219.0
SV028,L,58,3,0,0,0,3,Response,3042.8,3042.8,1152.3,1152.3,604.0,604.0,568.0,0.8,0.8,68.0,68.0,16.0
SV028,L,59,3,3,0,1,3,Response,1567.4,1898.5,1175.0500000000002,1226.4,591.0,665.0,566.0,3.1999999999999997,4.8,132.0,208.0,28.0
SV028,L,60,3,3,1,1,2,Response,1408.7272727272727,1971.9,1172.9727272727273,1270.4,516.0909090909091,581.0,460.72727272727275,5.183333333333334,9.4,363.5,809.0,101.33333333333333
SV028,L,61,3,3,1,1,2,Response,1423.48,2051.1,1134.44,1215.2,566.2,661.0,468.0,3.3199999999999994,8.2,273.4,814.0,60.8
SV028,L,62,3,0,0,1,2,Response,1272.8999999999999,1947.5,1059.95,1276.6,477.3333333333333,590.0,335.3333333333333,4.4399999999999995,7.5,543.0,853.0,177.6
SV028,L,63,2,2,1,0,2,Response,2680.7000000000003,3146.6,1204.6333333333332,1300.7,577.3333333333334,616.0,797.3333333333334,6.666666666666667,10.2,192.0,235.0,42.666666666666664
SV028,L,64,2,3,1,0,3,Response,2663.675,3133.4,1219.125,1315.6,544.25,621.0,494.0,4.7,9.4,312.5,708.0,81.0
SV028,L,65,2,3,1,0,3,Response,2808.875,3133.1,1225.425,1285.7,516.25,564.0,493.0,2.975,8.2,488.25,870.0,130.0
SV028,L,66,2,2,1,0,3,Response,3019.3333333333335,3154.7,1273.4333333333334,1282.4,506.3333333333333,596.0,936.0,3.5333333333333337,8.8,1199.6666666666667,3270.0,122.66666666666667
SV028,L,67,2,0,1,0,2,Response,3027.65,3091.0,1225.15,1279.4,564.5,634.0,532.0,5.7,10.0,744.5,806.0,272.0
SV028,L,68,3,0,0,0,2,Response,2940.2400000000002,3021.9,1234.48,1339.8,501.8,573.0,318.4,2.56,8.6,213.6,782.0,92.0
SV028,L,69,3,3,1,1,2,Response,862.7,862.7,1059.3,1059.3,458.0,458.0,380.0,9.0,9.0,484.0,484.0,2716.0
SV028,L,70,3,0,0,0,2,Response,2640.4,3032.1,1121.7,1334.4,420.0,477.0,681.3333333333334,2.8666666666666667,4.3,130.0,229.0,30.666666666666668
SV028,L,71,2,2,0,0,2,Response,2488.2,2981.0,1045.6999999999998,1054.1,453.0,510.0,418.0,5.2,8.7,346.0,747.0,148.0
SV028,L,72,3,2,1,1,2,Response,1203.4142857142856,1882.5,1227.0714285714287,1563.7,395.14285714285717,452.0,308.57142857142856,2.3857142857142857,4.0,218.14285714285714,662.0,130.28571428571428
SV028,L,73,2,3,0,1,3,Response,1397.19,1997.3,1302.98,1751.6,367.7,542.0,305.6,5.455555555555556,13.3,249.88888888888889,547.0,162.22222222222223
SV028,L,74,2,3,0,1,3,Response,1273.8666666666666,1628.6,1057.0,1095.8,447.0,475.0,736.0,2.4,4.2,683.0,709.0,252.0
SV028,L,75,2,0,1,1,2,Response,1331.5666666666666,1591.0,1146.4333333333334,1196.4,461.3333333333333,552.0,532.0,2.1333333333333333,4.5,275.6666666666667,673.0,305.3333333333333
SV028,L,76,2,2,1,0,2,Response,2712.3666666666663,3120.6,1289.2333333333333,1359.3,486.1666666666667,539.0,452.0,3.3200000000000003,8.9,697.8,2875.0,60.0
SV028,L,77,3,2,1,0,2,Response,2520.3444444444444,3270.0,1587.5888888888887,1908.5,226.66666666666666,464.0,127.11111111111111,6.711111111111111,42.9,506.8888888888889,3270.0,68.0
SV028,L,78,3,3,0,0,2,Response,2763.0,3066.6,1211.35,1390.8,437.5,488.0,347.0,3.425,8.1,399.75,773.0,219.0
SV028,L,79,3,2,0,0,2,Response,3171.133333333333,3270.0,1214.2333333333333,1422.3,401.6666666666667,557.0,350.6666666666667,4.2,5.7,331.5,503.0,346.0
SV028,L,80,3,0,1,0,2,Response,2712.6666666666665,3048.7,1277.8666666666668,1310.7,704.6666666666666,790.0,340.0,4.75,6.0,186.75,211.0,36.0
SV028,L,81,3,2,0,0,2,Response,2776.55,2952.8,1055.9,1076.6,634.0,691.0,632.0,5.533333333333334,8.8,179.66666666666666,248.0,41.333333333333336
SV028,L,82,2,0,0,0,2,Response,2678.0,2963.5,1213.05,1276.6,559.25,651.0,372.0,3.9799999999999995,9.2,247.8,639.0,52.8
SV028,L,83,2,2,0,1,2,Response,1454.9,1454.9,1030.5,1030.5,647.0,647.0,256.0,2.75,2.9,147.5,173.0,26.0
SV028,L,84,3,0,0,0,2,Response,,,,,,,,,,,,
SV028,L,85,2,0,0,0,2,Response,2358.2,2961.2,1163.8200000000002,1288.3,512.0,641.0,415.2,5.583333333333333,9.4,281.0,764.0,58.0
SV028,L,86,3,0,0,1,2,Response,1334.2666666666667,1929.5,1064.8333333333333,1092.8,422.0,441.0,286.6666666666667,4.025,7.7,227.0,590.0,52.0
SV028,L,87,2,0,0,1,2,Response,1324.2142857142858,1942.5,1112.6,1368.6,452.7142857142857,545.0,353.14285714285717,4.857142857142857,9.0,296.57142857142856,764.0,77.14285714285714
SV028,L,88,2,0,1,0,2,Response,2773.8,3078.8,1430.9,1807.7,534.5,583.0,457.0,5.36,7.4,192.6,229.0,38.4
SV028,L,89,3,0,1,0,2,Response,2626.4666666666667,3106.2,1247.1000000000001,1338.9,482.3333333333333,553.0,398.6666666666667,5.074999999999999,10.6,355.75,828.0,76.0
SV028,L,90,3,2,1,1,2,Response,898.9,898.9,1211.5,1211.5,426.0,426.0,176.0,8.15,8.5,164.0,197.0,64.0
SV028,L,91,2,3,1,0,3,Response,2765.0,3035.2,1274.42,1332.4,464.6,535.0,408.0,4.3,8.2,161.66666666666666,248.0,34.666666666666664
SV028,L,92,3,0,0,1,2,Response,1350.5,1926.2,1204.6,1360.5,376.5,409.0,470.0,2.6,4.7,311.4,614.0,109.6
SV028,L,93,3,0,1,0,2,Response,2735.85,3257.9,1238.025,1337.2,388.25,428.0,257.0,4.95,10.4,388.25,1064.0,58.0
SV028,L,94,3,3,0,1,3,Response,1614.4666666666665,1963.6,1107.0666666666666,1186.5,459.6666666666667,533.0,650.6666666666666,4.666666666666667,7.5,221.0,459.0,68.0
SV028,L,95,3,0,1,0,3,Response,2781.7428571428572,3150.7,1360.2,1847.4,407.85714285714283,465.0,285.14285714285717,3.4714285714285715,12.3,138.85714285714286,286.0,28.571428571428573
SV028,L,96,2,2,1,0,2,Response,3052.1000000000004,3143.3,1328.6,1343.7,433.0,438.0,504.0,5.1,10.2,175.66666666666666,269.0,33.333333333333336
SV028,L,97,2,3,0,1,3,Response,1495.25,1951.9,1102.75,1142.9,410.5,499.0,612.0,6.633333333333333,7.7,181.33333333333334,204.0,50.666666666666664
SV028,L,98,3,3,0,1,3,Response,1497.1,1933.8,1091.0,1095.2,442.0,508.0,948.0,6.6,7.3,172.0,185.0,50.0
SV028,L,99,2,0,1,1,2,Response,1053.2,1201.4,1237.65,1261.3,359.0,416.0,922.0,4.65,8.4,409.5,603.0,132.0
SV028,L,100,3,2,1,1,2,Response,1496.55,1923.8,1176.35,1237.2,492.0,505.0,218.0,4.833333333333333,7.2,384.0,773.0,76.0
SV028,L,101,3,0,1,1,2,Response,1062.7,1062.7,1197.5,1197.5,421.0,421.0,156.0,7.15,8.0,393.0,628.0,126.0
SV028,L,102,3,2,0,1,2,Response,1346.8666666666666,1913.1,1120.1333333333332,1268.8,416.0,504.0,310.6666666666667,6.675,8.1,287.5,621.0,93.0
SV028,L,103,3,2,0,0,2,Response,2995.0,2995.0,1130.8,1130.8,424.0,424.0,952.0,8.100000000000001,8.8,550.5,931.0,90.0
SV028,L,104,3,0,0,1,2,Response,,,,,,,,0.7,0.7,56.0,56.0,16.0
SV028,L,105,2,2,1,1,2,Response,996.3,996.3,1171.8,1171.8,390.0,390.0,196.0,7.85,8.6,259.0,327.0,98.0
SV028,L,106,3,2,0,0,2,Response,2922.4,2932.8,1345.95,1418.7,491.0,509.0,388.0,6.8,10.0,389.0,847.0,61.333333333333336
SV028,L,107,3,0,0,0,3,Response,2637.3333333333335,3047.6,1204.1666666666667,1251.2,547.6666666666666,563.0,924.0,5.0,9.2,147.0,227.0,36.0
SV028,L,108,3,2,1,1,2,Response,,,,,,,,0.6,0.6,675.0,675.0,132.0
SV028,L,109,3,0,0,0,2,Response,2298.1,2840.9,1166.1,1203.3,584.5,612.0,416.0,5.35,9.6,168.0,239.0,36.0
SV028,L,110,3,2,1,0,2,Response,,,,,,,,,,,,
SV028,L,111,2,2,0,1,2,Response,,,,,,,,0.2,0.2,524.0,524.0,80.0
SV028,L,112,3,2,0,0,2,Response,2704.59,3241.8,1264.6100000000001,1527.6,493.5,605.0,298.4,4.263636363636365,8.9,516.2727272727273,3270.0,90.9090909090909
SV028,L,113,2,3,0,0,3,Response,2955.55,3039.5,1311.25,1312.8,521.5,532.0,192.0,3.1333333333333333,7.9,106.0,166.0,33.333333333333336
SV028,L,114,2,2,0,1,2,Response,,,,,,,,1.1,1.1,665.0,665.0,152.0
SV028,L,115,3,3,1,0,3,Response,2701.366666666667,3134.2,1244.0,1283.5,480.3333333333333,572.0,310.6666666666667,4.725,9.7,149.5,215.0,37.0
SV028,L,116,2,3,0,0,3,Response,2444.55,2913.5,1171.45,1243.9,490.5,544.0,1008.0,8.1,8.1,197.0,197.0,56.0
SV028,L,117,3,3,0,1,3,Response,,,,,,,,0.2,0.2,783.0,783.0,164.0
SV028,L,118,2,2,0,0,2,Response,,,,,,,,,,,,
SV028,L,119,3,3,0,0,3,Response,2314.9333333333334,2797.1,1103.6,1125.6,484.0,545.0,592.0,2.8,4.6,115.5,160.0,30.0
SV028,L,120,2,2,1,0,2,Response,2249.3500000000004,2524.8,1223.75,1286.4,511.0,526.0,636.0,2.55,4.1,511.5,852.0,104.0
SV028,L,121,2,2,1,1,2,Response,1252.0,1252.0,1175.8,1175.8,407.0,407.0,72.0,4.05,4.8,143.5,176.0,42.0
SV028,L,122,3,0,1,0,3,Response,2683.1666666666665,3092.0,1284.3333333333333,1375.4,523.0,554.0,297.3333333333333,9.375,9.8,255.5,286.0,52.0
SV028,L,123,3,3,0,1,3,Response,1068.3,1126.9,1197.8,1310.6,543.25,663.0,415.0,3.88,8.7,239.4,685.0,72.0
SV028,L,124,2,0,0,1,2,Response,1872.8000000000002,1934.7,1103.5,1116.6,441.5,488.0,644.0,0.5,0.5,62.0,62.0,12.0
SV028,L,125,3,2,0,1,2,Response,1537.95,1857.9,1113.9499999999998,1131.1,412.0,420.0,748.0,5.35,6.4,167.0,175.0,42.0
SV028,L,126,2,2,0,1,2,Response,1135.1,1135.1,1242.1,1242.1,437.0,437.0,756.0,8.2,9.4,462.0,747.0,180.0
SV028,L,127,2,3,1,0,3,Response,2757.8777777777777,3270.0,1446.4444444444443,2222.3,332.6666666666667,411.0,412.0,6.611111111111111,11.7,433.44444444444446,760.0,132.44444444444446
SV028,L,128,3,3,0,0,3,Response,,,,,,,,,,,,
SV028,L,129,3,2,1,0,2,Response,2672.84,3126.9,1240.04,1306.0,552.4,582.0,374.4,3.75,7.2,394.8333333333333,852.0,172.0
SV028,L,130,3,3,1,0,3,Response,,,,,,,,,,,,
SV028,L,131,3,3,1,1,3,Response,,,,,,,,,,,,
SV028,L,132,2,2,0,0,2,Response,2977.4,3043.0,1189.1333333333334,1433.9,501.3333333333333,515.0,312.0,5.725,9.4,188.25,264.0,35.0
SV028,L,133,2,3,0,0,3,Response,2943.9,2943.9,1136.3,1136.3,461.0,461.0,188.0,8.95,9.6,235.5,261.0,52.0
SV028,L,134,3,3,1,0,3,Response,2700.45,3061.0,1217.425,1315.7,533.5,590.0,327.0,5.625,10.3,171.5,261.0,39.0
SV028,L,135,2,3,0,0,3,Response,2776.925,3059.2,1268.15,1420.0,524.25,567.0,725.0,3.566666666666667,9.4,371.0,778.0,84.0
SV028,L,136,2,2,1,1,2,Response,1493.3666666666668,1899.5,1084.1666666666667,1175.4,562.3333333333334,619.0,481.3333333333333,5.166666666666667,7.0,183.66666666666666,219.0,36.0
SV028,L,137,3,0,1,0,3,Response,2909.66,3156.6,1270.34,1331.5,520.8,619.0,432.0,3.3166666666666664,8.6,206.83333333333334,572.0,61.333333333333336
SV028,L,138,2,0,1,0,2,Response,2947.25,3004.0,1329.75,1333.1,557.0,628.0,482.0,6.3999999999999995,9.2,154.66666666666666,212.0,46.666666666666664
SV028,L,139,2,3,1,0,3,Response,2569.0666666666666,2875.1,1168.3333333333333,1249.3,562.6666666666666,584.0,688.0,7.5,7.9,251.66666666666666,275.0,45.333333333333336
SV028,L,140,3,0,1,1,2,Response,1654.8999999999999,1972.1,1113.5,1226.0,441.0,481.0,562.6666666666666,7.15,7.5,187.5,195.0,50.0
SV028,L,141,3,0,1,0,3,Response,2493.1,3070.5,1136.65,1242.9,427.0,461.0,366.0,7.1000000000000005,10.7,558.0,1152.0,117.33333333333333
SV028,L,142,2,3,1,0,3,Response,1984.0749999999998,2881.6,1470.625,1897.8,278.0,482.0,132.0,8.2,13.2,240.0,720.0,84.8
SV028,L,143,2,0,0,0,2,Response,2890.0,2890.0,1260.8,1260.8,439.0,439.0,140.0,7.55,8.1,486.0,781.0,160.0
SV028,L,144,3,0,0,1,2,Response,1409.3,1910.8,1049.6000000000001,1094.7,412.6666666666667,427.0,576.0,5.2,6.7,296.5,729.0,93.0
SV028,L,145,3,3,1,1,3,Response,1507.9909090909093,2012.6,1139.4727272727273,1275.1,494.45454545454544,590.0,348.3636363636364,4.95,11.3,468.75,860.0,603.0
SV028,L,146,2,2,1,0,2,Response,2961.2,3077.5,1316.65,1350.9,551.0,611.0,752.0,6.433333333333334,9.5,178.0,227.0,45.333333333333336
SV028,L,147,2,2,0,1,2,Response,994.5333333333333,996.9,1005.1333333333332,1199.1,450.3333333333333,464.0,460.0,4.525,7.7,343.75,771.0,69.0
SV028,L,148,3,3,1,0,3,Response,2455.6,2974.6,1182.05,1294.1,496.5,545.0,798.0,9.0,9.6,259.0,276.0,48.0
SV028,L,149,3,3,0,0,3,Response,2932.2400000000002,3031.5,1390.1799999999998,1580.9,539.8,633.0,390.4,3.08,8.8,235.0,643.0,67.2
SV028,L,150,2,0,0,0,2,Response,2909.7799999999997,3050.1,1275.74,1431.4,480.0,496.0,548.0,3.96,9.0,295.4,771.0,120.0
SV028,L,151,3,2,0,0,2,Response,2495.6499999999996,3022.7,1048.35,1062.4,469.5,507.0,586.0,8.5,8.6,226.0,240.0,52.0
SV028,L,152,2,0,1,0,2,Response,2956.3,2956.3,1276.1,1276.1,397.0,397.0,1296.0,10.3,10.3,261.0,261.0,56.0
SV028,L,153,3,0,1,1,2,Response,1199.9285714285713,1913.3,1312.3857142857144,1708.9,342.0,562.0,210.28571428571428,3.0500000000000003,7.2,225.0,646.0,131.33333333333334
SV028,L,154,3,2,1,0,2,Response,2952.2,2952.2,1213.8,1213.8,430.0,430.0,260.0,9.9,9.9,293.0,293.0,52.0
SV028,L,155,3,2,1,0,2,Response,2563.2555555555555,3218.7,1204.211111111111,1310.3,546.2222222222222,639.0,324.8888888888889,4.93,10.1,471.5,2942.0,122.4
SV028,L,156,2,2,1,1,2,Response,1423.36,1912.1,1137.98,1224.3,470.4,521.0,445.6,4.0,7.4,338.2,740.0,167.2
SV028,L,157,3,3,1,0,2,Response,2595.1,2929.0,1258.6000000000001,1296.3,469.3333333333333,500.0,449.3333333333333,5.1000000000000005,8.0,369.0,700.0,188.0
SV028,L,158,2,3,0,1,3,Response,1264.7714285714285,1922.3,1200.4714285714285,1556.8,535.7142857142857,654.0,428.0,4.871428571428572,7.1,270.7142857142857,623.0,53.714285714285715
SV028,L,159,3,2,0,1,2,Response,1060.9,1060.9,1286.2,1286.2,483.0,483.0,1232.0,6.7,6.7,170.0,170.0,52.0
SV028,L,160,3,3,0,1,3,Response,1270.65,1927.4,1108.675,1308.7,468.0,545.0,396.0,4.25,7.1,144.5,196.0,34.0
SV028,L,161,2,3,0,0,2,Response,2988.8,3018.5,1144.35,1194.5,512.5,534.0,280.0,5.966666666666666,9.0,173.66666666666666,251.0,40.0
SV028,L,162,2,2,0,1,2,Response,,,,,,,,0.4,0.4,51.0,51.0,12.0
SV028,L,163,2,2,1,1,2,Response,1124.6,1124.6,1169.6,1169.6,559.0,559.0,344.0,6.4,6.5,209.0,214.0,42.0
SV028,L,164,2,3,1,1,2,Response,1439.7,1949.7,1151.65,1213.7,473.0,498.0,106.0,5.566666666666666,8.9,800.3333333333334,911.0,244.0
SV028,L,165,2,0,1,1,2,Response,1350.76,1900.0,1151.48,1222.9,382.2,415.0,297.6,6.633333333333333,8.1,481.6666666666667,766.0,172.66666666666666
SV028,L,166,2,0,0,1,2,Response,1075.25,1124.0,1144.05,1398.1,448.0,532.0,860.0,8.0,8.4,504.5,780.0,122.0
SV028,L,167,3,2,1,0,2,Response,2705.4,3217.6,1200.9333333333334,1279.4,406.6666666666667,481.0,546.6666666666666,6.3,8.8,302.0,617.0,106.66666666666667
SV028,L,168,2,0,0,0,2,Response,2686.475,3073.8,1234.725,1336.6,505.25,560.0,349.0,6.3,8.7,779.4,3213.0,68.8
SV028,L,169,2,0,0,1,2,Response,1263.78,1935.9,1134.76,1296.9,479.2,585.0,282.4,3.9400000000000004,9.3,242.0,629.0,56.0
SV028,L,170,2,0,1,0,2,Response,3020.7,3020.7,1305.9,1305.9,475.0,475.0,696.0,9.1,9.6,238.5,254.0,54.0
SV028,L,171,2,0,0,1,3,Response,1224.0857142857144,1912.9,1216.9285714285713,1873.4,402.42857142857144,519.0,495.42857142857144,4.585714285714286,8.9,340.85714285714283,834.0,59.42857142857143
SV028,L,172,2,0,0,1,2,Response,1396.775,1908.5,1152.55,1356.6,439.75,525.0,446.0,3.775,5.5,579.25,717.0,295.0
SV028,L,173,3,3,0,0,3,Response,2953.1,2953.1,1298.9,1298.9,500.0,500.0,1552.0,2.3,2.3,104.0,104.0,28.0
SV028,L,174,3,0,0,1,3,Response,1489.8,1909.1,984.25,1005.9,460.0,511.0,1178.0,6.550000000000001,7.7,487.0,829.0,84.0
SV028,L,175,2,3,1,1,2,Response,1059.25,1173.9,1235.0,1243.0,504.5,606.0,658.0,5.366666666666667,8.0,340.0,640.0,74.66666666666667
SV028,L,176,3,3,1,0,2,Response,3108.3,3108.3,1314.0,1314.0,539.0,539.0,808.0,10.2,10.9,232.5,256.0,60.0
SV028,L,177,2,2,0,0,2,Response,2765.6142857142854,3028.6,1249.0142857142857,1422.0,509.7142857142857,548.0,565.7142857142857,3.0714285714285716,8.9,782.4285714285714,3270.0,95.42857142857143
SV028,L,178,2,0,1,0,2,Response,3060.1,3145.7,1259.9,1293.0,437.0,440.0,1304.0,1.0,1.0,791.0,791.0,212.0
SV028,L,179,2,0,1,0,2,Response,2606.09,3155.0,1829.1799999999998,2891.0,477.2,543.0,290.0,3.4299999999999997,9.7,264.2,873.0,192.8
SV028,L,180,2,2,0,1,2,Response,1253.3,1483.1,1126.6,1165.4,388.5,454.0,692.0,4.266666666666667,8.2,153.0,213.0,34.666666666666664
SV028,L,181,2,3,1,0,2,Response,2032.9,2087.0,1061.9,1078.7,510.5,525.0,354.0,4.1000000000000005,7.4,158.0,244.0,30.0
SV028,L,182,2,2,1,1,2,Response,1228.814285714286,1971.9,1229.5571428571427,1424.4,398.57142857142856,549.0,408.57142857142856,2.414285714285714,6.0,193.57142857142858,643.0,54.285714285714285
SV028,L,183,2,0,0,1,2,Response,1347.7666666666667,1834.7,1199.0666666666666,1360.5,445.3333333333333,525.0,402.6666666666667,4.175,6.7,306.25,730.0,108.0
SV028,L,184,3,0,1,1,2,Response,1058.075,1250.0,1182.775,1196.8,436.5,544.0,267.0,3.0,6.4,219.6,503.0,77.6
SV028,L,185,3,3,1,0,3,Response,3092.75,3253.0,1449.3,1899.6,432.25,460.0,481.0,4.875,11.1,135.0,258.0,41.0
SV028,L,186,2,0,0,0,2,Response,3189.2999999999997,3270.0,1152.9666666666665,1331.6,410.3333333333333,449.0,562.6666666666666,1.9666666666666668,2.9,147.66666666666666,184.0,32.0
SV028,L,187,3,3,1,0,3,Response,2505.133333333333,2995.2,1574.3333333333333,1815.1,336.0,508.0,401.3333333333333,8.4,9.8,880.6666666666666,1968.0,272.0
SV028,L,188,3,2,0,1,2,Response,1489.9,1806.9,1161.55,1210.3,419.5,477.0,600.0,9.200000000000001,13.0,445.0,764.0,176.0
SV028,L,189,2,0,1,1,3,Response,1175.3833333333334,1934.0,1371.3166666666666,1985.3,273.1666666666667,328.0,326.6666666666667,5.442857142857143,11.0,196.14285714285714,521.0,44.0
SV028,L,190,2,3,0,0,3,Response,3043.3444444444444,3270.0,1319.9777777777779,1750.5,261.44444444444446,355.0,160.0,8.566666666666666,42.4,599.4444444444445,3270.0,475.55555555555554
SV028,L,191,3,2,1,0,2,Response,2713.2,2713.2,1196.1,1196.1,444.0,444.0,808.0,5.5,7.9,725.5,1338.0,184.0
SV028,L,192,2,2,0,1,2,Response,,,,,,,,,,,,
SV028,L,193,3,0,1,1,2,Response,1001.3799999999999,1917.3,2107.18,2826.5,250.8,413.0,136.8,8.82,22.3,178.6,458.0,219.2
SV028,L,194,2,3,1,1,2,Response,1481.54,1922.7,1485.8600000000001,1834.7,221.2,365.0,327.2,4.1,9.1,180.8,276.0,748.8
SV028,L,195,3,2,1,0,2,Response,2679.9666666666667,3158.0,1275.8,1378.7,505.3333333333333,541.0,401.3333333333333,4.65,8.4,332.5,822.0,104.0
SV028,L,196,2,0,1,0,2,Response,2209.9,2209.9,1142.6,1142.6,536.0,536.0,164.0,0.75,0.8,64.5,66.0,16.0
SV028,L,197,2,0,1,1,2,Response,,,,,,,,,,,,
SV028,L,198,3,2,1,1,2,Response,1432.06,1880.6,1296.22,1980.0,440.0,666.0,380.0,5.78,10.5,295.8,783.0,135.2
SV028,L,199,3,0,1,0,2,Response,2817.8,2817.8,1290.6,1290.6,493.0,493.0,704.0,6.8,6.8,195.0,195.0,48.0
SV028,L,200,3,2,0,1,2,Response,988.05,998.1,1064.3000000000002,1167.4,380.5,409.0,338.0,4.833333333333333,7.1,324.3333333333333,654.0,90.66666666666667
SV028,L,201,2,3,0,1,2,Response,1495.8,2000.2,1027.5,1134.1,499.0,513.0,552.0,6.966666666666666,9.1,584.0,935.0,116.0
SV028,L,202,2,2,0,0,2,Response,2937.433333333333,2955.6,1215.7666666666667,1244.9,500.3333333333333,502.0,624.0,2.5,8.2,426.25,712.0,85.0
SV028,L,203,2,0,1,0,2,Response,2767.95,2789.4,1609.25,1969.7,504.0,595.0,570.0,7.966666666666666,9.2,269.3333333333333,416.0,96.0
SV028,L,204,2,2,1,0,3,Response,2828.2,2916.1,1476.275,1895.3,515.75,597.0,559.0,3.85,7.9,325.25,722.0,65.0
SV028,L,205,3,2,0,0,2,Response,2914.5,3270.0,1234.725,1353.8,495.75,545.0,257.0,3.8200000000000003,8.6,167.4,230.0,33.6
SV028,L,206,2,2,1,1,2,Response,1303.2333333333333,1842.3,1430.5333333333335,1970.6,426.6666666666667,490.0,401.3333333333333,8.166666666666666,11.4,336.3333333333333,493.0,81.33333333333333
SV028,L,207,3,3,1,1,2,Response,,,,,,,,,,,,
SV028,L,208,3,3,1,1,2,Response,1640.0333333333335,1928.0,1151.7333333333333,1222.7,394.0,460.0,410.6666666666667,3.9333333333333336,5.7,160.66666666666666,218.0,29.333333333333332
SV028,L,209,3,2,1,1,2,Response,1040.7,1040.7,1266.0,1266.0,445.0,445.0,992.0,7.45,7.9,371.5,524.0,80.0
SV028,L,210,3,3,1,0,3,Response,2732.6666666666665,3065.7,1372.5166666666667,1949.5,478.3333333333333,538.0,286.0,3.516666666666667,9.0,120.5,198.0,33.333333333333336
SV028,L,211,2,2,1,0,2,Response,2749.7555555555555,2966.6,1349.711111111111,1747.9,412.3333333333333,469.0,417.3333333333333,3.5555555555555554,11.9,1057.3333333333333,3270.0,194.22222222222223
SV028,L,212,3,2,0,1,2,Response,1087.9666666666667,1770.2,1199.0333333333333,1333.6,501.6666666666667,578.0,392.0,8.5,11.1,563.6666666666666,852.0,154.66666666666666
SV028,L,213,3,3,0,1,3,Response,1307.7666666666667,1927.5,1067.2666666666667,1130.9,457.6666666666667,549.0,390.6666666666667,7.7,14.5,198.25,265.0,53.0
SV028,L,214,3,3,0,0,3,Response,3077.2,3270.0,1049.65,1067.7,410.0,431.0,788.0,8.350000000000001,8.4,1716.0,3260.0,164.0
SV028,L,215,2,2,1,1,1,Response,1387.2,1823.1,895.0,1284.7,406.57142857142856,506.0,216.0,6.4625,14.1,524.0,859.0,164.5
SV028,L,216,3,3,1,1,3,Response,1487.9,1819.5,1235.45,1319.4,395.0,407.0,514.0,4.833333333333333,7.7,270.6666666666667,523.0,157.33333333333334
SV028,L,217,2,3,0,0,3,Response,3011.44,3270.0,1344.54,1489.0,467.6,558.0,489.6,2.75,4.6,284.0,727.0,123.0
SV028,L,218,2,0,1,1,2,Response,1012.9833333333332,1179.1,1506.4166666666667,2105.0,402.5,471.0,377.3333333333333,3.616666666666667,9.4,388.6666666666667,661.0,134.0
SV028,L,219,2,3,1,1,3,Response,1011.3375,1201.5,1597.775,2023.8,303.5,422.0,164.0,2.275,8.0,146.875,318.0,67.5
SV028,L,220,2,0,1,0,2,Response,2473.85,2930.7,1179.35,1276.7,412.25,504.0,304.0,3.56,7.5,259.0,705.0,104.0
SV028,L,221,3,3,0,0,3,Response,2733.183333333333,3270.0,1117.3833333333334,1242.2,457.8333333333333,518.0,446.6666666666667,5.220000000000001,9.1,307.0,749.0,74.4
SV028,L,222,2,3,1,0,2,Response,2859.375,2963.3,1449.6,1934.1,501.25,574.0,639.0,6.220000000000001,13.0,255.0,676.0,72.0
SV028,L,223,3,2,1,0,2,Response,3046.566666666667,3110.8,1445.1666666666667,1802.3,513.6666666666666,556.0,381.3333333333333,5.8,11.1,172.0,231.0,48.0
SV028,L,224,2,3,1,1,2,Response,994.95,1204.2,1626.475,2158.8,496.0,537.0,301.0,3.966666666666667,9.0,157.66666666666666,275.0,29.333333333333332
SV028,L,225,2,2,0,0,2,Response,2767.8999999999996,3034.1,1075.1,1103.1,513.0,546.0,652.0,4.4,5.9,170.5,207.0,44.0
SV028,L,226,3,2,1,0,2,Response,2758.633333333333,2884.3,1444.8,1870.3,505.3333333333333,526.0,361.3333333333333,5.633333333333333,8.7,217.33333333333334,317.0,36.0
SV028,L,227,3,2,0,1,2,Response,1420.85,1792.8,1039.85,1065.7,620.5,663.0,430.0,8.133333333333333,12.1,322.0,536.0,65.33333333333333
SV028,L,228,3,0,0,1,2,Response,948.5250000000001,1168.4,1161.475,1418.0,564.25,599.0,296.0,4.949999999999999,8.2,193.5,268.0,35.0
SV028,L,229,2,3,0,1,1,Response,1439.5500000000002,1801.4,1008.9000000000001,1064.7,527.0,540.0,416.0,6.25,6.9,224.0,248.0,44.0
SV028,L,230,3,3,0,1,1,Response,743.25,1152.5,965.85,1042.3,465.0,503.0,246.0,3.575,7.6,151.0,231.0,32.0
SV028,L,231,2,0,1,1,2,Response,1147.0833333333333,1557.6,1620.2,2088.5,406.8333333333333,565.0,371.3333333333333,5.785714285714286,10.5,206.85714285714286,511.0,61.714285714285715
SV028,L,232,2,3,1,1,2,Response,1020.05,1195.9,1622.425,2131.5,303.5,446.0,337.0,4.5,10.8,117.75,188.0,86.0
SV028,L,233,2,3,1,0,3,Response,2805.7666666666664,3140.2,1565.1499999999999,2055.9,505.0,580.0,314.6666666666667,4.883333333333334,10.2,156.33333333333334,240.0,34.666666666666664
SV028,L,234,2,2,1,1,2,Response,699.225,821.6,1870.775,2317.0,348.25,473.0,287.0,6.35,10.3,219.0,389.0,113.0
SV028,L,235,2,3,0,1,1,Response,600.3000000000001,958.7,950.0999999999999,966.8,377.5,403.0,330.0,6.85,7.7,332.5,484.0,244.0
SV028,L,236,3,2,1,1,1,Response,957.65,1016.3,1235.9,1236.3,457.0,502.0,390.0,5.3,8.7,252.66666666666666,370.0,161.33333333333334
SV028,L,237,2,0,1,1,2,Response,997.6166666666667,1086.2,1838.45,2653.7,311.0,428.0,450.0,3.2,6.7,211.2,386.0,68.8
SV028,L,238,2,3,1,1,2,Response,1046.4,1110.8,1530.25,1883.0,463.0,464.0,578.0,7.25,8.3,271.5,396.0,154.0
SV028,L,239,3,0,0,0,2,Response,3065.7999999999997,3270.0,1231.6333333333334,1387.4,455.6666666666667,535.0,556.0,2.8000000000000003,5.0,141.33333333333334,235.0,37.333333333333336
SV028,L,240,2,0,0,0,2,Response,3158.7,3197.4,1547.7,1998.7,441.0,479.0,670.0,3.766666666666667,5.5,237.0,347.0,49.333333333333336
SV028,L,241,3,2,0,0,2,Response,2081.2166666666667,2644.4,1106.0166666666667,2388.7,539.3333333333334,624.0,168.0,7.557142857142857,16.2,409.14285714285717,842.0,137.14285714285714
SV028,L,242,3,0,1,0,0,Response,,,,,,,,2.5,2.5,707.0,707.0,136.0
SV028,L,243,2,3,0,0,2,Response,,,,,,,,5.0,5.0,174.0,174.0,40.0
SV028,L,244,3,3,0,1,3,Response,1905.675,1934.0,1169.375,1434.1,557.0,637.0,334.0,3.3,7.5,301.4,688.0,102.4
SV028,L,245,2,3,0,1,3,Response,,,,,,,,2.8,2.8,588.0,588.0,284.0
SV028,L,246,2,0,1,1,0,Response,1978.1,2015.9,1004.95,1044.0,406.0,476.0,174.0,1.28,2.2,700.8,882.0,1151.2
SV028,L,247,2,2,0,1,2,Response,1879.4,1901.7,940.3499999999999,1088.8,539.5,542.0,248.0,2.066666666666667,3.5,447.6666666666667,1021.0,80.0
SV028,L,248,3,0,1,1,0,Response,,,,,,,,,,,,
SV028,L,249,3,3,0,1,3,Response,1924.0,1935.6,822.75,1042.1,497.5,540.0,170.0,5.266666666666667,5.7,436.3333333333333,910.0,69.33333333333333
SV028,L,250,3,0,0,0,0,Response,,,,,,,,,,,,
SV028,L,251,2,3,1,1,2,Response,,,,,,,,,,,,
SV028,L,252,2,3,1,0,2,Response,,,,,,,,,,,,
SV028,L,253,2,0,0,0,0,Response,,,,,,,,,,,,
SV028,L,254,2,0,1,0,0,Response,1828.45,1864.9,1018.1500000000001,1035.9,377.0,437.0,398.0,0.6,0.6,445.5,464.0,230.0
SV028,L,255,2,0,1,0,0,Response,1861.6,1861.6,1076.5,1076.5,567.0,567.0,104.0,0.5,0.5,647.0,647.0,316.0
SV028,L,256,3,2,1,0,2,Response,1756.0,1756.0,913.4,913.4,516.0,516.0,172.0,1.7000000000000002,2.1,1115.0,2139.0,178.0
SV028,L,257,3,0,0,1,0,Response,1596.4499999999998,1888.3,1374.3,1708.1,315.5,413.0,72.0,6.75,9.9,337.5,500.0,2152.0
SV028,L,258,2,0,1,0,0,Response,1973.3,2019.6,1261.25,1481.3,339.5,439.0,262.0,0.9500000000000001,1.1,104.5,137.0,14.0
SV028,L,259,2,0,1,0,0,Response,1393.175,1584.6,2175.4,2348.8,59.75,78.0,75.0,4.45,9.8,179.25,226.0,88.0
SV028,L,260,2,0,1,1,0,Response,1890.0,1890.0,1060.7,1060.7,569.0,569.0,68.0,0.8,0.9,763.0,812.0,690.0
SV028,L,261,3,3,1,0,2,Response,1946.2,1946.2,1095.3,1095.3,471.0,471.0,52.0,0.7,0.8,854.0,1014.0,306.0
SV028,L,262,3,0,0,0,0,Response,,,,,,,,,,,,
SV028,L,263,3,3,0,1,2,Response,1665.0749999999998,1980.3,1634.15,1962.2,227.25,444.0,82.0,7.55,15.2,312.0,427.0,649.0
SV028,L,264,2,3,1,0,2,Response,1942.5,1942.5,1293.0,1293.0,363.0,363.0,144.0,4.9,4.9,356.0,356.0,472.0
SV028,L,265,2,0,1,1,0,Response,1710.8833333333332,1933.5,1553.3,1990.0,221.33333333333334,432.0,69.33333333333333,3.6399999999999997,7.3,161.6,232.0,37.6
SV028,L,266,3,2,0,1,1,Response,1870.0,1870.0,905.6,905.6,530.0,530.0,160.0,1.6,1.6,95.0,95.0,24.0
SV028,L,267,2,3,0,0,2,Response,1992.4,1992.4,1754.4,1754.4,365.0,365.0,40.0,6.2,6.2,414.0,414.0,24.0
SV028,L,268,2,0,0,1,0,Response,1865.4076923076923,2124.0,1187.3,1749.1,388.61538461538464,479.0,167.07692307692307,3.1692307692307695,12.4,257.15384615384613,756.0,928.9230769230769
SV028,L,269,3,3,1,1,3,Response,,,,,,,,,,,,
SV028,L,270,3,0,1,1,0,Response,,,,,,,,1.7,1.7,469.0,469.0,320.0
SV028,L,271,2,0,0,0,0,Response,,,,,,,,1.1,1.1,904.0,904.0,328.0
SV028,L,272,2,2,1,0,2,Response,,,,,,,,,,,,
SV028,L,273,2,2,1,1,2,Response,,,,,,,,,,,,
SV028,L,274,2,0,1,0,0,Response,1687.8714285714286,1970.4,1533.9857142857143,1920.5,197.57142857142858,383.0,133.14285714285714,2.5166666666666666,5.0,184.83333333333334,319.0,28.0
SV028,L,275,3,2,0,0,2,Response,1809.8333333333333,1873.3,1279.4666666666667,1680.3,340.6666666666667,470.0,204.0,4.433333333333334,8.4,243.33333333333334,347.0,56.0
SV028,L,276,3,2,1,0,2,Response,1909.775,1978.7,1261.9,1409.3,260.5,390.0,130.0,1.5,2.3,132.33333333333334,195.0,16.0
SV028,L,277,3,3,1,1,3,Response,1878.3,1878.3,856.1,856.1,478.0,478.0,568.0,5.1,5.1,725.0,725.0,184.0
SV028,L,278,3,3,0,1,3,Response,,,,,,,,0.6,0.6,733.0,733.0,224.0
SV028,L,279,2,2,0,0,2,Response,,,,,,,,,,,,
SV028,L,280,2,2,0,1,2,Response,,,,,,,,4.6,4.6,169.0,169.0,36.0
SV028,L,281,2,3,0,0,3,Response,1902.4,1902.4,938.5,938.5,596.0,596.0,156.0,3.75,6.5,680.5,734.0,500.0
SV028,L,282,2,3,1,0,3,Response,,,,,,,,2.9,2.9,819.0,819.0,280.0
SV028,L,283,3,2,0,0,2,Response,,,,,,,,,,,,
SV028,L,284,2,3,0,0,3,Response,,,,,,,,,,,,
SV028,L,285,3,0,0,1,0,Response,,,,,,,,,,,,
SV028,L,286,2,3,0,1,3,Response,,,,,,,,,,,,
SV028,L,287,3,2,0,0,2,Response,,,,,,,,,,,,
SV028,L,288,3,2,1,1,2,Response,,,,,,,,,,,,
SV028,L,289,3,0,1,1,0,Response,,,,,,,,2.2,2.2,495.0,495.0,276.0
SV028,L,290,3,2,0,0,2,Response,,,,,,,,1.2,1.2,496.0,496.0,256.0
SV028,L,291,2,0,0,1,0,Response,1698.5,1698.5,1621.8,1621.8,122.0,122.0,52.0,6.9,6.9,305.0,305.0,44.0
SV028,L,292,2,2,0,0,2,Response,1645.6,1980.3,1772.15,1787.4,134.0,174.0,106.0,2.8000000000000003,5.7,232.33333333333334,389.0,64.0
SV028,L,293,3,0,1,0,0,Response,,,,,,,,,,,,
SV028,L,294,3,3,1,1,3,Response,,,,,,,,8.6,8.6,127.0,127.0,92.0
SV028,L,295,2,2,1,1,2,Response,1797.8,2108.3,1441.3333333333333,1757.8,190.66666666666666,324.0,269.3333333333333,2.3,3.8,119.5,143.0,40.0
SV028,L,296,2,3,1,1,3,Response,,,,,,,,1.4,1.4,121.0,121.0,16.0
SV028,L,297,2,0,0,1,0,Response,,,,,,,,,,,,
SV028,L,298,3,3,1,0,3,Response,,,,,,,,5.0,5.0,451.0,451.0,224.0
SV028,L,299,3,0,0,0,0,Response,,,,,,,,,,,,
SV028,L,300,3,3,1,1,2,Response,2068.7,2181.6,1147.05,1271.5,442.0,480.0,170.0,2.5,4.0,626.0,910.0,186.66666666666666
SV028,L,301,3,3,1,0,2,Response,,,,,,,,,,,,
SV028,L,302,3,0,0,1,0,Response,,,,,,,,,,,,
SV028,L,303,2,2,1,1,2,Response,1939.7,1939.7,1311.3,1311.3,365.0,365.0,96.0,2.55,3.3,1241.0,2355.0,136.0
SV028,L,304,2,2,1,1,2,Response,,,,,,,,,,,,
SV028,L,305,3,3,1,1,3,Response,2925.175,3270.0,730.4000000000001,1069.4,352.5,413.0,174.0,6.0600000000000005,11.5,1066.8,2754.0,186.4
SV028,L,306,3,0,1,0,0,Response,1891.8,1891.8,1131.9,1131.9,505.0,505.0,132.0,1.0,1.0,699.0,699.0,200.0
SV028,L,307,3,3,0,0,3,Response,1943.3,1943.3,1085.1,1085.1,433.0,433.0,124.0,0.95,1.0,824.5,964.0,254.0
SV028,L,308,2,3,0,0,3,Response,,,,,,,,,,,,
SV028,L,309,3,3,1,0,3,Response,,,,,,,,0.6,0.6,2794.0,2794.0,148.0
SV028,L,310,3,3,0,0,3,Response,,,,,,,,,,,,
SV028,L,311,3,2,1,0,2,Response,,,,,,,,,,,,
SV028,L,312,3,0,1,1,0,Response,,,,,,,,1.1,1.1,843.0,843.0,220.0
SV028,L,313,2,0,0,0,0,Response,,,,,,,,0.7,0.7,56.0,56.0,16.0
SV028,L,314,2,3,0,0,3,Response,,,,,,,,,,,,
SV028,L,315,3,2,0,1,2,Response,,,,,,,,0.3,0.3,3270.0,3270.0,268.0
SV028,L,316,3,2,0,1,2,Response,,,,,,,,,,,,
SV028,L,317,3,0,0,0,0,Response,1902.8,1902.8,1051.5,1051.5,457.0,457.0,288.0,1.1,1.1,802.0,802.0,252.0
SV028,L,318,3,0,0,1,0,Response,1921.5,1921.5,1058.1,1058.1,573.0,573.0,72.0,0.8,0.8,720.0,720.0,328.0
SV028,L,319,2,2,0,1,2,Response,1982.1,1982.1,1019.6,1019.6,442.0,442.0,760.0,0.8500000000000001,0.9,507.5,946.0,216.0
SV028,L,320,2,3,1,1,3,Response,1918.08,3172.1,1388.7199999999998,2883.7,396.4,473.0,203.2,12.48,21.6,478.2,760.0,412.0
SV028,L,321,2,0,0,0,0,Response,,,,,,,,1.4,1.4,786.0,786.0,132.0
SV028,L,322,3,3,0,0,3,Response,,,,,,,,2.0,2.0,856.0,856.0,368.0
SV028,L,323,3,0,1,1,0,Response,,,,,,,,,,,,
SV028,L,324,3,0,1,0,0,Response,,,,,,,,,,,,
SV028,L,325,2,0,1,1,0,Response,1884.7,1884.7,1030.3,1030.3,557.0,557.0,68.0,0.6,0.7,853.5,896.0,264.0
SV028,L,326,3,3,1,1,3,Response,,,,,,,,1.2,1.2,846.0,846.0,248.0
SV028,L,327,2,0,0,0,0,Response,1858.3,1858.3,1064.2,1064.2,430.0,430.0,168.0,0.7,0.7,435.0,435.0,348.0
SV028,L,328,3,3,1,1,3,Response,1866.55,1897.3,986.45,1035.5,420.5,427.0,372.0,0.5,0.5,396.0,736.0,90.0
SV028,L,329,3,0,1,1,0,Response,1884.92,2215.5,1413.4,1882.1,375.4,547.0,107.2,6.0600000000000005,13.7,757.2,1849.0,853.6
SV028,L,330,3,3,1,0,3,Response,1918.5,1988.1,944.0500000000001,1155.4,519.5,551.0,228.0,2.4000000000000004,5.2,370.6666666666667,946.0,106.66666666666667
SV028,L,331,2,0,1,0,0,Response,,,,,,,,0.2,0.2,821.0,821.0,292.0
SV028,L,332,2,3,1,1,2,Response,1977.6,1977.6,1010.4,1010.4,476.0,476.0,456.0,,,,,
SV028,L,333,2,2,1,0,2,Response,,,,,,,,,,,,
SV028,L,334,3,2,0,1,2,Response,,,,,,,,,,,,
SV028,L,335,2,0,1,0,0,Response,1881.3,1881.3,1053.4,1053.4,497.0,497.0,724.0,,,,,
SV028,L,336,2,0,0,0,0,Response,,,,,,,,13.2,13.2,306.0,306.0,208.0
SV028,L,337,2,0,0,0,0,Response,,,,,,,,1.2,1.2,574.0,574.0,112.0
SV028,L,338,3,2,0,1,2,Response,,,,,,,,0.9,0.9,624.0,624.0,184.0
SV028,L,339,3,2,1,0,2,Response,1692.75,1918.4,1632.025,1735.3,192.25,298.0,69.0,2.2,4.7,150.75,263.0,20.0
SV028,L,340,3,0,0,0,0,Response,,,,,,,,,,,,
SV028,L,341,3,0,0,1,0,Response,,,,,,,,,,,,
SV028,L,342,3,2,0,0,2,Response,,,,,,,,,,,,
SV028,L,343,3,2,1,1,2,Response,1909.5,1909.5,1007.6,1007.6,383.0,383.0,200.0,1.8,1.8,771.0,771.0,292.0
SV028,L,344,2,2,0,0,2,Response,1889.5,1961.6,1452.95,1461.2,190.5,230.0,48.0,0.8,0.8,99.0,99.0,12.0
SV028,L,345,2,2,1,0,2,Response,1877.2,1877.2,971.1,971.1,442.0,442.0,140.0,1.8,1.8,679.0,679.0,324.0
SV028,L,346,3,0,1,0,0,Response,,,,,,,,0.9,0.9,77.0,77.0,16.0
SV028,L,347,2,0,1,0,0,Response,1954.1,1954.1,917.2,917.2,579.0,579.0,752.0,,,,,
SV028,L,348,3,3,1,0,3,Response,2932.875,3270.0,304.175,1044.5,362.5,463.0,106.0,8.2,15.3,827.5,1342.0,279.0
SV028,L,349,2,0,1,1,0,Response,1169.6,1169.6,1830.6,1830.6,62.0,62.0,24.0,9.3,9.3,384.0,384.0,60.0
SV028,L,350,3,0,1,1,0,Response,,,,,,,,,,,,
SV028,L,351,3,2,0,0,2,Response,1852.7,1852.7,1017.8,1017.8,411.0,411.0,148.0,,,,,
SV028,L,352,3,3,0,0,3,Response,1673.65,1784.9,1164.5,1208.6,465.0,475.0,150.0,2.6666666666666665,4.6,1271.3333333333333,2836.0,162.66666666666666
SV028,L,353,3,2,0,1,2,Response,,,,,,,,,,,,
SV028,L,354,2,3,0,1,3,Response,1837.4,1837.4,1338.8,1338.8,333.0,333.0,40.0,1.5,1.5,136.0,136.0,16.0
SV028,L,355,3,3,0,0,3,Response,,,,,,,,,,,,
SV028,L,356,3,0,0,0,0,Response,1665.25,1942.5,1523.55,1776.8,146.5,233.0,58.0,7.9,14.8,43.0,86.0,24.0
SV028,L,357,2,2,0,1,1,Response,,,,,,,,0.4,0.4,874.0,874.0,200.0
SV028,L,358,3,3,1,1,3,Response,1550.9,1920.9,1735.2,1913.9,258.0,386.0,36.0,4.1,7.0,229.0,350.0,44.0
SV028,L,359,2,0,1,1,0,Response,1654.7333333333333,1849.9,1452.8,1607.8,130.0,163.0,70.66666666666667,2.875,4.9,162.5,234.0,24.0
SV028,L,360,2,3,1,1,3,Response,,,,,,,,,,,,
SV028,L,361,2,3,0,0,3,Response,3270.0,3270.0,1731.35,1962.3,605.5,609.0,72.0,4.533333333333333,11.6,150.0,195.0,50.666666666666664
SV028,L,362,2,0,0,1,0,Response,1850.35,1909.9,1712.55,1765.8,187.5,198.0,46.0,2.2333333333333334,3.0,288.6666666666667,323.0,34.666666666666664
SV028,L,363,2,3,0,1,3,Response,2800.2666666666664,3270.0,707.9,1025.0,589.3333333333334,637.0,62.666666666666664,3.9666666666666663,11.2,108.33333333333333,167.0,40.0
SV028,L,364,2,0,0,1,0,Response,,,,,,,,,,,,
SV028,L,365,2,2,0,1,2,Response,1307.6,1307.6,1659.3,1659.3,45.0,45.0,28.0,10.45,11.6,540.5,749.0,204.0
SV028,L,366,3,2,1,0,2,Response,,,,,,,,1.1,1.1,804.0,804.0,244.0
SV028,L,367,2,3,1,0,3,Response,,,,,,,,,,,,
SV028,L,368,2,0,1,1,0,Response,1857.95,1925.0,1002.5,1226.1,421.0,454.0,331.0,3.1599999999999997,7.6,310.8,495.0,71.2
SV028,L,369,2,2,1,0,2,Response,,,,,,,,,,,,
SV028,L,370,2,3,1,0,3,Response,,,,,,,,4.0,4.0,134.0,134.0,48.0
SV028,L,371,3,2,1,0,2,Response,,,,,,,,,,,,
SV028,L,372,3,3,0,1,3,Response,,,,,,,,,,,,
SV028,L,373,3,3,0,1,2,Response,,,,,,,,,,,,
SV028,L,374,2,3,0,0,0,Response,1971.2969696969699,3270.0,1886.7969696969699,2801.8,189.54545454545453,572.0,277.09090909090907,4.351515151515152,23.3,283.06060606060606,1214.0,335.6363636363636
SV028,L,375,3,0,0,0,0,Response,1979.6,1979.6,969.2,969.2,499.0,499.0,136.0,0.75,0.9,339.5,604.0,158.0
SV028,L,376,2,3,1,1,2,Response,,,,,,,,,,,,
SV028,L,377,2,2,0,0,2,Response,,,,,,,,,,,,
SV028,L,378,3,2,1,1,2,Response,1960.7,1960.7,944.2,944.2,424.0,424.0,832.0,,,,,
SV028,L,379,3,2,0,0,2,Response,,,,,,,,10.7,10.7,349.0,349.0,84.0
SV028,L,380,2,2,0,1,2,Response,,,,,,,,,,,,
SV028,L,381,2,2,1,1,2,Response,,,,,,,,0.9,0.9,641.0,641.0,188.0
SV028,L,382,3,2,1,1,2,Response,,,,,,,,,,,,
SV028,L,383,3,2,1,1,2,Response,,,,,,,,,,,,
SV028,L,384,3,2,1,1,2,Response,,,,,,,,,,,,
SV028,L,385,3,2,0,1,2,Response,,,,,,,,,,,,
SV028,L,386,3,0,0,1,0,Response,,,,,,,,,,,,
SV028,L,387,3,2,1,0,2,Response,,,,,,,,2.7,2.7,224.0,224.0,40.0
SV028,L,388,3,0,0,0,0,Response,,,,,,,,,,,,
SV028,L,389,2,0,0,1,0,Response,,,,,,,,,,,,
SV028,L,390,3,3,0,1,2,Response,,,,,,,,,,,,
SV028,L,391,3,2,1,1,2,Response,,,,,,,,,,,,
SV028,L,392,2,2,0,1,2,Response,,,,,,,,,,,,
SV028,L,393,2,0,1,1,0,Response,1667.3400000000001,2141.4,1328.1799999999998,1704.1,244.8,500.0,106.4,2.3600000000000003,5.8,855.2,3270.0,1180.0
SV028,L,394,2,3,1,0,3,Response,2061.733333333333,2206.4,757.7333333333332,1159.0,427.0,441.0,337.3333333333333,2.6,5.5,247.66666666666666,569.0,130.66666666666666
SV028,L,395,3,0,1,0,0,Response,1608.1999999999998,2009.6,1549.3000000000002,1876.7,204.0,363.0,44.0,10.25,11.1,379.0,457.0,98.0
SV028,L,396,3,2,0,1,2,Response,,,,,,,,,,,,
SV028,L,397,3,3,0,0,3,Response,,,,,,,,,,,,
SV028,L,398,3,2,1,1,2,Response,,,,,,,,,,,,
SV028,L,399,2,2,1,0,2,Response,,,,,,,,0.4,0.4,55.0,55.0,12.0
SV028,L,400,2,2,0,1,3,Response,1977.9,1977.9,1033.4,1033.4,401.0,401.0,232.0,0.5,0.5,63.0,63.0,12.0
SV028,L,401,3,0,0,1,0,Response,,,,,,,,1.0,1.0,805.0,805.0,136.0
SV028,L,402,2,2,1,0,3,Response,,,,,,,,1.2,1.2,760.0,760.0,300.0
SV028,L,403,2,2,1,0,3,Response,1955.4,1955.4,1103.2,1103.2,420.0,420.0,324.0,,,,,
SV028,L,404,2,2,0,0,3,Response,1282.75,1300.7,1793.95,1904.7,46.5,59.0,56.0,4.2,7.0,185.5,371.0,100.0
SV028,L,405,2,2,0,0,3,Response,,,,,,,,,,,,
SV028,L,406,3,2,1,0,2,Response,1918.9,1918.9,1157.3,1157.3,477.0,477.0,288.0,2.0,2.9,387.0,645.0,114.0
SV028,L,407,3,0,1,1,0,Response,,,,,,,,,,,,
SV028,L,408,3,3,1,0,3,Response,,,,,,,,0.1,0.1,615.0,615.0,236.0
SV028,L,409,3,3,1,0,3,Response,1810.1833333333332,2048.7,1503.3500000000001,1543.7,195.5,286.0,81.33333333333333,1.6666666666666667,3.0,172.5,235.0,44.0
SV028,L,410,3,0,1,0,3,Response,1435.1,1454.7,1596.45,1680.5,81.0,84.0,246.0,3.75,6.6,155.5,231.0,38.0
SV028,L,411,2,2,1,1,2,Response,1840.5500000000002,2074.3,1668.7,1899.3,215.5,333.0,76.0,3.1333333333333333,6.5,242.0,343.0,50.666666666666664
SV028,L,412,2,0,1,1,0,Response,1591.4,1825.8,1589.55,1754.9,88.5,135.0,60.0,1.45,2.5,135.75,249.0,153.0
SV028,L,413,2,2,1,0,0,Response,1344.9333333333334,1940.2,1468.1666666666667,2408.4,258.0,345.0,202.0,4.033333333333333,7.5,373.8333333333333,687.0,290.6666666666667
SV028,L,414,3,3,0,0,2,Response,1918.6,1918.6,1193.4,1193.4,494.0,494.0,204.0,1.8,1.8,608.0,608.0,400.0
SV028,L,415,3,0,1,0,0,Response,,,,,,,,,,,,
SV028,L,416,3,3,0,1,2,Response,,,,,,,,0.4,0.4,545.0,545.0,344.0
SV028,L,417,2,0,0,0,0,Response,1941.0555555555557,2797.3,1602.3,3270.0,214.44444444444446,344.0,222.22222222222223,5.011111111111111,22.5,304.1111111111111,728.0,1924.4444444444443
SV028,L,418,2,3,0,1,2,Response,2659.9,3270.0,1916.4333333333334,2649.6,359.3333333333333,457.0,572.0,7.5,16.2,244.33333333333334,383.0,60.0
SV028,L,419,3,0,0,1,0,Response,1813.6,1813.6,778.0,778.0,462.0,462.0,436.0,0.7,0.7,58.0,58.0,16.0
SV028,L,420,2,0,0,0,0,Response,,,,,,,,,,,,
SV028,L,421,2,0,0,1,0,Response,,,,,,,,0.2,0.2,762.0,762.0,80.0
SV028,L,422,2,2,0,1,1,Response,,,,,,,,0.3,0.3,717.0,717.0,116.0
SV028,L,423,3,0,0,1,0,Response,,,,,,,,,,,,
SV028,L,424,2,3,1,1,3,Response,,,,,,,,0.1,0.1,832.0,832.0,236.0
SV028,L,425,3,3,0,0,3,Response,,,,,,,,,,,,
SV028,L,426,2,3,1,0,3,Response,1165.1,1165.1,1895.7,1895.7,49.0,49.0,108.0,9.9,9.9,344.0,344.0,60.0
SV028,L,427,3,3,1,1,3,Response,2210.05,2214.0,2834.05,2848.3,379.0,388.0,784.0,0.5,0.5,66.0,66.0,12.0
SV028,L,428,2,3,1,1,3,Response,,,,,,,,1.0,1.0,636.0,636.0,128.0
SV028,L,429,2,2,0,0,2,Response,1845.4,1870.1,2142.3,2350.0,418.5,470.0,38.0,9.066666666666666,15.2,383.6666666666667,785.0,101.33333333333333
SV028,L,430,3,3,0,0,3,Response,,,,,,,,,,,,
SV028,L,431,2,3,0,1,3,Response,1903.65,1909.8,1262.75,1406.3,346.0,380.0,208.0,1.4,1.4,169.0,169.0,12.0
SV028,L,432,3,0,0,0,0,Response,1593.9,1911.3,1298.15,1966.9,230.5,392.0,196.0,7.3,13.4,188.5,296.0,62.0
SV028,L,433,3,3,0,0,3,Response,,,,,,,,2.4,2.4,144.0,144.0,24.0
SV028,L,434,3,0,1,0,0,Response,1326.9,1606.5,1695.8,1849.1,96.6,147.0,72.0,1.6600000000000001,3.4,202.4,259.0,46.4
SV028,L,435,2,0,0,1,0,Response,1455.5,1893.4,1626.6333333333332,1867.9,217.0,515.0,122.66666666666667,2.9333333333333336,7.4,251.66666666666666,579.0,1205.3333333333333
SV028,L,436,3,2,1,0,1,Response,,,,,,,,,,,,
SV028,L,437,3,2,0,0,1,Response,,,,,,,,,,,,
SV028,L,438,2,3,1,1,3,Response,1957.2,1957.2,1109.1,1109.1,466.0,466.0,716.0,,,,,
SV028,L,439,2,3,1,0,3,Response,,,,,,,,,,,,
SV028,L,440,2,3,1,1,3,Response,,,,,,,,,,,,
SV028,L,441,2,3,1,0,3,Response,,,,,,,,,,,,
SV028,L,442,2,0,0,1,0,Response,,,,,,,,,,,,
SV028,L,443,2,2,1,0,2,Response,,,,,,,,,,,,
SV028,L,444,3,3,0,1,2,Response,,,,,,,,1.6,1.6,696.0,696.0,208.0
SV028,L,445,2,0,1,0,0,Response,1411.7333333333333,1554.9,1534.8,1652.6,89.33333333333333,115.0,109.33333333333333,1.9,3.3,161.5,299.0,26.0
SV028,L,446,3,3,0,1,3,Response,,,,,,,,,,,,
SV028,L,447,3,0,1,1,0,Response,,,,,,,,3.5,3.5,263.0,263.0,80.0
SV028,L,448,2,3,1,0,3,Response,,,,,,,,,,,,
SV028,L,449,2,2,1,0,2,Response,,,,,,,,,,,,
SV028,L,450,3,3,1,0,3,Response,1803.025,2137.0,1710.7250000000001,1821.2,174.25,276.0,117.0,2.12,3.4,179.8,268.0,48.0
SV028,L,451,3,0,1,1,0,Response,,,,,,,,0.5,0.5,703.0,703.0,176.0
SV028,L,452,2,3,0,1,3,Response,,,,,,,,0.5,0.5,65.0,65.0,12.0
SV028,L,453,3,0,1,0,0,Response,,,,,,,,,,,,
SV028,L,454,3,2,0,1,1,Response,1886.775,2192.1,1718.575,1773.3,161.25,295.0,205.0,2.075,3.8,230.5,292.0,70.0
SV028,L,455,3,3,1,1,3,Response,,,,,,,,,,,,
SV028,L,456,2,0,1,1,0,Response,,,,,,,,,,,,
SV028,L,457,2,2,0,1,2,Response,1905.2,1905.2,1124.1,1124.1,519.0,519.0,124.0,1.3,1.3,545.0,545.0,228.0
SV028,L,458,2,0,0,1,0,Response,,,,,,,,,,,,
SV028,L,459,2,3,0,1,3,Response,,,,,,,,,,,,
SV028,L,460,2,3,0,1,2,Response,,,,,,,,0.3,0.3,408.0,408.0,344.0
SV028,L,461,3,0,0,1,0,Response,1330.1,1330.1,1805.7,1805.7,63.0,63.0,24.0,9.45,10.3,429.0,482.0,296.0
SV028,L,462,2,2,1,1,2,Response,,,,,,,,,,,,
SV028,L,463,3,0,0,0,2,Response,,,,,,,,,,,,
SV028,L,464,3,2,0,0,2,Response,,,,,,,,,,,,
SV028,L,465,2,3,0,0,3,Response,1965.0,1965.0,1106.2,1106.2,459.0,459.0,460.0,7.0,7.0,216.0,216.0,44.0
SV028,L,466,2,2,1,1,2,Response,1480.7285714285715,1693.5,1988.7714285714285,2210.3,109.57142857142857,158.0,101.71428571428571,2.266666666666667,4.9,262.5,414.0,34.0
SV028,L,467,2,3,0,0,3,Response,1457.15,1640.8,1855.15,1974.4,119.0,148.0,80.0,2.92,3.6,216.2,302.0,40.0
SV028,L,468,3,3,1,0,3,Response,,,,,,,,,,,,
SV028,L,469,2,2,0,0,2,Response,,,,,,,,,,,,
SV028,L,470,3,2,1,0,2,Response,,,,,,,,,,,,
SV028,L,471,2,2,1,1,2,Response,,,,,,,,0.8,0.8,71.0,71.0,16.0
SV028,L,472,3,2,0,1,2,Response,,,,,,,,,,,,
SV028,L,473,2,0,1,0,0,Response,,,,,,,,,,,,
SV028,L,474,2,3,0,1,2,Response,,,,,,,,,,,,
SV028,L,475,3,2,1,1,2,Response,,,,,,,,,,,,
SV028,L,476,3,2,1,1,2,Response,,,,,,,,,,,,
SV028,L,477,2,2,0,0,2,Response,,,,,,,,,,,,
SV028,L,478,2,0,0,0,0,Response,,,,,,,,,,,,
SV028,L,479,2,2,1,1,2,Response,,,,,,,,1.8,1.8,132.0,132.0,20.0
SV028,L,480,2,2,0,0,2,Response,1572.95,1785.0,1696.75,1752.8,133.25,178.0,110.0,1.1666666666666667,2.4,155.0,211.0,32.0
SV028,R,1,2,2,0,0,2,Response,914.95,940.6,1167.525,1532.4,231.5,289.0,475.0,5.2,8.6,689.4,2572.0,49.6
SV028,R,2,3,0,1,1,2,Response,2933.075,3063.9,1288.3249999999998,1344.0,269.5,363.0,391.0,3.9200000000000004,8.0,189.8,291.0,114.4
SV028,R,3,2,3,0,1,2,Response,2868.2200000000003,3270.0,1190.5,1307.1,273.6,337.0,421.6,3.25,6.4,184.83333333333334,294.0,54.0
SV028,R,4,3,2,1,0,2,Response,986.2,1105.2,1153.1,1157.7,375.0,456.0,560.0,4.6000000000000005,7.2,160.0,228.0,36.0
SV028,R,5,3,0,1,0,2,Response,928.9,928.9,1123.5,1123.5,327.0,327.0,1020.0,5.8,6.8,187.0,238.0,42.0
SV028,R,6,3,3,1,1,2,Response,2856.6,2856.6,1237.5,1237.5,231.0,231.0,984.0,0.5,0.5,56.0,56.0,12.0
SV028,R,7,3,0,0,1,2,Response,2907.8500000000004,2963.3,1047.15,1060.4,317.0,330.0,582.0,5.15,9.5,158.5,253.0,34.0
SV028,R,8,2,0,0,1,2,Response,2936.825,3010.7,1314.95,1426.6,314.0,353.0,392.0,3.125,8.8,208.5,399.0,53.0
SV028,R,9,3,3,1,1,2,Response,2824.8999999999996,2897.1,1248.3,1267.0,290.5,366.0,490.0,3.5,8.0,136.66666666666666,231.0,29.333333333333332
SV028,R,10,3,2,1,0,2,Response,1261.6750000000002,1962.4,1183.1,1244.2,319.5,381.0,384.0,3.175,6.9,151.25,208.0,27.0
SV028,R,11,3,2,1,0,2,Response,1123.1,1123.1,1170.3,1170.3,340.0,340.0,716.0,3.5500000000000003,6.2,154.5,224.0,28.0
SV028,R,12,2,2,0,0,2,Response,915.9,915.9,854.4,854.4,336.0,336.0,1072.0,5.55,8.5,214.0,260.0,36.0
SV028,R,13,3,2,0,0,2,Response,894.1,943.1,1248.2,1302.8,304.3333333333333,391.0,408.0,2.975,7.3,150.75,261.0,24.0
SV028,R,14,3,3,1,0,3,Response,966.225,1089.6,1157.275,1193.3,266.5,319.0,747.0,2.62,6.8,135.2,256.0,24.0
SV028,R,15,2,3,1,1,2,Response,2707.7000000000003,2957.8,1261.6000000000001,1289.1,259.6666666666667,296.0,660.0,3.966666666666667,8.3,159.0,238.0,30.666666666666668
SV028,R,16,3,2,0,1,2,Response,2910.433333333333,3001.8,1392.8999999999999,1561.9,269.3333333333333,329.0,628.0,3.1333333333333333,4.4,159.33333333333334,241.0,29.333333333333332
SV028,R,17,3,3,1,1,2,Response,2785.8,2785.8,1222.3,1222.3,349.0,349.0,1180.0,2.0,2.0,118.0,118.0,24.0
SV028,R,18,2,3,0,0,3,Response,,,,,,,,,,,,
SV028,R,19,2,3,0,1,3,Response,2479.425,2918.8,1031.8,1089.4,335.75,396.0,496.0,3.16,10.5,194.4,616.0,40.0
SV028,R,20,3,2,0,0,2,Response,1358.35,1643.7,989.6999999999999,1034.1,394.0,422.0,232.0,3.1999999999999997,5.1,137.33333333333334,212.0,29.333333333333332
SV028,R,21,3,2,0,0,2,Response,1610.1,1610.1,1045.0,1045.0,399.0,399.0,356.0,2.1,3.0,116.0,145.0,24.0
SV028,R,22,3,3,0,1,3,Response,2432.6666666666665,2978.3,1204.6000000000001,1244.6,275.6666666666667,343.0,725.3333333333334,7.433333333333334,9.3,345.0,626.0,114.66666666666667
SV028,R,23,2,0,1,1,2,Response,2320.066666666667,2825.3,1165.1000000000001,1287.0,268.0,372.0,356.0,3.575,6.3,136.25,215.0,42.0
SV028,R,24,2,2,1,1,2,Response,2889.8,2889.8,1281.9,1281.9,233.0,233.0,960.0,7.9,7.9,191.0,191.0,56.0
SV028,R,25,2,0,0,0,3,Response,,,,,,,,,,,,
SV028,R,26,3,0,0,0,3,Response,,,,,,,,,,,,
SV028,R,27,2,0,1,1,2,Response,,,,,,,,,,,,
SV028,R,28,3,2,1,1,2,Response,2300.95,2646.8,1209.15,1312.5,226.5,243.0,302.0,5.7,5.8,184.0,219.0,42.666666666666664
SV028,R,29,3,3,0,1,3,Response,2486.366666666667,2890.9,1087.4333333333334,1108.7,321.0,365.0,505.3333333333333,2.5,3.3,130.0,137.0,26.0
SV028,R,30,3,3,0,1,2,Response,2915.7,2915.7,1265.0,1265.0,271.0,271.0,936.0,8.1,8.1,474.0,474.0,360.0
SV028,R,31,3,3,1,0,3,Response,1278.2666666666667,1946.3,1148.2,1180.5,318.6666666666667,349.0,982.6666666666666,4.0,7.1,319.0,424.0,96.0
SV028,R,32,2,2,0,0,2,Response,940.65,963.3,1131.85,1346.2,293.0,298.0,550.0,6.8,8.5,238.33333333333334,299.0,42.666666666666664
SV028,R,33,2,0,0,1,2,Response,3143.05,3270.0,1051.0,1075.7,296.5,326.0,724.0,5.3,9.2,285.0,431.0,92.0
SV028,R,34,3,0,0,1,2,Response,2844.0,2844.0,1441.8,1441.8,327.0,327.0,440.0,1.1,1.1,78.0,78.0,20.0
SV028,R,35,3,2,0,1,2,Response,2809.0,2905.1,1360.8000000000002,1395.2,358.0,368.0,264.0,1.95,2.4,129.0,152.0,22.0
SV028,R,36,2,0,0,0,2,Response,1408.8799999999999,1927.3,1038.96,1141.0,298.2,386.0,458.4,3.5833333333333335,7.1,183.83333333333334,474.0,72.0
SV028,R,37,2,0,0,1,2,Response,3147.775,3270.0,1066.65,1117.5,293.5,331.0,286.0,0.5666666666666668,0.8,83.33333333333333,109.0,18.666666666666668
SV028,R,38,2,0,1,0,2,Response,1271.7333333333333,1950.6,1265.4333333333334,1285.2,346.0,401.0,301.3333333333333,4.933333333333333,7.1,230.33333333333334,360.0,121.33333333333333
SV028,R,39,3,2,0,1,2,Response,2841.25,2921.9,1189.15,1260.1,335.0,402.0,604.0,4.166666666666667,7.2,132.0,150.0,37.333333333333336
SV028,R,40,2,0,1,0,2,Response,,,,,,,,1.0,1.0,767.0,767.0,208.0
SV028,R,41,3,2,0,0,2,Response,950.0666666666666,969.1,1047.9333333333334,1291.8,307.0,325.0,649.3333333333334,4.733333333333333,7.1,173.33333333333334,196.0,37.333333333333336
SV028,R,42,3,3,1,0,2,Response,846.95,893.3,1578.75,1962.4,342.5,383.0,628.0,8.600000000000001,8.9,353.5,445.0,92.0
SV028,R,43,3,0,1,0,3,Response,918.4333333333334,1104.5,1497.8666666666668,2078.9,381.3333333333333,455.0,433.3333333333333,8.15,14.7,220.0,308.0,50.0
SV028,R,44,3,3,0,0,3,Response,998.3,998.3,973.5,973.5,316.0,316.0,1040.0,7.15,8.1,202.0,209.0,50.0
SV028,R,45,3,3,0,0,3,Response,1273.8,1772.9,1079.0666666666666,1099.4,362.3333333333333,413.0,508.0,4.666666666666667,8.5,157.0,216.0,34.666666666666664
SV028,R,46,3,3,0,1,3,Response,2932.675,3178.4,1095.425,1110.3,316.5,359.0,413.0,3.88,9.8,143.0,191.0,36.0
SV028,R,47,2,2,0,0,2,Response,1459.7666666666667,1775.6,1128.6000000000001,1171.0,353.3333333333333,387.0,333.3333333333333,3.2,5.5,162.5,241.0,26.0
SV028,R,48,2,3,0,1,3,Response,2856.4,2982.5,1094.2666666666667,1116.7,310.0,357.0,412.0,3.925,9.8,140.5,215.0,35.0
SV028,R,49,3,2,0,1,2,Response,2872.9,2872.9,1198.0,1198.0,377.0,377.0,268.0,1.0,1.0,75.0,75.0,20.0
SV028,R,50,2,0,1,0,2,Response,1117.1999999999998,1220.1,1139.0,1146.1,352.5,420.0,802.0,1.9,1.9,120.0,132.0,22.0
SV028,R,51,2,2,1,0,2,Response,1287.4333333333334,1791.5,1460.8,1933.5,423.3333333333333,460.0,392.0,8.025,11.7,285.0,366.0,42.0
SV028,R,52,3,0,0,1,2,Response,2633.0,2633.0,1105.1,1105.1,393.0,393.0,260.0,2.8,3.2,138.5,143.0,28.0
SV028,R,53,3,3,0,1,3,Response,2700.6,2959.8,1281.6000000000001,1330.8,334.3333333333333,353.0,465.3333333333333,1.7,2.3,113.5,128.0,20.0
SV028,R,54,3,2,0,1,2,Response,3033.2333333333336,3106.6,1316.2,1361.7,293.6666666666667,347.0,329.3333333333333,0.9666666666666668,1.3,195.0,399.0,112.0
SV028,R,55,3,3,0,0,3,Response,813.95,1566.0,1182.625,1246.5,349.5,399.0,259.0,7.925,11.1,387.0,823.0,91.0
SV028,R,56,3,3,1,1,2,Response,2766.975,2870.9,1282.625,1321.1,299.0,319.0,705.0,2.375,7.2,103.75,199.0,23.0
SV028,R,57,2,2,1,0,2,Response,1065.2333333333333,1279.6,1493.0333333333335,2036.0,368.0,403.0,737.3333333333334,5.75,10.0,233.0,353.0,112.0
SV028,R,58,2,3,1,1,2,Response,2656.2666666666664,2733.2,1530.4666666666665,1972.6,353.3333333333333,397.0,341.3333333333333,3.1333333333333333,7.0,207.33333333333334,434.0,76.0
SV028,R,59,2,3,0,0,2,Response,1125.275,1671.1,1078.8,1358.1,329.0,430.0,471.0,4.2,7.8,155.4,249.0,34.4
SV028,R,60,2,3,0,1,2,Response,3023.8333333333335,3270.0,1364.6000000000001,1444.7,310.3333333333333,365.0,356.0,5.033333333333333,9.7,193.66666666666666,260.0,38.666666666666664
SV028,R,61,3,0,1,1,2,Response,2743.575,3104.3,1247.325,1349.8,317.75,362.0,522.0,3.133333333333333,5.6,214.33333333333334,359.0,112.0
SV028,R,62,2,3,1,1,2,Response,2766.8,2917.3,1451.125,1720.7,345.75,395.0,285.0,2.8666666666666667,4.8,212.33333333333334,376.0,109.33333333333333
SV028,R,63,2,3,0,1,2,Response,3032.683333333333,3270.0,1339.1000000000001,1448.1,266.8333333333333,329.0,391.3333333333333,1.52,2.2,174.4,409.0,68.8
SV028,R,64,2,2,1,1,2,Response,2733.95,2757.6,1702.2,2034.5,367.5,368.0,252.0,4.05,7.1,196.0,302.0,26.0
SV028,R,65,2,3,1,0,2,Response,1233.0333333333333,1642.0,1287.6333333333332,1416.3,382.6666666666667,415.0,301.3333333333333,6.166666666666667,11.7,269.6666666666667,428.0,76.0
SV028,R,66,3,0,0,1,2,Response,2890.6,2960.0,1384.2333333333336,1463.9,401.0,441.0,394.6666666666667,4.2,9.5,122.33333333333333,144.0,42.666666666666664
SV028,R,67,3,3,0,1,2,Response,2855.9,3270.0,1107.125,1154.8,419.25,477.0,288.0,3.2000000000000006,6.4,152.66666666666666,212.0,28.0
SV028,R,68,3,3,0,0,3,Response,1251.5666666666666,1797.5,975.0666666666666,1017.4,454.3333333333333,510.0,458.6666666666667,5.366666666666667,8.3,190.33333333333334,269.0,37.333333333333336
SV028,R,69,3,0,1,0,3,Response,1090.5333333333335,1189.9,1246.0333333333335,1292.7,435.0,513.0,401.3333333333333,3.4,8.0,295.3333333333333,712.0,68.0
SV028,R,70,3,3,1,0,2,Response,1007.65,1048.8,1555.7,1907.0,430.5,471.0,588.0,8.45,9.2,429.5,566.0,100.0
SV028,R,71,2,3,1,1,2,Response,2814.65,2907.3,1248.1,1314.8,364.0,388.0,1480.0,4.2,6.4,423.0,682.0,110.0
SV028,R,72,2,0,0,0,2,Response,947.0333333333334,1651.4,1031.7666666666667,1120.5,477.6666666666667,529.0,336.0,8.466666666666667,12.2,436.6666666666667,911.0,98.66666666666667
SV028,R,73,2,2,1,0,2,Response,1831.5,1831.5,1057.6,1057.6,434.0,434.0,348.0,6.5,6.5,208.0,208.0,44.0
SV028,R,74,3,2,0,0,3,Response,775.6,894.5,1100.8666666666666,1113.6,396.3333333333333,438.0,373.3333333333333,3.766666666666667,8.5,167.0,255.0,26.666666666666668
SV028,R,75,2,0,1,0,2,Response,1127.5,1127.5,1096.4,1096.4,432.0,432.0,364.0,1.55,2.5,98.5,120.0,20.0
SV028,R,76,3,2,1,0,2,Response,1449.8,1449.8,1198.2,1198.2,445.0,445.0,380.0,2.7,2.7,153.0,153.0,24.0
SV028,R,77,3,0,0,0,3,Response,601.0,878.0,1100.7333333333333,1162.6,364.6666666666667,408.0,406.6666666666667,3.8666666666666667,7.5,178.33333333333334,239.0,28.0
SV028,R,78,2,3,0,1,3,Response,2851.933333333333,3270.0,1137.3666666666666,1170.8,323.6666666666667,344.0,170.66666666666666,2.433333333333333,4.3,132.33333333333334,162.0,25.333333333333332
SV028,R,79,3,3,1,0,2,Response,1102.55,1302.5,1647.85,2046.8,400.5,422.0,258.0,5.85,10.0,230.5,339.0,36.0
SV028,R,80,2,3,0,1,3,Response,2952.8,3048.6,1230.6,1235.4,298.5,333.0,408.0,1.3,1.8,98.0,107.0,18.666666666666668
SV028,R,81,3,0,0,0,3,Response,1140.75,1440.8,1142.75,1159.6,389.0,392.0,346.0,2.45,3.6,122.5,143.0,26.0
SV028,R,82,3,2,1,1,2,Response,2522.7,2522.7,1166.1,1166.1,390.0,390.0,180.0,1.75,1.9,107.5,112.0,22.0
SV028,R,83,2,3,1,1,2,Response,2774.4,2774.4,1176.2,1176.2,326.0,326.0,76.0,1.0,1.0,86.0,86.0,16.0
SV028,R,84,2,0,1,0,2,Response,1132.125,1840.1,1168.875,1213.0,321.5,399.0,550.0,2.975,7.2,138.0,220.0,25.0
SV028,R,85,2,2,1,0,2,Response,1912.0,1912.0,1092.1,1092.1,373.0,373.0,296.0,5.6,5.6,197.0,197.0,40.0
SV028,R,86,2,2,0,1,2,Response,3027.375,3206.8,1138.075,1361.6,277.25,338.0,468.0,4.325,9.5,149.75,206.0,39.0
SV028,R,87,2,2,0,1,2,Response,3026.7,3026.7,1260.0,1260.0,275.0,275.0,1300.0,8.8,8.8,216.0,216.0,56.0
SV028,R,88,2,0,1,0,2,Response,1294.05,1879.2,1137.775,1188.2,313.0,375.0,603.0,2.8,5.2,127.2,228.0,28.8
SV028,R,89,3,2,1,0,2,Response,1505.65,1916.1,1123.3000000000002,1157.7,330.5,360.0,656.0,5.5,5.5,174.0,174.0,40.0
SV028,R,90,2,0,1,1,2,Response,2885.95,3119.6,1275.35,1295.0,238.5,302.0,643.0,2.975,8.9,176.75,450.0,124.0
SV028,R,91,2,3,1,0,2,Response,971.0500000000001,1030.9,1604.3,2015.0,358.0,358.0,562.0,9.1,9.1,349.0,349.0,48.0
SV028,R,92,3,0,0,0,3,Response,739.9000000000001,903.6,1006.55,1021.9,347.5,396.0,462.0,7.133333333333333,10.0,213.0,234.0,45.333333333333336
SV028,R,93,3,2,0,1,2,Response,3093.9,3270.0,1392.0,1514.3,277.0,350.0,417.3333333333333,1.4000000000000001,2.2,123.0,127.0,22.0
SV028,R,94,2,2,1,0,2,Response,1178.325,1787.6,1173.275,1233.5,364.0,416.0,404.0,2.1666666666666665,3.5,115.66666666666667,141.0,25.333333333333332
SV028,R,95,2,3,1,0,2,Response,1304.5,1304.5,1135.5,1135.5,446.0,446.0,512.0,1.8,1.8,129.0,129.0,20.0
SV028,R,96,2,0,1,0,2,Response,1071.925,1262.6,1190.725,1214.9,319.25,408.0,811.0,1.475,2.5,208.75,532.0,52.0
SV028,R,97,2,2,0,1,2,Response,2772.56,3173.6,1234.3,1513.6,351.6,458.0,335.2,3.7800000000000002,9.3,158.0,227.0,29.6
SV028,R,98,2,0,0,1,2,Response,2699.7200000000003,2972.5,1144.0,1339.4,328.0,389.0,458.4,3.3600000000000003,10.4,188.8,547.0,68.8
SV028,R,99,3,2,0,1,2,Response,2900.9,2973.5,1194.8,1228.5,293.6666666666667,342.0,481.3333333333333,0.65,0.8,68.0,73.0,14.0
SV028,R,100,3,0,1,0,3,Response,889.65,959.0,1204.4,1210.2,351.0,417.0,526.0,3.15,5.8,129.5,197.0,26.0
SV028,R,101,2,2,1,1,2,Response,2670.4,2873.8,1300.6000000000001,1322.0,351.0,389.0,318.6666666666667,1.6333333333333335,1.9,107.33333333333333,116.0,21.333333333333332
SV028,R,102,3,2,0,0,2,Response,1918.7,1918.7,1118.9,1118.9,364.0,364.0,288.0,10.8,15.6,489.0,780.0,174.0
SV028,R,103,3,3,1,0,2,Response,759.9,759.9,1995.7,1995.7,425.0,425.0,216.0,8.4,8.4,300.0,300.0,52.0
SV028,R,104,3,3,0,0,3,Response,705.7166666666667,1012.6,1167.0166666666667,1404.9,339.1666666666667,416.0,390.0,1.7000000000000002,3.6,248.0,536.0,81.33333333333333
SV028,R,105,2,0,1,1,2,Response,2425.9,2608.4,1209.9499999999998,1279.3,379.5,393.0,254.0,1.5999999999999999,2.8,106.66666666666667,164.0,20.0
SV028,R,106,2,0,0,0,2,Response,783.52,975.8,1258.98,1500.8,366.0,423.0,422.4,4.6499999999999995,10.4,197.66666666666666,328.0,40.0
SV028,R,107,3,0,1,1,2,Response,2345.5,2345.5,1198.4,1198.4,408.0,408.0,28.0,1.95,2.5,408.5,707.0,136.0
SV028,R,108,2,0,0,1,2,Response,2852.2333333333336,3270.0,1148.6666666666667,1199.2,339.0,391.0,333.3333333333333,2.966666666666667,6.3,124.33333333333333,189.0,33.333333333333336
SV028,R,109,3,0,0,1,2,Response,3017.02,3270.0,1237.1200000000001,1727.9,309.8,331.0,516.8,4.025,7.1,280.0,400.0,66.0
SV028,R,110,3,0,0,1,2,Response,2959.975,3003.2,1325.025,1488.3,324.75,397.0,430.0,3.375,8.6,146.0,227.0,28.0
SV028,R,111,2,3,0,0,2,Response,837.0200000000001,1124.9,1085.34,1462.7,404.6,479.0,387.2,3.8,5.4,187.4,234.0,52.8
SV028,R,112,2,0,0,0,2,Response,905.4000000000001,1065.7,932.0,940.7,459.5,461.0,150.0,1.4333333333333333,1.8,103.0,133.0,20.0
SV028,R,113,3,0,1,1,2,Response,2709.8333333333335,2886.9,1274.4666666666667,1324.5,334.6666666666667,381.0,482.6666666666667,1.0,2.2,192.0,389.0,76.0
SV028,R,114,3,3,0,1,3,Response,2784.7,2784.7,1203.8,1203.8,434.0,434.0,408.0,2.6,3.9,126.0,157.0,38.0
SV028,R,115,3,3,1,0,2,Response,1047.975,1292.5,1421.625,2031.3,371.5,462.0,382.0,3.55,8.6,246.0,464.0,66.0
SV028,R,116,2,0,1,0,2,Response,1884.9,1884.9,1128.1,1128.1,403.0,403.0,372.0,5.5,5.5,181.0,181.0,40.0
SV028,R,117,2,2,0,1,2,Response,3010.8,3270.0,1180.2,1292.0,360.0,406.0,394.0,4.175000000000001,9.3,180.5,315.0,50.0
SV028,R,118,3,3,0,0,3,Response,303.0,303.0,1384.1,1384.1,452.0,452.0,252.0,4.6,4.6,230.0,230.0,32.0
SV028,R,119,2,0,1,1,1,Response,2590.1,2590.1,1234.9,1234.9,428.0,428.0,352.0,1.0,1.0,90.0,90.0,16.0
SV028,R,120,2,0,0,1,2,Response,2871.25,2929.8,1133.0,1157.8,352.0,385.0,594.0,3.3666666666666667,5.2,136.0,186.0,30.666666666666668
SV028,R,121,2,3,0,0,3,Response,,,,,,,,,,,,
SV028,R,122,2,2,0,1,2,Response,2401.7333333333336,2714.9,1154.1666666666667,1179.5,490.3333333333333,532.0,417.3333333333333,2.233333333333333,2.9,229.0,451.0,44.0
SV028,R,123,2,2,0,0,2,Response,1608.8,1608.8,1022.7,1022.7,496.0,496.0,1072.0,1.65,1.9,101.0,106.0,22.0
SV028,R,124,3,0,0,1,1,Response,,,,,,,,1.8,1.8,105.0,105.0,24.0
SV028,R,125,3,0,0,1,3,Response,2446.65,2885.4,1118.525,1136.6,460.25,514.0,340.0,3.175,7.9,127.25,187.0,30.0
SV028,R,126,3,3,0,0,3,Response,,,,,,,,1.3,1.3,89.0,89.0,20.0
SV028,R,127,2,3,1,1,3,Response,,,,,,,,7.0,7.0,177.0,177.0,56.0
SV028,R,128,2,2,1,1,2,Response,2587.4666666666667,2765.6,1246.2333333333333,1310.3,382.3333333333333,453.0,452.0,1.725,2.6,340.5,715.0,83.0
SV028,R,129,2,3,1,1,3,Response,2697.133333333333,2898.6,1394.3666666666668,1514.8,451.3333333333333,488.0,413.3333333333333,1.7333333333333334,2.1,123.66666666666667,145.0,20.0
SV028,R,130,3,0,1,1,1,Response,2993.0,2993.0,1261.1,1261.1,435.0,435.0,168.0,2.1,3.1,466.0,773.0,100.0
SV028,R,131,3,0,1,0,3,Response,968.7,1212.0,1147.975,1198.0,401.5,505.0,481.0,1.3333333333333333,1.9,110.33333333333333,138.0,17.333333333333332
SV028,R,132,2,0,0,0,2,Response,899.5714285714286,1065.3,1212.5857142857144,1472.3,367.85714285714283,428.0,377.7142857142857,3.4285714285714284,7.1,273.57142857142856,571.0,101.71428571428571
SV028,R,133,3,2,0,0,2,Response,1015.2,1015.2,1217.4,1217.4,435.0,435.0,508.0,1.4,1.4,104.0,104.0,20.0
SV028,R,134,3,3,0,1,3,Response,2533.3,2940.2,1180.15,1236.5,403.0,470.0,834.0,5.866666666666667,9.2,164.66666666666666,208.0,44.0
SV028,R,135,3,0,1,0,3,Response,1050.4333333333334,1704.5,1168.25,1194.3,370.3333333333333,456.0,410.6666666666667,2.85,7.3,128.0,205.0,28.0
SV028,R,136,3,3,1,1,2,Response,2850.1,2856.7,1251.0,1270.5,262.5,287.0,958.0,0.6499999999999999,0.7,192.0,310.0,188.0
SV028,R,137,3,3,1,1,3,Response,2736.8,2817.2,1278.35,1316.8,313.5,335.0,734.0,3.05,5.1,244.5,399.0,82.0
SV028,R,138,3,0,1,1,2,Response,2713.45,2828.0,1273.6,1296.4,414.0,435.0,604.0,1.4,1.4,96.0,96.0,20.0
SV028,R,139,2,2,1,1,2,Response,2752.0,2752.0,1282.2,1282.2,436.0,436.0,268.0,4.2,7.9,345.0,623.0,148.0
SV028,R,140,2,0,0,0,2,Response,1541.7,1935.4,1060.3999999999999,1137.2,383.3333333333333,447.0,373.3333333333333,3.175,7.1,139.0,253.0,27.0
SV028,R,141,3,3,1,1,2,Response,2811.566666666667,3095.9,1281.4666666666667,1392.7,400.0,511.0,694.6666666666666,2.5,4.6,127.66666666666667,181.0,25.333333333333332
SV028,R,142,2,2,0,1,2,Response,2824.5333333333333,2925.6,1191.3333333333333,1340.1,376.6666666666667,474.0,581.3333333333334,2.075,3.9,198.75,500.0,52.0
SV028,R,143,2,3,1,0,2,Response,,,,,,,,,,,,
SV028,R,144,2,0,0,0,2,Response,,,,,,,,,,,,
SV028,R,145,2,0,1,1,2,Response,2466.05,2771.8,1224.675,1295.7,470.0,538.0,319.0,2.2,7.7,98.6,192.0,22.4
SV028,R,146,3,0,1,1,1,Response,2301.95,2696.4,1128.8,1190.5,378.5,431.0,463.0,3.475,5.6,130.75,179.0,35.0
SV028,R,147,3,3,0,1,2,Response,3270.0,3270.0,1154.1,1154.1,421.0,421.0,360.0,1.9,1.9,163.0,163.0,32.0
SV028,R,148,3,0,1,1,2,Response,2155.2,2155.2,1090.4,1090.4,396.0,396.0,196.0,5.3,5.3,156.0,156.0,48.0
SV028,R,149,2,2,1,1,1,Response,2427.825,2691.4,1344.525,1772.9,332.0,360.0,515.0,2.8499999999999996,7.6,118.75,195.0,27.0
SV028,R,150,3,2,1,1,1,Response,2683.0249999999996,2802.6,1477.575,1979.1,354.75,378.0,482.0,3.95,8.3,188.25,300.0,42.0
SV028,R,151,3,2,0,1,2,Response,2824.2,2947.1,1253.6,1470.5,372.25,464.0,383.0,2.12,3.4,138.4,206.0,20.8
SV028,R,152,2,2,1,1,2,Response,2532.5,2532.5,1213.0,1213.0,362.0,362.0,1204.0,,,,,
SV028,R,153,3,0,0,1,2,Response,3017.85,3270.0,1454.0,1658.9,212.5,283.0,146.0,4.949999999999999,7.6,343.5,492.0,136.0
SV028,R,154,2,3,1,1,2,Response,2629.3,2629.3,1227.4,1227.4,377.0,377.0,108.0,1.2,1.2,104.0,104.0,16.0
SV028,R,155,2,0,1,1,2,Response,2622.7333333333336,2794.4,1295.8333333333333,1325.0,341.3333333333333,385.0,430.6666666666667,2.033333333333333,3.8,1141.3333333333333,3270.0,76.0
SV028,R,156,3,0,1,0,2,Response,1332.8999999999999,1917.8,1255.8500000000001,1594.5,289.5,422.0,293.3333333333333,7.033333333333334,11.6,326.3333333333333,647.0,124.0
SV028,R,157,3,2,1,1,1,Response,2293.55,2453.3,1111.05,1159.6,335.5,346.0,176.0,1.9500000000000002,2.6,105.0,120.0,26.0
SV028,R,158,3,0,0,0,2,Response,774.475,1154.0,1030.4,1114.8,352.5,447.0,461.0,2.8666666666666667,6.1,865.6666666666666,2414.0,102.66666666666667
SV028,R,159,3,2,1,1,2,Response,2498.88,2934.0,1326.5,1828.8,355.2,411.0,373.6,6.1,9.4,210.6,324.0,60.8
SV028,R,160,2,3,1,0,3,Response,1441.8666666666668,1869.7,1149.9333333333334,1217.1,481.6666666666667,592.0,264.0,4.075,9.4,1110.75,3270.0,101.0
SV028,R,161,2,3,0,1,2,Response,3114.2,3114.2,1115.5,1115.5,459.0,459.0,688.0,1.2,1.4,94.5,100.0,18.0
SV028,R,162,3,2,0,0,2,Response,1415.85,1818.9,1094.9499999999998,1193.1,414.0,462.0,648.0,6.9,7.7,238.5,251.0,42.0
SV028,R,163,2,3,0,0,3,Response,1564.85,3270.0,1759.925,3270.0,370.0,414.0,386.0,10.425,30.2,275.0,580.0,258.0
SV028,R,164,2,3,0,1,2,Response,3073.5,3201.4,1337.7666666666667,1389.5,420.0,469.0,405.3333333333333,3.925,12.0,156.5,324.0,52.0
SV028,R,165,2,2,0,1,2,Response,3078.6,3078.6,1467.1,1467.1,366.0,366.0,740.0,3.25,4.5,150.0,185.0,30.0
SV028,R,166,3,2,0,1,2,Response,,,,,,,,1.2,1.2,81.0,81.0,20.0
SV028,R,167,2,2,0,1,2,Response,2849.8,2993.1,1148.85,1170.5,357.0,395.0,588.0,1.6,1.6,116.0,116.0,20.0
SV028,R,168,2,3,0,0,2,Response,807.875,913.9,1103.275,1321.9,341.5,457.0,322.0,3.75,9.5,203.75,464.0,117.0
SV028,R,169,2,0,0,1,2,Response,3117.4,3270.0,1353.175,1412.8,267.5,321.0,384.0,1.0250000000000001,1.8,196.25,439.0,64.0
SV028,R,170,3,0,0,0,2,Response,1360.2222222222222,2066.8,1096.0111111111112,1218.9,370.6666666666667,412.0,244.0,4.488888888888889,14.8,154.66666666666666,286.0,32.44444444444444
SV028,R,171,2,3,1,1,3,Response,2714.95,2827.0,1212.3000000000002,1247.9,321.0,360.0,624.0,3.1999999999999997,6.9,241.33333333333334,512.0,93.33333333333333
SV028,R,172,3,0,1,0,3,Response,1090.55,1610.0,1313.625,1875.7,370.75,448.0,310.0,4.95,10.7,195.5,384.0,103.0
SV028,R,173,3,3,1,1,2,Response,2835.2714285714287,3268.5,1370.4142857142856,2047.1,347.14285714285717,386.0,442.2857142857143,4.166666666666667,13.1,397.8333333333333,826.0,111.33333333333333
SV028,R,174,3,0,0,0,2,Response,439.7,749.3,1090.9499999999998,1123.8,451.5,471.0,302.0,3.2,5.3,179.0,258.0,24.0
SV028,R,175,2,0,0,1,2,Response,3096.85,3270.0,1200.4,1249.7,382.0,419.0,1076.0,4.449999999999999,6.6,156.0,173.0,36.0
SV028,R,176,3,2,1,0,2,Response,1140.2,1375.0,1425.3333333333333,1867.8,466.0,509.0,412.0,4.6000000000000005,7.3,162.33333333333334,229.0,38.666666666666664
SV028,R,177,3,2,1,1,2,Response,2544.45,3063.2,1099.6999999999998,1166.3,334.5,369.0,392.0,9.8,10.2,405.0,613.0,188.0
SV028,R,178,2,0,0,1,1,Response,2656.6,2938.5,1312.5,1440.5,345.0,416.0,366.6666666666667,4.9,10.6,533.75,860.0,171.0
SV028,R,179,3,3,0,0,2,Response,2053.8,2053.8,1014.9,1014.9,483.0,483.0,176.0,1.1,1.1,95.0,95.0,16.0
SV028,R,180,2,0,0,0,2,Response,1192.92,1562.0,1098.02,1724.9,337.0,474.0,260.8,4.166666666666667,12.1,205.33333333333334,652.0,46.0
SV028,R,181,2,2,0,1,2,Response,2621.766666666667,3270.0,1369.7777777777778,2623.7,307.44444444444446,409.0,210.22222222222223,8.92,21.1,299.8,659.0,137.6
SV028,R,182,2,3,1,0,2,Response,1399.9333333333334,1906.8,1238.5,1444.9,426.3333333333333,470.0,384.0,5.666666666666667,8.1,188.66666666666666,246.0,40.0
SV028,R,183,2,0,1,1,2,Response,2817.7333333333336,3124.7,1203.5666666666666,1243.6,367.3333333333333,415.0,529.3333333333334,3.775,10.5,137.5,219.0,32.0
SV028,R,184,3,3,0,0,2,Response,1015.15,1070.0,921.5999999999999,929.8,376.5,377.0,222.0,3.366666666666667,8.8,222.0,540.0,253.33333333333334
SV028,R,185,2,3,1,0,2,Response,1759.9,1759.9,1119.9,1119.9,573.0,573.0,236.0,1.0,1.5,83.5,105.0,16.0
SV028,R,186,3,3,1,1,2,Response,2522.733333333333,2741.0,1090.8333333333333,1142.6,440.6666666666667,535.0,274.6666666666667,1.275,2.0,84.5,114.0,20.0
SV028,R,187,2,3,1,0,2,Response,976.1999999999999,1329.2,1610.8285714285716,2648.8,299.7142857142857,458.0,236.57142857142858,4.614285714285714,7.8,177.14285714285714,314.0,55.42857142857143
SV028,R,188,2,3,1,1,2,Response,2546.5499999999997,3072.6,1203.25,1307.7,415.3333333333333,482.0,519.3333333333334,2.6999999999999997,8.2,122.0,193.0,26.666666666666668
SV028,R,189,3,2,1,0,2,Response,835.625,1068.1,1609.875,2341.2,343.5,441.0,286.0,4.525,8.3,201.5,271.0,42.0
SV028,R,190,2,3,0,0,2,Response,693.575,865.5,1003.875,1192.7,547.75,581.0,251.0,3.28,9.9,359.8,711.0,58.4
SV028,R,191,2,3,1,0,2,Response,995.35,1230.7,1146.825,1167.8,495.75,581.0,281.0,2.35,5.3,111.5,128.0,29.0
SV028,R,192,2,2,0,0,2,Response,816.0250000000001,919.7,1328.15,1496.8,412.5,446.0,579.0,3.8,9.7,652.0,2567.0,51.2
SV028,R,193,2,2,1,0,2,Response,927.0,927.0,1173.9,1173.9,434.0,434.0,800.0,8.4,9.3,344.5,431.0,82.0
SV028,R,194,2,2,0,0,2,Response,811.3,811.3,1300.7,1300.7,457.0,457.0,308.0,2.35,2.7,152.0,162.0,22.0
SV028,R,195,3,0,0,0,3,Response,622.6500000000001,758.2,905.6500000000001,922.1,482.0,485.0,298.0,1.3666666666666665,1.6,106.33333333333333,113.0,18.666666666666668
SV028,R,196,2,2,1,0,2,Response,922.7,922.7,1175.1,1175.1,409.0,409.0,148.0,3.4000000000000004,5.9,234.5,392.0,102.0
SV028,R,197,2,2,0,0,2,Response,692.1333333333333,879.5,986.5666666666666,1056.0,362.6666666666667,401.0,426.6666666666667,1.7333333333333334,2.0,126.33333333333333,141.0,20.0
SV028,R,198,2,2,1,1,2,Response,2755.45,2782.4,1251.4499999999998,1326.8,442.5,444.0,176.0,2.8000000000000003,5.7,139.66666666666666,185.0,26.666666666666668
SV028,R,199,2,2,1,0,2,Response,,,,,,,,9.8,9.8,405.0,405.0,176.0
SV028,R,200,2,0,1,1,2,Response,2915.2666666666664,3015.7,1232.3,1250.1,328.0,383.0,612.0,1.5666666666666667,2.5,186.66666666666666,337.0,60.0
SV028,R,201,3,3,1,0,2,Response,,,,,,,,9.6,9.6,337.0,337.0,164.0
SV028,R,202,3,2,1,1,2,Response,3064.08,3270.0,1344.9,1482.0,329.2,441.0,501.6,1.7333333333333334,4.0,153.16666666666666,435.0,35.333333333333336
SV028,R,203,3,0,1,1,2,Response,2875.5333333333333,2910.7,1221.8,1235.4,354.3333333333333,422.0,305.3333333333333,0.9,1.7,76.0,97.0,16.0
SV028,R,204,2,3,0,0,2,Response,1110.4,1962.2,1208.9,1337.5,360.6,428.0,274.4,5.866666666666667,13.4,252.0,774.0,70.66666666666667
SV028,R,205,3,2,0,1,2,Response,3025.6,3270.0,1420.1,1486.1,303.25,388.0,472.0,3.3249999999999997,10.1,245.25,643.0,59.0
SV028,R,206,3,2,1,0,2,Response,,,,,,,,12.5,12.5,505.0,505.0,176.0
SV028,R,207,3,0,1,0,2,Response,1007.3833333333333,1357.7,1394.7333333333333,1875.8,346.0,408.0,200.66666666666666,2.7600000000000002,5.8,155.6,306.0,24.0
SV028,R,208,3,0,1,0,2,Response,1574.7333333333333,1846.5,1071.2666666666667,1117.3,397.0,521.0,474.6666666666667,3.7,7.0,115.5,176.0,40.0
SV028,R,209,2,3,0,1,3,Response,2716.9800000000005,3056.3,1088.06,1212.3,379.8,425.0,371.2,2.783333333333333,9.2,156.66666666666666,391.0,44.666666666666664
SV028,R,210,2,2,1,0,2,Response,725.4000000000001,866.2,1098.5,1142.9,399.5,477.0,622.0,5.15,7.3,406.5,595.0,146.0
SV028,R,211,3,3,1,1,2,Response,2972.566666666667,3238.4,1665.9333333333334,1884.9,285.3333333333333,366.0,373.3333333333333,6.466666666666666,10.0,245.33333333333334,280.0,41.333333333333336
SV028,R,212,2,3,0,0,3,Response,716.76,986.5,1174.76,1247.0,326.0,354.0,229.6,4.34,8.5,705.8,2815.0,65.6
SV028,R,213,2,0,1,1,2,Response,2731.133333333333,2996.1,1251.2,1325.5,494.0,536.0,332.0,4.775,11.3,287.5,474.0,97.0
SV028,R,214,3,3,0,1,3,Response,3183.7666666666664,3270.0,1643.0666666666666,2248.5,256.3333333333333,381.0,593.3333333333334,8.266666666666667,16.2,348.3333333333333,460.0,58.666666666666664
SV028,R,215,2,3,0,0,2,Response,626.0,626.0,1181.5,1181.5,405.0,405.0,436.0,2.4,2.8,165.0,178.0,22.0
SV028,R,216,2,2,1,0,2,Response,1161.3333333333333,1911.8,1114.5333333333335,1128.9,372.6666666666667,408.0,544.0,4.3500000000000005,8.3,100.5,146.0,40.0
SV028,R,217,2,0,1,0,2,Response,1118.15,1337.8,1051.275,1091.9,340.0,413.0,251.0,2.0,4.6,116.75,212.0,26.0
SV028,R,218,3,0,1,1,3,Response,2657.575,2942.3,1201.75,1263.6,373.0,448.0,421.0,1.58,2.8,106.4,163.0,20.0
SV028,R,219,3,3,0,0,3,Response,313.1,313.1,892.3,892.3,410.0,410.0,184.0,2.45,2.7,164.0,172.0,22.0
SV028,R,220,3,2,1,1,2,Response,2865.5,2865.5,1237.0,1237.0,393.0,393.0,1296.0,1.6,1.6,117.0,117.0,20.0
SV028,R,221,3,0,0,0,3,Response,790.1333333333333,952.4,1189.3,1217.0,432.6666666666667,488.0,361.3333333333333,3.875,4.7,285.25,619.0,78.0
SV028,R,222,3,0,0,0,3,Response,1997.9,1997.9,1106.8,1106.8,510.0,510.0,180.0,8.25,16.0,513.5,971.0,126.0
SV028,R,223,3,2,1,1,2,Response,2533.8333333333335,2714.7,1111.3666666666666,1189.6,444.0,483.0,398.6666666666667,1.5,2.7,213.5,582.0,53.0
SV028,R,224,2,2,0,0,1,Response,1835.2,1835.2,1040.8,1040.8,566.0,566.0,1088.0,0.8,0.8,72.0,72.0,16.0
SV028,R,225,3,3,1,0,3,Response,1418.1000000000001,1916.7,1190.6833333333334,1220.4,414.8333333333333,510.0,224.0,4.966666666666667,7.7,443.3333333333333,1057.0,80.0
SV028,R,226,2,0,0,1,3,Response,2015.1,2015.1,1096.3,1096.3,448.0,448.0,228.0,0.25,0.4,363.0,676.0,72.0
SV028,R,227,3,2,1,0,2,Response,927.5,927.5,1085.3,1085.3,290.0,290.0,156.0,8.85,9.5,195.0,232.0,62.0
SV028,R,228,3,2,1,0,1,Response,1486.9,1900.5,1071.0,1137.9,331.5,418.0,218.0,3.3200000000000003,8.6,275.0,806.0,62.4
SV028,R,229,2,2,1,1,2,Response,2228.8,2491.8,1089.9,1121.4,353.3333333333333,397.0,360.0,2.4,4.5,116.0,163.0,25.333333333333332
SV028,R,230,3,0,0,1,2,Response,2830.133333333333,2946.4,1237.5,1324.0,243.0,332.0,448.0,1.05,1.2,72.5,84.0,20.0
SV028,R,231,2,0,1,0,2,Response,860.6750000000001,955.7,1473.5,1871.3,303.25,360.0,297.0,1.2,1.9,76.66666666666667,100.0,20.0
SV028,R,232,2,2,0,1,1,Response,2453.65,2927.6,1038.5,1090.7,262.25,335.0,405.0,6.566666666666666,10.9,370.6666666666667,548.0,117.33333333333333
SV028,R,233,3,2,1,1,2,Response,2850.6,3043.9,1259.1499999999999,1320.6,340.8333333333333,415.0,339.3333333333333,1.0,1.5,161.0,448.0,58.4
SV028,R,234,3,3,1,0,2,Response,1075.9,1075.9,1152.7,1152.7,368.0,368.0,1284.0,5.3,8.9,315.5,533.0,124.0
SV028,R,235,3,2,0,0,2,Response,1175.7,1679.3,1153.7666666666667,1218.0,321.3333333333333,364.0,354.6666666666667,7.2,16.0,420.3333333333333,1073.0,108.0
SV028,R,236,2,0,0,0,2,Response,1332.8666666666666,1898.1,1180.7,1274.0,364.0,397.0,366.6666666666667,4.666666666666667,6.5,640.6666666666666,1121.0,150.66666666666666
SV028,R,237,2,3,1,0,2,Response,919.0600000000001,1031.1,1414.6399999999999,1662.6,299.6,394.0,197.6,3.84,8.8,192.8,386.0,29.6
SV028,R,238,2,2,0,0,2,Response,1052.5333333333333,1904.1,1016.9333333333334,1093.3,374.0,413.0,362.6666666666667,9.9,13.4,1705.5,3270.0,154.0
SV028,R,239,2,2,1,1,2,Response,2059.4333333333334,2856.1,1305.7,1651.4,227.66666666666666,392.0,418.6666666666667,5.2,7.8,260.0,454.0,197.33333333333334
SV028,R,240,3,2,0,0,2,Response,1250.1333333333334,1862.7,1153.1000000000001,1245.7,311.0,334.0,334.6666666666667,3.5,6.2,96.5,124.0,40.0
SV028,R,241,3,0,1,1,0,Response,1880.8,1972.6,850.6,1073.4,471.3333333333333,485.0,378.6666666666667,6.766666666666667,7.3,303.0,371.0,61.333333333333336
SV028,R,242,2,3,0,1,2,Response,2004.0,2004.0,980.0,980.0,548.0,548.0,684.0,1.6,1.6,634.0,634.0,140.0
SV028,R,243,2,0,1,1,0,Response,,,,,,,,,,,,
SV028,R,244,3,0,0,0,0,Response,,,,,,,,1.1,1.1,599.0,599.0,108.0
SV028,R,245,3,0,1,0,0,Response,,,,,,,,,,,,
SV028,R,246,3,2,0,0,2,Response,,,,,,,,,,,,
SV028,R,247,3,0,1,1,0,Response,,,,,,,,,,,,
SV028,R,248,2,0,1,1,0,Response,,,,,,,,,,,,
SV028,R,249,2,0,0,1,0,Response,1933.7,1933.7,953.1,953.1,474.0,474.0,288.0,0.6000000000000001,0.8,335.0,616.0,228.0
SV028,R,250,2,3,0,1,2,Response,1921.1,1927.1,985.45,1029.3,498.5,523.0,462.0,0.7999999999999999,1.0,382.3333333333333,611.0,106.66666666666667
SV028,R,251,2,2,1,1,2,Response,,,,,,,,,,,,
SV028,R,252,3,3,1,1,3,Response,,,,,,,,,,,,
SV028,R,253,2,3,0,1,3,Response,,,,,,,,1.0,1.0,532.0,532.0,204.0
SV028,R,254,2,2,1,1,2,Response,,,,,,,,,,,,
SV028,R,255,2,3,1,1,3,Response,,,,,,,,1.0,1.0,839.0,839.0,244.0
SV028,R,256,2,0,1,0,0,Response,,,,,,,,0.5,0.5,58.0,58.0,12.0
SV028,R,257,3,0,0,1,0,Response,,,,,,,,,,,,
SV028,R,258,3,2,0,1,2,Response,,,,,,,,,,,,
SV028,R,259,2,3,1,1,3,Response,,,,,,,,,,,,
SV028,R,260,2,2,1,0,2,Response,,,,,,,,,,,,
SV028,R,261,2,0,1,0,0,Response,,,,,,,,,,,,
SV028,R,262,2,2,1,0,2,Response,,,,,,,,,,,,
SV028,R,263,2,2,1,1,2,Response,,,,,,,,,,,,
SV028,R,264,2,3,0,0,3,Response,,,,,,,,,,,,
SV028,R,265,3,3,1,1,3,Response,2022.9666666666665,2077.9,1063.9333333333334,1136.4,440.6666666666667,452.0,448.0,1.0,1.6,369.25,738.0,131.0
SV028,R,266,2,0,1,1,0,Response,,,,,,,,,,,,
SV028,R,267,3,2,0,0,2,Response,,,,,,,,,,,,
SV028,R,268,3,0,1,1,0,Response,,,,,,,,,,,,
SV028,R,269,2,2,0,0,2,Response,,,,,,,,,,,,
SV028,R,270,2,0,1,1,0,Response,,,,,,,,,,,,
SV028,R,271,2,2,0,1,2,Response,,,,,,,,,,,,
SV028,R,272,2,2,0,0,2,Response,,,,,,,,,,,,
SV028,R,273,3,0,1,0,0,Response,,,,,,,,,,,,
SV028,R,274,3,3,1,1,3,Response,1861.7,1861.7,943.5,943.5,426.0,426.0,336.0,1.1,1.2,296.0,500.0,150.0
SV028,R,275,2,0,0,1,0,Response,,,,,,,,,,,,
SV028,R,276,2,0,0,0,0,Response,,,,,,,,,,,,
SV028,R,277,2,2,1,0,2,Response,,,,,,,,,,,,
SV028,R,278,2,3,0,0,3,Response,,,,,,,,,,,,
SV028,R,279,2,3,1,0,3,Response,1823.9,1823.9,1018.4,1018.4,513.0,513.0,208.0,0.3,0.3,1242.0,1242.0,264.0
SV028,R,280,3,2,0,0,2,Response,1863.6,1863.6,957.2,957.2,491.0,491.0,300.0,0.8,0.8,71.0,71.0,16.0
SV028,R,281,3,3,1,0,3,Response,,,,,,,,0.8,0.8,76.0,76.0,16.0
SV028,R,282,3,0,1,1,0,Response,,,,,,,,,,,,
SV028,R,283,3,2,1,1,2,Response,,,,,,,,0.9,0.9,77.0,77.0,16.0
SV028,R,284,2,3,0,1,2,Response,1905.05,1915.1,991.35,1000.7,474.5,477.0,716.0,1.4,2.4,645.5,663.0,322.0
SV028,R,285,3,2,1,1,1,Response,,,,,,,,,,,,
SV028,R,286,2,3,1,0,3,Response,,,,,,,,,,,,
SV028,R,287,2,3,1,1,3,Response,,,,,,,,,,,,
SV028,R,288,3,3,1,1,3,Response,,,,,,,,,,,,
SV028,R,289,3,2,1,1,3,Response,,,,,,,,0.6,0.6,89.0,89.0,12.0
SV028,R,290,2,3,0,0,3,Response,,,,,,,,3.1,3.1,730.0,730.0,284.0
SV028,R,291,3,0,0,0,3,Response,,,,,,,,1.0,1.0,771.0,771.0,132.0
SV028,R,292,3,0,0,1,3,Response,,,,,,,,,,,,
SV028,R,293,3,3,0,1,4,Response,2018.5,2018.5,1061.4,1061.4,614.0,614.0,204.0,1.3,1.7,424.5,767.0,108.0
SV028,R,294,3,2,0,0,3,Response,,,,,,,,,,,,
SV028,R,295,3,2,0,0,3,Response,1777.2,1777.2,978.8,978.8,600.0,600.0,132.0,0.8,0.8,70.0,70.0,16.0
SV028,R,296,3,0,0,1,0,Response,1924.3,1924.3,1031.2,1031.2,564.0,564.0,428.0,1.9,1.9,602.0,602.0,240.0
SV028,R,297,3,3,1,1,3,Response,,,,,,,,,,,,
SV028,R,298,3,0,0,1,1,Response,,,,,,,,0.3,0.3,509.0,509.0,112.0
SV028,R,299,3,0,0,0,0,Response,,,,,,,,0.7,0.7,64.0,64.0,16.0
SV028,R,300,3,2,0,0,2,Response,1626.9,1626.9,1038.4,1038.4,542.0,542.0,196.0,1.4,1.4,102.0,102.0,20.0
SV028,R,301,3,3,0,1,3,Response,,,,,,,,,,,,
SV028,R,302,2,3,0,0,3,Response,1880.1,1880.1,1075.6,1075.6,551.0,551.0,288.0,0.7,0.7,62.0,62.0,16.0
SV028,R,303,3,0,1,1,0,Response,2013.6,2013.6,1059.0,1059.0,482.0,482.0,824.0,0.5,0.5,62.0,62.0,12.0
SV028,R,304,2,3,1,1,3,Response,,,,,,,,,,,,
SV028,R,305,2,3,1,0,3,Response,,,,,,,,0.6,0.6,69.0,69.0,12.0
SV028,R,306,2,3,1,0,3,Response,,,,,,,,,,,,
SV028,R,307,3,0,0,1,0,Response,,,,,,,,,,,,
SV028,R,308,3,0,0,0,0,Response,,,,,,,,,,,,
SV028,R,309,2,0,1,1,0,Response,,,,,,,,,,,,
SV028,R,310,3,0,0,1,0,Response,2027.2,2027.2,1171.6,1171.6,595.0,595.0,200.0,1.9500000000000002,2.6,407.0,725.0,88.0
SV028,R,311,2,3,0,0,3,Response,1448.4,1448.4,1053.8,1053.8,692.0,692.0,108.0,,,,,
SV028,R,312,2,0,1,0,0,Response,,,,,,,,,,,,
SV028,R,313,2,0,0,0,0,Response,1574.5,1750.4,1087.7666666666667,1088.7,569.3333333333334,586.0,94.66666666666667,0.8333333333333334,1.3,308.3333333333333,763.0,145.33333333333334
SV028,R,314,3,2,1,0,1,Response,,,,,,,,1.5,1.5,106.0,106.0,20.0
SV028,R,315,2,0,1,1,0,Response,,,,,,,,0.5,0.5,58.0,58.0,12.0
SV028,R,316,3,2,0,1,2,Response,2092.5,2092.5,1060.5,1060.5,561.0,561.0,228.0,0.5,0.5,62.0,62.0,12.0
SV028,R,317,3,3,0,0,3,Response,1720.45,1800.9,1043.65,1061.7,458.5,483.0,398.0,0.95,1.2,75.0,86.0,18.0
SV028,R,318,3,2,0,1,1,Response,1851.0,1910.7,1009.5,1027.4,449.5,498.0,146.0,1.1,1.7,448.0,828.0,134.0
SV028,R,319,2,0,0,0,0,Response,1831.2,1831.2,1054.7,1054.7,374.0,374.0,368.0,0.6,0.6,635.0,635.0,140.0
SV028,R,320,3,3,1,1,3,Response,,,,,,,,,,,,
SV028,R,321,2,2,0,1,2,Response,2140.5,2140.5,1096.9,1096.9,612.0,612.0,280.0,0.8,0.8,73.0,74.0,16.0
SV028,R,322,3,2,1,0,2,Response,,,,,,,,,,,,
SV028,R,323,2,2,0,0,2,Response,,,,,,,,,,,,
SV028,R,324,2,0,0,1,0,Response,,,,,,,,0.5,0.5,506.0,506.0,96.0
SV028,R,325,2,3,0,0,3,Response,,,,,,,,,,,,
SV028,R,326,3,2,1,0,2,Response,,,,,,,,,,,,
SV028,R,327,2,0,1,1,0,Response,,,,,,,,,,,,
SV028,R,328,2,3,1,1,3,Response,,,,,,,,,,,,
SV028,R,329,3,0,1,0,0,Response,,,,,,,,,,,,
SV028,R,330,2,2,1,1,2,Response,,,,,,,,,,,,
SV028,R,331,2,2,1,1,1,Response,,,,,,,,,,,,
SV028,R,332,3,3,0,1,3,Response,,,,,,,,0.2,0.2,706.0,706.0,256.0
SV028,R,333,3,0,1,1,0,Response,,,,,,,,,,,,
SV028,R,334,3,3,1,1,3,Response,,,,,,,,,,,,
SV028,R,335,3,2,1,1,2,Response,,,,,,,,,,,,
SV028,R,336,3,3,1,0,3,Response,,,,,,,,,,,,
SV028,R,337,3,0,0,0,0,Response,,,,,,,,0.4,0.4,310.0,310.0,52.0
SV028,R,338,2,2,1,0,2,Response,,,,,,,,0.9,0.9,523.0,523.0,84.0
SV028,R,339,2,3,1,1,3,Response,,,,,,,,,,,,
SV028,R,340,3,3,1,0,3,Response,,,,,,,,,,,,
SV028,R,341,2,2,0,1,2,Response,,,,,,,,1.0,1.0,88.0,88.0,16.0
SV028,R,342,2,3,0,1,3,Response,,,,,,,,,,,,
SV028,R,343,3,3,0,1,3,Response,,,,,,,,,,,,
SV028,R,344,3,0,1,0,3,Response,,,,,,,,0.7,0.7,331.0,331.0,72.0
SV028,R,345,2,3,1,0,3,Response,,,,,,,,,,,,
SV028,R,346,2,2,1,0,2,Response,,,,,,,,,,,,
SV028,R,347,2,0,1,0,0,Response,,,,,,,,0.5,0.5,58.0,58.0,12.0
SV028,R,348,3,2,0,1,2,Response,2057.1,2057.1,1027.9,1027.9,526.0,526.0,228.0,0.65,0.8,62.5,65.0,14.0
SV028,R,349,2,0,0,0,0,Response,,,,,,,,,,,,
SV028,R,350,3,2,1,1,1,Response,,,,,,,,,,,,
SV028,R,351,2,2,0,1,1,Response,,,,,,,,,,,,
SV028,R,352,3,3,0,1,3,Response,,,,,,,,,,,,
SV028,R,353,3,3,0,0,3,Response,,,,,,,,,,,,
SV028,R,354,3,2,0,1,2,Response,,,,,,,,,,,,
SV028,R,355,3,3,0,1,3,Response,2615.1,3270.0,294.55,1020.7,401.5,544.0,178.0,19.2,19.2,1118.0,1118.0,452.0
SV028,R,356,2,0,0,0,0,Response,,,,,,,,,,,,
SV028,R,357,3,0,0,0,0,Response,,,,,,,,0.4,0.4,55.0,55.0,12.0
SV028,R,358,3,3,1,0,3,Response,,,,,,,,,,,,
SV028,R,359,3,2,1,1,1,Response,,,,,,,,,,,,
SV028,R,360,3,0,1,0,0,Response,,,,,,,,0.5,0.5,66.0,66.0,12.0
SV028,R,361,3,2,1,0,2,Response,,,,,,,,0.5,0.5,60.0,60.0,12.0
SV028,R,362,3,3,1,1,3,Response,1952.5,1952.5,1027.4,1027.4,486.0,486.0,208.0,1.3,1.3,727.0,727.0,296.0
SV028,R,363,2,2,0,0,2,Response,,,,,,,,,,,,
SV028,R,364,2,2,0,0,2,Response,,,,,,,,,,,,
SV028,R,365,2,3,1,1,3,Response,2016.3,2016.3,895.3,895.3,443.0,443.0,124.0,1.1,1.1,521.0,521.0,292.0
SV028,R,366,3,0,1,1,0,Response,,,,,,,,,,,,
SV028,R,367,3,2,1,0,1,Response,1923.3,1923.3,1074.9,1074.9,644.0,644.0,304.0,0.65,0.9,356.5,629.0,90.0
SV028,R,368,2,3,1,1,3,Response,,,,,,,,,,,,
SV028,R,369,3,0,1,0,0,Response,1907.1,1907.1,1017.6,1017.6,495.0,495.0,804.0,0.8,0.8,75.0,75.0,16.0
SV028,R,370,3,3,1,0,3,Response,1695.0,1695.0,1007.7,1007.7,548.0,548.0,72.0,1.6,1.6,114.0,114.0,20.0
SV028,R,371,2,2,0,0,2,Response,1835.0,1835.0,942.0,942.0,533.0,533.0,152.0,0.5,0.5,66.0,66.0,12.0
SV028,R,372,2,2,0,1,2,Response,2045.1,2045.1,979.7,979.7,578.0,578.0,232.0,,,,,
SV028,R,373,2,3,0,0,3,Response,2160.48,3270.0,476.93999999999994,1105.4,416.4,534.0,170.4,9.14,21.2,382.2,765.0,139.2
SV028,R,374,2,2,1,1,1,Response,1873.4,1873.4,1339.1,1339.1,447.0,447.0,96.0,2.2,2.2,129.0,129.0,24.0
SV028,R,375,3,2,0,0,2,Response,1843.5,1843.5,911.2,911.2,468.0,468.0,532.0,,,,,
SV028,R,376,3,3,0,0,3,Response,1659.7,1659.7,1542.3,1542.3,188.0,188.0,56.0,7.3,7.3,400.0,400.0,364.0
SV028,R,377,2,0,0,1,0,Response,1895.75,1941.7,1044.1,1167.6,401.5,446.0,140.0,1.6,1.6,535.0,535.0,320.0
SV028,R,378,3,3,1,0,3,Response,1770.9,1770.9,934.0,934.0,541.0,541.0,132.0,1.8,1.8,420.0,420.0,352.0
SV028,R,379,2,2,0,0,2,Response,,,,,,,,,,,,
SV028,R,380,3,2,1,1,3,Response,,,,,,,,0.9,0.9,78.0,78.0,16.0
SV028,R,381,2,3,1,1,3,Response,,,,,,,,,,,,
SV028,R,382,3,3,0,0,3,Response,,,,,,,,,,,,
SV028,R,383,3,2,0,0,2,Response,,,,,,,,,,,,
SV028,R,384,2,0,0,1,0,Response,,,,,,,,,,,,
SV028,R,385,2,2,0,0,2,Response,1805.6,1872.5,1055.65,1059.8,651.5,654.0,190.0,0.5,0.5,64.0,64.0,12.0
SV028,R,386,3,2,0,1,2,Response,2170.7,2170.7,1020.7,1020.7,491.0,491.0,92.0,0.7,0.7,61.0,61.0,16.0
SV028,R,387,2,0,0,1,0,Response,2035.8,2035.8,1037.5,1037.5,483.0,483.0,76.0,0.3,0.3,524.0,524.0,304.0
SV028,R,388,3,2,0,1,1,Response,,,,,,,,,,,,
SV028,R,389,3,2,1,0,1,Response,,,,,,,,,,,,
SV028,R,390,2,2,1,0,2,Response,,,,,,,,,,,,
SV028,R,391,2,0,1,1,0,Response,1889.9,1889.9,912.7,912.7,424.0,424.0,208.0,1.4,1.9,453.0,824.0,80.0
SV028,R,392,3,2,1,0,1,Response,1908.3,1908.3,986.8,986.8,489.0,489.0,880.0,0.5,0.5,59.0,59.0,12.0
SV028,R,393,2,3,1,0,3,Response,,,,,,,,,,,,
SV028,R,394,2,3,0,1,3,Response,,,,,,,,,,,,
SV028,R,395,2,3,0,0,3,Response,,,,,,,,,,,,
SV028,R,396,2,3,0,1,3,Response,,,,,,,,,,,,
SV028,R,397,3,2,1,1,1,Response,2023.85,2126.1,990.8,993.3,503.0,515.0,210.0,1.1,1.2,425.0,761.0,76.0
SV028,R,398,3,3,0,1,2,Response,2134.7,2134.7,1005.8,1005.8,562.0,562.0,248.0,1.4,1.4,99.0,99.0,20.0
SV028,R,399,3,2,0,1,2,Response,,,,,,,,1.4,1.4,97.0,97.0,20.0
SV028,R,400,2,0,1,1,0,Response,,,,,,,,0.6,0.6,673.0,673.0,388.0
SV028,R,401,3,0,1,1,0,Response,,,,,,,,0.8,0.8,799.0,799.0,288.0
SV028,R,402,2,0,1,0,0,Response,1986.8,1986.8,999.9,999.9,483.0,483.0,592.0,,,,,
SV028,R,403,2,0,0,0,0,Response,1301.4333333333334,1896.4,1583.2666666666667,1753.6,110.66666666666667,233.0,29.333333333333332,8.25,8.8,447.5,529.0,42.0
SV028,R,404,3,0,1,0,0,Response,,,,,,,,,,,,
SV028,R,405,3,3,0,0,3,Response,,,,,,,,0.6,0.6,68.0,68.0,12.0
SV028,R,406,2,3,1,0,3,Response,1831.4,1831.4,917.5,917.5,494.0,494.0,236.0,,,,,
SV028,R,407,2,3,0,0,3,Response,,,,,,,,,,,,
SV028,R,408,3,3,1,1,3,Response,1873.9,1873.9,943.3,943.3,447.0,447.0,64.0,0.5,0.5,64.0,64.0,12.0
SV028,R,409,3,3,0,0,3,Response,,,,,,,,,,,,
SV028,R,410,2,2,0,1,2,Response,,,,,,,,,,,,
SV028,R,411,3,2,1,1,2,Response,2011.1,2011.1,1044.9,1044.9,583.0,583.0,260.0,0.6,0.6,74.0,74.0,12.0
SV028,R,412,3,0,0,0,0,Response,1860.4,1860.4,818.3,818.3,486.0,486.0,448.0,2.2,2.2,134.0,134.0,24.0
SV028,R,413,3,2,1,0,2,Response,1893.5,1893.5,1035.8,1035.8,506.0,506.0,576.0,,,,,
SV028,R,414,2,2,1,0,2,Response,,,,,,,,,,,,
SV028,R,415,3,2,0,1,2,Response,,,,,,,,0.6,0.6,72.0,72.0,12.0
SV028,R,416,2,2,1,0,2,Response,,,,,,,,,,,,
SV028,R,417,3,0,1,0,0,Response,,,,,,,,,,,,
SV028,R,418,2,3,0,1,3,Response,1984.0,1984.0,1043.5,1043.5,548.0,548.0,568.0,,,,,
SV028,R,419,2,3,0,0,3,Response,,,,,,,,,,,,
SV028,R,420,3,3,1,1,3,Response,2074.55,2082.0,548.85,613.4,407.5,442.0,150.0,2.4,4.3,83.5,107.0,32.0
SV028,R,421,3,3,0,0,3,Response,,,,,,,,,,,,
SV028,R,422,3,0,0,1,0,Response,,,,,,,,,,,,
SV028,R,423,3,0,0,1,0,Response,,,,,,,,,,,,
SV028,R,424,2,3,0,1,3,Response,,,,,,,,,,,,
SV028,R,425,2,0,1,0,0,Response,,,,,,,,0.1,0.1,722.0,722.0,144.0
SV028,R,426,3,0,1,1,0,Response,,,,,,,,,,,,
SV028,R,427,2,2,0,1,1,Response,,,,,,,,0.5,0.5,681.0,681.0,208.0
SV028,R,428,2,2,0,1,1,Response,,,,,,,,,,,,
SV028,R,429,2,2,1,0,1,Response,,,,,,,,,,,,
SV028,R,430,2,3,1,0,3,Response,,,,,,,,,,,,
SV028,R,431,3,2,1,0,1,Response,,,,,,,,,,,,
SV028,R,432,2,0,0,1,0,Response,,,,,,,,,,,,
SV028,R,433,3,3,1,0,3,Response,,,,,,,,,,,,
SV028,R,434,3,3,1,0,3,Response,1872.0,1872.0,992.3,992.3,403.0,403.0,712.0,,,,,
SV028,R,435,2,2,0,1,1,Response,,,,,,,,0.8,0.8,70.0,70.0,16.0
SV028,R,436,3,0,0,0,0,Response,,,,,,,,,,,,
SV028,R,437,2,0,1,0,0,Response,,,,,,,,,,,,
SV028,R,438,2,0,0,0,0,Response,,,,,,,,,,,,
SV028,R,439,3,0,0,1,0,Response,1942.7,1942.7,1072.5,1072.5,459.0,459.0,456.0,0.5,0.5,62.0,62.0,12.0
SV028,R,440,3,0,1,0,0,Response,,,,,,,,1.1,1.1,887.0,887.0,204.0
SV028,R,441,2,3,1,1,3,Response,,,,,,,,0.4,0.4,49.0,49.0,12.0
SV028,R,442,3,3,1,0,3,Response,1907.4,1907.4,993.5,993.5,426.0,426.0,172.0,0.7,0.7,485.0,485.0,276.0
SV028,R,443,3,0,1,1,0,Response,1835.7,1835.7,1023.3,1023.3,496.0,496.0,88.0,1.9,1.9,689.0,689.0,428.0
SV028,R,444,2,2,1,0,1,Response,1766.5,1766.5,1050.6,1050.6,492.0,492.0,336.0,0.8,0.8,79.0,79.0,16.0
SV028,R,445,3,2,1,1,1,Response,,,,,,,,,,,,
SV028,R,446,2,0,1,1,0,Response,,,,,,,,,,,,
SV028,R,447,2,0,0,1,0,Response,1957.9666666666665,2081.8,1275.6333333333334,1489.3,302.3333333333333,401.0,85.33333333333333,2.75,3.6,690.0,1215.0,190.0
SV028,R,448,2,0,0,1,0,Response,,,,,,,,,,,,
SV028,R,449,2,0,0,0,0,Response,,,,,,,,,,,,
SV028,R,450,2,0,0,0,0,Response,,,,,,,,,,,,
SV028,R,451,2,0,1,0,0,Response,,,,,,,,,,,,
SV028,R,452,2,2,0,0,1,Response,,,,,,,,,,,,
SV028,R,453,2,3,1,0,3,Response,1616.1,1616.1,1515.8,1515.8,201.0,201.0,32.0,7.0,7.0,467.0,467.0,376.0
SV028,R,454,2,0,0,1,0,Response,,,,,,,,,,,,
SV028,R,455,3,3,0,0,3,Response,1889.1,1889.1,1070.4,1070.4,568.0,568.0,112.0,3.15,5.6,725.5,863.0,246.0
SV028,R,456,3,3,0,0,3,Response,,,,,,,,,,,,
SV028,R,457,2,2,0,1,1,Response,,,,,,,,,,,,
SV028,R,458,3,0,1,0,0,Response,,,,,,,,0.2,0.2,567.0,567.0,136.0
SV028,R,459,2,0,1,0,0,Response,,,,,,,,,,,,
SV028,R,460,3,2,0,1,1,Response,1958.5,1995.9,1059.6,1070.3,529.5,534.0,228.0,0.55,0.7,55.0,57.0,14.0
SV028,R,461,2,3,0,1,3,Response,2202.6,2202.6,1027.4,1027.4,433.0,433.0,100.0,,,,,
SV028,R,462,3,3,0,1,3,Response,1774.5,1774.5,1472.0,1472.0,192.0,192.0,24.0,3.3,3.3,225.0,225.0,20.0
SV028,R,463,3,0,0,0,0,Response,1569.6666666666667,1944.2,1323.7333333333333,1605.6,194.0,369.0,216.0,3.033333333333333,4.9,225.0,351.0,18.666666666666668
SV028,R,464,2,2,1,1,1,Response,2005.7,2005.7,1005.1,1005.1,522.0,522.0,456.0,,,,,
SV028,R,465,2,2,1,1,1,Response,,,,,,,,,,,,
SV028,R,466,2,2,1,1,2,Response,,,,,,,,,,,,
SV028,R,467,3,3,0,1,3,Response,,,,,,,,0.0,0.0,656.0,656.0,252.0
SV028,R,468,3,3,0,0,3,Response,,,,,,,,0.5,0.5,614.0,614.0,280.0
SV028,R,469,3,2,0,0,2,Response,,,,,,,,,,,,
SV028,R,470,3,0,0,0,0,Response,,,,,,,,0.0,0.0,912.0,912.0,184.0
SV028,R,471,2,2,0,0,1,Response,,,,,,,,,,,,
SV028,R,472,3,3,1,0,3,Response,,,,,,,,,,,,
SV028,R,473,2,0,1,0,0,Response,,,,,,,,,,,,
SV028,R,474,3,2,0,0,1,Response,3270.0,3270.0,524.5,524.5,299.0,299.0,36.0,13.6,13.6,1542.0,1542.0,488.0
SV028,R,475,3,2,1,0,2,Response,,,,,,,,,,,,
SV028,R,476,2,0,0,0,0,Response,,,,,,,,,,,,
SV028,R,477,2,3,1,0,3,Response,2582.15,3270.0,467.8,985.2,350.0,436.0,302.0,18.4,18.4,724.0,724.0,384.0
SV028,R,478,3,0,0,1,0,Response,,,,,,,,1.0,1.0,714.0,714.0,228.0
SV028,R,479,3,3,0,1,2,Response,1542.8,1542.8,1464.8,1464.8,198.0,198.0,32.0,8.5,8.5,376.0,376.0,1668.0
SV028,R,480,2,2,1,1,2,Response,1935.0,1935.0,968.6,968.6,656.0,656.0,308.0,,,,,
SV028,L,1,3,3,1,1,3,Stimulus,,,,,,,,,,,,
SV028,L,2,2,3,0,0,3,Stimulus,,,,,,,,,,,,
SV028,L,3,3,3,0,1,3,Stimulus,,,,,,,,,,,,
SV028,L,4,2,2,0,1,2,Stimulus,,,,,,,,,,,,
SV028,L,5,2,0,0,1,2,Stimulus,,,,,,,,,,,,
SV028,L,6,2,0,1,1,3,Stimulus,,,,,,,,,,,,
SV028,L,7,3,0,0,1,2,Stimulus,,,,,,,,,,,,
SV028,L,8,2,0,0,1,2,Stimulus,,,,,,,,,,,,
SV028,L,9,3,2,0,1,2,Stimulus,,,,,,,,,,,,
SV028,L,10,2,2,0,0,2,Stimulus,,,,,,,,,,,,
SV028,L,11,3,2,0,1,2,Stimulus,,,,,,,,,,,,
SV028,L,12,2,0,0,0,2,Stimulus,,,,,,,,,,,,
SV028,L,13,3,2,1,1,2,Stimulus,,,,,,,,,,,,
SV028,L,14,2,2,0,0,2,Stimulus,,,,,,,,,,,,
SV028,L,15,3,0,1,0,2,Stimulus,,,,,,,,,,,,
SV028,L,16,2,0,0,0,2,Stimulus,,,,,,,,,,,,
SV028,L,17,3,0,1,1,2,Stimulus,,,,,,,,,,,,
SV028,L,18,3,3,0,1,3,Stimulus,,,,,,,,,,,,
SV028,L,19,2,2,0,1,2,Stimulus,,,,,,,,,,,,
SV028,L,20,2,3,1,1,3,Stimulus,,,,,,,,,,,,
SV028,L,21,3,0,1,1,3,Stimulus,,,,,,,,,,,,
SV028,L,22,3,3,0,0,3,Stimulus,,,,,,,,,,,,
SV028,L,23,3,0,0,1,2,Stimulus,,,,,,,,,,,,
SV028,L,24,3,2,0,0,2,Stimulus,,,,,,,,,,,,
SV028,L,25,2,0,0,1,2,Stimulus,,,,,,,,,,,,
SV028,L,26,3,0,1,1,2,Stimulus,,,,,,,,,,,,
SV028,L,27,2,3,1,1,2,Stimulus,,,,,,,,,,,,
SV028,L,28,2,3,0,0,2,Stimulus,,,,,,,,,,,,
SV028,L,29,3,0,0,1,2,Stimulus,,,,,,,,,,,,
SV028,L,30,3,0,1,1,2,Stimulus,,,,,,,,,,,,
SV028,L,31,2,2,1,0,2,Stimulus,,,,,,,,,,,,
SV028,L,32,2,0,1,1,2,Stimulus,,,,,,,,,,,,
SV028,L,33,3,2,1,1,2,Stimulus,,,,,,,,,,,,
SV028,L,34,3,3,1,1,2,Stimulus,,,,,,,,,,,,
SV028,L,35,2,3,1,0,2,Stimulus,,,,,,,,,,,,
SV028,L,36,2,0,0,0,2,Stimulus,,,,,,,,,,,,
SV028,L,37,2,2,1,1,2,Stimulus,,,,,,,,,,,,
SV028,L,38,2,2,0,0,2,Stimulus,,,,,,,,,,,,
SV028,L,39,2,3,0,1,2,Stimulus,,,,,,,,,,,,
SV028,L,40,2,3,0,0,2,Stimulus,,,,,,,,,,,,
SV028,L,41,3,2,0,1,2,Stimulus,,,,,,,,,,,,
SV028,L,42,3,2,0,0,2,Stimulus,,,,,,,,,,,,
SV028,L,43,2,3,1,1,2,Stimulus,,,,,,,,,,,,
SV028,L,44,3,0,1,1,2,Stimulus,,,,,,,,,,,,
SV028,L,45,3,3,1,0,2,Stimulus,,,,,,,,,,,,
SV028,L,46,3,2,1,1,2,Stimulus,,,,,,,,,,,,
SV028,L,47,3,2,0,0,2,Stimulus,,,,,,,,,,,,
SV028,L,48,2,3,0,1,2,Stimulus,,,,,,,,,,,,
SV028,L,49,3,0,1,0,2,Stimulus,,,,,,,,,,,,
SV028,L,50,3,3,0,0,3,Stimulus,,,,,,,,,,,,
SV028,L,51,2,2,1,0,2,Stimulus,,,,,,,,,,,,
SV028,L,52,3,0,0,0,3,Stimulus,,,,,,,,,,,,
SV028,L,53,3,0,0,0,2,Stimulus,,,,,,,,,,,,
SV028,L,54,2,3,0,1,3,Stimulus,,,,,,,,,,,,
SV028,L,55,3,0,0,0,2,Stimulus,,,,,,,,,,,,
SV028,L,56,3,3,0,0,2,Stimulus,,,,,,,,,,,,
SV028,L,57,2,2,0,0,2,Stimulus,,,,,,,,,,,,
SV028,L,58,3,0,0,0,3,Stimulus,,,,,,,,,,,,
SV028,L,59,3,3,0,1,3,Stimulus,,,,,,,,,,,,
SV028,L,60,3,3,1,1,2,Stimulus,,,,,,,,,,,,
SV028,L,61,3,3,1,1,2,Stimulus,,,,,,,,,,,,
SV028,L,62,3,0,0,1,2,Stimulus,,,,,,,,,,,,
SV028,L,63,2,2,1,0,2,Stimulus,,,,,,,,,,,,
SV028,L,64,2,3,1,0,3,Stimulus,,,,,,,,,,,,
SV028,L,65,2,3,1,0,3,Stimulus,,,,,,,,,,,,
SV028,L,66,2,2,1,0,3,Stimulus,,,,,,,,,,,,
SV028,L,67,2,0,1,0,2,Stimulus,,,,,,,,,,,,
SV028,L,68,3,0,0,0,2,Stimulus,,,,,,,,,,,,
SV028,L,69,3,3,1,1,2,Stimulus,,,,,,,,,,,,
SV028,L,70,3,0,0,0,2,Stimulus,,,,,,,,,,,,
SV028,L,71,2,2,0,0,2,Stimulus,,,,,,,,,,,,
SV028,L,72,3,2,1,1,2,Stimulus,,,,,,,,,,,,
SV028,L,73,2,3,0,1,3,Stimulus,,,,,,,,,,,,
SV028,L,74,2,3,0,1,3,Stimulus,,,,,,,,,,,,
SV028,L,75,2,0,1,1,2,Stimulus,,,,,,,,,,,,
SV028,L,76,2,2,1,0,2,Stimulus,,,,,,,,,,,,
SV028,L,77,3,2,1,0,2,Stimulus,,,,,,,,,,,,
SV028,L,78,3,3,0,0,2,Stimulus,,,,,,,,,,,,
SV028,L,79,3,2,0,0,2,Stimulus,,,,,,,,,,,,
SV028,L,80,3,0,1,0,2,Stimulus,,,,,,,,,,,,
SV028,L,81,3,2,0,0,2,Stimulus,,,,,,,,,,,,
SV028,L,82,2,0,0,0,2,Stimulus,,,,,,,,,,,,
SV028,L,83,2,2,0,1,2,Stimulus,,,,,,,,,,,,
SV028,L,84,3,0,0,0,2,Stimulus,,,,,,,,,,,,
SV028,L,85,2,0,0,0,2,Stimulus,,,,,,,,,,,,
SV028,L,86,3,0,0,1,2,Stimulus,,,,,,,,,,,,
SV028,L,87,2,0,0,1,2,Stimulus,,,,,,,,,,,,
SV028,L,88,2,0,1,0,2,Stimulus,,,,,,,,,,,,
SV028,L,89,3,0,1,0,2,Stimulus,,,,,,,,,,,,
SV028,L,90,3,2,1,1,2,Stimulus,,,,,,,,,,,,
SV028,L,91,2,3,1,0,3,Stimulus,,,,,,,,,,,,
SV028,L,92,3,0,0,1,2,Stimulus,,,,,,,,,,,,
SV028,L,93,3,0,1,0,2,Stimulus,,,,,,,,,,,,
SV028,L,94,3,3,0,1,3,Stimulus,,,,,,,,,,,,
SV028,L,95,3,0,1,0,3,Stimulus,,,,,,,,,,,,
SV028,L,96,2,2,1,0,2,Stimulus,,,,,,,,,,,,
SV028,L,97,2,3,0,1,3,Stimulus,,,,,,,,,,,,
SV028,L,98,3,3,0,1,3,Stimulus,,,,,,,,,,,,
SV028,L,99,2,0,1,1,2,Stimulus,,,,,,,,0.7,0.7,59.0,59.0,16.0
SV028,L,100,3,2,1,1,2,Stimulus,,,,,,,,,,,,
SV028,L,101,3,0,1,1,2,Stimulus,,,,,,,,,,,,
SV028,L,102,3,2,0,1,2,Stimulus,,,,,,,,,,,,
SV028,L,103,3,2,0,0,2,Stimulus,,,,,,,,,,,,
SV028,L,104,3,0,0,1,2,Stimulus,,,,,,,,,,,,
SV028,L,105,2,2,1,1,2,Stimulus,,,,,,,,,,,,
SV028,L,106,3,2,0,0,2,Stimulus,,,,,,,,,,,,
SV028,L,107,3,0,0,0,3,Stimulus,,,,,,,,,,,,
SV028,L,108,3,2,1,1,2,Stimulus,,,,,,,,,,,,
SV028,L,109,3,0,0,0,2,Stimulus,,,,,,,,,,,,
SV028,L,110,3,2,1,0,2,Stimulus,,,,,,,,,,,,
SV028,L,111,2,2,0,1,2,Stimulus,,,,,,,,,,,,
SV028,L,112,3,2,0,0,2,Stimulus,,,,,,,,,,,,
SV028,L,113,2,3,0,0,3,Stimulus,,,,,,,,,,,,
SV028,L,114,2,2,0,1,2,Stimulus,,,,,,,,,,,,
SV028,L,115,3,3,1,0,3,Stimulus,,,,,,,,,,,,
SV028,L,116,2,3,0,0,3,Stimulus,,,,,,,,,,,,
SV028,L,117,3,3,0,1,3,Stimulus,,,,,,,,,,,,
SV028,L,118,2,2,0,0,2,Stimulus,,,,,,,,,,,,
SV028,L,119,3,3,0,0,3,Stimulus,,,,,,,,,,,,
SV028,L,120,2,2,1,0,2,Stimulus,,,,,,,,,,,,
SV028,L,121,2,2,1,1,2,Stimulus,,,,,,,,,,,,
SV028,L,122,3,0,1,0,3,Stimulus,,,,,,,,,,,,
SV028,L,123,3,3,0,1,3,Stimulus,,,,,,,,,,,,
SV028,L,124,2,0,0,1,2,Stimulus,,,,,,,,,,,,
SV028,L,125,3,2,0,1,2,Stimulus,,,,,,,,,,,,
SV028,L,126,2,2,0,1,2,Stimulus,,,,,,,,,,,,
SV028,L,127,2,3,1,0,3,Stimulus,,,,,,,,,,,,
SV028,L,128,3,3,0,0,3,Stimulus,,,,,,,,,,,,
SV028,L,129,3,2,1,0,2,Stimulus,,,,,,,,,,,,
SV028,L,130,3,3,1,0,3,Stimulus,,,,,,,,,,,,
SV028,L,131,3,3,1,1,3,Stimulus,,,,,,,,,,,,
SV028,L,132,2,2,0,0,2,Stimulus,,,,,,,,,,,,
SV028,L,133,2,3,0,0,3,Stimulus,,,,,,,,,,,,
SV028,L,134,3,3,1,0,3,Stimulus,,,,,,,,,,,,
SV028,L,135,2,3,0,0,3,Stimulus,,,,,,,,,,,,
SV028,L,136,2,2,1,1,2,Stimulus,,,,,,,,,,,,
SV028,L,137,3,0,1,0,3,Stimulus,,,,,,,,,,,,
SV028,L,138,2,0,1,0,2,Stimulus,,,,,,,,,,,,
SV028,L,139,2,3,1,0,3,Stimulus,,,,,,,,,,,,
SV028,L,140,3,0,1,1,2,Stimulus,,,,,,,,,,,,
SV028,L,141,3,0,1,0,3,Stimulus,,,,,,,,,,,,
SV028,L,142,2,3,1,0,3,Stimulus,,,,,,,,,,,,
SV028,L,143,2,0,0,0,2,Stimulus,,,,,,,,,,,,
SV028,L,144,3,0,0,1,2,Stimulus,,,,,,,,,,,,
SV028,L,145,3,3,1,1,3,Stimulus,,,,,,,,,,,,
SV028,L,146,2,2,1,0,2,Stimulus,,,,,,,,,,,,
SV028,L,147,2,2,0,1,2,Stimulus,,,,,,,,,,,,
SV028,L,148,3,3,1,0,3,Stimulus,,,,,,,,,,,,
SV028,L,149,3,3,0,0,3,Stimulus,,,,,,,,,,,,
SV028,L,150,2,0,0,0,2,Stimulus,,,,,,,,,,,,
SV028,L,151,3,2,0,0,2,Stimulus,,,,,,,,,,,,
SV028,L,152,2,0,1,0,2,Stimulus,,,,,,,,,,,,
SV028,L,153,3,0,1,1,2,Stimulus,,,,,,,,,,,,
SV028,L,154,3,2,1,0,2,Stimulus,,,,,,,,,,,,
SV028,L,155,3,2,1,0,2,Stimulus,,,,,,,,,,,,
SV028,L,156,2,2,1,1,2,Stimulus,,,,,,,,,,,,
SV028,L,157,3,3,1,0,2,Stimulus,,,,,,,,,,,,
SV028,L,158,2,3,0,1,3,Stimulus,,,,,,,,,,,,
SV028,L,159,3,2,0,1,2,Stimulus,,,,,,,,,,,,
SV028,L,160,3,3,0,1,3,Stimulus,,,,,,,,,,,,
SV028,L,161,2,3,0,0,2,Stimulus,,,,,,,,,,,,
SV028,L,162,2,2,0,1,2,Stimulus,,,,,,,,,,,,
SV028,L,163,2,2,1,1,2,Stimulus,,,,,,,,,,,,
SV028,L,164,2,3,1,1,2,Stimulus,,,,,,,,0.6,0.6,794.0,794.0,120.0
SV028,L,165,2,0,1,1,2,Stimulus,,,,,,,,,,,,
SV028,L,166,2,0,0,1,2,Stimulus,,,,,,,,,,,,
SV028,L,167,3,2,1,0,2,Stimulus,,,,,,,,,,,,
SV028,L,168,2,0,0,0,2,Stimulus,,,,,,,,,,,,
SV028,L,169,2,0,0,1,2,Stimulus,,,,,,,,,,,,
SV028,L,170,2,0,1,0,2,Stimulus,,,,,,,,,,,,
SV028,L,171,2,0,0,1,3,Stimulus,,,,,,,,,,,,
SV028,L,172,2,0,0,1,2,Stimulus,,,,,,,,,,,,
SV028,L,173,3,3,0,0,3,Stimulus,,,,,,,,,,,,
SV028,L,174,3,0,0,1,3,Stimulus,,,,,,,,,,,,
SV028,L,175,2,3,1,1,2,Stimulus,,,,,,,,,,,,
SV028,L,176,3,3,1,0,2,Stimulus,,,,,,,,,,,,
SV028,L,177,2,2,0,0,2,Stimulus,,,,,,,,,,,,
SV028,L,178,2,0,1,0,2,Stimulus,,,,,,,,,,,,
SV028,L,179,2,0,1,0,2,Stimulus,,,,,,,,,,,,
SV028,L,180,2,2,0,1,2,Stimulus,,,,,,,,,,,,
SV028,L,181,2,3,1,0,2,Stimulus,,,,,,,,,,,,
SV028,L,182,2,2,1,1,2,Stimulus,,,,,,,,,,,,
SV028,L,183,2,0,0,1,2,Stimulus,,,,,,,,,,,,
SV028,L,184,3,0,1,1,2,Stimulus,,,,,,,,,,,,
SV028,L,185,3,3,1,0,3,Stimulus,,,,,,,,,,,,
SV028,L,186,2,0,0,0,2,Stimulus,,,,,,,,,,,,
SV028,L,187,3,3,1,0,3,Stimulus,,,,,,,,,,,,
SV028,L,188,3,2,0,1,2,Stimulus,,,,,,,,,,,,
SV028,L,189,2,0,1,1,3,Stimulus,,,,,,,,,,,,
SV028,L,190,2,3,0,0,3,Stimulus,,,,,,,,,,,,
SV028,L,191,3,2,1,0,2,Stimulus,,,,,,,,,,,,
SV028,L,192,2,2,0,1,2,Stimulus,,,,,,,,,,,,
SV028,L,193,3,0,1,1,2,Stimulus,,,,,,,,,,,,
SV028,L,194,2,3,1,1,2,Stimulus,2051.65,2062.9,1487.5,1531.4,266.5,269.0,58.0,1.5499999999999998,2.3,107.5,112.0,22.0
SV028,L,195,3,2,1,0,2,Stimulus,,,,,,,,,,,,
SV028,L,196,2,0,1,0,2,Stimulus,,,,,,,,,,,,
SV028,L,197,2,0,1,1,2,Stimulus,,,,,,,,,,,,
SV028,L,198,3,2,1,1,2,Stimulus,,,,,,,,,,,,
SV028,L,199,3,0,1,0,2,Stimulus,,,,,,,,,,,,
SV028,L,200,3,2,0,1,2,Stimulus,,,,,,,,,,,,
SV028,L,201,2,3,0,1,2,Stimulus,,,,,,,,,,,,
SV028,L,202,2,2,0,0,2,Stimulus,,,,,,,,,,,,
SV028,L,203,2,0,1,0,2,Stimulus,,,,,,,,,,,,
SV028,L,204,2,2,1,0,3,Stimulus,,,,,,,,,,,,
SV028,L,205,3,2,0,0,2,Stimulus,,,,,,,,,,,,
SV028,L,206,2,2,1,1,2,Stimulus,,,,,,,,,,,,
SV028,L,207,3,3,1,1,2,Stimulus,,,,,,,,,,,,
SV028,L,208,3,3,1,1,2,Stimulus,,,,,,,,,,,,
SV028,L,209,3,2,1,1,2,Stimulus,,,,,,,,,,,,
SV028,L,210,3,3,1,0,3,Stimulus,,,,,,,,,,,,
SV028,L,211,2,2,1,0,2,Stimulus,,,,,,,,,,,,
SV028,L,212,3,2,0,1,2,Stimulus,,,,,,,,,,,,
SV028,L,213,3,3,0,1,3,Stimulus,,,,,,,,,,,,
SV028,L,214,3,3,0,0,3,Stimulus,,,,,,,,,,,,
SV028,L,215,2,2,1,1,1,Stimulus,,,,,,,,,,,,
SV028,L,216,3,3,1,1,3,Stimulus,,,,,,,,,,,,
SV028,L,217,2,3,0,0,3,Stimulus,,,,,,,,,,,,
SV028,L,218,2,0,1,1,2,Stimulus,,,,,,,,,,,,
SV028,L,219,2,3,1,1,3,Stimulus,,,,,,,,,,,,
SV028,L,220,2,0,1,0,2,Stimulus,,,,,,,,,,,,
SV028,L,221,3,3,0,0,3,Stimulus,,,,,,,,,,,,
SV028,L,222,2,3,1,0,2,Stimulus,,,,,,,,,,,,
SV028,L,223,3,2,1,0,2,Stimulus,,,,,,,,,,,,
SV028,L,224,2,3,1,1,2,Stimulus,,,,,,,,,,,,
SV028,L,225,2,2,0,0,2,Stimulus,,,,,,,,,,,,
SV028,L,226,3,2,1,0,2,Stimulus,,,,,,,,,,,,
SV028,L,227,3,2,0,1,2,Stimulus,,,,,,,,,,,,
SV028,L,228,3,0,0,1,2,Stimulus,,,,,,,,,,,,
SV028,L,229,2,3,0,1,1,Stimulus,,,,,,,,,,,,
SV028,L,230,3,3,0,1,1,Stimulus,,,,,,,,,,,,
SV028,L,231,2,0,1,1,2,Stimulus,,,,,,,,,,,,
SV028,L,232,2,3,1,1,2,Stimulus,,,,,,,,,,,,
SV028,L,233,2,3,1,0,3,Stimulus,,,,,,,,,,,,
SV028,L,234,2,2,1,1,2,Stimulus,,,,,,,,,,,,
SV028,L,235,2,3,0,1,1,Stimulus,,,,,,,,,,,,
SV028,L,236,3,2,1,1,1,Stimulus,,,,,,,,,,,,
SV028,L,237,2,0,1,1,2,Stimulus,,,,,,,,,,,,
SV028,L,238,2,3,1,1,2,Stimulus,,,,,,,,,,,,
SV028,L,239,3,0,0,0,2,Stimulus,,,,,,,,,,,,
SV028,L,240,2,0,0,0,2,Stimulus,,,,,,,,,,,,
SV028,L,241,3,2,0,0,2,Stimulus,,,,,,,,,,,,
SV028,L,242,3,0,1,0,0,Stimulus,,,,,,,,,,,,
SV028,L,243,2,3,0,0,2,Stimulus,,,,,,,,,,,,
SV028,L,244,3,3,0,1,3,Stimulus,,,,,,,,,,,,
SV028,L,245,2,3,0,1,3,Stimulus,,,,,,,,,,,,
SV028,L,246,2,0,1,1,0,Stimulus,,,,,,,,,,,,
SV028,L,247,2,2,0,1,2,Stimulus,,,,,,,,,,,,
SV028,L,248,3,0,1,1,0,Stimulus,,,,,,,,,,,,
SV028,L,249,3,3,0,1,3,Stimulus,,,,,,,,,,,,
SV028,L,250,3,0,0,0,0,Stimulus,,,,,,,,,,,,
SV028,L,251,2,3,1,1,2,Stimulus,,,,,,,,,,,,
SV028,L,252,2,3,1,0,2,Stimulus,,,,,,,,,,,,
SV028,L,253,2,0,0,0,0,Stimulus,,,,,,,,,,,,
SV028,L,254,2,0,1,0,0,Stimulus,,,,,,,,,,,,
SV028,L,255,2,0,1,0,0,Stimulus,,,,,,,,,,,,
SV028,L,256,3,2,1,0,2,Stimulus,,,,,,,,,,,,
SV028,L,257,3,0,0,1,0,Stimulus,,,,,,,,,,,,
SV028,L,258,2,0,1,0,0,Stimulus,,,,,,,,,,,,
SV028,L,259,2,0,1,0,0,Stimulus,,,,,,,,,,,,
SV028,L,260,2,0,1,1,0,Stimulus,,,,,,,,,,,,
SV028,L,261,3,3,1,0,2,Stimulus,,,,,,,,,,,,
SV028,L,262,3,0,0,0,0,Stimulus,,,,,,,,,,,,
SV028,L,263,3,3,0,1,2,Stimulus,,,,,,,,,,,,
SV028,L,264,2,3,1,0,2,Stimulus,,,,,,,,,,,,
SV028,L,265,2,0,1,1,0,Stimulus,,,,,,,,,,,,
SV028,L,266,3,2,0,1,1,Stimulus,,,,,,,,,,,,
SV028,L,267,2,3,0,0,2,Stimulus,,,,,,,,,,,,
SV028,L,268,2,0,0,1,0,Stimulus,,,,,,,,,,,,
SV028,L,269,3,3,1,1,3,Stimulus,,,,,,,,,,,,
SV028,L,270,3,0,1,1,0,Stimulus,,,,,,,,,,,,
SV028,L,271,2,0,0,0,0,Stimulus,,,,,,,,,,,,
SV028,L,272,2,2,1,0,2,Stimulus,,,,,,,,,,,,
SV028,L,273,2,2,1,1,2,Stimulus,,,,,,,,,,,,
SV028,L,274,2,0,1,0,0,Stimulus,,,,,,,,,,,,
SV028,L,275,3,2,0,0,2,Stimulus,,,,,,,,0.5,0.5,60.0,60.0,12.0
SV028,L,276,3,2,1,0,2,Stimulus,,,,,,,,,,,,
SV028,L,277,3,3,1,1,3,Stimulus,,,,,,,,,,,,
SV028,L,278,3,3,0,1,3,Stimulus,,,,,,,,,,,,
SV028,L,279,2,2,0,0,2,Stimulus,,,,,,,,,,,,
SV028,L,280,2,2,0,1,2,Stimulus,,,,,,,,10.0,10.0,326.0,326.0,48.0
SV028,L,281,2,3,0,0,3,Stimulus,,,,,,,,,,,,
SV028,L,282,2,3,1,0,3,Stimulus,,,,,,,,,,,,
SV028,L,283,3,2,0,0,2,Stimulus,,,,,,,,,,,,
SV028,L,284,2,3,0,0,3,Stimulus,,,,,,,,,,,,
SV028,L,285,3,0,0,1,0,Stimulus,,,,,,,,,,,,
SV028,L,286,2,3,0,1,3,Stimulus,,,,,,,,,,,,
SV028,L,287,3,2,0,0,2,Stimulus,,,,,,,,,,,,
SV028,L,288,3,2,1,1,2,Stimulus,,,,,,,,,,,,
SV028,L,289,3,0,1,1,0,Stimulus,,,,,,,,0.3,0.3,657.0,657.0,164.0
SV028,L,290,3,2,0,0,2,Stimulus,,,,,,,,6.2,6.2,215.0,215.0,44.0
SV028,L,291,2,0,0,1,0,Stimulus,,,,,,,,,,,,
SV028,L,292,2,2,0,0,2,Stimulus,,,,,,,,,,,,
SV028,L,293,3,0,1,0,0,Stimulus,,,,,,,,,,,,
SV028,L,294,3,3,1,1,3,Stimulus,,,,,,,,,,,,
SV028,L,295,2,2,1,1,2,Stimulus,,,,,,,,,,,,
SV028,L,296,2,3,1,1,3,Stimulus,,,,,,,,,,,,
SV028,L,297,2,0,0,1,0,Stimulus,,,,,,,,,,,,
SV028,L,298,3,3,1,0,3,Stimulus,,,,,,,,,,,,
SV028,L,299,3,0,0,0,0,Stimulus,,,,,,,,,,,,
SV028,L,300,3,3,1,1,2,Stimulus,,,,,,,,0.2,0.2,1009.0,1009.0,112.0
SV028,L,301,3,3,1,0,2,Stimulus,,,,,,,,,,,,
SV028,L,302,3,0,0,1,0,Stimulus,,,,,,,,,,,,
SV028,L,303,2,2,1,1,2,Stimulus,,,,,,,,,,,,
SV028,L,304,2,2,1,1,2,Stimulus,,,,,,,,,,,,
SV028,L,305,3,3,1,1,3,Stimulus,,,,,,,,,,,,
SV028,L,306,3,0,1,0,0,Stimulus,,,,,,,,,,,,
SV028,L,307,3,3,0,0,3,Stimulus,,,,,,,,,,,,
SV028,L,308,2,3,0,0,3,Stimulus,,,,,,,,,,,,
SV028,L,309,3,3,1,0,3,Stimulus,,,,,,,,,,,,
SV028,L,310,3,3,0,0,3,Stimulus,,,,,,,,,,,,
SV028,L,311,3,2,1,0,2,Stimulus,,,,,,,,,,,,
SV028,L,312,3,0,1,1,0,Stimulus,,,,,,,,,,,,
SV028,L,313,2,0,0,0,0,Stimulus,,,,,,,,,,,,
SV028,L,314,2,3,0,0,3,Stimulus,,,,,,,,,,,,
SV028,L,315,3,2,0,1,2,Stimulus,,,,,,,,,,,,
SV028,L,316,3,2,0,1,2,Stimulus,,,,,,,,,,,,
SV028,L,317,3,0,0,0,0,Stimulus,,,,,,,,,,,,
SV028,L,318,3,0,0,1,0,Stimulus,,,,,,,,,,,,
SV028,L,319,2,2,0,1,2,Stimulus,,,,,,,,,,,,
SV028,L,320,2,3,1,1,3,Stimulus,,,,,,,,0.7,0.7,760.0,760.0,164.0
SV028,L,321,2,0,0,0,0,Stimulus,,,,,,,,,,,,
SV028,L,322,3,3,0,0,3,Stimulus,,,,,,,,,,,,
SV028,L,323,3,0,1,1,0,Stimulus,,,,,,,,,,,,
SV028,L,324,3,0,1,0,0,Stimulus,,,,,,,,,,,,
SV028,L,325,2,0,1,1,0,Stimulus,,,,,,,,,,,,
SV028,L,326,3,3,1,1,3,Stimulus,,,,,,,,,,,,
SV028,L,327,2,0,0,0,0,Stimulus,,,,,,,,,,,,
SV028,L,328,3,3,1,1,3,Stimulus,,,,,,,,,,,,
SV028,L,329,3,0,1,1,0,Stimulus,,,,,,,,,,,,
SV028,L,330,3,3,1,0,3,Stimulus,,,,,,,,,,,,
SV028,L,331,2,0,1,0,0,Stimulus,,,,,,,,,,,,
SV028,L,332,2,3,1,1,2,Stimulus,,,,,,,,,,,,
SV028,L,333,2,2,1,0,2,Stimulus,,,,,,,,,,,,
SV028,L,334,3,2,0,1,2,Stimulus,,,,,,,,,,,,
SV028,L,335,2,0,1,0,0,Stimulus,,,,,,,,,,,,
SV028,L,336,2,0,0,0,0,Stimulus,,,,,,,,,,,,
SV028,L,337,2,0,0,0,0,Stimulus,,,,,,,,,,,,
SV028,L,338,3,2,0,1,2,Stimulus,,,,,,,,,,,,
SV028,L,339,3,2,1,0,2,Stimulus,,,,,,,,,,,,
SV028,L,340,3,0,0,0,0,Stimulus,,,,,,,,,,,,
SV028,L,341,3,0,0,1,0,Stimulus,,,,,,,,,,,,
SV028,L,342,3,2,0,0,2,Stimulus,,,,,,,,,,,,
SV028,L,343,3,2,1,1,2,Stimulus,,,,,,,,,,,,
SV028,L,344,2,2,0,0,2,Stimulus,,,,,,,,,,,,
SV028,L,345,2,2,1,0,2,Stimulus,,,,,,,,,,,,
SV028,L,346,3,0,1,0,0,Stimulus,,,,,,,,,,,,
SV028,L,347,2,0,1,0,0,Stimulus,,,,,,,,,,,,
SV028,L,348,3,3,1,0,3,Stimulus,,,,,,,,,,,,
SV028,L,349,2,0,1,1,0,Stimulus,,,,,,,,,,,,
SV028,L,350,3,0,1,1,0,Stimulus,,,,,,,,,,,,
SV028,L,351,3,2,0,0,2,Stimulus,,,,,,,,,,,,
SV028,L,352,3,3,0,0,3,Stimulus,,,,,,,,,,,,
SV028,L,353,3,2,0,1,2,Stimulus,,,,,,,,,,,,
SV028,L,354,2,3,0,1,3,Stimulus,,,,,,,,,,,,
SV028,L,355,3,3,0,0,3,Stimulus,,,,,,,,,,,,
SV028,L,356,3,0,0,0,0,Stimulus,,,,,,,,,,,,
SV028,L,357,2,2,0,1,1,Stimulus,,,,,,,,,,,,
SV028,L,358,3,3,1,1,3,Stimulus,,,,,,,,,,,,
SV028,L,359,2,0,1,1,0,Stimulus,,,,,,,,,,,,
SV028,L,360,2,3,1,1,3,Stimulus,,,,,,,,,,,,
SV028,L,361,2,3,0,0,3,Stimulus,,,,,,,,,,,,
SV028,L,362,2,0,0,1,0,Stimulus,,,,,,,,,,,,
SV028,L,363,2,3,0,1,3,Stimulus,,,,,,,,,,,,
SV028,L,364,2,0,0,1,0,Stimulus,,,,,,,,,,,,
SV028,L,365,2,2,0,1,2,Stimulus,,,,,,,,,,,,
SV028,L,366,3,2,1,0,2,Stimulus,,,,,,,,,,,,
SV028,L,367,2,3,1,0,3,Stimulus,,,,,,,,,,,,
SV028,L,368,2,0,1,1,0,Stimulus,,,,,,,,,,,,
SV028,L,369,2,2,1,0,2,Stimulus,,,,,,,,,,,,
SV028,L,370,2,3,1,0,3,Stimulus,,,,,,,,,,,,
SV028,L,371,3,2,1,0,2,Stimulus,,,,,,,,,,,,
SV028,L,372,3,3,0,1,3,Stimulus,,,,,,,,,,,,
SV028,L,373,3,3,0,1,2,Stimulus,,,,,,,,0.5,0.5,262.0,262.0,76.0
SV028,L,374,2,3,0,0,0,Stimulus,,,,,,,,,,,,
SV028,L,375,3,0,0,0,0,Stimulus,,,,,,,,,,,,
SV028,L,376,2,3,1,1,2,Stimulus,,,,,,,,,,,,
SV028,L,377,2,2,0,0,2,Stimulus,,,,,,,,,,,,
SV028,L,378,3,2,1,1,2,Stimulus,,,,,,,,,,,,
SV028,L,379,3,2,0,0,2,Stimulus,,,,,,,,,,,,
SV028,L,380,2,2,0,1,2,Stimulus,,,,,,,,,,,,
SV028,L,381,2,2,1,1,2,Stimulus,,,,,,,,,,,,
SV028,L,382,3,2,1,1,2,Stimulus,,,,,,,,,,,,
SV028,L,383,3,2,1,1,2,Stimulus,,,,,,,,,,,,
SV028,L,384,3,2,1,1,2,Stimulus,,,,,,,,,,,,
SV028,L,385,3,2,0,1,2,Stimulus,,,,,,,,,,,,
SV028,L,386,3,0,0,1,0,Stimulus,,,,,,,,,,,,
SV028,L,387,3,2,1,0,2,Stimulus,,,,,,,,,,,,
SV028,L,388,3,0,0,0,0,Stimulus,,,,,,,,,,,,
SV028,L,389,2,0,0,1,0,Stimulus,,,,,,,,,,,,
SV028,L,390,3,3,0,1,2,Stimulus,,,,,,,,,,,,
SV028,L,391,3,2,1,1,2,Stimulus,,,,,,,,,,,,
SV028,L,392,2,2,0,1,2,Stimulus,,,,,,,,,,,,
SV028,L,393,2,0,1,1,0,Stimulus,,,,,,,,,,,,
SV028,L,394,2,3,1,0,3,Stimulus,,,,,,,,,,,,
SV028,L,395,3,0,1,0,0,Stimulus,,,,,,,,,,,,
SV028,L,396,3,2,0,1,2,Stimulus,,,,,,,,,,,,
SV028,L,397,3,3,0,0,3,Stimulus,,,,,,,,,,,,
SV028,L,398,3,2,1,1,2,Stimulus,,,,,,,,,,,,
SV028,L,399,2,2,1,0,2,Stimulus,,,,,,,,,,,,
SV028,L,400,2,2,0,1,3,Stimulus,,,,,,,,,,,,
SV028,L,401,3,0,0,1,0,Stimulus,,,,,,,,,,,,
SV028,L,402,2,2,1,0,3,Stimulus,,,,,,,,,,,,
SV028,L,403,2,2,1,0,3,Stimulus,,,,,,,,,,,,
SV028,L,404,2,2,0,0,3,Stimulus,,,,,,,,,,,,
SV028,L,405,2,2,0,0,3,Stimulus,,,,,,,,,,,,
SV028,L,406,3,2,1,0,2,Stimulus,,,,,,,,,,,,
SV028,L,407,3,0,1,1,0,Stimulus,,,,,,,,,,,,
SV028,L,408,3,3,1,0,3,Stimulus,,,,,,,,,,,,
SV028,L,409,3,3,1,0,3,Stimulus,,,,,,,,,,,,
SV028,L,410,3,0,1,0,3,Stimulus,2006.0666666666666,2050.5,1520.9666666666665,1588.0,250.33333333333334,258.0,34.666666666666664,1.0999999999999999,1.8,171.33333333333334,245.0,34.666666666666664
SV028,L,411,2,2,1,1,2,Stimulus,,,,,,,,,,,,
SV028,L,412,2,0,1,1,0,Stimulus,,,,,,,,,,,,
SV028,L,413,2,2,1,0,0,Stimulus,1965.8,1965.8,1525.3,1525.3,200.0,200.0,52.0,1.05,1.2,111.0,119.0,14.0
SV028,L,414,3,3,0,0,2,Stimulus,,,,,,,,,,,,
SV028,L,415,3,0,1,0,0,Stimulus,,,,,,,,,,,,
SV028,L,416,3,3,0,1,2,Stimulus,,,,,,,,,,,,
SV028,L,417,2,0,0,0,0,Stimulus,,,,,,,,,,,,
SV028,L,418,2,3,0,1,2,Stimulus,,,,,,,,,,,,
SV028,L,419,3,0,0,1,0,Stimulus,,,,,,,,,,,,
SV028,L,420,2,0,0,0,0,Stimulus,,,,,,,,,,,,
SV028,L,421,2,0,0,1,0,Stimulus,,,,,,,,,,,,
SV028,L,422,2,2,0,1,1,Stimulus,,,,,,,,,,,,
SV028,L,423,3,0,0,1,0,Stimulus,,,,,,,,,,,,
SV028,L,424,2,3,1,1,3,Stimulus,,,,,,,,,,,,
SV028,L,425,3,3,0,0,3,Stimulus,,,,,,,,,,,,
SV028,L,426,2,3,1,0,3,Stimulus,,,,,,,,,,,,
SV028,L,427,3,3,1,1,3,Stimulus,,,,,,,,,,,,
SV028,L,428,2,3,1,1,3,Stimulus,,,,,,,,,,,,
SV028,L,429,2,2,0,0,2,Stimulus,,,,,,,,3.9,3.9,691.0,691.0,112.0
SV028,L,430,3,3,0,0,3,Stimulus,,,,,,,,,,,,
SV028,L,431,2,3,0,1,3,Stimulus,,,,,,,,,,,,
SV028,L,432,3,0,0,0,0,Stimulus,,,,,,,,,,,,
SV028,L,433,3,3,0,0,3,Stimulus,,,,,,,,,,,,
SV028,L,434,3,0,1,0,0,Stimulus,,,,,,,,,,,,
SV028,L,435,2,0,0,1,0,Stimulus,,,,,,,,,,,,
SV028,L,436,3,2,1,0,1,Stimulus,,,,,,,,,,,,
SV028,L,437,3,2,0,0,1,Stimulus,,,,,,,,,,,,
SV028,L,438,2,3,1,1,3,Stimulus,,,,,,,,,,,,
SV028,L,439,2,3,1,0,3,Stimulus,,,,,,,,,,,,
SV028,L,440,2,3,1,1,3,Stimulus,,,,,,,,,,,,
SV028,L,441,2,3,1,0,3,Stimulus,,,,,,,,,,,,
SV028,L,442,2,0,0,1,0,Stimulus,,,,,,,,,,,,
SV028,L,443,2,2,1,0,2,Stimulus,,,,,,,,,,,,
SV028,L,444,3,3,0,1,2,Stimulus,,,,,,,,,,,,
SV028,L,445,2,0,1,0,0,Stimulus,,,,,,,,,,,,
SV028,L,446,3,3,0,1,3,Stimulus,,,,,,,,,,,,
SV028,L,447,3,0,1,1,0,Stimulus,,,,,,,,,,,,
SV028,L,448,2,3,1,0,3,Stimulus,,,,,,,,,,,,
SV028,L,449,2,2,1,0,2,Stimulus,,,,,,,,,,,,
SV028,L,450,3,3,1,0,3,Stimulus,,,,,,,,,,,,
SV028,L,451,3,0,1,1,0,Stimulus,,,,,,,,,,,,
SV028,L,452,2,3,0,1,3,Stimulus,,,,,,,,,,,,
SV028,L,453,3,0,1,0,0,Stimulus,,,,,,,,,,,,
SV028,L,454,3,2,0,1,1,Stimulus,,,,,,,,,,,,
SV028,L,455,3,3,1,1,3,Stimulus,,,,,,,,,,,,
SV028,L,456,2,0,1,1,0,Stimulus,,,,,,,,,,,,
SV028,L,457,2,2,0,1,2,Stimulus,,,,,,,,,,,,
SV028,L,458,2,0,0,1,0,Stimulus,,,,,,,,,,,,
SV028,L,459,2,3,0,1,3,Stimulus,,,,,,,,,,,,
SV028,L,460,2,3,0,1,2,Stimulus,,,,,,,,,,,,
SV028,L,461,3,0,0,1,0,Stimulus,,,,,,,,,,,,
SV028,L,462,2,2,1,1,2,Stimulus,,,,,,,,,,,,
SV028,L,463,3,0,0,0,2,Stimulus,,,,,,,,,,,,
SV028,L,464,3,2,0,0,2,Stimulus,,,,,,,,,,,,
SV028,L,465,2,3,0,0,3,Stimulus,,,,,,,,,,,,
SV028,L,466,2,2,1,1,2,Stimulus,,,,,,,,,,,,
SV028,L,467,2,3,0,0,3,Stimulus,,,,,,,,,,,,
SV028,L,468,3,3,1,0,3,Stimulus,,,,,,,,,,,,
SV028,L,469,2,2,0,0,2,Stimulus,,,,,,,,,,,,
SV028,L,470,3,2,1,0,2,Stimulus,,,,,,,,,,,,
SV028,L,471,2,2,1,1,2,Stimulus,,,,,,,,,,,,
SV028,L,472,3,2,0,1,2,Stimulus,,,,,,,,,,,,
SV028,L,473,2,0,1,0,0,Stimulus,,,,,,,,,,,,
SV028,L,474,2,3,0,1,2,Stimulus,,,,,,,,,,,,
SV028,L,475,3,2,1,1,2,Stimulus,,,,,,,,,,,,
SV028,L,476,3,2,1,1,2,Stimulus,,,,,,,,,,,,
SV028,L,477,2,2,0,0,2,Stimulus,,,,,,,,,,,,
SV028,L,478,2,0,0,0,0,Stimulus,,,,,,,,,,,,
SV028,L,479,2,2,1,1,2,Stimulus,,,,,,,,,,,,
SV028,L,480,2,2,0,0,2,Stimulus,,,,,,,,,,,,
SV028,R,1,2,2,0,0,2,Stimulus,,,,,,,,,,,,
SV028,R,2,3,0,1,1,2,Stimulus,,,,,,,,,,,,
SV028,R,3,2,3,0,1,2,Stimulus,,,,,,,,,,,,
SV028,R,4,3,2,1,0,2,Stimulus,,,,,,,,,,,,
SV028,R,5,3,0,1,0,2,Stimulus,,,,,,,,,,,,
SV028,R,6,3,3,1,1,2,Stimulus,,,,,,,,,,,,
SV028,R,7,3,0,0,1,2,Stimulus,,,,,,,,,,,,
SV028,R,8,2,0,0,1,2,Stimulus,,,,,,,,,,,,
SV028,R,9,3,3,1,1,2,Stimulus,,,,,,,,,,,,
SV028,R,10,3,2,1,0,2,Stimulus,,,,,,,,,,,,
SV028,R,11,3,2,1,0,2,Stimulus,,,,,,,,,,,,
SV028,R,12,2,2,0,0,2,Stimulus,,,,,,,,,,,,
SV028,R,13,3,2,0,0,2,Stimulus,,,,,,,,,,,,
SV028,R,14,3,3,1,0,3,Stimulus,,,,,,,,,,,,
SV028,R,15,2,3,1,1,2,Stimulus,,,,,,,,,,,,
SV028,R,16,3,2,0,1,2,Stimulus,,,,,,,,,,,,
SV028,R,17,3,3,1,1,2,Stimulus,,,,,,,,,,,,
SV028,R,18,2,3,0,0,3,Stimulus,,,,,,,,,,,,
SV028,R,19,2,3,0,1,3,Stimulus,,,,,,,,,,,,
SV028,R,20,3,2,0,0,2,Stimulus,,,,,,,,,,,,
SV028,R,21,3,2,0,0,2,Stimulus,,,,,,,,,,,,
SV028,R,22,3,3,0,1,3,Stimulus,,,,,,,,,,,,
SV028,R,23,2,0,1,1,2,Stimulus,,,,,,,,,,,,
SV028,R,24,2,2,1,1,2,Stimulus,,,,,,,,,,,,
SV028,R,25,2,0,0,0,3,Stimulus,,,,,,,,,,,,
SV028,R,26,3,0,0,0,3,Stimulus,,,,,,,,,,,,
SV028,R,27,2,0,1,1,2,Stimulus,,,,,,,,,,,,
SV028,R,28,3,2,1,1,2,Stimulus,,,,,,,,,,,,
SV028,R,29,3,3,0,1,3,Stimulus,,,,,,,,,,,,
SV028,R,30,3,3,0,1,2,Stimulus,,,,,,,,,,,,
SV028,R,31,3,3,1,0,3,Stimulus,,,,,,,,,,,,
SV028,R,32,2,2,0,0,2,Stimulus,,,,,,,,,,,,
SV028,R,33,2,0,0,1,2,Stimulus,,,,,,,,,,,,
SV028,R,34,3,0,0,1,2,Stimulus,,,,,,,,,,,,
SV028,R,35,3,2,0,1,2,Stimulus,,,,,,,,,,,,
SV028,R,36,2,0,0,0,2,Stimulus,,,,,,,,,,,,
SV028,R,37,2,0,0,1,2,Stimulus,,,,,,,,,,,,
SV028,R,38,2,0,1,0,2,Stimulus,,,,,,,,,,,,
SV028,R,39,3,2,0,1,2,Stimulus,,,,,,,,,,,,
SV028,R,40,2,0,1,0,2,Stimulus,,,,,,,,,,,,
SV028,R,41,3,2,0,0,2,Stimulus,,,,,,,,,,,,
SV028,R,42,3,3,1,0,2,Stimulus,,,,,,,,,,,,
SV028,R,43,3,0,1,0,3,Stimulus,,,,,,,,,,,,
SV028,R,44,3,3,0,0,3,Stimulus,,,,,,,,,,,,
SV028,R,45,3,3,0,0,3,Stimulus,,,,,,,,,,,,
SV028,R,46,3,3,0,1,3,Stimulus,,,,,,,,,,,,
SV028,R,47,2,2,0,0,2,Stimulus,,,,,,,,,,,,
SV028,R,48,2,3,0,1,3,Stimulus,,,,,,,,,,,,
SV028,R,49,3,2,0,1,2,Stimulus,,,,,,,,,,,,
SV028,R,50,2,0,1,0,2,Stimulus,,,,,,,,,,,,
SV028,R,51,2,2,1,0,2,Stimulus,,,,,,,,,,,,
SV028,R,52,3,0,0,1,2,Stimulus,,,,,,,,,,,,
SV028,R,53,3,3,0,1,3,Stimulus,,,,,,,,,,,,
SV028,R,54,3,2,0,1,2,Stimulus,,,,,,,,,,,,
SV028,R,55,3,3,0,0,3,Stimulus,,,,,,,,,,,,
SV028,R,56,3,3,1,1,2,Stimulus,,,,,,,,,,,,
SV028,R,57,2,2,1,0,2,Stimulus,,,,,,,,,,,,
SV028,R,58,2,3,1,1,2,Stimulus,,,,,,,,,,,,
SV028,R,59,2,3,0,0,2,Stimulus,,,,,,,,,,,,
SV028,R,60,2,3,0,1,2,Stimulus,,,,,,,,,,,,
SV028,R,61,3,0,1,1,2,Stimulus,,,,,,,,,,,,
SV028,R,62,2,3,1,1,2,Stimulus,,,,,,,,,,,,
SV028,R,63,2,3,0,1,2,Stimulus,,,,,,,,,,,,
SV028,R,64,2,2,1,1,2,Stimulus,,,,,,,,,,,,
SV028,R,65,2,3,1,0,2,Stimulus,,,,,,,,,,,,
SV028,R,66,3,0,0,1,2,Stimulus,,,,,,,,,,,,
SV028,R,67,3,3,0,1,2,Stimulus,,,,,,,,,,,,
SV028,R,68,3,3,0,0,3,Stimulus,,,,,,,,,,,,
SV028,R,69,3,0,1,0,3,Stimulus,,,,,,,,,,,,
SV028,R,70,3,3,1,0,2,Stimulus,,,,,,,,,,,,
SV028,R,71,2,3,1,1,2,Stimulus,,,,,,,,,,,,
SV028,R,72,2,0,0,0,2,Stimulus,,,,,,,,,,,,
SV028,R,73,2,2,1,0,2,Stimulus,,,,,,,,,,,,
SV028,R,74,3,2,0,0,3,Stimulus,,,,,,,,,,,,
SV028,R,75,2,0,1,0,2,Stimulus,,,,,,,,,,,,
SV028,R,76,3,2,1,0,2,Stimulus,,,,,,,,,,,,
SV028,R,77,3,0,0,0,3,Stimulus,,,,,,,,,,,,
SV028,R,78,2,3,0,1,3,Stimulus,,,,,,,,,,,,
SV028,R,79,3,3,1,0,2,Stimulus,,,,,,,,,,,,
SV028,R,80,2,3,0,1,3,Stimulus,,,,,,,,,,,,
SV028,R,81,3,0,0,0,3,Stimulus,,,,,,,,,,,,
SV028,R,82,3,2,1,1,2,Stimulus,,,,,,,,,,,,
SV028,R,83,2,3,1,1,2,Stimulus,,,,,,,,,,,,
SV028,R,84,2,0,1,0,2,Stimulus,,,,,,,,,,,,
SV028,R,85,2,2,1,0,2,Stimulus,,,,,,,,,,,,
SV028,R,86,2,2,0,1,2,Stimulus,,,,,,,,,,,,
SV028,R,87,2,2,0,1,2,Stimulus,,,,,,,,,,,,
SV028,R,88,2,0,1,0,2,Stimulus,,,,,,,,,,,,
SV028,R,89,3,2,1,0,2,Stimulus,,,,,,,,,,,,
SV028,R,90,2,0,1,1,2,Stimulus,,,,,,,,,,,,
SV028,R,91,2,3,1,0,2,Stimulus,,,,,,,,,,,,
SV028,R,92,3,0,0,0,3,Stimulus,,,,,,,,,,,,
SV028,R,93,3,2,0,1,2,Stimulus,,,,,,,,,,,,
SV028,R,94,2,2,1,0,2,Stimulus,,,,,,,,,,,,
SV028,R,95,2,3,1,0,2,Stimulus,,,,,,,,,,,,
SV028,R,96,2,0,1,0,2,Stimulus,,,,,,,,,,,,
SV028,R,97,2,2,0,1,2,Stimulus,,,,,,,,,,,,
SV028,R,98,2,0,0,1,2,Stimulus,,,,,,,,,,,,
SV028,R,99,3,2,0,1,2,Stimulus,,,,,,,,,,,,
SV028,R,100,3,0,1,0,3,Stimulus,,,,,,,,,,,,
SV028,R,101,2,2,1,1,2,Stimulus,,,,,,,,,,,,
SV028,R,102,3,2,0,0,2,Stimulus,,,,,,,,,,,,
SV028,R,103,3,3,1,0,2,Stimulus,,,,,,,,,,,,
SV028,R,104,3,3,0,0,3,Stimulus,,,,,,,,,,,,
SV028,R,105,2,0,1,1,2,Stimulus,,,,,,,,,,,,
SV028,R,106,2,0,0,0,2,Stimulus,,,,,,,,,,,,
SV028,R,107,3,0,1,1,2,Stimulus,,,,,,,,,,,,
SV028,R,108,2,0,0,1,2,Stimulus,,,,,,,,,,,,
SV028,R,109,3,0,0,1,2,Stimulus,,,,,,,,,,,,
SV028,R,110,3,0,0,1,2,Stimulus,,,,,,,,,,,,
SV028,R,111,2,3,0,0,2,Stimulus,,,,,,,,,,,,
SV028,R,112,2,0,0,0,2,Stimulus,,,,,,,,,,,,
SV028,R,113,3,0,1,1,2,Stimulus,,,,,,,,,,,,
SV028,R,114,3,3,0,1,3,Stimulus,,,,,,,,,,,,
SV028,R,115,3,3,1,0,2,Stimulus,,,,,,,,,,,,
SV028,R,116,2,0,1,0,2,Stimulus,,,,,,,,,,,,
SV028,R,117,2,2,0,1,2,Stimulus,,,,,,,,,,,,
SV028,R,118,3,3,0,0,3,Stimulus,,,,,,,,,,,,
SV028,R,119,2,0,1,1,1,Stimulus,,,,,,,,,,,,
SV028,R,120,2,0,0,1,2,Stimulus,,,,,,,,,,,,
SV028,R,121,2,3,0,0,3,Stimulus,,,,,,,,,,,,
SV028,R,122,2,2,0,1,2,Stimulus,,,,,,,,,,,,
SV028,R,123,2,2,0,0,2,Stimulus,,,,,,,,,,,,
SV028,R,124,3,0,0,1,1,Stimulus,,,,,,,,,,,,
SV028,R,125,3,0,0,1,3,Stimulus,,,,,,,,,,,,
SV028,R,126,3,3,0,0,3,Stimulus,,,,,,,,,,,,
SV028,R,127,2,3,1,1,3,Stimulus,,,,,,,,,,,,
SV028,R,128,2,2,1,1,2,Stimulus,,,,,,,,,,,,
SV028,R,129,2,3,1,1,3,Stimulus,,,,,,,,,,,,
SV028,R,130,3,0,1,1,1,Stimulus,,,,,,,,,,,,
SV028,R,131,3,0,1,0,3,Stimulus,,,,,,,,,,,,
SV028,R,132,2,0,0,0,2,Stimulus,,,,,,,,,,,,
SV028,R,133,3,2,0,0,2,Stimulus,,,,,,,,,,,,
SV028,R,134,3,3,0,1,3,Stimulus,,,,,,,,,,,,
SV028,R,135,3,0,1,0,3,Stimulus,,,,,,,,,,,,
SV028,R,136,3,3,1,1,2,Stimulus,,,,,,,,,,,,
SV028,R,137,3,3,1,1,3,Stimulus,,,,,,,,,,,,
SV028,R,138,3,0,1,1,2,Stimulus,,,,,,,,,,,,
SV028,R,139,2,2,1,1,2,Stimulus,,,,,,,,,,,,
SV028,R,140,2,0,0,0,2,Stimulus,,,,,,,,,,,,
SV028,R,141,3,3,1,1,2,Stimulus,,,,,,,,,,,,
SV028,R,142,2,2,0,1,2,Stimulus,,,,,,,,,,,,
SV028,R,143,2,3,1,0,2,Stimulus,,,,,,,,,,,,
SV028,R,144,2,0,0,0,2,Stimulus,,,,,,,,,,,,
SV028,R,145,2,0,1,1,2,Stimulus,,,,,,,,,,,,
SV028,R,146,3,0,1,1,1,Stimulus,,,,,,,,,,,,
SV028,R,147,3,3,0,1,2,Stimulus,,,,,,,,,,,,
SV028,R,148,3,0,1,1,2,Stimulus,,,,,,,,,,,,
SV028,R,149,2,2,1,1,1,Stimulus,,,,,,,,,,,,
SV028,R,150,3,2,1,1,1,Stimulus,,,,,,,,,,,,
SV028,R,151,3,2,0,1,2,Stimulus,,,,,,,,,,,,
SV028,R,152,2,2,1,1,2,Stimulus,,,,,,,,,,,,
SV028,R,153,3,0,0,1,2,Stimulus,,,,,,,,,,,,
SV028,R,154,2,3,1,1,2,Stimulus,,,,,,,,,,,,
SV028,R,155,2,0,1,1,2,Stimulus,,,,,,,,,,,,
SV028,R,156,3,0,1,0,2,Stimulus,,,,,,,,,,,,
SV028,R,157,3,2,1,1,1,Stimulus,,,,,,,,,,,,
SV028,R,158,3,0,0,0,2,Stimulus,,,,,,,,,,,,
SV028,R,159,3,2,1,1,2,Stimulus,,,,,,,,,,,,
SV028,R,160,2,3,1,0,3,Stimulus,,,,,,,,,,,,
SV028,R,161,2,3,0,1,2,Stimulus,,,,,,,,,,,,
SV028,R,162,3,2,0,0,2,Stimulus,,,,,,,,,,,,
SV028,R,163,2,3,0,0,3,Stimulus,,,,,,,,,,,,
SV028,R,164,2,3,0,1,2,Stimulus,,,,,,,,,,,,
SV028,R,165,2,2,0,1,2,Stimulus,,,,,,,,,,,,
SV028,R,166,3,2,0,1,2,Stimulus,,,,,,,,,,,,
SV028,R,167,2,2,0,1,2,Stimulus,,,,,,,,,,,,
SV028,R,168,2,3,0,0,2,Stimulus,,,,,,,,,,,,
SV028,R,169,2,0,0,1,2,Stimulus,,,,,,,,,,,,
SV028,R,170,3,0,0,0,2,Stimulus,,,,,,,,,,,,
SV028,R,171,2,3,1,1,3,Stimulus,,,,,,,,,,,,
SV028,R,172,3,0,1,0,3,Stimulus,,,,,,,,,,,,
SV028,R,173,3,3,1,1,2,Stimulus,,,,,,,,,,,,
SV028,R,174,3,0,0,0,2,Stimulus,,,,,,,,,,,,
SV028,R,175,2,0,0,1,2,Stimulus,,,,,,,,,,,,
SV028,R,176,3,2,1,0,2,Stimulus,,,,,,,,,,,,
SV028,R,177,3,2,1,1,2,Stimulus,,,,,,,,,,,,
SV028,R,178,2,0,0,1,1,Stimulus,,,,,,,,,,,,
SV028,R,179,3,3,0,0,2,Stimulus,,,,,,,,,,,,
SV028,R,180,2,0,0,0,2,Stimulus,,,,,,,,,,,,
SV028,R,181,2,2,0,1,2,Stimulus,,,,,,,,,,,,
SV028,R,182,2,3,1,0,2,Stimulus,,,,,,,,,,,,
SV028,R,183,2,0,1,1,2,Stimulus,,,,,,,,,,,,
SV028,R,184,3,3,0,0,2,Stimulus,,,,,,,,,,,,
SV028,R,185,2,3,1,0,2,Stimulus,,,,,,,,,,,,
SV028,R,186,3,3,1,1,2,Stimulus,,,,,,,,,,,,
SV028,R,187,2,3,1,0,2,Stimulus,,,,,,,,,,,,
SV028,R,188,2,3,1,1,2,Stimulus,,,,,,,,,,,,
SV028,R,189,3,2,1,0,2,Stimulus,,,,,,,,,,,,
SV028,R,190,2,3,0,0,2,Stimulus,,,,,,,,,,,,
SV028,R,191,2,3,1,0,2,Stimulus,,,,,,,,,,,,
SV028,R,192,2,2,0,0,2,Stimulus,,,,,,,,,,,,
SV028,R,193,2,2,1,0,2,Stimulus,,,,,,,,,,,,
SV028,R,194,2,2,0,0,2,Stimulus,,,,,,,,,,,,
SV028,R,195,3,0,0,0,3,Stimulus,,,,,,,,,,,,
SV028,R,196,2,2,1,0,2,Stimulus,,,,,,,,,,,,
SV028,R,197,2,2,0,0,2,Stimulus,,,,,,,,,,,,
SV028,R,198,2,2,1,1,2,Stimulus,,,,,,,,,,,,
SV028,R,199,2,2,1,0,2,Stimulus,,,,,,,,,,,,
SV028,R,200,2,0,1,1,2,Stimulus,,,,,,,,,,,,
SV028,R,201,3,3,1,0,2,Stimulus,,,,,,,,,,,,
SV028,R,202,3,2,1,1,2,Stimulus,,,,,,,,,,,,
SV028,R,203,3,0,1,1,2,Stimulus,,,,,,,,,,,,
SV028,R,204,2,3,0,0,2,Stimulus,,,,,,,,,,,,
SV028,R,205,3,2,0,1,2,Stimulus,,,,,,,,,,,,
SV028,R,206,3,2,1,0,2,Stimulus,,,,,,,,,,,,
SV028,R,207,3,0,1,0,2,Stimulus,,,,,,,,,,,,
SV028,R,208,3,0,1,0,2,Stimulus,,,,,,,,,,,,
SV028,R,209,2,3,0,1,3,Stimulus,,,,,,,,0.4,0.4,52.0,52.0,12.0
SV028,R,210,2,2,1,0,2,Stimulus,,,,,,,,,,,,
SV028,R,211,3,3,1,1,2,Stimulus,,,,,,,,,,,,
SV028,R,212,2,3,0,0,3,Stimulus,,,,,,,,,,,,
SV028,R,213,2,0,1,1,2,Stimulus,,,,,,,,,,,,
SV028,R,214,3,3,0,1,3,Stimulus,,,,,,,,,,,,
SV028,R,215,2,3,0,0,2,Stimulus,,,,,,,,,,,,
SV028,R,216,2,2,1,0,2,Stimulus,,,,,,,,,,,,
SV028,R,217,2,0,1,0,2,Stimulus,,,,,,,,,,,,
SV028,R,218,3,0,1,1,3,Stimulus,,,,,,,,,,,,
SV028,R,219,3,3,0,0,3,Stimulus,,,,,,,,,,,,
SV028,R,220,3,2,1,1,2,Stimulus,,,,,,,,,,,,
SV028,R,221,3,0,0,0,3,Stimulus,,,,,,,,,,,,
SV028,R,222,3,0,0,0,3,Stimulus,,,,,,,,,,,,
SV028,R,223,3,2,1,1,2,Stimulus,,,,,,,,,,,,
SV028,R,224,2,2,0,0,1,Stimulus,,,,,,,,0.7,0.7,715.0,715.0,128.0
SV028,R,225,3,3,1,0,3,Stimulus,,,,,,,,,,,,
SV028,R,226,2,0,0,1,3,Stimulus,,,,,,,,,,,,
SV028,R,227,3,2,1,0,2,Stimulus,,,,,,,,,,,,
SV028,R,228,3,2,1,0,1,Stimulus,,,,,,,,,,,,
SV028,R,229,2,2,1,1,2,Stimulus,,,,,,,,,,,,
SV028,R,230,3,0,0,1,2,Stimulus,,,,,,,,,,,,
SV028,R,231,2,0,1,0,2,Stimulus,,,,,,,,,,,,
SV028,R,232,2,2,0,1,1,Stimulus,,,,,,,,,,,,
SV028,R,233,3,2,1,1,2,Stimulus,,,,,,,,,,,,
SV028,R,234,3,3,1,0,2,Stimulus,,,,,,,,,,,,
SV028,R,235,3,2,0,0,2,Stimulus,,,,,,,,,,,,
SV028,R,236,2,0,0,0,2,Stimulus,,,,,,,,,,,,
SV028,R,237,2,3,1,0,2,Stimulus,,,,,,,,,,,,
SV028,R,238,2,2,0,0,2,Stimulus,,,,,,,,,,,,
SV028,R,239,2,2,1,1,2,Stimulus,,,,,,,,,,,,
SV028,R,240,3,2,0,0,2,Stimulus,,,,,,,,,,,,
SV028,R,241,3,0,1,1,0,Stimulus,,,,,,,,,,,,
SV028,R,242,2,3,0,1,2,Stimulus,,,,,,,,,,,,
SV028,R,243,2,0,1,1,0,Stimulus,,,,,,,,,,,,
SV028,R,244,3,0,0,0,0,Stimulus,,,,,,,,,,,,
SV028,R,245,3,0,1,0,0,Stimulus,,,,,,,,,,,,
SV028,R,246,3,2,0,0,2,Stimulus,,,,,,,,,,,,
SV028,R,247,3,0,1,1,0,Stimulus,,,,,,,,,,,,
SV028,R,248,2,0,1,1,0,Stimulus,,,,,,,,,,,,
SV028,R,249,2,0,0,1,0,Stimulus,,,,,,,,,,,,
SV028,R,250,2,3,0,1,2,Stimulus,,,,,,,,,,,,
SV028,R,251,2,2,1,1,2,Stimulus,,,,,,,,,,,,
SV028,R,252,3,3,1,1,3,Stimulus,,,,,,,,,,,,
SV028,R,253,2,3,0,1,3,Stimulus,,,,,,,,,,,,
SV028,R,254,2,2,1,1,2,Stimulus,,,,,,,,,,,,
SV028,R,255,2,3,1,1,3,Stimulus,,,,,,,,,,,,
SV028,R,256,2,0,1,0,0,Stimulus,,,,,,,,,,,,
SV028,R,257,3,0,0,1,0,Stimulus,,,,,,,,0.8,0.8,74.0,74.0,16.0
SV028,R,258,3,2,0,1,2,Stimulus,,,,,,,,,,,,
SV028,R,259,2,3,1,1,3,Stimulus,,,,,,,,,,,,
SV028,R,260,2,2,1,0,2,Stimulus,,,,,,,,0.4,0.4,55.0,55.0,12.0
SV028,R,261,2,0,1,0,0,Stimulus,,,,,,,,,,,,
SV028,R,262,2,2,1,0,2,Stimulus,,,,,,,,,,,,
SV028,R,263,2,2,1,1,2,Stimulus,,,,,,,,,,,,
SV028,R,264,2,3,0,0,3,Stimulus,,,,,,,,,,,,
SV028,R,265,3,3,1,1,3,Stimulus,,,,,,,,,,,,
SV028,R,266,2,0,1,1,0,Stimulus,,,,,,,,,,,,
SV028,R,267,3,2,0,0,2,Stimulus,,,,,,,,,,,,
SV028,R,268,3,0,1,1,0,Stimulus,,,,,,,,,,,,
SV028,R,269,2,2,0,0,2,Stimulus,,,,,,,,,,,,
SV028,R,270,2,0,1,1,0,Stimulus,,,,,,,,,,,,
SV028,R,271,2,2,0,1,2,Stimulus,,,,,,,,,,,,
SV028,R,272,2,2,0,0,2,Stimulus,,,,,,,,,,,,
SV028,R,273,3,0,1,0,0,Stimulus,,,,,,,,,,,,
SV028,R,274,3,3,1,1,3,Stimulus,,,,,,,,,,,,
SV028,R,275,2,0,0,1,0,Stimulus,,,,,,,,,,,,
SV028,R,276,2,0,0,0,0,Stimulus,,,,,,,,,,,,
SV028,R,277,2,2,1,0,2,Stimulus,,,,,,,,,,,,
SV028,R,278,2,3,0,0,3,Stimulus,,,,,,,,,,,,
SV028,R,279,2,3,1,0,3,Stimulus,,,,,,,,,,,,
SV028,R,280,3,2,0,0,2,Stimulus,,,,,,,,,,,,
SV028,R,281,3,3,1,0,3,Stimulus,,,,,,,,,,,,
SV028,R,282,3,0,1,1,0,Stimulus,,,,,,,,,,,,
SV028,R,283,3,2,1,1,2,Stimulus,,,,,,,,,,,,
SV028,R,284,2,3,0,1,2,Stimulus,,,,,,,,,,,,
SV028,R,285,3,2,1,1,1,Stimulus,,,,,,,,,,,,
SV028,R,286,2,3,1,0,3,Stimulus,,,,,,,,,,,,
SV028,R,287,2,3,1,1,3,Stimulus,,,,,,,,0.9,0.9,74.0,74.0,16.0
SV028,R,288,3,3,1,1,3,Stimulus,,,,,,,,,,,,
SV028,R,289,3,2,1,1,3,Stimulus,,,,,,,,,,,,
SV028,R,290,2,3,0,0,3,Stimulus,,,,,,,,,,,,
SV028,R,291,3,0,0,0,3,Stimulus,,,,,,,,,,,,
SV028,R,292,3,0,0,1,3,Stimulus,,,,,,,,,,,,
SV028,R,293,3,3,0,1,4,Stimulus,,,,,,,,,,,,
SV028,R,294,3,2,0,0,3,Stimulus,,,,,,,,,,,,
SV028,R,295,3,2,0,0,3,Stimulus,,,,,,,,,,,,
SV028,R,296,3,0,0,1,0,Stimulus,,,,,,,,,,,,
SV028,R,297,3,3,1,1,3,Stimulus,,,,,,,,,,,,
SV028,R,298,3,0,0,1,1,Stimulus,,,,,,,,,,,,
SV028,R,299,3,0,0,0,0,Stimulus,,,,,,,,,,,,
SV028,R,300,3,2,0,0,2,Stimulus,,,,,,,,,,,,
SV028,R,301,3,3,0,1,3,Stimulus,,,,,,,,,,,,
SV028,R,302,2,3,0,0,3,Stimulus,,,,,,,,,,,,
SV028,R,303,3,0,1,1,0,Stimulus,,,,,,,,,,,,
SV028,R,304,2,3,1,1,3,Stimulus,,,,,,,,,,,,
SV028,R,305,2,3,1,0,3,Stimulus,,,,,,,,,,,,
SV028,R,306,2,3,1,0,3,Stimulus,,,,,,,,,,,,
SV028,R,307,3,0,0,1,0,Stimulus,,,,,,,,,,,,
SV028,R,308,3,0,0,0,0,Stimulus,,,,,,,,,,,,
SV028,R,309,2,0,1,1,0,Stimulus,,,,,,,,,,,,
SV028,R,310,3,0,0,1,0,Stimulus,,,,,,,,,,,,
SV028,R,311,2,3,0,0,3,Stimulus,,,,,,,,,,,,
SV028,R,312,2,0,1,0,0,Stimulus,,,,,,,,,,,,
SV028,R,313,2,0,0,0,0,Stimulus,,,,,,,,,,,,
SV028,R,314,3,2,1,0,1,Stimulus,,,,,,,,,,,,
SV028,R,315,2,0,1,1,0,Stimulus,,,,,,,,,,,,
SV028,R,316,3,2,0,1,2,Stimulus,,,,,,,,,,,,
SV028,R,317,3,3,0,0,3,Stimulus,,,,,,,,,,,,
SV028,R,318,3,2,0,1,1,Stimulus,,,,,,,,,,,,
SV028,R,319,2,0,0,0,0,Stimulus,,,,,,,,,,,,
SV028,R,320,3,3,1,1,3,Stimulus,,,,,,,,,,,,
SV028,R,321,2,2,0,1,2,Stimulus,,,,,,,,,,,,
SV028,R,322,3,2,1,0,2,Stimulus,,,,,,,,,,,,
SV028,R,323,2,2,0,0,2,Stimulus,,,,,,,,,,,,
SV028,R,324,2,0,0,1,0,Stimulus,,,,,,,,,,,,
SV028,R,325,2,3,0,0,3,Stimulus,,,,,,,,,,,,
SV028,R,326,3,2,1,0,2,Stimulus,,,,,,,,,,,,
SV028,R,327,2,0,1,1,0,Stimulus,,,,,,,,,,,,
SV028,R,328,2,3,1,1,3,Stimulus,,,,,,,,,,,,
SV028,R,329,3,0,1,0,0,Stimulus,,,,,,,,,,,,
SV028,R,330,2,2,1,1,2,Stimulus,,,,,,,,,,,,
SV028,R,331,2,2,1,1,1,Stimulus,,,,,,,,,,,,
SV028,R,332,3,3,0,1,3,Stimulus,,,,,,,,,,,,
SV028,R,333,3,0,1,1,0,Stimulus,,,,,,,,,,,,
SV028,R,334,3,3,1,1,3,Stimulus,,,,,,,,,,,,
SV028,R,335,3,2,1,1,2,Stimulus,,,,,,,,,,,,
SV028,R,336,3,3,1,0,3,Stimulus,,,,,,,,,,,,
SV028,R,337,3,0,0,0,0,Stimulus,,,,,,,,,,,,
SV028,R,338,2,2,1,0,2,Stimulus,,,,,,,,,,,,
SV028,R,339,2,3,1,1,3,Stimulus,,,,,,,,,,,,
SV028,R,340,3,3,1,0,3,Stimulus,,,,,,,,,,,,
SV028,R,341,2,2,0,1,2,Stimulus,,,,,,,,,,,,
SV028,R,342,2,3,0,1,3,Stimulus,,,,,,,,,,,,
SV028,R,343,3,3,0,1,3,Stimulus,,,,,,,,,,,,
SV028,R,344,3,0,1,0,3,Stimulus,,,,,,,,,,,,
SV028,R,345,2,3,1,0,3,Stimulus,,,,,,,,,,,,
SV028,R,346,2,2,1,0,2,Stimulus,,,,,,,,,,,,
SV028,R,347,2,0,1,0,0,Stimulus,,,,,,,,,,,,
SV028,R,348,3,2,0,1,2,Stimulus,,,,,,,,,,,,
SV028,R,349,2,0,0,0,0,Stimulus,,,,,,,,,,,,
SV028,R,350,3,2,1,1,1,Stimulus,,,,,,,,,,,,
SV028,R,351,2,2,0,1,1,Stimulus,,,,,,,,,,,,
SV028,R,352,3,3,0,1,3,Stimulus,,,,,,,,,,,,
SV028,R,353,3,3,0,0,3,Stimulus,,,,,,,,,,,,
SV028,R,354,3,2,0,1,2,Stimulus,,,,,,,,,,,,
SV028,R,355,3,3,0,1,3,Stimulus,,,,,,,,,,,,
SV028,R,356,2,0,0,0,0,Stimulus,,,,,,,,,,,,
SV028,R,357,3,0,0,0,0,Stimulus,,,,,,,,,,,,
SV028,R,358,3,3,1,0,3,Stimulus,,,,,,,,,,,,
SV028,R,359,3,2,1,1,1,Stimulus,,,,,,,,,,,,
SV028,R,360,3,0,1,0,0,Stimulus,,,,,,,,,,,,
SV028,R,361,3,2,1,0,2,Stimulus,,,,,,,,,,,,
SV028,R,362,3,3,1,1,3,Stimulus,,,,,,,,,,,,
SV028,R,363,2,2,0,0,2,Stimulus,,,,,,,,,,,,
SV028,R,364,2,2,0,0,2,Stimulus,,,,,,,,,,,,
SV028,R,365,2,3,1,1,3,Stimulus,,,,,,,,,,,,
SV028,R,366,3,0,1,1,0,Stimulus,,,,,,,,,,,,
SV028,R,367,3,2,1,0,1,Stimulus,,,,,,,,,,,,
SV028,R,368,2,3,1,1,3,Stimulus,,,,,,,,,,,,
SV028,R,369,3,0,1,0,0,Stimulus,,,,,,,,,,,,
SV028,R,370,3,3,1,0,3,Stimulus,,,,,,,,,,,,
SV028,R,371,2,2,0,0,2,Stimulus,,,,,,,,,,,,
SV028,R,372,2,2,0,1,2,Stimulus,,,,,,,,,,,,
SV028,R,373,2,3,0,0,3,Stimulus,,,,,,,,,,,,
SV028,R,374,2,2,1,1,1,Stimulus,,,,,,,,,,,,
SV028,R,375,3,2,0,0,2,Stimulus,,,,,,,,,,,,
SV028,R,376,3,3,0,0,3,Stimulus,,,,,,,,,,,,
SV028,R,377,2,0,0,1,0,Stimulus,,,,,,,,,,,,
SV028,R,378,3,3,1,0,3,Stimulus,,,,,,,,,,,,
SV028,R,379,2,2,0,0,2,Stimulus,,,,,,,,,,,,
SV028,R,380,3,2,1,1,3,Stimulus,,,,,,,,,,,,
SV028,R,381,2,3,1,1,3,Stimulus,,,,,,,,,,,,
SV028,R,382,3,3,0,0,3,Stimulus,,,,,,,,,,,,
SV028,R,383,3,2,0,0,2,Stimulus,,,,,,,,,,,,
SV028,R,384,2,0,0,1,0,Stimulus,,,,,,,,,,,,
SV028,R,385,2,2,0,0,2,Stimulus,,,,,,,,,,,,
SV028,R,386,3,2,0,1,2,Stimulus,,,,,,,,,,,,
SV028,R,387,2,0,0,1,0,Stimulus,,,,,,,,,,,,
SV028,R,388,3,2,0,1,1,Stimulus,,,,,,,,,,,,
SV028,R,389,3,2,1,0,1,Stimulus,,,,,,,,,,,,
SV028,R,390,2,2,1,0,2,Stimulus,,,,,,,,1.2,1.2,486.0,486.0,84.0
SV028,R,391,2,0,1,1,0,Stimulus,,,,,,,,,,,,
SV028,R,392,3,2,1,0,1,Stimulus,,,,,,,,,,,,
SV028,R,393,2,3,1,0,3,Stimulus,,,,,,,,,,,,
SV028,R,394,2,3,0,1,3,Stimulus,,,,,,,,,,,,
SV028,R,395,2,3,0,0,3,Stimulus,,,,,,,,,,,,
SV028,R,396,2,3,0,1,3,Stimulus,,,,,,,,,,,,
SV028,R,397,3,2,1,1,1,Stimulus,,,,,,,,0.8,0.8,549.0,549.0,100.0
SV028,R,398,3,3,0,1,2,Stimulus,,,,,,,,,,,,
SV028,R,399,3,2,0,1,2,Stimulus,,,,,,,,,,,,
SV028,R,400,2,0,1,1,0,Stimulus,,,,,,,,,,,,
SV028,R,401,3,0,1,1,0,Stimulus,,,,,,,,,,,,
SV028,R,402,2,0,1,0,0,Stimulus,,,,,,,,,,,,
SV028,R,403,2,0,0,0,0,Stimulus,,,,,,,,,,,,
SV028,R,404,3,0,1,0,0,Stimulus,,,,,,,,,,,,
SV028,R,405,3,3,0,0,3,Stimulus,,,,,,,,,,,,
SV028,R,406,2,3,1,0,3,Stimulus,,,,,,,,,,,,
SV028,R,407,2,3,0,0,3,Stimulus,,,,,,,,,,,,
SV028,R,408,3,3,1,1,3,Stimulus,,,,,,,,,,,,
SV028,R,409,3,3,0,0,3,Stimulus,,,,,,,,,,,,
SV028,R,410,2,2,0,1,2,Stimulus,,,,,,,,,,,,
SV028,R,411,3,2,1,1,2,Stimulus,,,,,,,,,,,,
SV028,R,412,3,0,0,0,0,Stimulus,,,,,,,,,,,,
SV028,R,413,3,2,1,0,2,Stimulus,,,,,,,,,,,,
SV028,R,414,2,2,1,0,2,Stimulus,,,,,,,,,,,,
SV028,R,415,3,2,0,1,2,Stimulus,,,,,,,,,,,,
SV028,R,416,2,2,1,0,2,Stimulus,,,,,,,,,,,,
SV028,R,417,3,0,1,0,0,Stimulus,,,,,,,,,,,,
SV028,R,418,2,3,0,1,3,Stimulus,,,,,,,,,,,,
SV028,R,419,2,3,0,0,3,Stimulus,,,,,,,,,,,,
SV028,R,420,3,3,1,1,3,Stimulus,,,,,,,,,,,,
SV028,R,421,3,3,0,0,3,Stimulus,,,,,,,,,,,,
SV028,R,422,3,0,0,1,0,Stimulus,,,,,,,,,,,,
SV028,R,423,3,0,0,1,0,Stimulus,,,,,,,,,,,,
SV028,R,424,2,3,0,1,3,Stimulus,,,,,,,,,,,,
SV028,R,425,2,0,1,0,0,Stimulus,,,,,,,,,,,,
SV028,R,426,3,0,1,1,0,Stimulus,,,,,,,,,,,,
SV028,R,427,2,2,0,1,1,Stimulus,,,,,,,,,,,,
SV028,R,428,2,2,0,1,1,Stimulus,,,,,,,,,,,,
SV028,R,429,2,2,1,0,1,Stimulus,,,,,,,,,,,,
SV028,R,430,2,3,1,0,3,Stimulus,,,,,,,,,,,,
SV028,R,431,3,2,1,0,1,Stimulus,,,,,,,,,,,,
SV028,R,432,2,0,0,1,0,Stimulus,,,,,,,,,,,,
SV028,R,433,3,3,1,0,3,Stimulus,,,,,,,,,,,,
SV028,R,434,3,3,1,0,3,Stimulus,,,,,,,,,,,,
SV028,R,435,2,2,0,1,1,Stimulus,,,,,,,,,,,,
SV028,R,436,3,0,0,0,0,Stimulus,,,,,,,,,,,,
SV028,R,437,2,0,1,0,0,Stimulus,,,,,,,,,,,,
SV028,R,438,2,0,0,0,0,Stimulus,,,,,,,,,,,,
SV028,R,439,3,0,0,1,0,Stimulus,,,,,,,,,,,,
SV028,R,440,3,0,1,0,0,Stimulus,,,,,,,,,,,,
SV028,R,441,2,3,1,1,3,Stimulus,,,,,,,,,,,,
SV028,R,442,3,3,1,0,3,Stimulus,,,,,,,,,,,,
SV028,R,443,3,0,1,1,0,Stimulus,,,,,,,,,,,,
SV028,R,444,2,2,1,0,1,Stimulus,,,,,,,,,,,,
SV028,R,445,3,2,1,1,1,Stimulus,,,,,,,,,,,,
SV028,R,446,2,0,1,1,0,Stimulus,,,,,,,,,,,,
SV028,R,447,2,0,0,1,0,Stimulus,,,,,,,,,,,,
SV028,R,448,2,0,0,1,0,Stimulus,,,,,,,,,,,,
SV028,R,449,2,0,0,0,0,Stimulus,,,,,,,,,,,,
SV028,R,450,2,0,0,0,0,Stimulus,,,,,,,,,,,,
SV028,R,451,2,0,1,0,0,Stimulus,,,,,,,,,,,,
SV028,R,452,2,2,0,0,1,Stimulus,,,,,,,,,,,,
SV028,R,453,2,3,1,0,3,Stimulus,,,,,,,,,,,,
SV028,R,454,2,0,0,1,0,Stimulus,,,,,,,,,,,,
SV028,R,455,3,3,0,0,3,Stimulus,,,,,,,,,,,,
SV028,R,456,3,3,0,0,3,Stimulus,,,,,,,,,,,,
SV028,R,457,2,2,0,1,1,Stimulus,,,,,,,,,,,,
SV028,R,458,3,0,1,0,0,Stimulus,,,,,,,,0.8,0.8,690.0,690.0,136.0
SV028,R,459,2,0,1,0,0,Stimulus,,,,,,,,,,,,
SV028,R,460,3,2,0,1,1,Stimulus,,,,,,,,,,,,
SV028,R,461,2,3,0,1,3,Stimulus,,,,,,,,,,,,
SV028,R,462,3,3,0,1,3,Stimulus,,,,,,,,,,,,
SV028,R,463,3,0,0,0,0,Stimulus,,,,,,,,,,,,
SV028,R,464,2,2,1,1,1,Stimulus,,,,,,,,,,,,
SV028,R,465,2,2,1,1,1,Stimulus,,,,,,,,,,,,
SV028,R,466,2,2,1,1,2,Stimulus,,,,,,,,,,,,
SV028,R,467,3,3,0,1,3,Stimulus,,,,,,,,,,,,
SV028,R,468,3,3,0,0,3,Stimulus,,,,,,,,1.6,1.6,825.0,825.0,108.0
SV028,R,469,3,2,0,0,2,Stimulus,,,,,,,,,,,,
SV028,R,470,3,0,0,0,0,Stimulus,,,,,,,,,,,,
SV028,R,471,2,2,0,0,1,Stimulus,,,,,,,,,,,,
SV028,R,472,3,3,1,0,3,Stimulus,,,,,,,,,,,,
SV028,R,473,2,0,1,0,0,Stimulus,,,,,,,,,,,,
SV028,R,474,3,2,0,0,1,Stimulus,,,,,,,,,,,,
SV028,R,475,3,2,1,0,2,Stimulus,,,,,,,,,,,,
SV028,R,476,2,0,0,0,0,Stimulus,,,,,,,,,,,,
SV028,R,477,2,3,1,0,3,Stimulus,,,,,,,,,,,,
SV028,R,478,3,0,0,1,0,Stimulus,,,,,,,,,,,,
SV028,R,479,3,3,0,1,2,Stimulus,,,,,,,,,,,,
SV028,R,480,2,2,1,1,2,Stimulus,,,,,,,,,,,,
