subj_id,eye,trial_no,n_flash,n_beep,direction,blindspot,response,phase,fixation_x_mean,fixation_x_max,fixation_y_mean,fixation_y_max,pupil_avg_mean,pupil_avg_max,fixation_duration_mean,saccade_amplitude_mean,saccade_amplitude_max,saccade_velocity_mean,saccade_velocity_max,saccade_duration_mean
SV026,L,1,2,0,1,1,2,Fixation,,,,,,,,,,,,
SV026,L,2,3,0,1,0,3,Fixation,,,,,,,,,,,,
SV026,L,3,3,2,0,1,2,Fixation,,,,,,,,,,,,
SV026,L,4,2,2,0,0,2,Fixation,,,,,,,,,,,,
SV026,L,5,3,3,1,1,3,Fixation,,,,,,,,,,,,
SV026,L,6,2,0,0,0,2,Fixation,,,,,,,,,,,,
SV026,L,7,2,3,1,1,3,Fixation,,,,,,,,,,,,
SV026,L,8,3,3,1,1,3,Fixation,,,,,,,,,,,,
SV026,L,9,2,0,1,1,2,Fixation,,,,,,,,,,,,
SV026,L,10,3,0,0,1,2,Fixation,,,,,,,,,,,,
SV026,L,11,3,0,1,0,3,Fixation,,,,,,,,,,,,
SV026,L,12,3,2,1,0,2,Fixation,,,,,,,,,,,,
SV026,L,13,3,2,1,1,1,Fixation,,,,,,,,,,,,
SV026,L,14,3,2,0,1,2,Fixation,,,,,,,,,,,,
SV026,L,15,3,0,1,1,2,Fixation,,,,,,,,,,,,
SV026,L,16,3,2,1,0,2,Fixation,,,,,,,,,,,,
SV026,L,17,3,0,0,0,3,Fixation,,,,,,,,,,,,
SV026,L,18,3,0,1,0,3,Fixation,,,,,,,,,,,,
SV026,L,19,2,0,1,0,2,Fixation,,,,,,,,,,,,
SV026,L,20,2,0,1,0,2,Fixation,,,,,,,,,,,,
SV026,L,21,3,2,1,0,2,Fixation,,,,,,,,,,,,
SV026,L,22,2,0,0,1,2,Fixation,,,,,,,,,,,,
SV026,L,23,3,3,0,1,3,Fixation,,,,,,,,,,,,
SV026,L,24,2,3,0,0,3,Fixation,,,,,,,,,,,,
SV026,L,25,3,3,1,1,2,Fixation,,,,,,,,,,,,
SV026,L,26,3,3,1,1,3,Fixation,,,,,,,,,,,,
SV026,L,27,3,3,0,0,3,Fixation,,,,,,,,,,,,
SV026,L,28,2,3,1,0,3,Fixation,,,,,,,,,,,,
SV026,L,29,3,0,0,0,3,Fixation,,,,,,,,,,,,
SV026,L,30,2,2,1,0,2,Fixation,,,,,,,,,,,,
SV026,L,31,2,3,1,1,3,Fixation,,,,,,,,,,,,
SV026,L,32,2,2,1,1,2,Fixation,,,,,,,,,,,,
SV026,L,33,3,0,0,1,2,Fixation,,,,,,,,,,,,
SV026,L,34,3,3,1,0,3,Fixation,,,,,,,,,,,,
SV026,L,35,2,2,1,0,2,Fixation,,,,,,,,,,,,
SV026,L,36,2,0,0,0,2,Fixation,,,,,,,,,,,,
SV026,L,37,3,2,0,1,2,Fixation,,,,,,,,,,,,
SV026,L,38,2,2,0,1,2,Fixation,,,,,,,,,,,,
SV026,L,39,3,2,0,0,2,Fixation,,,,,,,,,,,,
SV026,L,40,3,2,1,0,2,Fixation,,,,,,,,,,,,
SV026,L,41,2,0,1,1,2,Fixation,,,,,,,,,,,,
SV026,L,42,3,2,0,1,2,Fixation,,,,,,,,,,,,
SV026,L,43,2,2,1,1,2,Fixation,,,,,,,,,,,,
SV026,L,44,3,2,0,0,2,Fixation,,,,,,,,,,,,
SV026,L,45,3,2,1,1,2,Fixation,,,,,,,,,,,,
SV026,L,46,2,0,1,1,2,Fixation,,,,,,,,,,,,
SV026,L,47,3,2,1,1,2,Fixation,,,,,,,,,,,,
SV026,L,48,3,0,1,1,2,Fixation,,,,,,,,,,,,
SV026,L,49,2,0,1,1,2,Fixation,,,,,,,,,,,,
SV026,L,50,2,3,1,0,3,Fixation,,,,,,,,,,,,
SV026,L,51,2,2,0,1,2,Fixation,,,,,,,,,,,,
SV026,L,52,2,2,0,0,2,Fixation,,,,,,,,,,,,
SV026,L,53,3,0,0,0,3,Fixation,,,,,,,,,,,,
SV026,L,54,2,2,1,0,2,Fixation,,,,,,,,,,,,
SV026,L,55,3,0,0,0,3,Fixation,,,,,,,,,,,,
SV026,L,56,3,2,1,1,2,Fixation,,,,,,,,,,,,
SV026,L,57,2,3,0,1,3,Fixation,,,,,,,,,,,,
SV026,L,58,3,2,0,0,3,Fixation,,,,,,,,,,,,
SV026,L,59,3,3,1,1,3,Fixation,,,,,,,,,,,,
SV026,L,60,3,2,0,0,2,Fixation,,,,,,,,,,,,
SV026,L,61,2,3,0,1,3,Fixation,,,,,,,,,,,,
SV026,L,62,3,2,1,0,2,Fixation,,,,,,,,,,,,
SV026,L,63,3,3,0,0,3,Fixation,,,,,,,,,,,,
SV026,L,64,2,3,1,0,3,Fixation,,,,,,,,,,,,
SV026,L,65,3,0,1,1,2,Fixation,,,,,,,,,,,,
SV026,L,66,2,3,1,1,3,Fixation,,,,,,,,,,,,
SV026,L,67,3,3,0,0,3,Fixation,,,,,,,,,,,,
SV026,L,68,3,2,1,1,2,Fixation,,,,,,,,,,,,
SV026,L,69,2,0,1,1,3,Fixation,,,,,,,,,,,,
SV026,L,70,3,0,1,1,2,Fixation,,,,,,,,,,,,
SV026,L,71,3,0,0,1,2,Fixation,,,,,,,,,,,,
SV026,L,72,2,3,1,1,3,Fixation,,,,,,,,,,,,
SV026,L,73,2,2,1,0,2,Fixation,,,,,,,,,,,,
SV026,L,74,3,3,1,0,3,Fixation,,,,,,,,,,,,
SV026,L,75,2,0,0,1,2,Fixation,,,,,,,,,,,,
SV026,L,76,2,2,1,1,2,Fixation,,,,,,,,,,,,
SV026,L,77,3,3,0,1,3,Fixation,,,,,,,,,,,,
SV026,L,78,2,2,1,0,2,Fixation,,,,,,,,,,,,
SV026,L,79,2,0,0,1,2,Fixation,,,,,,,,,,,,
SV026,L,80,2,2,0,0,2,Fixation,,,,,,,,,,,,
SV026,L,81,2,2,1,1,2,Fixation,,,,,,,,,,,,
SV026,L,82,2,0,0,1,2,Fixation,,,,,,,,,,,,
SV026,L,83,2,0,0,0,2,Fixation,,,,,,,,,,,,
SV026,L,84,2,0,0,0,2,Fixation,,,,,,,,,,,,
SV026,L,85,2,0,0,1,3,Fixation,,,,,,,,,,,,
SV026,L,86,3,2,0,1,2,Fixation,,,,,,,,,,,,
SV026,L,87,3,3,0,1,3,Fixation,,,,,,,,,,,,
SV026,L,88,2,2,0,1,2,Fixation,,,,,,,,,,,,
SV026,L,89,2,2,0,1,2,Fixation,,,,,,,,,,,,
SV026,L,90,2,2,1,1,2,Fixation,,,,,,,,,,,,
SV026,L,91,2,0,1,0,2,Fixation,,,,,,,,,,,,
SV026,L,92,3,2,0,0,2,Fixation,,,,,,,,,,,,
SV026,L,93,3,2,1,1,2,Fixation,,,,,,,,,,,,
SV026,L,94,3,3,1,0,3,Fixation,,,,,,,,,,,,
SV026,L,95,2,3,1,0,3,Fixation,,,,,,,,,,,,
SV026,L,96,3,3,0,0,3,Fixation,,,,,,,,,,,,
SV026,L,97,3,2,1,1,2,Fixation,,,,,,,,,,,,
SV026,L,98,3,2,0,1,2,Fixation,,,,,,,,,,,,
SV026,L,99,3,3,0,1,3,Fixation,,,,,,,,,,,,
SV026,L,100,3,3,0,1,3,Fixation,,,,,,,,,,,,
SV026,L,101,3,0,0,1,3,Fixation,,,,,,,,,,,,
SV026,L,102,3,0,0,0,3,Fixation,,,,,,,,,,,,
SV026,L,103,3,0,1,1,3,Fixation,,,,,,,,,,,,
SV026,L,104,2,3,0,1,3,Fixation,,,,,,,,,,,,
SV026,L,105,2,0,1,0,2,Fixation,,,,,,,,,,,,
SV026,L,106,2,0,0,0,2,Fixation,,,,,,,,,,,,
SV026,L,107,2,2,1,0,2,Fixation,,,,,,,,,,,,
SV026,L,108,2,3,1,1,3,Fixation,,,,,,,,,,,,
SV026,L,109,3,0,0,1,2,Fixation,,,,,,,,,,,,
SV026,L,110,3,0,0,1,2,Fixation,,,,,,,,,,,,
SV026,L,111,3,0,1,1,3,Fixation,,,,,,,,,,,,
SV026,L,112,3,2,1,0,2,Fixation,,,,,,,,,,,,
SV026,L,113,2,3,1,0,3,Fixation,,,,,,,,,,,,
SV026,L,114,2,0,0,0,2,Fixation,,,,,,,,,,,,
SV026,L,115,3,3,1,0,3,Fixation,,,,,,,,,,,,
SV026,L,116,3,2,0,1,2,Fixation,,,,,,,,,,,,
SV026,L,117,2,0,0,0,2,Fixation,,,,,,,,,,,,
SV026,L,118,3,3,1,0,3,Fixation,,,,,,,,,,,,
SV026,L,119,3,3,0,1,3,Fixation,,,,,,,,,,,,
SV026,L,120,2,0,0,0,2,Fixation,,,,,,,,,,,,
SV026,L,121,2,3,0,0,3,Fixation,,,,,,,,,,,,
SV026,L,122,3,3,0,0,3,Fixation,,,,,,,,,,,,
SV026,L,123,3,0,0,0,3,Fixation,,,,,,,,,,,,
SV026,L,124,2,3,0,1,3,Fixation,,,,,,,,,,,,
SV026,L,125,2,0,0,1,3,Fixation,,,,,,,,,,,,
SV026,L,126,2,2,1,1,2,Fixation,,,,,,,,,,,,
SV026,L,127,3,2,1,1,2,Fixation,,,,,,,,,,,,
SV026,L,128,3,3,1,0,3,Fixation,,,,,,,,,,,,
SV026,L,129,2,0,0,1,2,Fixation,,,,,,,,,,,,
SV026,L,130,2,2,1,0,2,Fixation,,,,,,,,,,,,
SV026,L,131,2,2,1,1,2,Fixation,,,,,,,,,,,,
SV026,L,132,2,2,0,1,2,Fixation,,,,,,,,,,,,
SV026,L,133,3,0,1,1,2,Fixation,,,,,,,,,,,,
SV026,L,134,3,3,1,1,3,Fixation,,,,,,,,,,,,
SV026,L,135,3,0,1,1,3,Fixation,,,,,,,,,,,,
SV026,L,136,2,2,1,1,2,Fixation,,,,,,,,,,,,
SV026,L,137,2,3,0,1,3,Fixation,,,,,,,,,,,,
SV026,L,138,2,2,0,0,2,Fixation,,,,,,,,,,,,
SV026,L,139,2,0,1,0,3,Fixation,,,,,,,,,,,,
SV026,L,140,2,0,1,0,2,Fixation,,,,,,,,,,,,
SV026,L,141,3,0,0,1,2,Fixation,,,,,,,,,,,,
SV026,L,142,3,3,1,0,3,Fixation,,,,,,,,,,,,
SV026,L,143,3,3,1,1,3,Fixation,,,,,,,,,,,,
SV026,L,144,2,2,0,0,2,Fixation,,,,,,,,,,,,
SV026,L,145,3,0,1,0,2,Fixation,,,,,,,,,,,,
SV026,L,146,2,2,0,0,2,Fixation,,,,,,,,,,,,
SV026,L,147,2,2,1,0,2,Fixation,,,,,,,,,,,,
SV026,L,148,3,3,0,1,3,Fixation,,,,,,,,,,,,
SV026,L,149,3,2,1,0,2,Fixation,,,,,,,,,,,,
SV026,L,150,3,3,1,1,3,Fixation,,,,,,,,,,,,
SV026,L,151,2,2,0,0,2,Fixation,,,,,,,,,,,,
SV026,L,152,2,2,0,0,2,Fixation,,,,,,,,,,,,
SV026,L,153,2,3,0,0,3,Fixation,,,,,,,,,,,,
SV026,L,154,3,3,0,0,3,Fixation,,,,,,,,,,,,
SV026,L,155,2,0,0,1,2,Fixation,,,,,,,,,,,,
SV026,L,156,2,3,1,1,3,Fixation,,,,,,,,,,,,
SV026,L,157,3,2,0,0,2,Fixation,,,,,,,,,,,,
SV026,L,158,3,2,1,0,2,Fixation,,,,,,,,,,,,
SV026,L,159,3,0,1,0,2,Fixation,,,,,,,,,,,,
SV026,L,160,2,3,0,0,3,Fixation,,,,,,,,,,,,
SV026,L,161,3,3,0,0,3,Fixation,,,,,,,,,,,,
SV026,L,162,2,0,0,1,2,Fixation,,,,,,,,,,,,
SV026,L,163,3,2,0,1,2,Fixation,,,,,,,,,,,,
SV026,L,164,2,0,1,0,2,Fixation,,,,,,,,,,,,
SV026,L,165,3,0,1,0,3,Fixation,,,,,,,,,,,,
SV026,L,166,2,3,0,0,3,Fixation,,,,,,,,,,,,
SV026,L,167,3,0,1,0,2,Fixation,,,,,,,,,,,,
SV026,L,168,3,3,0,1,3,Fixation,,,,,,,,,,,,
SV026,L,169,2,2,0,1,2,Fixation,,,,,,,,,,,,
SV026,L,170,2,2,0,0,2,Fixation,,,,,,,,,,,,
SV026,L,171,3,3,0,0,3,Fixation,,,,,,,,,,,,
SV026,L,172,3,2,0,1,2,Fixation,,,,,,,,,,,,
SV026,L,173,3,3,1,1,3,Fixation,,,,,,,,,,,,
SV026,L,174,2,3,0,1,3,Fixation,,,,,,,,,,,,
SV026,L,175,2,3,1,1,3,Fixation,,,,,,,,,,,,
SV026,L,176,3,3,0,0,3,Fixation,,,,,,,,,,,,
SV026,L,177,2,2,1,0,2,Fixation,,,,,,,,,,,,
SV026,L,178,3,2,0,0,2,Fixation,,,,,,,,,,,,
SV026,L,179,3,2,1,1,2,Fixation,,,,,,,,,,,,
SV026,L,180,3,3,0,0,3,Fixation,,,,,,,,,,,,
SV026,L,181,3,2,0,1,2,Fixation,,,,,,,,,,,,
SV026,L,182,2,3,1,1,3,Fixation,,,,,,,,,,,,
SV026,L,183,3,0,1,0,3,Fixation,,,,,,,,,,,,
SV026,L,184,3,0,0,0,3,Fixation,,,,,,,,,,,,
SV026,L,185,2,3,1,0,3,Fixation,,,,,,,,,,,,
SV026,L,186,2,3,0,1,3,Fixation,,,,,,,,,,,,
SV026,L,187,2,3,1,1,2,Fixation,,,,,,,,,,,,
SV026,L,188,3,0,0,1,3,Fixation,,,,,,,,,,,,
SV026,L,189,3,2,1,0,2,Fixation,,,,,,,,,,,,
SV026,L,190,2,2,0,1,2,Fixation,,,,,,,,,,,,
SV026,L,191,3,2,0,0,2,Fixation,,,,,,,,,,,,
SV026,L,192,2,0,1,1,2,Fixation,,,,,,,,,,,,
SV026,L,193,2,3,0,1,3,Fixation,,,,,,,,,,,,
SV026,L,194,3,3,0,1,3,Fixation,,,,,,,,,,,,
SV026,L,195,3,0,0,0,3,Fixation,,,,,,,,,,,,
SV026,L,196,2,2,0,1,2,Fixation,,,,,,,,,,,,
SV026,L,197,2,0,1,1,2,Fixation,,,,,,,,,,,,
SV026,L,198,2,3,0,1,2,Fixation,,,,,,,,,,,,
SV026,L,199,2,0,1,0,2,Fixation,,,,,,,,,,,,
SV026,L,200,3,2,0,0,2,Fixation,,,,,,,,,,,,
SV026,L,201,3,2,1,1,2,Fixation,,,,,,,,,,,,
SV026,L,202,2,2,0,1,2,Fixation,,,,,,,,,,,,
SV026,L,203,2,3,1,0,3,Fixation,,,,,,,,,,,,
SV026,L,204,2,2,0,1,2,Fixation,,,,,,,,,,,,
SV026,L,205,3,3,1,0,3,Fixation,,,,,,,,,,,,
SV026,L,206,3,3,0,1,3,Fixation,,,,,,,,,,,,
SV026,L,207,3,3,1,0,3,Fixation,,,,,,,,,,,,
SV026,L,208,3,0,1,1,2,Fixation,,,,,,,,,,,,
SV026,L,209,2,3,1,0,3,Fixation,,,,,,,,,,,,
SV026,L,210,2,3,0,0,3,Fixation,,,,,,,,,,,,
SV026,L,211,3,3,1,1,3,Fixation,,,,,,,,,,,,
SV026,L,212,2,3,0,0,3,Fixation,,,,,,,,,,,,
SV026,L,213,3,0,0,0,3,Fixation,,,,,,,,,,,,
SV026,L,214,2,2,1,0,2,Fixation,,,,,,,,,,,,
SV026,L,215,3,2,0,0,2,Fixation,,,,,,,,,,,,
SV026,L,216,3,0,0,0,3,Fixation,,,,,,,,,,,,
SV026,L,217,3,0,1,0,2,Fixation,,,,,,,,,,,,
SV026,L,218,2,2,1,1,2,Fixation,,,,,,,,,,,,
SV026,L,219,2,2,0,0,2,Fixation,,,,,,,,,,,,
SV026,L,220,2,2,1,1,2,Fixation,,,,,,,,,,,,
SV026,L,221,2,3,1,1,3,Fixation,,,,,,,,,,,,
SV026,L,222,3,0,0,1,2,Fixation,,,,,,,,,,,,
SV026,L,223,3,0,1,0,2,Fixation,,,,,,,,,,,,
SV026,L,224,3,3,1,0,3,Fixation,,,,,,,,,,,,
SV026,L,225,2,3,0,1,3,Fixation,,,,,,,,,,,,
SV026,L,226,3,2,1,0,2,Fixation,,,,,,,,,,,,
SV026,L,227,3,0,0,1,2,Fixation,,,,,,,,,,,,
SV026,L,228,2,0,0,0,2,Fixation,,,,,,,,,,,,
SV026,L,229,2,3,0,0,3,Fixation,,,,,,,,,,,,
SV026,L,230,2,0,1,1,2,Fixation,,,,,,,,,,,,
SV026,L,231,2,3,1,0,3,Fixation,,,,,,,,,,,,
SV026,L,232,2,0,1,0,2,Fixation,,,,,,,,,,,,
SV026,L,233,2,3,1,0,3,Fixation,,,,,,,,,,,,
SV026,L,234,3,0,1,1,2,Fixation,,,,,,,,,,,,
SV026,L,235,2,3,0,0,3,Fixation,,,,,,,,,,,,
SV026,L,236,2,0,1,0,2,Fixation,,,,,,,,,,,,
SV026,L,237,2,0,0,1,2,Fixation,,,,,,,,,,,,
SV026,L,238,2,3,0,0,3,Fixation,,,,,,,,,,,,
SV026,L,239,2,0,0,0,2,Fixation,,,,,,,,,,,,
SV026,L,240,2,0,1,1,2,Fixation,,,,,,,,,,,,
SV026,L,241,3,0,1,1,0,Fixation,,,,,,,,,,,,
SV026,L,242,3,0,0,0,0,Fixation,,,,,,,,,,,,
SV026,L,243,3,2,0,1,2,Fixation,,,,,,,,,,,,
SV026,L,244,2,3,1,0,3,Fixation,,,,,,,,,,,,
SV026,L,245,2,0,0,1,0,Fixation,,,,,,,,,,,,
SV026,L,246,2,2,1,1,2,Fixation,,,,,,,,,,,,
SV026,L,247,3,3,1,0,3,Fixation,,,,,,,,,,,,
SV026,L,248,2,0,0,1,0,Fixation,,,,,,,,,,,,
SV026,L,249,3,2,1,1,2,Fixation,,,,,,,,,,,,
SV026,L,250,2,3,1,1,3,Fixation,,,,,,,,,,,,
SV026,L,251,3,2,1,1,2,Fixation,,,,,,,,,,,,
SV026,L,252,3,0,0,1,0,Fixation,,,,,,,,,,,,
SV026,L,253,2,2,0,1,2,Fixation,,,,,,,,,,,,
SV026,L,254,2,3,0,1,3,Fixation,,,,,,,,,,,,
SV026,L,255,3,2,0,0,2,Fixation,,,,,,,,,,,,
SV026,L,256,2,0,1,0,0,Fixation,,,,,,,,,,,,
SV026,L,257,2,2,0,1,2,Fixation,,,,,,,,,,,,
SV026,L,258,2,0,0,1,0,Fixation,,,,,,,,,,,,
SV026,L,259,3,0,0,0,0,Fixation,,,,,,,,,,,,
SV026,L,260,2,2,1,1,2,Fixation,,,,,,,,,,,,
SV026,L,261,3,0,1,0,0,Fixation,,,,,,,,,,,,
SV026,L,262,3,3,1,1,3,Fixation,,,,,,,,,,,,
SV026,L,263,3,0,0,1,0,Fixation,,,,,,,,,,,,
SV026,L,264,2,2,0,0,2,Fixation,,,,,,,,,,,,
SV026,L,265,2,2,0,1,2,Fixation,,,,,,,,,,,,
SV026,L,266,2,2,0,1,2,Fixation,,,,,,,,,,,,
SV026,L,267,2,3,0,0,3,Fixation,,,,,,,,,,,,
SV026,L,268,2,2,0,0,2,Fixation,,,,,,,,,,,,
SV026,L,269,2,3,0,0,3,Fixation,,,,,,,,,,,,
SV026,L,270,2,0,0,1,0,Fixation,,,,,,,,,,,,
SV026,L,271,2,0,1,0,0,Fixation,,,,,,,,,,,,
SV026,L,272,2,2,1,1,2,Fixation,,,,,,,,,,,,
SV026,L,273,2,0,1,1,0,Fixation,,,,,,,,,,,,
SV026,L,274,3,2,0,1,2,Fixation,,,,,,,,,,,,
SV026,L,275,2,3,1,0,3,Fixation,,,,,,,,,,,,
SV026,L,276,3,2,0,1,2,Fixation,,,,,,,,,,,,
SV026,L,277,3,0,1,1,0,Fixation,,,,,,,,,,,,
SV026,L,278,2,0,1,1,0,Fixation,,,,,,,,,,,,
SV026,L,279,2,3,0,1,3,Fixation,,,,,,,,,,,,
SV026,L,280,3,0,0,0,0,Fixation,,,,,,,,,,,,
SV026,L,281,3,2,1,1,2,Fixation,,,,,,,,,,,,
SV026,L,282,3,2,1,0,2,Fixation,,,,,,,,,,,,
SV026,L,283,2,3,1,1,3,Fixation,,,,,,,,,,,,
SV026,L,284,2,2,1,0,2,Fixation,,,,,,,,,,,,
SV026,L,285,2,3,0,0,3,Fixation,,,,,,,,,,,,
SV026,L,286,3,3,1,0,3,Fixation,,,,,,,,,,,,
SV026,L,287,3,3,0,0,3,Fixation,,,,,,,,,,,,
SV026,L,288,3,2,1,1,2,Fixation,,,,,,,,,,,,
SV026,L,289,3,0,0,0,0,Fixation,,,,,,,,,,,,
SV026,L,290,3,0,0,1,0,Fixation,,,,,,,,,,,,
SV026,L,291,3,0,0,0,0,Fixation,,,,,,,,,,,,
SV026,L,292,3,0,0,1,0,Fixation,,,,,,,,,,,,
SV026,L,293,2,2,1,1,2,Fixation,,,,,,,,,,,,
SV026,L,294,2,0,0,0,0,Fixation,,,,,,,,,,,,
SV026,L,295,3,3,0,0,3,Fixation,,,,,,,,,,,,
SV026,L,296,2,0,1,0,0,Fixation,,,,,,,,,,,,
SV026,L,297,3,2,1,1,2,Fixation,,,,,,,,,,,,
SV026,L,298,3,3,1,0,3,Fixation,,,,,,,,,,,,
SV026,L,299,3,3,0,0,3,Fixation,,,,,,,,,,,,
SV026,L,300,3,2,0,0,2,Fixation,,,,,,,,,,,,
SV026,L,301,2,0,0,0,0,Fixation,,,,,,,,,,,,
SV026,L,302,2,3,0,1,3,Fixation,,,,,,,,,,,,
SV026,L,303,2,0,0,1,0,Fixation,,,,,,,,,,,,
SV026,L,304,2,2,0,1,2,Fixation,,,,,,,,,,,,
SV026,L,305,3,0,1,0,0,Fixation,,,,,,,,,,,,
SV026,L,306,2,2,1,0,2,Fixation,,,,,,,,,,,,
SV026,L,307,3,3,1,0,3,Fixation,,,,,,,,,,,,
SV026,L,308,2,0,1,0,0,Fixation,,,,,,,,,,,,
SV026,L,309,3,3,1,0,3,Fixation,,,,,,,,,,,,
SV026,L,310,2,0,1,0,0,Fixation,,,,,,,,,,,,
SV026,L,311,2,0,1,0,0,Fixation,,,,,,,,,,,,
SV026,L,312,2,2,0,0,2,Fixation,,,,,,,,,,,,
SV026,L,313,2,0,1,1,0,Fixation,,,,,,,,,,,,
SV026,L,314,2,2,0,0,2,Fixation,,,,,,,,,,,,
SV026,L,315,3,2,1,1,2,Fixation,,,,,,,,,,,,
SV026,L,316,2,3,1,0,2,Fixation,,,,,,,,,,,,
SV026,L,317,3,3,1,1,3,Fixation,,,,,,,,,,,,
SV026,L,318,2,0,0,0,0,Fixation,,,,,,,,,,,,
SV026,L,319,2,3,0,0,3,Fixation,,,,,,,,,,,,
SV026,L,320,2,2,1,0,2,Fixation,,,,,,,,,,,,
SV026,L,321,2,2,0,0,2,Fixation,,,,,,,,,,,,
SV026,L,322,2,0,1,1,0,Fixation,,,,,,,,,,,,
SV026,L,323,3,2,1,0,2,Fixation,,,,,,,,,,,,
SV026,L,324,2,3,0,0,3,Fixation,,,,,,,,,,,,
SV026,L,325,3,2,1,0,2,Fixation,,,,,,,,,,,,
SV026,L,326,3,0,1,0,0,Fixation,,,,,,,,,,,,
SV026,L,327,2,0,1,1,0,Fixation,,,,,,,,,,,,
SV026,L,328,2,2,0,1,2,Fixation,,,,,,,,,,,,
SV026,L,329,3,3,0,1,3,Fixation,,,,,,,,,,,,
SV026,L,330,2,2,1,1,2,Fixation,,,,,,,,,,,,
SV026,L,331,2,3,0,1,3,Fixation,,,,,,,,,,,,
SV026,L,332,3,2,1,1,2,Fixation,,,,,,,,,,,,
SV026,L,333,3,0,1,0,0,Fixation,,,,,,,,,,,,
SV026,L,334,2,3,1,1,3,Fixation,,,,,,,,,,,,
SV026,L,335,3,2,1,1,2,Fixation,,,,,,,,,,,,
SV026,L,336,3,2,0,1,2,Fixation,,,,,,,,,,,,
SV026,L,337,3,0,0,0,0,Fixation,,,,,,,,,,,,
SV026,L,338,3,2,0,1,2,Fixation,,,,,,,,,,,,
SV026,L,339,3,3,0,1,3,Fixation,,,,,,,,,,,,
SV026,L,340,2,0,0,0,0,Fixation,,,,,,,,,,,,
SV026,L,341,3,0,1,0,0,Fixation,,,,,,,,,,,,
SV026,L,342,2,3,0,0,3,Fixation,,,,,,,,,,,,
SV026,L,343,3,3,0,0,3,Fixation,,,,,,,,,,,,
SV026,L,344,3,0,1,1,0,Fixation,,,,,,,,,,,,
SV026,L,345,2,2,1,0,2,Fixation,,,,,,,,,,,,
SV026,L,346,3,3,1,0,3,Fixation,,,,,,,,,,,,
SV026,L,347,3,0,1,1,0,Fixation,,,,,,,,,,,,
SV026,L,348,3,3,1,0,3,Fixation,,,,,,,,,,,,
SV026,L,349,2,2,0,0,2,Fixation,,,,,,,,,,,,
SV026,L,350,3,0,0,0,0,Fixation,,,,,,,,,,,,
SV026,L,351,2,3,1,0,3,Fixation,,,,,,,,,,,,
SV026,L,352,3,0,0,0,0,Fixation,,,,,,,,,,,,
SV026,L,353,3,2,0,0,2,Fixation,,,,,,,,,,,,
SV026,L,354,3,0,0,1,0,Fixation,,,,,,,,,,,,
SV026,L,355,3,2,1,0,2,Fixation,,,,,,,,,,,,
SV026,L,356,3,2,1,0,2,Fixation,,,,,,,,,,,,
SV026,L,357,3,2,1,0,2,Fixation,,,,,,,,,,,,
SV026,L,358,2,0,1,0,0,Fixation,,,,,,,,,,,,
SV026,L,359,3,2,1,0,2,Fixation,,,,,,,,,,,,
SV026,L,360,3,2,1,1,2,Fixation,,,,,,,,,,,,
SV026,L,361,2,3,1,1,3,Fixation,,,,,,,,,,,,
SV026,L,362,2,0,0,0,0,Fixation,,,,,,,,,,,,
SV026,L,363,2,0,1,1,0,Fixation,,,,,,,,,,,,
SV026,L,364,2,0,0,0,0,Fixation,,,,,,,,,,,,
SV026,L,365,3,3,1,1,3,Fixation,,,,,,,,,,,,
SV026,L,366,2,2,0,0,2,Fixation,,,,,,,,,,,,
SV026,L,367,3,0,1,1,0,Fixation,,,,,,,,,,,,
SV026,L,368,3,0,0,1,0,Fixation,,,,,,,,,,,,
SV026,L,369,2,0,0,0,0,Fixation,,,,,,,,,,,,
SV026,L,370,2,0,0,1,0,Fixation,,,,,,,,,,,,
SV026,L,371,3,3,1,1,3,Fixation,,,,,,,,,,,,
SV026,L,372,3,0,0,0,0,Fixation,,,,,,,,,,,,
SV026,L,373,3,0,0,1,0,Fixation,,,,,,,,,,,,
SV026,L,374,2,3,1,1,3,Fixation,,,,,,,,,,,,
SV026,L,375,2,2,1,0,2,Fixation,,,,,,,,,,,,
SV026,L,376,3,3,0,0,3,Fixation,,,,,,,,,,,,
SV026,L,377,2,3,1,1,3,Fixation,,,,,,,,,,,,
SV026,L,378,3,2,0,0,2,Fixation,,,,,,,,,,,,
SV026,L,379,3,2,0,1,2,Fixation,,,,,,,,,,,,
SV026,L,380,3,3,1,1,3,Fixation,,,,,,,,,,,,
SV026,L,381,3,2,1,0,2,Fixation,,,,,,,,,,,,
SV026,L,382,2,2,1,0,2,Fixation,,,,,,,,,,,,
SV026,L,383,3,0,1,0,0,Fixation,,,,,,,,,,,,
SV026,L,384,3,3,1,1,3,Fixation,,,,,,,,,,,,
SV026,L,385,2,3,0,1,3,Fixation,,,,,,,,,,,,
SV026,L,386,2,3,1,1,3,Fixation,,,,,,,,,,,,
SV026,L,387,3,3,0,0,3,Fixation,,,,,,,,,,,,
SV026,L,388,2,0,1,1,0,Fixation,,,,,,,,,,,,
SV026,L,389,3,3,0,0,3,Fixation,,,,,,,,,,,,
SV026,L,390,2,3,1,0,3,Fixation,,,,,,,,,,,,
SV026,L,391,2,0,0,0,0,Fixation,,,,,,,,,,,,
SV026,L,392,2,3,0,1,3,Fixation,,,,,,,,,,,,
SV026,L,393,2,2,0,0,2,Fixation,,,,,,,,,,,,
SV026,L,394,3,0,1,1,0,Fixation,,,,,,,,,,,,
SV026,L,395,3,3,0,1,3,Fixation,,,,,,,,,,,,
SV026,L,396,3,0,0,0,0,Fixation,,,,,,,,,,,,
SV026,L,397,2,2,1,1,2,Fixation,,,,,,,,,,,,
SV026,L,398,2,3,0,1,3,Fixation,,,,,,,,,,,,
SV026,L,399,2,2,1,0,2,Fixation,,,,,,,,,,,,
SV026,L,400,3,0,0,1,0,Fixation,,,,,,,,,,,,
SV026,L,401,2,3,0,1,3,Fixation,,,,,,,,,,,,
SV026,L,402,2,2,0,0,2,Fixation,,,,,,,,,,,,
SV026,L,403,2,3,0,0,3,Fixation,,,,,,,,,,,,
SV026,L,404,2,0,1,1,0,Fixation,,,,,,,,,,,,
SV026,L,405,2,2,1,0,2,Fixation,,,,,,,,,,,,
SV026,L,406,2,3,0,1,3,Fixation,,,,,,,,,,,,
SV026,L,407,3,3,0,0,3,Fixation,,,,,,,,,,,,
SV026,L,408,3,0,1,0,0,Fixation,,,,,,,,,,,,
SV026,L,409,2,2,0,1,2,Fixation,,,,,,,,,,,,
SV026,L,410,3,2,0,1,2,Fixation,,,,,,,,,,,,
SV026,L,411,2,0,0,0,0,Fixation,,,,,,,,,,,,
SV026,L,412,3,3,1,1,3,Fixation,,,,,,,,,,,,
SV026,L,413,2,0,0,1,0,Fixation,,,,,,,,,,,,
SV026,L,414,2,0,1,1,0,Fixation,,,,,,,,,,,,
SV026,L,415,3,2,1,0,2,Fixation,,,,,,,,,,,,
SV026,L,416,3,2,0,0,2,Fixation,,,,,,,,,,,,
SV026,L,417,3,0,1,0,0,Fixation,,,,,,,,,,,,
SV026,L,418,2,0,1,1,0,Fixation,,,,,,,,,,,,
SV026,L,419,2,0,1,0,0,Fixation,,,,,,,,,,,,
SV026,L,420,3,2,0,0,2,Fixation,,,,,,,,,,,,
SV026,L,421,2,2,0,1,2,Fixation,,,,,,,,,,,,
SV026,L,422,3,3,0,1,3,Fixation,,,,,,,,,,,,
SV026,L,423,3,2,0,1,2,Fixation,,,,,,,,,,,,
SV026,L,424,3,3,1,1,3,Fixation,,,,,,,,,,,,
SV026,L,425,3,3,0,0,3,Fixation,,,,,,,,,,,,
SV026,L,426,3,0,1,0,0,Fixation,,,,,,,,,,,,
SV026,L,427,2,2,1,0,2,Fixation,,,,,,,,,,,,
SV026,L,428,2,0,1,0,0,Fixation,,,,,,,,,,,,
SV026,L,429,3,0,0,1,0,Fixation,,,,,,,,,,,,
SV026,L,430,3,3,0,0,3,Fixation,,,,,,,,,,,,
SV026,L,431,3,2,0,0,2,Fixation,,,,,,,,,,,,
SV026,L,432,2,0,0,1,0,Fixation,,,,,,,,,,,,
SV026,L,433,2,3,0,0,3,Fixation,,,,,,,,,,,,
SV026,L,434,2,2,0,1,2,Fixation,,,,,,,,,,,,
SV026,L,435,2,3,1,0,3,Fixation,,,,,,,,,,,,
SV026,L,436,3,3,1,1,3,Fixation,,,,,,,,,,,,
SV026,L,437,3,0,1,1,0,Fixation,,,,,,,,,,,,
SV026,L,438,3,2,0,1,2,Fixation,,,,,,,,,,,,
SV026,L,439,3,3,0,1,3,Fixation,,,,,,,,,,,,
SV026,L,440,3,3,0,1,3,Fixation,,,,,,,,,,,,
SV026,L,441,2,3,1,1,3,Fixation,,,,,,,,,,,,
SV026,L,442,2,2,0,1,2,Fixation,,,,,,,,,,,,
SV026,L,443,3,3,0,1,3,Fixation,,,,,,,,,,,,
SV026,L,444,3,2,1,1,2,Fixation,,,,,,,,,,,,
SV026,L,445,2,2,0,0,2,Fixation,,,,,,,,,,,,
SV026,L,446,3,0,0,1,0,Fixation,,,,,,,,,,,,
SV026,L,447,2,0,0,1,0,Fixation,,,,,,,,,,,,
SV026,L,448,3,2,0,0,2,Fixation,,,,,,,,,,,,
SV026,L,449,3,3,1,0,3,Fixation,,,,,,,,,,,,
SV026,L,450,3,2,0,1,2,Fixation,,,,,,,,,,,,
SV026,L,451,3,2,0,0,2,Fixation,,,,,,,,,,,,
SV026,L,452,2,3,0,1,3,Fixation,,,,,,,,,,,,
SV026,L,453,3,2,0,0,2,Fixation,,,,,,,,,,,,
SV026,L,454,3,0,1,1,0,Fixation,,,,,,,,,,,,
SV026,L,455,3,3,1,0,3,Fixation,,,,,,,,,,,,
SV026,L,456,3,3,0,1,3,Fixation,,,,,,,,,,,,
SV026,L,457,2,2,1,1,2,Fixation,,,,,,,,,,,,
SV026,L,458,3,3,1,0,3,Fixation,,,,,,,,,,,,
SV026,L,459,3,3,0,1,3,Fixation,,,,,,,,,,,,
SV026,L,460,2,3,1,1,3,Fixation,,,,,,,,,,,,
SV026,L,461,2,3,1,0,3,Fixation,,,,,,,,,,,,
SV026,L,462,3,2,1,0,2,Fixation,,,,,,,,,,,,
SV026,L,463,3,3,1,1,3,Fixation,,,,,,,,,,,,
SV026,L,464,2,3,1,1,3,Fixation,,,,,,,,,,,,
SV026,L,465,2,0,0,0,0,Fixation,,,,,,,,,,,,
SV026,L,466,3,0,1,1,0,Fixation,,,,,,,,,,,,
SV026,L,467,2,3,0,0,3,Fixation,,,,,,,,,,,,
SV026,L,468,2,2,1,1,2,Fixation,,,,,,,,,,,,
SV026,L,469,2,3,1,0,3,Fixation,,,,,,,,,,,,
SV026,L,470,3,0,1,0,0,Fixation,,,,,,,,,,,,
SV026,L,471,2,0,0,1,0,Fixation,,,,,,,,,,,,
SV026,L,472,2,3,1,0,3,Fixation,,,,,,,,,,,,
SV026,L,473,2,3,1,0,3,Fixation,,,,,,,,,,,,
SV026,L,474,2,0,1,0,0,Fixation,,,,,,,,,,,,
SV026,L,475,2,2,1,0,2,Fixation,,,,,,,,,,,,
SV026,L,476,2,2,1,1,2,Fixation,,,,,,,,,,,,
SV026,L,477,2,3,0,0,3,Fixation,,,,,,,,,,,,
SV026,L,478,2,2,1,1,2,Fixation,,,,,,,,,,,,
SV026,L,479,3,3,0,1,3,Fixation,,,,,,,,,,,,
SV026,L,480,3,0,1,1,0,Fixation,,,,,,,,,,,,
SV026,R,1,2,3,1,1,3,Fixation,,,,,,,,,,,,
SV026,R,2,2,0,1,1,3,Fixation,,,,,,,,,,,,
SV026,R,3,2,0,1,0,2,Fixation,,,,,,,,,,,,
SV026,R,4,2,3,1,0,3,Fixation,,,,,,,,,,,,
SV026,R,5,2,2,0,1,2,Fixation,,,,,,,,,,,,
SV026,R,6,3,3,1,0,3,Fixation,,,,,,,,,,,,
SV026,R,7,2,0,1,1,2,Fixation,,,,,,,,,,,,
SV026,R,8,3,2,1,1,2,Fixation,,,,,,,,,,,,
SV026,R,9,2,2,0,0,2,Fixation,,,,,,,,,,,,
SV026,R,10,3,3,0,1,3,Fixation,,,,,,,,,,,,
SV026,R,11,2,0,0,0,2,Fixation,,,,,,,,,,,,
SV026,R,12,3,0,1,1,2,Fixation,,,,,,,,,,,,
SV026,R,13,2,0,1,0,2,Fixation,,,,,,,,,,,,
SV026,R,14,2,3,0,0,3,Fixation,,,,,,,,,,,,
SV026,R,15,2,0,0,0,3,Fixation,,,,,,,,,,,,
SV026,R,16,3,0,0,0,3,Fixation,,,,,,,,,,,,
SV026,R,17,3,2,0,1,2,Fixation,,,,,,,,,,,,
SV026,R,18,3,0,1,0,2,Fixation,,,,,,,,,,,,
SV026,R,19,2,0,0,1,2,Fixation,,,,,,,,,,,,
SV026,R,20,3,3,0,0,3,Fixation,,,,,,,,,,,,
SV026,R,21,3,0,0,0,3,Fixation,,,,,,,,,,,,
SV026,R,22,2,0,0,1,3,Fixation,,,,,,,,,,,,
SV026,R,23,2,2,0,0,2,Fixation,,,,,,,,,,,,
SV026,R,24,2,3,0,1,3,Fixation,,,,,,,,,,,,
SV026,R,25,2,2,1,1,2,Fixation,,,,,,,,,,,,
SV026,R,26,3,0,1,1,2,Fixation,,,,,,,,,,,,
SV026,R,27,2,2,1,0,2,Fixation,,,,,,,,,,,,
SV026,R,28,2,3,1,0,3,Fixation,,,,,,,,,,,,
SV026,R,29,2,3,0,0,3,Fixation,,,,,,,,,,,,
SV026,R,30,3,0,1,0,3,Fixation,,,,,,,,,,,,
SV026,R,31,3,3,1,1,3,Fixation,,,,,,,,,,,,
SV026,R,32,3,3,0,0,3,Fixation,,,,,,,,,,,,
SV026,R,33,3,0,0,0,3,Fixation,,,,,,,,,,,,
SV026,R,34,3,2,0,0,2,Fixation,,,,,,,,,,,,
SV026,R,35,3,0,1,0,2,Fixation,,,,,,,,,,,,
SV026,R,36,2,0,1,1,2,Fixation,,,,,,,,,,,,
SV026,R,37,2,2,0,1,2,Fixation,,,,,,,,,,,,
SV026,R,38,2,3,1,0,2,Fixation,,,,,,,,,,,,
SV026,R,39,2,3,1,0,3,Fixation,,,,,,,,,,,,
SV026,R,40,3,0,1,0,3,Fixation,,,,,,,,,,,,
SV026,R,41,3,0,1,1,2,Fixation,,,,,,,,,,,,
SV026,R,42,3,2,0,1,2,Fixation,,,,,,,,,,,,
SV026,R,43,3,0,1,1,2,Fixation,,,,,,,,,,,,
SV026,R,44,3,3,0,1,3,Fixation,,,,,,,,,,,,
SV026,R,45,3,0,1,1,2,Fixation,,,,,,,,,,,,
SV026,R,46,3,3,0,0,3,Fixation,,,,,,,,,,,,
SV026,R,47,3,0,0,1,2,Fixation,,,,,,,,,,,,
SV026,R,48,3,0,1,1,2,Fixation,,,,,,,,,,,,
SV026,R,49,3,3,0,0,3,Fixation,,,,,,,,,,,,
SV026,R,50,2,2,0,1,2,Fixation,,,,,,,,,,,,
SV026,R,51,2,0,1,0,2,Fixation,,,,,,,,,,,,
SV026,R,52,2,3,0,1,3,Fixation,,,,,,,,,,,,
SV026,R,53,2,2,1,0,2,Fixation,,,,,,,,,,,,
SV026,R,54,2,0,1,0,2,Fixation,,,,,,,,,,,,
SV026,R,55,2,3,1,0,3,Fixation,,,,,,,,,,,,
SV026,R,56,3,3,1,0,3,Fixation,,,,,,,,,,,,
SV026,R,57,2,2,0,0,2,Fixation,,,,,,,,,,,,
SV026,R,58,2,3,1,1,3,Fixation,,,,,,,,,,,,
SV026,R,59,3,2,0,0,2,Fixation,,,,,,,,,,,,
SV026,R,60,3,3,0,1,3,Fixation,,,,,,,,,,,,
SV026,R,61,3,2,0,1,2,Fixation,,,,,,,,,,,,
SV026,R,62,3,0,1,1,2,Fixation,,,,,,,,,,,,
SV026,R,63,3,0,1,1,2,Fixation,,,,,,,,,,,,
SV026,R,64,2,2,0,1,2,Fixation,,,,,,,,,,,,
SV026,R,65,3,3,1,0,3,Fixation,,,,,,,,,,,,
SV026,R,66,2,0,0,0,3,Fixation,,,,,,,,,,,,
SV026,R,67,3,3,1,1,2,Fixation,,,,,,,,,,,,
SV026,R,68,2,3,1,1,3,Fixation,,,,,,,,,,,,
SV026,R,69,2,0,0,0,2,Fixation,,,,,,,,,,,,
SV026,R,70,2,0,0,0,2,Fixation,,,,,,,,,,,,
SV026,R,71,3,2,0,1,2,Fixation,,,,,,,,,,,,
SV026,R,72,2,0,1,1,2,Fixation,,,,,,,,,,,,
SV026,R,73,3,0,0,0,3,Fixation,,,,,,,,,,,,
SV026,R,74,3,2,1,1,2,Fixation,,,,,,,,,,,,
SV026,R,75,2,3,1,1,3,Fixation,,,,,,,,,,,,
SV026,R,76,2,3,1,1,3,Fixation,,,,,,,,,,,,
SV026,R,77,3,0,1,1,3,Fixation,,,,,,,,,,,,
SV026,R,78,3,3,1,1,3,Fixation,,,,,,,,,,,,
SV026,R,79,2,3,1,0,3,Fixation,,,,,,,,,,,,
SV026,R,80,3,3,1,0,3,Fixation,,,,,,,,,,,,
SV026,R,81,3,3,0,1,3,Fixation,,,,,,,,,,,,
SV026,R,82,2,2,1,1,2,Fixation,,,,,,,,,,,,
SV026,R,83,3,2,0,1,2,Fixation,,,,,,,,,,,,
SV026,R,84,2,0,1,1,2,Fixation,,,,,,,,,,,,
SV026,R,85,2,3,0,1,3,Fixation,,,,,,,,,,,,
SV026,R,86,3,2,1,1,2,Fixation,,,,,,,,,,,,
SV026,R,87,3,2,0,0,2,Fixation,,,,,,,,,,,,
SV026,R,88,3,3,0,1,2,Fixation,,,,,,,,,,,,
SV026,R,89,3,2,0,0,2,Fixation,,,,,,,,,,,,
SV026,R,90,3,2,0,1,2,Fixation,,,,,,,,,,,,
SV026,R,91,3,3,1,1,3,Fixation,,,,,,,,,,,,
SV026,R,92,2,2,1,1,2,Fixation,,,,,,,,,,,,
SV026,R,93,2,2,1,0,2,Fixation,,,,,,,,,,,,
SV026,R,94,3,0,0,1,2,Fixation,,,,,,,,,,,,
SV026,R,95,2,2,1,0,2,Fixation,,,,,,,,,,,,
SV026,R,96,2,3,1,0,3,Fixation,,,,,,,,,,,,
SV026,R,97,2,0,0,1,3,Fixation,,,,,,,,,,,,
SV026,R,98,3,2,1,0,2,Fixation,,,,,,,,,,,,
SV026,R,99,3,3,1,1,3,Fixation,,,,,,,,,,,,
SV026,R,100,2,0,0,0,3,Fixation,,,,,,,,,,,,
SV026,R,101,2,3,0,1,3,Fixation,,,,,,,,,,,,
SV026,R,102,2,0,1,1,2,Fixation,,,,,,,,,,,,
SV026,R,103,3,2,0,0,2,Fixation,,,,,,,,,,,,
SV026,R,104,3,0,1,0,3,Fixation,,,,,,,,,,,,
SV026,R,105,2,2,0,1,2,Fixation,,,,,,,,,,,,
SV026,R,106,2,3,0,1,3,Fixation,,,,,,,,,,,,
SV026,R,107,2,3,0,1,3,Fixation,,,,,,,,,,,,
SV026,R,108,3,0,0,0,3,Fixation,,,,,,,,,,,,
SV026,R,109,3,2,1,0,2,Fixation,,,,,,,,,,,,
SV026,R,110,3,0,0,1,2,Fixation,,,,,,,,,,,,
SV026,R,111,2,2,1,1,2,Fixation,,,,,,,,,,,,
SV026,R,112,3,2,0,0,2,Fixation,,,,,,,,,,,,
SV026,R,113,3,3,0,1,3,Fixation,,,,,,,,,,,,
SV026,R,114,3,0,1,0,3,Fixation,,,,,,,,,,,,
SV026,R,115,2,0,0,1,3,Fixation,,,,,,,,,,,,
SV026,R,116,2,0,0,1,3,Fixation,,,,,,,,,,,,
SV026,R,117,2,3,0,0,3,Fixation,,,,,,,,,,,,
SV026,R,118,3,3,1,1,2,Fixation,,,,,,,,,,,,
SV026,R,119,2,3,0,1,2,Fixation,,,,,,,,,,,,
SV026,R,120,3,3,0,0,3,Fixation,,,,,,,,,,,,
SV026,R,121,2,2,1,1,2,Fixation,,,,,,,,,,,,
SV026,R,122,3,0,1,0,2,Fixation,,,,,,,,,,,,
SV026,R,123,3,2,1,1,2,Fixation,,,,,,,,,,,,
SV026,R,124,3,3,0,0,3,Fixation,,,,,,,,,,,,
SV026,R,125,2,2,1,0,2,Fixation,,,,,,,,,,,,
SV026,R,126,2,0,1,1,2,Fixation,,,,,,,,,,,,
SV026,R,127,3,3,1,0,3,Fixation,,,,,,,,,,,,
SV026,R,128,3,0,0,0,3,Fixation,,,,,,,,,,,,
SV026,R,129,3,2,1,0,2,Fixation,,,,,,,,,,,,
SV026,R,130,2,2,0,0,2,Fixation,,,,,,,,,,,,
SV026,R,131,3,0,0,1,2,Fixation,,,,,,,,,,,,
SV026,R,132,3,3,0,1,3,Fixation,,,,,,,,,,,,
SV026,R,133,3,0,1,0,3,Fixation,,,,,,,,,,,,
SV026,R,134,2,3,1,1,3,Fixation,,,,,,,,,,,,
SV026,R,135,2,3,0,0,3,Fixation,,,,,,,,,,,,
SV026,R,136,3,2,1,1,2,Fixation,,,,,,,,,,,,
SV026,R,137,2,2,1,0,2,Fixation,,,,,,,,,,,,
SV026,R,138,2,0,0,1,2,Fixation,,,,,,,,,,,,
SV026,R,139,2,2,1,0,2,Fixation,,,,,,,,,,,,
SV026,R,140,2,0,1,0,2,Fixation,,,,,,,,,,,,
SV026,R,141,2,3,0,0,3,Fixation,,,,,,,,,,,,
SV026,R,142,3,0,0,0,3,Fixation,,,,,,,,,,,,
SV026,R,143,2,0,1,0,2,Fixation,,,,,,,,,,,,
SV026,R,144,3,3,0,1,3,Fixation,,,,,,,,,,,,
SV026,R,145,3,2,1,0,2,Fixation,,,,,,,,,,,,
SV026,R,146,2,0,1,0,2,Fixation,,,,,,,,,,,,
SV026,R,147,3,0,0,1,3,Fixation,,,,,,,,,,,,
SV026,R,148,2,3,0,1,3,Fixation,,,,,,,,,,,,
SV026,R,149,2,3,1,1,2,Fixation,,,,,,,,,,,,
SV026,R,150,3,2,1,1,2,Fixation,,,,,,,,,,,,
SV026,R,151,2,2,0,1,2,Fixation,,,,,,,,,,,,
SV026,R,152,3,2,1,0,2,Fixation,,,,,,,,,,,,
SV026,R,153,2,0,1,0,2,Fixation,,,,,,,,,,,,
SV026,R,154,2,3,1,0,3,Fixation,,,,,,,,,,,,
SV026,R,155,2,2,0,0,2,Fixation,,,,,,,,,,,,
SV026,R,156,3,2,1,0,2,Fixation,,,,,,,,,,,,
SV026,R,157,3,2,1,1,2,Fixation,,,,,,,,,,,,
SV026,R,158,2,3,1,0,2,Fixation,,,,,,,,,,,,
SV026,R,159,3,3,0,1,3,Fixation,,,,,,,,,,,,
SV026,R,160,3,0,0,1,2,Fixation,,,,,,,,,,,,
SV026,R,161,2,2,1,1,2,Fixation,,,,,,,,,,,,
SV026,R,162,3,3,1,1,3,Fixation,,,,,,,,,,,,
SV026,R,163,2,0,1,1,2,Fixation,,,,,,,,,,,,
SV026,R,164,3,2,1,1,2,Fixation,,,,,,,,,,,,
SV026,R,165,2,2,0,1,2,Fixation,,,,,,,,,,,,
SV026,R,166,3,2,0,1,2,Fixation,,,,,,,,,,,,
SV026,R,167,3,3,0,0,3,Fixation,,,,,,,,,,,,
SV026,R,168,3,3,1,1,3,Fixation,,,,,,,,,,,,
SV026,R,169,2,3,1,0,3,Fixation,,,,,,,,,,,,
SV026,R,170,3,3,1,0,3,Fixation,,,,,,,,,,,,
SV026,R,171,2,2,0,1,2,Fixation,,,,,,,,,,,,
SV026,R,172,2,2,0,0,2,Fixation,,,,,,,,,,,,
SV026,R,173,2,0,1,0,2,Fixation,,,,,,,,,,,,
SV026,R,174,3,2,1,1,2,Fixation,,,,,,,,,,,,
SV026,R,175,3,2,0,1,2,Fixation,,,,,,,,,,,,
SV026,R,176,3,2,0,1,2,Fixation,,,,,,,,,,,,
SV026,R,177,3,2,0,0,2,Fixation,,,,,,,,,,,,
SV026,R,178,3,2,1,1,2,Fixation,,,,,,,,,,,,
SV026,R,179,2,0,0,0,2,Fixation,,,,,,,,,,,,
SV026,R,180,2,2,0,0,2,Fixation,,,,,,,,,,,,
SV026,R,181,2,2,0,0,2,Fixation,,,,,,,,,,,,
SV026,R,182,2,2,1,0,2,Fixation,,,,,,,,,,,,
SV026,R,183,2,2,1,1,2,Fixation,,,,,,,,,,,,
SV026,R,184,2,2,0,0,2,Fixation,,,,,,,,,,,,
SV026,R,185,3,3,1,0,3,Fixation,,,,,,,,,,,,
SV026,R,186,3,2,1,0,2,Fixation,,,,,,,,,,,,
SV026,R,187,3,3,1,0,3,Fixation,,,,,,,,,,,,
SV026,R,188,3,3,1,1,3,Fixation,,,,,,,,,,,,
SV026,R,189,3,2,0,0,2,Fixation,,,,,,,,,,,,
SV026,R,190,3,3,0,0,3,Fixation,,,,,,,,,,,,
SV026,R,191,2,2,0,0,2,Fixation,,,,,,,,,,,,
SV026,R,192,2,3,0,0,3,Fixation,,,,,,,,,,,,
SV026,R,193,3,0,0,0,3,Fixation,,,,,,,,,,,,
SV026,R,194,2,2,1,1,2,Fixation,,,,,,,,,,,,
SV026,R,195,3,2,0,1,2,Fixation,,,,,,,,,,,,
SV026,R,196,3,0,0,0,3,Fixation,,,,,,,,,,,,
SV026,R,197,2,3,1,1,3,Fixation,,,,,,,,,,,,
SV026,R,198,2,0,0,0,2,Fixation,,,,,,,,,,,,
SV026,R,199,2,2,1,1,2,Fixation,,,,,,,,,,,,
SV026,R,200,2,0,0,0,2,Fixation,,,,,,,,,,,,
SV026,R,201,2,0,0,1,2,Fixation,,,,,,,,,,,,
SV026,R,202,2,0,0,1,2,Fixation,,,,,,,,,,,,
SV026,R,203,3,3,0,0,3,Fixation,,,,,,,,,,,,
SV026,R,204,3,3,0,0,3,Fixation,,,,,,,,,,,,
SV026,R,205,2,3,0,1,3,Fixation,,,,,,,,,,,,
SV026,R,206,3,2,0,0,2,Fixation,,,,,,,,,,,,
SV026,R,207,2,2,0,1,2,Fixation,,,,,,,,,,,,
SV026,R,208,2,0,1,0,2,Fixation,,,,,,,,,,,,
SV026,R,209,2,2,1,0,2,Fixation,,,,,,,,,,,,
SV026,R,210,2,3,0,0,3,Fixation,,,,,,,,,,,,
SV026,R,211,2,0,1,1,3,Fixation,,,,,,,,,,,,
SV026,R,212,2,2,0,1,2,Fixation,,,,,,,,,,,,
SV026,R,213,3,3,1,0,3,Fixation,,,,,,,,,,,,
SV026,R,214,3,0,0,0,3,Fixation,,,,,,,,,,,,
SV026,R,215,2,3,0,1,3,Fixation,,,,,,,,,,,,
SV026,R,216,2,3,1,1,2,Fixation,,,,,,,,,,,,
SV026,R,217,2,3,0,0,2,Fixation,,,,,,,,,,,,
SV026,R,218,3,2,0,0,2,Fixation,,,,,,,,,,,,
SV026,R,219,3,0,1,1,2,Fixation,,,,,,,,,,,,
SV026,R,220,3,2,1,0,2,Fixation,,,,,,,,,,,,
SV026,R,221,3,2,1,0,2,Fixation,,,,,,,,,,,,
SV026,R,222,2,2,1,1,2,Fixation,,,,,,,,,,,,
SV026,R,223,2,0,0,1,2,Fixation,,,,,,,,,,,,
SV026,R,224,2,0,1,1,2,Fixation,,,,,,,,,,,,
SV026,R,225,2,3,0,0,3,Fixation,,,,,,,,,,,,
SV026,R,226,3,0,0,1,2,Fixation,,,,,,,,,,,,
SV026,R,227,3,0,0,1,2,Fixation,,,,,,,,,,,,
SV026,R,228,2,3,1,1,2,Fixation,,,,,,,,,,,,
SV026,R,229,3,3,1,1,3,Fixation,,,,,,,,,,,,
SV026,R,230,2,2,1,0,2,Fixation,,,,,,,,,,,,
SV026,R,231,3,0,0,1,2,Fixation,,,,,,,,,,,,
SV026,R,232,3,0,1,0,3,Fixation,,,,,,,,,,,,
SV026,R,233,3,2,1,0,2,Fixation,,,,,,,,,,,,
SV026,R,234,2,3,0,0,2,Fixation,,,,,,,,,,,,
SV026,R,235,2,0,0,0,2,Fixation,,,,,,,,,,,,
SV026,R,236,3,3,0,1,2,Fixation,,,,,,,,,,,,
SV026,R,237,2,0,0,1,3,Fixation,,,,,,,,,,,,
SV026,R,238,3,0,1,0,3,Fixation,,,,,,,,,,,,
SV026,R,239,3,0,0,1,2,Fixation,,,,,,,,,,,,
SV026,R,240,3,3,1,0,3,Fixation,,,,,,,,,,,,
SV026,R,241,3,0,1,1,0,Fixation,,,,,,,,,,,,
SV026,R,242,3,2,1,1,2,Fixation,,,,,,,,,,,,
SV026,R,243,2,0,1,1,0,Fixation,,,,,,,,,,,,
SV026,R,244,2,0,0,0,0,Fixation,,,,,,,,,,,,
SV026,R,245,3,3,1,1,3,Fixation,,,,,,,,,,,,
SV026,R,246,3,0,1,1,0,Fixation,,,,,,,,,,,,
SV026,R,247,2,0,1,0,0,Fixation,,,,,,,,,,,,
SV026,R,248,2,2,0,1,2,Fixation,,,,,,,,,,,,
SV026,R,249,3,2,0,0,2,Fixation,,,,,,,,,,,,
SV026,R,250,3,0,1,1,0,Fixation,,,,,,,,,,,,
SV026,R,251,3,2,0,0,2,Fixation,,,,,,,,,,,,
SV026,R,252,3,2,1,0,2,Fixation,,,,,,,,,,,,
SV026,R,253,2,2,1,1,2,Fixation,,,,,,,,,,,,
SV026,R,254,2,0,0,1,0,Fixation,,,,,,,,,,,,
SV026,R,255,2,0,1,1,2,Fixation,,,,,,,,,,,,
SV026,R,256,2,2,1,1,2,Fixation,,,,,,,,,,,,
SV026,R,257,2,3,1,0,3,Fixation,,,,,,,,,,,,
SV026,R,258,2,0,0,1,0,Fixation,,,,,,,,,,,,
SV026,R,259,3,0,0,1,0,Fixation,,,,,,,,,,,,
SV026,R,260,3,0,0,1,0,Fixation,,,,,,,,,,,,
SV026,R,261,2,3,1,1,3,Fixation,,,,,,,,,,,,
SV026,R,262,3,3,1,0,3,Fixation,,,,,,,,,,,,
SV026,R,263,2,3,1,0,3,Fixation,,,,,,,,,,,,
SV026,R,264,3,3,0,0,3,Fixation,,,,,,,,,,,,
SV026,R,265,3,3,0,0,3,Fixation,,,,,,,,,,,,
SV026,R,266,2,2,1,0,2,Fixation,,,,,,,,,,,,
SV026,R,267,2,0,1,0,0,Fixation,,,,,,,,,,,,
SV026,R,268,3,0,1,0,0,Fixation,,,,,,,,,,,,
SV026,R,269,3,0,1,1,0,Fixation,,,,,,,,,,,,
SV026,R,270,2,0,0,1,0,Fixation,,,,,,,,,,,,
SV026,R,271,2,3,1,1,3,Fixation,,,,,,,,,,,,
SV026,R,272,3,2,1,1,2,Fixation,,,,,,,,,,,,
SV026,R,273,2,3,0,1,3,Fixation,,,,,,,,,,,,
SV026,R,274,3,2,0,1,2,Fixation,,,,,,,,,,,,
SV026,R,275,2,3,0,1,3,Fixation,,,,,,,,,,,,
SV026,R,276,2,3,0,0,3,Fixation,,,,,,,,,,,,
SV026,R,277,3,0,0,1,0,Fixation,,,,,,,,,,,,
SV026,R,278,3,0,1,1,0,Fixation,,,,,,,,,,,,
SV026,R,279,3,0,0,1,0,Fixation,,,,,,,,,,,,
SV026,R,280,3,3,1,1,3,Fixation,,,,,,,,,,,,
SV026,R,281,3,3,1,0,3,Fixation,,,,,,,,,,,,
SV026,R,282,2,0,1,0,2,Fixation,,,,,,,,,,,,
SV026,R,283,3,2,0,0,2,Fixation,,,,,,,,,,,,
SV026,R,284,2,3,0,0,3,Fixation,,,,,,,,,,,,
SV026,R,285,3,3,0,0,3,Fixation,,,,,,,,,,,,
SV026,R,286,2,2,0,0,2,Fixation,,,,,,,,,,,,
SV026,R,287,2,0,0,0,0,Fixation,,,,,,,,,,,,
SV026,R,288,2,3,1,0,3,Fixation,,,,,,,,,,,,
SV026,R,289,3,0,1,1,0,Fixation,,,,,,,,,,,,
SV026,R,290,2,2,1,1,2,Fixation,,,,,,,,,,,,
SV026,R,291,2,2,1,1,2,Fixation,,,,,,,,,,,,
SV026,R,292,2,2,1,0,2,Fixation,,,,,,,,,,,,
SV026,R,293,3,0,1,1,0,Fixation,,,,,,,,,,,,
SV026,R,294,3,2,0,1,2,Fixation,,,,,,,,,,,,
SV026,R,295,3,0,1,0,0,Fixation,,,,,,,,,,,,
SV026,R,296,3,3,1,0,3,Fixation,,,,,,,,,,,,
SV026,R,297,3,2,1,0,2,Fixation,,,,,,,,,,,,
SV026,R,298,3,2,0,1,2,Fixation,,,,,,,,,,,,
SV026,R,299,3,3,1,0,3,Fixation,,,,,,,,,,,,
SV026,R,300,3,2,0,0,2,Fixation,,,,,,,,,,,,
SV026,R,301,3,0,1,0,0,Fixation,,,,,,,,,,,,
SV026,R,302,2,0,1,1,0,Fixation,,,,,,,,,,,,
SV026,R,303,3,3,0,1,3,Fixation,,,,,,,,,,,,
SV026,R,304,2,0,1,1,2,Fixation,,,,,,,,,,,,
SV026,R,305,2,2,1,0,2,Fixation,,,,,,,,,,,,
SV026,R,306,2,3,0,1,3,Fixation,,,,,,,,,,,,
SV026,R,307,2,0,0,0,0,Fixation,,,,,,,,,,,,
SV026,R,308,3,2,0,0,2,Fixation,,,,,,,,,,,,
SV026,R,309,3,0,1,0,0,Fixation,,,,,,,,,,,,
SV026,R,310,2,3,1,1,3,Fixation,,,,,,,,,,,,
SV026,R,311,2,2,0,0,2,Fixation,,,,,,,,,,,,
SV026,R,312,2,0,0,1,0,Fixation,,,,,,,,,,,,
SV026,R,313,3,0,0,1,0,Fixation,,,,,,,,,,,,
SV026,R,314,2,3,1,1,3,Fixation,,,,,,,,,,,,
SV026,R,315,3,0,0,0,0,Fixation,,,,,,,,,,,,
SV026,R,316,3,2,0,1,2,Fixation,,,,,,,,,,,,
SV026,R,317,2,0,1,1,0,Fixation,,,,,,,,,,,,
SV026,R,318,2,2,0,0,2,Fixation,,,,,,,,,,,,
SV026,R,319,3,0,1,0,0,Fixation,,,,,,,,,,,,
SV026,R,320,3,3,1,1,3,Fixation,,,,,,,,,,,,
SV026,R,321,2,2,1,1,2,Fixation,,,,,,,,,,,,
SV026,R,322,3,3,1,1,3,Fixation,,,,,,,,,,,,
SV026,R,323,3,2,1,0,2,Fixation,,,,,,,,,,,,
SV026,R,324,3,0,0,0,0,Fixation,,,,,,,,,,,,
SV026,R,325,3,2,1,0,2,Fixation,,,,,,,,,,,,
SV026,R,326,2,3,0,1,3,Fixation,,,,,,,,,,,,
SV026,R,327,2,2,1,0,2,Fixation,,,,,,,,,,,,
SV026,R,328,2,3,1,0,3,Fixation,,,,,,,,,,,,
SV026,R,329,3,2,1,1,2,Fixation,,,,,,,,,,,,
SV026,R,330,2,2,1,1,2,Fixation,,,,,,,,,,,,
SV026,R,331,3,2,1,1,2,Fixation,,,,,,,,,,,,
SV026,R,332,2,0,1,1,0,Fixation,,,,,,,,,,,,
SV026,R,333,2,0,0,0,0,Fixation,,,,,,,,,,,,
SV026,R,334,2,0,0,0,0,Fixation,,,,,,,,,,,,
SV026,R,335,3,3,0,1,3,Fixation,,,,,,,,,,,,
SV026,R,336,2,0,1,1,0,Fixation,,,,,,,,,,,,
SV026,R,337,2,3,0,0,3,Fixation,,,,,,,,,,,,
SV026,R,338,2,3,0,1,3,Fixation,,,,,,,,,,,,
SV026,R,339,3,2,0,0,2,Fixation,,,,,,,,,,,,
SV026,R,340,3,3,0,1,3,Fixation,,,,,,,,,,,,
SV026,R,341,2,2,0,1,2,Fixation,,,,,,,,,,,,
SV026,R,342,2,2,0,0,2,Fixation,,,,,,,,,,,,
SV026,R,343,3,2,0,1,2,Fixation,,,,,,,,,,,,
SV026,R,344,2,0,1,1,0,Fixation,,,,,,,,,,,,
SV026,R,345,2,3,0,1,3,Fixation,,,,,,,,,,,,
SV026,R,346,3,3,1,1,3,Fixation,,,,,,,,,,,,
SV026,R,347,3,2,1,1,3,Fixation,,,,,,,,,,,,
SV026,R,348,2,2,1,0,2,Fixation,,,,,,,,,,,,
SV026,R,349,2,3,0,0,3,Fixation,,,,,,,,,,,,
SV026,R,350,2,0,0,1,0,Fixation,,,,,,,,,,,,
SV026,R,351,2,2,0,1,2,Fixation,,,,,,,,,,,,
SV026,R,352,2,3,1,1,3,Fixation,,,,,,,,,,,,
SV026,R,353,3,2,0,0,2,Fixation,,,,,,,,,,,,
SV026,R,354,2,0,1,0,0,Fixation,,,,,,,,,,,,
SV026,R,355,2,0,1,0,0,Fixation,,,,,,,,,,,,
SV026,R,356,2,2,0,0,2,Fixation,,,,,,,,,,,,
SV026,R,357,2,0,0,0,0,Fixation,,,,,,,,,,,,
SV026,R,358,3,0,0,0,0,Fixation,,,,,,,,,,,,
SV026,R,359,3,0,1,0,0,Fixation,,,,,,,,,,,,
SV026,R,360,3,3,1,0,3,Fixation,,,,,,,,,,,,
SV026,R,361,2,3,0,0,3,Fixation,,,,,,,,,,,,
SV026,R,362,2,3,0,1,3,Fixation,,,,,,,,,,,,
SV026,R,363,3,2,0,1,2,Fixation,,,,,,,,,,,,
SV026,R,364,3,3,0,0,3,Fixation,,,,,,,,,,,,
SV026,R,365,2,3,1,1,3,Fixation,,,,,,,,,,,,
SV026,R,366,2,2,1,0,2,Fixation,,,,,,,,,,,,
SV026,R,367,2,0,0,0,0,Fixation,,,,,,,,,,,,
SV026,R,368,2,3,0,0,3,Fixation,,,,,,,,,,,,
SV026,R,369,3,0,1,1,0,Fixation,,,,,,,,,,,,
SV026,R,370,2,3,0,0,3,Fixation,,,,,,,,,,,,
SV026,R,371,3,0,0,0,0,Fixation,,,,,,,,,,,,
SV026,R,372,3,2,0,1,2,Fixation,,,,,,,,,,,,
SV026,R,373,2,2,0,1,2,Fixation,,,,,,,,,,,,
SV026,R,374,3,2,1,0,2,Fixation,,,,,,,,,,,,
SV026,R,375,2,3,0,1,3,Fixation,,,,,,,,,,,,
SV026,R,376,3,3,0,1,3,Fixation,,,,,,,,,,,,
SV026,R,377,2,2,1,0,2,Fixation,,,,,,,,,,,,
SV026,R,378,3,3,0,1,3,Fixation,,,,,,,,,,,,
SV026,R,379,2,2,0,0,2,Fixation,,,,,,,,,,,,
SV026,R,380,2,3,1,1,3,Fixation,,,,,,,,,,,,
SV026,R,381,3,2,1,0,2,Fixation,,,,,,,,,,,,
SV026,R,382,3,3,1,1,3,Fixation,,,,,,,,,,,,
SV026,R,383,3,3,0,0,3,Fixation,,,,,,,,,,,,
SV026,R,384,3,0,0,0,0,Fixation,,,,,,,,,,,,
SV026,R,385,3,2,1,0,2,Fixation,,,,,,,,,,,,
SV026,R,386,2,0,0,1,0,Fixation,,,,,,,,,,,,
SV026,R,387,3,0,1,1,0,Fixation,,,,,,,,,,,,
SV026,R,388,3,3,1,1,3,Fixation,,,,,,,,,,,,
SV026,R,389,3,0,0,1,0,Fixation,,,,,,,,,,,,
SV026,R,390,3,3,0,1,3,Fixation,,,,,,,,,,,,
SV026,R,391,2,3,1,0,3,Fixation,,,,,,,,,,,,
SV026,R,392,2,2,0,1,2,Fixation,,,,,,,,,,,,
SV026,R,393,2,3,0,1,3,Fixation,,,,,,,,,,,,
SV026,R,394,3,0,1,0,0,Fixation,,,,,,,,,,,,
SV026,R,395,3,2,1,1,2,Fixation,,,,,,,,,,,,
SV026,R,396,2,0,0,1,0,Fixation,,,,,,,,,,,,
SV026,R,397,2,0,0,1,0,Fixation,,,,,,,,,,,,
SV026,R,398,3,0,0,0,0,Fixation,,,,,,,,,,,,
SV026,R,399,3,0,0,0,0,Fixation,,,,,,,,,,,,
SV026,R,400,3,2,1,1,2,Fixation,,,,,,,,,,,,
SV026,R,401,3,0,0,1,0,Fixation,,,,,,,,,,,,
SV026,R,402,3,2,1,1,2,Fixation,,,,,,,,,,,,
SV026,R,403,2,3,1,0,3,Fixation,,,,,,,,,,,,
SV026,R,404,3,3,0,0,3,Fixation,,,,,,,,,,,,
SV026,R,405,3,2,0,1,2,Fixation,,,,,,,,,,,,
SV026,R,406,2,2,0,1,2,Fixation,,,,,,,,,,,,
SV026,R,407,2,2,1,1,2,Fixation,,,,,,,,,,,,
SV026,R,408,3,3,1,0,3,Fixation,,,,,,,,,,,,
SV026,R,409,2,2,0,1,2,Fixation,,,,,,,,,,,,
SV026,R,410,2,0,0,1,0,Fixation,,,,,,,,,,,,
SV026,R,411,2,3,0,0,3,Fixation,,,,,,,,,,,,
SV026,R,412,2,2,0,0,2,Fixation,,,,,,,,,,,,
SV026,R,413,3,3,0,0,3,Fixation,,,,,,,,,,,,
SV026,R,414,3,0,0,1,0,Fixation,,,,,,,,,,,,
SV026,R,415,3,3,1,0,3,Fixation,,,,,,,,,,,,
SV026,R,416,2,2,0,1,2,Fixation,,,,,,,,,,,,
SV026,R,417,2,3,1,1,3,Fixation,,,,,,,,,,,,
SV026,R,418,2,0,1,0,2,Fixation,,,,,,,,,,,,
SV026,R,419,3,2,0,0,2,Fixation,,,,,,,,,,,,
SV026,R,420,2,0,1,0,0,Fixation,,,,,,,,,,,,
SV026,R,421,3,0,0,0,0,Fixation,,,,,,,,,,,,
SV026,R,422,2,3,1,0,3,Fixation,,,,,,,,,,,,
SV026,R,423,3,0,0,1,2,Fixation,,,,,,,,,,,,
SV026,R,424,3,2,0,0,2,Fixation,,,,,,,,,,,,
SV026,R,425,3,0,1,0,0,Fixation,,,,,,,,,,,,
SV026,R,426,3,3,0,1,3,Fixation,,,,,,,,,,,,
SV026,R,427,3,3,0,0,3,Fixation,,,,,,,,,,,,
SV026,R,428,3,0,0,0,0,Fixation,,,,,,,,,,,,
SV026,R,429,3,3,0,1,3,Fixation,,,,,,,,,,,,
SV026,R,430,3,3,1,0,3,Fixation,,,,,,,,,,,,
SV026,R,431,3,3,1,1,3,Fixation,,,,,,,,,,,,
SV026,R,432,3,0,1,0,0,Fixation,,,,,,,,,,,,
SV026,R,433,2,0,1,1,0,Fixation,,,,,,,,,,,,
SV026,R,434,2,0,1,0,0,Fixation,,,,,,,,,,,,
SV026,R,435,2,2,1,1,2,Fixation,,,,,,,,,,,,
SV026,R,436,2,0,0,0,0,Fixation,,,,,,,,,,,,
SV026,R,437,2,0,0,0,0,Fixation,,,,,,,,,,,,
SV026,R,438,3,2,1,1,2,Fixation,,,,,,,,,,,,
SV026,R,439,2,0,1,0,0,Fixation,,,,,,,,,,,,
SV026,R,440,3,2,0,1,2,Fixation,,,,,,,,,,,,
SV026,R,441,3,3,1,1,3,Fixation,,,,,,,,,,,,
SV026,R,442,2,3,1,0,3,Fixation,,,,,,,,,,,,
SV026,R,443,2,3,1,1,3,Fixation,,,,,,,,,,,,
SV026,R,444,2,2,1,0,2,Fixation,,,,,,,,,,,,
SV026,R,445,2,3,0,1,3,Fixation,,,,,,,,,,,,
SV026,R,446,2,0,0,1,0,Fixation,,,,,,,,,,,,
SV026,R,447,2,0,1,0,0,Fixation,,,,,,,,,,,,
SV026,R,448,3,3,0,0,3,Fixation,,,,,,,,,,,,
SV026,R,449,2,2,0,1,2,Fixation,,,,,,,,,,,,
SV026,R,450,3,2,1,0,2,Fixation,,,,,,,,,,,,
SV026,R,451,3,3,1,0,3,Fixation,,,,,,,,,,,,
SV026,R,452,2,2,1,1,2,Fixation,,,,,,,,,,,,
SV026,R,453,2,2,1,1,2,Fixation,,,,,,,,,,,,
SV026,R,454,2,0,1,1,0,Fixation,,,,,,,,,,,,
SV026,R,455,3,0,1,1,0,Fixation,,,,,,,,,,,,
SV026,R,456,2,3,1,0,3,Fixation,,,,,,,,,,,,
SV026,R,457,3,2,0,1,2,Fixation,,,,,,,,,,,,
SV026,R,458,3,0,0,0,0,Fixation,,,,,,,,,,,,
SV026,R,459,3,2,1,0,2,Fixation,,,,,,,,,,,,
SV026,R,460,3,3,1,0,3,Fixation,,,,,,,,,,,,
SV026,R,461,3,0,1,0,0,Fixation,,,,,,,,,,,,
SV026,R,462,2,3,0,0,3,Fixation,,,,,,,,,,,,
SV026,R,463,2,2,0,0,2,Fixation,,,,,,,,,,,,
SV026,R,464,3,2,1,0,2,Fixation,,,,,,,,,,,,
SV026,R,465,3,3,0,1,3,Fixation,,,,,,,,,,,,
SV026,R,466,2,3,1,1,3,Fixation,,,,,,,,,,,,
SV026,R,467,2,2,0,1,2,Fixation,,,,,,,,,,,,
SV026,R,468,3,2,0,0,2,Fixation,,,,,,,,,,,,
SV026,R,469,2,2,0,0,2,Fixation,,,,,,,,,,,,
SV026,R,470,3,2,1,1,2,Fixation,,,,,,,,,,,,
SV026,R,471,2,2,1,0,2,Fixation,,,,,,,,,,,,
SV026,R,472,3,3,1,1,3,Fixation,,,,,,,,,,,,
SV026,R,473,3,3,0,0,3,Fixation,,,,,,,,,,,,
SV026,R,474,3,0,0,1,0,Fixation,,,,,,,,,,,,
SV026,R,475,2,3,0,0,3,Fixation,,,,,,,,,,,,
SV026,R,476,3,3,0,1,3,Fixation,,,,,,,,,,,,
SV026,R,477,2,0,0,0,0,Fixation,,,,,,,,,,,,
SV026,R,478,2,2,0,0,2,Fixation,,,,,,,,,,,,
SV026,R,479,2,3,1,0,3,Fixation,,,,,,,,,,,,
SV026,R,480,2,2,1,0,2,Fixation,,,,,,,,,,,,
SV026,L,1,2,0,1,1,2,Response,1341.8214285714287,2540.7,1008.0142857142857,1507.8,229.0,391.0,137.71428571428572,4.533333333333333,15.5,317.0,2242.0,345.8666666666667
SV026,L,2,3,0,1,0,3,Response,3037.7166666666667,3270.0,1283.8333333333333,1440.8,291.1666666666667,393.0,435.3333333333333,1.9833333333333334,3.5,226.16666666666666,612.0,801.3333333333334
SV026,L,3,3,2,0,1,2,Response,1111.625,1372.0,1294.5125,1523.8,305.25,430.0,406.5,2.6375,5.8,244.875,1000.0,231.0
SV026,L,4,2,2,0,0,2,Response,3046.285714285714,3221.6,958.7285714285715,1125.5,247.0,359.0,349.7142857142857,3.0,8.8,221.28571428571428,594.0,259.42857142857144
SV026,L,5,3,3,1,1,3,Response,1417.0833333333333,2260.7,1294.3333333333333,1590.7,306.3333333333333,397.0,579.6666666666666,4.046153846153846,12.7,244.15384615384616,651.0,687.6923076923077
SV026,L,6,2,0,0,0,2,Response,2757.575,3165.2,1110.025,1391.5,254.625,370.0,294.5,5.233333333333333,9.5,245.33333333333334,603.0,268.0
SV026,L,7,2,3,1,1,3,Response,1179.5,1596.1,1440.1166666666668,1541.1,299.3333333333333,396.0,322.6666666666667,3.442857142857143,6.7,227.28571428571428,630.0,401.14285714285717
SV026,L,8,3,3,1,1,3,Response,1373.7625,2512.3,860.65,1532.9,243.1875,339.0,295.25,5.605882352941176,18.9,231.58823529411765,646.0,118.3529411764706
SV026,L,9,2,0,1,1,2,Response,1371.32,2561.0,927.9533333333333,1736.6,252.26666666666668,388.0,267.2,5.46875,16.5,228.875,578.0,205.5
SV026,L,10,3,0,0,1,2,Response,1121.65,1343.1,1364.475,1431.4,283.25,361.0,640.0,4.56,8.2,245.8,442.0,306.4
SV026,L,11,3,0,1,0,3,Response,3069.34375,3250.4,1245.9625,1480.3,251.625,336.0,501.5,2.2411764705882353,11.6,200.8235294117647,611.0,139.05882352941177
SV026,L,12,3,2,1,0,2,Response,2854.2999999999997,3038.4,1259.1833333333334,1392.0,255.5,323.0,484.6666666666667,2.2285714285714286,3.9,199.42857142857142,593.0,186.85714285714286
SV026,L,13,3,2,1,1,1,Response,1096.2666666666667,1441.2,1394.7,1430.9,261.3333333333333,346.0,560.0,2.042857142857143,5.7,181.71428571428572,564.0,194.28571428571428
SV026,L,14,3,2,0,1,2,Response,1146.2857142857142,1702.5,1322.2285714285715,1582.1,284.7142857142857,331.0,777.1428571428571,2.75,7.5,230.5,516.0,158.5
SV026,L,15,3,0,1,1,2,Response,1029.975,1156.6,1381.725,1425.2,256.25,370.0,312.0,3.84,8.2,241.2,500.0,463.2
SV026,L,16,3,2,1,0,2,Response,2991.371428571428,3270.0,1258.9857142857143,1353.9,253.42857142857142,364.0,192.57142857142858,4.0125,12.0,226.125,689.0,258.0
SV026,L,17,3,0,0,0,3,Response,3035.7666666666664,3130.9,1102.6000000000001,1166.5,258.0,333.0,237.33333333333334,5.325,10.8,302.0,736.0,463.0
SV026,L,18,3,0,1,0,3,Response,2765.2333333333336,2874.1,1206.7,1219.9,310.0,350.0,425.3333333333333,3.925,7.0,308.25,627.0,364.0
SV026,L,19,2,0,1,0,2,Response,2915.7400000000002,3226.1,1237.56,1289.5,252.0,345.0,581.6,3.8000000000000003,9.8,247.83333333333334,574.0,215.33333333333334
SV026,L,20,2,0,1,0,2,Response,2241.821875,3127.5,664.38125,2094.9,567.46875,4430.0,271.25,5.765625,27.0,582.15625,3270.0,345.375
SV026,L,21,3,2,1,0,2,Response,2705.2111111111108,3270.0,1148.8000000000002,1229.2,286.1111111111111,337.0,514.2222222222222,5.73,12.3,230.7,488.0,45.2
SV026,L,22,2,0,0,1,2,Response,1374.814285714286,1924.9,881.2785714285714,1360.9,270.14285714285717,320.0,386.2857142857143,5.84,16.6,213.26666666666668,451.0,36.0
SV026,L,23,3,3,0,1,3,Response,1446.55,2247.3,951.975,1524.7,258.25,332.0,370.3333333333333,5.300000000000001,14.4,185.15384615384616,326.0,35.07692307692308
SV026,L,24,2,3,0,0,3,Response,2706.5,3169.4,1130.4916666666666,1312.0,273.0,368.0,348.0,3.5384615384615383,10.6,149.15384615384616,347.0,39.69230769230769
SV026,L,25,3,3,1,1,2,Response,1175.4857142857143,1884.7,1350.814285714286,1466.3,264.57142857142856,307.0,466.2857142857143,4.2125,8.7,176.25,301.0,29.0
SV026,L,26,3,3,1,1,3,Response,1255.7166666666667,1895.2,1334.7833333333333,1501.1,302.0,358.0,599.3333333333334,3.1153846153846154,10.4,165.15384615384616,525.0,32.92307692307692
SV026,L,27,3,3,0,0,3,Response,3104.4285714285716,3176.6,1125.7857142857142,1225.2,248.0,272.0,589.7142857142857,3.0125,9.8,175.875,495.0,39.5
SV026,L,28,2,3,1,0,3,Response,2992.866666666667,3204.2,1209.1,1250.0,272.55555555555554,327.0,488.0,2.5100000000000002,10.1,162.6,455.0,33.2
SV026,L,29,3,0,0,0,3,Response,2871.2833333333333,3270.0,1131.6333333333334,1330.9,263.9166666666667,292.0,395.6666666666667,3.853846153846154,10.0,169.84615384615384,323.0,43.07692307692308
SV026,L,30,2,2,1,0,2,Response,2787.9500000000003,3059.5,1181.9833333333333,1236.8,247.83333333333334,269.0,461.3333333333333,3.033333333333333,6.8,141.0,245.0,26.0
SV026,L,31,2,3,1,1,3,Response,1196.8777777777777,1941.2,1353.6333333333334,1479.3,272.0,325.0,784.4444444444445,3.87,9.6,232.1,665.0,57.2
SV026,L,32,2,2,1,1,2,Response,1067.98,1323.0,1423.1,1495.3,258.2,299.0,543.2,3.1166666666666667,8.4,219.83333333333334,559.0,42.0
SV026,L,33,3,0,0,1,2,Response,1141.2833333333333,1964.5,1211.175,1513.1,275.0,312.0,543.3333333333334,3.507692307692307,8.5,182.6153846153846,518.0,35.38461538461539
SV026,L,34,3,3,1,0,3,Response,2713.575,3094.3,1176.3375,1253.7,258.0,285.0,696.5,4.011111111111111,9.2,149.33333333333334,272.0,32.888888888888886
SV026,L,35,2,2,1,0,2,Response,3086.69,3270.0,1220.03,1269.3,244.6,281.0,543.2,2.5545454545454547,7.7,207.72727272727272,587.0,52.36363636363637
SV026,L,36,2,0,0,0,2,Response,3031.625,3183.8,1197.625,1436.5,265.125,331.0,644.5,3.3666666666666663,9.2,235.88888888888889,538.0,52.888888888888886
SV026,L,37,3,2,0,1,2,Response,1375.388888888889,1981.8,1206.788888888889,1476.2,260.3333333333333,284.0,422.6666666666667,3.88,7.8,231.9,455.0,64.4
SV026,L,38,2,2,0,1,2,Response,1434.8200000000002,1948.6,1165.8600000000001,1467.7,238.4,274.0,572.8,5.3,8.5,273.6666666666667,568.0,71.33333333333333
SV026,L,39,3,2,0,0,2,Response,2704.777777777778,3174.9,1091.0222222222224,1294.3,261.8888888888889,329.0,462.22222222222223,5.455555555555556,9.7,221.0,340.0,54.666666666666664
SV026,L,40,3,2,1,0,2,Response,2878.733333333333,3039.7,1168.2555555555555,1203.0,247.22222222222223,268.0,507.1111111111111,1.16,2.6,132.3,414.0,26.0
SV026,L,41,2,0,1,1,2,Response,1365.8200000000002,1963.8,1247.04,1432.2,248.0,278.0,515.2,5.966666666666666,10.6,165.16666666666666,254.0,48.0
SV026,L,42,3,2,0,1,2,Response,1228.06,1922.8,1301.6,1500.5,235.0,270.0,454.4,5.816666666666667,8.8,232.33333333333334,483.0,57.333333333333336
SV026,L,43,2,2,1,1,2,Response,1060.9125,1890.4,1345.875,1499.9,247.125,290.0,373.5,4.322222222222223,9.8,200.44444444444446,491.0,41.77777777777778
SV026,L,44,3,2,0,0,2,Response,2834.44,3163.0,1054.6,1279.8,237.2,256.0,365.2,5.26,9.3,208.3,390.0,47.2
SV026,L,45,3,2,1,1,2,Response,1195.9833333333333,1910.8,1334.425,1492.4,256.6666666666667,280.0,461.3333333333333,3.5307692307692307,8.9,165.92307692307693,386.0,44.61538461538461
SV026,L,46,2,0,1,1,2,Response,1181.8333333333333,1889.1,1330.3666666666666,1441.9,256.3333333333333,292.0,554.0,4.6000000000000005,7.7,166.71428571428572,237.0,39.42857142857143
SV026,L,47,3,2,1,1,2,Response,1108.1499999999999,1876.8,1354.8833333333334,1466.3,262.6666666666667,299.0,436.6666666666667,2.7857142857142856,8.5,106.57142857142857,218.0,25.142857142857142
SV026,L,48,3,0,1,1,2,Response,1238.0800000000002,1869.4,1281.3799999999999,1485.3,277.2,341.0,532.0,3.7000000000000006,9.3,141.66666666666666,250.0,28.666666666666668
SV026,L,49,2,0,1,1,2,Response,1046.3600000000001,1132.7,1416.72,1482.0,303.4,353.0,560.0,3.483333333333333,10.1,287.3333333333333,698.0,56.0
SV026,L,50,2,3,1,0,3,Response,2837.96,3053.0,1194.8,1254.6,252.6,311.0,489.6,2.6666666666666665,5.5,138.0,215.0,24.0
SV026,L,51,2,2,0,1,2,Response,1072.3999999999999,1142.0,1280.6571428571428,1526.5,271.85714285714283,310.0,449.14285714285717,3.0999999999999996,6.3,175.0,472.0,36.5
SV026,L,52,2,2,0,0,2,Response,3150.7714285714287,3200.4,1162.2285714285715,1318.7,246.71428571428572,266.0,489.14285714285717,4.0125,10.4,160.25,252.0,41.5
SV026,L,53,3,0,0,0,3,Response,3146.9375,3198.6,1157.425,1308.4,258.75,275.0,527.0,3.5999999999999996,10.6,222.66666666666666,511.0,41.77777777777778
SV026,L,54,2,2,1,0,2,Response,3031.311111111111,3270.0,1181.9222222222222,1239.8,235.11111111111111,261.0,335.1111111111111,2.52,7.0,183.2,506.0,42.4
SV026,L,55,3,0,0,0,3,Response,3139.8,3175.0,1041.56,1303.4,238.0,275.0,500.0,4.1499999999999995,10.2,245.0,605.0,48.666666666666664
SV026,L,56,3,2,1,1,2,Response,1014.7400000000001,1098.7,1423.8600000000001,1471.0,265.6,284.0,624.0,3.4166666666666665,8.3,209.83333333333334,586.0,55.333333333333336
SV026,L,57,2,3,0,1,3,Response,1200.7,1914.8,1252.3999999999999,1493.1,257.5,285.0,608.0,3.5285714285714285,7.7,205.42857142857142,522.0,48.0
SV026,L,58,3,2,0,0,3,Response,3020.2555555555555,3199.4,1090.0222222222224,1327.8,257.22222222222223,350.0,631.5555555555555,3.3200000000000003,9.5,216.6,524.0,60.0
SV026,L,59,3,3,1,1,3,Response,1219.73,1915.0,1311.0700000000002,1429.0,271.4,348.0,452.8,2.790909090909091,7.2,234.45454545454547,613.0,49.81818181818182
SV026,L,60,3,2,0,0,2,Response,3128.616666666667,3170.3,1067.3333333333333,1134.9,229.16666666666666,254.0,394.0,3.442857142857143,8.7,151.0,250.0,27.428571428571427
SV026,L,61,2,3,0,1,3,Response,1391.6666666666667,2034.9,1264.3333333333333,1487.9,267.6666666666667,288.0,805.3333333333334,4.375,9.8,143.5,229.0,42.0
SV026,L,62,3,2,1,0,2,Response,2969.133333333333,3258.8,1185.7,1213.6,268.6666666666667,357.0,470.0,3.2714285714285714,11.5,214.0,713.0,46.857142857142854
SV026,L,63,3,3,0,0,3,Response,3137.7599999999998,3192.9,1079.28,1142.9,242.8,284.0,488.0,3.633333333333333,10.1,192.0,392.0,44.666666666666664
SV026,L,64,2,3,1,0,3,Response,2748.35,3071.7,1172.1000000000001,1211.3,251.0,272.0,462.0,2.3857142857142857,7.6,124.85714285714286,200.0,22.857142857142858
SV026,L,65,3,0,1,1,2,Response,1383.6799999999998,2116.0,1280.3600000000001,1487.8,282.4,340.0,1276.0,3.2,7.8,128.6,195.0,27.2
SV026,L,66,2,3,1,1,3,Response,1122.1928571428573,1846.2,1401.6142857142856,1530.1,282.42857142857144,345.0,689.4285714285714,1.9333333333333333,7.0,178.0,628.0,37.86666666666667
SV026,L,67,3,3,0,0,3,Response,3139.1,3180.9,1054.1,1143.5,234.0,265.0,512.8,3.8333333333333335,10.1,220.83333333333334,535.0,46.0
SV026,L,68,3,2,1,1,2,Response,1051.8999999999999,1284.0,1398.1166666666668,1493.3,251.83333333333334,295.0,406.0,2.9285714285714284,10.0,189.28571428571428,550.0,48.0
SV026,L,69,2,0,1,1,3,Response,1002.00625,1814.8,1392.78125,1505.1,272.9375,341.0,509.0,2.0823529411764703,11.6,160.0,565.0,42.8235294117647
SV026,L,70,3,0,1,1,2,Response,1027.75,1802.2,1374.08,1474.8,272.4,307.0,333.6,2.3454545454545457,9.0,109.36363636363636,170.0,24.363636363636363
SV026,L,71,3,0,0,1,2,Response,1136.1125,1770.8,1275.0,1506.8,272.25,319.0,461.0,2.8111111111111113,7.6,138.11111111111111,232.0,24.0
SV026,L,72,2,3,1,1,3,Response,1026.242857142857,1813.3,1387.3857142857144,1480.3,273.2857142857143,307.0,720.5714285714286,2.45,7.9,167.375,590.0,36.5
SV026,L,73,2,2,1,0,2,Response,2987.425,3270.0,1173.725,1221.7,249.5,269.0,446.5,3.0,8.5,191.88888888888889,491.0,36.0
SV026,L,74,3,3,1,0,3,Response,2925.625,3270.0,1169.5666666666666,1226.2,246.25,272.0,493.6666666666667,2.353846153846154,7.1,219.84615384615384,515.0,52.30769230769231
SV026,L,75,2,0,0,1,2,Response,1246.4583333333333,1976.0,1264.3333333333333,1449.6,272.1666666666667,299.0,619.6666666666666,3.284615384615385,9.7,181.23076923076923,526.0,42.76923076923077
SV026,L,76,2,2,1,1,2,Response,929.2,1064.2,1385.52,1432.5,259.8,287.0,456.0,3.35,8.6,123.33333333333333,218.0,28.666666666666668
SV026,L,77,3,3,0,1,3,Response,1068.65,1098.6,1288.05,1449.5,258.0,299.0,635.0,4.16,7.3,270.0,626.0,56.8
SV026,L,78,2,2,1,0,2,Response,2755.5833333333335,3074.2,1147.7833333333333,1235.6,254.83333333333334,320.0,562.6666666666666,2.7714285714285714,7.6,137.0,278.0,24.571428571428573
SV026,L,79,2,0,0,1,2,Response,1147.2285714285715,1862.0,1310.5857142857144,1503.6,279.0,324.0,729.7142857142857,2.7625,8.1,198.75,694.0,41.0
SV026,L,80,2,2,0,0,2,Response,3114.2999999999997,3201.3,1095.1666666666667,1263.0,240.0,260.0,454.6666666666667,5.824999999999999,11.2,205.75,279.0,59.0
SV026,L,81,2,2,1,1,2,Response,1120.8166666666666,1354.1,1345.2666666666667,1408.6,284.8333333333333,361.0,571.3333333333334,2.1142857142857143,7.2,180.42857142857142,549.0,37.142857142857146
SV026,L,82,2,0,0,1,2,Response,1057.06,1097.1,1297.26,1487.4,268.4,318.0,548.0,3.5,7.7,138.0,210.0,32.0
SV026,L,83,2,0,0,0,2,Response,3150.6000000000004,3210.9,1101.8000000000002,1264.2,255.33333333333334,273.0,453.77777777777777,3.06,10.2,176.9,512.0,38.4
SV026,L,84,2,0,0,0,2,Response,3100.6416666666664,3196.7,1125.4666666666667,1327.4,258.6666666666667,313.0,435.0,2.5,8.8,174.15384615384616,510.0,44.61538461538461
SV026,L,85,2,0,0,1,3,Response,1063.025,1070.3,1251.25,1353.3,264.0,303.0,679.0,3.5200000000000005,7.7,131.8,226.0,28.0
SV026,L,86,3,2,0,1,2,Response,1045.5666666666666,1082.1,1272.8444444444444,1503.5,278.44444444444446,315.0,609.7777777777778,2.5300000000000002,7.5,168.2,538.0,37.2
SV026,L,87,3,3,0,1,3,Response,1069.925,1141.6,1346.05,1460.1,280.75,322.0,751.0,4.32,7.9,352.8,634.0,62.4
SV026,L,88,2,2,0,1,2,Response,1056.0142857142857,1086.5,1294.9857142857143,1450.7,274.42857142857144,305.0,537.7142857142857,2.9875,7.6,255.875,602.0,60.0
SV026,L,89,2,2,0,1,2,Response,1053.2833333333333,1090.3,1309.5833333333333,1476.2,291.0,332.0,816.0,2.814285714285714,7.2,116.57142857142857,201.0,26.285714285714285
SV026,L,90,2,2,1,1,2,Response,909.8666666666667,961.2,1419.3999999999999,1454.1,260.3333333333333,293.0,645.3333333333334,4.6,8.4,223.5,519.0,46.0
SV026,L,91,2,0,1,0,2,Response,3084.6,3266.4,1155.175,1164.8,254.25,284.0,603.0,4.2,10.6,223.8,419.0,45.6
SV026,L,92,3,2,0,0,2,Response,3010.5,3198.9,1128.45,1312.4,264.75,313.0,571.0,3.3777777777777778,9.2,182.22222222222223,462.0,33.77777777777778
SV026,L,93,3,2,1,1,2,Response,1183.725,1836.0,1307.55,1441.6,280.75,359.0,704.0,3.5,7.7,138.2,209.0,28.0
SV026,L,94,3,3,1,0,3,Response,2941.366666666667,3092.1,1166.0333333333335,1185.9,254.33333333333334,281.0,581.3333333333334,4.225,7.4,168.75,242.0,31.0
SV026,L,95,2,3,1,0,3,Response,2889.375,3143.7,1182.0,1216.6,298.0,381.0,450.0,3.84,9.5,161.8,285.0,28.8
SV026,L,96,3,3,0,0,3,Response,2945.0,3204.6,1121.46,1303.4,288.0,378.0,547.2,4.016666666666667,10.7,168.5,282.0,29.333333333333332
SV026,L,97,3,2,1,1,2,Response,1042.94,1113.9,1419.22,1472.8,273.6,297.0,624.8,2.8333333333333335,7.3,190.66666666666666,498.0,56.666666666666664
SV026,L,98,3,2,0,1,2,Response,1097.6666666666667,1312.8,1233.1833333333334,1463.4,256.8333333333333,297.0,537.3333333333334,3.5714285714285716,8.3,198.42857142857142,396.0,48.57142857142857
SV026,L,99,3,3,0,1,3,Response,1084.15,1094.1,1272.25,1343.2,297.0,325.0,1274.0,5.1000000000000005,8.3,163.0,229.0,37.333333333333336
SV026,L,100,3,3,0,1,3,Response,1337.3,1863.8,1217.3666666666668,1384.0,291.6666666666667,348.0,777.3333333333334,4.15,7.7,156.0,224.0,31.0
SV026,L,101,3,0,0,1,3,Response,1087.9333333333334,1100.4,1255.2,1333.9,271.6666666666667,322.0,1253.3333333333333,4.25,7.0,153.0,204.0,35.0
SV026,L,102,3,0,0,0,3,Response,3119.5,3189.5,1121.5,1301.1,248.66666666666666,265.0,956.0,5.325,8.8,180.25,204.0,43.0
SV026,L,103,3,0,1,1,3,Response,973.5200000000001,1208.0,1429.06,1501.4,286.0,336.0,556.8,3.25,8.1,143.83333333333334,227.0,26.666666666666668
SV026,L,104,2,3,0,1,3,Response,1275.15,1854.4,1242.175,1447.9,279.0,329.0,427.0,3.16,6.9,132.6,216.0,26.4
SV026,L,105,2,0,1,0,2,Response,2899.409090909091,3270.0,1175.1090909090908,1222.4,278.45454545454544,393.0,398.1818181818182,2.1166666666666667,7.5,158.08333333333334,472.0,32.666666666666664
SV026,L,106,2,0,0,0,2,Response,3126.4,3186.1,1039.6166666666666,1240.8,254.16666666666666,285.0,614.6666666666666,3.3999999999999995,9.6,207.28571428571428,511.0,49.714285714285715
SV026,L,107,2,2,1,0,2,Response,2977.7,3162.4,1145.56,1177.9,258.0,272.0,575.2,3.0,6.8,214.0,473.0,48.666666666666664
SV026,L,108,2,3,1,1,3,Response,1043.9499999999998,1126.1,1406.425,1419.6,284.75,300.0,1496.0,3.28,7.9,260.4,663.0,64.0
SV026,L,109,3,0,0,1,2,Response,1077.025,1129.1,1318.4250000000002,1500.9,256.5,283.0,483.0,4.6,8.0,278.0,587.0,58.4
SV026,L,110,3,0,0,1,2,Response,1064.9,1078.9,1321.8000000000002,1480.2,253.0,286.0,672.0,5.933333333333334,8.6,208.0,261.0,38.666666666666664
SV026,L,111,3,0,1,1,3,Response,891.9333333333334,961.1,1483.4166666666667,1515.3,281.3333333333333,309.0,671.3333333333334,3.0,8.5,186.57142857142858,533.0,45.714285714285715
SV026,L,112,3,2,1,0,2,Response,2831.557142857143,3085.6,1186.8999999999999,1245.5,249.57142857142858,298.0,378.2857142857143,2.6125,7.1,187.625,441.0,38.5
SV026,L,113,2,3,1,0,3,Response,3025.075,3228.4,1151.9,1175.9,249.5,270.0,466.0,3.9400000000000004,10.3,135.6,240.0,44.8
SV026,L,114,2,0,0,0,2,Response,2914.288888888889,3191.7,1170.8777777777777,1361.9,275.1111111111111,367.0,459.1111111111111,3.3600000000000003,10.3,182.3,449.0,41.6
SV026,L,115,3,3,1,0,3,Response,2993.3,3207.5,1154.425,1171.8,255.75,281.0,406.0,3.8,10.4,144.4,300.0,28.8
SV026,L,116,3,2,0,1,2,Response,1068.1285714285714,1156.4,1371.6571428571428,1559.2,269.42857142857144,301.0,560.5714285714286,3.7,8.2,204.375,469.0,37.5
SV026,L,117,2,0,0,0,2,Response,3163.8,3227.5,1135.34,1293.8,245.0,264.0,413.6,4.616666666666667,11.1,228.33333333333334,452.0,56.666666666666664
SV026,L,118,3,3,1,0,3,Response,2847.025,3060.9,1150.375,1198.7,291.0,345.0,408.0,3.1,7.5,117.0,195.0,31.2
SV026,L,119,3,3,0,1,3,Response,1309.825,1944.2,1230.55,1439.7,265.5,289.0,526.0,5.35,7.6,286.0,457.0,59.0
SV026,L,120,2,0,0,0,2,Response,2974.9666666666667,3195.6,1093.7333333333333,1300.6,281.8333333333333,375.0,360.6666666666667,4.014285714285714,9.9,227.57142857142858,491.0,40.0
SV026,L,121,2,3,0,0,3,Response,3092.85,3243.5,1146.5166666666667,1262.5,272.5,345.0,617.3333333333334,3.314285714285714,10.6,211.85714285714286,524.0,46.857142857142854
SV026,L,122,3,3,0,0,3,Response,2851.6,3175.4,977.225,1029.2,223.75,265.0,368.0,3.5799999999999996,7.3,202.6,376.0,50.4
SV026,L,123,3,0,0,0,3,Response,2883.2333333333336,3208.0,1094.5833333333333,1308.2,251.0,329.0,601.0,3.130769230769231,9.9,170.46153846153845,472.0,34.76923076923077
SV026,L,124,2,3,0,1,3,Response,1203.44,1743.3,1302.08,1479.8,251.0,270.0,384.0,4.033333333333333,8.4,215.0,484.0,51.333333333333336
SV026,L,125,2,0,0,1,3,Response,1522.5,1990.2,1165.65,1388.5,232.5,276.0,582.0,3.46,7.6,172.0,431.0,44.0
SV026,L,126,2,2,1,1,2,Response,1144.7,1961.0,1329.9833333333333,1444.8,219.33333333333334,251.0,253.33333333333334,5.357142857142857,10.5,170.57142857142858,329.0,46.285714285714285
SV026,L,127,3,2,1,1,2,Response,1138.35,2019.2,1382.1125,1467.3,267.375,291.0,392.0,2.5555555555555554,8.8,171.77777777777777,501.0,33.333333333333336
SV026,L,128,3,3,1,0,3,Response,2842.44,3145.3,1153.54,1206.2,253.6,289.0,439.2,5.433333333333334,9.8,189.0,283.0,37.333333333333336
SV026,L,129,2,0,0,1,2,Response,1296.4333333333334,1741.8,1254.0666666666666,1494.7,244.33333333333334,274.0,588.0,4.625,6.8,207.5,353.0,48.0
SV026,L,130,2,2,1,0,2,Response,2816.5,3157.6,1145.7,1212.7,263.0,285.0,444.0,3.1,9.2,182.42857142857142,380.0,41.142857142857146
SV026,L,131,2,2,1,1,2,Response,1234.7428571428572,1736.6,1332.6285714285714,1435.4,276.42857142857144,299.0,526.8571428571429,3.2125,6.9,221.5,484.0,53.0
SV026,L,132,2,2,0,1,2,Response,1065.5777777777778,1098.9,1285.0111111111112,1369.9,275.55555555555554,297.0,742.2222222222222,2.2800000000000002,7.2,202.0,573.0,55.6
SV026,L,133,3,0,1,1,2,Response,1269.6,1849.9,1299.875,1461.4,259.0,356.0,645.0,3.2600000000000002,9.0,113.2,178.0,32.0
SV026,L,134,3,3,1,1,3,Response,1177.9888888888888,1917.5,1368.4111111111113,1499.6,268.6666666666667,341.0,595.5555555555555,3.7,9.3,187.9,418.0,45.6
SV026,L,135,3,0,1,1,3,Response,1143.6333333333334,1817.5,1365.8500000000001,1496.9,270.5,347.0,930.0,2.9285714285714284,10.0,168.0,511.0,51.42857142857143
SV026,L,136,2,2,1,1,2,Response,1211.814285714286,2004.7,1333.8714285714286,1499.8,271.57142857142856,320.0,461.7142857142857,2.575,9.5,158.625,537.0,41.0
SV026,L,137,2,3,0,1,3,Response,1102.825,1237.1,1289.375,1492.6,258.25,296.0,498.0,3.1399999999999997,8.2,135.2,293.0,36.0
SV026,L,138,2,2,0,0,2,Response,3147.7250000000004,3174.3,1135.3,1262.6,256.25,263.0,1054.0,5.4399999999999995,9.8,233.6,450.0,74.4
SV026,L,139,2,0,1,0,3,Response,2822.2200000000003,3270.0,1133.2199999999998,1162.6,250.4,277.0,400.0,3.4499999999999997,10.4,142.83333333333334,307.0,40.0
SV026,L,140,2,0,1,0,2,Response,3000.3999999999996,3112.6,1173.3,1179.3,240.5,248.0,924.0,5.7,9.2,178.0,229.0,57.333333333333336
SV026,L,141,3,0,0,1,2,Response,1057.95,1095.9,1250.175,1348.5,270.25,300.0,745.0,3.5,8.0,198.0,424.0,54.4
SV026,L,142,3,3,1,0,3,Response,2665.58,3044.8,1125.3200000000002,1169.1,279.8,346.0,536.0,3.3600000000000003,6.8,149.6,226.0,28.0
SV026,L,143,3,3,1,1,3,Response,1189.55,1302.6,1312.6000000000001,1418.5,278.0,321.0,719.3333333333334,2.357142857142857,7.0,187.0,672.0,40.57142857142857
SV026,L,144,2,2,0,0,2,Response,3098.957142857143,3169.8,1059.3285714285714,1169.3,252.28571428571428,277.0,743.4285714285714,2.9625000000000004,9.4,138.5,299.0,34.5
SV026,L,145,3,0,1,0,2,Response,3103.366666666667,3264.0,1194.6000000000001,1248.6,251.33333333333334,280.0,523.3333333333334,3.3714285714285714,11.1,193.28571428571428,543.0,50.857142857142854
SV026,L,146,2,2,0,0,2,Response,2852.725,3199.3,1047.125,1245.3,269.5,355.0,497.0,4.159999999999999,8.5,157.2,256.0,30.4
SV026,L,147,2,2,1,0,2,Response,2923.65,3082.5,1204.825,1240.0,253.25,282.0,360.0,3.22,7.0,143.0,246.0,27.2
SV026,L,148,3,3,0,1,3,Response,1093.175,1107.0,1314.825,1452.8,256.75,304.0,401.0,3.72,7.2,233.0,509.0,51.2
SV026,L,149,3,2,1,0,2,Response,2922.6,3210.9,1203.2333333333333,1252.9,278.5,371.0,442.0,3.028571428571429,10.9,187.85714285714286,529.0,54.285714285714285
SV026,L,150,3,3,1,1,3,Response,1209.0363636363636,1945.9,1377.509090909091,1492.8,286.0,332.0,708.7272727272727,3.0,7.3,198.16666666666666,489.0,55.0
SV026,L,151,2,2,0,0,2,Response,3078.3333333333335,3117.4,1010.6,1142.2,237.33333333333334,255.0,820.0,5.1,8.7,261.0,435.0,68.0
SV026,L,152,2,2,0,0,2,Response,2804.933333333333,3171.8,1096.3999999999999,1269.7,278.0,368.0,597.3333333333334,5.1,10.3,190.5,288.0,34.0
SV026,L,153,2,3,0,0,3,Response,3140.5,3208.0,1194.3,1317.9,260.3333333333333,301.0,800.0,5.449999999999999,9.6,177.75,249.0,41.0
SV026,L,154,3,3,0,0,3,Response,2985.4,3204.7,1167.2142857142858,1330.0,269.14285714285717,354.0,413.14285714285717,4.012499999999999,10.2,168.5,282.0,30.5
SV026,L,155,2,0,0,1,2,Response,1073.6000000000001,1085.0,1287.8666666666666,1339.6,245.33333333333334,289.0,450.6666666666667,3.75,7.2,248.25,566.0,79.0
SV026,L,156,2,3,1,1,3,Response,996.9399999999999,1232.5,1436.48,1489.5,259.6,293.0,407.6,1.8545454545454545,7.5,149.1818181818182,629.0,31.272727272727273
SV026,L,157,3,2,0,0,2,Response,3064.7125,3217.3,1102.8875,1272.6,258.75,338.0,518.5,3.033333333333333,9.4,221.77777777777777,538.0,50.666666666666664
SV026,L,158,3,2,1,0,2,Response,2936.7125,3270.0,1176.7625,1226.3,237.5,279.0,322.0,2.8,9.9,184.88888888888889,557.0,43.55555555555556
SV026,L,159,3,0,1,0,2,Response,2724.836363636364,3109.8,1155.9545454545455,1232.3,248.72727272727272,263.0,372.3636363636364,3.6166666666666667,9.1,185.16666666666666,485.0,42.666666666666664
SV026,L,160,2,3,0,0,3,Response,2806.133333333333,3201.6,1140.7333333333333,1291.6,269.8333333333333,340.0,524.0,5.414285714285714,9.3,179.0,267.0,38.285714285714285
SV026,L,161,3,3,0,0,3,Response,2930.4166666666665,3209.9,1142.9166666666667,1278.1,266.3333333333333,343.0,416.0,3.557142857142857,10.2,163.42857142857142,286.0,37.714285714285715
SV026,L,162,2,0,0,1,2,Response,1641.1166666666668,1984.4,1078.4666666666667,1295.9,257.1666666666667,274.0,1110.6666666666667,2.5285714285714285,7.7,108.57142857142857,201.0,24.0
SV026,L,163,3,2,0,1,2,Response,1061.975,1084.1,1353.8000000000002,1403.4,249.75,301.0,599.0,3.5200000000000005,8.0,288.6,483.0,84.8
SV026,L,164,2,0,1,0,2,Response,2744.1625,3088.6,1146.9875,1199.7,255.375,295.0,557.5,2.7777777777777777,5.4,183.66666666666666,466.0,44.888888888888886
SV026,L,165,3,0,1,0,3,Response,2753.7000000000003,3270.0,1137.2833333333333,1227.0,274.1666666666667,352.0,494.6666666666667,2.914285714285714,10.2,191.28571428571428,518.0,39.42857142857143
SV026,L,166,2,3,0,0,3,Response,2700.5125,3195.6,1058.9375,1264.9,258.125,274.0,758.0,4.622222222222223,8.8,211.66666666666666,493.0,60.44444444444444
SV026,L,167,3,0,1,0,2,Response,2548.2000000000003,3213.7,1132.2166666666667,1214.3,281.8333333333333,353.0,367.3333333333333,3.3000000000000003,10.1,127.14285714285714,253.0,28.571428571428573
SV026,L,168,3,3,0,1,3,Response,1283.83,1972.8,1338.92,1562.9,281.2,347.0,371.6,2.409090909090909,8.8,179.9090909090909,416.0,64.36363636363636
SV026,L,169,2,2,0,1,2,Response,1136.1333333333334,1299.9,1316.3666666666666,1350.3,246.33333333333334,292.0,532.0,3.6500000000000004,7.9,240.75,518.0,71.0
SV026,L,170,2,2,0,0,2,Response,3046.9833333333336,3206.0,1100.4333333333334,1146.7,249.5,265.0,488.6666666666667,3.7714285714285714,10.4,185.85714285714286,427.0,50.857142857142854
SV026,L,171,3,3,0,0,3,Response,3131.4750000000004,3204.8,1063.875,1241.6,232.75,262.0,358.0,4.26,8.1,153.4,213.0,32.8
SV026,L,172,3,2,0,1,2,Response,1065.0,1139.4,1357.975,1495.0,258.0,287.0,881.0,3.5,7.2,132.8,185.0,29.6
SV026,L,173,3,3,1,1,3,Response,1319.211111111111,1935.6,1271.5888888888887,1410.3,264.6666666666667,336.0,820.0,3.2299999999999995,9.6,156.2,405.0,36.0
SV026,L,174,2,3,0,1,3,Response,1156.1399999999999,1515.1,1396.5,1511.2,264.0,322.0,470.4,2.9166666666666665,8.7,189.16666666666666,484.0,38.666666666666664
SV026,L,175,2,3,1,1,3,Response,1191.0,1821.2,1340.4125,1459.2,253.75,282.0,377.5,1.911111111111111,4.7,170.11111111111111,601.0,42.666666666666664
SV026,L,176,3,3,0,0,3,Response,2843.4,3154.1,1066.125,1224.2,259.5,280.0,856.0,5.36,8.3,253.4,461.0,57.6
SV026,L,177,2,2,1,0,2,Response,2811.02,3190.1,1131.1799999999998,1205.8,250.2,294.0,783.2,5.066666666666666,9.0,236.16666666666666,427.0,76.0
SV026,L,178,3,2,0,0,2,Response,3091.6,3142.7,974.45,1000.8,213.5,219.0,378.0,5.8999999999999995,8.6,175.66666666666666,257.0,40.0
SV026,L,179,3,2,1,1,2,Response,960.275,1077.9,1422.625,1474.3,250.75,298.0,707.0,3.6799999999999997,9.1,209.4,499.0,65.6
SV026,L,180,3,3,0,0,3,Response,2820.075,3152.0,1121.225,1242.8,255.0,270.0,706.0,7.580000000000001,9.8,213.2,312.0,61.6
SV026,L,181,3,2,0,1,2,Response,1081.4666666666667,1100.0,1350.6000000000001,1540.3,250.33333333333334,279.0,461.3333333333333,4.35,7.5,155.0,197.0,36.0
SV026,L,182,2,3,1,1,3,Response,1058.26,1143.2,1397.08,1460.1,268.0,294.0,829.6,3.0333333333333337,6.7,138.66666666666666,221.0,26.0
SV026,L,183,3,0,1,0,3,Response,2750.88,3071.6,1180.6,1219.4,261.4,354.0,362.4,2.433333333333333,6.3,123.0,217.0,23.333333333333332
SV026,L,184,3,0,0,0,3,Response,3123.725,3175.7,1116.575,1243.8,238.5,270.0,893.0,4.36,9.8,238.6,454.0,60.8
SV026,L,185,2,3,1,0,3,Response,2889.75,3070.8,1187.375,1201.3,242.75,287.0,643.0,3.08,6.4,137.6,217.0,26.4
SV026,L,186,2,3,0,1,3,Response,1064.16,1096.8,1445.44,1561.2,263.2,302.0,508.0,3.5833333333333335,9.5,136.33333333333334,242.0,28.0
SV026,L,187,2,3,1,1,2,Response,1039.35,1118.5,1380.15,1421.7,228.5,257.0,800.0,5.433333333333334,8.7,172.0,237.0,49.333333333333336
SV026,L,188,3,0,0,1,3,Response,1254.775,1853.6,1250.325,1403.3,280.375,355.0,618.5,3.566666666666667,8.0,193.11111111111111,391.0,46.666666666666664
SV026,L,189,3,2,1,0,2,Response,2971.3,3065.3,1209.9,1235.7,252.5,260.0,1100.0,5.7,9.0,181.0,264.0,41.333333333333336
SV026,L,190,2,2,0,1,2,Response,1232.7181818181818,1939.7,1285.6636363636362,1532.8,254.54545454545453,286.0,516.0,3.9166666666666665,8.3,139.0,235.0,34.0
SV026,L,191,3,2,0,0,2,Response,3036.1499999999996,3039.7,1027.2,1108.4,241.5,268.0,786.0,5.7,8.2,234.0,414.0,70.66666666666667
SV026,L,192,2,0,1,1,2,Response,1007.1,1138.7,1411.475,1468.9,271.75,339.0,512.0,3.7599999999999993,7.8,178.8,382.0,40.0
SV026,L,193,2,3,0,1,3,Response,1305.825,1928.3,1256.775,1518.9,295.5,331.0,628.0,3.72,8.3,275.4,658.0,84.8
SV026,L,194,3,3,0,1,3,Response,1066.4,1117.7,1484.8000000000002,1485.4,272.5,298.0,652.0,5.533333333333334,8.4,185.33333333333334,251.0,36.0
SV026,L,195,3,0,0,0,3,Response,3082.933333333333,3186.3,1064.8333333333333,1120.9,275.0,332.0,476.0,5.125,10.6,160.5,273.0,37.0
SV026,L,196,2,2,0,1,2,Response,1098.8,1098.8,1242.1,1242.1,240.0,240.0,1068.0,6.050000000000001,6.2,175.0,183.0,46.0
SV026,L,197,2,0,1,1,2,Response,1251.425,1821.3,1325.825,1443.7,304.5,328.0,760.0,3.02,6.6,127.0,188.0,33.6
SV026,L,198,2,3,0,1,2,Response,1077.35,1090.1,1341.65,1468.1,251.5,275.0,818.0,4.7,7.2,162.0,202.0,36.0
SV026,L,199,2,0,1,0,2,Response,2652.5222222222224,3156.8,1155.9555555555555,1229.4,276.77777777777777,370.0,490.22222222222223,3.53,7.7,163.9,412.0,56.4
SV026,L,200,3,2,0,0,2,Response,2844.025,3190.5,1083.2,1278.9,286.5,357.0,435.0,4.16,9.3,157.2,242.0,32.0
SV026,L,201,3,2,1,1,2,Response,1007.3857142857142,1117.6,1457.8857142857144,1509.8,262.42857142857144,283.0,574.2857142857143,2.9375,10.3,168.625,497.0,43.5
SV026,L,202,2,2,0,1,2,Response,1080.8,1080.8,1404.75,1478.0,261.0,286.0,610.0,5.166666666666667,7.4,177.66666666666666,229.0,37.333333333333336
SV026,L,203,2,3,1,0,3,Response,2888.6,3233.1,1205.01,1232.2,252.4,277.0,503.6,2.536363636363636,7.2,129.0909090909091,225.0,25.09090909090909
SV026,L,204,2,2,0,1,2,Response,1053.9,1072.9,1336.75,1366.5,269.5,295.0,1214.0,5.066666666666666,7.7,249.33333333333334,322.0,66.66666666666667
SV026,L,205,3,3,1,0,3,Response,2983.1,3225.5,1193.125,1229.7,248.25,260.0,708.0,3.2600000000000002,8.3,125.0,209.0,29.6
SV026,L,206,3,3,0,1,3,Response,1325.8000000000002,1973.7,1223.75,1453.1,248.75,280.0,465.0,3.3800000000000003,8.3,182.2,319.0,70.4
SV026,L,207,3,3,1,0,3,Response,3078.975,3270.0,1225.1125,1266.7,242.625,257.0,791.0,2.611111111111111,9.4,125.33333333333333,253.0,36.888888888888886
SV026,L,208,3,0,1,1,2,Response,1042.1666666666667,1103.5,1422.4333333333334,1451.5,258.0,286.0,720.0,4.425,8.5,212.0,482.0,57.0
SV026,L,209,2,3,1,0,3,Response,2809.125,3270.0,1183.15,1250.4,264.625,347.0,615.5,2.655555555555556,9.3,165.77777777777777,503.0,45.333333333333336
SV026,L,210,2,3,0,0,3,Response,2964.7999999999997,3178.8,1160.0714285714287,1305.3,257.57142857142856,331.0,679.4285714285714,3.1624999999999996,7.9,169.125,453.0,41.0
SV026,L,211,3,3,1,1,3,Response,1187.7142857142858,2050.1,1385.142857142857,1483.3,287.42857142857144,327.0,641.7142857142857,2.6,9.2,253.875,584.0,96.0
SV026,L,212,2,3,0,0,3,Response,2764.7999999999997,3162.0,1045.4166666666667,1102.9,299.5,390.0,506.6666666666667,2.8000000000000003,8.4,186.14285714285714,468.0,45.142857142857146
SV026,L,213,3,0,0,0,3,Response,2978.2833333333333,3213.7,1107.0333333333333,1316.5,270.8333333333333,370.0,520.3333333333334,2.7615384615384615,8.2,134.30769230769232,228.0,25.846153846153847
SV026,L,214,2,2,1,0,2,Response,2872.66,3085.2,1148.76,1209.3,257.2,340.0,569.6,2.4166666666666665,7.9,114.0,177.0,24.666666666666668
SV026,L,215,3,2,0,0,2,Response,3116.7000000000003,3180.5,1154.3999999999999,1287.3,239.0,268.0,465.3333333333333,5.025,9.1,168.75,224.0,39.0
SV026,L,216,3,0,0,0,3,Response,3115.525,3179.5,1027.625,1077.0,268.5,343.0,626.0,3.9200000000000004,8.9,202.0,411.0,52.8
SV026,L,217,3,0,1,0,2,Response,2927.75,3219.2,1171.6166666666666,1217.1,261.5,305.0,621.3333333333334,2.9,9.9,190.57142857142858,424.0,65.14285714285714
SV026,L,218,2,2,1,1,2,Response,1139.7785714285715,1811.9,1379.4642857142858,1524.3,329.92857142857144,391.0,349.7142857142857,3.2066666666666666,10.4,219.13333333333333,508.0,55.46666666666667
SV026,L,219,2,2,0,0,2,Response,2861.075,3198.4,1069.075,1238.6,309.5,398.0,419.0,5.0600000000000005,9.9,237.0,362.0,69.6
SV026,L,220,2,2,1,1,2,Response,1098.5666666666666,1183.7,1402.8999999999999,1406.9,302.3333333333333,306.0,956.0,2.15,6.5,272.75,622.0,74.0
SV026,L,221,2,3,1,1,3,Response,1238.4888888888888,1765.4,1308.2777777777778,1403.3,269.6666666666667,318.0,432.44444444444446,2.66,6.2,168.1,504.0,40.8
SV026,L,222,3,0,0,1,2,Response,1102.775,1217.1,1360.175,1521.5,276.25,340.0,559.0,3.62,8.1,217.6,539.0,41.6
SV026,L,223,3,0,1,0,2,Response,2926.366666666667,3052.8,1160.3,1171.9,264.0,279.0,525.3333333333334,3.9499999999999997,7.1,154.25,220.0,32.0
SV026,L,224,3,3,1,0,3,Response,2806.5,2896.0,1140.1000000000001,1166.0,250.0,261.0,609.3333333333334,4.2,6.8,175.25,238.0,32.0
SV026,L,225,2,3,0,1,3,Response,1050.25,1069.1,1332.1750000000002,1459.9,264.25,283.0,615.0,3.38,6.9,129.6,205.0,29.6
SV026,L,226,3,2,1,0,2,Response,2822.585714285714,3019.3,1151.8428571428572,1184.8,247.14285714285714,286.0,439.42857142857144,2.675,6.0,183.75,482.0,41.5
SV026,L,227,3,0,0,1,2,Response,1186.3,1749.1,1206.6399999999999,1326.6,278.4,342.0,932.0,2.5166666666666666,6.0,192.33333333333334,535.0,52.0
SV026,L,228,2,0,0,0,2,Response,2932.3,3165.7,1228.1,1312.3,296.0,342.0,552.0,6.666666666666667,10.9,185.0,220.0,54.666666666666664
SV026,L,229,2,3,0,0,3,Response,3096.85,3145.1,1151.5,1297.4,293.75,361.0,461.0,4.62,10.0,232.8,419.0,61.6
SV026,L,230,2,0,1,1,2,Response,1059.22,1215.6,1420.76,1489.8,286.4,342.0,646.4,3.0500000000000003,8.9,157.0,310.0,41.333333333333336
SV026,L,231,2,3,1,0,3,Response,2917.2333333333336,3270.0,1168.2833333333333,1217.3,266.1666666666667,354.0,698.0,3.057142857142857,9.3,175.85714285714286,447.0,51.42857142857143
SV026,L,232,2,0,1,0,2,Response,2944.7999999999997,3063.7,1191.3,1193.2,252.0,304.0,470.6666666666667,4.050000000000001,7.2,151.0,221.0,32.0
SV026,L,233,2,3,1,0,3,Response,2813.6428571428573,3130.1,1133.7857142857142,1188.9,240.0,311.0,494.85714285714283,3.0374999999999996,6.6,132.5,199.0,29.5
SV026,L,234,3,0,1,1,2,Response,935.4,935.4,1383.5,1383.5,219.0,219.0,1204.0,9.2,9.8,195.5,206.0,64.0
SV026,L,235,2,3,0,0,3,Response,2892.82,3172.3,1116.92,1256.0,229.8,244.0,568.0,6.3,9.5,209.5,373.0,62.0
SV026,L,236,2,0,1,0,2,Response,2578.95,3051.6,1160.53,1263.5,249.6,272.0,445.2,2.972727272727273,7.1,176.27272727272728,460.0,55.63636363636363
SV026,L,237,2,0,0,1,2,Response,1353.44,1838.6,1245.38,1498.2,273.4,340.0,372.0,3.016666666666666,7.4,144.16666666666666,225.0,25.333333333333332
SV026,L,238,2,3,0,0,3,Response,3116.6666666666665,3150.0,1064.7666666666667,1205.4,245.33333333333334,275.0,470.6666666666667,5.05,10.1,175.75,289.0,35.0
SV026,L,239,2,0,0,0,2,Response,3005.2000000000003,3216.8,1276.3666666666668,1311.9,295.0,343.0,360.0,4.475,8.7,159.5,242.0,35.0
SV026,L,240,2,0,1,1,2,Response,1162.6142857142856,1824.1,1369.6000000000001,1474.6,249.57142857142858,274.0,658.8571428571429,2.3375,7.3,194.25,471.0,69.0
SV026,L,241,3,0,1,1,0,Response,1951.75,1981.2,785.4,1071.5,278.0,309.0,606.0,6.666666666666667,8.8,318.6666666666667,543.0,70.66666666666667
SV026,L,242,3,0,0,0,0,Response,2087.0,2087.0,838.9,838.9,315.0,315.0,644.0,1.7000000000000002,1.8,103.5,112.0,22.0
SV026,L,243,3,2,0,1,2,Response,,,,,,,,5.4,5.4,173.0,173.0,40.0
SV026,L,244,2,3,1,0,3,Response,2099.1,2099.1,649.8,649.8,329.0,329.0,256.0,3.75,4.2,171.0,174.0,32.0
SV026,L,245,2,0,0,1,0,Response,,,,,,,,0.5,0.5,205.0,205.0,52.0
SV026,L,246,2,2,1,1,2,Response,,,,,,,,,,,,
SV026,L,247,3,3,1,0,3,Response,,,,,,,,1.2,1.2,399.0,399.0,180.0
SV026,L,248,2,0,0,1,0,Response,,,,,,,,,,,,
SV026,L,249,3,2,1,1,2,Response,1883.5,1883.5,1123.8,1123.8,289.0,289.0,236.0,1.85,3.1,445.5,813.0,98.0
SV026,L,250,2,3,1,1,3,Response,1971.4,1971.4,1071.7,1071.7,288.0,288.0,464.0,0.65,0.8,399.5,733.0,96.0
SV026,L,251,3,2,1,1,2,Response,1892.1,1892.1,1087.1,1087.1,310.0,310.0,508.0,0.8999999999999999,1.4,186.5,318.0,80.0
SV026,L,252,3,0,0,1,0,Response,,,,,,,,,,,,
SV026,L,253,2,2,0,1,2,Response,1925.1,1925.1,1100.7,1100.7,362.0,362.0,712.0,0.8,0.8,66.0,66.0,16.0
SV026,L,254,2,3,0,1,3,Response,,,,,,,,0.5,0.5,56.0,56.0,12.0
SV026,L,255,3,2,0,0,2,Response,2178.8,2178.8,1019.6,1019.6,364.0,364.0,600.0,3.85,6.7,304.0,525.0,106.0
SV026,L,256,2,0,1,0,0,Response,,,,,,,,,,,,
SV026,L,257,2,2,0,1,2,Response,,,,,,,,0.4,0.4,55.0,55.0,12.0
SV026,L,258,2,0,0,1,0,Response,,,,,,,,0.6,0.6,788.0,788.0,204.0
SV026,L,259,3,0,0,0,0,Response,2043.3000000000002,2160.9,1069.4,1080.1,361.0,369.0,1190.0,1.3,1.9,105.0,139.0,17.333333333333332
SV026,L,260,2,2,1,1,2,Response,,,,,,,,,,,,
SV026,L,261,3,0,1,0,0,Response,,,,,,,,,,,,
SV026,L,262,3,3,1,1,3,Response,1994.65,2003.3,574.8,622.4,321.5,332.0,120.0,2.3666666666666667,4.5,272.0,610.0,72.0
SV026,L,263,3,0,0,1,0,Response,,,,,,,,,,,,
SV026,L,264,2,2,0,0,2,Response,,,,,,,,0.8,0.8,71.0,71.0,16.0
SV026,L,265,2,2,0,1,2,Response,,,,,,,,,,,,
SV026,L,266,2,2,0,1,2,Response,,,,,,,,1.9,1.9,103.0,103.0,28.0
SV026,L,267,2,3,0,0,3,Response,2006.6,2050.5,812.6500000000001,1061.9,292.5,320.0,152.0,1.8,4.2,97.66666666666667,173.0,20.0
SV026,L,268,2,2,0,0,2,Response,,,,,,,,,,,,
SV026,L,269,2,3,0,0,3,Response,,,,,,,,,,,,
SV026,L,270,2,0,0,1,0,Response,,,,,,,,,,,,
SV026,L,271,2,0,1,0,0,Response,1938.7333333333333,2000.9,950.0,1104.4,325.6666666666667,380.0,202.66666666666666,2.675,5.4,487.5,679.0,155.0
SV026,L,272,2,2,1,1,2,Response,1856.4,1856.4,1110.2,1110.2,375.0,375.0,288.0,0.8,1.1,329.0,596.0,126.0
SV026,L,273,2,0,1,1,0,Response,,,,,,,,,,,,
SV026,L,274,3,2,0,1,2,Response,1943.75,2012.1,1131.9,1195.3,320.0,340.0,670.0,1.4666666666666668,2.3,261.6666666666667,618.0,89.33333333333333
SV026,L,275,2,3,1,0,3,Response,,,,,,,,,,,,
SV026,L,276,3,2,0,1,2,Response,,,,,,,,,,,,
SV026,L,277,3,0,1,1,0,Response,,,,,,,,,,,,
SV026,L,278,2,0,1,1,0,Response,,,,,,,,,,,,
SV026,L,279,2,3,0,1,3,Response,,,,,,,,,,,,
SV026,L,280,3,0,0,0,0,Response,1985.125,2039.0,990.025,1069.2,313.25,337.0,752.0,1.78,4.0,223.8,557.0,71.2
SV026,L,281,3,2,1,1,2,Response,,,,,,,,,,,,
SV026,L,282,3,2,1,0,2,Response,,,,,,,,,,,,
SV026,L,283,2,3,1,1,3,Response,,,,,,,,1.4,1.4,717.0,717.0,176.0
SV026,L,284,2,2,1,0,2,Response,,,,,,,,,,,,
SV026,L,285,2,3,0,0,3,Response,2215.7,2215.7,892.6,892.6,258.0,258.0,268.0,4.5,7.2,338.5,568.0,140.0
SV026,L,286,3,3,1,0,3,Response,,,,,,,,,,,,
SV026,L,287,3,3,0,0,3,Response,,,,,,,,,,,,
SV026,L,288,3,2,1,1,2,Response,,,,,,,,1.1,1.1,606.0,606.0,292.0
SV026,L,289,3,0,0,0,0,Response,,,,,,,,,,,,
SV026,L,290,3,0,0,1,0,Response,,,,,,,,,,,,
SV026,L,291,3,0,0,0,0,Response,,,,,,,,,,,,
SV026,L,292,3,0,0,1,0,Response,,,,,,,,,,,,
SV026,L,293,2,2,1,1,2,Response,,,,,,,,,,,,
SV026,L,294,2,0,0,0,0,Response,,,,,,,,0.3,0.3,369.0,369.0,216.0
SV026,L,295,3,3,0,0,3,Response,,,,,,,,,,,,
SV026,L,296,2,0,1,0,0,Response,,,,,,,,,,,,
SV026,L,297,3,2,1,1,2,Response,,,,,,,,,,,,
SV026,L,298,3,3,1,0,3,Response,,,,,,,,1.2,1.2,279.0,279.0,256.0
SV026,L,299,3,3,0,0,3,Response,,,,,,,,,,,,
SV026,L,300,3,2,0,0,2,Response,,,,,,,,,,,,
SV026,L,301,2,0,0,0,0,Response,,,,,,,,0.8,0.8,302.0,302.0,112.0
SV026,L,302,2,3,0,1,3,Response,,,,,,,,,,,,
SV026,L,303,2,0,0,1,0,Response,,,,,,,,,,,,
SV026,L,304,2,2,0,1,2,Response,,,,,,,,0.4,0.4,334.0,334.0,200.0
SV026,L,305,3,0,1,0,0,Response,,,,,,,,0.3,0.3,703.0,703.0,168.0
SV026,L,306,2,2,1,0,2,Response,,,,,,,,,,,,
SV026,L,307,3,3,1,0,3,Response,,,,,,,,,,,,
SV026,L,308,2,0,1,0,0,Response,,,,,,,,,,,,
SV026,L,309,3,3,1,0,3,Response,,,,,,,,,,,,
SV026,L,310,2,0,1,0,0,Response,,,,,,,,0.6,0.6,639.0,639.0,176.0
SV026,L,311,2,0,1,0,0,Response,2084.1,2084.1,1061.7,1061.7,330.0,330.0,452.0,0.5,0.5,60.0,60.0,12.0
SV026,L,312,2,2,0,0,2,Response,1977.1333333333332,1987.0,1231.6333333333334,1532.7,227.66666666666666,286.0,496.0,1.4333333333333333,2.3,191.0,283.0,53.333333333333336
SV026,L,313,2,0,1,1,0,Response,,,,,,,,1.0,1.0,619.0,619.0,216.0
SV026,L,314,2,2,0,0,2,Response,,,,,,,,,,,,
SV026,L,315,3,2,1,1,2,Response,1737.0,1737.0,1098.3,1098.3,245.0,245.0,124.0,1.25,1.4,98.5,104.0,18.0
SV026,L,316,2,3,1,0,2,Response,,,,,,,,0.3,0.3,367.0,367.0,228.0
SV026,L,317,3,3,1,1,3,Response,,,,,,,,,,,,
SV026,L,318,2,0,0,0,0,Response,,,,,,,,,,,,
SV026,L,319,2,3,0,0,3,Response,1970.5,1970.5,1072.4,1072.4,305.0,305.0,1924.0,0.9,1.7,450.0,644.0,148.0
SV026,L,320,2,2,1,0,2,Response,,,,,,,,,,,,
SV026,L,321,2,2,0,0,2,Response,,,,,,,,,,,,
SV026,L,322,2,0,1,1,0,Response,,,,,,,,,,,,
SV026,L,323,3,2,1,0,2,Response,,,,,,,,,,,,
SV026,L,324,2,3,0,0,3,Response,,,,,,,,,,,,
SV026,L,325,3,2,1,0,2,Response,,,,,,,,,,,,
SV026,L,326,3,0,1,0,0,Response,1875.9,1875.9,1078.0,1078.0,351.0,351.0,480.0,0.5,0.5,57.0,57.0,12.0
SV026,L,327,2,0,1,1,0,Response,,,,,,,,0.2,0.2,374.0,374.0,152.0
SV026,L,328,2,2,0,1,2,Response,,,,,,,,,,,,
SV026,L,329,3,3,0,1,3,Response,,,,,,,,,,,,
SV026,L,330,2,2,1,1,2,Response,,,,,,,,,,,,
SV026,L,331,2,3,0,1,3,Response,,,,,,,,0.5,0.5,373.0,373.0,204.0
SV026,L,332,3,2,1,1,2,Response,,,,,,,,,,,,
SV026,L,333,3,0,1,0,0,Response,,,,,,,,,,,,
SV026,L,334,2,3,1,1,3,Response,,,,,,,,,,,,
SV026,L,335,3,2,1,1,2,Response,2150.2,2150.2,570.8,570.8,214.0,214.0,172.0,5.75,6.4,291.0,388.0,128.0
SV026,L,336,3,2,0,1,2,Response,,,,,,,,,,,,
SV026,L,337,3,0,0,0,0,Response,,,,,,,,,,,,
SV026,L,338,3,2,0,1,2,Response,,,,,,,,,,,,
SV026,L,339,3,3,0,1,3,Response,,,,,,,,,,,,
SV026,L,340,2,0,0,0,0,Response,,,,,,,,,,,,
SV026,L,341,3,0,1,0,0,Response,,,,,,,,,,,,
SV026,L,342,2,3,0,0,3,Response,,,,,,,,,,,,
SV026,L,343,3,3,0,0,3,Response,,,,,,,,0.7,0.7,794.0,794.0,272.0
SV026,L,344,3,0,1,1,0,Response,,,,,,,,,,,,
SV026,L,345,2,2,1,0,2,Response,,,,,,,,,,,,
SV026,L,346,3,3,1,0,3,Response,,,,,,,,,,,,
SV026,L,347,3,0,1,1,0,Response,,,,,,,,,,,,
SV026,L,348,3,3,1,0,3,Response,,,,,,,,,,,,
SV026,L,349,2,2,0,0,2,Response,,,,,,,,,,,,
SV026,L,350,3,0,0,0,0,Response,,,,,,,,,,,,
SV026,L,351,2,3,1,0,3,Response,,,,,,,,,,,,
SV026,L,352,3,0,0,0,0,Response,,,,,,,,,,,,
SV026,L,353,3,2,0,0,2,Response,,,,,,,,0.4,0.4,357.0,357.0,228.0
SV026,L,354,3,0,0,1,0,Response,,,,,,,,,,,,
SV026,L,355,3,2,1,0,2,Response,,,,,,,,1.5,1.5,311.0,311.0,216.0
SV026,L,356,3,2,1,0,2,Response,,,,,,,,,,,,
SV026,L,357,3,2,1,0,2,Response,,,,,,,,,,,,
SV026,L,358,2,0,1,0,0,Response,,,,,,,,,,,,
SV026,L,359,3,2,1,0,2,Response,,,,,,,,0.5,0.5,306.0,306.0,200.0
SV026,L,360,3,2,1,1,2,Response,,,,,,,,,,,,
SV026,L,361,2,3,1,1,3,Response,,,,,,,,,,,,
SV026,L,362,2,0,0,0,0,Response,,,,,,,,,,,,
SV026,L,363,2,0,1,1,0,Response,,,,,,,,,,,,
SV026,L,364,2,0,0,0,0,Response,,,,,,,,,,,,
SV026,L,365,3,3,1,1,3,Response,,,,,,,,,,,,
SV026,L,366,2,2,0,0,2,Response,,,,,,,,,,,,
SV026,L,367,3,0,1,1,0,Response,,,,,,,,,,,,
SV026,L,368,3,0,0,1,0,Response,,,,,,,,0.8,0.8,369.0,369.0,184.0
SV026,L,369,2,0,0,0,0,Response,,,,,,,,1.3,1.3,91.0,91.0,20.0
SV026,L,370,2,0,0,1,0,Response,,,,,,,,,,,,
SV026,L,371,3,3,1,1,3,Response,,,,,,,,1.2,1.2,184.0,184.0,88.0
SV026,L,372,3,0,0,0,0,Response,,,,,,,,,,,,
SV026,L,373,3,0,0,1,0,Response,,,,,,,,0.0,0.0,301.0,301.0,152.0
SV026,L,374,2,3,1,1,3,Response,,,,,,,,,,,,
SV026,L,375,2,2,1,0,2,Response,,,,,,,,,,,,
SV026,L,376,3,3,0,0,3,Response,,,,,,,,,,,,
SV026,L,377,2,3,1,1,3,Response,,,,,,,,0.9,0.9,646.0,646.0,148.0
SV026,L,378,3,2,0,0,2,Response,,,,,,,,0.6,0.6,263.0,263.0,232.0
SV026,L,379,3,2,0,1,2,Response,,,,,,,,,,,,
SV026,L,380,3,3,1,1,3,Response,,,,,,,,,,,,
SV026,L,381,3,2,1,0,2,Response,,,,,,,,0.7,0.7,290.0,290.0,156.0
SV026,L,382,2,2,1,0,2,Response,,,,,,,,,,,,
SV026,L,383,3,0,1,0,0,Response,,,,,,,,,,,,
SV026,L,384,3,3,1,1,3,Response,,,,,,,,,,,,
SV026,L,385,2,3,0,1,3,Response,,,,,,,,,,,,
SV026,L,386,2,3,1,1,3,Response,,,,,,,,,,,,
SV026,L,387,3,3,0,0,3,Response,,,,,,,,0.9,0.9,324.0,324.0,120.0
SV026,L,388,2,0,1,1,0,Response,,,,,,,,,,,,
SV026,L,389,3,3,0,0,3,Response,,,,,,,,0.8,0.8,774.0,774.0,192.0
SV026,L,390,2,3,1,0,3,Response,,,,,,,,,,,,
SV026,L,391,2,0,0,0,0,Response,,,,,,,,,,,,
SV026,L,392,2,3,0,1,3,Response,,,,,,,,,,,,
SV026,L,393,2,2,0,0,2,Response,,,,,,,,,,,,
SV026,L,394,3,0,1,1,0,Response,,,,,,,,,,,,
SV026,L,395,3,3,0,1,3,Response,,,,,,,,,,,,
SV026,L,396,3,0,0,0,0,Response,,,,,,,,1.8,1.8,257.0,257.0,216.0
SV026,L,397,2,2,1,1,2,Response,,,,,,,,,,,,
SV026,L,398,2,3,0,1,3,Response,,,,,,,,,,,,
SV026,L,399,2,2,1,0,2,Response,,,,,,,,,,,,
SV026,L,400,3,0,0,1,0,Response,,,,,,,,,,,,
SV026,L,401,2,3,0,1,3,Response,,,,,,,,,,,,
SV026,L,402,2,2,0,0,2,Response,,,,,,,,,,,,
SV026,L,403,2,3,0,0,3,Response,,,,,,,,,,,,
SV026,L,404,2,0,1,1,0,Response,,,,,,,,,,,,
SV026,L,405,2,2,1,0,2,Response,,,,,,,,0.7,0.7,401.0,401.0,328.0
SV026,L,406,2,3,0,1,3,Response,,,,,,,,,,,,
SV026,L,407,3,3,0,0,3,Response,,,,,,,,,,,,
SV026,L,408,3,0,1,0,0,Response,,,,,,,,,,,,
SV026,L,409,2,2,0,1,2,Response,,,,,,,,,,,,
SV026,L,410,3,2,0,1,2,Response,,,,,,,,,,,,
SV026,L,411,2,0,0,0,0,Response,,,,,,,,,,,,
SV026,L,412,3,3,1,1,3,Response,,,,,,,,,,,,
SV026,L,413,2,0,0,1,0,Response,,,,,,,,0.1,0.1,313.0,313.0,232.0
SV026,L,414,2,0,1,1,0,Response,,,,,,,,,,,,
SV026,L,415,3,2,1,0,2,Response,,,,,,,,,,,,
SV026,L,416,3,2,0,0,2,Response,,,,,,,,,,,,
SV026,L,417,3,0,1,0,0,Response,1962.4,2009.0,818.9,1025.6,247.0,276.0,264.0,4.633333333333334,6.7,305.3333333333333,571.0,60.0
SV026,L,418,2,0,1,1,0,Response,1830.0,1830.0,1046.6,1046.6,278.0,278.0,564.0,2.2,3.5,311.0,435.0,134.0
SV026,L,419,2,0,1,0,0,Response,,,,,,,,,,,,
SV026,L,420,3,2,0,0,2,Response,,,,,,,,,,,,
SV026,L,421,2,2,0,1,2,Response,,,,,,,,,,,,
SV026,L,422,3,3,0,1,3,Response,,,,,,,,,,,,
SV026,L,423,3,2,0,1,2,Response,,,,,,,,,,,,
SV026,L,424,3,3,1,1,3,Response,,,,,,,,,,,,
SV026,L,425,3,3,0,0,3,Response,,,,,,,,,,,,
SV026,L,426,3,0,1,0,0,Response,,,,,,,,,,,,
SV026,L,427,2,2,1,0,2,Response,,,,,,,,,,,,
SV026,L,428,2,0,1,0,0,Response,,,,,,,,1.2,1.2,347.0,347.0,84.0
SV026,L,429,3,0,0,1,0,Response,,,,,,,,1.2,1.2,204.0,204.0,84.0
SV026,L,430,3,3,0,0,3,Response,,,,,,,,,,,,
SV026,L,431,3,2,0,0,2,Response,,,,,,,,,,,,
SV026,L,432,2,0,0,1,0,Response,,,,,,,,,,,,
SV026,L,433,2,3,0,0,3,Response,,,,,,,,1.4,1.4,708.0,708.0,188.0
SV026,L,434,2,2,0,1,2,Response,,,,,,,,0.9,0.9,630.0,630.0,116.0
SV026,L,435,2,3,1,0,3,Response,,,,,,,,,,,,
SV026,L,436,3,3,1,1,3,Response,,,,,,,,,,,,
SV026,L,437,3,0,1,1,0,Response,,,,,,,,,,,,
SV026,L,438,3,2,0,1,2,Response,,,,,,,,0.7,0.7,648.0,648.0,256.0
SV026,L,439,3,3,0,1,3,Response,,,,,,,,,,,,
SV026,L,440,3,3,0,1,3,Response,,,,,,,,,,,,
SV026,L,441,2,3,1,1,3,Response,,,,,,,,,,,,
SV026,L,442,2,2,0,1,2,Response,,,,,,,,,,,,
SV026,L,443,3,3,0,1,3,Response,,,,,,,,,,,,
SV026,L,444,3,2,1,1,2,Response,,,,,,,,,,,,
SV026,L,445,2,2,0,0,2,Response,,,,,,,,,,,,
SV026,L,446,3,0,0,1,0,Response,,,,,,,,,,,,
SV026,L,447,2,0,0,1,0,Response,,,,,,,,,,,,
SV026,L,448,3,2,0,0,2,Response,,,,,,,,,,,,
SV026,L,449,3,3,1,0,3,Response,,,,,,,,,,,,
SV026,L,450,3,2,0,1,2,Response,,,,,,,,,,,,
SV026,L,451,3,2,0,0,2,Response,,,,,,,,0.8,0.8,567.0,567.0,260.0
SV026,L,452,2,3,0,1,3,Response,,,,,,,,,,,,
SV026,L,453,3,2,0,0,2,Response,,,,,,,,,,,,
SV026,L,454,3,0,1,1,0,Response,,,,,,,,,,,,
SV026,L,455,3,3,1,0,3,Response,,,,,,,,,,,,
SV026,L,456,3,3,0,1,3,Response,,,,,,,,,,,,
SV026,L,457,2,2,1,1,2,Response,,,,,,,,,,,,
SV026,L,458,3,3,1,0,3,Response,,,,,,,,0.4,0.4,331.0,331.0,312.0
SV026,L,459,3,3,0,1,3,Response,,,,,,,,,,,,
SV026,L,460,2,3,1,1,3,Response,,,,,,,,,,,,
SV026,L,461,2,3,1,0,3,Response,,,,,,,,,,,,
SV026,L,462,3,2,1,0,2,Response,,,,,,,,,,,,
SV026,L,463,3,3,1,1,3,Response,,,,,,,,,,,,
SV026,L,464,2,3,1,1,3,Response,,,,,,,,,,,,
SV026,L,465,2,0,0,0,0,Response,,,,,,,,,,,,
SV026,L,466,3,0,1,1,0,Response,,,,,,,,,,,,
SV026,L,467,2,3,0,0,3,Response,,,,,,,,,,,,
SV026,L,468,2,2,1,1,2,Response,,,,,,,,,,,,
SV026,L,469,2,3,1,0,3,Response,,,,,,,,0.3,0.3,339.0,339.0,228.0
SV026,L,470,3,0,1,0,0,Response,,,,,,,,,,,,
SV026,L,471,2,0,0,1,0,Response,,,,,,,,,,,,
SV026,L,472,2,3,1,0,3,Response,1959.3,1959.3,1049.2,1049.2,281.0,281.0,120.0,0.55,0.9,405.5,437.0,190.0
SV026,L,473,2,3,1,0,3,Response,,,,,,,,,,,,
SV026,L,474,2,0,1,0,0,Response,,,,,,,,,,,,
SV026,L,475,2,2,1,0,2,Response,,,,,,,,0.7,0.7,305.0,305.0,232.0
SV026,L,476,2,2,1,1,2,Response,1966.4666666666665,2012.5,1023.1,1032.3,254.33333333333334,259.0,665.3333333333334,0.825,1.3,270.5,358.0,165.0
SV026,L,477,2,3,0,0,3,Response,,,,,,,,,,,,
SV026,L,478,2,2,1,1,2,Response,,,,,,,,,,,,
SV026,L,479,3,3,0,1,3,Response,,,,,,,,,,,,
SV026,L,480,3,0,1,1,0,Response,,,,,,,,0.5,0.5,542.0,542.0,168.0
SV026,R,1,2,3,1,1,3,Response,2486.62,3016.2,1204.54,1287.6,216.6,245.0,488.8,5.766666666666667,10.2,218.33333333333334,359.0,58.666666666666664
SV026,R,2,2,0,1,1,3,Response,2620.4,2952.3,1214.1000000000001,1288.7,214.66666666666666,275.0,402.6666666666667,5.825,8.9,279.0,452.0,82.0
SV026,R,3,2,0,1,0,2,Response,979.5571428571428,1922.3,1224.9857142857143,1306.1,199.57142857142858,216.0,429.14285714285717,2.525,9.5,139.875,311.0,32.5
SV026,R,4,2,3,1,0,3,Response,1156.9250000000002,1929.9,1192.525,1271.5,206.75,238.0,563.0,3.2399999999999998,7.9,190.6,341.0,50.4
SV026,R,5,2,2,0,1,2,Response,2257.9500000000003,2959.4,1122.8500000000001,1296.3,191.16666666666666,233.0,722.6666666666666,5.128571428571428,9.3,177.85714285714286,270.0,50.285714285714285
SV026,R,6,3,3,1,0,3,Response,870.8,1165.2,1299.76,1328.3,184.6,219.0,440.8,2.9499999999999997,8.1,137.66666666666666,296.0,24.666666666666668
SV026,R,7,2,0,1,1,2,Response,2819.1,3005.3,1264.6333333333334,1294.2,188.0,197.0,505.3333333333333,5.375,9.3,239.75,336.0,84.0
SV026,R,8,3,2,1,1,2,Response,2422.75,3164.0,1195.8000000000002,1301.4,189.25,207.0,604.0,8.440000000000001,12.8,235.2,386.0,81.6
SV026,R,9,2,2,0,0,2,Response,891.9,891.9,1286.8,1286.8,203.0,203.0,2676.0,8.1,8.9,197.0,200.0,62.0
SV026,R,10,3,3,0,1,3,Response,2566.2,3017.8,1225.46,1390.2,202.2,218.0,559.2,6.583333333333333,11.6,219.16666666666666,339.0,79.33333333333333
SV026,R,11,2,0,0,0,2,Response,,,,,,,,0.6,0.6,74.0,74.0,12.0
SV026,R,12,3,0,1,1,2,Response,2534.9,2534.9,1233.5,1233.5,152.0,152.0,516.0,5.3,5.6,172.5,189.0,42.0
SV026,R,13,2,0,1,0,2,Response,1264.8,1264.8,1091.1,1091.1,151.0,151.0,132.0,3.65,5.3,190.0,276.0,104.0
SV026,R,14,2,3,0,0,3,Response,1556.2,1876.2,1063.0,1104.9,203.33333333333334,216.0,580.0,3.75,7.3,241.5,427.0,96.0
SV026,R,15,2,0,0,0,3,Response,,,,,,,,,,,,
SV026,R,16,3,0,0,0,3,Response,882.4,1017.6,1339.175,1439.3,195.75,207.0,409.0,4.06,8.7,174.8,294.0,30.4
SV026,R,17,3,2,0,1,2,Response,2126.5333333333333,2623.2,1082.6666666666667,1104.6,175.0,211.0,1109.3333333333333,3.6,7.8,197.25,290.0,124.0
SV026,R,18,3,0,1,0,2,Response,1008.25,1181.4,1243.65,1283.2,182.0,206.0,362.0,5.133333333333334,8.5,174.33333333333334,240.0,72.0
SV026,R,19,2,0,0,1,2,Response,2364.4545454545455,3044.9,1195.1454545454546,1530.7,182.72727272727272,229.0,944.0,3.75,9.9,188.33333333333334,413.0,64.0
SV026,R,20,3,3,0,0,3,Response,930.85,960.5,1157.9,1266.2,156.5,158.0,154.0,5.6000000000000005,7.6,233.0,263.0,86.66666666666667
SV026,R,21,3,0,0,0,3,Response,,,,,,,,0.5,0.5,66.0,66.0,12.0
SV026,R,22,2,0,0,1,3,Response,2188.4,2647.2,1101.8999999999999,1127.7,222.0,282.0,465.3333333333333,4.575,7.4,251.5,483.0,125.0
SV026,R,23,2,2,0,0,2,Response,,,,,,,,,,,,
SV026,R,24,2,3,0,1,3,Response,2549.45,2932.8,1328.0,1509.5,218.0,222.0,188.0,6.633333333333333,9.9,263.3333333333333,448.0,88.0
SV026,R,25,2,2,1,1,2,Response,2720.2,2885.2,1294.6,1349.0,174.0,191.0,798.0,5.5,8.9,187.66666666666666,228.0,40.0
SV026,R,26,3,0,1,1,2,Response,2759.35,2818.5,1271.15,1279.3,186.5,221.0,366.0,4.8999999999999995,7.8,198.66666666666666,217.0,50.666666666666664
SV026,R,27,2,2,1,0,2,Response,806.55,917.1,1261.25,1314.3,164.0,175.0,324.0,5.866666666666667,9.2,241.0,280.0,85.33333333333333
SV026,R,28,2,3,1,0,3,Response,1159.6,1159.6,1178.5,1178.5,160.0,160.0,144.0,5.15,6.0,226.5,300.0,124.0
SV026,R,29,2,3,0,0,3,Response,945.7666666666668,1092.8,1257.1666666666667,1443.4,196.33333333333334,217.0,522.6666666666666,4.625,8.1,164.75,290.0,38.0
SV026,R,30,3,0,1,0,3,Response,1272.3,1704.2,1186.125,1309.4,194.5,275.0,207.0,4.7,9.6,250.8,450.0,91.2
SV026,R,31,3,3,1,1,3,Response,2539.2833333333333,3100.4,1216.4333333333334,1316.6,189.16666666666666,218.0,470.6666666666667,3.7857142857142856,10.9,169.42857142857142,302.0,65.71428571428571
SV026,R,32,3,3,0,0,3,Response,993.0,993.0,1109.4,1109.4,201.0,201.0,164.0,7.2,8.4,265.0,349.0,148.0
SV026,R,33,3,0,0,0,3,Response,1506.7,1858.8,1087.0333333333335,1120.9,201.33333333333334,224.0,553.3333333333334,3.3,6.2,257.0,436.0,112.0
SV026,R,34,3,2,0,0,2,Response,,,,,,,,,,,,
SV026,R,35,3,0,1,0,2,Response,1387.3999999999999,1783.8,1143.6333333333334,1254.0,209.66666666666666,230.0,326.6666666666667,4.625,8.4,164.0,314.0,57.0
SV026,R,36,2,0,1,1,2,Response,2187.2999999999997,2712.9,1165.8,1291.9,178.33333333333334,186.0,337.3333333333333,3.6,7.0,184.25,271.0,62.0
SV026,R,37,2,2,0,1,2,Response,2357.7,2866.7,1191.95,1218.7,207.0,227.0,846.0,5.966666666666666,9.2,212.0,376.0,90.66666666666667
SV026,R,38,2,3,1,0,2,Response,1051.5666666666666,1798.6,1197.2333333333333,1281.4,201.33333333333334,206.0,740.0,4.825,9.8,167.5,291.0,32.0
SV026,R,39,2,3,1,0,3,Response,1018.2,1749.0,1191.625,1281.1,192.25,215.0,402.0,6.779999999999999,9.8,190.4,272.0,46.4
SV026,R,40,3,0,1,0,3,Response,698.4333333333334,813.1,1255.0333333333333,1259.6,187.66666666666666,198.0,406.6666666666667,4.4,10.0,214.5,351.0,67.0
SV026,R,41,3,0,1,1,2,Response,,,,,,,,,,,,
SV026,R,42,3,2,0,1,2,Response,2008.4,2008.4,1104.6,1104.6,221.0,221.0,1288.0,0.75,0.8,78.5,90.0,14.0
SV026,R,43,3,0,1,1,2,Response,2380.65,2775.4,1210.45,1279.4,219.0,279.0,608.0,4.966666666666667,8.4,145.66666666666666,194.0,37.333333333333336
SV026,R,44,3,3,0,1,3,Response,2537.2,2982.3,1133.3200000000002,1225.3,200.4,265.0,708.0,3.516666666666666,9.5,167.5,334.0,79.33333333333333
SV026,R,45,3,0,1,1,2,Response,2231.35,2624.0,1204.425,1354.4,176.0,271.0,416.0,2.7,5.4,157.5,243.0,25.0
SV026,R,46,3,3,0,0,3,Response,955.7,955.7,1028.1,1028.1,167.0,167.0,100.0,7.1,7.8,216.0,266.0,160.0
SV026,R,47,3,0,0,1,2,Response,2459.55,2954.1,1225.15,1334.3,196.0,200.0,210.0,6.266666666666667,9.4,205.66666666666666,341.0,101.33333333333333
SV026,R,48,3,0,1,1,2,Response,2601.85,2940.0,1276.825,1321.6,183.75,261.0,439.0,3.2399999999999998,9.1,155.0,260.0,43.2
SV026,R,49,3,3,0,0,3,Response,948.0,948.0,1011.7,1011.7,151.0,151.0,208.0,6.95,7.4,204.5,246.0,76.0
SV026,R,50,2,2,0,1,2,Response,2789.9,2789.9,1066.4,1066.4,213.0,213.0,116.0,7.95,8.3,279.0,318.0,104.0
SV026,R,51,2,0,1,0,2,Response,1430.925,1867.3,1159.5375,1312.6,219.625,244.0,596.5,4.155555555555555,9.4,210.0,394.0,73.33333333333333
SV026,R,52,2,3,0,1,3,Response,2992.6,2992.6,1347.7,1347.7,164.0,164.0,212.0,9.95,10.4,245.5,275.0,126.0
SV026,R,53,2,2,1,0,2,Response,1078.96,1715.1,1230.3200000000002,1316.0,183.4,207.0,351.2,2.8166666666666664,6.1,138.16666666666666,260.0,26.666666666666668
SV026,R,54,2,0,1,0,2,Response,1137.7,1831.8,1219.8666666666666,1308.0,182.66666666666666,196.0,845.3333333333334,4.6,10.0,177.75,359.0,81.0
SV026,R,55,2,3,1,0,3,Response,1596.8,1596.8,1171.1,1171.1,292.0,292.0,328.0,1.75,2.6,238.0,396.0,132.0
SV026,R,56,3,3,1,0,3,Response,1376.1999999999998,1811.6,1214.7,1305.3,266.0,290.0,289.3333333333333,5.275,9.7,230.25,286.0,118.0
SV026,R,57,2,2,0,0,2,Response,1222.957142857143,1850.4,1199.564285714286,1500.8,224.07142857142858,265.0,909.7142857142857,4.3,9.4,232.2,528.0,76.26666666666667
SV026,R,58,2,3,1,1,3,Response,2401.7200000000003,2808.8,1242.22,1298.7,207.2,278.0,636.0,5.1000000000000005,8.6,242.33333333333334,434.0,91.33333333333333
SV026,R,59,3,2,0,0,2,Response,1138.9333333333334,1705.6,1336.3333333333333,1431.7,208.0,259.0,866.6666666666666,3.7750000000000004,7.2,183.5,356.0,43.0
SV026,R,60,3,3,0,1,3,Response,2385.2,2385.2,1211.0,1211.0,276.0,276.0,320.0,3.6500000000000004,4.4,333.5,512.0,122.0
SV026,R,61,3,2,0,1,2,Response,2450.171428571429,2912.6,1136.9142857142856,1230.1,200.57142857142858,235.0,592.5714285714286,5.925,9.4,223.875,329.0,103.0
SV026,R,62,3,0,1,1,2,Response,2241.933333333333,2771.0,1260.0666666666666,1348.3,234.0,274.0,497.3333333333333,3.675,7.8,145.5,222.0,30.0
SV026,R,63,3,0,1,1,2,Response,2199.475,2726.0,1158.6999999999998,1266.8,198.0,213.0,937.0,4.46,8.7,179.6,325.0,124.8
SV026,R,64,2,2,0,1,2,Response,1834.3666666666668,1936.4,1101.3,1125.8,210.66666666666666,254.0,693.3333333333334,0.875,1.3,126.25,292.0,55.0
SV026,R,65,3,3,1,0,3,Response,1371.85,1932.8,1177.5500000000002,1244.4,160.0,163.0,182.0,5.833333333333333,10.2,183.66666666666666,303.0,120.0
SV026,R,66,2,0,0,0,3,Response,1421.875,1889.8,1187.0,1302.4,216.75,250.0,735.0,5.96,8.4,265.6,494.0,150.4
SV026,R,67,3,3,1,1,2,Response,2646.95,2704.1,1231.9,1267.0,163.5,177.0,338.0,5.266666666666667,6.9,227.33333333333334,277.0,90.66666666666667
SV026,R,68,2,3,1,1,3,Response,,,,,,,,0.4,0.4,239.0,239.0,332.0
SV026,R,69,2,0,0,0,2,Response,1640.4,1640.4,1088.0,1088.0,155.0,155.0,152.0,1.35,1.9,166.0,263.0,104.0
SV026,R,70,2,0,0,0,2,Response,,,,,,,,,,,,
SV026,R,71,3,2,0,1,2,Response,2315.5545454545454,2987.7,1132.109090909091,1278.3,207.27272727272728,233.0,962.5454545454545,4.941666666666666,9.3,209.58333333333334,445.0,101.33333333333333
SV026,R,72,2,0,1,1,2,Response,2393.925,2737.8,1207.025,1250.3,196.25,253.0,320.0,2.5,4.1,174.6,321.0,54.4
SV026,R,73,3,0,0,0,3,Response,,,,,,,,0.5,0.5,66.0,66.0,12.0
SV026,R,74,3,2,1,1,2,Response,2000.6,2697.7,1230.575,1388.9,147.5,178.0,96.0,4.1,8.8,214.4,483.0,66.4
SV026,R,75,2,3,1,1,3,Response,2430.8333333333335,2776.2,1206.7333333333333,1262.2,216.66666666666666,233.0,708.0,6.925,8.3,322.25,450.0,149.0
SV026,R,76,2,3,1,1,3,Response,2171.2999999999997,2553.4,1173.3333333333333,1218.0,204.66666666666666,251.0,598.6666666666666,3.175,6.1,142.25,277.0,88.0
SV026,R,77,3,0,1,1,3,Response,2297.485714285714,2897.9,1197.7285714285715,1354.6,192.42857142857142,202.0,547.4285714285714,4.8625,9.6,229.375,445.0,129.5
SV026,R,78,3,3,1,1,3,Response,2394.2999999999997,2942.7,1229.6714285714286,1358.4,190.85714285714286,238.0,474.2857142857143,5.6625000000000005,9.6,182.75,358.0,94.5
SV026,R,79,2,3,1,0,3,Response,991.5285714285714,1853.5,1243.042857142857,1355.6,180.0,200.0,613.1428571428571,5.775,11.4,206.5,339.0,94.0
SV026,R,80,3,3,1,0,3,Response,1403.2875,1808.1,1114.7625,1290.0,194.25,216.0,359.5,5.144444444444444,10.2,213.55555555555554,480.0,103.11111111111111
SV026,R,81,3,3,0,1,3,Response,1985.9333333333334,2344.6,1141.2333333333333,1156.3,211.66666666666666,249.0,697.3333333333334,2.7249999999999996,5.2,201.75,308.0,92.0
SV026,R,82,2,2,1,1,2,Response,2556.275,2996.9,1222.575,1307.6,195.0,214.0,556.0,7.38,9.9,267.4,385.0,107.2
SV026,R,83,3,2,0,1,2,Response,2268.35,2780.9,1148.75,1192.2,177.5,189.0,472.0,5.766666666666667,8.5,199.66666666666666,305.0,94.66666666666667
SV026,R,84,2,0,1,1,2,Response,2363.925,2769.2,1212.0,1300.4,176.25,252.0,421.0,2.8200000000000003,7.5,139.0,268.0,49.6
SV026,R,85,2,3,0,1,3,Response,2153.8,2837.0,1170.6750000000002,1280.9,212.25,256.0,431.0,4.16,9.2,171.4,377.0,63.2
SV026,R,86,3,2,1,1,2,Response,2147.65,2734.1,1173.5666666666666,1300.0,214.0,267.0,386.6666666666667,2.2714285714285714,7.3,153.14285714285714,339.0,85.14285714285714
SV026,R,87,3,2,0,0,2,Response,878.5,952.6,1240.05,1242.3,198.5,236.0,428.0,5.066666666666666,7.8,172.33333333333334,249.0,34.666666666666664
SV026,R,88,3,3,0,1,2,Response,2030.8249999999998,2695.1,1092.725,1119.1,183.75,193.0,719.0,3.3200000000000003,7.9,244.6,410.0,134.4
SV026,R,89,3,2,0,0,2,Response,,,,,,,,0.1,0.1,259.0,259.0,176.0
SV026,R,90,3,2,0,1,2,Response,2031.55,2870.7,1097.775,1115.9,194.25,213.0,572.0,2.6444444444444444,8.3,201.88888888888889,410.0,84.88888888888889
SV026,R,91,3,3,1,1,3,Response,2156.9333333333334,2639.0,1162.2,1259.8,171.0,202.0,549.3333333333334,3.15,6.0,156.5,301.0,90.0
SV026,R,92,2,2,1,1,2,Response,1946.7,1946.7,1134.3,1134.3,263.0,263.0,344.0,0.8500000000000001,0.9,197.0,322.0,140.0
SV026,R,93,2,2,1,0,2,Response,,,,,,,,,,,,
SV026,R,94,3,0,0,1,2,Response,2118.85,2921.9,1173.5666666666666,1538.2,188.16666666666666,224.0,248.66666666666666,3.2857142857142856,9.0,180.28571428571428,411.0,61.714285714285715
SV026,R,95,2,2,1,0,2,Response,,,,,,,,,,,,
SV026,R,96,2,3,1,0,3,Response,1363.35,1900.3,1169.6,1314.3,182.5,206.0,160.0,6.066666666666666,10.2,221.33333333333334,422.0,106.66666666666667
SV026,R,97,2,0,0,1,3,Response,2348.1,2833.0,1106.05,1146.8,203.0,213.0,506.0,5.7,9.3,300.3333333333333,474.0,145.33333333333334
SV026,R,98,3,2,1,0,2,Response,890.0799999999999,1797.6,1248.4,1323.7,190.2,232.0,313.6,3.283333333333333,8.3,131.83333333333334,279.0,26.0
SV026,R,99,3,3,1,1,3,Response,2889.45,2977.0,1336.3000000000002,1356.9,202.5,206.0,150.0,6.266666666666667,10.4,242.0,380.0,82.66666666666667
SV026,R,100,2,0,0,0,3,Response,,,,,,,,,,,,
SV026,R,101,2,3,0,1,3,Response,2424.0,2902.5,1160.65,1193.5,219.5,222.0,910.0,6.099999999999999,9.6,252.66666666666666,449.0,100.0
SV026,R,102,2,0,1,1,2,Response,2134.6,2134.6,1164.7,1164.7,187.0,187.0,836.0,1.7999999999999998,2.3,115.5,137.0,22.0
SV026,R,103,3,2,0,0,2,Response,1754.6,1754.6,1165.0,1165.0,274.0,274.0,496.0,0.65,0.8,71.0,74.0,14.0
SV026,R,104,3,0,1,0,3,Response,1488.1399999999999,1796.7,1127.96,1276.4,228.0,241.0,412.8,3.3499999999999996,9.0,166.66666666666666,466.0,54.666666666666664
SV026,R,105,2,2,0,1,2,Response,,,,,,,,,,,,
SV026,R,106,2,3,0,1,3,Response,2472.15,2878.5,1139.3000000000002,1183.2,186.0,216.0,290.0,4.266666666666667,7.8,193.0,290.0,44.0
SV026,R,107,2,3,0,1,3,Response,2259.0333333333333,2925.1,1171.6666666666667,1270.9,220.33333333333334,255.0,681.3333333333334,4.85,9.1,178.5,375.0,60.0
SV026,R,108,3,0,0,0,3,Response,,,,,,,,,,,,
SV026,R,109,3,2,1,0,2,Response,693.9,744.5,1224.15,1255.3,203.0,235.0,130.0,6.1000000000000005,9.4,315.3333333333333,483.0,104.0
SV026,R,110,3,0,0,1,2,Response,2400.777777777778,3011.2,1181.1666666666667,1352.9,218.22222222222223,275.0,500.8888888888889,3.7599999999999993,9.5,182.4,475.0,62.4
SV026,R,111,2,2,1,1,2,Response,2372.475,2804.0,1204.825,1315.3,190.0,263.0,571.0,3.2600000000000002,7.6,154.8,265.0,82.4
SV026,R,112,3,2,0,0,2,Response,1130.2,1785.4,1186.0333333333333,1349.0,173.33333333333334,194.0,514.6666666666666,4.574999999999999,8.6,170.0,275.0,57.0
SV026,R,113,3,3,0,1,3,Response,2226.6,2226.6,1318.5,1318.5,269.0,269.0,424.0,3.0,3.9,170.0,211.0,86.0
SV026,R,114,3,0,1,0,3,Response,797.3,887.2,1290.2,1296.7,167.5,171.0,440.0,6.333333333333333,10.2,222.66666666666666,311.0,101.33333333333333
SV026,R,115,2,0,0,1,3,Response,2266.866666666667,2915.6,1173.1333333333334,1262.0,207.33333333333334,258.0,572.0,4.925000000000001,9.4,180.25,374.0,87.0
SV026,R,116,2,0,0,1,3,Response,2228.15,2439.1,1122.15,1133.1,221.0,250.0,764.0,2.433333333333333,4.3,125.0,161.0,25.333333333333332
SV026,R,117,2,3,0,0,3,Response,924.9666666666667,1054.9,1151.2666666666667,1224.1,198.66666666666666,237.0,380.0,3.6500000000000004,7.5,143.0,269.0,29.0
SV026,R,118,3,3,1,1,2,Response,2453.15,2760.3,1231.525,1339.8,209.75,277.0,286.0,3.46,6.2,207.8,438.0,72.0
SV026,R,119,2,3,0,1,2,Response,2116.05,2813.9,1116.9625,1165.4,201.5,264.0,807.5,2.8666666666666667,8.4,143.11111111111111,369.0,72.44444444444444
SV026,R,120,3,3,0,0,3,Response,1330.8333333333333,1695.0,1129.3666666666666,1199.8,192.33333333333334,200.0,296.0,3.15,6.6,157.5,282.0,50.0
SV026,R,121,2,2,1,1,2,Response,2097.2,2387.0,1155.15,1201.8,183.5,203.0,770.0,3.8000000000000003,5.4,188.5,269.0,152.0
SV026,R,122,3,0,1,0,2,Response,877.8,999.1,1270.6,1297.6,189.0,220.0,202.0,5.866666666666666,9.2,272.0,326.0,114.66666666666667
SV026,R,123,3,2,1,1,2,Response,2838.6,2838.6,1306.9,1306.9,160.0,160.0,580.0,8.95,9.1,214.0,232.0,124.0
SV026,R,124,3,3,0,0,3,Response,,,,,,,,0.3,0.3,210.0,210.0,196.0
SV026,R,125,2,2,1,0,2,Response,1220.7166666666667,1853.9,1218.0333333333333,1326.5,199.33333333333334,222.0,468.0,4.142857142857143,9.2,176.28571428571428,360.0,55.42857142857143
SV026,R,126,2,0,1,1,2,Response,2375.7,2821.4,1230.35,1336.7,177.0,177.0,192.0,5.766666666666666,9.2,311.0,343.0,190.66666666666666
SV026,R,127,3,3,1,0,3,Response,853.7,853.7,1201.5,1201.5,174.0,174.0,420.0,7.85,8.4,215.0,226.0,50.0
SV026,R,128,3,0,0,0,3,Response,977.8,977.8,1043.9,1043.9,194.0,194.0,548.0,6.4,6.6,192.5,215.0,44.0
SV026,R,129,3,2,1,0,2,Response,1434.7666666666667,1836.0,1135.3166666666666,1217.5,214.16666666666666,241.0,710.6666666666666,3.7142857142857144,8.1,228.71428571428572,487.0,106.28571428571429
SV026,R,130,2,2,0,0,2,Response,1454.2,1702.0,1078.3,1098.5,215.5,269.0,408.0,2.7999999999999994,4.1,226.0,505.0,90.66666666666667
SV026,R,131,3,0,0,1,2,Response,2338.2000000000003,3040.8,1187.7666666666667,1327.6,196.0,225.0,585.3333333333334,5.25,10.2,186.5,374.0,85.0
SV026,R,132,3,3,0,1,3,Response,2424.45,2880.9,1145.9499999999998,1175.1,199.0,235.0,716.0,5.266666666666667,8.5,197.0,354.0,84.0
SV026,R,133,3,0,1,0,3,Response,1464.1636363636362,1863.8,1215.3090909090909,1548.6,207.1818181818182,271.0,608.3636363636364,4.666666666666667,8.7,186.41666666666666,378.0,57.0
SV026,R,134,2,3,1,1,3,Response,2683.1777777777775,3143.4,1266.4222222222222,1363.1,193.22222222222223,296.0,644.8888888888889,4.68,11.0,154.1,261.0,58.0
SV026,R,135,2,3,0,0,3,Response,1096.0,1096.0,1156.4,1156.4,148.0,148.0,124.0,5.85,6.6,218.0,285.0,154.0
SV026,R,136,3,2,1,1,2,Response,2295.633333333333,2768.1,1189.5,1283.5,177.0,181.0,378.6666666666667,6.375,9.6,255.25,405.0,131.0
SV026,R,137,2,2,1,0,2,Response,1843.0,1843.0,1095.8,1095.8,219.0,219.0,3352.0,0.65,0.8,183.0,301.0,96.0
SV026,R,138,2,0,0,1,2,Response,2992.2,2992.2,1414.2,1414.2,197.0,197.0,180.0,10.3,10.7,278.0,367.0,142.0
SV026,R,139,2,2,1,0,2,Response,833.9,833.9,1264.7,1264.7,253.0,253.0,148.0,7.949999999999999,9.1,347.0,482.0,128.0
SV026,R,140,2,0,1,0,2,Response,787.0333333333333,865.5,1238.2333333333333,1293.5,200.0,238.0,89.33333333333333,4.45,7.7,246.75,401.0,86.0
SV026,R,141,2,3,0,0,3,Response,1436.6000000000001,1688.9,1058.4333333333334,1075.8,235.66666666666666,276.0,236.0,3.4,6.3,218.75,496.0,73.0
SV026,R,142,3,0,0,0,3,Response,,,,,,,,,,,,
SV026,R,143,2,0,1,0,2,Response,1439.9333333333334,1827.2,1149.4333333333334,1330.9,204.33333333333334,215.0,372.0,4.7250000000000005,9.8,184.0,391.0,89.0
SV026,R,144,3,3,0,1,3,Response,2206.866666666667,2811.9,1094.3333333333333,1114.0,207.33333333333334,265.0,658.6666666666666,4.275,8.0,210.0,314.0,149.0
SV026,R,145,3,2,1,0,2,Response,1221.3333333333333,1895.4,1204.35,1304.8,208.0,229.0,508.0,6.3999999999999995,7.8,254.71428571428572,367.0,92.0
SV026,R,146,2,0,1,0,2,Response,971.9000000000001,1165.2,1252.45,1287.5,227.0,246.0,1130.0,5.466666666666666,9.1,249.66666666666666,319.0,116.0
SV026,R,147,3,0,0,1,3,Response,1802.9,1802.9,1129.9,1129.9,258.0,258.0,520.0,1.25,2.1,274.5,287.0,184.0
SV026,R,148,2,3,0,1,3,Response,2057.1,2057.1,1156.8,1156.8,189.0,189.0,396.0,1.25,1.3,89.5,92.0,20.0
SV026,R,149,2,3,1,1,2,Response,2559.7200000000003,2923.8,1376.26,1801.2,216.8,276.0,480.8,3.9166666666666665,9.6,171.66666666666666,323.0,30.0
SV026,R,150,3,2,1,1,2,Response,2459.4,2734.7,1236.3999999999999,1305.0,186.0,238.0,352.0,3.25,5.6,135.75,214.0,29.0
SV026,R,151,2,2,0,1,2,Response,2456.7,2958.0,1213.48,1379.0,202.2,258.0,604.8,6.166666666666667,10.0,250.83333333333334,462.0,140.0
SV026,R,152,3,2,1,0,2,Response,1167.2,1843.9,1234.1333333333334,1316.8,220.0,273.0,682.6666666666666,4.0249999999999995,8.7,177.0,344.0,67.0
SV026,R,153,2,0,1,0,2,Response,1119.4,1490.3,1155.6,1217.3,232.0,232.0,212.0,4.133333333333334,8.8,172.0,298.0,76.0
SV026,R,154,2,3,1,0,3,Response,1214.975,1868.8,1221.25,1302.9,225.5,286.0,375.0,3.6666666666666665,9.6,152.11111111111111,291.0,47.55555555555556
SV026,R,155,2,2,0,0,2,Response,1148.45,1785.2,1196.725,1420.2,209.25,259.0,467.0,4.4,7.8,212.4,302.0,61.6
SV026,R,156,3,2,1,0,2,Response,849.0,849.0,1227.9,1227.9,173.0,173.0,908.0,6.8,7.3,191.5,216.0,78.0
SV026,R,157,3,2,1,1,2,Response,2026.9833333333333,2911.7,1163.6666666666667,1322.9,213.16666666666666,260.0,866.6666666666666,3.8666666666666667,9.6,238.83333333333334,443.0,140.66666666666666
SV026,R,158,2,3,1,0,2,Response,1264.1750000000002,1774.5,1208.375,1284.0,232.5,278.0,450.0,3.4200000000000004,8.9,196.8,356.0,52.8
SV026,R,159,3,3,0,1,3,Response,2581.6142857142854,3045.7,1173.3857142857144,1407.7,217.42857142857142,273.0,461.14285714285717,5.325,9.4,185.875,366.0,73.0
SV026,R,160,3,0,0,1,2,Response,2396.9,2968.7,1149.757142857143,1316.3,197.14285714285714,225.0,801.1428571428571,6.775,10.0,242.5,380.0,114.5
SV026,R,161,2,2,1,1,2,Response,2395.0333333333333,2719.5,1238.3333333333333,1281.4,227.66666666666666,266.0,297.3333333333333,3.4000000000000004,7.4,224.75,481.0,81.0
SV026,R,162,3,3,1,1,3,Response,2754.05,2864.5,1281.9,1308.5,236.5,251.0,338.0,3.533333333333333,7.3,123.0,160.0,34.666666666666664
SV026,R,163,2,0,1,1,2,Response,2632.125,2925.5,1245.675,1279.9,217.25,267.0,605.0,2.62,6.2,198.2,415.0,80.8
SV026,R,164,3,2,1,1,2,Response,2314.1666666666665,2784.9,1188.8666666666668,1271.9,204.66666666666666,254.0,681.3333333333334,3.25,7.3,147.25,260.0,61.0
SV026,R,165,2,2,0,1,2,Response,2532.7,3014.4,1211.0500000000002,1286.9,193.75,249.0,440.0,7.2,10.8,266.0,502.0,141.6
SV026,R,166,3,2,0,1,2,Response,2304.04,2891.1,1087.16,1143.2,214.2,244.0,607.2,5.233333333333333,8.0,168.66666666666666,356.0,68.0
SV026,R,167,3,3,0,0,3,Response,1245.2666666666667,1823.9,1133.4333333333334,1176.5,217.33333333333334,248.0,489.3333333333333,6.5,7.2,202.66666666666666,228.0,66.66666666666667
SV026,R,168,3,3,1,1,3,Response,2278.06,2925.9,1179.14,1335.7,206.2,261.0,437.6,5.333333333333333,10.0,189.0,373.0,104.66666666666667
SV026,R,169,2,3,1,0,3,Response,976.6500000000001,1640.4,1276.825,1334.4,215.0,285.0,356.0,3.9,8.9,155.2,269.0,49.6
SV026,R,170,3,3,1,0,3,Response,1501.1,1826.5,1153.1,1198.7,249.5,255.0,1986.0,5.5,6.4,258.0,402.0,89.33333333333333
SV026,R,171,2,2,0,1,2,Response,1428.4,1428.4,1508.0,1508.0,80.0,80.0,28.0,5.6,7.1,226.0,256.0,54.0
SV026,R,172,2,2,0,0,2,Response,,,,,,,,,,,,
SV026,R,173,2,0,1,0,2,Response,740.1,740.1,1303.4,1303.4,186.0,186.0,436.0,8.3,9.1,234.0,272.0,110.0
SV026,R,174,3,2,1,1,2,Response,2574.4333333333334,2982.3,1269.1333333333334,1358.4,185.0,218.0,520.0,4.6000000000000005,9.3,170.25,275.0,72.0
SV026,R,175,3,2,0,1,2,Response,1932.0,1932.0,1126.9,1126.9,256.0,256.0,820.0,0.5,0.5,63.0,63.0,12.0
SV026,R,176,3,2,0,1,2,Response,2903.2,2903.2,1251.2,1251.2,185.0,185.0,168.0,8.65,9.5,250.5,331.0,160.0
SV026,R,177,3,2,0,0,2,Response,1481.8666666666668,1844.4,1114.3999999999999,1174.2,182.0,223.0,1232.0,3.6999999999999997,7.0,189.25,302.0,142.0
SV026,R,178,3,2,1,1,2,Response,2382.05,2926.5,1211.85,1303.8,224.5,238.0,1162.0,6.433333333333333,9.9,379.6666666666667,461.0,162.66666666666666
SV026,R,179,2,0,0,0,2,Response,,,,,,,,,,,,
SV026,R,180,2,2,0,0,2,Response,994.5666666666666,1107.7,1297.5,1428.9,218.0,267.0,61.333333333333336,4.625,8.1,234.5,365.0,109.0
SV026,R,181,2,2,0,0,2,Response,,,,,,,,,,,,
SV026,R,182,2,2,1,0,2,Response,579.7,579.7,1221.1,1221.1,186.0,186.0,176.0,10.3,10.3,283.0,327.0,224.0
SV026,R,183,2,2,1,1,2,Response,2494.2000000000003,2907.2,1186.8333333333333,1265.1,175.33333333333334,198.0,176.0,4.775,9.8,209.0,353.0,81.0
SV026,R,184,2,2,0,0,2,Response,,,,,,,,0.5,0.5,56.0,56.0,12.0
SV026,R,185,3,3,1,0,3,Response,1188.375,1846.7,1177.4625,1337.5,242.25,289.0,786.0,4.022222222222222,10.4,175.11111111111111,406.0,71.55555555555556
SV026,R,186,3,2,1,0,2,Response,1138.95,1748.0,1182.2333333333333,1281.7,217.0,315.0,220.0,3.6285714285714286,9.3,246.28571428571428,546.0,80.57142857142857
SV026,R,187,3,3,1,0,3,Response,868.1500000000001,953.6,1227.25,1234.8,242.0,302.0,326.0,5.566666666666666,8.9,224.33333333333334,279.0,73.33333333333333
SV026,R,188,3,3,1,1,3,Response,2796.576923076923,3148.0,1737.353846153846,3270.0,215.46153846153845,275.0,489.2307692307692,7.792857142857143,21.5,220.57142857142858,490.0,72.28571428571429
SV026,R,189,3,2,0,0,2,Response,,,,,,,,0.5,0.5,60.0,60.0,12.0
SV026,R,190,3,3,0,0,3,Response,,,,,,,,,,,,
SV026,R,191,2,2,0,0,2,Response,,,,,,,,,,,,
SV026,R,192,2,3,0,0,3,Response,1058.4,1058.4,1016.9,1016.9,270.0,270.0,172.0,5.8,6.1,239.0,293.0,108.0
SV026,R,193,3,0,0,0,3,Response,1703.4923076923078,3077.3,1681.7999999999997,3270.0,259.6923076923077,318.0,468.3076923076923,10.014285714285714,24.5,279.35714285714283,499.0,124.0
SV026,R,194,2,2,1,1,2,Response,2529.3999999999996,2802.7,1157.3000000000002,1246.9,179.5,187.0,162.0,5.033333333333334,7.7,236.33333333333334,370.0,101.33333333333333
SV026,R,195,3,2,0,1,2,Response,,,,,,,,0.8,0.8,73.0,73.0,16.0
SV026,R,196,3,0,0,0,3,Response,1311.35,1763.2,1122.95,1186.4,223.0,235.0,552.0,4.666666666666667,6.8,167.66666666666666,266.0,80.0
SV026,R,197,2,3,1,1,3,Response,2709.6666666666665,2845.1,1258.3333333333333,1282.6,190.33333333333334,204.0,489.3333333333333,2.55,5.9,121.0,181.0,25.0
SV026,R,198,2,0,0,0,2,Response,1524.58,2068.6,1164.02,1728.0,219.6,263.0,324.0,4.733333333333333,7.8,197.0,307.0,65.33333333333333
SV026,R,199,2,2,1,1,2,Response,2696.5416666666665,3144.4,1277.125,1723.8,214.08333333333334,245.0,353.0,3.7,8.2,165.15384615384616,353.0,46.15384615384615
SV026,R,200,2,0,0,0,2,Response,,,,,,,,,,,,
SV026,R,201,2,0,0,1,2,Response,2686.5,3061.0,1155.5400000000002,1217.9,195.6,218.0,165.6,4.083333333333333,10.5,204.83333333333334,364.0,88.66666666666667
SV026,R,202,2,0,0,1,2,Response,2388.6400000000003,3046.2,1173.6200000000001,1347.8,236.8,293.0,943.2,6.283333333333334,9.8,193.83333333333334,349.0,77.33333333333333
SV026,R,203,3,3,0,0,3,Response,1174.0666666666666,1824.7,1232.3,1414.9,214.0,229.0,297.3333333333333,4.425000000000001,8.9,223.5,290.0,102.0
SV026,R,204,3,3,0,0,3,Response,,,,,,,,1.0,1.0,87.0,87.0,16.0
SV026,R,205,2,3,0,1,3,Response,2123.633333333333,2427.1,1140.6666666666667,1197.9,236.0,282.0,580.0,3.825,5.7,165.75,212.0,113.0
SV026,R,206,3,2,0,0,2,Response,1239.8,1849.1,1164.425,1316.9,233.0,295.0,274.0,3.94,8.2,208.0,391.0,75.2
SV026,R,207,2,2,0,1,2,Response,1841.9,1841.9,1082.3,1082.3,218.0,218.0,1752.0,0.2,0.2,267.0,267.0,240.0
SV026,R,208,2,0,1,0,2,Response,586.85,624.5,1400.65,1623.6,182.5,258.0,104.0,6.1000000000000005,8.6,231.0,240.0,78.66666666666667
SV026,R,209,2,2,1,0,2,Response,1202.72,1835.4,1178.98,1281.7,223.4,274.0,428.8,5.533333333333334,9.8,174.83333333333334,268.0,62.666666666666664
SV026,R,210,2,3,0,0,3,Response,1145.3999999999999,1717.0,1215.2,1302.8,250.33333333333334,314.0,301.3333333333333,3.475,6.9,127.25,197.0,30.0
SV026,R,211,2,0,1,1,3,Response,2306.8714285714286,3006.6,1285.3285714285714,1876.8,231.57142857142858,306.0,285.14285714285717,5.275,9.6,210.25,380.0,58.5
SV026,R,212,2,2,0,1,2,Response,2447.0,3057.9,1154.3285714285714,1386.7,206.85714285714286,234.0,583.4285714285714,6.1125,9.5,177.625,357.0,79.5
SV026,R,213,3,3,1,0,3,Response,594.75,701.1,1297.85,1302.6,212.0,239.0,270.0,6.666666666666667,11.0,181.33333333333334,268.0,74.66666666666667
SV026,R,214,3,0,0,0,3,Response,817.9,817.9,1244.7,1244.7,218.0,218.0,1140.0,7.25,7.4,244.0,263.0,114.0
SV026,R,215,2,3,0,1,3,Response,2722.625,3022.5,1195.175,1376.5,210.25,229.0,475.0,7.74,10.1,185.6,267.0,76.0
SV026,R,216,2,3,1,1,2,Response,2336.7166666666667,3027.3,1176.2,1347.7,235.83333333333334,279.0,674.6666666666666,2.7285714285714286,7.0,132.57142857142858,255.0,46.857142857142854
SV026,R,217,2,3,0,0,2,Response,1173.6666666666667,1766.6,1158.3333333333333,1208.9,244.33333333333334,314.0,746.6666666666666,3.85,7.2,232.0,486.0,74.0
SV026,R,218,3,2,0,0,2,Response,806.7,806.7,1373.5,1373.5,206.0,206.0,352.0,8.3,8.9,224.0,226.0,104.0
SV026,R,219,3,0,1,1,2,Response,2404.841176470588,3011.9,1204.8176470588235,1712.5,233.05882352941177,289.0,299.05882352941177,3.888888888888889,9.2,183.22222222222223,357.0,63.111111111111114
SV026,R,220,3,2,1,0,2,Response,1346.4499999999998,1768.6,1097.35,1215.0,192.0,208.0,184.0,5.2,7.6,200.33333333333334,355.0,110.66666666666667
SV026,R,221,3,2,1,0,2,Response,1113.5,1113.5,1248.8,1248.8,212.0,212.0,156.0,5.6,6.9,259.5,368.0,130.0
SV026,R,222,2,2,1,1,2,Response,2369.1142857142854,2773.0,1244.8428571428572,1602.8,194.14285714285714,237.0,937.1428571428571,5.275,7.8,232.125,361.0,74.5
SV026,R,223,2,0,0,1,2,Response,2627.9142857142856,3012.2,1160.4857142857143,1373.6,219.71428571428572,239.0,530.2857142857143,7.125,10.8,223.875,405.0,97.0
SV026,R,224,2,0,1,1,2,Response,2389.866666666667,2771.0,1162.8333333333333,1260.1,224.33333333333334,295.0,525.3333333333334,3.15,6.2,218.5,500.0,76.0
SV026,R,225,2,3,0,0,3,Response,1255.7,1846.5,1079.4666666666667,1132.9,245.66666666666666,262.0,638.6666666666666,6.95,8.3,272.75,415.0,139.0
SV026,R,226,3,0,0,1,2,Response,2305.9166666666665,2894.7,1114.8,1355.3,228.0,291.0,248.66666666666666,5.714285714285714,9.2,238.71428571428572,450.0,87.42857142857143
SV026,R,227,3,0,0,1,2,Response,2053.9,2053.9,1054.7,1054.7,287.0,287.0,272.0,0.9,1.0,81.5,90.0,16.0
SV026,R,228,2,3,1,1,2,Response,2614.175,2795.1,1341.825,1695.2,224.75,301.0,318.0,4.24,8.1,195.8,368.0,44.8
SV026,R,229,3,3,1,1,3,Response,2779.875,3148.0,1242.85,1292.6,236.75,301.0,905.0,3.5599999999999996,9.2,164.4,266.0,77.6
SV026,R,230,2,2,1,0,2,Response,1167.92,1832.9,1193.54,1296.1,200.8,232.0,864.8,5.516666666666667,9.7,175.5,213.0,42.0
SV026,R,231,3,0,0,1,2,Response,,,,,,,,,,,,
SV026,R,232,3,0,1,0,3,Response,1382.1699999999998,1797.0,1140.67,1286.9,235.7,297.0,692.0,2.890909090909091,7.5,143.27272727272728,276.0,45.09090909090909
SV026,R,233,3,2,1,0,2,Response,939.3499999999999,1174.1,1220.25,1256.5,251.0,293.0,414.0,4.833333333333333,9.0,164.0,242.0,72.0
SV026,R,234,2,3,0,0,2,Response,902.4,902.4,1010.3,1010.3,170.0,170.0,168.0,6.9,7.5,245.0,326.0,146.0
SV026,R,235,2,0,0,0,2,Response,1674.6,1674.6,1049.1,1049.1,303.0,303.0,344.0,1.2,1.7,94.5,123.0,18.0
SV026,R,236,3,3,0,1,2,Response,2528.9,2981.9,1161.7,1343.6,214.0,260.0,510.0,5.6,8.7,236.6,324.0,118.4
SV026,R,237,2,0,0,1,3,Response,2529.425,3025.6,1158.425,1349.9,256.0,311.0,679.0,7.3,11.6,238.2,326.0,102.4
SV026,R,238,3,0,1,0,3,Response,675.4,675.4,1235.9,1235.9,173.0,173.0,240.0,9.15,9.4,227.5,284.0,142.0
SV026,R,239,3,0,0,1,2,Response,2126.675,2971.1,1125.75,1247.9,218.75,235.0,1221.0,4.3,10.0,258.8,338.0,156.8
SV026,R,240,3,3,1,0,3,Response,1320.4428571428573,1821.4,1180.5571428571427,1275.3,257.0,322.0,668.0,5.1125,7.2,284.25,525.0,90.5
SV026,R,241,3,0,1,1,0,Response,,,,,,,,,,,,
SV026,R,242,3,2,1,1,2,Response,,,,,,,,,,,,
SV026,R,243,2,0,1,1,0,Response,,,,,,,,,,,,
SV026,R,244,2,0,0,0,0,Response,,,,,,,,,,,,
SV026,R,245,3,3,1,1,3,Response,,,,,,,,,,,,
SV026,R,246,3,0,1,1,0,Response,,,,,,,,,,,,
SV026,R,247,2,0,1,0,0,Response,,,,,,,,,,,,
SV026,R,248,2,2,0,1,2,Response,,,,,,,,,,,,
SV026,R,249,3,2,0,0,2,Response,,,,,,,,,,,,
SV026,R,250,3,0,1,1,0,Response,,,,,,,,,,,,
SV026,R,251,3,2,0,0,2,Response,,,,,,,,,,,,
SV026,R,252,3,2,1,0,2,Response,,,,,,,,0.5,0.5,313.0,313.0,172.0
SV026,R,253,2,2,1,1,2,Response,,,,,,,,,,,,
SV026,R,254,2,0,0,1,0,Response,,,,,,,,,,,,
SV026,R,255,2,0,1,1,2,Response,,,,,,,,,,,,
SV026,R,256,2,2,1,1,2,Response,,,,,,,,,,,,
SV026,R,257,2,3,1,0,3,Response,,,,,,,,,,,,
SV026,R,258,2,0,0,1,0,Response,,,,,,,,,,,,
SV026,R,259,3,0,0,1,0,Response,,,,,,,,,,,,
SV026,R,260,3,0,0,1,0,Response,,,,,,,,,,,,
SV026,R,261,2,3,1,1,3,Response,,,,,,,,,,,,
SV026,R,262,3,3,1,0,3,Response,,,,,,,,,,,,
SV026,R,263,2,3,1,0,3,Response,,,,,,,,0.9,0.9,231.0,231.0,100.0
SV026,R,264,3,3,0,0,3,Response,,,,,,,,,,,,
SV026,R,265,3,3,0,0,3,Response,,,,,,,,,,,,
SV026,R,266,2,2,1,0,2,Response,,,,,,,,,,,,
SV026,R,267,2,0,1,0,0,Response,,,,,,,,,,,,
SV026,R,268,3,0,1,0,0,Response,,,,,,,,0.9,0.9,405.0,405.0,184.0
SV026,R,269,3,0,1,1,0,Response,,,,,,,,,,,,
SV026,R,270,2,0,0,1,0,Response,,,,,,,,,,,,
SV026,R,271,2,3,1,1,3,Response,,,,,,,,,,,,
SV026,R,272,3,2,1,1,2,Response,,,,,,,,,,,,
SV026,R,273,2,3,0,1,3,Response,,,,,,,,,,,,
SV026,R,274,3,2,0,1,2,Response,,,,,,,,,,,,
SV026,R,275,2,3,0,1,3,Response,,,,,,,,,,,,
SV026,R,276,2,3,0,0,3,Response,,,,,,,,,,,,
SV026,R,277,3,0,0,1,0,Response,,,,,,,,0.3,0.3,442.0,442.0,204.0
SV026,R,278,3,0,1,1,0,Response,,,,,,,,,,,,
SV026,R,279,3,0,0,1,0,Response,,,,,,,,,,,,
SV026,R,280,3,3,1,1,3,Response,,,,,,,,,,,,
SV026,R,281,3,3,1,0,3,Response,,,,,,,,,,,,
SV026,R,282,2,0,1,0,2,Response,,,,,,,,,,,,
SV026,R,283,3,2,0,0,2,Response,,,,,,,,,,,,
SV026,R,284,2,3,0,0,3,Response,,,,,,,,1.7,1.7,418.0,418.0,252.0
SV026,R,285,3,3,0,0,3,Response,,,,,,,,,,,,
SV026,R,286,2,2,0,0,2,Response,,,,,,,,,,,,
SV026,R,287,2,0,0,0,0,Response,,,,,,,,,,,,
SV026,R,288,2,3,1,0,3,Response,,,,,,,,0.7,0.7,501.0,501.0,212.0
SV026,R,289,3,0,1,1,0,Response,,,,,,,,,,,,
SV026,R,290,2,2,1,1,2,Response,,,,,,,,,,,,
SV026,R,291,2,2,1,1,2,Response,,,,,,,,,,,,
SV026,R,292,2,2,1,0,2,Response,,,,,,,,,,,,
SV026,R,293,3,0,1,1,0,Response,,,,,,,,,,,,
SV026,R,294,3,2,0,1,2,Response,,,,,,,,,,,,
SV026,R,295,3,0,1,0,0,Response,,,,,,,,,,,,
SV026,R,296,3,3,1,0,3,Response,,,,,,,,0.5,0.5,476.0,476.0,220.0
SV026,R,297,3,2,1,0,2,Response,,,,,,,,,,,,
SV026,R,298,3,2,0,1,2,Response,,,,,,,,,,,,
SV026,R,299,3,3,1,0,3,Response,,,,,,,,,,,,
SV026,R,300,3,2,0,0,2,Response,,,,,,,,0.3,0.3,227.0,227.0,144.0
SV026,R,301,3,0,1,0,0,Response,,,,,,,,,,,,
SV026,R,302,2,0,1,1,0,Response,,,,,,,,,,,,
SV026,R,303,3,3,0,1,3,Response,,,,,,,,,,,,
SV026,R,304,2,0,1,1,2,Response,,,,,,,,,,,,
SV026,R,305,2,2,1,0,2,Response,,,,,,,,,,,,
SV026,R,306,2,3,0,1,3,Response,,,,,,,,,,,,
SV026,R,307,2,0,0,0,0,Response,,,,,,,,,,,,
SV026,R,308,3,2,0,0,2,Response,,,,,,,,,,,,
SV026,R,309,3,0,1,0,0,Response,,,,,,,,,,,,
SV026,R,310,2,3,1,1,3,Response,,,,,,,,0.6,0.6,382.0,382.0,224.0
SV026,R,311,2,2,0,0,2,Response,,,,,,,,,,,,
SV026,R,312,2,0,0,1,0,Response,,,,,,,,,,,,
SV026,R,313,3,0,0,1,0,Response,,,,,,,,,,,,
SV026,R,314,2,3,1,1,3,Response,,,,,,,,,,,,
SV026,R,315,3,0,0,0,0,Response,,,,,,,,,,,,
SV026,R,316,3,2,0,1,2,Response,,,,,,,,,,,,
SV026,R,317,2,0,1,1,0,Response,,,,,,,,,,,,
SV026,R,318,2,2,0,0,2,Response,,,,,,,,,,,,
SV026,R,319,3,0,1,0,0,Response,,,,,,,,,,,,
SV026,R,320,3,3,1,1,3,Response,,,,,,,,,,,,
SV026,R,321,2,2,1,1,2,Response,,,,,,,,,,,,
SV026,R,322,3,3,1,1,3,Response,,,,,,,,,,,,
SV026,R,323,3,2,1,0,2,Response,,,,,,,,,,,,
SV026,R,324,3,0,0,0,0,Response,,,,,,,,,,,,
SV026,R,325,3,2,1,0,2,Response,,,,,,,,,,,,
SV026,R,326,2,3,0,1,3,Response,,,,,,,,,,,,
SV026,R,327,2,2,1,0,2,Response,,,,,,,,0.8,0.8,269.0,269.0,268.0
SV026,R,328,2,3,1,0,3,Response,,,,,,,,,,,,
SV026,R,329,3,2,1,1,2,Response,,,,,,,,,,,,
SV026,R,330,2,2,1,1,2,Response,,,,,,,,,,,,
SV026,R,331,3,2,1,1,2,Response,,,,,,,,,,,,
SV026,R,332,2,0,1,1,0,Response,,,,,,,,0.7,0.7,56.0,56.0,16.0
SV026,R,333,2,0,0,0,0,Response,,,,,,,,,,,,
SV026,R,334,2,0,0,0,0,Response,,,,,,,,,,,,
SV026,R,335,3,3,0,1,3,Response,,,,,,,,,,,,
SV026,R,336,2,0,1,1,0,Response,,,,,,,,1.4,1.4,240.0,240.0,228.0
SV026,R,337,2,3,0,0,3,Response,,,,,,,,,,,,
SV026,R,338,2,3,0,1,3,Response,,,,,,,,,,,,
SV026,R,339,3,2,0,0,2,Response,,,,,,,,,,,,
SV026,R,340,3,3,0,1,3,Response,,,,,,,,,,,,
SV026,R,341,2,2,0,1,2,Response,,,,,,,,,,,,
SV026,R,342,2,2,0,0,2,Response,,,,,,,,,,,,
SV026,R,343,3,2,0,1,2,Response,,,,,,,,0.7,0.7,213.0,213.0,188.0
SV026,R,344,2,0,1,1,0,Response,,,,,,,,,,,,
SV026,R,345,2,3,0,1,3,Response,,,,,,,,,,,,
SV026,R,346,3,3,1,1,3,Response,,,,,,,,,,,,
SV026,R,347,3,2,1,1,3,Response,,,,,,,,,,,,
SV026,R,348,2,2,1,0,2,Response,,,,,,,,,,,,
SV026,R,349,2,3,0,0,3,Response,1836.7,1836.7,1099.6,1099.6,289.0,289.0,180.0,1.7000000000000002,2.1,363.0,539.0,124.0
SV026,R,350,2,0,0,1,0,Response,,,,,,,,,,,,
SV026,R,351,2,2,0,1,2,Response,,,,,,,,,,,,
SV026,R,352,2,3,1,1,3,Response,,,,,,,,,,,,
SV026,R,353,3,2,0,0,2,Response,,,,,,,,,,,,
SV026,R,354,2,0,1,0,0,Response,,,,,,,,,,,,
SV026,R,355,2,0,1,0,0,Response,,,,,,,,,,,,
SV026,R,356,2,2,0,0,2,Response,,,,,,,,,,,,
SV026,R,357,2,0,0,0,0,Response,,,,,,,,,,,,
SV026,R,358,3,0,0,0,0,Response,,,,,,,,0.7,0.7,216.0,216.0,200.0
SV026,R,359,3,0,1,0,0,Response,,,,,,,,0.5,0.5,252.0,252.0,176.0
SV026,R,360,3,3,1,0,3,Response,,,,,,,,0.7,0.7,271.0,271.0,168.0
SV026,R,361,2,3,0,0,3,Response,,,,,,,,,,,,
SV026,R,362,2,3,0,1,3,Response,,,,,,,,,,,,
SV026,R,363,3,2,0,1,2,Response,,,,,,,,,,,,
SV026,R,364,3,3,0,0,3,Response,,,,,,,,,,,,
SV026,R,365,2,3,1,1,3,Response,,,,,,,,,,,,
SV026,R,366,2,2,1,0,2,Response,,,,,,,,,,,,
SV026,R,367,2,0,0,0,0,Response,,,,,,,,,,,,
SV026,R,368,2,3,0,0,3,Response,,,,,,,,,,,,
SV026,R,369,3,0,1,1,0,Response,1892.5,1935.0,1182.6333333333332,1401.0,242.0,250.0,426.6666666666667,1.2,2.2,185.5,274.0,94.0
SV026,R,370,2,3,0,0,3,Response,,,,,,,,,,,,
SV026,R,371,3,0,0,0,0,Response,,,,,,,,,,,,
SV026,R,372,3,2,0,1,2,Response,,,,,,,,0.7,0.7,293.0,293.0,288.0
SV026,R,373,2,2,0,1,2,Response,,,,,,,,0.7,0.7,278.0,278.0,316.0
SV026,R,374,3,2,1,0,2,Response,,,,,,,,,,,,
SV026,R,375,2,3,0,1,3,Response,,,,,,,,,,,,
SV026,R,376,3,3,0,1,3,Response,,,,,,,,,,,,
SV026,R,377,2,2,1,0,2,Response,,,,,,,,,,,,
SV026,R,378,3,3,0,1,3,Response,,,,,,,,,,,,
SV026,R,379,2,2,0,0,2,Response,,,,,,,,,,,,
SV026,R,380,2,3,1,1,3,Response,,,,,,,,0.5,0.5,281.0,281.0,220.0
SV026,R,381,3,2,1,0,2,Response,,,,,,,,,,,,
SV026,R,382,3,3,1,1,3,Response,,,,,,,,,,,,
SV026,R,383,3,3,0,0,3,Response,,,,,,,,0.8,0.8,264.0,264.0,212.0
SV026,R,384,3,0,0,0,0,Response,,,,,,,,,,,,
SV026,R,385,3,2,1,0,2,Response,,,,,,,,,,,,
SV026,R,386,2,0,0,1,0,Response,,,,,,,,,,,,
SV026,R,387,3,0,1,1,0,Response,,,,,,,,,,,,
SV026,R,388,3,3,1,1,3,Response,,,,,,,,,,,,
SV026,R,389,3,0,0,1,0,Response,,,,,,,,0.8,0.8,295.0,295.0,188.0
SV026,R,390,3,3,0,1,3,Response,1952.65,2001.0,1044.3,1048.6,196.5,204.0,278.0,0.7999999999999999,1.0,139.0,272.0,49.333333333333336
SV026,R,391,2,3,1,0,3,Response,1659.7,1659.7,1431.2,1431.2,78.0,78.0,24.0,3.1,3.5,209.0,235.0,84.0
SV026,R,392,2,2,0,1,2,Response,,,,,,,,,,,,
SV026,R,393,2,3,0,1,3,Response,,,,,,,,1.3,1.3,266.0,266.0,156.0
SV026,R,394,3,0,1,0,0,Response,,,,,,,,,,,,
SV026,R,395,3,2,1,1,2,Response,,,,,,,,,,,,
SV026,R,396,2,0,0,1,0,Response,,,,,,,,,,,,
SV026,R,397,2,0,0,1,0,Response,1647.9,1647.9,1489.0,1489.0,76.0,76.0,36.0,3.1,3.7,179.0,199.0,26.0
SV026,R,398,3,0,0,0,0,Response,,,,,,,,,,,,
SV026,R,399,3,0,0,0,0,Response,,,,,,,,,,,,
SV026,R,400,3,2,1,1,2,Response,,,,,,,,0.6,0.6,265.0,265.0,156.0
SV026,R,401,3,0,0,1,0,Response,,,,,,,,0.6,0.6,261.0,261.0,128.0
SV026,R,402,3,2,1,1,2,Response,,,,,,,,0.2,0.2,272.0,272.0,244.0
SV026,R,403,2,3,1,0,3,Response,,,,,,,,,,,,
SV026,R,404,3,3,0,0,3,Response,,,,,,,,,,,,
SV026,R,405,3,2,0,1,2,Response,,,,,,,,,,,,
SV026,R,406,2,2,0,1,2,Response,,,,,,,,,,,,
SV026,R,407,2,2,1,1,2,Response,,,,,,,,,,,,
SV026,R,408,3,3,1,0,3,Response,,,,,,,,1.4,1.4,305.0,305.0,160.0
SV026,R,409,2,2,0,1,2,Response,,,,,,,,,,,,
SV026,R,410,2,0,0,1,0,Response,,,,,,,,1.1,1.1,258.0,258.0,128.0
SV026,R,411,2,3,0,0,3,Response,,,,,,,,0.5,0.5,267.0,267.0,260.0
SV026,R,412,2,2,0,0,2,Response,,,,,,,,,,,,
SV026,R,413,3,3,0,0,3,Response,,,,,,,,,,,,
SV026,R,414,3,0,0,1,0,Response,,,,,,,,,,,,
SV026,R,415,3,3,1,0,3,Response,,,,,,,,0.3,0.3,280.0,280.0,596.0
SV026,R,416,2,2,0,1,2,Response,,,,,,,,,,,,
SV026,R,417,2,3,1,1,3,Response,1796.35,1876.3,1077.85,1078.7,227.0,231.0,776.0,0.55,0.6,63.0,69.0,12.0
SV026,R,418,2,0,1,0,2,Response,,,,,,,,,,,,
SV026,R,419,3,2,0,0,2,Response,,,,,,,,,,,,
SV026,R,420,2,0,1,0,0,Response,,,,,,,,0.2,0.2,295.0,295.0,224.0
SV026,R,421,3,0,0,0,0,Response,,,,,,,,,,,,
SV026,R,422,2,3,1,0,3,Response,,,,,,,,,,,,
SV026,R,423,3,0,0,1,2,Response,,,,,,,,,,,,
SV026,R,424,3,2,0,0,2,Response,,,,,,,,,,,,
SV026,R,425,3,0,1,0,0,Response,,,,,,,,,,,,
SV026,R,426,3,3,0,1,3,Response,,,,,,,,,,,,
SV026,R,427,3,3,0,0,3,Response,,,,,,,,,,,,
SV026,R,428,3,0,0,0,0,Response,,,,,,,,1.1,1.1,237.0,237.0,180.0
SV026,R,429,3,3,0,1,3,Response,,,,,,,,,,,,
SV026,R,430,3,3,1,0,3,Response,,,,,,,,1.7,1.7,262.0,262.0,220.0
SV026,R,431,3,3,1,1,3,Response,,,,,,,,,,,,
SV026,R,432,3,0,1,0,0,Response,,,,,,,,,,,,
SV026,R,433,2,0,1,1,0,Response,,,,,,,,1.3,1.3,283.0,283.0,248.0
SV026,R,434,2,0,1,0,0,Response,,,,,,,,,,,,
SV026,R,435,2,2,1,1,2,Response,,,,,,,,,,,,
SV026,R,436,2,0,0,0,0,Response,,,,,,,,0.3,0.3,249.0,249.0,268.0
SV026,R,437,2,0,0,0,0,Response,,,,,,,,,,,,
SV026,R,438,3,2,1,1,2,Response,379.7,379.7,1010.3,1010.3,240.0,240.0,184.0,11.85,12.5,233.0,267.0,378.0
SV026,R,439,2,0,1,0,0,Response,,,,,,,,,,,,
SV026,R,440,3,2,0,1,2,Response,,,,,,,,0.2,0.2,307.0,307.0,188.0
SV026,R,441,3,3,1,1,3,Response,,,,,,,,,,,,
SV026,R,442,2,3,1,0,3,Response,,,,,,,,,,,,
SV026,R,443,2,3,1,1,3,Response,,,,,,,,,,,,
SV026,R,444,2,2,1,0,2,Response,,,,,,,,,,,,
SV026,R,445,2,3,0,1,3,Response,1876.2,1876.2,1064.7,1064.7,221.0,221.0,1596.0,0.7,0.7,259.0,259.0,188.0
SV026,R,446,2,0,0,1,0,Response,,,,,,,,0.5,0.5,285.0,285.0,196.0
SV026,R,447,2,0,1,0,0,Response,,,,,,,,0.5,0.5,278.0,278.0,212.0
SV026,R,448,3,3,0,0,3,Response,,,,,,,,0.1,0.1,278.0,278.0,216.0
SV026,R,449,2,2,0,1,2,Response,,,,,,,,,,,,
SV026,R,450,3,2,1,0,2,Response,,,,,,,,,,,,
SV026,R,451,3,3,1,0,3,Response,1118.5,1813.1,1303.9666666666667,1938.3,203.0,211.0,456.0,6.5,15.8,263.25,461.0,189.0
SV026,R,452,2,2,1,1,2,Response,,,,,,,,0.4,0.4,296.0,296.0,228.0
SV026,R,453,2,2,1,1,2,Response,2846.75,2848.3,3270.0,3270.0,195.0,222.0,306.0,12.2,24.2,128.5,199.0,112.0
SV026,R,454,2,0,1,1,0,Response,,,,,,,,,,,,
SV026,R,455,3,0,1,1,0,Response,,,,,,,,0.2,0.2,286.0,286.0,192.0
SV026,R,456,2,3,1,0,3,Response,,,,,,,,,,,,
SV026,R,457,3,2,0,1,2,Response,,,,,,,,,,,,
SV026,R,458,3,0,0,0,0,Response,,,,,,,,,,,,
SV026,R,459,3,2,1,0,2,Response,,,,,,,,,,,,
SV026,R,460,3,3,1,0,3,Response,,,,,,,,,,,,
SV026,R,461,3,0,1,0,0,Response,,,,,,,,,,,,
SV026,R,462,2,3,0,0,3,Response,,,,,,,,1.9,1.9,305.0,305.0,316.0
SV026,R,463,2,2,0,0,2,Response,,,,,,,,,,,,
SV026,R,464,3,2,1,0,2,Response,,,,,,,,0.4,0.4,311.0,311.0,188.0
SV026,R,465,3,3,0,1,3,Response,,,,,,,,,,,,
SV026,R,466,2,3,1,1,3,Response,,,,,,,,,,,,
SV026,R,467,2,2,0,1,2,Response,,,,,,,,,,,,
SV026,R,468,3,2,0,0,2,Response,,,,,,,,,,,,
SV026,R,469,2,2,0,0,2,Response,,,,,,,,1.4,1.4,327.0,327.0,124.0
SV026,R,470,3,2,1,1,2,Response,,,,,,,,,,,,
SV026,R,471,2,2,1,0,2,Response,,,,,,,,0.3,0.3,273.0,273.0,236.0
SV026,R,472,3,3,1,1,3,Response,,,,,,,,0.9,0.9,259.0,259.0,236.0
SV026,R,473,3,3,0,0,3,Response,,,,,,,,,,,,
SV026,R,474,3,0,0,1,0,Response,,,,,,,,2.2,2.2,144.0,144.0,52.0
SV026,R,475,2,3,0,0,3,Response,,,,,,,,,,,,
SV026,R,476,3,3,0,1,3,Response,,,,,,,,0.8,0.8,304.0,304.0,212.0
SV026,R,477,2,0,0,0,0,Response,,,,,,,,1.3,1.3,293.0,293.0,192.0
SV026,R,478,2,2,0,0,2,Response,1789.1,1789.1,949.1,949.1,190.0,190.0,164.0,1.0,1.1,160.5,246.0,166.0
SV026,R,479,2,3,1,0,3,Response,,,,,,,,,,,,
SV026,R,480,2,2,1,0,2,Response,,,,,,,,,,,,
SV026,L,1,2,0,1,1,2,Stimulus,,,,,,,,,,,,
SV026,L,2,3,0,1,0,3,Stimulus,,,,,,,,,,,,
SV026,L,3,3,2,0,1,2,Stimulus,,,,,,,,,,,,
SV026,L,4,2,2,0,0,2,Stimulus,,,,,,,,,,,,
SV026,L,5,3,3,1,1,3,Stimulus,,,,,,,,,,,,
SV026,L,6,2,0,0,0,2,Stimulus,,,,,,,,,,,,
SV026,L,7,2,3,1,1,3,Stimulus,,,,,,,,,,,,
SV026,L,8,3,3,1,1,3,Stimulus,,,,,,,,,,,,
SV026,L,9,2,0,1,1,2,Stimulus,,,,,,,,,,,,
SV026,L,10,3,0,0,1,2,Stimulus,,,,,,,,,,,,
SV026,L,11,3,0,1,0,3,Stimulus,,,,,,,,,,,,
SV026,L,12,3,2,1,0,2,Stimulus,,,,,,,,,,,,
SV026,L,13,3,2,1,1,1,Stimulus,,,,,,,,,,,,
SV026,L,14,3,2,0,1,2,Stimulus,,,,,,,,,,,,
SV026,L,15,3,0,1,1,2,Stimulus,,,,,,,,,,,,
SV026,L,16,3,2,1,0,2,Stimulus,,,,,,,,,,,,
SV026,L,17,3,0,0,0,3,Stimulus,,,,,,,,,,,,
SV026,L,18,3,0,1,0,3,Stimulus,,,,,,,,,,,,
SV026,L,19,2,0,1,0,2,Stimulus,,,,,,,,,,,,
SV026,L,20,2,0,1,0,2,Stimulus,,,,,,,,0.3,0.3,371.0,371.0,136.0
SV026,L,21,3,2,1,0,2,Stimulus,,,,,,,,,,,,
SV026,L,22,2,0,0,1,2,Stimulus,,,,,,,,,,,,
SV026,L,23,3,3,0,1,3,Stimulus,,,,,,,,,,,,
SV026,L,24,2,3,0,0,3,Stimulus,,,,,,,,,,,,
SV026,L,25,3,3,1,1,2,Stimulus,,,,,,,,,,,,
SV026,L,26,3,3,1,1,3,Stimulus,,,,,,,,,,,,
SV026,L,27,3,3,0,0,3,Stimulus,,,,,,,,,,,,
SV026,L,28,2,3,1,0,3,Stimulus,,,,,,,,,,,,
SV026,L,29,3,0,0,0,3,Stimulus,,,,,,,,,,,,
SV026,L,30,2,2,1,0,2,Stimulus,,,,,,,,,,,,
SV026,L,31,2,3,1,1,3,Stimulus,,,,,,,,,,,,
SV026,L,32,2,2,1,1,2,Stimulus,,,,,,,,,,,,
SV026,L,33,3,0,0,1,2,Stimulus,,,,,,,,,,,,
SV026,L,34,3,3,1,0,3,Stimulus,,,,,,,,,,,,
SV026,L,35,2,2,1,0,2,Stimulus,,,,,,,,,,,,
SV026,L,36,2,0,0,0,2,Stimulus,,,,,,,,,,,,
SV026,L,37,3,2,0,1,2,Stimulus,,,,,,,,,,,,
SV026,L,38,2,2,0,1,2,Stimulus,,,,,,,,,,,,
SV026,L,39,3,2,0,0,2,Stimulus,,,,,,,,,,,,
SV026,L,40,3,2,1,0,2,Stimulus,,,,,,,,,,,,
SV026,L,41,2,0,1,1,2,Stimulus,,,,,,,,,,,,
SV026,L,42,3,2,0,1,2,Stimulus,,,,,,,,,,,,
SV026,L,43,2,2,1,1,2,Stimulus,,,,,,,,,,,,
SV026,L,44,3,2,0,0,2,Stimulus,,,,,,,,,,,,
SV026,L,45,3,2,1,1,2,Stimulus,,,,,,,,,,,,
SV026,L,46,2,0,1,1,2,Stimulus,,,,,,,,,,,,
SV026,L,47,3,2,1,1,2,Stimulus,,,,,,,,,,,,
SV026,L,48,3,0,1,1,2,Stimulus,,,,,,,,,,,,
SV026,L,49,2,0,1,1,2,Stimulus,,,,,,,,,,,,
SV026,L,50,2,3,1,0,3,Stimulus,,,,,,,,,,,,
SV026,L,51,2,2,0,1,2,Stimulus,,,,,,,,,,,,
SV026,L,52,2,2,0,0,2,Stimulus,,,,,,,,,,,,
SV026,L,53,3,0,0,0,3,Stimulus,,,,,,,,,,,,
SV026,L,54,2,2,1,0,2,Stimulus,,,,,,,,,,,,
SV026,L,55,3,0,0,0,3,Stimulus,,,,,,,,,,,,
SV026,L,56,3,2,1,1,2,Stimulus,,,,,,,,,,,,
SV026,L,57,2,3,0,1,3,Stimulus,,,,,,,,,,,,
SV026,L,58,3,2,0,0,3,Stimulus,,,,,,,,,,,,
SV026,L,59,3,3,1,1,3,Stimulus,,,,,,,,,,,,
SV026,L,60,3,2,0,0,2,Stimulus,,,,,,,,,,,,
SV026,L,61,2,3,0,1,3,Stimulus,,,,,,,,,,,,
SV026,L,62,3,2,1,0,2,Stimulus,,,,,,,,,,,,
SV026,L,63,3,3,0,0,3,Stimulus,,,,,,,,,,,,
SV026,L,64,2,3,1,0,3,Stimulus,,,,,,,,,,,,
SV026,L,65,3,0,1,1,2,Stimulus,,,,,,,,,,,,
SV026,L,66,2,3,1,1,3,Stimulus,,,,,,,,,,,,
SV026,L,67,3,3,0,0,3,Stimulus,,,,,,,,,,,,
SV026,L,68,3,2,1,1,2,Stimulus,,,,,,,,,,,,
SV026,L,69,2,0,1,1,3,Stimulus,,,,,,,,,,,,
SV026,L,70,3,0,1,1,2,Stimulus,,,,,,,,,,,,
SV026,L,71,3,0,0,1,2,Stimulus,,,,,,,,,,,,
SV026,L,72,2,3,1,1,3,Stimulus,,,,,,,,,,,,
SV026,L,73,2,2,1,0,2,Stimulus,,,,,,,,,,,,
SV026,L,74,3,3,1,0,3,Stimulus,,,,,,,,,,,,
SV026,L,75,2,0,0,1,2,Stimulus,,,,,,,,,,,,
SV026,L,76,2,2,1,1,2,Stimulus,,,,,,,,,,,,
SV026,L,77,3,3,0,1,3,Stimulus,,,,,,,,,,,,
SV026,L,78,2,2,1,0,2,Stimulus,,,,,,,,,,,,
SV026,L,79,2,0,0,1,2,Stimulus,,,,,,,,,,,,
SV026,L,80,2,2,0,0,2,Stimulus,,,,,,,,,,,,
SV026,L,81,2,2,1,1,2,Stimulus,,,,,,,,,,,,
SV026,L,82,2,0,0,1,2,Stimulus,,,,,,,,,,,,
SV026,L,83,2,0,0,0,2,Stimulus,,,,,,,,,,,,
SV026,L,84,2,0,0,0,2,Stimulus,,,,,,,,,,,,
SV026,L,85,2,0,0,1,3,Stimulus,,,,,,,,,,,,
SV026,L,86,3,2,0,1,2,Stimulus,,,,,,,,,,,,
SV026,L,87,3,3,0,1,3,Stimulus,,,,,,,,,,,,
SV026,L,88,2,2,0,1,2,Stimulus,,,,,,,,,,,,
SV026,L,89,2,2,0,1,2,Stimulus,,,,,,,,,,,,
SV026,L,90,2,2,1,1,2,Stimulus,,,,,,,,,,,,
SV026,L,91,2,0,1,0,2,Stimulus,,,,,,,,,,,,
SV026,L,92,3,2,0,0,2,Stimulus,,,,,,,,,,,,
SV026,L,93,3,2,1,1,2,Stimulus,,,,,,,,,,,,
SV026,L,94,3,3,1,0,3,Stimulus,,,,,,,,,,,,
SV026,L,95,2,3,1,0,3,Stimulus,,,,,,,,,,,,
SV026,L,96,3,3,0,0,3,Stimulus,,,,,,,,,,,,
SV026,L,97,3,2,1,1,2,Stimulus,,,,,,,,,,,,
SV026,L,98,3,2,0,1,2,Stimulus,,,,,,,,,,,,
SV026,L,99,3,3,0,1,3,Stimulus,,,,,,,,,,,,
SV026,L,100,3,3,0,1,3,Stimulus,,,,,,,,,,,,
SV026,L,101,3,0,0,1,3,Stimulus,,,,,,,,,,,,
SV026,L,102,3,0,0,0,3,Stimulus,,,,,,,,,,,,
SV026,L,103,3,0,1,1,3,Stimulus,,,,,,,,,,,,
SV026,L,104,2,3,0,1,3,Stimulus,,,,,,,,,,,,
SV026,L,105,2,0,1,0,2,Stimulus,,,,,,,,,,,,
SV026,L,106,2,0,0,0,2,Stimulus,,,,,,,,,,,,
SV026,L,107,2,2,1,0,2,Stimulus,,,,,,,,,,,,
SV026,L,108,2,3,1,1,3,Stimulus,,,,,,,,,,,,
SV026,L,109,3,0,0,1,2,Stimulus,,,,,,,,,,,,
SV026,L,110,3,0,0,1,2,Stimulus,,,,,,,,,,,,
SV026,L,111,3,0,1,1,3,Stimulus,,,,,,,,,,,,
SV026,L,112,3,2,1,0,2,Stimulus,,,,,,,,,,,,
SV026,L,113,2,3,1,0,3,Stimulus,,,,,,,,,,,,
SV026,L,114,2,0,0,0,2,Stimulus,,,,,,,,,,,,
SV026,L,115,3,3,1,0,3,Stimulus,,,,,,,,,,,,
SV026,L,116,3,2,0,1,2,Stimulus,,,,,,,,,,,,
SV026,L,117,2,0,0,0,2,Stimulus,,,,,,,,,,,,
SV026,L,118,3,3,1,0,3,Stimulus,,,,,,,,,,,,
SV026,L,119,3,3,0,1,3,Stimulus,,,,,,,,,,,,
SV026,L,120,2,0,0,0,2,Stimulus,,,,,,,,,,,,
SV026,L,121,2,3,0,0,3,Stimulus,,,,,,,,,,,,
SV026,L,122,3,3,0,0,3,Stimulus,,,,,,,,,,,,
SV026,L,123,3,0,0,0,3,Stimulus,,,,,,,,,,,,
SV026,L,124,2,3,0,1,3,Stimulus,,,,,,,,,,,,
SV026,L,125,2,0,0,1,3,Stimulus,,,,,,,,,,,,
SV026,L,126,2,2,1,1,2,Stimulus,,,,,,,,,,,,
SV026,L,127,3,2,1,1,2,Stimulus,,,,,,,,,,,,
SV026,L,128,3,3,1,0,3,Stimulus,,,,,,,,,,,,
SV026,L,129,2,0,0,1,2,Stimulus,,,,,,,,,,,,
SV026,L,130,2,2,1,0,2,Stimulus,,,,,,,,,,,,
SV026,L,131,2,2,1,1,2,Stimulus,,,,,,,,,,,,
SV026,L,132,2,2,0,1,2,Stimulus,,,,,,,,,,,,
SV026,L,133,3,0,1,1,2,Stimulus,,,,,,,,,,,,
SV026,L,134,3,3,1,1,3,Stimulus,,,,,,,,,,,,
SV026,L,135,3,0,1,1,3,Stimulus,,,,,,,,,,,,
SV026,L,136,2,2,1,1,2,Stimulus,,,,,,,,,,,,
SV026,L,137,2,3,0,1,3,Stimulus,,,,,,,,,,,,
SV026,L,138,2,2,0,0,2,Stimulus,,,,,,,,,,,,
SV026,L,139,2,0,1,0,3,Stimulus,,,,,,,,,,,,
SV026,L,140,2,0,1,0,2,Stimulus,,,,,,,,,,,,
SV026,L,141,3,0,0,1,2,Stimulus,,,,,,,,,,,,
SV026,L,142,3,3,1,0,3,Stimulus,,,,,,,,,,,,
SV026,L,143,3,3,1,1,3,Stimulus,,,,,,,,,,,,
SV026,L,144,2,2,0,0,2,Stimulus,,,,,,,,,,,,
SV026,L,145,3,0,1,0,2,Stimulus,,,,,,,,,,,,
SV026,L,146,2,2,0,0,2,Stimulus,,,,,,,,,,,,
SV026,L,147,2,2,1,0,2,Stimulus,,,,,,,,,,,,
SV026,L,148,3,3,0,1,3,Stimulus,,,,,,,,,,,,
SV026,L,149,3,2,1,0,2,Stimulus,,,,,,,,,,,,
SV026,L,150,3,3,1,1,3,Stimulus,,,,,,,,,,,,
SV026,L,151,2,2,0,0,2,Stimulus,,,,,,,,,,,,
SV026,L,152,2,2,0,0,2,Stimulus,,,,,,,,,,,,
SV026,L,153,2,3,0,0,3,Stimulus,,,,,,,,,,,,
SV026,L,154,3,3,0,0,3,Stimulus,,,,,,,,,,,,
SV026,L,155,2,0,0,1,2,Stimulus,,,,,,,,,,,,
SV026,L,156,2,3,1,1,3,Stimulus,,,,,,,,,,,,
SV026,L,157,3,2,0,0,2,Stimulus,,,,,,,,,,,,
SV026,L,158,3,2,1,0,2,Stimulus,,,,,,,,,,,,
SV026,L,159,3,0,1,0,2,Stimulus,,,,,,,,,,,,
SV026,L,160,2,3,0,0,3,Stimulus,,,,,,,,,,,,
SV026,L,161,3,3,0,0,3,Stimulus,,,,,,,,,,,,
SV026,L,162,2,0,0,1,2,Stimulus,,,,,,,,,,,,
SV026,L,163,3,2,0,1,2,Stimulus,,,,,,,,,,,,
SV026,L,164,2,0,1,0,2,Stimulus,,,,,,,,,,,,
SV026,L,165,3,0,1,0,3,Stimulus,,,,,,,,,,,,
SV026,L,166,2,3,0,0,3,Stimulus,,,,,,,,,,,,
SV026,L,167,3,0,1,0,2,Stimulus,,,,,,,,,,,,
SV026,L,168,3,3,0,1,3,Stimulus,,,,,,,,,,,,
SV026,L,169,2,2,0,1,2,Stimulus,,,,,,,,,,,,
SV026,L,170,2,2,0,0,2,Stimulus,,,,,,,,,,,,
SV026,L,171,3,3,0,0,3,Stimulus,,,,,,,,,,,,
SV026,L,172,3,2,0,1,2,Stimulus,,,,,,,,,,,,
SV026,L,173,3,3,1,1,3,Stimulus,,,,,,,,,,,,
SV026,L,174,2,3,0,1,3,Stimulus,,,,,,,,,,,,
SV026,L,175,2,3,1,1,3,Stimulus,,,,,,,,,,,,
SV026,L,176,3,3,0,0,3,Stimulus,,,,,,,,,,,,
SV026,L,177,2,2,1,0,2,Stimulus,,,,,,,,,,,,
SV026,L,178,3,2,0,0,2,Stimulus,,,,,,,,,,,,
SV026,L,179,3,2,1,1,2,Stimulus,,,,,,,,,,,,
SV026,L,180,3,3,0,0,3,Stimulus,,,,,,,,,,,,
SV026,L,181,3,2,0,1,2,Stimulus,,,,,,,,,,,,
SV026,L,182,2,3,1,1,3,Stimulus,,,,,,,,,,,,
SV026,L,183,3,0,1,0,3,Stimulus,,,,,,,,,,,,
SV026,L,184,3,0,0,0,3,Stimulus,,,,,,,,,,,,
SV026,L,185,2,3,1,0,3,Stimulus,,,,,,,,,,,,
SV026,L,186,2,3,0,1,3,Stimulus,,,,,,,,,,,,
SV026,L,187,2,3,1,1,2,Stimulus,,,,,,,,,,,,
SV026,L,188,3,0,0,1,3,Stimulus,,,,,,,,,,,,
SV026,L,189,3,2,1,0,2,Stimulus,,,,,,,,,,,,
SV026,L,190,2,2,0,1,2,Stimulus,,,,,,,,,,,,
SV026,L,191,3,2,0,0,2,Stimulus,,,,,,,,,,,,
SV026,L,192,2,0,1,1,2,Stimulus,,,,,,,,,,,,
SV026,L,193,2,3,0,1,3,Stimulus,,,,,,,,,,,,
SV026,L,194,3,3,0,1,3,Stimulus,,,,,,,,,,,,
SV026,L,195,3,0,0,0,3,Stimulus,,,,,,,,,,,,
SV026,L,196,2,2,0,1,2,Stimulus,,,,,,,,,,,,
SV026,L,197,2,0,1,1,2,Stimulus,,,,,,,,,,,,
SV026,L,198,2,3,0,1,2,Stimulus,,,,,,,,,,,,
SV026,L,199,2,0,1,0,2,Stimulus,,,,,,,,,,,,
SV026,L,200,3,2,0,0,2,Stimulus,,,,,,,,,,,,
SV026,L,201,3,2,1,1,2,Stimulus,,,,,,,,,,,,
SV026,L,202,2,2,0,1,2,Stimulus,,,,,,,,,,,,
SV026,L,203,2,3,1,0,3,Stimulus,,,,,,,,,,,,
SV026,L,204,2,2,0,1,2,Stimulus,,,,,,,,,,,,
SV026,L,205,3,3,1,0,3,Stimulus,,,,,,,,,,,,
SV026,L,206,3,3,0,1,3,Stimulus,,,,,,,,,,,,
SV026,L,207,3,3,1,0,3,Stimulus,,,,,,,,,,,,
SV026,L,208,3,0,1,1,2,Stimulus,,,,,,,,,,,,
SV026,L,209,2,3,1,0,3,Stimulus,,,,,,,,,,,,
SV026,L,210,2,3,0,0,3,Stimulus,,,,,,,,,,,,
SV026,L,211,3,3,1,1,3,Stimulus,,,,,,,,,,,,
SV026,L,212,2,3,0,0,3,Stimulus,,,,,,,,,,,,
SV026,L,213,3,0,0,0,3,Stimulus,,,,,,,,,,,,
SV026,L,214,2,2,1,0,2,Stimulus,,,,,,,,,,,,
SV026,L,215,3,2,0,0,2,Stimulus,,,,,,,,,,,,
SV026,L,216,3,0,0,0,3,Stimulus,,,,,,,,,,,,
SV026,L,217,3,0,1,0,2,Stimulus,,,,,,,,,,,,
SV026,L,218,2,2,1,1,2,Stimulus,,,,,,,,,,,,
SV026,L,219,2,2,0,0,2,Stimulus,,,,,,,,,,,,
SV026,L,220,2,2,1,1,2,Stimulus,,,,,,,,,,,,
SV026,L,221,2,3,1,1,3,Stimulus,,,,,,,,,,,,
SV026,L,222,3,0,0,1,2,Stimulus,,,,,,,,,,,,
SV026,L,223,3,0,1,0,2,Stimulus,,,,,,,,,,,,
SV026,L,224,3,3,1,0,3,Stimulus,,,,,,,,,,,,
SV026,L,225,2,3,0,1,3,Stimulus,,,,,,,,,,,,
SV026,L,226,3,2,1,0,2,Stimulus,,,,,,,,,,,,
SV026,L,227,3,0,0,1,2,Stimulus,,,,,,,,,,,,
SV026,L,228,2,0,0,0,2,Stimulus,,,,,,,,,,,,
SV026,L,229,2,3,0,0,3,Stimulus,,,,,,,,,,,,
SV026,L,230,2,0,1,1,2,Stimulus,,,,,,,,,,,,
SV026,L,231,2,3,1,0,3,Stimulus,,,,,,,,,,,,
SV026,L,232,2,0,1,0,2,Stimulus,,,,,,,,,,,,
SV026,L,233,2,3,1,0,3,Stimulus,,,,,,,,,,,,
SV026,L,234,3,0,1,1,2,Stimulus,,,,,,,,,,,,
SV026,L,235,2,3,0,0,3,Stimulus,,,,,,,,,,,,
SV026,L,236,2,0,1,0,2,Stimulus,,,,,,,,,,,,
SV026,L,237,2,0,0,1,2,Stimulus,,,,,,,,,,,,
SV026,L,238,2,3,0,0,3,Stimulus,,,,,,,,,,,,
SV026,L,239,2,0,0,0,2,Stimulus,,,,,,,,,,,,
SV026,L,240,2,0,1,1,2,Stimulus,,,,,,,,,,,,
SV026,L,241,3,0,1,1,0,Stimulus,,,,,,,,,,,,
SV026,L,242,3,0,0,0,0,Stimulus,,,,,,,,,,,,
SV026,L,243,3,2,0,1,2,Stimulus,,,,,,,,,,,,
SV026,L,244,2,3,1,0,3,Stimulus,,,,,,,,,,,,
SV026,L,245,2,0,0,1,0,Stimulus,,,,,,,,,,,,
SV026,L,246,2,2,1,1,2,Stimulus,,,,,,,,,,,,
SV026,L,247,3,3,1,0,3,Stimulus,,,,,,,,,,,,
SV026,L,248,2,0,0,1,0,Stimulus,,,,,,,,,,,,
SV026,L,249,3,2,1,1,2,Stimulus,,,,,,,,,,,,
SV026,L,250,2,3,1,1,3,Stimulus,,,,,,,,,,,,
SV026,L,251,3,2,1,1,2,Stimulus,,,,,,,,,,,,
SV026,L,252,3,0,0,1,0,Stimulus,,,,,,,,,,,,
SV026,L,253,2,2,0,1,2,Stimulus,,,,,,,,,,,,
SV026,L,254,2,3,0,1,3,Stimulus,,,,,,,,,,,,
SV026,L,255,3,2,0,0,2,Stimulus,,,,,,,,,,,,
SV026,L,256,2,0,1,0,0,Stimulus,,,,,,,,,,,,
SV026,L,257,2,2,0,1,2,Stimulus,,,,,,,,,,,,
SV026,L,258,2,0,0,1,0,Stimulus,,,,,,,,,,,,
SV026,L,259,3,0,0,0,0,Stimulus,,,,,,,,,,,,
SV026,L,260,2,2,1,1,2,Stimulus,,,,,,,,,,,,
SV026,L,261,3,0,1,0,0,Stimulus,,,,,,,,,,,,
SV026,L,262,3,3,1,1,3,Stimulus,,,,,,,,,,,,
SV026,L,263,3,0,0,1,0,Stimulus,,,,,,,,,,,,
SV026,L,264,2,2,0,0,2,Stimulus,,,,,,,,,,,,
SV026,L,265,2,2,0,1,2,Stimulus,,,,,,,,,,,,
SV026,L,266,2,2,0,1,2,Stimulus,,,,,,,,,,,,
SV026,L,267,2,3,0,0,3,Stimulus,,,,,,,,,,,,
SV026,L,268,2,2,0,0,2,Stimulus,,,,,,,,,,,,
SV026,L,269,2,3,0,0,3,Stimulus,,,,,,,,,,,,
SV026,L,270,2,0,0,1,0,Stimulus,,,,,,,,,,,,
SV026,L,271,2,0,1,0,0,Stimulus,,,,,,,,,,,,
SV026,L,272,2,2,1,1,2,Stimulus,,,,,,,,,,,,
SV026,L,273,2,0,1,1,0,Stimulus,,,,,,,,,,,,
SV026,L,274,3,2,0,1,2,Stimulus,,,,,,,,,,,,
SV026,L,275,2,3,1,0,3,Stimulus,,,,,,,,,,,,
SV026,L,276,3,2,0,1,2,Stimulus,,,,,,,,,,,,
SV026,L,277,3,0,1,1,0,Stimulus,,,,,,,,,,,,
SV026,L,278,2,0,1,1,0,Stimulus,,,,,,,,,,,,
SV026,L,279,2,3,0,1,3,Stimulus,,,,,,,,,,,,
SV026,L,280,3,0,0,0,0,Stimulus,,,,,,,,,,,,
SV026,L,281,3,2,1,1,2,Stimulus,,,,,,,,,,,,
SV026,L,282,3,2,1,0,2,Stimulus,,,,,,,,,,,,
SV026,L,283,2,3,1,1,3,Stimulus,,,,,,,,,,,,
SV026,L,284,2,2,1,0,2,Stimulus,,,,,,,,,,,,
SV026,L,285,2,3,0,0,3,Stimulus,,,,,,,,,,,,
SV026,L,286,3,3,1,0,3,Stimulus,,,,,,,,,,,,
SV026,L,287,3,3,0,0,3,Stimulus,,,,,,,,,,,,
SV026,L,288,3,2,1,1,2,Stimulus,,,,,,,,,,,,
SV026,L,289,3,0,0,0,0,Stimulus,,,,,,,,,,,,
SV026,L,290,3,0,0,1,0,Stimulus,,,,,,,,,,,,
SV026,L,291,3,0,0,0,0,Stimulus,,,,,,,,,,,,
SV026,L,292,3,0,0,1,0,Stimulus,,,,,,,,,,,,
SV026,L,293,2,2,1,1,2,Stimulus,,,,,,,,,,,,
SV026,L,294,2,0,0,0,0,Stimulus,,,,,,,,,,,,
SV026,L,295,3,3,0,0,3,Stimulus,,,,,,,,,,,,
SV026,L,296,2,0,1,0,0,Stimulus,,,,,,,,,,,,
SV026,L,297,3,2,1,1,2,Stimulus,,,,,,,,,,,,
SV026,L,298,3,3,1,0,3,Stimulus,,,,,,,,,,,,
SV026,L,299,3,3,0,0,3,Stimulus,,,,,,,,,,,,
SV026,L,300,3,2,0,0,2,Stimulus,,,,,,,,,,,,
SV026,L,301,2,0,0,0,0,Stimulus,,,,,,,,,,,,
SV026,L,302,2,3,0,1,3,Stimulus,,,,,,,,,,,,
SV026,L,303,2,0,0,1,0,Stimulus,,,,,,,,,,,,
SV026,L,304,2,2,0,1,2,Stimulus,,,,,,,,,,,,
SV026,L,305,3,0,1,0,0,Stimulus,,,,,,,,,,,,
SV026,L,306,2,2,1,0,2,Stimulus,,,,,,,,,,,,
SV026,L,307,3,3,1,0,3,Stimulus,,,,,,,,,,,,
SV026,L,308,2,0,1,0,0,Stimulus,,,,,,,,,,,,
SV026,L,309,3,3,1,0,3,Stimulus,,,,,,,,,,,,
SV026,L,310,2,0,1,0,0,Stimulus,,,,,,,,,,,,
SV026,L,311,2,0,1,0,0,Stimulus,,,,,,,,,,,,
SV026,L,312,2,2,0,0,2,Stimulus,,,,,,,,,,,,
SV026,L,313,2,0,1,1,0,Stimulus,,,,,,,,,,,,
SV026,L,314,2,2,0,0,2,Stimulus,,,,,,,,,,,,
SV026,L,315,3,2,1,1,2,Stimulus,,,,,,,,,,,,
SV026,L,316,2,3,1,0,2,Stimulus,,,,,,,,,,,,
SV026,L,317,3,3,1,1,3,Stimulus,,,,,,,,,,,,
SV026,L,318,2,0,0,0,0,Stimulus,,,,,,,,,,,,
SV026,L,319,2,3,0,0,3,Stimulus,,,,,,,,,,,,
SV026,L,320,2,2,1,0,2,Stimulus,,,,,,,,,,,,
SV026,L,321,2,2,0,0,2,Stimulus,,,,,,,,,,,,
SV026,L,322,2,0,1,1,0,Stimulus,,,,,,,,,,,,
SV026,L,323,3,2,1,0,2,Stimulus,,,,,,,,,,,,
SV026,L,324,2,3,0,0,3,Stimulus,,,,,,,,,,,,
SV026,L,325,3,2,1,0,2,Stimulus,,,,,,,,,,,,
SV026,L,326,3,0,1,0,0,Stimulus,,,,,,,,,,,,
SV026,L,327,2,0,1,1,0,Stimulus,,,,,,,,,,,,
SV026,L,328,2,2,0,1,2,Stimulus,,,,,,,,,,,,
SV026,L,329,3,3,0,1,3,Stimulus,,,,,,,,,,,,
SV026,L,330,2,2,1,1,2,Stimulus,,,,,,,,,,,,
SV026,L,331,2,3,0,1,3,Stimulus,,,,,,,,,,,,
SV026,L,332,3,2,1,1,2,Stimulus,,,,,,,,,,,,
SV026,L,333,3,0,1,0,0,Stimulus,,,,,,,,,,,,
SV026,L,334,2,3,1,1,3,Stimulus,,,,,,,,,,,,
SV026,L,335,3,2,1,1,2,Stimulus,,,,,,,,,,,,
SV026,L,336,3,2,0,1,2,Stimulus,,,,,,,,,,,,
SV026,L,337,3,0,0,0,0,Stimulus,,,,,,,,,,,,
SV026,L,338,3,2,0,1,2,Stimulus,,,,,,,,,,,,
SV026,L,339,3,3,0,1,3,Stimulus,,,,,,,,,,,,
SV026,L,340,2,0,0,0,0,Stimulus,,,,,,,,,,,,
SV026,L,341,3,0,1,0,0,Stimulus,,,,,,,,,,,,
SV026,L,342,2,3,0,0,3,Stimulus,,,,,,,,,,,,
SV026,L,343,3,3,0,0,3,Stimulus,,,,,,,,,,,,
SV026,L,344,3,0,1,1,0,Stimulus,,,,,,,,,,,,
SV026,L,345,2,2,1,0,2,Stimulus,,,,,,,,,,,,
SV026,L,346,3,3,1,0,3,Stimulus,,,,,,,,,,,,
SV026,L,347,3,0,1,1,0,Stimulus,,,,,,,,,,,,
SV026,L,348,3,3,1,0,3,Stimulus,,,,,,,,,,,,
SV026,L,349,2,2,0,0,2,Stimulus,,,,,,,,,,,,
SV026,L,350,3,0,0,0,0,Stimulus,,,,,,,,,,,,
SV026,L,351,2,3,1,0,3,Stimulus,,,,,,,,,,,,
SV026,L,352,3,0,0,0,0,Stimulus,,,,,,,,,,,,
SV026,L,353,3,2,0,0,2,Stimulus,,,,,,,,,,,,
SV026,L,354,3,0,0,1,0,Stimulus,,,,,,,,,,,,
SV026,L,355,3,2,1,0,2,Stimulus,,,,,,,,,,,,
SV026,L,356,3,2,1,0,2,Stimulus,,,,,,,,,,,,
SV026,L,357,3,2,1,0,2,Stimulus,,,,,,,,,,,,
SV026,L,358,2,0,1,0,0,Stimulus,,,,,,,,,,,,
SV026,L,359,3,2,1,0,2,Stimulus,,,,,,,,,,,,
SV026,L,360,3,2,1,1,2,Stimulus,,,,,,,,,,,,
SV026,L,361,2,3,1,1,3,Stimulus,,,,,,,,,,,,
SV026,L,362,2,0,0,0,0,Stimulus,,,,,,,,,,,,
SV026,L,363,2,0,1,1,0,Stimulus,,,,,,,,,,,,
SV026,L,364,2,0,0,0,0,Stimulus,,,,,,,,,,,,
SV026,L,365,3,3,1,1,3,Stimulus,,,,,,,,,,,,
SV026,L,366,2,2,0,0,2,Stimulus,,,,,,,,,,,,
SV026,L,367,3,0,1,1,0,Stimulus,,,,,,,,,,,,
SV026,L,368,3,0,0,1,0,Stimulus,,,,,,,,,,,,
SV026,L,369,2,0,0,0,0,Stimulus,,,,,,,,,,,,
SV026,L,370,2,0,0,1,0,Stimulus,,,,,,,,,,,,
SV026,L,371,3,3,1,1,3,Stimulus,,,,,,,,,,,,
SV026,L,372,3,0,0,0,0,Stimulus,,,,,,,,,,,,
SV026,L,373,3,0,0,1,0,Stimulus,,,,,,,,,,,,
SV026,L,374,2,3,1,1,3,Stimulus,,,,,,,,,,,,
SV026,L,375,2,2,1,0,2,Stimulus,,,,,,,,,,,,
SV026,L,376,3,3,0,0,3,Stimulus,,,,,,,,,,,,
SV026,L,377,2,3,1,1,3,Stimulus,,,,,,,,,,,,
SV026,L,378,3,2,0,0,2,Stimulus,,,,,,,,,,,,
SV026,L,379,3,2,0,1,2,Stimulus,,,,,,,,,,,,
SV026,L,380,3,3,1,1,3,Stimulus,,,,,,,,,,,,
SV026,L,381,3,2,1,0,2,Stimulus,,,,,,,,,,,,
SV026,L,382,2,2,1,0,2,Stimulus,,,,,,,,,,,,
SV026,L,383,3,0,1,0,0,Stimulus,,,,,,,,,,,,
SV026,L,384,3,3,1,1,3,Stimulus,,,,,,,,,,,,
SV026,L,385,2,3,0,1,3,Stimulus,,,,,,,,,,,,
SV026,L,386,2,3,1,1,3,Stimulus,,,,,,,,,,,,
SV026,L,387,3,3,0,0,3,Stimulus,,,,,,,,,,,,
SV026,L,388,2,0,1,1,0,Stimulus,,,,,,,,,,,,
SV026,L,389,3,3,0,0,3,Stimulus,,,,,,,,,,,,
SV026,L,390,2,3,1,0,3,Stimulus,,,,,,,,,,,,
SV026,L,391,2,0,0,0,0,Stimulus,,,,,,,,,,,,
SV026,L,392,2,3,0,1,3,Stimulus,,,,,,,,,,,,
SV026,L,393,2,2,0,0,2,Stimulus,,,,,,,,,,,,
SV026,L,394,3,0,1,1,0,Stimulus,,,,,,,,,,,,
SV026,L,395,3,3,0,1,3,Stimulus,,,,,,,,,,,,
SV026,L,396,3,0,0,0,0,Stimulus,,,,,,,,,,,,
SV026,L,397,2,2,1,1,2,Stimulus,,,,,,,,,,,,
SV026,L,398,2,3,0,1,3,Stimulus,,,,,,,,,,,,
SV026,L,399,2,2,1,0,2,Stimulus,,,,,,,,,,,,
SV026,L,400,3,0,0,1,0,Stimulus,,,,,,,,,,,,
SV026,L,401,2,3,0,1,3,Stimulus,,,,,,,,,,,,
SV026,L,402,2,2,0,0,2,Stimulus,,,,,,,,,,,,
SV026,L,403,2,3,0,0,3,Stimulus,,,,,,,,,,,,
SV026,L,404,2,0,1,1,0,Stimulus,,,,,,,,,,,,
SV026,L,405,2,2,1,0,2,Stimulus,,,,,,,,,,,,
SV026,L,406,2,3,0,1,3,Stimulus,,,,,,,,,,,,
SV026,L,407,3,3,0,0,3,Stimulus,,,,,,,,,,,,
SV026,L,408,3,0,1,0,0,Stimulus,,,,,,,,,,,,
SV026,L,409,2,2,0,1,2,Stimulus,,,,,,,,,,,,
SV026,L,410,3,2,0,1,2,Stimulus,,,,,,,,,,,,
SV026,L,411,2,0,0,0,0,Stimulus,,,,,,,,,,,,
SV026,L,412,3,3,1,1,3,Stimulus,,,,,,,,,,,,
SV026,L,413,2,0,0,1,0,Stimulus,,,,,,,,,,,,
SV026,L,414,2,0,1,1,0,Stimulus,,,,,,,,,,,,
SV026,L,415,3,2,1,0,2,Stimulus,,,,,,,,,,,,
SV026,L,416,3,2,0,0,2,Stimulus,,,,,,,,,,,,
SV026,L,417,3,0,1,0,0,Stimulus,,,,,,,,,,,,
SV026,L,418,2,0,1,1,0,Stimulus,,,,,,,,,,,,
SV026,L,419,2,0,1,0,0,Stimulus,,,,,,,,,,,,
SV026,L,420,3,2,0,0,2,Stimulus,,,,,,,,,,,,
SV026,L,421,2,2,0,1,2,Stimulus,,,,,,,,,,,,
SV026,L,422,3,3,0,1,3,Stimulus,,,,,,,,,,,,
SV026,L,423,3,2,0,1,2,Stimulus,,,,,,,,,,,,
SV026,L,424,3,3,1,1,3,Stimulus,,,,,,,,,,,,
SV026,L,425,3,3,0,0,3,Stimulus,,,,,,,,,,,,
SV026,L,426,3,0,1,0,0,Stimulus,,,,,,,,,,,,
SV026,L,427,2,2,1,0,2,Stimulus,,,,,,,,,,,,
SV026,L,428,2,0,1,0,0,Stimulus,,,,,,,,,,,,
SV026,L,429,3,0,0,1,0,Stimulus,,,,,,,,,,,,
SV026,L,430,3,3,0,0,3,Stimulus,,,,,,,,,,,,
SV026,L,431,3,2,0,0,2,Stimulus,,,,,,,,,,,,
SV026,L,432,2,0,0,1,0,Stimulus,,,,,,,,,,,,
SV026,L,433,2,3,0,0,3,Stimulus,,,,,,,,,,,,
SV026,L,434,2,2,0,1,2,Stimulus,,,,,,,,,,,,
SV026,L,435,2,3,1,0,3,Stimulus,,,,,,,,,,,,
SV026,L,436,3,3,1,1,3,Stimulus,,,,,,,,,,,,
SV026,L,437,3,0,1,1,0,Stimulus,,,,,,,,,,,,
SV026,L,438,3,2,0,1,2,Stimulus,,,,,,,,,,,,
SV026,L,439,3,3,0,1,3,Stimulus,,,,,,,,,,,,
SV026,L,440,3,3,0,1,3,Stimulus,,,,,,,,,,,,
SV026,L,441,2,3,1,1,3,Stimulus,,,,,,,,,,,,
SV026,L,442,2,2,0,1,2,Stimulus,,,,,,,,,,,,
SV026,L,443,3,3,0,1,3,Stimulus,,,,,,,,,,,,
SV026,L,444,3,2,1,1,2,Stimulus,,,,,,,,,,,,
SV026,L,445,2,2,0,0,2,Stimulus,,,,,,,,,,,,
SV026,L,446,3,0,0,1,0,Stimulus,,,,,,,,,,,,
SV026,L,447,2,0,0,1,0,Stimulus,,,,,,,,,,,,
SV026,L,448,3,2,0,0,2,Stimulus,,,,,,,,,,,,
SV026,L,449,3,3,1,0,3,Stimulus,,,,,,,,,,,,
SV026,L,450,3,2,0,1,2,Stimulus,,,,,,,,,,,,
SV026,L,451,3,2,0,0,2,Stimulus,,,,,,,,,,,,
SV026,L,452,2,3,0,1,3,Stimulus,,,,,,,,,,,,
SV026,L,453,3,2,0,0,2,Stimulus,,,,,,,,,,,,
SV026,L,454,3,0,1,1,0,Stimulus,,,,,,,,,,,,
SV026,L,455,3,3,1,0,3,Stimulus,,,,,,,,,,,,
SV026,L,456,3,3,0,1,3,Stimulus,,,,,,,,,,,,
SV026,L,457,2,2,1,1,2,Stimulus,,,,,,,,,,,,
SV026,L,458,3,3,1,0,3,Stimulus,,,,,,,,,,,,
SV026,L,459,3,3,0,1,3,Stimulus,,,,,,,,,,,,
SV026,L,460,2,3,1,1,3,Stimulus,,,,,,,,,,,,
SV026,L,461,2,3,1,0,3,Stimulus,,,,,,,,,,,,
SV026,L,462,3,2,1,0,2,Stimulus,,,,,,,,,,,,
SV026,L,463,3,3,1,1,3,Stimulus,,,,,,,,,,,,
SV026,L,464,2,3,1,1,3,Stimulus,,,,,,,,,,,,
SV026,L,465,2,0,0,0,0,Stimulus,,,,,,,,,,,,
SV026,L,466,3,0,1,1,0,Stimulus,,,,,,,,,,,,
SV026,L,467,2,3,0,0,3,Stimulus,,,,,,,,,,,,
SV026,L,468,2,2,1,1,2,Stimulus,,,,,,,,,,,,
SV026,L,469,2,3,1,0,3,Stimulus,,,,,,,,,,,,
SV026,L,470,3,0,1,0,0,Stimulus,,,,,,,,,,,,
SV026,L,471,2,0,0,1,0,Stimulus,,,,,,,,,,,,
SV026,L,472,2,3,1,0,3,Stimulus,,,,,,,,,,,,
SV026,L,473,2,3,1,0,3,Stimulus,,,,,,,,,,,,
SV026,L,474,2,0,1,0,0,Stimulus,,,,,,,,,,,,
SV026,L,475,2,2,1,0,2,Stimulus,,,,,,,,,,,,
SV026,L,476,2,2,1,1,2,Stimulus,,,,,,,,,,,,
SV026,L,477,2,3,0,0,3,Stimulus,,,,,,,,,,,,
SV026,L,478,2,2,1,1,2,Stimulus,,,,,,,,,,,,
SV026,L,479,3,3,0,1,3,Stimulus,,,,,,,,,,,,
SV026,L,480,3,0,1,1,0,Stimulus,,,,,,,,,,,,
SV026,R,1,2,3,1,1,3,Stimulus,,,,,,,,,,,,
SV026,R,2,2,0,1,1,3,Stimulus,,,,,,,,,,,,
SV026,R,3,2,0,1,0,2,Stimulus,,,,,,,,,,,,
SV026,R,4,2,3,1,0,3,Stimulus,,,,,,,,,,,,
SV026,R,5,2,2,0,1,2,Stimulus,,,,,,,,,,,,
SV026,R,6,3,3,1,0,3,Stimulus,,,,,,,,,,,,
SV026,R,7,2,0,1,1,2,Stimulus,,,,,,,,,,,,
SV026,R,8,3,2,1,1,2,Stimulus,,,,,,,,,,,,
SV026,R,9,2,2,0,0,2,Stimulus,,,,,,,,,,,,
SV026,R,10,3,3,0,1,3,Stimulus,,,,,,,,,,,,
SV026,R,11,2,0,0,0,2,Stimulus,,,,,,,,,,,,
SV026,R,12,3,0,1,1,2,Stimulus,,,,,,,,,,,,
SV026,R,13,2,0,1,0,2,Stimulus,,,,,,,,,,,,
SV026,R,14,2,3,0,0,3,Stimulus,,,,,,,,,,,,
SV026,R,15,2,0,0,0,3,Stimulus,,,,,,,,,,,,
SV026,R,16,3,0,0,0,3,Stimulus,,,,,,,,,,,,
SV026,R,17,3,2,0,1,2,Stimulus,,,,,,,,,,,,
SV026,R,18,3,0,1,0,2,Stimulus,,,,,,,,,,,,
SV026,R,19,2,0,0,1,2,Stimulus,,,,,,,,,,,,
SV026,R,20,3,3,0,0,3,Stimulus,,,,,,,,,,,,
SV026,R,21,3,0,0,0,3,Stimulus,,,,,,,,,,,,
SV026,R,22,2,0,0,1,3,Stimulus,,,,,,,,,,,,
SV026,R,23,2,2,0,0,2,Stimulus,,,,,,,,,,,,
SV026,R,24,2,3,0,1,3,Stimulus,,,,,,,,,,,,
SV026,R,25,2,2,1,1,2,Stimulus,,,,,,,,,,,,
SV026,R,26,3,0,1,1,2,Stimulus,,,,,,,,,,,,
SV026,R,27,2,2,1,0,2,Stimulus,,,,,,,,,,,,
SV026,R,28,2,3,1,0,3,Stimulus,,,,,,,,,,,,
SV026,R,29,2,3,0,0,3,Stimulus,,,,,,,,,,,,
SV026,R,30,3,0,1,0,3,Stimulus,,,,,,,,,,,,
SV026,R,31,3,3,1,1,3,Stimulus,,,,,,,,,,,,
SV026,R,32,3,3,0,0,3,Stimulus,,,,,,,,,,,,
SV026,R,33,3,0,0,0,3,Stimulus,,,,,,,,,,,,
SV026,R,34,3,2,0,0,2,Stimulus,,,,,,,,,,,,
SV026,R,35,3,0,1,0,2,Stimulus,,,,,,,,,,,,
SV026,R,36,2,0,1,1,2,Stimulus,,,,,,,,,,,,
SV026,R,37,2,2,0,1,2,Stimulus,,,,,,,,,,,,
SV026,R,38,2,3,1,0,2,Stimulus,,,,,,,,,,,,
SV026,R,39,2,3,1,0,3,Stimulus,,,,,,,,,,,,
SV026,R,40,3,0,1,0,3,Stimulus,,,,,,,,,,,,
SV026,R,41,3,0,1,1,2,Stimulus,,,,,,,,,,,,
SV026,R,42,3,2,0,1,2,Stimulus,,,,,,,,,,,,
SV026,R,43,3,0,1,1,2,Stimulus,,,,,,,,,,,,
SV026,R,44,3,3,0,1,3,Stimulus,,,,,,,,,,,,
SV026,R,45,3,0,1,1,2,Stimulus,,,,,,,,,,,,
SV026,R,46,3,3,0,0,3,Stimulus,,,,,,,,,,,,
SV026,R,47,3,0,0,1,2,Stimulus,,,,,,,,,,,,
SV026,R,48,3,0,1,1,2,Stimulus,,,,,,,,,,,,
SV026,R,49,3,3,0,0,3,Stimulus,,,,,,,,,,,,
SV026,R,50,2,2,0,1,2,Stimulus,,,,,,,,,,,,
SV026,R,51,2,0,1,0,2,Stimulus,,,,,,,,,,,,
SV026,R,52,2,3,0,1,3,Stimulus,,,,,,,,,,,,
SV026,R,53,2,2,1,0,2,Stimulus,,,,,,,,,,,,
SV026,R,54,2,0,1,0,2,Stimulus,,,,,,,,,,,,
SV026,R,55,2,3,1,0,3,Stimulus,,,,,,,,,,,,
SV026,R,56,3,3,1,0,3,Stimulus,,,,,,,,,,,,
SV026,R,57,2,2,0,0,2,Stimulus,,,,,,,,,,,,
SV026,R,58,2,3,1,1,3,Stimulus,,,,,,,,,,,,
SV026,R,59,3,2,0,0,2,Stimulus,,,,,,,,,,,,
SV026,R,60,3,3,0,1,3,Stimulus,,,,,,,,,,,,
SV026,R,61,3,2,0,1,2,Stimulus,,,,,,,,,,,,
SV026,R,62,3,0,1,1,2,Stimulus,,,,,,,,,,,,
SV026,R,63,3,0,1,1,2,Stimulus,,,,,,,,,,,,
SV026,R,64,2,2,0,1,2,Stimulus,,,,,,,,,,,,
SV026,R,65,3,3,1,0,3,Stimulus,,,,,,,,,,,,
SV026,R,66,2,0,0,0,3,Stimulus,,,,,,,,,,,,
SV026,R,67,3,3,1,1,2,Stimulus,,,,,,,,,,,,
SV026,R,68,2,3,1,1,3,Stimulus,,,,,,,,,,,,
SV026,R,69,2,0,0,0,2,Stimulus,,,,,,,,,,,,
SV026,R,70,2,0,0,0,2,Stimulus,,,,,,,,,,,,
SV026,R,71,3,2,0,1,2,Stimulus,,,,,,,,,,,,
SV026,R,72,2,0,1,1,2,Stimulus,,,,,,,,,,,,
SV026,R,73,3,0,0,0,3,Stimulus,,,,,,,,,,,,
SV026,R,74,3,2,1,1,2,Stimulus,,,,,,,,,,,,
SV026,R,75,2,3,1,1,3,Stimulus,,,,,,,,,,,,
SV026,R,76,2,3,1,1,3,Stimulus,,,,,,,,,,,,
SV026,R,77,3,0,1,1,3,Stimulus,,,,,,,,,,,,
SV026,R,78,3,3,1,1,3,Stimulus,,,,,,,,,,,,
SV026,R,79,2,3,1,0,3,Stimulus,,,,,,,,,,,,
SV026,R,80,3,3,1,0,3,Stimulus,,,,,,,,,,,,
SV026,R,81,3,3,0,1,3,Stimulus,,,,,,,,,,,,
SV026,R,82,2,2,1,1,2,Stimulus,,,,,,,,,,,,
SV026,R,83,3,2,0,1,2,Stimulus,,,,,,,,,,,,
SV026,R,84,2,0,1,1,2,Stimulus,,,,,,,,,,,,
SV026,R,85,2,3,0,1,3,Stimulus,,,,,,,,,,,,
SV026,R,86,3,2,1,1,2,Stimulus,,,,,,,,,,,,
SV026,R,87,3,2,0,0,2,Stimulus,,,,,,,,,,,,
SV026,R,88,3,3,0,1,2,Stimulus,,,,,,,,,,,,
SV026,R,89,3,2,0,0,2,Stimulus,,,,,,,,,,,,
SV026,R,90,3,2,0,1,2,Stimulus,,,,,,,,,,,,
SV026,R,91,3,3,1,1,3,Stimulus,,,,,,,,,,,,
SV026,R,92,2,2,1,1,2,Stimulus,,,,,,,,,,,,
SV026,R,93,2,2,1,0,2,Stimulus,,,,,,,,,,,,
SV026,R,94,3,0,0,1,2,Stimulus,,,,,,,,,,,,
SV026,R,95,2,2,1,0,2,Stimulus,,,,,,,,,,,,
SV026,R,96,2,3,1,0,3,Stimulus,,,,,,,,,,,,
SV026,R,97,2,0,0,1,3,Stimulus,,,,,,,,,,,,
SV026,R,98,3,2,1,0,2,Stimulus,,,,,,,,,,,,
SV026,R,99,3,3,1,1,3,Stimulus,,,,,,,,,,,,
SV026,R,100,2,0,0,0,3,Stimulus,,,,,,,,,,,,
SV026,R,101,2,3,0,1,3,Stimulus,,,,,,,,,,,,
SV026,R,102,2,0,1,1,2,Stimulus,,,,,,,,,,,,
SV026,R,103,3,2,0,0,2,Stimulus,,,,,,,,,,,,
SV026,R,104,3,0,1,0,3,Stimulus,,,,,,,,,,,,
SV026,R,105,2,2,0,1,2,Stimulus,,,,,,,,,,,,
SV026,R,106,2,3,0,1,3,Stimulus,,,,,,,,,,,,
SV026,R,107,2,3,0,1,3,Stimulus,,,,,,,,,,,,
SV026,R,108,3,0,0,0,3,Stimulus,,,,,,,,,,,,
SV026,R,109,3,2,1,0,2,Stimulus,,,,,,,,,,,,
SV026,R,110,3,0,0,1,2,Stimulus,,,,,,,,,,,,
SV026,R,111,2,2,1,1,2,Stimulus,,,,,,,,,,,,
SV026,R,112,3,2,0,0,2,Stimulus,,,,,,,,,,,,
SV026,R,113,3,3,0,1,3,Stimulus,,,,,,,,,,,,
SV026,R,114,3,0,1,0,3,Stimulus,,,,,,,,,,,,
SV026,R,115,2,0,0,1,3,Stimulus,,,,,,,,,,,,
SV026,R,116,2,0,0,1,3,Stimulus,,,,,,,,,,,,
SV026,R,117,2,3,0,0,3,Stimulus,,,,,,,,,,,,
SV026,R,118,3,3,1,1,2,Stimulus,,,,,,,,,,,,
SV026,R,119,2,3,0,1,2,Stimulus,,,,,,,,,,,,
SV026,R,120,3,3,0,0,3,Stimulus,,,,,,,,,,,,
SV026,R,121,2,2,1,1,2,Stimulus,,,,,,,,,,,,
SV026,R,122,3,0,1,0,2,Stimulus,,,,,,,,,,,,
SV026,R,123,3,2,1,1,2,Stimulus,,,,,,,,,,,,
SV026,R,124,3,3,0,0,3,Stimulus,,,,,,,,,,,,
SV026,R,125,2,2,1,0,2,Stimulus,,,,,,,,,,,,
SV026,R,126,2,0,1,1,2,Stimulus,,,,,,,,,,,,
SV026,R,127,3,3,1,0,3,Stimulus,,,,,,,,,,,,
SV026,R,128,3,0,0,0,3,Stimulus,,,,,,,,,,,,
SV026,R,129,3,2,1,0,2,Stimulus,,,,,,,,,,,,
SV026,R,130,2,2,0,0,2,Stimulus,,,,,,,,,,,,
SV026,R,131,3,0,0,1,2,Stimulus,,,,,,,,,,,,
SV026,R,132,3,3,0,1,3,Stimulus,,,,,,,,,,,,
SV026,R,133,3,0,1,0,3,Stimulus,,,,,,,,,,,,
SV026,R,134,2,3,1,1,3,Stimulus,,,,,,,,,,,,
SV026,R,135,2,3,0,0,3,Stimulus,,,,,,,,,,,,
SV026,R,136,3,2,1,1,2,Stimulus,,,,,,,,,,,,
SV026,R,137,2,2,1,0,2,Stimulus,,,,,,,,,,,,
SV026,R,138,2,0,0,1,2,Stimulus,,,,,,,,,,,,
SV026,R,139,2,2,1,0,2,Stimulus,,,,,,,,,,,,
SV026,R,140,2,0,1,0,2,Stimulus,,,,,,,,,,,,
SV026,R,141,2,3,0,0,3,Stimulus,,,,,,,,,,,,
SV026,R,142,3,0,0,0,3,Stimulus,,,,,,,,,,,,
SV026,R,143,2,0,1,0,2,Stimulus,,,,,,,,,,,,
SV026,R,144,3,3,0,1,3,Stimulus,,,,,,,,,,,,
SV026,R,145,3,2,1,0,2,Stimulus,,,,,,,,,,,,
SV026,R,146,2,0,1,0,2,Stimulus,,,,,,,,,,,,
SV026,R,147,3,0,0,1,3,Stimulus,,,,,,,,,,,,
SV026,R,148,2,3,0,1,3,Stimulus,,,,,,,,,,,,
SV026,R,149,2,3,1,1,2,Stimulus,,,,,,,,,,,,
SV026,R,150,3,2,1,1,2,Stimulus,,,,,,,,,,,,
SV026,R,151,2,2,0,1,2,Stimulus,,,,,,,,,,,,
SV026,R,152,3,2,1,0,2,Stimulus,,,,,,,,,,,,
SV026,R,153,2,0,1,0,2,Stimulus,,,,,,,,,,,,
SV026,R,154,2,3,1,0,3,Stimulus,,,,,,,,,,,,
SV026,R,155,2,2,0,0,2,Stimulus,,,,,,,,,,,,
SV026,R,156,3,2,1,0,2,Stimulus,,,,,,,,,,,,
SV026,R,157,3,2,1,1,2,Stimulus,,,,,,,,,,,,
SV026,R,158,2,3,1,0,2,Stimulus,,,,,,,,,,,,
SV026,R,159,3,3,0,1,3,Stimulus,,,,,,,,,,,,
SV026,R,160,3,0,0,1,2,Stimulus,,,,,,,,,,,,
SV026,R,161,2,2,1,1,2,Stimulus,,,,,,,,,,,,
SV026,R,162,3,3,1,1,3,Stimulus,,,,,,,,,,,,
SV026,R,163,2,0,1,1,2,Stimulus,,,,,,,,,,,,
SV026,R,164,3,2,1,1,2,Stimulus,,,,,,,,,,,,
SV026,R,165,2,2,0,1,2,Stimulus,,,,,,,,,,,,
SV026,R,166,3,2,0,1,2,Stimulus,,,,,,,,,,,,
SV026,R,167,3,3,0,0,3,Stimulus,,,,,,,,,,,,
SV026,R,168,3,3,1,1,3,Stimulus,,,,,,,,,,,,
SV026,R,169,2,3,1,0,3,Stimulus,,,,,,,,,,,,
SV026,R,170,3,3,1,0,3,Stimulus,,,,,,,,,,,,
SV026,R,171,2,2,0,1,2,Stimulus,,,,,,,,,,,,
SV026,R,172,2,2,0,0,2,Stimulus,,,,,,,,,,,,
SV026,R,173,2,0,1,0,2,Stimulus,,,,,,,,,,,,
SV026,R,174,3,2,1,1,2,Stimulus,,,,,,,,,,,,
SV026,R,175,3,2,0,1,2,Stimulus,,,,,,,,,,,,
SV026,R,176,3,2,0,1,2,Stimulus,,,,,,,,,,,,
SV026,R,177,3,2,0,0,2,Stimulus,,,,,,,,,,,,
SV026,R,178,3,2,1,1,2,Stimulus,,,,,,,,,,,,
SV026,R,179,2,0,0,0,2,Stimulus,,,,,,,,,,,,
SV026,R,180,2,2,0,0,2,Stimulus,,,,,,,,,,,,
SV026,R,181,2,2,0,0,2,Stimulus,,,,,,,,,,,,
SV026,R,182,2,2,1,0,2,Stimulus,,,,,,,,,,,,
SV026,R,183,2,2,1,1,2,Stimulus,,,,,,,,,,,,
SV026,R,184,2,2,0,0,2,Stimulus,,,,,,,,,,,,
SV026,R,185,3,3,1,0,3,Stimulus,,,,,,,,,,,,
SV026,R,186,3,2,1,0,2,Stimulus,,,,,,,,,,,,
SV026,R,187,3,3,1,0,3,Stimulus,,,,,,,,,,,,
SV026,R,188,3,3,1,1,3,Stimulus,,,,,,,,,,,,
SV026,R,189,3,2,0,0,2,Stimulus,,,,,,,,,,,,
SV026,R,190,3,3,0,0,3,Stimulus,,,,,,,,,,,,
SV026,R,191,2,2,0,0,2,Stimulus,,,,,,,,,,,,
SV026,R,192,2,3,0,0,3,Stimulus,,,,,,,,,,,,
SV026,R,193,3,0,0,0,3,Stimulus,,,,,,,,,,,,
SV026,R,194,2,2,1,1,2,Stimulus,,,,,,,,,,,,
SV026,R,195,3,2,0,1,2,Stimulus,,,,,,,,,,,,
SV026,R,196,3,0,0,0,3,Stimulus,,,,,,,,,,,,
SV026,R,197,2,3,1,1,3,Stimulus,,,,,,,,,,,,
SV026,R,198,2,0,0,0,2,Stimulus,,,,,,,,,,,,
SV026,R,199,2,2,1,1,2,Stimulus,,,,,,,,,,,,
SV026,R,200,2,0,0,0,2,Stimulus,,,,,,,,,,,,
SV026,R,201,2,0,0,1,2,Stimulus,,,,,,,,,,,,
SV026,R,202,2,0,0,1,2,Stimulus,,,,,,,,,,,,
SV026,R,203,3,3,0,0,3,Stimulus,,,,,,,,,,,,
SV026,R,204,3,3,0,0,3,Stimulus,,,,,,,,,,,,
SV026,R,205,2,3,0,1,3,Stimulus,,,,,,,,,,,,
SV026,R,206,3,2,0,0,2,Stimulus,,,,,,,,,,,,
SV026,R,207,2,2,0,1,2,Stimulus,,,,,,,,,,,,
SV026,R,208,2,0,1,0,2,Stimulus,,,,,,,,,,,,
SV026,R,209,2,2,1,0,2,Stimulus,,,,,,,,,,,,
SV026,R,210,2,3,0,0,3,Stimulus,,,,,,,,,,,,
SV026,R,211,2,0,1,1,3,Stimulus,,,,,,,,,,,,
SV026,R,212,2,2,0,1,2,Stimulus,,,,,,,,,,,,
SV026,R,213,3,3,1,0,3,Stimulus,,,,,,,,,,,,
SV026,R,214,3,0,0,0,3,Stimulus,,,,,,,,,,,,
SV026,R,215,2,3,0,1,3,Stimulus,,,,,,,,,,,,
SV026,R,216,2,3,1,1,2,Stimulus,,,,,,,,,,,,
SV026,R,217,2,3,0,0,2,Stimulus,,,,,,,,,,,,
SV026,R,218,3,2,0,0,2,Stimulus,,,,,,,,,,,,
SV026,R,219,3,0,1,1,2,Stimulus,,,,,,,,,,,,
SV026,R,220,3,2,1,0,2,Stimulus,,,,,,,,,,,,
SV026,R,221,3,2,1,0,2,Stimulus,,,,,,,,,,,,
SV026,R,222,2,2,1,1,2,Stimulus,,,,,,,,,,,,
SV026,R,223,2,0,0,1,2,Stimulus,,,,,,,,,,,,
SV026,R,224,2,0,1,1,2,Stimulus,,,,,,,,,,,,
SV026,R,225,2,3,0,0,3,Stimulus,,,,,,,,,,,,
SV026,R,226,3,0,0,1,2,Stimulus,,,,,,,,,,,,
SV026,R,227,3,0,0,1,2,Stimulus,,,,,,,,,,,,
SV026,R,228,2,3,1,1,2,Stimulus,,,,,,,,,,,,
SV026,R,229,3,3,1,1,3,Stimulus,,,,,,,,,,,,
SV026,R,230,2,2,1,0,2,Stimulus,,,,,,,,,,,,
SV026,R,231,3,0,0,1,2,Stimulus,,,,,,,,,,,,
SV026,R,232,3,0,1,0,3,Stimulus,,,,,,,,,,,,
SV026,R,233,3,2,1,0,2,Stimulus,,,,,,,,,,,,
SV026,R,234,2,3,0,0,2,Stimulus,,,,,,,,,,,,
SV026,R,235,2,0,0,0,2,Stimulus,,,,,,,,,,,,
SV026,R,236,3,3,0,1,2,Stimulus,,,,,,,,,,,,
SV026,R,237,2,0,0,1,3,Stimulus,,,,,,,,,,,,
SV026,R,238,3,0,1,0,3,Stimulus,,,,,,,,,,,,
SV026,R,239,3,0,0,1,2,Stimulus,,,,,,,,,,,,
SV026,R,240,3,3,1,0,3,Stimulus,,,,,,,,,,,,
SV026,R,241,3,0,1,1,0,Stimulus,,,,,,,,,,,,
SV026,R,242,3,2,1,1,2,Stimulus,,,,,,,,,,,,
SV026,R,243,2,0,1,1,0,Stimulus,,,,,,,,,,,,
SV026,R,244,2,0,0,0,0,Stimulus,,,,,,,,,,,,
SV026,R,245,3,3,1,1,3,Stimulus,,,,,,,,,,,,
SV026,R,246,3,0,1,1,0,Stimulus,,,,,,,,,,,,
SV026,R,247,2,0,1,0,0,Stimulus,,,,,,,,,,,,
SV026,R,248,2,2,0,1,2,Stimulus,,,,,,,,,,,,
SV026,R,249,3,2,0,0,2,Stimulus,,,,,,,,,,,,
SV026,R,250,3,0,1,1,0,Stimulus,,,,,,,,,,,,
SV026,R,251,3,2,0,0,2,Stimulus,,,,,,,,,,,,
SV026,R,252,3,2,1,0,2,Stimulus,,,,,,,,,,,,
SV026,R,253,2,2,1,1,2,Stimulus,,,,,,,,,,,,
SV026,R,254,2,0,0,1,0,Stimulus,,,,,,,,,,,,
SV026,R,255,2,0,1,1,2,Stimulus,,,,,,,,,,,,
SV026,R,256,2,2,1,1,2,Stimulus,,,,,,,,,,,,
SV026,R,257,2,3,1,0,3,Stimulus,,,,,,,,0.5,0.5,65.0,65.0,12.0
SV026,R,258,2,0,0,1,0,Stimulus,,,,,,,,,,,,
SV026,R,259,3,0,0,1,0,Stimulus,,,,,,,,,,,,
SV026,R,260,3,0,0,1,0,Stimulus,,,,,,,,,,,,
SV026,R,261,2,3,1,1,3,Stimulus,,,,,,,,,,,,
SV026,R,262,3,3,1,0,3,Stimulus,,,,,,,,,,,,
SV026,R,263,2,3,1,0,3,Stimulus,,,,,,,,,,,,
SV026,R,264,3,3,0,0,3,Stimulus,,,,,,,,,,,,
SV026,R,265,3,3,0,0,3,Stimulus,,,,,,,,,,,,
SV026,R,266,2,2,1,0,2,Stimulus,,,,,,,,,,,,
SV026,R,267,2,0,1,0,0,Stimulus,,,,,,,,,,,,
SV026,R,268,3,0,1,0,0,Stimulus,,,,,,,,,,,,
SV026,R,269,3,0,1,1,0,Stimulus,,,,,,,,,,,,
SV026,R,270,2,0,0,1,0,Stimulus,,,,,,,,,,,,
SV026,R,271,2,3,1,1,3,Stimulus,,,,,,,,,,,,
SV026,R,272,3,2,1,1,2,Stimulus,,,,,,,,,,,,
SV026,R,273,2,3,0,1,3,Stimulus,,,,,,,,,,,,
SV026,R,274,3,2,0,1,2,Stimulus,,,,,,,,,,,,
SV026,R,275,2,3,0,1,3,Stimulus,,,,,,,,,,,,
SV026,R,276,2,3,0,0,3,Stimulus,,,,,,,,,,,,
SV026,R,277,3,0,0,1,0,Stimulus,,,,,,,,,,,,
SV026,R,278,3,0,1,1,0,Stimulus,,,,,,,,,,,,
SV026,R,279,3,0,0,1,0,Stimulus,,,,,,,,,,,,
SV026,R,280,3,3,1,1,3,Stimulus,,,,,,,,,,,,
SV026,R,281,3,3,1,0,3,Stimulus,,,,,,,,,,,,
SV026,R,282,2,0,1,0,2,Stimulus,,,,,,,,,,,,
SV026,R,283,3,2,0,0,2,Stimulus,,,,,,,,,,,,
SV026,R,284,2,3,0,0,3,Stimulus,,,,,,,,,,,,
SV026,R,285,3,3,0,0,3,Stimulus,,,,,,,,,,,,
SV026,R,286,2,2,0,0,2,Stimulus,,,,,,,,,,,,
SV026,R,287,2,0,0,0,0,Stimulus,,,,,,,,,,,,
SV026,R,288,2,3,1,0,3,Stimulus,,,,,,,,,,,,
SV026,R,289,3,0,1,1,0,Stimulus,,,,,,,,,,,,
SV026,R,290,2,2,1,1,2,Stimulus,,,,,,,,,,,,
SV026,R,291,2,2,1,1,2,Stimulus,,,,,,,,,,,,
SV026,R,292,2,2,1,0,2,Stimulus,,,,,,,,,,,,
SV026,R,293,3,0,1,1,0,Stimulus,,,,,,,,,,,,
SV026,R,294,3,2,0,1,2,Stimulus,,,,,,,,,,,,
SV026,R,295,3,0,1,0,0,Stimulus,,,,,,,,,,,,
SV026,R,296,3,3,1,0,3,Stimulus,,,,,,,,,,,,
SV026,R,297,3,2,1,0,2,Stimulus,,,,,,,,,,,,
SV026,R,298,3,2,0,1,2,Stimulus,,,,,,,,,,,,
SV026,R,299,3,3,1,0,3,Stimulus,,,,,,,,,,,,
SV026,R,300,3,2,0,0,2,Stimulus,,,,,,,,,,,,
SV026,R,301,3,0,1,0,0,Stimulus,,,,,,,,,,,,
SV026,R,302,2,0,1,1,0,Stimulus,,,,,,,,,,,,
SV026,R,303,3,3,0,1,3,Stimulus,,,,,,,,,,,,
SV026,R,304,2,0,1,1,2,Stimulus,,,,,,,,,,,,
SV026,R,305,2,2,1,0,2,Stimulus,,,,,,,,,,,,
SV026,R,306,2,3,0,1,3,Stimulus,,,,,,,,,,,,
SV026,R,307,2,0,0,0,0,Stimulus,,,,,,,,,,,,
SV026,R,308,3,2,0,0,2,Stimulus,,,,,,,,,,,,
SV026,R,309,3,0,1,0,0,Stimulus,,,,,,,,,,,,
SV026,R,310,2,3,1,1,3,Stimulus,,,,,,,,,,,,
SV026,R,311,2,2,0,0,2,Stimulus,,,,,,,,,,,,
SV026,R,312,2,0,0,1,0,Stimulus,,,,,,,,,,,,
SV026,R,313,3,0,0,1,0,Stimulus,,,,,,,,,,,,
SV026,R,314,2,3,1,1,3,Stimulus,,,,,,,,,,,,
SV026,R,315,3,0,0,0,0,Stimulus,,,,,,,,,,,,
SV026,R,316,3,2,0,1,2,Stimulus,,,,,,,,,,,,
SV026,R,317,2,0,1,1,0,Stimulus,,,,,,,,,,,,
SV026,R,318,2,2,0,0,2,Stimulus,,,,,,,,,,,,
SV026,R,319,3,0,1,0,0,Stimulus,,,,,,,,,,,,
SV026,R,320,3,3,1,1,3,Stimulus,,,,,,,,,,,,
SV026,R,321,2,2,1,1,2,Stimulus,,,,,,,,,,,,
SV026,R,322,3,3,1,1,3,Stimulus,,,,,,,,,,,,
SV026,R,323,3,2,1,0,2,Stimulus,,,,,,,,,,,,
SV026,R,324,3,0,0,0,0,Stimulus,,,,,,,,,,,,
SV026,R,325,3,2,1,0,2,Stimulus,,,,,,,,,,,,
SV026,R,326,2,3,0,1,3,Stimulus,,,,,,,,,,,,
SV026,R,327,2,2,1,0,2,Stimulus,,,,,,,,,,,,
SV026,R,328,2,3,1,0,3,Stimulus,,,,,,,,,,,,
SV026,R,329,3,2,1,1,2,Stimulus,,,,,,,,,,,,
SV026,R,330,2,2,1,1,2,Stimulus,,,,,,,,,,,,
SV026,R,331,3,2,1,1,2,Stimulus,,,,,,,,,,,,
SV026,R,332,2,0,1,1,0,Stimulus,,,,,,,,,,,,
SV026,R,333,2,0,0,0,0,Stimulus,,,,,,,,,,,,
SV026,R,334,2,0,0,0,0,Stimulus,,,,,,,,,,,,
SV026,R,335,3,3,0,1,3,Stimulus,,,,,,,,,,,,
SV026,R,336,2,0,1,1,0,Stimulus,,,,,,,,,,,,
SV026,R,337,2,3,0,0,3,Stimulus,,,,,,,,,,,,
SV026,R,338,2,3,0,1,3,Stimulus,,,,,,,,,,,,
SV026,R,339,3,2,0,0,2,Stimulus,,,,,,,,,,,,
SV026,R,340,3,3,0,1,3,Stimulus,,,,,,,,,,,,
SV026,R,341,2,2,0,1,2,Stimulus,,,,,,,,,,,,
SV026,R,342,2,2,0,0,2,Stimulus,,,,,,,,,,,,
SV026,R,343,3,2,0,1,2,Stimulus,,,,,,,,,,,,
SV026,R,344,2,0,1,1,0,Stimulus,,,,,,,,,,,,
SV026,R,345,2,3,0,1,3,Stimulus,,,,,,,,,,,,
SV026,R,346,3,3,1,1,3,Stimulus,,,,,,,,,,,,
SV026,R,347,3,2,1,1,3,Stimulus,,,,,,,,,,,,
SV026,R,348,2,2,1,0,2,Stimulus,,,,,,,,,,,,
SV026,R,349,2,3,0,0,3,Stimulus,,,,,,,,,,,,
SV026,R,350,2,0,0,1,0,Stimulus,,,,,,,,,,,,
SV026,R,351,2,2,0,1,2,Stimulus,,,,,,,,,,,,
SV026,R,352,2,3,1,1,3,Stimulus,,,,,,,,,,,,
SV026,R,353,3,2,0,0,2,Stimulus,,,,,,,,,,,,
SV026,R,354,2,0,1,0,0,Stimulus,,,,,,,,,,,,
SV026,R,355,2,0,1,0,0,Stimulus,,,,,,,,,,,,
SV026,R,356,2,2,0,0,2,Stimulus,,,,,,,,,,,,
SV026,R,357,2,0,0,0,0,Stimulus,,,,,,,,,,,,
SV026,R,358,3,0,0,0,0,Stimulus,,,,,,,,,,,,
SV026,R,359,3,0,1,0,0,Stimulus,,,,,,,,,,,,
SV026,R,360,3,3,1,0,3,Stimulus,,,,,,,,,,,,
SV026,R,361,2,3,0,0,3,Stimulus,,,,,,,,,,,,
SV026,R,362,2,3,0,1,3,Stimulus,,,,,,,,,,,,
SV026,R,363,3,2,0,1,2,Stimulus,,,,,,,,,,,,
SV026,R,364,3,3,0,0,3,Stimulus,,,,,,,,,,,,
SV026,R,365,2,3,1,1,3,Stimulus,,,,,,,,,,,,
SV026,R,366,2,2,1,0,2,Stimulus,,,,,,,,,,,,
SV026,R,367,2,0,0,0,0,Stimulus,,,,,,,,,,,,
SV026,R,368,2,3,0,0,3,Stimulus,,,,,,,,,,,,
SV026,R,369,3,0,1,1,0,Stimulus,,,,,,,,,,,,
SV026,R,370,2,3,0,0,3,Stimulus,,,,,,,,,,,,
SV026,R,371,3,0,0,0,0,Stimulus,,,,,,,,,,,,
SV026,R,372,3,2,0,1,2,Stimulus,,,,,,,,,,,,
SV026,R,373,2,2,0,1,2,Stimulus,,,,,,,,,,,,
SV026,R,374,3,2,1,0,2,Stimulus,,,,,,,,,,,,
SV026,R,375,2,3,0,1,3,Stimulus,,,,,,,,,,,,
SV026,R,376,3,3,0,1,3,Stimulus,,,,,,,,,,,,
SV026,R,377,2,2,1,0,2,Stimulus,,,,,,,,,,,,
SV026,R,378,3,3,0,1,3,Stimulus,,,,,,,,,,,,
SV026,R,379,2,2,0,0,2,Stimulus,,,,,,,,,,,,
SV026,R,380,2,3,1,1,3,Stimulus,,,,,,,,,,,,
SV026,R,381,3,2,1,0,2,Stimulus,,,,,,,,,,,,
SV026,R,382,3,3,1,1,3,Stimulus,,,,,,,,,,,,
SV026,R,383,3,3,0,0,3,Stimulus,,,,,,,,,,,,
SV026,R,384,3,0,0,0,0,Stimulus,,,,,,,,,,,,
SV026,R,385,3,2,1,0,2,Stimulus,,,,,,,,,,,,
SV026,R,386,2,0,0,1,0,Stimulus,,,,,,,,,,,,
SV026,R,387,3,0,1,1,0,Stimulus,,,,,,,,,,,,
SV026,R,388,3,3,1,1,3,Stimulus,,,,,,,,,,,,
SV026,R,389,3,0,0,1,0,Stimulus,,,,,,,,,,,,
SV026,R,390,3,3,0,1,3,Stimulus,,,,,,,,,,,,
SV026,R,391,2,3,1,0,3,Stimulus,,,,,,,,,,,,
SV026,R,392,2,2,0,1,2,Stimulus,,,,,,,,,,,,
SV026,R,393,2,3,0,1,3,Stimulus,,,,,,,,,,,,
SV026,R,394,3,0,1,0,0,Stimulus,,,,,,,,,,,,
SV026,R,395,3,2,1,1,2,Stimulus,,,,,,,,,,,,
SV026,R,396,2,0,0,1,0,Stimulus,,,,,,,,,,,,
SV026,R,397,2,0,0,1,0,Stimulus,,,,,,,,,,,,
SV026,R,398,3,0,0,0,0,Stimulus,,,,,,,,,,,,
SV026,R,399,3,0,0,0,0,Stimulus,,,,,,,,,,,,
SV026,R,400,3,2,1,1,2,Stimulus,,,,,,,,,,,,
SV026,R,401,3,0,0,1,0,Stimulus,,,,,,,,,,,,
SV026,R,402,3,2,1,1,2,Stimulus,,,,,,,,,,,,
SV026,R,403,2,3,1,0,3,Stimulus,,,,,,,,,,,,
SV026,R,404,3,3,0,0,3,Stimulus,,,,,,,,,,,,
SV026,R,405,3,2,0,1,2,Stimulus,,,,,,,,,,,,
SV026,R,406,2,2,0,1,2,Stimulus,,,,,,,,,,,,
SV026,R,407,2,2,1,1,2,Stimulus,,,,,,,,,,,,
SV026,R,408,3,3,1,0,3,Stimulus,,,,,,,,,,,,
SV026,R,409,2,2,0,1,2,Stimulus,,,,,,,,,,,,
SV026,R,410,2,0,0,1,0,Stimulus,,,,,,,,,,,,
SV026,R,411,2,3,0,0,3,Stimulus,,,,,,,,,,,,
SV026,R,412,2,2,0,0,2,Stimulus,,,,,,,,,,,,
SV026,R,413,3,3,0,0,3,Stimulus,,,,,,,,,,,,
SV026,R,414,3,0,0,1,0,Stimulus,,,,,,,,,,,,
SV026,R,415,3,3,1,0,3,Stimulus,,,,,,,,,,,,
SV026,R,416,2,2,0,1,2,Stimulus,,,,,,,,,,,,
SV026,R,417,2,3,1,1,3,Stimulus,,,,,,,,,,,,
SV026,R,418,2,0,1,0,2,Stimulus,,,,,,,,,,,,
SV026,R,419,3,2,0,0,2,Stimulus,,,,,,,,,,,,
SV026,R,420,2,0,1,0,0,Stimulus,,,,,,,,,,,,
SV026,R,421,3,0,0,0,0,Stimulus,,,,,,,,,,,,
SV026,R,422,2,3,1,0,3,Stimulus,,,,,,,,,,,,
SV026,R,423,3,0,0,1,2,Stimulus,,,,,,,,,,,,
SV026,R,424,3,2,0,0,2,Stimulus,,,,,,,,,,,,
SV026,R,425,3,0,1,0,0,Stimulus,,,,,,,,,,,,
SV026,R,426,3,3,0,1,3,Stimulus,,,,,,,,,,,,
SV026,R,427,3,3,0,0,3,Stimulus,,,,,,,,,,,,
SV026,R,428,3,0,0,0,0,Stimulus,,,,,,,,,,,,
SV026,R,429,3,3,0,1,3,Stimulus,,,,,,,,,,,,
SV026,R,430,3,3,1,0,3,Stimulus,,,,,,,,,,,,
SV026,R,431,3,3,1,1,3,Stimulus,,,,,,,,,,,,
SV026,R,432,3,0,1,0,0,Stimulus,,,,,,,,,,,,
SV026,R,433,2,0,1,1,0,Stimulus,,,,,,,,,,,,
SV026,R,434,2,0,1,0,0,Stimulus,,,,,,,,,,,,
SV026,R,435,2,2,1,1,2,Stimulus,,,,,,,,,,,,
SV026,R,436,2,0,0,0,0,Stimulus,,,,,,,,,,,,
SV026,R,437,2,0,0,0,0,Stimulus,,,,,,,,,,,,
SV026,R,438,3,2,1,1,2,Stimulus,,,,,,,,,,,,
SV026,R,439,2,0,1,0,0,Stimulus,,,,,,,,,,,,
SV026,R,440,3,2,0,1,2,Stimulus,,,,,,,,,,,,
SV026,R,441,3,3,1,1,3,Stimulus,,,,,,,,,,,,
SV026,R,442,2,3,1,0,3,Stimulus,,,,,,,,,,,,
SV026,R,443,2,3,1,1,3,Stimulus,,,,,,,,,,,,
SV026,R,444,2,2,1,0,2,Stimulus,,,,,,,,,,,,
SV026,R,445,2,3,0,1,3,Stimulus,,,,,,,,,,,,
SV026,R,446,2,0,0,1,0,Stimulus,,,,,,,,,,,,
SV026,R,447,2,0,1,0,0,Stimulus,,,,,,,,,,,,
SV026,R,448,3,3,0,0,3,Stimulus,,,,,,,,,,,,
SV026,R,449,2,2,0,1,2,Stimulus,,,,,,,,,,,,
SV026,R,450,3,2,1,0,2,Stimulus,,,,,,,,,,,,
SV026,R,451,3,3,1,0,3,Stimulus,,,,,,,,,,,,
SV026,R,452,2,2,1,1,2,Stimulus,,,,,,,,,,,,
SV026,R,453,2,2,1,1,2,Stimulus,,,,,,,,,,,,
SV026,R,454,2,0,1,1,0,Stimulus,,,,,,,,,,,,
SV026,R,455,3,0,1,1,0,Stimulus,,,,,,,,,,,,
SV026,R,456,2,3,1,0,3,Stimulus,,,,,,,,,,,,
SV026,R,457,3,2,0,1,2,Stimulus,,,,,,,,,,,,
SV026,R,458,3,0,0,0,0,Stimulus,,,,,,,,,,,,
SV026,R,459,3,2,1,0,2,Stimulus,,,,,,,,,,,,
SV026,R,460,3,3,1,0,3,Stimulus,,,,,,,,,,,,
SV026,R,461,3,0,1,0,0,Stimulus,,,,,,,,,,,,
SV026,R,462,2,3,0,0,3,Stimulus,,,,,,,,,,,,
SV026,R,463,2,2,0,0,2,Stimulus,,,,,,,,,,,,
SV026,R,464,3,2,1,0,2,Stimulus,,,,,,,,,,,,
SV026,R,465,3,3,0,1,3,Stimulus,,,,,,,,,,,,
SV026,R,466,2,3,1,1,3,Stimulus,,,,,,,,,,,,
SV026,R,467,2,2,0,1,2,Stimulus,,,,,,,,,,,,
SV026,R,468,3,2,0,0,2,Stimulus,,,,,,,,,,,,
SV026,R,469,2,2,0,0,2,Stimulus,,,,,,,,,,,,
SV026,R,470,3,2,1,1,2,Stimulus,,,,,,,,,,,,
SV026,R,471,2,2,1,0,2,Stimulus,,,,,,,,,,,,
SV026,R,472,3,3,1,1,3,Stimulus,,,,,,,,,,,,
SV026,R,473,3,3,0,0,3,Stimulus,,,,,,,,,,,,
SV026,R,474,3,0,0,1,0,Stimulus,,,,,,,,,,,,
SV026,R,475,2,3,0,0,3,Stimulus,,,,,,,,,,,,
SV026,R,476,3,3,0,1,3,Stimulus,,,,,,,,,,,,
SV026,R,477,2,0,0,0,0,Stimulus,,,,,,,,,,,,
SV026,R,478,2,2,0,0,2,Stimulus,,,,,,,,,,,,
SV026,R,479,2,3,1,0,3,Stimulus,,,,,,,,,,,,
SV026,R,480,2,2,1,0,2,Stimulus,,,,,,,,,,,,
