subj_id,eye,trial_no,n_flash,n_beep,direction,blindspot,response,phase,fixation_x_mean,fixation_x_max,fixation_y_mean,fixation_y_max,pupil_avg_mean,pupil_avg_max,fixation_duration_mean,saccade_amplitude_mean,saccade_amplitude_max,saccade_velocity_mean,saccade_velocity_max,saccade_duration_mean
SV020,L,1,2,2,0,0,2,Fixation,,,,,,,,,,,,
SV020,L,2,2,2,1,0,2,Fixation,,,,,,,,,,,,
SV020,L,3,3,2,0,1,2,Fixation,,,,,,,,,,,,
SV020,L,4,3,3,0,0,3,Fixation,,,,,,,,,,,,
SV020,L,5,2,0,1,1,2,Fixation,,,,,,,,,,,,
SV020,L,6,2,3,1,1,3,Fixation,,,,,,,,,,,,
SV020,L,7,2,3,1,1,3,Fixation,,,,,,,,,,,,
SV020,L,8,3,3,0,1,3,Fixation,,,,,,,,,,,,
SV020,L,9,2,3,1,1,3,Fixation,,,,,,,,,,,,
SV020,L,10,3,0,1,1,2,Fixation,,,,,,,,,,,,
SV020,L,11,2,0,1,0,1,Fixation,,,,,,,,,,,,
SV020,L,12,3,0,0,1,2,Fixation,,,,,,,,,,,,
SV020,L,13,2,3,1,0,2,Fixation,,,,,,,,,,,,
SV020,L,14,3,0,1,1,2,Fixation,,,,,,,,,,,,
SV020,L,15,2,0,0,0,2,Fixation,,,,,,,,,,,,
SV020,L,16,3,3,0,1,2,Fixation,,,,,,,,,,,,
SV020,L,17,2,3,0,0,2,Fixation,,,,,,,,,,,,
SV020,L,18,2,3,0,0,3,Fixation,,,,,,,,,,,,
SV020,L,19,3,3,0,0,3,Fixation,,,,,,,,,,,,
SV020,L,20,3,2,1,1,2,Fixation,,,,,,,,,,,,
SV020,L,21,2,0,1,1,2,Fixation,,,,,,,,,,,,
SV020,L,22,2,3,0,0,3,Fixation,,,,,,,,,,,,
SV020,L,23,3,2,0,0,2,Fixation,,,,,,,,,,,,
SV020,L,24,3,3,1,1,2,Fixation,,,,,,,,,,,,
SV020,L,25,3,0,0,0,3,Fixation,,,,,,,,,,,,
SV020,L,26,2,3,0,1,3,Fixation,,,,,,,,,,,,
SV020,L,27,3,3,1,1,3,Fixation,,,,,,,,,,,,
SV020,L,28,2,2,1,0,2,Fixation,,,,,,,,,,,,
SV020,L,29,3,3,1,1,3,Fixation,,,,,,,,,,,,
SV020,L,30,2,3,0,0,3,Fixation,,,,,,,,,,,,
SV020,L,31,2,0,0,1,2,Fixation,,,,,,,,,,,,
SV020,L,32,3,0,1,1,2,Fixation,,,,,,,,,,,,
SV020,L,33,2,2,0,0,2,Fixation,,,,,,,,,,,,
SV020,L,34,2,2,0,1,2,Fixation,,,,,,,,,,,,
SV020,L,35,2,3,0,0,3,Fixation,,,,,,,,,,,,
SV020,L,36,2,0,1,0,3,Fixation,,,,,,,,,,,,
SV020,L,37,2,2,0,1,2,Fixation,,,,,,,,,,,,
SV020,L,38,2,2,1,0,2,Fixation,,,,,,,,,,,,
SV020,L,39,3,0,0,1,3,Fixation,,,,,,,,,,,,
SV020,L,40,3,0,1,0,3,Fixation,,,,,,,,,,,,
SV020,L,41,2,2,1,1,2,Fixation,,,,,,,,,,,,
SV020,L,42,2,3,0,0,3,Fixation,,,,,,,,,,,,
SV020,L,43,3,2,0,1,3,Fixation,,,,,,,,,,,,
SV020,L,44,3,0,1,1,1,Fixation,,,,,,,,,,,,
SV020,L,45,3,0,1,0,2,Fixation,,,,,,,,,,,,
SV020,L,46,2,2,1,1,2,Fixation,,,,,,,,,,,,
SV020,L,47,3,3,0,1,3,Fixation,,,,,,,,,,,,
SV020,L,48,3,2,1,0,2,Fixation,,,,,,,,,,,,
SV020,L,49,2,0,1,0,2,Fixation,,,,,,,,,,,,
SV020,L,50,3,3,1,0,3,Fixation,,,,,,,,,,,,
SV020,L,51,3,3,0,0,3,Fixation,,,,,,,,,,,,
SV020,L,52,2,2,0,1,2,Fixation,,,,,,,,,,,,
SV020,L,53,3,3,1,0,3,Fixation,,,,,,,,,,,,
SV020,L,54,3,2,1,0,2,Fixation,,,,,,,,,,,,
SV020,L,55,2,0,0,0,2,Fixation,,,,,,,,,,,,
SV020,L,56,3,3,1,0,3,Fixation,,,,,,,,,,,,
SV020,L,57,3,0,0,0,3,Fixation,,,,,,,,,,,,
SV020,L,58,3,2,0,1,2,Fixation,,,,,,,,,,,,
SV020,L,59,3,2,0,0,1,Fixation,,,,,,,,,,,,
SV020,L,60,3,2,1,1,2,Fixation,,,,,,,,,,,,
SV020,L,61,3,2,1,1,2,Fixation,,,,,,,,,,,,
SV020,L,62,3,3,1,1,3,Fixation,,,,,,,,,,,,
SV020,L,63,2,0,0,1,2,Fixation,,,,,,,,,,,,
SV020,L,64,2,2,1,0,2,Fixation,,,,,,,,,,,,
SV020,L,65,2,2,0,1,2,Fixation,,,,,,,,,,,,
SV020,L,66,2,0,0,1,3,Fixation,,,,,,,,,,,,
SV020,L,67,2,3,0,1,3,Fixation,,,,,,,,,,,,
SV020,L,68,3,3,0,0,3,Fixation,,,,,,,,,,,,
SV020,L,69,2,2,0,0,2,Fixation,,,,,,,,,,,,
SV020,L,70,3,3,0,0,3,Fixation,,,,,,,,,,,,
SV020,L,71,3,0,0,0,3,Fixation,,,,,,,,,,,,
SV020,L,72,2,0,0,0,2,Fixation,,,,,,,,,,,,
SV020,L,73,2,0,0,0,3,Fixation,,,,,,,,,,,,
SV020,L,74,2,2,0,1,2,Fixation,,,,,,,,,,,,
SV020,L,75,2,2,1,1,2,Fixation,,,,,,,,,,,,
SV020,L,76,2,0,1,0,2,Fixation,,,,,,,,,,,,
SV020,L,77,3,0,0,1,2,Fixation,,,,,,,,,,,,
SV020,L,78,3,2,0,0,2,Fixation,,,,,,,,,,,,
SV020,L,79,3,0,1,0,3,Fixation,,,,,,,,,,,,
SV020,L,80,3,3,0,1,2,Fixation,,,,,,,,,,,,
SV020,L,81,3,0,1,0,2,Fixation,,,,,,,,,,,,
SV020,L,82,2,3,1,0,2,Fixation,,,,,,,,,,,,
SV020,L,83,2,0,1,1,2,Fixation,,,,,,,,,,,,
SV020,L,84,3,3,0,0,3,Fixation,,,,,,,,,,,,
SV020,L,85,2,3,1,0,3,Fixation,,,,,,,,,,,,
SV020,L,86,3,3,1,1,2,Fixation,,,,,,,,,,,,
SV020,L,87,2,3,0,1,3,Fixation,,,,,,,,,,,,
SV020,L,88,2,3,0,1,2,Fixation,,,,,,,,,,,,
SV020,L,89,3,3,1,0,3,Fixation,,,,,,,,,,,,
SV020,L,90,3,0,1,1,1,Fixation,,,,,,,,,,,,
SV020,L,91,2,2,1,0,2,Fixation,,,,,,,,,,,,
SV020,L,92,3,3,0,1,2,Fixation,,,,,,,,,,,,
SV020,L,93,3,3,0,1,2,Fixation,,,,,,,,,,,,
SV020,L,94,3,2,1,1,2,Fixation,,,,,,,,,,,,
SV020,L,95,3,3,1,0,2,Fixation,,,,,,,,,,,,
SV020,L,96,2,0,1,0,2,Fixation,,,,,,,,,,,,
SV020,L,97,2,2,1,1,2,Fixation,,,,,,,,,,,,
SV020,L,98,3,2,1,1,2,Fixation,,,,,,,,,,,,
SV020,L,99,2,3,1,1,2,Fixation,,,,,,,,,,,,
SV020,L,100,2,0,0,0,2,Fixation,,,,,,,,,,,,
SV020,L,101,3,3,1,1,3,Fixation,,,,,,,,,,,,
SV020,L,102,3,0,1,1,2,Fixation,,,,,,,,,,,,
SV020,L,103,3,0,0,0,2,Fixation,,,,,,,,,,,,
SV020,L,104,3,3,1,1,3,Fixation,,,,,,,,,,,,
SV020,L,105,2,0,1,1,1,Fixation,,,,,,,,,,,,
SV020,L,106,3,0,0,0,3,Fixation,,,,,,,,,,,,
SV020,L,107,3,3,1,0,3,Fixation,,,,,,,,,,,,
SV020,L,108,2,0,0,0,3,Fixation,,,,,,,,,,,,
SV020,L,109,3,3,1,0,3,Fixation,,,,,,,,,,,,
SV020,L,110,3,0,0,1,3,Fixation,,,,,,,,,,,,
SV020,L,111,2,0,1,1,2,Fixation,,,,,,,,,,,,
SV020,L,112,3,0,0,0,3,Fixation,,,,,,,,,,,,
SV020,L,113,2,2,0,0,2,Fixation,,,,,,,,,,,,
SV020,L,114,2,0,0,1,2,Fixation,,,,,,,,,,,,
SV020,L,115,3,2,0,1,2,Fixation,,,,,,,,,,,,
SV020,L,116,2,2,0,0,2,Fixation,,,,,,,,,,,,
SV020,L,117,3,2,0,1,2,Fixation,,,,,,,,,,,,
SV020,L,118,3,3,0,0,3,Fixation,,,,,,,,,,,,
SV020,L,119,2,0,1,0,2,Fixation,,,,,,,,,,,,
SV020,L,120,3,2,1,0,2,Fixation,,,,,,,,,,,,
SV020,L,121,2,0,1,0,2,Fixation,,,,,,,,,,,,
SV020,L,122,3,3,0,1,3,Fixation,,,,,,,,,,,,
SV020,L,123,3,3,0,0,3,Fixation,,,,,,,,,,,,
SV020,L,124,3,2,0,0,2,Fixation,,,,,,,,,,,,
SV020,L,125,3,2,1,1,2,Fixation,,,,,,,,,,,,
SV020,L,126,2,3,1,1,2,Fixation,,,,,,,,,,,,
SV020,L,127,3,0,1,1,2,Fixation,,,,,,,,,,,,
SV020,L,128,2,0,0,1,2,Fixation,,,,,,,,,,,,
SV020,L,129,2,2,0,1,2,Fixation,,,,,,,,,,,,
SV020,L,130,3,2,0,0,2,Fixation,,,,,,,,1.4,1.4,106.0,106.0,20.0
SV020,L,131,3,0,1,0,2,Fixation,,,,,,,,,,,,
SV020,L,132,3,2,1,0,2,Fixation,,,,,,,,,,,,
SV020,L,133,3,2,1,1,2,Fixation,,,,,,,,,,,,
SV020,L,134,3,3,0,0,2,Fixation,,,,,,,,,,,,
SV020,L,135,2,0,1,0,3,Fixation,,,,,,,,,,,,
SV020,L,136,2,2,1,0,2,Fixation,,,,,,,,,,,,
SV020,L,137,3,2,1,0,2,Fixation,,,,,,,,,,,,
SV020,L,138,2,2,0,0,2,Fixation,,,,,,,,,,,,
SV020,L,139,3,2,0,0,2,Fixation,,,,,,,,,,,,
SV020,L,140,3,3,0,1,3,Fixation,,,,,,,,,,,,
SV020,L,141,2,3,0,1,3,Fixation,,,,,,,,,,,,
SV020,L,142,2,2,1,0,2,Fixation,,,,,,,,,,,,
SV020,L,143,3,3,1,1,3,Fixation,,,,,,,,,,,,
SV020,L,144,3,3,1,0,2,Fixation,,,,,,,,,,,,
SV020,L,145,2,2,1,0,2,Fixation,,,,,,,,,,,,
SV020,L,146,2,3,1,0,3,Fixation,,,,,,,,,,,,
SV020,L,147,3,3,0,1,3,Fixation,,,,,,,,,,,,
SV020,L,148,3,0,0,0,3,Fixation,,,,,,,,,,,,
SV020,L,149,3,2,1,1,2,Fixation,,,,,,,,,,,,
SV020,L,150,2,0,1,0,2,Fixation,,,,,,,,,,,,
SV020,L,151,2,0,0,1,1,Fixation,,,,,,,,,,,,
SV020,L,152,3,2,1,0,2,Fixation,,,,,,,,,,,,
SV020,L,153,3,2,0,0,2,Fixation,,,,,,,,,,,,
SV020,L,154,2,3,1,0,2,Fixation,,,,,,,,,,,,
SV020,L,155,3,0,0,0,2,Fixation,,,,,,,,,,,,
SV020,L,156,2,3,1,0,3,Fixation,,,,,,,,,,,,
SV020,L,157,3,3,1,1,3,Fixation,,,,,,,,,,,,
SV020,L,158,3,0,1,0,2,Fixation,,,,,,,,,,,,
SV020,L,159,3,3,0,0,3,Fixation,,,,,,,,,,,,
SV020,L,160,3,0,0,1,3,Fixation,,,,,,,,,,,,
SV020,L,161,3,2,1,0,2,Fixation,,,,,,,,,,,,
SV020,L,162,2,2,0,1,2,Fixation,,,,,,,,,,,,
SV020,L,163,3,0,0,1,2,Fixation,,,,,,,,,,,,
SV020,L,164,3,2,0,1,2,Fixation,,,,,,,,,,,,
SV020,L,165,2,2,0,0,2,Fixation,,,,,,,,,,,,
SV020,L,166,2,0,0,1,2,Fixation,,,,,,,,,,,,
SV020,L,167,2,0,1,1,2,Fixation,,,,,,,,,,,,
SV020,L,168,2,2,1,1,2,Fixation,,,,,,,,,,,,
SV020,L,169,2,3,1,1,3,Fixation,,,,,,,,,,,,
SV020,L,170,2,3,0,1,2,Fixation,,,,,,,,,,,,
SV020,L,171,3,0,0,1,2,Fixation,,,,,,,,,,,,
SV020,L,172,2,3,0,0,3,Fixation,,,,,,,,,,,,
SV020,L,173,2,3,1,1,2,Fixation,,,,,,,,,,,,
SV020,L,174,2,3,0,1,2,Fixation,,,,,,,,,,,,
SV020,L,175,2,3,1,1,2,Fixation,,,,,,,,,,,,
SV020,L,176,2,3,0,1,2,Fixation,,,,,,,,,,,,
SV020,L,177,3,2,0,0,2,Fixation,,,,,,,,,,,,
SV020,L,178,3,2,0,0,2,Fixation,,,,,,,,,,,,
SV020,L,179,3,3,0,1,3,Fixation,,,,,,,,,,,,
SV020,L,180,2,2,1,1,2,Fixation,,,,,,,,,,,,
SV020,L,181,3,2,0,1,2,Fixation,,,,,,,,,,,,
SV020,L,182,2,0,0,0,2,Fixation,,,,,,,,,,,,
SV020,L,183,2,3,0,1,3,Fixation,,,,,,,,,,,,
SV020,L,184,2,3,1,0,3,Fixation,,,,,,,,,,,,
SV020,L,185,2,0,0,1,3,Fixation,,,,,,,,,,,,
SV020,L,186,2,2,1,0,2,Fixation,,,,,,,,,,,,
SV020,L,187,2,0,1,1,2,Fixation,,,,,,,,,,,,
SV020,L,188,2,3,1,1,3,Fixation,,,,,,,,,,,,
SV020,L,189,2,3,0,0,3,Fixation,,,,,,,,,,,,
SV020,L,190,3,2,0,1,2,Fixation,,,,,,,,,,,,
SV020,L,191,2,3,1,0,3,Fixation,,,,,,,,,,,,
SV020,L,192,3,2,0,1,2,Fixation,,,,,,,,,,,,
SV020,L,193,3,0,1,1,2,Fixation,,,,,,,,,,,,
SV020,L,194,2,3,1,1,2,Fixation,,,,,,,,0.5,0.5,60.0,60.0,12.0
SV020,L,195,2,2,1,0,2,Fixation,,,,,,,,,,,,
SV020,L,196,3,0,1,0,2,Fixation,,,,,,,,,,,,
SV020,L,197,2,0,1,1,2,Fixation,,,,,,,,,,,,
SV020,L,198,2,3,0,0,3,Fixation,,,,,,,,,,,,
SV020,L,199,3,2,0,0,2,Fixation,,,,,,,,,,,,
SV020,L,200,3,0,1,0,2,Fixation,,,,,,,,,,,,
SV020,L,201,2,3,0,1,3,Fixation,,,,,,,,,,,,
SV020,L,202,2,0,0,0,2,Fixation,,,,,,,,,,,,
SV020,L,203,3,3,1,0,3,Fixation,,,,,,,,,,,,
SV020,L,204,3,0,0,1,2,Fixation,,,,,,,,,,,,
SV020,L,205,2,2,1,1,2,Fixation,,,,,,,,,,,,
SV020,L,206,2,0,0,0,3,Fixation,,,,,,,,0.9,0.9,79.0,79.0,16.0
SV020,L,207,2,3,1,0,2,Fixation,,,,,,,,,,,,
SV020,L,208,2,0,0,1,2,Fixation,,,,,,,,,,,,
SV020,L,209,3,0,1,0,3,Fixation,,,,,,,,,,,,
SV020,L,210,2,0,1,1,3,Fixation,,,,,,,,,,,,
SV020,L,211,3,2,1,1,2,Fixation,,,,,,,,,,,,
SV020,L,212,2,2,0,0,2,Fixation,,,,,,,,,,,,
SV020,L,213,3,0,1,1,2,Fixation,,,,,,,,,,,,
SV020,L,214,3,2,1,0,2,Fixation,,,,,,,,,,,,
SV020,L,215,2,0,0,1,2,Fixation,,,,,,,,,,,,
SV020,L,216,3,0,1,1,2,Fixation,,,,,,,,,,,,
SV020,L,217,3,2,1,1,2,Fixation,,,,,,,,,,,,
SV020,L,218,3,2,1,0,2,Fixation,,,,,,,,,,,,
SV020,L,219,2,2,0,0,2,Fixation,,,,,,,,,,,,
SV020,L,220,2,2,0,0,2,Fixation,,,,,,,,,,,,
SV020,L,221,2,2,1,1,1,Fixation,,,,,,,,,,,,
SV020,L,222,2,3,1,0,3,Fixation,,,,,,,,,,,,
SV020,L,223,3,2,1,0,2,Fixation,,,,,,,,,,,,
SV020,L,224,3,0,0,0,3,Fixation,,,,,,,,,,,,
SV020,L,225,2,2,0,1,2,Fixation,,,,,,,,,,,,
SV020,L,226,3,0,0,1,3,Fixation,,,,,,,,,,,,
SV020,L,227,2,2,1,1,2,Fixation,,,,,,,,,,,,
SV020,L,228,2,0,1,0,2,Fixation,,,,,,,,,,,,
SV020,L,229,3,0,1,0,2,Fixation,,,,,,,,,,,,
SV020,L,230,3,0,0,1,3,Fixation,,,,,,,,,,,,
SV020,L,231,3,3,1,1,3,Fixation,,,,,,,,,,,,
SV020,L,232,2,2,1,1,2,Fixation,,,,,,,,,,,,
SV020,L,233,3,2,0,1,2,Fixation,,,,,,,,,,,,
SV020,L,234,2,2,0,1,2,Fixation,,,,,,,,,,,,
SV020,L,235,2,0,1,1,2,Fixation,,,,,,,,,,,,
SV020,L,236,2,2,0,1,2,Fixation,,,,,,,,,,,,
SV020,L,237,2,0,0,0,2,Fixation,,,,,,,,,,,,
SV020,L,238,3,0,0,0,3,Fixation,,,,,,,,,,,,
SV020,L,239,3,3,1,0,3,Fixation,,,,,,,,,,,,
SV020,L,240,2,3,0,0,3,Fixation,,,,,,,,,,,,
SV020,L,241,3,0,1,0,0,Fixation,,,,,,,,,,,,
SV020,L,242,3,3,1,0,3,Fixation,,,,,,,,,,,,
SV020,L,243,2,2,1,0,2,Fixation,,,,,,,,,,,,
SV020,L,244,3,2,1,1,2,Fixation,,,,,,,,,,,,
SV020,L,245,2,2,0,1,2,Fixation,,,,,,,,,,,,
SV020,L,246,2,0,1,1,0,Fixation,,,,,,,,,,,,
SV020,L,247,2,3,0,0,3,Fixation,,,,,,,,,,,,
SV020,L,248,3,2,0,1,2,Fixation,,,,,,,,,,,,
SV020,L,249,3,3,1,0,3,Fixation,,,,,,,,,,,,
SV020,L,250,2,2,1,1,2,Fixation,,,,,,,,,,,,
SV020,L,251,2,2,0,1,2,Fixation,,,,,,,,,,,,
SV020,L,252,2,3,1,0,3,Fixation,,,,,,,,,,,,
SV020,L,253,2,3,0,1,3,Fixation,,,,,,,,,,,,
SV020,L,254,2,3,1,0,3,Fixation,,,,,,,,,,,,
SV020,L,255,3,0,1,0,0,Fixation,,,,,,,,,,,,
SV020,L,256,3,3,0,1,3,Fixation,,,,,,,,,,,,
SV020,L,257,2,3,0,1,3,Fixation,,,,,,,,,,,,
SV020,L,258,2,3,1,0,3,Fixation,,,,,,,,,,,,
SV020,L,259,3,2,0,1,2,Fixation,,,,,,,,,,,,
SV020,L,260,3,3,0,0,3,Fixation,,,,,,,,,,,,
SV020,L,261,3,2,1,1,2,Fixation,,,,,,,,,,,,
SV020,L,262,2,2,0,1,2,Fixation,,,,,,,,,,,,
SV020,L,263,2,3,1,1,3,Fixation,,,,,,,,,,,,
SV020,L,264,3,0,0,1,0,Fixation,,,,,,,,,,,,
SV020,L,265,2,2,1,0,2,Fixation,,,,,,,,,,,,
SV020,L,266,2,3,1,1,3,Fixation,,,,,,,,,,,,
SV020,L,267,3,2,1,1,2,Fixation,,,,,,,,,,,,
SV020,L,268,3,0,0,0,0,Fixation,,,,,,,,,,,,
SV020,L,269,2,3,0,0,3,Fixation,,,,,,,,,,,,
SV020,L,270,2,3,0,0,3,Fixation,,,,,,,,,,,,
SV020,L,271,2,0,1,0,0,Fixation,,,,,,,,,,,,
SV020,L,272,2,0,1,1,0,Fixation,,,,,,,,,,,,
SV020,L,273,2,3,0,1,3,Fixation,,,,,,,,,,,,
SV020,L,274,3,0,1,0,0,Fixation,,,,,,,,,,,,
SV020,L,275,3,0,0,1,0,Fixation,,,,,,,,,,,,
SV020,L,276,2,2,0,0,2,Fixation,,,,,,,,,,,,
SV020,L,277,3,2,1,1,2,Fixation,,,,,,,,,,,,
SV020,L,278,2,0,1,0,0,Fixation,,,,,,,,,,,,
SV020,L,279,2,0,0,1,0,Fixation,,,,,,,,,,,,
SV020,L,280,2,2,0,0,2,Fixation,,,,,,,,,,,,
SV020,L,281,2,2,1,0,2,Fixation,,,,,,,,,,,,
SV020,L,282,3,0,1,0,0,Fixation,,,,,,,,,,,,
SV020,L,283,2,2,0,0,2,Fixation,,,,,,,,,,,,
SV020,L,284,3,3,1,1,3,Fixation,,,,,,,,,,,,
SV020,L,285,2,2,0,1,2,Fixation,,,,,,,,,,,,
SV020,L,286,3,0,0,0,0,Fixation,,,,,,,,,,,,
SV020,L,287,2,0,0,0,0,Fixation,,,,,,,,,,,,
SV020,L,288,2,3,0,0,3,Fixation,,,,,,,,,,,,
SV020,L,289,3,0,0,0,0,Fixation,,,,,,,,,,,,
SV020,L,290,2,3,1,1,3,Fixation,,,,,,,,,,,,
SV020,L,291,2,0,1,0,0,Fixation,,,,,,,,,,,,
SV020,L,292,3,0,0,0,0,Fixation,,,,,,,,,,,,
SV020,L,293,3,3,1,0,3,Fixation,,,,,,,,,,,,
SV020,L,294,3,2,1,1,2,Fixation,,,,,,,,,,,,
SV020,L,295,3,3,0,0,3,Fixation,,,,,,,,,,,,
SV020,L,296,2,3,0,1,3,Fixation,,,,,,,,,,,,
SV020,L,297,3,2,0,1,2,Fixation,,,,,,,,,,,,
SV020,L,298,3,3,0,0,3,Fixation,,,,,,,,,,,,
SV020,L,299,3,2,1,1,2,Fixation,,,,,,,,,,,,
SV020,L,300,3,2,1,0,2,Fixation,,,,,,,,,,,,
SV020,L,301,3,3,1,1,2,Fixation,,,,,,,,,,,,
SV020,L,302,2,0,1,1,0,Fixation,,,,,,,,,,,,
SV020,L,303,3,2,1,1,2,Fixation,,,,,,,,,,,,
SV020,L,304,3,3,0,1,3,Fixation,,,,,,,,,,,,
SV020,L,305,3,2,0,0,2,Fixation,,,,,,,,,,,,
SV020,L,306,2,2,1,0,2,Fixation,,,,,,,,,,,,
SV020,L,307,3,2,0,1,2,Fixation,,,,,,,,,,,,
SV020,L,308,3,2,0,0,2,Fixation,,,,,,,,,,,,
SV020,L,309,3,0,1,0,0,Fixation,,,,,,,,,,,,
SV020,L,310,3,3,1,1,3,Fixation,,,,,,,,0.9,0.9,620.0,620.0,144.0
SV020,L,311,2,3,1,0,3,Fixation,,,,,,,,,,,,
SV020,L,312,2,2,0,0,2,Fixation,,,,,,,,,,,,
SV020,L,313,3,0,1,1,0,Fixation,,,,,,,,,,,,
SV020,L,314,3,0,0,1,0,Fixation,,,,,,,,,,,,
SV020,L,315,3,3,1,0,0,Fixation,,,,,,,,,,,,
SV020,L,316,3,3,0,1,0,Fixation,,,,,,,,,,,,
SV020,L,317,2,0,1,1,0,Fixation,,,,,,,,,,,,
SV020,L,318,2,2,1,1,2,Fixation,,,,,,,,,,,,
SV020,L,319,2,3,1,0,3,Fixation,,,,,,,,,,,,
SV020,L,320,3,2,1,0,2,Fixation,,,,,,,,,,,,
SV020,L,321,3,3,1,1,3,Fixation,,,,,,,,,,,,
SV020,L,322,3,3,1,0,3,Fixation,,,,,,,,,,,,
SV020,L,323,3,0,0,0,0,Fixation,,,,,,,,,,,,
SV020,L,324,2,3,1,1,3,Fixation,,,,,,,,,,,,
SV020,L,325,2,2,0,0,2,Fixation,,,,,,,,,,,,
SV020,L,326,2,3,1,0,3,Fixation,,,,,,,,,,,,
SV020,L,327,2,2,0,0,2,Fixation,,,,,,,,,,,,
SV020,L,328,3,3,1,1,3,Fixation,,,,,,,,,,,,
SV020,L,329,3,2,1,0,2,Fixation,,,,,,,,,,,,
SV020,L,330,2,3,1,0,3,Fixation,,,,,,,,,,,,
SV020,L,331,2,2,1,1,2,Fixation,,,,,,,,,,,,
SV020,L,332,2,0,1,0,0,Fixation,,,,,,,,,,,,
SV020,L,333,3,0,0,1,0,Fixation,,,,,,,,,,,,
SV020,L,334,3,3,0,0,3,Fixation,,,,,,,,,,,,
SV020,L,335,2,3,1,0,3,Fixation,,,,,,,,,,,,
SV020,L,336,2,3,0,0,3,Fixation,,,,,,,,,,,,
SV020,L,337,2,3,1,0,3,Fixation,,,,,,,,,,,,
SV020,L,338,3,0,1,1,0,Fixation,,,,,,,,,,,,
SV020,L,339,3,0,0,1,0,Fixation,,,,,,,,,,,,
SV020,L,340,3,3,1,0,3,Fixation,,,,,,,,,,,,
SV020,L,341,3,3,1,1,3,Fixation,,,,,,,,,,,,
SV020,L,342,3,0,0,0,3,Fixation,,,,,,,,,,,,
SV020,L,343,2,0,0,0,0,Fixation,,,,,,,,,,,,
SV020,L,344,2,0,1,0,0,Fixation,,,,,,,,,,,,
SV020,L,345,2,0,1,0,0,Fixation,,,,,,,,,,,,
SV020,L,346,3,3,0,1,0,Fixation,,,,,,,,,,,,
SV020,L,347,3,3,0,0,3,Fixation,,,,,,,,,,,,
SV020,L,348,2,3,0,1,3,Fixation,,,,,,,,,,,,
SV020,L,349,3,2,0,1,2,Fixation,,,,,,,,,,,,
SV020,L,350,3,0,0,0,0,Fixation,,,,,,,,,,,,
SV020,L,351,2,3,0,0,3,Fixation,,,,,,,,,,,,
SV020,L,352,3,0,1,0,0,Fixation,,,,,,,,,,,,
SV020,L,353,3,2,1,0,2,Fixation,,,,,,,,,,,,
SV020,L,354,3,0,1,1,3,Fixation,,,,,,,,,,,,
SV020,L,355,2,2,0,1,2,Fixation,,,,,,,,,,,,
SV020,L,356,3,2,1,0,2,Fixation,,,,,,,,,,,,
SV020,L,357,3,3,1,0,3,Fixation,,,,,,,,,,,,
SV020,L,358,2,0,1,1,0,Fixation,,,,,,,,,,,,
SV020,L,359,2,2,0,0,2,Fixation,,,,,,,,,,,,
SV020,L,360,2,2,1,0,2,Fixation,,,,,,,,,,,,
SV020,L,361,2,3,0,1,3,Fixation,,,,,,,,,,,,
SV020,L,362,2,2,1,1,3,Fixation,,,,,,,,,,,,
SV020,L,363,2,3,1,1,4,Fixation,,,,,,,,,,,,
SV020,L,364,2,0,0,1,0,Fixation,,,,,,,,,,,,
SV020,L,365,3,0,0,1,0,Fixation,,,,,,,,,,,,
SV020,L,366,2,2,0,1,3,Fixation,,,,,,,,,,,,
SV020,L,367,2,0,0,1,0,Fixation,,,,,,,,,,,,
SV020,L,368,2,2,1,0,2,Fixation,,,,,,,,,,,,
SV020,L,369,3,0,0,1,0,Fixation,,,,,,,,,,,,
SV020,L,370,3,2,0,1,2,Fixation,,,,,,,,,,,,
SV020,L,371,3,2,0,1,2,Fixation,,,,,,,,,,,,
SV020,L,372,2,2,0,0,2,Fixation,,,,,,,,,,,,
SV020,L,373,3,3,0,0,3,Fixation,,,,,,,,,,,,
SV020,L,374,2,0,0,0,0,Fixation,,,,,,,,,,,,
SV020,L,375,2,0,0,0,0,Fixation,,,,,,,,,,,,
SV020,L,376,3,0,0,0,0,Fixation,,,,,,,,,,,,
SV020,L,377,2,0,0,1,0,Fixation,,,,,,,,,,,,
SV020,L,378,3,0,1,1,0,Fixation,,,,,,,,,,,,
SV020,L,379,3,0,1,1,0,Fixation,,,,,,,,,,,,
SV020,L,380,3,0,1,1,0,Fixation,,,,,,,,,,,,
SV020,L,381,3,0,1,1,0,Fixation,,,,,,,,,,,,
SV020,L,382,3,3,1,1,3,Fixation,,,,,,,,,,,,
SV020,L,383,3,0,1,0,0,Fixation,,,,,,,,,,,,
SV020,L,384,3,2,0,0,2,Fixation,,,,,,,,,,,,
SV020,L,385,3,3,1,0,3,Fixation,,,,,,,,,,,,
SV020,L,386,2,3,1,1,0,Fixation,,,,,,,,,,,,
SV020,L,387,3,2,0,1,2,Fixation,,,,,,,,,,,,
SV020,L,388,3,0,1,1,0,Fixation,,,,,,,,,,,,
SV020,L,389,2,0,0,1,0,Fixation,,,,,,,,,,,,
SV020,L,390,2,2,1,0,2,Fixation,,,,,,,,,,,,
SV020,L,391,3,2,0,0,2,Fixation,,,,,,,,,,,,
SV020,L,392,3,3,0,1,3,Fixation,,,,,,,,,,,,
SV020,L,393,3,0,0,1,0,Fixation,,,,,,,,,,,,
SV020,L,394,3,2,0,0,2,Fixation,,,,,,,,,,,,
SV020,L,395,2,0,0,0,0,Fixation,,,,,,,,,,,,
SV020,L,396,3,3,0,0,3,Fixation,,,,,,,,,,,,
SV020,L,397,2,0,0,1,0,Fixation,,,,,,,,,,,,
SV020,L,398,2,0,1,1,0,Fixation,,,,,,,,,,,,
SV020,L,399,3,3,0,1,3,Fixation,,,,,,,,,,,,
SV020,L,400,2,0,1,0,0,Fixation,,,,,,,,,,,,
SV020,L,401,2,0,0,1,0,Fixation,,,,,,,,,,,,
SV020,L,402,3,2,0,0,2,Fixation,,,,,,,,,,,,
SV020,L,403,3,2,0,0,2,Fixation,,,,,,,,,,,,
SV020,L,404,2,0,0,0,0,Fixation,,,,,,,,,,,,
SV020,L,405,2,0,0,0,0,Fixation,,,,,,,,,,,,
SV020,L,406,3,0,1,0,0,Fixation,,,,,,,,,,,,
SV020,L,407,2,3,0,0,3,Fixation,,,,,,,,,,,,
SV020,L,408,3,2,1,0,2,Fixation,,,,,,,,,,,,
SV020,L,409,3,2,1,0,2,Fixation,,,,,,,,,,,,
SV020,L,410,3,3,0,1,0,Fixation,,,,,,,,,,,,
SV020,L,411,3,0,0,0,0,Fixation,,,,,,,,,,,,
SV020,L,412,2,0,1,1,0,Fixation,,,,,,,,,,,,
SV020,L,413,2,3,1,1,3,Fixation,,,,,,,,,,,,
SV020,L,414,2,0,0,1,0,Fixation,,,,,,,,,,,,
SV020,L,415,3,2,0,0,2,Fixation,,,,,,,,,,,,
SV020,L,416,3,3,1,0,3,Fixation,,,,,,,,,,,,
SV020,L,417,3,2,1,1,2,Fixation,,,,,,,,,,,,
SV020,L,418,2,3,0,0,2,Fixation,,,,,,,,,,,,
SV020,L,419,2,2,1,1,2,Fixation,,,,,,,,,,,,
SV020,L,420,3,3,1,1,3,Fixation,,,,,,,,,,,,
SV020,L,421,2,3,0,0,3,Fixation,,,,,,,,,,,,
SV020,L,422,3,2,0,0,2,Fixation,,,,,,,,,,,,
SV020,L,423,2,3,0,1,3,Fixation,,,,,,,,,,,,
SV020,L,424,2,0,1,1,0,Fixation,,,,,,,,,,,,
SV020,L,425,3,3,0,1,3,Fixation,,,,,,,,,,,,
SV020,L,426,2,2,1,1,2,Fixation,,,,,,,,,,,,
SV020,L,427,3,2,1,0,2,Fixation,,,,,,,,,,,,
SV020,L,428,2,2,0,1,2,Fixation,,,,,,,,,,,,
SV020,L,429,3,2,1,1,2,Fixation,,,,,,,,,,,,
SV020,L,430,2,0,1,0,0,Fixation,,,,,,,,,,,,
SV020,L,431,3,2,0,0,2,Fixation,,,,,,,,,,,,
SV020,L,432,2,2,1,1,2,Fixation,,,,,,,,,,,,
SV020,L,433,3,3,0,0,3,Fixation,,,,,,,,,,,,
SV020,L,434,3,2,1,0,2,Fixation,,,,,,,,,,,,
SV020,L,435,3,3,0,0,3,Fixation,,,,,,,,,,,,
SV020,L,436,3,3,0,1,3,Fixation,,,,,,,,,,,,
SV020,L,437,2,3,1,1,3,Fixation,,,,,,,,,,,,
SV020,L,438,3,0,1,0,0,Fixation,,,,,,,,,,,,
SV020,L,439,3,0,1,0,0,Fixation,,,,,,,,,,,,
SV020,L,440,2,2,1,1,2,Fixation,,,,,,,,,,,,
SV020,L,441,2,2,0,1,2,Fixation,,,,,,,,,,,,
SV020,L,442,2,2,1,0,2,Fixation,,,,,,,,,,,,
SV020,L,443,2,3,0,1,3,Fixation,,,,,,,,,,,,
SV020,L,444,2,0,0,1,0,Fixation,,,,,,,,,,,,
SV020,L,445,3,2,1,1,2,Fixation,,,,,,,,,,,,
SV020,L,446,2,3,0,1,3,Fixation,,,,,,,,,,,,
SV020,L,447,3,2,0,1,2,Fixation,,,,,,,,,,,,
SV020,L,448,3,3,1,1,3,Fixation,,,,,,,,,,,,
SV020,L,449,2,2,1,0,2,Fixation,,,,,,,,,,,,
SV020,L,450,2,0,1,0,0,Fixation,,,,,,,,,,,,
SV020,L,451,3,2,1,0,2,Fixation,,,,,,,,,,,,
SV020,L,452,2,3,0,0,3,Fixation,,,,,,,,,,,,
SV020,L,453,2,2,0,1,2,Fixation,,,,,,,,,,,,
SV020,L,454,3,3,0,1,3,Fixation,,,,,,,,,,,,
SV020,L,455,3,0,1,1,0,Fixation,,,,,,,,,,,,
SV020,L,456,2,2,0,0,2,Fixation,,,,,,,,,,,,
SV020,L,457,2,3,1,1,3,Fixation,,,,,,,,,,,,
SV020,L,458,2,0,0,1,0,Fixation,,,,,,,,,,,,
SV020,L,459,2,3,1,1,3,Fixation,,,,,,,,,,,,
SV020,L,460,2,2,1,1,2,Fixation,,,,,,,,,,,,
SV020,L,461,2,2,1,1,2,Fixation,,,,,,,,,,,,
SV020,L,462,3,3,1,1,3,Fixation,,,,,,,,,,,,
SV020,L,463,2,0,1,1,0,Fixation,,,,,,,,,,,,
SV020,L,464,3,3,1,0,3,Fixation,,,,,,,,,,,,
SV020,L,465,3,0,0,0,0,Fixation,,,,,,,,,,,,
SV020,L,466,2,2,1,0,2,Fixation,,,,,,,,,,,,
SV020,L,467,2,2,0,0,2,Fixation,,,,,,,,,,,,
SV020,L,468,3,2,0,1,2,Fixation,,,,,,,,,,,,
SV020,L,469,3,3,0,0,3,Fixation,,,,,,,,,,,,
SV020,L,470,2,0,1,0,0,Fixation,,,,,,,,,,,,
SV020,L,471,3,0,0,1,0,Fixation,,,,,,,,,,,,
SV020,L,472,3,0,0,1,0,Fixation,,,,,,,,,,,,
SV020,L,473,2,3,0,1,3,Fixation,,,,,,,,,,,,
SV020,L,474,2,2,0,1,2,Fixation,,,,,,,,,,,,
SV020,L,475,2,0,0,0,0,Fixation,,,,,,,,,,,,
SV020,L,476,3,0,1,1,0,Fixation,,,,,,,,,,,,
SV020,L,477,2,0,0,0,0,Fixation,,,,,,,,,,,,
SV020,L,478,2,3,1,0,3,Fixation,,,,,,,,,,,,
SV020,L,479,2,0,1,1,0,Fixation,,,,,,,,,,,,
SV020,L,480,2,0,0,0,0,Fixation,,,,,,,,,,,,
SV020,R,1,2,3,1,1,2,Fixation,,,,,,,,,,,,
SV020,R,2,3,0,1,0,3,Fixation,,,,,,,,,,,,
SV020,R,3,3,2,0,1,2,Fixation,,,,,,,,,,,,
SV020,R,4,2,2,0,1,2,Fixation,,,,,,,,,,,,
SV020,R,5,2,3,0,0,3,Fixation,,,,,,,,,,,,
SV020,R,6,2,2,0,0,2,Fixation,,,,,,,,,,,,
SV020,R,7,2,0,0,1,3,Fixation,,,,,,,,,,,,
SV020,R,8,2,2,1,0,2,Fixation,,,,,,,,,,,,
SV020,R,9,3,2,0,1,2,Fixation,,,,,,,,,,,,
SV020,R,10,3,2,1,0,2,Fixation,,,,,,,,,,,,
SV020,R,11,2,0,0,1,2,Fixation,,,,,,,,,,,,
SV020,R,12,3,0,1,0,2,Fixation,,,,,,,,,,,,
SV020,R,13,2,3,1,0,3,Fixation,,,,,,,,,,,,
SV020,R,14,3,3,0,1,3,Fixation,,,,,,,,,,,,
SV020,R,15,2,3,0,0,3,Fixation,,,,,,,,,,,,
SV020,R,16,2,3,1,1,2,Fixation,,,,,,,,,,,,
SV020,R,17,3,3,1,1,2,Fixation,,,,,,,,,,,,
SV020,R,18,3,0,1,0,2,Fixation,,,,,,,,,,,,
SV020,R,19,3,3,0,1,3,Fixation,,,,,,,,,,,,
SV020,R,20,2,0,0,0,3,Fixation,,,,,,,,,,,,
SV020,R,21,3,0,0,1,3,Fixation,,,,,,,,,,,,
SV020,R,22,3,2,1,0,2,Fixation,,,,,,,,,,,,
SV020,R,23,3,0,0,1,2,Fixation,,,,,,,,,,,,
SV020,R,24,2,3,1,0,2,Fixation,,,,,,,,,,,,
SV020,R,25,2,0,0,1,2,Fixation,,,,,,,,,,,,
SV020,R,26,3,3,0,0,3,Fixation,,,,,,,,,,,,
SV020,R,27,3,2,0,0,2,Fixation,,,,,,,,,,,,
SV020,R,28,3,3,1,0,3,Fixation,,,,,,,,,,,,
SV020,R,29,3,3,0,1,3,Fixation,,,,,,,,,,,,
SV020,R,30,2,0,1,1,2,Fixation,,,,,,,,,,,,
SV020,R,31,3,2,0,1,1,Fixation,,,,,,,,,,,,
SV020,R,32,3,3,1,1,2,Fixation,,,,,,,,,,,,
SV020,R,33,3,2,0,1,2,Fixation,,,,,,,,,,,,
SV020,R,34,3,3,1,1,3,Fixation,,,,,,,,,,,,
SV020,R,35,3,3,1,0,3,Fixation,,,,,,,,,,,,
SV020,R,36,2,0,1,0,2,Fixation,,,,,,,,,,,,
SV020,R,37,3,2,0,1,2,Fixation,,,,,,,,,,,,
SV020,R,38,3,3,0,0,3,Fixation,,,,,,,,,,,,
SV020,R,39,2,2,1,1,2,Fixation,,,,,,,,,,,,
SV020,R,40,3,0,0,0,3,Fixation,,,,,,,,,,,,
SV020,R,41,3,2,1,1,2,Fixation,,,,,,,,,,,,
SV020,R,42,2,3,0,1,3,Fixation,,,,,,,,,,,,
SV020,R,43,2,0,1,0,2,Fixation,,,,,,,,,,,,
SV020,R,44,2,0,1,0,2,Fixation,,,,,,,,,,,,
SV020,R,45,3,0,1,0,2,Fixation,,,,,,,,,,,,
SV020,R,46,3,0,0,0,2,Fixation,,,,,,,,,,,,
SV020,R,47,2,0,0,0,2,Fixation,,,,,,,,,,,,
SV020,R,48,3,0,0,1,2,Fixation,,,,,,,,,,,,
SV020,R,49,2,3,1,1,3,Fixation,,,,,,,,,,,,
SV020,R,50,2,2,1,0,2,Fixation,,,,,,,,,,,,
SV020,R,51,2,3,1,0,2,Fixation,,,,,,,,,,,,
SV020,R,52,2,2,1,1,2,Fixation,,,,,,,,,,,,
SV020,R,53,2,3,1,0,3,Fixation,,,,,,,,,,,,
SV020,R,54,3,3,1,1,3,Fixation,,,,,,,,,,,,
SV020,R,55,2,0,0,0,2,Fixation,,,,,,,,,,,,
SV020,R,56,2,2,0,0,2,Fixation,,,,,,,,,,,,
SV020,R,57,3,0,1,1,2,Fixation,,,,,,,,,,,,
SV020,R,58,3,0,1,1,2,Fixation,,,,,,,,,,,,
SV020,R,59,2,0,1,0,3,Fixation,,,,,,,,,,,,
SV020,R,60,2,3,1,1,2,Fixation,,,,,,,,,,,,
SV020,R,61,2,3,0,1,3,Fixation,,,,,,,,,,,,
SV020,R,62,3,0,0,1,3,Fixation,,,,,,,,,,,,
SV020,R,63,2,2,1,0,2,Fixation,,,,,,,,,,,,
SV020,R,64,3,0,0,0,2,Fixation,,,,,,,,,,,,
SV020,R,65,2,0,1,0,2,Fixation,,,,,,,,,,,,
SV020,R,66,3,0,0,0,3,Fixation,,,,,,,,,,,,
SV020,R,67,2,3,1,0,3,Fixation,,,,,,,,,,,,
SV020,R,68,3,0,1,1,2,Fixation,,,,,,,,,,,,
SV020,R,69,2,0,0,1,3,Fixation,,,,,,,,,,,,
SV020,R,70,3,2,0,1,2,Fixation,,,,,,,,,,,,
SV020,R,71,2,0,1,1,2,Fixation,,,,,,,,,,,,
SV020,R,72,3,2,0,0,2,Fixation,,,,,,,,,,,,
SV020,R,73,3,2,0,1,2,Fixation,,,,,,,,,,,,
SV020,R,74,2,2,0,1,2,Fixation,,,,,,,,,,,,
SV020,R,75,2,2,1,0,2,Fixation,,,,,,,,,,,,
SV020,R,76,2,0,1,0,3,Fixation,,,,,,,,,,,,
SV020,R,77,3,0,1,1,2,Fixation,,,,,,,,,,,,
SV020,R,78,3,3,1,0,3,Fixation,,,,,,,,,,,,
SV020,R,79,3,2,1,0,2,Fixation,,,,,,,,,,,,
SV020,R,80,2,2,0,0,2,Fixation,,,,,,,,,,,,
SV020,R,81,3,2,0,1,2,Fixation,,,,,,,,,,,,
SV020,R,82,3,0,0,1,2,Fixation,,,,,,,,,,,,
SV020,R,83,3,3,1,1,2,Fixation,,,,,,,,,,,,
SV020,R,84,2,0,0,0,2,Fixation,,,,,,,,,,,,
SV020,R,85,3,3,0,1,3,Fixation,,,,,,,,,,,,
SV020,R,86,2,2,1,1,2,Fixation,,,,,,,,,,,,
SV020,R,87,3,3,0,0,3,Fixation,,,,,,,,,,,,
SV020,R,88,2,3,0,0,3,Fixation,,,,,,,,,,,,
SV020,R,89,3,0,0,1,2,Fixation,,,,,,,,,,,,
SV020,R,90,2,3,0,0,2,Fixation,,,,,,,,,,,,
SV020,R,91,3,2,1,1,2,Fixation,,,,,,,,,,,,
SV020,R,92,3,3,1,0,3,Fixation,,,,,,,,,,,,
SV020,R,93,3,0,1,0,3,Fixation,,,,,,,,,,,,
SV020,R,94,2,0,0,0,2,Fixation,,,,,,,,,,,,
SV020,R,95,3,2,1,1,2,Fixation,,,,,,,,,,,,
SV020,R,96,2,3,0,1,2,Fixation,,,,,,,,,,,,
SV020,R,97,3,0,0,0,3,Fixation,,,,,,,,,,,,
SV020,R,98,3,3,0,0,3,Fixation,,,,,,,,,,,,
SV020,R,99,3,2,0,0,2,Fixation,,,,,,,,,,,,
SV020,R,100,3,2,0,0,2,Fixation,,,,,,,,,,,,
SV020,R,101,3,3,1,0,2,Fixation,,,,,,,,,,,,
SV020,R,102,2,3,0,0,1,Fixation,,,,,,,,,,,,
SV020,R,103,3,2,1,1,2,Fixation,,,,,,,,,,,,
SV020,R,104,2,3,1,0,3,Fixation,,,,,,,,,,,,
SV020,R,105,3,0,0,1,3,Fixation,,,,,,,,,,,,
SV020,R,106,2,3,1,0,3,Fixation,,,,,,,,,,,,
SV020,R,107,2,2,0,0,2,Fixation,,,,,,,,,,,,
SV020,R,108,3,0,0,1,3,Fixation,,,,,,,,,,,,
SV020,R,109,3,3,1,1,3,Fixation,,,,,,,,,,,,
SV020,R,110,2,0,0,0,2,Fixation,,,,,,,,,,,,
SV020,R,111,3,0,1,1,2,Fixation,,,,,,,,,,,,
SV020,R,112,2,2,1,1,2,Fixation,,,,,,,,,,,,
SV020,R,113,2,2,0,1,2,Fixation,,,,,,,,,,,,
SV020,R,114,3,3,1,0,3,Fixation,,,,,,,,,,,,
SV020,R,115,2,2,0,1,2,Fixation,,,,,,,,,,,,
SV020,R,116,2,2,1,0,2,Fixation,,,,,,,,,,,,
SV020,R,117,2,0,1,1,2,Fixation,,,,,,,,,,,,
SV020,R,118,2,2,1,1,2,Fixation,,,,,,,,,,,,
SV020,R,119,2,2,1,1,2,Fixation,,,,,,,,,,,,
SV020,R,120,2,0,1,0,3,Fixation,,,,,,,,,,,,
SV020,R,121,3,3,0,1,2,Fixation,,,,,,,,,,,,
SV020,R,122,2,0,0,0,3,Fixation,,,,,,,,,,,,
SV020,R,123,3,0,1,1,2,Fixation,,,,,,,,,,,,
SV020,R,124,3,2,1,0,3,Fixation,,,,,,,,,,,,
SV020,R,125,2,0,1,1,2,Fixation,,,,,,,,,,,,
SV020,R,126,3,0,0,1,2,Fixation,,,,,,,,,,,,
SV020,R,127,2,3,1,1,2,Fixation,,,,,,,,,,,,
SV020,R,128,2,2,1,0,2,Fixation,,,,,,,,,,,,
SV020,R,129,2,2,1,0,2,Fixation,,,,,,,,,,,,
SV020,R,130,3,0,1,1,2,Fixation,,,,,,,,,,,,
SV020,R,131,3,2,1,0,2,Fixation,,,,,,,,,,,,
SV020,R,132,3,3,0,0,3,Fixation,,,,,,,,,,,,
SV020,R,133,2,2,0,1,2,Fixation,,,,,,,,,,,,
SV020,R,134,3,2,1,0,2,Fixation,,,,,,,,,,,,
SV020,R,135,2,2,0,0,2,Fixation,,,,,,,,,,,,
SV020,R,136,2,2,1,1,2,Fixation,,,,,,,,,,,,
SV020,R,137,3,3,1,1,2,Fixation,,,,,,,,,,,,
SV020,R,138,2,0,1,0,2,Fixation,,,,,,,,,,,,
SV020,R,139,2,2,1,0,2,Fixation,,,,,,,,,,,,
SV020,R,140,2,0,0,1,1,Fixation,,,,,,,,,,,,
SV020,R,141,2,0,0,1,1,Fixation,,,,,,,,,,,,
SV020,R,142,2,2,0,1,2,Fixation,,,,,,,,,,,,
SV020,R,143,2,2,1,1,2,Fixation,,,,,,,,,,,,
SV020,R,144,3,3,0,0,3,Fixation,,,,,,,,,,,,
SV020,R,145,2,0,0,1,3,Fixation,,,,,,,,,,,,
SV020,R,146,3,2,1,1,2,Fixation,,,,,,,,,,,,
SV020,R,147,3,0,0,0,3,Fixation,,,,,,,,,,,,
SV020,R,148,3,0,1,0,3,Fixation,,,,,,,,,,,,
SV020,R,149,3,0,1,0,3,Fixation,,,,,,,,,,,,
SV020,R,150,2,2,1,1,2,Fixation,,,,,,,,,,,,
SV020,R,151,2,2,0,1,2,Fixation,,,,,,,,,,,,
SV020,R,152,2,0,1,0,2,Fixation,,,,,,,,,,,,
SV020,R,153,2,2,0,1,2,Fixation,,,,,,,,,,,,
SV020,R,154,2,3,0,1,3,Fixation,,,,,,,,,,,,
SV020,R,155,3,2,0,1,2,Fixation,,,,,,,,,,,,
SV020,R,156,2,3,1,0,3,Fixation,,,,,,,,,,,,
SV020,R,157,2,2,1,0,2,Fixation,,,,,,,,,,,,
SV020,R,158,3,2,0,0,3,Fixation,,,,,,,,,,,,
SV020,R,159,2,2,0,0,2,Fixation,,,,,,,,,,,,
SV020,R,160,3,0,0,0,3,Fixation,,,,,,,,,,,,
SV020,R,161,2,3,0,1,2,Fixation,,,,,,,,,,,,
SV020,R,162,2,2,0,0,2,Fixation,,,,,,,,,,,,
SV020,R,163,2,3,0,1,3,Fixation,,,,,,,,,,,,
SV020,R,164,3,3,1,0,2,Fixation,,,,,,,,,,,,
SV020,R,165,3,3,1,1,3,Fixation,,,,,,,,,,,,
SV020,R,166,2,0,1,1,3,Fixation,,,,,,,,,,,,
SV020,R,167,3,3,0,0,3,Fixation,,,,,,,,,,,,
SV020,R,168,3,3,0,0,3,Fixation,,,,,,,,,,,,
SV020,R,169,3,0,1,0,3,Fixation,,,,,,,,,,,,
SV020,R,170,2,3,1,0,3,Fixation,,,,,,,,,,,,
SV020,R,171,2,0,1,1,3,Fixation,,,,,,,,,,,,
SV020,R,172,3,2,1,1,2,Fixation,,,,,,,,,,,,
SV020,R,173,3,0,1,0,3,Fixation,,,,,,,,,,,,
SV020,R,174,3,2,0,0,2,Fixation,,,,,,,,,,,,
SV020,R,175,2,2,0,0,2,Fixation,,,,,,,,,,,,
SV020,R,176,3,3,1,0,2,Fixation,,,,,,,,,,,,
SV020,R,177,2,0,0,1,2,Fixation,,,,,,,,,,,,
SV020,R,178,3,3,1,0,3,Fixation,,,,,,,,,,,,
SV020,R,179,3,3,0,0,3,Fixation,,,,,,,,,,,,
SV020,R,180,3,2,1,1,2,Fixation,,,,,,,,,,,,
SV020,R,181,2,3,0,0,3,Fixation,,,,,,,,,,,,
SV020,R,182,2,3,0,1,2,Fixation,,,,,,,,,,,,
SV020,R,183,3,0,0,0,2,Fixation,,,,,,,,,,,,
SV020,R,184,3,2,1,0,2,Fixation,,,,,,,,,,,,
SV020,R,185,3,0,1,1,2,Fixation,,,,,,,,,,,,
SV020,R,186,3,3,1,0,3,Fixation,,,,,,,,,,,,
SV020,R,187,3,2,0,0,2,Fixation,,,,,,,,,,,,
SV020,R,188,3,0,0,1,2,Fixation,,,,,,,,,,,,
SV020,R,189,3,0,1,1,2,Fixation,,,,,,,,,,,,
SV020,R,190,2,0,0,1,3,Fixation,,,,,,,,,,,,
SV020,R,191,3,3,0,0,3,Fixation,,,,,,,,,,,,
SV020,R,192,3,2,0,1,2,Fixation,,,,,,,,,,,,
SV020,R,193,3,2,1,0,2,Fixation,,,,,,,,,,,,
SV020,R,194,3,2,1,0,2,Fixation,,,,,,,,,,,,
SV020,R,195,2,3,0,0,3,Fixation,,,,,,,,,,,,
SV020,R,196,3,2,0,0,2,Fixation,,,,,,,,,,,,
SV020,R,197,2,0,1,1,3,Fixation,,,,,,,,,,,,
SV020,R,198,3,0,0,0,3,Fixation,,,,,,,,,,,,
SV020,R,199,3,2,1,0,2,Fixation,,,,,,,,,,,,
SV020,R,200,2,3,1,1,3,Fixation,,,,,,,,,,,,
SV020,R,201,2,3,1,1,3,Fixation,,,,,,,,,,,,
SV020,R,202,3,2,1,1,2,Fixation,,,,,,,,,,,,
SV020,R,203,3,3,0,1,3,Fixation,,,,,,,,,,,,
SV020,R,204,2,0,0,0,2,Fixation,,,,,,,,,,,,
SV020,R,205,2,3,0,1,3,Fixation,,,,,,,,,,,,
SV020,R,206,2,2,0,1,2,Fixation,,,,,,,,,,,,
SV020,R,207,2,0,1,1,2,Fixation,,,,,,,,,,,,
SV020,R,208,2,3,1,0,3,Fixation,,,,,,,,,,,,
SV020,R,209,2,3,0,0,2,Fixation,,,,,,,,,,,,
SV020,R,210,2,2,0,0,2,Fixation,,,,,,,,,,,,
SV020,R,211,2,2,0,0,2,Fixation,,,,,,,,,,,,
SV020,R,212,2,0,0,1,1,Fixation,,,,,,,,,,,,
SV020,R,213,2,0,1,1,1,Fixation,,,,,,,,,,,,
SV020,R,214,3,2,0,0,1,Fixation,,,,,,,,,,,,
SV020,R,215,2,0,1,0,2,Fixation,,,,,,,,,,,,
SV020,R,216,2,0,1,1,2,Fixation,,,,,,,,,,,,
SV020,R,217,3,0,1,0,2,Fixation,,,,,,,,,,,,
SV020,R,218,2,2,0,1,2,Fixation,,,,,,,,,,,,
SV020,R,219,3,3,0,1,3,Fixation,,,,,,,,,,,,
SV020,R,220,3,3,0,1,3,Fixation,,,,,,,,,,,,
SV020,R,221,3,0,1,1,2,Fixation,,,,,,,,,,,,
SV020,R,222,2,3,1,1,3,Fixation,,,,,,,,,,,,
SV020,R,223,3,3,0,1,3,Fixation,,,,,,,,,,,,
SV020,R,224,3,2,1,1,2,Fixation,,,,,,,,,,,,
SV020,R,225,3,2,1,1,2,Fixation,,,,,,,,,,,,
SV020,R,226,2,3,0,1,3,Fixation,,,,,,,,,,,,
SV020,R,227,2,3,1,1,3,Fixation,,,,,,,,,,,,
SV020,R,228,2,0,0,0,2,Fixation,,,,,,,,,,,,
SV020,R,229,2,3,0,0,2,Fixation,,,,,,,,,,,,
SV020,R,230,2,3,0,0,3,Fixation,,,,,,,,,,,,
SV020,R,231,3,2,0,0,2,Fixation,,,,,,,,,,,,
SV020,R,232,2,2,1,0,2,Fixation,,,,,,,,,,,,
SV020,R,233,3,0,0,0,2,Fixation,,,,,,,,,,,,
SV020,R,234,2,3,0,1,3,Fixation,,,,,,,,,,,,
SV020,R,235,2,0,0,0,3,Fixation,,,,,,,,,,,,
SV020,R,236,3,3,1,1,2,Fixation,,,,,,,,,,,,
SV020,R,237,2,2,1,1,2,Fixation,,,,,,,,,,,,
SV020,R,238,2,3,1,1,3,Fixation,,,,,,,,,,,,
SV020,R,239,3,3,0,1,3,Fixation,,,,,,,,,,,,
SV020,R,240,3,3,1,1,3,Fixation,,,,,,,,,,,,
SV020,R,241,2,2,0,1,2,Fixation,,,,,,,,,,,,
SV020,R,242,3,0,0,0,0,Fixation,,,,,,,,,,,,
SV020,R,243,3,2,1,1,2,Fixation,,,,,,,,,,,,
SV020,R,244,3,3,1,0,3,Fixation,,,,,,,,,,,,
SV020,R,245,2,2,0,0,2,Fixation,,,,,,,,,,,,
SV020,R,246,3,0,1,0,0,Fixation,,,,,,,,,,,,
SV020,R,247,3,3,0,0,3,Fixation,,,,,,,,,,,,
SV020,R,248,3,3,1,1,3,Fixation,,,,,,,,,,,,
SV020,R,249,2,2,0,1,2,Fixation,,,,,,,,,,,,
SV020,R,250,3,2,0,0,2,Fixation,,,,,,,,,,,,
SV020,R,251,3,3,1,0,3,Fixation,,,,,,,,,,,,
SV020,R,252,2,0,0,1,0,Fixation,,,,,,,,,,,,
SV020,R,253,3,3,0,1,3,Fixation,,,,,,,,,,,,
SV020,R,254,3,2,0,1,2,Fixation,,,,,,,,,,,,
SV020,R,255,3,2,0,0,2,Fixation,,,,,,,,,,,,
SV020,R,256,2,2,1,0,2,Fixation,,,,,,,,,,,,
SV020,R,257,2,3,1,0,3,Fixation,,,,,,,,,,,,
SV020,R,258,3,2,0,0,2,Fixation,,,,,,,,,,,,
SV020,R,259,3,3,1,0,3,Fixation,,,,,,,,,,,,
SV020,R,260,2,0,1,1,0,Fixation,,,,,,,,,,,,
SV020,R,261,2,0,0,1,0,Fixation,,,,,,,,,,,,
SV020,R,262,2,3,0,0,3,Fixation,,,,,,,,,,,,
SV020,R,263,2,2,0,1,2,Fixation,,,,,,,,,,,,
SV020,R,264,2,3,1,1,3,Fixation,,,,,,,,,,,,
SV020,R,265,2,3,1,1,3,Fixation,,,,,,,,,,,,
SV020,R,266,2,2,0,0,2,Fixation,,,,,,,,,,,,
SV020,R,267,3,3,0,0,3,Fixation,,,,,,,,,,,,
SV020,R,268,2,0,0,1,0,Fixation,,,,,,,,,,,,
SV020,R,269,2,2,1,1,2,Fixation,,,,,,,,,,,,
SV020,R,270,2,0,1,1,0,Fixation,,,,,,,,,,,,
SV020,R,271,3,3,1,1,3,Fixation,,,,,,,,,,,,
SV020,R,272,2,0,0,0,0,Fixation,,,,,,,,,,,,
SV020,R,273,2,2,0,1,2,Fixation,,,,,,,,,,,,
SV020,R,274,2,3,0,1,3,Fixation,,,,,,,,,,,,
SV020,R,275,2,3,0,1,3,Fixation,,,,,,,,,,,,
SV020,R,276,2,0,0,1,0,Fixation,,,,,,,,,,,,
SV020,R,277,3,2,0,0,2,Fixation,,,,,,,,,,,,
SV020,R,278,2,3,0,1,3,Fixation,,,,,,,,,,,,
SV020,R,279,3,3,0,1,3,Fixation,,,,,,,,,,,,
SV020,R,280,2,0,1,1,0,Fixation,,,,,,,,,,,,
SV020,R,281,3,2,1,1,2,Fixation,,,,,,,,,,,,
SV020,R,282,2,2,1,0,2,Fixation,,,,,,,,,,,,
SV020,R,283,2,0,1,0,0,Fixation,,,,,,,,,,,,
SV020,R,284,3,3,1,1,3,Fixation,,,,,,,,,,,,
SV020,R,285,3,3,1,1,3,Fixation,,,,,,,,,,,,
SV020,R,286,2,2,1,0,2,Fixation,,,,,,,,,,,,
SV020,R,287,2,0,0,1,0,Fixation,,,,,,,,,,,,
SV020,R,288,2,2,1,0,2,Fixation,,,,,,,,,,,,
SV020,R,289,3,2,1,1,2,Fixation,,,,,,,,,,,,
SV020,R,290,3,3,1,0,3,Fixation,,,,,,,,,,,,
SV020,R,291,3,2,1,0,2,Fixation,,,,,,,,,,,,
SV020,R,292,3,3,1,1,3,Fixation,,,,,,,,,,,,
SV020,R,293,3,0,0,0,0,Fixation,,,,,,,,,,,,
SV020,R,294,3,3,1,0,3,Fixation,,,,,,,,,,,,
SV020,R,295,2,0,1,0,0,Fixation,,,,,,,,,,,,
SV020,R,296,2,0,1,1,0,Fixation,,,,,,,,,,,,
SV020,R,297,2,2,0,1,0,Fixation,,,,,,,,,,,,
SV020,R,298,2,2,1,0,0,Fixation,,,,,,,,,,,,
SV020,R,299,2,2,0,0,0,Fixation,,,,,,,,,,,,
SV020,R,300,2,2,0,1,0,Fixation,,,,,,,,,,,,
SV020,R,301,3,3,0,0,3,Fixation,,,,,,,,,,,,
SV020,R,302,3,0,1,0,0,Fixation,,,,,,,,,,,,
SV020,R,303,3,2,0,1,2,Fixation,,,,,,,,,,,,
SV020,R,304,3,3,0,0,3,Fixation,,,,,,,,,,,,
SV020,R,305,3,0,0,1,0,Fixation,,,,,,,,,,,,
SV020,R,306,2,0,1,1,0,Fixation,,,,,,,,,,,,
SV020,R,307,2,2,1,1,2,Fixation,,,,,,,,,,,,
SV020,R,308,2,3,0,0,3,Fixation,,,,,,,,,,,,
SV020,R,309,3,0,0,0,0,Fixation,,,,,,,,,,,,
SV020,R,310,2,3,0,1,3,Fixation,,,,,,,,,,,,
SV020,R,311,3,0,1,1,0,Fixation,,,,,,,,,,,,
SV020,R,312,3,2,0,1,2,Fixation,,,,,,,,,,,,
SV020,R,313,2,3,1,0,3,Fixation,,,,,,,,,,,,
SV020,R,314,3,2,1,0,2,Fixation,,,,,,,,,,,,
SV020,R,315,2,2,1,1,2,Fixation,,,,,,,,,,,,
SV020,R,316,2,0,0,1,0,Fixation,,,,,,,,,,,,
SV020,R,317,3,3,0,0,3,Fixation,,,,,,,,,,,,
SV020,R,318,2,3,0,0,3,Fixation,,,,,,,,,,,,
SV020,R,319,2,3,1,1,3,Fixation,,,,,,,,,,,,
SV020,R,320,2,0,1,1,0,Fixation,,,,,,,,,,,,
SV020,R,321,2,3,1,0,3,Fixation,,,,,,,,,,,,
SV020,R,322,2,2,0,0,2,Fixation,,,,,,,,,,,,
SV020,R,323,2,0,1,0,2,Fixation,,,,,,,,,,,,
SV020,R,324,2,2,0,1,2,Fixation,,,,,,,,,,,,
SV020,R,325,2,0,0,1,0,Fixation,,,,,,,,,,,,
SV020,R,326,3,0,0,1,0,Fixation,,,,,,,,,,,,
SV020,R,327,2,3,0,1,3,Fixation,,,,,,,,,,,,
SV020,R,328,2,0,0,0,0,Fixation,,,,,,,,,,,,
SV020,R,329,3,2,1,1,2,Fixation,,,,,,,,,,,,
SV020,R,330,2,0,0,0,0,Fixation,,,,,,,,,,,,
SV020,R,331,3,2,1,0,2,Fixation,,,,,,,,,,,,
SV020,R,332,2,0,1,0,0,Fixation,,,,,,,,,,,,
SV020,R,333,3,3,0,0,3,Fixation,,,,,,,,,,,,
SV020,R,334,3,3,0,1,3,Fixation,,,,,,,,,,,,
SV020,R,335,2,2,0,0,2,Fixation,,,,,,,,,,,,
SV020,R,336,3,2,1,0,2,Fixation,,,,,,,,,,,,
SV020,R,337,3,2,1,0,2,Fixation,,,,,,,,,,,,
SV020,R,338,2,3,1,0,3,Fixation,,,,,,,,,,,,
SV020,R,339,3,2,1,0,2,Fixation,,,,,,,,,,,,
SV020,R,340,3,0,1,0,0,Fixation,,,,,,,,,,,,
SV020,R,341,3,2,0,1,2,Fixation,,,,,,,,,,,,
SV020,R,342,3,2,0,1,2,Fixation,,,,,,,,,,,,
SV020,R,343,2,3,1,1,3,Fixation,,,,,,,,,,,,
SV020,R,344,2,0,1,0,0,Fixation,,,,,,,,,,,,
SV020,R,345,3,0,1,1,0,Fixation,,,,,,,,,,,,
SV020,R,346,2,3,1,0,3,Fixation,,,,,,,,,,,,
SV020,R,347,2,0,1,0,3,Fixation,,,,,,,,,,,,
SV020,R,348,2,2,1,1,2,Fixation,,,,,,,,,,,,
SV020,R,349,3,2,1,1,2,Fixation,,,,,,,,,,,,
SV020,R,350,3,0,0,1,0,Fixation,,,,,,,,,,,,
SV020,R,351,3,2,1,0,2,Fixation,,,,,,,,,,,,
SV020,R,352,2,0,0,0,0,Fixation,,,,,,,,,,,,
SV020,R,353,2,3,0,1,3,Fixation,,,,,,,,,,,,
SV020,R,354,2,2,0,0,2,Fixation,,,,,,,,,,,,
SV020,R,355,2,3,0,0,3,Fixation,,,,,,,,,,,,
SV020,R,356,2,0,0,1,0,Fixation,,,,,,,,,,,,
SV020,R,357,2,3,1,1,3,Fixation,,,,,,,,,,,,
SV020,R,358,2,3,1,1,3,Fixation,,,,,,,,,,,,
SV020,R,359,3,0,0,1,0,Fixation,,,,,,,,,,,,
SV020,R,360,3,2,0,1,2,Fixation,,,,,,,,,,,,
SV020,R,361,3,2,0,0,2,Fixation,,,,,,,,,,,,
SV020,R,362,2,2,0,1,2,Fixation,,,,,,,,,,,,
SV020,R,363,2,3,0,0,3,Fixation,,,,,,,,,,,,
SV020,R,364,2,2,0,0,2,Fixation,,,,,,,,,,,,
SV020,R,365,2,0,0,0,2,Fixation,,,,,,,,,,,,
SV020,R,366,2,3,1,1,3,Fixation,,,,,,,,,,,,
SV020,R,367,2,0,1,1,0,Fixation,,,,,,,,,,,,
SV020,R,368,3,2,0,1,2,Fixation,,,,,,,,,,,,
SV020,R,369,3,3,1,1,3,Fixation,,,,,,,,,,,,
SV020,R,370,3,0,1,1,0,Fixation,,,,,,,,,,,,
SV020,R,371,3,2,0,0,2,Fixation,,,,,,,,,,,,
SV020,R,372,2,0,0,0,0,Fixation,,,,,,,,,,,,
SV020,R,373,2,3,1,1,3,Fixation,,,,,,,,,,,,
SV020,R,374,2,3,0,1,3,Fixation,,,,,,,,,,,,
SV020,R,375,3,0,0,0,0,Fixation,,,,,,,,,,,,
SV020,R,376,3,0,0,0,0,Fixation,,,,,,,,,,,,
SV020,R,377,3,0,1,1,0,Fixation,,,,,,,,,,,,
SV020,R,378,3,3,1,1,3,Fixation,,,,,,,,,,,,
SV020,R,379,2,3,1,0,3,Fixation,,,,,,,,,,,,
SV020,R,380,2,3,1,0,3,Fixation,,,,,,,,,,,,
SV020,R,381,2,3,0,0,3,Fixation,,,,,,,,,,,,
SV020,R,382,3,2,1,0,2,Fixation,,,,,,,,,,,,
SV020,R,383,3,0,0,0,0,Fixation,,,,,,,,,,,,
SV020,R,384,3,3,1,1,3,Fixation,,,,,,,,,,,,
SV020,R,385,2,3,0,0,3,Fixation,,,,,,,,,,,,
SV020,R,386,2,0,1,1,3,Fixation,,,,,,,,,,,,
SV020,R,387,3,0,0,1,0,Fixation,,,,,,,,,,,,
SV020,R,388,2,3,0,1,3,Fixation,,,,,,,,,,,,
SV020,R,389,3,0,0,0,0,Fixation,,,,,,,,,,,,
SV020,R,390,3,3,1,0,3,Fixation,,,,,,,,,,,,
SV020,R,391,2,0,1,0,0,Fixation,,,,,,,,,,,,
SV020,R,392,2,3,1,0,3,Fixation,,,,,,,,,,,,
SV020,R,393,3,0,0,0,0,Fixation,,,,,,,,,,,,
SV020,R,394,3,2,1,0,2,Fixation,,,,,,,,,,,,
SV020,R,395,3,2,0,1,2,Fixation,,,,,,,,,,,,
SV020,R,396,2,2,0,1,2,Fixation,,,,,,,,,,,,
SV020,R,397,3,3,0,1,3,Fixation,,,,,,,,,,,,
SV020,R,398,3,0,1,0,0,Fixation,,,,,,,,,,,,
SV020,R,399,2,2,1,1,2,Fixation,,,,,,,,,,,,
SV020,R,400,3,3,0,1,3,Fixation,,,,,,,,,,,,
SV020,R,401,3,3,0,1,3,Fixation,,,,,,,,,,,,
SV020,R,402,2,2,0,0,2,Fixation,,,,,,,,,,,,
SV020,R,403,3,0,1,1,0,Fixation,,,,,,,,,,,,
SV020,R,404,2,0,1,1,0,Fixation,,,,,,,,,,,,
SV020,R,405,2,0,0,1,0,Fixation,,,,,,,,,,,,
SV020,R,406,3,3,1,0,3,Fixation,,,,,,,,,,,,
SV020,R,407,3,0,1,1,0,Fixation,,,,,,,,,,,,
SV020,R,408,3,0,0,1,0,Fixation,,,,,,,,,,,,
SV020,R,409,2,3,0,1,3,Fixation,,,,,,,,,,,,
SV020,R,410,3,2,1,1,2,Fixation,,,,,,,,,,,,
SV020,R,411,2,3,0,0,3,Fixation,,,,,,,,,,,,
SV020,R,412,3,2,0,0,2,Fixation,,,,,,,,,,,,
SV020,R,413,2,3,1,0,3,Fixation,,,,,,,,,,,,
SV020,R,414,2,2,1,0,2,Fixation,,,,,,,,,,,,
SV020,R,415,2,0,1,1,1,Fixation,,,,,,,,,,,,
SV020,R,416,2,0,0,1,0,Fixation,,,,,,,,,,,,
SV020,R,417,3,0,1,1,0,Fixation,,,,,,,,,,,,
SV020,R,418,2,2,1,0,2,Fixation,,,,,,,,,,,,
SV020,R,419,2,2,1,0,2,Fixation,,,,,,,,,,,,
SV020,R,420,3,2,0,1,2,Fixation,,,,,,,,,,,,
SV020,R,421,2,2,0,1,2,Fixation,,,,,,,,,,,,
SV020,R,422,3,0,1,0,0,Fixation,,,,,,,,,,,,
SV020,R,423,3,0,1,0,0,Fixation,,,,,,,,,,,,
SV020,R,424,3,0,1,0,0,Fixation,,,,,,,,,,,,
SV020,R,425,2,3,0,0,3,Fixation,,,,,,,,,,,,
SV020,R,426,2,0,0,0,0,Fixation,,,,,,,,,,,,
SV020,R,427,2,0,0,0,0,Fixation,,,,,,,,,,,,
SV020,R,428,3,3,1,0,3,Fixation,,,,,,,,,,,,
SV020,R,429,3,2,1,1,2,Fixation,,,,,,,,,,,,
SV020,R,430,3,3,0,1,3,Fixation,,,,,,,,,,,,
SV020,R,431,2,2,1,1,2,Fixation,,,,,,,,,,,,
SV020,R,432,2,2,1,0,2,Fixation,,,,,,,,,,,,
SV020,R,433,2,2,0,0,2,Fixation,,,,,,,,,,,,
SV020,R,434,2,0,0,0,0,Fixation,,,,,,,,,,,,
SV020,R,435,3,3,0,1,3,Fixation,,,,,,,,,,,,
SV020,R,436,2,2,1,1,2,Fixation,,,,,,,,,,,,
SV020,R,437,2,3,0,1,3,Fixation,,,,,,,,,,,,
SV020,R,438,2,2,1,1,2,Fixation,,,,,,,,,,,,
SV020,R,439,3,3,0,0,3,Fixation,,,,,,,,,,,,
SV020,R,440,2,2,1,1,2,Fixation,,,,,,,,,,,,
SV020,R,441,3,3,0,1,3,Fixation,,,,,,,,,,,,
SV020,R,442,3,2,1,1,2,Fixation,,,,,,,,,,,,
SV020,R,443,2,3,1,1,3,Fixation,,,,,,,,,,,,
SV020,R,444,3,2,1,0,2,Fixation,,,,,,,,,,,,
SV020,R,445,3,3,0,0,3,Fixation,,,,,,,,,,,,
SV020,R,446,3,0,0,0,0,Fixation,,,,,,,,,,,,
SV020,R,447,3,0,1,1,0,Fixation,,,,,,,,,,,,
SV020,R,448,3,0,1,0,0,Fixation,,,,,,,,,,,,
SV020,R,449,3,2,0,1,2,Fixation,,,,,,,,,,,,
SV020,R,450,3,3,0,1,3,Fixation,,,,,,,,,,,,
SV020,R,451,3,0,1,1,0,Fixation,,,,,,,,,,,,
SV020,R,452,2,2,0,0,2,Fixation,,,,,,,,,,,,
SV020,R,453,3,3,1,0,3,Fixation,,,,,,,,,,,,
SV020,R,454,3,0,0,1,0,Fixation,,,,,,,,,,,,
SV020,R,455,3,0,0,1,0,Fixation,,,,,,,,,,,,
SV020,R,456,2,3,1,0,3,Fixation,,,,,,,,,,,,
SV020,R,457,3,2,0,0,2,Fixation,,,,,,,,,,,,
SV020,R,458,2,0,1,0,0,Fixation,,,,,,,,,,,,
SV020,R,459,3,2,1,1,2,Fixation,,,,,,,,,,,,
SV020,R,460,3,3,0,0,3,Fixation,,,,,,,,,,,,
SV020,R,461,3,0,1,0,0,Fixation,,,,,,,,,,,,
SV020,R,462,2,0,1,0,0,Fixation,,,,,,,,,,,,
SV020,R,463,3,0,1,1,0,Fixation,,,,,,,,,,,,
SV020,R,464,3,3,1,1,3,Fixation,,,,,,,,,,,,
SV020,R,465,3,3,1,0,3,Fixation,,,,,,,,,,,,
SV020,R,466,3,2,1,1,2,Fixation,,,,,,,,,,,,
SV020,R,467,2,3,1,1,3,Fixation,,,,,,,,,,,,
SV020,R,468,2,0,0,0,2,Fixation,,,,,,,,,,,,
SV020,R,469,3,3,0,0,3,Fixation,,,,,,,,,,,,
SV020,R,470,3,2,0,0,2,Fixation,,,,,,,,,,,,
SV020,R,471,3,0,0,1,0,Fixation,,,,,,,,,,,,
SV020,R,472,3,3,1,1,3,Fixation,,,,,,,,,,,,
SV020,R,473,2,3,0,0,3,Fixation,,,,,,,,,,,,
SV020,R,474,3,0,1,0,0,Fixation,,,,,,,,,,,,
SV020,R,475,2,2,1,1,2,Fixation,,,,,,,,,,,,
SV020,R,476,2,2,1,0,2,Fixation,,,,,,,,,,,,
SV020,R,477,3,2,0,0,2,Fixation,,,,,,,,,,,,
SV020,R,478,2,0,1,0,0,Fixation,,,,,,,,,,,,
SV020,R,479,3,0,0,0,0,Fixation,,,,,,,,,,,,
SV020,R,480,3,0,0,1,0,Fixation,,,,,,,,,,,,
SV020,L,1,2,2,0,0,2,Response,2854.0285714285715,3005.1,1201.9142857142856,1332.5,620.0,779.0,382.2857142857143,2.3625,4.2,347.125,1025.0,600.0
SV020,L,2,2,2,1,0,2,Response,2965.925,3042.4,1419.625,1611.2,686.25,745.0,312.0,2.84,3.7,380.0,1262.0,248.0
SV020,L,3,3,2,0,1,2,Response,1101.0,1905.5,1218.56,1362.7,703.8,744.0,379.2,3.6999999999999997,6.6,312.5,969.0,204.66666666666666
SV020,L,4,3,3,0,0,3,Response,2990.0,3270.0,1278.8,1586.3,703.5714285714286,785.0,329.14285714285717,2.2375,4.7,232.75,789.0,186.5
SV020,L,5,2,0,1,1,2,Response,1112.225,1210.8,1528.5,1605.6,783.25,834.0,387.0,3.8600000000000003,8.8,305.6,906.0,269.6
SV020,L,6,2,3,1,1,3,Response,1111.8333333333333,1217.4,1495.0,1528.9,715.3333333333334,813.0,694.6666666666666,4.7,9.3,322.0,736.0,269.0
SV020,L,7,2,3,1,1,3,Response,1109.1,1197.0,1423.4,1524.4,775.0,777.0,484.0,4.433333333333334,7.8,352.6666666666667,730.0,476.0
SV020,L,8,3,3,0,1,3,Response,1186.025,1242.8,1316.6,1564.7,740.25,768.0,508.0,3.4,7.2,311.2,869.0,223.2
SV020,L,9,2,3,1,1,3,Response,1162.675,1250.6,1656.425,1853.5,735.5,808.0,280.0,2.4,3.9,268.8,780.0,185.6
SV020,L,10,3,0,1,1,2,Response,1379.2666666666667,1939.2,1341.7,1504.0,716.6666666666666,790.0,582.6666666666666,4.275,8.3,339.0,736.0,270.0
SV020,L,11,2,0,1,0,1,Response,3038.6,3089.6,1633.9666666666665,1929.4,738.3333333333334,787.0,329.3333333333333,5.375,8.7,442.0,889.0,252.0
SV020,L,12,3,0,0,1,2,Response,1186.175,1296.0,1256.6125,1401.3,713.0,752.0,492.0,1.7,5.1,313.25,1001.0,229.0
SV020,L,13,2,3,1,0,2,Response,2976.55,3061.9,1526.45,1886.1,667.25,783.0,590.0,7.5,13.1,415.2,1053.0,240.8
SV020,L,14,3,0,1,1,2,Response,1146.6,1331.3,1691.55,2122.2,685.25,774.0,343.0,3.9799999999999995,8.2,283.0,673.0,588.0
SV020,L,15,2,0,0,0,2,Response,3041.34,3270.0,1321.76,1704.7,612.6,661.0,348.0,3.0666666666666664,8.1,352.1666666666667,1055.0,170.66666666666666
SV020,L,16,3,3,0,1,2,Response,1291.6,1327.2,1483.95,1557.7,710.0,724.0,480.0,7.933333333333333,19.9,476.6666666666667,1005.0,357.3333333333333
SV020,L,17,2,3,0,0,2,Response,2918.35,3025.8,1173.15,1524.4,598.3333333333334,711.0,326.0,3.957142857142857,11.4,346.2857142857143,1212.0,205.71428571428572
SV020,L,18,2,3,0,0,3,Response,2973.6800000000003,3124.6,1244.94,1391.8,635.2,735.0,324.0,2.0833333333333335,2.9,437.8333333333333,1060.0,292.6666666666667
SV020,L,19,3,3,0,0,3,Response,2950.25,3068.2,1186.5166666666667,1406.9,667.1666666666666,768.0,338.0,2.6714285714285717,9.3,268.57142857142856,1100.0,175.42857142857142
SV020,L,20,3,2,1,1,2,Response,1041.1571428571428,1378.3,1794.6571428571428,3154.4,716.0,825.0,214.85714285714286,4.085714285714286,12.9,365.14285714285717,1173.0,200.57142857142858
SV020,L,21,2,0,1,1,2,Response,1103.5666666666666,1229.5,1720.5999999999997,2146.1,736.0,784.0,669.3333333333334,7.825,9.8,283.75,350.0,41.0
SV020,L,22,2,3,0,0,3,Response,3060.316666666667,3270.0,1178.1000000000001,1421.7,648.3333333333334,705.0,468.0,2.2,2.9,196.0,395.0,144.0
SV020,L,23,3,2,0,0,2,Response,3056.183333333333,3157.1,1268.5,1480.2,646.8333333333334,758.0,280.6666666666667,1.8857142857142857,4.4,303.14285714285717,1185.0,131.42857142857142
SV020,L,24,3,3,1,1,2,Response,1150.75,1198.9,1502.55,1511.6,720.5,769.0,366.0,2.8000000000000003,6.4,471.3333333333333,1094.0,238.66666666666666
SV020,L,25,3,0,0,0,3,Response,2996.2,3019.9,1249.15,1314.8,709.5,760.0,568.0,4.233333333333333,8.6,509.3333333333333,961.0,290.6666666666667
SV020,L,26,2,3,0,1,3,Response,1200.8333333333333,1252.0,1263.4333333333334,1358.7,765.0,792.0,609.3333333333334,1.2666666666666666,1.9,103.66666666666667,142.0,17.333333333333332
SV020,L,27,3,3,1,1,3,Response,,,,,,,,7.8,7.8,182.0,182.0,56.0
SV020,L,28,2,2,1,0,2,Response,3070.675,3216.4,1696.275,1984.6,805.75,852.0,242.0,3.325,6.5,265.5,603.0,243.0
SV020,L,29,3,3,1,1,3,Response,1032.1000000000001,1164.0,1668.8333333333333,2225.7,747.6666666666666,789.0,346.0,2.42,8.0,259.6,777.0,251.2
SV020,L,30,2,3,0,0,3,Response,2992.2799999999997,3042.1,1199.34,1360.6,709.0,824.0,384.8,2.866666666666667,8.8,220.16666666666666,667.0,190.66666666666666
SV020,L,31,2,0,0,1,2,Response,1063.5333333333335,1175.0,1599.0,1709.6,739.6666666666666,760.0,294.6666666666667,3.0,5.5,296.75,719.0,218.0
SV020,L,32,3,0,1,1,2,Response,987.1500000000001,998.1,1882.9499999999998,2222.6,752.5,757.0,376.0,5.166666666666667,6.8,538.3333333333334,1144.0,396.0
SV020,L,33,2,2,0,0,2,Response,2934.05,2997.9,1298.9,1375.0,771.5,819.0,282.0,2.2600000000000002,3.8,367.4,1175.0,184.8
SV020,L,34,2,2,0,1,2,Response,1177.6666666666667,1222.6,1474.0333333333335,1563.4,823.0,857.0,416.0,2.5,4.8,272.5,718.0,245.0
SV020,L,35,2,3,0,0,3,Response,3086.425,3270.0,1163.7,1355.0,718.75,762.0,672.0,1.44,2.8,136.8,254.0,20.8
SV020,L,36,2,0,1,0,3,Response,3007.55,3054.8,1553.575,1964.0,795.0,826.0,257.0,2.275,4.9,260.0,633.0,225.0
SV020,L,37,2,2,0,1,2,Response,1212.0833333333333,1373.0,1254.8500000000001,1476.6,737.5,792.0,253.33333333333334,2.242857142857143,6.1,248.85714285714286,880.0,161.14285714285714
SV020,L,38,2,2,1,0,2,Response,2947.45,3098.8,1328.725,1444.0,703.25,777.0,431.0,2.5,5.6,235.4,720.0,140.8
SV020,L,39,3,0,0,1,3,Response,1190.3666666666668,1261.2,1270.3666666666666,1349.3,738.6666666666666,748.0,822.6666666666666,2.4,4.8,159.0,290.0,53.0
SV020,L,40,3,0,1,0,3,Response,2935.25,3017.0,1477.35,1960.2,603.75,668.0,662.0,2.225,6.2,204.75,428.0,241.0
SV020,L,41,2,2,1,1,2,Response,1106.8,1106.8,1537.6,1537.6,697.0,697.0,1120.0,4.15,7.2,526.5,794.0,522.0
SV020,L,42,2,3,0,0,3,Response,3020.7666666666664,3203.0,1234.6499999999999,1358.9,691.6666666666666,780.0,314.6666666666667,1.7833333333333334,3.7,366.3333333333333,1548.0,149.33333333333334
SV020,L,43,3,2,0,1,3,Response,1177.84,1242.8,1453.1399999999999,1565.0,793.2,806.0,363.2,2.06,5.4,252.6,734.0,273.6
SV020,L,44,3,0,1,1,1,Response,1075.8666666666666,1101.1,1926.2666666666667,2185.6,810.0,814.0,246.66666666666666,3.233333333333333,7.8,406.0,862.0,312.0
SV020,L,45,3,0,1,0,2,Response,2953.616666666667,3103.5,1286.45,1357.8,694.5,803.0,534.6666666666666,2.8714285714285714,9.8,230.85714285714286,731.0,229.14285714285714
SV020,L,46,2,2,1,1,2,Response,1016.6,1016.6,1616.9,1616.9,758.0,758.0,364.0,2.4,3.9,118.0,157.0,26.0
SV020,L,47,3,3,0,1,3,Response,728.4499999999999,1205.8,1509.75,1616.6,645.5,669.0,1024.0,4.1000000000000005,7.0,191.33333333333334,229.0,29.333333333333332
SV020,L,48,3,2,1,0,2,Response,3023.066666666667,3092.8,1533.6000000000001,1937.2,655.3333333333334,720.0,512.0,2.725,6.3,376.5,1007.0,236.0
SV020,L,49,2,0,1,0,2,Response,3008.75,3014.4,1271.8,1293.0,609.5,672.0,560.0,4.3999999999999995,8.6,559.5,922.0,536.0
SV020,L,50,3,3,1,0,3,Response,2962.825,3082.7,1477.525,2027.9,636.5,697.0,396.0,2.175,6.4,325.0,920.0,229.0
SV020,L,51,3,3,0,0,3,Response,2846.9500000000003,3139.1,1143.0166666666667,1310.9,702.0,750.0,408.6666666666667,3.3285714285714287,8.8,418.42857142857144,1041.0,492.0
SV020,L,52,2,2,0,1,2,Response,1148.0,1236.4,1221.6,1246.2,783.0,792.0,552.0,2.8,3.8,564.0,917.0,480.0
SV020,L,53,3,3,1,0,3,Response,3080.0,3109.1,1373.1,1464.8,790.5,823.0,290.0,3.5666666666666664,6.6,356.0,640.0,366.6666666666667
SV020,L,54,3,2,1,0,2,Response,2906.8,2937.4,1265.65,1331.2,736.0,794.0,548.0,3.6333333333333333,7.8,322.3333333333333,589.0,338.6666666666667
SV020,L,55,2,0,0,0,2,Response,3084.775,3270.0,1167.575,1277.0,664.75,745.0,380.0,2.2399999999999998,3.6,363.6,1033.0,180.8
SV020,L,56,3,3,1,0,3,Response,2947.1666666666665,3064.7,1548.7666666666667,1966.6,728.6666666666666,781.0,292.0,3.0,6.8,318.5,751.0,242.0
SV020,L,57,3,0,0,0,3,Response,2954.3333333333335,2980.2,1241.3999999999999,1356.5,786.6666666666666,837.0,384.0,1.6,2.4,363.0,976.0,292.0
SV020,L,58,3,2,0,1,2,Response,1098.3666666666666,1235.1,1225.8666666666666,1282.1,807.0,821.0,172.0,1.1333333333333335,1.2,384.0,939.0,254.66666666666666
SV020,L,59,3,2,0,0,1,Response,3116.16,3270.0,1333.58,1529.6,704.8,760.0,328.0,2.15,3.0,319.3333333333333,1073.0,162.0
SV020,L,60,3,2,1,1,2,Response,1016.0,1020.0,1639.15,1736.5,825.5,830.0,276.0,3.0,5.7,348.3333333333333,716.0,310.6666666666667
SV020,L,61,3,2,1,1,2,Response,983.7,983.7,2245.4,2245.4,780.0,780.0,228.0,4.6000000000000005,8.4,152.5,235.0,38.0
SV020,L,62,3,3,1,1,3,Response,,,,,,,,7.3,7.3,251.0,251.0,48.0
SV020,L,63,2,0,0,1,2,Response,1354.8,1472.5,1163.2,1286.4,655.75,815.0,679.0,2.72,5.9,125.2,204.0,26.4
SV020,L,64,2,2,1,0,2,Response,2998.4,3016.4,1325.7,1482.1,675.6666666666666,715.0,272.0,3.1,6.4,377.25,1026.0,266.0
SV020,L,65,2,2,0,1,2,Response,1065.5,1065.5,1300.4,1300.4,787.0,787.0,256.0,1.2,1.2,90.0,90.0,20.0
SV020,L,66,2,0,0,1,3,Response,,,,,,,,5.7,5.7,187.0,187.0,40.0
SV020,L,67,2,3,0,1,3,Response,,,,,,,,5.5,5.5,221.0,221.0,36.0
SV020,L,68,3,3,0,0,3,Response,3157.9,3270.0,976.55,1003.6,799.5,825.0,378.0,1.3333333333333333,1.9,155.0,198.0,22.666666666666668
SV020,L,69,2,2,0,0,2,Response,3100.06,3270.0,1032.3600000000001,1162.3,709.6,829.0,507.2,2.5,8.6,145.16666666666666,257.0,27.333333333333332
SV020,L,70,3,3,0,0,3,Response,2718.9,3011.4,1037.5,1166.9,591.75,689.0,627.0,1.7399999999999998,6.3,91.0,211.0,20.0
SV020,L,71,3,0,0,0,3,Response,3049.9833333333336,3105.9,1216.0166666666667,1374.3,606.6666666666666,695.0,510.0,1.6714285714285713,2.7,246.42857142857142,948.0,124.0
SV020,L,72,2,0,0,0,2,Response,3135.425,3270.0,1053.325,1169.2,704.75,757.0,538.0,1.225,1.7,129.5,169.0,22.0
SV020,L,73,2,0,0,0,3,Response,2998.825,3015.7,1244.175,1314.5,781.0,847.0,521.0,1.5,3.2,317.8,1010.0,168.8
SV020,L,74,2,2,0,1,2,Response,1362.0,1953.6,1323.28,1600.2,797.6,865.0,286.4,3.25,8.2,340.0,870.0,239.0
SV020,L,75,2,2,1,1,2,Response,1935.1,1935.1,1054.6,1054.6,710.0,710.0,28.0,8.8,8.8,222.0,222.0,56.0
SV020,L,76,2,0,1,0,2,Response,2845.433333333333,2898.9,1473.0333333333335,1972.0,696.6666666666666,751.0,457.3333333333333,3.1666666666666665,8.1,124.0,225.0,28.0
SV020,L,77,3,0,0,1,2,Response,1162.9857142857143,1283.1,1547.6714285714286,2106.5,681.7142857142857,797.0,409.14285714285717,3.45,11.8,219.75,696.0,147.5
SV020,L,78,3,2,0,0,2,Response,2944.1,3020.9,1110.325,1188.1,696.0,809.0,243.0,1.8199999999999998,2.5,288.2,882.0,169.6
SV020,L,79,3,0,1,0,3,Response,3032.1,3082.3,1525.8333333333333,2042.9,679.0,759.0,1118.6666666666667,4.7250000000000005,8.8,221.0,409.0,28.0
SV020,L,80,3,3,0,1,2,Response,924.8571428571429,1221.1,1573.185714285714,2758.6,643.0,785.0,232.0,7.85,20.7,399.125,678.0,242.5
SV020,L,81,3,0,1,0,2,Response,3019.2999999999997,3059.7,1284.8,1382.9,805.3333333333334,856.0,181.33333333333334,3.5500000000000003,8.8,260.25,540.0,307.0
SV020,L,82,2,3,1,0,2,Response,2970.9,3023.3,1294.325,1370.5,759.25,806.0,395.0,2.64,8.4,309.8,1003.0,188.0
SV020,L,83,2,0,1,1,2,Response,1007.5999999999999,1034.3,1458.1999999999998,1519.8,826.0,834.0,246.0,3.5666666666666664,7.8,306.3333333333333,570.0,328.0
SV020,L,84,3,3,0,0,3,Response,2962.3,3022.5,1027.5500000000002,1037.9,668.5,710.0,440.0,1.3666666666666665,2.0,482.0,1071.0,265.3333333333333
SV020,L,85,2,3,1,0,3,Response,2950.2,2950.2,1201.4,1201.4,811.0,811.0,664.0,1.3,1.8,581.5,1038.0,416.0
SV020,L,86,3,3,1,1,2,Response,1057.6,1057.6,1525.6,1525.6,724.0,724.0,1060.0,3.95,6.9,430.5,663.0,382.0
SV020,L,87,2,3,0,1,3,Response,1200.0,1235.7,1194.4666666666667,1233.8,712.0,750.0,386.6666666666667,2.3666666666666667,6.0,279.0,596.0,284.0
SV020,L,88,2,3,0,1,2,Response,1114.2,1197.2,1612.74,2280.4,784.6,823.0,284.0,3.2,8.6,401.2,744.0,328.8
SV020,L,89,3,3,1,0,3,Response,2920.18,3139.6,1415.66,1959.2,637.4,738.0,329.6,2.3166666666666664,6.8,291.8333333333333,1085.0,138.66666666666666
SV020,L,90,3,0,1,1,1,Response,1156.1,1199.5,1506.75,1526.7,624.0,696.0,230.0,2.733333333333333,6.2,327.3333333333333,712.0,278.6666666666667
SV020,L,91,2,2,1,0,2,Response,2901.65,2910.8,1309.05,1317.6,692.0,735.0,332.0,2.6,6.8,390.0,858.0,305.3333333333333
SV020,L,92,3,3,0,1,2,Response,1126.4,1126.4,1348.3,1348.3,815.0,815.0,488.0,5.6,9.1,460.5,596.0,422.0
SV020,L,93,3,3,0,1,2,Response,1017.7,1226.6,1417.0,1579.4,783.8,853.0,320.8,2.6599999999999997,6.3,247.0,731.0,217.6
SV020,L,94,3,2,1,1,2,Response,1135.5,1171.2,1372.2666666666667,1446.7,839.6666666666666,887.0,284.0,3.4,10.4,344.0,913.0,198.0
SV020,L,95,3,3,1,0,2,Response,2891.95,2966.6,1289.85,1292.9,822.5,868.0,362.0,2.766666666666667,5.8,471.0,1061.0,429.3333333333333
SV020,L,96,2,0,1,0,2,Response,3021.15,3024.9,1313.6,1408.8,839.5,844.0,340.0,3.1999999999999997,6.6,437.6666666666667,931.0,354.6666666666667
SV020,L,97,2,2,1,1,2,Response,1054.1,1054.1,1490.2,1490.2,845.0,845.0,592.0,4.75,8.2,585.0,910.0,478.0
SV020,L,98,3,2,1,1,2,Response,1128.75,1153.9,1369.0500000000002,1414.2,745.0,830.0,516.0,4.566666666666666,9.5,309.6666666666667,559.0,364.0
SV020,L,99,2,3,1,1,2,Response,974.8,1019.9,1732.5500000000002,2133.4,722.0,725.0,400.0,5.333333333333333,8.3,320.0,478.0,322.6666666666667
SV020,L,100,2,0,0,0,2,Response,3021.5142857142855,3053.1,1119.0571428571427,1340.3,479.85714285714283,513.0,478.2857142857143,1.7,3.1,305.42857142857144,733.0,291.42857142857144
SV020,L,101,3,3,1,1,3,Response,1028.85,1121.6,1869.5500000000002,2242.4,629.0,655.0,1604.0,3.9,7.0,122.5,176.0,36.0
SV020,L,102,3,0,1,1,2,Response,1181.24,1325.0,1464.6200000000001,1559.3,731.8,824.0,456.8,1.5333333333333332,2.1,113.5,147.0,18.666666666666668
SV020,L,103,3,0,0,0,2,Response,3006.4166666666665,3050.3,1155.1166666666666,1377.1,695.5,729.0,404.6666666666667,2.283333333333333,3.5,336.5,1145.0,133.33333333333334
SV020,L,104,3,3,1,1,3,Response,1169.4333333333334,1307.0,1427.0666666666666,1490.0,772.3333333333334,840.0,732.0,5.1,10.2,213.0,347.0,34.0
SV020,L,105,2,0,1,1,1,Response,1145.85,1199.7,1750.8500000000001,2165.3,889.5,898.0,308.0,3.8666666666666667,9.0,167.66666666666666,294.0,28.0
SV020,L,106,3,0,0,0,3,Response,2951.8,3028.2,1055.85,1072.0,810.0,850.0,1060.0,4.266666666666667,8.6,227.33333333333334,298.0,30.666666666666668
SV020,L,107,3,3,1,0,3,Response,2918.7333333333336,2953.4,1453.3,1934.0,821.3333333333334,897.0,816.0,5.466666666666666,8.2,218.0,299.0,33.333333333333336
SV020,L,108,2,0,0,0,3,Response,3081.75,3270.0,1137.425,1223.7,784.25,847.0,547.0,5.040000000000001,11.5,211.0,312.0,36.8
SV020,L,109,3,3,1,0,3,Response,2931.2,3039.3,1232.75,1247.8,803.5,843.0,1076.0,5.7,8.8,224.0,281.0,36.0
SV020,L,110,3,0,0,1,3,Response,348.8,348.8,1327.0,1327.0,745.0,745.0,336.0,7.1,7.1,264.0,264.0,40.0
SV020,L,111,2,0,1,1,2,Response,1141.0,1149.1,1867.3999999999999,2189.2,850.0,862.0,430.0,2.733333333333333,6.6,131.66666666666666,253.0,24.0
SV020,L,112,3,0,0,0,3,Response,3161.6,3270.0,1037.9499999999998,1039.6,755.5,761.0,1136.0,1.0333333333333334,1.8,159.33333333333334,300.0,20.0
SV020,L,113,2,2,0,0,2,Response,3113.15,3270.0,1084.6833333333334,1451.1,689.5,783.0,406.0,2.8857142857142857,9.2,170.14285714285714,263.0,26.285714285714285
SV020,L,114,2,0,0,1,2,Response,1113.6,1206.0,1131.9,1141.3,677.5,708.0,646.0,2.466666666666667,3.5,165.66666666666666,224.0,114.66666666666667
SV020,L,115,3,2,0,1,2,Response,1275.72,1429.2,1316.5,1387.2,766.6,847.0,722.4,2.783333333333333,5.8,539.6666666666666,1013.0,352.6666666666667
SV020,L,116,2,2,0,0,2,Response,3057.88,3255.8,1148.3799999999999,1385.4,705.8,788.0,305.6,2.966666666666667,9.3,325.5,1162.0,186.66666666666666
SV020,L,117,3,2,0,1,2,Response,1138.5500000000002,1216.9,1352.95,1361.0,741.0,777.0,750.0,1.5999999999999999,1.9,167.66666666666666,281.0,132.0
SV020,L,118,3,3,0,0,3,Response,3043.8599999999997,3091.3,1239.1799999999998,1370.0,658.6,823.0,354.4,1.6500000000000001,4.2,289.6666666666667,1161.0,152.66666666666666
SV020,L,119,2,0,1,0,2,Response,2968.066666666667,3011.8,1297.0666666666666,1331.6,696.6666666666666,770.0,505.3333333333333,2.25,7.0,336.5,1036.0,191.0
SV020,L,120,3,2,1,0,2,Response,2943.566666666667,3007.6,1214.4333333333334,1248.7,570.6666666666666,675.0,480.0,2.6999999999999997,7.0,329.3333333333333,733.0,309.3333333333333
SV020,L,121,2,0,1,0,2,Response,2966.433333333333,3035.0,1518.7666666666667,1927.0,710.3333333333334,727.0,344.0,3.1,7.0,350.0,712.0,282.6666666666667
SV020,L,122,3,3,0,1,3,Response,826.3799999999999,1255.0,1703.2,2493.1,697.6,813.0,359.2,4.04,8.0,368.4,945.0,168.0
SV020,L,123,3,3,0,0,3,Response,3115.15,3270.0,1251.025,1398.1,694.0,756.0,336.0,2.34,4.6,279.6,728.0,180.8
SV020,L,124,3,2,0,0,2,Response,3078.2333333333336,3270.0,1259.3666666666666,1400.9,726.6666666666666,773.0,314.6666666666667,1.725,3.1,284.25,708.0,244.0
SV020,L,125,3,2,1,1,2,Response,1139.2,1139.2,1459.9,1459.9,779.0,779.0,160.0,1.0,1.2,457.5,846.0,372.0
SV020,L,126,2,3,1,1,2,Response,1105.4333333333334,1127.3,1661.9333333333334,2166.0,835.3333333333334,870.0,473.3333333333333,4.95,8.0,317.75,693.0,247.0
SV020,L,127,3,0,1,1,2,Response,1129.9,1164.5,1796.9,2286.4,863.0,885.0,828.0,6.75,11.6,210.0,289.0,42.0
SV020,L,128,2,0,0,1,2,Response,1133.9,1229.9,1326.95,1334.0,852.5,866.0,268.0,1.2666666666666666,1.7,1198.3333333333333,2613.0,436.0
SV020,L,129,2,2,0,1,2,Response,1235.8000000000002,1245.4,1486.65,1567.7,910.0,920.0,278.0,4.1000000000000005,7.1,1206.6666666666667,3270.0,306.6666666666667
SV020,L,130,3,2,0,0,2,Response,3099.0,3165.5,1167.9,1184.2,871.5,882.0,140.0,0.7333333333333334,0.9,359.3333333333333,810.0,322.6666666666667
SV020,L,131,3,0,1,0,2,Response,2951.05,3002.6,1482.225,1952.5,777.75,850.0,622.0,2.84,6.5,339.8,1010.0,168.0
SV020,L,132,3,2,1,0,2,Response,2892.7999999999997,2933.7,1272.2,1322.5,752.6666666666666,849.0,462.6666666666667,2.0749999999999997,6.1,338.75,1011.0,200.0
SV020,L,133,3,2,1,1,2,Response,1098.8,1161.6,1530.3000000000002,1534.9,894.5,897.0,216.0,3.366666666666667,6.9,323.0,622.0,292.0
SV020,L,134,3,3,0,0,2,Response,3017.616666666667,3270.0,1364.45,1486.2,845.1666666666666,896.0,312.6666666666667,1.7166666666666668,3.4,401.1666666666667,919.0,278.6666666666667
SV020,L,135,2,0,1,0,3,Response,2947.9,2988.4,1239.85,1275.9,840.0,923.0,958.0,1.3666666666666665,2.2,473.0,1186.0,286.6666666666667
SV020,L,136,2,2,1,0,2,Response,2900.5,2910.4,1276.25,1320.5,749.0,825.0,700.0,5.7,8.9,658.3333333333334,917.0,346.6666666666667
SV020,L,137,3,2,1,0,2,Response,2909.3,2909.3,1228.4,1228.4,811.0,811.0,1396.0,4.35,8.1,180.0,288.0,28.0
SV020,L,138,2,2,0,0,2,Response,3071.8333333333335,3145.3,1174.3666666666666,1345.3,764.6666666666666,902.0,501.3333333333333,2.075,2.6,274.0,586.0,249.0
SV020,L,139,3,2,0,0,2,Response,3049.2,3145.3,1146.75,1300.1,666.5,755.0,269.0,1.54,2.8,249.6,788.0,176.8
SV020,L,140,3,3,0,1,3,Response,1195.6666666666667,1196.3,1281.3333333333333,1465.0,851.3333333333334,899.0,533.3333333333334,3.033333333333333,3.5,325.0,621.0,406.6666666666667
SV020,L,141,2,3,0,1,3,Response,1187.94,1228.6,1444.3200000000002,1605.1,742.8,854.0,330.8,2.3454545454545452,8.2,251.0909090909091,896.0,134.54545454545453
SV020,L,142,2,2,1,0,2,Response,2896.633333333333,2937.9,1545.5666666666666,1878.5,785.6666666666666,843.0,273.3333333333333,4.75,7.8,445.5,927.0,202.0
SV020,L,143,3,3,1,1,3,Response,,,,,,,,7.7,7.7,197.0,197.0,52.0
SV020,L,144,3,3,1,0,2,Response,2986.4,2995.5,1308.6,1384.6,781.0,816.0,340.0,3.4333333333333336,6.5,467.0,990.0,388.0
SV020,L,145,2,2,1,0,2,Response,,,,,,,,7.0,7.0,730.0,730.0,172.0
SV020,L,146,2,3,1,0,3,Response,3056.6,3056.6,1147.1,1147.1,807.0,807.0,848.0,4.65,7.9,417.5,622.0,374.0
SV020,L,147,3,3,0,1,3,Response,1222.4,1243.8,1194.1,1200.8,886.5,900.0,608.0,4.3999999999999995,10.7,435.6666666666667,890.0,353.3333333333333
SV020,L,148,3,0,0,0,3,Response,3076.8599999999997,3270.0,1303.1,1459.9,801.4,900.0,300.8,1.6500000000000001,2.7,320.0,1023.0,154.66666666666666
SV020,L,149,3,2,1,1,2,Response,1021.05,1068.1,1868.4499999999998,2224.2,885.0,886.0,382.0,2.966666666666667,7.5,138.33333333333334,276.0,24.0
SV020,L,150,2,0,1,0,2,Response,2922.2,2922.2,1307.9,1307.9,758.0,758.0,1848.0,7.2,7.4,246.5,272.0,44.0
SV020,L,151,2,0,0,1,1,Response,1204.26,1381.9,1388.6799999999998,2035.3,723.0,811.0,380.0,5.0,9.2,328.0,865.0,154.0
SV020,L,152,3,2,1,0,2,Response,2955.133333333333,2970.7,1400.1666666666667,1866.6,781.0,867.0,406.6666666666667,4.45,7.9,339.5,686.0,273.0
SV020,L,153,3,2,0,0,2,Response,3138.55,3270.0,1145.45,1222.7,811.5,878.0,294.0,1.2200000000000002,2.2,253.6,800.0,212.8
SV020,L,154,2,3,1,0,2,Response,2933.4666666666667,3024.8,1260.8999999999999,1364.3,908.3333333333334,937.0,346.6666666666667,3.7249999999999996,8.1,504.0,1032.0,611.0
SV020,L,155,3,0,0,0,2,Response,3039.7,3223.5,1159.45,1236.1,807.25,869.0,449.0,1.24,1.8,316.0,1145.0,392.0
SV020,L,156,2,3,1,0,3,Response,2958.2333333333336,3110.8,1250.9333333333334,1281.2,744.0,953.0,597.3333333333334,1.0333333333333334,1.5,293.0,678.0,268.0
SV020,L,157,3,3,1,1,3,Response,,,,,,,,8.4,8.4,261.0,261.0,52.0
SV020,L,158,3,0,1,0,2,Response,2938.05,2945.0,1279.9499999999998,1286.6,777.0,837.0,1022.0,3.733333333333334,8.4,306.3333333333333,475.0,256.0
SV020,L,159,3,3,0,0,3,Response,3023.5,3075.9,1197.25,1333.2,812.5,882.0,442.0,1.86,2.7,248.0,620.0,180.8
SV020,L,160,3,0,0,1,3,Response,1179.025,1226.4,1233.85,1355.2,820.25,870.0,287.0,2.88,7.5,301.0,829.0,212.0
SV020,L,161,3,2,1,0,2,Response,2941.4,2941.4,1191.4,1191.4,880.0,880.0,444.0,3.05,5.6,474.0,774.0,492.0
SV020,L,162,2,2,0,1,2,Response,1189.525,1332.8,1179.375,1296.9,784.0,819.0,430.0,1.4500000000000002,1.8,264.5,726.0,248.0
SV020,L,163,3,0,0,1,2,Response,938.6999999999999,1234.6,1152.5,1258.1,813.3333333333334,906.0,520.0,2.6999999999999997,5.3,286.3333333333333,651.0,65.33333333333333
SV020,L,164,3,2,0,1,2,Response,1186.25,1265.5,1124.6,1156.0,831.5,875.0,748.0,2.5666666666666664,5.1,133.0,200.0,24.0
SV020,L,165,2,2,0,0,2,Response,2943.95,3046.3,1015.6500000000001,1026.2,837.5,902.0,582.0,1.9000000000000001,3.4,152.0,274.0,25.333333333333332
SV020,L,166,2,0,0,1,2,Response,785.8,1270.2,1363.5800000000002,1451.4,848.6,886.0,208.8,2.533333333333333,5.5,270.3333333333333,874.0,175.33333333333334
SV020,L,167,2,0,1,1,2,Response,1046.5,1128.7,1798.9,2222.8,910.75,924.0,182.0,2.98,6.5,257.6,597.0,175.2
SV020,L,168,2,2,1,1,2,Response,1074.3333333333333,1150.4,1427.0,1492.8,755.0,790.0,808.0,3.1750000000000003,9.3,127.5,239.0,30.0
SV020,L,169,2,3,1,1,3,Response,1081.4666666666667,1129.5,1409.8,1474.8,848.6666666666666,922.0,388.0,2.85,8.6,300.25,664.0,305.0
SV020,L,170,2,3,0,1,2,Response,1172.3999999999999,1233.7,1263.3666666666668,1281.4,863.3333333333334,917.0,336.0,1.05,1.4,573.0,1301.0,312.0
SV020,L,171,3,0,0,1,2,Response,1225.6,1225.6,1376.8,1376.8,858.0,858.0,188.0,10.5,20.6,238.5,422.0,502.0
SV020,L,172,2,3,0,0,3,Response,3003.566666666667,3075.0,1060.7,1160.9,772.6666666666666,823.0,434.6666666666667,3.8000000000000003,11.3,382.0,1013.0,272.0
SV020,L,173,2,3,1,1,2,Response,1233.2125,1881.7,1460.3,2144.1,879.5,919.0,410.5,5.6,24.8,341.1111111111111,1014.0,603.1111111111111
SV020,L,174,2,3,0,1,2,Response,1219.35,1226.6,1482.5500000000002,1595.2,813.5,867.0,400.0,7.566666666666667,19.8,379.3333333333333,951.0,389.3333333333333
SV020,L,175,2,3,1,1,2,Response,1109.6,1109.6,1489.8,1489.8,857.0,857.0,208.0,0.8500000000000001,0.9,633.0,1197.0,458.0
SV020,L,176,2,3,0,1,2,Response,1096.05,1273.3,1402.65,1510.3,789.75,826.0,336.0,3.2399999999999998,10.2,299.8,1003.0,210.4
SV020,L,177,3,2,0,0,2,Response,2898.225,2998.6,1158.075,1319.6,727.0,812.0,307.0,4.86,8.9,275.4,580.0,344.8
SV020,L,178,3,2,0,0,2,Response,2958.7833333333333,3087.0,1240.05,1589.6,784.6666666666666,873.0,293.3333333333333,3.7,6.5,263.2857142857143,793.0,259.42857142857144
SV020,L,179,3,3,0,1,3,Response,972.7750000000001,1248.7,1247.125,1411.6,743.0,812.0,438.0,4.74,8.3,376.0,994.0,244.0
SV020,L,180,2,2,1,1,2,Response,1155.8000000000002,1226.9,1538.6,1569.5,824.0,838.0,576.0,5.166666666666667,7.2,500.3333333333333,1101.0,341.3333333333333
SV020,L,181,3,2,0,1,2,Response,1245.8,1299.7,1302.74,1429.7,868.8,900.0,607.2,2.433333333333333,6.6,315.5,1218.0,204.0
SV020,L,182,2,0,0,0,2,Response,3065.34,3207.3,1198.8600000000001,1496.1,763.2,844.0,247.2,2.1999999999999997,4.1,254.16666666666666,679.0,152.66666666666666
SV020,L,183,2,3,0,1,3,Response,1213.65,1253.7,1263.4,1371.9,780.5,790.0,744.0,2.2,2.5,149.5,162.0,22.0
SV020,L,184,2,3,1,0,3,Response,2950.25,3121.6,1308.675,1372.0,836.75,929.0,379.0,1.975,4.8,360.75,1025.0,203.0
SV020,L,185,2,0,0,1,3,Response,1156.6333333333332,1244.0,1272.8666666666668,1317.5,861.6666666666666,914.0,316.0,2.3000000000000003,3.2,667.3333333333334,1659.0,464.0
SV020,L,186,2,2,1,0,2,Response,3052.1,3052.1,1247.2,1247.2,874.0,874.0,500.0,4.6000000000000005,8.3,465.0,664.0,500.0
SV020,L,187,2,0,1,1,2,Response,1125.2,1146.7,1501.8999999999999,1572.9,840.6666666666666,908.0,277.3333333333333,2.675,7.5,319.75,793.0,272.0
SV020,L,188,2,3,1,1,3,Response,1198.6,1255.2,1415.25,1445.7,858.5,909.0,556.0,3.366666666666667,7.9,591.3333333333334,1405.0,357.3333333333333
SV020,L,189,2,3,0,0,3,Response,3098.2,3270.0,1277.3600000000001,1444.2,687.2,725.0,235.2,2.2333333333333334,5.4,447.5,1860.0,176.66666666666666
SV020,L,190,3,2,0,1,2,Response,1218.35,1233.3,1394.125,1493.9,854.5,901.0,403.0,3.3200000000000003,7.9,199.6,334.0,288.8
SV020,L,191,2,3,1,0,3,Response,3105.7,3156.4,1573.85,1929.7,909.0,932.0,356.0,5.5,7.5,567.6666666666666,1074.0,464.0
SV020,L,192,3,2,0,1,2,Response,1199.1,1223.2,1189.15,1199.5,806.0,875.0,652.0,0.8999999999999999,1.4,505.0,906.0,404.0
SV020,L,193,3,0,1,1,2,Response,1128.1,1128.1,1467.1,1467.1,943.0,943.0,468.0,3.45,5.4,514.5,819.0,390.0
SV020,L,194,2,3,1,1,2,Response,1042.85,1086.0,1399.65,1447.9,869.0,906.0,426.0,4.233333333333333,9.2,499.6666666666667,840.0,321.3333333333333
SV020,L,195,2,2,1,0,2,Response,3021.1,3130.5,1462.9666666666665,1947.1,882.6666666666666,956.0,412.0,3.0749999999999997,8.6,347.25,901.0,241.0
SV020,L,196,3,0,1,0,2,Response,2943.65,2977.5,1544.6,1924.0,924.5,943.0,296.0,3.466666666666667,7.2,368.0,747.0,296.0
SV020,L,197,2,0,1,1,2,Response,1039.85,1065.5,1486.65,1537.0,783.0,857.0,420.0,7.766666666666667,16.3,224.0,380.0,366.6666666666667
SV020,L,198,2,3,0,0,3,Response,3114.85,3270.0,1137.025,1207.5,734.5,819.0,667.0,1.6,1.9,140.0,194.0,21.6
SV020,L,199,3,2,0,0,2,Response,3107.775,3270.0,1097.1,1204.9,705.75,790.0,380.0,1.56,2.5,310.4,1015.0,228.0
SV020,L,200,3,0,1,0,2,Response,2926.15,2946.4,1343.25,1358.6,819.5,829.0,438.0,2.566666666666667,6.2,354.0,730.0,340.0
SV020,L,201,2,3,0,1,3,Response,993.0,1290.5,1551.5333333333335,2214.9,815.8333333333334,866.0,415.3333333333333,3.5999999999999996,7.3,415.3333333333333,1016.0,274.6666666666667
SV020,L,202,2,0,0,0,2,Response,3045.46,3078.7,1096.6399999999999,1195.3,716.2,830.0,320.0,1.4166666666666667,2.0,214.83333333333334,593.0,244.0
SV020,L,203,3,3,1,0,3,Response,2937.0,2991.8,1344.65,1374.7,795.5,836.0,284.0,3.5,7.5,381.6666666666667,759.0,326.6666666666667
SV020,L,204,3,0,0,1,2,Response,939.3,1234.8,1342.6999999999998,1387.8,749.5,808.0,189.0,3.8,7.6,315.6,899.0,228.0
SV020,L,205,2,2,1,1,2,Response,1135.0,1166.3,1655.4666666666665,2163.6,834.0,851.0,178.66666666666666,3.05,9.1,309.5,829.0,228.0
SV020,L,206,2,0,0,0,3,Response,3124.7666666666664,3233.6,1068.8333333333333,1110.6,742.0,791.0,356.0,1.175,2.0,595.0,1951.0,239.0
SV020,L,207,2,3,1,0,2,Response,2916.2,3003.8,1227.5,1270.7,665.0,713.0,964.0,5.633333333333333,7.7,394.6666666666667,676.0,326.6666666666667
SV020,L,208,2,0,0,1,2,Response,929.0666666666666,1277.1,1268.6333333333334,1413.0,771.3333333333334,840.0,352.0,3.675,6.8,277.5,561.0,238.0
SV020,L,209,3,0,1,0,3,Response,3008.25,3079.0,1227.95,1272.7,794.0,816.0,338.0,3.3000000000000003,8.1,576.0,1423.0,338.6666666666667
SV020,L,210,2,0,1,1,3,Response,1047.5666666666666,1144.6,1659.0,2197.8,786.6666666666666,801.0,286.6666666666667,3.875,9.8,341.25,699.0,247.0
SV020,L,211,3,2,1,1,2,Response,1052.2,1052.2,1570.6,1570.6,785.0,785.0,496.0,3.6999999999999997,6.6,506.0,752.0,342.0
SV020,L,212,2,2,0,0,2,Response,3074.1400000000003,3173.9,1311.48,1379.6,725.0,856.0,421.6,1.3333333333333333,1.9,384.1666666666667,938.0,255.33333333333334
SV020,L,213,3,0,1,1,2,Response,1160.75,1169.4,1472.65,1526.9,842.0,867.0,382.0,3.4333333333333336,8.9,372.6666666666667,696.0,322.6666666666667
SV020,L,214,3,2,1,0,2,Response,2997.1,2997.1,1264.2,1264.2,927.0,927.0,552.0,3.7,6.9,566.5,868.0,522.0
SV020,L,215,2,0,0,1,2,Response,707.7333333333332,1161.2,1461.0333333333335,1600.3,845.6666666666666,867.0,292.0,4.925,7.5,407.5,1019.0,239.0
SV020,L,216,3,0,1,1,2,Response,1034.8,1034.8,1553.0,1553.0,880.0,880.0,400.0,4.0,6.8,575.5,910.0,348.0
SV020,L,217,3,2,1,1,2,Response,,,,,,,,0.5,0.5,759.0,759.0,768.0
SV020,L,218,3,2,1,0,2,Response,3201.4,3201.4,1151.9,1151.9,920.0,920.0,468.0,5.5,8.0,412.5,599.0,440.0
SV020,L,219,2,2,0,0,2,Response,2920.85,3044.7,1199.8,1225.8,928.0,931.0,240.0,1.9666666666666668,3.5,457.0,950.0,282.6666666666667
SV020,L,220,2,2,0,0,2,Response,2989.75,3036.3,1001.05,1028.3,761.5,817.0,510.0,1.8666666666666665,2.5,345.0,628.0,362.6666666666667
SV020,L,221,2,2,1,1,1,Response,1124.35,1181.8,1514.75,1533.4,819.0,863.0,418.0,3.1,6.3,366.6666666666667,775.0,265.3333333333333
SV020,L,222,2,3,1,0,3,Response,2926.5333333333333,2952.5,1272.5666666666666,1350.7,813.3333333333334,874.0,388.0,2.55,6.7,299.5,796.0,224.0
SV020,L,223,3,2,1,0,2,Response,3075.3,3097.0,1496.0,1876.9,923.5,938.0,370.0,6.333333333333333,8.2,418.3333333333333,631.0,526.6666666666666
SV020,L,224,3,0,0,0,3,Response,3059.25,3076.5,1242.3,1294.0,785.5,881.0,508.0,1.8333333333333333,2.6,414.6666666666667,849.0,281.3333333333333
SV020,L,225,2,2,0,1,2,Response,1072.04,1400.0,1410.8600000000001,1807.0,786.6,860.0,247.2,2.75,6.0,205.33333333333334,531.0,161.33333333333334
SV020,L,226,3,0,0,1,3,Response,1102.6,1102.6,1422.6,1422.6,786.0,786.0,568.0,4.55,5.6,363.0,517.0,512.0
SV020,L,227,2,2,1,1,2,Response,943.5333333333333,983.0,1733.5,2219.7,843.0,847.0,204.0,3.1999999999999997,8.2,222.75,515.0,241.0
SV020,L,228,2,0,1,0,2,Response,3009.933333333333,3190.4,1223.0666666666666,1243.7,836.6666666666666,863.0,281.3333333333333,3.125,8.8,326.25,831.0,274.0
SV020,L,229,3,0,1,0,2,Response,2895.45,2931.3,1258.25,1305.8,800.0,849.0,302.0,2.966666666666667,7.2,374.3333333333333,808.0,293.3333333333333
SV020,L,230,3,0,0,1,3,Response,1253.4,1302.7,1262.4499999999998,1311.3,839.0,867.0,496.0,3.4333333333333336,6.8,418.0,825.0,406.6666666666667
SV020,L,231,3,3,1,1,3,Response,1165.65,1229.3,1360.475,1468.5,805.0,885.0,363.0,3.75,7.9,272.75,565.0,260.0
SV020,L,232,2,2,1,1,2,Response,1142.3,1142.3,1446.6,1446.6,848.0,848.0,432.0,4.45,6.8,464.5,654.0,402.0
SV020,L,233,3,2,0,1,2,Response,779.6,1094.2,1507.4666666666665,1644.0,807.0,844.0,218.66666666666666,3.375,6.3,357.0,929.0,254.0
SV020,L,234,2,2,0,1,2,Response,1174.45,1215.0,1401.35,1461.9,941.5,951.0,250.0,3.1,5.9,544.3333333333334,1321.0,342.6666666666667
SV020,L,235,2,0,1,1,2,Response,1027.2,1027.2,1534.9,1534.9,870.0,870.0,336.0,3.25,4.6,379.5,597.0,446.0
SV020,L,236,2,2,0,1,2,Response,1126.1,1209.0,1333.1,1346.4,877.5,881.0,334.0,2.066666666666667,4.2,422.6666666666667,979.0,232.0
SV020,L,237,2,0,0,0,2,Response,3128.6,3128.6,1199.5,1199.5,722.0,722.0,664.0,0.95,1.3,521.5,849.0,444.0
SV020,L,238,3,0,0,0,3,Response,3001.05,3064.7,1083.3000000000002,1135.2,707.5,786.0,496.0,2.4333333333333336,3.0,419.3333333333333,898.0,294.6666666666667
SV020,L,239,3,3,1,0,3,Response,3024.9,3039.8,1259.75,1320.0,734.5,769.0,364.0,4.433333333333333,10.7,360.3333333333333,728.0,409.3333333333333
SV020,L,240,2,3,0,0,3,Response,2988.1000000000004,3000.3,1043.0,1075.6,824.0,863.0,494.0,1.7,2.9,443.0,910.0,341.3333333333333
SV020,L,241,3,0,1,0,0,Response,2025.9,2108.9,923.5,982.0,789.5,796.0,152.0,4.233333333333333,6.2,445.3333333333333,1019.0,488.0
SV020,L,242,3,3,1,0,3,Response,,,,,,,,1.1,1.1,1051.0,1051.0,1168.0
SV020,L,243,2,2,1,0,2,Response,2013.9,2013.9,529.9,529.9,753.0,753.0,964.0,4.6,4.6,171.0,171.0,36.0
SV020,L,244,3,2,1,1,2,Response,,,,,,,,,,,,
SV020,L,245,2,2,0,1,2,Response,,,,,,,,,,,,
SV020,L,246,2,0,1,1,0,Response,,,,,,,,,,,,
SV020,L,247,2,3,0,0,3,Response,,,,,,,,,,,,
SV020,L,248,3,2,0,1,2,Response,,,,,,,,,,,,
SV020,L,249,3,3,1,0,3,Response,,,,,,,,,,,,
SV020,L,250,2,2,1,1,2,Response,,,,,,,,,,,,
SV020,L,251,2,2,0,1,2,Response,,,,,,,,,,,,
SV020,L,252,2,3,1,0,3,Response,1945.2,1945.2,974.9,974.9,765.0,765.0,276.0,2.1,3.5,115.5,174.0,22.0
SV020,L,253,2,3,0,1,3,Response,,,,,,,,3.7,3.7,124.0,124.0,40.0
SV020,L,254,2,3,1,0,3,Response,,,,,,,,,,,,
SV020,L,255,3,0,1,0,0,Response,,,,,,,,1.0,1.0,84.0,84.0,16.0
SV020,L,256,3,3,0,1,3,Response,1933.4,1933.4,576.1,576.1,770.0,770.0,252.0,3.3,5.2,157.5,213.0,28.0
SV020,L,257,2,3,0,1,3,Response,2086.0666666666666,3024.4,1118.5600000000002,1682.9,892.6,933.0,485.3333333333333,2.7,10.5,126.9375,311.0,25.0
SV020,L,258,2,3,1,0,3,Response,,,,,,,,2.7,2.7,162.0,162.0,24.0
SV020,L,259,3,2,0,1,2,Response,,,,,,,,0.7,0.7,61.0,61.0,16.0
SV020,L,260,3,3,0,0,3,Response,2275.7,2275.7,828.1,828.1,880.0,880.0,316.0,1.8,1.8,126.0,126.0,20.0
SV020,L,261,3,2,1,1,2,Response,,,,,,,,4.7,4.7,204.0,204.0,32.0
SV020,L,262,2,2,0,1,2,Response,,,,,,,,3.6,3.6,162.0,162.0,32.0
SV020,L,263,2,3,1,1,3,Response,,,,,,,,2.1,2.1,116.0,116.0,24.0
SV020,L,264,3,0,0,1,0,Response,,,,,,,,,,,,
SV020,L,265,2,2,1,0,2,Response,,,,,,,,3.9,3.9,177.0,177.0,32.0
SV020,L,266,2,3,1,1,3,Response,1899.6,1899.6,700.4,700.4,821.0,821.0,420.0,2.7,2.9,157.0,184.0,26.0
SV020,L,267,3,2,1,1,2,Response,1844.7,1844.7,1153.8,1153.8,906.0,906.0,1472.0,1.4,2.3,97.5,139.0,18.0
SV020,L,268,3,0,0,0,0,Response,,,,,,,,,,,,
SV020,L,269,2,3,0,0,3,Response,,,,,,,,,,,,
SV020,L,270,2,3,0,0,3,Response,,,,,,,,3.6,3.6,151.0,151.0,32.0
SV020,L,271,2,0,1,0,0,Response,,,,,,,,,,,,
SV020,L,272,2,0,1,1,0,Response,,,,,,,,,,,,
SV020,L,273,2,3,0,1,3,Response,,,,,,,,,,,,
SV020,L,274,3,0,1,0,0,Response,,,,,,,,,,,,
SV020,L,275,3,0,0,1,0,Response,,,,,,,,,,,,
SV020,L,276,2,2,0,0,2,Response,,,,,,,,4.3,4.3,219.0,219.0,28.0
SV020,L,277,3,2,1,1,2,Response,1930.0,1930.0,1040.8,1040.8,805.0,805.0,392.0,1.75,2.4,109.5,144.0,22.0
SV020,L,278,2,0,1,0,0,Response,,,,,,,,,,,,
SV020,L,279,2,0,0,1,0,Response,,,,,,,,0.7,0.7,949.0,949.0,188.0
SV020,L,280,2,2,0,0,2,Response,,,,,,,,3.6,3.6,178.0,178.0,28.0
SV020,L,281,2,2,1,0,2,Response,,,,,,,,0.7,0.7,64.0,64.0,16.0
SV020,L,282,3,0,1,0,0,Response,,,,,,,,,,,,
SV020,L,283,2,2,0,0,2,Response,,,,,,,,,,,,
SV020,L,284,3,3,1,1,3,Response,,,,,,,,,,,,
SV020,L,285,2,2,0,1,2,Response,,,,,,,,,,,,
SV020,L,286,3,0,0,0,0,Response,,,,,,,,,,,,
SV020,L,287,2,0,0,0,0,Response,,,,,,,,,,,,
SV020,L,288,2,3,0,0,3,Response,,,,,,,,,,,,
SV020,L,289,3,0,0,0,0,Response,2127.0,2127.0,994.5,994.5,881.0,881.0,340.0,0.75,1.0,67.5,70.0,16.0
SV020,L,290,2,3,1,1,3,Response,,,,,,,,,,,,
SV020,L,291,2,0,1,0,0,Response,,,,,,,,,,,,
SV020,L,292,3,0,0,0,0,Response,,,,,,,,,,,,
SV020,L,293,3,3,1,0,3,Response,,,,,,,,,,,,
SV020,L,294,3,2,1,1,2,Response,,,,,,,,5.7,5.7,169.0,169.0,48.0
SV020,L,295,3,3,0,0,3,Response,,,,,,,,,,,,
SV020,L,296,2,3,0,1,3,Response,,,,,,,,0.5,0.5,58.0,58.0,12.0
SV020,L,297,3,2,0,1,2,Response,,,,,,,,,,,,
SV020,L,298,3,3,0,0,3,Response,,,,,,,,,,,,
SV020,L,299,3,2,1,1,2,Response,,,,,,,,,,,,
SV020,L,300,3,2,1,0,2,Response,,,,,,,,,,,,
SV020,L,301,3,3,1,1,2,Response,1868.3,1883.1,867.55,1029.0,819.0,881.0,218.0,1.2000000000000002,1.6,85.0,101.0,20.0
SV020,L,302,2,0,1,1,0,Response,,,,,,,,,,,,
SV020,L,303,3,2,1,1,2,Response,,,,,,,,,,,,
SV020,L,304,3,3,0,1,3,Response,,,,,,,,4.1,4.1,175.0,175.0,32.0
SV020,L,305,3,2,0,0,2,Response,,,,,,,,0.5,0.5,67.0,67.0,12.0
SV020,L,306,2,2,1,0,2,Response,2024.4,2024.4,998.1,998.1,833.0,833.0,336.0,1.4500000000000002,2.1,111.5,148.0,18.0
SV020,L,307,3,2,0,1,2,Response,,,,,,,,2.8,2.8,169.0,169.0,24.0
SV020,L,308,3,2,0,0,2,Response,,,,,,,,0.9,0.9,82.0,82.0,16.0
SV020,L,309,3,0,1,0,0,Response,,,,,,,,,,,,
SV020,L,310,3,3,1,1,3,Response,,,,,,,,1.8,1.8,104.0,104.0,24.0
SV020,L,311,2,3,1,0,3,Response,,,,,,,,,,,,
SV020,L,312,2,2,0,0,2,Response,,,,,,,,,,,,
SV020,L,313,3,0,1,1,0,Response,,,,,,,,0.9,0.9,84.0,84.0,16.0
SV020,L,314,3,0,0,1,0,Response,,,,,,,,,,,,
SV020,L,315,3,3,1,0,0,Response,,,,,,,,,,,,
SV020,L,316,3,3,0,1,0,Response,,,,,,,,,,,,
SV020,L,317,2,0,1,1,0,Response,,,,,,,,,,,,
SV020,L,318,2,2,1,1,2,Response,,,,,,,,,,,,
SV020,L,319,2,3,1,0,3,Response,,,,,,,,,,,,
SV020,L,320,3,2,1,0,2,Response,,,,,,,,,,,,
SV020,L,321,3,3,1,1,3,Response,,,,,,,,,,,,
SV020,L,322,3,3,1,0,3,Response,,,,,,,,,,,,
SV020,L,323,3,0,0,0,0,Response,,,,,,,,,,,,
SV020,L,324,2,3,1,1,3,Response,,,,,,,,0.8,0.8,76.0,76.0,16.0
SV020,L,325,2,2,0,0,2,Response,,,,,,,,,,,,
SV020,L,326,2,3,1,0,3,Response,,,,,,,,,,,,
SV020,L,327,2,2,0,0,2,Response,,,,,,,,,,,,
SV020,L,328,3,3,1,1,3,Response,1918.3,1918.3,793.8,793.8,759.0,759.0,288.0,1.4,1.4,93.0,93.0,20.0
SV020,L,329,3,2,1,0,2,Response,,,,,,,,,,,,
SV020,L,330,2,3,1,0,3,Response,,,,,,,,,,,,
SV020,L,331,2,2,1,1,2,Response,,,,,,,,,,,,
SV020,L,332,2,0,1,0,0,Response,,,,,,,,,,,,
SV020,L,333,3,0,0,1,0,Response,,,,,,,,,,,,
SV020,L,334,3,3,0,0,3,Response,,,,,,,,,,,,
SV020,L,335,2,3,1,0,3,Response,2073.2,2073.2,603.5,603.5,628.0,628.0,360.0,3.4,4.1,143.0,152.0,32.0
SV020,L,336,2,3,0,0,3,Response,2061.6,2061.6,646.6,646.6,654.0,654.0,328.0,3.3,3.8,160.0,161.0,28.0
SV020,L,337,2,3,1,0,3,Response,,,,,,,,0.5,0.5,60.0,60.0,12.0
SV020,L,338,3,0,1,1,0,Response,,,,,,,,,,,,
SV020,L,339,3,0,0,1,0,Response,,,,,,,,,,,,
SV020,L,340,3,3,1,0,3,Response,1941.4,1941.4,589.8,589.8,648.0,648.0,244.0,4.0,4.1,191.5,206.0,30.0
SV020,L,341,3,3,1,1,3,Response,,,,,,,,,,,,
SV020,L,342,3,0,0,0,3,Response,,,,,,,,,,,,
SV020,L,343,2,0,0,0,0,Response,,,,,,,,,,,,
SV020,L,344,2,0,1,0,0,Response,,,,,,,,,,,,
SV020,L,345,2,0,1,0,0,Response,,,,,,,,,,,,
SV020,L,346,3,3,0,1,0,Response,,,,,,,,,,,,
SV020,L,347,3,3,0,0,3,Response,,,,,,,,0.6,0.6,54.0,54.0,16.0
SV020,L,348,2,3,0,1,3,Response,,,,,,,,,,,,
SV020,L,349,3,2,0,1,2,Response,,,,,,,,,,,,
SV020,L,350,3,0,0,0,0,Response,,,,,,,,,,,,
SV020,L,351,2,3,0,0,3,Response,,,,,,,,,,,,
SV020,L,352,3,0,1,0,0,Response,,,,,,,,,,,,
SV020,L,353,3,2,1,0,2,Response,,,,,,,,,,,,
SV020,L,354,3,0,1,1,3,Response,1909.15,1913.9,706.0,828.4,713.0,722.0,258.0,1.9000000000000001,2.8,94.0,106.0,25.333333333333332
SV020,L,355,2,2,0,1,2,Response,,,,,,,,,,,,
SV020,L,356,3,2,1,0,2,Response,,,,,,,,,,,,
SV020,L,357,3,3,1,0,3,Response,,,,,,,,0.5,0.5,58.0,58.0,12.0
SV020,L,358,2,0,1,1,0,Response,,,,,,,,,,,,
SV020,L,359,2,2,0,0,2,Response,,,,,,,,0.5,0.5,57.0,57.0,12.0
SV020,L,360,2,2,1,0,2,Response,,,,,,,,4.2,4.2,156.0,156.0,36.0
SV020,L,361,2,3,0,1,3,Response,1537.8,1759.0,868.25,1246.8,727.5,786.0,296.0,5.2,8.8,207.0,298.0,34.0
SV020,L,362,2,2,1,1,3,Response,1754.2,1754.2,1004.3,1004.3,803.0,803.0,372.0,2.55,3.9,127.5,168.0,26.0
SV020,L,363,2,3,1,1,4,Response,,,,,,,,1.4,1.4,875.0,875.0,1072.0
SV020,L,364,2,0,0,1,0,Response,,,,,,,,,,,,
SV020,L,365,3,0,0,1,0,Response,,,,,,,,,,,,
SV020,L,366,2,2,0,1,3,Response,,,,,,,,,,,,
SV020,L,367,2,0,0,1,0,Response,1856.4,1856.4,521.2,521.2,699.0,699.0,312.0,5.3,5.6,238.0,283.0,34.0
SV020,L,368,2,2,1,0,2,Response,,,,,,,,,,,,
SV020,L,369,3,0,0,1,0,Response,2110.8,2110.8,1099.6,1099.6,923.0,923.0,148.0,2.2,2.2,140.0,140.0,24.0
SV020,L,370,3,2,0,1,2,Response,,,,,,,,,,,,
SV020,L,371,3,2,0,1,2,Response,,,,,,,,0.4,0.4,53.0,53.0,12.0
SV020,L,372,2,2,0,0,2,Response,,,,,,,,0.4,0.4,55.0,55.0,12.0
SV020,L,373,3,3,0,0,3,Response,,,,,,,,,,,,
SV020,L,374,2,0,0,0,0,Response,,,,,,,,,,,,
SV020,L,375,2,0,0,0,0,Response,,,,,,,,,,,,
SV020,L,376,3,0,0,0,0,Response,,,,,,,,,,,,
SV020,L,377,2,0,0,1,0,Response,,,,,,,,,,,,
SV020,L,378,3,0,1,1,0,Response,1883.7,1883.7,828.9,828.9,514.0,514.0,176.0,1.3,1.6,77.0,86.0,22.0
SV020,L,379,3,0,1,1,0,Response,,,,,,,,,,,,
SV020,L,380,3,0,1,1,0,Response,1789.4,1936.2,1162.1999999999998,1186.8,758.0,788.0,204.0,1.2,1.4,81.33333333333333,94.0,20.0
SV020,L,381,3,0,1,1,0,Response,,,,,,,,,,,,
SV020,L,382,3,3,1,1,3,Response,,,,,,,,,,,,
SV020,L,383,3,0,1,0,0,Response,,,,,,,,,,,,
SV020,L,384,3,2,0,0,2,Response,,,,,,,,,,,,
SV020,L,385,3,3,1,0,3,Response,2343.4,2343.4,1001.8,1001.8,865.0,865.0,204.0,1.05,1.6,83.5,111.0,16.0
SV020,L,386,2,3,1,1,0,Response,1928.4,1928.4,558.4,558.4,671.0,671.0,580.0,3.9000000000000004,4.2,170.0,221.0,34.0
SV020,L,387,3,2,0,1,2,Response,,,,,,,,,,,,
SV020,L,388,3,0,1,1,0,Response,,,,,,,,,,,,
SV020,L,389,2,0,0,1,0,Response,,,,,,,,,,,,
SV020,L,390,2,2,1,0,2,Response,,,,,,,,,,,,
SV020,L,391,3,2,0,0,2,Response,,,,,,,,,,,,
SV020,L,392,3,3,0,1,3,Response,1764.8,1764.8,1033.1,1033.1,817.0,817.0,192.0,0.55,0.6,59.0,63.0,14.0
SV020,L,393,3,0,0,1,0,Response,,,,,,,,,,,,
SV020,L,394,3,2,0,0,2,Response,,,,,,,,,,,,
SV020,L,395,2,0,0,0,0,Response,1899.15,1932.9,484.25,514.4,641.5,667.0,378.0,3.466666666666667,5.2,162.66666666666666,266.0,28.0
SV020,L,396,3,3,0,0,3,Response,,,,,,,,,,,,
SV020,L,397,2,0,0,1,0,Response,,,,,,,,,,,,
SV020,L,398,2,0,1,1,0,Response,,,,,,,,,,,,
SV020,L,399,3,3,0,1,3,Response,,,,,,,,,,,,
SV020,L,400,2,0,1,0,0,Response,,,,,,,,1.9,1.9,137.0,137.0,20.0
SV020,L,401,2,0,0,1,0,Response,,,,,,,,,,,,
SV020,L,402,3,2,0,0,2,Response,,,,,,,,,,,,
SV020,L,403,3,2,0,0,2,Response,,,,,,,,,,,,
SV020,L,404,2,0,0,0,0,Response,,,,,,,,,,,,
SV020,L,405,2,0,0,0,0,Response,,,,,,,,,,,,
SV020,L,406,3,0,1,0,0,Response,,,,,,,,,,,,
SV020,L,407,2,3,0,0,3,Response,,,,,,,,,,,,
SV020,L,408,3,2,1,0,2,Response,,,,,,,,0.8,0.8,67.0,67.0,16.0
SV020,L,409,3,2,1,0,2,Response,,,,,,,,,,,,
SV020,L,410,3,3,0,1,0,Response,,,,,,,,,,,,
SV020,L,411,3,0,0,0,0,Response,2120.2,2120.2,1031.2,1031.2,868.0,868.0,244.0,0.45,0.5,57.0,60.0,12.0
SV020,L,412,2,0,1,1,0,Response,1934.5,1934.5,1063.6,1063.6,900.0,900.0,420.0,1.7,2.4,105.5,143.0,22.0
SV020,L,413,2,3,1,1,3,Response,,,,,,,,0.5,0.5,64.0,64.0,12.0
SV020,L,414,2,0,0,1,0,Response,,,,,,,,,,,,
SV020,L,415,3,2,0,0,2,Response,,,,,,,,,,,,
SV020,L,416,3,3,1,0,3,Response,,,,,,,,,,,,
SV020,L,417,3,2,1,1,2,Response,,,,,,,,,,,,
SV020,L,418,2,3,0,0,2,Response,,,,,,,,,,,,
SV020,L,419,2,2,1,1,2,Response,,,,,,,,,,,,
SV020,L,420,3,3,1,1,3,Response,,,,,,,,4.5,4.5,893.0,893.0,908.0
SV020,L,421,2,3,0,0,3,Response,,,,,,,,,,,,
SV020,L,422,3,2,0,0,2,Response,,,,,,,,4.0,4.0,168.0,168.0,36.0
SV020,L,423,2,3,0,1,3,Response,1904.3,1904.3,1131.5,1131.5,877.0,877.0,184.0,1.6500000000000001,2.2,500.0,899.0,506.0
SV020,L,424,2,0,1,1,0,Response,,,,,,,,,,,,
SV020,L,425,3,3,0,1,3,Response,1845.2,1845.2,1067.5,1067.5,824.0,824.0,380.0,2.2,3.5,117.5,155.0,24.0
SV020,L,426,2,2,1,1,2,Response,1899.4,1899.4,1055.7,1055.7,883.0,883.0,236.0,3.4,3.4,173.0,173.0,28.0
SV020,L,427,3,2,1,0,2,Response,,,,,,,,,,,,
SV020,L,428,2,2,0,1,2,Response,,,,,,,,,,,,
SV020,L,429,3,2,1,1,2,Response,1941.6,1941.6,600.7,600.7,741.0,741.0,184.0,2.35,3.1,132.0,147.0,24.0
SV020,L,430,2,0,1,0,0,Response,,,,,,,,,,,,
SV020,L,431,3,2,0,0,2,Response,,,,,,,,,,,,
SV020,L,432,2,2,1,1,2,Response,,,,,,,,,,,,
SV020,L,433,3,3,0,0,3,Response,,,,,,,,,,,,
SV020,L,434,3,2,1,0,2,Response,,,,,,,,,,,,
SV020,L,435,3,3,0,0,3,Response,,,,,,,,,,,,
SV020,L,436,3,3,0,1,3,Response,,,,,,,,,,,,
SV020,L,437,2,3,1,1,3,Response,,,,,,,,,,,,
SV020,L,438,3,0,1,0,0,Response,,,,,,,,,,,,
SV020,L,439,3,0,1,0,0,Response,,,,,,,,,,,,
SV020,L,440,2,2,1,1,2,Response,,,,,,,,,,,,
SV020,L,441,2,2,0,1,2,Response,,,,,,,,3.8,3.8,194.0,194.0,28.0
SV020,L,442,2,2,1,0,2,Response,,,,,,,,,,,,
SV020,L,443,2,3,0,1,3,Response,,,,,,,,1.7,1.7,100.0,100.0,24.0
SV020,L,444,2,0,0,1,0,Response,,,,,,,,1.5,1.5,110.0,110.0,20.0
SV020,L,445,3,2,1,1,2,Response,,,,,,,,1.5,1.5,103.0,103.0,20.0
SV020,L,446,2,3,0,1,3,Response,,,,,,,,,,,,
SV020,L,447,3,2,0,1,2,Response,,,,,,,,,,,,
SV020,L,448,3,3,1,1,3,Response,,,,,,,,2.5,2.5,154.0,154.0,24.0
SV020,L,449,2,2,1,0,2,Response,,,,,,,,,,,,
SV020,L,450,2,0,1,0,0,Response,,,,,,,,,,,,
SV020,L,451,3,2,1,0,2,Response,,,,,,,,,,,,
SV020,L,452,2,3,0,0,3,Response,,,,,,,,,,,,
SV020,L,453,2,2,0,1,2,Response,,,,,,,,,,,,
SV020,L,454,3,3,0,1,3,Response,,,,,,,,,,,,
SV020,L,455,3,0,1,1,0,Response,,,,,,,,,,,,
SV020,L,456,2,2,0,0,2,Response,,,,,,,,,,,,
SV020,L,457,2,3,1,1,3,Response,,,,,,,,,,,,
SV020,L,458,2,0,0,1,0,Response,,,,,,,,,,,,
SV020,L,459,2,3,1,1,3,Response,,,,,,,,,,,,
SV020,L,460,2,2,1,1,2,Response,,,,,,,,,,,,
SV020,L,461,2,2,1,1,2,Response,,,,,,,,0.5,0.5,60.0,60.0,12.0
SV020,L,462,3,3,1,1,3,Response,2061.125,2132.0,702.675,998.5,673.25,707.0,329.0,1.8800000000000001,5.0,100.8,165.0,21.6
SV020,L,463,2,0,1,1,0,Response,,,,,,,,,,,,
SV020,L,464,3,3,1,0,3,Response,,,,,,,,,,,,
SV020,L,465,3,0,0,0,0,Response,,,,,,,,,,,,
SV020,L,466,2,2,1,0,2,Response,,,,,,,,,,,,
SV020,L,467,2,2,0,0,2,Response,,,,,,,,,,,,
SV020,L,468,3,2,0,1,2,Response,,,,,,,,,,,,
SV020,L,469,3,3,0,0,3,Response,,,,,,,,0.5,0.5,64.0,64.0,12.0
SV020,L,470,2,0,1,0,0,Response,,,,,,,,1.2,1.2,87.0,87.0,20.0
SV020,L,471,3,0,0,1,0,Response,1998.1,1998.1,815.5,815.5,863.0,863.0,264.0,1.9500000000000002,2.1,116.0,123.0,24.0
SV020,L,472,3,0,0,1,0,Response,,,,,,,,,,,,
SV020,L,473,2,3,0,1,3,Response,,,,,,,,,,,,
SV020,L,474,2,2,0,1,2,Response,,,,,,,,,,,,
SV020,L,475,2,0,0,0,0,Response,,,,,,,,,,,,
SV020,L,476,3,0,1,1,0,Response,1930.7,1930.7,1057.8,1057.8,915.0,915.0,468.0,1.9,2.8,137.0,183.0,20.0
SV020,L,477,2,0,0,0,0,Response,,,,,,,,3.0,3.0,192.0,192.0,24.0
SV020,L,478,2,3,1,0,3,Response,,,,,,,,0.8,0.8,67.0,67.0,16.0
SV020,L,479,2,0,1,1,0,Response,,,,,,,,1.7,1.7,123.0,123.0,20.0
SV020,L,480,2,0,0,0,0,Response,,,,,,,,0.5,0.5,63.0,63.0,12.0
SV020,R,1,2,3,1,1,2,Response,1549.0954545454545,2337.4,546.9363636363637,1307.9,585.0454545454545,812.0,338.1818181818182,5.0,12.0,347.27272727272725,1699.0,129.45454545454547
SV020,R,2,3,0,1,0,3,Response,2787.0,3203.8,1139.5857142857144,1190.6,649.4285714285714,765.0,624.5714285714286,3.4875,9.2,154.5,271.0,27.5
SV020,R,3,3,2,0,1,2,Response,1129.1,1618.5,1390.65,1512.8,686.0,789.0,714.0,3.5200000000000005,8.6,166.8,275.0,27.2
SV020,R,4,2,2,0,1,2,Response,1436.0,1742.4,1228.25,1418.0,719.25,774.0,819.0,3.6399999999999997,6.4,164.4,214.0,28.8
SV020,R,5,2,3,0,0,3,Response,1057.2,1057.2,1141.1,1141.1,677.0,677.0,2568.0,4.9,7.6,186.0,248.0,34.0
SV020,R,6,2,2,0,0,2,Response,2898.8,2966.4,1360.9,1418.2,642.0,695.0,793.0,3.7399999999999998,8.5,144.4,247.0,28.0
SV020,R,7,2,0,0,1,3,Response,2625.7714285714287,2866.8,1286.0,1519.9,712.7142857142857,768.0,586.8571428571429,2.25,6.8,119.375,239.0,22.0
SV020,R,8,2,2,1,0,2,Response,2931.633333333333,3270.0,1177.8999999999999,1267.6,701.3333333333334,724.0,806.6666666666666,6.0,12.0,195.75,267.0,43.0
SV020,R,9,3,2,0,1,2,Response,,,,,,,,,,,,
SV020,R,10,3,2,1,0,2,Response,,,,,,,,,,,,
SV020,R,11,2,0,0,1,2,Response,,,,,,,,,,,,
SV020,R,12,3,0,1,0,2,Response,,,,,,,,,,,,
SV020,R,13,2,3,1,0,3,Response,,,,,,,,,,,,
SV020,R,14,3,3,0,1,3,Response,,,,,,,,,,,,
SV020,R,15,2,3,0,0,3,Response,,,,,,,,,,,,
SV020,R,16,2,3,1,1,2,Response,,,,,,,,,,,,
SV020,R,17,3,3,1,1,2,Response,,,,,,,,,,,,
SV020,R,18,3,0,1,0,2,Response,,,,,,,,,,,,
SV020,R,19,3,3,0,1,3,Response,,,,,,,,,,,,
SV020,R,20,2,0,0,0,3,Response,,,,,,,,,,,,
SV020,R,21,3,0,0,1,3,Response,,,,,,,,,,,,
SV020,R,22,3,2,1,0,2,Response,,,,,,,,,,,,
SV020,R,23,3,0,0,1,2,Response,,,,,,,,,,,,
SV020,R,24,2,3,1,0,2,Response,,,,,,,,,,,,
SV020,R,25,2,0,0,1,2,Response,,,,,,,,,,,,
SV020,R,26,3,3,0,0,3,Response,,,,,,,,,,,,
SV020,R,27,3,2,0,0,2,Response,,,,,,,,,,,,
SV020,R,28,3,3,1,0,3,Response,,,,,,,,,,,,
SV020,R,29,3,3,0,1,3,Response,,,,,,,,,,,,
SV020,R,30,2,0,1,1,2,Response,,,,,,,,,,,,
SV020,R,31,3,2,0,1,1,Response,,,,,,,,,,,,
SV020,R,32,3,3,1,1,2,Response,,,,,,,,,,,,
SV020,R,33,3,2,0,1,2,Response,,,,,,,,,,,,
SV020,R,34,3,3,1,1,3,Response,,,,,,,,,,,,
SV020,R,35,3,3,1,0,3,Response,,,,,,,,,,,,
SV020,R,36,2,0,1,0,2,Response,,,,,,,,,,,,
SV020,R,37,3,2,0,1,2,Response,,,,,,,,,,,,
SV020,R,38,3,3,0,0,3,Response,,,,,,,,,,,,
SV020,R,39,2,2,1,1,2,Response,,,,,,,,,,,,
SV020,R,40,3,0,0,0,3,Response,1244.02,1780.3,1309.3600000000001,1594.0,751.9,867.0,251.2,2.2818181818181817,5.7,244.36363636363637,867.0,516.3636363636364
SV020,R,41,3,2,1,1,2,Response,2655.7,3024.5,1320.1399999999999,1398.3,676.0,727.0,305.6,3.9166666666666665,10.4,321.3333333333333,853.0,450.6666666666667
SV020,R,42,2,3,0,1,3,Response,2826.55,3004.4,1234.55,1324.3,656.25,774.0,354.0,4.1,8.6,265.0,721.0,699.2
SV020,R,43,2,0,1,0,2,Response,1178.325,1492.0,1448.65,1505.9,758.0,818.0,365.0,2.3600000000000003,4.2,259.2,794.0,448.8
SV020,R,44,2,0,1,0,2,Response,1053.52,1162.8,1412.92,1490.9,772.6,827.0,380.0,1.7666666666666666,2.5,192.16666666666666,595.0,308.6666666666667
SV020,R,45,3,0,1,0,2,Response,1131.2,1232.2,1430.8333333333333,1495.8,748.6666666666666,856.0,273.3333333333333,2.05,2.6,291.25,749.0,492.0
SV020,R,46,3,0,0,0,2,Response,1203.6399999999999,1323.6,1319.34,1530.6,783.4,883.0,334.4,2.1333333333333333,3.2,258.1666666666667,755.0,304.0
SV020,R,47,2,0,0,0,2,Response,1216.275,1266.4,1282.725,1577.6,820.5,888.0,205.0,2.98,4.2,366.0,651.0,393.6
SV020,R,48,3,0,0,1,2,Response,2741.16,3014.6,1194.3600000000001,1419.2,586.0,679.0,304.0,3.766666666666667,8.1,263.1666666666667,644.0,277.3333333333333
SV020,R,49,2,3,1,1,3,Response,2931.05,2975.3,1360.9499999999998,1369.6,718.5,769.0,296.0,3.8000000000000003,8.9,338.6666666666667,733.0,678.6666666666666
SV020,R,50,2,2,1,0,2,Response,1204.275,1382.4,1435.625,1554.3,726.0,800.0,244.0,2.4,5.1,272.6,804.0,425.6
SV020,R,51,2,3,1,0,2,Response,1541.6299999999999,3270.0,1397.8799999999999,2080.3,687.9,863.0,232.0,6.354545454545455,21.6,446.3636363636364,2527.0,193.8181818181818
SV020,R,52,2,2,1,1,2,Response,2686.5,3064.8,1485.45,1947.2,699.0,848.0,297.0,6.24,12.4,334.0,841.0,312.0
SV020,R,53,2,3,1,0,3,Response,1122.0222222222224,1349.3,1662.0333333333335,2150.8,708.2222222222222,840.0,376.8888888888889,3.66,12.3,330.8,1016.0,272.8
SV020,R,54,3,3,1,1,3,Response,2876.6400000000003,2961.9,1532.84,2014.5,633.6,773.0,358.4,5.816666666666667,13.5,384.8333333333333,743.0,498.6666666666667
SV020,R,55,2,0,0,0,2,Response,1101.2,1890.4,1268.9,1533.1,679.875,769.0,288.0,4.555555555555555,10.6,292.22222222222223,788.0,240.0
SV020,R,56,2,2,0,0,2,Response,1122.9,1854.4,1231.5,1478.4,715.8,751.0,336.8,4.833333333333333,8.4,264.0,605.0,259.3333333333333
SV020,R,57,3,0,1,1,2,Response,2913.4500000000003,3052.6,1598.8333333333333,2029.9,630.5,782.0,320.0,5.114285714285714,13.3,280.2857142857143,682.0,215.42857142857142
SV020,R,58,3,0,1,1,2,Response,2994.65,3270.0,1329.15,1370.1,685.75,764.0,321.0,2.7199999999999998,7.7,299.8,733.0,408.0
SV020,R,59,2,0,1,0,3,Response,1126.4666666666667,1244.4,1654.55,2068.5,660.6666666666666,737.0,241.33333333333334,3.6714285714285713,12.7,371.42857142857144,825.0,458.2857142857143
SV020,R,60,2,3,1,1,2,Response,2813.1,2955.7,1501.825,2025.4,620.25,719.0,222.0,3.12,7.4,326.6,972.0,418.4
SV020,R,61,2,3,0,1,3,Response,3096.8,3270.0,1334.96,1454.8,627.2,687.0,388.8,2.5500000000000003,5.5,373.5,695.0,616.6666666666666
SV020,R,62,3,0,0,1,3,Response,3051.2400000000002,3270.0,1214.24,1294.1,680.6,754.0,310.4,2.0,3.1,244.16666666666666,717.0,306.0
SV020,R,63,2,2,1,0,2,Response,1130.5666666666666,1259.1,1688.2,2114.1,817.3333333333334,861.0,433.3333333333333,3.3000000000000003,7.0,333.6666666666667,711.0,546.6666666666666
SV020,R,64,3,0,0,0,2,Response,1002.8714285714286,1729.2,1364.5285714285715,1605.9,722.4285714285714,831.0,240.57142857142858,3.742857142857143,8.5,281.42857142857144,804.0,250.28571428571428
SV020,R,65,2,0,1,0,2,Response,1208.26,1534.1,1639.52,1984.6,761.0,846.0,294.4,3.75,10.6,256.0,548.0,288.0
SV020,R,66,3,0,0,0,3,Response,1087.0555555555557,1286.8,1340.6888888888889,1481.6,733.3333333333334,826.0,292.8888888888889,2.4000000000000004,7.2,294.3333333333333,736.0,251.55555555555554
SV020,R,67,2,3,1,0,3,Response,1160.74,1273.5,1633.46,2101.5,741.2,853.0,212.0,4.366666666666667,12.3,394.3333333333333,907.0,454.6666666666667
SV020,R,68,3,0,1,1,2,Response,2855.42,2981.9,1535.3799999999999,2056.1,647.0,804.0,320.8,4.12,8.4,351.4,808.0,331.2
SV020,R,69,2,0,0,1,3,Response,3063.7200000000003,3270.0,1342.6399999999999,1524.0,638.6,757.0,308.8,1.9166666666666667,3.6,385.0,797.0,420.0
SV020,R,70,3,2,0,1,2,Response,3027.8333333333335,3270.0,1300.1666666666667,1330.8,718.6666666666666,765.0,330.6666666666667,1.35,2.6,299.5,832.0,419.0
SV020,R,71,2,0,1,1,2,Response,2852.9,3011.1,1482.2428571428572,1993.1,773.0,890.0,272.0,6.614285714285715,21.3,206.85714285714286,442.0,315.42857142857144
SV020,R,72,3,2,0,0,2,Response,841.1,1384.5,1255.36,1400.6,753.2,824.0,286.4,3.6999999999999997,7.6,495.0,2112.0,306.6666666666667
SV020,R,73,3,2,0,1,2,Response,2960.15,3004.8,1257.35,1297.4,783.5,821.0,384.0,8.6,22.0,232.66666666666666,401.0,641.3333333333334
SV020,R,74,2,2,0,1,2,Response,3013.1,3270.0,1392.9333333333334,1401.5,783.3333333333334,811.0,217.33333333333334,4.225,12.2,696.0,2236.0,457.0
SV020,R,75,2,2,1,0,2,Response,1166.975,1268.6,1810.4499999999998,2111.7,845.75,899.0,370.0,5.475,12.2,436.75,974.0,452.0
SV020,R,76,2,0,1,0,3,Response,1142.25,1268.0,1712.2749999999999,2104.2,836.75,915.0,250.0,4.319999999999999,13.7,310.4,676.0,427.2
SV020,R,77,3,0,1,1,2,Response,2889.4,2945.4,1639.4666666666665,1993.9,847.3333333333334,868.0,301.3333333333333,6.425000000000001,11.9,282.75,500.0,472.0
SV020,R,78,3,3,1,0,3,Response,1168.2666666666667,1381.4,1720.8666666666668,2147.1,896.0,942.0,362.6666666666667,3.933333333333333,6.3,351.3333333333333,695.0,669.3333333333334
SV020,R,79,3,2,1,0,2,Response,1193.1,1343.7,1682.9,2086.9,781.0,825.0,242.0,4.540000000000001,12.8,306.8,695.0,295.2
SV020,R,80,2,2,0,0,2,Response,1310.95,1598.9,1247.6666666666667,1599.7,631.0,769.0,421.3333333333333,3.8285714285714287,6.2,300.85714285714283,1034.0,342.2857142857143
SV020,R,81,3,2,0,1,2,Response,3024.316666666667,3270.0,1269.8999999999999,1499.7,600.8333333333334,686.0,271.3333333333333,3.85,12.9,283.5,799.0,200.66666666666666
SV020,R,82,3,0,0,1,2,Response,3050.5166666666664,3270.0,1523.6666666666667,3270.0,632.5,718.0,238.66666666666666,7.557142857142858,24.6,446.14285714285717,1404.0,376.0
SV020,R,83,3,3,1,1,2,Response,2881.866666666667,2931.1,1615.6666666666667,2003.7,612.3333333333334,740.0,362.6666666666667,7.375,13.4,476.75,995.0,422.0
SV020,R,84,2,0,0,0,2,Response,1203.75,1359.9,1322.875,1497.7,623.5,697.0,246.0,3.1,6.4,279.6,756.0,373.6
SV020,R,85,3,3,0,1,3,Response,2967.2,3270.0,1227.4,1370.7,671.6,707.0,244.0,3.766666666666667,12.4,297.6666666666667,870.0,307.3333333333333
SV020,R,86,2,2,1,1,2,Response,2938.66,3270.0,1473.52,1809.6,672.8,742.0,334.4,7.783333333333334,20.2,246.33333333333334,429.0,326.0
SV020,R,87,3,3,0,0,3,Response,1133.9142857142856,1610.4,1316.9857142857143,1542.4,731.0,814.0,206.28571428571428,3.625,9.0,470.0,2140.0,393.5
SV020,R,88,2,3,0,0,3,Response,1200.6833333333332,1279.8,1299.5666666666666,1440.8,676.6666666666666,791.0,334.0,2.7714285714285714,7.3,232.42857142857142,764.0,321.7142857142857
SV020,R,89,3,0,0,1,2,Response,3052.16,3270.0,1255.44,1327.7,626.4,654.0,353.6,3.3666666666666667,12.1,140.5,239.0,357.3333333333333
SV020,R,90,2,3,0,0,2,Response,1220.9,1322.4,1302.7,1421.4,699.5,802.0,320.0,2.18,4.6,225.0,690.0,517.6
SV020,R,91,3,2,1,1,2,Response,2893.433333333333,2986.4,1619.5333333333335,2007.0,696.0,755.0,288.0,4.575,6.7,365.75,792.0,443.0
SV020,R,92,3,3,1,0,3,Response,1181.8500000000001,1341.2,1687.1000000000001,2068.7,676.5,812.0,260.6666666666667,3.3000000000000003,11.5,465.14285714285717,1259.0,424.57142857142856
SV020,R,93,3,0,1,0,3,Response,1089.1599999999999,1175.3,1677.08,2040.7,677.6,816.0,392.0,3.9333333333333336,11.4,437.8333333333333,1237.0,522.0
SV020,R,94,2,0,0,0,2,Response,1235.02,1447.3,1321.04,1477.8,646.0,737.0,190.4,2.783333333333333,4.0,311.8333333333333,1188.0,368.6666666666667
SV020,R,95,3,2,1,1,2,Response,2803.6,2813.2,1406.9499999999998,1483.8,607.5,624.0,438.0,1.2333333333333334,1.7,399.6666666666667,973.0,580.0
SV020,R,96,2,3,0,1,2,Response,2916.32,2961.0,1343.1,1495.6,610.6,745.0,421.6,2.65,7.9,304.6666666666667,1076.0,266.6666666666667
SV020,R,97,3,0,0,0,3,Response,1229.4,1355.5,1259.225,1344.1,664.5,712.0,410.0,4.04,6.6,493.8,1109.0,516.0
SV020,R,98,3,3,0,0,3,Response,1086.95,1589.2,1392.0,1463.4,726.0,780.0,249.0,5.075,7.9,391.0,899.0,488.0
SV020,R,99,3,2,0,0,2,Response,1098.7181818181818,1948.0,1317.8181818181818,1605.1,684.0,751.0,280.3636363636364,3.6999999999999997,7.7,351.0833333333333,1547.0,201.0
SV020,R,100,3,2,0,0,2,Response,1184.3,1239.9,1293.1799999999998,1556.7,705.2,793.0,382.4,3.04,6.9,530.4,1412.0,432.0
SV020,R,101,3,3,1,0,2,Response,1059.5333333333335,1140.0,1441.9666666666665,1446.7,640.3333333333334,656.0,321.3333333333333,2.85,8.3,456.25,958.0,539.0
SV020,R,102,2,3,0,0,1,Response,1095.2333333333333,1154.4,1178.6000000000001,1235.0,683.0,707.0,425.3333333333333,2.575,7.3,302.5,837.0,491.0
SV020,R,103,3,2,1,1,2,Response,2913.3599999999997,3032.5,1549.1,2057.7,613.4,738.0,295.2,5.619999999999999,8.6,350.4,738.0,192.0
SV020,R,104,2,3,1,0,3,Response,1170.5,1273.4,1490.3999999999999,1527.0,753.3333333333334,789.0,362.6666666666667,2.7,5.2,1222.25,2874.0,549.0
SV020,R,105,3,0,0,1,3,Response,3010.875,3119.1,1267.475,1312.9,644.25,746.0,298.0,1.1,2.0,302.0,949.0,382.4
SV020,R,106,2,3,1,0,3,Response,1049.4,1089.3,1718.5500000000002,2007.7,823.0,837.0,288.0,4.6000000000000005,6.7,406.3333333333333,653.0,621.3333333333334
SV020,R,107,2,2,0,0,2,Response,1415.1666666666667,1832.9,1291.8666666666666,1535.1,692.0,780.0,137.33333333333334,4.125,6.2,355.25,901.0,421.0
SV020,R,108,3,0,0,1,3,Response,3096.65,3270.0,1155.0,1273.0,687.5,712.0,275.0,2.8600000000000003,4.1,433.8,681.0,508.0
SV020,R,109,3,3,1,1,3,Response,2905.2400000000002,2965.3,1522.28,1815.1,692.8,759.0,197.6,1.8333333333333333,2.6,376.8333333333333,963.0,414.0
SV020,R,110,2,0,0,0,2,Response,1273.4333333333334,1488.6,1291.8666666666666,1444.8,723.3333333333334,769.0,221.33333333333334,2.7,3.6,313.75,748.0,472.0
SV020,R,111,3,0,1,1,2,Response,2811.5,2811.5,1346.4,1346.4,769.0,769.0,580.0,2.15,2.3,965.0,1790.0,674.0
SV020,R,112,2,2,1,1,2,Response,2979.7000000000003,3030.3,1579.7,1971.3,775.3333333333334,863.0,269.3333333333333,6.0,12.7,403.75,832.0,425.0
SV020,R,113,2,2,0,1,2,Response,3084.475,3244.6,1260.225,1341.0,610.75,717.0,267.0,1.8399999999999999,2.7,238.0,601.0,297.6
SV020,R,114,3,3,1,0,3,Response,1151.6200000000001,1288.8,1431.08,1507.7,618.6,755.0,181.6,2.68,6.3,297.4,919.0,303.2
SV020,R,115,2,2,0,1,2,Response,2960.0,3015.7,1261.9666666666665,1322.0,609.0,693.0,272.0,2.05,3.0,311.5,720.0,376.0
SV020,R,116,2,2,1,0,2,Response,1090.575,1237.2,1577.8,2020.3,710.25,770.0,246.0,4.15,7.1,450.5,970.0,318.0
SV020,R,117,2,0,1,1,2,Response,2886.6,2936.5,1820.3333333333333,2042.7,687.0,744.0,353.3333333333333,2.6999999999999997,6.9,419.0,907.0,438.6666666666667
SV020,R,118,2,2,1,1,2,Response,2956.975,3028.8,1777.175,2136.4,671.5,710.0,230.0,2.3,6.4,300.75,738.0,384.0
SV020,R,119,2,2,1,1,2,Response,2913.866666666667,3011.8,1600.5333333333335,2028.3,633.0,673.0,369.3333333333333,3.1750000000000003,6.5,365.0,889.0,382.0
SV020,R,120,2,0,1,0,3,Response,1097.9333333333334,1306.9,1429.8333333333333,1449.5,694.0,786.0,265.3333333333333,1.6666666666666667,3.0,340.6666666666667,742.0,810.6666666666666
SV020,R,121,3,3,0,1,2,Response,2968.9,3008.5,1342.525,1502.0,586.5,625.0,273.0,0.8500000000000001,1.1,229.5,680.0,413.0
SV020,R,122,2,0,0,0,3,Response,1265.8600000000001,1482.5,1297.4,1459.0,673.6,728.0,264.0,2.65,4.6,300.0,1058.0,334.0
SV020,R,123,3,0,1,1,2,Response,2927.933333333333,3017.7,1632.3999999999999,2095.9,711.0,750.0,349.3333333333333,3.766666666666667,7.3,422.6666666666667,814.0,576.0
SV020,R,124,3,2,1,0,3,Response,1004.2,1004.2,1477.5,1477.5,842.0,842.0,628.0,1.6,1.8,417.5,711.0,894.0
SV020,R,125,2,0,1,1,2,Response,2927.15,2977.8,1410.9833333333333,1547.6,589.6666666666666,711.0,431.3333333333333,1.9857142857142858,5.3,465.2857142857143,983.0,503.42857142857144
SV020,R,126,3,0,0,1,2,Response,3082.575,3270.0,1355.075,1439.2,682.75,745.0,319.0,1.6400000000000001,2.6,437.2,917.0,491.2
SV020,R,127,2,3,1,1,2,Response,2884.133333333333,2944.0,1579.2,2000.2,741.6666666666666,779.0,468.0,4.033333333333333,6.6,612.3333333333334,822.0,636.0
SV020,R,128,2,2,1,0,2,Response,1058.525,1094.5,1579.5,2101.7,676.75,828.0,427.0,2.52,7.8,802.4,2851.0,373.6
SV020,R,129,2,2,1,0,2,Response,1029.7666666666667,1234.1,1595.1333333333332,2125.3,714.0,812.0,289.3333333333333,2.2833333333333337,4.9,310.8333333333333,802.0,304.0
SV020,R,130,3,0,1,1,2,Response,2849.3,2922.5,1576.925,2063.6,616.0,644.0,254.0,2.06,6.2,265.8,808.0,329.6
SV020,R,131,3,2,1,0,2,Response,1139.4,1381.7,1684.2,2091.9,630.0,737.0,265.6,4.483333333333333,11.5,399.0,765.0,299.3333333333333
SV020,R,132,3,3,0,0,3,Response,1007.0200000000001,1416.3,1176.84,1400.9,566.0,677.0,359.2,3.8333333333333335,8.3,392.1666666666667,904.0,406.0
SV020,R,133,2,2,0,1,2,Response,2967.057142857143,3270.0,1154.0571428571427,1315.3,567.7142857142857,651.0,349.7142857142857,4.0375,11.3,342.375,902.0,318.0
SV020,R,134,3,2,1,0,2,Response,1096.5666666666668,1333.7,1548.1666666666667,1986.2,610.0,717.0,380.6666666666667,4.171428571428572,11.7,343.57142857142856,723.0,470.2857142857143
SV020,R,135,2,2,0,0,2,Response,895.4499999999999,1533.4,1300.7666666666667,1619.1,658.0,759.0,207.33333333333334,4.442857142857143,7.4,328.2857142857143,881.0,264.0
SV020,R,136,2,2,1,1,2,Response,2985.85,3126.6,1401.0,1406.1,643.5,691.0,390.0,4.033333333333333,8.4,437.6666666666667,886.0,476.0
SV020,R,137,3,3,1,1,2,Response,2930.35,3046.2,1421.55,1435.8,631.5,675.0,312.0,2.4,3.1,608.0,1054.0,602.6666666666666
SV020,R,138,2,0,1,0,2,Response,1111.7666666666667,1197.8,1627.1333333333332,2092.3,736.6666666666666,791.0,440.0,2.925,6.4,350.75,555.0,456.0
SV020,R,139,2,2,1,0,2,Response,1262.825,1361.9,1665.25,2022.2,725.75,754.0,258.0,2.2800000000000002,3.2,293.0,902.0,354.4
SV020,R,140,2,0,0,1,1,Response,3123.675,3270.0,1491.25,1767.2,571.5,677.0,294.0,1.925,2.6,281.5,558.0,302.0
SV020,R,141,2,0,0,1,1,Response,3047.7000000000003,3270.0,1415.6333333333332,1507.4,602.0,665.0,292.0,2.1333333333333333,3.5,387.0,715.0,432.0
SV020,R,142,2,2,0,1,2,Response,3147.575,3270.0,1248.725,1594.3,639.0,684.0,255.0,2.775,4.7,320.0,708.0,362.0
SV020,R,143,2,2,1,1,2,Response,2877.4666666666667,2927.1,1591.2,1986.9,561.6666666666666,639.0,441.3333333333333,4.475,8.1,377.75,739.0,410.0
SV020,R,144,3,3,0,0,3,Response,1142.06,1794.7,1202.08,1393.5,648.6,712.0,223.2,4.6000000000000005,9.9,328.6666666666667,890.0,263.3333333333333
SV020,R,145,2,0,0,1,3,Response,3057.6666666666665,3270.0,1180.2333333333333,1211.7,522.6666666666666,603.0,393.3333333333333,1.3333333333333333,2.0,300.3333333333333,598.0,520.0
SV020,R,146,3,2,1,1,2,Response,2926.825,3035.1,1324.2,1409.5,599.5,633.0,447.0,2.02,4.0,273.4,923.0,300.8
SV020,R,147,3,0,0,0,3,Response,1265.2428571428572,1475.4,1232.0571428571427,1366.3,696.0,752.0,298.2857142857143,1.9857142857142858,2.4,199.85714285714286,589.0,266.85714285714283
SV020,R,148,3,0,1,0,3,Response,1134.95,1247.3,1298.75,1375.3,742.5,787.0,308.0,1.7,2.4,235.33333333333334,468.0,570.6666666666666
SV020,R,149,3,0,1,0,3,Response,1053.6,1121.5,1311.4,1406.1,659.0,741.0,586.0,1.45,1.9,113.0,143.0,18.0
SV020,R,150,2,2,1,1,2,Response,2831.95,3091.4,1548.375,2021.6,555.25,638.0,221.0,5.2,8.3,234.25,362.0,33.0
SV020,R,151,2,2,0,1,2,Response,3031.1666666666665,3084.9,1202.1333333333334,1308.9,560.0,673.0,392.0,1.975,2.4,292.5,703.0,390.0
SV020,R,152,2,0,1,0,2,Response,1108.0666666666666,1161.3,1635.3333333333333,2081.4,700.0,709.0,250.66666666666666,4.675,9.6,328.75,607.0,449.0
SV020,R,153,2,2,0,1,2,Response,2817.95,3027.4,1146.75,1165.5,680.5,697.0,368.0,2.433333333333333,3.5,339.3333333333333,667.0,481.3333333333333
SV020,R,154,2,3,0,1,3,Response,3119.8,3133.0,1196.35,1238.4,643.0,669.0,314.0,1.1666666666666667,1.9,233.33333333333334,551.0,550.6666666666666
SV020,R,155,3,2,0,1,2,Response,2973.1000000000004,3028.8,1331.75,1339.1,657.0,661.0,280.0,1.2333333333333334,2.5,302.0,682.0,538.6666666666666
SV020,R,156,2,3,1,0,3,Response,1081.25,1144.3,1361.55,1453.5,702.0,708.0,346.0,1.8666666666666665,2.3,317.0,655.0,568.0
SV020,R,157,2,2,1,0,2,Response,1146.1666666666667,1253.1,1367.2,1478.5,671.3333333333334,720.0,278.6666666666667,1.4000000000000001,1.7,280.0,619.0,440.0
SV020,R,158,3,2,0,0,3,Response,1121.8,1232.3,1243.4,1300.2,622.5,688.0,348.0,2.4,3.4,341.0,750.0,638.6666666666666
SV020,R,159,2,2,0,0,2,Response,1201.54,1270.7,1202.3600000000001,1340.2,617.4,671.0,196.0,2.2333333333333334,4.7,374.5,1493.0,254.66666666666666
SV020,R,160,3,0,0,0,3,Response,1039.1333333333334,1478.8,1131.7333333333333,1281.4,543.3333333333334,638.0,266.6666666666667,3.0714285714285716,5.6,305.85714285714283,643.0,327.42857142857144
SV020,R,161,2,3,0,1,2,Response,3031.881818181818,3270.0,1500.0818181818183,1980.8,436.6363636363636,545.0,260.72727272727275,3.0250000000000004,8.3,264.5,684.0,275.6666666666667
SV020,R,162,2,2,0,0,2,Response,1094.94,1592.9,1326.06,1628.1,569.8,680.0,265.6,4.716666666666667,11.0,277.0,646.0,279.3333333333333
SV020,R,163,2,3,0,1,3,Response,3089.8444444444444,3270.0,989.4111111111112,1710.0,526.1111111111111,601.0,325.3333333333333,4.199999999999999,9.2,360.8888888888889,602.0,261.77777777777777
SV020,R,164,3,3,1,0,2,Response,1280.4,2184.4,1439.58,1939.0,530.2,626.0,352.0,5.416666666666667,12.9,424.1666666666667,940.0,443.3333333333333
SV020,R,165,3,3,1,1,3,Response,3069.975,3246.0,1545.2,2076.8,515.75,563.0,351.0,4.12,8.2,371.4,604.0,532.0
SV020,R,166,2,0,1,1,3,Response,2830.1,2848.6,1660.8,2033.1,562.0,572.0,418.0,3.866666666666667,8.0,282.3333333333333,435.0,765.3333333333334
SV020,R,167,3,3,0,0,3,Response,1245.775,1618.9,1242.45,1450.4,688.5,776.0,256.0,3.8,6.8,370.8,1046.0,327.2
SV020,R,168,3,3,0,0,3,Response,1255.74,1524.3,1351.1399999999999,1515.1,627.0,753.0,448.8,2.5833333333333335,3.7,370.1666666666667,812.0,350.0
SV020,R,169,3,0,1,0,3,Response,1003.525,1129.4,1696.85,2137.2,639.25,693.0,227.0,1.8800000000000001,4.2,268.2,844.0,355.2
SV020,R,170,2,3,1,0,3,Response,1120.15,1232.6,1507.3,1522.5,676.5,677.0,344.0,3.033333333333333,5.3,306.0,580.0,577.3333333333334
SV020,R,171,2,0,1,1,3,Response,2863.175,2939.0,1339.575,1408.0,455.25,500.0,287.0,1.44,2.3,280.8,555.0,432.8
SV020,R,172,3,2,1,1,2,Response,2783.0,2783.0,1318.9,1318.9,522.0,522.0,496.0,1.0,1.4,345.5,611.0,822.0
SV020,R,173,3,0,1,0,3,Response,1053.0666666666666,1121.9,1523.0666666666666,1629.5,634.6666666666666,706.0,402.6666666666667,1.8750000000000002,4.4,399.75,769.0,531.0
SV020,R,174,3,2,0,0,2,Response,966.9166666666666,1194.5,1298.8166666666666,1734.8,574.6666666666666,630.0,269.3333333333333,3.72,6.7,324.0,766.0,256.8
SV020,R,175,2,2,0,0,2,Response,1210.65,1273.8,1165.7,1210.0,654.0,722.0,572.0,3.25,4.7,539.0,797.0,508.0
SV020,R,176,3,3,1,0,2,Response,1028.05,1118.6,1611.025,2127.3,669.0,713.0,343.0,2.46,6.7,267.6,736.0,195.2
SV020,R,177,2,0,0,1,2,Response,3094.2714285714287,3270.0,1389.2714285714285,1570.8,560.1428571428571,672.0,320.57142857142856,2.85,5.7,365.125,793.0,467.5
SV020,R,178,3,3,1,0,3,Response,1185.2666666666667,1223.3,1395.8,1479.6,665.3333333333334,724.0,410.6666666666667,1.875,2.2,404.0,675.0,603.0
SV020,R,179,3,3,0,0,3,Response,1196.1499999999999,1237.8,1254.0166666666667,1559.0,620.6666666666666,666.0,212.0,2.1166666666666667,4.0,257.0,819.0,248.0
SV020,R,180,3,2,1,1,2,Response,2953.225,3065.3,1466.75,2015.8,474.5,513.0,247.0,5.28,13.9,332.6,613.0,387.2
SV020,R,181,2,3,0,0,3,Response,1172.7333333333333,1208.5,1213.5333333333335,1440.0,565.3333333333334,624.0,309.3333333333333,2.05,3.6,431.0,716.0,524.0
SV020,R,182,2,3,0,1,2,Response,3013.366666666667,3022.8,1485.8333333333333,1757.6,448.3333333333333,471.0,276.0,2.625,5.3,345.25,544.0,616.0
SV020,R,183,3,0,0,0,2,Response,1155.2333333333333,1222.4,1240.2,1312.2,681.3333333333334,729.0,462.6666666666667,2.6999999999999997,4.8,376.0,745.0,366.6666666666667
SV020,R,184,3,2,1,0,2,Response,1141.52,1298.3,1610.64,2073.8,671.2,721.0,254.4,4.279999999999999,8.4,443.2,1032.0,587.2
SV020,R,185,3,0,1,1,2,Response,3058.1499999999996,3099.1,1337.75,1370.8,568.5,598.0,332.0,1.0333333333333334,1.8,227.33333333333334,487.0,584.0
SV020,R,186,3,3,1,0,3,Response,1052.6666666666667,1152.2,1671.1333333333332,2143.5,705.6666666666666,730.0,301.3333333333333,3.075,8.3,298.5,679.0,406.0
SV020,R,187,3,2,0,0,2,Response,1176.7,1210.7,1232.15,1299.7,685.5,714.0,312.0,1.633333333333333,2.8,377.6666666666667,855.0,493.3333333333333
SV020,R,188,3,0,0,1,2,Response,2948.3333333333335,3051.1,1303.3333333333333,1385.7,596.6666666666666,683.0,208.0,1.625,2.3,220.75,466.0,545.0
SV020,R,189,3,0,1,1,2,Response,2857.0,2857.0,1396.8,1396.8,659.0,659.0,604.0,4.75,8.5,465.0,670.0,670.0
SV020,R,190,2,0,0,1,3,Response,2933.2,2983.6,1255.05,1265.5,688.0,697.0,326.0,1.4666666666666668,3.0,374.6666666666667,810.0,702.6666666666666
SV020,R,191,3,3,0,0,3,Response,1046.02,1429.6,1336.96,1473.7,676.0,761.0,228.0,2.85,6.2,282.6666666666667,844.0,315.3333333333333
SV020,R,192,3,2,0,1,2,Response,3045.95,3242.8,1351.2,1413.0,609.5,694.0,331.0,1.2799999999999998,2.3,220.0,691.0,343.2
SV020,R,193,3,2,1,0,2,Response,1092.6,1203.1,1546.55,2105.1,609.25,706.0,308.0,7.219999999999999,23.2,344.0,772.0,471.2
SV020,R,194,3,2,1,0,2,Response,1044.4,1082.9,1630.8333333333333,2044.0,648.0,708.0,317.3333333333333,6.975,12.3,333.75,447.0,363.0
SV020,R,195,2,3,0,0,3,Response,1223.7,1967.9,1176.5,1360.4,561.8571428571429,628.0,244.57142857142858,4.0,7.0,308.75,1169.0,410.0
SV020,R,196,3,2,0,0,2,Response,844.4000000000001,1168.3,1362.75,1416.3,613.75,669.0,390.0,5.4,9.6,325.4,680.0,298.4
SV020,R,197,2,0,1,1,3,Response,2834.525,3029.5,1293.125,1362.1,577.5,651.0,295.0,2.35,4.9,246.25,570.0,302.0
SV020,R,198,3,0,0,0,3,Response,1233.5,1411.3,1106.7666666666667,1140.1,605.0,658.0,234.66666666666666,2.55,5.4,382.75,1020.0,379.0
SV020,R,199,3,2,1,0,2,Response,1136.5666666666666,1232.4,1603.5,2084.7,635.6666666666666,652.0,257.3333333333333,6.075,9.5,435.75,950.0,380.0
SV020,R,200,2,3,1,1,3,Response,2982.1,3068.5,1331.65,1359.7,396.0,419.0,318.0,1.0999999999999999,1.2,423.3333333333333,674.0,1025.3333333333333
SV020,R,201,2,3,1,1,3,Response,2963.2666666666664,3059.4,1370.8666666666668,1402.6,537.0,576.0,245.33333333333334,2.725,7.1,218.25,409.0,468.0
SV020,R,202,3,2,1,1,2,Response,2921.3875,3103.6,1401.0625,1577.6,453.75,538.0,274.0,2.3875,7.7,239.0,654.0,293.0
SV020,R,203,3,3,0,1,3,Response,3098.7285714285713,3270.0,1306.4285714285713,1524.8,497.85714285714283,614.0,240.0,1.5285714285714285,2.6,179.0,484.0,155.42857142857142
SV020,R,204,2,0,0,0,2,Response,1337.6333333333334,1775.4,1191.3166666666666,1588.1,470.6666666666667,564.0,440.0,3.1,6.1,253.0,671.0,155.33333333333334
SV020,R,205,2,3,0,1,3,Response,3070.6,3270.0,1368.4750000000001,1532.4,496.0,585.0,224.0,4.32,11.8,233.2,445.0,719.2
SV020,R,206,2,2,0,1,2,Response,3009.488888888889,3156.7,1484.7666666666667,2031.2,495.0,620.0,310.6666666666667,2.58,5.3,200.4,489.0,192.4
SV020,R,207,2,0,1,1,2,Response,2932.8000000000006,3102.8,1383.1666666666667,1387.2,563.6666666666666,621.0,218.66666666666666,2.85,6.9,249.75,555.0,399.0
SV020,R,208,2,3,1,0,3,Response,1037.7666666666667,1169.4,1621.1666666666667,2054.8,616.6666666666666,671.0,364.0,6.15,8.0,392.25,594.0,531.0
SV020,R,209,2,3,0,0,2,Response,1191.8000000000002,1191.9,1283.4499999999998,1436.1,577.0,650.0,344.0,4.466666666666667,6.8,384.6666666666667,694.0,509.3333333333333
SV020,R,210,2,2,0,0,2,Response,1180.75,1207.9,1282.25,1503.4,639.5,664.0,402.0,4.633333333333334,7.3,369.3333333333333,506.0,694.6666666666666
SV020,R,211,2,2,0,0,2,Response,833.4,1179.0,1228.2666666666667,1483.5,515.3333333333334,573.0,381.3333333333333,4.15,6.8,374.0,795.0,369.0
SV020,R,212,2,0,0,1,1,Response,3145.95,3270.0,1503.175,1593.7,475.75,523.0,242.0,1.375,1.9,236.25,418.0,333.0
SV020,R,213,2,0,1,1,1,Response,2943.65,3074.7,1460.15,1717.7,412.75,499.0,232.0,2.7750000000000004,5.4,254.75,480.0,454.0
SV020,R,214,3,2,0,0,1,Response,1242.5666666666666,1387.7,1269.6333333333332,1407.1,500.3333333333333,570.0,130.66666666666666,3.3000000000000003,5.0,356.0,877.0,476.0
SV020,R,215,2,0,1,0,2,Response,1157.24,1206.2,1654.14,2062.5,536.2,662.0,309.6,3.8000000000000003,8.5,365.5,751.0,300.0
SV020,R,216,2,0,1,1,2,Response,2961.866666666667,3018.6,1524.7666666666667,2042.9,484.0,536.0,401.3333333333333,4.8,8.6,379.5,430.0,530.0
SV020,R,217,3,0,1,0,2,Response,981.4,1042.6,1565.3333333333333,1830.9,577.0,659.0,224.0,1.2,1.6,292.75,834.0,369.0
SV020,R,218,2,2,0,1,2,Response,3053.0,3270.0,1251.8999999999999,1363.8,592.0,708.0,307.42857142857144,1.7125,3.1,309.125,1031.0,348.5
SV020,R,219,3,3,0,1,3,Response,3109.32,3270.0,1142.6599999999999,1169.1,646.6,734.0,216.8,1.8500000000000003,3.7,240.0,490.0,402.6666666666667
SV020,R,220,3,3,0,1,3,Response,3059.9,3211.2,1195.1000000000001,1294.9,521.0,561.0,314.6666666666667,1.5,2.2,225.0,390.0,494.6666666666667
SV020,R,221,3,0,1,1,2,Response,2969.96,3059.3,1476.6399999999999,2033.6,489.0,547.0,514.4,4.866666666666667,11.2,358.0,769.0,381.3333333333333
SV020,R,222,2,3,1,1,3,Response,3024.025,3050.7,1722.3500000000001,2185.5,514.25,558.0,296.0,4.625,8.8,346.25,509.0,351.0
SV020,R,223,3,3,0,1,3,Response,2991.825,3046.8,1295.35,1498.5,483.25,591.0,206.0,2.45,4.6,267.75,451.0,298.0
SV020,R,224,3,2,1,1,2,Response,2591.775,2977.8,1276.425,1386.4,453.0,558.0,327.0,5.55,7.3,327.5,486.0,238.0
SV020,R,225,3,2,1,1,2,Response,2692.95,3038.4,1266.1,1319.1,481.0,548.0,386.0,5.533333333333334,8.2,360.6666666666667,674.0,497.3333333333333
SV020,R,226,2,3,0,1,3,Response,3106.18,3270.0,1098.26,1292.3,453.4,524.0,363.2,2.0,2.6,280.0,604.0,210.0
SV020,R,227,2,3,1,1,3,Response,2889.6,3003.3,1604.8,2053.3,440.2,487.0,228.8,5.483333333333333,13.4,225.0,391.0,306.6666666666667
SV020,R,228,2,0,0,0,2,Response,849.25,1165.0,1158.475,1213.1,604.5,685.0,365.0,5.0,7.0,543.6,1238.0,303.2
SV020,R,229,2,3,0,0,2,Response,1331.02,2051.9,1221.24,1351.0,644.2,762.0,260.8,4.659999999999999,7.5,304.6,744.0,328.8
SV020,R,230,2,3,0,0,3,Response,1301.9,1409.7,1283.85,1305.3,648.0,761.0,134.0,1.8,2.4,325.6666666666667,738.0,580.0
SV020,R,231,3,2,0,0,2,Response,1125.65,1204.0,1287.55,1321.3,710.0,717.0,270.0,2.6666666666666665,6.2,349.0,628.0,557.3333333333334
SV020,R,232,2,2,1,0,2,Response,1065.4666666666665,1130.5,1409.1000000000001,1488.0,637.6666666666666,670.0,293.3333333333333,1.35,2.6,214.0,631.0,417.0
SV020,R,233,3,0,0,0,2,Response,1123.1,1284.3,1306.8666666666666,1483.1,593.6666666666666,698.0,266.0,2.6,6.5,373.42857142857144,959.0,229.71428571428572
SV020,R,234,2,3,0,1,3,Response,3145.433333333333,3270.0,1149.2666666666667,1185.0,569.3333333333334,655.0,362.6666666666667,1.5333333333333332,2.0,317.0,595.0,488.0
SV020,R,235,2,0,0,0,3,Response,1188.2,1188.2,1009.7,1009.7,476.0,476.0,252.0,1.65,1.7,379.0,642.0,486.0
SV020,R,236,3,3,1,1,2,Response,2920.45,2928.6,1709.15,2034.4,562.5,566.0,394.0,4.15,7.5,394.5,541.0,622.0
SV020,R,237,2,2,1,1,2,Response,3024.8,3024.8,1321.8,1321.8,671.0,671.0,252.0,0.65,0.8,288.5,508.0,896.0
SV020,R,238,2,3,1,1,3,Response,2983.075,3138.1,1494.775,1934.7,427.25,502.0,369.0,3.14,6.7,192.8,396.0,348.0
SV020,R,239,3,3,0,1,3,Response,3043.55,3088.4,1218.275,1367.4,475.25,505.0,340.0,3.46,7.3,324.0,585.0,307.2
SV020,R,240,3,3,1,1,3,Response,2845.214285714286,2990.8,1526.9428571428573,2085.7,500.14285714285717,643.0,302.2857142857143,1.6285714285714286,5.2,187.85714285714286,637.0,207.42857142857142
SV020,R,241,2,2,0,1,2,Response,2062.96,2172.5,522.22,795.0,545.2,577.0,310.4,3.783333333333333,6.7,202.16666666666666,690.0,415.3333333333333
SV020,R,242,3,0,0,0,0,Response,1991.2,1991.2,536.0,536.0,515.0,515.0,272.0,4.9,5.5,314.0,388.0,810.0
SV020,R,243,3,2,1,1,2,Response,2001.9,2031.3,825.7,1141.9,546.5,598.0,214.0,4.566666666666666,6.7,436.6666666666667,788.0,369.3333333333333
SV020,R,244,3,3,1,0,3,Response,2000.9,2000.9,543.8,543.8,609.0,609.0,200.0,5.5,6.6,667.5,1086.0,618.0
SV020,R,245,2,2,0,0,2,Response,1999.0,1999.0,536.6,536.6,512.0,512.0,172.0,5.3,5.8,450.0,665.0,544.0
SV020,R,246,3,0,1,0,0,Response,,,,,,,,3.3,3.3,1223.0,1223.0,856.0
SV020,R,247,3,3,0,0,3,Response,,,,,,,,,,,,
SV020,R,248,3,3,1,1,3,Response,2063.75,2091.3,768.3000000000001,1027.9,582.5,644.0,118.0,3.466666666666667,5.5,1224.0,3270.0,362.6666666666667
SV020,R,249,2,2,0,1,2,Response,2355.8,2355.8,1126.9,1126.9,656.0,656.0,116.0,1.9,1.9,114.0,114.0,24.0
SV020,R,250,3,2,0,0,2,Response,2026.966666666667,2068.8,644.8666666666667,997.8,518.6666666666666,545.0,313.3333333333333,3.625,5.5,169.25,220.0,28.0
SV020,R,251,3,3,1,0,3,Response,2107.9,2107.9,1041.4,1041.4,544.0,544.0,408.0,2.7,4.9,143.5,226.0,22.0
SV020,R,252,2,0,0,1,0,Response,,,,,,,,2.7,2.7,198.0,198.0,20.0
SV020,R,253,3,3,0,1,3,Response,,,,,,,,1.6,1.6,1206.0,1206.0,1748.0
SV020,R,254,3,2,0,1,2,Response,,,,,,,,,,,,
SV020,R,255,3,2,0,0,2,Response,,,,,,,,,,,,
SV020,R,256,2,2,1,0,2,Response,,,,,,,,,,,,
SV020,R,257,2,3,1,0,3,Response,,,,,,,,,,,,
SV020,R,258,3,2,0,0,2,Response,,,,,,,,,,,,
SV020,R,259,3,3,1,0,3,Response,,,,,,,,,,,,
SV020,R,260,2,0,1,1,0,Response,,,,,,,,,,,,
SV020,R,261,2,0,0,1,0,Response,,,,,,,,,,,,
SV020,R,262,2,3,0,0,3,Response,,,,,,,,5.3,5.3,252.0,252.0,32.0
SV020,R,263,2,2,0,1,2,Response,,,,,,,,3.4,3.4,166.0,166.0,28.0
SV020,R,264,2,3,1,1,3,Response,,,,,,,,,,,,
SV020,R,265,2,3,1,1,3,Response,,,,,,,,,,,,
SV020,R,266,2,2,0,0,2,Response,,,,,,,,,,,,
SV020,R,267,3,3,0,0,3,Response,,,,,,,,,,,,
SV020,R,268,2,0,0,1,0,Response,,,,,,,,0.4,0.4,54.0,54.0,12.0
SV020,R,269,2,2,1,1,2,Response,1834.1499999999999,2210.2,1413.625,1872.2,385.0,580.0,505.0,4.5600000000000005,12.2,193.2,410.0,171.2
SV020,R,270,2,0,1,1,0,Response,,,,,,,,0.5,0.5,57.0,57.0,12.0
SV020,R,271,3,3,1,1,3,Response,,,,,,,,,,,,
SV020,R,272,2,0,0,0,0,Response,,,,,,,,,,,,
SV020,R,273,2,2,0,1,2,Response,,,,,,,,,,,,
SV020,R,274,2,3,0,1,3,Response,,,,,,,,,,,,
SV020,R,275,2,3,0,1,3,Response,,,,,,,,,,,,
SV020,R,276,2,0,0,1,0,Response,,,,,,,,,,,,
SV020,R,277,3,2,0,0,2,Response,,,,,,,,,,,,
SV020,R,278,2,3,0,1,3,Response,,,,,,,,,,,,
SV020,R,279,3,3,0,1,3,Response,,,,,,,,,,,,
SV020,R,280,2,0,1,1,0,Response,,,,,,,,5.2,5.2,137.0,137.0,52.0
SV020,R,281,3,2,1,1,2,Response,1960.6333333333332,1989.7,552.2333333333333,608.1,530.6666666666666,569.0,284.0,2.925,5.5,364.75,868.0,295.0
SV020,R,282,2,2,1,0,2,Response,1931.1,1931.1,933.6,933.6,660.0,660.0,348.0,1.95,2.4,771.0,1407.0,454.0
SV020,R,283,2,0,1,0,0,Response,,,,,,,,,,,,
SV020,R,284,3,3,1,1,3,Response,,,,,,,,,,,,
SV020,R,285,3,3,1,1,3,Response,,,,,,,,,,,,
SV020,R,286,2,2,1,0,2,Response,,,,,,,,,,,,
SV020,R,287,2,0,0,1,0,Response,,,,,,,,,,,,
SV020,R,288,2,2,1,0,2,Response,,,,,,,,,,,,
SV020,R,289,3,2,1,1,2,Response,,,,,,,,,,,,
SV020,R,290,3,3,1,0,3,Response,,,,,,,,0.6,0.6,68.0,68.0,12.0
SV020,R,291,3,2,1,0,2,Response,,,,,,,,,,,,
SV020,R,292,3,3,1,1,3,Response,,,,,,,,0.5,0.5,65.0,65.0,12.0
SV020,R,293,3,0,0,0,0,Response,,,,,,,,1.3,1.3,95.0,95.0,20.0
SV020,R,294,3,3,1,0,3,Response,,,,,,,,2.3,2.3,134.0,134.0,24.0
SV020,R,295,2,0,1,0,0,Response,,,,,,,,,,,,
SV020,R,296,2,0,1,1,0,Response,2057.8,2057.8,1091.0,1091.0,632.0,632.0,616.0,0.8999999999999999,1.2,91.0,104.0,14.0
SV020,R,297,2,2,0,1,0,Response,2156.9,2156.9,1055.0,1055.0,628.0,628.0,348.0,1.0,1.2,76.5,88.0,18.0
SV020,R,298,2,2,1,0,0,Response,2133.2,2133.2,1061.7,1061.7,595.0,595.0,352.0,0.7,0.8,73.5,79.0,14.0
SV020,R,299,2,2,0,0,0,Response,2137.4,2137.4,1057.4,1057.4,635.0,635.0,656.0,1.0,1.0,89.0,91.0,16.0
SV020,R,300,2,2,0,1,0,Response,,,,,,,,,,,,
SV020,R,301,3,3,0,0,3,Response,,,,,,,,1.7,1.7,119.0,119.0,20.0
SV020,R,302,3,0,1,0,0,Response,,,,,,,,,,,,
SV020,R,303,3,2,0,1,2,Response,,,,,,,,,,,,
SV020,R,304,3,3,0,0,3,Response,,,,,,,,0.8,0.8,54.0,54.0,20.0
SV020,R,305,3,0,0,1,0,Response,,,,,,,,,,,,
SV020,R,306,2,0,1,1,0,Response,,,,,,,,,,,,
SV020,R,307,2,2,1,1,2,Response,,,,,,,,,,,,
SV020,R,308,2,3,0,0,3,Response,,,,,,,,,,,,
SV020,R,309,3,0,0,0,0,Response,,,,,,,,,,,,
SV020,R,310,2,3,0,1,3,Response,,,,,,,,,,,,
SV020,R,311,3,0,1,1,0,Response,,,,,,,,,,,,
SV020,R,312,3,2,0,1,2,Response,,,,,,,,,,,,
SV020,R,313,2,3,1,0,3,Response,,,,,,,,,,,,
SV020,R,314,3,2,1,0,2,Response,,,,,,,,,,,,
SV020,R,315,2,2,1,1,2,Response,,,,,,,,,,,,
SV020,R,316,2,0,0,1,0,Response,,,,,,,,,,,,
SV020,R,317,3,3,0,0,3,Response,,,,,,,,1.2,1.2,86.0,86.0,20.0
SV020,R,318,2,3,0,0,3,Response,,,,,,,,,,,,
SV020,R,319,2,3,1,1,3,Response,,,,,,,,,,,,
SV020,R,320,2,0,1,1,0,Response,,,,,,,,,,,,
SV020,R,321,2,3,1,0,3,Response,,,,,,,,,,,,
SV020,R,322,2,2,0,0,2,Response,,,,,,,,,,,,
SV020,R,323,2,0,1,0,2,Response,,,,,,,,,,,,
SV020,R,324,2,2,0,1,2,Response,,,,,,,,,,,,
SV020,R,325,2,0,0,1,0,Response,,,,,,,,,,,,
SV020,R,326,3,0,0,1,0,Response,,,,,,,,,,,,
SV020,R,327,2,3,0,1,3,Response,,,,,,,,,,,,
SV020,R,328,2,0,0,0,0,Response,,,,,,,,,,,,
SV020,R,329,3,2,1,1,2,Response,,,,,,,,,,,,
SV020,R,330,2,0,0,0,0,Response,,,,,,,,,,,,
SV020,R,331,3,2,1,0,2,Response,,,,,,,,,,,,
SV020,R,332,2,0,1,0,0,Response,,,,,,,,,,,,
SV020,R,333,3,3,0,0,3,Response,,,,,,,,,,,,
SV020,R,334,3,3,0,1,3,Response,,,,,,,,,,,,
SV020,R,335,2,2,0,0,2,Response,,,,,,,,,,,,
SV020,R,336,3,2,1,0,2,Response,,,,,,,,,,,,
SV020,R,337,3,2,1,0,2,Response,,,,,,,,,,,,
SV020,R,338,2,3,1,0,3,Response,,,,,,,,,,,,
SV020,R,339,3,2,1,0,2,Response,,,,,,,,,,,,
SV020,R,340,3,0,1,0,0,Response,,,,,,,,1.0,1.0,86.0,86.0,16.0
SV020,R,341,3,2,0,1,2,Response,,,,,,,,0.5,0.5,66.0,66.0,12.0
SV020,R,342,3,2,0,1,2,Response,,,,,,,,,,,,
SV020,R,343,2,3,1,1,3,Response,,,,,,,,0.5,0.5,62.0,62.0,12.0
SV020,R,344,2,0,1,0,0,Response,,,,,,,,,,,,
SV020,R,345,3,0,1,1,0,Response,,,,,,,,,,,,
SV020,R,346,2,3,1,0,3,Response,,,,,,,,0.7,0.7,58.0,58.0,16.0
SV020,R,347,2,0,1,0,3,Response,,,,,,,,,,,,
SV020,R,348,2,2,1,1,2,Response,,,,,,,,,,,,
SV020,R,349,3,2,1,1,2,Response,,,,,,,,,,,,
SV020,R,350,3,0,0,1,0,Response,,,,,,,,,,,,
SV020,R,351,3,2,1,0,2,Response,,,,,,,,,,,,
SV020,R,352,2,0,0,0,0,Response,,,,,,,,,,,,
SV020,R,353,2,3,0,1,3,Response,,,,,,,,,,,,
SV020,R,354,2,2,0,0,2,Response,,,,,,,,,,,,
SV020,R,355,2,3,0,0,3,Response,,,,,,,,1.5,1.5,108.0,108.0,20.0
SV020,R,356,2,0,0,1,0,Response,,,,,,,,,,,,
SV020,R,357,2,3,1,1,3,Response,,,,,,,,,,,,
SV020,R,358,2,3,1,1,3,Response,,,,,,,,,,,,
SV020,R,359,3,0,0,1,0,Response,,,,,,,,,,,,
SV020,R,360,3,2,0,1,2,Response,2095.9,2095.9,1130.9,1130.9,625.0,625.0,264.0,1.85,2.6,132.0,168.0,20.0
SV020,R,361,3,2,0,0,2,Response,,,,,,,,2.9,2.9,172.0,172.0,24.0
SV020,R,362,2,2,0,1,2,Response,,,,,,,,,,,,
SV020,R,363,2,3,0,0,3,Response,,,,,,,,,,,,
SV020,R,364,2,2,0,0,2,Response,,,,,,,,0.8,0.8,66.0,66.0,16.0
SV020,R,365,2,0,0,0,2,Response,,,,,,,,,,,,
SV020,R,366,2,3,1,1,3,Response,,,,,,,,,,,,
SV020,R,367,2,0,1,1,0,Response,2080.4,2080.4,1115.9,1115.9,643.0,643.0,844.0,0.6000000000000001,0.8,62.5,74.0,14.0
SV020,R,368,3,2,0,1,2,Response,,,,,,,,0.8,0.8,71.0,71.0,16.0
SV020,R,369,3,3,1,1,3,Response,,,,,,,,0.5,0.5,56.0,56.0,12.0
SV020,R,370,3,0,1,1,0,Response,,,,,,,,,,,,
SV020,R,371,3,2,0,0,2,Response,,,,,,,,,,,,
SV020,R,372,2,0,0,0,0,Response,,,,,,,,,,,,
SV020,R,373,2,3,1,1,3,Response,,,,,,,,0.5,0.5,60.0,60.0,12.0
SV020,R,374,2,3,0,1,3,Response,,,,,,,,,,,,
SV020,R,375,3,0,0,0,0,Response,,,,,,,,,,,,
SV020,R,376,3,0,0,0,0,Response,,,,,,,,,,,,
SV020,R,377,3,0,1,1,0,Response,,,,,,,,,,,,
SV020,R,378,3,3,1,1,3,Response,,,,,,,,,,,,
SV020,R,379,2,3,1,0,3,Response,,,,,,,,,,,,
SV020,R,380,2,3,1,0,3,Response,,,,,,,,1.5,1.5,104.0,104.0,20.0
SV020,R,381,2,3,0,0,3,Response,,,,,,,,,,,,
SV020,R,382,3,2,1,0,2,Response,,,,,,,,,,,,
SV020,R,383,3,0,0,0,0,Response,,,,,,,,,,,,
SV020,R,384,3,3,1,1,3,Response,,,,,,,,0.5,0.5,66.0,66.0,12.0
SV020,R,385,2,3,0,0,3,Response,,,,,,,,2.1,2.1,126.0,126.0,24.0
SV020,R,386,2,0,1,1,3,Response,,,,,,,,,,,,
SV020,R,387,3,0,0,1,0,Response,,,,,,,,,,,,
SV020,R,388,2,3,0,1,3,Response,,,,,,,,,,,,
SV020,R,389,3,0,0,0,0,Response,,,,,,,,,,,,
SV020,R,390,3,3,1,0,3,Response,,,,,,,,,,,,
SV020,R,391,2,0,1,0,0,Response,,,,,,,,,,,,
SV020,R,392,2,3,1,0,3,Response,,,,,,,,,,,,
SV020,R,393,3,0,0,0,0,Response,,,,,,,,,,,,
SV020,R,394,3,2,1,0,2,Response,,,,,,,,,,,,
SV020,R,395,3,2,0,1,2,Response,,,,,,,,,,,,
SV020,R,396,2,2,0,1,2,Response,,,,,,,,,,,,
SV020,R,397,3,3,0,1,3,Response,,,,,,,,,,,,
SV020,R,398,3,0,1,0,0,Response,,,,,,,,,,,,
SV020,R,399,2,2,1,1,2,Response,,,,,,,,,,,,
SV020,R,400,3,3,0,1,3,Response,,,,,,,,,,,,
SV020,R,401,3,3,0,1,3,Response,,,,,,,,,,,,
SV020,R,402,2,2,0,0,2,Response,,,,,,,,,,,,
SV020,R,403,3,0,1,1,0,Response,,,,,,,,,,,,
SV020,R,404,2,0,1,1,0,Response,,,,,,,,,,,,
SV020,R,405,2,0,0,1,0,Response,,,,,,,,,,,,
SV020,R,406,3,3,1,0,3,Response,,,,,,,,,,,,
SV020,R,407,3,0,1,1,0,Response,,,,,,,,,,,,
SV020,R,408,3,0,0,1,0,Response,,,,,,,,,,,,
SV020,R,409,2,3,0,1,3,Response,,,,,,,,,,,,
SV020,R,410,3,2,1,1,2,Response,2030.7,2030.7,749.6,749.6,357.0,357.0,172.0,2.3,3.2,116.0,132.0,26.0
SV020,R,411,2,3,0,0,3,Response,,,,,,,,,,,,
SV020,R,412,3,2,0,0,2,Response,,,,,,,,,,,,
SV020,R,413,2,3,1,0,3,Response,,,,,,,,,,,,
SV020,R,414,2,2,1,0,2,Response,,,,,,,,,,,,
SV020,R,415,2,0,1,1,1,Response,1970.3,1970.3,570.7,570.7,464.0,464.0,204.0,4.15,5.0,146.5,184.0,44.0
SV020,R,416,2,0,0,1,0,Response,2178.2,2270.5,1160.55,1196.1,649.0,674.0,738.0,1.7333333333333334,2.5,107.66666666666667,134.0,22.666666666666668
SV020,R,417,3,0,1,1,0,Response,,,,,,,,,,,,
SV020,R,418,2,2,1,0,2,Response,,,,,,,,,,,,
SV020,R,419,2,2,1,0,2,Response,,,,,,,,,,,,
SV020,R,420,3,2,0,1,2,Response,,,,,,,,,,,,
SV020,R,421,2,2,0,1,2,Response,,,,,,,,,,,,
SV020,R,422,3,0,1,0,0,Response,,,,,,,,,,,,
SV020,R,423,3,0,1,0,0,Response,,,,,,,,,,,,
SV020,R,424,3,0,1,0,0,Response,,,,,,,,,,,,
SV020,R,425,2,3,0,0,3,Response,,,,,,,,,,,,
SV020,R,426,2,0,0,0,0,Response,,,,,,,,,,,,
SV020,R,427,2,0,0,0,0,Response,,,,,,,,0.8,0.8,71.0,71.0,16.0
SV020,R,428,3,3,1,0,3,Response,,,,,,,,,,,,
SV020,R,429,3,2,1,1,2,Response,,,,,,,,,,,,
SV020,R,430,3,3,0,1,3,Response,,,,,,,,,,,,
SV020,R,431,2,2,1,1,2,Response,,,,,,,,2.7,2.7,159.0,159.0,24.0
SV020,R,432,2,2,1,0,2,Response,,,,,,,,0.6,0.6,52.0,52.0,16.0
SV020,R,433,2,2,0,0,2,Response,,,,,,,,,,,,
SV020,R,434,2,0,0,0,0,Response,,,,,,,,,,,,
SV020,R,435,3,3,0,1,3,Response,,,,,,,,3.1,3.1,188.0,188.0,24.0
SV020,R,436,2,2,1,1,2,Response,,,,,,,,,,,,
SV020,R,437,2,3,0,1,3,Response,,,,,,,,,,,,
SV020,R,438,2,2,1,1,2,Response,,,,,,,,,,,,
SV020,R,439,3,3,0,0,3,Response,,,,,,,,,,,,
SV020,R,440,2,2,1,1,2,Response,,,,,,,,,,,,
SV020,R,441,3,3,0,1,3,Response,,,,,,,,,,,,
SV020,R,442,3,2,1,1,2,Response,,,,,,,,,,,,
SV020,R,443,2,3,1,1,3,Response,,,,,,,,,,,,
SV020,R,444,3,2,1,0,2,Response,,,,,,,,,,,,
SV020,R,445,3,3,0,0,3,Response,,,,,,,,,,,,
SV020,R,446,3,0,0,0,0,Response,,,,,,,,,,,,
SV020,R,447,3,0,1,1,0,Response,,,,,,,,,,,,
SV020,R,448,3,0,1,0,0,Response,,,,,,,,,,,,
SV020,R,449,3,2,0,1,2,Response,,,,,,,,,,,,
SV020,R,450,3,3,0,1,3,Response,,,,,,,,,,,,
SV020,R,451,3,0,1,1,0,Response,,,,,,,,,,,,
SV020,R,452,2,2,0,0,2,Response,,,,,,,,,,,,
SV020,R,453,3,3,1,0,3,Response,,,,,,,,,,,,
SV020,R,454,3,0,0,1,0,Response,,,,,,,,,,,,
SV020,R,455,3,0,0,1,0,Response,,,,,,,,,,,,
SV020,R,456,2,3,1,0,3,Response,,,,,,,,,,,,
SV020,R,457,3,2,0,0,2,Response,,,,,,,,,,,,
SV020,R,458,2,0,1,0,0,Response,,,,,,,,,,,,
SV020,R,459,3,2,1,1,2,Response,,,,,,,,,,,,
SV020,R,460,3,3,0,0,3,Response,,,,,,,,,,,,
SV020,R,461,3,0,1,0,0,Response,,,,,,,,,,,,
SV020,R,462,2,0,1,0,0,Response,,,,,,,,,,,,
SV020,R,463,3,0,1,1,0,Response,,,,,,,,,,,,
SV020,R,464,3,3,1,1,3,Response,1971.0,1971.0,800.9,800.9,446.0,446.0,476.0,1.0,1.1,88.5,97.0,16.0
SV020,R,465,3,3,1,0,3,Response,,,,,,,,2.3,2.3,140.0,140.0,24.0
SV020,R,466,3,2,1,1,2,Response,,,,,,,,1.5,1.5,80.0,80.0,24.0
SV020,R,467,2,3,1,1,3,Response,1978.2,1978.2,763.5,763.5,621.0,621.0,296.0,2.3,2.5,137.5,152.0,24.0
SV020,R,468,2,0,0,0,2,Response,,,,,,,,,,,,
SV020,R,469,3,3,0,0,3,Response,,,,,,,,,,,,
SV020,R,470,3,2,0,0,2,Response,,,,,,,,,,,,
SV020,R,471,3,0,0,1,0,Response,,,,,,,,,,,,
SV020,R,472,3,3,1,1,3,Response,,,,,,,,,,,,
SV020,R,473,2,3,0,0,3,Response,,,,,,,,,,,,
SV020,R,474,3,0,1,0,0,Response,,,,,,,,,,,,
SV020,R,475,2,2,1,1,2,Response,,,,,,,,,,,,
SV020,R,476,2,2,1,0,2,Response,,,,,,,,,,,,
SV020,R,477,3,2,0,0,2,Response,,,,,,,,,,,,
SV020,R,478,2,0,1,0,0,Response,,,,,,,,,,,,
SV020,R,479,3,0,0,0,0,Response,,,,,,,,,,,,
SV020,R,480,3,0,0,1,0,Response,,,,,,,,,,,,
SV020,L,1,2,2,0,0,2,Stimulus,,,,,,,,,,,,
SV020,L,2,2,2,1,0,2,Stimulus,,,,,,,,,,,,
SV020,L,3,3,2,0,1,2,Stimulus,,,,,,,,,,,,
SV020,L,4,3,3,0,0,3,Stimulus,,,,,,,,,,,,
SV020,L,5,2,0,1,1,2,Stimulus,,,,,,,,,,,,
SV020,L,6,2,3,1,1,3,Stimulus,,,,,,,,,,,,
SV020,L,7,2,3,1,1,3,Stimulus,,,,,,,,,,,,
SV020,L,8,3,3,0,1,3,Stimulus,,,,,,,,,,,,
SV020,L,9,2,3,1,1,3,Stimulus,,,,,,,,,,,,
SV020,L,10,3,0,1,1,2,Stimulus,,,,,,,,,,,,
SV020,L,11,2,0,1,0,1,Stimulus,,,,,,,,5.9,5.9,222.0,222.0,36.0
SV020,L,12,3,0,0,1,2,Stimulus,,,,,,,,,,,,
SV020,L,13,2,3,1,0,2,Stimulus,,,,,,,,,,,,
SV020,L,14,3,0,1,1,2,Stimulus,,,,,,,,,,,,
SV020,L,15,2,0,0,0,2,Stimulus,,,,,,,,,,,,
SV020,L,16,3,3,0,1,2,Stimulus,,,,,,,,,,,,
SV020,L,17,2,3,0,0,2,Stimulus,,,,,,,,0.5,0.5,66.0,66.0,12.0
SV020,L,18,2,3,0,0,3,Stimulus,,,,,,,,,,,,
SV020,L,19,3,3,0,0,3,Stimulus,,,,,,,,,,,,
SV020,L,20,3,2,1,1,2,Stimulus,,,,,,,,,,,,
SV020,L,21,2,0,1,1,2,Stimulus,,,,,,,,,,,,
SV020,L,22,2,3,0,0,3,Stimulus,,,,,,,,,,,,
SV020,L,23,3,2,0,0,2,Stimulus,,,,,,,,,,,,
SV020,L,24,3,3,1,1,2,Stimulus,,,,,,,,,,,,
SV020,L,25,3,0,0,0,3,Stimulus,,,,,,,,,,,,
SV020,L,26,2,3,0,1,3,Stimulus,,,,,,,,,,,,
SV020,L,27,3,3,1,1,3,Stimulus,,,,,,,,,,,,
SV020,L,28,2,2,1,0,2,Stimulus,,,,,,,,,,,,
SV020,L,29,3,3,1,1,3,Stimulus,,,,,,,,,,,,
SV020,L,30,2,3,0,0,3,Stimulus,,,,,,,,,,,,
SV020,L,31,2,0,0,1,2,Stimulus,,,,,,,,,,,,
SV020,L,32,3,0,1,1,2,Stimulus,,,,,,,,,,,,
SV020,L,33,2,2,0,0,2,Stimulus,,,,,,,,,,,,
SV020,L,34,2,2,0,1,2,Stimulus,,,,,,,,,,,,
SV020,L,35,2,3,0,0,3,Stimulus,,,,,,,,,,,,
SV020,L,36,2,0,1,0,3,Stimulus,,,,,,,,,,,,
SV020,L,37,2,2,0,1,2,Stimulus,,,,,,,,,,,,
SV020,L,38,2,2,1,0,2,Stimulus,,,,,,,,,,,,
SV020,L,39,3,0,0,1,3,Stimulus,,,,,,,,,,,,
SV020,L,40,3,0,1,0,3,Stimulus,,,,,,,,,,,,
SV020,L,41,2,2,1,1,2,Stimulus,,,,,,,,,,,,
SV020,L,42,2,3,0,0,3,Stimulus,,,,,,,,,,,,
SV020,L,43,3,2,0,1,3,Stimulus,,,,,,,,,,,,
SV020,L,44,3,0,1,1,1,Stimulus,,,,,,,,,,,,
SV020,L,45,3,0,1,0,2,Stimulus,,,,,,,,,,,,
SV020,L,46,2,2,1,1,2,Stimulus,,,,,,,,,,,,
SV020,L,47,3,3,0,1,3,Stimulus,,,,,,,,,,,,
SV020,L,48,3,2,1,0,2,Stimulus,,,,,,,,,,,,
SV020,L,49,2,0,1,0,2,Stimulus,,,,,,,,,,,,
SV020,L,50,3,3,1,0,3,Stimulus,,,,,,,,,,,,
SV020,L,51,3,3,0,0,3,Stimulus,,,,,,,,,,,,
SV020,L,52,2,2,0,1,2,Stimulus,,,,,,,,,,,,
SV020,L,53,3,3,1,0,3,Stimulus,,,,,,,,,,,,
SV020,L,54,3,2,1,0,2,Stimulus,,,,,,,,,,,,
SV020,L,55,2,0,0,0,2,Stimulus,,,,,,,,,,,,
SV020,L,56,3,3,1,0,3,Stimulus,,,,,,,,,,,,
SV020,L,57,3,0,0,0,3,Stimulus,,,,,,,,,,,,
SV020,L,58,3,2,0,1,2,Stimulus,,,,,,,,,,,,
SV020,L,59,3,2,0,0,1,Stimulus,,,,,,,,,,,,
SV020,L,60,3,2,1,1,2,Stimulus,,,,,,,,,,,,
SV020,L,61,3,2,1,1,2,Stimulus,,,,,,,,,,,,
SV020,L,62,3,3,1,1,3,Stimulus,,,,,,,,,,,,
SV020,L,63,2,0,0,1,2,Stimulus,,,,,,,,0.8,0.8,71.0,71.0,16.0
SV020,L,64,2,2,1,0,2,Stimulus,,,,,,,,,,,,
SV020,L,65,2,2,0,1,2,Stimulus,,,,,,,,,,,,
SV020,L,66,2,0,0,1,3,Stimulus,,,,,,,,,,,,
SV020,L,67,2,3,0,1,3,Stimulus,,,,,,,,,,,,
SV020,L,68,3,3,0,0,3,Stimulus,,,,,,,,,,,,
SV020,L,69,2,2,0,0,2,Stimulus,,,,,,,,,,,,
SV020,L,70,3,3,0,0,3,Stimulus,,,,,,,,,,,,
SV020,L,71,3,0,0,0,3,Stimulus,,,,,,,,,,,,
SV020,L,72,2,0,0,0,2,Stimulus,,,,,,,,,,,,
SV020,L,73,2,0,0,0,3,Stimulus,,,,,,,,,,,,
SV020,L,74,2,2,0,1,2,Stimulus,,,,,,,,,,,,
SV020,L,75,2,2,1,1,2,Stimulus,,,,,,,,,,,,
SV020,L,76,2,0,1,0,2,Stimulus,,,,,,,,,,,,
SV020,L,77,3,0,0,1,2,Stimulus,,,,,,,,,,,,
SV020,L,78,3,2,0,0,2,Stimulus,,,,,,,,,,,,
SV020,L,79,3,0,1,0,3,Stimulus,,,,,,,,,,,,
SV020,L,80,3,3,0,1,2,Stimulus,,,,,,,,,,,,
SV020,L,81,3,0,1,0,2,Stimulus,,,,,,,,,,,,
SV020,L,82,2,3,1,0,2,Stimulus,,,,,,,,,,,,
SV020,L,83,2,0,1,1,2,Stimulus,,,,,,,,5.8,5.8,151.0,151.0,48.0
SV020,L,84,3,3,0,0,3,Stimulus,,,,,,,,,,,,
SV020,L,85,2,3,1,0,3,Stimulus,,,,,,,,,,,,
SV020,L,86,3,3,1,1,2,Stimulus,,,,,,,,,,,,
SV020,L,87,2,3,0,1,3,Stimulus,,,,,,,,,,,,
SV020,L,88,2,3,0,1,2,Stimulus,,,,,,,,,,,,
SV020,L,89,3,3,1,0,3,Stimulus,,,,,,,,,,,,
SV020,L,90,3,0,1,1,1,Stimulus,,,,,,,,,,,,
SV020,L,91,2,2,1,0,2,Stimulus,,,,,,,,,,,,
SV020,L,92,3,3,0,1,2,Stimulus,,,,,,,,,,,,
SV020,L,93,3,3,0,1,2,Stimulus,,,,,,,,,,,,
SV020,L,94,3,2,1,1,2,Stimulus,,,,,,,,,,,,
SV020,L,95,3,3,1,0,2,Stimulus,,,,,,,,,,,,
SV020,L,96,2,0,1,0,2,Stimulus,,,,,,,,1.0,1.0,88.0,88.0,16.0
SV020,L,97,2,2,1,1,2,Stimulus,,,,,,,,,,,,
SV020,L,98,3,2,1,1,2,Stimulus,,,,,,,,,,,,
SV020,L,99,2,3,1,1,2,Stimulus,,,,,,,,,,,,
SV020,L,100,2,0,0,0,2,Stimulus,,,,,,,,,,,,
SV020,L,101,3,3,1,1,3,Stimulus,,,,,,,,,,,,
SV020,L,102,3,0,1,1,2,Stimulus,,,,,,,,,,,,
SV020,L,103,3,0,0,0,2,Stimulus,,,,,,,,,,,,
SV020,L,104,3,3,1,1,3,Stimulus,,,,,,,,,,,,
SV020,L,105,2,0,1,1,1,Stimulus,,,,,,,,,,,,
SV020,L,106,3,0,0,0,3,Stimulus,,,,,,,,,,,,
SV020,L,107,3,3,1,0,3,Stimulus,,,,,,,,,,,,
SV020,L,108,2,0,0,0,3,Stimulus,,,,,,,,,,,,
SV020,L,109,3,3,1,0,3,Stimulus,,,,,,,,,,,,
SV020,L,110,3,0,0,1,3,Stimulus,,,,,,,,,,,,
SV020,L,111,2,0,1,1,2,Stimulus,,,,,,,,,,,,
SV020,L,112,3,0,0,0,3,Stimulus,,,,,,,,,,,,
SV020,L,113,2,2,0,0,2,Stimulus,,,,,,,,,,,,
SV020,L,114,2,0,0,1,2,Stimulus,,,,,,,,,,,,
SV020,L,115,3,2,0,1,2,Stimulus,,,,,,,,,,,,
SV020,L,116,2,2,0,0,2,Stimulus,,,,,,,,,,,,
SV020,L,117,3,2,0,1,2,Stimulus,,,,,,,,,,,,
SV020,L,118,3,3,0,0,3,Stimulus,,,,,,,,,,,,
SV020,L,119,2,0,1,0,2,Stimulus,,,,,,,,,,,,
SV020,L,120,3,2,1,0,2,Stimulus,,,,,,,,,,,,
SV020,L,121,2,0,1,0,2,Stimulus,,,,,,,,,,,,
SV020,L,122,3,3,0,1,3,Stimulus,,,,,,,,,,,,
SV020,L,123,3,3,0,0,3,Stimulus,,,,,,,,,,,,
SV020,L,124,3,2,0,0,2,Stimulus,,,,,,,,,,,,
SV020,L,125,3,2,1,1,2,Stimulus,,,,,,,,,,,,
SV020,L,126,2,3,1,1,2,Stimulus,,,,,,,,,,,,
SV020,L,127,3,0,1,1,2,Stimulus,,,,,,,,,,,,
SV020,L,128,2,0,0,1,2,Stimulus,,,,,,,,,,,,
SV020,L,129,2,2,0,1,2,Stimulus,,,,,,,,,,,,
SV020,L,130,3,2,0,0,2,Stimulus,,,,,,,,,,,,
SV020,L,131,3,0,1,0,2,Stimulus,,,,,,,,,,,,
SV020,L,132,3,2,1,0,2,Stimulus,,,,,,,,,,,,
SV020,L,133,3,2,1,1,2,Stimulus,,,,,,,,,,,,
SV020,L,134,3,3,0,0,2,Stimulus,,,,,,,,,,,,
SV020,L,135,2,0,1,0,3,Stimulus,,,,,,,,,,,,
SV020,L,136,2,2,1,0,2,Stimulus,,,,,,,,,,,,
SV020,L,137,3,2,1,0,2,Stimulus,,,,,,,,,,,,
SV020,L,138,2,2,0,0,2,Stimulus,,,,,,,,,,,,
SV020,L,139,3,2,0,0,2,Stimulus,,,,,,,,1.2,1.2,85.0,85.0,20.0
SV020,L,140,3,3,0,1,3,Stimulus,,,,,,,,,,,,
SV020,L,141,2,3,0,1,3,Stimulus,,,,,,,,,,,,
SV020,L,142,2,2,1,0,2,Stimulus,,,,,,,,,,,,
SV020,L,143,3,3,1,1,3,Stimulus,,,,,,,,,,,,
SV020,L,144,3,3,1,0,2,Stimulus,,,,,,,,,,,,
SV020,L,145,2,2,1,0,2,Stimulus,,,,,,,,,,,,
SV020,L,146,2,3,1,0,3,Stimulus,,,,,,,,,,,,
SV020,L,147,3,3,0,1,3,Stimulus,,,,,,,,,,,,
SV020,L,148,3,0,0,0,3,Stimulus,,,,,,,,,,,,
SV020,L,149,3,2,1,1,2,Stimulus,,,,,,,,,,,,
SV020,L,150,2,0,1,0,2,Stimulus,,,,,,,,,,,,
SV020,L,151,2,0,0,1,1,Stimulus,,,,,,,,,,,,
SV020,L,152,3,2,1,0,2,Stimulus,,,,,,,,,,,,
SV020,L,153,3,2,0,0,2,Stimulus,,,,,,,,,,,,
SV020,L,154,2,3,1,0,2,Stimulus,,,,,,,,,,,,
SV020,L,155,3,0,0,0,2,Stimulus,,,,,,,,,,,,
SV020,L,156,2,3,1,0,3,Stimulus,,,,,,,,,,,,
SV020,L,157,3,3,1,1,3,Stimulus,,,,,,,,,,,,
SV020,L,158,3,0,1,0,2,Stimulus,,,,,,,,,,,,
SV020,L,159,3,3,0,0,3,Stimulus,,,,,,,,,,,,
SV020,L,160,3,0,0,1,3,Stimulus,,,,,,,,,,,,
SV020,L,161,3,2,1,0,2,Stimulus,,,,,,,,,,,,
SV020,L,162,2,2,0,1,2,Stimulus,,,,,,,,,,,,
SV020,L,163,3,0,0,1,2,Stimulus,,,,,,,,,,,,
SV020,L,164,3,2,0,1,2,Stimulus,,,,,,,,,,,,
SV020,L,165,2,2,0,0,2,Stimulus,,,,,,,,,,,,
SV020,L,166,2,0,0,1,2,Stimulus,,,,,,,,,,,,
SV020,L,167,2,0,1,1,2,Stimulus,,,,,,,,,,,,
SV020,L,168,2,2,1,1,2,Stimulus,,,,,,,,,,,,
SV020,L,169,2,3,1,1,3,Stimulus,,,,,,,,0.5,0.5,58.0,58.0,12.0
SV020,L,170,2,3,0,1,2,Stimulus,,,,,,,,2.1,2.1,117.0,117.0,24.0
SV020,L,171,3,0,0,1,2,Stimulus,,,,,,,,,,,,
SV020,L,172,2,3,0,0,3,Stimulus,,,,,,,,,,,,
SV020,L,173,2,3,1,1,2,Stimulus,,,,,,,,,,,,
SV020,L,174,2,3,0,1,2,Stimulus,,,,,,,,,,,,
SV020,L,175,2,3,1,1,2,Stimulus,,,,,,,,,,,,
SV020,L,176,2,3,0,1,2,Stimulus,,,,,,,,,,,,
SV020,L,177,3,2,0,0,2,Stimulus,,,,,,,,,,,,
SV020,L,178,3,2,0,0,2,Stimulus,,,,,,,,,,,,
SV020,L,179,3,3,0,1,3,Stimulus,,,,,,,,,,,,
SV020,L,180,2,2,1,1,2,Stimulus,,,,,,,,,,,,
SV020,L,181,3,2,0,1,2,Stimulus,,,,,,,,,,,,
SV020,L,182,2,0,0,0,2,Stimulus,,,,,,,,,,,,
SV020,L,183,2,3,0,1,3,Stimulus,,,,,,,,,,,,
SV020,L,184,2,3,1,0,3,Stimulus,,,,,,,,,,,,
SV020,L,185,2,0,0,1,3,Stimulus,,,,,,,,,,,,
SV020,L,186,2,2,1,0,2,Stimulus,,,,,,,,,,,,
SV020,L,187,2,0,1,1,2,Stimulus,,,,,,,,,,,,
SV020,L,188,2,3,1,1,3,Stimulus,,,,,,,,,,,,
SV020,L,189,2,3,0,0,3,Stimulus,,,,,,,,,,,,
SV020,L,190,3,2,0,1,2,Stimulus,,,,,,,,,,,,
SV020,L,191,2,3,1,0,3,Stimulus,,,,,,,,,,,,
SV020,L,192,3,2,0,1,2,Stimulus,,,,,,,,,,,,
SV020,L,193,3,0,1,1,2,Stimulus,,,,,,,,,,,,
SV020,L,194,2,3,1,1,2,Stimulus,,,,,,,,,,,,
SV020,L,195,2,2,1,0,2,Stimulus,,,,,,,,0.7,0.7,64.0,64.0,16.0
SV020,L,196,3,0,1,0,2,Stimulus,,,,,,,,,,,,
SV020,L,197,2,0,1,1,2,Stimulus,,,,,,,,,,,,
SV020,L,198,2,3,0,0,3,Stimulus,,,,,,,,,,,,
SV020,L,199,3,2,0,0,2,Stimulus,,,,,,,,,,,,
SV020,L,200,3,0,1,0,2,Stimulus,,,,,,,,,,,,
SV020,L,201,2,3,0,1,3,Stimulus,,,,,,,,,,,,
SV020,L,202,2,0,0,0,2,Stimulus,,,,,,,,,,,,
SV020,L,203,3,3,1,0,3,Stimulus,,,,,,,,,,,,
SV020,L,204,3,0,0,1,2,Stimulus,,,,,,,,,,,,
SV020,L,205,2,2,1,1,2,Stimulus,,,,,,,,,,,,
SV020,L,206,2,0,0,0,3,Stimulus,,,,,,,,,,,,
SV020,L,207,2,3,1,0,2,Stimulus,,,,,,,,,,,,
SV020,L,208,2,0,0,1,2,Stimulus,,,,,,,,,,,,
SV020,L,209,3,0,1,0,3,Stimulus,,,,,,,,,,,,
SV020,L,210,2,0,1,1,3,Stimulus,,,,,,,,,,,,
SV020,L,211,3,2,1,1,2,Stimulus,,,,,,,,,,,,
SV020,L,212,2,2,0,0,2,Stimulus,,,,,,,,,,,,
SV020,L,213,3,0,1,1,2,Stimulus,,,,,,,,,,,,
SV020,L,214,3,2,1,0,2,Stimulus,,,,,,,,,,,,
SV020,L,215,2,0,0,1,2,Stimulus,,,,,,,,,,,,
SV020,L,216,3,0,1,1,2,Stimulus,,,,,,,,,,,,
SV020,L,217,3,2,1,1,2,Stimulus,,,,,,,,0.5,0.5,61.0,61.0,12.0
SV020,L,218,3,2,1,0,2,Stimulus,,,,,,,,,,,,
SV020,L,219,2,2,0,0,2,Stimulus,,,,,,,,,,,,
SV020,L,220,2,2,0,0,2,Stimulus,,,,,,,,,,,,
SV020,L,221,2,2,1,1,1,Stimulus,,,,,,,,,,,,
SV020,L,222,2,3,1,0,3,Stimulus,,,,,,,,,,,,
SV020,L,223,3,2,1,0,2,Stimulus,,,,,,,,,,,,
SV020,L,224,3,0,0,0,3,Stimulus,,,,,,,,,,,,
SV020,L,225,2,2,0,1,2,Stimulus,,,,,,,,,,,,
SV020,L,226,3,0,0,1,3,Stimulus,,,,,,,,,,,,
SV020,L,227,2,2,1,1,2,Stimulus,,,,,,,,,,,,
SV020,L,228,2,0,1,0,2,Stimulus,,,,,,,,,,,,
SV020,L,229,3,0,1,0,2,Stimulus,,,,,,,,,,,,
SV020,L,230,3,0,0,1,3,Stimulus,,,,,,,,,,,,
SV020,L,231,3,3,1,1,3,Stimulus,,,,,,,,,,,,
SV020,L,232,2,2,1,1,2,Stimulus,,,,,,,,,,,,
SV020,L,233,3,2,0,1,2,Stimulus,,,,,,,,,,,,
SV020,L,234,2,2,0,1,2,Stimulus,,,,,,,,,,,,
SV020,L,235,2,0,1,1,2,Stimulus,,,,,,,,,,,,
SV020,L,236,2,2,0,1,2,Stimulus,,,,,,,,,,,,
SV020,L,237,2,0,0,0,2,Stimulus,,,,,,,,0.9,0.9,77.0,77.0,16.0
SV020,L,238,3,0,0,0,3,Stimulus,,,,,,,,,,,,
SV020,L,239,3,3,1,0,3,Stimulus,,,,,,,,,,,,
SV020,L,240,2,3,0,0,3,Stimulus,,,,,,,,,,,,
SV020,L,241,3,0,1,0,0,Stimulus,,,,,,,,,,,,
SV020,L,242,3,3,1,0,3,Stimulus,,,,,,,,,,,,
SV020,L,243,2,2,1,0,2,Stimulus,,,,,,,,,,,,
SV020,L,244,3,2,1,1,2,Stimulus,,,,,,,,,,,,
SV020,L,245,2,2,0,1,2,Stimulus,,,,,,,,,,,,
SV020,L,246,2,0,1,1,0,Stimulus,,,,,,,,,,,,
SV020,L,247,2,3,0,0,3,Stimulus,,,,,,,,,,,,
SV020,L,248,3,2,0,1,2,Stimulus,,,,,,,,,,,,
SV020,L,249,3,3,1,0,3,Stimulus,,,,,,,,,,,,
SV020,L,250,2,2,1,1,2,Stimulus,,,,,,,,,,,,
SV020,L,251,2,2,0,1,2,Stimulus,,,,,,,,,,,,
SV020,L,252,2,3,1,0,3,Stimulus,,,,,,,,,,,,
SV020,L,253,2,3,0,1,3,Stimulus,,,,,,,,,,,,
SV020,L,254,2,3,1,0,3,Stimulus,,,,,,,,,,,,
SV020,L,255,3,0,1,0,0,Stimulus,,,,,,,,,,,,
SV020,L,256,3,3,0,1,3,Stimulus,,,,,,,,,,,,
SV020,L,257,2,3,0,1,3,Stimulus,,,,,,,,,,,,
SV020,L,258,2,3,1,0,3,Stimulus,,,,,,,,,,,,
SV020,L,259,3,2,0,1,2,Stimulus,,,,,,,,,,,,
SV020,L,260,3,3,0,0,3,Stimulus,,,,,,,,,,,,
SV020,L,261,3,2,1,1,2,Stimulus,,,,,,,,,,,,
SV020,L,262,2,2,0,1,2,Stimulus,,,,,,,,,,,,
SV020,L,263,2,3,1,1,3,Stimulus,,,,,,,,,,,,
SV020,L,264,3,0,0,1,0,Stimulus,,,,,,,,,,,,
SV020,L,265,2,2,1,0,2,Stimulus,,,,,,,,,,,,
SV020,L,266,2,3,1,1,3,Stimulus,,,,,,,,,,,,
SV020,L,267,3,2,1,1,2,Stimulus,,,,,,,,,,,,
SV020,L,268,3,0,0,0,0,Stimulus,,,,,,,,,,,,
SV020,L,269,2,3,0,0,3,Stimulus,,,,,,,,,,,,
SV020,L,270,2,3,0,0,3,Stimulus,,,,,,,,,,,,
SV020,L,271,2,0,1,0,0,Stimulus,,,,,,,,,,,,
SV020,L,272,2,0,1,1,0,Stimulus,,,,,,,,,,,,
SV020,L,273,2,3,0,1,3,Stimulus,,,,,,,,,,,,
SV020,L,274,3,0,1,0,0,Stimulus,,,,,,,,,,,,
SV020,L,275,3,0,0,1,0,Stimulus,,,,,,,,,,,,
SV020,L,276,2,2,0,0,2,Stimulus,,,,,,,,,,,,
SV020,L,277,3,2,1,1,2,Stimulus,,,,,,,,,,,,
SV020,L,278,2,0,1,0,0,Stimulus,,,,,,,,,,,,
SV020,L,279,2,0,0,1,0,Stimulus,,,,,,,,,,,,
SV020,L,280,2,2,0,0,2,Stimulus,,,,,,,,,,,,
SV020,L,281,2,2,1,0,2,Stimulus,,,,,,,,,,,,
SV020,L,282,3,0,1,0,0,Stimulus,,,,,,,,,,,,
SV020,L,283,2,2,0,0,2,Stimulus,,,,,,,,,,,,
SV020,L,284,3,3,1,1,3,Stimulus,,,,,,,,,,,,
SV020,L,285,2,2,0,1,2,Stimulus,,,,,,,,,,,,
SV020,L,286,3,0,0,0,0,Stimulus,,,,,,,,,,,,
SV020,L,287,2,0,0,0,0,Stimulus,,,,,,,,,,,,
SV020,L,288,2,3,0,0,3,Stimulus,,,,,,,,,,,,
SV020,L,289,3,0,0,0,0,Stimulus,,,,,,,,,,,,
SV020,L,290,2,3,1,1,3,Stimulus,,,,,,,,,,,,
SV020,L,291,2,0,1,0,0,Stimulus,,,,,,,,,,,,
SV020,L,292,3,0,0,0,0,Stimulus,,,,,,,,,,,,
SV020,L,293,3,3,1,0,3,Stimulus,,,,,,,,,,,,
SV020,L,294,3,2,1,1,2,Stimulus,,,,,,,,,,,,
SV020,L,295,3,3,0,0,3,Stimulus,,,,,,,,,,,,
SV020,L,296,2,3,0,1,3,Stimulus,,,,,,,,,,,,
SV020,L,297,3,2,0,1,2,Stimulus,,,,,,,,,,,,
SV020,L,298,3,3,0,0,3,Stimulus,,,,,,,,,,,,
SV020,L,299,3,2,1,1,2,Stimulus,,,,,,,,,,,,
SV020,L,300,3,2,1,0,2,Stimulus,,,,,,,,,,,,
SV020,L,301,3,3,1,1,2,Stimulus,,,,,,,,,,,,
SV020,L,302,2,0,1,1,0,Stimulus,,,,,,,,,,,,
SV020,L,303,3,2,1,1,2,Stimulus,,,,,,,,,,,,
SV020,L,304,3,3,0,1,3,Stimulus,,,,,,,,,,,,
SV020,L,305,3,2,0,0,2,Stimulus,,,,,,,,,,,,
SV020,L,306,2,2,1,0,2,Stimulus,,,,,,,,,,,,
SV020,L,307,3,2,0,1,2,Stimulus,,,,,,,,,,,,
SV020,L,308,3,2,0,0,2,Stimulus,,,,,,,,,,,,
SV020,L,309,3,0,1,0,0,Stimulus,,,,,,,,,,,,
SV020,L,310,3,3,1,1,3,Stimulus,,,,,,,,,,,,
SV020,L,311,2,3,1,0,3,Stimulus,,,,,,,,,,,,
SV020,L,312,2,2,0,0,2,Stimulus,,,,,,,,,,,,
SV020,L,313,3,0,1,1,0,Stimulus,,,,,,,,,,,,
SV020,L,314,3,0,0,1,0,Stimulus,,,,,,,,,,,,
SV020,L,315,3,3,1,0,0,Stimulus,,,,,,,,,,,,
SV020,L,316,3,3,0,1,0,Stimulus,,,,,,,,,,,,
SV020,L,317,2,0,1,1,0,Stimulus,,,,,,,,,,,,
SV020,L,318,2,2,1,1,2,Stimulus,,,,,,,,,,,,
SV020,L,319,2,3,1,0,3,Stimulus,,,,,,,,,,,,
SV020,L,320,3,2,1,0,2,Stimulus,,,,,,,,,,,,
SV020,L,321,3,3,1,1,3,Stimulus,,,,,,,,,,,,
SV020,L,322,3,3,1,0,3,Stimulus,,,,,,,,,,,,
SV020,L,323,3,0,0,0,0,Stimulus,,,,,,,,,,,,
SV020,L,324,2,3,1,1,3,Stimulus,,,,,,,,,,,,
SV020,L,325,2,2,0,0,2,Stimulus,,,,,,,,,,,,
SV020,L,326,2,3,1,0,3,Stimulus,,,,,,,,,,,,
SV020,L,327,2,2,0,0,2,Stimulus,,,,,,,,,,,,
SV020,L,328,3,3,1,1,3,Stimulus,,,,,,,,,,,,
SV020,L,329,3,2,1,0,2,Stimulus,,,,,,,,,,,,
SV020,L,330,2,3,1,0,3,Stimulus,,,,,,,,,,,,
SV020,L,331,2,2,1,1,2,Stimulus,,,,,,,,,,,,
SV020,L,332,2,0,1,0,0,Stimulus,,,,,,,,,,,,
SV020,L,333,3,0,0,1,0,Stimulus,,,,,,,,,,,,
SV020,L,334,3,3,0,0,3,Stimulus,,,,,,,,,,,,
SV020,L,335,2,3,1,0,3,Stimulus,,,,,,,,,,,,
SV020,L,336,2,3,0,0,3,Stimulus,,,,,,,,,,,,
SV020,L,337,2,3,1,0,3,Stimulus,,,,,,,,,,,,
SV020,L,338,3,0,1,1,0,Stimulus,,,,,,,,,,,,
SV020,L,339,3,0,0,1,0,Stimulus,,,,,,,,,,,,
SV020,L,340,3,3,1,0,3,Stimulus,,,,,,,,,,,,
SV020,L,341,3,3,1,1,3,Stimulus,,,,,,,,,,,,
SV020,L,342,3,0,0,0,3,Stimulus,,,,,,,,,,,,
SV020,L,343,2,0,0,0,0,Stimulus,,,,,,,,,,,,
SV020,L,344,2,0,1,0,0,Stimulus,,,,,,,,,,,,
SV020,L,345,2,0,1,0,0,Stimulus,,,,,,,,,,,,
SV020,L,346,3,3,0,1,0,Stimulus,,,,,,,,,,,,
SV020,L,347,3,3,0,0,3,Stimulus,,,,,,,,,,,,
SV020,L,348,2,3,0,1,3,Stimulus,,,,,,,,,,,,
SV020,L,349,3,2,0,1,2,Stimulus,,,,,,,,,,,,
SV020,L,350,3,0,0,0,0,Stimulus,,,,,,,,,,,,
SV020,L,351,2,3,0,0,3,Stimulus,,,,,,,,,,,,
SV020,L,352,3,0,1,0,0,Stimulus,,,,,,,,,,,,
SV020,L,353,3,2,1,0,2,Stimulus,,,,,,,,,,,,
SV020,L,354,3,0,1,1,3,Stimulus,,,,,,,,,,,,
SV020,L,355,2,2,0,1,2,Stimulus,,,,,,,,,,,,
SV020,L,356,3,2,1,0,2,Stimulus,,,,,,,,,,,,
SV020,L,357,3,3,1,0,3,Stimulus,,,,,,,,,,,,
SV020,L,358,2,0,1,1,0,Stimulus,,,,,,,,,,,,
SV020,L,359,2,2,0,0,2,Stimulus,,,,,,,,,,,,
SV020,L,360,2,2,1,0,2,Stimulus,,,,,,,,,,,,
SV020,L,361,2,3,0,1,3,Stimulus,,,,,,,,0.6,0.6,74.0,74.0,12.0
SV020,L,362,2,2,1,1,3,Stimulus,,,,,,,,,,,,
SV020,L,363,2,3,1,1,4,Stimulus,,,,,,,,,,,,
SV020,L,364,2,0,0,1,0,Stimulus,,,,,,,,,,,,
SV020,L,365,3,0,0,1,0,Stimulus,,,,,,,,,,,,
SV020,L,366,2,2,0,1,3,Stimulus,,,,,,,,,,,,
SV020,L,367,2,0,0,1,0,Stimulus,,,,,,,,,,,,
SV020,L,368,2,2,1,0,2,Stimulus,,,,,,,,,,,,
SV020,L,369,3,0,0,1,0,Stimulus,,,,,,,,,,,,
SV020,L,370,3,2,0,1,2,Stimulus,,,,,,,,,,,,
SV020,L,371,3,2,0,1,2,Stimulus,,,,,,,,,,,,
SV020,L,372,2,2,0,0,2,Stimulus,,,,,,,,,,,,
SV020,L,373,3,3,0,0,3,Stimulus,,,,,,,,,,,,
SV020,L,374,2,0,0,0,0,Stimulus,,,,,,,,,,,,
SV020,L,375,2,0,0,0,0,Stimulus,,,,,,,,,,,,
SV020,L,376,3,0,0,0,0,Stimulus,,,,,,,,,,,,
SV020,L,377,2,0,0,1,0,Stimulus,,,,,,,,,,,,
SV020,L,378,3,0,1,1,0,Stimulus,,,,,,,,,,,,
SV020,L,379,3,0,1,1,0,Stimulus,,,,,,,,,,,,
SV020,L,380,3,0,1,1,0,Stimulus,,,,,,,,,,,,
SV020,L,381,3,0,1,1,0,Stimulus,,,,,,,,,,,,
SV020,L,382,3,3,1,1,3,Stimulus,,,,,,,,,,,,
SV020,L,383,3,0,1,0,0,Stimulus,,,,,,,,,,,,
SV020,L,384,3,2,0,0,2,Stimulus,,,,,,,,,,,,
SV020,L,385,3,3,1,0,3,Stimulus,,,,,,,,,,,,
SV020,L,386,2,3,1,1,0,Stimulus,,,,,,,,,,,,
SV020,L,387,3,2,0,1,2,Stimulus,,,,,,,,,,,,
SV020,L,388,3,0,1,1,0,Stimulus,,,,,,,,,,,,
SV020,L,389,2,0,0,1,0,Stimulus,,,,,,,,,,,,
SV020,L,390,2,2,1,0,2,Stimulus,,,,,,,,,,,,
SV020,L,391,3,2,0,0,2,Stimulus,,,,,,,,,,,,
SV020,L,392,3,3,0,1,3,Stimulus,,,,,,,,,,,,
SV020,L,393,3,0,0,1,0,Stimulus,,,,,,,,,,,,
SV020,L,394,3,2,0,0,2,Stimulus,,,,,,,,,,,,
SV020,L,395,2,0,0,0,0,Stimulus,,,,,,,,,,,,
SV020,L,396,3,3,0,0,3,Stimulus,,,,,,,,,,,,
SV020,L,397,2,0,0,1,0,Stimulus,,,,,,,,,,,,
SV020,L,398,2,0,1,1,0,Stimulus,,,,,,,,,,,,
SV020,L,399,3,3,0,1,3,Stimulus,,,,,,,,,,,,
SV020,L,400,2,0,1,0,0,Stimulus,,,,,,,,,,,,
SV020,L,401,2,0,0,1,0,Stimulus,,,,,,,,,,,,
SV020,L,402,3,2,0,0,2,Stimulus,,,,,,,,,,,,
SV020,L,403,3,2,0,0,2,Stimulus,,,,,,,,,,,,
SV020,L,404,2,0,0,0,0,Stimulus,,,,,,,,,,,,
SV020,L,405,2,0,0,0,0,Stimulus,,,,,,,,,,,,
SV020,L,406,3,0,1,0,0,Stimulus,,,,,,,,,,,,
SV020,L,407,2,3,0,0,3,Stimulus,,,,,,,,,,,,
SV020,L,408,3,2,1,0,2,Stimulus,,,,,,,,,,,,
SV020,L,409,3,2,1,0,2,Stimulus,,,,,,,,,,,,
SV020,L,410,3,3,0,1,0,Stimulus,,,,,,,,,,,,
SV020,L,411,3,0,0,0,0,Stimulus,,,,,,,,,,,,
SV020,L,412,2,0,1,1,0,Stimulus,,,,,,,,,,,,
SV020,L,413,2,3,1,1,3,Stimulus,,,,,,,,,,,,
SV020,L,414,2,0,0,1,0,Stimulus,,,,,,,,,,,,
SV020,L,415,3,2,0,0,2,Stimulus,,,,,,,,,,,,
SV020,L,416,3,3,1,0,3,Stimulus,,,,,,,,,,,,
SV020,L,417,3,2,1,1,2,Stimulus,,,,,,,,,,,,
SV020,L,418,2,3,0,0,2,Stimulus,,,,,,,,,,,,
SV020,L,419,2,2,1,1,2,Stimulus,,,,,,,,,,,,
SV020,L,420,3,3,1,1,3,Stimulus,,,,,,,,,,,,
SV020,L,421,2,3,0,0,3,Stimulus,,,,,,,,,,,,
SV020,L,422,3,2,0,0,2,Stimulus,,,,,,,,,,,,
SV020,L,423,2,3,0,1,3,Stimulus,,,,,,,,,,,,
SV020,L,424,2,0,1,1,0,Stimulus,,,,,,,,,,,,
SV020,L,425,3,3,0,1,3,Stimulus,,,,,,,,,,,,
SV020,L,426,2,2,1,1,2,Stimulus,,,,,,,,,,,,
SV020,L,427,3,2,1,0,2,Stimulus,,,,,,,,,,,,
SV020,L,428,2,2,0,1,2,Stimulus,,,,,,,,,,,,
SV020,L,429,3,2,1,1,2,Stimulus,,,,,,,,,,,,
SV020,L,430,2,0,1,0,0,Stimulus,,,,,,,,,,,,
SV020,L,431,3,2,0,0,2,Stimulus,,,,,,,,,,,,
SV020,L,432,2,2,1,1,2,Stimulus,,,,,,,,,,,,
SV020,L,433,3,3,0,0,3,Stimulus,,,,,,,,,,,,
SV020,L,434,3,2,1,0,2,Stimulus,,,,,,,,,,,,
SV020,L,435,3,3,0,0,3,Stimulus,,,,,,,,,,,,
SV020,L,436,3,3,0,1,3,Stimulus,,,,,,,,,,,,
SV020,L,437,2,3,1,1,3,Stimulus,,,,,,,,,,,,
SV020,L,438,3,0,1,0,0,Stimulus,,,,,,,,,,,,
SV020,L,439,3,0,1,0,0,Stimulus,,,,,,,,,,,,
SV020,L,440,2,2,1,1,2,Stimulus,,,,,,,,,,,,
SV020,L,441,2,2,0,1,2,Stimulus,,,,,,,,,,,,
SV020,L,442,2,2,1,0,2,Stimulus,,,,,,,,,,,,
SV020,L,443,2,3,0,1,3,Stimulus,,,,,,,,,,,,
SV020,L,444,2,0,0,1,0,Stimulus,,,,,,,,,,,,
SV020,L,445,3,2,1,1,2,Stimulus,,,,,,,,,,,,
SV020,L,446,2,3,0,1,3,Stimulus,,,,,,,,,,,,
SV020,L,447,3,2,0,1,2,Stimulus,,,,,,,,,,,,
SV020,L,448,3,3,1,1,3,Stimulus,,,,,,,,,,,,
SV020,L,449,2,2,1,0,2,Stimulus,,,,,,,,,,,,
SV020,L,450,2,0,1,0,0,Stimulus,,,,,,,,,,,,
SV020,L,451,3,2,1,0,2,Stimulus,,,,,,,,,,,,
SV020,L,452,2,3,0,0,3,Stimulus,,,,,,,,,,,,
SV020,L,453,2,2,0,1,2,Stimulus,,,,,,,,,,,,
SV020,L,454,3,3,0,1,3,Stimulus,,,,,,,,,,,,
SV020,L,455,3,0,1,1,0,Stimulus,,,,,,,,,,,,
SV020,L,456,2,2,0,0,2,Stimulus,,,,,,,,,,,,
SV020,L,457,2,3,1,1,3,Stimulus,,,,,,,,,,,,
SV020,L,458,2,0,0,1,0,Stimulus,,,,,,,,,,,,
SV020,L,459,2,3,1,1,3,Stimulus,,,,,,,,,,,,
SV020,L,460,2,2,1,1,2,Stimulus,,,,,,,,,,,,
SV020,L,461,2,2,1,1,2,Stimulus,,,,,,,,,,,,
SV020,L,462,3,3,1,1,3,Stimulus,,,,,,,,,,,,
SV020,L,463,2,0,1,1,0,Stimulus,,,,,,,,,,,,
SV020,L,464,3,3,1,0,3,Stimulus,,,,,,,,,,,,
SV020,L,465,3,0,0,0,0,Stimulus,,,,,,,,,,,,
SV020,L,466,2,2,1,0,2,Stimulus,,,,,,,,,,,,
SV020,L,467,2,2,0,0,2,Stimulus,,,,,,,,,,,,
SV020,L,468,3,2,0,1,2,Stimulus,,,,,,,,,,,,
SV020,L,469,3,3,0,0,3,Stimulus,,,,,,,,,,,,
SV020,L,470,2,0,1,0,0,Stimulus,,,,,,,,,,,,
SV020,L,471,3,0,0,1,0,Stimulus,,,,,,,,,,,,
SV020,L,472,3,0,0,1,0,Stimulus,,,,,,,,,,,,
SV020,L,473,2,3,0,1,3,Stimulus,,,,,,,,,,,,
SV020,L,474,2,2,0,1,2,Stimulus,,,,,,,,,,,,
SV020,L,475,2,0,0,0,0,Stimulus,,,,,,,,,,,,
SV020,L,476,3,0,1,1,0,Stimulus,,,,,,,,,,,,
SV020,L,477,2,0,0,0,0,Stimulus,,,,,,,,,,,,
SV020,L,478,2,3,1,0,3,Stimulus,,,,,,,,,,,,
SV020,L,479,2,0,1,1,0,Stimulus,,,,,,,,,,,,
SV020,L,480,2,0,0,0,0,Stimulus,,,,,,,,,,,,
SV020,R,1,2,3,1,1,2,Stimulus,,,,,,,,,,,,
SV020,R,2,3,0,1,0,3,Stimulus,,,,,,,,,,,,
SV020,R,3,3,2,0,1,2,Stimulus,,,,,,,,,,,,
SV020,R,4,2,2,0,1,2,Stimulus,,,,,,,,,,,,
SV020,R,5,2,3,0,0,3,Stimulus,,,,,,,,,,,,
SV020,R,6,2,2,0,0,2,Stimulus,,,,,,,,,,,,
SV020,R,7,2,0,0,1,3,Stimulus,,,,,,,,,,,,
SV020,R,8,2,2,1,0,2,Stimulus,,,,,,,,,,,,
SV020,R,9,3,2,0,1,2,Stimulus,,,,,,,,,,,,
SV020,R,10,3,2,1,0,2,Stimulus,,,,,,,,,,,,
SV020,R,11,2,0,0,1,2,Stimulus,,,,,,,,,,,,
SV020,R,12,3,0,1,0,2,Stimulus,,,,,,,,,,,,
SV020,R,13,2,3,1,0,3,Stimulus,,,,,,,,,,,,
SV020,R,14,3,3,0,1,3,Stimulus,,,,,,,,,,,,
SV020,R,15,2,3,0,0,3,Stimulus,,,,,,,,,,,,
SV020,R,16,2,3,1,1,2,Stimulus,,,,,,,,,,,,
SV020,R,17,3,3,1,1,2,Stimulus,,,,,,,,,,,,
SV020,R,18,3,0,1,0,2,Stimulus,,,,,,,,,,,,
SV020,R,19,3,3,0,1,3,Stimulus,,,,,,,,,,,,
SV020,R,20,2,0,0,0,3,Stimulus,,,,,,,,,,,,
SV020,R,21,3,0,0,1,3,Stimulus,,,,,,,,,,,,
SV020,R,22,3,2,1,0,2,Stimulus,,,,,,,,,,,,
SV020,R,23,3,0,0,1,2,Stimulus,,,,,,,,,,,,
SV020,R,24,2,3,1,0,2,Stimulus,,,,,,,,,,,,
SV020,R,25,2,0,0,1,2,Stimulus,,,,,,,,,,,,
SV020,R,26,3,3,0,0,3,Stimulus,,,,,,,,,,,,
SV020,R,27,3,2,0,0,2,Stimulus,,,,,,,,,,,,
SV020,R,28,3,3,1,0,3,Stimulus,,,,,,,,,,,,
SV020,R,29,3,3,0,1,3,Stimulus,,,,,,,,,,,,
SV020,R,30,2,0,1,1,2,Stimulus,,,,,,,,,,,,
SV020,R,31,3,2,0,1,1,Stimulus,,,,,,,,,,,,
SV020,R,32,3,3,1,1,2,Stimulus,,,,,,,,,,,,
SV020,R,33,3,2,0,1,2,Stimulus,,,,,,,,,,,,
SV020,R,34,3,3,1,1,3,Stimulus,,,,,,,,,,,,
SV020,R,35,3,3,1,0,3,Stimulus,,,,,,,,,,,,
SV020,R,36,2,0,1,0,2,Stimulus,,,,,,,,,,,,
SV020,R,37,3,2,0,1,2,Stimulus,,,,,,,,,,,,
SV020,R,38,3,3,0,0,3,Stimulus,,,,,,,,,,,,
SV020,R,39,2,2,1,1,2,Stimulus,,,,,,,,,,,,
SV020,R,40,3,0,0,0,3,Stimulus,,,,,,,,,,,,
SV020,R,41,3,2,1,1,2,Stimulus,,,,,,,,,,,,
SV020,R,42,2,3,0,1,3,Stimulus,,,,,,,,,,,,
SV020,R,43,2,0,1,0,2,Stimulus,,,,,,,,,,,,
SV020,R,44,2,0,1,0,2,Stimulus,,,,,,,,,,,,
SV020,R,45,3,0,1,0,2,Stimulus,,,,,,,,4.5,4.5,188.0,188.0,32.0
SV020,R,46,3,0,0,0,2,Stimulus,,,,,,,,4.9,4.9,214.0,214.0,32.0
SV020,R,47,2,0,0,0,2,Stimulus,,,,,,,,,,,,
SV020,R,48,3,0,0,1,2,Stimulus,,,,,,,,4.1,4.1,178.0,178.0,32.0
SV020,R,49,2,3,1,1,3,Stimulus,,,,,,,,,,,,
SV020,R,50,2,2,1,0,2,Stimulus,,,,,,,,,,,,
SV020,R,51,2,3,1,0,2,Stimulus,,,,,,,,,,,,
SV020,R,52,2,2,1,1,2,Stimulus,,,,,,,,,,,,
SV020,R,53,2,3,1,0,3,Stimulus,,,,,,,,,,,,
SV020,R,54,3,3,1,1,3,Stimulus,,,,,,,,,,,,
SV020,R,55,2,0,0,0,2,Stimulus,,,,,,,,,,,,
SV020,R,56,2,2,0,0,2,Stimulus,,,,,,,,,,,,
SV020,R,57,3,0,1,1,2,Stimulus,,,,,,,,,,,,
SV020,R,58,3,0,1,1,2,Stimulus,,,,,,,,,,,,
SV020,R,59,2,0,1,0,3,Stimulus,,,,,,,,,,,,
SV020,R,60,2,3,1,1,2,Stimulus,,,,,,,,,,,,
SV020,R,61,2,3,0,1,3,Stimulus,,,,,,,,,,,,
SV020,R,62,3,0,0,1,3,Stimulus,,,,,,,,,,,,
SV020,R,63,2,2,1,0,2,Stimulus,,,,,,,,,,,,
SV020,R,64,3,0,0,0,2,Stimulus,,,,,,,,,,,,
SV020,R,65,2,0,1,0,2,Stimulus,,,,,,,,5.1,5.1,228.0,228.0,32.0
SV020,R,66,3,0,0,0,3,Stimulus,,,,,,,,,,,,
SV020,R,67,2,3,1,0,3,Stimulus,,,,,,,,,,,,
SV020,R,68,3,0,1,1,2,Stimulus,,,,,,,,,,,,
SV020,R,69,2,0,0,1,3,Stimulus,,,,,,,,,,,,
SV020,R,70,3,2,0,1,2,Stimulus,,,,,,,,,,,,
SV020,R,71,2,0,1,1,2,Stimulus,,,,,,,,,,,,
SV020,R,72,3,2,0,0,2,Stimulus,,,,,,,,,,,,
SV020,R,73,3,2,0,1,2,Stimulus,,,,,,,,,,,,
SV020,R,74,2,2,0,1,2,Stimulus,,,,,,,,,,,,
SV020,R,75,2,2,1,0,2,Stimulus,,,,,,,,,,,,
SV020,R,76,2,0,1,0,3,Stimulus,,,,,,,,,,,,
SV020,R,77,3,0,1,1,2,Stimulus,,,,,,,,,,,,
SV020,R,78,3,3,1,0,3,Stimulus,,,,,,,,,,,,
SV020,R,79,3,2,1,0,2,Stimulus,,,,,,,,,,,,
SV020,R,80,2,2,0,0,2,Stimulus,,,,,,,,,,,,
SV020,R,81,3,2,0,1,2,Stimulus,,,,,,,,,,,,
SV020,R,82,3,0,0,1,2,Stimulus,,,,,,,,,,,,
SV020,R,83,3,3,1,1,2,Stimulus,,,,,,,,,,,,
SV020,R,84,2,0,0,0,2,Stimulus,,,,,,,,,,,,
SV020,R,85,3,3,0,1,3,Stimulus,,,,,,,,,,,,
SV020,R,86,2,2,1,1,2,Stimulus,,,,,,,,,,,,
SV020,R,87,3,3,0,0,3,Stimulus,,,,,,,,,,,,
SV020,R,88,2,3,0,0,3,Stimulus,,,,,,,,,,,,
SV020,R,89,3,0,0,1,2,Stimulus,,,,,,,,,,,,
SV020,R,90,2,3,0,0,2,Stimulus,,,,,,,,,,,,
SV020,R,91,3,2,1,1,2,Stimulus,,,,,,,,,,,,
SV020,R,92,3,3,1,0,3,Stimulus,,,,,,,,,,,,
SV020,R,93,3,0,1,0,3,Stimulus,,,,,,,,,,,,
SV020,R,94,2,0,0,0,2,Stimulus,,,,,,,,,,,,
SV020,R,95,3,2,1,1,2,Stimulus,,,,,,,,,,,,
SV020,R,96,2,3,0,1,2,Stimulus,,,,,,,,,,,,
SV020,R,97,3,0,0,0,3,Stimulus,,,,,,,,,,,,
SV020,R,98,3,3,0,0,3,Stimulus,,,,,,,,,,,,
SV020,R,99,3,2,0,0,2,Stimulus,,,,,,,,,,,,
SV020,R,100,3,2,0,0,2,Stimulus,,,,,,,,,,,,
SV020,R,101,3,3,1,0,2,Stimulus,,,,,,,,,,,,
SV020,R,102,2,3,0,0,1,Stimulus,,,,,,,,,,,,
SV020,R,103,3,2,1,1,2,Stimulus,,,,,,,,,,,,
SV020,R,104,2,3,1,0,3,Stimulus,,,,,,,,,,,,
SV020,R,105,3,0,0,1,3,Stimulus,,,,,,,,,,,,
SV020,R,106,2,3,1,0,3,Stimulus,,,,,,,,,,,,
SV020,R,107,2,2,0,0,2,Stimulus,,,,,,,,,,,,
SV020,R,108,3,0,0,1,3,Stimulus,,,,,,,,,,,,
SV020,R,109,3,3,1,1,3,Stimulus,,,,,,,,,,,,
SV020,R,110,2,0,0,0,2,Stimulus,,,,,,,,,,,,
SV020,R,111,3,0,1,1,2,Stimulus,,,,,,,,,,,,
SV020,R,112,2,2,1,1,2,Stimulus,,,,,,,,,,,,
SV020,R,113,2,2,0,1,2,Stimulus,,,,,,,,,,,,
SV020,R,114,3,3,1,0,3,Stimulus,,,,,,,,,,,,
SV020,R,115,2,2,0,1,2,Stimulus,,,,,,,,,,,,
SV020,R,116,2,2,1,0,2,Stimulus,,,,,,,,,,,,
SV020,R,117,2,0,1,1,2,Stimulus,,,,,,,,,,,,
SV020,R,118,2,2,1,1,2,Stimulus,,,,,,,,,,,,
SV020,R,119,2,2,1,1,2,Stimulus,,,,,,,,,,,,
SV020,R,120,2,0,1,0,3,Stimulus,,,,,,,,,,,,
SV020,R,121,3,3,0,1,2,Stimulus,,,,,,,,,,,,
SV020,R,122,2,0,0,0,3,Stimulus,,,,,,,,,,,,
SV020,R,123,3,0,1,1,2,Stimulus,,,,,,,,,,,,
SV020,R,124,3,2,1,0,3,Stimulus,,,,,,,,,,,,
SV020,R,125,2,0,1,1,2,Stimulus,,,,,,,,,,,,
SV020,R,126,3,0,0,1,2,Stimulus,,,,,,,,,,,,
SV020,R,127,2,3,1,1,2,Stimulus,,,,,,,,,,,,
SV020,R,128,2,2,1,0,2,Stimulus,,,,,,,,,,,,
SV020,R,129,2,2,1,0,2,Stimulus,,,,,,,,,,,,
SV020,R,130,3,0,1,1,2,Stimulus,,,,,,,,,,,,
SV020,R,131,3,2,1,0,2,Stimulus,,,,,,,,,,,,
SV020,R,132,3,3,0,0,3,Stimulus,,,,,,,,,,,,
SV020,R,133,2,2,0,1,2,Stimulus,,,,,,,,,,,,
SV020,R,134,3,2,1,0,2,Stimulus,,,,,,,,,,,,
SV020,R,135,2,2,0,0,2,Stimulus,,,,,,,,,,,,
SV020,R,136,2,2,1,1,2,Stimulus,,,,,,,,,,,,
SV020,R,137,3,3,1,1,2,Stimulus,,,,,,,,,,,,
SV020,R,138,2,0,1,0,2,Stimulus,,,,,,,,,,,,
SV020,R,139,2,2,1,0,2,Stimulus,,,,,,,,,,,,
SV020,R,140,2,0,0,1,1,Stimulus,,,,,,,,,,,,
SV020,R,141,2,0,0,1,1,Stimulus,,,,,,,,,,,,
SV020,R,142,2,2,0,1,2,Stimulus,,,,,,,,,,,,
SV020,R,143,2,2,1,1,2,Stimulus,,,,,,,,,,,,
SV020,R,144,3,3,0,0,3,Stimulus,,,,,,,,,,,,
SV020,R,145,2,0,0,1,3,Stimulus,,,,,,,,,,,,
SV020,R,146,3,2,1,1,2,Stimulus,,,,,,,,,,,,
SV020,R,147,3,0,0,0,3,Stimulus,,,,,,,,,,,,
SV020,R,148,3,0,1,0,3,Stimulus,,,,,,,,,,,,
SV020,R,149,3,0,1,0,3,Stimulus,,,,,,,,,,,,
SV020,R,150,2,2,1,1,2,Stimulus,,,,,,,,,,,,
SV020,R,151,2,2,0,1,2,Stimulus,,,,,,,,,,,,
SV020,R,152,2,0,1,0,2,Stimulus,,,,,,,,,,,,
SV020,R,153,2,2,0,1,2,Stimulus,,,,,,,,,,,,
SV020,R,154,2,3,0,1,3,Stimulus,,,,,,,,,,,,
SV020,R,155,3,2,0,1,2,Stimulus,,,,,,,,,,,,
SV020,R,156,2,3,1,0,3,Stimulus,,,,,,,,,,,,
SV020,R,157,2,2,1,0,2,Stimulus,,,,,,,,,,,,
SV020,R,158,3,2,0,0,3,Stimulus,,,,,,,,,,,,
SV020,R,159,2,2,0,0,2,Stimulus,,,,,,,,,,,,
SV020,R,160,3,0,0,0,3,Stimulus,,,,,,,,,,,,
SV020,R,161,2,3,0,1,2,Stimulus,,,,,,,,,,,,
SV020,R,162,2,2,0,0,2,Stimulus,,,,,,,,,,,,
SV020,R,163,2,3,0,1,3,Stimulus,,,,,,,,,,,,
SV020,R,164,3,3,1,0,2,Stimulus,,,,,,,,,,,,
SV020,R,165,3,3,1,1,3,Stimulus,,,,,,,,,,,,
SV020,R,166,2,0,1,1,3,Stimulus,,,,,,,,,,,,
SV020,R,167,3,3,0,0,3,Stimulus,,,,,,,,,,,,
SV020,R,168,3,3,0,0,3,Stimulus,,,,,,,,,,,,
SV020,R,169,3,0,1,0,3,Stimulus,,,,,,,,,,,,
SV020,R,170,2,3,1,0,3,Stimulus,,,,,,,,,,,,
SV020,R,171,2,0,1,1,3,Stimulus,,,,,,,,,,,,
SV020,R,172,3,2,1,1,2,Stimulus,,,,,,,,,,,,
SV020,R,173,3,0,1,0,3,Stimulus,,,,,,,,,,,,
SV020,R,174,3,2,0,0,2,Stimulus,,,,,,,,,,,,
SV020,R,175,2,2,0,0,2,Stimulus,,,,,,,,,,,,
SV020,R,176,3,3,1,0,2,Stimulus,,,,,,,,,,,,
SV020,R,177,2,0,0,1,2,Stimulus,,,,,,,,,,,,
SV020,R,178,3,3,1,0,3,Stimulus,,,,,,,,,,,,
SV020,R,179,3,3,0,0,3,Stimulus,,,,,,,,,,,,
SV020,R,180,3,2,1,1,2,Stimulus,,,,,,,,,,,,
SV020,R,181,2,3,0,0,3,Stimulus,,,,,,,,,,,,
SV020,R,182,2,3,0,1,2,Stimulus,,,,,,,,,,,,
SV020,R,183,3,0,0,0,2,Stimulus,,,,,,,,,,,,
SV020,R,184,3,2,1,0,2,Stimulus,,,,,,,,,,,,
SV020,R,185,3,0,1,1,2,Stimulus,,,,,,,,,,,,
SV020,R,186,3,3,1,0,3,Stimulus,,,,,,,,,,,,
SV020,R,187,3,2,0,0,2,Stimulus,,,,,,,,1.9,1.9,134.0,134.0,20.0
SV020,R,188,3,0,0,1,2,Stimulus,,,,,,,,,,,,
SV020,R,189,3,0,1,1,2,Stimulus,,,,,,,,,,,,
SV020,R,190,2,0,0,1,3,Stimulus,,,,,,,,,,,,
SV020,R,191,3,3,0,0,3,Stimulus,,,,,,,,,,,,
SV020,R,192,3,2,0,1,2,Stimulus,,,,,,,,,,,,
SV020,R,193,3,2,1,0,2,Stimulus,,,,,,,,,,,,
SV020,R,194,3,2,1,0,2,Stimulus,,,,,,,,,,,,
SV020,R,195,2,3,0,0,3,Stimulus,,,,,,,,,,,,
SV020,R,196,3,2,0,0,2,Stimulus,,,,,,,,,,,,
SV020,R,197,2,0,1,1,3,Stimulus,,,,,,,,,,,,
SV020,R,198,3,0,0,0,3,Stimulus,,,,,,,,,,,,
SV020,R,199,3,2,1,0,2,Stimulus,,,,,,,,,,,,
SV020,R,200,2,3,1,1,3,Stimulus,,,,,,,,,,,,
SV020,R,201,2,3,1,1,3,Stimulus,,,,,,,,,,,,
SV020,R,202,3,2,1,1,2,Stimulus,,,,,,,,,,,,
SV020,R,203,3,3,0,1,3,Stimulus,,,,,,,,,,,,
SV020,R,204,2,0,0,0,2,Stimulus,,,,,,,,,,,,
SV020,R,205,2,3,0,1,3,Stimulus,,,,,,,,,,,,
SV020,R,206,2,2,0,1,2,Stimulus,,,,,,,,,,,,
SV020,R,207,2,0,1,1,2,Stimulus,,,,,,,,,,,,
SV020,R,208,2,3,1,0,3,Stimulus,,,,,,,,,,,,
SV020,R,209,2,3,0,0,2,Stimulus,,,,,,,,,,,,
SV020,R,210,2,2,0,0,2,Stimulus,,,,,,,,,,,,
SV020,R,211,2,2,0,0,2,Stimulus,,,,,,,,,,,,
SV020,R,212,2,0,0,1,1,Stimulus,,,,,,,,,,,,
SV020,R,213,2,0,1,1,1,Stimulus,,,,,,,,,,,,
SV020,R,214,3,2,0,0,1,Stimulus,,,,,,,,,,,,
SV020,R,215,2,0,1,0,2,Stimulus,,,,,,,,,,,,
SV020,R,216,2,0,1,1,2,Stimulus,,,,,,,,,,,,
SV020,R,217,3,0,1,0,2,Stimulus,,,,,,,,,,,,
SV020,R,218,2,2,0,1,2,Stimulus,,,,,,,,,,,,
SV020,R,219,3,3,0,1,3,Stimulus,,,,,,,,,,,,
SV020,R,220,3,3,0,1,3,Stimulus,,,,,,,,,,,,
SV020,R,221,3,0,1,1,2,Stimulus,,,,,,,,,,,,
SV020,R,222,2,3,1,1,3,Stimulus,,,,,,,,,,,,
SV020,R,223,3,3,0,1,3,Stimulus,,,,,,,,,,,,
SV020,R,224,3,2,1,1,2,Stimulus,,,,,,,,,,,,
SV020,R,225,3,2,1,1,2,Stimulus,,,,,,,,,,,,
SV020,R,226,2,3,0,1,3,Stimulus,,,,,,,,,,,,
SV020,R,227,2,3,1,1,3,Stimulus,,,,,,,,,,,,
SV020,R,228,2,0,0,0,2,Stimulus,,,,,,,,,,,,
SV020,R,229,2,3,0,0,2,Stimulus,,,,,,,,,,,,
SV020,R,230,2,3,0,0,3,Stimulus,,,,,,,,,,,,
SV020,R,231,3,2,0,0,2,Stimulus,,,,,,,,,,,,
SV020,R,232,2,2,1,0,2,Stimulus,,,,,,,,,,,,
SV020,R,233,3,0,0,0,2,Stimulus,,,,,,,,,,,,
SV020,R,234,2,3,0,1,3,Stimulus,,,,,,,,,,,,
SV020,R,235,2,0,0,0,3,Stimulus,,,,,,,,,,,,
SV020,R,236,3,3,1,1,2,Stimulus,,,,,,,,,,,,
SV020,R,237,2,2,1,1,2,Stimulus,,,,,,,,,,,,
SV020,R,238,2,3,1,1,3,Stimulus,,,,,,,,,,,,
SV020,R,239,3,3,0,1,3,Stimulus,,,,,,,,,,,,
SV020,R,240,3,3,1,1,3,Stimulus,,,,,,,,,,,,
SV020,R,241,2,2,0,1,2,Stimulus,,,,,,,,,,,,
SV020,R,242,3,0,0,0,0,Stimulus,,,,,,,,,,,,
SV020,R,243,3,2,1,1,2,Stimulus,,,,,,,,,,,,
SV020,R,244,3,3,1,0,3,Stimulus,,,,,,,,,,,,
SV020,R,245,2,2,0,0,2,Stimulus,,,,,,,,,,,,
SV020,R,246,3,0,1,0,0,Stimulus,,,,,,,,,,,,
SV020,R,247,3,3,0,0,3,Stimulus,,,,,,,,,,,,
SV020,R,248,3,3,1,1,3,Stimulus,,,,,,,,,,,,
SV020,R,249,2,2,0,1,2,Stimulus,,,,,,,,,,,,
SV020,R,250,3,2,0,0,2,Stimulus,,,,,,,,,,,,
SV020,R,251,3,3,1,0,3,Stimulus,,,,,,,,,,,,
SV020,R,252,2,0,0,1,0,Stimulus,,,,,,,,,,,,
SV020,R,253,3,3,0,1,3,Stimulus,,,,,,,,,,,,
SV020,R,254,3,2,0,1,2,Stimulus,,,,,,,,,,,,
SV020,R,255,3,2,0,0,2,Stimulus,,,,,,,,,,,,
SV020,R,256,2,2,1,0,2,Stimulus,,,,,,,,,,,,
SV020,R,257,2,3,1,0,3,Stimulus,,,,,,,,,,,,
SV020,R,258,3,2,0,0,2,Stimulus,,,,,,,,,,,,
SV020,R,259,3,3,1,0,3,Stimulus,,,,,,,,,,,,
SV020,R,260,2,0,1,1,0,Stimulus,,,,,,,,,,,,
SV020,R,261,2,0,0,1,0,Stimulus,,,,,,,,,,,,
SV020,R,262,2,3,0,0,3,Stimulus,,,,,,,,,,,,
SV020,R,263,2,2,0,1,2,Stimulus,,,,,,,,,,,,
SV020,R,264,2,3,1,1,3,Stimulus,,,,,,,,,,,,
SV020,R,265,2,3,1,1,3,Stimulus,,,,,,,,,,,,
SV020,R,266,2,2,0,0,2,Stimulus,,,,,,,,,,,,
SV020,R,267,3,3,0,0,3,Stimulus,,,,,,,,,,,,
SV020,R,268,2,0,0,1,0,Stimulus,,,,,,,,,,,,
SV020,R,269,2,2,1,1,2,Stimulus,,,,,,,,,,,,
SV020,R,270,2,0,1,1,0,Stimulus,,,,,,,,,,,,
SV020,R,271,3,3,1,1,3,Stimulus,,,,,,,,,,,,
SV020,R,272,2,0,0,0,0,Stimulus,,,,,,,,,,,,
SV020,R,273,2,2,0,1,2,Stimulus,,,,,,,,,,,,
SV020,R,274,2,3,0,1,3,Stimulus,,,,,,,,,,,,
SV020,R,275,2,3,0,1,3,Stimulus,,,,,,,,,,,,
SV020,R,276,2,0,0,1,0,Stimulus,,,,,,,,,,,,
SV020,R,277,3,2,0,0,2,Stimulus,,,,,,,,,,,,
SV020,R,278,2,3,0,1,3,Stimulus,,,,,,,,,,,,
SV020,R,279,3,3,0,1,3,Stimulus,,,,,,,,,,,,
SV020,R,280,2,0,1,1,0,Stimulus,,,,,,,,,,,,
SV020,R,281,3,2,1,1,2,Stimulus,,,,,,,,,,,,
SV020,R,282,2,2,1,0,2,Stimulus,,,,,,,,,,,,
SV020,R,283,2,0,1,0,0,Stimulus,,,,,,,,,,,,
SV020,R,284,3,3,1,1,3,Stimulus,,,,,,,,,,,,
SV020,R,285,3,3,1,1,3,Stimulus,,,,,,,,,,,,
SV020,R,286,2,2,1,0,2,Stimulus,,,,,,,,,,,,
SV020,R,287,2,0,0,1,0,Stimulus,,,,,,,,,,,,
SV020,R,288,2,2,1,0,2,Stimulus,,,,,,,,,,,,
SV020,R,289,3,2,1,1,2,Stimulus,,,,,,,,,,,,
SV020,R,290,3,3,1,0,3,Stimulus,,,,,,,,,,,,
SV020,R,291,3,2,1,0,2,Stimulus,,,,,,,,,,,,
SV020,R,292,3,3,1,1,3,Stimulus,,,,,,,,,,,,
SV020,R,293,3,0,0,0,0,Stimulus,,,,,,,,,,,,
SV020,R,294,3,3,1,0,3,Stimulus,,,,,,,,,,,,
SV020,R,295,2,0,1,0,0,Stimulus,,,,,,,,,,,,
SV020,R,296,2,0,1,1,0,Stimulus,,,,,,,,,,,,
SV020,R,297,2,2,0,1,0,Stimulus,,,,,,,,,,,,
SV020,R,298,2,2,1,0,0,Stimulus,,,,,,,,,,,,
SV020,R,299,2,2,0,0,0,Stimulus,,,,,,,,,,,,
SV020,R,300,2,2,0,1,0,Stimulus,,,,,,,,,,,,
SV020,R,301,3,3,0,0,3,Stimulus,,,,,,,,,,,,
SV020,R,302,3,0,1,0,0,Stimulus,,,,,,,,,,,,
SV020,R,303,3,2,0,1,2,Stimulus,,,,,,,,,,,,
SV020,R,304,3,3,0,0,3,Stimulus,,,,,,,,,,,,
SV020,R,305,3,0,0,1,0,Stimulus,,,,,,,,,,,,
SV020,R,306,2,0,1,1,0,Stimulus,,,,,,,,,,,,
SV020,R,307,2,2,1,1,2,Stimulus,,,,,,,,,,,,
SV020,R,308,2,3,0,0,3,Stimulus,,,,,,,,,,,,
SV020,R,309,3,0,0,0,0,Stimulus,,,,,,,,,,,,
SV020,R,310,2,3,0,1,3,Stimulus,,,,,,,,,,,,
SV020,R,311,3,0,1,1,0,Stimulus,,,,,,,,,,,,
SV020,R,312,3,2,0,1,2,Stimulus,,,,,,,,,,,,
SV020,R,313,2,3,1,0,3,Stimulus,,,,,,,,,,,,
SV020,R,314,3,2,1,0,2,Stimulus,,,,,,,,,,,,
SV020,R,315,2,2,1,1,2,Stimulus,,,,,,,,,,,,
SV020,R,316,2,0,0,1,0,Stimulus,,,,,,,,,,,,
SV020,R,317,3,3,0,0,3,Stimulus,,,,,,,,,,,,
SV020,R,318,2,3,0,0,3,Stimulus,,,,,,,,,,,,
SV020,R,319,2,3,1,1,3,Stimulus,,,,,,,,,,,,
SV020,R,320,2,0,1,1,0,Stimulus,,,,,,,,,,,,
SV020,R,321,2,3,1,0,3,Stimulus,,,,,,,,,,,,
SV020,R,322,2,2,0,0,2,Stimulus,,,,,,,,,,,,
SV020,R,323,2,0,1,0,2,Stimulus,,,,,,,,,,,,
SV020,R,324,2,2,0,1,2,Stimulus,,,,,,,,,,,,
SV020,R,325,2,0,0,1,0,Stimulus,,,,,,,,,,,,
SV020,R,326,3,0,0,1,0,Stimulus,,,,,,,,,,,,
SV020,R,327,2,3,0,1,3,Stimulus,,,,,,,,,,,,
SV020,R,328,2,0,0,0,0,Stimulus,,,,,,,,,,,,
SV020,R,329,3,2,1,1,2,Stimulus,,,,,,,,,,,,
SV020,R,330,2,0,0,0,0,Stimulus,,,,,,,,,,,,
SV020,R,331,3,2,1,0,2,Stimulus,,,,,,,,,,,,
SV020,R,332,2,0,1,0,0,Stimulus,,,,,,,,,,,,
SV020,R,333,3,3,0,0,3,Stimulus,,,,,,,,,,,,
SV020,R,334,3,3,0,1,3,Stimulus,,,,,,,,,,,,
SV020,R,335,2,2,0,0,2,Stimulus,,,,,,,,,,,,
SV020,R,336,3,2,1,0,2,Stimulus,,,,,,,,,,,,
SV020,R,337,3,2,1,0,2,Stimulus,,,,,,,,,,,,
SV020,R,338,2,3,1,0,3,Stimulus,,,,,,,,,,,,
SV020,R,339,3,2,1,0,2,Stimulus,,,,,,,,,,,,
SV020,R,340,3,0,1,0,0,Stimulus,,,,,,,,,,,,
SV020,R,341,3,2,0,1,2,Stimulus,,,,,,,,,,,,
SV020,R,342,3,2,0,1,2,Stimulus,,,,,,,,,,,,
SV020,R,343,2,3,1,1,3,Stimulus,,,,,,,,,,,,
SV020,R,344,2,0,1,0,0,Stimulus,,,,,,,,,,,,
SV020,R,345,3,0,1,1,0,Stimulus,,,,,,,,,,,,
SV020,R,346,2,3,1,0,3,Stimulus,,,,,,,,,,,,
SV020,R,347,2,0,1,0,3,Stimulus,,,,,,,,,,,,
SV020,R,348,2,2,1,1,2,Stimulus,,,,,,,,,,,,
SV020,R,349,3,2,1,1,2,Stimulus,,,,,,,,,,,,
SV020,R,350,3,0,0,1,0,Stimulus,,,,,,,,,,,,
SV020,R,351,3,2,1,0,2,Stimulus,,,,,,,,,,,,
SV020,R,352,2,0,0,0,0,Stimulus,,,,,,,,,,,,
SV020,R,353,2,3,0,1,3,Stimulus,,,,,,,,,,,,
SV020,R,354,2,2,0,0,2,Stimulus,,,,,,,,,,,,
SV020,R,355,2,3,0,0,3,Stimulus,,,,,,,,,,,,
SV020,R,356,2,0,0,1,0,Stimulus,,,,,,,,,,,,
SV020,R,357,2,3,1,1,3,Stimulus,,,,,,,,,,,,
SV020,R,358,2,3,1,1,3,Stimulus,,,,,,,,,,,,
SV020,R,359,3,0,0,1,0,Stimulus,,,,,,,,,,,,
SV020,R,360,3,2,0,1,2,Stimulus,,,,,,,,,,,,
SV020,R,361,3,2,0,0,2,Stimulus,,,,,,,,,,,,
SV020,R,362,2,2,0,1,2,Stimulus,,,,,,,,,,,,
SV020,R,363,2,3,0,0,3,Stimulus,,,,,,,,,,,,
SV020,R,364,2,2,0,0,2,Stimulus,,,,,,,,,,,,
SV020,R,365,2,0,0,0,2,Stimulus,,,,,,,,,,,,
SV020,R,366,2,3,1,1,3,Stimulus,,,,,,,,,,,,
SV020,R,367,2,0,1,1,0,Stimulus,,,,,,,,,,,,
SV020,R,368,3,2,0,1,2,Stimulus,,,,,,,,,,,,
SV020,R,369,3,3,1,1,3,Stimulus,,,,,,,,,,,,
SV020,R,370,3,0,1,1,0,Stimulus,,,,,,,,,,,,
SV020,R,371,3,2,0,0,2,Stimulus,,,,,,,,,,,,
SV020,R,372,2,0,0,0,0,Stimulus,,,,,,,,,,,,
SV020,R,373,2,3,1,1,3,Stimulus,,,,,,,,,,,,
SV020,R,374,2,3,0,1,3,Stimulus,,,,,,,,,,,,
SV020,R,375,3,0,0,0,0,Stimulus,,,,,,,,,,,,
SV020,R,376,3,0,0,0,0,Stimulus,,,,,,,,,,,,
SV020,R,377,3,0,1,1,0,Stimulus,,,,,,,,,,,,
SV020,R,378,3,3,1,1,3,Stimulus,,,,,,,,,,,,
SV020,R,379,2,3,1,0,3,Stimulus,,,,,,,,,,,,
SV020,R,380,2,3,1,0,3,Stimulus,,,,,,,,,,,,
SV020,R,381,2,3,0,0,3,Stimulus,,,,,,,,,,,,
SV020,R,382,3,2,1,0,2,Stimulus,,,,,,,,,,,,
SV020,R,383,3,0,0,0,0,Stimulus,,,,,,,,,,,,
SV020,R,384,3,3,1,1,3,Stimulus,,,,,,,,,,,,
SV020,R,385,2,3,0,0,3,Stimulus,,,,,,,,,,,,
SV020,R,386,2,0,1,1,3,Stimulus,,,,,,,,,,,,
SV020,R,387,3,0,0,1,0,Stimulus,,,,,,,,,,,,
SV020,R,388,2,3,0,1,3,Stimulus,,,,,,,,,,,,
SV020,R,389,3,0,0,0,0,Stimulus,,,,,,,,,,,,
SV020,R,390,3,3,1,0,3,Stimulus,,,,,,,,,,,,
SV020,R,391,2,0,1,0,0,Stimulus,,,,,,,,,,,,
SV020,R,392,2,3,1,0,3,Stimulus,,,,,,,,,,,,
SV020,R,393,3,0,0,0,0,Stimulus,,,,,,,,,,,,
SV020,R,394,3,2,1,0,2,Stimulus,,,,,,,,,,,,
SV020,R,395,3,2,0,1,2,Stimulus,,,,,,,,,,,,
SV020,R,396,2,2,0,1,2,Stimulus,,,,,,,,,,,,
SV020,R,397,3,3,0,1,3,Stimulus,,,,,,,,,,,,
SV020,R,398,3,0,1,0,0,Stimulus,,,,,,,,,,,,
SV020,R,399,2,2,1,1,2,Stimulus,,,,,,,,,,,,
SV020,R,400,3,3,0,1,3,Stimulus,,,,,,,,,,,,
SV020,R,401,3,3,0,1,3,Stimulus,,,,,,,,,,,,
SV020,R,402,2,2,0,0,2,Stimulus,,,,,,,,,,,,
SV020,R,403,3,0,1,1,0,Stimulus,,,,,,,,,,,,
SV020,R,404,2,0,1,1,0,Stimulus,,,,,,,,,,,,
SV020,R,405,2,0,0,1,0,Stimulus,,,,,,,,,,,,
SV020,R,406,3,3,1,0,3,Stimulus,,,,,,,,,,,,
SV020,R,407,3,0,1,1,0,Stimulus,,,,,,,,,,,,
SV020,R,408,3,0,0,1,0,Stimulus,,,,,,,,,,,,
SV020,R,409,2,3,0,1,3,Stimulus,,,,,,,,,,,,
SV020,R,410,3,2,1,1,2,Stimulus,,,,,,,,,,,,
SV020,R,411,2,3,0,0,3,Stimulus,,,,,,,,,,,,
SV020,R,412,3,2,0,0,2,Stimulus,,,,,,,,,,,,
SV020,R,413,2,3,1,0,3,Stimulus,,,,,,,,,,,,
SV020,R,414,2,2,1,0,2,Stimulus,,,,,,,,,,,,
SV020,R,415,2,0,1,1,1,Stimulus,,,,,,,,,,,,
SV020,R,416,2,0,0,1,0,Stimulus,,,,,,,,,,,,
SV020,R,417,3,0,1,1,0,Stimulus,,,,,,,,,,,,
SV020,R,418,2,2,1,0,2,Stimulus,,,,,,,,,,,,
SV020,R,419,2,2,1,0,2,Stimulus,,,,,,,,,,,,
SV020,R,420,3,2,0,1,2,Stimulus,,,,,,,,,,,,
SV020,R,421,2,2,0,1,2,Stimulus,,,,,,,,,,,,
SV020,R,422,3,0,1,0,0,Stimulus,,,,,,,,,,,,
SV020,R,423,3,0,1,0,0,Stimulus,,,,,,,,,,,,
SV020,R,424,3,0,1,0,0,Stimulus,,,,,,,,,,,,
SV020,R,425,2,3,0,0,3,Stimulus,,,,,,,,,,,,
SV020,R,426,2,0,0,0,0,Stimulus,,,,,,,,,,,,
SV020,R,427,2,0,0,0,0,Stimulus,,,,,,,,,,,,
SV020,R,428,3,3,1,0,3,Stimulus,,,,,,,,,,,,
SV020,R,429,3,2,1,1,2,Stimulus,,,,,,,,,,,,
SV020,R,430,3,3,0,1,3,Stimulus,,,,,,,,,,,,
SV020,R,431,2,2,1,1,2,Stimulus,,,,,,,,,,,,
SV020,R,432,2,2,1,0,2,Stimulus,,,,,,,,,,,,
SV020,R,433,2,2,0,0,2,Stimulus,,,,,,,,,,,,
SV020,R,434,2,0,0,0,0,Stimulus,,,,,,,,,,,,
SV020,R,435,3,3,0,1,3,Stimulus,,,,,,,,,,,,
SV020,R,436,2,2,1,1,2,Stimulus,,,,,,,,,,,,
SV020,R,437,2,3,0,1,3,Stimulus,,,,,,,,,,,,
SV020,R,438,2,2,1,1,2,Stimulus,,,,,,,,,,,,
SV020,R,439,3,3,0,0,3,Stimulus,,,,,,,,,,,,
SV020,R,440,2,2,1,1,2,Stimulus,,,,,,,,,,,,
SV020,R,441,3,3,0,1,3,Stimulus,,,,,,,,,,,,
SV020,R,442,3,2,1,1,2,Stimulus,,,,,,,,,,,,
SV020,R,443,2,3,1,1,3,Stimulus,,,,,,,,,,,,
SV020,R,444,3,2,1,0,2,Stimulus,,,,,,,,,,,,
SV020,R,445,3,3,0,0,3,Stimulus,,,,,,,,,,,,
SV020,R,446,3,0,0,0,0,Stimulus,,,,,,,,,,,,
SV020,R,447,3,0,1,1,0,Stimulus,,,,,,,,,,,,
SV020,R,448,3,0,1,0,0,Stimulus,,,,,,,,,,,,
SV020,R,449,3,2,0,1,2,Stimulus,,,,,,,,,,,,
SV020,R,450,3,3,0,1,3,Stimulus,,,,,,,,,,,,
SV020,R,451,3,0,1,1,0,Stimulus,,,,,,,,,,,,
SV020,R,452,2,2,0,0,2,Stimulus,,,,,,,,,,,,
SV020,R,453,3,3,1,0,3,Stimulus,,,,,,,,,,,,
SV020,R,454,3,0,0,1,0,Stimulus,,,,,,,,,,,,
SV020,R,455,3,0,0,1,0,Stimulus,,,,,,,,,,,,
SV020,R,456,2,3,1,0,3,Stimulus,,,,,,,,,,,,
SV020,R,457,3,2,0,0,2,Stimulus,,,,,,,,,,,,
SV020,R,458,2,0,1,0,0,Stimulus,,,,,,,,,,,,
SV020,R,459,3,2,1,1,2,Stimulus,,,,,,,,,,,,
SV020,R,460,3,3,0,0,3,Stimulus,,,,,,,,,,,,
SV020,R,461,3,0,1,0,0,Stimulus,,,,,,,,,,,,
SV020,R,462,2,0,1,0,0,Stimulus,,,,,,,,,,,,
SV020,R,463,3,0,1,1,0,Stimulus,,,,,,,,,,,,
SV020,R,464,3,3,1,1,3,Stimulus,,,,,,,,,,,,
SV020,R,465,3,3,1,0,3,Stimulus,,,,,,,,,,,,
SV020,R,466,3,2,1,1,2,Stimulus,,,,,,,,,,,,
SV020,R,467,2,3,1,1,3,Stimulus,,,,,,,,,,,,
SV020,R,468,2,0,0,0,2,Stimulus,,,,,,,,,,,,
SV020,R,469,3,3,0,0,3,Stimulus,,,,,,,,,,,,
SV020,R,470,3,2,0,0,2,Stimulus,,,,,,,,,,,,
SV020,R,471,3,0,0,1,0,Stimulus,,,,,,,,,,,,
SV020,R,472,3,3,1,1,3,Stimulus,,,,,,,,,,,,
SV020,R,473,2,3,0,0,3,Stimulus,,,,,,,,,,,,
SV020,R,474,3,0,1,0,0,Stimulus,,,,,,,,,,,,
SV020,R,475,2,2,1,1,2,Stimulus,,,,,,,,,,,,
SV020,R,476,2,2,1,0,2,Stimulus,,,,,,,,,,,,
SV020,R,477,3,2,0,0,2,Stimulus,,,,,,,,,,,,
SV020,R,478,2,0,1,0,0,Stimulus,,,,,,,,,,,,
SV020,R,479,3,0,0,0,0,Stimulus,,,,,,,,,,,,
SV020,R,480,3,0,0,1,0,Stimulus,,,,,,,,,,,,
