subj_id,eye,trial_no,n_flash,n_beep,direction,blindspot,response,phase,fixation_x_mean,fixation_x_max,fixation_y_mean,fixation_y_max,pupil_avg_mean,pupil_avg_max,fixation_duration_mean,saccade_amplitude_mean,saccade_amplitude_max,saccade_velocity_mean,saccade_velocity_max,saccade_duration_mean
SV029,L,1,2,2,0,1,2,Fixation,,,,,,,,,,,,
SV029,L,2,3,2,1,0,2,Fixation,,,,,,,,,,,,
SV029,L,3,3,3,1,0,2,Fixation,,,,,,,,,,,,
SV029,L,4,2,0,1,1,2,Fixation,,,,,,,,,,,,
SV029,L,5,3,3,1,1,2,Fixation,,,,,,,,,,,,
SV029,L,6,3,0,0,1,2,Fixation,,,,,,,,,,,,
SV029,L,7,3,2,1,1,2,Fixation,,,,,,,,,,,,
SV029,L,8,2,0,1,1,2,Fixation,,,,,,,,,,,,
SV029,L,9,3,0,0,1,2,Fixation,,,,,,,,,,,,
SV029,L,10,2,2,1,1,2,Fixation,,,,,,,,,,,,
SV029,L,11,3,2,0,1,2,Fixation,,,,,,,,,,,,
SV029,L,12,3,2,1,0,2,Fixation,,,,,,,,,,,,
SV029,L,13,3,3,0,0,3,Fixation,,,,,,,,,,,,
SV029,L,14,3,3,1,1,3,Fixation,,,,,,,,,,,,
SV029,L,15,3,3,1,0,2,Fixation,,,,,,,,,,,,
SV029,L,16,3,2,1,1,2,Fixation,,,,,,,,,,,,
SV029,L,17,3,3,1,0,3,Fixation,,,,,,,,,,,,
SV029,L,18,3,2,0,0,3,Fixation,,,,,,,,,,,,
SV029,L,19,3,2,0,0,2,Fixation,,,,,,,,,,,,
SV029,L,20,2,2,1,0,2,Fixation,,,,,,,,,,,,
SV029,L,21,2,2,1,0,2,Fixation,,,,,,,,,,,,
SV029,L,22,3,3,1,0,3,Fixation,,,,,,,,,,,,
SV029,L,23,2,2,1,0,2,Fixation,,,,,,,,,,,,
SV029,L,24,3,0,0,1,2,Fixation,,,,,,,,,,,,
SV029,L,25,3,0,1,1,2,Fixation,,,,,,,,,,,,
SV029,L,26,3,0,0,1,2,Fixation,,,,,,,,,,,,
SV029,L,27,3,0,1,1,2,Fixation,,,,,,,,,,,,
SV029,L,28,2,2,1,1,2,Fixation,,,,,,,,,,,,
SV029,L,29,2,3,1,1,2,Fixation,,,,,,,,,,,,
SV029,L,30,2,0,1,0,2,Fixation,,,,,,,,,,,,
SV029,L,31,3,2,0,0,2,Fixation,,,,,,,,,,,,
SV029,L,32,2,3,0,0,3,Fixation,,,,,,,,,,,,
SV029,L,33,2,0,1,1,2,Fixation,,,,,,,,,,,,
SV029,L,34,2,3,1,1,2,Fixation,,,,,,,,,,,,
SV029,L,35,3,2,1,0,2,Fixation,,,,,,,,,,,,
SV029,L,36,3,0,1,0,2,Fixation,,,,,,,,,,,,
SV029,L,37,2,3,0,0,2,Fixation,,,,,,,,,,,,
SV029,L,38,2,2,0,0,2,Fixation,,,,,,,,,,,,
SV029,L,39,3,3,1,0,2,Fixation,,,,,,,,,,,,
SV029,L,40,2,3,0,1,3,Fixation,,,,,,,,,,,,
SV029,L,41,3,3,0,0,3,Fixation,,,,,,,,,,,,
SV029,L,42,3,3,0,0,3,Fixation,,,,,,,,,,,,
SV029,L,43,2,2,1,1,2,Fixation,,,,,,,,,,,,
SV029,L,44,3,3,0,1,3,Fixation,,,,,,,,,,,,
SV029,L,45,2,3,0,1,3,Fixation,,,,,,,,,,,,
SV029,L,46,2,0,1,1,2,Fixation,,,,,,,,,,,,
SV029,L,47,3,3,0,0,2,Fixation,,,,,,,,,,,,
SV029,L,48,3,3,1,1,3,Fixation,,,,,,,,,,,,
SV029,L,49,2,2,1,1,2,Fixation,,,,,,,,,,,,
SV029,L,50,3,3,1,1,2,Fixation,,,,,,,,,,,,
SV029,L,51,3,2,0,1,3,Fixation,,,,,,,,,,,,
SV029,L,52,2,2,0,1,2,Fixation,,,,,,,,,,,,
SV029,L,53,2,0,0,0,2,Fixation,,,,,,,,,,,,
SV029,L,54,2,2,1,1,2,Fixation,,,,,,,,,,,,
SV029,L,55,2,3,0,1,2,Fixation,,,,,,,,,,,,
SV029,L,56,3,3,1,1,2,Fixation,,,,,,,,,,,,
SV029,L,57,2,3,1,0,2,Fixation,,,,,,,,,,,,
SV029,L,58,3,2,0,0,2,Fixation,,,,,,,,,,,,
SV029,L,59,3,3,1,1,3,Fixation,,,,,,,,,,,,
SV029,L,60,2,0,1,0,2,Fixation,,,,,,,,,,,,
SV029,L,61,3,0,1,1,2,Fixation,,,,,,,,,,,,
SV029,L,62,2,3,1,1,2,Fixation,,,,,,,,,,,,
SV029,L,63,2,0,0,1,2,Fixation,,,,,,,,,,,,
SV029,L,64,3,3,1,0,2,Fixation,,,,,,,,,,,,
SV029,L,65,3,0,0,0,2,Fixation,,,,,,,,,,,,
SV029,L,66,2,0,0,0,2,Fixation,,,,,,,,,,,,
SV029,L,67,3,2,1,1,2,Fixation,,,,,,,,,,,,
SV029,L,68,2,0,0,1,2,Fixation,,,,,,,,,,,,
SV029,L,69,3,0,0,0,2,Fixation,,,,,,,,,,,,
SV029,L,70,3,3,0,1,3,Fixation,,,,,,,,,,,,
SV029,L,71,2,2,0,1,2,Fixation,,,,,,,,,,,,
SV029,L,72,3,2,1,1,2,Fixation,,,,,,,,,,,,
SV029,L,73,3,2,1,0,2,Fixation,,,,,,,,,,,,
SV029,L,74,2,0,1,1,2,Fixation,,,,,,,,,,,,
SV029,L,75,2,3,0,0,2,Fixation,,,,,,,,,,,,
SV029,L,76,3,0,0,0,3,Fixation,,,,,,,,,,,,
SV029,L,77,2,2,1,1,2,Fixation,,,,,,,,,,,,
SV029,L,78,2,2,1,0,2,Fixation,,,,,,,,,,,,
SV029,L,79,2,3,1,1,2,Fixation,,,,,,,,,,,,
SV029,L,80,2,2,1,1,2,Fixation,,,,,,,,,,,,
SV029,L,81,3,0,1,0,2,Fixation,,,,,,,,,,,,
SV029,L,82,2,3,0,0,3,Fixation,,,,,,,,,,,,
SV029,L,83,2,2,1,0,2,Fixation,,,,,,,,,,,,
SV029,L,84,2,3,0,0,0,Fixation,,,,,,,,,,,,
SV029,L,85,2,3,1,1,2,Fixation,,,,,,,,,,,,
SV029,L,86,2,2,0,1,2,Fixation,,,,,,,,,,,,
SV029,L,87,2,2,0,0,2,Fixation,,,,,,,,,,,,
SV029,L,88,2,2,0,0,2,Fixation,,,,,,,,,,,,
SV029,L,89,2,2,0,1,2,Fixation,,,,,,,,,,,,
SV029,L,90,3,3,0,1,3,Fixation,,,,,,,,,,,,
SV029,L,91,2,2,1,1,2,Fixation,,,,,,,,,,,,
SV029,L,92,3,0,1,0,2,Fixation,,,,,,,,,,,,
SV029,L,93,2,3,1,0,2,Fixation,,,,,,,,,,,,
SV029,L,94,2,3,1,0,2,Fixation,,,,,,,,,,,,
SV029,L,95,2,3,0,1,2,Fixation,,,,,,,,,,,,
SV029,L,96,2,2,1,0,2,Fixation,,,,,,,,,,,,
SV029,L,97,3,3,1,1,2,Fixation,,,,,,,,,,,,
SV029,L,98,3,0,0,0,3,Fixation,,,,,,,,,,,,
SV029,L,99,2,0,0,0,2,Fixation,,,,,,,,,,,,
SV029,L,100,3,3,0,1,2,Fixation,,,,,,,,,,,,
SV029,L,101,3,3,0,1,2,Fixation,,,,,,,,,,,,
SV029,L,102,3,0,1,0,2,Fixation,,,,,,,,,,,,
SV029,L,103,3,0,0,1,2,Fixation,,,,,,,,,,,,
SV029,L,104,3,2,0,1,2,Fixation,,,,,,,,,,,,
SV029,L,105,3,2,0,1,2,Fixation,,,,,,,,,,,,
SV029,L,106,2,0,0,1,2,Fixation,,,,,,,,,,,,
SV029,L,107,2,2,0,0,2,Fixation,,,,,,,,,,,,
SV029,L,108,2,2,0,0,2,Fixation,,,,,,,,,,,,
SV029,L,109,2,3,1,0,2,Fixation,,,,,,,,,,,,
SV029,L,110,2,0,1,1,2,Fixation,,,,,,,,,,,,
SV029,L,111,3,2,1,0,2,Fixation,,,,,,,,,,,,
SV029,L,112,3,2,0,1,2,Fixation,,,,,,,,,,,,
SV029,L,113,3,2,1,1,2,Fixation,,,,,,,,,,,,
SV029,L,114,3,3,0,0,2,Fixation,,,,,,,,,,,,
SV029,L,115,2,0,1,0,2,Fixation,,,,,,,,,,,,
SV029,L,116,3,2,1,1,2,Fixation,,,,,,,,,,,,
SV029,L,117,3,0,0,0,2,Fixation,,,,,,,,,,,,
SV029,L,118,3,3,1,0,2,Fixation,,,,,,,,,,,,
SV029,L,119,3,2,1,1,2,Fixation,,,,,,,,,,,,
SV029,L,120,3,0,0,0,2,Fixation,,,,,,,,,,,,
SV029,L,121,3,0,0,1,2,Fixation,,,,,,,,,,,,
SV029,L,122,2,2,0,0,2,Fixation,,,,,,,,,,,,
SV029,L,123,3,0,1,1,2,Fixation,,,,,,,,,,,,
SV029,L,124,2,0,1,0,2,Fixation,,,,,,,,,,,,
SV029,L,125,2,2,1,0,1,Fixation,,,,,,,,,,,,
SV029,L,126,2,3,0,1,2,Fixation,,,,,,,,,,,,
SV029,L,127,3,3,0,1,3,Fixation,,,,,,,,,,,,
SV029,L,128,3,0,1,0,3,Fixation,,,,,,,,,,,,
SV029,L,129,2,2,0,1,3,Fixation,,,,,,,,,,,,
SV029,L,130,2,3,1,0,2,Fixation,,,,,,,,,,,,
SV029,L,131,2,3,1,1,2,Fixation,,,,,,,,,,,,
SV029,L,132,2,3,0,1,2,Fixation,,,,,,,,,,,,
SV029,L,133,3,2,0,1,2,Fixation,,,,,,,,,,,,
SV029,L,134,3,0,0,1,2,Fixation,,,,,,,,,,,,
SV029,L,135,3,2,0,1,2,Fixation,,,,,,,,,,,,
SV029,L,136,2,3,0,1,2,Fixation,,,,,,,,,,,,
SV029,L,137,2,0,0,1,2,Fixation,,,,,,,,,,,,
SV029,L,138,3,3,1,1,2,Fixation,,,,,,,,,,,,
SV029,L,139,2,2,1,0,2,Fixation,,,,,,,,,,,,
SV029,L,140,2,2,1,0,2,Fixation,,,,,,,,,,,,
SV029,L,141,3,2,1,0,2,Fixation,,,,,,,,,,,,
SV029,L,142,3,0,0,0,2,Fixation,,,,,,,,,,,,
SV029,L,143,3,0,0,1,2,Fixation,,,,,,,,,,,,
SV029,L,144,2,3,0,0,2,Fixation,,,,,,,,,,,,
SV029,L,145,3,2,1,0,2,Fixation,,,,,,,,,,,,
SV029,L,146,2,3,0,0,2,Fixation,,,,,,,,,,,,
SV029,L,147,2,3,0,0,2,Fixation,,,,,,,,,,,,
SV029,L,148,3,0,1,0,2,Fixation,,,,,,,,,,,,
SV029,L,149,3,3,1,0,2,Fixation,,,,,,,,,,,,
SV029,L,150,3,0,1,1,2,Fixation,,,,,,,,,,,,
SV029,L,151,3,3,1,1,2,Fixation,,,,,,,,,,,,
SV029,L,152,2,3,0,0,2,Fixation,,,,,,,,,,,,
SV029,L,153,3,0,1,1,2,Fixation,,,,,,,,,,,,
SV029,L,154,2,2,0,1,2,Fixation,,,,,,,,,,,,
SV029,L,155,2,0,0,1,2,Fixation,,,,,,,,,,,,
SV029,L,156,3,3,0,0,2,Fixation,,,,,,,,,,,,
SV029,L,157,3,2,0,0,2,Fixation,,,,,,,,,,,,
SV029,L,158,3,0,1,1,2,Fixation,,,,,,,,,,,,
SV029,L,159,2,2,1,0,2,Fixation,,,,,,,,,,,,
SV029,L,160,3,3,0,1,2,Fixation,,,,,,,,,,,,
SV029,L,161,2,2,0,0,3,Fixation,,,,,,,,,,,,
SV029,L,162,3,2,0,0,2,Fixation,,,,,,,,,,,,
SV029,L,163,2,0,0,0,2,Fixation,,,,,,,,,,,,
SV029,L,164,3,2,1,0,2,Fixation,,,,,,,,,,,,
SV029,L,165,2,3,1,1,2,Fixation,,,,,,,,,,,,
SV029,L,166,3,0,1,0,2,Fixation,,,,,,,,,,,,
SV029,L,167,2,3,1,0,2,Fixation,,,,,,,,,,,,
SV029,L,168,2,3,1,1,2,Fixation,,,,,,,,,,,,
SV029,L,169,2,0,1,1,2,Fixation,,,,,,,,,,,,
SV029,L,170,3,3,1,1,2,Fixation,,,,,,,,,,,,
SV029,L,171,3,3,1,0,2,Fixation,,,,,,,,,,,,
SV029,L,172,3,0,0,1,2,Fixation,,,,,,,,,,,,
SV029,L,173,2,0,1,0,2,Fixation,,,,,,,,,,,,
SV029,L,174,2,0,0,1,2,Fixation,,,,,,,,,,,,
SV029,L,175,3,0,0,0,2,Fixation,,,,,,,,,,,,
SV029,L,176,2,0,1,1,1,Fixation,,,,,,,,,,,,
SV029,L,177,2,3,1,0,2,Fixation,,,,,,,,,,,,
SV029,L,178,3,3,0,0,2,Fixation,,,,,,,,,,,,
SV029,L,179,3,3,0,1,3,Fixation,,,,,,,,,,,,
SV029,L,180,3,0,0,0,3,Fixation,,,,,,,,,,,,
SV029,L,181,3,3,0,1,2,Fixation,,,,,,,,,,,,
SV029,L,182,2,0,0,1,2,Fixation,,,,,,,,,,,,
SV029,L,183,3,2,0,0,2,Fixation,,,,,,,,,,,,
SV029,L,184,2,0,0,0,2,Fixation,,,,,,,,,,,,
SV029,L,185,2,0,1,0,2,Fixation,,,,,,,,,,,,
SV029,L,186,2,0,0,1,2,Fixation,,,,,,,,,,,,
SV029,L,187,3,2,0,1,2,Fixation,,,,,,,,,,,,
SV029,L,188,3,3,1,0,3,Fixation,,,,,,,,,,,,
SV029,L,189,2,3,1,0,2,Fixation,,,,,,,,,,,,
SV029,L,190,3,3,0,0,3,Fixation,,,,,,,,,,,,
SV029,L,191,2,3,1,1,3,Fixation,,,,,,,,,,,,
SV029,L,192,2,2,0,1,2,Fixation,,,,,,,,,,,,
SV029,L,193,2,0,0,1,2,Fixation,,,,,,,,,,,,
SV029,L,194,3,0,1,0,2,Fixation,,,,,,,,,,,,
SV029,L,195,3,2,0,0,2,Fixation,,,,,,,,,,,,
SV029,L,196,2,3,0,1,3,Fixation,,,,,,,,,,,,
SV029,L,197,2,2,1,1,2,Fixation,,,,,,,,,,,,
SV029,L,198,2,0,1,0,2,Fixation,,,,,,,,,,,,
SV029,L,199,2,2,0,0,2,Fixation,,,,,,,,,,,,
SV029,L,200,3,3,0,0,2,Fixation,,,,,,,,,,,,
SV029,L,201,3,3,0,1,2,Fixation,,,,,,,,,,,,
SV029,L,202,2,3,1,0,2,Fixation,,,,,,,,,,,,
SV029,L,203,2,0,0,0,2,Fixation,,,,,,,,,,,,
SV029,L,204,2,3,0,1,2,Fixation,,,,,,,,,,,,
SV029,L,205,3,0,1,0,2,Fixation,,,,,,,,,,,,
SV029,L,206,3,0,0,1,2,Fixation,,,,,,,,,,,,
SV029,L,207,3,0,1,0,2,Fixation,,,,,,,,,,,,
SV029,L,208,3,2,1,1,2,Fixation,,,,,,,,,,,,
SV029,L,209,2,0,1,0,2,Fixation,,,,,,,,,,,,
SV029,L,210,2,0,0,0,2,Fixation,,,,,,,,,,,,
SV029,L,211,3,0,1,1,2,Fixation,,,,,,,,,,,,
SV029,L,212,2,0,1,1,2,Fixation,,,,,,,,,,,,
SV029,L,213,3,0,1,1,2,Fixation,,,,,,,,,,,,
SV029,L,214,2,3,1,0,2,Fixation,,,,,,,,,,,,
SV029,L,215,3,2,0,0,3,Fixation,,,,,,,,,,,,
SV029,L,216,3,2,1,0,2,Fixation,,,,,,,,,,,,
SV029,L,217,2,0,1,1,2,Fixation,,,,,,,,,,,,
SV029,L,218,2,3,0,1,3,Fixation,,,,,,,,,,,,
SV029,L,219,2,3,0,0,2,Fixation,,,,,,,,,,,,
SV029,L,220,2,3,1,1,2,Fixation,,,,,,,,,,,,
SV029,L,221,2,0,0,1,2,Fixation,,,,,,,,,,,,
SV029,L,222,3,2,1,0,2,Fixation,,,,,,,,,,,,
SV029,L,223,3,2,0,0,2,Fixation,,,,,,,,,,,,
SV029,L,224,3,0,0,0,2,Fixation,,,,,,,,,,,,
SV029,L,225,2,0,1,0,2,Fixation,,,,,,,,,,,,
SV029,L,226,3,3,0,0,2,Fixation,,,,,,,,,,,,
SV029,L,227,3,2,0,1,2,Fixation,,,,,,,,,,,,
SV029,L,228,3,2,1,1,2,Fixation,,,,,,,,,,,,
SV029,L,229,3,0,1,1,2,Fixation,,,,,,,,,,,,
SV029,L,230,2,2,0,1,2,Fixation,,,,,,,,,,,,
SV029,L,231,2,0,1,0,2,Fixation,,,,,,,,,,,,
SV029,L,232,2,2,0,0,2,Fixation,,,,,,,,,,,,
SV029,L,233,2,0,0,0,3,Fixation,,,,,,,,,,,,
SV029,L,234,3,2,0,1,2,Fixation,,,,,,,,,,,,
SV029,L,235,2,0,0,0,2,Fixation,,,,,,,,,,,,
SV029,L,236,2,2,0,0,2,Fixation,,,,,,,,,,,,
SV029,L,237,2,2,0,1,2,Fixation,,,,,,,,,,,,
SV029,L,238,2,0,0,0,2,Fixation,,,,,,,,,,,,
SV029,L,239,3,2,1,1,2,Fixation,,,,,,,,,,,,
SV029,L,240,2,2,1,1,2,Fixation,,,,,,,,,,,,
SV029,L,241,3,2,1,1,2,Fixation,,,,,,,,,,,,
SV029,L,242,3,3,0,1,3,Fixation,,,,,,,,,,,,
SV029,L,243,2,0,1,0,0,Fixation,,,,,,,,,,,,
SV029,L,244,2,2,0,1,2,Fixation,,,,,,,,,,,,
SV029,L,245,2,3,0,1,3,Fixation,,,,,,,,,,,,
SV029,L,246,3,0,0,0,0,Fixation,,,,,,,,,,,,
SV029,L,247,2,2,0,1,2,Fixation,,,,,,,,,,,,
SV029,L,248,3,3,0,1,3,Fixation,,,,,,,,,,,,
SV029,L,249,2,0,0,1,0,Fixation,,,,,,,,,,,,
SV029,L,250,3,3,1,1,3,Fixation,,,,,,,,,,,,
SV029,L,251,3,2,1,0,2,Fixation,,,,,,,,,,,,
SV029,L,252,2,3,0,1,3,Fixation,,,,,,,,,,,,
SV029,L,253,2,0,0,1,0,Fixation,,,,,,,,,,,,
SV029,L,254,2,2,0,0,2,Fixation,,,,,,,,,,,,
SV029,L,255,2,3,1,0,3,Fixation,,,,,,,,,,,,
SV029,L,256,2,2,1,0,2,Fixation,,,,,,,,,,,,
SV029,L,257,3,2,0,0,2,Fixation,,,,,,,,,,,,
SV029,L,258,2,3,1,1,3,Fixation,,,,,,,,,,,,
SV029,L,259,3,2,1,0,2,Fixation,,,,,,,,,,,,
SV029,L,260,3,0,0,1,0,Fixation,,,,,,,,,,,,
SV029,L,261,3,2,1,0,2,Fixation,,,,,,,,,,,,
SV029,L,262,3,3,1,1,3,Fixation,,,,,,,,,,,,
SV029,L,263,2,3,1,0,3,Fixation,,,,,,,,,,,,
SV029,L,264,2,3,1,0,3,Fixation,,,,,,,,,,,,
SV029,L,265,3,0,1,1,0,Fixation,,,,,,,,,,,,
SV029,L,266,3,3,1,1,3,Fixation,,,,,,,,,,,,
SV029,L,267,2,0,0,0,0,Fixation,,,,,,,,,,,,
SV029,L,268,2,2,0,1,2,Fixation,,,,,,,,,,,,
SV029,L,269,2,2,1,0,2,Fixation,,,,,,,,,,,,
SV029,L,270,2,3,0,1,3,Fixation,,,,,,,,,,,,
SV029,L,271,2,2,1,1,2,Fixation,,,,,,,,,,,,
SV029,L,272,3,3,0,1,3,Fixation,,,,,,,,,,,,
SV029,L,273,2,0,1,0,0,Fixation,,,,,,,,,,,,
SV029,L,274,3,3,1,0,3,Fixation,,,,,,,,,,,,
SV029,L,275,3,2,1,1,2,Fixation,,,,,,,,,,,,
SV029,L,276,2,0,1,1,0,Fixation,,,,,,,,,,,,
SV029,L,277,2,2,0,1,2,Fixation,,,,,,,,,,,,
SV029,L,278,2,0,1,0,0,Fixation,,,,,,,,,,,,
SV029,L,279,3,3,1,1,3,Fixation,,,,,,,,,,,,
SV029,L,280,3,3,1,0,3,Fixation,,,,,,,,,,,,
SV029,L,281,2,0,1,1,0,Fixation,,,,,,,,,,,,
SV029,L,282,2,3,1,0,3,Fixation,,,,,,,,,,,,
SV029,L,283,3,0,1,1,0,Fixation,,,,,,,,,,,,
SV029,L,284,3,0,1,0,0,Fixation,,,,,,,,,,,,
SV029,L,285,3,3,1,1,3,Fixation,,,,,,,,,,,,
SV029,L,286,3,2,1,0,2,Fixation,,,,,,,,,,,,
SV029,L,287,3,2,0,0,2,Fixation,,,,,,,,,,,,
SV029,L,288,3,2,0,1,2,Fixation,,,,,,,,,,,,
SV029,L,289,2,3,1,1,3,Fixation,,,,,,,,,,,,
SV029,L,290,3,2,1,1,2,Fixation,,,,,,,,,,,,
SV029,L,291,2,2,0,0,2,Fixation,,,,,,,,,,,,
SV029,L,292,3,3,0,1,3,Fixation,,,,,,,,,,,,
SV029,L,293,3,0,0,0,0,Fixation,,,,,,,,,,,,
SV029,L,294,3,0,0,0,0,Fixation,,,,,,,,,,,,
SV029,L,295,3,3,0,0,3,Fixation,,,,,,,,,,,,
SV029,L,296,2,2,0,0,2,Fixation,,,,,,,,,,,,
SV029,L,297,2,0,1,0,0,Fixation,,,,,,,,,,,,
SV029,L,298,2,2,1,0,2,Fixation,,,,,,,,,,,,
SV029,L,299,2,3,0,1,3,Fixation,,,,,,,,,,,,
SV029,L,300,3,2,1,0,2,Fixation,,,,,,,,,,,,
SV029,L,301,2,3,0,0,3,Fixation,,,,,,,,,,,,
SV029,L,302,3,0,0,0,0,Fixation,,,,,,,,,,,,
SV029,L,303,2,2,0,0,2,Fixation,,,,,,,,,,,,
SV029,L,304,3,0,0,0,0,Fixation,,,,,,,,,,,,
SV029,L,305,2,2,1,1,2,Fixation,,,,,,,,,,,,
SV029,L,306,2,2,1,0,2,Fixation,,,,,,,,,,,,
SV029,L,307,2,2,0,0,2,Fixation,,,,,,,,,,,,
SV029,L,308,2,3,0,0,3,Fixation,,,,,,,,,,,,
SV029,L,309,2,3,1,1,3,Fixation,,,,,,,,,,,,
SV029,L,310,2,2,1,1,2,Fixation,,,,,,,,,,,,
SV029,L,311,3,3,1,1,3,Fixation,,,,,,,,,,,,
SV029,L,312,3,3,1,1,3,Fixation,,,,,,,,,,,,
SV029,L,313,2,3,1,1,3,Fixation,,,,,,,,,,,,
SV029,L,314,2,0,1,0,0,Fixation,,,,,,,,,,,,
SV029,L,315,3,0,0,1,0,Fixation,,,,,,,,,,,,
SV029,L,316,3,2,1,1,2,Fixation,,,,,,,,,,,,
SV029,L,317,3,0,1,1,0,Fixation,,,,,,,,,,,,
SV029,L,318,2,3,0,0,3,Fixation,,,,,,,,,,,,
SV029,L,319,3,3,1,1,3,Fixation,,,,,,,,,,,,
SV029,L,320,2,2,0,1,2,Fixation,,,,,,,,,,,,
SV029,L,321,3,3,1,0,3,Fixation,,,,,,,,,,,,
SV029,L,322,3,0,1,1,0,Fixation,,,,,,,,,,,,
SV029,L,323,3,3,1,0,3,Fixation,,,,,,,,,,,,
SV029,L,324,3,2,1,0,2,Fixation,,,,,,,,,,,,
SV029,L,325,2,2,0,1,2,Fixation,,,,,,,,,,,,
SV029,L,326,2,3,1,0,3,Fixation,,,,,,,,,,,,
SV029,L,327,3,0,1,0,0,Fixation,,,,,,,,,,,,
SV029,L,328,2,3,0,1,3,Fixation,,,,,,,,,,,,
SV029,L,329,2,0,0,1,0,Fixation,,,,,,,,,,,,
SV029,L,330,3,3,0,1,3,Fixation,,,,,,,,,,,,
SV029,L,331,3,2,0,0,2,Fixation,,,,,,,,,,,,
SV029,L,332,2,0,0,1,0,Fixation,,,,,,,,,,,,
SV029,L,333,3,3,0,1,3,Fixation,,,,,,,,,,,,
SV029,L,334,3,3,1,0,3,Fixation,,,,,,,,,,,,
SV029,L,335,3,2,0,0,2,Fixation,,,,,,,,,,,,
SV029,L,336,3,3,1,0,3,Fixation,,,,,,,,,,,,
SV029,L,337,3,0,1,0,0,Fixation,,,,,,,,,,,,
SV029,L,338,3,2,1,1,2,Fixation,,,,,,,,,,,,
SV029,L,339,3,2,1,0,2,Fixation,,,,,,,,,,,,
SV029,L,340,3,0,1,1,0,Fixation,,,,,,,,,,,,
SV029,L,341,3,0,0,0,0,Fixation,,,,,,,,,,,,
SV029,L,342,3,2,1,1,2,Fixation,,,,,,,,,,,,
SV029,L,343,2,3,0,0,3,Fixation,,,,,,,,,,,,
SV029,L,344,3,0,1,0,0,Fixation,,,,,,,,,,,,
SV029,L,345,3,2,0,1,2,Fixation,,,,,,,,,,,,
SV029,L,346,3,0,0,0,0,Fixation,,,,,,,,,,,,
SV029,L,347,3,3,1,1,3,Fixation,,,,,,,,,,,,
SV029,L,348,2,0,1,0,0,Fixation,,,,,,,,,,,,
SV029,L,349,3,2,0,0,2,Fixation,,,,,,,,,,,,
SV029,L,350,3,3,0,0,3,Fixation,,,,,,,,,,,,
SV029,L,351,3,2,1,0,2,Fixation,,,,,,,,,,,,
SV029,L,352,3,3,1,0,3,Fixation,,,,,,,,,,,,
SV029,L,353,2,3,1,1,3,Fixation,,,,,,,,,,,,
SV029,L,354,2,0,1,1,0,Fixation,,,,,,,,,,,,
SV029,L,355,3,3,1,0,3,Fixation,,,,,,,,,,,,
SV029,L,356,2,2,1,1,2,Fixation,,,,,,,,,,,,
SV029,L,357,3,3,0,0,3,Fixation,,,,,,,,,,,,
SV029,L,358,2,2,1,0,2,Fixation,,,,,,,,,,,,
SV029,L,359,3,3,0,0,3,Fixation,,,,,,,,,,,,
SV029,L,360,3,3,0,1,3,Fixation,,,,,,,,,,,,
SV029,L,361,2,0,1,1,0,Fixation,,,,,,,,,,,,
SV029,L,362,2,2,0,0,2,Fixation,,,,,,,,,,,,
SV029,L,363,2,2,0,1,2,Fixation,,,,,,,,,,,,
SV029,L,364,2,2,0,0,2,Fixation,,,,,,,,,,,,
SV029,L,365,3,0,1,1,0,Fixation,,,,,,,,,,,,
SV029,L,366,2,3,0,0,3,Fixation,,,,,,,,,,,,
SV029,L,367,3,2,0,1,2,Fixation,,,,,,,,,,,,
SV029,L,368,3,2,0,1,2,Fixation,,,,,,,,,,,,
SV029,L,369,2,2,0,0,2,Fixation,,,,,,,,,,,,
SV029,L,370,2,2,1,0,2,Fixation,,,,,,,,,,,,
SV029,L,371,3,0,0,1,0,Fixation,,,,,,,,,,,,
SV029,L,372,3,2,0,0,2,Fixation,,,,,,,,,,,,
SV029,L,373,3,2,0,1,2,Fixation,,,,,,,,,,,,
SV029,L,374,2,0,0,1,0,Fixation,,,,,,,,,,,,
SV029,L,375,2,3,0,0,3,Fixation,,,,,,,,,,,,
SV029,L,376,2,0,1,1,0,Fixation,,,,,,,,,,,,
SV029,L,377,3,3,0,1,3,Fixation,,,,,,,,,,,,
SV029,L,378,3,0,1,1,0,Fixation,,,,,,,,,,,,
SV029,L,379,3,3,0,0,3,Fixation,,,,,,,,,,,,
SV029,L,380,2,3,1,0,3,Fixation,,,,,,,,,,,,
SV029,L,381,3,2,0,0,2,Fixation,,,,,,,,,,,,
SV029,L,382,2,0,1,1,0,Fixation,,,,,,,,,,,,
SV029,L,383,2,2,1,1,2,Fixation,,,,,,,,,,,,
SV029,L,384,3,0,0,1,0,Fixation,,,,,,,,,,,,
SV029,L,385,2,0,0,1,0,Fixation,,,,,,,,,,,,
SV029,L,386,2,0,0,1,0,Fixation,,,,,,,,,,,,
SV029,L,387,3,0,0,0,0,Fixation,,,,,,,,,,,,
SV029,L,388,2,2,1,1,2,Fixation,,,,,,,,,,,,
SV029,L,389,2,0,0,0,0,Fixation,,,,,,,,,,,,
SV029,L,390,3,2,1,1,2,Fixation,,,,,,,,,,,,
SV029,L,391,2,0,0,1,0,Fixation,,,,,,,,,,,,
SV029,L,392,2,3,0,0,3,Fixation,,,,,,,,,,,,
SV029,L,393,3,2,0,1,2,Fixation,,,,,,,,,,,,
SV029,L,394,3,0,0,1,0,Fixation,,,,,,,,,,,,
SV029,L,395,2,3,0,1,3,Fixation,,,,,,,,,,,,
SV029,L,396,2,0,1,0,0,Fixation,,,,,,,,,,,,
SV029,L,397,2,3,0,0,3,Fixation,,,,,,,,,,,,
SV029,L,398,3,2,0,1,2,Fixation,,,,,,,,,,,,
SV029,L,399,2,0,1,0,0,Fixation,,,,,,,,,,,,
SV029,L,400,2,3,0,0,3,Fixation,,,,,,,,,,,,
SV029,L,401,2,0,0,0,0,Fixation,,,,,,,,,,,,
SV029,L,402,2,2,1,1,2,Fixation,,,,,,,,,,,,
SV029,L,403,2,3,1,0,3,Fixation,,,,,,,,,,,,
SV029,L,404,2,0,1,0,0,Fixation,,,,,,,,,,,,
SV029,L,405,2,0,1,1,0,Fixation,,,,,,,,,,,,
SV029,L,406,3,2,0,0,2,Fixation,,,,,,,,,,,,
SV029,L,407,2,3,0,1,3,Fixation,,,,,,,,,,,,
SV029,L,408,3,3,1,0,3,Fixation,,,,,,,,,,,,
SV029,L,409,2,3,1,1,3,Fixation,,,,,,,,,,,,
SV029,L,410,3,2,1,1,2,Fixation,,,,,,,,,,,,
SV029,L,411,3,0,0,1,0,Fixation,,,,,,,,,,,,
SV029,L,412,2,2,1,0,2,Fixation,,,,,,,,,,,,
SV029,L,413,2,2,0,1,2,Fixation,,,,,,,,,,,,
SV029,L,414,2,0,1,1,0,Fixation,,,,,,,,,,,,
SV029,L,415,3,3,0,0,3,Fixation,,,,,,,,,,,,
SV029,L,416,3,3,0,0,3,Fixation,,,,,,,,,,,,
SV029,L,417,3,2,1,0,2,Fixation,,,,,,,,,,,,
SV029,L,418,2,2,1,1,2,Fixation,,,,,,,,,,,,
SV029,L,419,2,2,0,0,2,Fixation,,,,,,,,,,,,
SV029,L,420,2,3,1,0,3,Fixation,,,,,,,,,,,,
SV029,L,421,3,0,1,0,0,Fixation,,,,,,,,,,,,
SV029,L,422,3,3,1,0,3,Fixation,,,,,,,,,,,,
SV029,L,423,3,0,0,1,0,Fixation,,,,,,,,,,,,
SV029,L,424,3,0,0,0,0,Fixation,,,,,,,,,,,,
SV029,L,425,2,0,1,1,0,Fixation,,,,,,,,,,,,
SV029,L,426,3,2,0,0,2,Fixation,,,,,,,,,,,,
SV029,L,427,2,3,1,0,3,Fixation,,,,,,,,,,,,
SV029,L,428,2,2,1,0,2,Fixation,,,,,,,,,,,,
SV029,L,429,3,2,0,1,2,Fixation,,,,,,,,,,,,
SV029,L,430,2,2,1,0,2,Fixation,,,,,,,,,,,,
SV029,L,431,2,0,0,0,0,Fixation,,,,,,,,,,,,
SV029,L,432,2,3,0,1,3,Fixation,,,,,,,,,,,,
SV029,L,433,2,2,1,1,2,Fixation,,,,,,,,,,,,
SV029,L,434,2,0,0,0,0,Fixation,,,,,,,,,,,,
SV029,L,435,3,0,1,1,0,Fixation,,,,,,,,,,,,
SV029,L,436,3,2,0,1,2,Fixation,,,,,,,,,,,,
SV029,L,437,3,3,0,1,3,Fixation,,,,,,,,,,,,
SV029,L,438,3,0,0,1,0,Fixation,,,,,,,,,,,,
SV029,L,439,3,0,0,1,0,Fixation,,,,,,,,,,,,
SV029,L,440,2,0,1,1,0,Fixation,,,,,,,,,,,,
SV029,L,441,2,3,0,1,3,Fixation,,,,,,,,,,,,
SV029,L,442,3,0,1,0,0,Fixation,,,,,,,,,,,,
SV029,L,443,3,3,1,1,3,Fixation,,,,,,,,,,,,
SV029,L,444,2,3,0,0,3,Fixation,,,,,,,,,,,,
SV029,L,445,3,2,1,0,2,Fixation,,,,,,,,,,,,
SV029,L,446,2,2,0,1,2,Fixation,,,,,,,,,,,,
SV029,L,447,3,3,0,0,3,Fixation,,,,,,,,,,,,
SV029,L,448,3,0,0,0,0,Fixation,,,,,,,,,,,,
SV029,L,449,3,3,0,1,3,Fixation,,,,,,,,,,,,
SV029,L,450,3,3,0,0,3,Fixation,,,,,,,,,,,,
SV029,L,451,2,0,1,0,0,Fixation,,,,,,,,,,,,
SV029,L,452,3,2,1,1,2,Fixation,,,,,,,,,,,,
SV029,L,453,3,0,1,0,0,Fixation,,,,,,,,,,,,
SV029,L,454,3,0,1,0,0,Fixation,,,,,,,,,,,,
SV029,L,455,2,3,1,1,3,Fixation,,,,,,,,,,,,
SV029,L,456,3,0,1,0,0,Fixation,,,,,,,,,,,,
SV029,L,457,3,0,0,1,0,Fixation,,,,,,,,,,,,
SV029,L,458,2,0,0,1,0,Fixation,,,,,,,,,,,,
SV029,L,459,2,0,0,0,0,Fixation,,,,,,,,,,,,
SV029,L,460,3,3,0,0,3,Fixation,,,,,,,,,,,,
SV029,L,461,2,2,1,1,2,Fixation,,,,,,,,,,,,
SV029,L,462,3,0,1,1,0,Fixation,,,,,,,,,,,,
SV029,L,463,2,3,1,1,3,Fixation,,,,,,,,,,,,
SV029,L,464,2,0,0,1,0,Fixation,,,,,,,,,,,,
SV029,L,465,2,2,0,0,2,Fixation,,,,,,,,,,,,
SV029,L,466,3,2,1,1,2,Fixation,,,,,,,,,,,,
SV029,L,467,2,0,0,0,0,Fixation,,,,,,,,,,,,
SV029,L,468,2,3,1,1,2,Fixation,,,,,,,,,,,,
SV029,L,469,2,0,0,0,0,Fixation,,,,,,,,,,,,
SV029,L,470,3,2,0,0,2,Fixation,,,,,,,,,,,,
SV029,L,471,2,2,0,1,2,Fixation,,,,,,,,,,,,
SV029,L,472,2,0,0,0,0,Fixation,,,,,,,,,,,,
SV029,L,473,2,0,0,0,0,Fixation,,,,,,,,,,,,
SV029,L,474,2,2,1,0,2,Fixation,,,,,,,,,,,,
SV029,L,475,2,3,1,0,3,Fixation,,,,,,,,,,,,
SV029,L,476,2,3,0,1,3,Fixation,,,,,,,,,,,,
SV029,L,477,3,0,1,1,0,Fixation,,,,,,,,,,,,
SV029,L,478,2,3,1,1,3,Fixation,,,,,,,,,,,,
SV029,L,479,3,0,1,0,0,Fixation,,,,,,,,,,,,
SV029,L,480,3,2,0,1,2,Fixation,,,,,,,,,,,,
SV029,R,1,2,2,1,0,2,Fixation,,,,,,,,,,,,
SV029,R,2,2,3,1,1,3,Fixation,,,,,,,,,,,,
SV029,R,3,2,0,1,1,2,Fixation,,,,,,,,,,,,
SV029,R,4,2,0,0,1,2,Fixation,,,,,,,,,,,,
SV029,R,5,2,0,0,0,2,Fixation,,,,,,,,,,,,
SV029,R,6,3,3,1,1,3,Fixation,,,,,,,,,,,,
SV029,R,7,2,0,0,0,3,Fixation,,,,,,,,,,,,
SV029,R,8,2,2,0,1,2,Fixation,,,,,,,,,,,,
SV029,R,9,3,2,0,0,2,Fixation,,,,,,,,,,,,
SV029,R,10,2,0,1,0,3,Fixation,,,,,,,,,,,,
SV029,R,11,2,0,1,0,2,Fixation,,,,,,,,,,,,
SV029,R,12,3,3,0,0,3,Fixation,,,,,,,,,,,,
SV029,R,13,2,2,0,0,2,Fixation,,,,,,,,,,,,
SV029,R,14,3,3,1,1,3,Fixation,,,,,,,,,,,,
SV029,R,15,3,2,1,0,3,Fixation,,,,,,,,,,,,
SV029,R,16,3,0,1,0,3,Fixation,,,,,,,,,,,,
SV029,R,17,3,3,0,1,2,Fixation,,,,,,,,,,,,
SV029,R,18,2,2,0,1,3,Fixation,,,,,,,,,,,,
SV029,R,19,2,2,1,1,2,Fixation,,,,,,,,,,,,
SV029,R,20,3,3,0,0,2,Fixation,,,,,,,,,,,,
SV029,R,21,2,0,1,1,3,Fixation,,,,,,,,,,,,
SV029,R,22,3,3,1,0,3,Fixation,,,,,,,,,,,,
SV029,R,23,3,2,0,1,2,Fixation,,,,,,,,,,,,
SV029,R,24,3,3,0,1,2,Fixation,,,,,,,,,,,,
SV029,R,25,3,0,1,1,2,Fixation,,,,,,,,,,,,
SV029,R,26,2,3,0,0,3,Fixation,,,,,,,,,,,,
SV029,R,27,3,0,1,0,2,Fixation,,,,,,,,,,,,
SV029,R,28,3,3,1,0,2,Fixation,,,,,,,,,,,,
SV029,R,29,3,2,1,1,2,Fixation,,,,,,,,,,,,
SV029,R,30,2,3,1,1,2,Fixation,,,,,,,,,,,,
SV029,R,31,2,3,0,0,3,Fixation,,,,,,,,,,,,
SV029,R,32,3,2,1,1,2,Fixation,,,,,,,,,,,,
SV029,R,33,3,3,0,0,2,Fixation,,,,,,,,,,,,
SV029,R,34,2,2,1,1,2,Fixation,,,,,,,,,,,,
SV029,R,35,2,2,1,1,2,Fixation,,,,,,,,,,,,
SV029,R,36,2,2,1,1,2,Fixation,,,,,,,,,,,,
SV029,R,37,3,0,0,0,2,Fixation,,,,,,,,,,,,
SV029,R,38,2,0,0,0,2,Fixation,,,,,,,,,,,,
SV029,R,39,3,2,1,1,2,Fixation,,,,,,,,,,,,
SV029,R,40,2,3,1,0,2,Fixation,,,,,,,,,,,,
SV029,R,41,3,3,0,0,2,Fixation,,,,,,,,,,,,
SV029,R,42,3,2,0,1,2,Fixation,,,,,,,,,,,,
SV029,R,43,2,0,0,1,2,Fixation,,,,,,,,,,,,
SV029,R,44,2,0,1,1,2,Fixation,,,,,,,,,,,,
SV029,R,45,2,2,1,0,2,Fixation,,,,,,,,,,,,
SV029,R,46,2,0,1,0,2,Fixation,,,,,,,,,,,,
SV029,R,47,3,2,1,1,2,Fixation,,,,,,,,,,,,
SV029,R,48,2,3,1,0,3,Fixation,,,,,,,,,,,,
SV029,R,49,2,0,1,0,3,Fixation,,,,,,,,,,,,
SV029,R,50,2,0,1,1,3,Fixation,,,,,,,,,,,,
SV029,R,51,3,2,0,0,2,Fixation,,,,,,,,,,,,
SV029,R,52,3,3,1,1,3,Fixation,,,,,,,,,,,,
SV029,R,53,2,2,0,0,2,Fixation,,,,,,,,,,,,
SV029,R,54,3,0,0,0,3,Fixation,,,,,,,,,,,,
SV029,R,55,2,3,0,1,2,Fixation,,,,,,,,,,,,
SV029,R,56,2,2,1,1,2,Fixation,,,,,,,,,,,,
SV029,R,57,2,3,1,1,2,Fixation,,,,,,,,,,,,
SV029,R,58,3,3,0,1,2,Fixation,,,,,,,,,,,,
SV029,R,59,2,2,0,1,2,Fixation,,,,,,,,,,,,
SV029,R,60,3,3,0,1,2,Fixation,,,,,,,,,,,,
SV029,R,61,3,3,1,1,2,Fixation,,,,,,,,,,,,
SV029,R,62,3,0,0,1,3,Fixation,,,,,,,,,,,,
SV029,R,63,2,0,1,0,2,Fixation,,,,,,,,,,,,
SV029,R,64,2,2,1,0,2,Fixation,,,,,,,,,,,,
SV029,R,65,2,3,1,1,2,Fixation,,,,,,,,,,,,
SV029,R,66,3,0,0,1,3,Fixation,,,,,,,,,,,,
SV029,R,67,3,2,1,0,2,Fixation,,,,,,,,,,,,
SV029,R,68,2,3,0,0,3,Fixation,,,,,,,,,,,,
SV029,R,69,2,3,1,1,2,Fixation,,,,,,,,,,,,
SV029,R,70,2,3,1,1,3,Fixation,,,,,,,,,,,,
SV029,R,71,2,0,0,1,2,Fixation,,,,,,,,,,,,
SV029,R,72,2,3,1,1,2,Fixation,,,,,,,,,,,,
SV029,R,73,3,2,1,0,2,Fixation,,,,,,,,,,,,
SV029,R,74,3,0,1,1,3,Fixation,,,,,,,,,,,,
SV029,R,75,2,3,1,0,3,Fixation,,,,,,,,,,,,
SV029,R,76,3,2,0,1,2,Fixation,,,,,,,,,,,,
SV029,R,77,2,3,0,0,2,Fixation,,,,,,,,,,,,
SV029,R,78,3,2,1,1,2,Fixation,,,,,,,,,,,,
SV029,R,79,3,3,1,0,2,Fixation,,,,,,,,,,,,
SV029,R,80,2,2,0,0,2,Fixation,,,,,,,,,,,,
SV029,R,81,3,0,1,0,2,Fixation,,,,,,,,,,,,
SV029,R,82,2,0,1,1,2,Fixation,,,,,,,,,,,,
SV029,R,83,3,3,1,0,2,Fixation,,,,,,,,,,,,
SV029,R,84,2,3,1,0,3,Fixation,,,,,,,,,,,,
SV029,R,85,3,3,1,0,3,Fixation,,,,,,,,,,,,
SV029,R,86,2,0,0,1,2,Fixation,,,,,,,,,,,,
SV029,R,87,3,2,0,0,2,Fixation,,,,,,,,,,,,
SV029,R,88,3,3,0,1,2,Fixation,,,,,,,,,,,,
SV029,R,89,2,0,1,0,2,Fixation,,,,,,,,,,,,
SV029,R,90,3,3,0,0,3,Fixation,,,,,,,,,,,,
SV029,R,91,2,3,0,1,2,Fixation,,,,,,,,,,,,
SV029,R,92,2,2,1,0,2,Fixation,,,,,,,,,,,,
SV029,R,93,3,0,1,1,2,Fixation,,,,,,,,,,,,
SV029,R,94,2,2,0,0,2,Fixation,,,,,,,,,,,,
SV029,R,95,2,3,1,0,2,Fixation,,,,,,,,,,,,
SV029,R,96,2,0,1,1,2,Fixation,,,,,,,,,,,,
SV029,R,97,3,2,0,0,2,Fixation,,,,,,,,,,,,
SV029,R,98,2,3,0,1,2,Fixation,,,,,,,,,,,,
SV029,R,99,3,3,1,1,2,Fixation,,,,,,,,,,,,
SV029,R,100,3,0,1,1,2,Fixation,,,,,,,,,,,,
SV029,R,101,2,2,0,1,2,Fixation,,,,,,,,,,,,
SV029,R,102,3,3,0,0,2,Fixation,,,,,,,,,,,,
SV029,R,103,2,3,1,1,2,Fixation,,,,,,,,,,,,
SV029,R,104,3,3,1,1,2,Fixation,,,,,,,,,,,,
SV029,R,105,2,3,0,0,2,Fixation,,,,,,,,,,,,
SV029,R,106,3,0,0,0,3,Fixation,,,,,,,,,,,,
SV029,R,107,2,3,1,1,2,Fixation,,,,,,,,,,,,
SV029,R,108,3,3,1,1,2,Fixation,,,,,,,,,,,,
SV029,R,109,2,3,0,1,2,Fixation,,,,,,,,,,,,
SV029,R,110,2,2,1,1,2,Fixation,,,,,,,,,,,,
SV029,R,111,3,3,0,1,2,Fixation,,,,,,,,,,,,
SV029,R,112,2,2,1,0,2,Fixation,,,,,,,,,,,,
SV029,R,113,2,2,1,1,2,Fixation,,,,,,,,,,,,
SV029,R,114,2,2,1,1,2,Fixation,,,,,,,,,,,,
SV029,R,115,2,0,0,1,2,Fixation,,,,,,,,,,,,
SV029,R,116,2,0,0,0,2,Fixation,,,,,,,,,,,,
SV029,R,117,3,3,1,1,2,Fixation,,,,,,,,,,,,
SV029,R,118,2,3,0,1,2,Fixation,,,,,,,,,,,,
SV029,R,119,2,0,0,0,2,Fixation,,,,,,,,,,,,
SV029,R,120,2,2,1,0,2,Fixation,,,,,,,,,,,,
SV029,R,121,3,3,0,0,2,Fixation,,,,,,,,,,,,
SV029,R,122,3,0,0,1,2,Fixation,,,,,,,,,,,,
SV029,R,123,2,3,0,0,2,Fixation,,,,,,,,,,,,
SV029,R,124,3,2,0,0,2,Fixation,,,,,,,,,,,,
SV029,R,125,3,0,1,0,3,Fixation,,,,,,,,,,,,
SV029,R,126,3,2,0,0,2,Fixation,,,,,,,,,,,,
SV029,R,127,2,0,0,1,2,Fixation,,,,,,,,,,,,
SV029,R,128,2,0,1,1,2,Fixation,,,,,,,,,,,,
SV029,R,129,3,0,0,1,2,Fixation,,,,,,,,,,,,
SV029,R,130,2,3,0,0,2,Fixation,,,,,,,,,,,,
SV029,R,131,2,0,0,0,2,Fixation,,,,,,,,,,,,
SV029,R,132,3,0,0,1,2,Fixation,,,,,,,,,,,,
SV029,R,133,3,0,1,0,2,Fixation,,,,,,,,,,,,
SV029,R,134,2,3,0,1,2,Fixation,,,,,,,,,,,,
SV029,R,135,3,3,1,0,2,Fixation,,,,,,,,,,,,
SV029,R,136,3,2,1,0,2,Fixation,,,,,,,,,,,,
SV029,R,137,2,2,0,0,2,Fixation,,,,,,,,,,,,
SV029,R,138,3,3,0,0,2,Fixation,,,,,,,,,,,,
SV029,R,139,2,2,1,0,2,Fixation,,,,,,,,,,,,
SV029,R,140,2,3,1,0,2,Fixation,,,,,,,,,,,,
SV029,R,141,2,3,1,0,2,Fixation,,,,,,,,,,,,
SV029,R,142,3,0,0,0,3,Fixation,,,,,,,,,,,,
SV029,R,143,2,2,0,1,3,Fixation,,,,,,,,,,,,
SV029,R,144,2,2,1,0,2,Fixation,,,,,,,,,,,,
SV029,R,145,3,0,1,0,2,Fixation,,,,,,,,,,,,
SV029,R,146,3,2,0,1,2,Fixation,,,,,,,,,,,,
SV029,R,147,3,2,0,0,2,Fixation,,,,,,,,,,,,
SV029,R,148,3,0,1,1,2,Fixation,,,,,,,,,,,,
SV029,R,149,3,0,0,1,2,Fixation,,,,,,,,,,,,
SV029,R,150,2,3,0,0,2,Fixation,,,,,,,,,,,,
SV029,R,151,3,0,1,1,1,Fixation,,,,,,,,,,,,
SV029,R,152,3,0,1,1,2,Fixation,,,,,,,,,,,,
SV029,R,153,3,2,1,0,2,Fixation,,,,,,,,,,,,
SV029,R,154,3,2,1,0,2,Fixation,,,,,,,,,,,,
SV029,R,155,2,2,0,1,2,Fixation,,,,,,,,,,,,
SV029,R,156,3,3,1,1,2,Fixation,,,,,,,,,,,,
SV029,R,157,2,3,1,1,2,Fixation,,,,,,,,,,,,
SV029,R,158,3,0,0,1,3,Fixation,,,,,,,,,,,,
SV029,R,159,2,2,0,1,2,Fixation,,,,,,,,,,,,
SV029,R,160,3,2,1,1,2,Fixation,,,,,,,,,,,,
SV029,R,161,3,3,0,1,2,Fixation,,,,,,,,,,,,
SV029,R,162,2,2,1,0,2,Fixation,,,,,,,,,,,,
SV029,R,163,3,0,1,0,2,Fixation,,,,,,,,,,,,
SV029,R,164,3,2,0,1,2,Fixation,,,,,,,,,,,,
SV029,R,165,2,0,0,1,3,Fixation,,,,,,,,,,,,
SV029,R,166,2,2,0,0,2,Fixation,,,,,,,,,,,,
SV029,R,167,3,0,1,1,2,Fixation,,,,,,,,,,,,
SV029,R,168,3,0,0,0,2,Fixation,,,,,,,,,,,,
SV029,R,169,2,2,0,0,3,Fixation,,,,,,,,,,,,
SV029,R,170,3,0,0,0,2,Fixation,,,,,,,,,,,,
SV029,R,171,2,3,0,0,3,Fixation,,,,,,,,,,,,
SV029,R,172,3,3,0,0,3,Fixation,,,,,,,,,,,,
SV029,R,173,2,2,0,1,2,Fixation,,,,,,,,,,,,
SV029,R,174,3,2,1,1,2,Fixation,,,,,,,,,,,,
SV029,R,175,2,2,0,0,2,Fixation,,,,,,,,,,,,
SV029,R,176,2,0,1,0,2,Fixation,,,,,,,,,,,,
SV029,R,177,3,0,0,1,2,Fixation,,,,,,,,,,,,
SV029,R,178,2,3,0,1,2,Fixation,,,,,,,,,,,,
SV029,R,179,2,2,1,1,2,Fixation,,,,,,,,,,,,
SV029,R,180,3,2,1,0,2,Fixation,,,,,,,,,,,,
SV029,R,181,3,0,0,0,2,Fixation,,,,,,,,,,,,
SV029,R,182,2,3,1,0,2,Fixation,,,,,,,,,,,,
SV029,R,183,3,3,1,1,2,Fixation,,,,,,,,,,,,
SV029,R,184,3,2,0,1,2,Fixation,,,,,,,,,,,,
SV029,R,185,3,3,1,0,2,Fixation,,,,,,,,,,,,
SV029,R,186,3,2,1,1,2,Fixation,,,,,,,,,,,,
SV029,R,187,2,0,1,0,2,Fixation,,,,,,,,,,,,
SV029,R,188,3,3,0,1,2,Fixation,,,,,,,,,,,,
SV029,R,189,2,0,0,0,2,Fixation,,,,,,,,,,,,
SV029,R,190,3,2,1,0,2,Fixation,,,,,,,,,,,,
SV029,R,191,2,0,0,0,2,Fixation,,,,,,,,,,,,
SV029,R,192,2,2,0,0,2,Fixation,,,,,,,,,,,,
SV029,R,193,2,3,0,1,2,Fixation,,,,,,,,,,,,
SV029,R,194,2,0,0,1,3,Fixation,,,,,,,,,,,,
SV029,R,195,2,0,1,1,2,Fixation,,,,,,,,,,,,
SV029,R,196,3,2,1,0,2,Fixation,,,,,,,,,,,,
SV029,R,197,3,0,0,0,2,Fixation,,,,,,,,,,,,
SV029,R,198,3,2,1,1,2,Fixation,,,,,,,,,,,,
SV029,R,199,3,0,0,0,2,Fixation,,,,,,,,,,,,
SV029,R,200,3,2,0,1,2,Fixation,,,,,,,,,,,,
SV029,R,201,2,3,1,0,2,Fixation,,,,,,,,,,,,
SV029,R,202,3,2,0,0,2,Fixation,,,,,,,,,,,,
SV029,R,203,3,0,0,0,3,Fixation,,,,,,,,,,,,
SV029,R,204,3,3,1,0,2,Fixation,,,,,,,,,,,,
SV029,R,205,2,0,1,1,2,Fixation,,,,,,,,,,,,
SV029,R,206,3,0,0,1,2,Fixation,,,,,,,,,,,,
SV029,R,207,2,3,0,0,2,Fixation,,,,,,,,,,,,
SV029,R,208,3,0,1,0,2,Fixation,,,,,,,,,,,,
SV029,R,209,3,3,0,1,3,Fixation,,,,,,,,,,,,
SV029,R,210,3,2,1,0,2,Fixation,,,,,,,,,,,,
SV029,R,211,2,0,1,0,2,Fixation,,,,,,,,,,,,
SV029,R,212,2,2,0,1,2,Fixation,,,,,,,,,,,,
SV029,R,213,3,2,0,1,2,Fixation,,,,,,,,,,,,
SV029,R,214,3,0,1,0,2,Fixation,,,,,,,,,,,,
SV029,R,215,3,2,0,0,2,Fixation,,,,,,,,,,,,
SV029,R,216,2,0,0,1,2,Fixation,,,,,,,,,,,,
SV029,R,217,2,0,1,1,2,Fixation,,,,,,,,,,,,
SV029,R,218,2,3,1,0,2,Fixation,,,,,,,,,,,,
SV029,R,219,2,2,0,0,2,Fixation,,,,,,,,,,,,
SV029,R,220,3,3,0,0,3,Fixation,,,,,,,,,,,,
SV029,R,221,2,0,0,1,2,Fixation,,,,,,,,,,,,
SV029,R,222,2,3,0,1,3,Fixation,,,,,,,,,,,,
SV029,R,223,3,3,0,1,3,Fixation,,,,,,,,,,,,
SV029,R,224,3,3,1,0,3,Fixation,,,,,,,,,,,,
SV029,R,225,3,2,1,1,2,Fixation,,,,,,,,,,,,
SV029,R,226,2,2,1,0,2,Fixation,,,,,,,,,,,,
SV029,R,227,2,2,1,1,2,Fixation,,,,,,,,,,,,
SV029,R,228,2,0,0,0,2,Fixation,,,,,,,,,,,,
SV029,R,229,3,3,1,0,2,Fixation,,,,,,,,,,,,
SV029,R,230,2,3,0,1,2,Fixation,,,,,,,,,,,,
SV029,R,231,2,0,1,0,2,Fixation,,,,,,,,,,,,
SV029,R,232,3,2,0,1,2,Fixation,,,,,,,,,,,,
SV029,R,233,2,2,0,1,2,Fixation,,,,,,,,,,,,
SV029,R,234,3,0,1,1,2,Fixation,,,,,,,,,,,,
SV029,R,235,3,2,0,1,2,Fixation,,,,,,,,,,,,
SV029,R,236,2,0,0,0,2,Fixation,,,,,,,,,,,,
SV029,R,237,3,0,1,0,2,Fixation,,,,,,,,,,,,
SV029,R,238,3,2,0,0,2,Fixation,,,,,,,,,,,,
SV029,R,239,3,0,1,1,2,Fixation,,,,,,,,,,,,
SV029,R,240,3,0,0,1,3,Fixation,,,,,,,,,,,,
SV029,R,241,3,0,0,0,0,Fixation,,,,,,,,,,,,
SV029,R,242,2,0,0,0,0,Fixation,,,,,,,,,,,,
SV029,R,243,2,3,0,0,3,Fixation,,,,,,,,,,,,
SV029,R,244,2,0,0,0,0,Fixation,,,,,,,,,,,,
SV029,R,245,2,2,0,1,2,Fixation,,,,,,,,,,,,
SV029,R,246,3,2,1,1,2,Fixation,,,,,,,,,,,,
SV029,R,247,2,2,0,0,2,Fixation,,,,,,,,,,,,
SV029,R,248,3,3,1,0,3,Fixation,,,,,,,,,,,,
SV029,R,249,3,3,1,0,3,Fixation,,,,,,,,,,,,
SV029,R,250,2,2,1,1,2,Fixation,,,,,,,,,,,,
SV029,R,251,3,3,0,1,3,Fixation,,,,,,,,,,,,
SV029,R,252,2,3,0,0,3,Fixation,,,,,,,,,,,,
SV029,R,253,2,0,0,0,0,Fixation,,,,,,,,,,,,
SV029,R,254,3,3,0,0,3,Fixation,,,,,,,,,,,,
SV029,R,255,2,2,0,1,2,Fixation,,,,,,,,,,,,
SV029,R,256,3,3,0,1,3,Fixation,,,,,,,,,,,,
SV029,R,257,2,3,0,0,3,Fixation,,,,,,,,,,,,
SV029,R,258,2,2,1,1,2,Fixation,,,,,,,,,,,,
SV029,R,259,2,2,0,0,3,Fixation,,,,,,,,,,,,
SV029,R,260,2,2,0,0,3,Fixation,,,,,,,,,,,,
SV029,R,261,3,0,1,0,0,Fixation,,,,,,,,,,,,
SV029,R,262,3,0,1,1,0,Fixation,,,,,,,,,,,,
SV029,R,263,2,0,0,1,0,Fixation,,,,,,,,,,,,
SV029,R,264,3,3,0,1,3,Fixation,,,,,,,,,,,,
SV029,R,265,3,3,1,1,3,Fixation,,,,,,,,,,,,
SV029,R,266,2,2,0,0,3,Fixation,,,,,,,,,,,,
SV029,R,267,3,0,0,1,0,Fixation,,,,,,,,,,,,
SV029,R,268,2,0,0,1,0,Fixation,,,,,,,,,,,,
SV029,R,269,3,3,1,0,3,Fixation,,,,,,,,,,,,
SV029,R,270,3,2,1,0,3,Fixation,,,,,,,,,,,,
SV029,R,271,3,0,0,1,0,Fixation,,,,,,,,,,,,
SV029,R,272,3,3,0,1,3,Fixation,,,,,,,,,,,,
SV029,R,273,3,2,1,1,2,Fixation,,,,,,,,,,,,
SV029,R,274,3,2,1,0,2,Fixation,,,,,,,,,,,,
SV029,R,275,2,3,1,0,3,Fixation,,,,,,,,,,,,
SV029,R,276,3,2,1,1,2,Fixation,,,,,,,,,,,,
SV029,R,277,2,2,1,0,2,Fixation,,,,,,,,,,,,
SV029,R,278,2,0,0,0,0,Fixation,,,,,,,,,,,,
SV029,R,279,2,3,1,1,3,Fixation,,,,,,,,,,,,
SV029,R,280,2,0,1,1,0,Fixation,,,,,,,,,,,,
SV029,R,281,3,3,1,0,3,Fixation,,,,,,,,,,,,
SV029,R,282,3,3,0,1,3,Fixation,,,,,,,,,,,,
SV029,R,283,2,2,1,1,3,Fixation,,,,,,,,,,,,
SV029,R,284,2,3,1,0,3,Fixation,,,,,,,,,,,,
SV029,R,285,2,3,1,1,3,Fixation,,,,,,,,,,,,
SV029,R,286,2,2,1,0,2,Fixation,,,,,,,,,,,,
SV029,R,287,3,3,0,0,3,Fixation,,,,,,,,,,,,
SV029,R,288,3,3,1,1,3,Fixation,,,,,,,,,,,,
SV029,R,289,2,3,0,0,3,Fixation,,,,,,,,,,,,
SV029,R,290,2,3,0,0,3,Fixation,,,,,,,,,,,,
SV029,R,291,3,0,1,1,0,Fixation,,,,,,,,,,,,
SV029,R,292,2,0,0,1,0,Fixation,,,,,,,,,,,,
SV029,R,293,3,0,1,1,0,Fixation,,,,,,,,,,,,
SV029,R,294,3,3,0,0,2,Fixation,,,,,,,,,,,,
SV029,R,295,3,0,1,0,0,Fixation,,,,,,,,,,,,
SV029,R,296,3,0,0,0,0,Fixation,,,,,,,,,,,,
SV029,R,297,2,0,0,0,0,Fixation,,,,,,,,,,,,
SV029,R,298,3,2,1,0,2,Fixation,,,,,,,,,,,,
SV029,R,299,2,3,0,1,3,Fixation,,,,,,,,,,,,
SV029,R,300,3,0,0,0,0,Fixation,,,,,,,,,,,,
SV029,R,301,2,0,1,1,0,Fixation,,,,,,,,,,,,
SV029,R,302,2,0,1,0,0,Fixation,,,,,,,,,,,,
SV029,R,303,3,3,0,1,3,Fixation,,,,,,,,,,,,
SV029,R,304,3,3,0,0,3,Fixation,,,,,,,,,,,,
SV029,R,305,2,3,0,1,3,Fixation,,,,,,,,,,,,
SV029,R,306,2,3,1,1,3,Fixation,,,,,,,,,,,,
SV029,R,307,3,0,0,0,0,Fixation,,,,,,,,,,,,
SV029,R,308,2,2,0,0,2,Fixation,,,,,,,,,,,,
SV029,R,309,3,2,1,0,2,Fixation,,,,,,,,,,,,
SV029,R,310,3,3,1,0,3,Fixation,,,,,,,,,,,,
SV029,R,311,3,3,0,0,3,Fixation,,,,,,,,,,,,
SV029,R,312,2,0,1,0,0,Fixation,,,,,,,,,,,,
SV029,R,313,3,2,1,1,2,Fixation,,,,,,,,,,,,
SV029,R,314,2,2,1,0,2,Fixation,,,,,,,,,,,,
SV029,R,315,3,2,0,1,2,Fixation,,,,,,,,,,,,
SV029,R,316,3,0,1,1,0,Fixation,,,,,,,,,,,,
SV029,R,317,2,2,0,0,2,Fixation,,,,,,,,,,,,
SV029,R,318,2,0,1,1,0,Fixation,,,,,,,,,,,,
SV029,R,319,3,2,1,1,2,Fixation,,,,,,,,,,,,
SV029,R,320,2,0,1,0,0,Fixation,,,,,,,,,,,,
SV029,R,321,2,0,1,0,0,Fixation,,,,,,,,,,,,
SV029,R,322,2,3,1,0,3,Fixation,,,,,,,,,,,,
SV029,R,323,3,2,0,0,2,Fixation,,,,,,,,,,,,
SV029,R,324,3,3,1,0,3,Fixation,,,,,,,,,,,,
SV029,R,325,3,0,1,1,0,Fixation,,,,,,,,,,,,
SV029,R,326,2,2,0,1,2,Fixation,,,,,,,,,,,,
SV029,R,327,3,0,1,0,0,Fixation,,,,,,,,,,,,
SV029,R,328,2,0,0,1,0,Fixation,,,,,,,,,,,,
SV029,R,329,2,0,1,0,0,Fixation,,,,,,,,,,,,
SV029,R,330,3,2,1,0,2,Fixation,,,,,,,,,,,,
SV029,R,331,2,0,1,0,0,Fixation,,,,,,,,,,,,
SV029,R,332,3,2,1,1,2,Fixation,,,,,,,,,,,,
SV029,R,333,3,2,1,0,2,Fixation,,,,,,,,,,,,
SV029,R,334,3,3,0,0,3,Fixation,,,,,,,,,,,,
SV029,R,335,2,2,1,1,2,Fixation,,,,,,,,,,,,
SV029,R,336,3,3,0,1,3,Fixation,,,,,,,,,,,,
SV029,R,337,2,3,1,1,3,Fixation,,,,,,,,,,,,
SV029,R,338,2,0,1,0,0,Fixation,,,,,,,,,,,,
SV029,R,339,2,2,0,1,2,Fixation,,,,,,,,,,,,
SV029,R,340,2,3,1,1,3,Fixation,,,,,,,,,,,,
SV029,R,341,3,2,1,1,2,Fixation,,,,,,,,,,,,
SV029,R,342,2,2,0,0,2,Fixation,,,,,,,,,,,,
SV029,R,343,2,0,0,0,0,Fixation,,,,,,,,,,,,
SV029,R,344,3,0,0,1,0,Fixation,,,,,,,,,,,,
SV029,R,345,2,0,0,0,0,Fixation,,,,,,,,,,,,
SV029,R,346,3,0,0,0,0,Fixation,,,,,,,,,,,,
SV029,R,347,3,0,1,0,0,Fixation,,,,,,,,,,,,
SV029,R,348,3,2,1,1,2,Fixation,,,,,,,,,,,,
SV029,R,349,2,3,0,0,3,Fixation,,,,,,,,,,,,
SV029,R,350,2,0,1,0,0,Fixation,,,,,,,,,,,,
SV029,R,351,3,0,0,1,0,Fixation,,,,,,,,,,,,
SV029,R,352,2,3,1,0,3,Fixation,,,,,,,,,,,,
SV029,R,353,2,2,0,1,2,Fixation,,,,,,,,,,,,
SV029,R,354,2,3,0,1,3,Fixation,,,,,,,,,,,,
SV029,R,355,2,2,0,0,2,Fixation,,,,,,,,,,,,
SV029,R,356,3,2,0,1,2,Fixation,,,,,,,,,,,,
SV029,R,357,2,0,1,1,0,Fixation,,,,,,,,,,,,
SV029,R,358,2,2,1,1,2,Fixation,,,,,,,,,,,,
SV029,R,359,2,2,1,1,2,Fixation,,,,,,,,,,,,
SV029,R,360,3,2,0,0,2,Fixation,,,,,,,,,,,,
SV029,R,361,3,2,0,0,2,Fixation,,,,,,,,,,,,
SV029,R,362,2,2,0,1,2,Fixation,,,,,,,,,,,,
SV029,R,363,2,2,0,1,2,Fixation,,,,,,,,,,,,
SV029,R,364,3,2,1,1,2,Fixation,,,,,,,,,,,,
SV029,R,365,3,3,0,0,3,Fixation,,,,,,,,,,,,
SV029,R,366,2,0,0,0,0,Fixation,,,,,,,,,,,,
SV029,R,367,2,0,0,1,0,Fixation,,,,,,,,,,,,
SV029,R,368,3,2,0,0,2,Fixation,,,,,,,,,,,,
SV029,R,369,2,3,0,1,3,Fixation,,,,,,,,,,,,
SV029,R,370,2,3,1,0,3,Fixation,,,,,,,,,,,,
SV029,R,371,3,0,1,1,0,Fixation,,,,,,,,,,,,
SV029,R,372,3,3,0,0,3,Fixation,,,,,,,,,,,,
SV029,R,373,2,0,0,1,0,Fixation,,,,,,,,,,,,
SV029,R,374,2,2,1,1,2,Fixation,,,,,,,,,,,,
SV029,R,375,3,0,1,1,0,Fixation,,,,,,,,,,,,
SV029,R,376,2,0,0,1,0,Fixation,,,,,,,,,,,,
SV029,R,377,3,3,1,0,3,Fixation,,,,,,,,,,,,
SV029,R,378,3,0,1,0,0,Fixation,,,,,,,,,,,,
SV029,R,379,2,0,1,1,0,Fixation,,,,,,,,,,,,
SV029,R,380,2,3,1,1,3,Fixation,,,,,,,,,,,,
SV029,R,381,2,3,0,0,3,Fixation,,,,,,,,,,,,
SV029,R,382,2,3,1,0,3,Fixation,,,,,,,,,,,,
SV029,R,383,3,2,0,0,2,Fixation,,,,,,,,,,,,
SV029,R,384,3,0,1,0,0,Fixation,,,,,,,,,,,,
SV029,R,385,3,3,1,1,3,Fixation,,,,,,,,,,,,
SV029,R,386,3,0,1,0,0,Fixation,,,,,,,,,,,,
SV029,R,387,3,0,0,1,0,Fixation,,,,,,,,,,,,
SV029,R,388,2,3,1,0,3,Fixation,,,,,,,,,,,,
SV029,R,389,3,2,1,0,2,Fixation,,,,,,,,,,,,
SV029,R,390,3,0,1,1,0,Fixation,,,,,,,,,,,,
SV029,R,391,3,3,0,1,3,Fixation,,,,,,,,,,,,
SV029,R,392,3,3,1,1,3,Fixation,,,,,,,,,,,,
SV029,R,393,3,3,1,1,3,Fixation,,,,,,,,,,,,
SV029,R,394,2,3,0,0,3,Fixation,,,,,,,,,,,,
SV029,R,395,2,2,1,0,2,Fixation,,,,,,,,,,,,
SV029,R,396,2,3,0,1,3,Fixation,,,,,,,,,,,,
SV029,R,397,3,2,0,0,2,Fixation,,,,,,,,,,,,
SV029,R,398,3,2,0,1,2,Fixation,,,,,,,,,,,,
SV029,R,399,3,0,0,1,0,Fixation,,,,,,,,,,,,
SV029,R,400,3,3,1,0,3,Fixation,,,,,,,,,,,,
SV029,R,401,2,2,1,0,2,Fixation,,,,,,,,,,,,
SV029,R,402,2,3,0,1,3,Fixation,,,,,,,,,,,,
SV029,R,403,2,0,0,1,0,Fixation,,,,,,,,,,,,
SV029,R,404,3,3,1,1,3,Fixation,,,,,,,,,,,,
SV029,R,405,2,0,0,0,0,Fixation,,,,,,,,,,,,
SV029,R,406,2,0,1,1,0,Fixation,,,,,,,,,,,,
SV029,R,407,2,0,1,0,0,Fixation,,,,,,,,,,,,
SV029,R,408,3,0,0,1,0,Fixation,,,,,,,,,,,,
SV029,R,409,3,2,1,0,2,Fixation,,,,,,,,,,,,
SV029,R,410,3,0,0,1,0,Fixation,,,,,,,,,,,,
SV029,R,411,3,0,1,0,0,Fixation,,,,,,,,,,,,
SV029,R,412,2,0,1,1,0,Fixation,,,,,,,,,,,,
SV029,R,413,3,0,0,1,0,Fixation,,,,,,,,,,,,
SV029,R,414,3,3,0,1,3,Fixation,,,,,,,,,,,,
SV029,R,415,3,2,0,0,2,Fixation,,,,,,,,,,,,
SV029,R,416,2,2,0,1,2,Fixation,,,,,,,,,,,,
SV029,R,417,3,0,0,0,0,Fixation,,,,,,,,,,,,
SV029,R,418,2,2,1,1,2,Fixation,,,,,,,,,,,,
SV029,R,419,3,3,1,1,3,Fixation,,,,,,,,,,,,
SV029,R,420,2,0,1,1,0,Fixation,,,,,,,,,,,,
SV029,R,421,3,3,1,0,3,Fixation,,,,,,,,,,,,
SV029,R,422,2,3,0,0,3,Fixation,,,,,,,,,,,,
SV029,R,423,2,2,1,1,2,Fixation,,,,,,,,,,,,
SV029,R,424,2,3,1,0,3,Fixation,,,,,,,,,,,,
SV029,R,425,2,3,0,1,3,Fixation,,,,,,,,,,,,
SV029,R,426,2,2,1,1,2,Fixation,,,,,,,,,,,,
SV029,R,427,3,3,1,1,3,Fixation,,,,,,,,,,,,
SV029,R,428,3,2,0,1,2,Fixation,,,,,,,,,,,,
SV029,R,429,2,3,1,1,3,Fixation,,,,,,,,,,,,
SV029,R,430,3,2,0,0,2,Fixation,,,,,,,,,,,,
SV029,R,431,2,2,1,0,2,Fixation,,,,,,,,,,,,
SV029,R,432,3,2,0,1,2,Fixation,,,,,,,,,,,,
SV029,R,433,3,0,0,0,0,Fixation,,,,,,,,,,,,
SV029,R,434,3,2,0,0,2,Fixation,,,,,,,,,,,,
SV029,R,435,3,2,0,1,2,Fixation,,,,,,,,,,,,
SV029,R,436,3,0,0,0,0,Fixation,,,,,,,,,,,,
SV029,R,437,3,0,1,0,0,Fixation,,,,,,,,,,,,
SV029,R,438,2,2,0,0,2,Fixation,,,,,,,,,,,,
SV029,R,439,2,2,1,0,2,Fixation,,,,,,,,,,,,
SV029,R,440,2,0,0,1,0,Fixation,,,,,,,,,,,,
SV029,R,441,3,2,1,0,2,Fixation,,,,,,,,,,,,
SV029,R,442,3,2,0,1,2,Fixation,,,,,,,,,,,,
SV029,R,443,3,3,0,0,3,Fixation,,,,,,,,,,,,
SV029,R,444,2,3,0,0,3,Fixation,,,,,,,,,,,,
SV029,R,445,2,2,1,0,2,Fixation,,,,,,,,,,,,
SV029,R,446,2,2,1,0,2,Fixation,,,,,,,,,,,,
SV029,R,447,3,3,1,1,3,Fixation,,,,,,,,,,,,
SV029,R,448,3,3,1,1,3,Fixation,,,,,,,,,,,,
SV029,R,449,3,0,1,0,0,Fixation,,,,,,,,,,,,
SV029,R,450,3,2,1,0,2,Fixation,,,,,,,,,,,,
SV029,R,451,2,3,1,0,3,Fixation,,,,,,,,,,,,
SV029,R,452,3,2,0,1,2,Fixation,,,,,,,,,,,,
SV029,R,453,2,3,0,1,3,Fixation,,,,,,,,,,,,
SV029,R,454,2,0,1,0,0,Fixation,,,,,,,,,,,,
SV029,R,455,3,3,0,1,3,Fixation,,,,,,,,,,,,
SV029,R,456,2,0,1,1,0,Fixation,,,,,,,,,,,,
SV029,R,457,2,2,0,0,0,Fixation,,,,,,,,,,,,
SV029,R,458,3,0,1,1,0,Fixation,,,,,,,,,,,,
SV029,R,459,3,2,0,0,2,Fixation,,,,,,,,,,,,
SV029,R,460,3,3,1,0,3,Fixation,,,,,,,,,,,,
SV029,R,461,2,2,0,1,2,Fixation,,,,,,,,,,,,
SV029,R,462,2,3,1,1,3,Fixation,,,,,,,,,,,,
SV029,R,463,3,0,0,1,0,Fixation,,,,,,,,,,,,
SV029,R,464,2,2,1,0,2,Fixation,,,,,,,,,,,,
SV029,R,465,3,2,0,1,2,Fixation,,,,,,,,,,,,
SV029,R,466,2,2,0,1,2,Fixation,,,,,,,,,,,,
SV029,R,467,2,0,0,1,0,Fixation,,,,,,,,,,,,
SV029,R,468,2,0,0,0,0,Fixation,,,,,,,,,,,,
SV029,R,469,2,3,0,1,3,Fixation,,,,,,,,,,,,
SV029,R,470,2,3,1,0,3,Fixation,,,,,,,,,,,,
SV029,R,471,3,2,0,1,4,Fixation,,,,,,,,,,,,
SV029,R,472,3,3,0,0,3,Fixation,,,,,,,,,,,,
SV029,R,473,3,2,1,1,2,Fixation,,,,,,,,,,,,
SV029,R,474,3,0,0,0,0,Fixation,,,,,,,,,,,,
SV029,R,475,3,0,0,0,0,Fixation,,,,,,,,,,,,
SV029,R,476,2,0,1,1,0,Fixation,,,,,,,,,,,,
SV029,R,477,2,3,1,1,3,Fixation,,,,,,,,,,,,
SV029,R,478,2,3,1,1,3,Fixation,,,,,,,,,,,,
SV029,R,479,2,3,0,1,3,Fixation,,,,,,,,,,,,
SV029,R,480,3,0,1,1,0,Fixation,,,,,,,,,,,,
SV029,L,1,2,2,0,1,2,Response,1223.78,1924.4,1254.26,1596.9,480.8,557.0,504.8,3.5833333333333335,10.4,174.16666666666666,475.0,58.666666666666664
SV029,L,2,3,2,1,0,2,Response,3045.6666666666665,3092.9,1224.4333333333334,1272.5,445.0,541.0,598.6666666666666,3.125,10.4,137.5,340.0,33.0
SV029,L,3,3,3,1,0,2,Response,,,,,,,,0.5,0.5,60.0,60.0,12.0
SV029,L,4,2,0,1,1,2,Response,1161.125,1490.0,1757.925,2195.1,426.5,483.0,354.0,6.140000000000001,14.3,183.2,254.0,40.0
SV029,L,5,3,3,1,1,2,Response,1290.56,2025.4,1486.96,1877.9,437.2,535.0,332.0,3.483333333333334,8.3,152.83333333333334,234.0,28.0
SV029,L,6,3,0,0,1,2,Response,747.26,1170.1,1457.1399999999999,1904.6,438.6,468.0,272.0,4.516666666666667,8.5,375.5,809.0,106.66666666666667
SV029,L,7,3,2,1,1,2,Response,1118.1333333333334,1488.7,1658.3999999999999,2304.6,463.1666666666667,578.0,382.0,5.8999999999999995,9.1,315.85714285714283,708.0,86.85714285714286
SV029,L,8,2,0,1,1,2,Response,1070.15,1170.9,1343.1,1397.7,313.5,314.0,328.0,6.433333333333334,9.8,344.6666666666667,674.0,142.66666666666666
SV029,L,9,3,0,0,1,2,Response,1101.6666666666667,1892.4,1444.9666666666665,1664.8,422.0,435.0,332.0,8.575,17.2,187.0,234.0,140.0
SV029,L,10,2,2,1,1,2,Response,1498.3,1993.8,1226.15,1421.7,433.25,525.0,554.0,5.74,9.1,325.2,619.0,60.8
SV029,L,11,3,2,0,1,2,Response,842.3666666666667,1054.0,1556.1333333333332,1745.7,440.6666666666667,472.0,442.6666666666667,4.5,7.4,190.33333333333334,284.0,33.333333333333336
SV029,L,12,3,2,1,0,2,Response,2969.6222222222223,3075.1,1773.4222222222222,2131.7,408.22222222222223,524.0,349.77777777777777,6.188888888888889,11.8,212.44444444444446,344.0,39.111111111111114
SV029,L,13,3,3,0,0,3,Response,3225.0833333333335,3270.0,1230.8166666666666,1379.3,423.6666666666667,518.0,438.0,3.1,10.2,292.42857142857144,789.0,64.57142857142857
SV029,L,14,3,3,1,1,3,Response,1060.4333333333334,1150.4,1645.6666666666667,2189.3,415.6666666666667,473.0,480.0,5.050000000000001,9.0,167.0,251.0,34.0
SV029,L,15,3,3,1,0,2,Response,3030.12,3125.8,1498.96,1984.0,414.2,529.0,376.0,5.283333333333333,10.6,175.16666666666666,300.0,37.333333333333336
SV029,L,16,3,2,1,1,2,Response,970.7,989.0,1694.8,1916.5,399.5,448.0,698.0,5.133333333333334,9.4,225.0,352.0,60.0
SV029,L,17,3,3,1,0,3,Response,2989.175,3048.5,1307.725,1438.3,369.5,518.0,386.0,3.3200000000000003,7.1,132.4,238.0,28.8
SV029,L,18,3,2,0,0,3,Response,3129.95,3270.0,1320.6,1387.3,396.5,424.0,601.0,3.1,9.5,331.6,1014.0,62.4
SV029,L,19,3,2,0,0,2,Response,3047.6666666666665,3103.8,1227.6666666666667,1367.7,375.6666666666667,429.0,376.0,4.949999999999999,11.2,149.75,231.0,38.0
SV029,L,20,2,2,1,0,2,Response,3037.2250000000004,3163.0,1551.75,1940.5,467.25,571.0,418.0,5.78,11.8,181.4,236.0,43.2
SV029,L,21,2,2,1,0,2,Response,2956.825,3025.4,1458.25,2037.7,441.0,525.0,350.0,4.45,8.1,380.75,915.0,69.0
SV029,L,22,3,3,1,0,3,Response,2900.933333333333,3019.9,1279.5,1333.6,400.0,526.0,754.6666666666666,4.675,8.6,200.25,324.0,32.0
SV029,L,23,2,2,1,0,2,Response,3081.1,3081.1,1265.8,1265.8,295.0,295.0,836.0,5.3999999999999995,9.6,191.5,277.0,32.0
SV029,L,24,3,0,0,1,2,Response,781.175,1065.4,1379.525,1526.7,327.25,365.0,362.0,3.2,6.1,149.25,212.0,29.0
SV029,L,25,3,0,1,1,2,Response,935.25,984.1,1771.65,2347.3,261.0,301.0,643.0,5.36,11.6,222.0,426.0,94.4
SV029,L,26,3,0,0,1,2,Response,650.0333333333333,990.5,1411.3999999999999,1530.9,341.3333333333333,365.0,490.6666666666667,5.633333333333333,9.8,226.0,284.0,42.666666666666664
SV029,L,27,3,0,1,1,2,Response,,,,,,,,,,,,
SV029,L,28,2,2,1,1,2,Response,1078.9666666666667,1130.9,1602.1666666666667,1846.3,341.0,402.0,474.6666666666667,2.2333333333333334,3.7,122.66666666666667,159.0,22.666666666666668
SV029,L,29,2,3,1,1,2,Response,,,,,,,,7.6,7.6,213.0,213.0,48.0
SV029,L,30,2,0,1,0,2,Response,3076.3,3076.3,1252.2,1252.2,300.0,300.0,740.0,4.95,9.3,155.5,239.0,34.0
SV029,L,31,3,2,0,0,2,Response,3255.2000000000003,3270.0,1344.4166666666667,1515.3,344.6666666666667,436.0,321.3333333333333,2.3714285714285714,11.0,161.28571428571428,259.0,30.857142857142858
SV029,L,32,2,3,0,0,3,Response,3227.566666666667,3270.0,1266.9666666666667,1294.8,374.0,430.0,654.6666666666666,3.0500000000000003,10.4,178.0,271.0,32.0
SV029,L,33,2,0,1,1,2,Response,939.3249999999999,1074.1,1724.925,2027.6,272.25,395.0,169.0,5.525,7.7,336.5,751.0,116.0
SV029,L,34,2,3,1,1,2,Response,897.0,914.8,1631.65,1728.8,322.5,361.0,576.0,4.066666666666666,9.5,200.33333333333334,416.0,76.0
SV029,L,35,3,2,1,0,2,Response,3162.84,3270.0,1290.6799999999998,1341.9,439.6,506.0,500.0,4.366666666666667,11.5,235.0,548.0,216.66666666666666
SV029,L,36,3,0,1,0,2,Response,3152.525,3270.0,1510.625,1874.3,411.75,494.0,555.0,3.522222222222222,9.7,208.88888888888889,578.0,55.111111111111114
SV029,L,37,2,3,0,0,2,Response,3197.0800000000004,3270.0,1212.4,1439.7,316.0,381.0,312.8,2.6,10.5,230.16666666666666,480.0,50.666666666666664
SV029,L,38,2,2,0,0,2,Response,3169.866666666667,3270.0,1275.8333333333333,1440.5,398.3333333333333,454.0,456.0,3.9749999999999996,9.7,209.75,286.0,31.0
SV029,L,39,3,3,1,0,2,Response,3110.4,3206.7,1578.5666666666666,1959.8,432.0,489.0,404.0,5.7250000000000005,10.8,200.5,261.0,39.0
SV029,L,40,2,3,0,1,3,Response,829.3000000000001,1004.1,1550.9666666666665,1668.5,414.0,445.0,914.6666666666666,2.6999999999999997,4.1,157.0,177.0,25.333333333333332
SV029,L,41,3,3,0,0,3,Response,3210.96,3270.0,1420.6,1637.5,502.8,552.0,567.2,2.6833333333333336,8.8,190.0,248.0,30.0
SV029,L,42,3,3,0,0,3,Response,3046.2,3046.2,1195.8,1195.8,418.0,418.0,1456.0,5.1000000000000005,8.3,255.0,271.0,44.0
SV029,L,43,2,2,1,1,2,Response,941.05,949.5,1839.95,2235.4,395.0,433.0,576.0,4.733333333333333,7.8,238.0,382.0,70.66666666666667
SV029,L,44,3,3,0,1,3,Response,752.775,1026.8,1472.1,1611.9,423.25,472.0,575.0,2.12,5.4,174.6,357.0,39.2
SV029,L,45,2,3,0,1,3,Response,973.9333333333334,1165.8,1392.6333333333332,1507.6,451.0,500.0,490.6666666666667,5.125,8.6,214.5,301.0,53.0
SV029,L,46,2,0,1,1,2,Response,1060.7,1083.0,1753.3,1995.6,401.5,430.0,668.0,1.8,3.0,132.0,195.0,18.0
SV029,L,47,3,3,0,0,2,Response,3205.1666666666665,3270.0,1309.1666666666667,1393.9,405.0,458.0,498.6666666666667,4.466666666666667,11.3,190.66666666666666,254.0,34.666666666666664
SV029,L,48,3,3,1,1,3,Response,902.5799999999999,1107.0,1847.83,2456.9,260.6,447.0,243.2,3.4909090909090907,11.9,262.72727272727275,810.0,113.81818181818181
SV029,L,49,2,2,1,1,2,Response,937.5,937.5,1500.6,1500.6,376.0,376.0,912.0,1.1,1.1,101.0,101.0,16.0
SV029,L,50,3,3,1,1,2,Response,894.7,894.7,1561.7,1561.7,224.0,224.0,724.0,3.75,4.3,223.0,257.0,82.0
SV029,L,51,3,2,0,1,3,Response,629.0833333333334,1033.5,1379.0333333333335,1467.9,306.5,365.0,372.0,3.8166666666666664,6.3,167.83333333333334,262.0,31.333333333333332
SV029,L,52,2,2,0,1,2,Response,1068.6000000000001,1150.8,1384.8333333333333,1549.1,223.0,375.0,468.0,3.25,6.7,162.25,212.0,55.0
SV029,L,53,2,0,0,0,2,Response,3066.0,3066.0,1230.1,1230.1,377.0,377.0,988.0,5.6499999999999995,9.6,182.5,242.0,38.0
SV029,L,54,2,2,1,1,2,Response,1184.75,1282.1,1344.15,1395.5,379.5,412.0,716.0,1.8,1.8,129.0,129.0,20.0
SV029,L,55,2,3,0,1,2,Response,1044.5,1065.5,1463.95,1755.5,290.25,424.0,368.0,1.675,2.6,123.0,182.0,19.0
SV029,L,56,3,3,1,1,2,Response,1040.1,1124.1,1522.0500000000002,1614.9,300.0,332.0,500.0,3.65,6.6,256.0,429.0,194.0
SV029,L,57,2,3,1,0,2,Response,3059.0,3147.3,1226.7666666666667,1254.6,382.6666666666667,467.0,425.3333333333333,1.0,1.2,93.75,109.0,15.0
SV029,L,58,3,2,0,0,2,Response,3068.5,3068.5,1218.7,1218.7,304.0,304.0,780.0,5.6,10.2,175.0,262.0,38.0
SV029,L,59,3,3,1,1,3,Response,910.75,1042.9,1859.3166666666666,2228.4,237.33333333333334,354.0,303.3333333333333,1.9333333333333333,3.0,247.0,671.0,100.66666666666667
SV029,L,60,2,0,1,0,2,Response,2545.8,3061.4,1195.25,1247.5,425.0,515.0,1022.0,5.966666666666666,9.0,193.0,286.0,37.333333333333336
SV029,L,61,3,0,1,1,2,Response,1079.85,1247.4,1774.425,2444.0,384.25,420.0,331.0,7.675,10.8,271.0,344.0,43.0
SV029,L,62,2,3,1,1,2,Response,1034.02,1075.2,1610.5,2042.8,415.4,468.0,556.0,2.08,4.1,319.4,778.0,110.4
SV029,L,63,2,0,0,1,2,Response,698.3285714285714,1074.9,1483.1000000000001,1949.5,384.14285714285717,486.0,234.85714285714286,6.1875,10.8,382.125,811.0,226.5
SV029,L,64,3,3,1,0,2,Response,3053.671428571429,3201.8,1524.314285714286,2055.6,405.0,474.0,377.7142857142857,3.8375,9.0,305.375,1039.0,163.5
SV029,L,65,3,0,0,0,2,Response,3106.9,3270.0,1325.975,1487.5,363.0,437.0,365.0,3.8200000000000003,10.2,254.8,460.0,42.4
SV029,L,66,2,0,0,0,2,Response,2873.74,3270.0,1406.84,1711.6,333.6,445.0,296.8,3.466666666666667,14.6,198.5,428.0,29.333333333333332
SV029,L,67,3,2,1,1,2,Response,1003.2666666666668,1019.3,1741.5,2316.8,340.3333333333333,423.0,377.3333333333333,4.8999999999999995,9.2,549.0,754.0,196.0
SV029,L,68,2,0,0,1,2,Response,1122.3333333333333,1330.4,1432.0333333333335,1518.2,274.0,451.0,386.6666666666667,2.45,5.0,173.5,292.0,29.0
SV029,L,69,3,0,0,0,2,Response,3236.3,3270.0,1491.6,1953.3,301.0,338.0,303.0,4.1,11.0,182.6,279.0,48.0
SV029,L,70,3,3,0,1,3,Response,926.4399999999999,1057.8,1565.8200000000002,2054.8,305.8,429.0,336.0,5.16,15.8,235.8,685.0,72.0
SV029,L,71,2,2,0,1,2,Response,727.54,1275.8,1479.28,1600.3,212.6,305.0,216.8,2.3000000000000003,6.2,113.5,222.0,36.666666666666664
SV029,L,72,3,2,1,1,2,Response,,,,,,,,,,,,
SV029,L,73,3,2,1,0,2,Response,3161.133333333333,3270.0,1724.45,2161.2,257.6666666666667,321.0,268.6666666666667,5.659999999999999,9.7,210.2,318.0,36.0
SV029,L,74,2,0,1,1,2,Response,978.8333333333334,1003.7,1891.1666666666667,2302.6,207.33333333333334,275.0,501.3333333333333,2.1333333333333333,3.2,158.66666666666666,196.0,18.666666666666668
SV029,L,75,2,3,0,0,2,Response,3223.5,3270.0,1303.65,1321.3,280.0,312.0,536.0,0.9,1.1,183.0,227.0,26.0
SV029,L,76,3,0,0,0,3,Response,3096.933333333333,3175.6,1216.7666666666667,1247.9,337.6666666666667,398.0,1217.3333333333333,3.125,9.7,172.0,274.0,44.0
SV029,L,77,2,2,1,1,2,Response,1009.4,1019.8,1754.6000000000001,1962.8,217.33333333333334,231.0,590.6666666666666,2.3000000000000003,4.0,132.0,215.0,24.0
SV029,L,78,2,2,1,0,2,Response,3176.66,3270.0,1773.94,2792.2,231.4,321.0,264.8,6.916666666666667,18.6,303.0,672.0,62.666666666666664
SV029,L,79,2,3,1,1,2,Response,990.4,1002.3,1540.75,1586.3,281.0,334.0,590.0,5.666666666666667,9.4,209.66666666666666,295.0,34.666666666666664
SV029,L,80,2,2,1,1,2,Response,1109.55,1272.3,1757.3,2191.0,222.25,286.0,374.0,2.5666666666666664,5.1,175.66666666666666,227.0,26.666666666666668
SV029,L,81,3,0,1,0,2,Response,3196.2999999999997,3270.0,1601.6333333333332,1961.4,302.6666666666667,359.0,373.3333333333333,4.45,11.4,189.75,332.0,27.0
SV029,L,82,2,3,0,0,3,Response,3225.16,3270.0,1460.22,1768.9,216.0,325.0,285.6,2.98,7.3,320.2,562.0,132.8
SV029,L,83,2,2,1,0,2,Response,3196.6,3240.1,1557.45,1986.7,284.25,336.0,502.0,4.24,7.5,170.2,264.0,59.2
SV029,L,84,2,3,0,0,0,Response,3219.008333333333,3270.0,1648.3083333333334,2049.1,225.16666666666666,329.0,177.33333333333334,2.190909090909091,6.0,246.72727272727272,530.0,97.45454545454545
SV029,L,85,2,3,1,1,2,Response,1002.2333333333332,1035.3,1870.5666666666666,2250.7,256.0,283.0,497.3333333333333,6.025,8.9,252.5,336.0,36.0
SV029,L,86,2,2,0,1,2,Response,894.65,1061.3,1688.5,2183.8,243.33333333333334,293.0,495.3333333333333,3.0833333333333335,9.4,215.83333333333334,482.0,115.33333333333333
SV029,L,87,2,2,0,0,2,Response,3240.922222222222,3270.0,1191.9333333333334,1317.2,225.77777777777777,283.0,271.55555555555554,1.8399999999999999,9.0,184.3,371.0,54.4
SV029,L,88,2,2,0,0,2,Response,3229.35,3270.0,1228.4166666666667,1376.2,218.16666666666666,280.0,703.3333333333334,2.314285714285714,10.9,199.14285714285714,572.0,62.857142857142854
SV029,L,89,2,2,0,1,2,Response,680.75,1057.0,1459.6,1567.3,187.5,189.0,600.0,3.5,4.8,176.5,221.0,28.0
SV029,L,90,3,3,0,1,3,Response,1017.6,1017.6,1377.5,1377.5,211.0,211.0,1624.0,6.800000000000001,8.8,246.5,277.0,204.0
SV029,L,91,2,2,1,1,2,Response,1003.8599999999999,1140.6,1933.8200000000002,2238.3,203.6,253.0,354.4,2.2399999999999998,3.3,126.8,179.0,24.0
SV029,L,92,3,0,1,0,2,Response,3039.457142857143,3270.0,1413.8285714285714,2052.9,187.14285714285714,256.0,347.14285714285717,6.373333333333333,12.2,219.0,417.0,54.666666666666664
SV029,L,93,2,3,1,0,2,Response,2977.3599999999997,3270.0,1489.8200000000002,2049.1,183.2,253.0,324.8,4.216666666666667,12.2,172.5,291.0,29.333333333333332
SV029,L,94,2,3,1,0,2,Response,3252.05,3270.0,1565.45,1934.2,174.75,246.0,499.0,4.7,11.0,161.6,289.0,46.4
SV029,L,95,2,3,0,1,2,Response,830.0250000000001,1182.4,1229.425,1318.6,160.75,172.0,450.0,3.875,6.5,236.75,273.0,174.0
SV029,L,96,2,2,1,0,2,Response,2804.65,3270.0,1475.35,1953.2,138.25,185.0,343.0,7.08,13.6,206.6,328.0,47.2
SV029,L,97,3,3,1,1,2,Response,968.775,1025.5,1970.9,2518.4,175.75,209.0,329.0,3.55,9.7,177.75,360.0,45.0
SV029,L,98,3,0,0,0,3,Response,2527.3333333333335,3144.7,1065.8333333333333,1108.0,187.33333333333334,235.0,668.0,4.5,10.9,159.25,310.0,31.0
SV029,L,99,2,0,0,0,2,Response,2935.88,3270.0,1227.5,1447.0,159.6,193.0,290.4,3.62,14.6,192.0,279.0,32.8
SV029,L,100,3,3,0,1,2,Response,647.4,1046.8,1430.1,1482.4,195.5,199.0,728.0,4.45,5.7,224.5,245.0,60.0
SV029,L,101,3,3,0,1,2,Response,1025.1399999999999,1082.2,1376.76,1537.0,188.8,225.0,492.8,3.516666666666667,9.9,237.16666666666666,714.0,64.0
SV029,L,102,3,0,1,0,2,Response,3227.475,3270.0,1632.575,2020.6,189.75,215.0,362.0,4.95,11.9,176.5,275.0,62.0
SV029,L,103,3,0,0,1,2,Response,484.57500000000005,1101.4,1477.625,1956.1,182.0,206.0,341.0,3.5200000000000005,7.1,197.0,330.0,75.2
SV029,L,104,3,2,0,1,2,Response,1280.175,1997.4,1272.425,1421.3,183.5,243.0,470.0,6.0,8.4,217.8,342.0,140.0
SV029,L,105,3,2,0,1,2,Response,834.675,1415.3,1419.25,1629.8,128.5,184.0,265.0,4.220000000000001,7.7,221.0,323.0,63.2
SV029,L,106,2,0,0,1,2,Response,689.525,1174.3,1336.15,1535.6,162.5,218.0,338.0,3.5,8.3,174.75,306.0,25.0
SV029,L,107,2,2,0,0,2,Response,3120.2,3166.5,1239.05,1320.6,109.0,135.0,434.0,1.0,1.1,108.0,114.0,14.0
SV029,L,108,2,2,0,0,2,Response,3249.975,3270.0,1236.05,1316.5,168.5,210.0,381.0,0.9,1.7,117.0,179.0,21.0
SV029,L,109,2,3,1,0,2,Response,3230.1,3270.0,1554.95,1914.2,189.5,218.0,1452.0,8.799999999999999,10.8,307.0,368.0,113.33333333333333
SV029,L,110,2,0,1,1,2,Response,1196.1,1826.2,1536.55,2335.2,139.25,175.0,249.0,8.85,10.6,280.5,364.0,191.0
SV029,L,111,3,2,1,0,2,Response,2621.1142857142854,3270.0,1348.8857142857144,2048.1,230.85714285714286,270.0,303.42857142857144,5.1875,13.2,312.875,762.0,130.0
SV029,L,112,3,2,0,1,2,Response,925.9799999999999,1432.2,1257.98,1315.0,203.6,260.0,592.8,3.8600000000000003,5.3,234.0,382.0,36.8
SV029,L,113,3,2,1,1,2,Response,962.0333333333333,995.0,1767.5666666666666,2233.4,205.66666666666666,221.0,478.6666666666667,5.833333333333333,7.4,281.0,314.0,100.0
SV029,L,114,3,3,0,0,2,Response,3195.9,3270.0,1222.8833333333334,1895.6,193.33333333333334,254.0,353.3333333333333,3.471428571428571,11.2,163.28571428571428,272.0,31.428571428571427
SV029,L,115,2,0,1,0,2,Response,3136.2333333333336,3239.0,1503.8,2061.0,169.33333333333334,206.0,432.0,7.325,10.2,237.75,303.0,44.0
SV029,L,116,3,2,1,1,2,Response,1136.7666666666667,1219.5,1514.5,1587.9,191.0,256.0,440.0,4.45,8.0,165.5,240.0,33.0
SV029,L,117,3,0,0,0,2,Response,3256.633333333333,3270.0,1431.7,1801.3,217.66666666666666,238.0,281.3333333333333,3.8000000000000003,9.0,213.33333333333334,348.0,90.66666666666667
SV029,L,118,3,3,1,0,2,Response,3159.933333333333,3270.0,1301.3333333333333,1423.4,241.0,282.0,412.0,4.85,11.1,179.75,323.0,33.0
SV029,L,119,3,2,1,1,2,Response,1149.3,1165.6,1536.2,1604.4,223.5,271.0,630.0,4.733333333333333,7.6,181.33333333333334,259.0,32.0
SV029,L,120,3,0,0,0,2,Response,3041.825,3215.5,1221.4,1326.9,240.25,289.0,360.0,3.72,10.5,172.2,262.0,27.2
SV029,L,121,3,0,0,1,2,Response,1165.2,1392.8,1300.8,1458.8,235.75,295.0,334.0,3.9799999999999995,8.3,189.4,289.0,43.2
SV029,L,122,2,2,0,0,2,Response,3270.0,3270.0,1237.2,1338.9,206.0,256.0,329.3333333333333,3.5500000000000003,8.8,208.25,277.0,33.0
SV029,L,123,3,0,1,1,2,Response,1147.225,1401.2,1630.525,2066.0,190.5,265.0,369.0,3.66,6.2,215.6,275.0,51.2
SV029,L,124,2,0,1,0,2,Response,2896.3,3205.7,1653.9,2097.9,242.0,295.0,270.4,4.275,9.4,184.25,259.0,49.0
SV029,L,125,2,2,1,0,1,Response,3102.3333333333335,3167.7,1862.3666666666668,2075.1,301.0,302.0,232.0,2.9333333333333336,5.6,180.0,287.0,22.666666666666668
SV029,L,126,2,3,0,1,2,Response,1176.9,1318.6,1282.175,1370.3,233.75,347.0,462.0,2.12,4.5,186.6,331.0,34.4
SV029,L,127,3,3,0,1,3,Response,1158.9,1214.0,1336.0,1388.0,317.0,376.0,998.0,3.966666666666667,7.7,190.0,313.0,46.666666666666664
SV029,L,128,3,0,1,0,3,Response,3108.866666666667,3172.6,1501.3999999999999,2020.6,287.0,346.0,516.0,8.3,15.4,242.5,418.0,50.0
SV029,L,129,2,2,0,1,3,Response,1017.1999999999999,1097.3,1478.7666666666667,1636.4,255.33333333333334,290.0,690.6666666666666,3.575,7.6,310.25,665.0,128.0
SV029,L,130,2,3,1,0,2,Response,3154.0333333333333,3172.2,1300.6333333333332,1417.1,282.0,327.0,398.6666666666667,5.55,14.0,155.25,272.0,55.0
SV029,L,131,2,3,1,1,2,Response,1004.9,1004.9,1588.7,1588.7,267.0,267.0,940.0,7.1000000000000005,8.3,206.5,239.0,116.0
SV029,L,132,2,3,0,1,2,Response,1306.3125,1979.7,1256.525,1529.0,308.75,391.0,373.0,3.688888888888889,8.0,191.88888888888889,458.0,41.333333333333336
SV029,L,133,3,2,0,1,2,Response,925.25,1077.3,1557.6,1961.1,292.75,402.0,283.0,3.9599999999999995,8.2,252.2,545.0,69.6
SV029,L,134,3,0,0,1,2,Response,866.7833333333333,1171.8,1708.8166666666666,2784.6,244.25,379.0,302.6666666666667,4.372727272727273,13.9,220.9090909090909,745.0,56.0
SV029,L,135,3,2,0,1,2,Response,1213.7,1830.2,1285.325,1612.3,309.25,379.0,381.0,3.2600000000000002,7.4,234.2,583.0,33.6
SV029,L,136,2,3,0,1,2,Response,1144.0666666666666,1857.0,1452.3666666666666,2164.9,297.55555555555554,382.0,389.77777777777777,3.3111111111111113,8.1,140.55555555555554,242.0,29.77777777777778
SV029,L,137,2,0,0,1,2,Response,918.925,1127.3,1625.0,2059.4,165.75,311.0,289.0,3.875,7.9,176.0,313.0,46.0
SV029,L,138,3,3,1,1,2,Response,1079.95,1147.0,1878.15,2333.4,382.5,393.0,654.0,7.966666666666666,8.7,210.66666666666666,230.0,57.333333333333336
SV029,L,139,2,2,1,0,2,Response,3042.933333333333,3142.0,1648.4333333333334,2043.6,331.5,435.0,280.0,6.071428571428571,10.7,245.42857142857142,382.0,46.857142857142854
SV029,L,140,2,2,1,0,2,Response,2756.2599999999998,3118.5,1654.3200000000002,2089.9,268.4,354.0,372.0,5.68,13.0,232.0,388.0,36.0
SV029,L,141,3,2,1,0,2,Response,3154.4666666666667,3180.2,1407.0666666666666,1553.9,306.6666666666667,364.0,446.6666666666667,6.325,17.8,196.75,354.0,47.0
SV029,L,142,3,0,0,0,2,Response,3177.5,3270.0,1159.925,1243.4,310.75,338.0,419.0,3.1,10.3,267.0,514.0,99.2
SV029,L,143,3,0,0,1,2,Response,1056.6,1106.1,1420.2666666666667,1586.5,338.0,400.0,401.3333333333333,4.025,9.4,165.5,245.0,30.0
SV029,L,144,2,3,0,0,2,Response,3181.7,3270.0,1287.05,1327.3,356.0,397.0,598.0,4.1000000000000005,9.8,213.0,252.0,33.333333333333336
SV029,L,145,3,2,1,0,2,Response,3138.75,3227.9,1537.125,2020.5,328.0,384.0,419.0,4.824999999999999,10.7,152.25,252.0,36.0
SV029,L,146,2,3,0,0,2,Response,3236.25,3270.0,1245.45,1411.4,321.5,385.0,298.0,3.84,10.6,213.8,302.0,31.2
SV029,L,147,2,3,0,0,2,Response,3141.2333333333336,3270.0,1310.7666666666667,1354.4,335.0,390.0,432.0,3.3499999999999996,10.2,150.0,272.0,27.0
SV029,L,148,3,0,1,0,2,Response,3005.5800000000004,3106.3,1633.54,2067.7,356.2,417.0,353.6,3.9799999999999995,8.5,196.0,286.0,27.2
SV029,L,149,3,3,1,0,2,Response,3087.3333333333335,3144.1,1317.8,1346.5,345.3333333333333,395.0,441.3333333333333,3.4333333333333336,8.6,122.66666666666667,191.0,52.0
SV029,L,150,3,0,1,1,2,Response,992.2,992.2,1686.55,1755.8,351.0,390.0,500.0,5.5,10.5,207.0,283.0,48.0
SV029,L,151,3,3,1,1,2,Response,1179.9333333333334,1251.1,1433.9666666666665,1560.8,323.3333333333333,373.0,397.3333333333333,2.766666666666667,6.2,119.0,175.0,30.666666666666668
SV029,L,152,2,3,0,0,2,Response,3191.957142857143,3270.0,1408.2857142857142,1916.8,334.14285714285717,396.0,453.14285714285717,1.525,3.9,121.0,215.0,22.5
SV029,L,153,3,0,1,1,2,Response,1146.1999999999998,1158.8,1850.35,2180.4,320.0,338.0,824.0,6.3999999999999995,7.3,187.0,218.0,45.333333333333336
SV029,L,154,2,2,0,1,2,Response,845.2833333333333,1577.4,1407.4333333333334,1702.9,331.1666666666667,410.0,222.66666666666666,3.757142857142857,6.3,187.71428571428572,265.0,36.57142857142857
SV029,L,155,2,0,0,1,2,Response,1121.25,1131.7,1385.15,1459.5,342.0,394.0,710.0,2.45,3.4,142.0,176.0,24.0
SV029,L,156,3,3,0,0,2,Response,3100.825,3238.8,1305.15,1403.4,333.0,397.0,301.0,2.8600000000000003,10.0,168.6,306.0,24.8
SV029,L,157,3,2,0,0,2,Response,3069.875,3270.0,1222.425,1313.9,351.5,441.0,353.0,3.2,11.1,155.8,274.0,32.8
SV029,L,158,3,0,1,1,2,Response,1214.025,1565.5,1670.275,2332.3,203.75,279.0,276.0,4.74,9.7,228.2,320.0,55.2
SV029,L,159,2,2,1,0,2,Response,2545.575,3218.2,1296.875,1513.3,200.25,299.0,355.0,5.725,13.4,180.0,300.0,39.0
SV029,L,160,3,3,0,1,2,Response,961.9,1212.8,1388.625,1498.8,397.0,438.0,442.0,4.175,8.7,381.75,754.0,171.0
SV029,L,161,2,2,0,0,3,Response,2975.2000000000003,3270.0,1435.9166666666667,2219.7,284.3333333333333,390.0,461.3333333333333,5.114285714285714,12.2,254.0,418.0,63.42857142857143
SV029,L,162,3,2,0,0,2,Response,3144.6,3270.0,1380.1,1833.5,211.0,298.0,306.0,5.279999999999999,11.2,206.4,400.0,68.0
SV029,L,163,2,0,0,0,2,Response,3229.12,3270.0,1282.08,1319.8,345.2,428.0,308.8,2.5500000000000003,11.4,174.83333333333334,248.0,34.0
SV029,L,164,3,2,1,0,2,Response,3091.975,3206.8,1531.175,2117.1,383.0,473.0,375.0,4.800000000000001,8.5,173.5,270.0,35.0
SV029,L,165,2,3,1,1,2,Response,1107.35,1155.2,1485.0,1514.4,326.0,408.0,464.0,5.1000000000000005,10.1,278.6666666666667,435.0,94.66666666666667
SV029,L,166,3,0,1,0,2,Response,3101.3,3231.4,1476.0,2056.3,351.25,414.0,320.0,4.88,11.7,171.2,293.0,31.2
SV029,L,167,2,3,1,0,2,Response,3105.066666666667,3199.1,1566.8666666666668,2093.9,370.0,438.0,544.0,3.8666666666666667,9.4,174.33333333333334,333.0,29.333333333333332
SV029,L,168,2,3,1,1,2,Response,1242.1499999999999,1863.0,1563.6499999999999,1989.7,281.8333333333333,389.0,302.0,2.7857142857142856,7.1,243.85714285714286,517.0,73.14285714285714
SV029,L,169,2,0,1,1,2,Response,1531.3,1882.5,1350.8,1419.0,297.0,374.0,576.0,4.8,8.1,245.66666666666666,425.0,68.0
SV029,L,170,3,3,1,1,2,Response,1041.0,1044.3,1542.9,1586.6,352.5,418.0,666.0,6.3,9.2,233.33333333333334,358.0,38.666666666666664
SV029,L,171,3,3,1,0,2,Response,3079.2000000000003,3127.7,1252.9333333333334,1332.7,383.3333333333333,443.0,444.0,4.8,11.2,167.0,278.0,36.0
SV029,L,172,3,0,0,1,2,Response,832.0799999999999,1295.6,1314.8799999999999,1396.0,296.4,341.0,316.0,3.9,8.4,185.66666666666666,350.0,70.66666666666667
SV029,L,173,2,0,1,0,2,Response,3112.2,3187.7,1282.5500000000002,1340.4,297.0,369.0,516.0,7.033333333333334,12.0,283.3333333333333,293.0,74.66666666666667
SV029,L,174,2,0,0,1,2,Response,1278.35,1517.6,1398.725,1632.6,337.0,406.0,265.0,3.9,8.0,190.75,264.0,38.0
SV029,L,175,3,0,0,0,2,Response,3092.15,3148.9,1398.025,1521.6,306.75,370.0,272.0,4.4799999999999995,11.5,352.8,937.0,100.8
SV029,L,176,2,0,1,1,1,Response,999.0,1042.9,1792.5,2044.0,383.5,389.0,576.0,2.0,3.1,134.0,186.0,21.333333333333332
SV029,L,177,2,3,1,0,2,Response,3040.5142857142855,3249.0,1391.9428571428573,1954.2,373.42857142857144,491.0,364.0,2.7375,8.8,129.125,269.0,24.5
SV029,L,178,3,3,0,0,2,Response,3158.8222222222225,3270.0,1373.0111111111112,1564.8,357.22222222222223,436.0,386.22222222222223,2.65,11.3,206.6,513.0,123.6
SV029,L,179,3,3,0,1,3,Response,1203.7333333333333,1278.8,1391.3666666666668,1498.2,255.66666666666666,416.0,672.0,3.85,6.4,206.25,381.0,57.0
SV029,L,180,3,0,0,0,3,Response,2702.2000000000003,3270.0,1290.3999999999999,1291.7,413.3333333333333,472.0,576.0,4.075,11.0,211.5,285.0,34.0
SV029,L,181,3,3,0,1,2,Response,1728.35,1843.1,1188.5,1210.5,427.5,453.0,764.0,2.0,2.2,125.5,129.0,22.0
SV029,L,182,2,0,0,1,2,Response,1973.1,1973.1,1133.0,1133.0,310.0,310.0,840.0,0.7,0.7,81.0,81.0,12.0
SV029,L,183,3,2,0,0,2,Response,2649.433333333333,3007.7,1388.3,1651.2,362.6666666666667,472.0,384.0,4.45,10.0,205.0,395.0,34.0
SV029,L,184,2,0,0,0,2,Response,2727.1,3058.7,1277.5666666666666,1362.2,426.6666666666667,471.0,376.0,3.875,9.7,162.25,256.0,29.0
SV029,L,185,2,0,1,0,2,Response,3078.566666666667,3094.5,1647.4333333333334,2089.3,430.3333333333333,478.0,414.6666666666667,5.266666666666667,8.5,219.0,311.0,34.666666666666664
SV029,L,186,2,0,0,1,2,Response,948.4666666666666,1139.6,1401.3666666666668,1530.0,380.0,402.0,500.0,4.1000000000000005,6.9,181.33333333333334,223.0,98.66666666666667
SV029,L,187,3,2,0,1,2,Response,1331.8,1615.6,1473.15,1577.3,222.5,258.0,92.0,2.766666666666667,5.3,147.0,205.0,57.333333333333336
SV029,L,188,3,3,1,0,3,Response,2727.5,3017.5,1241.7,1287.5,366.25,455.0,313.0,2.66,6.7,146.4,246.0,23.2
SV029,L,189,2,3,1,0,2,Response,3015.6,3205.8,1262.1000000000001,1268.8,333.3333333333333,406.0,304.0,4.266666666666667,10.5,164.33333333333334,307.0,26.666666666666668
SV029,L,190,3,3,0,0,3,Response,3085.3,3085.3,1258.6,1258.6,282.0,282.0,388.0,8.85,10.1,244.5,262.0,48.0
SV029,L,191,2,3,1,1,3,Response,1395.8999999999999,1609.5,1346.6666666666667,1489.1,290.0,414.0,422.6666666666667,2.5,4.2,145.75,176.0,23.0
SV029,L,192,2,2,0,1,2,Response,1949.9,1949.9,1056.1,1056.1,227.0,227.0,28.0,2.3,2.9,135.0,149.0,24.0
SV029,L,193,2,0,0,1,2,Response,929.5333333333333,1152.8,1428.5166666666667,1632.0,347.8333333333333,394.0,436.0,3.9333333333333336,10.1,192.5,398.0,76.0
SV029,L,194,3,0,1,0,2,Response,3110.8,3240.1,1573.6,2035.1,331.0,421.0,193.0,5.475,12.2,352.5,864.0,123.0
SV029,L,195,3,2,0,0,2,Response,3171.3599999999997,3270.0,1470.8799999999999,1813.3,354.4,410.0,308.8,4.216666666666667,9.4,328.3333333333333,972.0,54.0
SV029,L,196,2,3,0,1,3,Response,1024.1714285714286,1405.3,1486.7,1629.5,295.7142857142857,353.0,430.85714285714283,2.4375,5.2,208.25,646.0,77.5
SV029,L,197,2,2,1,1,2,Response,1024.625,1105.6,1756.15,2375.0,291.5,336.0,283.0,6.34,10.0,195.2,324.0,60.0
SV029,L,198,2,0,1,0,2,Response,3109.9,3109.9,1292.5,1292.5,300.0,300.0,968.0,9.55,10.7,501.5,684.0,162.0
SV029,L,199,2,2,0,0,2,Response,3207.3,3270.0,1316.0,1326.8,329.5,388.0,504.0,3.8666666666666667,10.0,182.33333333333334,247.0,33.333333333333336
SV029,L,200,3,3,0,0,2,Response,3110.9,3110.9,1372.0,1372.0,341.0,341.0,1020.0,5.75,10.3,256.5,311.0,94.0
SV029,L,201,3,3,0,1,2,Response,1637.75,1836.1,1652.375,1917.5,247.25,342.0,62.0,1.9500000000000002,3.2,197.75,310.0,37.0
SV029,L,202,2,3,1,0,2,Response,3138.8333333333335,3217.6,1507.6000000000001,2023.4,312.0,361.0,429.3333333333333,2.766666666666667,7.1,140.0,263.0,22.666666666666668
SV029,L,203,2,0,0,0,2,Response,3224.58,3270.0,1464.72,2021.2,223.8,329.0,348.0,5.5,9.6,204.16666666666666,264.0,57.333333333333336
SV029,L,204,2,3,0,1,2,Response,1729.15,1811.3,1174.0,1207.9,319.0,415.0,590.0,2.1,3.0,270.5,436.0,146.0
SV029,L,205,3,0,1,0,2,Response,2960.65,3109.8,1492.3166666666666,2078.2,324.0,430.0,310.0,2.6714285714285713,5.6,149.42857142857142,262.0,22.857142857142858
SV029,L,206,3,0,0,1,2,Response,1016.8666666666668,1375.9,1321.6666666666667,1516.8,299.6666666666667,338.0,416.0,4.8,6.8,229.0,392.0,133.33333333333334
SV029,L,207,3,0,1,0,2,Response,3088.0,3088.0,1344.4,1344.4,326.0,326.0,1012.0,8.65,10.3,241.0,255.0,166.0
SV029,L,208,3,2,1,1,2,Response,1463.25,2086.2,1397.2125,1903.3,294.875,363.0,432.0,5.011111111111111,10.1,210.44444444444446,614.0,67.55555555555556
SV029,L,209,2,0,1,0,2,Response,3046.366666666667,3165.1,1346.0333333333333,1380.3,277.0,345.0,404.0,4.75,9.1,265.75,655.0,107.0
SV029,L,210,2,0,0,0,2,Response,2723.933333333333,3270.0,1467.2333333333333,1616.9,235.66666666666666,337.0,413.3333333333333,7.05,14.4,272.25,378.0,51.0
SV029,L,211,3,0,1,1,2,Response,940.76,1080.3,1957.78,2816.3,248.8,357.0,211.2,5.616666666666667,11.5,231.66666666666666,556.0,50.0
SV029,L,212,2,0,1,1,2,Response,1254.8,1329.3,1399.45,1439.2,340.0,390.0,506.0,6.466666666666666,10.1,214.66666666666666,284.0,142.66666666666666
SV029,L,213,3,0,1,1,2,Response,1157.2,1181.5,1491.85,1567.5,314.0,374.0,552.0,5.3,9.1,178.0,260.0,37.333333333333336
SV029,L,214,2,3,1,0,2,Response,3159.1,3270.0,1451.4333333333334,1606.7,205.33333333333334,221.0,488.0,3.4,5.5,210.0,311.0,162.0
SV029,L,215,3,2,0,0,3,Response,3169.225,3270.0,1252.6,1296.7,250.75,284.0,436.0,0.8500000000000001,1.6,133.25,190.0,19.0
SV029,L,216,3,2,1,0,2,Response,2990.722222222222,3270.0,1476.1999999999998,1917.7,181.11111111111111,257.0,225.77777777777777,2.7600000000000002,9.9,160.3,375.0,95.6
SV029,L,217,2,0,1,1,2,Response,1049.1999999999998,1062.3,1830.9,2162.6,257.0,262.0,654.0,3.8,4.6,181.5,212.0,30.0
SV029,L,218,2,3,0,1,3,Response,895.8399999999999,1159.0,1417.96,1528.8,230.4,280.0,396.0,2.5,3.7,224.6,532.0,107.2
SV029,L,219,2,3,0,0,2,Response,3061.4666666666667,3164.5,1362.2666666666667,1440.3,237.66666666666666,272.0,425.3333333333333,3.775,10.5,155.0,277.0,28.0
SV029,L,220,2,3,1,1,2,Response,1649.0333333333335,2000.9,1230.9333333333334,1488.1,224.66666666666666,277.0,329.3333333333333,5.575,11.9,179.0,355.0,68.0
SV029,L,221,2,0,0,1,2,Response,1373.4499999999998,2085.2,1205.875,1327.2,287.25,356.0,306.0,2.8600000000000003,7.5,129.2,164.0,28.0
SV029,L,222,3,2,1,0,2,Response,2896.2666666666664,3065.4,1284.1000000000001,1362.9,275.6666666666667,328.0,433.3333333333333,3.9,9.7,144.0,260.0,28.0
SV029,L,223,3,2,0,0,2,Response,2695.44,3105.9,1168.56,1582.9,248.8,330.0,254.4,4.233333333333333,13.2,227.16666666666666,415.0,90.66666666666667
SV029,L,224,3,0,0,0,2,Response,3108.025,3183.4,1231.55,1342.8,229.75,249.0,421.0,4.159999999999999,9.1,197.4,380.0,84.0
SV029,L,225,2,0,1,0,2,Response,3004.0,3160.7,1627.5666666666666,2072.2,250.33333333333334,297.0,498.6666666666667,4.2,7.1,218.5,339.0,26.0
SV029,L,226,3,3,0,0,2,Response,2697.5,3101.7,1332.9333333333334,1554.8,211.33333333333334,337.0,405.3333333333333,5.15,15.0,212.5,388.0,44.0
SV029,L,227,3,2,0,1,2,Response,1017.2800000000001,1199.7,1474.84,1743.9,246.8,275.0,312.8,2.5749999999999997,6.1,136.25,211.0,23.0
SV029,L,228,3,2,1,1,2,Response,1121.8666666666666,1268.5,1746.0999999999997,2292.2,297.0,345.0,361.3333333333333,5.975,8.6,187.0,249.0,45.0
SV029,L,229,3,0,1,1,2,Response,1026.2,1237.1,1582.675,1778.6,222.75,298.0,253.0,2.54,5.3,155.6,215.0,32.8
SV029,L,230,2,2,0,1,2,Response,1118.7,1118.7,1389.6,1389.6,276.0,276.0,1284.0,1.1,1.1,103.0,103.0,16.0
SV029,L,231,2,0,1,0,2,Response,3076.5,3076.5,1247.5,1247.5,193.0,193.0,328.0,10.5,13.0,214.5,228.0,76.0
SV029,L,232,2,2,0,0,2,Response,2713.15,3120.9,1194.6750000000002,1305.5,293.0,350.0,394.0,3.9400000000000004,10.5,208.8,366.0,119.2
SV029,L,233,2,0,0,0,3,Response,3018.9666666666667,3132.4,1219.6333333333332,1237.1,292.3333333333333,330.0,725.3333333333334,3.25,9.9,130.25,246.0,42.0
SV029,L,234,3,2,0,1,2,Response,1164.3,1164.3,1355.6,1355.6,206.0,206.0,724.0,4.1,7.6,205.0,340.0,122.0
SV029,L,235,2,0,0,0,2,Response,3116.1000000000004,3166.9,1287.45,1343.5,220.5,238.0,332.0,3.8333333333333335,10.0,153.66666666666666,303.0,25.333333333333332
SV029,L,236,2,2,0,0,2,Response,2342.05,3111.4,1545.1,1869.1,185.5,288.0,708.0,8.566666666666668,16.1,222.33333333333334,308.0,68.0
SV029,L,237,2,2,0,1,2,Response,1386.8,1700.9,1414.15,1654.1,238.5,298.0,234.0,4.0200000000000005,9.4,184.4,265.0,113.6
SV029,L,238,2,0,0,0,2,Response,3074.75,3114.8,1312.4499999999998,1348.8,269.5,330.0,702.0,5.266666666666667,8.8,188.66666666666666,275.0,36.0
SV029,L,239,3,2,1,1,2,Response,1150.3000000000002,1173.2,1733.3000000000002,1978.4,263.0,284.0,558.0,5.15,6.0,187.5,191.0,50.0
SV029,L,240,2,2,1,1,2,Response,918.825,1060.0,1665.075,1937.4,202.0,256.0,281.0,3.4799999999999995,9.4,159.0,272.0,29.6
SV029,L,241,3,2,1,1,2,Response,,,,,,,,6.2,6.2,218.0,218.0,40.0
SV029,L,242,3,3,0,1,3,Response,1924.9333333333332,2118.0,740.3833333333333,1051.0,542.3333333333334,611.0,270.0,4.316666666666666,7.5,525.0,1214.0,80.66666666666667
SV029,L,243,2,0,1,0,0,Response,,,,,,,,1.5,1.5,777.0,777.0,936.0
SV029,L,244,2,2,0,1,2,Response,,,,,,,,1.3,1.3,86.0,86.0,20.0
SV029,L,245,2,3,0,1,3,Response,,,,,,,,,,,,
SV029,L,246,3,0,0,0,0,Response,,,,,,,,,,,,
SV029,L,247,2,2,0,1,2,Response,,,,,,,,,,,,
SV029,L,248,3,3,0,1,3,Response,,,,,,,,1.4,1.4,94.0,94.0,20.0
SV029,L,249,2,0,0,1,0,Response,,,,,,,,1.3,1.3,669.0,669.0,176.0
SV029,L,250,3,3,1,1,3,Response,,,,,,,,1.1,1.1,409.0,409.0,360.0
SV029,L,251,3,2,1,0,2,Response,,,,,,,,,,,,
SV029,L,252,2,3,0,1,3,Response,,,,,,,,1.7,1.7,736.0,736.0,268.0
SV029,L,253,2,0,0,1,0,Response,,,,,,,,,,,,
SV029,L,254,2,2,0,0,2,Response,,,,,,,,,,,,
SV029,L,255,2,3,1,0,3,Response,,,,,,,,,,,,
SV029,L,256,2,2,1,0,2,Response,,,,,,,,,,,,
SV029,L,257,3,2,0,0,2,Response,,,,,,,,0.8,0.8,434.0,434.0,248.0
SV029,L,258,2,3,1,1,3,Response,,,,,,,,,,,,
SV029,L,259,3,2,1,0,2,Response,,,,,,,,1.8,1.8,817.0,817.0,268.0
SV029,L,260,3,0,0,1,0,Response,,,,,,,,,,,,
SV029,L,261,3,2,1,0,2,Response,,,,,,,,,,,,
SV029,L,262,3,3,1,1,3,Response,1998.1,1998.1,1248.4,1248.4,397.0,397.0,384.0,1.1,1.1,79.0,81.0,20.0
SV029,L,263,2,3,1,0,3,Response,1988.4,1988.4,1840.6,1840.6,364.0,364.0,24.0,7.7,7.7,473.0,473.0,28.0
SV029,L,264,2,3,1,0,3,Response,,,,,,,,,,,,
SV029,L,265,3,0,1,1,0,Response,,,,,,,,,,,,
SV029,L,266,3,3,1,1,3,Response,1846.3,1846.3,1247.1,1247.1,456.0,456.0,132.0,0.9,0.9,80.0,80.0,16.0
SV029,L,267,2,0,0,0,0,Response,,,,,,,,,,,,
SV029,L,268,2,2,0,1,2,Response,1980.4,1980.4,1200.2,1200.2,449.0,449.0,344.0,1.35,2.2,272.5,486.0,162.0
SV029,L,269,2,2,1,0,2,Response,,,,,,,,2.2,2.2,283.0,283.0,736.0
SV029,L,270,2,3,0,1,3,Response,,,,,,,,,,,,
SV029,L,271,2,2,1,1,2,Response,,,,,,,,1.8,1.8,291.0,291.0,296.0
SV029,L,272,3,3,0,1,3,Response,,,,,,,,,,,,
SV029,L,273,2,0,1,0,0,Response,1790.75,1857.6,1383.2,1387.2,180.5,207.0,26.0,1.9000000000000001,3.1,182.0,220.0,30.666666666666668
SV029,L,274,3,3,1,0,3,Response,,,,,,,,,,,,
SV029,L,275,3,2,1,1,2,Response,,,,,,,,0.5,0.5,63.0,63.0,12.0
SV029,L,276,2,0,1,1,0,Response,,,,,,,,1.9,1.9,521.0,521.0,336.0
SV029,L,277,2,2,0,1,2,Response,,,,,,,,1.2,1.2,627.0,627.0,356.0
SV029,L,278,2,0,1,0,0,Response,,,,,,,,0.6,0.6,624.0,624.0,292.0
SV029,L,279,3,3,1,1,3,Response,,,,,,,,,,,,
SV029,L,280,3,3,1,0,3,Response,,,,,,,,,,,,
SV029,L,281,2,0,1,1,0,Response,,,,,,,,,,,,
SV029,L,282,2,3,1,0,3,Response,,,,,,,,0.8,0.8,697.0,697.0,236.0
SV029,L,283,3,0,1,1,0,Response,,,,,,,,1.4,1.4,1016.0,1016.0,340.0
SV029,L,284,3,0,1,0,0,Response,,,,,,,,,,,,
SV029,L,285,3,3,1,1,3,Response,,,,,,,,,,,,
SV029,L,286,3,2,1,0,2,Response,,,,,,,,0.9,0.9,902.0,902.0,368.0
SV029,L,287,3,2,0,0,2,Response,1923.0,1923.0,1214.6,1214.6,328.0,328.0,448.0,1.6,2.7,413.5,769.0,174.0
SV029,L,288,3,2,0,1,2,Response,,,,,,,,,,,,
SV029,L,289,2,3,1,1,3,Response,,,,,,,,,,,,
SV029,L,290,3,2,1,1,2,Response,,,,,,,,1.4,1.4,555.0,555.0,332.0
SV029,L,291,2,2,0,0,2,Response,,,,,,,,,,,,
SV029,L,292,3,3,0,1,3,Response,,,,,,,,0.9,0.9,783.0,783.0,300.0
SV029,L,293,3,0,0,0,0,Response,,,,,,,,1.4,1.4,830.0,830.0,280.0
SV029,L,294,3,0,0,0,0,Response,,,,,,,,0.9,0.9,877.0,877.0,224.0
SV029,L,295,3,3,0,0,3,Response,1893.9,1893.9,1153.2,1153.2,567.0,567.0,356.0,0.4,0.4,54.0,54.0,12.0
SV029,L,296,2,2,0,0,2,Response,,,,,,,,2.3,2.3,2068.0,2068.0,272.0
SV029,L,297,2,0,1,0,0,Response,,,,,,,,1.0,1.0,1004.0,1004.0,316.0
SV029,L,298,2,2,1,0,2,Response,,,,,,,,,,,,
SV029,L,299,2,3,0,1,3,Response,,,,,,,,,,,,
SV029,L,300,3,2,1,0,2,Response,,,,,,,,,,,,
SV029,L,301,2,3,0,0,3,Response,,,,,,,,0.8,0.8,1133.0,1133.0,220.0
SV029,L,302,3,0,0,0,0,Response,,,,,,,,0.1,0.1,659.0,659.0,116.0
SV029,L,303,2,2,0,0,2,Response,,,,,,,,0.4,0.4,1190.0,1190.0,240.0
SV029,L,304,3,0,0,0,0,Response,,,,,,,,0.5,0.5,924.0,924.0,208.0
SV029,L,305,2,2,1,1,2,Response,,,,,,,,0.6,0.6,711.0,711.0,208.0
SV029,L,306,2,2,1,0,2,Response,1386.7,1386.7,2265.9,2265.9,40.0,40.0,20.0,12.4,15.4,369.0,460.0,168.0
SV029,L,307,2,2,0,0,2,Response,,,,,,,,,,,,
SV029,L,308,2,3,0,0,3,Response,,,,,,,,,,,,
SV029,L,309,2,3,1,1,3,Response,,,,,,,,1.7,1.7,394.0,394.0,160.0
SV029,L,310,2,2,1,1,2,Response,,,,,,,,,,,,
SV029,L,311,3,3,1,1,3,Response,,,,,,,,,,,,
SV029,L,312,3,3,1,1,3,Response,,,,,,,,,,,,
SV029,L,313,2,3,1,1,3,Response,,,,,,,,1.7,1.7,561.0,561.0,156.0
SV029,L,314,2,0,1,0,0,Response,,,,,,,,,,,,
SV029,L,315,3,0,0,1,0,Response,,,,,,,,0.7,0.7,672.0,672.0,348.0
SV029,L,316,3,2,1,1,2,Response,,,,,,,,,,,,
SV029,L,317,3,0,1,1,0,Response,,,,,,,,,,,,
SV029,L,318,2,3,0,0,3,Response,,,,,,,,,,,,
SV029,L,319,3,3,1,1,3,Response,,,,,,,,1.3,1.3,497.0,497.0,332.0
SV029,L,320,2,2,0,1,2,Response,,,,,,,,,,,,
SV029,L,321,3,3,1,0,3,Response,,,,,,,,,,,,
SV029,L,322,3,0,1,1,0,Response,,,,,,,,,,,,
SV029,L,323,3,3,1,0,3,Response,,,,,,,,,,,,
SV029,L,324,3,2,1,0,2,Response,,,,,,,,,,,,
SV029,L,325,2,2,0,1,2,Response,,,,,,,,,,,,
SV029,L,326,2,3,1,0,3,Response,,,,,,,,,,,,
SV029,L,327,3,0,1,0,0,Response,,,,,,,,,,,,
SV029,L,328,2,3,0,1,3,Response,,,,,,,,,,,,
SV029,L,329,2,0,0,1,0,Response,,,,,,,,,,,,
SV029,L,330,3,3,0,1,3,Response,,,,,,,,,,,,
SV029,L,331,3,2,0,0,2,Response,,,,,,,,,,,,
SV029,L,332,2,0,0,1,0,Response,,,,,,,,,,,,
SV029,L,333,3,3,0,1,3,Response,,,,,,,,,,,,
SV029,L,334,3,3,1,0,3,Response,,,,,,,,,,,,
SV029,L,335,3,2,0,0,2,Response,1583.4,1932.9,1892.8,2524.5,183.0,316.0,32.0,11.600000000000001,18.1,267.6666666666667,469.0,76.0
SV029,L,336,3,3,1,0,3,Response,,,,,,,,,,,,
SV029,L,337,3,0,1,0,0,Response,,,,,,,,,,,,
SV029,L,338,3,2,1,1,2,Response,,,,,,,,1.2,1.2,490.0,490.0,144.0
SV029,L,339,3,2,1,0,2,Response,,,,,,,,1.8,1.8,951.0,951.0,328.0
SV029,L,340,3,0,1,1,0,Response,,,,,,,,,,,,
SV029,L,341,3,0,0,0,0,Response,,,,,,,,,,,,
SV029,L,342,3,2,1,1,2,Response,,,,,,,,,,,,
SV029,L,343,2,3,0,0,3,Response,,,,,,,,,,,,
SV029,L,344,3,0,1,0,0,Response,1568.8,1568.8,1579.7,1579.7,81.0,81.0,24.0,5.6,8.0,438.0,649.0,174.0
SV029,L,345,3,2,0,1,2,Response,,,,,,,,,,,,
SV029,L,346,3,0,0,0,0,Response,,,,,,,,,,,,
SV029,L,347,3,3,1,1,3,Response,,,,,,,,,,,,
SV029,L,348,2,0,1,0,0,Response,,,,,,,,,,,,
SV029,L,349,3,2,0,0,2,Response,,,,,,,,,,,,
SV029,L,350,3,3,0,0,3,Response,,,,,,,,,,,,
SV029,L,351,3,2,1,0,2,Response,,,,,,,,2.1,2.1,642.0,642.0,388.0
SV029,L,352,3,3,1,0,3,Response,1448.1,1480.0,1738.9,1798.3,134.5,138.0,44.0,4.766666666666667,8.9,332.3333333333333,587.0,34.666666666666664
SV029,L,353,2,3,1,1,3,Response,,,,,,,,,,,,
SV029,L,354,2,0,1,1,0,Response,,,,,,,,1.7,1.7,413.0,413.0,368.0
SV029,L,355,3,3,1,0,3,Response,,,,,,,,,,,,
SV029,L,356,2,2,1,1,2,Response,,,,,,,,,,,,
SV029,L,357,3,3,0,0,3,Response,,,,,,,,,,,,
SV029,L,358,2,2,1,0,2,Response,,,,,,,,0.5,0.5,499.0,499.0,348.0
SV029,L,359,3,3,0,0,3,Response,,,,,,,,,,,,
SV029,L,360,3,3,0,1,3,Response,,,,,,,,,,,,
SV029,L,361,2,0,1,1,0,Response,,,,,,,,,,,,
SV029,L,362,2,2,0,0,2,Response,,,,,,,,,,,,
SV029,L,363,2,2,0,1,2,Response,,,,,,,,,,,,
SV029,L,364,2,2,0,0,2,Response,,,,,,,,,,,,
SV029,L,365,3,0,1,1,0,Response,,,,,,,,,,,,
SV029,L,366,2,3,0,0,3,Response,,,,,,,,,,,,
SV029,L,367,3,2,0,1,2,Response,,,,,,,,,,,,
SV029,L,368,3,2,0,1,2,Response,,,,,,,,,,,,
SV029,L,369,2,2,0,0,2,Response,,,,,,,,1.3,1.3,665.0,665.0,288.0
SV029,L,370,2,2,1,0,2,Response,,,,,,,,0.7,0.7,1034.0,1034.0,400.0
SV029,L,371,3,0,0,1,0,Response,,,,,,,,,,,,
SV029,L,372,3,2,0,0,2,Response,,,,,,,,,,,,
SV029,L,373,3,2,0,1,2,Response,1862.6,1862.6,1140.2,1140.2,477.0,477.0,620.0,0.9,0.9,79.0,79.0,16.0
SV029,L,374,2,0,0,1,0,Response,,,,,,,,,,,,
SV029,L,375,2,3,0,0,3,Response,,,,,,,,,,,,
SV029,L,376,2,0,1,1,0,Response,1638.75,1779.3,1826.55,1848.1,113.0,142.0,42.0,5.0,7.4,248.66666666666666,390.0,41.333333333333336
SV029,L,377,3,3,0,1,3,Response,1422.2,1422.2,1643.7,1643.7,283.0,283.0,92.0,5.8,5.8,302.0,302.0,48.0
SV029,L,378,3,0,1,1,0,Response,,,,,,,,1.8,1.8,698.0,698.0,284.0
SV029,L,379,3,3,0,0,3,Response,,,,,,,,1.6,1.6,549.0,549.0,252.0
SV029,L,380,2,3,1,0,3,Response,,,,,,,,,,,,
SV029,L,381,3,2,0,0,2,Response,1906.5,1906.5,1095.0,1095.0,354.0,354.0,204.0,0.6,0.6,71.0,72.0,12.0
SV029,L,382,2,0,1,1,0,Response,,,,,,,,,,,,
SV029,L,383,2,2,1,1,2,Response,,,,,,,,,,,,
SV029,L,384,3,0,0,1,0,Response,,,,,,,,,,,,
SV029,L,385,2,0,0,1,0,Response,,,,,,,,,,,,
SV029,L,386,2,0,0,1,0,Response,,,,,,,,,,,,
SV029,L,387,3,0,0,0,0,Response,,,,,,,,,,,,
SV029,L,388,2,2,1,1,2,Response,,,,,,,,,,,,
SV029,L,389,2,0,0,0,0,Response,,,,,,,,,,,,
SV029,L,390,3,2,1,1,2,Response,,,,,,,,1.6,1.6,403.0,403.0,564.0
SV029,L,391,2,0,0,1,0,Response,,,,,,,,,,,,
SV029,L,392,2,3,0,0,3,Response,,,,,,,,,,,,
SV029,L,393,3,2,0,1,2,Response,,,,,,,,,,,,
SV029,L,394,3,0,0,1,0,Response,,,,,,,,,,,,
SV029,L,395,2,3,0,1,3,Response,1910.9,1910.9,1304.0,1304.0,329.0,329.0,192.0,0.3,0.3,392.0,392.0,512.0
SV029,L,396,2,0,1,0,0,Response,,,,,,,,,,,,
SV029,L,397,2,3,0,0,3,Response,,,,,,,,0.6,0.6,79.0,79.0,12.0
SV029,L,398,3,2,0,1,2,Response,1750.8,1750.8,1875.7,1875.7,226.0,226.0,20.0,6.8,6.8,279.0,279.0,72.0
SV029,L,399,2,0,1,0,0,Response,,,,,,,,,,,,
SV029,L,400,2,3,0,0,3,Response,,,,,,,,,,,,
SV029,L,401,2,0,0,0,0,Response,,,,,,,,,,,,
SV029,L,402,2,2,1,1,2,Response,,,,,,,,1.8,1.8,816.0,816.0,320.0
SV029,L,403,2,3,1,0,3,Response,,,,,,,,1.4,1.4,786.0,786.0,252.0
SV029,L,404,2,0,1,0,0,Response,,,,,,,,,,,,
SV029,L,405,2,0,1,1,0,Response,,,,,,,,,,,,
SV029,L,406,3,2,0,0,2,Response,,,,,,,,,,,,
SV029,L,407,2,3,0,1,3,Response,,,,,,,,,,,,
SV029,L,408,3,3,1,0,3,Response,,,,,,,,,,,,
SV029,L,409,2,3,1,1,3,Response,,,,,,,,,,,,
SV029,L,410,3,2,1,1,2,Response,,,,,,,,7.8,7.8,349.0,349.0,100.0
SV029,L,411,3,0,0,1,0,Response,,,,,,,,,,,,
SV029,L,412,2,2,1,0,2,Response,,,,,,,,0.8,0.8,773.0,773.0,392.0
SV029,L,413,2,2,0,1,2,Response,,,,,,,,,,,,
SV029,L,414,2,0,1,1,0,Response,,,,,,,,,,,,
SV029,L,415,3,3,0,0,3,Response,,,,,,,,,,,,
SV029,L,416,3,3,0,0,3,Response,,,,,,,,,,,,
SV029,L,417,3,2,1,0,2,Response,,,,,,,,,,,,
SV029,L,418,2,2,1,1,2,Response,,,,,,,,,,,,
SV029,L,419,2,2,0,0,2,Response,,,,,,,,,,,,
SV029,L,420,2,3,1,0,3,Response,,,,,,,,,,,,
SV029,L,421,3,0,1,0,0,Response,,,,,,,,,,,,
SV029,L,422,3,3,1,0,3,Response,1645.9,1645.9,1961.7,1961.7,174.0,174.0,32.0,9.9,10.3,391.5,424.0,54.0
SV029,L,423,3,0,0,1,0,Response,,,,,,,,,,,,
SV029,L,424,3,0,0,0,0,Response,1866.4,1866.4,1534.5,1534.5,283.0,283.0,28.0,3.55,5.0,469.0,757.0,254.0
SV029,L,425,2,0,1,1,0,Response,,,,,,,,,,,,
SV029,L,426,3,2,0,0,2,Response,,,,,,,,1.5,1.5,934.0,934.0,324.0
SV029,L,427,2,3,1,0,3,Response,,,,,,,,,,,,
SV029,L,428,2,2,1,0,2,Response,,,,,,,,,,,,
SV029,L,429,3,2,0,1,2,Response,1913.3,1913.3,1099.1,1099.1,472.0,472.0,68.0,0.6,0.6,68.0,68.0,12.0
SV029,L,430,2,2,1,0,2,Response,,,,,,,,0.8,0.8,1045.0,1045.0,352.0
SV029,L,431,2,0,0,0,0,Response,,,,,,,,,,,,
SV029,L,432,2,3,0,1,3,Response,,,,,,,,,,,,
SV029,L,433,2,2,1,1,2,Response,,,,,,,,,,,,
SV029,L,434,2,0,0,0,0,Response,,,,,,,,0.8,0.8,959.0,959.0,344.0
SV029,L,435,3,0,1,1,0,Response,1995.2,1995.2,1064.7,1064.7,346.0,346.0,540.0,1.0,1.5,298.5,535.0,98.0
SV029,L,436,3,2,0,1,2,Response,1959.8,1961.3,1116.4,1175.3,568.5,585.0,170.0,0.7,0.7,57.0,57.0,16.0
SV029,L,437,3,3,0,1,3,Response,,,,,,,,,,,,
SV029,L,438,3,0,0,1,0,Response,,,,,,,,2.1,2.1,675.0,675.0,324.0
SV029,L,439,3,0,0,1,0,Response,,,,,,,,,,,,
SV029,L,440,2,0,1,1,0,Response,,,,,,,,,,,,
SV029,L,441,2,3,0,1,3,Response,,,,,,,,,,,,
SV029,L,442,3,0,1,0,0,Response,,,,,,,,,,,,
SV029,L,443,3,3,1,1,3,Response,,,,,,,,,,,,
SV029,L,444,2,3,0,0,3,Response,,,,,,,,0.7,0.7,64.0,64.0,16.0
SV029,L,445,3,2,1,0,2,Response,,,,,,,,,,,,
SV029,L,446,2,2,0,1,2,Response,1953.7,1953.7,1042.9,1042.9,486.0,486.0,444.0,,,,,
SV029,L,447,3,3,0,0,3,Response,,,,,,,,,,,,
SV029,L,448,3,0,0,0,0,Response,,,,,,,,,,,,
SV029,L,449,3,3,0,1,3,Response,,,,,,,,2.0,2.0,624.0,624.0,256.0
SV029,L,450,3,3,0,0,3,Response,,,,,,,,,,,,
SV029,L,451,2,0,1,0,0,Response,,,,,,,,,,,,
SV029,L,452,3,2,1,1,2,Response,,,,,,,,,,,,
SV029,L,453,3,0,1,0,0,Response,,,,,,,,,,,,
SV029,L,454,3,0,1,0,0,Response,1958.0,1958.0,1185.7,1185.7,408.0,408.0,128.0,0.4,0.4,781.0,781.0,404.0
SV029,L,455,2,3,1,1,3,Response,,,,,,,,,,,,
SV029,L,456,3,0,1,0,0,Response,,,,,,,,,,,,
SV029,L,457,3,0,0,1,0,Response,,,,,,,,,,,,
SV029,L,458,2,0,0,1,0,Response,,,,,,,,,,,,
SV029,L,459,2,0,0,0,0,Response,,,,,,,,,,,,
SV029,L,460,3,3,0,0,3,Response,,,,,,,,,,,,
SV029,L,461,2,2,1,1,2,Response,,,,,,,,,,,,
SV029,L,462,3,0,1,1,0,Response,,,,,,,,,,,,
SV029,L,463,2,3,1,1,3,Response,,,,,,,,,,,,
SV029,L,464,2,0,0,1,0,Response,,,,,,,,,,,,
SV029,L,465,2,2,0,0,2,Response,,,,,,,,,,,,
SV029,L,466,3,2,1,1,2,Response,,,,,,,,,,,,
SV029,L,467,2,0,0,0,0,Response,,,,,,,,,,,,
SV029,L,468,2,3,1,1,2,Response,1585.2,1585.2,1552.5,1552.5,201.0,201.0,28.0,5.5,5.5,242.0,242.0,52.0
SV029,L,469,2,0,0,0,0,Response,,,,,,,,,,,,
SV029,L,470,3,2,0,0,2,Response,,,,,,,,,,,,
SV029,L,471,2,2,0,1,2,Response,,,,,,,,,,,,
SV029,L,472,2,0,0,0,0,Response,,,,,,,,,,,,
SV029,L,473,2,0,0,0,0,Response,,,,,,,,,,,,
SV029,L,474,2,2,1,0,2,Response,,,,,,,,,,,,
SV029,L,475,2,3,1,0,3,Response,1529.1,1529.1,1544.0,1544.0,72.0,72.0,28.0,8.1,9.7,409.0,475.0,150.0
SV029,L,476,2,3,0,1,3,Response,,,,,,,,,,,,
SV029,L,477,3,0,1,1,0,Response,,,,,,,,,,,,
SV029,L,478,2,3,1,1,3,Response,,,,,,,,,,,,
SV029,L,479,3,0,1,0,0,Response,,,,,,,,,,,,
SV029,L,480,3,2,0,1,2,Response,,,,,,,,,,,,
SV029,R,1,2,2,1,0,2,Response,1289.8761904761905,3270.0,1333.5428571428572,2197.0,562.9047619047619,713.0,344.3809523809524,4.3909090909090915,16.6,687.0454545454545,1528.0,222.54545454545453
SV029,R,2,2,3,1,1,3,Response,2836.325,2943.5,1213.475,1237.0,432.5,543.0,800.0,2.0,5.6,213.8,591.0,69.6
SV029,R,3,2,0,1,1,2,Response,2943.8857142857146,3270.0,1241.0857142857144,1363.8,351.14285714285717,586.0,298.85714285714283,1.4,3.3,273.125,861.0,103.0
SV029,R,4,2,0,0,1,2,Response,3044.1,3079.1,1218.7,1434.1,247.66666666666666,292.0,684.0,3.8,9.2,229.25,443.0,50.0
SV029,R,5,2,0,0,0,2,Response,943.225,998.1,1426.5166666666667,1729.7,499.75,553.0,305.3333333333333,4.292307692307692,9.6,239.0,972.0,42.76923076923077
SV029,R,6,3,3,1,1,3,Response,2811.866666666667,2943.0,1223.0,1240.1,369.3333333333333,417.0,1049.3333333333333,2.275,6.1,118.75,204.0,21.0
SV029,R,7,2,0,0,0,3,Response,994.2105263157895,1296.9,1453.8263157894737,1780.9,578.7894736842105,669.0,309.4736842105263,3.245,7.8,291.0,1012.0,57.0
SV029,R,8,2,2,0,1,2,Response,2969.7333333333336,2991.9,1346.6166666666666,1704.4,396.0,457.0,498.0,3.9285714285714284,8.9,245.57142857142858,723.0,56.57142857142857
SV029,R,9,3,2,0,0,2,Response,987.925,1045.1,1358.1750000000002,1573.9,451.5,490.0,320.0,5.92,11.0,216.2,277.0,37.6
SV029,R,10,2,0,1,0,3,Response,1272.7454545454545,2003.8,1252.3000000000002,1383.2,475.90909090909093,610.0,356.3636363636364,3.4333333333333336,9.0,262.0,830.0,58.666666666666664
SV029,R,11,2,0,1,0,2,Response,1441.142857142857,1925.3,1217.5857142857144,1361.4,435.57142857142856,460.0,300.57142857142856,5.2375,8.6,458.0,1375.0,84.0
SV029,R,12,3,3,0,0,3,Response,1089.7083333333333,1988.9,1369.2833333333335,2126.2,512.8333333333334,591.0,402.0,4.046153846153846,12.7,387.6923076923077,1009.0,102.76923076923077
SV029,R,13,2,2,0,0,2,Response,974.8875,1035.5,1355.45,1586.1,488.375,583.0,380.0,4.111111111111111,7.4,256.3333333333333,691.0,91.55555555555556
SV029,R,14,3,3,1,1,3,Response,2839.06,3107.0,1226.96,1282.8,391.2,569.0,666.4,1.7399999999999998,3.3,120.4,179.0,19.2
SV029,R,15,3,2,1,0,3,Response,1293.2333333333333,1882.6,1228.5,1324.2,404.3333333333333,467.0,816.0,6.15,8.4,357.75,951.0,86.0
SV029,R,16,3,0,1,0,3,Response,972.25,1045.1,1336.05,1341.1,439.5,461.0,1012.0,4.3999999999999995,8.1,160.0,227.0,30.0
SV029,R,17,3,3,0,1,2,Response,3043.7875,3270.0,1196.5875,1391.7,314.5,458.0,475.0,3.6666666666666665,10.0,266.3333333333333,636.0,86.66666666666667
SV029,R,18,2,2,0,1,3,Response,2988.1666666666665,3005.2,1265.2333333333333,1534.8,272.6666666666667,297.0,488.0,4.3,8.9,144.0,234.0,36.0
SV029,R,19,2,2,1,1,2,Response,2894.08,2992.7,1246.06,1295.3,301.4,362.0,489.6,2.5500000000000003,8.1,213.5,727.0,52.666666666666664
SV029,R,20,3,3,0,0,2,Response,1070.3285714285714,1835.6,1291.8428571428572,1536.4,420.0,494.0,393.14285714285717,4.175,8.8,322.125,833.0,89.5
SV029,R,21,2,0,1,1,3,Response,2871.35,3133.6,1232.775,1272.7,344.0,391.0,597.0,4.0,9.5,364.0,1115.0,96.0
SV029,R,22,3,3,1,0,3,Response,966.4499999999999,1037.6,1313.4,1319.0,365.5,383.0,930.0,5.966666666666666,10.0,201.0,328.0,56.0
SV029,R,23,3,2,0,1,2,Response,2773.7833333333333,3074.5,1167.6166666666666,1297.4,366.6666666666667,475.0,410.6666666666667,2.5,7.2,127.33333333333333,227.0,24.0
SV029,R,24,3,3,0,1,2,Response,2836.957142857143,3117.4,1229.1357142857144,1787.5,400.5,566.0,382.85714285714283,3.52,9.6,315.8666666666667,1357.0,102.4
SV029,R,25,3,0,1,1,2,Response,2887.3,2943.9,1238.3000000000002,1253.9,277.5,302.0,892.0,3.1,7.9,122.0,225.0,25.333333333333332
SV029,R,26,2,3,0,0,3,Response,1142.4769230769232,1920.8,1285.5923076923077,1578.3,392.15384615384613,531.0,415.38461538461536,3.4642857142857144,7.9,257.42857142857144,857.0,55.42857142857143
SV029,R,27,3,0,1,0,2,Response,846.7666666666668,884.4,1322.5,1361.4,419.6666666666667,494.0,901.3333333333334,3.15,9.0,310.75,924.0,77.0
SV029,R,28,3,3,1,0,2,Response,863.1600000000001,1070.7,1371.3600000000001,1377.5,416.8,469.0,417.6,1.1833333333333333,1.7,343.3333333333333,965.0,79.33333333333333
SV029,R,29,3,2,1,1,2,Response,2832.633333333333,2905.2,1213.6000000000001,1221.6,292.3333333333333,407.0,650.6666666666666,1.15,2.8,182.0,406.0,85.0
SV029,R,30,2,3,1,1,2,Response,2966.116666666667,3270.0,1331.6499999999999,1724.3,272.6666666666667,448.0,528.0,3.5,8.7,193.42857142857142,488.0,51.42857142857143
SV029,R,31,2,3,0,0,3,Response,888.86,1068.3,1309.9533333333334,1486.6,445.6,558.0,306.93333333333334,2.7625,7.5,458.9375,1075.0,143.75
SV029,R,32,3,2,1,1,2,Response,2644.65,2920.8,1194.0,1258.1,329.0,354.0,526.0,3.1666666666666665,3.4,231.33333333333334,404.0,88.0
SV029,R,33,3,3,0,0,2,Response,922.2333333333332,939.8,1299.3,1547.0,369.6666666666667,453.0,604.0,2.75,5.2,289.0,677.0,72.0
SV029,R,34,2,2,1,1,2,Response,2892.92,3128.5,1254.4,1302.7,332.6,405.0,628.8,2.1399999999999997,5.8,119.6,177.0,22.4
SV029,R,35,2,2,1,1,2,Response,2856.475,2960.4,1238.875,1272.7,332.0,398.0,527.0,2.9,9.1,254.4,600.0,63.2
SV029,R,36,2,2,1,1,2,Response,2895.2666666666664,3001.8,1254.2,1257.6,312.6666666666667,454.0,650.6666666666666,3.1666666666666665,7.1,1300.6666666666667,3270.0,150.66666666666666
SV029,R,37,3,0,0,0,2,Response,936.9200000000001,981.1,1362.1200000000001,1564.8,411.6,479.0,450.4,3.1833333333333336,7.2,381.3333333333333,920.0,112.0
SV029,R,38,2,0,0,0,2,Response,1220.8333333333333,1834.3,1315.1666666666667,1677.6,388.5,527.0,355.3333333333333,4.1,10.9,265.85714285714283,840.0,49.714285714285715
SV029,R,39,3,2,1,1,2,Response,2756.2166666666667,2866.8,1234.5666666666666,1352.8,378.5,490.0,407.3333333333333,3.3285714285714283,8.1,766.8571428571429,3270.0,188.0
SV029,R,40,2,3,1,0,2,Response,844.3399999999999,934.4,1341.1799999999998,1369.7,420.8,570.0,597.6,3.7166666666666663,10.0,140.0,307.0,27.333333333333332
SV029,R,41,3,3,0,0,2,Response,959.0666666666666,1039.2,1429.1499999999999,1545.2,438.0,529.0,410.0,1.5999999999999999,4.3,321.42857142857144,900.0,85.71428571428571
SV029,R,42,3,2,0,1,2,Response,2898.07,3068.1,1112.67,1402.6,428.6,574.0,344.8,3.3454545454545457,8.9,723.1818181818181,3270.0,100.0
SV029,R,43,2,0,0,1,2,Response,2925.311111111111,3270.0,1155.888888888889,1456.5,394.0,549.0,212.0,3.18,9.9,237.2,620.0,71.6
SV029,R,44,2,0,1,1,2,Response,2851.8,2922.5,1226.45,1251.9,399.5,513.0,1194.0,4.833333333333333,7.4,263.6666666666667,514.0,93.33333333333333
SV029,R,45,2,2,1,0,2,Response,975.4000000000001,1099.2,1269.0,1298.6,479.0,532.0,936.0,3.7999999999999994,6.8,335.0,729.0,129.33333333333334
SV029,R,46,2,0,1,0,2,Response,1060.2,1060.2,1287.8,1287.8,384.0,384.0,1284.0,1.5,2.2,524.5,983.0,166.0
SV029,R,47,3,2,1,1,2,Response,2975.1000000000004,3041.3,1246.55,1262.4,286.0,389.0,310.0,0.76,1.0,203.0,480.0,141.6
SV029,R,48,2,3,1,0,3,Response,977.0166666666668,1109.8,1299.8999999999999,1335.0,442.1666666666667,550.0,712.6666666666666,3.0285714285714285,8.6,394.0,873.0,109.14285714285714
SV029,R,49,2,0,1,0,3,Response,812.4666666666667,925.4,1355.8999999999999,1400.9,450.6666666666667,570.0,824.0,3.375,8.9,388.0,1189.0,87.0
SV029,R,50,2,0,1,1,3,Response,2721.18,2927.8,1267.5,1525.8,363.8,434.0,549.6,3.4799999999999995,7.5,224.2,491.0,65.6
SV029,R,51,3,2,0,0,2,Response,1038.7333333333333,1520.7,1293.8333333333333,1510.0,448.3333333333333,546.0,354.6666666666667,3.585714285714286,6.5,283.57142857142856,1041.0,67.42857142857143
SV029,R,52,3,3,1,1,3,Response,3003.0,3136.6,1259.2,1279.9,342.6666666666667,427.0,885.3333333333334,4.875,9.6,221.0,561.0,82.0
SV029,R,53,2,2,0,0,2,Response,1005.4333333333334,1099.9,1302.6000000000001,1509.7,432.3333333333333,524.0,453.3333333333333,5.300000000000001,10.8,248.0,551.0,71.0
SV029,R,54,3,0,0,0,3,Response,1015.6,1111.0,1404.7,1585.6,328.3333333333333,337.0,249.33333333333334,3.7249999999999996,6.5,311.25,863.0,93.0
SV029,R,55,2,3,0,1,2,Response,2903.866666666667,3003.0,1284.1666666666667,1447.9,365.0,443.0,622.6666666666666,3.766666666666667,7.7,154.0,197.0,30.666666666666668
SV029,R,56,2,2,1,1,2,Response,2992.85,3050.7,1391.65,1517.6,194.5,258.0,428.0,2.1333333333333333,3.6,293.3333333333333,470.0,120.0
SV029,R,57,2,3,1,1,2,Response,2702.96,3032.5,1196.94,1260.7,315.8,434.0,429.6,3.04,6.2,142.6,222.0,24.8
SV029,R,58,3,3,0,1,2,Response,2997.125,3040.4,1254.625,1458.1,319.75,416.0,456.0,1.8,3.2,121.8,193.0,20.0
SV029,R,59,2,2,0,1,2,Response,2976.5499999999997,3017.6,1245.875,1414.1,370.75,476.0,495.0,2.0,2.9,235.0,546.0,71.0
SV029,R,60,3,3,0,1,2,Response,2947.05,2972.3,1304.9,1345.5,396.0,407.0,862.0,3.3666666666666667,8.1,333.6666666666667,799.0,90.66666666666667
SV029,R,61,3,3,1,1,2,Response,2892.9,2932.3,1236.6666666666667,1268.0,491.0,570.0,566.6666666666666,2.75,7.7,375.0,1073.0,93.0
SV029,R,62,3,0,0,1,3,Response,2953.7,2991.6,1204.1444444444444,1368.8,437.44444444444446,589.0,491.55555555555554,2.822222222222222,7.9,680.0,2923.0,138.22222222222223
SV029,R,63,2,0,1,0,2,Response,941.1500000000001,988.6,1321.1,1345.5,524.0,606.0,972.0,4.833333333333333,11.7,399.3333333333333,969.0,76.0
SV029,R,64,2,2,1,0,2,Response,949.5,1004.4,1346.65,1362.6,492.5,565.0,862.0,5.65,10.8,246.5,429.0,76.0
SV029,R,65,2,3,1,1,2,Response,2871.5,2956.6,1254.65,1258.2,388.5,491.0,782.0,4.3999999999999995,8.1,443.3333333333333,910.0,108.0
SV029,R,66,3,0,0,1,3,Response,2947.2,2991.0,1325.6,1499.6,414.75,490.0,873.0,2.96,8.6,266.8,557.0,97.6
SV029,R,67,3,2,1,0,2,Response,,,,,,,,11.4,11.4,302.0,302.0,92.0
SV029,R,68,2,3,0,0,3,Response,1033.8545454545454,1482.9,1569.7636363636366,2215.1,490.09090909090907,589.0,439.6363636363636,4.325,10.3,428.1666666666667,1040.0,118.33333333333333
SV029,R,69,2,3,1,1,2,Response,2890.4,2959.3,1257.8666666666666,1279.5,472.6666666666667,539.0,1029.3333333333333,3.075,4.3,1171.75,3270.0,179.0
SV029,R,70,2,3,1,1,3,Response,2958.316666666667,3065.7,1294.3500000000001,1351.7,318.1666666666667,442.0,650.0,2.1714285714285717,8.8,205.42857142857142,672.0,90.28571428571429
SV029,R,71,2,0,0,1,2,Response,2639.94,3017.4,1232.4,1485.4,363.2,455.0,380.0,3.5666666666666664,9.0,240.66666666666666,856.0,54.666666666666664
SV029,R,72,2,3,1,1,2,Response,2668.75,2939.7,1198.0,1277.1,337.25,490.0,392.0,1.9,6.1,215.0,550.0,103.2
SV029,R,73,3,2,1,0,2,Response,920.4,1074.4,1354.9666666666665,1367.6,330.0,388.0,369.3333333333333,1.6666666666666667,2.4,448.0,1134.0,98.66666666666667
SV029,R,74,3,0,1,1,3,Response,2765.433333333333,2869.0,1237.2,1252.9,319.6666666666667,361.0,1018.6666666666666,2.2,5.7,280.75,852.0,70.0
SV029,R,75,2,3,1,0,3,Response,910.55,1068.1,1446.65,1688.8,395.0,529.0,340.0,2.6,5.0,465.75,1061.0,141.0
SV029,R,76,3,2,0,1,2,Response,2956.625,3022.6,1183.4,1375.6,335.0,480.0,619.0,1.55,2.7,111.5,167.0,18.0
SV029,R,77,2,3,0,0,2,Response,946.65,990.4,1300.875,1519.2,400.0,468.0,559.0,3.125,8.3,111.75,153.0,32.0
SV029,R,78,3,2,1,1,2,Response,2886.8,2886.8,1255.9,1255.9,261.0,261.0,896.0,0.6,0.6,683.0,683.0,248.0
SV029,R,79,3,3,1,0,2,Response,886.6,886.6,1356.3,1356.3,369.0,369.0,1340.0,5.2,10.0,187.0,321.0,28.0
SV029,R,80,2,2,0,0,2,Response,1038.1444444444444,1233.7,1383.6888888888889,1806.5,489.1111111111111,538.0,448.8888888888889,3.65,9.2,311.6,967.0,83.6
SV029,R,81,3,0,1,0,2,Response,955.78,1125.8,1345.2,1364.3,420.8,516.0,457.6,3.4333333333333336,10.8,433.8333333333333,1006.0,92.66666666666667
SV029,R,82,2,0,1,1,2,Response,,,,,,,,,,,,
SV029,R,83,3,3,1,0,2,Response,950.4,1050.2,1345.2333333333333,1361.9,476.3333333333333,538.0,505.3333333333333,3.7,10.9,370.0,1030.0,89.0
SV029,R,84,2,3,1,0,3,Response,800.3,857.6,1330.35,1337.0,443.0,504.0,972.0,1.3666666666666665,2.1,355.3333333333333,855.0,88.0
SV029,R,85,3,3,1,0,3,Response,1025.25,1089.8,1330.65,1332.9,352.0,382.0,512.0,1.0499999999999998,1.4,554.0,1025.0,112.0
SV029,R,86,2,0,0,1,2,Response,2949.86,3044.3,1289.0,1497.9,327.8,450.0,348.0,4.0,9.3,217.83333333333334,532.0,52.666666666666664
SV029,R,87,3,2,0,0,2,Response,1014.7249999999999,1203.1,1203.025,1579.7,429.25,529.0,542.0,5.0,10.5,352.2,983.0,80.0
SV029,R,88,3,3,0,1,2,Response,2914.5499999999997,2995.3,1210.6499999999999,1472.4,449.6666666666667,511.0,334.6666666666667,4.057142857142857,8.5,241.42857142857142,526.0,220.0
SV029,R,89,2,0,1,0,2,Response,967.95,1064.4,1335.15,1361.0,420.75,548.0,499.0,2.78,7.8,143.2,290.0,23.2
SV029,R,90,3,3,0,0,3,Response,1003.0272727272727,1343.8,1585.4818181818182,2688.7,453.90909090909093,545.0,296.0,5.1,12.6,307.5,1012.0,86.33333333333333
SV029,R,91,2,3,0,1,2,Response,2824.96,3067.8,1244.3200000000002,1525.2,309.4,400.0,472.8,3.0,8.4,249.66666666666666,608.0,75.33333333333333
SV029,R,92,2,2,1,0,2,Response,1125.04,1938.4,1698.9299999999998,2713.9,325.4,502.0,237.6,4.736363636363636,14.6,361.6363636363636,1161.0,120.72727272727273
SV029,R,93,3,0,1,1,2,Response,2882.5,3270.0,1286.0916666666667,1571.9,259.8333333333333,424.0,392.6666666666667,1.9538461538461538,6.8,198.46153846153845,439.0,79.6923076923077
SV029,R,94,2,2,0,0,2,Response,1009.6571428571427,1313.5,1438.4714285714285,1836.9,483.7857142857143,557.0,312.57142857142856,3.4066666666666667,8.7,285.3333333333333,1045.0,65.6
SV029,R,95,2,3,1,0,2,Response,1194.325,1901.7,1278.275,1358.0,470.25,542.0,561.0,3.175,9.2,346.5,951.0,80.0
SV029,R,96,2,0,1,1,2,Response,2588.65,2900.6,1212.3625,1370.7,309.25,470.0,397.5,2.1444444444444444,6.3,152.88888888888889,314.0,60.888888888888886
SV029,R,97,3,2,0,0,2,Response,987.4000000000001,1084.5,1306.4777777777776,1566.2,448.0,516.0,392.44444444444446,2.85,9.3,281.7,1039.0,67.2
SV029,R,98,2,3,0,1,2,Response,2909.17,3270.0,1357.75,1842.4,314.3,507.0,294.0,3.1363636363636362,12.1,191.27272727272728,447.0,57.81818181818182
SV029,R,99,3,3,1,1,2,Response,2748.7,2947.0,1284.3799999999999,1466.5,371.8,576.0,641.6,2.1999999999999997,4.8,332.5,876.0,127.33333333333333
SV029,R,100,3,0,1,1,2,Response,2892.4,2977.7,1334.1333333333332,1440.0,353.0,411.0,504.0,3.0999999999999996,6.8,198.5,446.0,144.0
SV029,R,101,2,2,0,1,2,Response,2872.3571428571427,3027.1,1191.357142857143,1400.9,312.2857142857143,474.0,357.7142857142857,3.1000000000000005,7.4,244.85714285714286,622.0,62.857142857142854
SV029,R,102,3,3,0,0,2,Response,933.3,938.0,1416.0500000000002,1497.9,394.5,415.0,992.0,3.9666666666666663,9.1,248.33333333333334,538.0,72.0
SV029,R,103,2,3,1,1,2,Response,2854.9,2997.9,1214.7,1269.5,429.6666666666667,550.0,472.0,3.025,8.7,345.0,1040.0,133.0
SV029,R,104,3,3,1,1,2,Response,2662.3,2956.2,1201.075,1284.4,366.25,508.0,551.0,2.0,6.7,124.2,285.0,41.6
SV029,R,105,2,3,0,0,2,Response,973.625,1046.0,1337.2,1482.2,379.5,536.0,380.0,3.7599999999999993,10.6,289.4,801.0,87.2
SV029,R,106,3,0,0,0,3,Response,981.9000000000001,993.6,1339.0,1431.4,407.5,431.0,858.0,1.8,2.2,113.0,124.0,22.0
SV029,R,107,2,3,1,1,2,Response,2688.2,2997.0,1218.65,1290.4,305.5,418.0,583.0,2.3499999999999996,6.6,194.5,413.0,93.0
SV029,R,108,3,3,1,1,2,Response,2884.7666666666664,2927.5,1198.6333333333334,1251.9,433.6666666666667,562.0,477.3333333333333,2.95,7.9,134.5,210.0,25.0
SV029,R,109,2,3,0,1,2,Response,2971.45,3032.0,1321.05,1460.4,313.5,407.0,520.0,1.725,3.1,119.25,199.0,20.0
SV029,R,110,2,2,1,1,2,Response,2703.48,2942.2,1350.7,1769.0,349.2,480.0,540.0,2.4,6.7,148.16666666666666,255.0,24.666666666666668
SV029,R,111,3,3,0,1,2,Response,2901.66,3050.7,1582.2599999999998,2311.2,345.6,429.0,228.8,5.6499999999999995,12.7,1063.6666666666667,3270.0,413.3333333333333
SV029,R,112,2,2,1,0,2,Response,964.1666666666666,1060.1,1379.6333333333332,1394.0,346.6666666666667,427.0,438.6666666666667,4.1,7.9,912.75,1025.0,267.0
SV029,R,113,2,2,1,1,2,Response,2485.3333333333335,2899.4,1149.3333333333333,1213.7,415.0,476.0,681.3333333333334,2.0,2.4,138.0,152.0,21.333333333333332
SV029,R,114,2,2,1,1,2,Response,2916.3571428571427,3270.0,1338.4285714285713,1621.3,293.14285714285717,432.0,481.7142857142857,2.542857142857143,5.8,217.14285714285714,616.0,48.57142857142857
SV029,R,115,2,0,0,1,2,Response,2952.633333333333,3029.4,1237.9666666666667,1386.0,304.6666666666667,406.0,697.3333333333334,4.325,7.4,268.0,652.0,61.0
SV029,R,116,2,0,0,0,2,Response,917.0,925.4,1343.2333333333333,1470.0,405.3333333333333,495.0,452.0,3.7,10.4,547.25,1071.0,111.0
SV029,R,117,3,3,1,1,2,Response,2951.7,2951.7,1265.2,1265.2,230.0,230.0,772.0,0.5,0.5,68.0,68.0,12.0
SV029,R,118,2,3,0,1,2,Response,2965.3571428571427,3049.5,1273.7857142857142,1655.2,322.2857142857143,417.0,614.8571428571429,2.9749999999999996,8.2,240.25,757.0,70.5
SV029,R,119,2,0,0,0,2,Response,1015.4,1182.8,1279.46,1641.2,442.2,513.0,358.4,3.3600000000000003,6.0,148.4,205.0,30.4
SV029,R,120,2,2,1,0,2,Response,1018.0,1057.6,1321.7,1326.0,482.0,523.0,874.0,5.266666666666667,7.8,173.0,292.0,37.333333333333336
SV029,R,121,3,3,0,0,2,Response,999.375,1079.0,1332.7,1554.6,516.75,585.0,343.0,3.6799999999999997,10.2,332.8,957.0,57.6
SV029,R,122,3,0,0,1,2,Response,2917.25,2961.2,1489.65,1541.9,218.5,383.0,120.0,4.266666666666667,8.4,318.0,446.0,52.0
SV029,R,123,2,3,0,0,2,Response,1022.7,1022.7,1265.8,1265.8,504.0,504.0,1416.0,4.85,9.2,1346.5,2632.0,84.0
SV029,R,124,3,2,0,0,2,Response,1053.6,1053.6,1278.6,1278.6,534.0,534.0,1172.0,0.7,0.7,84.0,84.0,12.0
SV029,R,125,3,0,1,0,3,Response,1041.65,1061.3,1334.65,1344.8,509.0,552.0,922.0,3.6999999999999997,8.7,1157.0,3270.0,74.66666666666667
SV029,R,126,3,2,0,0,2,Response,1008.6,1061.7,1284.1,1334.8,505.0,583.0,708.0,1.3,1.6,105.0,124.0,18.0
SV029,R,127,2,0,0,1,2,Response,2922.433333333333,2983.0,1314.6000000000001,1454.1,393.6666666666667,467.0,512.0,3.4666666666666663,7.6,129.0,187.0,33.333333333333336
SV029,R,128,2,0,1,1,2,Response,2896.1,2896.1,1265.3,1265.3,313.0,313.0,716.0,0.5,0.5,57.0,57.0,12.0
SV029,R,129,3,0,0,1,2,Response,3014.7749999999996,3042.6,1349.45,1536.1,321.75,383.0,343.0,1.825,2.8,188.0,427.0,80.0
SV029,R,130,2,3,0,0,2,Response,933.85,945.7,1499.35,1550.8,453.5,488.0,456.0,4.766666666666667,9.9,177.66666666666666,275.0,33.333333333333336
SV029,R,131,2,0,0,0,2,Response,968.8,968.8,1554.6,1554.6,392.0,392.0,564.0,5.8999999999999995,11.2,191.5,331.0,58.0
SV029,R,132,3,0,0,1,2,Response,2989.12,3016.3,1342.7,1574.2,366.0,490.0,296.8,3.85,10.6,466.6666666666667,1064.0,117.33333333333333
SV029,R,133,3,0,1,0,2,Response,951.825,1113.7,1364.8999999999999,1381.1,469.0,509.0,379.0,1.225,2.4,283.25,888.0,72.0
SV029,R,134,2,3,0,1,2,Response,2991.8,2991.8,1390.9,1390.9,319.0,319.0,1044.0,6.1,8.6,568.5,937.0,96.0
SV029,R,135,3,3,1,0,2,Response,987.05,1054.2,1355.15,1369.3,491.5,564.0,1038.0,4.033333333333334,9.9,163.33333333333334,290.0,28.0
SV029,R,136,3,2,1,0,2,Response,962.3000000000001,1130.7,1361.65,1401.5,442.3333333333333,548.0,562.6666666666666,0.9714285714285714,1.7,86.42857142857143,131.0,15.428571428571429
SV029,R,137,2,2,0,0,2,Response,1790.5,1790.5,1022.1,1022.1,414.0,414.0,240.0,4.45,7.6,187.5,259.0,30.0
SV029,R,138,3,3,0,0,2,Response,1015.2333333333332,1098.5,1291.1666666666667,1372.4,439.0,549.0,585.3333333333334,3.0749999999999997,8.7,155.75,347.0,51.0
SV029,R,139,2,2,1,0,2,Response,1036.025,1122.0,1340.775,1368.1,412.5,527.0,423.0,2.2399999999999998,7.3,120.8,230.0,20.0
SV029,R,140,2,3,1,0,2,Response,829.6,915.5,1361.75,1373.2,482.5,547.0,590.0,4.6000000000000005,11.8,474.3333333333333,1236.0,84.0
SV029,R,141,2,3,1,0,2,Response,1076.5,1076.5,1356.6,1356.6,436.0,436.0,328.0,3.6999999999999997,6.8,135.5,202.0,30.0
SV029,R,142,3,0,0,0,3,Response,942.3375,968.9,1358.675,1576.8,500.0,577.0,436.5,2.4375,7.7,220.375,885.0,45.5
SV029,R,143,2,2,0,1,3,Response,2994.875,3039.7,1301.35,1452.0,389.0,514.0,503.0,2.0,3.9,212.2,478.0,146.4
SV029,R,144,2,2,1,0,2,Response,,,,,,,,,,,,
SV029,R,145,3,0,1,0,2,Response,1046.2,1046.2,1345.6,1345.6,421.0,421.0,852.0,4.9,8.8,172.5,256.0,36.0
SV029,R,146,3,2,0,1,2,Response,3124.0,3270.0,1699.75,2160.5,218.0,374.0,264.0,4.366666666666666,8.5,283.0,458.0,190.66666666666666
SV029,R,147,3,2,0,0,2,Response,946.75,965.9,1292.975,1436.4,488.75,576.0,419.0,3.4799999999999995,9.1,167.4,311.0,25.6
SV029,R,148,3,0,1,1,2,Response,2873.45,2908.0,1256.75,1260.3,403.0,515.0,678.0,2.966666666666667,7.2,121.0,195.0,40.0
SV029,R,149,3,0,0,1,2,Response,2759.4,3002.5,1365.225,1461.9,352.75,433.0,347.0,2.7800000000000002,7.8,117.2,147.0,32.0
SV029,R,150,2,3,0,0,2,Response,988.1333333333333,1011.1,1409.5666666666666,1547.7,495.3333333333333,535.0,744.0,1.7,2.6,110.33333333333333,135.0,21.333333333333332
SV029,R,151,3,0,1,1,1,Response,2982.2454545454543,3270.0,1264.9727272727273,1893.0,376.8181818181818,494.0,505.8181818181818,2.8249999999999997,13.3,181.41666666666666,515.0,49.333333333333336
SV029,R,152,3,0,1,1,2,Response,3055.25,3128.0,1288.65,1297.2,344.0,362.0,630.0,3.8666666666666667,9.7,138.33333333333334,244.0,28.0
SV029,R,153,3,2,1,0,2,Response,1307.0,1941.8,1242.22,1365.8,446.0,564.0,434.4,4.45,8.2,174.0,278.0,30.0
SV029,R,154,3,2,1,0,2,Response,1148.475,1932.4,1254.375,1344.7,444.25,566.0,642.0,3.78,11.6,252.2,866.0,58.4
SV029,R,155,2,2,0,1,2,Response,2937.3999999999996,2974.7,1332.85,1448.9,408.5,495.0,589.0,3.1399999999999997,8.3,199.8,544.0,63.2
SV029,R,156,3,3,1,1,2,Response,2916.05,2930.1,1268.05,1278.6,376.5,395.0,1062.0,4.45,8.4,137.0,212.0,32.0
SV029,R,157,2,3,1,1,2,Response,2915.1,2915.1,1262.6,1262.6,380.0,380.0,1288.0,4.15,7.3,145.0,204.0,48.0
SV029,R,158,3,0,0,1,3,Response,2780.4777777777776,3030.6,1192.2555555555555,1463.8,383.3333333333333,474.0,420.0,2.95,9.3,184.4,547.0,44.0
SV029,R,159,2,2,0,1,2,Response,2954.475,2963.2,1061.825,1217.3,426.5,550.0,508.0,3.72,8.3,248.2,716.0,77.6
SV029,R,160,3,2,1,1,2,Response,2839.9,2907.3,1269.65,1273.9,390.0,408.0,776.0,2.5,6.3,108.0,184.0,25.333333333333332
SV029,R,161,3,3,0,1,2,Response,2650.7666666666664,2973.7,1366.8666666666668,1439.4,372.0,423.0,416.0,3.125,8.1,136.0,238.0,31.0
SV029,R,162,2,2,1,0,2,Response,774.2,774.2,1370.4,1370.4,343.0,343.0,212.0,0.5,0.5,60.0,60.0,12.0
SV029,R,163,3,0,1,0,2,Response,688.5,688.5,1336.6,1336.6,356.0,356.0,256.0,1.2,1.2,83.0,83.0,20.0
SV029,R,164,3,2,0,1,2,Response,2972.25,2978.8,1270.45,1386.9,420.0,422.0,1168.0,4.233333333333333,8.7,167.0,241.0,30.666666666666668
SV029,R,165,2,0,0,1,3,Response,2988.0125,3270.0,1285.6875,1962.2,417.875,582.0,277.5,3.5999999999999996,10.6,216.88888888888889,564.0,56.888888888888886
SV029,R,166,2,2,0,0,2,Response,929.5,941.1,1442.3000000000002,1514.2,427.0,435.0,466.0,1.65,2.3,124.5,166.0,18.0
SV029,R,167,3,0,1,1,2,Response,2974.2,2974.2,1262.7,1262.7,287.0,287.0,384.0,2.65,4.8,243.5,420.0,66.0
SV029,R,168,3,0,0,0,2,Response,1257.2,1845.2,1277.1000000000001,1448.5,478.3333333333333,539.0,550.6666666666666,3.8000000000000003,8.8,324.0,910.0,91.0
SV029,R,169,2,2,0,0,3,Response,937.575,968.4,1169.75,1331.0,452.75,537.0,516.0,1.3599999999999999,2.0,98.8,125.0,19.2
SV029,R,170,3,0,0,0,2,Response,1013.7000000000002,1125.2,1270.5333333333335,1366.9,497.3333333333333,575.0,556.0,2.9250000000000003,9.3,129.5,280.0,23.0
SV029,R,171,2,3,0,0,3,Response,1139.2,1964.4,1240.3600000000001,1366.2,464.2,500.0,488.8,2.5333333333333337,9.3,113.66666666666667,238.0,24.0
SV029,R,172,3,3,0,0,3,Response,1396.35,1851.6,1278.35,1433.2,437.5,448.0,374.0,3.4333333333333336,8.3,147.33333333333334,271.0,25.333333333333332
SV029,R,173,2,2,0,1,2,Response,2831.866666666667,2995.7,1274.611111111111,1586.1,456.6666666666667,535.0,397.3333333333333,2.1888888888888887,3.6,192.88888888888889,721.0,54.666666666666664
SV029,R,174,3,2,1,1,2,Response,2968.4714285714285,3112.0,1173.0285714285715,1291.1,450.2857142857143,544.0,423.42857142857144,3.2,8.3,362.375,1081.0,169.5
SV029,R,175,2,2,0,0,2,Response,964.1,964.1,1377.9,1377.9,480.0,480.0,780.0,5.15,9.4,175.0,275.0,32.0
SV029,R,176,2,0,1,0,2,Response,770.9,770.9,1339.7,1339.7,318.0,318.0,368.0,6.2,12.0,153.5,253.0,78.0
SV029,R,177,3,0,0,1,2,Response,2923.7999999999997,3270.0,1197.8363636363638,1754.5,398.27272727272725,535.0,272.0,2.6166666666666667,7.8,196.75,687.0,69.66666666666667
SV029,R,178,2,3,0,1,2,Response,2984.5,2984.5,1211.4,1211.4,339.0,339.0,1004.0,4.3999999999999995,8.2,140.0,204.0,36.0
SV029,R,179,2,2,1,1,2,Response,2828.45,2907.1,1239.55,1243.5,408.5,509.0,804.0,3.1666666666666665,8.4,119.0,213.0,25.333333333333332
SV029,R,180,3,2,1,0,2,Response,1345.7285714285715,1968.7,1242.3999999999999,1402.7,524.1428571428571,603.0,396.57142857142856,2.7,10.5,731.0,2931.0,151.5
SV029,R,181,3,0,0,0,2,Response,751.8181818181819,1692.3,1405.6727272727273,1621.0,520.5454545454545,566.0,285.8181818181818,2.575,7.2,279.8333333333333,1006.0,66.66666666666667
SV029,R,182,2,3,1,0,2,Response,1042.0700000000002,1877.8,1498.8200000000002,2142.9,516.5,650.0,482.8,3.1999999999999997,8.2,254.9090909090909,806.0,66.54545454545455
SV029,R,183,3,3,1,1,2,Response,3024.628571428572,3270.0,1820.0142857142857,2928.4,326.85714285714283,484.0,310.85714285714283,5.6625,13.1,290.0,848.0,92.0
SV029,R,184,3,2,0,1,2,Response,3190.6,3270.0,1250.56,1495.5,447.8,574.0,423.2,5.133333333333334,10.1,272.8333333333333,360.0,46.0
SV029,R,185,3,3,1,0,2,Response,900.26,1090.0,1615.06,2119.8,529.6,614.0,387.2,4.8500000000000005,10.4,356.3333333333333,1043.0,59.333333333333336
SV029,R,186,3,2,1,1,2,Response,2563.9500000000003,3087.5,1367.1166666666668,2092.9,387.0,565.0,302.0,4.928571428571429,12.3,182.57142857142858,382.0,31.428571428571427
SV029,R,187,2,0,1,0,2,Response,997.0666666666666,1107.4,1692.8333333333333,2197.7,495.6666666666667,558.0,530.6666666666666,8.775,11.0,365.0,630.0,80.0
SV029,R,188,3,3,0,1,2,Response,3121.1,3270.0,1250.4,1425.1,386.5,490.0,342.5,2.3111111111111113,7.5,169.55555555555554,232.0,36.0
SV029,R,189,2,0,0,0,2,Response,626.425,1023.9,1331.275,1626.2,506.0,564.0,421.0,5.76,10.1,235.6,340.0,34.4
SV029,R,190,3,2,1,0,2,Response,957.6333333333333,1080.5,1625.7666666666667,2011.8,471.0,580.0,612.0,4.933333333333334,8.1,195.66666666666666,271.0,33.333333333333336
SV029,R,191,2,0,0,0,2,Response,560.5833333333334,962.0,1301.3166666666666,1495.9,468.3333333333333,564.0,342.6666666666667,3.3600000000000003,5.6,162.2,241.0,27.2
SV029,R,192,2,2,0,0,2,Response,507.9,867.5,1465.475,1588.6,467.5,559.0,353.0,4.76,16.0,169.0,349.0,53.6
SV029,R,193,2,3,0,1,2,Response,3068.9555555555553,3270.0,1265.2444444444445,1438.1,352.3333333333333,451.0,393.3333333333333,3.13,8.8,251.3,795.0,104.4
SV029,R,194,2,0,0,1,3,Response,3089.68,3270.0,1188.68,1423.9,443.0,507.0,821.6,3.3833333333333333,8.5,277.8333333333333,656.0,74.0
SV029,R,195,2,0,1,1,2,Response,2886.48,2915.4,1628.58,2146.1,468.2,596.0,311.2,4.866666666666667,8.3,168.0,239.0,36.666666666666664
SV029,R,196,3,2,1,0,2,Response,939.85,1121.2,1780.5500000000002,2168.3,480.75,551.0,406.0,3.6799999999999997,7.8,177.2,327.0,24.8
SV029,R,197,3,0,0,0,2,Response,796.5111111111112,2051.1,1285.3000000000002,1525.5,500.3333333333333,549.0,355.1111111111111,3.5799999999999996,10.1,156.6,287.0,28.0
SV029,R,198,3,2,1,1,2,Response,3038.7,3270.0,1886.9599999999998,2252.0,343.8,465.0,481.6,4.416666666666667,10.8,234.83333333333334,494.0,67.33333333333333
SV029,R,199,3,0,0,0,2,Response,756.5699999999999,1013.4,1459.81,1832.0,468.8,564.0,486.0,2.8000000000000003,6.6,207.27272727272728,815.0,46.18181818181818
SV029,R,200,3,2,0,1,2,Response,3052.6,3270.0,1468.675,1517.3,371.0,473.0,479.0,3.28,9.7,184.4,280.0,33.6
SV029,R,201,2,3,1,0,2,Response,915.0333333333333,928.7,1657.0,2101.6,500.0,580.0,544.0,5.325,10.9,951.5,3270.0,98.0
SV029,R,202,3,2,0,0,2,Response,856.05,936.3,1269.75,1387.6,470.5,476.0,262.0,6.033333333333334,10.0,232.0,325.0,53.333333333333336
SV029,R,203,3,0,0,0,3,Response,752.0,1011.8,1345.475,1518.4,450.0,540.0,642.0,3.6399999999999997,9.9,169.0,282.0,27.2
SV029,R,204,3,3,1,0,2,Response,990.7,1102.0,1597.475,1982.3,421.0,569.0,300.0,4.38,8.7,177.8,272.0,30.4
SV029,R,205,2,0,1,1,2,Response,2980.7000000000003,3165.8,1689.3666666666668,2227.4,365.3333333333333,461.0,300.0,4.1499999999999995,10.9,166.66666666666666,288.0,29.333333333333332
SV029,R,206,3,0,0,1,2,Response,3148.25,3270.0,1131.05,1230.4,366.75,418.0,488.0,2.78,9.2,200.6,456.0,39.2
SV029,R,207,2,3,0,0,2,Response,1019.8000000000001,1951.0,1328.0857142857144,1458.0,443.42857142857144,548.0,465.7142857142857,3.45,8.8,568.75,3270.0,53.5
SV029,R,208,3,0,1,0,2,Response,832.9666666666667,867.9,1851.7333333333333,2183.7,495.6666666666667,582.0,462.6666666666667,4.925,11.7,897.75,3090.0,61.0
SV029,R,209,3,3,0,1,3,Response,3069.5,3270.0,1333.7285714285715,1526.7,386.14285714285717,500.0,260.0,3.1875,8.1,167.875,244.0,27.5
SV029,R,210,3,2,1,0,2,Response,868.8333333333334,895.3,1627.8333333333333,1771.8,495.3333333333333,578.0,402.6666666666667,4.4,13.6,170.25,399.0,70.0
SV029,R,211,2,0,1,0,2,Response,1003.025,1076.7,1583.0749999999998,1933.6,477.25,553.0,351.0,3.3400000000000007,8.3,160.4,274.0,27.2
SV029,R,212,2,2,0,1,2,Response,3158.8,3270.0,1298.5249999999999,1377.1,318.0,385.0,514.0,3.3400000000000007,10.3,166.4,223.0,34.4
SV029,R,213,3,2,0,1,2,Response,3107.1666666666665,3270.0,1275.4666666666667,1439.6,391.6666666666667,476.0,501.3333333333333,3.5999999999999996,8.6,183.25,232.0,35.0
SV029,R,214,3,0,1,0,2,Response,838.2333333333332,901.2,1816.5666666666666,2122.2,483.6666666666667,510.0,494.6666666666667,5.775,8.0,229.0,351.0,36.0
SV029,R,215,3,2,0,0,2,Response,701.4142857142857,990.8,1353.2428571428572,1678.0,440.7142857142857,556.0,381.7142857142857,4.5875,9.8,202.0,272.0,33.0
SV029,R,216,2,0,0,1,2,Response,3239.7200000000003,3270.0,1346.44,1462.5,340.2,405.0,315.2,2.9,10.2,162.33333333333334,268.0,40.0
SV029,R,217,2,0,1,1,2,Response,2964.414285714286,3093.4,1801.957142857143,2153.6,325.42857142857144,392.0,184.0,4.8625,7.7,253.875,523.0,78.0
SV029,R,218,2,3,1,0,2,Response,971.3799999999999,1149.4,1541.6200000000001,2141.6,427.0,531.0,355.2,5.616666666666667,9.0,209.83333333333334,378.0,36.666666666666664
SV029,R,219,2,2,0,0,2,Response,1025.8,1025.8,1450.3,1450.3,458.0,458.0,348.0,5.4,9.9,173.0,264.0,36.0
SV029,R,220,3,3,0,0,3,Response,916.72,949.1,1392.76,1551.5,431.0,502.0,455.2,3.5500000000000003,11.1,293.0,1111.0,48.666666666666664
SV029,R,221,2,0,0,1,2,Response,3162.15,3270.0,1220.05,1313.9,275.5,324.0,558.0,3.0,9.9,237.2,576.0,44.8
SV029,R,222,2,3,0,1,3,Response,3109.3599999999997,3270.0,1269.16,1425.2,276.6,367.0,366.4,2.6333333333333333,10.6,166.66666666666666,331.0,63.333333333333336
SV029,R,223,3,3,0,1,3,Response,2777.15,3203.1,1197.625,1335.4,313.75,371.0,374.0,2.84,11.2,138.2,260.0,25.6
SV029,R,224,3,3,1,0,3,Response,941.75,1024.1,1443.25,1555.5,411.0,534.0,395.0,3.28,10.7,146.2,296.0,23.2
SV029,R,225,3,2,1,1,2,Response,2999.133333333333,3061.7,1536.3333333333333,2019.4,364.3333333333333,430.0,482.6666666666667,6.800000000000001,9.4,255.5,332.0,38.0
SV029,R,226,2,2,1,0,2,Response,993.0857142857143,1146.5,1893.8285714285714,2454.1,367.0,439.0,234.85714285714286,6.6,12.1,251.75,334.0,38.5
SV029,R,227,2,2,1,1,2,Response,3033.2,3086.9,1598.2,1976.8,304.0,381.0,324.0,3.4799999999999995,9.3,157.2,246.0,36.0
SV029,R,228,2,0,0,0,2,Response,574.775,988.3,1350.55,1424.6,485.0,526.0,260.0,2.56,4.2,161.6,264.0,23.2
SV029,R,229,3,3,1,0,2,Response,1125.125,1860.1,1460.675,1851.3,399.75,483.0,387.0,3.9199999999999995,10.2,181.4,313.0,28.0
SV029,R,230,2,3,0,1,2,Response,3014.925,3130.7,1278.6,1447.8,336.0,444.0,377.0,2.7800000000000002,8.9,187.6,557.0,31.2
SV029,R,231,2,0,1,0,2,Response,904.4875,982.9,1760.3875,2125.8,348.0,492.0,381.5,2.9222222222222225,7.3,204.11111111111111,739.0,53.77777777777778
SV029,R,232,3,2,0,1,2,Response,3142.95,3270.0,1352.4250000000002,1459.4,298.0,332.0,406.0,0.9750000000000001,1.3,134.5,185.0,24.0
SV029,R,233,2,2,0,1,2,Response,3095.7200000000003,3270.0,1315.2,1463.7,281.8,405.0,481.6,2.75,9.1,155.16666666666666,317.0,53.333333333333336
SV029,R,234,3,0,1,1,2,Response,3032.55,3126.6,1411.2,1455.4,320.0,358.0,876.0,0.8,0.8,79.0,79.0,16.0
SV029,R,235,3,2,0,1,2,Response,2838.925,3270.0,1278.525,1433.7,273.5,320.0,329.0,3.18,11.5,146.0,221.0,32.0
SV029,R,236,2,0,0,0,2,Response,908.5,908.5,1388.6,1388.6,293.0,293.0,592.0,0.9,0.9,84.0,84.0,16.0
SV029,R,237,3,0,1,0,2,Response,859.55,898.1,1349.0,1367.0,413.0,477.0,794.0,4.1,11.1,146.33333333333334,286.0,68.0
SV029,R,238,3,2,0,0,2,Response,848.2444444444444,1125.5,1318.788888888889,1628.5,438.22222222222223,487.0,365.77777777777777,3.81,7.0,186.1,293.0,28.4
SV029,R,239,3,0,1,1,2,Response,2993.44,3152.2,1650.1,2038.3,281.8,361.0,332.8,6.216666666666666,14.4,206.83333333333334,395.0,38.0
SV029,R,240,3,0,0,1,3,Response,3189.866666666667,3270.0,1269.0166666666667,1418.2,277.1666666666667,343.0,380.0,2.2714285714285714,9.4,131.71428571428572,223.0,30.285714285714285
SV029,R,241,3,0,0,0,0,Response,1958.4076923076923,3270.0,954.4615384615385,1660.0,583.4615384615385,700.0,143.69230769230768,5.178571428571429,15.4,625.0714285714286,3270.0,392.2857142857143
SV029,R,242,2,0,0,0,0,Response,2326.8666666666663,3261.2,1415.3333333333333,3030.6,446.3333333333333,531.0,206.66666666666666,16.349999999999998,28.9,311.0,504.0,124.0
SV029,R,243,2,3,0,0,3,Response,2527.8642857142854,3270.0,1566.6714285714286,3139.9,457.14285714285717,567.0,408.0,6.54,14.9,280.8,862.0,87.73333333333333
SV029,R,244,2,0,0,0,0,Response,1954.4916666666668,2114.9,1003.5916666666667,1761.1,548.0833333333334,788.0,183.33333333333334,5.161538461538461,15.3,852.3076923076923,3080.0,264.9230769230769
SV029,R,245,2,2,0,1,2,Response,1881.9,1881.9,557.9,557.9,500.0,500.0,292.0,4.95,7.0,183.5,241.0,38.0
SV029,R,246,3,2,1,1,2,Response,,,,,,,,7.6,7.6,260.0,260.0,48.0
SV029,R,247,2,2,0,0,2,Response,,,,,,,,,,,,
SV029,R,248,3,3,1,0,3,Response,,,,,,,,,,,,
SV029,R,249,3,3,1,0,3,Response,2015.4333333333334,2121.8,893.3666666666667,1205.3,507.8333333333333,622.0,580.6666666666666,3.0500000000000003,7.0,619.5,2005.0,216.66666666666666
SV029,R,250,2,2,1,1,2,Response,,,,,,,,,,,,
SV029,R,251,3,3,0,1,3,Response,,,,,,,,2.6,2.6,3270.0,3270.0,148.0
SV029,R,252,2,3,0,0,3,Response,,,,,,,,0.5,0.5,60.0,60.0,12.0
SV029,R,253,2,0,0,0,0,Response,,,,,,,,2.1,2.1,412.0,412.0,164.0
SV029,R,254,3,3,0,0,3,Response,,,,,,,,0.5,0.5,62.0,62.0,12.0
SV029,R,255,2,2,0,1,2,Response,2091.0,2091.0,1356.0,1356.0,285.0,285.0,24.0,2.3,3.6,660.5,1193.0,92.0
SV029,R,256,3,3,0,1,3,Response,,,,,,,,,,,,
SV029,R,257,2,3,0,0,3,Response,,,,,,,,,,,,
SV029,R,258,2,2,1,1,2,Response,2089.3,2089.3,1481.6,1481.6,213.0,213.0,48.0,3.5,5.3,212.0,277.0,46.0
SV029,R,259,2,2,0,0,3,Response,2069.5,2210.6,1101.45,1745.9,403.0,520.0,382.6666666666667,5.142857142857143,16.2,250.0,491.0,89.71428571428571
SV029,R,260,2,2,0,0,3,Response,2890.3333333333335,3270.0,1964.9833333333333,2651.9,398.3333333333333,519.0,265.3333333333333,8.2,22.9,940.2857142857143,3270.0,177.71428571428572
SV029,R,261,3,0,1,0,0,Response,,,,,,,,,,,,
SV029,R,262,3,0,1,1,0,Response,,,,,,,,,,,,
SV029,R,263,2,0,0,1,0,Response,,,,,,,,1.7,1.7,2598.0,2598.0,232.0
SV029,R,264,3,3,0,1,3,Response,,,,,,,,,,,,
SV029,R,265,3,3,1,1,3,Response,,,,,,,,,,,,
SV029,R,266,2,2,0,0,3,Response,2559.6,3214.6,2234.5375,3106.7,442.375,686.0,139.5,6.966666666666667,23.2,566.4444444444445,3270.0,101.77777777777777
SV029,R,267,3,0,0,1,0,Response,,,,,,,,,,,,
SV029,R,268,2,0,0,1,0,Response,,,,,,,,,,,,
SV029,R,269,3,3,1,0,3,Response,,,,,,,,,,,,
SV029,R,270,3,2,1,0,3,Response,,,,,,,,,,,,
SV029,R,271,3,0,0,1,0,Response,,,,,,,,,,,,
SV029,R,272,3,3,0,1,3,Response,,,,,,,,,,,,
SV029,R,273,3,2,1,1,2,Response,1858.5,1858.5,1203.7,1203.7,446.0,446.0,544.0,0.75,0.9,67.5,79.0,16.0
SV029,R,274,3,2,1,0,2,Response,,,,,,,,,,,,
SV029,R,275,2,3,1,0,3,Response,,,,,,,,2.2,2.2,684.0,684.0,144.0
SV029,R,276,3,2,1,1,2,Response,,,,,,,,,,,,
SV029,R,277,2,2,1,0,2,Response,,,,,,,,0.6,0.6,69.0,69.0,12.0
SV029,R,278,2,0,0,0,0,Response,,,,,,,,,,,,
SV029,R,279,2,3,1,1,3,Response,,,,,,,,,,,,
SV029,R,280,2,0,1,1,0,Response,,,,,,,,,,,,
SV029,R,281,3,3,1,0,3,Response,,,,,,,,1.3,1.3,3270.0,3270.0,312.0
SV029,R,282,3,3,0,1,3,Response,,,,,,,,,,,,
SV029,R,283,2,2,1,1,3,Response,2239.425,2675.5,1914.2125,2580.5,514.375,592.0,149.5,6.355555555555556,19.2,969.0,2235.0,212.0
SV029,R,284,2,3,1,0,3,Response,,,,,,,,,,,,
SV029,R,285,2,3,1,1,3,Response,,,,,,,,,,,,
SV029,R,286,2,2,1,0,2,Response,,,,,,,,,,,,
SV029,R,287,3,3,0,0,3,Response,,,,,,,,1.5,1.5,666.0,666.0,280.0
SV029,R,288,3,3,1,1,3,Response,,,,,,,,,,,,
SV029,R,289,2,3,0,0,3,Response,,,,,,,,0.8,0.8,73.0,73.0,16.0
SV029,R,290,2,3,0,0,3,Response,2960.96,3270.0,2147.6,2371.8,369.4,417.0,154.4,3.7399999999999998,10.8,358.0,1219.0,84.8
SV029,R,291,3,0,1,1,0,Response,,,,,,,,,,,,
SV029,R,292,2,0,0,1,0,Response,,,,,,,,,,,,
SV029,R,293,3,0,1,1,0,Response,,,,,,,,0.6,0.6,558.0,558.0,200.0
SV029,R,294,3,3,0,0,2,Response,2273.425,2588.0,1800.275,2372.7,329.75,389.0,262.0,7.719999999999999,15.7,466.4,874.0,229.6
SV029,R,295,3,0,1,0,0,Response,,,,,,,,,,,,
SV029,R,296,3,0,0,0,0,Response,,,,,,,,0.5,0.5,277.0,277.0,96.0
SV029,R,297,2,0,0,0,0,Response,,,,,,,,,,,,
SV029,R,298,3,2,1,0,2,Response,,,,,,,,,,,,
SV029,R,299,2,3,0,1,3,Response,,,,,,,,,,,,
SV029,R,300,3,0,0,0,0,Response,,,,,,,,,,,,
SV029,R,301,2,0,1,1,0,Response,,,,,,,,,,,,
SV029,R,302,2,0,1,0,0,Response,,,,,,,,,,,,
SV029,R,303,3,3,0,1,3,Response,,,,,,,,,,,,
SV029,R,304,3,3,0,0,3,Response,,,,,,,,0.4,0.4,335.0,335.0,264.0
SV029,R,305,2,3,0,1,3,Response,,,,,,,,,,,,
SV029,R,306,2,3,1,1,3,Response,,,,,,,,3.0,3.0,1054.0,1054.0,248.0
SV029,R,307,3,0,0,0,0,Response,,,,,,,,,,,,
SV029,R,308,2,2,0,0,2,Response,,,,,,,,,,,,
SV029,R,309,3,2,1,0,2,Response,,,,,,,,,,,,
SV029,R,310,3,3,1,0,3,Response,,,,,,,,,,,,
SV029,R,311,3,3,0,0,3,Response,,,,,,,,,,,,
SV029,R,312,2,0,1,0,0,Response,,,,,,,,0.7,0.7,444.0,444.0,228.0
SV029,R,313,3,2,1,1,2,Response,1729.225,1992.1,1664.2,2401.3,236.25,386.0,67.0,7.574999999999999,13.7,914.25,1244.0,730.0
SV029,R,314,2,2,1,0,2,Response,,,,,,,,,,,,
SV029,R,315,3,2,0,1,2,Response,,,,,,,,2.1,2.1,1166.0,1166.0,236.0
SV029,R,316,3,0,1,1,0,Response,,,,,,,,,,,,
SV029,R,317,2,2,0,0,2,Response,,,,,,,,,,,,
SV029,R,318,2,0,1,1,0,Response,,,,,,,,1.2,1.2,1191.0,1191.0,280.0
SV029,R,319,3,2,1,1,2,Response,,,,,,,,,,,,
SV029,R,320,2,0,1,0,0,Response,,,,,,,,,,,,
SV029,R,321,2,0,1,0,0,Response,,,,,,,,,,,,
SV029,R,322,2,3,1,0,3,Response,,,,,,,,,,,,
SV029,R,323,3,2,0,0,2,Response,1899.3,1899.3,1086.7,1086.7,387.0,387.0,244.0,0.55,0.7,68.0,81.0,12.0
SV029,R,324,3,3,1,0,3,Response,,,,,,,,,,,,
SV029,R,325,3,0,1,1,0,Response,,,,,,,,1.7,1.7,947.0,947.0,304.0
SV029,R,326,2,2,0,1,2,Response,,,,,,,,,,,,
SV029,R,327,3,0,1,0,0,Response,,,,,,,,1.6,1.6,362.0,362.0,376.0
SV029,R,328,2,0,0,1,0,Response,,,,,,,,,,,,
SV029,R,329,2,0,1,0,0,Response,,,,,,,,,,,,
SV029,R,330,3,2,1,0,2,Response,,,,,,,,3.0,3.0,1131.0,1131.0,228.0
SV029,R,331,2,0,1,0,0,Response,,,,,,,,1.1,1.1,924.0,924.0,232.0
SV029,R,332,3,2,1,1,2,Response,,,,,,,,,,,,
SV029,R,333,3,2,1,0,2,Response,1865.8,1865.8,1118.6,1118.6,359.0,359.0,576.0,1.1,1.4,671.5,1271.0,108.0
SV029,R,334,3,3,0,0,3,Response,2043.0,2043.0,1396.4,1396.4,418.0,418.0,32.0,2.55,4.5,425.5,775.0,158.0
SV029,R,335,2,2,1,1,2,Response,,,,,,,,,,,,
SV029,R,336,3,3,0,1,3,Response,,,,,,,,,,,,
SV029,R,337,2,3,1,1,3,Response,2037.8,2037.8,1133.4,1133.4,444.0,444.0,120.0,3.9,3.9,926.0,926.0,356.0
SV029,R,338,2,0,1,0,0,Response,,,,,,,,,,,,
SV029,R,339,2,2,0,1,2,Response,1985.9,1985.9,1224.4,1224.4,358.0,358.0,64.0,4.05,5.5,489.0,801.0,172.0
SV029,R,340,2,3,1,1,3,Response,,,,,,,,2.3,2.3,881.0,881.0,336.0
SV029,R,341,3,2,1,1,2,Response,,,,,,,,,,,,
SV029,R,342,2,2,0,0,2,Response,,,,,,,,2.4,2.4,2453.0,2453.0,236.0
SV029,R,343,2,0,0,0,0,Response,,,,,,,,,,,,
SV029,R,344,3,0,0,1,0,Response,,,,,,,,1.5,1.5,1272.0,1272.0,288.0
SV029,R,345,2,0,0,0,0,Response,,,,,,,,,,,,
SV029,R,346,3,0,0,0,0,Response,,,,,,,,4.4,4.4,906.0,906.0,116.0
SV029,R,347,3,0,1,0,0,Response,2057.6,2057.6,1399.9,1399.9,385.0,385.0,32.0,2.4,4.2,145.5,206.0,22.0
SV029,R,348,3,2,1,1,2,Response,,,,,,,,,,,,
SV029,R,349,2,3,0,0,3,Response,,,,,,,,0.5,0.5,60.0,60.0,12.0
SV029,R,350,2,0,1,0,0,Response,,,,,,,,1.6,1.6,969.0,969.0,356.0
SV029,R,351,3,0,0,1,0,Response,1932.5,1932.5,1187.3,1187.3,362.0,362.0,404.0,2.15,3.6,132.0,201.0,22.0
SV029,R,352,2,3,1,0,3,Response,,,,,,,,2.8,2.8,1055.0,1055.0,324.0
SV029,R,353,2,2,0,1,2,Response,,,,,,,,,,,,
SV029,R,354,2,3,0,1,3,Response,,,,,,,,3.0,3.0,880.0,880.0,372.0
SV029,R,355,2,2,0,0,2,Response,,,,,,,,,,,,
SV029,R,356,3,2,0,1,2,Response,1941.5,1941.5,1105.4,1105.4,354.0,354.0,456.0,1.4,2.3,313.5,568.0,114.0
SV029,R,357,2,0,1,1,0,Response,,,,,,,,,,,,
SV029,R,358,2,2,1,1,2,Response,,,,,,,,,,,,
SV029,R,359,2,2,1,1,2,Response,,,,,,,,,,,,
SV029,R,360,3,2,0,0,2,Response,,,,,,,,,,,,
SV029,R,361,3,2,0,0,2,Response,,,,,,,,,,,,
SV029,R,362,2,2,0,1,2,Response,,,,,,,,,,,,
SV029,R,363,2,2,0,1,2,Response,,,,,,,,,,,,
SV029,R,364,3,2,1,1,2,Response,,,,,,,,,,,,
SV029,R,365,3,3,0,0,3,Response,,,,,,,,1.8,1.8,130.0,130.0,20.0
SV029,R,366,2,0,0,0,0,Response,,,,,,,,3.9,3.9,647.0,647.0,244.0
SV029,R,367,2,0,0,1,0,Response,,,,,,,,,,,,
SV029,R,368,3,2,0,0,2,Response,,,,,,,,9.4,9.4,684.0,684.0,208.0
SV029,R,369,2,3,0,1,3,Response,,,,,,,,,,,,
SV029,R,370,2,3,1,0,3,Response,,,,,,,,,,,,
SV029,R,371,3,0,1,1,0,Response,,,,,,,,,,,,
SV029,R,372,3,3,0,0,3,Response,,,,,,,,,,,,
SV029,R,373,2,0,0,1,0,Response,,,,,,,,,,,,
SV029,R,374,2,2,1,1,2,Response,,,,,,,,,,,,
SV029,R,375,3,0,1,1,0,Response,,,,,,,,,,,,
SV029,R,376,2,0,0,1,0,Response,,,,,,,,,,,,
SV029,R,377,3,3,1,0,3,Response,,,,,,,,3.9,3.9,948.0,948.0,148.0
SV029,R,378,3,0,1,0,0,Response,,,,,,,,,,,,
SV029,R,379,2,0,1,1,0,Response,1978.0,1978.0,1077.7,1077.7,333.0,333.0,516.0,,,,,
SV029,R,380,2,3,1,1,3,Response,,,,,,,,,,,,
SV029,R,381,2,3,0,0,3,Response,1976.9,1976.9,1099.2,1099.2,333.0,333.0,428.0,2.4,2.4,237.0,237.0,216.0
SV029,R,382,2,3,1,0,3,Response,,,,,,,,,,,,
SV029,R,383,3,2,0,0,2,Response,,,,,,,,,,,,
SV029,R,384,3,0,1,0,0,Response,,,,,,,,2.0,2.0,1002.0,1002.0,296.0
SV029,R,385,3,3,1,1,3,Response,,,,,,,,12.5,12.5,760.0,760.0,340.0
SV029,R,386,3,0,1,0,0,Response,,,,,,,,,,,,
SV029,R,387,3,0,0,1,0,Response,,,,,,,,,,,,
SV029,R,388,2,3,1,0,3,Response,,,,,,,,12.1,12.1,772.0,772.0,380.0
SV029,R,389,3,2,1,0,2,Response,,,,,,,,,,,,
SV029,R,390,3,0,1,1,0,Response,,,,,,,,2.4,2.4,322.0,322.0,348.0
SV029,R,391,3,3,0,1,3,Response,,,,,,,,,,,,
SV029,R,392,3,3,1,1,3,Response,,,,,,,,,,,,
SV029,R,393,3,3,1,1,3,Response,,,,,,,,,,,,
SV029,R,394,2,3,0,0,3,Response,,,,,,,,,,,,
SV029,R,395,2,2,1,0,2,Response,,,,,,,,,,,,
SV029,R,396,2,3,0,1,3,Response,,,,,,,,,,,,
SV029,R,397,3,2,0,0,2,Response,,,,,,,,,,,,
SV029,R,398,3,2,0,1,2,Response,,,,,,,,3.9,3.9,144.0,144.0,188.0
SV029,R,399,3,0,0,1,0,Response,,,,,,,,,,,,
SV029,R,400,3,3,1,0,3,Response,,,,,,,,,,,,
SV029,R,401,2,2,1,0,2,Response,,,,,,,,,,,,
SV029,R,402,2,3,0,1,3,Response,,,,,,,,,,,,
SV029,R,403,2,0,0,1,0,Response,,,,,,,,,,,,
SV029,R,404,3,3,1,1,3,Response,,,,,,,,,,,,
SV029,R,405,2,0,0,0,0,Response,,,,,,,,4.9,4.9,145.0,145.0,116.0
SV029,R,406,2,0,1,1,0,Response,,,,,,,,,,,,
SV029,R,407,2,0,1,0,0,Response,,,,,,,,5.3,5.3,195.0,195.0,112.0
SV029,R,408,3,0,0,1,0,Response,,,,,,,,5.1,5.1,178.0,178.0,124.0
SV029,R,409,3,2,1,0,2,Response,,,,,,,,5.0,5.0,143.0,143.0,136.0
SV029,R,410,3,0,0,1,0,Response,,,,,,,,5.3,5.3,180.0,180.0,224.0
SV029,R,411,3,0,1,0,0,Response,2036.6,2036.6,1482.5,1482.5,187.0,187.0,36.0,2.45,4.0,103.5,127.0,30.0
SV029,R,412,2,0,1,1,0,Response,,,,,,,,,,,,
SV029,R,413,3,0,0,1,0,Response,,,,,,,,4.2,4.2,150.0,150.0,108.0
SV029,R,414,3,3,0,1,3,Response,,,,,,,,,,,,
SV029,R,415,3,2,0,0,2,Response,,,,,,,,,,,,
SV029,R,416,2,2,0,1,2,Response,,,,,,,,,,,,
SV029,R,417,3,0,0,0,0,Response,,,,,,,,1.7,1.7,297.0,297.0,316.0
SV029,R,418,2,2,1,1,2,Response,,,,,,,,6.5,6.5,230.0,230.0,152.0
SV029,R,419,3,3,1,1,3,Response,,,,,,,,,,,,
SV029,R,420,2,0,1,1,0,Response,,,,,,,,,,,,
SV029,R,421,3,3,1,0,3,Response,,,,,,,,,,,,
SV029,R,422,2,3,0,0,3,Response,,,,,,,,,,,,
SV029,R,423,2,2,1,1,2,Response,,,,,,,,,,,,
SV029,R,424,2,3,1,0,3,Response,,,,,,,,,,,,
SV029,R,425,2,3,0,1,3,Response,,,,,,,,3.3,3.3,163.0,163.0,32.0
SV029,R,426,2,2,1,1,2,Response,,,,,,,,,,,,
SV029,R,427,3,3,1,1,3,Response,1153.5,1153.5,2281.7,2281.7,37.0,37.0,24.0,16.700000000000003,16.8,1048.5,1093.0,76.0
SV029,R,428,3,2,0,1,2,Response,,,,,,,,,,,,
SV029,R,429,2,3,1,1,3,Response,,,,,,,,,,,,
SV029,R,430,3,2,0,0,2,Response,,,,,,,,,,,,
SV029,R,431,2,2,1,0,2,Response,,,,,,,,3.7,3.7,153.0,153.0,104.0
SV029,R,432,3,2,0,1,2,Response,,,,,,,,,,,,
SV029,R,433,3,0,0,0,0,Response,,,,,,,,,,,,
SV029,R,434,3,2,0,0,2,Response,,,,,,,,,,,,
SV029,R,435,3,2,0,1,2,Response,,,,,,,,,,,,
SV029,R,436,3,0,0,0,0,Response,,,,,,,,,,,,
SV029,R,437,3,0,1,0,0,Response,1967.5,1967.5,1378.3,1378.3,206.0,206.0,52.0,1.75,2.9,124.0,170.0,18.0
SV029,R,438,2,2,0,0,2,Response,,,,,,,,,,,,
SV029,R,439,2,2,1,0,2,Response,,,,,,,,,,,,
SV029,R,440,2,0,0,1,0,Response,1981.95,1989.7,1147.75,1411.3,557.5,607.0,188.0,3.533333333333333,5.4,1084.3333333333333,2917.0,321.3333333333333
SV029,R,441,3,2,1,0,2,Response,,,,,,,,,,,,
SV029,R,442,3,2,0,1,2,Response,2036.5,2059.4,1018.5,1047.5,605.5,633.0,328.0,1.6666666666666667,3.2,405.6666666666667,1062.0,492.0
SV029,R,443,3,3,0,0,3,Response,,,,,,,,5.0,5.0,958.0,958.0,260.0
SV029,R,444,2,3,0,0,3,Response,,,,,,,,6.0,6.0,3270.0,3270.0,492.0
SV029,R,445,2,2,1,0,2,Response,,,,,,,,0.5,0.5,67.0,67.0,12.0
SV029,R,446,2,2,1,0,2,Response,,,,,,,,3.7,3.7,743.0,743.0,244.0
SV029,R,447,3,3,1,1,3,Response,,,,,,,,,,,,
SV029,R,448,3,3,1,1,3,Response,,,,,,,,0.6,0.6,72.0,72.0,12.0
SV029,R,449,3,0,1,0,0,Response,,,,,,,,,,,,
SV029,R,450,3,2,1,0,2,Response,2027.0,2027.0,974.8,974.8,663.0,663.0,448.0,0.6,0.6,72.0,72.0,12.0
SV029,R,451,2,3,1,0,3,Response,,,,,,,,,,,,
SV029,R,452,3,2,0,1,2,Response,2000.8,2013.5,1094.5666666666666,1247.0,580.6666666666666,624.0,76.0,1.025,1.4,85.0,126.0,17.0
SV029,R,453,2,3,0,1,3,Response,1947.1333333333332,1979.0,875.2666666666668,1247.6,322.3333333333333,427.0,72.0,10.25,21.9,367.25,812.0,569.0
SV029,R,454,2,0,1,0,0,Response,2002.5,2002.5,1365.3,1365.3,460.0,460.0,132.0,0.9,0.9,88.0,88.0,16.0
SV029,R,455,3,3,0,1,3,Response,2021.9777777777776,2648.3,1319.0,3030.0,502.0,727.0,178.66666666666666,8.67,25.7,752.2,1947.0,790.8
SV029,R,456,2,0,1,1,0,Response,,,,,,,,,,,,
SV029,R,457,2,2,0,0,0,Response,1971.0,2056.6,1075.8166666666666,1401.7,531.0,647.0,147.33333333333334,5.25,14.4,897.1666666666666,1473.0,1074.0
SV029,R,458,3,0,1,1,0,Response,,,,,,,,,,,,
SV029,R,459,3,2,0,0,2,Response,2062.3,2062.3,1124.8,1124.8,445.0,445.0,84.0,2.75,3.8,1237.0,1430.0,320.0
SV029,R,460,3,3,1,0,3,Response,1983.1,1983.1,1213.7,1213.7,455.0,455.0,228.0,2.85,4.8,530.5,977.0,162.0
SV029,R,461,2,2,0,1,2,Response,,,,,,,,,,,,
SV029,R,462,2,3,1,1,3,Response,,,,,,,,3.1,3.1,1095.0,1095.0,216.0
SV029,R,463,3,0,0,1,0,Response,,,,,,,,,,,,
SV029,R,464,2,2,1,0,2,Response,,,,,,,,,,,,
SV029,R,465,3,2,0,1,2,Response,,,,,,,,,,,,
SV029,R,466,2,2,0,1,2,Response,2061.7,2061.7,1397.1,1397.1,227.0,227.0,40.0,7.6000000000000005,13.8,446.0,771.0,92.0
SV029,R,467,2,0,0,1,0,Response,,,,,,,,,,,,
SV029,R,468,2,0,0,0,0,Response,,,,,,,,,,,,
SV029,R,469,2,3,0,1,3,Response,2032.75,2121.0,1091.3,1502.5,332.5,419.0,80.0,3.02,7.6,142.2,247.0,23.2
SV029,R,470,2,3,1,0,3,Response,,,,,,,,,,,,
SV029,R,471,3,2,0,1,4,Response,1951.6,1951.6,1255.6,1255.6,375.0,375.0,124.0,4.4,4.4,3270.0,3270.0,200.0
SV029,R,472,3,3,0,0,3,Response,1966.1333333333332,2000.3,1158.5666666666666,1633.8,447.3333333333333,521.0,298.6666666666667,6.325,7.5,687.5,1486.0,149.0
SV029,R,473,3,2,1,1,2,Response,,,,,,,,,,,,
SV029,R,474,3,0,0,0,0,Response,,,,,,,,,,,,
SV029,R,475,3,0,0,0,0,Response,,,,,,,,,,,,
SV029,R,476,2,0,1,1,0,Response,,,,,,,,,,,,
SV029,R,477,2,3,1,1,3,Response,,,,,,,,,,,,
SV029,R,478,2,3,1,1,3,Response,1978.7,1978.7,1101.2,1101.2,538.0,538.0,268.0,1.35,2.2,591.5,1120.0,132.0
SV029,R,479,2,3,0,1,3,Response,,,,,,,,,,,,
SV029,R,480,3,0,1,1,0,Response,,,,,,,,,,,,
SV029,L,1,2,2,0,1,2,Stimulus,,,,,,,,,,,,
SV029,L,2,3,2,1,0,2,Stimulus,,,,,,,,,,,,
SV029,L,3,3,3,1,0,2,Stimulus,,,,,,,,,,,,
SV029,L,4,2,0,1,1,2,Stimulus,,,,,,,,,,,,
SV029,L,5,3,3,1,1,2,Stimulus,,,,,,,,,,,,
SV029,L,6,3,0,0,1,2,Stimulus,,,,,,,,,,,,
SV029,L,7,3,2,1,1,2,Stimulus,,,,,,,,,,,,
SV029,L,8,2,0,1,1,2,Stimulus,,,,,,,,,,,,
SV029,L,9,3,0,0,1,2,Stimulus,,,,,,,,,,,,
SV029,L,10,2,2,1,1,2,Stimulus,,,,,,,,,,,,
SV029,L,11,3,2,0,1,2,Stimulus,,,,,,,,,,,,
SV029,L,12,3,2,1,0,2,Stimulus,,,,,,,,,,,,
SV029,L,13,3,3,0,0,3,Stimulus,,,,,,,,,,,,
SV029,L,14,3,3,1,1,3,Stimulus,,,,,,,,,,,,
SV029,L,15,3,3,1,0,2,Stimulus,,,,,,,,,,,,
SV029,L,16,3,2,1,1,2,Stimulus,,,,,,,,,,,,
SV029,L,17,3,3,1,0,3,Stimulus,,,,,,,,,,,,
SV029,L,18,3,2,0,0,3,Stimulus,,,,,,,,,,,,
SV029,L,19,3,2,0,0,2,Stimulus,,,,,,,,,,,,
SV029,L,20,2,2,1,0,2,Stimulus,,,,,,,,,,,,
SV029,L,21,2,2,1,0,2,Stimulus,,,,,,,,,,,,
SV029,L,22,3,3,1,0,3,Stimulus,,,,,,,,,,,,
SV029,L,23,2,2,1,0,2,Stimulus,,,,,,,,,,,,
SV029,L,24,3,0,0,1,2,Stimulus,,,,,,,,,,,,
SV029,L,25,3,0,1,1,2,Stimulus,,,,,,,,,,,,
SV029,L,26,3,0,0,1,2,Stimulus,,,,,,,,,,,,
SV029,L,27,3,0,1,1,2,Stimulus,,,,,,,,,,,,
SV029,L,28,2,2,1,1,2,Stimulus,,,,,,,,,,,,
SV029,L,29,2,3,1,1,2,Stimulus,,,,,,,,,,,,
SV029,L,30,2,0,1,0,2,Stimulus,,,,,,,,,,,,
SV029,L,31,3,2,0,0,2,Stimulus,,,,,,,,,,,,
SV029,L,32,2,3,0,0,3,Stimulus,,,,,,,,,,,,
SV029,L,33,2,0,1,1,2,Stimulus,,,,,,,,,,,,
SV029,L,34,2,3,1,1,2,Stimulus,,,,,,,,,,,,
SV029,L,35,3,2,1,0,2,Stimulus,,,,,,,,,,,,
SV029,L,36,3,0,1,0,2,Stimulus,,,,,,,,,,,,
SV029,L,37,2,3,0,0,2,Stimulus,,,,,,,,,,,,
SV029,L,38,2,2,0,0,2,Stimulus,,,,,,,,,,,,
SV029,L,39,3,3,1,0,2,Stimulus,,,,,,,,,,,,
SV029,L,40,2,3,0,1,3,Stimulus,,,,,,,,,,,,
SV029,L,41,3,3,0,0,3,Stimulus,,,,,,,,,,,,
SV029,L,42,3,3,0,0,3,Stimulus,,,,,,,,,,,,
SV029,L,43,2,2,1,1,2,Stimulus,,,,,,,,,,,,
SV029,L,44,3,3,0,1,3,Stimulus,,,,,,,,,,,,
SV029,L,45,2,3,0,1,3,Stimulus,,,,,,,,,,,,
SV029,L,46,2,0,1,1,2,Stimulus,,,,,,,,,,,,
SV029,L,47,3,3,0,0,2,Stimulus,,,,,,,,,,,,
SV029,L,48,3,3,1,1,3,Stimulus,,,,,,,,,,,,
SV029,L,49,2,2,1,1,2,Stimulus,,,,,,,,,,,,
SV029,L,50,3,3,1,1,2,Stimulus,,,,,,,,,,,,
SV029,L,51,3,2,0,1,3,Stimulus,,,,,,,,,,,,
SV029,L,52,2,2,0,1,2,Stimulus,,,,,,,,,,,,
SV029,L,53,2,0,0,0,2,Stimulus,,,,,,,,,,,,
SV029,L,54,2,2,1,1,2,Stimulus,,,,,,,,,,,,
SV029,L,55,2,3,0,1,2,Stimulus,,,,,,,,,,,,
SV029,L,56,3,3,1,1,2,Stimulus,,,,,,,,,,,,
SV029,L,57,2,3,1,0,2,Stimulus,,,,,,,,,,,,
SV029,L,58,3,2,0,0,2,Stimulus,,,,,,,,,,,,
SV029,L,59,3,3,1,1,3,Stimulus,,,,,,,,,,,,
SV029,L,60,2,0,1,0,2,Stimulus,,,,,,,,,,,,
SV029,L,61,3,0,1,1,2,Stimulus,,,,,,,,,,,,
SV029,L,62,2,3,1,1,2,Stimulus,,,,,,,,,,,,
SV029,L,63,2,0,0,1,2,Stimulus,,,,,,,,,,,,
SV029,L,64,3,3,1,0,2,Stimulus,,,,,,,,,,,,
SV029,L,65,3,0,0,0,2,Stimulus,,,,,,,,,,,,
SV029,L,66,2,0,0,0,2,Stimulus,,,,,,,,,,,,
SV029,L,67,3,2,1,1,2,Stimulus,,,,,,,,,,,,
SV029,L,68,2,0,0,1,2,Stimulus,,,,,,,,,,,,
SV029,L,69,3,0,0,0,2,Stimulus,,,,,,,,,,,,
SV029,L,70,3,3,0,1,3,Stimulus,,,,,,,,,,,,
SV029,L,71,2,2,0,1,2,Stimulus,,,,,,,,,,,,
SV029,L,72,3,2,1,1,2,Stimulus,,,,,,,,,,,,
SV029,L,73,3,2,1,0,2,Stimulus,,,,,,,,,,,,
SV029,L,74,2,0,1,1,2,Stimulus,,,,,,,,,,,,
SV029,L,75,2,3,0,0,2,Stimulus,,,,,,,,,,,,
SV029,L,76,3,0,0,0,3,Stimulus,,,,,,,,,,,,
SV029,L,77,2,2,1,1,2,Stimulus,,,,,,,,,,,,
SV029,L,78,2,2,1,0,2,Stimulus,,,,,,,,,,,,
SV029,L,79,2,3,1,1,2,Stimulus,,,,,,,,,,,,
SV029,L,80,2,2,1,1,2,Stimulus,,,,,,,,,,,,
SV029,L,81,3,0,1,0,2,Stimulus,,,,,,,,,,,,
SV029,L,82,2,3,0,0,3,Stimulus,,,,,,,,,,,,
SV029,L,83,2,2,1,0,2,Stimulus,,,,,,,,,,,,
SV029,L,84,2,3,0,0,0,Stimulus,,,,,,,,,,,,
SV029,L,85,2,3,1,1,2,Stimulus,,,,,,,,,,,,
SV029,L,86,2,2,0,1,2,Stimulus,,,,,,,,,,,,
SV029,L,87,2,2,0,0,2,Stimulus,,,,,,,,,,,,
SV029,L,88,2,2,0,0,2,Stimulus,,,,,,,,,,,,
SV029,L,89,2,2,0,1,2,Stimulus,,,,,,,,,,,,
SV029,L,90,3,3,0,1,3,Stimulus,,,,,,,,,,,,
SV029,L,91,2,2,1,1,2,Stimulus,,,,,,,,,,,,
SV029,L,92,3,0,1,0,2,Stimulus,,,,,,,,,,,,
SV029,L,93,2,3,1,0,2,Stimulus,,,,,,,,,,,,
SV029,L,94,2,3,1,0,2,Stimulus,,,,,,,,,,,,
SV029,L,95,2,3,0,1,2,Stimulus,,,,,,,,,,,,
SV029,L,96,2,2,1,0,2,Stimulus,,,,,,,,,,,,
SV029,L,97,3,3,1,1,2,Stimulus,,,,,,,,,,,,
SV029,L,98,3,0,0,0,3,Stimulus,,,,,,,,,,,,
SV029,L,99,2,0,0,0,2,Stimulus,,,,,,,,,,,,
SV029,L,100,3,3,0,1,2,Stimulus,,,,,,,,,,,,
SV029,L,101,3,3,0,1,2,Stimulus,,,,,,,,,,,,
SV029,L,102,3,0,1,0,2,Stimulus,,,,,,,,,,,,
SV029,L,103,3,0,0,1,2,Stimulus,,,,,,,,,,,,
SV029,L,104,3,2,0,1,2,Stimulus,,,,,,,,,,,,
SV029,L,105,3,2,0,1,2,Stimulus,,,,,,,,,,,,
SV029,L,106,2,0,0,1,2,Stimulus,,,,,,,,,,,,
SV029,L,107,2,2,0,0,2,Stimulus,,,,,,,,,,,,
SV029,L,108,2,2,0,0,2,Stimulus,,,,,,,,,,,,
SV029,L,109,2,3,1,0,2,Stimulus,,,,,,,,,,,,
SV029,L,110,2,0,1,1,2,Stimulus,,,,,,,,,,,,
SV029,L,111,3,2,1,0,2,Stimulus,,,,,,,,,,,,
SV029,L,112,3,2,0,1,2,Stimulus,,,,,,,,,,,,
SV029,L,113,3,2,1,1,2,Stimulus,,,,,,,,,,,,
SV029,L,114,3,3,0,0,2,Stimulus,,,,,,,,,,,,
SV029,L,115,2,0,1,0,2,Stimulus,,,,,,,,,,,,
SV029,L,116,3,2,1,1,2,Stimulus,,,,,,,,,,,,
SV029,L,117,3,0,0,0,2,Stimulus,,,,,,,,,,,,
SV029,L,118,3,3,1,0,2,Stimulus,,,,,,,,,,,,
SV029,L,119,3,2,1,1,2,Stimulus,,,,,,,,,,,,
SV029,L,120,3,0,0,0,2,Stimulus,,,,,,,,,,,,
SV029,L,121,3,0,0,1,2,Stimulus,,,,,,,,,,,,
SV029,L,122,2,2,0,0,2,Stimulus,,,,,,,,,,,,
SV029,L,123,3,0,1,1,2,Stimulus,,,,,,,,,,,,
SV029,L,124,2,0,1,0,2,Stimulus,,,,,,,,,,,,
SV029,L,125,2,2,1,0,1,Stimulus,,,,,,,,,,,,
SV029,L,126,2,3,0,1,2,Stimulus,,,,,,,,,,,,
SV029,L,127,3,3,0,1,3,Stimulus,,,,,,,,,,,,
SV029,L,128,3,0,1,0,3,Stimulus,,,,,,,,,,,,
SV029,L,129,2,2,0,1,3,Stimulus,,,,,,,,,,,,
SV029,L,130,2,3,1,0,2,Stimulus,,,,,,,,,,,,
SV029,L,131,2,3,1,1,2,Stimulus,,,,,,,,,,,,
SV029,L,132,2,3,0,1,2,Stimulus,,,,,,,,,,,,
SV029,L,133,3,2,0,1,2,Stimulus,,,,,,,,,,,,
SV029,L,134,3,0,0,1,2,Stimulus,,,,,,,,,,,,
SV029,L,135,3,2,0,1,2,Stimulus,,,,,,,,,,,,
SV029,L,136,2,3,0,1,2,Stimulus,,,,,,,,,,,,
SV029,L,137,2,0,0,1,2,Stimulus,,,,,,,,,,,,
SV029,L,138,3,3,1,1,2,Stimulus,,,,,,,,,,,,
SV029,L,139,2,2,1,0,2,Stimulus,,,,,,,,,,,,
SV029,L,140,2,2,1,0,2,Stimulus,,,,,,,,,,,,
SV029,L,141,3,2,1,0,2,Stimulus,,,,,,,,,,,,
SV029,L,142,3,0,0,0,2,Stimulus,,,,,,,,,,,,
SV029,L,143,3,0,0,1,2,Stimulus,,,,,,,,,,,,
SV029,L,144,2,3,0,0,2,Stimulus,,,,,,,,,,,,
SV029,L,145,3,2,1,0,2,Stimulus,,,,,,,,,,,,
SV029,L,146,2,3,0,0,2,Stimulus,,,,,,,,,,,,
SV029,L,147,2,3,0,0,2,Stimulus,,,,,,,,,,,,
SV029,L,148,3,0,1,0,2,Stimulus,,,,,,,,,,,,
SV029,L,149,3,3,1,0,2,Stimulus,,,,,,,,,,,,
SV029,L,150,3,0,1,1,2,Stimulus,,,,,,,,,,,,
SV029,L,151,3,3,1,1,2,Stimulus,,,,,,,,,,,,
SV029,L,152,2,3,0,0,2,Stimulus,,,,,,,,,,,,
SV029,L,153,3,0,1,1,2,Stimulus,,,,,,,,,,,,
SV029,L,154,2,2,0,1,2,Stimulus,,,,,,,,,,,,
SV029,L,155,2,0,0,1,2,Stimulus,,,,,,,,,,,,
SV029,L,156,3,3,0,0,2,Stimulus,,,,,,,,,,,,
SV029,L,157,3,2,0,0,2,Stimulus,,,,,,,,,,,,
SV029,L,158,3,0,1,1,2,Stimulus,,,,,,,,,,,,
SV029,L,159,2,2,1,0,2,Stimulus,,,,,,,,,,,,
SV029,L,160,3,3,0,1,2,Stimulus,,,,,,,,,,,,
SV029,L,161,2,2,0,0,3,Stimulus,,,,,,,,,,,,
SV029,L,162,3,2,0,0,2,Stimulus,,,,,,,,,,,,
SV029,L,163,2,0,0,0,2,Stimulus,,,,,,,,,,,,
SV029,L,164,3,2,1,0,2,Stimulus,,,,,,,,0.8,0.8,71.0,71.0,16.0
SV029,L,165,2,3,1,1,2,Stimulus,,,,,,,,,,,,
SV029,L,166,3,0,1,0,2,Stimulus,,,,,,,,,,,,
SV029,L,167,2,3,1,0,2,Stimulus,,,,,,,,,,,,
SV029,L,168,2,3,1,1,2,Stimulus,,,,,,,,,,,,
SV029,L,169,2,0,1,1,2,Stimulus,,,,,,,,,,,,
SV029,L,170,3,3,1,1,2,Stimulus,,,,,,,,,,,,
SV029,L,171,3,3,1,0,2,Stimulus,,,,,,,,,,,,
SV029,L,172,3,0,0,1,2,Stimulus,,,,,,,,,,,,
SV029,L,173,2,0,1,0,2,Stimulus,,,,,,,,,,,,
SV029,L,174,2,0,0,1,2,Stimulus,,,,,,,,,,,,
SV029,L,175,3,0,0,0,2,Stimulus,,,,,,,,,,,,
SV029,L,176,2,0,1,1,1,Stimulus,,,,,,,,,,,,
SV029,L,177,2,3,1,0,2,Stimulus,,,,,,,,,,,,
SV029,L,178,3,3,0,0,2,Stimulus,,,,,,,,,,,,
SV029,L,179,3,3,0,1,3,Stimulus,,,,,,,,,,,,
SV029,L,180,3,0,0,0,3,Stimulus,,,,,,,,,,,,
SV029,L,181,3,3,0,1,2,Stimulus,,,,,,,,,,,,
SV029,L,182,2,0,0,1,2,Stimulus,,,,,,,,,,,,
SV029,L,183,3,2,0,0,2,Stimulus,,,,,,,,,,,,
SV029,L,184,2,0,0,0,2,Stimulus,,,,,,,,,,,,
SV029,L,185,2,0,1,0,2,Stimulus,,,,,,,,,,,,
SV029,L,186,2,0,0,1,2,Stimulus,,,,,,,,,,,,
SV029,L,187,3,2,0,1,2,Stimulus,,,,,,,,,,,,
SV029,L,188,3,3,1,0,3,Stimulus,,,,,,,,,,,,
SV029,L,189,2,3,1,0,2,Stimulus,,,,,,,,,,,,
SV029,L,190,3,3,0,0,3,Stimulus,,,,,,,,,,,,
SV029,L,191,2,3,1,1,3,Stimulus,,,,,,,,,,,,
SV029,L,192,2,2,0,1,2,Stimulus,,,,,,,,,,,,
SV029,L,193,2,0,0,1,2,Stimulus,,,,,,,,,,,,
SV029,L,194,3,0,1,0,2,Stimulus,,,,,,,,,,,,
SV029,L,195,3,2,0,0,2,Stimulus,,,,,,,,,,,,
SV029,L,196,2,3,0,1,3,Stimulus,,,,,,,,,,,,
SV029,L,197,2,2,1,1,2,Stimulus,,,,,,,,,,,,
SV029,L,198,2,0,1,0,2,Stimulus,,,,,,,,,,,,
SV029,L,199,2,2,0,0,2,Stimulus,,,,,,,,,,,,
SV029,L,200,3,3,0,0,2,Stimulus,,,,,,,,,,,,
SV029,L,201,3,3,0,1,2,Stimulus,,,,,,,,,,,,
SV029,L,202,2,3,1,0,2,Stimulus,,,,,,,,,,,,
SV029,L,203,2,0,0,0,2,Stimulus,,,,,,,,,,,,
SV029,L,204,2,3,0,1,2,Stimulus,,,,,,,,,,,,
SV029,L,205,3,0,1,0,2,Stimulus,,,,,,,,,,,,
SV029,L,206,3,0,0,1,2,Stimulus,,,,,,,,,,,,
SV029,L,207,3,0,1,0,2,Stimulus,,,,,,,,,,,,
SV029,L,208,3,2,1,1,2,Stimulus,,,,,,,,,,,,
SV029,L,209,2,0,1,0,2,Stimulus,,,,,,,,,,,,
SV029,L,210,2,0,0,0,2,Stimulus,,,,,,,,,,,,
SV029,L,211,3,0,1,1,2,Stimulus,,,,,,,,,,,,
SV029,L,212,2,0,1,1,2,Stimulus,,,,,,,,,,,,
SV029,L,213,3,0,1,1,2,Stimulus,,,,,,,,,,,,
SV029,L,214,2,3,1,0,2,Stimulus,,,,,,,,,,,,
SV029,L,215,3,2,0,0,3,Stimulus,,,,,,,,,,,,
SV029,L,216,3,2,1,0,2,Stimulus,,,,,,,,,,,,
SV029,L,217,2,0,1,1,2,Stimulus,,,,,,,,0.5,0.5,59.0,59.0,12.0
SV029,L,218,2,3,0,1,3,Stimulus,,,,,,,,,,,,
SV029,L,219,2,3,0,0,2,Stimulus,,,,,,,,,,,,
SV029,L,220,2,3,1,1,2,Stimulus,,,,,,,,,,,,
SV029,L,221,2,0,0,1,2,Stimulus,,,,,,,,,,,,
SV029,L,222,3,2,1,0,2,Stimulus,,,,,,,,,,,,
SV029,L,223,3,2,0,0,2,Stimulus,,,,,,,,,,,,
SV029,L,224,3,0,0,0,2,Stimulus,,,,,,,,,,,,
SV029,L,225,2,0,1,0,2,Stimulus,,,,,,,,,,,,
SV029,L,226,3,3,0,0,2,Stimulus,,,,,,,,,,,,
SV029,L,227,3,2,0,1,2,Stimulus,,,,,,,,,,,,
SV029,L,228,3,2,1,1,2,Stimulus,,,,,,,,,,,,
SV029,L,229,3,0,1,1,2,Stimulus,,,,,,,,,,,,
SV029,L,230,2,2,0,1,2,Stimulus,,,,,,,,,,,,
SV029,L,231,2,0,1,0,2,Stimulus,,,,,,,,,,,,
SV029,L,232,2,2,0,0,2,Stimulus,,,,,,,,,,,,
SV029,L,233,2,0,0,0,3,Stimulus,,,,,,,,,,,,
SV029,L,234,3,2,0,1,2,Stimulus,,,,,,,,,,,,
SV029,L,235,2,0,0,0,2,Stimulus,,,,,,,,,,,,
SV029,L,236,2,2,0,0,2,Stimulus,,,,,,,,,,,,
SV029,L,237,2,2,0,1,2,Stimulus,,,,,,,,,,,,
SV029,L,238,2,0,0,0,2,Stimulus,,,,,,,,,,,,
SV029,L,239,3,2,1,1,2,Stimulus,,,,,,,,,,,,
SV029,L,240,2,2,1,1,2,Stimulus,,,,,,,,,,,,
SV029,L,241,3,2,1,1,2,Stimulus,,,,,,,,,,,,
SV029,L,242,3,3,0,1,3,Stimulus,,,,,,,,,,,,
SV029,L,243,2,0,1,0,0,Stimulus,,,,,,,,,,,,
SV029,L,244,2,2,0,1,2,Stimulus,,,,,,,,,,,,
SV029,L,245,2,3,0,1,3,Stimulus,,,,,,,,,,,,
SV029,L,246,3,0,0,0,0,Stimulus,,,,,,,,,,,,
SV029,L,247,2,2,0,1,2,Stimulus,,,,,,,,,,,,
SV029,L,248,3,3,0,1,3,Stimulus,,,,,,,,,,,,
SV029,L,249,2,0,0,1,0,Stimulus,,,,,,,,,,,,
SV029,L,250,3,3,1,1,3,Stimulus,,,,,,,,,,,,
SV029,L,251,3,2,1,0,2,Stimulus,,,,,,,,,,,,
SV029,L,252,2,3,0,1,3,Stimulus,,,,,,,,,,,,
SV029,L,253,2,0,0,1,0,Stimulus,,,,,,,,,,,,
SV029,L,254,2,2,0,0,2,Stimulus,,,,,,,,,,,,
SV029,L,255,2,3,1,0,3,Stimulus,,,,,,,,,,,,
SV029,L,256,2,2,1,0,2,Stimulus,,,,,,,,,,,,
SV029,L,257,3,2,0,0,2,Stimulus,,,,,,,,,,,,
SV029,L,258,2,3,1,1,3,Stimulus,,,,,,,,,,,,
SV029,L,259,3,2,1,0,2,Stimulus,,,,,,,,,,,,
SV029,L,260,3,0,0,1,0,Stimulus,,,,,,,,,,,,
SV029,L,261,3,2,1,0,2,Stimulus,,,,,,,,,,,,
SV029,L,262,3,3,1,1,3,Stimulus,,,,,,,,,,,,
SV029,L,263,2,3,1,0,3,Stimulus,,,,,,,,,,,,
SV029,L,264,2,3,1,0,3,Stimulus,,,,,,,,,,,,
SV029,L,265,3,0,1,1,0,Stimulus,,,,,,,,,,,,
SV029,L,266,3,3,1,1,3,Stimulus,,,,,,,,,,,,
SV029,L,267,2,0,0,0,0,Stimulus,,,,,,,,,,,,
SV029,L,268,2,2,0,1,2,Stimulus,,,,,,,,,,,,
SV029,L,269,2,2,1,0,2,Stimulus,,,,,,,,,,,,
SV029,L,270,2,3,0,1,3,Stimulus,,,,,,,,,,,,
SV029,L,271,2,2,1,1,2,Stimulus,,,,,,,,,,,,
SV029,L,272,3,3,0,1,3,Stimulus,,,,,,,,,,,,
SV029,L,273,2,0,1,0,0,Stimulus,,,,,,,,,,,,
SV029,L,274,3,3,1,0,3,Stimulus,,,,,,,,,,,,
SV029,L,275,3,2,1,1,2,Stimulus,,,,,,,,,,,,
SV029,L,276,2,0,1,1,0,Stimulus,,,,,,,,,,,,
SV029,L,277,2,2,0,1,2,Stimulus,,,,,,,,,,,,
SV029,L,278,2,0,1,0,0,Stimulus,,,,,,,,,,,,
SV029,L,279,3,3,1,1,3,Stimulus,,,,,,,,,,,,
SV029,L,280,3,3,1,0,3,Stimulus,,,,,,,,,,,,
SV029,L,281,2,0,1,1,0,Stimulus,,,,,,,,,,,,
SV029,L,282,2,3,1,0,3,Stimulus,,,,,,,,,,,,
SV029,L,283,3,0,1,1,0,Stimulus,,,,,,,,,,,,
SV029,L,284,3,0,1,0,0,Stimulus,,,,,,,,,,,,
SV029,L,285,3,3,1,1,3,Stimulus,,,,,,,,,,,,
SV029,L,286,3,2,1,0,2,Stimulus,,,,,,,,,,,,
SV029,L,287,3,2,0,0,2,Stimulus,,,,,,,,,,,,
SV029,L,288,3,2,0,1,2,Stimulus,,,,,,,,,,,,
SV029,L,289,2,3,1,1,3,Stimulus,,,,,,,,,,,,
SV029,L,290,3,2,1,1,2,Stimulus,,,,,,,,,,,,
SV029,L,291,2,2,0,0,2,Stimulus,,,,,,,,,,,,
SV029,L,292,3,3,0,1,3,Stimulus,,,,,,,,,,,,
SV029,L,293,3,0,0,0,0,Stimulus,,,,,,,,,,,,
SV029,L,294,3,0,0,0,0,Stimulus,,,,,,,,,,,,
SV029,L,295,3,3,0,0,3,Stimulus,,,,,,,,,,,,
SV029,L,296,2,2,0,0,2,Stimulus,,,,,,,,,,,,
SV029,L,297,2,0,1,0,0,Stimulus,,,,,,,,,,,,
SV029,L,298,2,2,1,0,2,Stimulus,,,,,,,,,,,,
SV029,L,299,2,3,0,1,3,Stimulus,,,,,,,,,,,,
SV029,L,300,3,2,1,0,2,Stimulus,,,,,,,,,,,,
SV029,L,301,2,3,0,0,3,Stimulus,,,,,,,,,,,,
SV029,L,302,3,0,0,0,0,Stimulus,,,,,,,,,,,,
SV029,L,303,2,2,0,0,2,Stimulus,,,,,,,,,,,,
SV029,L,304,3,0,0,0,0,Stimulus,,,,,,,,,,,,
SV029,L,305,2,2,1,1,2,Stimulus,,,,,,,,,,,,
SV029,L,306,2,2,1,0,2,Stimulus,,,,,,,,,,,,
SV029,L,307,2,2,0,0,2,Stimulus,,,,,,,,,,,,
SV029,L,308,2,3,0,0,3,Stimulus,,,,,,,,,,,,
SV029,L,309,2,3,1,1,3,Stimulus,,,,,,,,,,,,
SV029,L,310,2,2,1,1,2,Stimulus,,,,,,,,,,,,
SV029,L,311,3,3,1,1,3,Stimulus,,,,,,,,,,,,
SV029,L,312,3,3,1,1,3,Stimulus,,,,,,,,,,,,
SV029,L,313,2,3,1,1,3,Stimulus,,,,,,,,,,,,
SV029,L,314,2,0,1,0,0,Stimulus,,,,,,,,,,,,
SV029,L,315,3,0,0,1,0,Stimulus,,,,,,,,,,,,
SV029,L,316,3,2,1,1,2,Stimulus,,,,,,,,,,,,
SV029,L,317,3,0,1,1,0,Stimulus,,,,,,,,,,,,
SV029,L,318,2,3,0,0,3,Stimulus,,,,,,,,,,,,
SV029,L,319,3,3,1,1,3,Stimulus,,,,,,,,,,,,
SV029,L,320,2,2,0,1,2,Stimulus,,,,,,,,,,,,
SV029,L,321,3,3,1,0,3,Stimulus,,,,,,,,,,,,
SV029,L,322,3,0,1,1,0,Stimulus,,,,,,,,,,,,
SV029,L,323,3,3,1,0,3,Stimulus,,,,,,,,,,,,
SV029,L,324,3,2,1,0,2,Stimulus,,,,,,,,,,,,
SV029,L,325,2,2,0,1,2,Stimulus,,,,,,,,,,,,
SV029,L,326,2,3,1,0,3,Stimulus,,,,,,,,,,,,
SV029,L,327,3,0,1,0,0,Stimulus,,,,,,,,,,,,
SV029,L,328,2,3,0,1,3,Stimulus,,,,,,,,,,,,
SV029,L,329,2,0,0,1,0,Stimulus,,,,,,,,,,,,
SV029,L,330,3,3,0,1,3,Stimulus,,,,,,,,,,,,
SV029,L,331,3,2,0,0,2,Stimulus,,,,,,,,,,,,
SV029,L,332,2,0,0,1,0,Stimulus,,,,,,,,,,,,
SV029,L,333,3,3,0,1,3,Stimulus,,,,,,,,,,,,
SV029,L,334,3,3,1,0,3,Stimulus,,,,,,,,,,,,
SV029,L,335,3,2,0,0,2,Stimulus,,,,,,,,,,,,
SV029,L,336,3,3,1,0,3,Stimulus,,,,,,,,,,,,
SV029,L,337,3,0,1,0,0,Stimulus,,,,,,,,,,,,
SV029,L,338,3,2,1,1,2,Stimulus,,,,,,,,,,,,
SV029,L,339,3,2,1,0,2,Stimulus,,,,,,,,,,,,
SV029,L,340,3,0,1,1,0,Stimulus,,,,,,,,,,,,
SV029,L,341,3,0,0,0,0,Stimulus,,,,,,,,,,,,
SV029,L,342,3,2,1,1,2,Stimulus,,,,,,,,,,,,
SV029,L,343,2,3,0,0,3,Stimulus,,,,,,,,,,,,
SV029,L,344,3,0,1,0,0,Stimulus,,,,,,,,,,,,
SV029,L,345,3,2,0,1,2,Stimulus,,,,,,,,,,,,
SV029,L,346,3,0,0,0,0,Stimulus,,,,,,,,,,,,
SV029,L,347,3,3,1,1,3,Stimulus,,,,,,,,,,,,
SV029,L,348,2,0,1,0,0,Stimulus,,,,,,,,,,,,
SV029,L,349,3,2,0,0,2,Stimulus,,,,,,,,,,,,
SV029,L,350,3,3,0,0,3,Stimulus,,,,,,,,,,,,
SV029,L,351,3,2,1,0,2,Stimulus,,,,,,,,,,,,
SV029,L,352,3,3,1,0,3,Stimulus,,,,,,,,,,,,
SV029,L,353,2,3,1,1,3,Stimulus,,,,,,,,,,,,
SV029,L,354,2,0,1,1,0,Stimulus,,,,,,,,,,,,
SV029,L,355,3,3,1,0,3,Stimulus,,,,,,,,,,,,
SV029,L,356,2,2,1,1,2,Stimulus,,,,,,,,,,,,
SV029,L,357,3,3,0,0,3,Stimulus,,,,,,,,,,,,
SV029,L,358,2,2,1,0,2,Stimulus,,,,,,,,,,,,
SV029,L,359,3,3,0,0,3,Stimulus,,,,,,,,,,,,
SV029,L,360,3,3,0,1,3,Stimulus,,,,,,,,,,,,
SV029,L,361,2,0,1,1,0,Stimulus,,,,,,,,,,,,
SV029,L,362,2,2,0,0,2,Stimulus,,,,,,,,,,,,
SV029,L,363,2,2,0,1,2,Stimulus,,,,,,,,,,,,
SV029,L,364,2,2,0,0,2,Stimulus,,,,,,,,,,,,
SV029,L,365,3,0,1,1,0,Stimulus,,,,,,,,,,,,
SV029,L,366,2,3,0,0,3,Stimulus,,,,,,,,,,,,
SV029,L,367,3,2,0,1,2,Stimulus,,,,,,,,,,,,
SV029,L,368,3,2,0,1,2,Stimulus,,,,,,,,,,,,
SV029,L,369,2,2,0,0,2,Stimulus,,,,,,,,,,,,
SV029,L,370,2,2,1,0,2,Stimulus,,,,,,,,,,,,
SV029,L,371,3,0,0,1,0,Stimulus,,,,,,,,,,,,
SV029,L,372,3,2,0,0,2,Stimulus,,,,,,,,,,,,
SV029,L,373,3,2,0,1,2,Stimulus,,,,,,,,,,,,
SV029,L,374,2,0,0,1,0,Stimulus,,,,,,,,,,,,
SV029,L,375,2,3,0,0,3,Stimulus,,,,,,,,,,,,
SV029,L,376,2,0,1,1,0,Stimulus,,,,,,,,,,,,
SV029,L,377,3,3,0,1,3,Stimulus,,,,,,,,,,,,
SV029,L,378,3,0,1,1,0,Stimulus,,,,,,,,,,,,
SV029,L,379,3,3,0,0,3,Stimulus,,,,,,,,,,,,
SV029,L,380,2,3,1,0,3,Stimulus,,,,,,,,,,,,
SV029,L,381,3,2,0,0,2,Stimulus,,,,,,,,,,,,
SV029,L,382,2,0,1,1,0,Stimulus,,,,,,,,,,,,
SV029,L,383,2,2,1,1,2,Stimulus,,,,,,,,,,,,
SV029,L,384,3,0,0,1,0,Stimulus,,,,,,,,,,,,
SV029,L,385,2,0,0,1,0,Stimulus,,,,,,,,,,,,
SV029,L,386,2,0,0,1,0,Stimulus,,,,,,,,,,,,
SV029,L,387,3,0,0,0,0,Stimulus,,,,,,,,,,,,
SV029,L,388,2,2,1,1,2,Stimulus,,,,,,,,,,,,
SV029,L,389,2,0,0,0,0,Stimulus,,,,,,,,,,,,
SV029,L,390,3,2,1,1,2,Stimulus,,,,,,,,,,,,
SV029,L,391,2,0,0,1,0,Stimulus,,,,,,,,,,,,
SV029,L,392,2,3,0,0,3,Stimulus,,,,,,,,,,,,
SV029,L,393,3,2,0,1,2,Stimulus,,,,,,,,,,,,
SV029,L,394,3,0,0,1,0,Stimulus,,,,,,,,,,,,
SV029,L,395,2,3,0,1,3,Stimulus,,,,,,,,,,,,
SV029,L,396,2,0,1,0,0,Stimulus,,,,,,,,,,,,
SV029,L,397,2,3,0,0,3,Stimulus,,,,,,,,,,,,
SV029,L,398,3,2,0,1,2,Stimulus,,,,,,,,,,,,
SV029,L,399,2,0,1,0,0,Stimulus,,,,,,,,,,,,
SV029,L,400,2,3,0,0,3,Stimulus,,,,,,,,,,,,
SV029,L,401,2,0,0,0,0,Stimulus,,,,,,,,,,,,
SV029,L,402,2,2,1,1,2,Stimulus,,,,,,,,,,,,
SV029,L,403,2,3,1,0,3,Stimulus,,,,,,,,,,,,
SV029,L,404,2,0,1,0,0,Stimulus,,,,,,,,,,,,
SV029,L,405,2,0,1,1,0,Stimulus,,,,,,,,,,,,
SV029,L,406,3,2,0,0,2,Stimulus,,,,,,,,,,,,
SV029,L,407,2,3,0,1,3,Stimulus,,,,,,,,,,,,
SV029,L,408,3,3,1,0,3,Stimulus,,,,,,,,,,,,
SV029,L,409,2,3,1,1,3,Stimulus,,,,,,,,,,,,
SV029,L,410,3,2,1,1,2,Stimulus,,,,,,,,,,,,
SV029,L,411,3,0,0,1,0,Stimulus,,,,,,,,,,,,
SV029,L,412,2,2,1,0,2,Stimulus,,,,,,,,0.9,0.9,74.0,74.0,16.0
SV029,L,413,2,2,0,1,2,Stimulus,,,,,,,,,,,,
SV029,L,414,2,0,1,1,0,Stimulus,,,,,,,,,,,,
SV029,L,415,3,3,0,0,3,Stimulus,,,,,,,,,,,,
SV029,L,416,3,3,0,0,3,Stimulus,,,,,,,,,,,,
SV029,L,417,3,2,1,0,2,Stimulus,,,,,,,,,,,,
SV029,L,418,2,2,1,1,2,Stimulus,,,,,,,,,,,,
SV029,L,419,2,2,0,0,2,Stimulus,,,,,,,,,,,,
SV029,L,420,2,3,1,0,3,Stimulus,,,,,,,,,,,,
SV029,L,421,3,0,1,0,0,Stimulus,,,,,,,,,,,,
SV029,L,422,3,3,1,0,3,Stimulus,,,,,,,,,,,,
SV029,L,423,3,0,0,1,0,Stimulus,,,,,,,,,,,,
SV029,L,424,3,0,0,0,0,Stimulus,,,,,,,,,,,,
SV029,L,425,2,0,1,1,0,Stimulus,,,,,,,,,,,,
SV029,L,426,3,2,0,0,2,Stimulus,,,,,,,,,,,,
SV029,L,427,2,3,1,0,3,Stimulus,,,,,,,,,,,,
SV029,L,428,2,2,1,0,2,Stimulus,,,,,,,,,,,,
SV029,L,429,3,2,0,1,2,Stimulus,,,,,,,,,,,,
SV029,L,430,2,2,1,0,2,Stimulus,,,,,,,,,,,,
SV029,L,431,2,0,0,0,0,Stimulus,,,,,,,,,,,,
SV029,L,432,2,3,0,1,3,Stimulus,,,,,,,,,,,,
SV029,L,433,2,2,1,1,2,Stimulus,,,,,,,,,,,,
SV029,L,434,2,0,0,0,0,Stimulus,,,,,,,,,,,,
SV029,L,435,3,0,1,1,0,Stimulus,,,,,,,,,,,,
SV029,L,436,3,2,0,1,2,Stimulus,,,,,,,,,,,,
SV029,L,437,3,3,0,1,3,Stimulus,,,,,,,,,,,,
SV029,L,438,3,0,0,1,0,Stimulus,,,,,,,,,,,,
SV029,L,439,3,0,0,1,0,Stimulus,,,,,,,,,,,,
SV029,L,440,2,0,1,1,0,Stimulus,,,,,,,,,,,,
SV029,L,441,2,3,0,1,3,Stimulus,,,,,,,,,,,,
SV029,L,442,3,0,1,0,0,Stimulus,,,,,,,,,,,,
SV029,L,443,3,3,1,1,3,Stimulus,,,,,,,,,,,,
SV029,L,444,2,3,0,0,3,Stimulus,,,,,,,,,,,,
SV029,L,445,3,2,1,0,2,Stimulus,,,,,,,,,,,,
SV029,L,446,2,2,0,1,2,Stimulus,,,,,,,,,,,,
SV029,L,447,3,3,0,0,3,Stimulus,,,,,,,,,,,,
SV029,L,448,3,0,0,0,0,Stimulus,,,,,,,,,,,,
SV029,L,449,3,3,0,1,3,Stimulus,,,,,,,,,,,,
SV029,L,450,3,3,0,0,3,Stimulus,,,,,,,,,,,,
SV029,L,451,2,0,1,0,0,Stimulus,,,,,,,,,,,,
SV029,L,452,3,2,1,1,2,Stimulus,,,,,,,,,,,,
SV029,L,453,3,0,1,0,0,Stimulus,,,,,,,,,,,,
SV029,L,454,3,0,1,0,0,Stimulus,,,,,,,,,,,,
SV029,L,455,2,3,1,1,3,Stimulus,,,,,,,,,,,,
SV029,L,456,3,0,1,0,0,Stimulus,,,,,,,,,,,,
SV029,L,457,3,0,0,1,0,Stimulus,,,,,,,,,,,,
SV029,L,458,2,0,0,1,0,Stimulus,,,,,,,,,,,,
SV029,L,459,2,0,0,0,0,Stimulus,,,,,,,,,,,,
SV029,L,460,3,3,0,0,3,Stimulus,,,,,,,,,,,,
SV029,L,461,2,2,1,1,2,Stimulus,,,,,,,,,,,,
SV029,L,462,3,0,1,1,0,Stimulus,,,,,,,,,,,,
SV029,L,463,2,3,1,1,3,Stimulus,,,,,,,,,,,,
SV029,L,464,2,0,0,1,0,Stimulus,,,,,,,,,,,,
SV029,L,465,2,2,0,0,2,Stimulus,,,,,,,,,,,,
SV029,L,466,3,2,1,1,2,Stimulus,,,,,,,,,,,,
SV029,L,467,2,0,0,0,0,Stimulus,,,,,,,,,,,,
SV029,L,468,2,3,1,1,2,Stimulus,,,,,,,,,,,,
SV029,L,469,2,0,0,0,0,Stimulus,,,,,,,,0.6,0.6,73.0,73.0,12.0
SV029,L,470,3,2,0,0,2,Stimulus,,,,,,,,,,,,
SV029,L,471,2,2,0,1,2,Stimulus,,,,,,,,,,,,
SV029,L,472,2,0,0,0,0,Stimulus,,,,,,,,,,,,
SV029,L,473,2,0,0,0,0,Stimulus,,,,,,,,,,,,
SV029,L,474,2,2,1,0,2,Stimulus,,,,,,,,,,,,
SV029,L,475,2,3,1,0,3,Stimulus,,,,,,,,,,,,
SV029,L,476,2,3,0,1,3,Stimulus,,,,,,,,0.4,0.4,53.0,53.0,12.0
SV029,L,477,3,0,1,1,0,Stimulus,,,,,,,,,,,,
SV029,L,478,2,3,1,1,3,Stimulus,,,,,,,,,,,,
SV029,L,479,3,0,1,0,0,Stimulus,,,,,,,,,,,,
SV029,L,480,3,2,0,1,2,Stimulus,,,,,,,,,,,,
SV029,R,1,2,2,1,0,2,Stimulus,,,,,,,,,,,,
SV029,R,2,2,3,1,1,3,Stimulus,,,,,,,,,,,,
SV029,R,3,2,0,1,1,2,Stimulus,,,,,,,,,,,,
SV029,R,4,2,0,0,1,2,Stimulus,,,,,,,,,,,,
SV029,R,5,2,0,0,0,2,Stimulus,,,,,,,,,,,,
SV029,R,6,3,3,1,1,3,Stimulus,,,,,,,,,,,,
SV029,R,7,2,0,0,0,3,Stimulus,,,,,,,,,,,,
SV029,R,8,2,2,0,1,2,Stimulus,,,,,,,,,,,,
SV029,R,9,3,2,0,0,2,Stimulus,,,,,,,,,,,,
SV029,R,10,2,0,1,0,3,Stimulus,,,,,,,,,,,,
SV029,R,11,2,0,1,0,2,Stimulus,,,,,,,,,,,,
SV029,R,12,3,3,0,0,3,Stimulus,,,,,,,,,,,,
SV029,R,13,2,2,0,0,2,Stimulus,,,,,,,,,,,,
SV029,R,14,3,3,1,1,3,Stimulus,,,,,,,,,,,,
SV029,R,15,3,2,1,0,3,Stimulus,,,,,,,,,,,,
SV029,R,16,3,0,1,0,3,Stimulus,,,,,,,,,,,,
SV029,R,17,3,3,0,1,2,Stimulus,,,,,,,,,,,,
SV029,R,18,2,2,0,1,3,Stimulus,,,,,,,,,,,,
SV029,R,19,2,2,1,1,2,Stimulus,,,,,,,,,,,,
SV029,R,20,3,3,0,0,2,Stimulus,,,,,,,,,,,,
SV029,R,21,2,0,1,1,3,Stimulus,,,,,,,,,,,,
SV029,R,22,3,3,1,0,3,Stimulus,,,,,,,,,,,,
SV029,R,23,3,2,0,1,2,Stimulus,,,,,,,,,,,,
SV029,R,24,3,3,0,1,2,Stimulus,,,,,,,,,,,,
SV029,R,25,3,0,1,1,2,Stimulus,,,,,,,,,,,,
SV029,R,26,2,3,0,0,3,Stimulus,,,,,,,,,,,,
SV029,R,27,3,0,1,0,2,Stimulus,,,,,,,,,,,,
SV029,R,28,3,3,1,0,2,Stimulus,,,,,,,,,,,,
SV029,R,29,3,2,1,1,2,Stimulus,,,,,,,,,,,,
SV029,R,30,2,3,1,1,2,Stimulus,,,,,,,,,,,,
SV029,R,31,2,3,0,0,3,Stimulus,,,,,,,,,,,,
SV029,R,32,3,2,1,1,2,Stimulus,,,,,,,,,,,,
SV029,R,33,3,3,0,0,2,Stimulus,,,,,,,,,,,,
SV029,R,34,2,2,1,1,2,Stimulus,,,,,,,,,,,,
SV029,R,35,2,2,1,1,2,Stimulus,,,,,,,,,,,,
SV029,R,36,2,2,1,1,2,Stimulus,,,,,,,,,,,,
SV029,R,37,3,0,0,0,2,Stimulus,,,,,,,,,,,,
SV029,R,38,2,0,0,0,2,Stimulus,,,,,,,,,,,,
SV029,R,39,3,2,1,1,2,Stimulus,,,,,,,,,,,,
SV029,R,40,2,3,1,0,2,Stimulus,,,,,,,,,,,,
SV029,R,41,3,3,0,0,2,Stimulus,,,,,,,,,,,,
SV029,R,42,3,2,0,1,2,Stimulus,,,,,,,,,,,,
SV029,R,43,2,0,0,1,2,Stimulus,,,,,,,,,,,,
SV029,R,44,2,0,1,1,2,Stimulus,,,,,,,,,,,,
SV029,R,45,2,2,1,0,2,Stimulus,,,,,,,,,,,,
SV029,R,46,2,0,1,0,2,Stimulus,,,,,,,,,,,,
SV029,R,47,3,2,1,1,2,Stimulus,,,,,,,,,,,,
SV029,R,48,2,3,1,0,3,Stimulus,,,,,,,,,,,,
SV029,R,49,2,0,1,0,3,Stimulus,,,,,,,,,,,,
SV029,R,50,2,0,1,1,3,Stimulus,,,,,,,,,,,,
SV029,R,51,3,2,0,0,2,Stimulus,,,,,,,,,,,,
SV029,R,52,3,3,1,1,3,Stimulus,,,,,,,,,,,,
SV029,R,53,2,2,0,0,2,Stimulus,,,,,,,,,,,,
SV029,R,54,3,0,0,0,3,Stimulus,,,,,,,,,,,,
SV029,R,55,2,3,0,1,2,Stimulus,,,,,,,,,,,,
SV029,R,56,2,2,1,1,2,Stimulus,,,,,,,,,,,,
SV029,R,57,2,3,1,1,2,Stimulus,,,,,,,,,,,,
SV029,R,58,3,3,0,1,2,Stimulus,,,,,,,,,,,,
SV029,R,59,2,2,0,1,2,Stimulus,,,,,,,,,,,,
SV029,R,60,3,3,0,1,2,Stimulus,,,,,,,,,,,,
SV029,R,61,3,3,1,1,2,Stimulus,,,,,,,,,,,,
SV029,R,62,3,0,0,1,3,Stimulus,,,,,,,,,,,,
SV029,R,63,2,0,1,0,2,Stimulus,,,,,,,,,,,,
SV029,R,64,2,2,1,0,2,Stimulus,,,,,,,,,,,,
SV029,R,65,2,3,1,1,2,Stimulus,,,,,,,,,,,,
SV029,R,66,3,0,0,1,3,Stimulus,,,,,,,,,,,,
SV029,R,67,3,2,1,0,2,Stimulus,,,,,,,,,,,,
SV029,R,68,2,3,0,0,3,Stimulus,,,,,,,,,,,,
SV029,R,69,2,3,1,1,2,Stimulus,,,,,,,,,,,,
SV029,R,70,2,3,1,1,3,Stimulus,,,,,,,,,,,,
SV029,R,71,2,0,0,1,2,Stimulus,,,,,,,,,,,,
SV029,R,72,2,3,1,1,2,Stimulus,,,,,,,,,,,,
SV029,R,73,3,2,1,0,2,Stimulus,,,,,,,,,,,,
SV029,R,74,3,0,1,1,3,Stimulus,,,,,,,,,,,,
SV029,R,75,2,3,1,0,3,Stimulus,,,,,,,,,,,,
SV029,R,76,3,2,0,1,2,Stimulus,,,,,,,,,,,,
SV029,R,77,2,3,0,0,2,Stimulus,,,,,,,,,,,,
SV029,R,78,3,2,1,1,2,Stimulus,,,,,,,,,,,,
SV029,R,79,3,3,1,0,2,Stimulus,,,,,,,,,,,,
SV029,R,80,2,2,0,0,2,Stimulus,,,,,,,,,,,,
SV029,R,81,3,0,1,0,2,Stimulus,,,,,,,,,,,,
SV029,R,82,2,0,1,1,2,Stimulus,,,,,,,,,,,,
SV029,R,83,3,3,1,0,2,Stimulus,,,,,,,,,,,,
SV029,R,84,2,3,1,0,3,Stimulus,,,,,,,,,,,,
SV029,R,85,3,3,1,0,3,Stimulus,,,,,,,,,,,,
SV029,R,86,2,0,0,1,2,Stimulus,,,,,,,,,,,,
SV029,R,87,3,2,0,0,2,Stimulus,,,,,,,,,,,,
SV029,R,88,3,3,0,1,2,Stimulus,,,,,,,,,,,,
SV029,R,89,2,0,1,0,2,Stimulus,,,,,,,,,,,,
SV029,R,90,3,3,0,0,3,Stimulus,,,,,,,,,,,,
SV029,R,91,2,3,0,1,2,Stimulus,,,,,,,,,,,,
SV029,R,92,2,2,1,0,2,Stimulus,,,,,,,,,,,,
SV029,R,93,3,0,1,1,2,Stimulus,,,,,,,,,,,,
SV029,R,94,2,2,0,0,2,Stimulus,,,,,,,,,,,,
SV029,R,95,2,3,1,0,2,Stimulus,,,,,,,,,,,,
SV029,R,96,2,0,1,1,2,Stimulus,,,,,,,,,,,,
SV029,R,97,3,2,0,0,2,Stimulus,,,,,,,,,,,,
SV029,R,98,2,3,0,1,2,Stimulus,,,,,,,,,,,,
SV029,R,99,3,3,1,1,2,Stimulus,,,,,,,,,,,,
SV029,R,100,3,0,1,1,2,Stimulus,,,,,,,,,,,,
SV029,R,101,2,2,0,1,2,Stimulus,,,,,,,,,,,,
SV029,R,102,3,3,0,0,2,Stimulus,,,,,,,,,,,,
SV029,R,103,2,3,1,1,2,Stimulus,,,,,,,,,,,,
SV029,R,104,3,3,1,1,2,Stimulus,,,,,,,,,,,,
SV029,R,105,2,3,0,0,2,Stimulus,,,,,,,,,,,,
SV029,R,106,3,0,0,0,3,Stimulus,,,,,,,,,,,,
SV029,R,107,2,3,1,1,2,Stimulus,,,,,,,,,,,,
SV029,R,108,3,3,1,1,2,Stimulus,,,,,,,,,,,,
SV029,R,109,2,3,0,1,2,Stimulus,,,,,,,,,,,,
SV029,R,110,2,2,1,1,2,Stimulus,,,,,,,,,,,,
SV029,R,111,3,3,0,1,2,Stimulus,,,,,,,,,,,,
SV029,R,112,2,2,1,0,2,Stimulus,,,,,,,,,,,,
SV029,R,113,2,2,1,1,2,Stimulus,,,,,,,,,,,,
SV029,R,114,2,2,1,1,2,Stimulus,,,,,,,,,,,,
SV029,R,115,2,0,0,1,2,Stimulus,,,,,,,,,,,,
SV029,R,116,2,0,0,0,2,Stimulus,,,,,,,,,,,,
SV029,R,117,3,3,1,1,2,Stimulus,,,,,,,,,,,,
SV029,R,118,2,3,0,1,2,Stimulus,,,,,,,,,,,,
SV029,R,119,2,0,0,0,2,Stimulus,,,,,,,,,,,,
SV029,R,120,2,2,1,0,2,Stimulus,,,,,,,,,,,,
SV029,R,121,3,3,0,0,2,Stimulus,,,,,,,,,,,,
SV029,R,122,3,0,0,1,2,Stimulus,,,,,,,,,,,,
SV029,R,123,2,3,0,0,2,Stimulus,,,,,,,,,,,,
SV029,R,124,3,2,0,0,2,Stimulus,,,,,,,,,,,,
SV029,R,125,3,0,1,0,3,Stimulus,,,,,,,,,,,,
SV029,R,126,3,2,0,0,2,Stimulus,,,,,,,,,,,,
SV029,R,127,2,0,0,1,2,Stimulus,,,,,,,,,,,,
SV029,R,128,2,0,1,1,2,Stimulus,,,,,,,,,,,,
SV029,R,129,3,0,0,1,2,Stimulus,,,,,,,,,,,,
SV029,R,130,2,3,0,0,2,Stimulus,,,,,,,,,,,,
SV029,R,131,2,0,0,0,2,Stimulus,,,,,,,,,,,,
SV029,R,132,3,0,0,1,2,Stimulus,,,,,,,,,,,,
SV029,R,133,3,0,1,0,2,Stimulus,,,,,,,,,,,,
SV029,R,134,2,3,0,1,2,Stimulus,,,,,,,,,,,,
SV029,R,135,3,3,1,0,2,Stimulus,,,,,,,,1.5,1.5,109.0,109.0,20.0
SV029,R,136,3,2,1,0,2,Stimulus,,,,,,,,,,,,
SV029,R,137,2,2,0,0,2,Stimulus,,,,,,,,,,,,
SV029,R,138,3,3,0,0,2,Stimulus,,,,,,,,,,,,
SV029,R,139,2,2,1,0,2,Stimulus,,,,,,,,,,,,
SV029,R,140,2,3,1,0,2,Stimulus,,,,,,,,,,,,
SV029,R,141,2,3,1,0,2,Stimulus,,,,,,,,,,,,
SV029,R,142,3,0,0,0,3,Stimulus,,,,,,,,,,,,
SV029,R,143,2,2,0,1,3,Stimulus,,,,,,,,,,,,
SV029,R,144,2,2,1,0,2,Stimulus,,,,,,,,,,,,
SV029,R,145,3,0,1,0,2,Stimulus,,,,,,,,,,,,
SV029,R,146,3,2,0,1,2,Stimulus,,,,,,,,,,,,
SV029,R,147,3,2,0,0,2,Stimulus,,,,,,,,,,,,
SV029,R,148,3,0,1,1,2,Stimulus,,,,,,,,,,,,
SV029,R,149,3,0,0,1,2,Stimulus,,,,,,,,,,,,
SV029,R,150,2,3,0,0,2,Stimulus,,,,,,,,,,,,
SV029,R,151,3,0,1,1,1,Stimulus,,,,,,,,,,,,
SV029,R,152,3,0,1,1,2,Stimulus,,,,,,,,,,,,
SV029,R,153,3,2,1,0,2,Stimulus,,,,,,,,,,,,
SV029,R,154,3,2,1,0,2,Stimulus,,,,,,,,,,,,
SV029,R,155,2,2,0,1,2,Stimulus,,,,,,,,,,,,
SV029,R,156,3,3,1,1,2,Stimulus,,,,,,,,,,,,
SV029,R,157,2,3,1,1,2,Stimulus,,,,,,,,,,,,
SV029,R,158,3,0,0,1,3,Stimulus,,,,,,,,,,,,
SV029,R,159,2,2,0,1,2,Stimulus,,,,,,,,,,,,
SV029,R,160,3,2,1,1,2,Stimulus,,,,,,,,,,,,
SV029,R,161,3,3,0,1,2,Stimulus,,,,,,,,,,,,
SV029,R,162,2,2,1,0,2,Stimulus,,,,,,,,,,,,
SV029,R,163,3,0,1,0,2,Stimulus,,,,,,,,,,,,
SV029,R,164,3,2,0,1,2,Stimulus,,,,,,,,,,,,
SV029,R,165,2,0,0,1,3,Stimulus,,,,,,,,,,,,
SV029,R,166,2,2,0,0,2,Stimulus,,,,,,,,,,,,
SV029,R,167,3,0,1,1,2,Stimulus,,,,,,,,,,,,
SV029,R,168,3,0,0,0,2,Stimulus,,,,,,,,,,,,
SV029,R,169,2,2,0,0,3,Stimulus,,,,,,,,,,,,
SV029,R,170,3,0,0,0,2,Stimulus,,,,,,,,,,,,
SV029,R,171,2,3,0,0,3,Stimulus,,,,,,,,,,,,
SV029,R,172,3,3,0,0,3,Stimulus,,,,,,,,,,,,
SV029,R,173,2,2,0,1,2,Stimulus,,,,,,,,,,,,
SV029,R,174,3,2,1,1,2,Stimulus,,,,,,,,,,,,
SV029,R,175,2,2,0,0,2,Stimulus,,,,,,,,,,,,
SV029,R,176,2,0,1,0,2,Stimulus,,,,,,,,,,,,
SV029,R,177,3,0,0,1,2,Stimulus,,,,,,,,,,,,
SV029,R,178,2,3,0,1,2,Stimulus,,,,,,,,,,,,
SV029,R,179,2,2,1,1,2,Stimulus,,,,,,,,,,,,
SV029,R,180,3,2,1,0,2,Stimulus,,,,,,,,,,,,
SV029,R,181,3,0,0,0,2,Stimulus,,,,,,,,,,,,
SV029,R,182,2,3,1,0,2,Stimulus,,,,,,,,,,,,
SV029,R,183,3,3,1,1,2,Stimulus,,,,,,,,,,,,
SV029,R,184,3,2,0,1,2,Stimulus,,,,,,,,,,,,
SV029,R,185,3,3,1,0,2,Stimulus,,,,,,,,,,,,
SV029,R,186,3,2,1,1,2,Stimulus,,,,,,,,,,,,
SV029,R,187,2,0,1,0,2,Stimulus,,,,,,,,,,,,
SV029,R,188,3,3,0,1,2,Stimulus,,,,,,,,,,,,
SV029,R,189,2,0,0,0,2,Stimulus,,,,,,,,,,,,
SV029,R,190,3,2,1,0,2,Stimulus,,,,,,,,,,,,
SV029,R,191,2,0,0,0,2,Stimulus,,,,,,,,,,,,
SV029,R,192,2,2,0,0,2,Stimulus,,,,,,,,,,,,
SV029,R,193,2,3,0,1,2,Stimulus,,,,,,,,,,,,
SV029,R,194,2,0,0,1,3,Stimulus,,,,,,,,,,,,
SV029,R,195,2,0,1,1,2,Stimulus,,,,,,,,,,,,
SV029,R,196,3,2,1,0,2,Stimulus,,,,,,,,,,,,
SV029,R,197,3,0,0,0,2,Stimulus,,,,,,,,,,,,
SV029,R,198,3,2,1,1,2,Stimulus,,,,,,,,,,,,
SV029,R,199,3,0,0,0,2,Stimulus,,,,,,,,,,,,
SV029,R,200,3,2,0,1,2,Stimulus,,,,,,,,,,,,
SV029,R,201,2,3,1,0,2,Stimulus,,,,,,,,,,,,
SV029,R,202,3,2,0,0,2,Stimulus,,,,,,,,,,,,
SV029,R,203,3,0,0,0,3,Stimulus,,,,,,,,,,,,
SV029,R,204,3,3,1,0,2,Stimulus,,,,,,,,,,,,
SV029,R,205,2,0,1,1,2,Stimulus,,,,,,,,,,,,
SV029,R,206,3,0,0,1,2,Stimulus,,,,,,,,,,,,
SV029,R,207,2,3,0,0,2,Stimulus,,,,,,,,,,,,
SV029,R,208,3,0,1,0,2,Stimulus,,,,,,,,,,,,
SV029,R,209,3,3,0,1,3,Stimulus,,,,,,,,,,,,
SV029,R,210,3,2,1,0,2,Stimulus,,,,,,,,,,,,
SV029,R,211,2,0,1,0,2,Stimulus,,,,,,,,,,,,
SV029,R,212,2,2,0,1,2,Stimulus,,,,,,,,,,,,
SV029,R,213,3,2,0,1,2,Stimulus,,,,,,,,,,,,
SV029,R,214,3,0,1,0,2,Stimulus,,,,,,,,,,,,
SV029,R,215,3,2,0,0,2,Stimulus,,,,,,,,,,,,
SV029,R,216,2,0,0,1,2,Stimulus,,,,,,,,,,,,
SV029,R,217,2,0,1,1,2,Stimulus,,,,,,,,,,,,
SV029,R,218,2,3,1,0,2,Stimulus,,,,,,,,,,,,
SV029,R,219,2,2,0,0,2,Stimulus,,,,,,,,,,,,
SV029,R,220,3,3,0,0,3,Stimulus,,,,,,,,,,,,
SV029,R,221,2,0,0,1,2,Stimulus,,,,,,,,,,,,
SV029,R,222,2,3,0,1,3,Stimulus,,,,,,,,,,,,
SV029,R,223,3,3,0,1,3,Stimulus,,,,,,,,,,,,
SV029,R,224,3,3,1,0,3,Stimulus,,,,,,,,,,,,
SV029,R,225,3,2,1,1,2,Stimulus,,,,,,,,,,,,
SV029,R,226,2,2,1,0,2,Stimulus,,,,,,,,,,,,
SV029,R,227,2,2,1,1,2,Stimulus,,,,,,,,,,,,
SV029,R,228,2,0,0,0,2,Stimulus,,,,,,,,,,,,
SV029,R,229,3,3,1,0,2,Stimulus,,,,,,,,,,,,
SV029,R,230,2,3,0,1,2,Stimulus,,,,,,,,,,,,
SV029,R,231,2,0,1,0,2,Stimulus,,,,,,,,,,,,
SV029,R,232,3,2,0,1,2,Stimulus,,,,,,,,,,,,
SV029,R,233,2,2,0,1,2,Stimulus,,,,,,,,,,,,
SV029,R,234,3,0,1,1,2,Stimulus,,,,,,,,,,,,
SV029,R,235,3,2,0,1,2,Stimulus,,,,,,,,,,,,
SV029,R,236,2,0,0,0,2,Stimulus,,,,,,,,,,,,
SV029,R,237,3,0,1,0,2,Stimulus,,,,,,,,,,,,
SV029,R,238,3,2,0,0,2,Stimulus,,,,,,,,,,,,
SV029,R,239,3,0,1,1,2,Stimulus,,,,,,,,,,,,
SV029,R,240,3,0,0,1,3,Stimulus,,,,,,,,,,,,
SV029,R,241,3,0,0,0,0,Stimulus,,,,,,,,,,,,
SV029,R,242,2,0,0,0,0,Stimulus,,,,,,,,,,,,
SV029,R,243,2,3,0,0,3,Stimulus,,,,,,,,,,,,
SV029,R,244,2,0,0,0,0,Stimulus,,,,,,,,,,,,
SV029,R,245,2,2,0,1,2,Stimulus,,,,,,,,,,,,
SV029,R,246,3,2,1,1,2,Stimulus,,,,,,,,,,,,
SV029,R,247,2,2,0,0,2,Stimulus,,,,,,,,,,,,
SV029,R,248,3,3,1,0,3,Stimulus,,,,,,,,,,,,
SV029,R,249,3,3,1,0,3,Stimulus,,,,,,,,,,,,
SV029,R,250,2,2,1,1,2,Stimulus,,,,,,,,,,,,
SV029,R,251,3,3,0,1,3,Stimulus,,,,,,,,,,,,
SV029,R,252,2,3,0,0,3,Stimulus,,,,,,,,,,,,
SV029,R,253,2,0,0,0,0,Stimulus,,,,,,,,,,,,
SV029,R,254,3,3,0,0,3,Stimulus,,,,,,,,,,,,
SV029,R,255,2,2,0,1,2,Stimulus,,,,,,,,,,,,
SV029,R,256,3,3,0,1,3,Stimulus,,,,,,,,,,,,
SV029,R,257,2,3,0,0,3,Stimulus,,,,,,,,,,,,
SV029,R,258,2,2,1,1,2,Stimulus,,,,,,,,,,,,
SV029,R,259,2,2,0,0,3,Stimulus,,,,,,,,,,,,
SV029,R,260,2,2,0,0,3,Stimulus,,,,,,,,,,,,
SV029,R,261,3,0,1,0,0,Stimulus,,,,,,,,,,,,
SV029,R,262,3,0,1,1,0,Stimulus,,,,,,,,,,,,
SV029,R,263,2,0,0,1,0,Stimulus,,,,,,,,,,,,
SV029,R,264,3,3,0,1,3,Stimulus,,,,,,,,,,,,
SV029,R,265,3,3,1,1,3,Stimulus,,,,,,,,,,,,
SV029,R,266,2,2,0,0,3,Stimulus,,,,,,,,,,,,
SV029,R,267,3,0,0,1,0,Stimulus,,,,,,,,,,,,
SV029,R,268,2,0,0,1,0,Stimulus,,,,,,,,,,,,
SV029,R,269,3,3,1,0,3,Stimulus,,,,,,,,,,,,
SV029,R,270,3,2,1,0,3,Stimulus,,,,,,,,,,,,
SV029,R,271,3,0,0,1,0,Stimulus,,,,,,,,,,,,
SV029,R,272,3,3,0,1,3,Stimulus,,,,,,,,,,,,
SV029,R,273,3,2,1,1,2,Stimulus,,,,,,,,,,,,
SV029,R,274,3,2,1,0,2,Stimulus,,,,,,,,,,,,
SV029,R,275,2,3,1,0,3,Stimulus,,,,,,,,,,,,
SV029,R,276,3,2,1,1,2,Stimulus,,,,,,,,,,,,
SV029,R,277,2,2,1,0,2,Stimulus,,,,,,,,,,,,
SV029,R,278,2,0,0,0,0,Stimulus,,,,,,,,,,,,
SV029,R,279,2,3,1,1,3,Stimulus,,,,,,,,,,,,
SV029,R,280,2,0,1,1,0,Stimulus,,,,,,,,,,,,
SV029,R,281,3,3,1,0,3,Stimulus,,,,,,,,,,,,
SV029,R,282,3,3,0,1,3,Stimulus,,,,,,,,,,,,
SV029,R,283,2,2,1,1,3,Stimulus,,,,,,,,,,,,
SV029,R,284,2,3,1,0,3,Stimulus,,,,,,,,,,,,
SV029,R,285,2,3,1,1,3,Stimulus,,,,,,,,,,,,
SV029,R,286,2,2,1,0,2,Stimulus,,,,,,,,,,,,
SV029,R,287,3,3,0,0,3,Stimulus,,,,,,,,,,,,
SV029,R,288,3,3,1,1,3,Stimulus,,,,,,,,,,,,
SV029,R,289,2,3,0,0,3,Stimulus,,,,,,,,,,,,
SV029,R,290,2,3,0,0,3,Stimulus,,,,,,,,,,,,
SV029,R,291,3,0,1,1,0,Stimulus,,,,,,,,,,,,
SV029,R,292,2,0,0,1,0,Stimulus,,,,,,,,,,,,
SV029,R,293,3,0,1,1,0,Stimulus,,,,,,,,,,,,
SV029,R,294,3,3,0,0,2,Stimulus,,,,,,,,,,,,
SV029,R,295,3,0,1,0,0,Stimulus,,,,,,,,,,,,
SV029,R,296,3,0,0,0,0,Stimulus,,,,,,,,,,,,
SV029,R,297,2,0,0,0,0,Stimulus,,,,,,,,,,,,
SV029,R,298,3,2,1,0,2,Stimulus,,,,,,,,,,,,
SV029,R,299,2,3,0,1,3,Stimulus,,,,,,,,,,,,
SV029,R,300,3,0,0,0,0,Stimulus,,,,,,,,,,,,
SV029,R,301,2,0,1,1,0,Stimulus,,,,,,,,,,,,
SV029,R,302,2,0,1,0,0,Stimulus,,,,,,,,,,,,
SV029,R,303,3,3,0,1,3,Stimulus,,,,,,,,,,,,
SV029,R,304,3,3,0,0,3,Stimulus,,,,,,,,,,,,
SV029,R,305,2,3,0,1,3,Stimulus,,,,,,,,,,,,
SV029,R,306,2,3,1,1,3,Stimulus,,,,,,,,,,,,
SV029,R,307,3,0,0,0,0,Stimulus,,,,,,,,,,,,
SV029,R,308,2,2,0,0,2,Stimulus,,,,,,,,,,,,
SV029,R,309,3,2,1,0,2,Stimulus,,,,,,,,,,,,
SV029,R,310,3,3,1,0,3,Stimulus,,,,,,,,,,,,
SV029,R,311,3,3,0,0,3,Stimulus,,,,,,,,,,,,
SV029,R,312,2,0,1,0,0,Stimulus,,,,,,,,,,,,
SV029,R,313,3,2,1,1,2,Stimulus,,,,,,,,,,,,
SV029,R,314,2,2,1,0,2,Stimulus,,,,,,,,,,,,
SV029,R,315,3,2,0,1,2,Stimulus,,,,,,,,,,,,
SV029,R,316,3,0,1,1,0,Stimulus,,,,,,,,,,,,
SV029,R,317,2,2,0,0,2,Stimulus,,,,,,,,,,,,
SV029,R,318,2,0,1,1,0,Stimulus,,,,,,,,,,,,
SV029,R,319,3,2,1,1,2,Stimulus,,,,,,,,,,,,
SV029,R,320,2,0,1,0,0,Stimulus,,,,,,,,,,,,
SV029,R,321,2,0,1,0,0,Stimulus,,,,,,,,,,,,
SV029,R,322,2,3,1,0,3,Stimulus,,,,,,,,,,,,
SV029,R,323,3,2,0,0,2,Stimulus,,,,,,,,,,,,
SV029,R,324,3,3,1,0,3,Stimulus,,,,,,,,,,,,
SV029,R,325,3,0,1,1,0,Stimulus,,,,,,,,,,,,
SV029,R,326,2,2,0,1,2,Stimulus,,,,,,,,,,,,
SV029,R,327,3,0,1,0,0,Stimulus,,,,,,,,,,,,
SV029,R,328,2,0,0,1,0,Stimulus,,,,,,,,,,,,
SV029,R,329,2,0,1,0,0,Stimulus,,,,,,,,,,,,
SV029,R,330,3,2,1,0,2,Stimulus,,,,,,,,,,,,
SV029,R,331,2,0,1,0,0,Stimulus,,,,,,,,,,,,
SV029,R,332,3,2,1,1,2,Stimulus,,,,,,,,,,,,
SV029,R,333,3,2,1,0,2,Stimulus,,,,,,,,,,,,
SV029,R,334,3,3,0,0,3,Stimulus,,,,,,,,,,,,
SV029,R,335,2,2,1,1,2,Stimulus,,,,,,,,,,,,
SV029,R,336,3,3,0,1,3,Stimulus,,,,,,,,,,,,
SV029,R,337,2,3,1,1,3,Stimulus,,,,,,,,,,,,
SV029,R,338,2,0,1,0,0,Stimulus,,,,,,,,,,,,
SV029,R,339,2,2,0,1,2,Stimulus,,,,,,,,,,,,
SV029,R,340,2,3,1,1,3,Stimulus,,,,,,,,,,,,
SV029,R,341,3,2,1,1,2,Stimulus,,,,,,,,,,,,
SV029,R,342,2,2,0,0,2,Stimulus,,,,,,,,,,,,
SV029,R,343,2,0,0,0,0,Stimulus,,,,,,,,,,,,
SV029,R,344,3,0,0,1,0,Stimulus,,,,,,,,,,,,
SV029,R,345,2,0,0,0,0,Stimulus,,,,,,,,,,,,
SV029,R,346,3,0,0,0,0,Stimulus,,,,,,,,,,,,
SV029,R,347,3,0,1,0,0,Stimulus,,,,,,,,,,,,
SV029,R,348,3,2,1,1,2,Stimulus,,,,,,,,,,,,
SV029,R,349,2,3,0,0,3,Stimulus,,,,,,,,,,,,
SV029,R,350,2,0,1,0,0,Stimulus,,,,,,,,,,,,
SV029,R,351,3,0,0,1,0,Stimulus,,,,,,,,,,,,
SV029,R,352,2,3,1,0,3,Stimulus,,,,,,,,,,,,
SV029,R,353,2,2,0,1,2,Stimulus,,,,,,,,,,,,
SV029,R,354,2,3,0,1,3,Stimulus,,,,,,,,,,,,
SV029,R,355,2,2,0,0,2,Stimulus,,,,,,,,,,,,
SV029,R,356,3,2,0,1,2,Stimulus,,,,,,,,,,,,
SV029,R,357,2,0,1,1,0,Stimulus,,,,,,,,,,,,
SV029,R,358,2,2,1,1,2,Stimulus,,,,,,,,,,,,
SV029,R,359,2,2,1,1,2,Stimulus,,,,,,,,,,,,
SV029,R,360,3,2,0,0,2,Stimulus,,,,,,,,,,,,
SV029,R,361,3,2,0,0,2,Stimulus,,,,,,,,,,,,
SV029,R,362,2,2,0,1,2,Stimulus,,,,,,,,,,,,
SV029,R,363,2,2,0,1,2,Stimulus,,,,,,,,,,,,
SV029,R,364,3,2,1,1,2,Stimulus,,,,,,,,,,,,
SV029,R,365,3,3,0,0,3,Stimulus,,,,,,,,,,,,
SV029,R,366,2,0,0,0,0,Stimulus,,,,,,,,,,,,
SV029,R,367,2,0,0,1,0,Stimulus,,,,,,,,,,,,
SV029,R,368,3,2,0,0,2,Stimulus,,,,,,,,,,,,
SV029,R,369,2,3,0,1,3,Stimulus,,,,,,,,,,,,
SV029,R,370,2,3,1,0,3,Stimulus,,,,,,,,,,,,
SV029,R,371,3,0,1,1,0,Stimulus,,,,,,,,,,,,
SV029,R,372,3,3,0,0,3,Stimulus,,,,,,,,,,,,
SV029,R,373,2,0,0,1,0,Stimulus,,,,,,,,,,,,
SV029,R,374,2,2,1,1,2,Stimulus,,,,,,,,,,,,
SV029,R,375,3,0,1,1,0,Stimulus,,,,,,,,,,,,
SV029,R,376,2,0,0,1,0,Stimulus,,,,,,,,,,,,
SV029,R,377,3,3,1,0,3,Stimulus,,,,,,,,,,,,
SV029,R,378,3,0,1,0,0,Stimulus,,,,,,,,0.6,0.6,77.0,77.0,12.0
SV029,R,379,2,0,1,1,0,Stimulus,,,,,,,,,,,,
SV029,R,380,2,3,1,1,3,Stimulus,,,,,,,,,,,,
SV029,R,381,2,3,0,0,3,Stimulus,,,,,,,,,,,,
SV029,R,382,2,3,1,0,3,Stimulus,,,,,,,,,,,,
SV029,R,383,3,2,0,0,2,Stimulus,,,,,,,,,,,,
SV029,R,384,3,0,1,0,0,Stimulus,,,,,,,,,,,,
SV029,R,385,3,3,1,1,3,Stimulus,,,,,,,,,,,,
SV029,R,386,3,0,1,0,0,Stimulus,,,,,,,,,,,,
SV029,R,387,3,0,0,1,0,Stimulus,,,,,,,,,,,,
SV029,R,388,2,3,1,0,3,Stimulus,,,,,,,,,,,,
SV029,R,389,3,2,1,0,2,Stimulus,,,,,,,,,,,,
SV029,R,390,3,0,1,1,0,Stimulus,,,,,,,,,,,,
SV029,R,391,3,3,0,1,3,Stimulus,,,,,,,,,,,,
SV029,R,392,3,3,1,1,3,Stimulus,,,,,,,,,,,,
SV029,R,393,3,3,1,1,3,Stimulus,,,,,,,,,,,,
SV029,R,394,2,3,0,0,3,Stimulus,,,,,,,,,,,,
SV029,R,395,2,2,1,0,2,Stimulus,,,,,,,,,,,,
SV029,R,396,2,3,0,1,3,Stimulus,,,,,,,,,,,,
SV029,R,397,3,2,0,0,2,Stimulus,,,,,,,,,,,,
SV029,R,398,3,2,0,1,2,Stimulus,,,,,,,,,,,,
SV029,R,399,3,0,0,1,0,Stimulus,,,,,,,,,,,,
SV029,R,400,3,3,1,0,3,Stimulus,,,,,,,,,,,,
SV029,R,401,2,2,1,0,2,Stimulus,,,,,,,,,,,,
SV029,R,402,2,3,0,1,3,Stimulus,,,,,,,,,,,,
SV029,R,403,2,0,0,1,0,Stimulus,,,,,,,,,,,,
SV029,R,404,3,3,1,1,3,Stimulus,,,,,,,,,,,,
SV029,R,405,2,0,0,0,0,Stimulus,,,,,,,,,,,,
SV029,R,406,2,0,1,1,0,Stimulus,,,,,,,,,,,,
SV029,R,407,2,0,1,0,0,Stimulus,,,,,,,,,,,,
SV029,R,408,3,0,0,1,0,Stimulus,,,,,,,,,,,,
SV029,R,409,3,2,1,0,2,Stimulus,,,,,,,,,,,,
SV029,R,410,3,0,0,1,0,Stimulus,,,,,,,,,,,,
SV029,R,411,3,0,1,0,0,Stimulus,,,,,,,,,,,,
SV029,R,412,2,0,1,1,0,Stimulus,,,,,,,,,,,,
SV029,R,413,3,0,0,1,0,Stimulus,,,,,,,,,,,,
SV029,R,414,3,3,0,1,3,Stimulus,,,,,,,,,,,,
SV029,R,415,3,2,0,0,2,Stimulus,,,,,,,,,,,,
SV029,R,416,2,2,0,1,2,Stimulus,,,,,,,,,,,,
SV029,R,417,3,0,0,0,0,Stimulus,,,,,,,,,,,,
SV029,R,418,2,2,1,1,2,Stimulus,,,,,,,,,,,,
SV029,R,419,3,3,1,1,3,Stimulus,,,,,,,,,,,,
SV029,R,420,2,0,1,1,0,Stimulus,,,,,,,,,,,,
SV029,R,421,3,3,1,0,3,Stimulus,,,,,,,,,,,,
SV029,R,422,2,3,0,0,3,Stimulus,,,,,,,,,,,,
SV029,R,423,2,2,1,1,2,Stimulus,,,,,,,,,,,,
SV029,R,424,2,3,1,0,3,Stimulus,,,,,,,,,,,,
SV029,R,425,2,3,0,1,3,Stimulus,,,,,,,,,,,,
SV029,R,426,2,2,1,1,2,Stimulus,,,,,,,,,,,,
SV029,R,427,3,3,1,1,3,Stimulus,,,,,,,,,,,,
SV029,R,428,3,2,0,1,2,Stimulus,,,,,,,,,,,,
SV029,R,429,2,3,1,1,3,Stimulus,,,,,,,,,,,,
SV029,R,430,3,2,0,0,2,Stimulus,,,,,,,,,,,,
SV029,R,431,2,2,1,0,2,Stimulus,,,,,,,,,,,,
SV029,R,432,3,2,0,1,2,Stimulus,,,,,,,,,,,,
SV029,R,433,3,0,0,0,0,Stimulus,,,,,,,,,,,,
SV029,R,434,3,2,0,0,2,Stimulus,,,,,,,,,,,,
SV029,R,435,3,2,0,1,2,Stimulus,,,,,,,,,,,,
SV029,R,436,3,0,0,0,0,Stimulus,,,,,,,,,,,,
SV029,R,437,3,0,1,0,0,Stimulus,,,,,,,,,,,,
SV029,R,438,2,2,0,0,2,Stimulus,,,,,,,,,,,,
SV029,R,439,2,2,1,0,2,Stimulus,,,,,,,,,,,,
SV029,R,440,2,0,0,1,0,Stimulus,,,,,,,,,,,,
SV029,R,441,3,2,1,0,2,Stimulus,,,,,,,,,,,,
SV029,R,442,3,2,0,1,2,Stimulus,,,,,,,,,,,,
SV029,R,443,3,3,0,0,3,Stimulus,,,,,,,,,,,,
SV029,R,444,2,3,0,0,3,Stimulus,,,,,,,,,,,,
SV029,R,445,2,2,1,0,2,Stimulus,,,,,,,,0.8,0.8,69.0,69.0,16.0
SV029,R,446,2,2,1,0,2,Stimulus,,,,,,,,,,,,
SV029,R,447,3,3,1,1,3,Stimulus,,,,,,,,,,,,
SV029,R,448,3,3,1,1,3,Stimulus,,,,,,,,,,,,
SV029,R,449,3,0,1,0,0,Stimulus,,,,,,,,,,,,
SV029,R,450,3,2,1,0,2,Stimulus,,,,,,,,,,,,
SV029,R,451,2,3,1,0,3,Stimulus,,,,,,,,,,,,
SV029,R,452,3,2,0,1,2,Stimulus,,,,,,,,,,,,
SV029,R,453,2,3,0,1,3,Stimulus,,,,,,,,,,,,
SV029,R,454,2,0,1,0,0,Stimulus,,,,,,,,,,,,
SV029,R,455,3,3,0,1,3,Stimulus,,,,,,,,,,,,
SV029,R,456,2,0,1,1,0,Stimulus,,,,,,,,,,,,
SV029,R,457,2,2,0,0,0,Stimulus,,,,,,,,,,,,
SV029,R,458,3,0,1,1,0,Stimulus,,,,,,,,,,,,
SV029,R,459,3,2,0,0,2,Stimulus,,,,,,,,,,,,
SV029,R,460,3,3,1,0,3,Stimulus,,,,,,,,,,,,
SV029,R,461,2,2,0,1,2,Stimulus,,,,,,,,,,,,
SV029,R,462,2,3,1,1,3,Stimulus,,,,,,,,,,,,
SV029,R,463,3,0,0,1,0,Stimulus,,,,,,,,,,,,
SV029,R,464,2,2,1,0,2,Stimulus,,,,,,,,,,,,
SV029,R,465,3,2,0,1,2,Stimulus,,,,,,,,,,,,
SV029,R,466,2,2,0,1,2,Stimulus,,,,,,,,,,,,
SV029,R,467,2,0,0,1,0,Stimulus,,,,,,,,,,,,
SV029,R,468,2,0,0,0,0,Stimulus,,,,,,,,,,,,
SV029,R,469,2,3,0,1,3,Stimulus,,,,,,,,,,,,
SV029,R,470,2,3,1,0,3,Stimulus,,,,,,,,,,,,
SV029,R,471,3,2,0,1,4,Stimulus,,,,,,,,,,,,
SV029,R,472,3,3,0,0,3,Stimulus,,,,,,,,,,,,
SV029,R,473,3,2,1,1,2,Stimulus,,,,,,,,,,,,
SV029,R,474,3,0,0,0,0,Stimulus,,,,,,,,,,,,
SV029,R,475,3,0,0,0,0,Stimulus,,,,,,,,,,,,
SV029,R,476,2,0,1,1,0,Stimulus,,,,,,,,,,,,
SV029,R,477,2,3,1,1,3,Stimulus,,,,,,,,,,,,
SV029,R,478,2,3,1,1,3,Stimulus,,,,,,,,,,,,
SV029,R,479,2,3,0,1,3,Stimulus,,,,,,,,,,,,
SV029,R,480,3,0,1,1,0,Stimulus,,,,,,,,,,,,
