subj_id,eye,trial_no,n_flash,n_beep,direction,blindspot,response,phase,fixation_x_mean,fixation_x_max,fixation_y_mean,fixation_y_max,pupil_avg_mean,pupil_avg_max,fixation_duration_mean,saccade_amplitude_mean,saccade_amplitude_max,saccade_velocity_mean,saccade_velocity_max,saccade_duration_mean
SV023,L,1,3,2,0,1,2,Fixation,,,,,,,,,,,,
SV023,L,2,3,3,1,1,2,Fixation,,,,,,,,,,,,
SV023,L,3,2,3,0,0,3,Fixation,,,,,,,,,,,,
SV023,L,4,3,0,1,1,1,Fixation,,,,,,,,,,,,
SV023,L,5,2,2,1,0,2,Fixation,,,,,,,,,,,,
SV023,L,6,3,0,0,0,1,Fixation,,,,,,,,,,,,
SV023,L,7,2,0,0,0,1,Fixation,,,,,,,,,,,,
SV023,L,8,3,2,1,1,2,Fixation,,,,,,,,,,,,
SV023,L,9,3,2,0,1,2,Fixation,,,,,,,,,,,,
SV023,L,10,3,3,0,1,4,Fixation,,,,,,,,,,,,
SV023,L,11,2,3,0,0,3,Fixation,,,,,,,,,,,,
SV023,L,12,3,3,1,1,3,Fixation,,,,,,,,,,,,
SV023,L,13,2,2,0,0,2,Fixation,,,,,,,,,,,,
SV023,L,14,3,3,0,1,3,Fixation,,,,,,,,,,,,
SV023,L,15,3,3,0,0,3,Fixation,,,,,,,,,,,,
SV023,L,16,3,2,1,0,2,Fixation,,,,,,,,,,,,
SV023,L,17,3,2,0,1,2,Fixation,,,,,,,,,,,,
SV023,L,18,2,2,0,1,2,Fixation,,,,,,,,,,,,
SV023,L,19,2,2,0,1,2,Fixation,,,,,,,,,,,,
SV023,L,20,3,3,0,1,3,Fixation,,,,,,,,,,,,
SV023,L,21,2,2,1,1,2,Fixation,,,,,,,,,,,,
SV023,L,22,3,0,1,1,2,Fixation,,,,,,,,,,,,
SV023,L,23,2,0,1,0,2,Fixation,,,,,,,,,,,,
SV023,L,24,2,0,0,0,2,Fixation,,,,,,,,,,,,
SV023,L,25,2,0,0,0,2,Fixation,,,,,,,,,,,,
SV023,L,26,3,3,0,0,3,Fixation,,,,,,,,,,,,
SV023,L,27,3,2,0,0,2,Fixation,,,,,,,,,,,,
SV023,L,28,3,0,0,0,1,Fixation,,,,,,,,,,,,
SV023,L,29,3,2,0,0,2,Fixation,,,,,,,,,,,,
SV023,L,30,3,0,0,0,3,Fixation,,,,,,,,,,,,
SV023,L,31,2,0,0,1,3,Fixation,,,,,,,,,,,,
SV023,L,32,3,2,1,0,2,Fixation,,,,,,,,,,,,
SV023,L,33,2,3,0,1,3,Fixation,,,,,,,,,,,,
SV023,L,34,3,2,1,1,2,Fixation,,,,,,,,,,,,
SV023,L,35,3,0,0,1,2,Fixation,,,,,,,,,,,,
SV023,L,36,3,3,0,0,3,Fixation,,,,,,,,,,,,
SV023,L,37,2,3,0,1,3,Fixation,,,,,,,,,,,,
SV023,L,38,2,2,1,0,2,Fixation,,,,,,,,,,,,
SV023,L,39,3,3,1,1,3,Fixation,,,,,,,,,,,,
SV023,L,40,2,3,1,1,3,Fixation,,,,,,,,,,,,
SV023,L,41,3,3,1,0,3,Fixation,,,,,,,,,,,,
SV023,L,42,3,3,0,1,3,Fixation,,,,,,,,,,,,
SV023,L,43,3,3,1,1,3,Fixation,,,,,,,,,,,,
SV023,L,44,2,3,1,1,3,Fixation,,,,,,,,,,,,
SV023,L,45,3,3,1,0,3,Fixation,,,,,,,,,,,,
SV023,L,46,2,3,0,0,3,Fixation,,,,,,,,,,,,
SV023,L,47,2,3,0,0,3,Fixation,,,,,,,,,,,,
SV023,L,48,2,2,0,0,2,Fixation,,,,,,,,,,,,
SV023,L,49,2,0,0,1,3,Fixation,,,,,,,,,,,,
SV023,L,50,2,3,1,1,3,Fixation,,,,,,,,,,,,
SV023,L,51,2,3,1,0,1,Fixation,,,,,,,,,,,,
SV023,L,52,3,2,0,0,2,Fixation,,,,,,,,,,,,
SV023,L,53,2,3,0,1,3,Fixation,,,,,,,,,,,,
SV023,L,54,3,2,1,0,2,Fixation,,,,,,,,,,,,
SV023,L,55,2,3,0,0,3,Fixation,,,,,,,,,,,,
SV023,L,56,2,0,0,1,2,Fixation,,,,,,,,,,,,
SV023,L,57,3,3,1,0,3,Fixation,,,,,,,,,,,,
SV023,L,58,2,0,0,0,3,Fixation,,,,,,,,,,,,
SV023,L,59,3,2,0,0,2,Fixation,,,,,,,,,,,,
SV023,L,60,3,3,1,0,3,Fixation,,,,,,,,,,,,
SV023,L,61,2,0,1,1,2,Fixation,,,,,,,,,,,,
SV023,L,62,3,3,0,1,3,Fixation,,,,,,,,,,,,
SV023,L,63,3,0,1,0,3,Fixation,,,,,,,,,,,,
SV023,L,64,2,0,0,1,3,Fixation,,,,,,,,,,,,
SV023,L,65,3,2,0,0,2,Fixation,,,,,,,,,,,,
SV023,L,66,2,2,0,0,2,Fixation,,,,,,,,,,,,
SV023,L,67,2,0,1,1,2,Fixation,,,,,,,,,,,,
SV023,L,68,3,0,1,0,3,Fixation,,,,,,,,,,,,
SV023,L,69,2,3,0,0,3,Fixation,,,,,,,,,,,,
SV023,L,70,3,2,0,0,2,Fixation,,,,,,,,,,,,
SV023,L,71,2,2,1,1,2,Fixation,,,,,,,,,,,,
SV023,L,72,2,2,0,0,2,Fixation,,,,,,,,,,,,
SV023,L,73,3,3,0,0,2,Fixation,,,,,,,,,,,,
SV023,L,74,3,2,1,1,2,Fixation,,,,,,,,,,,,
SV023,L,75,2,3,0,1,3,Fixation,,,,,,,,,,,,
SV023,L,76,3,0,1,0,3,Fixation,,,,,,,,,,,,
SV023,L,77,2,2,1,1,2,Fixation,,,,,,,,,,,,
SV023,L,78,3,0,0,0,3,Fixation,,,,,,,,,,,,
SV023,L,79,3,0,1,1,3,Fixation,,,,,,,,,,,,
SV023,L,80,2,3,0,1,3,Fixation,,,,,,,,,,,,
SV023,L,81,2,2,1,1,2,Fixation,,,,,,,,,,,,
SV023,L,82,2,3,1,0,3,Fixation,,,,,,,,,,,,
SV023,L,83,2,2,1,1,2,Fixation,,,,,,,,,,,,
SV023,L,84,2,2,1,0,2,Fixation,,,,,,,,,,,,
SV023,L,85,2,2,1,0,2,Fixation,,,,,,,,,,,,
SV023,L,86,2,2,1,1,2,Fixation,,,,,,,,,,,,
SV023,L,87,3,3,1,1,3,Fixation,,,,,,,,,,,,
SV023,L,88,3,0,1,1,3,Fixation,,,,,,,,,,,,
SV023,L,89,2,3,1,1,3,Fixation,,,,,,,,,,,,
SV023,L,90,2,3,1,1,3,Fixation,,,,,,,,,,,,
SV023,L,91,2,2,0,1,2,Fixation,,,,,,,,,,,,
SV023,L,92,3,3,1,0,3,Fixation,,,,,,,,,,,,
SV023,L,93,2,3,0,0,3,Fixation,,,,,,,,,,,,
SV023,L,94,3,0,0,1,3,Fixation,,,,,,,,,,,,
SV023,L,95,2,0,0,1,3,Fixation,,,,,,,,,,,,
SV023,L,96,3,0,1,0,3,Fixation,,,,,,,,,,,,
SV023,L,97,3,3,1,1,3,Fixation,,,,,,,,,,,,
SV023,L,98,3,3,1,1,3,Fixation,,,,,,,,,,,,
SV023,L,99,3,0,1,1,3,Fixation,,,,,,,,,,,,
SV023,L,100,3,0,1,1,3,Fixation,,,,,,,,,,,,
SV023,L,101,3,2,1,1,2,Fixation,,,,,,,,,,,,
SV023,L,102,3,2,1,0,2,Fixation,,,,,,,,,,,,
SV023,L,103,2,2,0,0,2,Fixation,,,,,,,,,,,,
SV023,L,104,2,0,1,1,2,Fixation,,,,,,,,,,,,
SV023,L,105,2,2,0,1,2,Fixation,,,,,,,,,,,,
SV023,L,106,2,2,1,0,2,Fixation,,,,,,,,,,,,
SV023,L,107,3,0,0,0,2,Fixation,,,,,,,,,,,,
SV023,L,108,3,2,0,0,2,Fixation,,,,,,,,,,,,
SV023,L,109,2,3,0,1,3,Fixation,,,,,,,,,,,,
SV023,L,110,3,2,1,1,2,Fixation,,,,,,,,,,,,
SV023,L,111,3,2,1,1,2,Fixation,,,,,,,,,,,,
SV023,L,112,2,2,0,0,2,Fixation,,,,,,,,,,,,
SV023,L,113,3,3,1,0,3,Fixation,,,,,,,,,,,,
SV023,L,114,2,0,0,1,3,Fixation,,,,,,,,,,,,
SV023,L,115,2,2,1,0,2,Fixation,,,,,,,,,,,,
SV023,L,116,3,0,0,1,2,Fixation,,,,,,,,,,,,
SV023,L,117,3,0,0,0,3,Fixation,,,,,,,,,,,,
SV023,L,118,3,3,0,1,3,Fixation,,,,,,,,,,,,
SV023,L,119,2,2,0,0,2,Fixation,,,,,,,,,,,,
SV023,L,120,3,0,0,1,3,Fixation,,,,,,,,,,,,
SV023,L,121,3,0,1,1,3,Fixation,,,,,,,,,,,,
SV023,L,122,2,2,1,0,2,Fixation,,,,,,,,,,,,
SV023,L,123,2,0,1,0,3,Fixation,,,,,,,,,,,,
SV023,L,124,3,0,1,0,3,Fixation,,,,,,,,,,,,
SV023,L,125,3,2,1,0,2,Fixation,,,,,,,,,,,,
SV023,L,126,2,0,1,1,2,Fixation,,,,,,,,,,,,
SV023,L,127,2,2,0,1,2,Fixation,,,,,,,,,,,,
SV023,L,128,2,3,0,0,3,Fixation,,,,,,,,,,,,
SV023,L,129,3,0,0,1,3,Fixation,,,,,,,,,,,,
SV023,L,130,2,2,1,1,2,Fixation,,,,,,,,,,,,
SV023,L,131,3,2,0,0,2,Fixation,,,,,,,,,,,,
SV023,L,132,2,3,0,1,3,Fixation,,,,,,,,,,,,
SV023,L,133,2,3,1,1,3,Fixation,,,,,,,,,,,,
SV023,L,134,3,2,1,1,2,Fixation,,,,,,,,,,,,
SV023,L,135,3,0,1,1,2,Fixation,,,,,,,,,,,,
SV023,L,136,2,2,0,0,2,Fixation,,,,,,,,,,,,
SV023,L,137,2,0,1,1,2,Fixation,,,,,,,,,,,,
SV023,L,138,3,3,0,0,3,Fixation,,,,,,,,,,,,
SV023,L,139,2,3,1,0,3,Fixation,,,,,,,,,,,,
SV023,L,140,2,2,0,1,2,Fixation,,,,,,,,,,,,
SV023,L,141,2,2,0,1,2,Fixation,,,,,,,,,,,,
SV023,L,142,3,2,0,1,2,Fixation,,,,,,,,,,,,
SV023,L,143,3,0,0,1,2,Fixation,,,,,,,,,,,,
SV023,L,144,2,0,0,0,2,Fixation,,,,,,,,,,,,
SV023,L,145,2,3,1,0,3,Fixation,,,,,,,,,,,,
SV023,L,146,3,2,0,1,2,Fixation,,,,,,,,,,,,
SV023,L,147,2,3,1,0,3,Fixation,,,,,,,,,,,,
SV023,L,148,2,3,1,0,3,Fixation,,,,,,,,,,,,
SV023,L,149,3,0,0,1,3,Fixation,,,,,,,,,,,,
SV023,L,150,3,3,0,1,3,Fixation,,,,,,,,,,,,
SV023,L,151,2,0,0,0,3,Fixation,,,,,,,,,,,,
SV023,L,152,2,3,1,0,3,Fixation,,,,,,,,,,,,
SV023,L,153,3,2,0,0,2,Fixation,,,,,,,,,,,,
SV023,L,154,2,3,1,0,3,Fixation,,,,,,,,,,,,
SV023,L,155,2,0,1,0,1,Fixation,,,,,,,,,,,,
SV023,L,156,3,0,1,0,3,Fixation,,,,,,,,,,,,
SV023,L,157,2,2,1,1,2,Fixation,,,,,,,,,,,,
SV023,L,158,3,3,0,0,3,Fixation,,,,,,,,,,,,
SV023,L,159,3,3,0,1,3,Fixation,,,,,,,,,,,,
SV023,L,160,3,2,0,1,2,Fixation,,,,,,,,,,,,
SV023,L,161,2,0,0,0,2,Fixation,,,,,,,,,,,,
SV023,L,162,3,0,1,0,2,Fixation,,,,,,,,,,,,
SV023,L,163,2,2,1,1,2,Fixation,,,,,,,,,,,,
SV023,L,164,3,3,1,1,3,Fixation,,,,,,,,,,,,
SV023,L,165,2,2,0,1,2,Fixation,,,,,,,,,,,,
SV023,L,166,3,2,0,1,2,Fixation,,,,,,,,,,,,
SV023,L,167,2,0,1,0,3,Fixation,,,,,,,,,,,,
SV023,L,168,3,2,0,0,2,Fixation,,,,,,,,,,,,
SV023,L,169,3,2,0,1,2,Fixation,,,,,,,,,,,,
SV023,L,170,3,0,1,1,2,Fixation,,,,,,,,,,,,
SV023,L,171,2,3,1,1,3,Fixation,,,,,,,,,,,,
SV023,L,172,2,3,1,0,3,Fixation,,,,,,,,,,,,
SV023,L,173,3,0,0,0,3,Fixation,,,,,,,,,,,,
SV023,L,174,3,3,1,1,3,Fixation,,,,,,,,,,,,
SV023,L,175,2,0,0,0,3,Fixation,,,,,,,,,,,,
SV023,L,176,2,0,1,1,3,Fixation,,,,,,,,,,,,
SV023,L,177,3,0,1,0,3,Fixation,,,,,,,,,,,,
SV023,L,178,2,3,0,1,3,Fixation,,,,,,,,,,,,
SV023,L,179,3,3,1,0,3,Fixation,,,,,,,,,,,,
SV023,L,180,2,3,0,0,3,Fixation,,,,,,,,,,,,
SV023,L,181,3,0,1,0,3,Fixation,,,,,,,,,,,,
SV023,L,182,3,3,1,1,3,Fixation,,,,,,,,,,,,
SV023,L,183,2,0,1,1,3,Fixation,,,,,,,,,,,,
SV023,L,184,3,2,0,1,2,Fixation,,,,,,,,,,,,
SV023,L,185,3,2,1,0,2,Fixation,,,,,,,,,,,,
SV023,L,186,2,0,0,1,2,Fixation,,,,,,,,,,,,
SV023,L,187,2,0,1,1,3,Fixation,,,,,,,,,,,,
SV023,L,188,3,2,1,1,2,Fixation,,,,,,,,,,,,
SV023,L,189,3,3,0,1,3,Fixation,,,,,,,,,,,,
SV023,L,190,2,3,1,1,3,Fixation,,,,,,,,,,,,
SV023,L,191,3,3,1,0,3,Fixation,,,,,,,,,,,,
SV023,L,192,3,0,0,0,3,Fixation,,,,,,,,,,,,
SV023,L,193,2,0,1,1,3,Fixation,,,,,,,,,,,,
SV023,L,194,3,0,0,1,3,Fixation,,,,,,,,,,,,
SV023,L,195,3,2,1,0,3,Fixation,,,,,,,,,,,,
SV023,L,196,2,3,1,1,3,Fixation,,,,,,,,,,,,
SV023,L,197,2,0,1,1,3,Fixation,,,,,,,,,,,,
SV023,L,198,2,2,0,1,2,Fixation,,,,,,,,,,,,
SV023,L,199,3,3,1,0,2,Fixation,,,,,,,,,,,,
SV023,L,200,2,3,0,0,3,Fixation,,,,,,,,,,,,
SV023,L,201,2,3,0,1,3,Fixation,,,,,,,,,,,,
SV023,L,202,2,0,1,0,3,Fixation,,,,,,,,,,,,
SV023,L,203,2,3,1,1,3,Fixation,,,,,,,,,,,,
SV023,L,204,3,0,0,1,3,Fixation,,,,,,,,,,,,
SV023,L,205,3,0,1,1,3,Fixation,,,,,,,,,,,,
SV023,L,206,3,0,0,1,3,Fixation,,,,,,,,,,,,
SV023,L,207,2,2,0,0,2,Fixation,,,,,,,,,,,,
SV023,L,208,2,0,0,1,2,Fixation,,,,,,,,,,,,
SV023,L,209,2,0,1,0,2,Fixation,,,,,,,,,,,,
SV023,L,210,2,0,0,0,3,Fixation,,,,,,,,,,,,
SV023,L,211,3,3,0,0,3,Fixation,,,,,,,,,,,,
SV023,L,212,3,0,0,0,3,Fixation,,,,,,,,,,,,
SV023,L,213,2,0,1,0,3,Fixation,,,,,,,,,,,,
SV023,L,214,3,2,1,0,2,Fixation,,,,,,,,,,,,
SV023,L,215,2,3,0,1,3,Fixation,,,,,,,,,,,,
SV023,L,216,3,3,1,0,3,Fixation,,,,,,,,,,,,
SV023,L,217,3,2,1,0,2,Fixation,,,,,,,,,,,,
SV023,L,218,3,0,0,0,2,Fixation,,,,,,,,,,,,
SV023,L,219,3,3,0,0,3,Fixation,,,,,,,,,,,,
SV023,L,220,3,2,0,1,2,Fixation,,,,,,,,,,,,
SV023,L,221,2,3,1,0,3,Fixation,,,,,,,,,,,,
SV023,L,222,3,2,1,1,2,Fixation,,,,,,,,,,,,
SV023,L,223,3,2,1,0,2,Fixation,,,,,,,,,,,,
SV023,L,224,3,0,1,0,3,Fixation,,,,,,,,,,,,
SV023,L,225,2,0,0,1,3,Fixation,,,,,,,,,,,,
SV023,L,226,3,3,0,1,3,Fixation,,,,,,,,,,,,
SV023,L,227,3,2,1,1,2,Fixation,,,,,,,,,,,,
SV023,L,228,2,2,1,0,2,Fixation,,,,,,,,,,,,
SV023,L,229,2,0,0,0,2,Fixation,,,,,,,,,,,,
SV023,L,230,2,0,0,1,2,Fixation,,,,,,,,,,,,
SV023,L,231,2,2,1,0,2,Fixation,,,,,,,,,,,,
SV023,L,232,3,3,0,0,2,Fixation,,,,,,,,,,,,
SV023,L,233,2,0,1,0,2,Fixation,,,,,,,,,,,,
SV023,L,234,3,3,0,0,3,Fixation,,,,,,,,,,,,
SV023,L,235,2,2,0,0,2,Fixation,,,,,,,,,,,,
SV023,L,236,2,0,1,0,2,Fixation,,,,,,,,,,,,
SV023,L,237,2,2,0,1,2,Fixation,,,,,,,,,,,,
SV023,L,238,2,2,1,1,2,Fixation,,,,,,,,,,,,
SV023,L,239,2,0,1,0,2,Fixation,,,,,,,,,,,,
SV023,L,240,2,2,1,0,2,Fixation,,,,,,,,,,,,
SV023,L,241,2,2,0,0,2,Fixation,,,,,,,,,,,,
SV023,L,242,3,2,0,0,2,Fixation,,,,,,,,,,,,
SV023,L,243,3,3,0,0,2,Fixation,,,,,,,,,,,,
SV023,L,244,3,2,1,0,2,Fixation,,,,,,,,,,,,
SV023,L,245,3,3,1,1,2,Fixation,,,,,,,,,,,,
SV023,L,246,2,0,0,1,2,Fixation,,,,,,,,,,,,
SV023,L,247,2,2,1,1,2,Fixation,,,,,,,,,,,,
SV023,L,248,2,3,1,1,2,Fixation,,,,,,,,,,,,
SV023,L,249,3,0,0,1,0,Fixation,,,,,,,,,,,,
SV023,L,250,2,2,1,1,2,Fixation,,,,,,,,,,,,
SV023,L,251,2,3,0,0,3,Fixation,,,,,,,,,,,,
SV023,L,252,2,3,0,0,3,Fixation,,,,,,,,,,,,
SV023,L,253,3,2,1,1,2,Fixation,,,,,,,,,,,,
SV023,L,254,2,3,1,1,3,Fixation,,,,,,,,,,,,
SV023,L,255,2,0,1,1,0,Fixation,,,,,,,,,,,,
SV023,L,256,3,3,1,0,3,Fixation,,,,,,,,,,,,
SV023,L,257,2,2,0,1,2,Fixation,,,,,,,,,,,,
SV023,L,258,3,3,0,0,3,Fixation,,,,,,,,,,,,
SV023,L,259,2,3,1,1,3,Fixation,,,,,,,,,,,,
SV023,L,260,2,2,1,1,2,Fixation,,,,,,,,,,,,
SV023,L,261,3,2,1,0,2,Fixation,,,,,,,,,,,,
SV023,L,262,3,2,0,1,2,Fixation,,,,,,,,,,,,
SV023,L,263,3,0,1,1,0,Fixation,,,,,,,,,,,,
SV023,L,264,3,2,1,1,2,Fixation,,,,,,,,,,,,
SV023,L,265,2,3,1,0,3,Fixation,,,,,,,,,,,,
SV023,L,266,2,3,1,1,3,Fixation,,,,,,,,,,,,
SV023,L,267,2,3,1,1,3,Fixation,,,,,,,,,,,,
SV023,L,268,2,0,0,0,0,Fixation,,,,,,,,,,,,
SV023,L,269,2,3,1,0,3,Fixation,,,,,,,,,,,,
SV023,L,270,2,0,1,0,0,Fixation,,,,,,,,,,,,
SV023,L,271,2,2,1,1,2,Fixation,,,,,,,,,,,,
SV023,L,272,2,2,0,1,2,Fixation,,,,,,,,,,,,
SV023,L,273,3,3,1,1,3,Fixation,,,,,,,,,,,,
SV023,L,274,2,0,0,1,0,Fixation,,,,,,,,,,,,
SV023,L,275,3,3,1,1,3,Fixation,,,,,,,,,,,,
SV023,L,276,2,2,0,0,2,Fixation,,,,,,,,,,,,
SV023,L,277,2,0,1,1,0,Fixation,,,,,,,,,,,,
SV023,L,278,3,2,1,0,2,Fixation,,,,,,,,,,,,
SV023,L,279,2,3,0,0,3,Fixation,,,,,,,,,,,,
SV023,L,280,3,3,0,1,3,Fixation,,,,,,,,,,,,
SV023,L,281,2,3,0,1,3,Fixation,,,,,,,,,,,,
SV023,L,282,2,0,0,0,0,Fixation,,,,,,,,,,,,
SV023,L,283,3,0,0,1,0,Fixation,,,,,,,,,,,,
SV023,L,284,3,0,1,0,0,Fixation,,,,,,,,,,,,
SV023,L,285,2,3,0,0,3,Fixation,,,,,,,,,,,,
SV023,L,286,3,2,0,0,2,Fixation,,,,,,,,,,,,
SV023,L,287,3,2,1,1,2,Fixation,,,,,,,,,,,,
SV023,L,288,3,2,1,0,2,Fixation,,,,,,,,,,,,
SV023,L,289,3,0,0,0,0,Fixation,,,,,,,,,,,,
SV023,L,290,3,2,1,1,2,Fixation,,,,,,,,,,,,
SV023,L,291,2,2,1,0,2,Fixation,,,,,,,,,,,,
SV023,L,292,3,0,1,0,0,Fixation,,,,,,,,,,,,
SV023,L,293,2,2,1,0,2,Fixation,,,,,,,,,,,,
SV023,L,294,2,3,0,0,3,Fixation,,,,,,,,,,,,
SV023,L,295,3,0,0,1,0,Fixation,,,,,,,,,,,,
SV023,L,296,3,0,1,0,0,Fixation,,,,,,,,,,,,
SV023,L,297,3,3,1,0,3,Fixation,,,,,,,,,,,,
SV023,L,298,2,2,1,0,2,Fixation,,,,,,,,,,,,
SV023,L,299,2,0,1,1,0,Fixation,,,,,,,,,,,,
SV023,L,300,2,2,1,1,2,Fixation,,,,,,,,,,,,
SV023,L,301,2,3,1,1,3,Fixation,,,,,,,,,,,,
SV023,L,302,3,2,0,1,2,Fixation,,,,,,,,,,,,
SV023,L,303,2,3,0,1,3,Fixation,,,,,,,,,,,,
SV023,L,304,3,2,0,0,2,Fixation,,,,,,,,,,,,
SV023,L,305,3,0,1,0,0,Fixation,,,,,,,,,,,,
SV023,L,306,2,2,0,1,2,Fixation,,,,,,,,,,,,
SV023,L,307,3,0,1,0,0,Fixation,,,,,,,,,,,,
SV023,L,308,2,2,0,1,2,Fixation,,,,,,,,,,,,
SV023,L,309,2,2,0,1,2,Fixation,,,,,,,,,,,,
SV023,L,310,2,3,1,0,3,Fixation,,,,,,,,,,,,
SV023,L,311,2,3,0,0,3,Fixation,,,,,,,,,,,,
SV023,L,312,2,3,0,0,3,Fixation,,,,,,,,,,,,
SV023,L,313,2,0,0,1,0,Fixation,,,,,,,,,,,,
SV023,L,314,2,0,0,0,3,Fixation,,,,,,,,,,,,
SV023,L,315,2,2,1,0,2,Fixation,,,,,,,,,,,,
SV023,L,316,2,0,1,0,0,Fixation,,,,,,,,,,,,
SV023,L,317,3,2,0,0,2,Fixation,,,,,,,,,,,,
SV023,L,318,2,3,0,1,3,Fixation,,,,,,,,,,,,
SV023,L,319,2,3,1,0,3,Fixation,,,,,,,,,,,,
SV023,L,320,3,3,0,1,3,Fixation,,,,,,,,,,,,
SV023,L,321,2,0,1,0,0,Fixation,,,,,,,,,,,,
SV023,L,322,3,3,0,1,3,Fixation,,,,,,,,,,,,
SV023,L,323,3,2,0,1,2,Fixation,,,,,,,,,,,,
SV023,L,324,2,3,0,1,3,Fixation,,,,,,,,,,,,
SV023,L,325,3,0,1,1,0,Fixation,,,,,,,,,,,,
SV023,L,326,2,0,1,1,0,Fixation,,,,,,,,,,,,
SV023,L,327,2,3,0,0,3,Fixation,,,,,,,,,,,,
SV023,L,328,3,2,0,1,2,Fixation,,,,,,,,,,,,
SV023,L,329,3,3,1,1,3,Fixation,,,,,,,,,,,,
SV023,L,330,3,3,1,1,3,Fixation,,,,,,,,,,,,
SV023,L,331,3,2,1,0,2,Fixation,,,,,,,,,,,,
SV023,L,332,3,3,0,1,3,Fixation,,,,,,,,,,,,
SV023,L,333,3,0,0,0,0,Fixation,,,,,,,,,,,,
SV023,L,334,3,0,1,1,0,Fixation,,,,,,,,,,,,
SV023,L,335,2,2,1,0,2,Fixation,,,,,,,,,,,,
SV023,L,336,3,2,0,1,2,Fixation,,,,,,,,,,,,
SV023,L,337,2,0,1,0,0,Fixation,,,,,,,,,,,,
SV023,L,338,3,0,1,0,0,Fixation,,,,,,,,,,,,
SV023,L,339,2,2,0,0,2,Fixation,,,,,,,,,,,,
SV023,L,340,2,3,0,1,3,Fixation,,,,,,,,,,,,
SV023,L,341,3,0,0,1,0,Fixation,,,,,,,,,,,,
SV023,L,342,2,2,0,0,2,Fixation,,,,,,,,,,,,
SV023,L,343,3,0,0,1,0,Fixation,,,,,,,,,,,,
SV023,L,344,2,3,1,0,3,Fixation,,,,,,,,,,,,
SV023,L,345,3,2,1,0,2,Fixation,,,,,,,,,,,,
SV023,L,346,3,3,0,0,3,Fixation,,,,,,,,,,,,
SV023,L,347,2,0,0,1,0,Fixation,,,,,,,,,,,,
SV023,L,348,3,2,1,0,2,Fixation,,,,,,,,,,,,
SV023,L,349,3,3,1,0,3,Fixation,,,,,,,,,,,,
SV023,L,350,3,2,0,1,2,Fixation,,,,,,,,,,,,
SV023,L,351,3,3,0,1,3,Fixation,,,,,,,,,,,,
SV023,L,352,3,3,0,1,3,Fixation,,,,,,,,,,,,
SV023,L,353,3,3,1,0,3,Fixation,,,,,,,,,,,,
SV023,L,354,2,2,0,1,2,Fixation,,,,,,,,,,,,
SV023,L,355,3,3,0,1,3,Fixation,,,,,,,,,,,,
SV023,L,356,2,3,0,0,3,Fixation,,,,,,,,,,,,
SV023,L,357,2,2,1,0,2,Fixation,,,,,,,,,,,,
SV023,L,358,2,2,1,0,2,Fixation,,,,,,,,,,,,
SV023,L,359,3,2,0,0,2,Fixation,,,,,,,,,,,,
SV023,L,360,2,0,0,0,0,Fixation,,,,,,,,,,,,
SV023,L,361,2,3,1,0,3,Fixation,,,,,,,,,,,,
SV023,L,362,3,2,1,1,2,Fixation,,,,,,,,,,,,
SV023,L,363,3,2,1,1,2,Fixation,,,,,,,,,,,,
SV023,L,364,2,2,1,0,2,Fixation,,,,,,,,,,,,
SV023,L,365,2,2,0,1,2,Fixation,,,,,,,,,,,,
SV023,L,366,2,0,0,0,0,Fixation,,,,,,,,,,,,
SV023,L,367,3,2,1,0,2,Fixation,,,,,,,,,,,,
SV023,L,368,3,0,0,0,0,Fixation,,,,,,,,,,,,
SV023,L,369,3,2,1,1,2,Fixation,,,,,,,,,,,,
SV023,L,370,2,0,1,1,0,Fixation,,,,,,,,,,,,
SV023,L,371,2,3,0,1,3,Fixation,,,,,,,,,,,,
SV023,L,372,3,0,0,0,0,Fixation,,,,,,,,,,,,
SV023,L,373,3,3,1,0,3,Fixation,,,,,,,,,,,,
SV023,L,374,3,3,1,1,3,Fixation,,,,,,,,,,,,
SV023,L,375,2,0,0,0,0,Fixation,,,,,,,,,,,,
SV023,L,376,3,3,0,1,3,Fixation,,,,,,,,,,,,
SV023,L,377,2,3,0,1,3,Fixation,,,,,,,,,,,,
SV023,L,378,3,2,0,1,2,Fixation,,,,,,,,,,,,
SV023,L,379,3,2,0,0,2,Fixation,,,,,,,,,,,,
SV023,L,380,2,0,0,0,0,Fixation,,,,,,,,,,,,
SV023,L,381,2,0,1,1,0,Fixation,,,,,,,,,,,,
SV023,L,382,2,0,1,1,0,Fixation,,,,,,,,,,,,
SV023,L,383,3,0,1,0,0,Fixation,,,,,,,,,,,,
SV023,L,384,3,0,0,0,0,Fixation,,,,,,,,,,,,
SV023,L,385,2,0,1,0,0,Fixation,,,,,,,,,,,,
SV023,L,386,2,2,0,0,2,Fixation,,,,,,,,,,,,
SV023,L,387,2,0,1,1,0,Fixation,,,,,,,,,,,,
SV023,L,388,2,3,1,0,3,Fixation,,,,,,,,,,,,
SV023,L,389,2,2,0,0,2,Fixation,,,,,,,,,,,,
SV023,L,390,3,0,1,1,0,Fixation,,,,,,,,,,,,
SV023,L,391,3,2,1,0,2,Fixation,,,,,,,,,,,,
SV023,L,392,3,0,0,0,0,Fixation,,,,,,,,,,,,
SV023,L,393,2,0,1,1,0,Fixation,,,,,,,,,,,,
SV023,L,394,2,3,1,0,3,Fixation,,,,,,,,,,,,
SV023,L,395,3,2,1,1,2,Fixation,,,,,,,,,,,,
SV023,L,396,2,0,0,1,0,Fixation,,,,,,,,,,,,
SV023,L,397,2,3,1,0,3,Fixation,,,,,,,,,,,,
SV023,L,398,2,0,1,0,0,Fixation,,,,,,,,,,,,
SV023,L,399,2,3,0,1,3,Fixation,,,,,,,,,,,,
SV023,L,400,2,0,0,1,0,Fixation,,,,,,,,,,,,
SV023,L,401,3,3,0,0,3,Fixation,,,,,,,,,,,,
SV023,L,402,3,0,1,0,3,Fixation,,,,,,,,,,,,
SV023,L,403,3,2,0,1,2,Fixation,,,,,,,,,,,,
SV023,L,404,2,3,1,1,3,Fixation,,,,,,,,,,,,
SV023,L,405,3,3,1,1,3,Fixation,,,,,,,,,,,,
SV023,L,406,2,2,1,0,2,Fixation,,,,,,,,,,,,
SV023,L,407,2,0,0,0,0,Fixation,,,,,,,,,,,,
SV023,L,408,3,3,0,0,3,Fixation,,,,,,,,,,,,
SV023,L,409,2,2,1,1,2,Fixation,,,,,,,,,,,,
SV023,L,410,2,2,1,1,2,Fixation,,,,,,,,,,,,
SV023,L,411,3,3,0,1,3,Fixation,,,,,,,,,,,,
SV023,L,412,3,3,1,0,3,Fixation,,,,,,,,,,,,
SV023,L,413,3,3,0,0,3,Fixation,,,,,,,,,,,,
SV023,L,414,3,2,0,1,2,Fixation,,,,,,,,,,,,
SV023,L,415,2,2,0,1,2,Fixation,,,,,,,,,,,,
SV023,L,416,3,3,0,0,3,Fixation,,,,,,,,,,,,
SV023,L,417,2,3,1,1,3,Fixation,,,,,,,,,,,,
SV023,L,418,3,0,0,1,3,Fixation,,,,,,,,,,,,
SV023,L,419,3,3,1,1,3,Fixation,,,,,,,,,,,,
SV023,L,420,3,2,0,0,2,Fixation,,,,,,,,,,,,
SV023,L,421,3,0,1,1,0,Fixation,,,,,,,,,,,,
SV023,L,422,3,0,1,0,3,Fixation,,,,,,,,,,,,
SV023,L,423,3,2,0,1,2,Fixation,,,,,,,,,,,,
SV023,L,424,2,3,0,1,3,Fixation,,,,,,,,,,,,
SV023,L,425,2,2,0,1,2,Fixation,,,,,,,,,,,,
SV023,L,426,3,0,0,0,0,Fixation,,,,,,,,,,,,
SV023,L,427,3,2,1,1,2,Fixation,,,,,,,,,,,,
SV023,L,428,3,0,1,0,0,Fixation,,,,,,,,,,,,
SV023,L,429,3,3,1,0,3,Fixation,,,,,,,,,,,,
SV023,L,430,3,0,0,0,0,Fixation,,,,,,,,,,,,
SV023,L,431,2,2,1,1,2,Fixation,,,,,,,,,,,,
SV023,L,432,2,0,1,0,0,Fixation,,,,,,,,,,,,
SV023,L,433,2,3,1,1,3,Fixation,,,,,,,,,,,,
SV023,L,434,2,0,1,0,0,Fixation,,,,,,,,,,,,
SV023,L,435,2,0,0,0,0,Fixation,,,,,,,,,,,,
SV023,L,436,2,2,0,0,2,Fixation,,,,,,,,,,,,
SV023,L,437,3,3,1,1,3,Fixation,,,,,,,,,,,,
SV023,L,438,3,0,0,0,0,Fixation,,,,,,,,,,,,
SV023,L,439,3,0,1,1,0,Fixation,,,,,,,,,,,,
SV023,L,440,3,0,1,1,0,Fixation,,,,,,,,,,,,
SV023,L,441,2,3,1,1,3,Fixation,,,,,,,,,,,,
SV023,L,442,3,0,1,1,0,Fixation,,,,,,,,,,,,
SV023,L,443,2,3,0,0,3,Fixation,,,,,,,,,,,,
SV023,L,444,2,3,1,0,3,Fixation,,,,,,,,,,,,
SV023,L,445,3,2,1,1,2,Fixation,,,,,,,,,,,,
SV023,L,446,3,0,0,0,0,Fixation,,,,,,,,,,,,
SV023,L,447,2,2,1,1,2,Fixation,,,,,,,,,,,,
SV023,L,448,3,3,1,0,3,Fixation,,,,,,,,,,,,
SV023,L,449,3,0,0,1,0,Fixation,,,,,,,,,,,,
SV023,L,450,3,3,1,1,3,Fixation,,,,,,,,,,,,
SV023,L,451,3,2,0,0,2,Fixation,,,,,,,,,,,,
SV023,L,452,3,3,1,0,3,Fixation,,,,,,,,,,,,
SV023,L,453,2,0,1,1,0,Fixation,,,,,,,,,,,,
SV023,L,454,3,3,1,0,3,Fixation,,,,,,,,,,,,
SV023,L,455,2,2,0,0,2,Fixation,,,,,,,,,,,,
SV023,L,456,3,0,0,1,0,Fixation,,,,,,,,,,,,
SV023,L,457,3,0,1,1,0,Fixation,,,,,,,,,,,,
SV023,L,458,3,2,0,0,2,Fixation,,,,,,,,,,,,
SV023,L,459,3,3,0,0,3,Fixation,,,,,,,,,,,,
SV023,L,460,3,0,0,1,0,Fixation,,,,,,,,,,,,
SV023,L,461,3,0,1,1,0,Fixation,,,,,,,,,,,,
SV023,L,462,2,0,0,1,0,Fixation,,,,,,,,,,,,
SV023,L,463,3,2,0,0,2,Fixation,,,,,,,,,,,,
SV023,L,464,3,3,0,1,3,Fixation,,,,,,,,,,,,
SV023,L,465,2,0,0,0,0,Fixation,,,,,,,,,,,,
SV023,L,466,3,3,0,0,3,Fixation,,,,,,,,,,,,
SV023,L,467,2,2,1,0,2,Fixation,,,,,,,,,,,,
SV023,L,468,2,2,0,0,2,Fixation,,,,,,,,,,,,
SV023,L,469,2,0,1,0,0,Fixation,,,,,,,,,,,,
SV023,L,470,2,0,0,1,0,Fixation,,,,,,,,,,,,
SV023,L,471,3,2,1,0,2,Fixation,,,,,,,,,,,,
SV023,L,472,2,2,1,1,2,Fixation,,,,,,,,,,,,
SV023,L,473,2,0,0,1,0,Fixation,,,,,,,,,,,,
SV023,L,474,3,3,0,0,3,Fixation,,,,,,,,,,,,
SV023,L,475,2,0,0,1,0,Fixation,,,,,,,,,,,,
SV023,L,476,2,2,0,1,2,Fixation,,,,,,,,,,,,
SV023,L,477,2,3,0,1,3,Fixation,,,,,,,,,,,,
SV023,L,478,2,0,1,0,0,Fixation,,,,,,,,,,,,
SV023,L,479,3,0,0,1,0,Fixation,,,,,,,,,,,,
SV023,L,480,2,2,0,0,2,Fixation,,,,,,,,,,,,
SV023,R,1,3,2,0,0,2,Fixation,,,,,,,,,,,,
SV023,R,2,2,2,0,1,2,Fixation,,,,,,,,,,,,
SV023,R,3,2,0,0,1,2,Fixation,,,,,,,,,,,,
SV023,R,4,2,3,0,1,3,Fixation,,,,,,,,,,,,
SV023,R,5,3,0,0,1,3,Fixation,,,,,,,,,,,,
SV023,R,6,2,3,0,0,3,Fixation,,,,,,,,,,,,
SV023,R,7,2,3,0,0,3,Fixation,,,,,,,,,,,,
SV023,R,8,3,0,1,1,3,Fixation,,,,,,,,,,,,
SV023,R,9,2,2,1,0,2,Fixation,,,,,,,,,,,,
SV023,R,10,2,2,0,0,2,Fixation,,,,,,,,,,,,
SV023,R,11,2,2,0,1,2,Fixation,,,,,,,,,,,,
SV023,R,12,2,0,1,0,2,Fixation,,,,,,,,,,,,
SV023,R,13,2,2,1,0,2,Fixation,,,,,,,,,,,,
SV023,R,14,3,2,1,0,2,Fixation,,,,,,,,,,,,
SV023,R,15,3,3,1,1,3,Fixation,,,,,,,,,,,,
SV023,R,16,3,2,0,1,2,Fixation,,,,,,,,,,,,
SV023,R,17,3,3,0,0,3,Fixation,,,,,,,,,,,,
SV023,R,18,2,2,1,1,2,Fixation,,,,,,,,,,,,
SV023,R,19,3,2,0,0,2,Fixation,,,,,,,,,,,,
SV023,R,20,3,3,0,0,3,Fixation,,,,,,,,,,,,
SV023,R,21,3,0,0,0,3,Fixation,,,,,,,,,,,,
SV023,R,22,3,2,1,0,2,Fixation,,,,,,,,,,,,
SV023,R,23,2,2,1,1,2,Fixation,,,,,,,,,,,,
SV023,R,24,2,3,1,0,2,Fixation,,,,,,,,,,,,
SV023,R,25,3,0,0,0,3,Fixation,,,,,,,,,,,,
SV023,R,26,2,0,1,1,3,Fixation,,,,,,,,,,,,
SV023,R,27,2,2,0,0,2,Fixation,,,,,,,,,,,,
SV023,R,28,2,3,0,1,3,Fixation,,,,,,,,,,,,
SV023,R,29,2,0,0,1,3,Fixation,,,,,,,,,,,,
SV023,R,30,2,0,0,0,3,Fixation,,,,,,,,,,,,
SV023,R,31,3,2,0,1,2,Fixation,,,,,,,,,,,,
SV023,R,32,2,0,0,0,3,Fixation,,,,,,,,,,,,
SV023,R,33,3,0,1,0,3,Fixation,,,,,,,,,,,,
SV023,R,34,3,2,1,0,2,Fixation,,,,,,,,,,,,
SV023,R,35,3,3,1,0,3,Fixation,,,,,,,,,,,,
SV023,R,36,3,2,1,0,2,Fixation,,,,,,,,,,,,
SV023,R,37,2,3,1,1,3,Fixation,,,,,,,,,,,,
SV023,R,38,2,0,1,0,3,Fixation,,,,,,,,,,,,
SV023,R,39,2,0,0,1,3,Fixation,,,,,,,,,,,,
SV023,R,40,3,2,0,1,2,Fixation,,,,,,,,,,,,
SV023,R,41,2,2,0,0,2,Fixation,,,,,,,,,,,,
SV023,R,42,3,3,1,1,3,Fixation,,,,,,,,,,,,
SV023,R,43,2,2,0,0,2,Fixation,,,,,,,,,,,,
SV023,R,44,3,0,1,1,3,Fixation,,,,,,,,,,,,
SV023,R,45,3,2,1,1,2,Fixation,,,,,,,,,,,,
SV023,R,46,3,0,1,0,3,Fixation,,,,,,,,,,,,
SV023,R,47,3,2,1,1,2,Fixation,,,,,,,,,,,,
SV023,R,48,2,2,0,0,2,Fixation,,,,,,,,,,,,
SV023,R,49,3,0,1,0,3,Fixation,,,,,,,,,,,,
SV023,R,50,3,3,0,0,3,Fixation,,,,,,,,,,,,
SV023,R,51,2,3,1,1,3,Fixation,,,,,,,,,,,,
SV023,R,52,2,2,0,1,2,Fixation,,,,,,,,,,,,
SV023,R,53,2,0,1,1,2,Fixation,,,,,,,,,,,,
SV023,R,54,3,3,0,0,3,Fixation,,,,,,,,,,,,
SV023,R,55,2,3,1,0,3,Fixation,,,,,,,,,,,,
SV023,R,56,2,2,0,1,2,Fixation,,,,,,,,,,,,
SV023,R,57,2,0,0,1,1,Fixation,,,,,,,,,,,,
SV023,R,58,3,0,1,0,3,Fixation,,,,,,,,,,,,
SV023,R,59,2,3,1,0,3,Fixation,,,,,,,,,,,,
SV023,R,60,3,3,1,0,3,Fixation,,,,,,,,,,,,
SV023,R,61,3,0,1,1,3,Fixation,,,,,,,,,,,,
SV023,R,62,3,3,1,1,3,Fixation,,,,,,,,,,,,
SV023,R,63,2,2,0,0,2,Fixation,,,,,,,,,,,,
SV023,R,64,3,2,0,0,2,Fixation,,,,,,,,,,,,
SV023,R,65,2,2,0,0,2,Fixation,,,,,,,,,,,,
SV023,R,66,2,3,1,1,3,Fixation,,,,,,,,,,,,
SV023,R,67,3,0,0,1,2,Fixation,,,,,,,,,,,,
SV023,R,68,2,2,1,0,2,Fixation,,,,,,,,,,,,
SV023,R,69,2,0,0,0,2,Fixation,,,,,,,,,,,,
SV023,R,70,3,2,0,0,2,Fixation,,,,,,,,,,,,
SV023,R,71,2,2,1,0,2,Fixation,,,,,,,,,,,,
SV023,R,72,2,2,1,0,2,Fixation,,,,,,,,,,,,
SV023,R,73,3,3,1,1,3,Fixation,,,,,,,,,,,,
SV023,R,74,3,0,0,0,2,Fixation,,,,,,,,,,,,
SV023,R,75,3,2,1,0,2,Fixation,,,,,,,,,,,,
SV023,R,76,2,3,0,0,3,Fixation,,,,,,,,,,,,
SV023,R,77,2,2,0,0,2,Fixation,,,,,,,,,,,,
SV023,R,78,2,0,0,0,3,Fixation,,,,,,,,,,,,
SV023,R,79,2,0,0,1,1,Fixation,,,,,,,,,,,,
SV023,R,80,3,2,0,0,2,Fixation,,,,,,,,,,,,
SV023,R,81,3,3,0,0,3,Fixation,,,,,,,,,,,,
SV023,R,82,3,0,0,1,3,Fixation,,,,,,,,,,,,
SV023,R,83,3,0,1,1,3,Fixation,,,,,,,,,,,,
SV023,R,84,3,3,1,1,3,Fixation,,,,,,,,,,,,
SV023,R,85,2,0,1,1,2,Fixation,,,,,,,,,,,,
SV023,R,86,2,3,0,0,3,Fixation,,,,,,,,,,,,
SV023,R,87,3,3,1,0,3,Fixation,,,,,,,,,,,,
SV023,R,88,3,0,0,1,3,Fixation,,,,,,,,,,,,
SV023,R,89,3,3,0,0,3,Fixation,,,,,,,,,,,,
SV023,R,90,3,3,1,0,3,Fixation,,,,,,,,,,,,
SV023,R,91,3,3,1,1,3,Fixation,,,,,,,,,,,,
SV023,R,92,3,2,0,0,2,Fixation,,,,,,,,,,,,
SV023,R,93,2,0,0,0,2,Fixation,,,,,,,,,,,,
SV023,R,94,2,3,0,1,2,Fixation,,,,,,,,,,,,
SV023,R,95,3,2,1,1,2,Fixation,,,,,,,,,,,,
SV023,R,96,2,3,0,1,2,Fixation,,,,,,,,,,,,
SV023,R,97,2,0,0,1,1,Fixation,,,,,,,,,,,,
SV023,R,98,2,2,1,1,2,Fixation,,,,,,,,,,,,
SV023,R,99,3,3,0,1,1,Fixation,,,,,,,,,,,,
SV023,R,100,3,0,1,1,2,Fixation,,,,,,,,,,,,
SV023,R,101,2,2,1,0,2,Fixation,,,,,,,,,,,,
SV023,R,102,2,0,1,1,3,Fixation,,,,,,,,,,,,
SV023,R,103,2,2,1,1,2,Fixation,,,,,,,,,,,,
SV023,R,104,3,3,1,0,3,Fixation,,,,,,,,,,,,
SV023,R,105,3,2,0,1,2,Fixation,,,,,,,,,,,,
SV023,R,106,2,3,1,1,3,Fixation,,,,,,,,,,,,
SV023,R,107,2,0,1,1,3,Fixation,,,,,,,,,,,,
SV023,R,108,2,0,1,1,3,Fixation,,,,,,,,,,,,
SV023,R,109,3,2,1,0,2,Fixation,,,,,,,,,,,,
SV023,R,110,3,3,0,1,3,Fixation,,,,,,,,,,,,
SV023,R,111,3,2,1,1,2,Fixation,,,,,,,,,,,,
SV023,R,112,2,3,1,1,3,Fixation,,,,,,,,,,,,
SV023,R,113,3,3,1,0,3,Fixation,,,,,,,,,,,,
SV023,R,114,3,0,1,1,3,Fixation,,,,,,,,,,,,
SV023,R,115,3,2,0,1,2,Fixation,,,,,,,,,,,,
SV023,R,116,3,2,0,0,2,Fixation,,,,,,,,,,,,
SV023,R,117,2,2,0,1,2,Fixation,,,,,,,,,,,,
SV023,R,118,2,2,1,1,2,Fixation,,,,,,,,,,,,
SV023,R,119,2,0,1,0,2,Fixation,,,,,,,,,,,,
SV023,R,120,2,0,0,0,2,Fixation,,,,,,,,,,,,
SV023,R,121,2,0,1,1,2,Fixation,,,,,,,,,,,,
SV023,R,122,3,0,1,0,3,Fixation,,,,,,,,,,,,
SV023,R,123,3,0,0,0,3,Fixation,,,,,,,,,,,,
SV023,R,124,3,2,0,1,2,Fixation,,,,,,,,,,,,
SV023,R,125,2,3,0,0,3,Fixation,,,,,,,,,,,,
SV023,R,126,3,0,0,0,3,Fixation,,,,,,,,,,,,
SV023,R,127,2,3,0,1,2,Fixation,,,,,,,,,,,,
SV023,R,128,3,0,0,0,3,Fixation,,,,,,,,,,,,
SV023,R,129,3,0,0,1,3,Fixation,,,,,,,,,,,,
SV023,R,130,3,2,1,0,2,Fixation,,,,,,,,,,,,
SV023,R,131,3,3,1,0,3,Fixation,,,,,,,,,,,,
SV023,R,132,2,3,1,0,3,Fixation,,,,,,,,,,,,
SV023,R,133,3,2,0,1,2,Fixation,,,,,,,,,,,,
SV023,R,134,3,0,1,1,3,Fixation,,,,,,,,,,,,
SV023,R,135,3,2,0,1,2,Fixation,,,,,,,,,,,,
SV023,R,136,2,0,1,0,2,Fixation,,,,,,,,,,,,
SV023,R,137,2,3,0,0,3,Fixation,,,,,,,,,,,,
SV023,R,138,2,3,0,1,1,Fixation,,,,,,,,,,,,
SV023,R,139,2,2,1,1,2,Fixation,,,,,,,,,,,,
SV023,R,140,2,3,0,1,2,Fixation,,,,,,,,,,,,
SV023,R,141,2,2,0,1,2,Fixation,,,,,,,,,,,,
SV023,R,142,3,0,0,0,3,Fixation,,,,,,,,,,,,
SV023,R,143,2,0,1,0,2,Fixation,,,,,,,,,,,,
SV023,R,144,3,2,1,0,2,Fixation,,,,,,,,,,,,
SV023,R,145,2,2,0,1,2,Fixation,,,,,,,,,,,,
SV023,R,146,3,0,1,1,1,Fixation,,,,,,,,,,,,
SV023,R,147,3,3,0,1,3,Fixation,,,,,,,,,,,,
SV023,R,148,2,2,0,1,2,Fixation,,,,,,,,,,,,
SV023,R,149,3,2,1,1,2,Fixation,,,,,,,,,,,,
SV023,R,150,2,0,0,1,1,Fixation,,,,,,,,,,,,
SV023,R,151,2,0,1,1,2,Fixation,,,,,,,,,,,,
SV023,R,152,2,3,0,0,3,Fixation,,,,,,,,,,,,
SV023,R,153,2,3,1,1,3,Fixation,,,,,,,,,,,,
SV023,R,154,3,3,0,1,3,Fixation,,,,,,,,,,,,
SV023,R,155,2,2,0,1,2,Fixation,,,,,,,,,,,,
SV023,R,156,2,0,1,0,2,Fixation,,,,,,,,,,,,
SV023,R,157,2,3,1,0,3,Fixation,,,,,,,,,,,,
SV023,R,158,3,3,0,1,3,Fixation,,,,,,,,,,,,
SV023,R,159,3,3,1,1,3,Fixation,,,,,,,,,,,,
SV023,R,160,2,0,0,1,1,Fixation,,,,,,,,,,,,
SV023,R,161,3,0,1,1,3,Fixation,,,,,,,,,,,,
SV023,R,162,3,2,1,1,2,Fixation,,,,,,,,,,,,
SV023,R,163,3,0,1,1,3,Fixation,,,,,,,,,,,,
SV023,R,164,2,3,0,0,3,Fixation,,,,,,,,,,,,
SV023,R,165,3,3,0,0,3,Fixation,,,,,,,,,,,,
SV023,R,166,2,3,1,1,3,Fixation,,,,,,,,,,,,
SV023,R,167,3,3,1,1,3,Fixation,,,,,,,,,,,,
SV023,R,168,3,0,1,0,3,Fixation,,,,,,,,,,,,
SV023,R,169,2,0,0,0,3,Fixation,,,,,,,,,,,,
SV023,R,170,2,0,0,1,3,Fixation,,,,,,,,,,,,
SV023,R,171,3,0,0,1,3,Fixation,,,,,,,,,,,,
SV023,R,172,3,0,0,0,3,Fixation,,,,,,,,,,,,
SV023,R,173,2,3,1,1,3,Fixation,,,,,,,,,,,,
SV023,R,174,2,3,1,0,3,Fixation,,,,,,,,,,,,
SV023,R,175,2,2,1,0,2,Fixation,,,,,,,,,,,,
SV023,R,176,2,3,0,0,3,Fixation,,,,,,,,,,,,
SV023,R,177,3,3,1,1,3,Fixation,,,,,,,,,,,,
SV023,R,178,3,3,1,1,3,Fixation,,,,,,,,,,,,
SV023,R,179,3,3,0,0,3,Fixation,,,,,,,,,,,,
SV023,R,180,2,3,0,0,3,Fixation,,,,,,,,,,,,
SV023,R,181,2,2,1,0,2,Fixation,,,,,,,,,,,,
SV023,R,182,2,3,1,0,3,Fixation,,,,,,,,,,,,
SV023,R,183,2,3,1,0,3,Fixation,,,,,,,,,,,,
SV023,R,184,2,3,0,1,2,Fixation,,,,,,,,,,,,
SV023,R,185,2,3,1,0,3,Fixation,,,,,,,,,,,,
SV023,R,186,3,2,0,0,2,Fixation,,,,,,,,,,,,
SV023,R,187,3,0,0,1,2,Fixation,,,,,,,,,,,,
SV023,R,188,3,3,0,1,3,Fixation,,,,,,,,,,,,
SV023,R,189,3,0,1,0,0,Fixation,,,,,,,,,,,,
SV023,R,190,3,3,0,0,3,Fixation,,,,,,,,,,,,
SV023,R,191,2,0,0,0,3,Fixation,,,,,,,,,,,,
SV023,R,192,3,3,1,0,3,Fixation,,,,,,,,,,,,
SV023,R,193,3,0,1,0,3,Fixation,,,,,,,,,,,,
SV023,R,194,2,3,1,0,3,Fixation,,,,,,,,,,,,
SV023,R,195,2,0,1,0,3,Fixation,,,,,,,,,,,,
SV023,R,196,3,2,1,0,2,Fixation,,,,,,,,,,,,
SV023,R,197,3,3,0,1,3,Fixation,,,,,,,,,,,,
SV023,R,198,3,2,1,0,2,Fixation,,,,,,,,,,,,
SV023,R,199,2,2,1,0,2,Fixation,,,,,,,,,,,,
SV023,R,200,2,2,0,0,2,Fixation,,,,,,,,,,,,
SV023,R,201,2,2,1,1,2,Fixation,,,,,,,,,,,,
SV023,R,202,2,2,1,1,2,Fixation,,,,,,,,,,,,
SV023,R,203,3,0,0,0,3,Fixation,,,,,,,,,,,,
SV023,R,204,3,0,1,0,3,Fixation,,,,,,,,,,,,
SV023,R,205,3,0,1,0,3,Fixation,,,,,,,,,,,,
SV023,R,206,2,0,1,1,3,Fixation,,,,,,,,,,,,
SV023,R,207,3,3,1,0,3,Fixation,,,,,,,,,,,,
SV023,R,208,2,3,1,1,3,Fixation,,,,,,,,,,,,
SV023,R,209,2,2,0,1,2,Fixation,,,,,,,,,,,,
SV023,R,210,2,3,0,1,2,Fixation,,,,,,,,,,,,
SV023,R,211,2,0,1,0,3,Fixation,,,,,,,,,,,,
SV023,R,212,2,3,1,1,3,Fixation,,,,,,,,,,,,
SV023,R,213,3,0,0,1,3,Fixation,,,,,,,,,,,,
SV023,R,214,3,2,0,0,2,Fixation,,,,,,,,,,,,
SV023,R,215,2,0,0,1,1,Fixation,,,,,,,,,,,,
SV023,R,216,3,3,0,0,3,Fixation,,,,,,,,,,,,
SV023,R,217,2,0,0,0,3,Fixation,,,,,,,,,,,,
SV023,R,218,3,2,0,0,2,Fixation,,,,,,,,,,,,
SV023,R,219,3,3,1,0,3,Fixation,,,,,,,,,,,,
SV023,R,220,2,2,0,0,2,Fixation,,,,,,,,,,,,
SV023,R,221,3,3,0,1,3,Fixation,,,,,,,,,,,,
SV023,R,222,3,3,0,1,2,Fixation,,,,,,,,,,,,
SV023,R,223,3,0,0,0,3,Fixation,,,,,,,,,,,,
SV023,R,224,2,2,1,1,2,Fixation,,,,,,,,,,,,
SV023,R,225,2,0,1,0,2,Fixation,,,,,,,,,,,,
SV023,R,226,3,2,1,1,2,Fixation,,,,,,,,,,,,
SV023,R,227,3,2,1,1,2,Fixation,,,,,,,,,,,,
SV023,R,228,2,0,1,1,1,Fixation,,,,,,,,,,,,
SV023,R,229,2,0,0,0,2,Fixation,,,,,,,,,,,,
SV023,R,230,2,3,0,1,3,Fixation,,,,,,,,,,,,
SV023,R,231,3,2,1,1,2,Fixation,,,,,,,,,,,,
SV023,R,232,3,2,0,1,2,Fixation,,,,,,,,,,,,
SV023,R,233,3,3,0,1,3,Fixation,,,,,,,,,,,,
SV023,R,234,2,0,1,0,2,Fixation,,,,,,,,,,,,
SV023,R,235,2,2,1,0,2,Fixation,,,,,,,,,,,,
SV023,R,236,3,0,0,1,2,Fixation,2463.2,2463.2,876.1,876.1,702.0,702.0,64.0,5.0,5.0,424.0,424.0,172.0
SV023,R,237,2,2,1,1,2,Fixation,,,,,,,,,,,,
SV023,R,238,3,2,0,1,2,Fixation,1938.4,1938.4,1032.9,1032.9,576.0,576.0,156.0,0.7,0.7,128.0,128.0,24.0
SV023,R,239,3,2,1,1,2,Fixation,,,,,,,,,,,,
SV023,R,240,3,0,0,1,2,Fixation,,,,,,,,,,,,
SV023,R,241,2,2,0,0,2,Fixation,,,,,,,,,,,,
SV023,R,242,2,3,0,0,3,Fixation,,,,,,,,,,,,
SV023,R,243,2,2,1,0,2,Fixation,,,,,,,,,,,,
SV023,R,244,2,0,0,0,0,Fixation,,,,,,,,0.9,0.9,169.0,169.0,44.0
SV023,R,245,2,2,0,0,2,Fixation,,,,,,,,,,,,
SV023,R,246,2,2,0,1,2,Fixation,,,,,,,,,,,,
SV023,R,247,2,3,1,1,2,Fixation,,,,,,,,,,,,
SV023,R,248,3,3,1,0,2,Fixation,,,,,,,,,,,,
SV023,R,249,2,2,0,0,2,Fixation,,,,,,,,,,,,
SV023,R,250,3,3,1,0,3,Fixation,,,,,,,,,,,,
SV023,R,251,3,3,0,1,3,Fixation,,,,,,,,,,,,
SV023,R,252,3,2,0,0,2,Fixation,,,,,,,,,,,,
SV023,R,253,2,2,1,1,2,Fixation,,,,,,,,,,,,
SV023,R,254,2,0,1,0,0,Fixation,,,,,,,,,,,,
SV023,R,255,3,2,0,0,2,Fixation,,,,,,,,,,,,
SV023,R,256,2,2,1,1,2,Fixation,,,,,,,,,,,,
SV023,R,257,3,3,0,0,3,Fixation,,,,,,,,,,,,
SV023,R,258,3,2,1,1,2,Fixation,,,,,,,,,,,,
SV023,R,259,3,2,1,1,2,Fixation,,,,,,,,,,,,
SV023,R,260,3,0,0,1,0,Fixation,,,,,,,,,,,,
SV023,R,261,2,0,0,1,0,Fixation,,,,,,,,,,,,
SV023,R,262,3,0,1,0,0,Fixation,,,,,,,,,,,,
SV023,R,263,3,0,0,0,0,Fixation,,,,,,,,,,,,
SV023,R,264,3,2,0,0,2,Fixation,,,,,,,,,,,,
SV023,R,265,2,3,0,1,3,Fixation,,,,,,,,,,,,
SV023,R,266,2,2,0,1,2,Fixation,,,,,,,,,,,,
SV023,R,267,3,2,0,1,2,Fixation,,,,,,,,,,,,
SV023,R,268,2,2,0,0,2,Fixation,,,,,,,,,,,,
SV023,R,269,2,2,1,1,2,Fixation,,,,,,,,,,,,
SV023,R,270,3,3,0,0,3,Fixation,,,,,,,,,,,,
SV023,R,271,2,0,1,1,0,Fixation,,,,,,,,,,,,
SV023,R,272,2,3,0,0,3,Fixation,,,,,,,,,,,,
SV023,R,273,2,0,1,1,0,Fixation,,,,,,,,,,,,
SV023,R,274,3,3,1,1,3,Fixation,,,,,,,,,,,,
SV023,R,275,2,0,1,1,0,Fixation,,,,,,,,,,,,
SV023,R,276,2,0,0,0,0,Fixation,,,,,,,,,,,,
SV023,R,277,3,2,0,0,2,Fixation,,,,,,,,,,,,
SV023,R,278,3,2,1,1,2,Fixation,,,,,,,,,,,,
SV023,R,279,2,2,0,0,2,Fixation,,,,,,,,,,,,
SV023,R,280,3,2,1,1,2,Fixation,,,,,,,,,,,,
SV023,R,281,2,0,0,0,0,Fixation,,,,,,,,,,,,
SV023,R,282,3,0,0,1,0,Fixation,,,,,,,,,,,,
SV023,R,283,2,2,0,1,2,Fixation,,,,,,,,,,,,
SV023,R,284,3,3,1,0,3,Fixation,,,,,,,,,,,,
SV023,R,285,2,0,1,0,0,Fixation,,,,,,,,,,,,
SV023,R,286,3,0,1,0,0,Fixation,,,,,,,,,,,,
SV023,R,287,2,3,1,0,3,Fixation,,,,,,,,,,,,
SV023,R,288,2,2,0,0,2,Fixation,,,,,,,,,,,,
SV023,R,289,2,0,0,1,0,Fixation,,,,,,,,,,,,
SV023,R,290,2,2,0,0,2,Fixation,,,,,,,,,,,,
SV023,R,291,3,2,0,0,2,Fixation,,,,,,,,,,,,
SV023,R,292,2,3,0,1,3,Fixation,,,,,,,,,,,,
SV023,R,293,2,2,0,0,2,Fixation,,,,,,,,,,,,
SV023,R,294,3,3,1,1,3,Fixation,,,,,,,,,,,,
SV023,R,295,3,2,0,1,2,Fixation,,,,,,,,,,,,
SV023,R,296,3,0,0,1,0,Fixation,,,,,,,,,,,,
SV023,R,297,3,3,1,0,3,Fixation,,,,,,,,,,,,
SV023,R,298,3,3,1,1,3,Fixation,,,,,,,,,,,,
SV023,R,299,3,0,1,0,0,Fixation,,,,,,,,,,,,
SV023,R,300,3,3,1,0,3,Fixation,,,,,,,,,,,,
SV023,R,301,3,2,0,1,2,Fixation,,,,,,,,,,,,
SV023,R,302,3,0,1,1,0,Fixation,,,,,,,,,,,,
SV023,R,303,2,3,0,1,3,Fixation,,,,,,,,,,,,
SV023,R,304,2,0,1,1,0,Fixation,,,,,,,,,,,,
SV023,R,305,2,2,1,0,2,Fixation,,,,,,,,,,,,
SV023,R,306,3,3,1,0,3,Fixation,,,,,,,,,,,,
SV023,R,307,3,2,0,0,2,Fixation,,,,,,,,,,,,
SV023,R,308,3,0,0,0,0,Fixation,,,,,,,,,,,,
SV023,R,309,3,2,0,1,2,Fixation,,,,,,,,,,,,
SV023,R,310,2,3,1,0,3,Fixation,,,,,,,,,,,,
SV023,R,311,2,2,1,1,2,Fixation,,,,,,,,,,,,
SV023,R,312,3,2,1,1,2,Fixation,,,,,,,,,,,,
SV023,R,313,2,0,1,1,0,Fixation,,,,,,,,,,,,
SV023,R,314,3,2,1,0,2,Fixation,,,,,,,,,,,,
SV023,R,315,3,3,1,1,3,Fixation,,,,,,,,,,,,
SV023,R,316,3,3,0,0,3,Fixation,,,,,,,,,,,,
SV023,R,317,2,3,1,0,3,Fixation,,,,,,,,,,,,
SV023,R,318,3,2,1,0,2,Fixation,,,,,,,,,,,,
SV023,R,319,3,0,1,1,0,Fixation,,,,,,,,,,,,
SV023,R,320,3,3,0,0,3,Fixation,,,,,,,,,,,,
SV023,R,321,3,0,1,1,0,Fixation,,,,,,,,,,,,
SV023,R,322,3,3,0,1,3,Fixation,,,,,,,,,,,,
SV023,R,323,3,2,1,0,2,Fixation,,,,,,,,,,,,
SV023,R,324,3,3,0,1,3,Fixation,,,,,,,,,,,,
SV023,R,325,2,0,0,1,0,Fixation,,,,,,,,,,,,
SV023,R,326,2,3,0,1,3,Fixation,,,,,,,,,,,,
SV023,R,327,3,3,0,0,3,Fixation,,,,,,,,,,,,
SV023,R,328,2,0,0,1,0,Fixation,,,,,,,,,,,,
SV023,R,329,2,3,0,0,3,Fixation,,,,,,,,,,,,
SV023,R,330,3,0,0,0,0,Fixation,,,,,,,,,,,,
SV023,R,331,2,3,0,0,3,Fixation,,,,,,,,,,,,
SV023,R,332,3,0,0,0,0,Fixation,,,,,,,,,,,,
SV023,R,333,2,2,1,0,2,Fixation,,,,,,,,,,,,
SV023,R,334,2,2,1,0,2,Fixation,,,,,,,,,,,,
SV023,R,335,3,0,1,1,0,Fixation,,,,,,,,,,,,
SV023,R,336,2,2,1,1,2,Fixation,,,,,,,,,,,,
SV023,R,337,2,0,1,0,0,Fixation,,,,,,,,,,,,
SV023,R,338,2,0,1,1,0,Fixation,,,,,,,,,,,,
SV023,R,339,3,3,1,0,3,Fixation,,,,,,,,,,,,
SV023,R,340,3,0,0,1,0,Fixation,,,,,,,,,,,,
SV023,R,341,2,3,1,1,3,Fixation,,,,,,,,,,,,
SV023,R,342,2,3,1,0,3,Fixation,,,,,,,,,,,,
SV023,R,343,3,3,1,1,3,Fixation,,,,,,,,,,,,
SV023,R,344,2,0,0,1,0,Fixation,,,,,,,,,,,,
SV023,R,345,2,0,0,0,0,Fixation,,,,,,,,,,,,
SV023,R,346,2,3,0,0,3,Fixation,,,,,,,,,,,,
SV023,R,347,2,3,0,1,3,Fixation,,,,,,,,,,,,
SV023,R,348,2,0,1,0,0,Fixation,,,,,,,,,,,,
SV023,R,349,2,2,0,1,2,Fixation,,,,,,,,,,,,
SV023,R,350,2,3,1,1,3,Fixation,,,,,,,,,,,,
SV023,R,351,3,3,0,0,3,Fixation,,,,,,,,,,,,
SV023,R,352,2,2,0,1,2,Fixation,,,,,,,,,,,,
SV023,R,353,2,2,1,0,2,Fixation,,,,,,,,,,,,
SV023,R,354,2,3,1,0,3,Fixation,,,,,,,,,,,,
SV023,R,355,2,2,1,0,2,Fixation,,,,,,,,,,,,
SV023,R,356,3,2,1,0,2,Fixation,,,,,,,,,,,,
SV023,R,357,3,3,0,0,3,Fixation,,,,,,,,,,,,
SV023,R,358,3,2,0,1,2,Fixation,,,,,,,,,,,,
SV023,R,359,3,0,0,1,0,Fixation,,,,,,,,,,,,
SV023,R,360,2,0,1,0,0,Fixation,,,,,,,,,,,,
SV023,R,361,2,0,1,1,0,Fixation,,,,,,,,,,,,
SV023,R,362,3,3,1,1,3,Fixation,,,,,,,,,,,,
SV023,R,363,3,0,1,0,0,Fixation,,,,,,,,,,,,
SV023,R,364,2,3,0,1,3,Fixation,,,,,,,,,,,,
SV023,R,365,2,2,1,0,2,Fixation,,,,,,,,,,,,
SV023,R,366,2,0,0,0,0,Fixation,,,,,,,,,,,,
SV023,R,367,2,2,0,0,2,Fixation,,,,,,,,,,,,
SV023,R,368,2,0,1,0,3,Fixation,,,,,,,,,,,,
SV023,R,369,3,2,1,0,2,Fixation,,,,,,,,,,,,
SV023,R,370,3,3,1,1,3,Fixation,,,,,,,,,,,,
SV023,R,371,2,3,1,1,3,Fixation,,,,,,,,,,,,
SV023,R,372,3,3,0,1,3,Fixation,,,,,,,,,,,,
SV023,R,373,2,0,1,1,0,Fixation,,,,,,,,,,,,
SV023,R,374,3,0,1,1,0,Fixation,,,,,,,,,,,,
SV023,R,375,2,3,0,1,3,Fixation,,,,,,,,,,,,
SV023,R,376,3,0,1,1,0,Fixation,,,,,,,,,,,,
SV023,R,377,2,3,0,0,3,Fixation,,,,,,,,,,,,
SV023,R,378,3,3,0,1,3,Fixation,,,,,,,,,,,,
SV023,R,379,2,0,0,0,0,Fixation,,,,,,,,,,,,
SV023,R,380,3,0,0,0,0,Fixation,,,,,,,,,,,,
SV023,R,381,3,2,1,0,2,Fixation,,,,,,,,,,,,
SV023,R,382,3,0,0,0,0,Fixation,,,,,,,,,,,,
SV023,R,383,3,3,0,1,3,Fixation,,,,,,,,,,,,
SV023,R,384,2,2,1,1,2,Fixation,,,,,,,,,,,,
SV023,R,385,2,2,0,0,2,Fixation,,,,,,,,,,,,
SV023,R,386,2,0,0,0,0,Fixation,,,,,,,,,,,,
SV023,R,387,3,2,1,1,2,Fixation,,,,,,,,,,,,
SV023,R,388,3,0,0,0,0,Fixation,,,,,,,,,,,,
SV023,R,389,3,0,1,1,0,Fixation,,,,,,,,,,,,
SV023,R,390,2,0,0,1,0,Fixation,,,,,,,,,,,,
SV023,R,391,2,3,1,1,3,Fixation,,,,,,,,,,,,
SV023,R,392,2,0,1,1,0,Fixation,,,,,,,,,,,,
SV023,R,393,3,2,0,1,2,Fixation,,,,,,,,,,,,
SV023,R,394,2,3,0,0,3,Fixation,,,,,,,,,,,,
SV023,R,395,2,2,1,1,2,Fixation,,,,,,,,,,,,
SV023,R,396,2,2,1,1,2,Fixation,,,,,,,,,,,,
SV023,R,397,3,2,1,0,2,Fixation,,,,,,,,,,,,
SV023,R,398,3,2,1,0,2,Fixation,,,,,,,,,,,,
SV023,R,399,3,3,1,1,3,Fixation,,,,,,,,,,,,
SV023,R,400,3,2,1,1,2,Fixation,,,,,,,,,,,,
SV023,R,401,2,3,0,0,3,Fixation,,,,,,,,,,,,
SV023,R,402,2,0,0,1,0,Fixation,,,,,,,,,,,,
SV023,R,403,3,0,1,0,0,Fixation,,,,,,,,,,,,
SV023,R,404,3,3,0,1,3,Fixation,,,,,,,,,,,,
SV023,R,405,3,0,0,0,0,Fixation,,,,,,,,,,,,
SV023,R,406,2,3,1,1,3,Fixation,,,,,,,,,,,,
SV023,R,407,3,0,1,0,0,Fixation,,,,,,,,,,,,
SV023,R,408,2,3,1,1,3,Fixation,,,,,,,,,,,,
SV023,R,409,2,2,1,1,2,Fixation,,,,,,,,,,,,
SV023,R,410,3,3,0,0,3,Fixation,,,,,,,,,,,,
SV023,R,411,2,0,1,0,0,Fixation,,,,,,,,,,,,
SV023,R,412,2,3,1,0,3,Fixation,,,,,,,,,,,,
SV023,R,413,3,0,1,0,0,Fixation,,,,,,,,,,,,
SV023,R,414,3,3,0,0,3,Fixation,,,,,,,,,,,,
SV023,R,415,3,2,1,1,2,Fixation,,,,,,,,,,,,
SV023,R,416,3,0,0,1,0,Fixation,,,,,,,,,,,,
SV023,R,417,2,3,1,1,3,Fixation,,,,,,,,,,,,
SV023,R,418,2,2,0,1,2,Fixation,,,,,,,,,,,,
SV023,R,419,3,3,1,0,3,Fixation,,,,,,,,,,,,
SV023,R,420,3,3,0,0,3,Fixation,,,,,,,,,,,,
SV023,R,421,2,2,0,1,2,Fixation,,,,,,,,,,,,
SV023,R,422,3,2,1,0,2,Fixation,,,,,,,,,,,,
SV023,R,423,2,0,0,1,0,Fixation,,,,,,,,,,,,
SV023,R,424,3,2,0,1,2,Fixation,,,,,,,,,,,,
SV023,R,425,3,3,1,0,3,Fixation,,,,,,,,,,,,
SV023,R,426,3,2,0,1,2,Fixation,,,,,,,,,,,,
SV023,R,427,3,0,1,1,0,Fixation,,,,,,,,,,,,
SV023,R,428,3,0,1,0,0,Fixation,,,,,,,,,,,,
SV023,R,429,3,2,1,0,2,Fixation,,,,,,,,,,,,
SV023,R,430,3,2,0,0,2,Fixation,,,,,,,,,,,,
SV023,R,431,3,0,1,1,0,Fixation,,,,,,,,,,,,
SV023,R,432,3,0,0,1,0,Fixation,,,,,,,,,,,,
SV023,R,433,2,0,0,0,0,Fixation,,,,,,,,,,,,
SV023,R,434,3,2,0,1,2,Fixation,,,,,,,,,,,,
SV023,R,435,2,2,0,1,2,Fixation,,,,,,,,,,,,
SV023,R,436,2,2,1,0,2,Fixation,,,,,,,,,,,,
SV023,R,437,2,2,1,0,2,Fixation,,,,,,,,,,,,
SV023,R,438,2,3,0,0,3,Fixation,,,,,,,,,,,,
SV023,R,439,2,2,0,1,2,Fixation,,,,,,,,,,,,
SV023,R,440,3,3,1,1,3,Fixation,,,,,,,,,,,,
SV023,R,441,3,0,0,0,0,Fixation,,,,,,,,,,,,
SV023,R,442,2,0,0,0,0,Fixation,,,,,,,,,,,,
SV023,R,443,2,0,0,1,0,Fixation,,,,,,,,,,,,
SV023,R,444,2,3,1,0,3,Fixation,,,,,,,,,,,,
SV023,R,445,2,0,1,1,3,Fixation,,,,,,,,,,,,
SV023,R,446,2,2,1,1,2,Fixation,,,,,,,,,,,,
SV023,R,447,2,2,0,1,2,Fixation,,,,,,,,,,,,
SV023,R,448,3,0,1,0,0,Fixation,,,,,,,,,,,,
SV023,R,449,2,3,1,1,3,Fixation,,,,,,,,,,,,
SV023,R,450,3,3,0,1,3,Fixation,,,,,,,,,,,,
SV023,R,451,3,0,0,1,0,Fixation,,,,,,,,,,,,
SV023,R,452,2,3,1,1,3,Fixation,,,,,,,,,,,,
SV023,R,453,3,2,1,1,2,Fixation,,,,,,,,,,,,
SV023,R,454,2,0,0,1,0,Fixation,,,,,,,,,,,,
SV023,R,455,3,3,1,1,3,Fixation,,,,,,,,,,,,
SV023,R,456,3,2,0,0,2,Fixation,,,,,,,,,,,,
SV023,R,457,3,3,0,1,3,Fixation,,,,,,,,,,,,
SV023,R,458,3,0,0,1,0,Fixation,,,,,,,,,,,,
SV023,R,459,3,2,0,1,2,Fixation,,,,,,,,,,,,
SV023,R,460,2,0,1,0,0,Fixation,,,,,,,,,,,,
SV023,R,461,2,3,1,0,3,Fixation,,,,,,,,,,,,
SV023,R,462,3,3,0,1,3,Fixation,,,,,,,,,,,,
SV023,R,463,3,0,0,1,0,Fixation,,,,,,,,,,,,
SV023,R,464,2,3,0,1,0,Fixation,,,,,,,,,,,,
SV023,R,465,3,3,1,0,3,Fixation,,,,,,,,,,,,
SV023,R,466,2,3,1,0,4,Fixation,,,,,,,,,,,,
SV023,R,467,2,3,0,0,4,Fixation,,,,,,,,,,,,
SV023,R,468,2,3,0,1,4,Fixation,,,,,,,,,,,,
SV023,R,469,2,0,0,0,0,Fixation,,,,,,,,,,,,
SV023,R,470,3,0,1,0,0,Fixation,,,,,,,,,,,,
SV023,R,471,3,2,1,1,2,Fixation,,,,,,,,,,,,
SV023,R,472,2,0,1,0,0,Fixation,,,,,,,,,,,,
SV023,R,473,3,2,0,0,2,Fixation,,,,,,,,,,,,
SV023,R,474,3,0,1,1,0,Fixation,,,,,,,,,,,,
SV023,R,475,2,2,1,0,2,Fixation,,,,,,,,,,,,
SV023,R,476,3,0,0,0,0,Fixation,,,,,,,,,,,,
SV023,R,477,2,3,1,0,3,Fixation,,,,,,,,,,,,
SV023,R,478,3,2,0,0,2,Fixation,,,,,,,,,,,,
SV023,R,479,2,0,1,0,0,Fixation,,,,,,,,,,,,
SV023,R,480,2,3,0,1,3,Fixation,,,,,,,,,,,,
SV023,L,1,3,2,0,1,2,Response,1437.3333333333333,2702.2,751.4703703703703,1381.4,602.2962962962963,761.0,518.6666666666666,4.421428571428572,12.9,204.28571428571428,1132.0,39.57142857142857
SV023,L,2,3,3,1,1,2,Response,1001.0666666666666,1180.1,1253.8999999999999,1292.0,599.0,795.0,956.0,0.675,1.1,63.25,79.0,15.0
SV023,L,3,2,3,0,0,3,Response,3035.73125,3078.8,1072.4875,1364.2,714.6875,847.0,1443.0,1.7,8.7,318.1764705882353,3138.0,32.470588235294116
SV023,L,4,3,0,1,1,1,Response,1376.5611111111111,2577.5,722.6333333333333,1262.4,452.8888888888889,611.0,403.55555555555554,4.473684210526316,15.6,269.2631578947368,2502.0,41.05263157894737
SV023,L,5,2,2,1,0,2,Response,2722.0,2965.5,1085.625,1101.7,625.5,786.0,1221.0,1.1199999999999999,1.9,683.2,3090.0,44.8
SV023,L,6,3,0,0,0,1,Response,2835.6400000000003,3050.2,1049.1599999999999,1126.8,652.6,781.0,1074.4,1.8333333333333333,5.7,239.5,909.0,39.333333333333336
SV023,L,7,2,0,0,0,1,Response,2990.35,3026.7,919.75,942.6,568.5,639.0,1522.0,4.6,8.7,149.5,239.0,32.0
SV023,L,8,3,2,1,1,2,Response,1014.2285714285715,1279.2,1214.8714285714286,1271.9,566.5714285714286,762.0,673.7142857142857,1.6125,7.5,87.625,225.0,19.5
SV023,L,9,3,2,0,1,2,Response,1084.92,1114.2,1062.72,1153.5,576.8,728.0,1256.0,2.3000000000000003,6.5,1169.8333333333333,3270.0,83.33333333333333
SV023,L,10,3,3,0,1,4,Response,1097.4555555555555,1127.0,1327.7444444444445,1582.2,666.1111111111111,825.0,1697.7777777777778,1.6800000000000002,4.8,302.1,1130.0,52.8
SV023,L,11,2,3,0,0,3,Response,2983.35,3046.2,912.5875000000001,1159.4,653.625,778.0,1262.0,1.1111111111111112,3.8,75.33333333333333,128.0,17.333333333333332
SV023,L,12,3,3,1,1,3,Response,937.2125,1257.2,1227.05,1265.7,589.625,821.0,623.0,0.8888888888888888,1.9,158.33333333333334,893.0,32.0
SV023,L,13,2,2,0,0,2,Response,3008.3500000000004,3034.3,1004.4499999999999,1036.1,572.5,588.0,2060.0,0.9,1.5,296.3333333333333,762.0,61.333333333333336
SV023,L,14,3,3,0,1,3,Response,1193.6285714285714,1978.4,1103.4714285714285,1225.5,630.1428571428571,718.0,804.5714285714286,1.6375,6.0,88.5,178.0,20.5
SV023,L,15,3,3,0,0,3,Response,2761.95,3018.0,964.8499999999999,1017.9,601.5,678.0,2322.0,2.733333333333333,4.3,111.66666666666667,139.0,28.0
SV023,L,16,3,2,1,0,2,Response,2901.2,2991.9,1086.7,1136.0,583.0,760.0,976.8,0.7666666666666667,1.3,222.0,968.0,52.0
SV023,L,17,3,2,0,1,2,Response,1067.7333333333333,1110.8,1289.6333333333334,1314.7,599.0,683.0,1674.6666666666667,2.4,6.8,96.0,170.0,26.0
SV023,L,18,2,2,0,1,2,Response,1088.575,1182.8,1254.9499999999998,1336.6,567.75,626.0,945.0,0.8400000000000001,1.4,222.6,857.0,52.0
SV023,L,19,2,2,0,1,2,Response,1065.1833333333334,1203.9,1191.1499999999999,1307.5,650.6666666666666,792.0,1052.0,1.5142857142857142,3.0,241.71428571428572,1155.0,46.857142857142854
SV023,L,20,3,3,0,1,3,Response,1084.1142857142856,1146.0,1161.1214285714286,1372.9,595.2142857142857,705.0,797.4285714285714,0.7428571428571429,1.2,499.64285714285717,3174.0,43.714285714285715
SV023,L,21,2,2,1,1,2,Response,758.15,803.3,1274.85,1290.4,405.0,447.0,672.0,1.4000000000000001,2.0,476.6666666666667,918.0,97.33333333333333
SV023,L,22,3,0,1,1,2,Response,1355.575,1644.7,1105.425,1178.4,596.25,714.0,835.0,2.2,6.7,221.0,784.0,58.4
SV023,L,23,2,0,1,0,2,Response,2933.92,3032.1,1094.14,1162.9,349.0,488.0,809.6,1.8833333333333335,7.0,88.33333333333333,151.0,22.666666666666668
SV023,L,24,2,0,0,0,2,Response,2973.2,3016.6,987.1,1045.7,590.0,616.0,2068.0,1.35,1.8,581.5,1083.0,94.0
SV023,L,25,2,0,0,0,2,Response,2880.4,3006.3,1082.8333333333333,1108.3,565.0,704.0,925.3333333333334,1.45,2.5,86.5,113.0,21.0
SV023,L,26,3,3,0,0,3,Response,2989.3,3042.9,1067.9499999999998,1101.3,682.0,695.0,444.0,3.233333333333333,8.7,121.33333333333333,248.0,24.0
SV023,L,27,3,2,0,0,2,Response,3004.2,3029.5,1167.45,1235.0,544.0,584.0,1688.0,5.6000000000000005,9.6,166.0,280.0,41.333333333333336
SV023,L,28,3,0,0,0,1,Response,2864.075,3097.8,1090.925,1094.8,557.75,644.0,312.0,1.1600000000000001,1.6,269.0,993.0,44.8
SV023,L,29,3,2,0,0,2,Response,3013.9166666666665,3044.5,1044.6833333333334,1251.3,604.5,699.0,1153.3333333333333,0.7833333333333333,1.2,234.33333333333334,1062.0,42.666666666666664
SV023,L,30,3,0,0,0,3,Response,2915.0333333333333,3029.2,1003.9,1039.2,624.6666666666666,694.0,1180.0,3.7,9.1,239.5,672.0,68.0
SV023,L,31,2,0,0,1,3,Response,1041.8999999999999,1097.2,1171.2666666666667,1328.6,617.3333333333334,734.0,676.0,1.8571428571428572,6.2,204.42857142857142,859.0,47.42857142857143
SV023,L,32,3,2,1,0,2,Response,2846.4666666666667,2991.8,1122.6666666666667,1166.6,467.0,660.0,577.3333333333334,1.3857142857142857,3.8,198.42857142857142,868.0,40.57142857142857
SV023,L,33,2,3,0,1,3,Response,1742.38,2934.8,552.4866666666666,1336.3,372.2,567.0,541.3333333333334,4.5875,14.9,179.5,673.0,45.25
SV023,L,34,3,2,1,1,2,Response,916.3,1010.7,1234.35,1264.4,449.5,523.0,1496.0,0.45,0.5,56.5,59.0,12.0
SV023,L,35,3,0,0,1,2,Response,1118.78,1154.3,1234.8200000000002,1578.4,511.8,646.0,1009.2,2.0727272727272728,7.6,649.3636363636364,3270.0,59.27272727272727
SV023,L,36,3,3,0,0,3,Response,3007.4,3007.4,1018.8,1018.8,550.0,550.0,4376.0,1.1,1.1,73.0,73.0,20.0
SV023,L,37,2,3,0,1,3,Response,1117.2333333333333,1150.5,1292.0333333333335,1565.9,583.1666666666666,647.0,1120.0,1.6500000000000001,3.9,586.1666666666666,3117.0,48.666666666666664
SV023,L,38,2,2,1,0,2,Response,3077.3857142857146,3193.1,1125.6857142857143,1156.8,437.85714285714283,552.0,697.1428571428571,2.8875,12.0,230.5,1041.0,42.0
SV023,L,39,3,3,1,1,3,Response,1216.24,1836.4,1205.65,1285.1,494.1,663.0,637.2,2.190909090909091,7.3,151.0909090909091,735.0,38.18181818181818
SV023,L,40,2,3,1,1,3,Response,1283.0571428571427,1713.7,1187.2,1278.9,499.14285714285717,617.0,821.1428571428571,1.4125,2.2,283.0,639.0,120.0
SV023,L,41,3,3,1,0,3,Response,2783.95,2995.8,1126.125,1153.1,468.0,557.0,1800.0,3.7400000000000007,9.9,179.0,273.0,48.8
SV023,L,42,3,3,0,1,3,Response,1117.0666666666666,1158.7,987.8000000000001,1000.9,576.0,726.0,1458.6666666666667,2.0,5.3,760.25,1044.0,162.0
SV023,L,43,3,3,1,1,3,Response,979.6,1328.4,1238.0125,1321.9,525.625,642.0,473.5,1.5125,5.1,397.0,2543.0,44.0
SV023,L,44,2,3,1,1,3,Response,1250.1444444444444,1543.0,1215.6333333333334,1290.0,626.7777777777778,728.0,881.3333333333334,1.3800000000000001,3.0,691.8,3141.0,61.2
SV023,L,45,3,3,1,0,3,Response,2702.983333333333,3184.1,1097.1833333333334,1143.2,632.8333333333334,712.0,841.3333333333334,2.2285714285714286,9.8,175.0,780.0,50.857142857142854
SV023,L,46,2,3,0,0,3,Response,2969.3,3087.8,985.25,1023.1,544.0,606.0,1598.0,5.433333333333334,9.0,172.66666666666666,223.0,37.333333333333336
SV023,L,47,2,3,0,0,3,Response,3039.65,3062.3,919.75,943.8,470.5,473.0,1188.0,3.3666666666666667,7.7,329.0,734.0,72.0
SV023,L,48,2,2,0,0,2,Response,3032.511111111111,3084.5,953.1666666666666,1093.5,485.3333333333333,609.0,604.0,1.6300000000000001,7.2,696.4,3270.0,89.2
SV023,L,49,2,0,0,1,3,Response,1375.8,1893.5,1037.8,1109.3,576.6666666666666,736.0,1012.0,3.85,6.7,413.75,1162.0,76.0
SV023,L,50,2,3,1,1,3,Response,1230.425,1568.0,1206.2749999999999,1303.5,580.0,659.0,773.6666666666666,1.4,3.5,146.92307692307693,847.0,36.0
SV023,L,51,2,3,1,0,1,Response,2900.266666666667,3270.0,1088.5111111111112,1119.4,521.3333333333334,717.0,568.4444444444445,1.1800000000000002,5.0,88.5,184.0,17.6
SV023,L,52,3,2,0,0,2,Response,2956.866666666667,3118.9,1087.3333333333333,1111.1,569.6666666666666,645.0,432.0,0.9333333333333332,1.6,71.66666666666667,86.0,17.333333333333332
SV023,L,53,2,3,0,1,3,Response,1124.06,1213.4,1134.4,1268.3,624.4,727.0,1082.4,1.9833333333333334,6.4,209.0,739.0,62.666666666666664
SV023,L,54,3,2,1,0,2,Response,3004.133333333333,3187.7,1071.4666666666665,1087.6,582.0,643.0,1097.3333333333333,1.2,2.3,84.0,110.0,19.0
SV023,L,55,2,3,0,0,3,Response,3061.55,3156.9,1044.6875,1223.3,559.5,679.0,713.0,1.7222222222222223,8.3,119.22222222222223,359.0,37.333333333333336
SV023,L,56,2,0,0,1,2,Response,1235.1833333333334,1892.5,1285.5,1429.0,632.6666666666666,730.0,675.3333333333334,2.8285714285714287,7.2,457.42857142857144,1074.0,106.28571428571429
SV023,L,57,3,3,1,0,3,Response,2982.816666666667,3194.2,1133.95,1155.5,536.6666666666666,650.0,919.3333333333334,2.585714285714286,9.8,118.71428571428571,247.0,24.571428571428573
SV023,L,58,2,0,0,0,3,Response,2941.433333333333,3064.6,1027.5,1086.1,582.0,680.0,1310.6666666666667,1.0999999999999999,1.9,303.0,720.0,77.33333333333333
SV023,L,59,3,2,0,0,2,Response,2900.4666666666667,3101.2,938.3333333333334,982.9,581.3333333333334,642.0,830.6666666666666,1.825,4.0,99.0,147.0,22.0
SV023,L,60,3,3,1,0,3,Response,2987.5222222222224,3192.3,1102.677777777778,1125.1,544.0,682.0,899.5555555555555,1.06,1.9,182.3,1052.0,32.4
SV023,L,61,2,0,1,1,2,Response,1060.3500000000001,1339.4,1245.3833333333334,1283.2,517.6666666666666,684.0,1022.6666666666666,1.0714285714285714,2.0,177.0,780.0,43.42857142857143
SV023,L,62,3,3,0,1,3,Response,1363.95,2044.8,1219.225,1373.7,588.75,655.0,1070.0,2.54,7.2,400.6,922.0,76.0
SV023,L,63,3,0,1,0,3,Response,3000.8,3163.7,1131.1200000000001,1146.9,545.0,618.0,868.0,3.4166666666666665,10.5,126.83333333333333,262.0,28.666666666666668
SV023,L,64,2,0,0,1,3,Response,1468.1714285714286,2018.7,1108.6285714285714,1201.4,555.7142857142857,640.0,1088.5714285714287,3.8857142857142857,6.8,278.7142857142857,1034.0,57.714285714285715
SV023,L,65,3,2,0,0,2,Response,2948.5,3078.9,947.5,995.1,382.5,409.0,1188.0,5.633333333333333,9.0,171.33333333333334,233.0,41.333333333333336
SV023,L,66,2,2,0,0,2,Response,2845.0,3092.0,1104.95,1282.1,558.25,608.0,807.0,3.28,9.5,362.8,1248.0,45.6
SV023,L,67,2,0,1,1,2,Response,1599.5666666666666,2085.2,1141.8666666666668,1170.4,532.3333333333334,582.0,1166.6666666666667,2.1,5.2,237.5,706.0,71.0
SV023,L,68,3,0,1,0,3,Response,2799.433333333333,2962.2,1106.3333333333333,1119.2,493.0,549.0,829.3333333333334,1.9,5.1,104.0,205.0,20.0
SV023,L,69,2,3,0,0,3,Response,2915.05,3075.0,1025.925,1098.1,569.75,673.0,873.0,2.84,8.8,98.8,174.0,30.4
SV023,L,70,3,2,0,0,2,Response,2834.9714285714285,3025.9,999.5,1107.5,565.5714285714286,688.0,433.7142857142857,1.9749999999999999,6.1,203.875,924.0,42.0
SV023,L,71,2,2,1,1,2,Response,1437.5166666666667,2027.2,1201.3333333333333,1289.7,539.5,649.0,576.0,1.3333333333333333,3.0,82.66666666666667,119.0,20.0
SV023,L,72,2,2,0,0,2,Response,2965.2,3123.5,970.5,994.3,480.75,575.0,735.0,1.9200000000000004,4.7,235.0,701.0,53.6
SV023,L,73,3,3,0,0,2,Response,,,,,,,,0.6,0.6,941.0,941.0,168.0
SV023,L,74,3,2,1,1,2,Response,1531.4499999999998,2013.6,1126.0500000000002,1211.7,462.5,481.0,436.0,2.8666666666666667,7.6,102.0,181.0,25.333333333333332
SV023,L,75,2,3,0,1,3,Response,1106.8333333333333,1121.8,1264.0,1395.9,512.3333333333334,544.0,805.3333333333334,3.2,7.3,185.75,396.0,54.0
SV023,L,76,3,0,1,0,3,Response,3055.6400000000003,3270.0,1107.2800000000002,1133.2,495.0,519.0,919.2,2.5833333333333335,10.2,275.8333333333333,1095.0,54.666666666666664
SV023,L,77,2,2,1,1,2,Response,1019.3,1294.5,1235.8200000000002,1301.2,529.2,692.0,586.4,1.5999999999999999,4.0,200.83333333333334,726.0,48.666666666666664
SV023,L,78,3,0,0,0,3,Response,3073.55,3092.2,1101.75,1246.3,511.5,582.0,1176.0,3.3666666666666667,8.4,141.66666666666666,297.0,26.666666666666668
SV023,L,79,3,0,1,1,3,Response,1040.175,1862.9,1223.1,1297.5,482.5,527.0,712.0,2.26,8.6,92.2,196.0,23.2
SV023,L,80,2,3,0,1,3,Response,1164.6,1164.6,1158.0,1158.0,433.0,433.0,3400.0,2.0,2.4,1679.5,3270.0,158.0
SV023,L,81,2,2,1,1,2,Response,1050.92,1288.5,1242.2,1299.0,452.6,558.0,742.4,2.1333333333333333,7.4,215.5,823.0,67.33333333333333
SV023,L,82,2,3,1,0,3,Response,2853.8,3270.0,1130.47,1176.4,416.9,617.0,644.8,1.481818181818182,6.7,144.8181818181818,668.0,33.81818181818182
SV023,L,83,2,2,1,1,2,Response,1145.6333333333334,1432.1,1224.8,1295.5,503.3333333333333,639.0,576.0,1.7285714285714284,4.0,186.71428571428572,704.0,53.714285714285715
SV023,L,84,2,2,1,0,2,Response,3049.275,3134.8,1113.275,1128.6,382.75,520.0,1208.0,4.08,10.4,238.6,610.0,60.8
SV023,L,85,2,2,1,0,2,Response,2948.9,2948.9,1146.6,1146.6,565.0,565.0,560.0,1.05,1.3,420.0,771.0,112.0
SV023,L,86,2,2,1,1,2,Response,1168.0666666666666,1312.0,1259.0333333333335,1292.4,483.6666666666667,523.0,665.3333333333334,1.225,3.3,75.5,124.0,19.0
SV023,L,87,3,3,1,1,3,Response,1259.84,1443.5,1215.6,1251.2,580.0,666.0,798.4,0.96,1.4,73.6,96.0,17.6
SV023,L,88,3,0,1,1,3,Response,917.9,1127.9,1237.0166666666667,1282.4,460.0,576.0,594.6666666666666,1.7142857142857142,7.5,86.14285714285714,188.0,20.0
SV023,L,89,2,3,1,1,3,Response,1084.025,1377.7,1177.8,1214.4,523.0,637.0,805.0,2.82,9.7,163.0,506.0,37.6
SV023,L,90,2,3,1,1,3,Response,1314.95,1624.0,1208.8833333333334,1281.2,524.8333333333334,629.0,540.0,1.7428571428571427,5.2,181.57142857142858,658.0,52.57142857142857
SV023,L,91,2,2,0,1,2,Response,1177.2166666666667,1426.0,1115.8999999999999,1257.6,501.3333333333333,617.0,1055.3333333333333,1.942857142857143,5.9,163.71428571428572,546.0,54.857142857142854
SV023,L,92,3,3,1,0,3,Response,2749.6777777777775,3247.9,1121.4555555555555,1176.7,450.55555555555554,614.0,533.7777777777778,3.8,12.6,140.3,294.0,30.8
SV023,L,93,2,3,0,0,3,Response,2806.88,3071.3,1053.1799999999998,1092.8,529.4,598.0,708.0,1.92,5.0,86.6,118.0,25.6
SV023,L,94,3,0,0,1,3,Response,1129.1000000000001,1149.5,1078.3999999999999,1157.4,454.0,571.0,950.6666666666666,2.25,7.0,229.75,593.0,72.0
SV023,L,95,2,0,0,1,3,Response,1505.525,1932.6,1075.3,1165.4,464.0,577.0,949.0,2.5,5.6,108.6,188.0,24.0
SV023,L,96,3,0,1,0,3,Response,3043.0545454545454,3270.0,1147.9454545454546,1198.3,431.3636363636364,578.0,493.09090909090907,1.518181818181818,7.7,88.54545454545455,196.0,19.272727272727273
SV023,L,97,3,3,1,1,3,Response,1306.1444444444444,1669.5,1210.4222222222222,1255.5,475.3333333333333,653.0,513.7777777777778,1.23,4.4,152.3,776.0,39.2
SV023,L,98,3,3,1,1,3,Response,1276.66,1493.1,1183.3,1239.9,468.8,578.0,697.6,1.0833333333333333,3.1,82.16666666666667,156.0,16.666666666666668
SV023,L,99,3,0,1,1,3,Response,1280.3833333333334,1581.8,1192.6,1258.2,475.5,598.0,608.0,1.542857142857143,2.9,195.42857142857142,751.0,50.857142857142854
SV023,L,100,3,0,1,1,3,Response,1413.6166666666668,1981.0,1187.8666666666666,1295.7,418.5,527.0,566.6666666666666,3.6714285714285713,7.9,644.0,3270.0,78.28571428571429
SV023,L,101,3,2,1,1,2,Response,1463.8600000000001,1830.9,1152.42,1192.0,433.0,549.0,664.0,1.5666666666666664,3.9,99.66666666666667,161.0,18.666666666666668
SV023,L,102,3,2,1,0,2,Response,2813.3900000000003,3178.7,1142.76,1183.1,498.7,593.0,660.0,1.6,4.1,182.45454545454547,950.0,29.09090909090909
SV023,L,103,2,2,0,0,2,Response,2802.7,3072.6,1074.725,1092.7,485.0,638.0,933.0,3.94,9.5,333.2,709.0,103.2
SV023,L,104,2,0,1,1,2,Response,1058.5333333333333,1372.0,1222.6000000000001,1253.5,411.6666666666667,521.0,913.3333333333334,1.725,3.4,232.75,574.0,79.0
SV023,L,105,2,2,0,1,2,Response,1366.92,1709.7,1163.1200000000001,1195.6,486.0,620.0,420.0,3.5833333333333335,7.9,302.5,681.0,87.33333333333333
SV023,L,106,2,2,1,0,2,Response,2974.7333333333336,3144.2,1090.0,1103.4,443.3333333333333,502.0,936.0,4.525,10.2,142.75,233.0,36.0
SV023,L,107,3,0,0,0,2,Response,3095.2333333333336,3220.2,1058.9333333333334,1081.6,502.0,562.0,1022.6666666666666,1.25,1.6,98.5,115.0,18.0
SV023,L,108,3,2,0,0,2,Response,2670.94,3117.4,1080.34,1109.5,456.4,625.0,715.2,3.6400000000000006,8.4,120.0,221.0,30.4
SV023,L,109,2,3,0,1,3,Response,1409.9666666666665,1989.5,1064.5666666666666,1106.1,561.0,647.0,1110.6666666666667,2.15,6.5,312.5,896.0,71.0
SV023,L,110,3,2,1,1,2,Response,1273.675,1946.6,1203.3,1293.5,508.75,655.0,685.0,3.55,7.2,122.25,202.0,32.0
SV023,L,111,3,2,1,1,2,Response,1373.15,1491.2,1205.1,1233.5,486.5,522.0,1476.0,1.6333333333333335,3.6,95.33333333333333,158.0,20.0
SV023,L,112,2,2,0,0,2,Response,3101.3,3101.3,1070.0,1070.0,432.0,432.0,2484.0,4.95,9.1,106.5,142.0,48.0
SV023,L,113,3,3,1,0,3,Response,2814.366666666667,3107.1,1093.7666666666667,1117.9,518.0,577.0,1086.6666666666667,4.025,6.3,147.0,186.0,35.0
SV023,L,114,2,0,0,1,3,Response,1366.0285714285715,2017.8,1103.4285714285713,1175.9,500.57142857142856,570.0,1038.857142857143,2.4,6.4,282.625,977.0,80.5
SV023,L,115,2,2,1,0,2,Response,2873.8,3139.6,1095.875,1107.4,510.0,626.0,749.0,3.08,10.0,105.8,224.0,27.2
SV023,L,116,3,0,0,1,2,Response,1456.857142857143,2019.0,1036.5142857142857,1103.6,524.7142857142857,604.0,897.1428571428571,1.5875000000000001,4.5,165.25,664.0,48.5
SV023,L,117,3,0,0,0,3,Response,2922.9,3163.3,966.18,1087.9,482.8,592.0,409.6,2.4833333333333334,6.0,214.66666666666666,729.0,52.0
SV023,L,118,3,3,0,1,3,Response,1134.4333333333334,1158.9,1090.2666666666667,1165.5,563.3333333333334,675.0,1145.3333333333333,0.775,0.9,441.75,997.0,123.0
SV023,L,119,2,2,0,0,2,Response,2967.05,3089.2,1017.85,1081.2,442.0,482.0,1790.0,5.3999999999999995,9.0,168.66666666666666,247.0,37.333333333333336
SV023,L,120,3,0,0,1,3,Response,1147.625,1166.3,1046.2,1141.8,388.75,461.0,640.0,3.08,6.4,230.2,614.0,75.2
SV023,L,121,3,0,1,1,3,Response,1303.06,1689.1,1194.7,1251.5,419.6,589.0,610.4,1.4000000000000001,2.2,87.5,109.0,20.666666666666668
SV023,L,122,2,2,1,0,2,Response,2800.3333333333335,3080.5,1135.1333333333332,1161.3,430.0,539.0,970.6666666666666,4.4,10.3,310.25,706.0,85.0
SV023,L,123,2,0,1,0,3,Response,2909.1,3193.8,1141.78,1189.5,482.8,550.0,614.4,2.966666666666667,10.5,117.83333333333333,258.0,26.666666666666668
SV023,L,124,3,0,1,0,3,Response,2937.0,3048.7,1185.25,1200.5,464.0,501.0,1118.0,2.4,6.0,100.66666666666667,178.0,24.0
SV023,L,125,3,2,1,0,2,Response,2748.25,3010.9,1118.2833333333335,1169.2,457.6666666666667,533.0,819.3333333333334,3.085714285714286,8.8,260.14285714285717,1034.0,56.0
SV023,L,126,2,0,1,1,2,Response,1042.85,1227.0,1227.85,1309.1,482.5,610.0,581.0,2.1399999999999997,6.4,97.0,176.0,25.6
SV023,L,127,2,2,0,1,2,Response,1463.6333333333332,2088.4,1136.8333333333333,1168.8,493.6666666666667,529.0,972.0,2.525,7.0,267.5,731.0,82.0
SV023,L,128,2,3,0,0,3,Response,2689.3,2689.3,995.5,995.5,520.0,520.0,112.0,4.0,6.1,101.0,109.0,48.0
SV023,L,129,3,0,0,1,3,Response,1145.8,1145.8,1061.1,1061.1,448.0,448.0,3336.0,5.05,8.0,396.0,674.0,116.0
SV023,L,130,2,2,1,1,2,Response,1419.6,1963.4,1126.95,1228.8,487.5,604.0,852.0,2.75,6.8,123.0,216.0,26.0
SV023,L,131,3,2,0,0,2,Response,2664.4199999999996,3094.0,1008.3799999999999,1046.4,487.8,542.0,811.2,2.966666666666667,10.5,109.16666666666667,177.0,28.666666666666668
SV023,L,132,2,3,0,1,3,Response,1702.05,2102.8,1094.4299999999998,1258.5,433.3,546.0,309.2,1.9909090909090907,6.5,100.72727272727273,208.0,21.454545454545453
SV023,L,133,2,3,1,1,3,Response,1404.9625,1946.6,1175.5125,1252.4,420.125,565.0,374.0,1.9888888888888887,4.8,173.0,732.0,53.77777777777778
SV023,L,134,3,2,1,1,2,Response,1392.98,1527.9,1200.7599999999998,1229.6,433.8,571.0,621.6,1.5333333333333332,4.2,93.33333333333333,158.0,20.0
SV023,L,135,3,0,1,1,2,Response,1442.7,1550.6,1164.2666666666667,1201.2,493.3333333333333,599.0,872.0,1.55,3.5,88.75,122.0,21.0
SV023,L,136,2,2,0,0,2,Response,2970.95,3109.1,954.65,1055.5,434.5,504.0,1401.0,3.4799999999999995,7.2,276.6,773.0,64.8
SV023,L,137,2,0,1,1,2,Response,1236.06,1487.0,1194.98,1252.3,451.0,567.0,547.2,1.8666666666666665,5.8,182.83333333333334,657.0,56.666666666666664
SV023,L,138,3,3,0,0,3,Response,2923.933333333333,3066.3,1031.2,1083.9,493.3333333333333,585.0,1237.3333333333333,3.975,9.0,139.5,242.0,34.0
SV023,L,139,2,3,1,0,3,Response,3050.6499999999996,3166.1,1139.7,1151.2,483.0,500.0,1594.0,4.2,9.2,164.33333333333334,288.0,29.333333333333332
SV023,L,140,2,2,0,1,2,Response,1184.1333333333332,1258.8,1120.0666666666666,1192.9,470.6666666666667,588.0,474.6666666666667,1.0,1.6,77.5,107.0,17.0
SV023,L,141,2,2,0,1,2,Response,1337.1000000000001,1767.0,1130.8333333333333,1177.9,533.6666666666666,635.0,1101.3333333333333,2.3666666666666667,5.2,326.0,712.0,112.0
SV023,L,142,3,2,0,1,2,Response,1774.45,1937.7,1088.6,1093.9,480.5,501.0,288.0,2.2,2.2,113.5,123.0,26.0
SV023,L,143,3,0,0,1,2,Response,1164.825,1240.2,1079.75,1192.6,336.25,424.0,535.0,3.1399999999999997,7.5,231.2,624.0,69.6
SV023,L,144,2,0,0,0,2,Response,2963.65,3085.6,957.975,1066.7,351.0,422.0,662.0,4.040000000000001,10.4,145.6,280.0,32.0
SV023,L,145,2,3,1,0,3,Response,2910.6625,3173.9,1155.175,1193.4,568.625,668.0,735.5,1.677777777777778,9.8,367.0,995.0,66.66666666666667
SV023,L,146,3,2,0,1,2,Response,1642.4833333333333,1996.2,1124.0666666666666,1208.8,507.3333333333333,727.0,522.0,4.8,7.9,156.66666666666666,229.0,34.666666666666664
SV023,L,147,2,3,1,0,3,Response,2957.633333333333,3217.7,1137.3333333333333,1148.7,536.6666666666666,639.0,944.0,4.75,11.3,164.0,280.0,34.0
SV023,L,148,2,3,1,0,3,Response,3202.3,3202.3,1066.6,1066.6,479.0,479.0,960.0,5.25,9.8,469.5,876.0,124.0
SV023,L,149,3,0,0,1,3,Response,1158.8,1201.0,1057.7,1063.9,529.5,602.0,1672.0,4.3,7.5,141.0,210.0,37.333333333333336
SV023,L,150,3,3,0,1,3,Response,1194.5166666666667,1608.8,1192.6499999999999,1465.1,576.3333333333334,681.0,542.6666666666666,3.5,7.6,538.7142857142857,1021.0,494.85714285714283
SV023,L,151,2,0,0,0,3,Response,3054.7,3105.8,1028.1,1151.7,409.5,471.0,361.0,1.3599999999999999,2.5,350.6,814.0,81.6
SV023,L,152,2,3,1,0,3,Response,2709.4500000000003,3112.7,1096.6666666666667,1136.5,556.5,658.0,796.0,1.75,4.2,101.16666666666667,198.0,20.666666666666668
SV023,L,153,3,2,0,0,2,Response,2988.442857142857,3137.9,1084.1285714285714,1180.3,468.2857142857143,604.0,416.57142857142856,2.5999999999999996,8.7,244.75,1147.0,43.5
SV023,L,154,2,3,1,0,3,Response,2867.66,3106.2,1117.96,1133.0,477.0,566.0,496.0,2.6833333333333336,9.5,109.5,242.0,26.666666666666668
SV023,L,155,2,0,1,0,1,Response,2722.5333333333333,2853.3,1120.1666666666667,1127.1,400.3333333333333,450.0,764.0,1.75,4.6,323.5,982.0,66.0
SV023,L,156,3,0,1,0,3,Response,2798.7875,2993.8,1120.5125,1149.7,492.25,612.0,682.5,2.066666666666667,9.1,106.33333333333333,251.0,21.333333333333332
SV023,L,157,2,2,1,1,2,Response,1230.25,1487.6,1240.375,1280.5,483.5,576.0,774.0,1.1800000000000002,2.2,195.6,639.0,60.0
SV023,L,158,3,3,0,0,3,Response,2906.98,3023.2,1076.78,1229.3,494.6,577.0,792.0,2.5166666666666666,9.6,113.0,275.0,23.333333333333332
SV023,L,159,3,3,0,1,3,Response,1306.3999999999999,2064.3,1081.0666666666666,1161.0,471.3333333333333,580.0,838.6666666666666,1.7714285714285716,6.9,156.0,557.0,53.142857142857146
SV023,L,160,3,2,0,1,2,Response,1319.4499999999998,1507.1,1153.05,1191.5,516.0,594.0,1518.0,3.533333333333333,7.1,325.0,754.0,97.33333333333333
SV023,L,161,2,0,0,0,2,Response,2470.84,3080.9,1086.1799999999998,1114.0,481.0,534.0,730.4,2.9499999999999997,7.3,264.5,869.0,62.666666666666664
SV023,L,162,3,0,1,0,2,Response,2615.3599999999997,2979.2,1145.78,1174.8,409.6,547.0,818.4,2.25,6.1,110.5,189.0,24.0
SV023,L,163,2,2,1,1,2,Response,1083.24,1721.8,1539.1200000000001,2785.3,374.2,610.0,454.4,7.133333333333333,19.6,195.5,483.0,49.333333333333336
SV023,L,164,3,3,1,1,3,Response,1300.75,1516.5,1243.375,1281.7,470.25,540.0,801.0,1.3,2.7,88.8,137.0,19.2
SV023,L,165,2,2,0,1,2,Response,1105.5,1105.5,1368.3,1368.3,406.0,406.0,824.0,4.4,7.4,350.5,611.0,104.0
SV023,L,166,3,2,0,1,2,Response,,,,,,,,5.4,5.4,165.0,165.0,44.0
SV023,L,167,2,0,1,0,3,Response,3106.75,3196.6,1133.6,1145.1,392.5,437.0,1530.0,2.4333333333333336,6.2,101.0,178.0,24.0
SV023,L,168,3,2,0,0,2,Response,2765.15,3036.7,1123.675,1177.5,487.25,591.0,668.0,3.5599999999999996,9.1,131.8,285.0,28.8
SV023,L,169,3,2,0,1,2,Response,1145.775,1249.2,1280.225,1408.0,458.25,524.0,821.0,2.7750000000000004,6.9,648.25,2257.0,83.0
SV023,L,170,3,0,1,1,2,Response,855.1999999999999,1116.8,1293.2,1338.8,399.0,514.0,736.0,0.675,1.2,168.25,910.0,43.0
SV023,L,171,2,3,1,1,3,Response,1127.8,1465.3,1209.825,1255.1,467.0,607.0,813.0,1.44,2.4,93.6,135.0,20.0
SV023,L,172,2,3,1,0,3,Response,2851.7833333333333,3195.0,1119.7333333333333,1160.2,359.6666666666667,413.0,580.6666666666666,3.4285714285714284,10.1,126.28571428571429,280.0,26.857142857142858
SV023,L,173,3,0,0,0,3,Response,2584.828571428571,3215.2,1049.4428571428573,1148.2,397.0,540.0,405.14285714285717,4.975,10.3,231.875,597.0,55.5
SV023,L,174,3,3,1,1,3,Response,1017.1,1153.4,1250.1333333333334,1289.4,432.3333333333333,572.0,1052.0,2.2249999999999996,5.6,105.5,177.0,24.0
SV023,L,175,2,0,0,0,3,Response,2661.366666666667,3078.7,990.7333333333332,998.3,486.3333333333333,534.0,969.3333333333334,4.333333333333333,7.6,133.33333333333334,189.0,38.666666666666664
SV023,L,176,2,0,1,1,3,Response,1198.05,2012.0,1235.55,1292.4,465.8333333333333,621.0,418.6666666666667,1.7142857142857142,5.8,188.42857142857142,790.0,47.42857142857143
SV023,L,177,3,0,1,0,3,Response,2615.266666666667,2926.9,1118.3,1130.0,480.6666666666667,540.0,794.6666666666666,3.4749999999999996,8.7,144.0,274.0,29.0
SV023,L,178,2,3,0,1,3,Response,1148.0666666666666,1157.5,1428.6333333333332,1596.6,424.0,450.0,348.0,1.15,2.5,79.5,115.0,18.0
SV023,L,179,3,3,1,0,3,Response,2984.4818181818187,3169.2,1161.1454545454546,1198.9,498.27272727272725,554.0,720.7272727272727,0.9166666666666666,1.5,195.75,849.0,38.0
SV023,L,180,2,3,0,0,3,Response,2923.975,3058.9,986.55,1065.1,509.25,592.0,706.0,2.38,6.1,104.2,185.0,25.6
SV023,L,181,3,0,1,0,3,Response,2926.18,3080.6,1161.5,1173.0,377.8,521.0,684.8,2.783333333333333,6.3,224.66666666666666,685.0,54.666666666666664
SV023,L,182,3,3,1,1,3,Response,1159.025,1454.0,1240.525,1316.0,545.25,609.0,760.0,2.16,6.1,92.6,133.0,26.4
SV023,L,183,2,0,1,1,3,Response,1156.2,1323.7,1198.84,1235.1,435.4,536.0,582.4,0.76,1.2,215.2,805.0,69.6
SV023,L,184,3,2,0,1,2,Response,1176.75,1232.2,1209.9,1223.2,481.0,578.0,1180.0,3.766666666666667,7.3,239.66666666666666,534.0,90.66666666666667
SV023,L,185,3,2,1,0,2,Response,2891.6499999999996,2957.6,1130.45,1133.2,488.5,550.0,1430.0,5.666666666666667,8.4,159.33333333333334,207.0,42.666666666666664
SV023,L,186,2,0,0,1,2,Response,1199.4833333333333,1616.9,1203.1333333333332,1385.5,457.5,545.0,892.6666666666666,1.2,2.3,173.71428571428572,704.0,56.57142857142857
SV023,L,187,2,0,1,1,3,Response,1109.54,1236.5,1267.58,1325.3,432.6,587.0,712.8,1.4833333333333334,5.2,84.16666666666667,177.0,19.333333333333332
SV023,L,188,3,2,1,1,2,Response,1292.78,1505.8,1183.84,1239.9,411.6,538.0,605.6,1.6500000000000001,5.3,88.0,146.0,21.333333333333332
SV023,L,189,3,3,0,1,3,Response,1169.1000000000001,1186.3,1280.2666666666667,1288.9,501.3333333333333,554.0,825.3333333333334,1.925,6.0,234.75,683.0,84.0
SV023,L,190,2,3,1,1,3,Response,1133.1666666666667,1341.1,1227.4,1292.4,467.3333333333333,539.0,918.6666666666666,1.6749999999999998,2.0,103.25,111.0,22.0
SV023,L,191,3,3,1,0,3,Response,2739.8333333333335,2957.6,1159.2,1169.8,566.3333333333334,612.0,1765.3333333333333,0.7666666666666666,1.0,73.0,87.0,14.666666666666666
SV023,L,192,3,0,0,0,3,Response,3062.075,3095.4,1065.925,1240.6,476.5,551.0,967.0,2.84,9.0,306.8,998.0,53.6
SV023,L,193,2,0,1,1,3,Response,1338.857142857143,2065.7,1216.314285714286,1289.0,456.42857142857144,568.0,573.1428571428571,1.525,5.6,168.375,823.0,48.5
SV023,L,194,3,0,0,1,3,Response,1139.3999999999999,1162.5,1332.4666666666667,1379.7,448.3333333333333,560.0,965.3333333333334,2.25,6.0,110.5,217.0,23.0
SV023,L,195,3,2,1,0,3,Response,2929.125,3189.9,1140.65,1159.3,510.75,634.0,900.0,1.6,2.6,111.6,155.0,19.2
SV023,L,196,2,3,1,1,3,Response,1209.0,1398.6,1188.3,1236.5,476.0,572.0,664.0,1.08,1.8,237.8,845.0,44.0
SV023,L,197,2,0,1,1,3,Response,1113.3333333333333,1282.3,1243.6333333333334,1261.9,430.6666666666667,453.0,1060.0,2.175,5.6,107.75,181.0,23.0
SV023,L,198,2,2,0,1,2,Response,1222.3666666666668,1360.3,1198.7333333333333,1240.9,504.6666666666667,581.0,917.3333333333334,2.225,6.0,176.25,313.0,67.0
SV023,L,199,3,3,1,0,2,Response,3136.6499999999996,3207.1,1122.7,1125.2,405.0,440.0,1640.0,3.766666666666667,9.4,149.0,281.0,26.666666666666668
SV023,L,200,2,3,0,0,3,Response,2883.9,3063.5,974.1999999999999,1017.1,548.6666666666666,628.0,842.6666666666666,4.1,9.5,113.5,167.0,39.0
SV023,L,201,2,3,0,1,3,Response,1159.1,1159.1,1042.5,1042.5,443.0,443.0,2736.0,3.75,5.7,143.5,186.0,34.0
SV023,L,202,2,0,1,0,3,Response,3030.625,3270.0,1148.375,1208.0,552.25,678.0,971.0,1.1333333333333333,4.1,253.55555555555554,1056.0,53.77777777777778
SV023,L,203,2,3,1,1,3,Response,1178.85,1300.0,1224.85,1278.6,556.0,689.0,813.0,1.1,1.9,199.2,670.0,76.0
SV023,L,204,3,0,0,1,3,Response,1149.8666666666668,1156.5,1128.8,1198.9,469.6666666666667,557.0,1178.6666666666667,2.075,6.3,96.75,209.0,22.0
SV023,L,205,3,0,1,1,3,Response,1253.375,1538.4,1184.725,1234.1,445.0,477.0,763.0,1.24,2.0,234.0,823.0,72.0
SV023,L,206,3,0,0,1,3,Response,1448.8,2024.1,1184.8666666666668,1297.7,516.0,564.0,1326.6666666666667,2.475,7.2,106.5,196.0,24.0
SV023,L,207,2,2,0,0,2,Response,2939.566666666667,3143.0,1083.1333333333334,1128.1,469.1666666666667,576.0,571.3333333333334,1.6285714285714286,3.9,218.57142857142858,980.0,42.285714285714285
SV023,L,208,2,0,0,1,2,Response,1253.9333333333334,1448.8,1141.4666666666665,1175.1,466.0,559.0,673.3333333333334,3.05,6.8,266.25,594.0,93.0
SV023,L,209,2,0,1,0,2,Response,2954.542857142857,3246.0,1143.142857142857,1160.9,412.42857142857144,516.0,643.4285714285714,3.025,13.1,111.0,261.0,26.0
SV023,L,210,2,0,0,0,3,Response,2809.828571428571,3143.9,1091.5,1198.8,405.0,527.0,484.57142857142856,2.1625,8.6,98.875,220.0,23.0
SV023,L,211,3,3,0,0,3,Response,2799.7666666666664,3107.0,1060.3999999999999,1184.5,449.0,562.0,925.3333333333334,1.675,3.7,271.5,789.0,67.0
SV023,L,212,3,0,0,0,3,Response,2730.3333333333335,3172.6,930.2777777777778,1244.0,427.1111111111111,594.0,522.6666666666666,3.5100000000000002,10.5,198.0,892.0,42.4
SV023,L,213,2,0,1,0,3,Response,2920.0,3270.0,1010.7444444444445,1124.7,414.1111111111111,580.0,411.1111111111111,2.31,8.0,166.6,607.0,39.2
SV023,L,214,3,2,1,0,2,Response,2611.6,3031.2,1089.0,1113.8,475.3333333333333,526.0,1021.3333333333334,1.5,2.8,93.75,141.0,21.0
SV023,L,215,2,3,0,1,3,Response,1132.98,1285.6,1068.8600000000001,1170.2,401.2,586.0,613.6,1.9833333333333334,6.7,192.16666666666666,689.0,54.666666666666664
SV023,L,216,3,3,1,0,3,Response,2360.0,2920.9,1106.4,1115.7,460.0,513.0,1838.0,4.033333333333333,10.1,124.66666666666667,222.0,33.333333333333336
SV023,L,217,3,2,1,0,2,Response,2980.35,3057.8,1104.775,1126.9,431.0,483.0,1170.0,3.06,11.5,289.2,632.0,77.6
SV023,L,218,3,0,0,0,2,Response,2980.6666666666665,3048.3,1001.6666666666666,1074.3,468.6666666666667,536.0,828.0,3.2249999999999996,9.7,298.0,814.0,68.0
SV023,L,219,3,3,0,0,3,Response,3015.7000000000003,3103.4,1143.9666666666667,1282.7,495.6666666666667,532.0,1172.0,1.3,1.8,86.5,105.0,20.0
SV023,L,220,3,2,0,1,2,Response,1125.1499999999999,1208.4,1187.25,1359.9,394.3333333333333,565.0,866.6666666666666,2.7285714285714286,7.9,249.85714285714286,814.0,88.0
SV023,L,221,2,3,1,0,3,Response,3051.15,3270.0,1087.35,1106.4,416.25,441.0,837.0,2.2600000000000002,5.7,118.6,228.0,22.4
SV023,L,222,3,2,1,1,2,Response,956.7333333333332,1242.7,1454.6666666666667,2427.0,354.3333333333333,573.0,478.6666666666667,5.242857142857142,12.7,196.28571428571428,431.0,32.57142857142857
SV023,L,223,3,2,1,0,2,Response,2697.5,3044.4,1122.6,1174.1,396.0,468.0,599.4285714285714,2.7750000000000004,8.4,211.0,855.0,52.5
SV023,L,224,3,0,1,0,3,Response,3019.1400000000003,3190.9,1132.6399999999999,1155.3,465.2,555.0,620.0,0.9500000000000001,1.8,201.33333333333334,835.0,49.333333333333336
SV023,L,225,2,0,0,1,3,Response,1165.6285714285716,2010.2,1205.8071428571427,1551.6,529.5,638.0,675.4285714285714,1.5571428571428572,7.6,216.85714285714286,907.0,64.57142857142857
SV023,L,226,3,3,0,1,3,Response,1383.725,1921.0,1074.875,1136.9,492.0,605.0,1185.0,2.32,6.5,224.8,670.0,58.4
SV023,L,227,3,2,1,1,2,Response,933.2,1072.7,1262.75,1346.5,575.25,675.0,736.0,2.5,8.0,178.0,429.0,56.8
SV023,L,228,2,2,1,0,2,Response,2826.371428571428,2975.9,1139.3428571428572,1176.6,440.0,476.0,649.1428571428571,1.0125,1.9,183.875,871.0,41.5
SV023,L,229,2,0,0,0,2,Response,2826.9,3159.0,1145.8833333333334,1206.7,423.3333333333333,493.0,437.3333333333333,2.8428571428571425,10.1,215.57142857142858,737.0,52.0
SV023,L,230,2,0,0,1,2,Response,1612.25,1888.3,1092.675,1170.0,449.5,521.0,664.0,2.58,5.4,251.2,725.0,73.6
SV023,L,231,2,2,1,0,2,Response,2748.16,3204.4,1085.26,1105.9,401.6,488.0,665.6,3.1833333333333336,10.4,129.33333333333334,296.0,26.666666666666668
SV023,L,232,3,3,0,0,2,Response,2958.0,2958.0,954.8,954.8,461.0,461.0,284.0,0.6,0.7,62.0,65.0,14.0
SV023,L,233,2,0,1,0,2,Response,3114.95,3191.5,1093.65,1099.2,379.0,390.0,1230.0,5.266666666666667,8.3,159.33333333333334,224.0,38.666666666666664
SV023,L,234,3,3,0,0,3,Response,3043.0,3097.9,993.5,996.8,477.5,546.0,1796.0,5.95,10.6,144.0,193.0,46.0
SV023,L,235,2,2,0,0,2,Response,2411.7999999999997,3077.6,978.0333333333333,1027.6,445.3333333333333,571.0,654.6666666666666,5.233333333333333,8.4,167.0,253.0,37.333333333333336
SV023,L,236,2,0,1,0,2,Response,3145.6,3145.6,1091.2,1091.2,429.0,429.0,496.0,4.8,9.0,167.5,263.0,32.0
SV023,L,237,2,2,0,1,2,Response,1509.75,1857.4,1053.825,1080.4,512.25,587.0,803.0,2.38,6.4,102.4,131.0,27.2
SV023,L,238,2,2,1,1,2,Response,1409.1333333333332,2084.2,1170.9166666666667,1247.9,404.5,504.0,414.6666666666667,1.7714285714285711,6.1,93.42857142857143,173.0,21.142857142857142
SV023,L,239,2,0,1,0,2,Response,2668.275,2987.3,1119.95,1142.7,411.0,506.0,648.0,2.96,8.4,122.8,205.0,26.4
SV023,L,240,2,2,1,0,2,Response,2975.1777777777775,3061.2,1106.8666666666666,1121.9,402.8888888888889,483.0,570.2222222222222,1.6600000000000001,7.8,81.2,193.0,20.4
SV023,L,241,2,2,0,0,2,Response,1926.5500000000002,1990.7,996.0,1002.8,572.0,651.0,294.0,6.466666666666666,12.6,327.6666666666667,982.0,414.6666666666667
SV023,L,242,3,2,0,0,2,Response,1805.5,1805.5,606.3,606.3,484.0,484.0,432.0,3.5,3.5,109.0,109.0,44.0
SV023,L,243,3,3,0,0,2,Response,1898.2,2037.7,616.2333333333332,790.3,397.0,440.0,432.0,1.25,2.2,76.5,96.0,20.0
SV023,L,244,3,2,1,0,2,Response,1867.6,1867.6,765.9,765.9,368.0,368.0,472.0,0.8999999999999999,1.4,62.5,76.0,18.0
SV023,L,245,3,3,1,1,2,Response,2012.525,2145.1,829.925,1091.9,480.0,546.0,413.0,3.1,4.8,125.2,181.0,31.2
SV023,L,246,2,0,0,1,2,Response,1869.1,1869.1,1059.1,1059.1,678.0,678.0,256.0,3.8,4.1,142.0,164.0,36.0
SV023,L,247,2,2,1,1,2,Response,1994.6333333333334,2105.4,817.2333333333335,1074.0,415.6666666666667,476.0,453.3333333333333,2.65,6.8,106.75,160.0,28.0
SV023,L,248,2,3,1,1,2,Response,1905.5,1978.1,848.4666666666667,1097.7,507.0,594.0,369.3333333333333,1.3,1.5,251.0,728.0,59.0
SV023,L,249,3,0,0,1,0,Response,1546.9,1546.9,618.4,618.4,557.0,557.0,1928.0,1.9500000000000002,3.1,95.5,123.0,24.0
SV023,L,250,2,2,1,1,2,Response,1739.1,1783.7,645.9,689.3,510.5,546.0,590.0,1.7666666666666666,3.8,85.66666666666667,130.0,24.0
SV023,L,251,2,3,0,0,3,Response,,,,,,,,,,,,
SV023,L,252,2,3,0,0,3,Response,,,,,,,,,,,,
SV023,L,253,3,2,1,1,2,Response,1925.9,1970.6,1092.2,1096.9,606.0,644.0,794.0,0.46666666666666673,0.8,294.6666666666667,762.0,57.333333333333336
SV023,L,254,2,3,1,1,3,Response,,,,,,,,,,,,
SV023,L,255,2,0,1,1,0,Response,,,,,,,,,,,,
SV023,L,256,3,3,1,0,3,Response,,,,,,,,0.5,0.5,57.0,57.0,12.0
SV023,L,257,2,2,0,1,2,Response,1995.7,2098.9,1098.5333333333335,1131.4,611.0,665.0,921.3333333333334,0.525,0.6,61.75,69.0,12.0
SV023,L,258,3,3,0,0,3,Response,1878.8,1878.8,1172.3,1172.3,453.0,453.0,388.0,0.5,0.5,59.5,63.0,12.0
SV023,L,259,2,3,1,1,3,Response,,,,,,,,,,,,
SV023,L,260,2,2,1,1,2,Response,,,,,,,,0.4,0.4,979.0,979.0,172.0
SV023,L,261,3,2,1,0,2,Response,,,,,,,,0.8,0.8,68.0,68.0,16.0
SV023,L,262,3,2,0,1,2,Response,,,,,,,,,,,,
SV023,L,263,3,0,1,1,0,Response,,,,,,,,,,,,
SV023,L,264,3,2,1,1,2,Response,,,,,,,,0.7,0.7,1006.0,1006.0,188.0
SV023,L,265,2,3,1,0,3,Response,,,,,,,,,,,,
SV023,L,266,2,3,1,1,3,Response,,,,,,,,,,,,
SV023,L,267,2,3,1,1,3,Response,,,,,,,,,,,,
SV023,L,268,2,0,0,0,0,Response,,,,,,,,,,,,
SV023,L,269,2,3,1,0,3,Response,,,,,,,,,,,,
SV023,L,270,2,0,1,0,0,Response,,,,,,,,,,,,
SV023,L,271,2,2,1,1,2,Response,2054.9,2054.9,1086.9,1086.9,571.0,571.0,624.0,0.8,1.1,554.5,1049.0,86.0
SV023,L,272,2,2,0,1,2,Response,,,,,,,,,,,,
SV023,L,273,3,3,1,1,3,Response,,,,,,,,,,,,
SV023,L,274,2,0,0,1,0,Response,,,,,,,,,,,,
SV023,L,275,3,3,1,1,3,Response,,,,,,,,,,,,
SV023,L,276,2,2,0,0,2,Response,,,,,,,,,,,,
SV023,L,277,2,0,1,1,0,Response,,,,,,,,,,,,
SV023,L,278,3,2,1,0,2,Response,,,,,,,,0.5,0.5,65.0,65.0,12.0
SV023,L,279,2,3,0,0,3,Response,,,,,,,,,,,,
SV023,L,280,3,3,0,1,3,Response,,,,,,,,,,,,
SV023,L,281,2,3,0,1,3,Response,,,,,,,,,,,,
SV023,L,282,2,0,0,0,0,Response,,,,,,,,,,,,
SV023,L,283,3,0,0,1,0,Response,,,,,,,,,,,,
SV023,L,284,3,0,1,0,0,Response,,,,,,,,,,,,
SV023,L,285,2,3,0,0,3,Response,,,,,,,,,,,,
SV023,L,286,3,2,0,0,2,Response,1966.1,1966.1,1054.2,1054.2,490.0,490.0,268.0,0.4,0.4,53.0,53.0,12.0
SV023,L,287,3,2,1,1,2,Response,,,,,,,,,,,,
SV023,L,288,3,2,1,0,2,Response,,,,,,,,,,,,
SV023,L,289,3,0,0,0,0,Response,,,,,,,,,,,,
SV023,L,290,3,2,1,1,2,Response,,,,,,,,,,,,
SV023,L,291,2,2,1,0,2,Response,,,,,,,,,,,,
SV023,L,292,3,0,1,0,0,Response,,,,,,,,,,,,
SV023,L,293,2,2,1,0,2,Response,,,,,,,,,,,,
SV023,L,294,2,3,0,0,3,Response,,,,,,,,0.5,0.5,65.0,65.0,12.0
SV023,L,295,3,0,0,1,0,Response,,,,,,,,,,,,
SV023,L,296,3,0,1,0,0,Response,,,,,,,,0.5,0.5,59.0,59.0,12.0
SV023,L,297,3,3,1,0,3,Response,,,,,,,,0.5,0.5,65.0,65.0,12.0
SV023,L,298,2,2,1,0,2,Response,,,,,,,,0.4,0.4,54.0,54.0,12.0
SV023,L,299,2,0,1,1,0,Response,,,,,,,,,,,,
SV023,L,300,2,2,1,1,2,Response,,,,,,,,,,,,
SV023,L,301,2,3,1,1,3,Response,,,,,,,,,,,,
SV023,L,302,3,2,0,1,2,Response,,,,,,,,0.5,0.5,60.0,60.0,12.0
SV023,L,303,2,3,0,1,3,Response,,,,,,,,,,,,
SV023,L,304,3,2,0,0,2,Response,2002.8,2002.8,1131.7,1131.7,398.0,398.0,264.0,0.6,0.7,59.0,62.0,14.0
SV023,L,305,3,0,1,0,0,Response,,,,,,,,0.6,0.6,73.0,73.0,12.0
SV023,L,306,2,2,0,1,2,Response,,,,,,,,,,,,
SV023,L,307,3,0,1,0,0,Response,,,,,,,,,,,,
SV023,L,308,2,2,0,1,2,Response,,,,,,,,,,,,
SV023,L,309,2,2,0,1,2,Response,2041.4,2041.4,1107.0,1107.0,478.0,478.0,280.0,0.65,0.8,63.5,70.0,14.0
SV023,L,310,2,3,1,0,3,Response,,,,,,,,,,,,
SV023,L,311,2,3,0,0,3,Response,,,,,,,,,,,,
SV023,L,312,2,3,0,0,3,Response,,,,,,,,,,,,
SV023,L,313,2,0,0,1,0,Response,,,,,,,,,,,,
SV023,L,314,2,0,0,0,3,Response,,,,,,,,,,,,
SV023,L,315,2,2,1,0,2,Response,,,,,,,,0.4,0.4,55.0,55.0,12.0
SV023,L,316,2,0,1,0,0,Response,,,,,,,,,,,,
SV023,L,317,3,2,0,0,2,Response,,,,,,,,0.8,0.8,73.0,73.0,16.0
SV023,L,318,2,3,0,1,3,Response,,,,,,,,,,,,
SV023,L,319,2,3,1,0,3,Response,,,,,,,,,,,,
SV023,L,320,3,3,0,1,3,Response,,,,,,,,,,,,
SV023,L,321,2,0,1,0,0,Response,,,,,,,,,,,,
SV023,L,322,3,3,0,1,3,Response,,,,,,,,0.7,0.7,63.0,63.0,16.0
SV023,L,323,3,2,0,1,2,Response,2052.9,2052.9,1092.4,1092.4,381.0,381.0,1144.0,1.8,3.1,323.5,588.0,136.0
SV023,L,324,2,3,0,1,3,Response,,,,,,,,,,,,
SV023,L,325,3,0,1,1,0,Response,,,,,,,,,,,,
SV023,L,326,2,0,1,1,0,Response,,,,,,,,14.8,14.8,602.0,602.0,44.0
SV023,L,327,2,3,0,0,3,Response,1965.7,1965.7,1091.4,1091.4,569.0,569.0,172.0,0.5,0.5,62.0,62.0,12.0
SV023,L,328,3,2,0,1,2,Response,,,,,,,,0.5,0.5,59.0,59.0,12.0
SV023,L,329,3,3,1,1,3,Response,,,,,,,,,,,,
SV023,L,330,3,3,1,1,3,Response,,,,,,,,,,,,
SV023,L,331,3,2,1,0,2,Response,2094.1,2094.1,1097.8,1097.8,375.0,375.0,340.0,0.6499999999999999,0.7,66.0,68.0,14.0
SV023,L,332,3,3,0,1,3,Response,,,,,,,,,,,,
SV023,L,333,3,0,0,0,0,Response,,,,,,,,,,,,
SV023,L,334,3,0,1,1,0,Response,,,,,,,,,,,,
SV023,L,335,2,2,1,0,2,Response,1999.4,1999.4,1120.0,1120.0,534.0,534.0,168.0,0.5,0.5,57.0,57.0,12.0
SV023,L,336,3,2,0,1,2,Response,,,,,,,,,,,,
SV023,L,337,2,0,1,0,0,Response,,,,,,,,0.6,0.6,549.0,549.0,192.0
SV023,L,338,3,0,1,0,0,Response,,,,,,,,0.6,0.6,70.0,70.0,12.0
SV023,L,339,2,2,0,0,2,Response,,,,,,,,,,,,
SV023,L,340,2,3,0,1,3,Response,,,,,,,,1.0,1.0,88.0,88.0,16.0
SV023,L,341,3,0,0,1,0,Response,2089.7,2089.7,1103.5,1103.5,274.0,274.0,600.0,0.55,0.7,446.0,840.0,170.0
SV023,L,342,2,2,0,0,2,Response,,,,,,,,0.6,0.6,68.0,68.0,12.0
SV023,L,343,3,0,0,1,0,Response,2062.7,2062.7,1092.6,1092.6,438.0,438.0,552.0,0.95,1.4,204.0,347.0,162.0
SV023,L,344,2,3,1,0,3,Response,,,,,,,,0.8,0.8,72.0,72.0,16.0
SV023,L,345,3,2,1,0,2,Response,2008.35,2061.4,1066.0,1073.1,460.0,551.0,678.0,0.6,0.7,63.5,65.0,14.0
SV023,L,346,3,3,0,0,3,Response,,,,,,,,,,,,
SV023,L,347,2,0,0,1,0,Response,2093.1,2093.1,1090.3,1090.3,305.0,305.0,80.0,0.7,0.7,57.0,57.0,16.0
SV023,L,348,3,2,1,0,2,Response,,,,,,,,,,,,
SV023,L,349,3,3,1,0,3,Response,,,,,,,,,,,,
SV023,L,350,3,2,0,1,2,Response,,,,,,,,,,,,
SV023,L,351,3,3,0,1,3,Response,,,,,,,,,,,,
SV023,L,352,3,3,0,1,3,Response,,,,,,,,,,,,
SV023,L,353,3,3,1,0,3,Response,2020.8,2020.8,1057.8,1057.8,404.0,404.0,288.0,0.5,0.5,62.0,62.0,12.0
SV023,L,354,2,2,0,1,2,Response,,,,,,,,,,,,
SV023,L,355,3,3,0,1,3,Response,,,,,,,,,,,,
SV023,L,356,2,3,0,0,3,Response,,,,,,,,,,,,
SV023,L,357,2,2,1,0,2,Response,,,,,,,,,,,,
SV023,L,358,2,2,1,0,2,Response,,,,,,,,0.2,0.2,583.0,583.0,272.0
SV023,L,359,3,2,0,0,2,Response,,,,,,,,,,,,
SV023,L,360,2,0,0,0,0,Response,,,,,,,,,,,,
SV023,L,361,2,3,1,0,3,Response,,,,,,,,,,,,
SV023,L,362,3,2,1,1,2,Response,,,,,,,,,,,,
SV023,L,363,3,2,1,1,2,Response,1967.4,1967.4,1094.7,1094.7,374.0,374.0,444.0,0.5,0.6,276.5,498.0,116.0
SV023,L,364,2,2,1,0,2,Response,,,,,,,,,,,,
SV023,L,365,2,2,0,1,2,Response,,,,,,,,0.4,0.4,53.0,53.0,12.0
SV023,L,366,2,0,0,0,0,Response,,,,,,,,0.4,0.4,850.0,850.0,276.0
SV023,L,367,3,2,1,0,2,Response,,,,,,,,,,,,
SV023,L,368,3,0,0,0,0,Response,,,,,,,,,,,,
SV023,L,369,3,2,1,1,2,Response,,,,,,,,,,,,
SV023,L,370,2,0,1,1,0,Response,,,,,,,,0.5,0.5,56.0,56.0,12.0
SV023,L,371,2,3,0,1,3,Response,,,,,,,,,,,,
SV023,L,372,3,0,0,0,0,Response,,,,,,,,0.5,0.5,582.0,582.0,284.0
SV023,L,373,3,3,1,0,3,Response,2101.2,2101.2,1102.1,1102.1,376.0,376.0,340.0,0.8999999999999999,1.2,77.5,81.0,16.0
SV023,L,374,3,3,1,1,3,Response,2048.6,2048.6,1077.4,1077.4,463.0,463.0,484.0,0.7,0.8,75.0,77.0,14.0
SV023,L,375,2,0,0,0,0,Response,,,,,,,,0.6,0.6,703.0,703.0,268.0
SV023,L,376,3,3,0,1,3,Response,,,,,,,,,,,,
SV023,L,377,2,3,0,1,3,Response,,,,,,,,,,,,
SV023,L,378,3,2,0,1,2,Response,,,,,,,,0.8,0.8,985.0,985.0,240.0
SV023,L,379,3,2,0,0,2,Response,1835.6000000000001,2199.8,1643.05,2135.6,212.0,365.0,80.0,8.5,12.9,368.3333333333333,566.0,40.0
SV023,L,380,2,0,0,0,0,Response,,,,,,,,1.0,1.0,671.0,671.0,216.0
SV023,L,381,2,0,1,1,0,Response,,,,,,,,0.5,0.5,58.0,58.0,12.0
SV023,L,382,2,0,1,1,0,Response,,,,,,,,,,,,
SV023,L,383,3,0,1,0,0,Response,,,,,,,,,,,,
SV023,L,384,3,0,0,0,0,Response,,,,,,,,,,,,
SV023,L,385,2,0,1,0,0,Response,,,,,,,,,,,,
SV023,L,386,2,2,0,0,2,Response,,,,,,,,,,,,
SV023,L,387,2,0,1,1,0,Response,,,,,,,,,,,,
SV023,L,388,2,3,1,0,3,Response,,,,,,,,,,,,
SV023,L,389,2,2,0,0,2,Response,,,,,,,,1.3,1.3,700.0,700.0,240.0
SV023,L,390,3,0,1,1,0,Response,2071.7,2071.7,1093.7,1093.7,383.0,383.0,136.0,0.65,0.8,64.0,69.0,14.0
SV023,L,391,3,2,1,0,2,Response,,,,,,,,0.5,0.5,63.0,63.0,12.0
SV023,L,392,3,0,0,0,0,Response,,,,,,,,0.4,0.4,758.0,758.0,292.0
SV023,L,393,2,0,1,1,0,Response,2001.0,2001.0,1055.7,1055.7,410.0,410.0,408.0,0.6,0.6,69.0,69.0,12.0
SV023,L,394,2,3,1,0,3,Response,,,,,,,,0.5,0.5,61.0,61.0,12.0
SV023,L,395,3,2,1,1,2,Response,1929.0,1929.0,1059.0,1059.0,339.0,339.0,1152.0,0.85,1.2,427.0,795.0,100.0
SV023,L,396,2,0,0,1,0,Response,,,,,,,,1.9,1.9,664.0,664.0,248.0
SV023,L,397,2,3,1,0,3,Response,,,,,,,,,,,,
SV023,L,398,2,0,1,0,0,Response,,,,,,,,0.4,0.4,53.0,53.0,12.0
SV023,L,399,2,3,0,1,3,Response,2025.1,2025.1,1066.1,1066.1,437.0,437.0,228.0,0.5,0.5,65.0,65.0,12.0
SV023,L,400,2,0,0,1,0,Response,,,,,,,,0.6,0.6,1005.0,1005.0,288.0
SV023,L,401,3,3,0,0,3,Response,,,,,,,,,,,,
SV023,L,402,3,0,1,0,3,Response,2078.1,2138.4,889.5,1074.4,339.6666666666667,475.0,224.0,1.5,1.9,640.5,1170.0,152.0
SV023,L,403,3,2,0,1,2,Response,,,,,,,,,,,,
SV023,L,404,2,3,1,1,3,Response,2063.4,2063.4,1104.9,1104.9,504.0,504.0,364.0,0.5,0.5,61.5,66.0,12.0
SV023,L,405,3,3,1,1,3,Response,1957.8000000000002,1958.2,1024.8,1030.0,241.5,278.0,490.0,0.7333333333333334,1.1,230.66666666666666,554.0,85.33333333333333
SV023,L,406,2,2,1,0,2,Response,,,,,,,,,,,,
SV023,L,407,2,0,0,0,0,Response,,,,,,,,,,,,
SV023,L,408,3,3,0,0,3,Response,,,,,,,,1.2,1.2,1060.0,1060.0,308.0
SV023,L,409,2,2,1,1,2,Response,,,,,,,,,,,,
SV023,L,410,2,2,1,1,2,Response,,,,,,,,,,,,
SV023,L,411,3,3,0,1,3,Response,,,,,,,,,,,,
SV023,L,412,3,3,1,0,3,Response,2005.0,2005.0,1083.6,1083.6,387.0,387.0,268.0,0.6499999999999999,0.7,66.5,75.0,14.0
SV023,L,413,3,3,0,0,3,Response,,,,,,,,,,,,
SV023,L,414,3,2,0,1,2,Response,,,,,,,,0.5,0.5,58.0,58.0,12.0
SV023,L,415,2,2,0,1,2,Response,,,,,,,,,,,,
SV023,L,416,3,3,0,0,3,Response,,,,,,,,,,,,
SV023,L,417,2,3,1,1,3,Response,,,,,,,,,,,,
SV023,L,418,3,0,0,1,3,Response,,,,,,,,,,,,
SV023,L,419,3,3,1,1,3,Response,,,,,,,,,,,,
SV023,L,420,3,2,0,0,2,Response,,,,,,,,,,,,
SV023,L,421,3,0,1,1,0,Response,,,,,,,,0.2,0.2,702.0,702.0,280.0
SV023,L,422,3,0,1,0,3,Response,,,,,,,,,,,,
SV023,L,423,3,2,0,1,2,Response,,,,,,,,,,,,
SV023,L,424,2,3,0,1,3,Response,,,,,,,,,,,,
SV023,L,425,2,2,0,1,2,Response,,,,,,,,,,,,
SV023,L,426,3,0,0,0,0,Response,,,,,,,,,,,,
SV023,L,427,3,2,1,1,2,Response,,,,,,,,0.2,0.2,1140.0,1140.0,268.0
SV023,L,428,3,0,1,0,0,Response,,,,,,,,0.4,0.4,55.0,55.0,12.0
SV023,L,429,3,3,1,0,3,Response,2037.2,2037.2,1087.7,1087.7,345.0,345.0,404.0,0.4,0.5,334.5,611.0,108.0
SV023,L,430,3,0,0,0,0,Response,,,,,,,,,,,,
SV023,L,431,2,2,1,1,2,Response,,,,,,,,0.5,0.5,701.0,701.0,240.0
SV023,L,432,2,0,1,0,0,Response,,,,,,,,,,,,
SV023,L,433,2,3,1,1,3,Response,2035.9,2035.9,1066.2,1066.2,560.0,560.0,140.0,0.95,1.4,427.0,795.0,126.0
SV023,L,434,2,0,1,0,0,Response,,,,,,,,,,,,
SV023,L,435,2,0,0,0,0,Response,,,,,,,,0.8,0.8,201.0,201.0,28.0
SV023,L,436,2,2,0,0,2,Response,,,,,,,,0.9,0.9,678.0,678.0,320.0
SV023,L,437,3,3,1,1,3,Response,1940.4499999999998,1967.6,1036.6,1042.0,363.5,403.0,1074.0,0.8333333333333334,1.2,575.3333333333334,1051.0,129.33333333333334
SV023,L,438,3,0,0,0,0,Response,,,,,,,,,,,,
SV023,L,439,3,0,1,1,0,Response,2064.2,2064.2,1031.0,1031.0,400.0,400.0,184.0,0.95,1.4,371.0,686.0,136.0
SV023,L,440,3,0,1,1,0,Response,,,,,,,,0.8,0.8,72.0,72.0,16.0
SV023,L,441,2,3,1,1,3,Response,,,,,,,,0.5,0.5,64.0,64.0,12.0
SV023,L,442,3,0,1,1,0,Response,,,,,,,,1.0,1.0,1101.0,1101.0,248.0
SV023,L,443,2,3,0,0,3,Response,,,,,,,,0.5,0.5,59.0,59.0,12.0
SV023,L,444,2,3,1,0,3,Response,,,,,,,,0.4,0.4,51.0,51.0,12.0
SV023,L,445,3,2,1,1,2,Response,,,,,,,,,,,,
SV023,L,446,3,0,0,0,0,Response,,,,,,,,,,,,
SV023,L,447,2,2,1,1,2,Response,,,,,,,,,,,,
SV023,L,448,3,3,1,0,3,Response,1991.8,1991.8,1072.5,1072.5,420.0,420.0,528.0,0.5,0.5,63.0,63.0,12.0
SV023,L,449,3,0,0,1,0,Response,,,,,,,,,,,,
SV023,L,450,3,3,1,1,3,Response,,,,,,,,,,,,
SV023,L,451,3,2,0,0,2,Response,,,,,,,,,,,,
SV023,L,452,3,3,1,0,3,Response,,,,,,,,,,,,
SV023,L,453,2,0,1,1,0,Response,,,,,,,,,,,,
SV023,L,454,3,3,1,0,3,Response,,,,,,,,,,,,
SV023,L,455,2,2,0,0,2,Response,,,,,,,,,,,,
SV023,L,456,3,0,0,1,0,Response,,,,,,,,,,,,
SV023,L,457,3,0,1,1,0,Response,,,,,,,,0.7,0.7,562.0,562.0,172.0
SV023,L,458,3,2,0,0,2,Response,,,,,,,,0.7,0.7,734.0,734.0,252.0
SV023,L,459,3,3,0,0,3,Response,1800.6,1930.3,1597.3,2095.6,375.5,575.0,150.0,7.0,10.7,378.0,544.0,33.333333333333336
SV023,L,460,3,0,0,1,0,Response,2077.2,2077.2,1106.1,1106.1,316.0,316.0,424.0,1.85,2.6,590.5,1026.0,162.0
SV023,L,461,3,0,1,1,0,Response,,,,,,,,,,,,
SV023,L,462,2,0,0,1,0,Response,,,,,,,,,,,,
SV023,L,463,3,2,0,0,2,Response,,,,,,,,,,,,
SV023,L,464,3,3,0,1,3,Response,2005.9,2005.9,1075.0,1075.0,496.0,496.0,280.0,0.6,0.6,69.0,69.0,12.0
SV023,L,465,2,0,0,0,0,Response,,,,,,,,,,,,
SV023,L,466,3,3,0,0,3,Response,,,,,,,,,,,,
SV023,L,467,2,2,1,0,2,Response,,,,,,,,0.5,0.5,66.0,66.0,12.0
SV023,L,468,2,2,0,0,2,Response,,,,,,,,,,,,
SV023,L,469,2,0,1,0,0,Response,,,,,,,,,,,,
SV023,L,470,2,0,0,1,0,Response,,,,,,,,,,,,
SV023,L,471,3,2,1,0,2,Response,,,,,,,,,,,,
SV023,L,472,2,2,1,1,2,Response,1963.0,1963.0,1027.9,1027.9,382.0,382.0,772.0,0.8,0.8,74.0,74.0,16.0
SV023,L,473,2,0,0,1,0,Response,,,,,,,,,,,,
SV023,L,474,3,3,0,0,3,Response,,,,,,,,0.5,0.5,59.0,59.0,12.0
SV023,L,475,2,0,0,1,0,Response,1541.1,1541.1,1782.0,1782.0,51.0,51.0,32.0,9.0,10.5,363.0,373.0,80.0
SV023,L,476,2,2,0,1,2,Response,,,,,,,,,,,,
SV023,L,477,2,3,0,1,3,Response,2086.8,2086.8,1121.8,1121.8,446.0,446.0,64.0,1.1,1.4,270.5,470.0,84.0
SV023,L,478,2,0,1,0,0,Response,,,,,,,,,,,,
SV023,L,479,3,0,0,1,0,Response,2039.5,2094.6,1057.9,1071.7,446.0,545.0,298.0,0.45,0.5,57.0,65.0,12.0
SV023,L,480,2,2,0,0,2,Response,,,,,,,,0.5,0.5,58.0,58.0,12.0
SV023,R,1,3,2,0,0,2,Response,1216.95,1673.1,1023.9,1098.7,402.0,556.0,472.0,1.6600000000000001,4.4,234.4,583.0,57.6
SV023,R,2,2,2,0,1,2,Response,2776.7833333333333,3028.0,1025.8,1118.4,445.3333333333333,526.0,401.3333333333333,2.4714285714285715,9.5,142.14285714285714,315.0,49.714285714285715
SV023,R,3,2,0,0,1,2,Response,2794.566666666667,3011.4,1014.7333333333332,1058.2,363.0,484.0,490.6666666666667,4.625,9.8,221.25,323.0,84.0
SV023,R,4,2,3,0,1,3,Response,2958.1,2997.4,1019.2333333333332,1152.2,417.6666666666667,485.0,750.6666666666666,4.675,10.2,144.25,241.0,35.0
SV023,R,5,3,0,0,1,3,Response,2569.1,3015.4,1058.44,1143.9,452.4,538.0,541.6,2.9499999999999997,8.7,112.16666666666667,227.0,27.333333333333332
SV023,R,6,2,3,0,0,3,Response,1458.1571428571428,2045.4,1068.9,1103.0,470.0,576.0,334.2857142857143,1.9,7.2,184.25,538.0,53.5
SV023,R,7,2,3,0,0,3,Response,1468.125,1868.1,1067.675,1083.8,463.25,561.0,478.0,2.2600000000000002,3.4,113.4,142.0,24.8
SV023,R,8,3,0,1,1,3,Response,3030.8857142857146,3270.0,1239.9285714285713,1596.7,492.2857142857143,769.0,274.85714285714283,4.1375,12.5,334.125,736.0,68.5
SV023,R,9,2,2,1,0,2,Response,1313.9714285714285,1816.6,1170.9142857142856,1218.1,449.14285714285717,525.0,685.1428571428571,1.8875,6.7,109.125,258.0,20.5
SV023,R,10,2,2,0,0,2,Response,1202.325,1477.9,1045.525,1083.9,464.0,556.0,848.0,2.1399999999999997,5.6,105.0,202.0,23.2
SV023,R,11,2,2,0,1,2,Response,2485.2799999999997,3042.1,1041.74,1128.3,484.4,550.0,483.2,3.1666666666666665,12.8,282.5,1246.0,49.333333333333336
SV023,R,12,2,0,1,0,2,Response,1143.5285714285715,1932.0,1183.814285714286,1234.8,399.7142857142857,467.0,622.8571428571429,3.0,7.5,207.25,852.0,55.0
SV023,R,13,2,2,1,0,2,Response,1291.6499999999999,1967.3,1174.7,1245.5,499.1666666666667,603.0,498.0,1.9428571428571428,6.0,288.7142857142857,691.0,76.0
SV023,R,14,3,2,1,0,2,Response,1028.6799999999998,1330.0,1201.22,1248.6,522.8,633.0,596.0,2.6166666666666667,8.1,211.5,606.0,58.0
SV023,R,15,3,3,1,1,3,Response,2642.35,3089.3,1154.7833333333333,1218.4,488.3333333333333,581.0,463.3333333333333,2.457142857142857,9.8,108.42857142857143,260.0,22.857142857142858
SV023,R,16,3,2,0,1,2,Response,2739.6666666666665,3270.0,1111.8333333333333,1287.4,407.6666666666667,501.0,422.0,4.35,10.4,347.0,851.0,106.66666666666667
SV023,R,17,3,3,0,0,3,Response,1349.6285714285714,2116.1,1088.6,1186.6,377.7142857142857,504.0,292.57142857142856,2.3875,10.4,384.625,782.0,132.5
SV023,R,18,2,2,1,1,2,Response,3062.45,3270.0,1154.675,1182.4,403.5,528.0,613.0,4.16,11.9,187.6,363.0,81.6
SV023,R,19,3,2,0,0,2,Response,1323.08,2095.1,1063.8,1116.4,394.8,495.0,420.0,3.0,8.8,229.16666666666666,496.0,102.66666666666667
SV023,R,20,3,3,0,0,3,Response,1886.1,1900.9,1067.6,1081.0,407.5,427.0,502.0,0.3333333333333333,0.5,258.6666666666667,661.0,80.0
SV023,R,21,3,0,0,0,3,Response,1109.325,1256.8,1008.725,1071.3,367.75,500.0,483.0,3.04,7.3,207.8,467.0,75.2
SV023,R,22,3,2,1,0,2,Response,1179.1833333333334,2057.2,1178.4333333333334,1221.6,402.1666666666667,491.0,532.6666666666666,2.514285714285714,8.1,204.14285714285714,662.0,53.142857142857146
SV023,R,23,2,2,1,1,2,Response,2946.875,3124.3,1221.525,1282.8,383.75,485.0,528.0,3.54,10.6,131.4,223.0,79.2
SV023,R,24,2,3,1,0,2,Response,1119.4117647058824,1765.3,1189.5,1218.5,471.88235294117646,557.0,559.2941176470588,0.9611111111111111,2.0,100.11111111111111,536.0,25.333333333333332
SV023,R,25,3,0,0,0,3,Response,1295.1,2043.0,1015.1,1061.9,489.0,563.0,646.0,2.8200000000000003,8.3,112.6,223.0,26.4
SV023,R,26,2,0,1,1,3,Response,2725.5444444444447,3038.9,1196.6888888888889,1243.2,504.6666666666667,563.0,779.5555555555555,2.27,11.9,99.4,213.0,24.4
SV023,R,27,2,2,0,0,2,Response,1327.35,1732.6,1128.45,1181.4,534.25,617.0,510.0,3.0749999999999997,8.2,201.0,377.0,95.0
SV023,R,28,2,3,0,1,3,Response,2867.6,3017.5,997.1600000000001,1128.3,451.2,529.0,506.4,2.466666666666667,9.1,153.5,353.0,55.333333333333336
SV023,R,29,2,0,0,1,3,Response,2521.1,3076.6,1063.4499999999998,1112.1,476.25,548.0,848.0,4.08,10.4,352.8,1202.0,108.8
SV023,R,30,2,0,0,0,3,Response,1431.375,2100.3,1045.9,1096.7,428.5,568.0,364.5,2.088888888888889,8.4,276.0,1509.0,66.22222222222223
SV023,R,31,3,2,0,1,2,Response,2845.6,3043.0,989.1666666666666,1026.9,475.0,515.0,598.6666666666666,3.225,8.4,127.5,191.0,30.0
SV023,R,32,2,0,0,0,3,Response,1361.92,1675.3,1059.26,1097.2,473.2,555.0,544.8,1.9833333333333334,4.2,172.0,487.0,58.666666666666664
SV023,R,33,3,0,1,0,3,Response,1328.2272727272727,2083.3,1194.918181818182,1420.5,479.3636363636364,539.0,600.0,1.3583333333333334,4.3,100.33333333333333,272.0,20.333333333333332
SV023,R,34,3,2,1,0,2,Response,1105.2,1619.2,1407.857142857143,2348.2,466.14285714285717,628.0,267.42857142857144,4.475,13.3,245.75,601.0,83.5
SV023,R,35,3,3,1,0,3,Response,1413.3,1995.4,1188.8999999999999,1245.6,470.6666666666667,548.0,470.6666666666667,1.6714285714285713,3.5,108.0,157.0,20.0
SV023,R,36,3,2,1,0,2,Response,1182.3,1472.0,1199.7333333333333,1242.9,435.8333333333333,537.0,402.6666666666667,1.542857142857143,5.3,95.85714285714286,213.0,19.428571428571427
SV023,R,37,2,3,1,1,3,Response,3062.7999999999997,3168.0,1167.1000000000001,1200.7,413.6666666666667,491.0,1109.3333333333333,3.3499999999999996,10.7,116.5,238.0,28.0
SV023,R,38,2,0,1,0,3,Response,1235.5142857142857,1761.2,1182.7714285714285,1285.2,398.2857142857143,552.0,273.14285714285717,2.0625,4.9,203.75,506.0,92.5
SV023,R,39,2,0,0,1,3,Response,2730.58,3036.4,965.8399999999999,1098.3,436.0,491.0,562.4,2.8000000000000003,6.8,97.5,152.0,30.0
SV023,R,40,3,2,0,1,2,Response,2426.65,3025.5,1146.725,1643.3,388.75,504.0,525.0,5.8,15.0,246.0,509.0,41.6
SV023,R,41,2,2,0,0,2,Response,1244.9333333333334,1478.6,956.1999999999999,971.4,501.0,597.0,516.0,2.875,7.4,334.75,901.0,81.0
SV023,R,42,3,3,1,1,3,Response,2951.9666666666667,2985.4,1143.8999999999999,1185.4,452.6666666666667,542.0,836.0,2.9,9.6,104.25,200.0,26.0
SV023,R,43,2,2,0,0,2,Response,1309.9,2065.8,1252.9,1874.5,405.6,521.0,576.8,4.7,8.7,188.0,377.0,32.666666666666664
SV023,R,44,3,0,1,1,3,Response,2665.975,3110.9,1160.275,1253.6,431.125,507.0,476.5,2.2,10.9,172.77777777777777,775.0,49.333333333333336
SV023,R,45,3,2,1,1,2,Response,3001.4,3089.6,1215.0333333333333,1244.1,428.6666666666667,496.0,1012.0,4.55,9.7,140.25,227.0,34.0
SV023,R,46,3,0,1,0,3,Response,1246.4666666666667,2104.7,1177.6666666666667,1233.1,420.1111111111111,547.0,398.22222222222223,1.7899999999999998,7.9,290.9,1624.0,64.8
SV023,R,47,3,2,1,1,2,Response,2676.98,2982.7,1165.48,1226.1,393.8,474.0,525.6,1.4000000000000001,4.5,117.0,288.0,60.666666666666664
SV023,R,48,2,2,0,0,2,Response,1230.3500000000001,1982.0,1102.9166666666667,1164.3,396.6666666666667,461.0,560.6666666666666,1.8571428571428572,7.4,164.14285714285714,527.0,50.857142857142854
SV023,R,49,3,0,1,0,3,Response,1338.3200000000002,2023.8,1139.26,1164.5,436.4,481.0,644.8,1.7,4.2,98.8,137.0,20.8
SV023,R,50,3,3,0,0,3,Response,1149.1,1232.5,1099.3000000000002,1137.2,478.0,547.0,2090.0,3.366666666666667,7.4,150.66666666666666,262.0,26.666666666666668
SV023,R,51,2,3,1,1,3,Response,2739.566666666667,2943.5,1167.3333333333333,1220.1,425.6666666666667,484.0,1204.0,2.7,7.8,118.0,161.0,99.0
SV023,R,52,2,2,0,1,2,Response,2889.15,3111.9,929.8000000000001,1027.9,395.5,503.0,504.0,2.457142857142857,8.6,138.0,341.0,62.285714285714285
SV023,R,53,2,0,1,1,2,Response,2765.7000000000003,2986.1,1165.6000000000001,1198.2,440.0,556.0,913.3333333333334,1.575,3.3,103.75,158.0,19.0
SV023,R,54,3,3,0,0,3,Response,1479.3,2072.9,1024.5,1129.8,446.8,525.0,565.6,0.6799999999999999,0.9,67.8,85.0,14.4
SV023,R,55,2,3,1,0,3,Response,1253.22,1474.4,1161.3,1207.3,427.6,511.0,544.0,1.4000000000000001,2.2,98.16666666666667,125.0,19.333333333333332
SV023,R,56,2,2,0,1,2,Response,2761.1666666666665,3036.8,871.3166666666666,1069.6,408.5,488.0,520.0,1.7714285714285716,7.7,134.0,392.0,54.857142857142854
SV023,R,57,2,0,0,1,1,Response,2646.9500000000003,3053.8,921.9333333333334,1035.5,405.6666666666667,466.0,306.6666666666667,2.457142857142857,9.4,138.0,309.0,59.42857142857143
SV023,R,58,3,0,1,0,3,Response,1270.95,1429.7,1166.225,1206.2,446.5,509.0,768.0,1.64,4.0,173.6,538.0,76.0
SV023,R,59,2,3,1,0,3,Response,1241.642857142857,1739.9,1182.4714285714285,1201.1,434.57142857142856,514.0,451.42857142857144,1.1125,2.1,85.0,120.0,17.5
SV023,R,60,3,3,1,0,3,Response,956.3933333333333,1557.3,1193.6933333333334,1243.5,457.8666666666667,589.0,383.2,1.25625,5.4,117.375,540.0,29.0
SV023,R,61,3,0,1,1,3,Response,2446.842857142857,3115.7,1292.3714285714286,2053.9,400.7142857142857,551.0,446.2857142857143,4.1,15.1,177.42857142857142,590.0,24.571428571428573
SV023,R,62,3,3,1,1,3,Response,3100.866666666667,3270.0,1199.3666666666666,1227.3,435.8333333333333,498.0,569.3333333333334,2.585714285714286,11.6,233.57142857142858,925.0,64.0
SV023,R,63,2,2,0,0,2,Response,1106.8,1189.5,1002.8,1054.8,434.5,513.0,1310.0,3.4333333333333336,8.1,106.33333333333333,148.0,34.666666666666664
SV023,R,64,3,2,0,0,2,Response,1020.75,1027.6,995.8499999999999,1037.6,373.5,406.0,1136.0,3.1666666666666665,7.8,141.66666666666666,271.0,25.333333333333332
SV023,R,65,2,2,0,0,2,Response,1078.7,1230.4,1106.2,1118.3,415.0,517.0,858.6666666666666,3.1999999999999997,7.3,153.0,279.0,25.333333333333332
SV023,R,66,2,3,1,1,3,Response,2526.633333333333,3146.7,1121.8666666666666,1236.7,407.6666666666667,492.0,566.0,4.1,12.9,199.85714285714286,745.0,65.71428571428571
SV023,R,67,3,0,0,1,2,Response,2851.675,3042.5,1089.275,1405.5,489.25,629.0,885.0,7.866666666666667,16.9,214.66666666666666,284.0,104.0
SV023,R,68,2,2,1,0,2,Response,970.3000000000001,1415.7,1140.3166666666668,1183.7,434.6666666666667,547.0,552.0,2.6142857142857143,10.5,154.85714285714286,551.0,42.285714285714285
SV023,R,69,2,0,0,0,2,Response,1052.05,1068.1,1040.5,1067.6,420.0,440.0,1570.0,3.1666666666666665,7.5,137.66666666666666,236.0,26.666666666666668
SV023,R,70,3,2,0,0,2,Response,1046.275,1137.8,1006.675,1107.0,386.25,524.0,611.0,2.42,8.6,153.8,463.0,44.0
SV023,R,71,2,2,1,0,2,Response,875.9428571428572,1183.6,1197.4571428571428,1429.8,346.0,503.0,330.85714285714283,2.65,9.2,456.875,2893.0,45.5
SV023,R,72,2,2,1,0,2,Response,1270.6333333333334,1422.0,1193.0333333333333,1231.4,428.0,492.0,1024.0,1.4,3.6,93.25,153.0,18.0
SV023,R,73,3,3,1,1,3,Response,2871.45,2945.9,1170.5,1186.9,381.0,431.0,1108.0,3.6333333333333333,9.5,106.66666666666667,181.0,33.333333333333336
SV023,R,74,3,0,0,0,2,Response,1115.1,1190.0,1023.7,1025.7,437.5,486.0,1362.0,1.5999999999999999,3.5,89.66666666666667,129.0,21.333333333333332
SV023,R,75,3,2,1,0,2,Response,852.3000000000001,983.4,1165.6,1210.6,399.3333333333333,518.0,1154.6666666666667,2.8499999999999996,9.1,184.0,512.0,87.0
SV023,R,76,2,3,0,0,3,Response,1250.65,1896.9,1053.55,1105.3,400.25,436.0,711.0,1.8400000000000003,6.7,96.0,197.0,20.8
SV023,R,77,2,2,0,0,2,Response,1006.2,1006.2,1095.5,1095.5,378.0,378.0,2480.0,4.05,7.1,126.0,169.0,36.0
SV023,R,78,2,0,0,0,3,Response,1060.3666666666666,1119.6,1056.9333333333334,1172.9,365.3333333333333,447.0,918.6666666666666,3.066666666666667,7.9,215.0,485.0,96.0
SV023,R,79,2,0,0,1,1,Response,2523.92,3006.4,902.6600000000001,1028.5,363.8,448.0,448.0,3.8499999999999996,11.2,125.0,237.0,31.333333333333332
SV023,R,80,3,2,0,0,2,Response,1184.8166666666666,1574.8,1000.3333333333334,1298.4,361.5,523.0,366.0,3.3000000000000003,7.8,232.0,459.0,70.85714285714286
SV023,R,81,3,3,0,0,3,Response,1733.5595238095239,3270.0,1237.192857142857,3270.0,585.4285714285714,1088.0,189.42857142857142,4.404761904761905,27.3,438.54761904761904,2401.0,194.1904761904762
SV023,R,82,3,0,0,1,3,Response,2171.0833333333335,3068.1,1113.2333333333333,1295.7,460.1666666666667,524.0,540.6666666666666,3.8714285714285714,11.6,469.2857142857143,1726.0,77.71428571428571
SV023,R,83,3,0,1,1,3,Response,2839.2428571428572,3127.0,1135.642857142857,1169.0,416.85714285714283,486.0,464.0,2.5125,10.4,119.0,267.0,22.5
SV023,R,84,3,3,1,1,3,Response,2835.35,3130.6,1137.45,1200.9,440.3333333333333,547.0,406.0,2.442857142857143,11.2,100.28571428571429,251.0,24.0
SV023,R,85,2,0,1,1,2,Response,2425.7000000000003,2865.7,1123.5166666666667,1217.9,394.1666666666667,513.0,556.0,3.4714285714285715,7.3,131.14285714285714,224.0,29.142857142857142
SV023,R,86,2,3,0,0,3,Response,1273.625,1874.7,1186.95,1363.5,412.25,420.0,876.0,1.7600000000000002,4.5,103.2,168.0,20.8
SV023,R,87,3,3,1,0,3,Response,1335.677777777778,2225.8,1073.9111111111113,1181.2,428.44444444444446,500.0,382.6666666666667,1.7000000000000002,7.2,137.77777777777777,422.0,35.111111111111114
SV023,R,88,3,0,0,1,3,Response,2997.6,3046.3,1063.3333333333333,1244.4,402.0,450.0,973.3333333333334,4.225,7.8,122.5,200.0,35.0
SV023,R,89,3,3,0,0,3,Response,1265.92,1899.9,1045.34,1142.1,453.8,541.0,642.4,2.0666666666666664,7.3,132.16666666666666,291.0,26.0
SV023,R,90,3,3,1,0,3,Response,887.9833333333332,1133.3,1170.0166666666667,1197.1,415.8333333333333,550.0,445.3333333333333,1.7285714285714284,6.8,100.71428571428571,238.0,19.428571428571427
SV023,R,91,3,3,1,1,3,Response,2859.9125,3227.3,1216.75,1603.7,413.0,552.0,316.5,3.3444444444444446,11.8,177.44444444444446,341.0,24.0
SV023,R,92,3,2,0,0,2,Response,1026.5333333333333,1033.8,1020.6666666666666,1086.6,392.0,450.0,858.6666666666666,2.95,8.1,1456.0,2949.0,121.0
SV023,R,93,2,0,0,0,2,Response,,,,,,,,8.6,8.6,249.0,249.0,48.0
SV023,R,94,2,3,0,1,2,Response,2860.2833333333333,3270.0,1002.9333333333334,1065.9,380.5,506.0,437.3333333333333,2.771428571428572,9.3,579.2857142857143,3270.0,28.0
SV023,R,95,3,2,1,1,2,Response,3041.3599999999997,3174.1,1166.26,1248.3,429.0,531.0,499.2,3.8166666666666664,11.8,237.0,558.0,51.333333333333336
SV023,R,96,2,3,0,1,2,Response,3011.75,3064.3,983.05,1086.8,408.25,455.0,584.0,2.7,9.4,146.4,251.0,60.0
SV023,R,97,2,0,0,1,1,Response,2910.1666666666665,3064.0,894.8666666666667,915.6,441.0,504.0,524.0,4.45,10.6,143.5,235.0,37.0
SV023,R,98,2,2,1,1,2,Response,2598.075,2936.8,1155.475,1225.4,353.25,490.0,580.0,3.7399999999999998,10.1,135.0,233.0,28.8
SV023,R,99,3,3,0,1,1,Response,2514.375,3034.1,991.375,1045.1,401.0,502.0,671.0,3.5,8.1,135.0,220.0,28.8
SV023,R,100,3,0,1,1,2,Response,2769.7333333333336,2971.9,1152.2333333333333,1173.2,452.5,517.0,1371.3333333333333,1.6285714285714286,3.0,147.14285714285714,412.0,35.42857142857143
SV023,R,101,2,2,1,0,2,Response,1007.55,1429.0,1153.25,1229.1,490.0,582.0,731.0,2.48,7.0,116.2,214.0,24.8
SV023,R,102,2,0,1,1,3,Response,2851.5,3136.0,1193.7375,1259.7,443.75,542.0,353.5,2.511111111111111,10.4,286.77777777777777,960.0,75.11111111111111
SV023,R,103,2,2,1,1,2,Response,2907.6499999999996,2958.1,1163.55,1179.1,391.0,477.0,1318.0,3.4000000000000004,8.8,108.0,186.0,30.666666666666668
SV023,R,104,3,3,1,0,3,Response,1211.5,2181.3,1117.7857142857142,1184.1,418.14285714285717,512.0,457.7142857142857,2.1875,8.4,118.125,223.0,23.0
SV023,R,105,3,2,0,1,2,Response,2707.675,3059.0,1009.425,1064.0,367.25,458.0,616.0,3.025,10.0,99.75,199.0,28.0
SV023,R,106,2,3,1,1,3,Response,2739.35,3128.0,1124.3,1158.0,350.5,419.0,518.0,2.42,9.5,81.4,153.0,27.2
SV023,R,107,2,0,1,1,3,Response,2849.45,3083.8,1120.5249999999999,1147.1,337.0,440.0,638.0,2.0,7.0,82.0,133.0,26.4
SV023,R,108,2,0,1,1,3,Response,3045.0,3166.2,1181.85,1188.5,334.5,390.0,1064.0,5.666666666666667,9.0,130.0,181.0,48.0
SV023,R,109,3,2,1,0,2,Response,867.15,1095.3,1158.0125,1209.0,546.125,677.0,299.0,1.25,4.4,103.25,270.0,35.5
SV023,R,110,3,3,0,1,3,Response,2552.8875,3060.2,947.9625,1134.8,494.375,594.0,458.0,2.522222222222222,9.6,112.22222222222223,232.0,24.88888888888889
SV023,R,111,3,2,1,1,2,Response,2597.9399999999996,2923.1,1178.54,1232.6,433.5,524.0,407.2,2.111111111111111,6.1,218.77777777777777,1078.0,45.333333333333336
SV023,R,112,2,3,1,1,3,Response,2809.92,3194.6,1147.3200000000002,1194.2,456.8,565.0,549.6,3.766666666666667,12.2,163.33333333333334,519.0,43.333333333333336
SV023,R,113,3,3,1,0,3,Response,1210.6714285714286,1514.8,1153.4285714285713,1187.8,427.2857142857143,548.0,376.0,1.275,2.9,92.0,152.0,18.5
SV023,R,114,3,0,1,1,3,Response,2947.5,3083.2,1152.05,1154.6,374.5,376.0,1250.0,4.65,8.8,197.0,338.0,84.0
SV023,R,115,3,2,0,1,2,Response,3116.8599999999997,3186.2,951.5200000000001,1002.0,514.4,618.0,388.8,2.1333333333333333,8.8,190.0,634.0,38.666666666666664
SV023,R,116,3,2,0,0,2,Response,1020.9,1020.9,952.6,952.6,309.0,309.0,1364.0,3.55,6.0,1381.5,2687.0,144.0
SV023,R,117,2,2,0,1,2,Response,3059.45,3084.5,1028.6,1129.7,354.0,373.0,820.0,3.866666666666667,9.8,117.33333333333333,179.0,32.0
SV023,R,118,2,2,1,1,2,Response,2780.25,3106.4,1155.1499999999999,1222.8,391.8333333333333,525.0,340.6666666666667,1.9857142857142858,9.9,214.28571428571428,513.0,50.285714285714285
SV023,R,119,2,0,1,0,2,Response,933.4833333333332,1437.1,1277.0166666666667,1671.2,345.6666666666667,437.0,381.3333333333333,3.0428571428571423,9.2,135.28571428571428,303.0,37.142857142857146
SV023,R,120,2,0,0,0,2,Response,1085.925,1338.9,1032.15,1193.9,465.75,614.0,410.5,2.6888888888888887,7.0,218.44444444444446,699.0,55.55555555555556
SV023,R,121,2,0,1,1,2,Response,2650.68,2962.5,1091.1,1242.1,483.2,618.0,581.6,3.433333333333333,10.1,141.16666666666666,216.0,27.333333333333332
SV023,R,122,3,0,1,0,3,Response,1143.1833333333334,1586.1,1179.3333333333333,1224.8,455.5,536.0,446.0,2.0285714285714285,5.7,109.14285714285714,193.0,22.857142857142858
SV023,R,123,3,0,0,0,3,Response,1319.2,1950.4,1084.775,1175.0,437.75,505.0,636.0,2.58,7.9,109.0,221.0,27.2
SV023,R,124,3,2,0,1,2,Response,2892.1857142857143,3225.8,956.5285714285714,1245.0,453.14285714285717,620.0,286.2857142857143,3.1624999999999996,9.6,147.625,278.0,32.0
SV023,R,125,2,3,0,0,3,Response,1200.6285714285714,2047.5,1006.7428571428571,1110.1,436.42857142857144,515.0,501.7142857142857,2.1875,8.5,190.5,728.0,51.0
SV023,R,126,3,0,0,0,3,Response,1044.1,1157.2,1033.6,1161.7,431.25,528.0,675.0,2.54,7.2,122.8,169.0,27.2
SV023,R,127,2,3,0,1,2,Response,3015.06,3113.0,921.24,984.9,431.0,526.0,487.2,2.4166666666666665,8.5,99.5,159.0,26.0
SV023,R,128,3,0,0,0,3,Response,1212.6000000000001,1396.6,1028.3,1067.6,428.0,478.0,802.6666666666666,1.3,1.6,95.5,111.0,19.0
SV023,R,129,3,0,0,1,3,Response,3051.7666666666664,3068.4,1047.2,1214.7,372.6666666666667,416.0,852.0,3.3,10.2,134.5,206.0,31.0
SV023,R,130,3,2,1,0,2,Response,925.8000000000001,1360.3,1166.15,1202.4,380.3333333333333,486.0,428.6666666666667,1.9857142857142858,7.8,95.42857142857143,174.0,22.857142857142858
SV023,R,131,3,3,1,0,3,Response,1141.1000000000001,1470.4,1170.7833333333333,1207.3,400.8333333333333,461.0,440.0,2.0142857142857142,8.5,205.14285714285714,908.0,60.57142857142857
SV023,R,132,2,3,1,0,3,Response,914.6200000000001,1146.2,1209.1,1228.2,406.6,526.0,583.2,2.016666666666667,6.4,126.0,268.0,20.0
SV023,R,133,3,2,0,1,2,Response,2406.4,3007.9,1007.2,1081.3,395.0,451.0,820.0,6.2,10.4,191.5,239.0,42.0
SV023,R,134,3,0,1,1,3,Response,3119.9333333333334,3270.0,1124.177777777778,1230.9,406.77777777777777,549.0,272.0,2.6,12.3,207.5,587.0,55.6
SV023,R,135,3,2,0,1,2,Response,3026.7,3193.1,916.0,1073.0,359.75,470.0,415.0,3.62,9.9,511.6,1495.0,104.8
SV023,R,136,2,0,1,0,2,Response,1019.64,1469.6,1192.22,1235.9,456.2,574.0,463.2,2.9333333333333336,9.8,145.5,325.0,42.666666666666664
SV023,R,137,2,3,0,0,3,Response,1281.9625,1940.4,1143.525,1296.4,406.0,495.0,532.5,1.8777777777777775,7.5,134.55555555555554,335.0,26.22222222222222
SV023,R,138,2,3,0,1,1,Response,2697.0,3228.8,971.6833333333334,1130.2,340.5,518.0,393.3333333333333,4.042857142857143,13.2,151.14285714285714,213.0,36.57142857142857
SV023,R,139,2,2,1,1,2,Response,2995.5,3134.7,1092.7777777777778,1228.6,461.55555555555554,556.0,369.77777777777777,2.62,10.9,229.5,650.0,62.4
SV023,R,140,2,3,0,1,2,Response,2849.66,3111.3,873.1200000000001,939.8,431.0,584.0,357.6,4.0,9.7,478.5,1171.0,106.66666666666667
SV023,R,141,2,2,0,1,2,Response,3134.34,3270.0,1023.4200000000001,1201.9,527.0,913.0,162.8,3.6636363636363636,11.6,336.0,938.0,77.0909090909091
SV023,R,142,3,0,0,0,3,Response,1392.0,2461.1,1060.59,1610.8,473.0,731.0,410.4,3.1363636363636362,9.2,227.0909090909091,632.0,56.36363636363637
SV023,R,143,2,0,1,0,2,Response,834.3,1043.0,1160.2,1258.9,467.375,601.0,549.5,2.9000000000000004,11.6,229.0,1050.0,63.111111111111114
SV023,R,144,3,2,1,0,2,Response,859.675,968.6,1214.65,1229.4,388.75,421.0,419.0,2.9,9.3,286.0,975.0,60.0
SV023,R,145,2,2,0,1,2,Response,3065.222222222222,3270.0,864.1111111111111,1235.1,461.44444444444446,585.0,322.6666666666667,1.6800000000000002,5.8,130.0,323.0,28.0
SV023,R,146,3,0,1,1,1,Response,2515.6,2770.3,1114.925,1219.6,375.0,569.0,493.0,3.16,5.8,300.2,820.0,124.0
SV023,R,147,3,3,0,1,3,Response,3030.85,3073.9,829.4833333333332,932.0,470.8333333333333,601.0,523.3333333333334,3.4499999999999997,12.7,177.83333333333334,317.0,69.33333333333333
SV023,R,148,2,2,0,1,2,Response,3139.4636363636364,3270.0,758.9,897.1,484.72727272727275,594.0,170.9090909090909,2.441666666666667,10.9,261.0,1625.0,40.0
SV023,R,149,3,2,1,1,2,Response,2951.9166666666665,3153.5,1168.8,1465.8,372.5,590.0,342.6666666666667,2.6666666666666665,5.3,352.0,831.0,68.0
SV023,R,150,2,0,0,1,1,Response,2703.475,3032.1,940.125,1021.7,389.75,463.0,577.0,3.3400000000000007,8.9,122.8,159.0,31.2
SV023,R,151,2,0,1,1,2,Response,3120.077777777778,3270.0,1135.9777777777776,1478.0,432.3333333333333,622.0,213.77777777777777,3.8,12.0,713.8,2822.0,117.6
SV023,R,152,2,3,0,0,3,Response,1121.6,1737.7,974.325,1026.5,352.375,471.0,444.5,1.911111111111111,5.5,177.44444444444446,675.0,44.888888888888886
SV023,R,153,2,3,1,1,3,Response,3010.19375,3270.0,1175.9375,1537.0,510.875,823.0,278.75,1.80625,6.6,294.8125,980.0,45.25
SV023,R,154,3,3,0,1,3,Response,3140.8066666666664,3270.0,1173.34,1709.7,508.4,858.0,212.0,2.49375,11.9,234.0,828.0,48.5
SV023,R,155,2,2,0,1,2,Response,2978.1428571428573,3270.0,811.6714285714286,1087.2,468.5,608.0,239.71428571428572,2.14,10.2,162.93333333333334,358.0,50.4
SV023,R,156,2,0,1,0,2,Response,1267.5285714285715,1954.9,1103.5285714285715,1154.6,392.0,482.0,415.42857142857144,1.725,6.5,113.25,217.0,24.5
SV023,R,157,2,3,1,0,3,Response,1260.457142857143,1746.9,1102.6142857142856,1167.9,394.14285714285717,489.0,343.42857142857144,1.0,1.8,97.375,155.0,14.0
SV023,R,158,3,3,0,1,3,Response,3158.6,3270.0,1005.2700000000001,1666.6,544.8,680.0,146.0,3.963636363636363,10.2,477.8181818181818,1300.0,98.54545454545455
SV023,R,159,3,3,1,1,3,Response,3115.8714285714286,3270.0,1194.742857142857,1625.0,529.1904761904761,754.0,134.85714285714286,2.2047619047619045,11.4,281.0,590.0,43.61904761904762
SV023,R,160,2,0,0,1,1,Response,2908.1142857142854,3270.0,824.8000000000001,959.8,575.1428571428571,714.0,201.14285714285714,2.9124999999999996,11.6,347.625,1044.0,74.0
SV023,R,161,3,0,1,1,3,Response,2881.87,3270.0,1103.25,1236.3,514.7,632.0,217.2,1.2636363636363637,5.2,244.72727272727272,1170.0,58.90909090909091
SV023,R,162,3,2,1,1,2,Response,3045.45,3270.0,1109.875,1219.5,605.375,762.0,247.5,2.3,11.0,312.77777777777777,973.0,83.55555555555556
SV023,R,163,3,0,1,1,3,Response,3114.866666666667,3270.0,1182.9333333333334,1439.7,622.8888888888889,744.0,268.0,3.2299999999999995,10.6,302.1,512.0,74.8
SV023,R,164,2,3,0,0,3,Response,1398.9666666666665,1730.1,1049.6000000000001,1147.4,579.3333333333334,668.0,845.3333333333334,3.425,7.8,157.75,233.0,29.0
SV023,R,165,3,3,0,0,3,Response,1644.9333333333334,2640.5,1000.8666666666667,1122.2,573.6666666666666,727.0,752.0,5.5,13.1,253.25,432.0,46.0
SV023,R,166,2,3,1,1,3,Response,2986.2666666666664,3138.4,1188.8999999999999,1259.7,446.8333333333333,544.0,398.0,2.7714285714285714,9.9,115.0,225.0,25.714285714285715
SV023,R,167,3,3,1,1,3,Response,3205.8333333333335,3270.0,1323.4333333333334,1811.4,682.9230769230769,889.0,170.25641025641025,1.6358974358974359,12.6,427.28205128205127,2067.0,78.87179487179488
SV023,R,168,3,0,1,0,3,Response,1273.7083333333333,2290.6,1110.3083333333334,1252.0,582.0,708.0,265.0,2.1076923076923078,6.8,136.46153846153845,295.0,26.76923076923077
SV023,R,169,2,0,0,0,3,Response,1477.275,2373.9,1011.875,1090.0,623.0,769.0,826.0,3.8,12.0,187.8,422.0,48.0
SV023,R,170,2,0,0,1,3,Response,2819.0941176470587,3270.0,1001.1823529411764,1336.3,505.7647058823529,641.0,200.7058823529412,2.011111111111111,9.3,197.0,803.0,26.666666666666668
SV023,R,171,3,0,0,1,3,Response,2901.4875,3270.0,1095.375,1494.4,535.25,613.0,303.5,3.511111111111111,10.5,220.88888888888889,427.0,32.44444444444444
SV023,R,172,3,0,0,0,3,Response,1295.0333333333333,1997.2,915.8555555555556,1022.0,543.0,605.0,275.1111111111111,1.95,8.4,141.0,229.0,30.8
SV023,R,173,2,3,1,1,3,Response,2589.06,3270.0,1104.97,1355.0,544.3,735.0,347.2,2.98,12.8,248.9,637.0,32.8
SV023,R,174,2,3,1,0,3,Response,1057.275,1912.6,1083.05,1187.8,534.875,653.0,525.5,2.288888888888889,8.2,144.0,316.0,33.333333333333336
SV023,R,175,2,2,1,0,2,Response,1440.964705882353,2083.1,1094.3176470588237,1246.3,625.1764705882352,757.0,375.52941176470586,1.788888888888889,6.3,142.61111111111111,275.0,24.666666666666668
SV023,R,176,2,3,0,0,3,Response,1431.22,2168.3,1047.6799999999998,1127.0,594.2,829.0,535.6,2.7818181818181817,7.1,181.1818181818182,332.0,26.181818181818183
SV023,R,177,3,3,1,1,3,Response,3051.1222222222223,3270.0,1187.4888888888888,1509.5,611.8888888888889,820.0,336.44444444444446,3.31,11.4,511.8,1966.0,87.6
SV023,R,178,3,3,1,1,3,Response,3212.8416666666667,3270.0,1352.8333333333333,1592.0,711.5833333333334,920.0,174.66666666666666,3.0500000000000003,12.0,348.4166666666667,649.0,96.33333333333333
SV023,R,179,3,3,0,0,3,Response,1173.6799999999998,1443.2,952.0,1035.5,530.6,638.0,442.4,2.483333333333333,7.5,157.33333333333334,310.0,50.0
SV023,R,180,2,3,0,0,3,Response,1375.8,2445.7,847.9,920.1,550.2,705.0,569.6,3.5999999999999996,12.1,354.3333333333333,1337.0,66.66666666666667
SV023,R,181,2,2,1,0,2,Response,1513.8,2374.9,988.6,1139.9,634.125,774.0,357.0,2.4625,11.5,156.0,465.0,26.5
SV023,R,182,2,3,1,0,3,Response,1207.9888888888888,2362.5,1078.3666666666666,1153.0,623.4444444444445,742.0,467.55555555555554,2.65,11.6,258.6,641.0,84.8
SV023,R,183,2,3,1,0,3,Response,1584.5,2383.4,1061.76,1285.7,523.2666666666667,722.0,211.46666666666667,1.9466666666666665,6.9,149.93333333333334,496.0,27.2
SV023,R,184,2,3,0,1,2,Response,2849.0052631578947,3270.0,809.5052631578948,1266.2,512.4736842105264,730.0,152.6315789473684,2.225,11.9,219.5,754.0,58.6
SV023,R,185,2,3,1,0,3,Response,853.07,1576.4,1100.91,1211.2,465.8,636.0,254.0,1.9636363636363638,7.5,135.36363636363637,280.0,28.0
SV023,R,186,3,2,0,0,2,Response,1372.711111111111,2235.7,1011.9555555555556,1642.2,551.5555555555555,817.0,396.8888888888889,3.17,13.6,501.8,3270.0,55.2
SV023,R,187,3,0,0,1,2,Response,2916.3416666666667,3270.0,986.3333333333334,1143.9,517.3333333333334,706.0,169.33333333333334,2.1307692307692307,8.2,172.76923076923077,584.0,42.46153846153846
SV023,R,188,3,3,0,1,3,Response,3149.56,3270.0,1020.4066666666666,1533.1,562.0666666666667,796.0,143.2,2.70625,11.8,494.9375,1670.0,120.75
SV023,R,189,3,0,1,0,0,Response,1183.3,1183.3,1126.3,1126.3,640.0,640.0,696.0,1.3,1.5,95.5,97.0,18.0
SV023,R,190,3,3,0,0,3,Response,1180.6666666666667,2270.5,1109.0222222222224,1696.9,535.6666666666666,754.0,240.0,3.29,10.3,250.2,672.0,47.6
SV023,R,191,2,0,0,0,3,Response,1336.5700000000002,2578.5,1089.47,1555.6,636.75,849.0,156.8,3.71,14.7,613.25,3074.0,309.8
SV023,R,192,3,3,1,0,3,Response,1223.34,1826.9,1152.6933333333334,1285.6,550.0,818.0,175.2,1.8666666666666667,4.8,165.06666666666666,486.0,27.466666666666665
SV023,R,193,3,0,1,0,3,Response,1226.3428571428572,1771.4,1190.357142857143,1295.5,583.8571428571429,693.0,341.7142857142857,1.8875,3.5,118.375,192.0,29.0
SV023,R,194,2,3,1,0,3,Response,1192.8333333333333,1388.6,1209.7,1277.2,566.1666666666666,713.0,490.0,1.7833333333333332,5.1,108.5,217.0,20.0
SV023,R,195,2,0,1,0,3,Response,1260.229411764706,1663.4,1204.7882352941178,1290.7,563.8235294117648,700.0,178.35294117647058,1.211764705882353,2.1,104.82352941176471,146.0,17.176470588235293
SV023,R,196,3,2,1,0,2,Response,1274.253846153846,1595.4,1192.6,1278.0,588.0,696.0,325.84615384615387,1.1307692307692307,1.8,136.15384615384616,548.0,24.0
SV023,R,197,3,3,0,1,3,Response,2472.6058823529415,3270.0,1039.7823529411764,1580.9,594.0,852.0,170.58823529411765,3.7375,13.0,363.75,1622.0,71.0
SV023,R,198,3,2,1,0,2,Response,1438.9,2568.0,1223.38,2028.7,513.2,769.0,217.6,2.8000000000000003,11.0,170.45454545454547,458.0,34.54545454545455
SV023,R,199,2,2,1,0,2,Response,1443.08,1863.7,1176.8,1237.3,433.4,652.0,274.4,3.266666666666666,8.7,241.66666666666666,690.0,63.333333333333336
SV023,R,200,2,2,0,0,2,Response,1480.5076923076922,2542.5,1367.8846153846155,1852.3,515.3846153846154,744.0,135.3846153846154,3.6999999999999997,12.7,255.07142857142858,614.0,52.0
SV023,R,201,2,2,1,1,2,Response,2888.38,3270.0,1139.8700000000001,1287.4,364.6,546.0,142.0,3.290909090909091,14.6,310.27272727272725,1255.0,53.45454545454545
SV023,R,202,2,2,1,1,2,Response,2944.0,3270.0,1084.6000000000001,1218.7,566.1428571428571,701.0,179.42857142857142,3.7625,10.9,619.25,838.0,162.0
SV023,R,203,3,0,0,0,3,Response,1568.95,2271.1,1000.2874999999999,1146.5,570.75,767.0,361.5,2.8,8.6,183.875,391.0,23.5
SV023,R,204,3,0,1,0,3,Response,1242.125,2402.0,1089.6666666666667,1240.6,578.25,766.0,196.66666666666666,2.8333333333333335,12.5,183.25,455.0,34.0
SV023,R,205,3,0,1,0,3,Response,1439.5555555555557,2349.2,1058.1444444444444,1175.7,613.4444444444445,709.0,367.1111111111111,2.7,8.1,184.75,394.0,35.5
SV023,R,206,2,0,1,1,3,Response,2754.480769230769,3270.0,1222.4192307692306,1719.5,568.8076923076923,933.0,135.53846153846155,4.9423076923076925,16.1,412.9230769230769,1991.0,90.0
SV023,R,207,3,3,1,0,3,Response,1271.8785714285714,2165.0,1082.3785714285716,1290.9,603.7857142857143,710.0,463.42857142857144,1.8,5.2,194.71428571428572,534.0,50.57142857142857
SV023,R,208,2,3,1,1,3,Response,2724.4,3239.2,1057.25,1241.7,502.625,708.0,293.5,5.155555555555555,11.9,566.0,3270.0,65.33333333333333
SV023,R,209,2,2,0,1,2,Response,2963.68125,3270.0,980.625,1239.7,542.0,709.0,91.0,2.323529411764706,9.0,378.29411764705884,1158.0,125.17647058823529
SV023,R,210,2,3,0,1,2,Response,2918.57,3188.8,909.15,1199.2,545.6,699.0,170.0,2.21,10.9,573.0,3270.0,59.2
SV023,R,211,2,0,1,0,3,Response,1336.075,2247.5,1192.7375,1513.2,514.125,662.0,313.5,3.822222222222222,7.3,255.77777777777777,518.0,46.22222222222222
SV023,R,212,2,3,1,1,3,Response,2602.7461538461534,3270.0,1190.6692307692308,1979.7,571.0769230769231,776.0,147.07692307692307,4.871428571428572,20.7,566.7142857142857,2392.0,89.42857142857143
SV023,R,213,3,0,0,1,3,Response,2967.8375,3270.0,986.2875,1450.3,514.0625,663.0,166.25,2.7937499999999997,10.2,233.4375,863.0,77.0
SV023,R,214,3,2,0,0,2,Response,1295.1315789473683,2149.8,937.2052631578948,1124.5,548.7894736842105,749.0,158.31578947368422,2.005263157894737,8.1,216.57894736842104,617.0,55.1578947368421
SV023,R,215,2,0,0,1,1,Response,2988.785714285714,3270.0,760.0500000000001,1050.5,494.57142857142856,729.0,71.42857142857143,2.4,14.0,284.93333333333334,1185.0,69.6
SV023,R,216,3,3,0,0,3,Response,2060.7125,2216.0,969.35,1037.4,709.0,801.0,273.5,1.5666666666666667,2.5,636.7777777777778,3270.0,76.88888888888889
SV023,R,217,2,0,0,0,3,Response,1145.675,1788.5,1167.8999999999999,1675.7,458.3333333333333,624.0,186.0,2.9333333333333336,9.6,211.91666666666666,799.0,58.666666666666664
SV023,R,218,3,2,0,0,2,Response,1556.0272727272727,2122.3,1047.4272727272726,1151.1,600.7272727272727,786.0,214.9090909090909,2.3454545454545457,7.3,220.0,648.0,58.54545454545455
SV023,R,219,3,3,1,0,3,Response,1223.4875,1515.8,1134.975,1244.4,585.25,686.0,370.5,2.25,4.3,150.5,219.0,21.5
SV023,R,220,2,2,0,0,2,Response,1737.6916666666666,2568.9,1019.9333333333334,1236.6,637.0833333333334,822.0,175.33333333333334,4.6923076923076925,12.8,331.0,810.0,57.53846153846154
SV023,R,221,3,3,0,1,3,Response,1996.64,2152.1,1034.98,1056.6,536.2,606.0,443.2,1.3833333333333335,2.1,356.6666666666667,914.0,131.33333333333334
SV023,R,222,3,3,0,1,2,Response,1929.5,1929.5,1054.5,1054.5,519.0,519.0,36.0,0.6,0.7,62.5,65.0,14.0
SV023,R,223,3,0,0,0,3,Response,1217.6,1918.5,957.325,1099.1,621.5,821.0,1014.5,2.9222222222222225,7.2,268.44444444444446,676.0,69.33333333333333
SV023,R,224,2,2,1,1,2,Response,3226.16,3270.0,1192.35,1466.7,615.9,852.0,198.4,3.1818181818181817,12.8,334.90909090909093,1079.0,72.0
SV023,R,225,2,0,1,0,2,Response,1340.6,1893.5,1109.8000000000002,1254.1,544.4444444444445,707.0,373.77777777777777,1.288888888888889,2.5,121.77777777777777,170.0,27.555555555555557
SV023,R,226,3,2,1,1,2,Response,3075.3888888888887,3270.0,1213.822222222222,1578.0,692.8333333333334,911.0,116.44444444444444,2.0277777777777777,12.3,218.0,452.0,51.111111111111114
SV023,R,227,3,2,1,1,2,Response,3068.6545454545453,3270.0,1250.6454545454546,1630.4,632.3636363636364,821.0,237.0909090909091,2.6545454545454543,9.7,275.54545454545456,522.0,45.45454545454545
SV023,R,228,2,0,1,1,1,Response,2850.9928571428572,3270.0,1187.5357142857142,1430.2,561.7142857142857,699.0,160.28571428571428,2.3133333333333335,13.4,299.26666666666665,610.0,45.06666666666667
SV023,R,229,2,0,0,0,2,Response,1335.1200000000001,2458.3,1139.1799999999998,2190.7,516.9,767.0,329.2,4.4,19.2,196.0,559.0,26.8
SV023,R,230,2,3,0,1,3,Response,3182.0941176470587,3270.0,1051.8588235294117,1735.1,584.3529411764706,969.0,95.05882352941177,3.123529411764706,10.4,418.8235294117647,920.0,91.05882352941177
SV023,R,231,3,2,1,1,2,Response,2184.491666666667,2908.4,999.275,1256.0,578.6666666666666,729.0,172.0,3.0083333333333333,9.5,288.0,838.0,82.66666666666667
SV023,R,232,3,2,0,1,2,Response,2646.7846153846153,3270.0,1022.0615384615384,1428.7,504.61538461538464,671.0,164.6153846153846,2.907142857142857,10.7,308.0,820.0,104.85714285714286
SV023,R,233,3,3,0,1,3,Response,2923.5299999999997,3270.0,1047.79,1400.9,492.7,693.0,101.2,4.818181818181818,13.5,550.7272727272727,2001.0,173.0909090909091
SV023,R,234,2,0,1,0,2,Response,1100.225,1614.6,1134.4625,1435.1,431.625,570.0,260.5,2.111111111111111,6.7,153.11111111111111,354.0,76.0
SV023,R,235,2,2,1,0,2,Response,1280.45,1932.3,1085.725,1179.0,464.75,488.0,675.0,3.6,7.2,251.5,534.0,60.0
SV023,R,236,3,0,0,1,2,Response,2689.2400000000002,3270.0,1149.94,1498.5,538.35,752.0,152.2,3.157142857142857,13.8,348.0,2203.0,64.95238095238095
SV023,R,237,2,2,1,1,2,Response,2962.3333333333335,3270.0,1146.925,1476.2,522.25,706.0,127.33333333333333,2.576923076923077,14.2,284.53846153846155,808.0,103.38461538461539
SV023,R,238,3,2,0,1,2,Response,2879.1555555555556,3270.0,1426.2666666666667,2037.8,462.3333333333333,1087.0,66.22222222222223,3.929411764705882,14.5,446.0,1244.0,112.0
SV023,R,239,3,2,1,1,2,Response,2780.7461538461534,3270.0,1090.1692307692308,1271.8,478.3076923076923,754.0,176.0,3.0416666666666665,12.0,524.75,2455.0,79.33333333333333
SV023,R,240,3,0,0,1,2,Response,3032.1625,3270.0,1442.025,1878.3,633.75,875.0,226.5,3.9111111111111114,14.9,290.1111111111111,685.0,112.88888888888889
SV023,R,241,2,2,0,0,2,Response,2076.6375,2222.0,943.05,1157.4,667.0,779.0,191.5,1.5375,4.1,255.25,769.0,75.0
SV023,R,242,2,3,0,0,3,Response,1950.6,1950.6,996.4,996.4,532.0,532.0,28.0,0.55,0.7,1685.5,3219.0,108.0
SV023,R,243,2,2,1,0,2,Response,2302.7,2322.8,1230.05,1237.6,775.5,790.0,62.0,2.433333333333333,3.2,222.0,265.0,24.0
SV023,R,244,2,0,0,0,0,Response,2096.4333333333334,2192.8,980.6833333333334,1004.4,604.1666666666666,703.0,94.66666666666667,1.2857142857142858,2.9,249.71428571428572,577.0,52.0
SV023,R,245,2,2,0,0,2,Response,2082.4500000000003,2169.8,1022.2,1074.9,665.0,700.0,95.0,1.2333333333333334,1.8,215.66666666666666,420.0,49.333333333333336
SV023,R,246,2,2,0,1,2,Response,1894.3,1894.3,1301.3,1301.3,498.0,498.0,304.0,1.4,1.8,546.5,1025.0,208.0
SV023,R,247,2,3,1,1,2,Response,,,,,,,,,,,,
SV023,R,248,3,3,1,0,2,Response,,,,,,,,1.2,1.2,878.0,878.0,184.0
SV023,R,249,2,2,0,0,2,Response,,,,,,,,,,,,
SV023,R,250,3,3,1,0,3,Response,1939.2,1976.8,1044.3285714285714,1072.7,500.85714285714283,616.0,537.1428571428571,0.9625,1.3,942.0,1190.0,178.0
SV023,R,251,3,3,0,1,3,Response,,,,,,,,,,,,
SV023,R,252,3,2,0,0,2,Response,2010.0,2010.0,1127.9,1127.9,625.0,625.0,276.0,0.4,0.4,54.0,54.0,12.0
SV023,R,253,2,2,1,1,2,Response,,,,,,,,0.5,0.5,56.0,56.0,12.0
SV023,R,254,2,0,1,0,0,Response,,,,,,,,,,,,
SV023,R,255,3,2,0,0,2,Response,,,,,,,,1.6,1.6,1118.0,1118.0,280.0
SV023,R,256,2,2,1,1,2,Response,,,,,,,,,,,,
SV023,R,257,3,3,0,0,3,Response,,,,,,,,1.7,1.7,1001.0,1001.0,272.0
SV023,R,258,3,2,1,1,2,Response,,,,,,,,,,,,
SV023,R,259,3,2,1,1,2,Response,,,,,,,,,,,,
SV023,R,260,3,0,0,1,0,Response,,,,,,,,,,,,
SV023,R,261,2,0,0,1,0,Response,,,,,,,,,,,,
SV023,R,262,3,0,1,0,0,Response,,,,,,,,0.5,0.5,64.0,64.0,12.0
SV023,R,263,3,0,0,0,0,Response,,,,,,,,1.1,1.1,997.0,997.0,308.0
SV023,R,264,3,2,0,0,2,Response,,,,,,,,,,,,
SV023,R,265,2,3,0,1,3,Response,,,,,,,,,,,,
SV023,R,266,2,2,0,1,2,Response,,,,,,,,,,,,
SV023,R,267,3,2,0,1,2,Response,,,,,,,,,,,,
SV023,R,268,2,2,0,0,2,Response,,,,,,,,,,,,
SV023,R,269,2,2,1,1,2,Response,,,,,,,,,,,,
SV023,R,270,3,3,0,0,3,Response,,,,,,,,,,,,
SV023,R,271,2,0,1,1,0,Response,,,,,,,,,,,,
SV023,R,272,2,3,0,0,3,Response,2010.1,2010.1,1115.2,1115.2,540.0,540.0,112.0,0.75,1.0,1666.0,3270.0,136.0
SV023,R,273,2,0,1,1,0,Response,1976.7,1976.7,1113.9,1113.9,467.0,467.0,264.0,0.55,0.6,69.0,71.0,12.0
SV023,R,274,3,3,1,1,3,Response,,,,,,,,,,,,
SV023,R,275,2,0,1,1,0,Response,,,,,,,,,,,,
SV023,R,276,2,0,0,0,0,Response,,,,,,,,,,,,
SV023,R,277,3,2,0,0,2,Response,,,,,,,,,,,,
SV023,R,278,3,2,1,1,2,Response,,,,,,,,,,,,
SV023,R,279,2,2,0,0,2,Response,,,,,,,,,,,,
SV023,R,280,3,2,1,1,2,Response,,,,,,,,,,,,
SV023,R,281,2,0,0,0,0,Response,,,,,,,,,,,,
SV023,R,282,3,0,0,1,0,Response,,,,,,,,1.1,1.1,3270.0,3270.0,260.0
SV023,R,283,2,2,0,1,2,Response,,,,,,,,,,,,
SV023,R,284,3,3,1,0,3,Response,,,,,,,,0.5,0.5,63.0,63.0,12.0
SV023,R,285,2,0,1,0,0,Response,,,,,,,,0.6,0.6,71.0,71.0,12.0
SV023,R,286,3,0,1,0,0,Response,,,,,,,,,,,,
SV023,R,287,2,3,1,0,3,Response,,,,,,,,,,,,
SV023,R,288,2,2,0,0,2,Response,,,,,,,,,,,,
SV023,R,289,2,0,0,1,0,Response,,,,,,,,,,,,
SV023,R,290,2,2,0,0,2,Response,,,,,,,,,,,,
SV023,R,291,3,2,0,0,2,Response,,,,,,,,,,,,
SV023,R,292,2,3,0,1,3,Response,,,,,,,,,,,,
SV023,R,293,2,2,0,0,2,Response,1922.0,1922.0,1078.6,1078.6,460.0,460.0,544.0,0.5,0.5,63.0,67.0,12.0
SV023,R,294,3,3,1,1,3,Response,1995.7,1995.7,1125.1,1125.1,579.0,579.0,116.0,1.25,1.7,1642.0,3210.0,146.0
SV023,R,295,3,2,0,1,2,Response,,,,,,,,,,,,
SV023,R,296,3,0,0,1,0,Response,,,,,,,,,,,,
SV023,R,297,3,3,1,0,3,Response,,,,,,,,0.7,0.7,680.0,680.0,188.0
SV023,R,298,3,3,1,1,3,Response,2031.6,2031.6,1093.9,1093.9,518.0,518.0,620.0,1.25,1.6,390.5,695.0,76.0
SV023,R,299,3,0,1,0,0,Response,,,,,,,,0.5,0.5,61.0,61.0,12.0
SV023,R,300,3,3,1,0,3,Response,,,,,,,,1.5,1.5,856.0,856.0,240.0
SV023,R,301,3,2,0,1,2,Response,,,,,,,,,,,,
SV023,R,302,3,0,1,1,0,Response,,,,,,,,,,,,
SV023,R,303,2,3,0,1,3,Response,1942.65,2001.3,1099.7,1115.4,507.5,508.0,128.0,0.55,0.6,64.5,71.0,12.0
SV023,R,304,2,0,1,1,0,Response,,,,,,,,,,,,
SV023,R,305,2,2,1,0,2,Response,,,,,,,,,,,,
SV023,R,306,3,3,1,0,3,Response,,,,,,,,,,,,
SV023,R,307,3,2,0,0,2,Response,,,,,,,,0.8,0.8,3270.0,3270.0,288.0
SV023,R,308,3,0,0,0,0,Response,,,,,,,,,,,,
SV023,R,309,3,2,0,1,2,Response,1969.2,1969.2,1061.9,1061.9,469.0,469.0,64.0,2.0,2.0,764.0,764.0,348.0
SV023,R,310,2,3,1,0,3,Response,,,,,,,,,,,,
SV023,R,311,2,2,1,1,2,Response,,,,,,,,0.5,0.5,59.0,59.0,12.0
SV023,R,312,3,2,1,1,2,Response,1869.5,1869.5,1091.6,1091.6,488.0,488.0,148.0,0.85,1.2,464.5,871.0,176.0
SV023,R,313,2,0,1,1,0,Response,,,,,,,,,,,,
SV023,R,314,3,2,1,0,2,Response,,,,,,,,0.9,0.9,1098.0,1098.0,316.0
SV023,R,315,3,3,1,1,3,Response,,,,,,,,0.8,0.8,66.0,66.0,16.0
SV023,R,316,3,3,0,0,3,Response,1928.5,1928.5,1108.9,1108.9,521.0,521.0,760.0,0.5,0.5,60.5,64.0,12.0
SV023,R,317,2,3,1,0,3,Response,,,,,,,,,,,,
SV023,R,318,3,2,1,0,2,Response,,,,,,,,1.2,1.2,1001.0,1001.0,292.0
SV023,R,319,3,0,1,1,0,Response,,,,,,,,,,,,
SV023,R,320,3,3,0,0,3,Response,,,,,,,,,,,,
SV023,R,321,3,0,1,1,0,Response,,,,,,,,0.7,0.7,61.0,61.0,16.0
SV023,R,322,3,3,0,1,3,Response,,,,,,,,0.5,0.5,58.0,58.0,12.0
SV023,R,323,3,2,1,0,2,Response,,,,,,,,0.9,0.9,1061.0,1061.0,280.0
SV023,R,324,3,3,0,1,3,Response,,,,,,,,,,,,
SV023,R,325,2,0,0,1,0,Response,,,,,,,,,,,,
SV023,R,326,2,3,0,1,3,Response,,,,,,,,,,,,
SV023,R,327,3,3,0,0,3,Response,,,,,,,,,,,,
SV023,R,328,2,0,0,1,0,Response,,,,,,,,,,,,
SV023,R,329,2,3,0,0,3,Response,,,,,,,,,,,,
SV023,R,330,3,0,0,0,0,Response,,,,,,,,,,,,
SV023,R,331,2,3,0,0,3,Response,,,,,,,,,,,,
SV023,R,332,3,0,0,0,0,Response,,,,,,,,,,,,
SV023,R,333,2,2,1,0,2,Response,,,,,,,,1.0,1.0,1195.0,1195.0,320.0
SV023,R,334,2,2,1,0,2,Response,1910.9,1910.9,1123.2,1123.2,532.0,532.0,220.0,0.8999999999999999,1.2,476.5,885.0,164.0
SV023,R,335,3,0,1,1,0,Response,,,,,,,,,,,,
SV023,R,336,2,2,1,1,2,Response,,,,,,,,,,,,
SV023,R,337,2,0,1,0,0,Response,,,,,,,,1.5,1.5,2348.0,2348.0,200.0
SV023,R,338,2,0,1,1,0,Response,,,,,,,,2.0,2.0,1910.0,1910.0,360.0
SV023,R,339,3,3,1,0,3,Response,,,,,,,,,,,,
SV023,R,340,3,0,0,1,0,Response,,,,,,,,,,,,
SV023,R,341,2,3,1,1,3,Response,,,,,,,,,,,,
SV023,R,342,2,3,1,0,3,Response,,,,,,,,0.5,0.5,63.0,63.0,12.0
SV023,R,343,3,3,1,1,3,Response,,,,,,,,,,,,
SV023,R,344,2,0,0,1,0,Response,,,,,,,,,,,,
SV023,R,345,2,0,0,0,0,Response,,,,,,,,,,,,
SV023,R,346,2,3,0,0,3,Response,,,,,,,,,,,,
SV023,R,347,2,3,0,1,3,Response,2049.5,2049.5,1090.0,1090.0,593.0,593.0,288.0,0.8,0.8,433.5,802.0,168.0
SV023,R,348,2,0,1,0,0,Response,,,,,,,,1.2,1.2,838.0,838.0,232.0
SV023,R,349,2,2,0,1,2,Response,,,,,,,,,,,,
SV023,R,350,2,3,1,1,3,Response,,,,,,,,,,,,
SV023,R,351,3,3,0,0,3,Response,,,,,,,,,,,,
SV023,R,352,2,2,0,1,2,Response,,,,,,,,,,,,
SV023,R,353,2,2,1,0,2,Response,,,,,,,,1.0,1.0,1261.0,1261.0,284.0
SV023,R,354,2,3,1,0,3,Response,,,,,,,,,,,,
SV023,R,355,2,2,1,0,2,Response,,,,,,,,,,,,
SV023,R,356,3,2,1,0,2,Response,,,,,,,,,,,,
SV023,R,357,3,3,0,0,3,Response,2173.5,2309.2,1109.9333333333334,1273.6,534.6666666666666,583.0,102.66666666666667,2.8000000000000003,4.2,281.6666666666667,432.0,24.0
SV023,R,358,3,2,0,1,2,Response,,,,,,,,,,,,
SV023,R,359,3,0,0,1,0,Response,,,,,,,,,,,,
SV023,R,360,2,0,1,0,0,Response,,,,,,,,,,,,
SV023,R,361,2,0,1,1,0,Response,,,,,,,,0.5,0.5,61.0,61.0,12.0
SV023,R,362,3,3,1,1,3,Response,,,,,,,,,,,,
SV023,R,363,3,0,1,0,0,Response,,,,,,,,,,,,
SV023,R,364,2,3,0,1,3,Response,,,,,,,,,,,,
SV023,R,365,2,2,1,0,2,Response,1982.2,1982.2,1116.7,1116.7,471.0,471.0,436.0,1.3,1.7,531.0,981.0,122.0
SV023,R,366,2,0,0,0,0,Response,1917.2,1917.2,1079.4,1079.4,457.0,457.0,552.0,0.5,0.5,61.0,61.0,12.0
SV023,R,367,2,2,0,0,2,Response,,,,,,,,,,,,
SV023,R,368,2,0,1,0,3,Response,,,,,,,,,,,,
SV023,R,369,3,2,1,0,2,Response,1976.3,1976.3,1107.1,1107.1,390.0,390.0,956.0,1.65,2.3,420.5,754.0,140.0
SV023,R,370,3,3,1,1,3,Response,1972.2,1972.2,1070.6,1070.6,592.0,592.0,220.0,0.55,0.6,442.0,825.0,142.0
SV023,R,371,2,3,1,1,3,Response,,,,,,,,,,,,
SV023,R,372,3,3,0,1,3,Response,,,,,,,,1.8,1.8,950.0,950.0,216.0
SV023,R,373,2,0,1,1,0,Response,1952.3,1952.3,1107.3,1107.3,351.0,351.0,204.0,0.5,0.5,64.0,64.0,12.0
SV023,R,374,3,0,1,1,0,Response,,,,,,,,,,,,
SV023,R,375,2,3,0,1,3,Response,,,,,,,,1.1,1.1,1052.0,1052.0,328.0
SV023,R,376,3,0,1,1,0,Response,1948.5,1948.5,1071.4,1071.4,397.0,397.0,648.0,0.5,0.5,62.0,62.0,12.0
SV023,R,377,2,3,0,0,3,Response,,,,,,,,,,,,
SV023,R,378,3,3,0,1,3,Response,1966.6,1966.6,1133.1,1133.1,432.0,432.0,248.0,2.1,2.1,641.0,641.0,252.0
SV023,R,379,2,0,0,0,0,Response,,,,,,,,,,,,
SV023,R,380,3,0,0,0,0,Response,1913.8000000000002,1952.2,1037.5,1061.8,425.0,443.0,600.0,1.2,2.3,869.3333333333334,2485.0,90.66666666666667
SV023,R,381,3,2,1,0,2,Response,1916.2,1916.2,1076.6,1076.6,378.0,378.0,304.0,0.6499999999999999,0.7,69.0,74.0,14.0
SV023,R,382,3,0,0,0,0,Response,1999.2,2044.2,1151.25,1184.4,387.0,506.0,40.0,4.433333333333334,10.2,914.6666666666666,2487.0,85.33333333333333
SV023,R,383,3,3,0,1,3,Response,1975.7,1975.7,1115.5,1115.5,487.0,487.0,232.0,1.1,1.6,424.5,777.0,170.0
SV023,R,384,2,2,1,1,2,Response,,,,,,,,,,,,
SV023,R,385,2,2,0,0,2,Response,,,,,,,,,,,,
SV023,R,386,2,0,0,0,0,Response,1974.7,1974.7,1072.9,1072.9,449.0,449.0,644.0,1.55,2.0,417.5,753.0,120.0
SV023,R,387,3,2,1,1,2,Response,1935.8,1935.8,1072.4,1072.4,521.0,521.0,540.0,0.5,0.5,67.0,67.0,12.0
SV023,R,388,3,0,0,0,0,Response,,,,,,,,,,,,
SV023,R,389,3,0,1,1,0,Response,,,,,,,,1.1,1.1,988.0,988.0,160.0
SV023,R,390,2,0,0,1,0,Response,,,,,,,,,,,,
SV023,R,391,2,3,1,1,3,Response,,,,,,,,1.7,1.7,3270.0,3270.0,164.0
SV023,R,392,2,0,1,1,0,Response,,,,,,,,2.5,2.5,1230.0,1230.0,192.0
SV023,R,393,3,2,0,1,2,Response,,,,,,,,,,,,
SV023,R,394,2,3,0,0,3,Response,,,,,,,,,,,,
SV023,R,395,2,2,1,1,2,Response,,,,,,,,,,,,
SV023,R,396,2,2,1,1,2,Response,1989.3,1989.3,1071.4,1071.4,552.0,552.0,360.0,0.45,0.5,58.0,61.0,12.0
SV023,R,397,3,2,1,0,2,Response,,,,,,,,2.0,2.0,937.0,937.0,288.0
SV023,R,398,3,2,1,0,2,Response,,,,,,,,,,,,
SV023,R,399,3,3,1,1,3,Response,,,,,,,,1.5,1.5,664.0,664.0,288.0
SV023,R,400,3,2,1,1,2,Response,,,,,,,,,,,,
SV023,R,401,2,3,0,0,3,Response,,,,,,,,,,,,
SV023,R,402,2,0,0,1,0,Response,,,,,,,,,,,,
SV023,R,403,3,0,1,0,0,Response,,,,,,,,,,,,
SV023,R,404,3,3,0,1,3,Response,,,,,,,,0.5,0.5,61.0,61.0,12.0
SV023,R,405,3,0,0,0,0,Response,,,,,,,,,,,,
SV023,R,406,2,3,1,1,3,Response,,,,,,,,,,,,
SV023,R,407,3,0,1,0,0,Response,,,,,,,,1.9,1.9,820.0,820.0,400.0
SV023,R,408,2,3,1,1,3,Response,,,,,,,,,,,,
SV023,R,409,2,2,1,1,2,Response,,,,,,,,,,,,
SV023,R,410,3,3,0,0,3,Response,,,,,,,,,,,,
SV023,R,411,2,0,1,0,0,Response,,,,,,,,,,,,
SV023,R,412,2,3,1,0,3,Response,,,,,,,,,,,,
SV023,R,413,3,0,1,0,0,Response,,,,,,,,9.7,9.7,3270.0,3270.0,232.0
SV023,R,414,3,3,0,0,3,Response,,,,,,,,,,,,
SV023,R,415,3,2,1,1,2,Response,,,,,,,,,,,,
SV023,R,416,3,0,0,1,0,Response,,,,,,,,,,,,
SV023,R,417,2,3,1,1,3,Response,,,,,,,,2.0,2.0,904.0,904.0,200.0
SV023,R,418,2,2,0,1,2,Response,,,,,,,,,,,,
SV023,R,419,3,3,1,0,3,Response,,,,,,,,,,,,
SV023,R,420,3,3,0,0,3,Response,,,,,,,,,,,,
SV023,R,421,2,2,0,1,2,Response,,,,,,,,,,,,
SV023,R,422,3,2,1,0,2,Response,,,,,,,,,,,,
SV023,R,423,2,0,0,1,0,Response,,,,,,,,,,,,
SV023,R,424,3,2,0,1,2,Response,,,,,,,,,,,,
SV023,R,425,3,3,1,0,3,Response,,,,,,,,0.7,0.7,3202.0,3202.0,308.0
SV023,R,426,3,2,0,1,2,Response,,,,,,,,,,,,
SV023,R,427,3,0,1,1,0,Response,,,,,,,,,,,,
SV023,R,428,3,0,1,0,0,Response,,,,,,,,,,,,
SV023,R,429,3,2,1,0,2,Response,,,,,,,,,,,,
SV023,R,430,3,2,0,0,2,Response,1904.95,1960.9,1051.4499999999998,1056.1,381.0,420.0,660.0,1.0999999999999999,1.8,384.0,1010.0,80.0
SV023,R,431,3,0,1,1,0,Response,,,,,,,,,,,,
SV023,R,432,3,0,0,1,0,Response,,,,,,,,,,,,
SV023,R,433,2,0,0,0,0,Response,,,,,,,,1.6,1.6,1172.0,1172.0,256.0
SV023,R,434,3,2,0,1,2,Response,,,,,,,,2.3,2.3,2820.0,2820.0,308.0
SV023,R,435,2,2,0,1,2,Response,,,,,,,,,,,,
SV023,R,436,2,2,1,0,2,Response,,,,,,,,,,,,
SV023,R,437,2,2,1,0,2,Response,,,,,,,,1.0,1.0,974.0,974.0,336.0
SV023,R,438,2,3,0,0,3,Response,1917.4,1917.4,1088.9,1088.9,454.0,454.0,420.0,0.45,0.5,58.5,62.0,12.0
SV023,R,439,2,2,0,1,2,Response,,,,,,,,,,,,
SV023,R,440,3,3,1,1,3,Response,,,,,,,,,,,,
SV023,R,441,3,0,0,0,0,Response,,,,,,,,1.4,1.4,894.0,894.0,232.0
SV023,R,442,2,0,0,0,0,Response,,,,,,,,,,,,
SV023,R,443,2,0,0,1,0,Response,,,,,,,,1.0,1.0,1107.0,1107.0,324.0
SV023,R,444,2,3,1,0,3,Response,,,,,,,,,,,,
SV023,R,445,2,0,1,1,3,Response,,,,,,,,,,,,
SV023,R,446,2,2,1,1,2,Response,,,,,,,,,,,,
SV023,R,447,2,2,0,1,2,Response,,,,,,,,,,,,
SV023,R,448,3,0,1,0,0,Response,,,,,,,,0.4,0.4,53.0,53.0,12.0
SV023,R,449,2,3,1,1,3,Response,2161.5,2161.5,1016.6,1016.6,258.0,258.0,32.0,1.8499999999999999,2.8,1678.5,3245.0,166.0
SV023,R,450,3,3,0,1,3,Response,1133.8,1133.8,1713.8,1713.8,46.0,46.0,88.0,10.2,10.2,1748.0,1748.0,52.0
SV023,R,451,3,0,0,1,0,Response,,,,,,,,,,,,
SV023,R,452,2,3,1,1,3,Response,,,,,,,,,,,,
SV023,R,453,3,2,1,1,2,Response,1508.65,2024.6,1488.25,1832.5,132.5,221.0,54.0,8.35,14.9,1638.5,2510.0,128.0
SV023,R,454,2,0,0,1,0,Response,,,,,,,,1.7,1.7,746.0,746.0,228.0
SV023,R,455,3,3,1,1,3,Response,1891.05,1961.5,824.15,1074.6,350.0,352.0,210.0,2.0,4.7,86.66666666666667,129.0,25.333333333333332
SV023,R,456,3,2,0,0,2,Response,,,,,,,,,,,,
SV023,R,457,3,3,0,1,3,Response,,,,,,,,,,,,
SV023,R,458,3,0,0,1,0,Response,1863.1,1863.1,1074.3,1074.3,417.0,417.0,280.0,4.4,8.4,1206.0,2359.0,132.0
SV023,R,459,3,2,0,1,2,Response,,,,,,,,,,,,
SV023,R,460,2,0,1,0,0,Response,,,,,,,,,,,,
SV023,R,461,2,3,1,0,3,Response,,,,,,,,,,,,
SV023,R,462,3,3,0,1,3,Response,,,,,,,,,,,,
SV023,R,463,3,0,0,1,0,Response,1940.3666666666668,2015.9,897.4666666666667,1024.5,315.0,342.0,473.3333333333333,1.575,2.4,100.0,119.0,21.0
SV023,R,464,2,3,0,1,0,Response,1984.7,1984.7,1015.4,1015.4,373.0,373.0,1356.0,0.7,0.8,70.0,72.0,14.0
SV023,R,465,3,3,1,0,3,Response,1978.55,1998.0,795.45,948.2,297.5,298.0,134.0,1.2,2.0,85.66666666666667,115.0,18.666666666666668
SV023,R,466,2,3,1,0,4,Response,2101.2,2354.3,796.5142857142857,1017.1,405.57142857142856,449.0,452.57142857142856,2.075,5.9,504.25,3270.0,57.0
SV023,R,467,2,3,0,0,4,Response,1982.4222222222222,2125.6,843.2,1097.0,416.3333333333333,467.0,428.44444444444446,1.29,2.5,405.5,3270.0,33.6
SV023,R,468,2,3,0,1,4,Response,2049.7,2049.7,1030.2,1030.2,363.0,363.0,404.0,1.05,1.3,728.0,1383.0,126.0
SV023,R,469,2,0,0,0,0,Response,,,,,,,,0.6,0.6,72.0,72.0,12.0
SV023,R,470,3,0,1,0,0,Response,,,,,,,,,,,,
SV023,R,471,3,2,1,1,2,Response,1909.5,1909.5,1106.8,1106.8,381.0,381.0,1148.0,0.9,1.3,483.5,906.0,128.0
SV023,R,472,2,0,1,0,0,Response,,,,,,,,,,,,
SV023,R,473,3,2,0,0,2,Response,,,,,,,,,,,,
SV023,R,474,3,0,1,1,0,Response,1507.5,2009.9,1733.5500000000002,2141.3,178.5,293.0,26.0,6.8,14.9,321.3333333333333,579.0,42.666666666666664
SV023,R,475,2,2,1,0,2,Response,,,,,,,,0.5,0.5,64.0,64.0,12.0
SV023,R,476,3,0,0,0,0,Response,,,,,,,,1.1,1.1,940.0,940.0,200.0
SV023,R,477,2,3,1,0,3,Response,,,,,,,,,,,,
SV023,R,478,3,2,0,0,2,Response,,,,,,,,,,,,
SV023,R,479,2,0,1,0,0,Response,,,,,,,,,,,,
SV023,R,480,2,3,0,1,3,Response,,,,,,,,1.7,1.7,1140.0,1140.0,224.0
SV023,L,1,3,2,0,1,2,Stimulus,,,,,,,,,,,,
SV023,L,2,3,3,1,1,2,Stimulus,,,,,,,,,,,,
SV023,L,3,2,3,0,0,3,Stimulus,,,,,,,,1.8,1.8,101.0,101.0,24.0
SV023,L,4,3,0,1,1,1,Stimulus,,,,,,,,,,,,
SV023,L,5,2,2,1,0,2,Stimulus,,,,,,,,,,,,
SV023,L,6,3,0,0,0,1,Stimulus,,,,,,,,,,,,
SV023,L,7,2,0,0,0,1,Stimulus,,,,,,,,0.7,0.7,923.0,923.0,144.0
SV023,L,8,3,2,1,1,2,Stimulus,,,,,,,,,,,,
SV023,L,9,3,2,0,1,2,Stimulus,,,,,,,,,,,,
SV023,L,10,3,3,0,1,4,Stimulus,,,,,,,,,,,,
SV023,L,11,2,3,0,0,3,Stimulus,,,,,,,,,,,,
SV023,L,12,3,3,1,1,3,Stimulus,,,,,,,,,,,,
SV023,L,13,2,2,0,0,2,Stimulus,,,,,,,,,,,,
SV023,L,14,3,3,0,1,3,Stimulus,,,,,,,,,,,,
SV023,L,15,3,3,0,0,3,Stimulus,,,,,,,,,,,,
SV023,L,16,3,2,1,0,2,Stimulus,,,,,,,,4.2,4.2,161.0,161.0,36.0
SV023,L,17,3,2,0,1,2,Stimulus,,,,,,,,,,,,
SV023,L,18,2,2,0,1,2,Stimulus,,,,,,,,,,,,
SV023,L,19,2,2,0,1,2,Stimulus,,,,,,,,0.6,0.6,75.0,75.0,12.0
SV023,L,20,3,3,0,1,3,Stimulus,,,,,,,,,,,,
SV023,L,21,2,2,1,1,2,Stimulus,,,,,,,,,,,,
SV023,L,22,3,0,1,1,2,Stimulus,,,,,,,,,,,,
SV023,L,23,2,0,1,0,2,Stimulus,,,,,,,,,,,,
SV023,L,24,2,0,0,0,2,Stimulus,,,,,,,,,,,,
SV023,L,25,2,0,0,0,2,Stimulus,,,,,,,,,,,,
SV023,L,26,3,3,0,0,3,Stimulus,,,,,,,,,,,,
SV023,L,27,3,2,0,0,2,Stimulus,,,,,,,,,,,,
SV023,L,28,3,0,0,0,1,Stimulus,,,,,,,,,,,,
SV023,L,29,3,2,0,0,2,Stimulus,,,,,,,,,,,,
SV023,L,30,3,0,0,0,3,Stimulus,,,,,,,,,,,,
SV023,L,31,2,0,0,1,3,Stimulus,,,,,,,,,,,,
SV023,L,32,3,2,1,0,2,Stimulus,,,,,,,,,,,,
SV023,L,33,2,3,0,1,3,Stimulus,,,,,,,,,,,,
SV023,L,34,3,2,1,1,2,Stimulus,,,,,,,,,,,,
SV023,L,35,3,0,0,1,2,Stimulus,,,,,,,,,,,,
SV023,L,36,3,3,0,0,3,Stimulus,,,,,,,,,,,,
SV023,L,37,2,3,0,1,3,Stimulus,,,,,,,,,,,,
SV023,L,38,2,2,1,0,2,Stimulus,,,,,,,,,,,,
SV023,L,39,3,3,1,1,3,Stimulus,,,,,,,,,,,,
SV023,L,40,2,3,1,1,3,Stimulus,,,,,,,,0.3,0.3,1039.0,1039.0,156.0
SV023,L,41,3,3,1,0,3,Stimulus,,,,,,,,,,,,
SV023,L,42,3,3,0,1,3,Stimulus,,,,,,,,,,,,
SV023,L,43,3,3,1,1,3,Stimulus,,,,,,,,,,,,
SV023,L,44,2,3,1,1,3,Stimulus,,,,,,,,,,,,
SV023,L,45,3,3,1,0,3,Stimulus,,,,,,,,,,,,
SV023,L,46,2,3,0,0,3,Stimulus,,,,,,,,,,,,
SV023,L,47,2,3,0,0,3,Stimulus,,,,,,,,,,,,
SV023,L,48,2,2,0,0,2,Stimulus,,,,,,,,,,,,
SV023,L,49,2,0,0,1,3,Stimulus,,,,,,,,,,,,
SV023,L,50,2,3,1,1,3,Stimulus,,,,,,,,1.3,1.3,1070.0,1070.0,176.0
SV023,L,51,2,3,1,0,1,Stimulus,,,,,,,,,,,,
SV023,L,52,3,2,0,0,2,Stimulus,,,,,,,,,,,,
SV023,L,53,2,3,0,1,3,Stimulus,,,,,,,,,,,,
SV023,L,54,3,2,1,0,2,Stimulus,,,,,,,,,,,,
SV023,L,55,2,3,0,0,3,Stimulus,,,,,,,,,,,,
SV023,L,56,2,0,0,1,2,Stimulus,,,,,,,,,,,,
SV023,L,57,3,3,1,0,3,Stimulus,,,,,,,,1.2,1.2,86.0,86.0,20.0
SV023,L,58,2,0,0,0,3,Stimulus,,,,,,,,,,,,
SV023,L,59,3,2,0,0,2,Stimulus,,,,,,,,2.1,2.1,1066.0,1066.0,192.0
SV023,L,60,3,3,1,0,3,Stimulus,,,,,,,,,,,,
SV023,L,61,2,0,1,1,2,Stimulus,,,,,,,,,,,,
SV023,L,62,3,3,0,1,3,Stimulus,,,,,,,,,,,,
SV023,L,63,3,0,1,0,3,Stimulus,,,,,,,,,,,,
SV023,L,64,2,0,0,1,3,Stimulus,,,,,,,,,,,,
SV023,L,65,3,2,0,0,2,Stimulus,,,,,,,,,,,,
SV023,L,66,2,2,0,0,2,Stimulus,,,,,,,,,,,,
SV023,L,67,2,0,1,1,2,Stimulus,,,,,,,,,,,,
SV023,L,68,3,0,1,0,3,Stimulus,,,,,,,,,,,,
SV023,L,69,2,3,0,0,3,Stimulus,,,,,,,,,,,,
SV023,L,70,3,2,0,0,2,Stimulus,,,,,,,,,,,,
SV023,L,71,2,2,1,1,2,Stimulus,,,,,,,,,,,,
SV023,L,72,2,2,0,0,2,Stimulus,,,,,,,,,,,,
SV023,L,73,3,3,0,0,2,Stimulus,,,,,,,,,,,,
SV023,L,74,3,2,1,1,2,Stimulus,,,,,,,,,,,,
SV023,L,75,2,3,0,1,3,Stimulus,,,,,,,,,,,,
SV023,L,76,3,0,1,0,3,Stimulus,,,,,,,,,,,,
SV023,L,77,2,2,1,1,2,Stimulus,,,,,,,,,,,,
SV023,L,78,3,0,0,0,3,Stimulus,,,,,,,,2.0,2.0,113.0,113.0,24.0
SV023,L,79,3,0,1,1,3,Stimulus,,,,,,,,,,,,
SV023,L,80,2,3,0,1,3,Stimulus,,,,,,,,,,,,
SV023,L,81,2,2,1,1,2,Stimulus,,,,,,,,,,,,
SV023,L,82,2,3,1,0,3,Stimulus,,,,,,,,,,,,
SV023,L,83,2,2,1,1,2,Stimulus,,,,,,,,,,,,
SV023,L,84,2,2,1,0,2,Stimulus,,,,,,,,,,,,
SV023,L,85,2,2,1,0,2,Stimulus,,,,,,,,,,,,
SV023,L,86,2,2,1,1,2,Stimulus,,,,,,,,,,,,
SV023,L,87,3,3,1,1,3,Stimulus,,,,,,,,,,,,
SV023,L,88,3,0,1,1,3,Stimulus,,,,,,,,,,,,
SV023,L,89,2,3,1,1,3,Stimulus,,,,,,,,,,,,
SV023,L,90,2,3,1,1,3,Stimulus,,,,,,,,,,,,
SV023,L,91,2,2,0,1,2,Stimulus,,,,,,,,,,,,
SV023,L,92,3,3,1,0,3,Stimulus,,,,,,,,,,,,
SV023,L,93,2,3,0,0,3,Stimulus,,,,,,,,,,,,
SV023,L,94,3,0,0,1,3,Stimulus,,,,,,,,,,,,
SV023,L,95,2,0,0,1,3,Stimulus,,,,,,,,,,,,
SV023,L,96,3,0,1,0,3,Stimulus,,,,,,,,,,,,
SV023,L,97,3,3,1,1,3,Stimulus,,,,,,,,,,,,
SV023,L,98,3,3,1,1,3,Stimulus,,,,,,,,,,,,
SV023,L,99,3,0,1,1,3,Stimulus,,,,,,,,,,,,
SV023,L,100,3,0,1,1,3,Stimulus,,,,,,,,,,,,
SV023,L,101,3,2,1,1,2,Stimulus,,,,,,,,,,,,
SV023,L,102,3,2,1,0,2,Stimulus,,,,,,,,,,,,
SV023,L,103,2,2,0,0,2,Stimulus,,,,,,,,,,,,
SV023,L,104,2,0,1,1,2,Stimulus,,,,,,,,,,,,
SV023,L,105,2,2,0,1,2,Stimulus,,,,,,,,,,,,
SV023,L,106,2,2,1,0,2,Stimulus,,,,,,,,,,,,
SV023,L,107,3,0,0,0,2,Stimulus,,,,,,,,,,,,
SV023,L,108,3,2,0,0,2,Stimulus,,,,,,,,,,,,
SV023,L,109,2,3,0,1,3,Stimulus,,,,,,,,0.8,0.8,74.0,74.0,16.0
SV023,L,110,3,2,1,1,2,Stimulus,,,,,,,,,,,,
SV023,L,111,3,2,1,1,2,Stimulus,,,,,,,,,,,,
SV023,L,112,2,2,0,0,2,Stimulus,,,,,,,,,,,,
SV023,L,113,3,3,1,0,3,Stimulus,,,,,,,,,,,,
SV023,L,114,2,0,0,1,3,Stimulus,,,,,,,,,,,,
SV023,L,115,2,2,1,0,2,Stimulus,,,,,,,,,,,,
SV023,L,116,3,0,0,1,2,Stimulus,,,,,,,,,,,,
SV023,L,117,3,0,0,0,3,Stimulus,,,,,,,,,,,,
SV023,L,118,3,3,0,1,3,Stimulus,,,,,,,,,,,,
SV023,L,119,2,2,0,0,2,Stimulus,,,,,,,,,,,,
SV023,L,120,3,0,0,1,3,Stimulus,,,,,,,,,,,,
SV023,L,121,3,0,1,1,3,Stimulus,,,,,,,,,,,,
SV023,L,122,2,2,1,0,2,Stimulus,,,,,,,,,,,,
SV023,L,123,2,0,1,0,3,Stimulus,,,,,,,,,,,,
SV023,L,124,3,0,1,0,3,Stimulus,,,,,,,,,,,,
SV023,L,125,3,2,1,0,2,Stimulus,,,,,,,,,,,,
SV023,L,126,2,0,1,1,2,Stimulus,,,,,,,,,,,,
SV023,L,127,2,2,0,1,2,Stimulus,,,,,,,,,,,,
SV023,L,128,2,3,0,0,3,Stimulus,,,,,,,,,,,,
SV023,L,129,3,0,0,1,3,Stimulus,,,,,,,,,,,,
SV023,L,130,2,2,1,1,2,Stimulus,,,,,,,,,,,,
SV023,L,131,3,2,0,0,2,Stimulus,,,,,,,,,,,,
SV023,L,132,2,3,0,1,3,Stimulus,,,,,,,,,,,,
SV023,L,133,2,3,1,1,3,Stimulus,,,,,,,,,,,,
SV023,L,134,3,2,1,1,2,Stimulus,,,,,,,,,,,,
SV023,L,135,3,0,1,1,2,Stimulus,,,,,,,,,,,,
SV023,L,136,2,2,0,0,2,Stimulus,,,,,,,,,,,,
SV023,L,137,2,0,1,1,2,Stimulus,,,,,,,,,,,,
SV023,L,138,3,3,0,0,3,Stimulus,,,,,,,,,,,,
SV023,L,139,2,3,1,0,3,Stimulus,,,,,,,,,,,,
SV023,L,140,2,2,0,1,2,Stimulus,,,,,,,,,,,,
SV023,L,141,2,2,0,1,2,Stimulus,,,,,,,,,,,,
SV023,L,142,3,2,0,1,2,Stimulus,,,,,,,,,,,,
SV023,L,143,3,0,0,1,2,Stimulus,,,,,,,,,,,,
SV023,L,144,2,0,0,0,2,Stimulus,,,,,,,,,,,,
SV023,L,145,2,3,1,0,3,Stimulus,,,,,,,,,,,,
SV023,L,146,3,2,0,1,2,Stimulus,,,,,,,,,,,,
SV023,L,147,2,3,1,0,3,Stimulus,,,,,,,,,,,,
SV023,L,148,2,3,1,0,3,Stimulus,,,,,,,,,,,,
SV023,L,149,3,0,0,1,3,Stimulus,,,,,,,,,,,,
SV023,L,150,3,3,0,1,3,Stimulus,,,,,,,,,,,,
SV023,L,151,2,0,0,0,3,Stimulus,,,,,,,,,,,,
SV023,L,152,2,3,1,0,3,Stimulus,,,,,,,,,,,,
SV023,L,153,3,2,0,0,2,Stimulus,,,,,,,,,,,,
SV023,L,154,2,3,1,0,3,Stimulus,,,,,,,,,,,,
SV023,L,155,2,0,1,0,1,Stimulus,,,,,,,,,,,,
SV023,L,156,3,0,1,0,3,Stimulus,,,,,,,,,,,,
SV023,L,157,2,2,1,1,2,Stimulus,,,,,,,,,,,,
SV023,L,158,3,3,0,0,3,Stimulus,,,,,,,,,,,,
SV023,L,159,3,3,0,1,3,Stimulus,,,,,,,,,,,,
SV023,L,160,3,2,0,1,2,Stimulus,,,,,,,,,,,,
SV023,L,161,2,0,0,0,2,Stimulus,,,,,,,,,,,,
SV023,L,162,3,0,1,0,2,Stimulus,,,,,,,,,,,,
SV023,L,163,2,2,1,1,2,Stimulus,,,,,,,,0.7,0.7,59.0,59.0,16.0
SV023,L,164,3,3,1,1,3,Stimulus,,,,,,,,,,,,
SV023,L,165,2,2,0,1,2,Stimulus,,,,,,,,,,,,
SV023,L,166,3,2,0,1,2,Stimulus,,,,,,,,,,,,
SV023,L,167,2,0,1,0,3,Stimulus,,,,,,,,,,,,
SV023,L,168,3,2,0,0,2,Stimulus,,,,,,,,,,,,
SV023,L,169,3,2,0,1,2,Stimulus,,,,,,,,,,,,
SV023,L,170,3,0,1,1,2,Stimulus,,,,,,,,,,,,
SV023,L,171,2,3,1,1,3,Stimulus,,,,,,,,,,,,
SV023,L,172,2,3,1,0,3,Stimulus,,,,,,,,,,,,
SV023,L,173,3,0,0,0,3,Stimulus,,,,,,,,,,,,
SV023,L,174,3,3,1,1,3,Stimulus,,,,,,,,,,,,
SV023,L,175,2,0,0,0,3,Stimulus,,,,,,,,,,,,
SV023,L,176,2,0,1,1,3,Stimulus,,,,,,,,,,,,
SV023,L,177,3,0,1,0,3,Stimulus,,,,,,,,,,,,
SV023,L,178,2,3,0,1,3,Stimulus,,,,,,,,,,,,
SV023,L,179,3,3,1,0,3,Stimulus,,,,,,,,,,,,
SV023,L,180,2,3,0,0,3,Stimulus,,,,,,,,,,,,
SV023,L,181,3,0,1,0,3,Stimulus,,,,,,,,,,,,
SV023,L,182,3,3,1,1,3,Stimulus,,,,,,,,,,,,
SV023,L,183,2,0,1,1,3,Stimulus,,,,,,,,,,,,
SV023,L,184,3,2,0,1,2,Stimulus,,,,,,,,,,,,
SV023,L,185,3,2,1,0,2,Stimulus,,,,,,,,,,,,
SV023,L,186,2,0,0,1,2,Stimulus,,,,,,,,,,,,
SV023,L,187,2,0,1,1,3,Stimulus,,,,,,,,,,,,
SV023,L,188,3,2,1,1,2,Stimulus,,,,,,,,,,,,
SV023,L,189,3,3,0,1,3,Stimulus,,,,,,,,,,,,
SV023,L,190,2,3,1,1,3,Stimulus,,,,,,,,,,,,
SV023,L,191,3,3,1,0,3,Stimulus,,,,,,,,,,,,
SV023,L,192,3,0,0,0,3,Stimulus,,,,,,,,,,,,
SV023,L,193,2,0,1,1,3,Stimulus,,,,,,,,,,,,
SV023,L,194,3,0,0,1,3,Stimulus,,,,,,,,5.0,5.0,139.0,139.0,48.0
SV023,L,195,3,2,1,0,3,Stimulus,,,,,,,,,,,,
SV023,L,196,2,3,1,1,3,Stimulus,,,,,,,,,,,,
SV023,L,197,2,0,1,1,3,Stimulus,2051.0,2051.0,1079.9,1079.9,613.0,613.0,196.0,0.7,0.9,69.5,78.0,14.0
SV023,L,198,2,2,0,1,2,Stimulus,,,,,,,,,,,,
SV023,L,199,3,3,1,0,2,Stimulus,,,,,,,,,,,,
SV023,L,200,2,3,0,0,3,Stimulus,,,,,,,,,,,,
SV023,L,201,2,3,0,1,3,Stimulus,,,,,,,,,,,,
SV023,L,202,2,0,1,0,3,Stimulus,,,,,,,,,,,,
SV023,L,203,2,3,1,1,3,Stimulus,,,,,,,,,,,,
SV023,L,204,3,0,0,1,3,Stimulus,,,,,,,,,,,,
SV023,L,205,3,0,1,1,3,Stimulus,,,,,,,,,,,,
SV023,L,206,3,0,0,1,3,Stimulus,,,,,,,,,,,,
SV023,L,207,2,2,0,0,2,Stimulus,,,,,,,,,,,,
SV023,L,208,2,0,0,1,2,Stimulus,,,,,,,,,,,,
SV023,L,209,2,0,1,0,2,Stimulus,,,,,,,,,,,,
SV023,L,210,2,0,0,0,3,Stimulus,,,,,,,,,,,,
SV023,L,211,3,3,0,0,3,Stimulus,,,,,,,,,,,,
SV023,L,212,3,0,0,0,3,Stimulus,,,,,,,,,,,,
SV023,L,213,2,0,1,0,3,Stimulus,,,,,,,,,,,,
SV023,L,214,3,2,1,0,2,Stimulus,,,,,,,,,,,,
SV023,L,215,2,3,0,1,3,Stimulus,,,,,,,,,,,,
SV023,L,216,3,3,1,0,3,Stimulus,,,,,,,,0.8,0.8,762.0,762.0,160.0
SV023,L,217,3,2,1,0,2,Stimulus,,,,,,,,,,,,
SV023,L,218,3,0,0,0,2,Stimulus,,,,,,,,,,,,
SV023,L,219,3,3,0,0,3,Stimulus,,,,,,,,,,,,
SV023,L,220,3,2,0,1,2,Stimulus,,,,,,,,0.5,0.5,59.0,59.0,12.0
SV023,L,221,2,3,1,0,3,Stimulus,,,,,,,,,,,,
SV023,L,222,3,2,1,1,2,Stimulus,,,,,,,,,,,,
SV023,L,223,3,2,1,0,2,Stimulus,,,,,,,,,,,,
SV023,L,224,3,0,1,0,3,Stimulus,,,,,,,,,,,,
SV023,L,225,2,0,0,1,3,Stimulus,,,,,,,,,,,,
SV023,L,226,3,3,0,1,3,Stimulus,,,,,,,,,,,,
SV023,L,227,3,2,1,1,2,Stimulus,,,,,,,,,,,,
SV023,L,228,2,2,1,0,2,Stimulus,,,,,,,,,,,,
SV023,L,229,2,0,0,0,2,Stimulus,,,,,,,,,,,,
SV023,L,230,2,0,0,1,2,Stimulus,,,,,,,,,,,,
SV023,L,231,2,2,1,0,2,Stimulus,,,,,,,,,,,,
SV023,L,232,3,3,0,0,2,Stimulus,,,,,,,,,,,,
SV023,L,233,2,0,1,0,2,Stimulus,,,,,,,,,,,,
SV023,L,234,3,3,0,0,3,Stimulus,,,,,,,,0.7,0.7,1217.0,1217.0,180.0
SV023,L,235,2,2,0,0,2,Stimulus,,,,,,,,,,,,
SV023,L,236,2,0,1,0,2,Stimulus,,,,,,,,,,,,
SV023,L,237,2,2,0,1,2,Stimulus,,,,,,,,,,,,
SV023,L,238,2,2,1,1,2,Stimulus,,,,,,,,,,,,
SV023,L,239,2,0,1,0,2,Stimulus,,,,,,,,0.4,0.4,55.0,55.0,12.0
SV023,L,240,2,2,1,0,2,Stimulus,,,,,,,,,,,,
SV023,L,241,2,2,0,0,2,Stimulus,,,,,,,,,,,,
SV023,L,242,3,2,0,0,2,Stimulus,,,,,,,,,,,,
SV023,L,243,3,3,0,0,2,Stimulus,,,,,,,,,,,,
SV023,L,244,3,2,1,0,2,Stimulus,,,,,,,,,,,,
SV023,L,245,3,3,1,1,2,Stimulus,,,,,,,,,,,,
SV023,L,246,2,0,0,1,2,Stimulus,,,,,,,,,,,,
SV023,L,247,2,2,1,1,2,Stimulus,,,,,,,,,,,,
SV023,L,248,2,3,1,1,2,Stimulus,,,,,,,,,,,,
SV023,L,249,3,0,0,1,0,Stimulus,,,,,,,,,,,,
SV023,L,250,2,2,1,1,2,Stimulus,,,,,,,,,,,,
SV023,L,251,2,3,0,0,3,Stimulus,,,,,,,,0.6,0.6,1008.0,1008.0,188.0
SV023,L,252,2,3,0,0,3,Stimulus,,,,,,,,,,,,
SV023,L,253,3,2,1,1,2,Stimulus,,,,,,,,,,,,
SV023,L,254,2,3,1,1,3,Stimulus,,,,,,,,,,,,
SV023,L,255,2,0,1,1,0,Stimulus,,,,,,,,,,,,
SV023,L,256,3,3,1,0,3,Stimulus,,,,,,,,,,,,
SV023,L,257,2,2,0,1,2,Stimulus,,,,,,,,,,,,
SV023,L,258,3,3,0,0,3,Stimulus,,,,,,,,,,,,
SV023,L,259,2,3,1,1,3,Stimulus,,,,,,,,0.6,0.6,75.0,75.0,12.0
SV023,L,260,2,2,1,1,2,Stimulus,,,,,,,,,,,,
SV023,L,261,3,2,1,0,2,Stimulus,,,,,,,,,,,,
SV023,L,262,3,2,0,1,2,Stimulus,,,,,,,,,,,,
SV023,L,263,3,0,1,1,0,Stimulus,,,,,,,,,,,,
SV023,L,264,3,2,1,1,2,Stimulus,,,,,,,,,,,,
SV023,L,265,2,3,1,0,3,Stimulus,,,,,,,,,,,,
SV023,L,266,2,3,1,1,3,Stimulus,,,,,,,,,,,,
SV023,L,267,2,3,1,1,3,Stimulus,,,,,,,,,,,,
SV023,L,268,2,0,0,0,0,Stimulus,,,,,,,,,,,,
SV023,L,269,2,3,1,0,3,Stimulus,,,,,,,,,,,,
SV023,L,270,2,0,1,0,0,Stimulus,,,,,,,,,,,,
SV023,L,271,2,2,1,1,2,Stimulus,,,,,,,,,,,,
SV023,L,272,2,2,0,1,2,Stimulus,,,,,,,,,,,,
SV023,L,273,3,3,1,1,3,Stimulus,,,,,,,,,,,,
SV023,L,274,2,0,0,1,0,Stimulus,,,,,,,,,,,,
SV023,L,275,3,3,1,1,3,Stimulus,,,,,,,,,,,,
SV023,L,276,2,2,0,0,2,Stimulus,,,,,,,,,,,,
SV023,L,277,2,0,1,1,0,Stimulus,,,,,,,,,,,,
SV023,L,278,3,2,1,0,2,Stimulus,,,,,,,,,,,,
SV023,L,279,2,3,0,0,3,Stimulus,,,,,,,,,,,,
SV023,L,280,3,3,0,1,3,Stimulus,,,,,,,,,,,,
SV023,L,281,2,3,0,1,3,Stimulus,,,,,,,,,,,,
SV023,L,282,2,0,0,0,0,Stimulus,,,,,,,,,,,,
SV023,L,283,3,0,0,1,0,Stimulus,,,,,,,,,,,,
SV023,L,284,3,0,1,0,0,Stimulus,,,,,,,,0.8,0.8,67.0,67.0,16.0
SV023,L,285,2,3,0,0,3,Stimulus,,,,,,,,,,,,
SV023,L,286,3,2,0,0,2,Stimulus,,,,,,,,,,,,
SV023,L,287,3,2,1,1,2,Stimulus,,,,,,,,,,,,
SV023,L,288,3,2,1,0,2,Stimulus,,,,,,,,,,,,
SV023,L,289,3,0,0,0,0,Stimulus,,,,,,,,,,,,
SV023,L,290,3,2,1,1,2,Stimulus,,,,,,,,,,,,
SV023,L,291,2,2,1,0,2,Stimulus,,,,,,,,,,,,
SV023,L,292,3,0,1,0,0,Stimulus,,,,,,,,,,,,
SV023,L,293,2,2,1,0,2,Stimulus,,,,,,,,,,,,
SV023,L,294,2,3,0,0,3,Stimulus,,,,,,,,,,,,
SV023,L,295,3,0,0,1,0,Stimulus,,,,,,,,,,,,
SV023,L,296,3,0,1,0,0,Stimulus,,,,,,,,,,,,
SV023,L,297,3,3,1,0,3,Stimulus,,,,,,,,,,,,
SV023,L,298,2,2,1,0,2,Stimulus,,,,,,,,,,,,
SV023,L,299,2,0,1,1,0,Stimulus,,,,,,,,,,,,
SV023,L,300,2,2,1,1,2,Stimulus,,,,,,,,,,,,
SV023,L,301,2,3,1,1,3,Stimulus,,,,,,,,,,,,
SV023,L,302,3,2,0,1,2,Stimulus,,,,,,,,,,,,
SV023,L,303,2,3,0,1,3,Stimulus,,,,,,,,,,,,
SV023,L,304,3,2,0,0,2,Stimulus,,,,,,,,,,,,
SV023,L,305,3,0,1,0,0,Stimulus,,,,,,,,,,,,
SV023,L,306,2,2,0,1,2,Stimulus,,,,,,,,,,,,
SV023,L,307,3,0,1,0,0,Stimulus,,,,,,,,,,,,
SV023,L,308,2,2,0,1,2,Stimulus,,,,,,,,,,,,
SV023,L,309,2,2,0,1,2,Stimulus,,,,,,,,,,,,
SV023,L,310,2,3,1,0,3,Stimulus,,,,,,,,,,,,
SV023,L,311,2,3,0,0,3,Stimulus,,,,,,,,,,,,
SV023,L,312,2,3,0,0,3,Stimulus,,,,,,,,,,,,
SV023,L,313,2,0,0,1,0,Stimulus,,,,,,,,,,,,
SV023,L,314,2,0,0,0,3,Stimulus,,,,,,,,,,,,
SV023,L,315,2,2,1,0,2,Stimulus,,,,,,,,,,,,
SV023,L,316,2,0,1,0,0,Stimulus,,,,,,,,,,,,
SV023,L,317,3,2,0,0,2,Stimulus,,,,,,,,,,,,
SV023,L,318,2,3,0,1,3,Stimulus,,,,,,,,,,,,
SV023,L,319,2,3,1,0,3,Stimulus,,,,,,,,,,,,
SV023,L,320,3,3,0,1,3,Stimulus,,,,,,,,,,,,
SV023,L,321,2,0,1,0,0,Stimulus,,,,,,,,,,,,
SV023,L,322,3,3,0,1,3,Stimulus,,,,,,,,,,,,
SV023,L,323,3,2,0,1,2,Stimulus,,,,,,,,,,,,
SV023,L,324,2,3,0,1,3,Stimulus,,,,,,,,,,,,
SV023,L,325,3,0,1,1,0,Stimulus,,,,,,,,,,,,
SV023,L,326,2,0,1,1,0,Stimulus,,,,,,,,,,,,
SV023,L,327,2,3,0,0,3,Stimulus,,,,,,,,,,,,
SV023,L,328,3,2,0,1,2,Stimulus,,,,,,,,,,,,
SV023,L,329,3,3,1,1,3,Stimulus,,,,,,,,,,,,
SV023,L,330,3,3,1,1,3,Stimulus,,,,,,,,,,,,
SV023,L,331,3,2,1,0,2,Stimulus,,,,,,,,,,,,
SV023,L,332,3,3,0,1,3,Stimulus,,,,,,,,,,,,
SV023,L,333,3,0,0,0,0,Stimulus,,,,,,,,,,,,
SV023,L,334,3,0,1,1,0,Stimulus,,,,,,,,,,,,
SV023,L,335,2,2,1,0,2,Stimulus,,,,,,,,,,,,
SV023,L,336,3,2,0,1,2,Stimulus,,,,,,,,,,,,
SV023,L,337,2,0,1,0,0,Stimulus,,,,,,,,,,,,
SV023,L,338,3,0,1,0,0,Stimulus,,,,,,,,,,,,
SV023,L,339,2,2,0,0,2,Stimulus,,,,,,,,,,,,
SV023,L,340,2,3,0,1,3,Stimulus,,,,,,,,,,,,
SV023,L,341,3,0,0,1,0,Stimulus,,,,,,,,,,,,
SV023,L,342,2,2,0,0,2,Stimulus,,,,,,,,,,,,
SV023,L,343,3,0,0,1,0,Stimulus,,,,,,,,,,,,
SV023,L,344,2,3,1,0,3,Stimulus,,,,,,,,,,,,
SV023,L,345,3,2,1,0,2,Stimulus,,,,,,,,,,,,
SV023,L,346,3,3,0,0,3,Stimulus,,,,,,,,,,,,
SV023,L,347,2,0,0,1,0,Stimulus,,,,,,,,,,,,
SV023,L,348,3,2,1,0,2,Stimulus,,,,,,,,,,,,
SV023,L,349,3,3,1,0,3,Stimulus,,,,,,,,,,,,
SV023,L,350,3,2,0,1,2,Stimulus,,,,,,,,,,,,
SV023,L,351,3,3,0,1,3,Stimulus,,,,,,,,,,,,
SV023,L,352,3,3,0,1,3,Stimulus,,,,,,,,,,,,
SV023,L,353,3,3,1,0,3,Stimulus,,,,,,,,,,,,
SV023,L,354,2,2,0,1,2,Stimulus,,,,,,,,,,,,
SV023,L,355,3,3,0,1,3,Stimulus,,,,,,,,,,,,
SV023,L,356,2,3,0,0,3,Stimulus,,,,,,,,,,,,
SV023,L,357,2,2,1,0,2,Stimulus,,,,,,,,,,,,
SV023,L,358,2,2,1,0,2,Stimulus,,,,,,,,,,,,
SV023,L,359,3,2,0,0,2,Stimulus,,,,,,,,,,,,
SV023,L,360,2,0,0,0,0,Stimulus,,,,,,,,,,,,
SV023,L,361,2,3,1,0,3,Stimulus,,,,,,,,,,,,
SV023,L,362,3,2,1,1,2,Stimulus,,,,,,,,,,,,
SV023,L,363,3,2,1,1,2,Stimulus,,,,,,,,,,,,
SV023,L,364,2,2,1,0,2,Stimulus,,,,,,,,,,,,
SV023,L,365,2,2,0,1,2,Stimulus,,,,,,,,,,,,
SV023,L,366,2,0,0,0,0,Stimulus,,,,,,,,,,,,
SV023,L,367,3,2,1,0,2,Stimulus,,,,,,,,,,,,
SV023,L,368,3,0,0,0,0,Stimulus,,,,,,,,,,,,
SV023,L,369,3,2,1,1,2,Stimulus,,,,,,,,,,,,
SV023,L,370,2,0,1,1,0,Stimulus,,,,,,,,,,,,
SV023,L,371,2,3,0,1,3,Stimulus,,,,,,,,,,,,
SV023,L,372,3,0,0,0,0,Stimulus,,,,,,,,,,,,
SV023,L,373,3,3,1,0,3,Stimulus,,,,,,,,,,,,
SV023,L,374,3,3,1,1,3,Stimulus,,,,,,,,,,,,
SV023,L,375,2,0,0,0,0,Stimulus,,,,,,,,,,,,
SV023,L,376,3,3,0,1,3,Stimulus,,,,,,,,,,,,
SV023,L,377,2,3,0,1,3,Stimulus,,,,,,,,,,,,
SV023,L,378,3,2,0,1,2,Stimulus,,,,,,,,,,,,
SV023,L,379,3,2,0,0,2,Stimulus,,,,,,,,,,,,
SV023,L,380,2,0,0,0,0,Stimulus,,,,,,,,,,,,
SV023,L,381,2,0,1,1,0,Stimulus,,,,,,,,,,,,
SV023,L,382,2,0,1,1,0,Stimulus,,,,,,,,,,,,
SV023,L,383,3,0,1,0,0,Stimulus,,,,,,,,,,,,
SV023,L,384,3,0,0,0,0,Stimulus,,,,,,,,,,,,
SV023,L,385,2,0,1,0,0,Stimulus,,,,,,,,,,,,
SV023,L,386,2,2,0,0,2,Stimulus,,,,,,,,,,,,
SV023,L,387,2,0,1,1,0,Stimulus,,,,,,,,,,,,
SV023,L,388,2,3,1,0,3,Stimulus,,,,,,,,,,,,
SV023,L,389,2,2,0,0,2,Stimulus,,,,,,,,,,,,
SV023,L,390,3,0,1,1,0,Stimulus,,,,,,,,,,,,
SV023,L,391,3,2,1,0,2,Stimulus,,,,,,,,,,,,
SV023,L,392,3,0,0,0,0,Stimulus,,,,,,,,,,,,
SV023,L,393,2,0,1,1,0,Stimulus,,,,,,,,,,,,
SV023,L,394,2,3,1,0,3,Stimulus,,,,,,,,,,,,
SV023,L,395,3,2,1,1,2,Stimulus,,,,,,,,,,,,
SV023,L,396,2,0,0,1,0,Stimulus,,,,,,,,,,,,
SV023,L,397,2,3,1,0,3,Stimulus,,,,,,,,,,,,
SV023,L,398,2,0,1,0,0,Stimulus,,,,,,,,,,,,
SV023,L,399,2,3,0,1,3,Stimulus,,,,,,,,,,,,
SV023,L,400,2,0,0,1,0,Stimulus,,,,,,,,,,,,
SV023,L,401,3,3,0,0,3,Stimulus,,,,,,,,,,,,
SV023,L,402,3,0,1,0,3,Stimulus,,,,,,,,,,,,
SV023,L,403,3,2,0,1,2,Stimulus,,,,,,,,,,,,
SV023,L,404,2,3,1,1,3,Stimulus,,,,,,,,,,,,
SV023,L,405,3,3,1,1,3,Stimulus,,,,,,,,,,,,
SV023,L,406,2,2,1,0,2,Stimulus,,,,,,,,,,,,
SV023,L,407,2,0,0,0,0,Stimulus,,,,,,,,,,,,
SV023,L,408,3,3,0,0,3,Stimulus,,,,,,,,,,,,
SV023,L,409,2,2,1,1,2,Stimulus,,,,,,,,,,,,
SV023,L,410,2,2,1,1,2,Stimulus,,,,,,,,,,,,
SV023,L,411,3,3,0,1,3,Stimulus,,,,,,,,,,,,
SV023,L,412,3,3,1,0,3,Stimulus,,,,,,,,,,,,
SV023,L,413,3,3,0,0,3,Stimulus,,,,,,,,,,,,
SV023,L,414,3,2,0,1,2,Stimulus,,,,,,,,,,,,
SV023,L,415,2,2,0,1,2,Stimulus,,,,,,,,,,,,
SV023,L,416,3,3,0,0,3,Stimulus,,,,,,,,,,,,
SV023,L,417,2,3,1,1,3,Stimulus,,,,,,,,,,,,
SV023,L,418,3,0,0,1,3,Stimulus,,,,,,,,,,,,
SV023,L,419,3,3,1,1,3,Stimulus,,,,,,,,,,,,
SV023,L,420,3,2,0,0,2,Stimulus,,,,,,,,,,,,
SV023,L,421,3,0,1,1,0,Stimulus,,,,,,,,,,,,
SV023,L,422,3,0,1,0,3,Stimulus,,,,,,,,,,,,
SV023,L,423,3,2,0,1,2,Stimulus,,,,,,,,,,,,
SV023,L,424,2,3,0,1,3,Stimulus,,,,,,,,,,,,
SV023,L,425,2,2,0,1,2,Stimulus,,,,,,,,,,,,
SV023,L,426,3,0,0,0,0,Stimulus,,,,,,,,,,,,
SV023,L,427,3,2,1,1,2,Stimulus,,,,,,,,,,,,
SV023,L,428,3,0,1,0,0,Stimulus,,,,,,,,,,,,
SV023,L,429,3,3,1,0,3,Stimulus,,,,,,,,,,,,
SV023,L,430,3,0,0,0,0,Stimulus,,,,,,,,,,,,
SV023,L,431,2,2,1,1,2,Stimulus,,,,,,,,,,,,
SV023,L,432,2,0,1,0,0,Stimulus,,,,,,,,,,,,
SV023,L,433,2,3,1,1,3,Stimulus,,,,,,,,,,,,
SV023,L,434,2,0,1,0,0,Stimulus,,,,,,,,,,,,
SV023,L,435,2,0,0,0,0,Stimulus,,,,,,,,,,,,
SV023,L,436,2,2,0,0,2,Stimulus,,,,,,,,,,,,
SV023,L,437,3,3,1,1,3,Stimulus,,,,,,,,,,,,
SV023,L,438,3,0,0,0,0,Stimulus,,,,,,,,0.8,0.8,73.0,73.0,16.0
SV023,L,439,3,0,1,1,0,Stimulus,,,,,,,,,,,,
SV023,L,440,3,0,1,1,0,Stimulus,,,,,,,,,,,,
SV023,L,441,2,3,1,1,3,Stimulus,,,,,,,,,,,,
SV023,L,442,3,0,1,1,0,Stimulus,,,,,,,,,,,,
SV023,L,443,2,3,0,0,3,Stimulus,,,,,,,,0.5,0.5,62.0,62.0,12.0
SV023,L,444,2,3,1,0,3,Stimulus,,,,,,,,,,,,
SV023,L,445,3,2,1,1,2,Stimulus,,,,,,,,,,,,
SV023,L,446,3,0,0,0,0,Stimulus,,,,,,,,,,,,
SV023,L,447,2,2,1,1,2,Stimulus,,,,,,,,,,,,
SV023,L,448,3,3,1,0,3,Stimulus,,,,,,,,,,,,
SV023,L,449,3,0,0,1,0,Stimulus,,,,,,,,,,,,
SV023,L,450,3,3,1,1,3,Stimulus,,,,,,,,,,,,
SV023,L,451,3,2,0,0,2,Stimulus,,,,,,,,,,,,
SV023,L,452,3,3,1,0,3,Stimulus,,,,,,,,,,,,
SV023,L,453,2,0,1,1,0,Stimulus,,,,,,,,,,,,
SV023,L,454,3,3,1,0,3,Stimulus,,,,,,,,,,,,
SV023,L,455,2,2,0,0,2,Stimulus,,,,,,,,,,,,
SV023,L,456,3,0,0,1,0,Stimulus,,,,,,,,,,,,
SV023,L,457,3,0,1,1,0,Stimulus,,,,,,,,,,,,
SV023,L,458,3,2,0,0,2,Stimulus,,,,,,,,,,,,
SV023,L,459,3,3,0,0,3,Stimulus,,,,,,,,0.6,0.6,69.0,69.0,12.0
SV023,L,460,3,0,0,1,0,Stimulus,,,,,,,,,,,,
SV023,L,461,3,0,1,1,0,Stimulus,,,,,,,,,,,,
SV023,L,462,2,0,0,1,0,Stimulus,,,,,,,,,,,,
SV023,L,463,3,2,0,0,2,Stimulus,,,,,,,,,,,,
SV023,L,464,3,3,0,1,3,Stimulus,,,,,,,,,,,,
SV023,L,465,2,0,0,0,0,Stimulus,,,,,,,,,,,,
SV023,L,466,3,3,0,0,3,Stimulus,,,,,,,,,,,,
SV023,L,467,2,2,1,0,2,Stimulus,,,,,,,,,,,,
SV023,L,468,2,2,0,0,2,Stimulus,,,,,,,,,,,,
SV023,L,469,2,0,1,0,0,Stimulus,,,,,,,,,,,,
SV023,L,470,2,0,0,1,0,Stimulus,,,,,,,,,,,,
SV023,L,471,3,2,1,0,2,Stimulus,,,,,,,,,,,,
SV023,L,472,2,2,1,1,2,Stimulus,,,,,,,,,,,,
SV023,L,473,2,0,0,1,0,Stimulus,,,,,,,,,,,,
SV023,L,474,3,3,0,0,3,Stimulus,,,,,,,,,,,,
SV023,L,475,2,0,0,1,0,Stimulus,,,,,,,,,,,,
SV023,L,476,2,2,0,1,2,Stimulus,,,,,,,,,,,,
SV023,L,477,2,3,0,1,3,Stimulus,,,,,,,,,,,,
SV023,L,478,2,0,1,0,0,Stimulus,,,,,,,,,,,,
SV023,L,479,3,0,0,1,0,Stimulus,,,,,,,,,,,,
SV023,L,480,2,2,0,0,2,Stimulus,,,,,,,,,,,,
SV023,R,1,3,2,0,0,2,Stimulus,,,,,,,,,,,,
SV023,R,2,2,2,0,1,2,Stimulus,,,,,,,,,,,,
SV023,R,3,2,0,0,1,2,Stimulus,,,,,,,,,,,,
SV023,R,4,2,3,0,1,3,Stimulus,,,,,,,,,,,,
SV023,R,5,3,0,0,1,3,Stimulus,,,,,,,,,,,,
SV023,R,6,2,3,0,0,3,Stimulus,,,,,,,,,,,,
SV023,R,7,2,3,0,0,3,Stimulus,,,,,,,,,,,,
SV023,R,8,3,0,1,1,3,Stimulus,,,,,,,,,,,,
SV023,R,9,2,2,1,0,2,Stimulus,,,,,,,,,,,,
SV023,R,10,2,2,0,0,2,Stimulus,,,,,,,,,,,,
SV023,R,11,2,2,0,1,2,Stimulus,,,,,,,,,,,,
SV023,R,12,2,0,1,0,2,Stimulus,,,,,,,,,,,,
SV023,R,13,2,2,1,0,2,Stimulus,,,,,,,,,,,,
SV023,R,14,3,2,1,0,2,Stimulus,,,,,,,,,,,,
SV023,R,15,3,3,1,1,3,Stimulus,,,,,,,,,,,,
SV023,R,16,3,2,0,1,2,Stimulus,,,,,,,,,,,,
SV023,R,17,3,3,0,0,3,Stimulus,,,,,,,,,,,,
SV023,R,18,2,2,1,1,2,Stimulus,,,,,,,,0.5,0.5,63.0,63.0,12.0
SV023,R,19,3,2,0,0,2,Stimulus,,,,,,,,,,,,
SV023,R,20,3,3,0,0,3,Stimulus,,,,,,,,,,,,
SV023,R,21,3,0,0,0,3,Stimulus,,,,,,,,,,,,
SV023,R,22,3,2,1,0,2,Stimulus,,,,,,,,,,,,
SV023,R,23,2,2,1,1,2,Stimulus,,,,,,,,,,,,
SV023,R,24,2,3,1,0,2,Stimulus,,,,,,,,,,,,
SV023,R,25,3,0,0,0,3,Stimulus,,,,,,,,,,,,
SV023,R,26,2,0,1,1,3,Stimulus,,,,,,,,,,,,
SV023,R,27,2,2,0,0,2,Stimulus,,,,,,,,,,,,
SV023,R,28,2,3,0,1,3,Stimulus,,,,,,,,,,,,
SV023,R,29,2,0,0,1,3,Stimulus,,,,,,,,,,,,
SV023,R,30,2,0,0,0,3,Stimulus,,,,,,,,,,,,
SV023,R,31,3,2,0,1,2,Stimulus,,,,,,,,,,,,
SV023,R,32,2,0,0,0,3,Stimulus,,,,,,,,,,,,
SV023,R,33,3,0,1,0,3,Stimulus,,,,,,,,,,,,
SV023,R,34,3,2,1,0,2,Stimulus,,,,,,,,,,,,
SV023,R,35,3,3,1,0,3,Stimulus,,,,,,,,,,,,
SV023,R,36,3,2,1,0,2,Stimulus,,,,,,,,,,,,
SV023,R,37,2,3,1,1,3,Stimulus,,,,,,,,,,,,
SV023,R,38,2,0,1,0,3,Stimulus,,,,,,,,,,,,
SV023,R,39,2,0,0,1,3,Stimulus,,,,,,,,,,,,
SV023,R,40,3,2,0,1,2,Stimulus,,,,,,,,,,,,
SV023,R,41,2,2,0,0,2,Stimulus,,,,,,,,,,,,
SV023,R,42,3,3,1,1,3,Stimulus,,,,,,,,,,,,
SV023,R,43,2,2,0,0,2,Stimulus,,,,,,,,,,,,
SV023,R,44,3,0,1,1,3,Stimulus,,,,,,,,,,,,
SV023,R,45,3,2,1,1,2,Stimulus,,,,,,,,,,,,
SV023,R,46,3,0,1,0,3,Stimulus,,,,,,,,,,,,
SV023,R,47,3,2,1,1,2,Stimulus,,,,,,,,,,,,
SV023,R,48,2,2,0,0,2,Stimulus,,,,,,,,,,,,
SV023,R,49,3,0,1,0,3,Stimulus,,,,,,,,,,,,
SV023,R,50,3,3,0,0,3,Stimulus,,,,,,,,,,,,
SV023,R,51,2,3,1,1,3,Stimulus,,,,,,,,,,,,
SV023,R,52,2,2,0,1,2,Stimulus,,,,,,,,,,,,
SV023,R,53,2,0,1,1,2,Stimulus,,,,,,,,0.5,0.5,60.0,60.0,12.0
SV023,R,54,3,3,0,0,3,Stimulus,,,,,,,,,,,,
SV023,R,55,2,3,1,0,3,Stimulus,,,,,,,,,,,,
SV023,R,56,2,2,0,1,2,Stimulus,,,,,,,,,,,,
SV023,R,57,2,0,0,1,1,Stimulus,,,,,,,,,,,,
SV023,R,58,3,0,1,0,3,Stimulus,,,,,,,,,,,,
SV023,R,59,2,3,1,0,3,Stimulus,,,,,,,,,,,,
SV023,R,60,3,3,1,0,3,Stimulus,,,,,,,,,,,,
SV023,R,61,3,0,1,1,3,Stimulus,,,,,,,,,,,,
SV023,R,62,3,3,1,1,3,Stimulus,,,,,,,,,,,,
SV023,R,63,2,2,0,0,2,Stimulus,,,,,,,,,,,,
SV023,R,64,3,2,0,0,2,Stimulus,,,,,,,,,,,,
SV023,R,65,2,2,0,0,2,Stimulus,,,,,,,,,,,,
SV023,R,66,2,3,1,1,3,Stimulus,,,,,,,,,,,,
SV023,R,67,3,0,0,1,2,Stimulus,,,,,,,,,,,,
SV023,R,68,2,2,1,0,2,Stimulus,,,,,,,,,,,,
SV023,R,69,2,0,0,0,2,Stimulus,,,,,,,,,,,,
SV023,R,70,3,2,0,0,2,Stimulus,,,,,,,,,,,,
SV023,R,71,2,2,1,0,2,Stimulus,,,,,,,,,,,,
SV023,R,72,2,2,1,0,2,Stimulus,,,,,,,,,,,,
SV023,R,73,3,3,1,1,3,Stimulus,,,,,,,,,,,,
SV023,R,74,3,0,0,0,2,Stimulus,,,,,,,,,,,,
SV023,R,75,3,2,1,0,2,Stimulus,,,,,,,,,,,,
SV023,R,76,2,3,0,0,3,Stimulus,,,,,,,,,,,,
SV023,R,77,2,2,0,0,2,Stimulus,,,,,,,,,,,,
SV023,R,78,2,0,0,0,3,Stimulus,,,,,,,,,,,,
SV023,R,79,2,0,0,1,1,Stimulus,,,,,,,,,,,,
SV023,R,80,3,2,0,0,2,Stimulus,,,,,,,,,,,,
SV023,R,81,3,3,0,0,3,Stimulus,,,,,,,,,,,,
SV023,R,82,3,0,0,1,3,Stimulus,,,,,,,,,,,,
SV023,R,83,3,0,1,1,3,Stimulus,,,,,,,,,,,,
SV023,R,84,3,3,1,1,3,Stimulus,,,,,,,,,,,,
SV023,R,85,2,0,1,1,2,Stimulus,,,,,,,,,,,,
SV023,R,86,2,3,0,0,3,Stimulus,,,,,,,,,,,,
SV023,R,87,3,3,1,0,3,Stimulus,,,,,,,,,,,,
SV023,R,88,3,0,0,1,3,Stimulus,,,,,,,,,,,,
SV023,R,89,3,3,0,0,3,Stimulus,,,,,,,,,,,,
SV023,R,90,3,3,1,0,3,Stimulus,,,,,,,,,,,,
SV023,R,91,3,3,1,1,3,Stimulus,,,,,,,,,,,,
SV023,R,92,3,2,0,0,2,Stimulus,,,,,,,,,,,,
SV023,R,93,2,0,0,0,2,Stimulus,,,,,,,,,,,,
SV023,R,94,2,3,0,1,2,Stimulus,,,,,,,,,,,,
SV023,R,95,3,2,1,1,2,Stimulus,,,,,,,,0.5,0.5,64.0,64.0,12.0
SV023,R,96,2,3,0,1,2,Stimulus,,,,,,,,,,,,
SV023,R,97,2,0,0,1,1,Stimulus,,,,,,,,,,,,
SV023,R,98,2,2,1,1,2,Stimulus,,,,,,,,,,,,
SV023,R,99,3,3,0,1,1,Stimulus,,,,,,,,,,,,
SV023,R,100,3,0,1,1,2,Stimulus,,,,,,,,,,,,
SV023,R,101,2,2,1,0,2,Stimulus,,,,,,,,,,,,
SV023,R,102,2,0,1,1,3,Stimulus,,,,,,,,,,,,
SV023,R,103,2,2,1,1,2,Stimulus,,,,,,,,,,,,
SV023,R,104,3,3,1,0,3,Stimulus,,,,,,,,,,,,
SV023,R,105,3,2,0,1,2,Stimulus,,,,,,,,,,,,
SV023,R,106,2,3,1,1,3,Stimulus,,,,,,,,,,,,
SV023,R,107,2,0,1,1,3,Stimulus,,,,,,,,,,,,
SV023,R,108,2,0,1,1,3,Stimulus,,,,,,,,,,,,
SV023,R,109,3,2,1,0,2,Stimulus,,,,,,,,0.7,0.7,81.0,81.0,12.0
SV023,R,110,3,3,0,1,3,Stimulus,,,,,,,,,,,,
SV023,R,111,3,2,1,1,2,Stimulus,,,,,,,,,,,,
SV023,R,112,2,3,1,1,3,Stimulus,,,,,,,,,,,,
SV023,R,113,3,3,1,0,3,Stimulus,,,,,,,,,,,,
SV023,R,114,3,0,1,1,3,Stimulus,,,,,,,,,,,,
SV023,R,115,3,2,0,1,2,Stimulus,,,,,,,,,,,,
SV023,R,116,3,2,0,0,2,Stimulus,,,,,,,,,,,,
SV023,R,117,2,2,0,1,2,Stimulus,,,,,,,,,,,,
SV023,R,118,2,2,1,1,2,Stimulus,,,,,,,,,,,,
SV023,R,119,2,0,1,0,2,Stimulus,,,,,,,,,,,,
SV023,R,120,2,0,0,0,2,Stimulus,,,,,,,,,,,,
SV023,R,121,2,0,1,1,2,Stimulus,,,,,,,,,,,,
SV023,R,122,3,0,1,0,3,Stimulus,,,,,,,,,,,,
SV023,R,123,3,0,0,0,3,Stimulus,,,,,,,,,,,,
SV023,R,124,3,2,0,1,2,Stimulus,,,,,,,,,,,,
SV023,R,125,2,3,0,0,3,Stimulus,,,,,,,,,,,,
SV023,R,126,3,0,0,0,3,Stimulus,,,,,,,,,,,,
SV023,R,127,2,3,0,1,2,Stimulus,,,,,,,,,,,,
SV023,R,128,3,0,0,0,3,Stimulus,,,,,,,,0.5,0.5,63.0,63.0,12.0
SV023,R,129,3,0,0,1,3,Stimulus,,,,,,,,,,,,
SV023,R,130,3,2,1,0,2,Stimulus,,,,,,,,,,,,
SV023,R,131,3,3,1,0,3,Stimulus,,,,,,,,,,,,
SV023,R,132,2,3,1,0,3,Stimulus,,,,,,,,,,,,
SV023,R,133,3,2,0,1,2,Stimulus,,,,,,,,,,,,
SV023,R,134,3,0,1,1,3,Stimulus,,,,,,,,,,,,
SV023,R,135,3,2,0,1,2,Stimulus,,,,,,,,,,,,
SV023,R,136,2,0,1,0,2,Stimulus,,,,,,,,,,,,
SV023,R,137,2,3,0,0,3,Stimulus,,,,,,,,,,,,
SV023,R,138,2,3,0,1,1,Stimulus,,,,,,,,,,,,
SV023,R,139,2,2,1,1,2,Stimulus,,,,,,,,,,,,
SV023,R,140,2,3,0,1,2,Stimulus,,,,,,,,,,,,
SV023,R,141,2,2,0,1,2,Stimulus,,,,,,,,,,,,
SV023,R,142,3,0,0,0,3,Stimulus,,,,,,,,,,,,
SV023,R,143,2,0,1,0,2,Stimulus,,,,,,,,,,,,
SV023,R,144,3,2,1,0,2,Stimulus,,,,,,,,,,,,
SV023,R,145,2,2,0,1,2,Stimulus,,,,,,,,0.5,0.5,56.0,56.0,12.0
SV023,R,146,3,0,1,1,1,Stimulus,,,,,,,,0.3,0.3,899.0,899.0,220.0
SV023,R,147,3,3,0,1,3,Stimulus,,,,,,,,,,,,
SV023,R,148,2,2,0,1,2,Stimulus,,,,,,,,,,,,
SV023,R,149,3,2,1,1,2,Stimulus,,,,,,,,,,,,
SV023,R,150,2,0,0,1,1,Stimulus,,,,,,,,,,,,
SV023,R,151,2,0,1,1,2,Stimulus,,,,,,,,,,,,
SV023,R,152,2,3,0,0,3,Stimulus,1978.7,1978.7,1222.5,1222.5,235.0,235.0,24.0,2.2,2.7,234.5,340.0,26.0
SV023,R,153,2,3,1,1,3,Stimulus,,,,,,,,,,,,
SV023,R,154,3,3,0,1,3,Stimulus,,,,,,,,,,,,
SV023,R,155,2,2,0,1,2,Stimulus,,,,,,,,,,,,
SV023,R,156,2,0,1,0,2,Stimulus,,,,,,,,,,,,
SV023,R,157,2,3,1,0,3,Stimulus,,,,,,,,,,,,
SV023,R,158,3,3,0,1,3,Stimulus,,,,,,,,,,,,
SV023,R,159,3,3,1,1,3,Stimulus,,,,,,,,,,,,
SV023,R,160,2,0,0,1,1,Stimulus,,,,,,,,,,,,
SV023,R,161,3,0,1,1,3,Stimulus,,,,,,,,,,,,
SV023,R,162,3,2,1,1,2,Stimulus,,,,,,,,,,,,
SV023,R,163,3,0,1,1,3,Stimulus,,,,,,,,,,,,
SV023,R,164,2,3,0,0,3,Stimulus,,,,,,,,,,,,
SV023,R,165,3,3,0,0,3,Stimulus,,,,,,,,,,,,
SV023,R,166,2,3,1,1,3,Stimulus,,,,,,,,,,,,
SV023,R,167,3,3,1,1,3,Stimulus,,,,,,,,,,,,
SV023,R,168,3,0,1,0,3,Stimulus,,,,,,,,,,,,
SV023,R,169,2,0,0,0,3,Stimulus,,,,,,,,,,,,
SV023,R,170,2,0,0,1,3,Stimulus,,,,,,,,,,,,
SV023,R,171,3,0,0,1,3,Stimulus,1959.7,1959.7,996.9,996.9,578.0,578.0,24.0,0.4,0.4,55.0,55.0,12.0
SV023,R,172,3,0,0,0,3,Stimulus,,,,,,,,,,,,
SV023,R,173,2,3,1,1,3,Stimulus,,,,,,,,,,,,
SV023,R,174,2,3,1,0,3,Stimulus,,,,,,,,,,,,
SV023,R,175,2,2,1,0,2,Stimulus,,,,,,,,,,,,
SV023,R,176,2,3,0,0,3,Stimulus,,,,,,,,,,,,
SV023,R,177,3,3,1,1,3,Stimulus,,,,,,,,,,,,
SV023,R,178,3,3,1,1,3,Stimulus,,,,,,,,,,,,
SV023,R,179,3,3,0,0,3,Stimulus,,,,,,,,,,,,
SV023,R,180,2,3,0,0,3,Stimulus,,,,,,,,,,,,
SV023,R,181,2,2,1,0,2,Stimulus,,,,,,,,,,,,
SV023,R,182,2,3,1,0,3,Stimulus,,,,,,,,,,,,
SV023,R,183,2,3,1,0,3,Stimulus,,,,,,,,,,,,
SV023,R,184,2,3,0,1,2,Stimulus,,,,,,,,,,,,
SV023,R,185,2,3,1,0,3,Stimulus,,,,,,,,,,,,
SV023,R,186,3,2,0,0,2,Stimulus,,,,,,,,,,,,
SV023,R,187,3,0,0,1,2,Stimulus,,,,,,,,,,,,
SV023,R,188,3,3,0,1,3,Stimulus,,,,,,,,,,,,
SV023,R,189,3,0,1,0,0,Stimulus,,,,,,,,,,,,
SV023,R,190,3,3,0,0,3,Stimulus,,,,,,,,0.8,0.8,74.0,74.0,16.0
SV023,R,191,2,0,0,0,3,Stimulus,,,,,,,,,,,,
SV023,R,192,3,3,1,0,3,Stimulus,,,,,,,,,,,,
SV023,R,193,3,0,1,0,3,Stimulus,,,,,,,,,,,,
SV023,R,194,2,3,1,0,3,Stimulus,,,,,,,,,,,,
SV023,R,195,2,0,1,0,3,Stimulus,,,,,,,,,,,,
SV023,R,196,3,2,1,0,2,Stimulus,,,,,,,,,,,,
SV023,R,197,3,3,0,1,3,Stimulus,1932.1,1932.1,1068.1,1068.1,646.0,646.0,60.0,0.35,0.5,117.0,173.0,20.0
SV023,R,198,3,2,1,0,2,Stimulus,,,,,,,,,,,,
SV023,R,199,2,2,1,0,2,Stimulus,,,,,,,,,,,,
SV023,R,200,2,2,0,0,2,Stimulus,1893.1,1893.1,1043.3,1043.3,362.0,362.0,136.0,0.4,0.4,54.0,54.0,12.0
SV023,R,201,2,2,1,1,2,Stimulus,,,,,,,,,,,,
SV023,R,202,2,2,1,1,2,Stimulus,,,,,,,,,,,,
SV023,R,203,3,0,0,0,3,Stimulus,,,,,,,,,,,,
SV023,R,204,3,0,1,0,3,Stimulus,,,,,,,,,,,,
SV023,R,205,3,0,1,0,3,Stimulus,,,,,,,,,,,,
SV023,R,206,2,0,1,1,3,Stimulus,,,,,,,,,,,,
SV023,R,207,3,3,1,0,3,Stimulus,,,,,,,,,,,,
SV023,R,208,2,3,1,1,3,Stimulus,,,,,,,,,,,,
SV023,R,209,2,2,0,1,2,Stimulus,,,,,,,,,,,,
SV023,R,210,2,3,0,1,2,Stimulus,,,,,,,,,,,,
SV023,R,211,2,0,1,0,3,Stimulus,,,,,,,,0.6,0.6,69.0,69.0,12.0
SV023,R,212,2,3,1,1,3,Stimulus,,,,,,,,0.6,0.6,69.0,69.0,12.0
SV023,R,213,3,0,0,1,3,Stimulus,,,,,,,,,,,,
SV023,R,214,3,2,0,0,2,Stimulus,,,,,,,,,,,,
SV023,R,215,2,0,0,1,1,Stimulus,,,,,,,,,,,,
SV023,R,216,3,3,0,0,3,Stimulus,,,,,,,,,,,,
SV023,R,217,2,0,0,0,3,Stimulus,,,,,,,,,,,,
SV023,R,218,3,2,0,0,2,Stimulus,,,,,,,,,,,,
SV023,R,219,3,3,1,0,3,Stimulus,,,,,,,,,,,,
SV023,R,220,2,2,0,0,2,Stimulus,,,,,,,,,,,,
SV023,R,221,3,3,0,1,3,Stimulus,,,,,,,,,,,,
SV023,R,222,3,3,0,1,2,Stimulus,,,,,,,,,,,,
SV023,R,223,3,0,0,0,3,Stimulus,,,,,,,,,,,,
SV023,R,224,2,2,1,1,2,Stimulus,,,,,,,,,,,,
SV023,R,225,2,0,1,0,2,Stimulus,,,,,,,,0.5,0.5,62.0,62.0,12.0
SV023,R,226,3,2,1,1,2,Stimulus,,,,,,,,,,,,
SV023,R,227,3,2,1,1,2,Stimulus,,,,,,,,,,,,
SV023,R,228,2,0,1,1,1,Stimulus,,,,,,,,,,,,
SV023,R,229,2,0,0,0,2,Stimulus,,,,,,,,,,,,
SV023,R,230,2,3,0,1,3,Stimulus,,,,,,,,,,,,
SV023,R,231,3,2,1,1,2,Stimulus,,,,,,,,,,,,
SV023,R,232,3,2,0,1,2,Stimulus,,,,,,,,,,,,
SV023,R,233,3,3,0,1,3,Stimulus,,,,,,,,,,,,
SV023,R,234,2,0,1,0,2,Stimulus,,,,,,,,,,,,
SV023,R,235,2,2,1,0,2,Stimulus,,,,,,,,0.5,0.5,63.0,63.0,12.0
SV023,R,236,3,0,0,1,2,Stimulus,,,,,,,,,,,,
SV023,R,237,2,2,1,1,2,Stimulus,,,,,,,,,,,,
SV023,R,238,3,2,0,1,2,Stimulus,,,,,,,,,,,,
SV023,R,239,3,2,1,1,2,Stimulus,,,,,,,,,,,,
SV023,R,240,3,0,0,1,2,Stimulus,,,,,,,,,,,,
SV023,R,241,2,2,0,0,2,Stimulus,,,,,,,,,,,,
SV023,R,242,2,3,0,0,3,Stimulus,,,,,,,,,,,,
SV023,R,243,2,2,1,0,2,Stimulus,,,,,,,,,,,,
SV023,R,244,2,0,0,0,0,Stimulus,,,,,,,,,,,,
SV023,R,245,2,2,0,0,2,Stimulus,,,,,,,,,,,,
SV023,R,246,2,2,0,1,2,Stimulus,,,,,,,,1.1,1.1,856.0,856.0,136.0
SV023,R,247,2,3,1,1,2,Stimulus,,,,,,,,,,,,
SV023,R,248,3,3,1,0,2,Stimulus,,,,,,,,,,,,
SV023,R,249,2,2,0,0,2,Stimulus,,,,,,,,,,,,
SV023,R,250,3,3,1,0,3,Stimulus,,,,,,,,,,,,
SV023,R,251,3,3,0,1,3,Stimulus,,,,,,,,,,,,
SV023,R,252,3,2,0,0,2,Stimulus,,,,,,,,,,,,
SV023,R,253,2,2,1,1,2,Stimulus,,,,,,,,,,,,
SV023,R,254,2,0,1,0,0,Stimulus,,,,,,,,,,,,
SV023,R,255,3,2,0,0,2,Stimulus,,,,,,,,,,,,
SV023,R,256,2,2,1,1,2,Stimulus,,,,,,,,,,,,
SV023,R,257,3,3,0,0,3,Stimulus,,,,,,,,,,,,
SV023,R,258,3,2,1,1,2,Stimulus,,,,,,,,,,,,
SV023,R,259,3,2,1,1,2,Stimulus,,,,,,,,,,,,
SV023,R,260,3,0,0,1,0,Stimulus,,,,,,,,,,,,
SV023,R,261,2,0,0,1,0,Stimulus,,,,,,,,,,,,
SV023,R,262,3,0,1,0,0,Stimulus,,,,,,,,,,,,
SV023,R,263,3,0,0,0,0,Stimulus,,,,,,,,,,,,
SV023,R,264,3,2,0,0,2,Stimulus,,,,,,,,,,,,
SV023,R,265,2,3,0,1,3,Stimulus,,,,,,,,,,,,
SV023,R,266,2,2,0,1,2,Stimulus,,,,,,,,,,,,
SV023,R,267,3,2,0,1,2,Stimulus,,,,,,,,,,,,
SV023,R,268,2,2,0,0,2,Stimulus,,,,,,,,,,,,
SV023,R,269,2,2,1,1,2,Stimulus,,,,,,,,,,,,
SV023,R,270,3,3,0,0,3,Stimulus,,,,,,,,,,,,
SV023,R,271,2,0,1,1,0,Stimulus,,,,,,,,,,,,
SV023,R,272,2,3,0,0,3,Stimulus,,,,,,,,,,,,
SV023,R,273,2,0,1,1,0,Stimulus,,,,,,,,,,,,
SV023,R,274,3,3,1,1,3,Stimulus,,,,,,,,,,,,
SV023,R,275,2,0,1,1,0,Stimulus,,,,,,,,,,,,
SV023,R,276,2,0,0,0,0,Stimulus,,,,,,,,,,,,
SV023,R,277,3,2,0,0,2,Stimulus,,,,,,,,,,,,
SV023,R,278,3,2,1,1,2,Stimulus,,,,,,,,,,,,
SV023,R,279,2,2,0,0,2,Stimulus,,,,,,,,,,,,
SV023,R,280,3,2,1,1,2,Stimulus,,,,,,,,,,,,
SV023,R,281,2,0,0,0,0,Stimulus,,,,,,,,,,,,
SV023,R,282,3,0,0,1,0,Stimulus,,,,,,,,,,,,
SV023,R,283,2,2,0,1,2,Stimulus,,,,,,,,,,,,
SV023,R,284,3,3,1,0,3,Stimulus,,,,,,,,,,,,
SV023,R,285,2,0,1,0,0,Stimulus,,,,,,,,,,,,
SV023,R,286,3,0,1,0,0,Stimulus,,,,,,,,,,,,
SV023,R,287,2,3,1,0,3,Stimulus,,,,,,,,,,,,
SV023,R,288,2,2,0,0,2,Stimulus,,,,,,,,,,,,
SV023,R,289,2,0,0,1,0,Stimulus,,,,,,,,,,,,
SV023,R,290,2,2,0,0,2,Stimulus,,,,,,,,,,,,
SV023,R,291,3,2,0,0,2,Stimulus,,,,,,,,,,,,
SV023,R,292,2,3,0,1,3,Stimulus,,,,,,,,,,,,
SV023,R,293,2,2,0,0,2,Stimulus,,,,,,,,,,,,
SV023,R,294,3,3,1,1,3,Stimulus,,,,,,,,,,,,
SV023,R,295,3,2,0,1,2,Stimulus,,,,,,,,,,,,
SV023,R,296,3,0,0,1,0,Stimulus,,,,,,,,,,,,
SV023,R,297,3,3,1,0,3,Stimulus,,,,,,,,,,,,
SV023,R,298,3,3,1,1,3,Stimulus,,,,,,,,,,,,
SV023,R,299,3,0,1,0,0,Stimulus,,,,,,,,,,,,
SV023,R,300,3,3,1,0,3,Stimulus,,,,,,,,,,,,
SV023,R,301,3,2,0,1,2,Stimulus,,,,,,,,,,,,
SV023,R,302,3,0,1,1,0,Stimulus,,,,,,,,,,,,
SV023,R,303,2,3,0,1,3,Stimulus,,,,,,,,,,,,
SV023,R,304,2,0,1,1,0,Stimulus,,,,,,,,,,,,
SV023,R,305,2,2,1,0,2,Stimulus,,,,,,,,,,,,
SV023,R,306,3,3,1,0,3,Stimulus,,,,,,,,,,,,
SV023,R,307,3,2,0,0,2,Stimulus,,,,,,,,,,,,
SV023,R,308,3,0,0,0,0,Stimulus,,,,,,,,,,,,
SV023,R,309,3,2,0,1,2,Stimulus,,,,,,,,,,,,
SV023,R,310,2,3,1,0,3,Stimulus,,,,,,,,,,,,
SV023,R,311,2,2,1,1,2,Stimulus,,,,,,,,,,,,
SV023,R,312,3,2,1,1,2,Stimulus,,,,,,,,,,,,
SV023,R,313,2,0,1,1,0,Stimulus,,,,,,,,,,,,
SV023,R,314,3,2,1,0,2,Stimulus,,,,,,,,,,,,
SV023,R,315,3,3,1,1,3,Stimulus,,,,,,,,,,,,
SV023,R,316,3,3,0,0,3,Stimulus,,,,,,,,,,,,
SV023,R,317,2,3,1,0,3,Stimulus,,,,,,,,,,,,
SV023,R,318,3,2,1,0,2,Stimulus,,,,,,,,,,,,
SV023,R,319,3,0,1,1,0,Stimulus,,,,,,,,,,,,
SV023,R,320,3,3,0,0,3,Stimulus,,,,,,,,,,,,
SV023,R,321,3,0,1,1,0,Stimulus,,,,,,,,,,,,
SV023,R,322,3,3,0,1,3,Stimulus,,,,,,,,,,,,
SV023,R,323,3,2,1,0,2,Stimulus,,,,,,,,,,,,
SV023,R,324,3,3,0,1,3,Stimulus,,,,,,,,,,,,
SV023,R,325,2,0,0,1,0,Stimulus,,,,,,,,,,,,
SV023,R,326,2,3,0,1,3,Stimulus,,,,,,,,,,,,
SV023,R,327,3,3,0,0,3,Stimulus,,,,,,,,,,,,
SV023,R,328,2,0,0,1,0,Stimulus,,,,,,,,,,,,
SV023,R,329,2,3,0,0,3,Stimulus,,,,,,,,,,,,
SV023,R,330,3,0,0,0,0,Stimulus,,,,,,,,,,,,
SV023,R,331,2,3,0,0,3,Stimulus,,,,,,,,,,,,
SV023,R,332,3,0,0,0,0,Stimulus,,,,,,,,,,,,
SV023,R,333,2,2,1,0,2,Stimulus,,,,,,,,,,,,
SV023,R,334,2,2,1,0,2,Stimulus,,,,,,,,,,,,
SV023,R,335,3,0,1,1,0,Stimulus,,,,,,,,,,,,
SV023,R,336,2,2,1,1,2,Stimulus,,,,,,,,,,,,
SV023,R,337,2,0,1,0,0,Stimulus,,,,,,,,,,,,
SV023,R,338,2,0,1,1,0,Stimulus,,,,,,,,,,,,
SV023,R,339,3,3,1,0,3,Stimulus,,,,,,,,,,,,
SV023,R,340,3,0,0,1,0,Stimulus,,,,,,,,,,,,
SV023,R,341,2,3,1,1,3,Stimulus,,,,,,,,,,,,
SV023,R,342,2,3,1,0,3,Stimulus,,,,,,,,,,,,
SV023,R,343,3,3,1,1,3,Stimulus,,,,,,,,0.5,0.5,59.0,59.0,12.0
SV023,R,344,2,0,0,1,0,Stimulus,,,,,,,,,,,,
SV023,R,345,2,0,0,0,0,Stimulus,,,,,,,,,,,,
SV023,R,346,2,3,0,0,3,Stimulus,,,,,,,,,,,,
SV023,R,347,2,3,0,1,3,Stimulus,,,,,,,,,,,,
SV023,R,348,2,0,1,0,0,Stimulus,,,,,,,,,,,,
SV023,R,349,2,2,0,1,2,Stimulus,,,,,,,,,,,,
SV023,R,350,2,3,1,1,3,Stimulus,,,,,,,,,,,,
SV023,R,351,3,3,0,0,3,Stimulus,,,,,,,,,,,,
SV023,R,352,2,2,0,1,2,Stimulus,,,,,,,,,,,,
SV023,R,353,2,2,1,0,2,Stimulus,,,,,,,,,,,,
SV023,R,354,2,3,1,0,3,Stimulus,,,,,,,,,,,,
SV023,R,355,2,2,1,0,2,Stimulus,,,,,,,,,,,,
SV023,R,356,3,2,1,0,2,Stimulus,,,,,,,,,,,,
SV023,R,357,3,3,0,0,3,Stimulus,,,,,,,,,,,,
SV023,R,358,3,2,0,1,2,Stimulus,,,,,,,,,,,,
SV023,R,359,3,0,0,1,0,Stimulus,,,,,,,,,,,,
SV023,R,360,2,0,1,0,0,Stimulus,,,,,,,,,,,,
SV023,R,361,2,0,1,1,0,Stimulus,,,,,,,,,,,,
SV023,R,362,3,3,1,1,3,Stimulus,,,,,,,,,,,,
SV023,R,363,3,0,1,0,0,Stimulus,,,,,,,,,,,,
SV023,R,364,2,3,0,1,3,Stimulus,,,,,,,,,,,,
SV023,R,365,2,2,1,0,2,Stimulus,,,,,,,,,,,,
SV023,R,366,2,0,0,0,0,Stimulus,,,,,,,,,,,,
SV023,R,367,2,2,0,0,2,Stimulus,,,,,,,,,,,,
SV023,R,368,2,0,1,0,3,Stimulus,,,,,,,,,,,,
SV023,R,369,3,2,1,0,2,Stimulus,,,,,,,,,,,,
SV023,R,370,3,3,1,1,3,Stimulus,,,,,,,,,,,,
SV023,R,371,2,3,1,1,3,Stimulus,,,,,,,,,,,,
SV023,R,372,3,3,0,1,3,Stimulus,,,,,,,,,,,,
SV023,R,373,2,0,1,1,0,Stimulus,,,,,,,,,,,,
SV023,R,374,3,0,1,1,0,Stimulus,,,,,,,,,,,,
SV023,R,375,2,3,0,1,3,Stimulus,,,,,,,,,,,,
SV023,R,376,3,0,1,1,0,Stimulus,,,,,,,,,,,,
SV023,R,377,2,3,0,0,3,Stimulus,,,,,,,,,,,,
SV023,R,378,3,3,0,1,3,Stimulus,,,,,,,,,,,,
SV023,R,379,2,0,0,0,0,Stimulus,,,,,,,,,,,,
SV023,R,380,3,0,0,0,0,Stimulus,,,,,,,,,,,,
SV023,R,381,3,2,1,0,2,Stimulus,,,,,,,,0.4,0.4,55.0,55.0,12.0
SV023,R,382,3,0,0,0,0,Stimulus,,,,,,,,,,,,
SV023,R,383,3,3,0,1,3,Stimulus,,,,,,,,,,,,
SV023,R,384,2,2,1,1,2,Stimulus,,,,,,,,,,,,
SV023,R,385,2,2,0,0,2,Stimulus,,,,,,,,,,,,
SV023,R,386,2,0,0,0,0,Stimulus,,,,,,,,,,,,
SV023,R,387,3,2,1,1,2,Stimulus,,,,,,,,,,,,
SV023,R,388,3,0,0,0,0,Stimulus,,,,,,,,1.0,1.0,71.0,71.0,20.0
SV023,R,389,3,0,1,1,0,Stimulus,,,,,,,,,,,,
SV023,R,390,2,0,0,1,0,Stimulus,,,,,,,,,,,,
SV023,R,391,2,3,1,1,3,Stimulus,,,,,,,,,,,,
SV023,R,392,2,0,1,1,0,Stimulus,,,,,,,,,,,,
SV023,R,393,3,2,0,1,2,Stimulus,,,,,,,,,,,,
SV023,R,394,2,3,0,0,3,Stimulus,,,,,,,,,,,,
SV023,R,395,2,2,1,1,2,Stimulus,,,,,,,,,,,,
SV023,R,396,2,2,1,1,2,Stimulus,,,,,,,,,,,,
SV023,R,397,3,2,1,0,2,Stimulus,,,,,,,,,,,,
SV023,R,398,3,2,1,0,2,Stimulus,,,,,,,,0.5,0.5,67.0,67.0,12.0
SV023,R,399,3,3,1,1,3,Stimulus,,,,,,,,,,,,
SV023,R,400,3,2,1,1,2,Stimulus,,,,,,,,,,,,
SV023,R,401,2,3,0,0,3,Stimulus,,,,,,,,,,,,
SV023,R,402,2,0,0,1,0,Stimulus,,,,,,,,,,,,
SV023,R,403,3,0,1,0,0,Stimulus,,,,,,,,,,,,
SV023,R,404,3,3,0,1,3,Stimulus,,,,,,,,,,,,
SV023,R,405,3,0,0,0,0,Stimulus,,,,,,,,,,,,
SV023,R,406,2,3,1,1,3,Stimulus,,,,,,,,,,,,
SV023,R,407,3,0,1,0,0,Stimulus,,,,,,,,,,,,
SV023,R,408,2,3,1,1,3,Stimulus,,,,,,,,,,,,
SV023,R,409,2,2,1,1,2,Stimulus,,,,,,,,,,,,
SV023,R,410,3,3,0,0,3,Stimulus,,,,,,,,,,,,
SV023,R,411,2,0,1,0,0,Stimulus,,,,,,,,,,,,
SV023,R,412,2,3,1,0,3,Stimulus,,,,,,,,,,,,
SV023,R,413,3,0,1,0,0,Stimulus,,,,,,,,,,,,
SV023,R,414,3,3,0,0,3,Stimulus,,,,,,,,,,,,
SV023,R,415,3,2,1,1,2,Stimulus,,,,,,,,,,,,
SV023,R,416,3,0,0,1,0,Stimulus,,,,,,,,,,,,
SV023,R,417,2,3,1,1,3,Stimulus,,,,,,,,,,,,
SV023,R,418,2,2,0,1,2,Stimulus,,,,,,,,,,,,
SV023,R,419,3,3,1,0,3,Stimulus,,,,,,,,,,,,
SV023,R,420,3,3,0,0,3,Stimulus,,,,,,,,,,,,
SV023,R,421,2,2,0,1,2,Stimulus,,,,,,,,0.5,0.5,65.0,65.0,12.0
SV023,R,422,3,2,1,0,2,Stimulus,,,,,,,,,,,,
SV023,R,423,2,0,0,1,0,Stimulus,,,,,,,,,,,,
SV023,R,424,3,2,0,1,2,Stimulus,,,,,,,,,,,,
SV023,R,425,3,3,1,0,3,Stimulus,,,,,,,,,,,,
SV023,R,426,3,2,0,1,2,Stimulus,,,,,,,,,,,,
SV023,R,427,3,0,1,1,0,Stimulus,,,,,,,,,,,,
SV023,R,428,3,0,1,0,0,Stimulus,,,,,,,,,,,,
SV023,R,429,3,2,1,0,2,Stimulus,,,,,,,,,,,,
SV023,R,430,3,2,0,0,2,Stimulus,,,,,,,,,,,,
SV023,R,431,3,0,1,1,0,Stimulus,,,,,,,,,,,,
SV023,R,432,3,0,0,1,0,Stimulus,,,,,,,,,,,,
SV023,R,433,2,0,0,0,0,Stimulus,,,,,,,,,,,,
SV023,R,434,3,2,0,1,2,Stimulus,,,,,,,,,,,,
SV023,R,435,2,2,0,1,2,Stimulus,,,,,,,,,,,,
SV023,R,436,2,2,1,0,2,Stimulus,,,,,,,,,,,,
SV023,R,437,2,2,1,0,2,Stimulus,,,,,,,,,,,,
SV023,R,438,2,3,0,0,3,Stimulus,,,,,,,,,,,,
SV023,R,439,2,2,0,1,2,Stimulus,,,,,,,,,,,,
SV023,R,440,3,3,1,1,3,Stimulus,,,,,,,,,,,,
SV023,R,441,3,0,0,0,0,Stimulus,,,,,,,,,,,,
SV023,R,442,2,0,0,0,0,Stimulus,,,,,,,,,,,,
SV023,R,443,2,0,0,1,0,Stimulus,,,,,,,,,,,,
SV023,R,444,2,3,1,0,3,Stimulus,,,,,,,,,,,,
SV023,R,445,2,0,1,1,3,Stimulus,,,,,,,,,,,,
SV023,R,446,2,2,1,1,2,Stimulus,,,,,,,,,,,,
SV023,R,447,2,2,0,1,2,Stimulus,,,,,,,,,,,,
SV023,R,448,3,0,1,0,0,Stimulus,,,,,,,,,,,,
SV023,R,449,2,3,1,1,3,Stimulus,,,,,,,,,,,,
SV023,R,450,3,3,0,1,3,Stimulus,,,,,,,,,,,,
SV023,R,451,3,0,0,1,0,Stimulus,,,,,,,,,,,,
SV023,R,452,2,3,1,1,3,Stimulus,,,,,,,,,,,,
SV023,R,453,3,2,1,1,2,Stimulus,,,,,,,,,,,,
SV023,R,454,2,0,0,1,0,Stimulus,,,,,,,,,,,,
SV023,R,455,3,3,1,1,3,Stimulus,,,,,,,,,,,,
SV023,R,456,3,2,0,0,2,Stimulus,,,,,,,,,,,,
SV023,R,457,3,3,0,1,3,Stimulus,,,,,,,,,,,,
SV023,R,458,3,0,0,1,0,Stimulus,,,,,,,,,,,,
SV023,R,459,3,2,0,1,2,Stimulus,,,,,,,,,,,,
SV023,R,460,2,0,1,0,0,Stimulus,,,,,,,,,,,,
SV023,R,461,2,3,1,0,3,Stimulus,,,,,,,,,,,,
SV023,R,462,3,3,0,1,3,Stimulus,,,,,,,,,,,,
SV023,R,463,3,0,0,1,0,Stimulus,,,,,,,,,,,,
SV023,R,464,2,3,0,1,0,Stimulus,,,,,,,,0.6,0.6,75.0,75.0,12.0
SV023,R,465,3,3,1,0,3,Stimulus,1440.45,1862.0,1548.0,1824.0,175.5,275.0,28.0,7.2,12.9,1082.5,1957.0,54.0
SV023,R,466,2,3,1,0,4,Stimulus,,,,,,,,,,,,
SV023,R,467,2,3,0,0,4,Stimulus,,,,,,,,,,,,
SV023,R,468,2,3,0,1,4,Stimulus,,,,,,,,,,,,
SV023,R,469,2,0,0,0,0,Stimulus,,,,,,,,,,,,
SV023,R,470,3,0,1,0,0,Stimulus,,,,,,,,,,,,
SV023,R,471,3,2,1,1,2,Stimulus,,,,,,,,,,,,
SV023,R,472,2,0,1,0,0,Stimulus,,,,,,,,,,,,
SV023,R,473,3,2,0,0,2,Stimulus,,,,,,,,,,,,
SV023,R,474,3,0,1,1,0,Stimulus,,,,,,,,,,,,
SV023,R,475,2,2,1,0,2,Stimulus,,,,,,,,,,,,
SV023,R,476,3,0,0,0,0,Stimulus,,,,,,,,0.5,0.5,67.0,67.0,12.0
SV023,R,477,2,3,1,0,3,Stimulus,,,,,,,,,,,,
SV023,R,478,3,2,0,0,2,Stimulus,,,,,,,,,,,,
SV023,R,479,2,0,1,0,0,Stimulus,,,,,,,,,,,,
SV023,R,480,2,3,0,1,3,Stimulus,,,,,,,,,,,,
