subj_id,eye,trial_no,n_flash,n_beep,direction,blindspot,response,phase,fixation_x_mean,fixation_x_max,fixation_y_mean,fixation_y_max,pupil_avg_mean,pupil_avg_max,fixation_duration_mean,saccade_amplitude_mean,saccade_amplitude_max,saccade_velocity_mean,saccade_velocity_max,saccade_duration_mean
SV025,L,1,2,0,1,0,1,Fixation,,,,,,,,,,,,
SV025,L,2,2,2,1,1,2,Fixation,,,,,,,,,,,,
SV025,L,3,2,3,1,1,2,Fixation,,,,,,,,,,,,
SV025,L,4,2,3,0,1,2,Fixation,,,,,,,,,,,,
SV025,L,5,2,3,0,0,2,Fixation,,,,,,,,,,,,
SV025,L,6,3,2,1,1,2,Fixation,,,,,,,,,,,,
SV025,L,7,2,3,0,0,2,Fixation,,,,,,,,,,,,
SV025,L,8,2,0,0,1,2,Fixation,,,,,,,,,,,,
SV025,L,9,3,0,0,0,3,Fixation,,,,,,,,,,,,
SV025,L,10,2,3,0,1,3,Fixation,,,,,,,,,,,,
SV025,L,11,2,3,1,0,2,Fixation,,,,,,,,,,,,
SV025,L,12,3,2,0,0,2,Fixation,,,,,,,,,,,,
SV025,L,13,2,0,0,0,2,Fixation,,,,,,,,,,,,
SV025,L,14,3,2,1,1,2,Fixation,,,,,,,,,,,,
SV025,L,15,3,0,0,1,2,Fixation,,,,,,,,,,,,
SV025,L,16,3,3,1,0,2,Fixation,,,,,,,,,,,,
SV025,L,17,3,2,1,1,2,Fixation,,,,,,,,,,,,
SV025,L,18,2,0,0,1,2,Fixation,,,,,,,,,,,,
SV025,L,19,2,0,1,1,2,Fixation,,,,,,,,,,,,
SV025,L,20,3,2,0,0,2,Fixation,,,,,,,,,,,,
SV025,L,21,2,3,1,1,2,Fixation,,,,,,,,,,,,
SV025,L,22,3,2,1,0,2,Fixation,,,,,,,,,,,,
SV025,L,23,3,0,0,1,1,Fixation,,,,,,,,,,,,
SV025,L,24,3,2,0,1,2,Fixation,,,,,,,,,,,,
SV025,L,25,3,3,1,1,2,Fixation,,,,,,,,,,,,
SV025,L,26,2,2,0,0,2,Fixation,,,,,,,,,,,,
SV025,L,27,3,3,1,0,2,Fixation,,,,,,,,,,,,
SV025,L,28,3,2,1,0,2,Fixation,,,,,,,,,,,,
SV025,L,29,3,0,1,1,3,Fixation,,,,,,,,,,,,
SV025,L,30,2,2,1,1,2,Fixation,,,,,,,,,,,,
SV025,L,31,2,2,0,0,2,Fixation,,,,,,,,,,,,
SV025,L,32,3,0,1,1,2,Fixation,,,,,,,,,,,,
SV025,L,33,3,2,0,0,2,Fixation,,,,,,,,,,,,
SV025,L,34,2,0,1,1,2,Fixation,,,,,,,,,,,,
SV025,L,35,2,0,1,1,2,Fixation,,,,,,,,,,,,
SV025,L,36,2,0,1,1,2,Fixation,,,,,,,,,,,,
SV025,L,37,3,3,0,0,3,Fixation,,,,,,,,,,,,
SV025,L,38,2,3,0,0,3,Fixation,,,,,,,,,,,,
SV025,L,39,3,0,1,1,3,Fixation,,,,,,,,,,,,
SV025,L,40,2,2,1,0,2,Fixation,,,,,,,,,,,,
SV025,L,41,3,2,0,0,2,Fixation,,,,,,,,,,,,
SV025,L,42,3,0,0,1,2,Fixation,,,,,,,,,,,,
SV025,L,43,2,3,0,1,2,Fixation,,,,,,,,,,,,
SV025,L,44,2,3,1,1,2,Fixation,,,,,,,,,,,,
SV025,L,45,2,0,1,0,2,Fixation,,,,,,,,,,,,
SV025,L,46,2,3,1,0,3,Fixation,,,,,,,,,,,,
SV025,L,47,3,0,1,1,3,Fixation,,,,,,,,,,,,
SV025,L,48,2,2,1,0,2,Fixation,,,,,,,,,,,,
SV025,L,49,2,3,1,0,2,Fixation,,,,,,,,,,,,
SV025,L,50,2,3,1,1,2,Fixation,,,,,,,,,,,,
SV025,L,51,3,0,1,0,3,Fixation,,,,,,,,,,,,
SV025,L,52,3,2,1,1,2,Fixation,,,,,,,,,,,,
SV025,L,53,2,0,0,0,2,Fixation,,,,,,,,,,,,
SV025,L,54,3,3,0,0,2,Fixation,,,,,,,,,,,,
SV025,L,55,2,2,0,1,2,Fixation,,,,,,,,,,,,
SV025,L,56,2,0,1,1,2,Fixation,,,,,,,,,,,,
SV025,L,57,2,2,1,1,2,Fixation,,,,,,,,,,,,
SV025,L,58,3,2,0,1,2,Fixation,,,,,,,,,,,,
SV025,L,59,2,0,0,1,2,Fixation,,,,,,,,,,,,
SV025,L,60,3,2,0,1,2,Fixation,,,,,,,,,,,,
SV025,L,61,3,2,1,1,2,Fixation,,,,,,,,,,,,
SV025,L,62,3,3,0,1,1,Fixation,,,,,,,,,,,,
SV025,L,63,2,3,1,0,2,Fixation,,,,,,,,,,,,
SV025,L,64,2,0,1,0,2,Fixation,,,,,,,,,,,,
SV025,L,65,2,2,1,1,2,Fixation,,,,,,,,,,,,
SV025,L,66,3,3,0,1,2,Fixation,,,,,,,,,,,,
SV025,L,67,3,0,1,0,3,Fixation,,,,,,,,,,,,
SV025,L,68,2,2,0,0,2,Fixation,,,,,,,,,,,,
SV025,L,69,2,2,1,1,2,Fixation,,,,,,,,,,,,
SV025,L,70,2,2,1,1,2,Fixation,,,,,,,,,,,,
SV025,L,71,3,3,0,0,2,Fixation,,,,,,,,,,,,
SV025,L,72,2,3,1,1,3,Fixation,,,,,,,,,,,,
SV025,L,73,2,2,1,1,2,Fixation,,,,,,,,,,,,
SV025,L,74,3,0,1,0,2,Fixation,,,,,,,,,,,,
SV025,L,75,3,3,1,1,3,Fixation,,,,,,,,,,,,
SV025,L,76,2,2,1,0,2,Fixation,,,,,,,,,,,,
SV025,L,77,3,0,0,1,2,Fixation,,,,,,,,,,,,
SV025,L,78,2,2,0,0,2,Fixation,,,,,,,,,,,,
SV025,L,79,3,0,1,1,2,Fixation,,,,,,,,,,,,
SV025,L,80,3,2,1,0,2,Fixation,,,,,,,,,,,,
SV025,L,81,2,0,1,0,2,Fixation,,,,,,,,,,,,
SV025,L,82,3,3,1,0,2,Fixation,,,,,,,,,,,,
SV025,L,83,2,3,1,1,3,Fixation,,,,,,,,,,,,
SV025,L,84,3,2,0,0,2,Fixation,,,,,,,,,,,,
SV025,L,85,3,2,1,0,2,Fixation,,,,,,,,,,,,
SV025,L,86,2,2,1,0,2,Fixation,,,,,,,,,,,,
SV025,L,87,3,2,1,0,2,Fixation,,,,,,,,,,,,
SV025,L,88,2,3,0,1,3,Fixation,,,,,,,,,,,,
SV025,L,89,3,0,0,0,2,Fixation,,,,,,,,,,,,
SV025,L,90,3,2,0,1,2,Fixation,,,,,,,,,,,,
SV025,L,91,2,3,1,0,2,Fixation,,,,,,,,,,,,
SV025,L,92,3,2,0,0,2,Fixation,,,,,,,,,,,,
SV025,L,93,2,2,0,1,2,Fixation,,,,,,,,,,,,
SV025,L,94,2,0,1,0,2,Fixation,,,,,,,,,,,,
SV025,L,95,3,3,1,1,2,Fixation,,,,,,,,,,,,
SV025,L,96,2,0,0,0,2,Fixation,,,,,,,,,,,,
SV025,L,97,2,2,1,0,2,Fixation,,,,,,,,,,,,
SV025,L,98,3,0,0,0,2,Fixation,,,,,,,,,,,,
SV025,L,99,2,2,0,1,1,Fixation,,,,,,,,,,,,
SV025,L,100,3,2,1,1,2,Fixation,,,,,,,,,,,,
SV025,L,101,3,3,1,1,2,Fixation,,,,,,,,,,,,
SV025,L,102,2,0,1,1,2,Fixation,,,,,,,,,,,,
SV025,L,103,3,2,0,0,2,Fixation,,,,,,,,,,,,
SV025,L,104,3,2,1,1,2,Fixation,,,,,,,,,,,,
SV025,L,105,2,2,0,0,2,Fixation,,,,,,,,,,,,
SV025,L,106,3,3,1,0,2,Fixation,,,,,,,,,,,,
SV025,L,107,2,2,1,1,2,Fixation,,,,,,,,,,,,
SV025,L,108,3,2,1,1,2,Fixation,,,,,,,,,,,,
SV025,L,109,2,2,0,1,2,Fixation,,,,,,,,,,,,
SV025,L,110,3,2,0,1,2,Fixation,,,,,,,,,,,,
SV025,L,111,2,0,1,0,2,Fixation,,,,,,,,,,,,
SV025,L,112,3,0,0,0,2,Fixation,,,,,,,,,,,,
SV025,L,113,2,0,1,1,2,Fixation,,,,,,,,,,,,
SV025,L,114,2,0,1,1,2,Fixation,,,,,,,,,,,,
SV025,L,115,2,3,0,1,2,Fixation,,,,,,,,,,,,
SV025,L,116,2,3,0,0,1,Fixation,,,,,,,,,,,,
SV025,L,117,3,2,1,1,2,Fixation,,,,,,,,,,,,
SV025,L,118,2,2,0,1,2,Fixation,,,,,,,,,,,,
SV025,L,119,2,3,1,0,2,Fixation,,,,,,,,,,,,
SV025,L,120,2,0,0,1,2,Fixation,,,,,,,,,,,,
SV025,L,121,3,2,1,0,2,Fixation,,,,,,,,,,,,
SV025,L,122,3,3,1,1,2,Fixation,,,,,,,,,,,,
SV025,L,123,2,2,0,0,2,Fixation,,,,,,,,,,,,
SV025,L,124,3,0,0,0,2,Fixation,,,,,,,,,,,,
SV025,L,125,3,3,1,0,2,Fixation,,,,,,,,,,,,
SV025,L,126,3,0,0,0,3,Fixation,,,,,,,,,,,,
SV025,L,127,2,3,1,1,3,Fixation,,,,,,,,,,,,
SV025,L,128,2,3,1,1,2,Fixation,,,,,,,,,,,,
SV025,L,129,3,3,1,1,3,Fixation,,,,,,,,,,,,
SV025,L,130,2,2,1,0,2,Fixation,,,,,,,,,,,,
SV025,L,131,2,3,0,0,3,Fixation,,,,,,,,,,,,
SV025,L,132,3,3,0,1,2,Fixation,,,,,,,,,,,,
SV025,L,133,3,3,0,1,3,Fixation,,,,,,,,,,,,
SV025,L,134,2,2,1,1,2,Fixation,,,,,,,,,,,,
SV025,L,135,3,2,1,0,2,Fixation,,,,,,,,,,,,
SV025,L,136,3,0,1,0,2,Fixation,,,,,,,,,,,,
SV025,L,137,2,0,0,0,2,Fixation,,,,,,,,,,,,
SV025,L,138,3,2,0,0,2,Fixation,,,,,,,,,,,,
SV025,L,139,2,0,1,0,2,Fixation,,,,,,,,,,,,
SV025,L,140,2,2,1,0,2,Fixation,,,,,,,,,,,,
SV025,L,141,2,2,1,0,2,Fixation,,,,,,,,,,,,
SV025,L,142,3,3,0,0,3,Fixation,,,,,,,,,,,,
SV025,L,143,2,0,0,1,2,Fixation,,,,,,,,,,,,
SV025,L,144,2,0,1,0,2,Fixation,,,,,,,,,,,,
SV025,L,145,3,3,0,1,2,Fixation,,,,,,,,,,,,
SV025,L,146,3,0,1,1,2,Fixation,,,,,,,,,,,,
SV025,L,147,3,0,0,0,3,Fixation,,,,,,,,,,,,
SV025,L,148,3,3,1,1,2,Fixation,,,,,,,,,,,,
SV025,L,149,3,3,0,1,2,Fixation,,,,,,,,,,,,
SV025,L,150,2,2,0,0,2,Fixation,,,,,,,,,,,,
SV025,L,151,3,3,1,1,3,Fixation,,,,,,,,,,,,
SV025,L,152,2,3,0,0,3,Fixation,,,,,,,,,,,,
SV025,L,153,3,0,1,0,3,Fixation,,,,,,,,,,,,
SV025,L,154,3,0,1,0,3,Fixation,,,,,,,,,,,,
SV025,L,155,3,3,0,0,3,Fixation,,,,,,,,,,,,
SV025,L,156,2,0,0,1,3,Fixation,,,,,,,,,,,,
SV025,L,157,3,2,1,1,2,Fixation,,,,,,,,,,,,
SV025,L,158,2,2,1,1,2,Fixation,,,,,,,,,,,,
SV025,L,159,3,3,0,1,2,Fixation,,,,,,,,,,,,
SV025,L,160,2,0,0,1,1,Fixation,,,,,,,,,,,,
SV025,L,161,3,0,1,1,2,Fixation,,,,,,,,,,,,
SV025,L,162,3,2,0,1,1,Fixation,,,,,,,,,,,,
SV025,L,163,2,0,1,0,1,Fixation,,,,,,,,,,,,
SV025,L,164,3,3,1,0,2,Fixation,,,,,,,,,,,,
SV025,L,165,3,0,0,1,2,Fixation,,,,,,,,,,,,
SV025,L,166,2,3,0,1,2,Fixation,,,,,,,,,,,,
SV025,L,167,2,0,0,0,2,Fixation,,,,,,,,,,,,
SV025,L,168,2,3,0,0,2,Fixation,,,,,,,,,,,,
SV025,L,169,3,3,0,0,2,Fixation,,,,,,,,,,,,
SV025,L,170,2,0,0,0,2,Fixation,,,,,,,,,,,,
SV025,L,171,3,3,0,0,2,Fixation,,,,,,,,,,,,
SV025,L,172,2,2,0,0,2,Fixation,,,,,,,,,,,,
SV025,L,173,3,2,0,0,2,Fixation,,,,,,,,,,,,
SV025,L,174,2,0,0,1,0,Fixation,,,,,,,,,,,,
SV025,L,175,2,0,0,0,2,Fixation,,,,,,,,,,,,
SV025,L,176,2,0,0,0,1,Fixation,,,,,,,,,,,,
SV025,L,177,2,3,1,0,2,Fixation,,,,,,,,,,,,
SV025,L,178,3,3,0,1,2,Fixation,,,,,,,,,,,,
SV025,L,179,2,2,0,1,2,Fixation,,,,,,,,,,,,
SV025,L,180,2,0,1,1,2,Fixation,,,,,,,,,,,,
SV025,L,181,3,0,1,0,2,Fixation,,,,,,,,,,,,
SV025,L,182,3,3,0,0,2,Fixation,,,,,,,,,,,,
SV025,L,183,2,2,1,0,2,Fixation,,,,,,,,,,,,
SV025,L,184,2,2,0,0,2,Fixation,,,,,,,,,,,,
SV025,L,185,3,0,0,1,2,Fixation,,,,,,,,,,,,
SV025,L,186,3,2,0,1,2,Fixation,,,,,,,,,,,,
SV025,L,187,3,0,1,1,2,Fixation,,,,,,,,,,,,
SV025,L,188,2,3,1,0,2,Fixation,,,,,,,,,,,,
SV025,L,189,3,2,0,1,2,Fixation,,,,,,,,,,,,
SV025,L,190,2,3,0,0,2,Fixation,,,,,,,,,,,,
SV025,L,191,3,0,1,0,2,Fixation,,,,,,,,,,,,
SV025,L,192,2,3,1,0,2,Fixation,,,,,,,,,,,,
SV025,L,193,2,0,0,0,2,Fixation,,,,,,,,,,,,
SV025,L,194,2,2,0,1,2,Fixation,,,,,,,,,,,,
SV025,L,195,2,3,0,1,2,Fixation,,,,,,,,,,,,
SV025,L,196,2,3,1,1,2,Fixation,,,,,,,,,,,,
SV025,L,197,3,0,1,0,2,Fixation,,,,,,,,,,,,
SV025,L,198,3,3,0,0,3,Fixation,,,,,,,,,,,,
SV025,L,199,3,0,1,1,2,Fixation,,,,,,,,,,,,
SV025,L,200,3,3,0,0,3,Fixation,,,,,,,,,,,,
SV025,L,201,3,0,0,1,2,Fixation,,,,,,,,,,,,
SV025,L,202,2,2,1,0,2,Fixation,,,,,,,,,,,,
SV025,L,203,3,0,0,0,3,Fixation,,,,,,,,,,,,
SV025,L,204,3,3,1,0,2,Fixation,,,,,,,,,,,,
SV025,L,205,3,2,1,0,2,Fixation,,,,,,,,,,,,
SV025,L,206,3,3,0,1,1,Fixation,,,,,,,,,,,,
SV025,L,207,2,2,0,0,2,Fixation,,,,,,,,,,,,
SV025,L,208,3,3,1,0,2,Fixation,,,,,,,,,,,,
SV025,L,209,3,2,0,1,1,Fixation,,,,,,,,,,,,
SV025,L,210,3,0,1,0,2,Fixation,,,,,,,,,,,,
SV025,L,211,2,3,0,1,2,Fixation,,,,,,,,,,,,
SV025,L,212,2,0,0,1,2,Fixation,,,,,,,,,,,,
SV025,L,213,3,0,0,1,2,Fixation,,,,,,,,,,,,
SV025,L,214,3,3,1,0,2,Fixation,,,,,,,,,,,,
SV025,L,215,3,0,0,0,3,Fixation,,,,,,,,,,,,
SV025,L,216,2,3,0,1,2,Fixation,,,,,,,,,,,,
SV025,L,217,2,3,1,1,2,Fixation,,,,,,,,,,,,
SV025,L,218,2,2,0,1,2,Fixation,,,,,,,,,,,,
SV025,L,219,2,0,0,0,2,Fixation,,,,,,,,,,,,
SV025,L,220,3,2,0,0,2,Fixation,,,,,,,,,,,,
SV025,L,221,2,3,0,1,2,Fixation,,,,,,,,,,,,
SV025,L,222,2,2,0,1,2,Fixation,,,,,,,,,,,,
SV025,L,223,3,2,0,1,2,Fixation,,,,,,,,,,,,
SV025,L,224,3,2,1,0,2,Fixation,,,,,,,,,,,,
SV025,L,225,3,0,1,1,2,Fixation,,,,,,,,,,,,
SV025,L,226,2,0,1,0,1,Fixation,,,,,,,,,,,,
SV025,L,227,2,0,1,1,1,Fixation,,,,,,,,,,,,
SV025,L,228,2,3,0,0,2,Fixation,,,,,,,,,,,,
SV025,L,229,3,2,1,0,2,Fixation,,,,,,,,,,,,
SV025,L,230,2,2,0,1,1,Fixation,,,,,,,,,,,,
SV025,L,231,2,3,1,0,2,Fixation,,,,,,,,,,,,
SV025,L,232,3,0,0,1,1,Fixation,,,,,,,,,,,,
SV025,L,233,2,0,0,1,2,Fixation,,,,,,,,,,,,
SV025,L,234,3,3,1,1,2,Fixation,,,,,,,,,,,,
SV025,L,235,3,0,0,1,2,Fixation,,,,,,,,,,,,
SV025,L,236,2,3,0,0,2,Fixation,,,,,,,,,,,,
SV025,L,237,3,3,1,0,2,Fixation,,,,,,,,,,,,
SV025,L,238,3,0,0,0,2,Fixation,,,,,,,,,,,,
SV025,L,239,3,3,1,1,1,Fixation,,,,,,,,,,,,
SV025,L,240,3,3,0,1,2,Fixation,,,,,,,,,,,,
SV025,L,241,3,3,0,0,3,Fixation,,,,,,,,,,,,
SV025,L,242,2,3,0,0,3,Fixation,,,,,,,,,,,,
SV025,L,243,2,2,0,0,2,Fixation,,,,,,,,,,,,
SV025,L,244,2,3,0,0,3,Fixation,,,,,,,,,,,,
SV025,L,245,2,0,0,1,0,Fixation,,,,,,,,,,,,
SV025,L,246,3,0,1,1,0,Fixation,,,,,,,,,,,,
SV025,L,247,2,0,0,0,0,Fixation,,,,,,,,,,,,
SV025,L,248,3,2,1,0,2,Fixation,,,,,,,,,,,,
SV025,L,249,3,2,1,0,2,Fixation,,,,,,,,,,,,
SV025,L,250,2,0,1,1,0,Fixation,,,,,,,,,,,,
SV025,L,251,3,2,0,1,2,Fixation,,,,,,,,,,,,
SV025,L,252,2,2,0,0,2,Fixation,,,,,,,,,,,,
SV025,L,253,2,3,0,0,3,Fixation,,,,,,,,,,,,
SV025,L,254,3,2,0,0,2,Fixation,,,,,,,,,,,,
SV025,L,255,2,0,0,1,0,Fixation,,,,,,,,,,,,
SV025,L,256,3,2,0,1,2,Fixation,,,,,,,,,,,,
SV025,L,257,2,2,1,0,2,Fixation,,,,,,,,,,,,
SV025,L,258,2,0,1,1,0,Fixation,,,,,,,,,,,,
SV025,L,259,2,0,0,0,0,Fixation,,,,,,,,,,,,
SV025,L,260,2,0,0,0,0,Fixation,,,,,,,,,,,,
SV025,L,261,3,3,1,0,3,Fixation,,,,,,,,,,,,
SV025,L,262,3,2,0,0,2,Fixation,,,,,,,,,,,,
SV025,L,263,3,3,1,1,4,Fixation,,,,,,,,,,,,
SV025,L,264,2,3,0,1,3,Fixation,,,,,,,,,,,,
SV025,L,265,3,2,1,1,2,Fixation,,,,,,,,,,,,
SV025,L,266,3,2,1,1,2,Fixation,,,,,,,,,,,,
SV025,L,267,2,0,0,0,0,Fixation,,,,,,,,,,,,
SV025,L,268,3,3,0,1,3,Fixation,,,,,,,,,,,,
SV025,L,269,2,3,0,1,3,Fixation,,,,,,,,,,,,
SV025,L,270,3,2,1,0,2,Fixation,,,,,,,,,,,,
SV025,L,271,3,0,1,0,0,Fixation,,,,,,,,,,,,
SV025,L,272,3,3,0,1,3,Fixation,,,,,,,,,,,,
SV025,L,273,3,2,0,1,2,Fixation,,,,,,,,,,,,
SV025,L,274,3,0,1,1,0,Fixation,,,,,,,,,,,,
SV025,L,275,3,0,1,0,0,Fixation,,,,,,,,,,,,
SV025,L,276,2,2,0,1,2,Fixation,,,,,,,,,,,,
SV025,L,277,3,0,1,1,0,Fixation,,,,,,,,,,,,
SV025,L,278,2,0,1,0,0,Fixation,,,,,,,,,,,,
SV025,L,279,2,3,1,0,3,Fixation,,,,,,,,,,,,
SV025,L,280,2,2,1,1,2,Fixation,,,,,,,,,,,,
SV025,L,281,2,3,1,1,3,Fixation,,,,,,,,,,,,
SV025,L,282,3,2,1,0,2,Fixation,,,,,,,,,,,,
SV025,L,283,3,2,0,1,2,Fixation,,,,,,,,,,,,
SV025,L,284,2,0,1,1,0,Fixation,,,,,,,,,,,,
SV025,L,285,2,2,1,0,2,Fixation,,,,,,,,,,,,
SV025,L,286,2,2,1,1,2,Fixation,,,,,,,,,,,,
SV025,L,287,2,0,1,0,0,Fixation,,,,,,,,,,,,
SV025,L,288,3,2,0,0,2,Fixation,,,,,,,,,,,,
SV025,L,289,3,2,1,1,2,Fixation,,,,,,,,,,,,
SV025,L,290,2,2,0,0,2,Fixation,,,,,,,,,,,,
SV025,L,291,3,3,0,0,3,Fixation,,,,,,,,,,,,
SV025,L,292,2,2,0,0,2,Fixation,,,,,,,,,,,,
SV025,L,293,2,3,0,0,3,Fixation,,,,,,,,,,,,
SV025,L,294,2,3,0,1,4,Fixation,,,,,,,,,,,,
SV025,L,295,3,3,1,1,4,Fixation,,,,,,,,,,,,
SV025,L,296,3,2,0,0,2,Fixation,,,,,,,,,,,,
SV025,L,297,3,3,1,0,4,Fixation,,,,,,,,,,,,
SV025,L,298,3,3,0,0,3,Fixation,,,,,,,,,,,,
SV025,L,299,2,3,0,0,3,Fixation,,,,,,,,,,,,
SV025,L,300,3,0,1,0,0,Fixation,,,,,,,,,,,,
SV025,L,301,2,2,0,1,2,Fixation,,,,,,,,,,,,
SV025,L,302,3,3,0,0,3,Fixation,,,,,,,,,,,,
SV025,L,303,2,3,0,1,3,Fixation,,,,,,,,,,,,
SV025,L,304,3,2,0,1,2,Fixation,,,,,,,,,,,,
SV025,L,305,3,2,1,0,2,Fixation,,,,,,,,,,,,
SV025,L,306,2,2,0,1,2,Fixation,,,,,,,,,,,,
SV025,L,307,3,3,1,0,3,Fixation,,,,,,,,,,,,
SV025,L,308,2,0,1,0,0,Fixation,,,,,,,,,,,,
SV025,L,309,3,0,1,0,0,Fixation,,,,,,,,,,,,
SV025,L,310,3,2,1,0,2,Fixation,,,,,,,,,,,,
SV025,L,311,3,2,0,0,2,Fixation,,,,,,,,,,,,
SV025,L,312,3,0,0,0,0,Fixation,,,,,,,,,,,,
SV025,L,313,2,3,1,0,3,Fixation,,,,,,,,,,,,
SV025,L,314,3,0,1,1,0,Fixation,,,,,,,,,,,,
SV025,L,315,2,0,1,0,0,Fixation,,,,,,,,,,,,
SV025,L,316,3,0,0,1,0,Fixation,,,,,,,,,,,,
SV025,L,317,2,3,0,0,4,Fixation,,,,,,,,,,,,
SV025,L,318,2,0,0,0,0,Fixation,,,,,,,,,,,,
SV025,L,319,2,3,1,1,3,Fixation,,,,,,,,,,,,
SV025,L,320,3,0,1,1,0,Fixation,,,,,,,,,,,,
SV025,L,321,2,3,0,1,3,Fixation,,,,,,,,,,,,
SV025,L,322,2,3,1,0,3,Fixation,,,,,,,,,,,,
SV025,L,323,2,2,1,0,2,Fixation,,,,,,,,0.5,0.5,62.0,62.0,12.0
SV025,L,324,3,0,0,0,0,Fixation,,,,,,,,,,,,
SV025,L,325,3,2,1,0,2,Fixation,,,,,,,,,,,,
SV025,L,326,3,3,1,1,3,Fixation,,,,,,,,,,,,
SV025,L,327,2,0,0,1,0,Fixation,,,,,,,,0.8,0.8,69.0,69.0,16.0
SV025,L,328,3,3,1,0,3,Fixation,,,,,,,,,,,,
SV025,L,329,2,3,1,1,3,Fixation,,,,,,,,,,,,
SV025,L,330,2,3,1,0,3,Fixation,,,,,,,,,,,,
SV025,L,331,3,0,1,0,0,Fixation,,,,,,,,,,,,
SV025,L,332,2,3,1,0,3,Fixation,,,,,,,,,,,,
SV025,L,333,3,0,1,1,0,Fixation,,,,,,,,,,,,
SV025,L,334,3,0,1,0,0,Fixation,,,,,,,,,,,,
SV025,L,335,3,2,0,0,2,Fixation,,,,,,,,,,,,
SV025,L,336,3,2,0,1,2,Fixation,,,,,,,,,,,,
SV025,L,337,2,2,1,1,2,Fixation,,,,,,,,,,,,
SV025,L,338,2,3,1,0,3,Fixation,,,,,,,,,,,,
SV025,L,339,2,0,0,1,0,Fixation,,,,,,,,,,,,
SV025,L,340,2,2,1,1,2,Fixation,,,,,,,,,,,,
SV025,L,341,3,0,1,1,0,Fixation,,,,,,,,,,,,
SV025,L,342,2,0,0,0,0,Fixation,,,,,,,,,,,,
SV025,L,343,2,3,0,0,3,Fixation,,,,,,,,,,,,
SV025,L,344,3,3,1,1,3,Fixation,,,,,,,,,,,,
SV025,L,345,2,3,0,0,3,Fixation,,,,,,,,,,,,
SV025,L,346,3,3,0,0,3,Fixation,,,,,,,,,,,,
SV025,L,347,3,3,0,1,3,Fixation,,,,,,,,,,,,
SV025,L,348,3,0,1,1,0,Fixation,,,,,,,,,,,,
SV025,L,349,2,2,0,0,2,Fixation,,,,,,,,,,,,
SV025,L,350,2,3,1,0,3,Fixation,,,,,,,,,,,,
SV025,L,351,3,3,1,1,3,Fixation,,,,,,,,,,,,
SV025,L,352,2,2,1,0,2,Fixation,,,,,,,,,,,,
SV025,L,353,2,0,0,1,0,Fixation,,,,,,,,,,,,
SV025,L,354,2,2,0,1,2,Fixation,,,,,,,,,,,,
SV025,L,355,2,0,0,0,0,Fixation,,,,,,,,,,,,
SV025,L,356,3,0,0,1,0,Fixation,,,,,,,,,,,,
SV025,L,357,2,3,1,1,3,Fixation,,,,,,,,,,,,
SV025,L,358,2,0,1,1,0,Fixation,,,,,,,,,,,,
SV025,L,359,2,0,1,1,0,Fixation,,,,,,,,,,,,
SV025,L,360,3,0,0,0,0,Fixation,,,,,,,,,,,,
SV025,L,361,3,0,0,0,0,Fixation,,,,,,,,,,,,
SV025,L,362,2,0,0,1,0,Fixation,,,,,,,,,,,,
SV025,L,363,2,0,0,1,0,Fixation,,,,,,,,,,,,
SV025,L,364,2,0,0,0,0,Fixation,,,,,,,,,,,,
SV025,L,365,3,2,0,0,2,Fixation,,,,,,,,,,,,
SV025,L,366,2,3,1,0,3,Fixation,,,,,,,,,,,,
SV025,L,367,2,3,0,1,3,Fixation,,,,,,,,,,,,
SV025,L,368,3,0,0,0,0,Fixation,,,,,,,,,,,,
SV025,L,369,2,2,0,1,2,Fixation,,,,,,,,,,,,
SV025,L,370,2,2,1,0,2,Fixation,,,,,,,,,,,,
SV025,L,371,3,3,1,1,3,Fixation,,,,,,,,,,,,
SV025,L,372,3,2,0,0,2,Fixation,,,,,,,,,,,,
SV025,L,373,2,3,0,1,3,Fixation,,,,,,,,,,,,
SV025,L,374,2,0,1,1,0,Fixation,,,,,,,,,,,,
SV025,L,375,3,3,1,1,3,Fixation,,,,,,,,,,,,
SV025,L,376,2,3,0,1,3,Fixation,,,,,,,,,,,,
SV025,L,377,3,2,1,0,2,Fixation,,,,,,,,,,,,
SV025,L,378,3,3,1,0,3,Fixation,,,,,,,,,,,,
SV025,L,379,2,2,1,1,2,Fixation,,,,,,,,,,,,
SV025,L,380,2,2,0,0,2,Fixation,,,,,,,,,,,,
SV025,L,381,2,2,1,0,2,Fixation,,,,,,,,,,,,
SV025,L,382,3,0,0,0,0,Fixation,,,,,,,,,,,,
SV025,L,383,3,3,1,0,3,Fixation,,,,,,,,,,,,
SV025,L,384,3,2,1,1,2,Fixation,,,,,,,,,,,,
SV025,L,385,3,3,1,0,3,Fixation,,,,,,,,,,,,
SV025,L,386,3,3,0,1,3,Fixation,,,,,,,,,,,,
SV025,L,387,2,2,1,0,2,Fixation,,,,,,,,,,,,
SV025,L,388,3,0,0,1,0,Fixation,,,,,,,,,,,,
SV025,L,389,3,3,1,1,3,Fixation,,,,,,,,,,,,
SV025,L,390,3,2,0,1,2,Fixation,,,,,,,,,,,,
SV025,L,391,3,2,1,1,2,Fixation,,,,,,,,,,,,
SV025,L,392,3,2,1,1,2,Fixation,,,,,,,,,,,,
SV025,L,393,2,2,0,0,2,Fixation,,,,,,,,,,,,
SV025,L,394,2,0,0,1,0,Fixation,,,,,,,,,,,,
SV025,L,395,2,2,1,1,2,Fixation,,,,,,,,,,,,
SV025,L,396,3,0,0,0,0,Fixation,,,,,,,,,,,,
SV025,L,397,3,0,0,1,0,Fixation,,,,,,,,,,,,
SV025,L,398,3,3,0,1,3,Fixation,,,,,,,,,,,,
SV025,L,399,3,2,1,0,2,Fixation,,,,,,,,,,,,
SV025,L,400,2,0,1,0,0,Fixation,,,,,,,,,,,,
SV025,L,401,2,2,0,1,2,Fixation,,,,,,,,,,,,
SV025,L,402,2,3,0,1,3,Fixation,,,,,,,,,,,,
SV025,L,403,3,2,1,1,2,Fixation,,,,,,,,,,,,
SV025,L,404,2,3,0,0,3,Fixation,,,,,,,,,,,,
SV025,L,405,2,3,1,1,3,Fixation,,,,,,,,,,,,
SV025,L,406,2,3,1,0,3,Fixation,,,,,,,,,,,,
SV025,L,407,3,3,0,1,3,Fixation,,,,,,,,,,,,
SV025,L,408,3,0,1,0,0,Fixation,,,,,,,,,,,,
SV025,L,409,3,3,0,1,3,Fixation,,,,,,,,,,,,
SV025,L,410,3,3,1,0,3,Fixation,,,,,,,,,,,,
SV025,L,411,3,3,0,0,3,Fixation,,,,,,,,,,,,
SV025,L,412,2,3,1,1,3,Fixation,,,,,,,,,,,,
SV025,L,413,3,3,0,1,3,Fixation,,,,,,,,,,,,
SV025,L,414,3,2,0,1,2,Fixation,,,,,,,,,,,,
SV025,L,415,3,0,0,0,0,Fixation,,,,,,,,,,,,
SV025,L,416,2,0,0,1,0,Fixation,,,,,,,,,,,,
SV025,L,417,3,3,0,0,3,Fixation,,,,,,,,,,,,
SV025,L,418,2,0,1,1,0,Fixation,,,,,,,,,,,,
SV025,L,419,2,2,0,0,2,Fixation,,,,,,,,,,,,
SV025,L,420,2,3,1,1,3,Fixation,,,,,,,,,,,,
SV025,L,421,3,2,1,0,2,Fixation,,,,,,,,,,,,
SV025,L,422,2,2,0,0,2,Fixation,,,,,,,,,,,,
SV025,L,423,2,0,1,1,0,Fixation,,,,,,,,,,,,
SV025,L,424,2,2,1,0,2,Fixation,,,,,,,,,,,,
SV025,L,425,2,2,0,1,2,Fixation,,,,,,,,,,,,
SV025,L,426,2,0,1,1,0,Fixation,,,,,,,,,,,,
SV025,L,427,3,2,1,1,2,Fixation,,,,,,,,,,,,
SV025,L,428,3,0,0,1,0,Fixation,,,,,,,,,,,,
SV025,L,429,2,2,1,1,2,Fixation,,,,,,,,,,,,
SV025,L,430,3,0,0,0,0,Fixation,,,,,,,,,,,,
SV025,L,431,2,0,1,0,0,Fixation,,,,,,,,,,,,
SV025,L,432,3,0,0,1,0,Fixation,,,,,,,,,,,,
SV025,L,433,3,3,1,0,3,Fixation,,,,,,,,,,,,
SV025,L,434,3,0,1,0,0,Fixation,,,,,,,,,,,,
SV025,L,435,3,0,0,1,0,Fixation,,,,,,,,,,,,
SV025,L,436,3,3,0,0,3,Fixation,,,,,,,,,,,,
SV025,L,437,3,3,0,1,3,Fixation,,,,,,,,,,,,
SV025,L,438,2,0,0,0,0,Fixation,,,,,,,,,,,,
SV025,L,439,2,0,1,0,0,Fixation,,,,,,,,,,,,
SV025,L,440,2,3,1,1,3,Fixation,,,,,,,,0.5,0.5,64.0,64.0,12.0
SV025,L,441,3,0,1,0,0,Fixation,,,,,,,,,,,,
SV025,L,442,3,0,0,1,0,Fixation,,,,,,,,,,,,
SV025,L,443,3,2,0,0,2,Fixation,,,,,,,,,,,,
SV025,L,444,2,2,0,0,2,Fixation,,,,,,,,,,,,
SV025,L,445,2,0,1,0,0,Fixation,,,,,,,,,,,,
SV025,L,446,2,0,1,0,0,Fixation,,,,,,,,,,,,
SV025,L,447,3,2,1,1,2,Fixation,,,,,,,,,,,,
SV025,L,448,3,2,1,1,2,Fixation,,,,,,,,,,,,
SV025,L,449,3,3,1,0,3,Fixation,,,,,,,,,,,,
SV025,L,450,3,0,1,0,0,Fixation,,,,,,,,,,,,
SV025,L,451,2,2,1,0,2,Fixation,,,,,,,,,,,,
SV025,L,452,3,0,0,1,0,Fixation,,,,,,,,,,,,
SV025,L,453,2,2,0,1,2,Fixation,,,,,,,,,,,,
SV025,L,454,2,3,1,0,3,Fixation,,,,,,,,,,,,
SV025,L,455,3,2,0,1,2,Fixation,,,,,,,,,,,,
SV025,L,456,2,3,1,1,3,Fixation,,,,,,,,,,,,
SV025,L,457,2,0,0,0,0,Fixation,,,,,,,,,,,,
SV025,L,458,3,3,1,1,3,Fixation,,,,,,,,,,,,
SV025,L,459,3,0,0,0,0,Fixation,,,,,,,,,,,,
SV025,L,460,3,2,0,1,2,Fixation,,,,,,,,,,,,
SV025,L,461,2,0,0,1,0,Fixation,,,,,,,,,,,,
SV025,L,462,2,2,1,1,2,Fixation,,,,,,,,,,,,
SV025,L,463,3,3,0,1,3,Fixation,,,,,,,,,,,,
SV025,L,464,2,0,1,0,0,Fixation,,,,,,,,,,,,
SV025,L,465,3,0,1,1,0,Fixation,,,,,,,,,,,,
SV025,L,466,2,0,1,1,0,Fixation,,,,,,,,,,,,
SV025,L,467,2,3,0,1,3,Fixation,,,,,,,,,,,,
SV025,L,468,2,3,0,0,3,Fixation,,,,,,,,,,,,
SV025,L,469,2,2,0,1,2,Fixation,,,,,,,,,,,,
SV025,L,470,2,2,1,0,2,Fixation,,,,,,,,,,,,
SV025,L,471,3,0,0,1,0,Fixation,,,,,,,,,,,,
SV025,L,472,3,2,0,0,2,Fixation,,,,,,,,,,,,
SV025,L,473,3,0,1,1,0,Fixation,,,,,,,,,,,,
SV025,L,474,3,3,0,0,3,Fixation,,,,,,,,,,,,
SV025,L,475,3,3,0,0,3,Fixation,,,,,,,,,,,,
SV025,L,476,2,3,1,1,3,Fixation,,,,,,,,,,,,
SV025,L,477,2,2,1,1,2,Fixation,,,,,,,,,,,,
SV025,L,478,2,2,1,1,2,Fixation,,,,,,,,,,,,
SV025,L,479,2,2,0,1,2,Fixation,,,,,,,,,,,,
SV025,L,480,3,3,1,1,3,Fixation,,,,,,,,,,,,
SV025,R,1,2,3,0,0,2,Fixation,,,,,,,,,,,,
SV025,R,2,2,2,0,1,2,Fixation,,,,,,,,,,,,
SV025,R,3,3,2,0,0,2,Fixation,,,,,,,,,,,,
SV025,R,4,2,0,1,1,3,Fixation,,,,,,,,,,,,
SV025,R,5,2,2,1,1,2,Fixation,,,,,,,,,,,,
SV025,R,6,2,0,0,1,3,Fixation,,,,,,,,,,,,
SV025,R,7,3,3,0,1,3,Fixation,,,,,,,,,,,,
SV025,R,8,2,3,0,1,3,Fixation,,,,,,,,,,,,
SV025,R,9,3,2,1,0,2,Fixation,,,,,,,,,,,,
SV025,R,10,2,0,0,0,2,Fixation,,,,,,,,,,,,
SV025,R,11,3,0,1,1,2,Fixation,,,,,,,,,,,,
SV025,R,12,2,0,1,1,3,Fixation,,,,,,,,,,,,
SV025,R,13,3,0,0,0,3,Fixation,,,,,,,,,,,,
SV025,R,14,3,0,0,0,3,Fixation,,,,,,,,,,,,
SV025,R,15,3,3,1,0,3,Fixation,,,,,,,,,,,,
SV025,R,16,3,0,1,1,3,Fixation,,,,,,,,,,,,
SV025,R,17,3,2,0,0,2,Fixation,,,,,,,,,,,,
SV025,R,18,2,3,0,1,3,Fixation,,,,,,,,,,,,
SV025,R,19,2,3,1,0,3,Fixation,,,,,,,,,,,,
SV025,R,20,3,3,0,0,3,Fixation,,,,,,,,,,,,
SV025,R,21,2,3,0,1,3,Fixation,,,,,,,,,,,,
SV025,R,22,2,0,1,1,3,Fixation,,,,,,,,,,,,
SV025,R,23,3,0,0,0,3,Fixation,,,,,,,,,,,,
SV025,R,24,3,3,1,1,3,Fixation,,,,,,,,,,,,
SV025,R,25,2,2,0,0,2,Fixation,,,,,,,,,,,,
SV025,R,26,3,2,1,1,2,Fixation,,,,,,,,,,,,
SV025,R,27,2,0,1,0,2,Fixation,,,,,,,,,,,,
SV025,R,28,2,3,0,0,3,Fixation,,,,,,,,,,,,
SV025,R,29,3,2,0,0,2,Fixation,,,,,,,,,,,,
SV025,R,30,3,2,0,0,2,Fixation,,,,,,,,,,,,
SV025,R,31,3,0,0,1,3,Fixation,,,,,,,,,,,,
SV025,R,32,2,0,0,0,3,Fixation,,,,,,,,,,,,
SV025,R,33,3,2,1,1,2,Fixation,,,,,,,,,,,,
SV025,R,34,3,2,1,0,2,Fixation,,,,,,,,,,,,
SV025,R,35,2,3,0,1,3,Fixation,,,,,,,,,,,,
SV025,R,36,3,0,1,0,3,Fixation,,,,,,,,,,,,
SV025,R,37,2,0,1,1,2,Fixation,,,,,,,,,,,,
SV025,R,38,3,3,0,0,3,Fixation,,,,,,,,,,,,
SV025,R,39,2,0,1,1,2,Fixation,,,,,,,,,,,,
SV025,R,40,2,2,0,0,2,Fixation,,,,,,,,,,,,
SV025,R,41,3,2,1,1,2,Fixation,,,,,,,,,,,,
SV025,R,42,2,3,1,1,2,Fixation,,,,,,,,,,,,
SV025,R,43,2,2,0,1,2,Fixation,,,,,,,,,,,,
SV025,R,44,2,0,0,0,3,Fixation,,,,,,,,,,,,
SV025,R,45,2,0,1,1,3,Fixation,,,,,,,,,,,,
SV025,R,46,3,0,1,0,3,Fixation,,,,,,,,,,,,
SV025,R,47,3,0,1,1,3,Fixation,,,,,,,,,,,,
SV025,R,48,3,2,0,0,3,Fixation,,,,,,,,,,,,
SV025,R,49,3,0,1,1,2,Fixation,,,,,,,,,,,,
SV025,R,50,2,3,0,0,2,Fixation,,,,,,,,,,,,
SV025,R,51,2,0,0,1,2,Fixation,,,,,,,,,,,,
SV025,R,52,2,2,1,1,2,Fixation,,,,,,,,,,,,
SV025,R,53,2,2,0,0,2,Fixation,,,,,,,,,,,,
SV025,R,54,2,0,0,1,2,Fixation,,,,,,,,,,,,
SV025,R,55,3,0,0,1,2,Fixation,,,,,,,,,,,,
SV025,R,56,3,3,0,0,3,Fixation,,,,,,,,,,,,
SV025,R,57,2,0,0,0,2,Fixation,,,,,,,,,,,,
SV025,R,58,3,3,1,0,3,Fixation,,,,,,,,,,,,
SV025,R,59,2,0,1,0,3,Fixation,,,,,,,,,,,,
SV025,R,60,2,2,0,1,2,Fixation,,,,,,,,,,,,
SV025,R,61,3,0,0,0,3,Fixation,,,,,,,,,,,,
SV025,R,62,2,3,1,1,2,Fixation,,,,,,,,,,,,
SV025,R,63,3,3,0,0,3,Fixation,,,,,,,,,,,,
SV025,R,64,2,3,0,0,3,Fixation,,,,,,,,,,,,
SV025,R,65,2,0,0,1,2,Fixation,,,,,,,,,,,,
SV025,R,66,3,3,0,1,3,Fixation,,,,,,,,,,,,
SV025,R,67,3,3,1,0,3,Fixation,,,,,,,,,,,,
SV025,R,68,2,2,1,0,2,Fixation,,,,,,,,,,,,
SV025,R,69,3,3,0,0,3,Fixation,,,,,,,,,,,,
SV025,R,70,2,2,0,0,2,Fixation,,,,,,,,,,,,
SV025,R,71,3,0,1,1,2,Fixation,,,,,,,,,,,,
SV025,R,72,3,2,0,1,2,Fixation,,,,,,,,,,,,
SV025,R,73,3,2,0,1,2,Fixation,,,,,,,,,,,,
SV025,R,74,3,3,0,1,2,Fixation,,,,,,,,,,,,
SV025,R,75,3,2,0,0,2,Fixation,,,,,,,,,,,,
SV025,R,76,2,2,1,0,2,Fixation,,,,,,,,,,,,
SV025,R,77,3,3,1,1,2,Fixation,,,,,,,,,,,,
SV025,R,78,3,2,0,0,2,Fixation,,,,,,,,,,,,
SV025,R,79,3,2,1,1,2,Fixation,,,,,,,,,,,,
SV025,R,80,2,2,1,0,2,Fixation,,,,,,,,,,,,
SV025,R,81,2,3,1,1,2,Fixation,,,,,,,,,,,,
SV025,R,82,3,0,0,0,2,Fixation,,,,,,,,,,,,
SV025,R,83,3,0,1,0,2,Fixation,,,,,,,,,,,,
SV025,R,84,3,2,1,0,2,Fixation,,,,,,,,,,,,
SV025,R,85,2,0,1,0,2,Fixation,,,,,,,,,,,,
SV025,R,86,2,3,1,0,2,Fixation,,,,,,,,,,,,
SV025,R,87,3,0,0,1,3,Fixation,,,,,,,,,,,,
SV025,R,88,3,2,0,1,2,Fixation,,,,,,,,,,,,
SV025,R,89,3,2,1,0,2,Fixation,,,,,,,,,,,,
SV025,R,90,3,3,1,0,2,Fixation,,,,,,,,,,,,
SV025,R,91,2,3,1,1,2,Fixation,,,,,,,,,,,,
SV025,R,92,2,3,1,1,2,Fixation,,,,,,,,,,,,
SV025,R,93,2,2,0,0,2,Fixation,,,,,,,,,,,,
SV025,R,94,2,3,0,1,2,Fixation,,,,,,,,,,,,
SV025,R,95,2,2,1,1,2,Fixation,,,,,,,,,,,,
SV025,R,96,2,3,1,1,2,Fixation,,,,,,,,,,,,
SV025,R,97,3,3,1,1,2,Fixation,,,,,,,,,,,,
SV025,R,98,3,3,1,1,3,Fixation,,,,,,,,,,,,
SV025,R,99,3,2,0,1,2,Fixation,,,,,,,,,,,,
SV025,R,100,3,3,0,0,3,Fixation,,,,,,,,,,,,
SV025,R,101,3,0,0,0,3,Fixation,,,,,,,,,,,,
SV025,R,102,2,2,1,0,2,Fixation,,,,,,,,,,,,
SV025,R,103,2,2,1,0,2,Fixation,,,,,,,,,,,,
SV025,R,104,2,2,0,0,2,Fixation,,,,,,,,,,,,
SV025,R,105,3,0,0,1,2,Fixation,,,,,,,,,,,,
SV025,R,106,2,3,1,1,2,Fixation,,,,,,,,,,,,
SV025,R,107,3,3,1,1,3,Fixation,,,,,,,,,,,,
SV025,R,108,3,3,1,0,3,Fixation,,,,,,,,,,,,
SV025,R,109,3,2,1,0,2,Fixation,,,,,,,,,,,,
SV025,R,110,2,3,0,1,2,Fixation,,,,,,,,,,,,
SV025,R,111,2,0,0,0,3,Fixation,,,,,,,,,,,,
SV025,R,112,2,2,0,0,2,Fixation,,,,,,,,,,,,
SV025,R,113,3,3,1,1,2,Fixation,,,,,,,,,,,,
SV025,R,114,3,3,1,0,2,Fixation,,,,,,,,,,,,
SV025,R,115,2,3,0,0,2,Fixation,,,,,,,,,,,,
SV025,R,116,3,2,0,1,2,Fixation,,,,,,,,,,,,
SV025,R,117,3,2,1,1,2,Fixation,,,,,,,,,,,,
SV025,R,118,3,2,1,0,2,Fixation,,,,,,,,,,,,
SV025,R,119,3,2,1,1,2,Fixation,,,,,,,,,,,,
SV025,R,120,2,2,1,0,2,Fixation,,,,,,,,,,,,
SV025,R,121,2,0,1,0,2,Fixation,,,,,,,,,,,,
SV025,R,122,2,3,0,1,2,Fixation,,,,,,,,,,,,
SV025,R,123,2,2,0,1,2,Fixation,,,,,,,,,,,,
SV025,R,124,2,2,0,1,2,Fixation,,,,,,,,,,,,
SV025,R,125,3,2,0,0,2,Fixation,,,,,,,,,,,,
SV025,R,126,3,2,0,1,2,Fixation,,,,,,,,,,,,
SV025,R,127,2,3,1,0,3,Fixation,,,,,,,,,,,,
SV025,R,128,3,3,0,1,3,Fixation,,,,,,,,,,,,
SV025,R,129,3,2,1,1,2,Fixation,,,,,,,,,,,,
SV025,R,130,2,3,1,1,3,Fixation,,,,,,,,,,,,
SV025,R,131,2,2,0,1,2,Fixation,,,,,,,,,,,,
SV025,R,132,2,2,1,0,2,Fixation,,,,,,,,,,,,
SV025,R,133,2,0,1,0,2,Fixation,,,,,,,,,,,,
SV025,R,134,3,3,1,0,3,Fixation,,,,,,,,,,,,
SV025,R,135,3,2,1,0,2,Fixation,,,,,,,,,,,,
SV025,R,136,3,0,1,0,3,Fixation,,,,,,,,,,,,
SV025,R,137,2,3,1,0,3,Fixation,,,,,,,,,,,,
SV025,R,138,2,2,1,1,2,Fixation,,,,,,,,,,,,
SV025,R,139,2,2,1,0,2,Fixation,,,,,,,,,,,,
SV025,R,140,2,0,0,1,3,Fixation,,,,,,,,,,,,
SV025,R,141,3,0,1,1,2,Fixation,,,,,,,,,,,,
SV025,R,142,3,0,0,1,3,Fixation,,,,,,,,,,,,
SV025,R,143,3,3,1,0,3,Fixation,,,,,,,,,,,,
SV025,R,144,2,3,0,0,2,Fixation,,,,,,,,,,,,
SV025,R,145,3,3,0,1,2,Fixation,,,,,,,,,,,,
SV025,R,146,2,2,0,1,2,Fixation,,,,,,,,,,,,
SV025,R,147,2,3,1,1,2,Fixation,,,,,,,,,,,,
SV025,R,148,3,0,1,1,2,Fixation,,,,,,,,,,,,
SV025,R,149,2,2,1,1,2,Fixation,,,,,,,,,,,,
SV025,R,150,3,3,0,1,3,Fixation,,,,,,,,,,,,
SV025,R,151,3,2,0,0,2,Fixation,,,,,,,,,,,,
SV025,R,152,2,0,1,1,2,Fixation,,,,,,,,,,,,
SV025,R,153,3,2,1,0,2,Fixation,,,,,,,,,,,,
SV025,R,154,2,0,1,1,2,Fixation,,,,,,,,,,,,
SV025,R,155,2,3,1,0,2,Fixation,,,,,,,,,,,,
SV025,R,156,3,2,0,1,2,Fixation,,,,,,,,,,,,
SV025,R,157,3,2,1,0,2,Fixation,,,,,,,,,,,,
SV025,R,158,2,0,0,0,2,Fixation,,,,,,,,,,,,
SV025,R,159,3,0,1,0,3,Fixation,,,,,,,,,,,,
SV025,R,160,2,2,1,0,2,Fixation,,,,,,,,,,,,
SV025,R,161,2,3,1,0,2,Fixation,,,,,,,,,,,,
SV025,R,162,2,3,0,1,3,Fixation,,,,,,,,,,,,
SV025,R,163,3,3,0,0,3,Fixation,,,,,,,,,,,,
SV025,R,164,2,2,0,0,2,Fixation,,,,,,,,,,,,
SV025,R,165,3,3,0,1,3,Fixation,,,,,,,,,,,,
SV025,R,166,2,3,0,0,2,Fixation,,,,,,,,,,,,
SV025,R,167,3,2,0,1,2,Fixation,,,,,,,,,,,,
SV025,R,168,3,3,1,1,2,Fixation,,,,,,,,,,,,
SV025,R,169,3,0,1,0,2,Fixation,,,,,,,,,,,,
SV025,R,170,2,0,1,0,2,Fixation,,,,,,,,,,,,
SV025,R,171,3,3,0,0,3,Fixation,,,,,,,,,,,,
SV025,R,172,2,2,1,1,2,Fixation,,,,,,,,,,,,
SV025,R,173,2,2,1,1,2,Fixation,,,,,,,,,,,,
SV025,R,174,2,3,0,0,3,Fixation,,,,,,,,,,,,
SV025,R,175,2,0,0,0,2,Fixation,,,,,,,,,,,,
SV025,R,176,3,2,0,1,2,Fixation,,,,,,,,,,,,
SV025,R,177,3,0,1,0,3,Fixation,,,,,,,,,,,,
SV025,R,178,2,2,1,1,2,Fixation,,,,,,,,,,,,
SV025,R,179,3,3,0,0,3,Fixation,,,,,,,,,,,,
SV025,R,180,3,0,0,1,2,Fixation,,,,,,,,,,,,
SV025,R,181,2,0,0,1,2,Fixation,,,,,,,,,,,,
SV025,R,182,3,3,0,1,3,Fixation,,,,,,,,,,,,
SV025,R,183,2,0,1,0,3,Fixation,,,,,,,,,,,,
SV025,R,184,3,3,0,1,2,Fixation,,,,,,,,,,,,
SV025,R,185,2,0,1,0,2,Fixation,,,,,,,,,,,,
SV025,R,186,2,0,0,0,2,Fixation,,,,,,,,,,,,
SV025,R,187,2,3,0,0,3,Fixation,,,,,,,,,,,,
SV025,R,188,3,3,1,1,2,Fixation,,,,,,,,,,,,
SV025,R,189,2,0,0,0,2,Fixation,,,,,,,,,,,,
SV025,R,190,2,0,0,1,2,Fixation,,,,,,,,,,,,
SV025,R,191,3,0,0,0,3,Fixation,,,,,,,,,,,,
SV025,R,192,2,3,1,1,2,Fixation,,,,,,,,,,,,
SV025,R,193,2,0,0,1,2,Fixation,,,,,,,,,,,,
SV025,R,194,2,2,0,1,2,Fixation,,,,,,,,,,,,
SV025,R,195,3,0,1,0,2,Fixation,,,,,,,,,,,,
SV025,R,196,3,0,0,0,2,Fixation,,,,,,,,,,,,
SV025,R,197,3,2,1,1,2,Fixation,,,,,,,,,,,,
SV025,R,198,2,2,0,1,2,Fixation,,,,,,,,,,,,
SV025,R,199,2,3,0,0,2,Fixation,,,,,,,,,,,,
SV025,R,200,3,0,0,1,2,Fixation,,,,,,,,,,,,
SV025,R,201,3,0,0,1,3,Fixation,,,,,,,,,,,,
SV025,R,202,3,3,1,0,2,Fixation,,,,,,,,,,,,
SV025,R,203,3,3,0,1,3,Fixation,,,,,,,,,,,,
SV025,R,204,2,0,1,1,2,Fixation,,,,,,,,,,,,
SV025,R,205,2,0,0,0,2,Fixation,,,,,,,,,,,,
SV025,R,206,3,2,1,0,2,Fixation,,,,,,,,,,,,
SV025,R,207,3,0,1,0,2,Fixation,,,,,,,,,,,,
SV025,R,208,3,3,0,0,3,Fixation,,,,,,,,,,,,
SV025,R,209,2,3,0,1,3,Fixation,,,,,,,,,,,,
SV025,R,210,2,3,1,0,2,Fixation,,,,,,,,,,,,
SV025,R,211,3,0,0,0,3,Fixation,,,,,,,,,,,,
SV025,R,212,3,0,1,1,2,Fixation,,,,,,,,,,,,
SV025,R,213,3,2,1,1,1,Fixation,,,,,,,,,,,,
SV025,R,214,2,0,0,1,3,Fixation,,,,,,,,,,,,
SV025,R,215,3,3,1,1,2,Fixation,,,,,,,,,,,,
SV025,R,216,2,2,1,1,2,Fixation,,,,,,,,,,,,
SV025,R,217,3,2,1,1,2,Fixation,,,,,,,,,,,,
SV025,R,218,2,2,0,0,2,Fixation,,,,,,,,,,,,
SV025,R,219,2,0,1,1,2,Fixation,,,,,,,,,,,,
SV025,R,220,3,0,1,1,2,Fixation,,,,,,,,,,,,
SV025,R,221,3,2,0,0,2,Fixation,,,,,,,,,,,,
SV025,R,222,2,2,0,0,2,Fixation,,,,,,,,,,,,
SV025,R,223,3,3,1,1,2,Fixation,,,,,,,,,,,,
SV025,R,224,2,0,0,1,2,Fixation,,,,,,,,,,,,
SV025,R,225,2,3,1,0,2,Fixation,,,,,,,,,,,,
SV025,R,226,2,0,1,0,3,Fixation,,,,,,,,,,,,
SV025,R,227,3,2,0,1,2,Fixation,,,,,,,,,,,,
SV025,R,228,2,2,1,1,2,Fixation,,,,,,,,,,,,
SV025,R,229,3,0,1,0,3,Fixation,,,,,,,,,,,,
SV025,R,230,2,0,1,0,2,Fixation,,,,,,,,,,,,
SV025,R,231,3,0,0,1,2,Fixation,,,,,,,,,,,,
SV025,R,232,3,3,1,0,2,Fixation,,,,,,,,,,,,
SV025,R,233,3,0,0,0,3,Fixation,,,,,,,,,,,,
SV025,R,234,3,0,0,1,3,Fixation,,,,,,,,,,,,
SV025,R,235,2,3,1,0,2,Fixation,,,,,,,,,,,,
SV025,R,236,2,3,0,1,3,Fixation,,,,,,,,,,,,
SV025,R,237,2,3,1,0,2,Fixation,,,,,,,,,,,,
SV025,R,238,2,2,0,1,2,Fixation,,,,,,,,,,,,
SV025,R,239,2,2,1,0,2,Fixation,,,,,,,,,,,,
SV025,R,240,3,0,1,1,2,Fixation,,,,,,,,,,,,
SV025,R,241,3,3,0,0,3,Fixation,,,,,,,,,,,,
SV025,R,242,3,3,1,1,3,Fixation,,,,,,,,,,,,
SV025,R,243,3,2,1,0,2,Fixation,,,,,,,,,,,,
SV025,R,244,2,0,0,0,0,Fixation,,,,,,,,,,,,
SV025,R,245,3,3,1,0,3,Fixation,,,,,,,,,,,,
SV025,R,246,2,3,1,1,3,Fixation,,,,,,,,,,,,
SV025,R,247,2,2,0,1,2,Fixation,,,,,,,,,,,,
SV025,R,248,3,2,1,0,2,Fixation,,,,,,,,,,,,
SV025,R,249,3,3,1,0,3,Fixation,,,,,,,,,,,,
SV025,R,250,3,0,1,0,0,Fixation,,,,,,,,,,,,
SV025,R,251,3,0,1,1,0,Fixation,,,,,,,,,,,,
SV025,R,252,3,0,1,1,0,Fixation,,,,,,,,,,,,
SV025,R,253,2,0,1,1,0,Fixation,,,,,,,,,,,,
SV025,R,254,3,2,1,1,2,Fixation,,,,,,,,,,,,
SV025,R,255,2,2,0,1,2,Fixation,,,,,,,,,,,,
SV025,R,256,3,0,1,0,0,Fixation,,,,,,,,,,,,
SV025,R,257,3,2,0,0,2,Fixation,,,,,,,,,,,,
SV025,R,258,3,2,1,1,2,Fixation,,,,,,,,,,,,
SV025,R,259,3,2,1,1,2,Fixation,,,,,,,,,,,,
SV025,R,260,3,3,0,0,3,Fixation,,,,,,,,,,,,
SV025,R,261,3,0,0,0,0,Fixation,,,,,,,,,,,,
SV025,R,262,3,2,0,0,2,Fixation,,,,,,,,,,,,
SV025,R,263,3,0,1,0,0,Fixation,,,,,,,,,,,,
SV025,R,264,2,2,0,0,2,Fixation,,,,,,,,,,,,
SV025,R,265,3,3,1,0,3,Fixation,,,,,,,,,,,,
SV025,R,266,2,0,1,0,0,Fixation,,,,,,,,,,,,
SV025,R,267,2,2,1,1,2,Fixation,,,,,,,,,,,,
SV025,R,268,3,3,1,1,3,Fixation,,,,,,,,,,,,
SV025,R,269,2,2,1,1,2,Fixation,,,,,,,,,,,,
SV025,R,270,3,0,0,0,0,Fixation,,,,,,,,,,,,
SV025,R,271,3,3,1,1,3,Fixation,,,,,,,,,,,,
SV025,R,272,2,3,1,0,3,Fixation,,,,,,,,,,,,
SV025,R,273,3,2,1,0,2,Fixation,,,,,,,,,,,,
SV025,R,274,3,3,0,1,3,Fixation,,,,,,,,,,,,
SV025,R,275,3,3,1,1,3,Fixation,,,,,,,,,,,,
SV025,R,276,3,2,0,0,2,Fixation,,,,,,,,,,,,
SV025,R,277,3,3,0,1,3,Fixation,,,,,,,,,,,,
SV025,R,278,3,2,0,1,2,Fixation,,,,,,,,,,,,
SV025,R,279,2,3,1,0,3,Fixation,,,,,,,,,,,,
SV025,R,280,2,3,0,1,3,Fixation,,,,,,,,,,,,
SV025,R,281,3,0,1,0,0,Fixation,,,,,,,,,,,,
SV025,R,282,3,3,1,0,3,Fixation,,,,,,,,,,,,
SV025,R,283,2,2,0,0,2,Fixation,,,,,,,,,,,,
SV025,R,284,2,3,1,0,3,Fixation,,,,,,,,,,,,
SV025,R,285,3,0,0,1,0,Fixation,,,,,,,,,,,,
SV025,R,286,2,3,1,1,3,Fixation,,,,,,,,,,,,
SV025,R,287,3,3,0,0,3,Fixation,,,,,,,,,,,,
SV025,R,288,2,3,1,0,3,Fixation,,,,,,,,,,,,
SV025,R,289,2,2,1,0,2,Fixation,,,,,,,,,,,,
SV025,R,290,2,0,1,0,0,Fixation,,,,,,,,,,,,
SV025,R,291,2,0,1,1,0,Fixation,,,,,,,,,,,,
SV025,R,292,2,2,0,1,2,Fixation,,,,,,,,,,,,
SV025,R,293,2,2,1,1,2,Fixation,,,,,,,,,,,,
SV025,R,294,3,2,1,1,2,Fixation,,,,,,,,,,,,
SV025,R,295,2,0,1,1,0,Fixation,,,,,,,,,,,,
SV025,R,296,3,0,1,1,0,Fixation,,,,,,,,,,,,
SV025,R,297,2,0,0,0,0,Fixation,,,,,,,,,,,,
SV025,R,298,2,2,0,0,2,Fixation,,,,,,,,,,,,
SV025,R,299,3,2,1,1,2,Fixation,,,,,,,,,,,,
SV025,R,300,2,3,0,0,3,Fixation,,,,,,,,,,,,
SV025,R,301,3,3,0,1,3,Fixation,,,,,,,,,,,,
SV025,R,302,3,3,0,1,3,Fixation,,,,,,,,,,,,
SV025,R,303,2,0,1,1,0,Fixation,,,,,,,,,,,,
SV025,R,304,2,3,0,1,3,Fixation,,,,,,,,,,,,
SV025,R,305,2,0,0,1,0,Fixation,,,,,,,,,,,,
SV025,R,306,2,0,0,0,0,Fixation,,,,,,,,,,,,
SV025,R,307,3,2,0,1,2,Fixation,,,,,,,,,,,,
SV025,R,308,2,0,1,0,0,Fixation,,,,,,,,,,,,
SV025,R,309,3,2,1,0,2,Fixation,,,,,,,,,,,,
SV025,R,310,2,2,0,0,2,Fixation,,,,,,,,,,,,
SV025,R,311,3,0,1,1,0,Fixation,,,,,,,,,,,,
SV025,R,312,2,0,0,0,0,Fixation,,,,,,,,,,,,
SV025,R,313,2,2,0,0,0,Fixation,,,,,,,,,,,,
SV025,R,314,3,0,1,1,0,Fixation,,,,,,,,,,,,
SV025,R,315,2,3,0,1,3,Fixation,,,,,,,,,,,,
SV025,R,316,2,2,1,0,2,Fixation,,,,,,,,,,,,
SV025,R,317,2,3,1,0,3,Fixation,,,,,,,,,,,,
SV025,R,318,3,3,0,1,3,Fixation,,,,,,,,,,,,
SV025,R,319,3,0,0,1,0,Fixation,,,,,,,,,,,,
SV025,R,320,3,3,1,1,3,Fixation,,,,,,,,,,,,
SV025,R,321,3,2,1,0,2,Fixation,,,,,,,,,,,,
SV025,R,322,2,3,1,1,3,Fixation,,,,,,,,,,,,
SV025,R,323,3,0,1,0,0,Fixation,,,,,,,,,,,,
SV025,R,324,3,2,1,1,2,Fixation,,,,,,,,,,,,
SV025,R,325,2,0,0,0,0,Fixation,,,,,,,,,,,,
SV025,R,326,2,3,0,0,3,Fixation,,,,,,,,,,,,
SV025,R,327,3,2,0,0,2,Fixation,,,,,,,,,,,,
SV025,R,328,2,3,0,1,3,Fixation,,,,,,,,,,,,
SV025,R,329,2,2,1,0,2,Fixation,,,,,,,,,,,,
SV025,R,330,3,2,0,0,2,Fixation,,,,,,,,,,,,
SV025,R,331,3,3,0,1,3,Fixation,,,,,,,,,,,,
SV025,R,332,3,0,0,1,0,Fixation,,,,,,,,,,,,
SV025,R,333,2,2,1,0,2,Fixation,,,,,,,,,,,,
SV025,R,334,2,3,0,0,3,Fixation,,,,,,,,,,,,
SV025,R,335,3,0,1,0,0,Fixation,,,,,,,,,,,,
SV025,R,336,2,0,1,1,0,Fixation,,,,,,,,,,,,
SV025,R,337,2,3,1,1,3,Fixation,,,,,,,,,,,,
SV025,R,338,2,0,1,0,0,Fixation,,,,,,,,,,,,
SV025,R,339,3,0,1,1,0,Fixation,,,,,,,,,,,,
SV025,R,340,2,3,0,0,3,Fixation,,,,,,,,,,,,
SV025,R,341,3,3,1,0,3,Fixation,,,,,,,,,,,,
SV025,R,342,3,0,0,1,0,Fixation,,,,,,,,,,,,
SV025,R,343,2,2,1,1,2,Fixation,,,,,,,,,,,,
SV025,R,344,3,2,0,0,2,Fixation,,,,,,,,,,,,
SV025,R,345,3,2,0,0,2,Fixation,,,,,,,,,,,,
SV025,R,346,2,3,0,0,3,Fixation,,,,,,,,,,,,
SV025,R,347,3,0,1,1,0,Fixation,,,,,,,,,,,,
SV025,R,348,3,0,0,0,0,Fixation,,,,,,,,,,,,
SV025,R,349,3,0,0,1,0,Fixation,,,,,,,,,,,,
SV025,R,350,3,3,0,0,3,Fixation,,,,,,,,,,,,
SV025,R,351,3,0,0,0,0,Fixation,,,,,,,,,,,,
SV025,R,352,2,2,0,1,2,Fixation,,,,,,,,,,,,
SV025,R,353,3,0,0,1,0,Fixation,,,,,,,,,,,,
SV025,R,354,3,0,1,1,0,Fixation,,,,,,,,,,,,
SV025,R,355,2,2,1,1,2,Fixation,,,,,,,,,,,,
SV025,R,356,2,2,0,0,2,Fixation,,,,,,,,,,,,
SV025,R,357,2,2,0,1,2,Fixation,,,,,,,,,,,,
SV025,R,358,3,3,1,1,3,Fixation,,,,,,,,,,,,
SV025,R,359,3,2,0,1,2,Fixation,,,,,,,,,,,,
SV025,R,360,2,0,1,0,0,Fixation,,,,,,,,,,,,
SV025,R,361,3,2,0,0,2,Fixation,,,,,,,,,,,,
SV025,R,362,2,0,1,1,0,Fixation,,,,,,,,,,,,
SV025,R,363,2,2,1,1,2,Fixation,,,,,,,,,,,,
SV025,R,364,2,3,0,0,3,Fixation,,,,,,,,,,,,
SV025,R,365,3,0,0,1,0,Fixation,,,,,,,,,,,,
SV025,R,366,3,0,1,1,0,Fixation,,,,,,,,,,,,
SV025,R,367,3,2,1,0,2,Fixation,,,,,,,,,,,,
SV025,R,368,2,0,0,0,0,Fixation,,,,,,,,,,,,
SV025,R,369,2,0,0,1,0,Fixation,,,,,,,,,,,,
SV025,R,370,2,3,1,1,3,Fixation,,,,,,,,,,,,
SV025,R,371,3,3,0,0,3,Fixation,,,,,,,,,,,,
SV025,R,372,3,0,0,0,0,Fixation,,,,,,,,,,,,
SV025,R,373,3,3,1,0,3,Fixation,,,,,,,,,,,,
SV025,R,374,2,2,0,1,2,Fixation,,,,,,,,,,,,
SV025,R,375,3,3,0,1,3,Fixation,,,,,,,,,,,,
SV025,R,376,2,2,0,1,2,Fixation,,,,,,,,,,,,
SV025,R,377,2,2,1,0,2,Fixation,,,,,,,,,,,,
SV025,R,378,3,2,1,0,2,Fixation,,,,,,,,,,,,
SV025,R,379,2,3,0,0,3,Fixation,,,,,,,,,,,,
SV025,R,380,3,2,0,1,2,Fixation,,,,,,,,,,,,
SV025,R,381,3,2,1,1,2,Fixation,,,,,,,,,,,,
SV025,R,382,3,3,1,0,3,Fixation,,,,,,,,,,,,
SV025,R,383,3,3,0,1,3,Fixation,,,,,,,,,,,,
SV025,R,384,3,0,1,1,0,Fixation,,,,,,,,,,,,
SV025,R,385,2,0,0,1,0,Fixation,,,,,,,,,,,,
SV025,R,386,2,3,1,1,3,Fixation,,,,,,,,,,,,
SV025,R,387,2,0,0,1,0,Fixation,,,,,,,,,,,,
SV025,R,388,3,0,0,0,0,Fixation,,,,,,,,,,,,
SV025,R,389,2,0,0,0,0,Fixation,,,,,,,,,,,,
SV025,R,390,3,3,0,0,3,Fixation,,,,,,,,,,,,
SV025,R,391,2,3,1,0,3,Fixation,,,,,,,,,,,,
SV025,R,392,2,0,0,1,0,Fixation,,,,,,,,,,,,
SV025,R,393,2,2,0,1,2,Fixation,,,,,,,,,,,,
SV025,R,394,2,0,1,1,0,Fixation,,,,,,,,,,,,
SV025,R,395,3,2,1,0,2,Fixation,,,,,,,,,,,,
SV025,R,396,3,0,1,0,0,Fixation,,,,,,,,,,,,
SV025,R,397,2,2,1,0,2,Fixation,,,,,,,,,,,,
SV025,R,398,2,2,0,0,2,Fixation,,,,,,,,,,,,
SV025,R,399,3,3,1,0,3,Fixation,,,,,,,,,,,,
SV025,R,400,3,2,0,1,2,Fixation,,,,,,,,,,,,
SV025,R,401,2,0,0,0,0,Fixation,,,,,,,,,,,,
SV025,R,402,3,0,0,1,0,Fixation,,,,,,,,,,,,
SV025,R,403,3,3,1,0,3,Fixation,,,,,,,,,,,,
SV025,R,404,2,0,0,0,0,Fixation,,,,,,,,,,,,
SV025,R,405,2,0,1,1,0,Fixation,,,,,,,,,,,,
SV025,R,406,2,0,1,0,0,Fixation,,,,,,,,,,,,
SV025,R,407,3,2,0,1,2,Fixation,,,,,,,,,,,,
SV025,R,408,2,3,0,0,3,Fixation,,,,,,,,,,,,
SV025,R,409,2,0,1,1,0,Fixation,,,,,,,,,,,,
SV025,R,410,2,3,0,0,3,Fixation,,,,,,,,,,,,
SV025,R,411,2,3,0,1,3,Fixation,,,,,,,,,,,,
SV025,R,412,3,2,0,1,2,Fixation,,,,,,,,,,,,
SV025,R,413,3,0,1,0,0,Fixation,,,,,,,,,,,,
SV025,R,414,2,0,1,1,0,Fixation,,,,,,,,,,,,
SV025,R,415,2,2,1,0,2,Fixation,,,,,,,,,,,,
SV025,R,416,2,2,1,0,2,Fixation,,,,,,,,,,,,
SV025,R,417,3,0,0,0,0,Fixation,,,,,,,,,,,,
SV025,R,418,3,0,0,0,0,Fixation,,,,,,,,,,,,
SV025,R,419,3,3,0,1,3,Fixation,,,,,,,,,,,,
SV025,R,420,2,3,1,1,3,Fixation,,,,,,,,,,,,
SV025,R,421,3,2,1,0,2,Fixation,,,,,,,,,,,,
SV025,R,422,2,0,1,0,0,Fixation,,,,,,,,,,,,
SV025,R,423,2,2,1,1,2,Fixation,,,,,,,,,,,,
SV025,R,424,2,3,1,1,3,Fixation,,,,,,,,,,,,
SV025,R,425,2,3,0,1,3,Fixation,,,,,,,,,,,,
SV025,R,426,2,3,0,1,3,Fixation,,,,,,,,,,,,
SV025,R,427,2,3,0,0,3,Fixation,,,,,,,,,,,,
SV025,R,428,3,3,1,1,3,Fixation,,,,,,,,,,,,
SV025,R,429,3,3,0,1,3,Fixation,,,,,,,,,,,,
SV025,R,430,2,0,0,0,0,Fixation,,,,,,,,,,,,
SV025,R,431,3,3,1,1,3,Fixation,,,,,,,,,,,,
SV025,R,432,2,2,0,1,2,Fixation,,,,,,,,,,,,
SV025,R,433,3,2,1,1,2,Fixation,,,,,,,,,,,,
SV025,R,434,3,2,1,0,2,Fixation,,,,,,,,,,,,
SV025,R,435,3,0,1,0,0,Fixation,,,,,,,,,,,,
SV025,R,436,2,2,0,0,2,Fixation,,,,,,,,,,,,
SV025,R,437,3,0,0,1,0,Fixation,,,,,,,,,,,,
SV025,R,438,2,2,1,1,2,Fixation,,,,,,,,,,,,
SV025,R,439,3,3,0,0,3,Fixation,,,,,,,,,,,,
SV025,R,440,3,2,0,0,2,Fixation,,,,,,,,,,,,
SV025,R,441,2,3,0,1,3,Fixation,,,,,,,,,,,,
SV025,R,442,3,2,1,1,2,Fixation,,,,,,,,,,,,
SV025,R,443,3,3,1,0,3,Fixation,,,,,,,,,,,,
SV025,R,444,3,2,0,0,2,Fixation,,,,,,,,,,,,
SV025,R,445,2,3,1,0,3,Fixation,,,,,,,,,,,,
SV025,R,446,2,3,0,1,3,Fixation,,,,,,,,,,,,
SV025,R,447,2,2,1,1,2,Fixation,,,,,,,,,,,,
SV025,R,448,2,3,1,0,3,Fixation,,,,,,,,,,,,
SV025,R,449,2,2,1,0,2,Fixation,,,,,,,,,,,,
SV025,R,450,2,3,0,1,1,Fixation,,,,,,,,,,,,
SV025,R,451,2,2,0,0,2,Fixation,,,,,,,,,,,,
SV025,R,452,3,0,0,1,0,Fixation,,,,,,,,,,,,
SV025,R,453,3,3,1,1,3,Fixation,,,,,,,,,,,,
SV025,R,454,2,0,0,1,0,Fixation,,,,,,,,,,,,
SV025,R,455,2,3,1,0,3,Fixation,,,,,,,,,,,,
SV025,R,456,3,2,0,1,2,Fixation,,,,,,,,,,,,
SV025,R,457,2,0,1,0,0,Fixation,,,,,,,,,,,,
SV025,R,458,2,0,1,0,0,Fixation,,,,,,,,,,,,
SV025,R,459,3,0,0,0,0,Fixation,,,,,,,,,,,,
SV025,R,460,2,3,1,0,3,Fixation,,,,,,,,,,,,
SV025,R,461,3,3,0,0,3,Fixation,,,,,,,,,,,,
SV025,R,462,2,2,1,1,2,Fixation,,,,,,,,,,,,
SV025,R,463,3,2,0,1,2,Fixation,,,,,,,,,,,,
SV025,R,464,2,0,0,1,0,Fixation,,,,,,,,,,,,
SV025,R,465,2,2,0,1,2,Fixation,,,,,,,,,,,,
SV025,R,466,2,0,0,1,0,Fixation,,,,,,,,,,,,
SV025,R,467,3,3,0,0,3,Fixation,,,,,,,,,,,,
SV025,R,468,2,3,1,1,3,Fixation,,,,,,,,,,,,
SV025,R,469,3,3,0,0,1,Fixation,,,,,,,,,,,,
SV025,R,470,2,0,0,1,0,Fixation,,,,,,,,,,,,
SV025,R,471,3,0,1,0,0,Fixation,,,,,,,,,,,,
SV025,R,472,2,2,0,0,2,Fixation,,,,,,,,,,,,
SV025,R,473,3,2,0,1,2,Fixation,,,,,,,,,,,,
SV025,R,474,2,0,1,0,0,Fixation,,,,,,,,,,,,
SV025,R,475,3,3,1,1,3,Fixation,,,,,,,,,,,,
SV025,R,476,2,0,0,1,0,Fixation,,,,,,,,,,,,
SV025,R,477,2,3,1,1,3,Fixation,,,,,,,,,,,,
SV025,R,478,3,0,0,0,0,Fixation,,,,,,,,,,,,
SV025,R,479,2,2,1,0,2,Fixation,,,,,,,,,,,,
SV025,R,480,3,2,1,1,2,Fixation,,,,,,,,,,,,
SV025,L,1,2,0,1,0,1,Response,2669.68,2874.0,1246.6799999999998,1721.4,307.4,344.0,315.2,4.583333333333333,7.8,180.0,253.0,34.0
SV025,L,2,2,2,1,1,2,Response,1208.2833333333333,1301.8,1483.7166666666665,2096.4,334.1666666666667,395.0,490.0,3.814285714285714,13.1,130.42857142857142,242.0,31.428571428571427
SV025,L,3,2,3,1,1,2,Response,1193.9333333333334,1281.4,1359.7,1447.4,322.3333333333333,386.0,420.0,1.475,3.1,104.0,168.0,19.0
SV025,L,4,2,3,0,1,2,Response,875.3666666666668,1236.8,1160.3,1385.9,329.6666666666667,362.0,258.6666666666667,4.566666666666666,7.9,288.0,559.0,32.0
SV025,L,5,2,3,0,0,2,Response,3040.5625,3270.0,1068.8875,1273.7,257.75,363.0,332.0,1.7555555555555555,3.2,137.88888888888889,266.0,25.77777777777778
SV025,L,6,3,2,1,1,2,Response,1153.04,1216.7,1607.08,1979.5,345.0,385.0,287.2,2.1999999999999997,4.9,120.16666666666667,165.0,24.0
SV025,L,7,2,3,0,0,2,Response,3053.975,3270.0,1151.5125,1324.5,282.75,367.0,345.5,1.6888888888888889,3.4,136.0,286.0,20.88888888888889
SV025,L,8,2,0,0,1,2,Response,598.2166666666667,1225.6,1091.8999999999999,1667.0,329.0,356.0,233.33333333333334,5.442857142857143,16.2,581.8571428571429,1515.0,31.428571428571427
SV025,L,9,3,0,0,0,3,Response,2973.475,3114.0,1031.3,1058.1,354.5,394.0,230.0,0.9199999999999999,1.6,111.0,198.0,16.8
SV025,L,10,2,3,0,1,3,Response,525.1500000000001,1196.7,1245.875,1793.3,378.75,408.0,307.0,5.225,10.3,539.25,1291.0,50.0
SV025,L,11,2,3,1,0,2,Response,2938.0,3053.6,1572.6200000000001,1923.9,306.2,363.0,310.4,3.0999999999999996,8.7,145.16666666666666,288.0,26.0
SV025,L,12,3,2,0,0,2,Response,2865.05,2988.4,1222.275,1570.3,309.0,338.0,288.0,2.02,4.4,118.4,198.0,20.8
SV025,L,13,2,0,0,0,2,Response,3111.525,3270.0,1181.25,1296.8,319.25,359.0,449.0,1.1600000000000001,2.6,126.8,161.0,20.8
SV025,L,14,3,2,1,1,2,Response,1148.4,1172.9,1564.7333333333333,2079.0,314.0,360.0,433.3333333333333,2.725,8.0,100.5,145.0,30.0
SV025,L,15,3,0,0,1,2,Response,1183.7125,1268.8,1462.6999999999998,2092.2,291.625,356.0,373.0,1.9874999999999998,6.3,174.25,316.0,43.5
SV025,L,16,3,3,1,0,2,Response,2915.8999999999996,3105.3,1237.5615384615385,1785.7,295.3076923076923,403.0,240.92307692307693,2.4214285714285713,6.6,481.5,3270.0,77.42857142857143
SV025,L,17,3,2,1,1,2,Response,1216.6,1266.1,1327.6,1365.2,354.0,356.0,560.0,2.6666666666666665,6.5,120.33333333333333,215.0,24.0
SV025,L,18,2,0,0,1,2,Response,679.3,1216.8,1039.16,1114.6,354.6,376.0,184.8,2.44,5.0,270.0,732.0,24.0
SV025,L,19,2,0,1,1,2,Response,1138.0,1151.0,1612.1,1869.8,404.5,407.0,490.0,3.1500000000000004,5.2,145.0,193.0,28.0
SV025,L,20,3,2,0,0,2,Response,2994.5714285714284,3270.0,1119.8857142857144,1320.7,371.0,423.0,244.57142857142858,1.8571428571428572,2.9,133.57142857142858,207.0,22.857142857142858
SV025,L,21,2,3,1,1,2,Response,1155.3666666666666,1179.8,1371.0333333333335,1440.4,383.6666666666667,424.0,417.3333333333333,1.9,5.0,96.25,160.0,23.0
SV025,L,22,3,2,1,0,2,Response,2883.5,2917.7,1324.5,1501.3,415.0,435.0,594.0,2.4,3.7,128.66666666666666,164.0,25.333333333333332
SV025,L,23,3,0,0,1,1,Response,992.6,1249.2,1041.3999999999999,1067.8,424.3333333333333,432.0,276.0,1.4333333333333333,2.8,110.66666666666667,181.0,17.333333333333332
SV025,L,24,3,2,0,1,2,Response,272.5333333333333,1176.1,1083.1666666666667,1178.5,386.6666666666667,392.0,140.0,6.95,16.1,361.0,711.0,67.0
SV025,L,25,3,3,1,1,2,Response,1079.4666666666667,1137.6,1552.9333333333332,1957.1,353.0,397.0,568.0,2.5666666666666664,5.6,102.33333333333333,142.0,28.0
SV025,L,26,2,2,0,0,2,Response,3155.866666666667,3270.0,990.6999999999999,1070.8,346.0,376.0,474.6666666666667,1.55,2.5,135.0,278.0,24.0
SV025,L,27,3,3,1,0,2,Response,2946.625,3013.2,1441.35,1875.7,340.5,369.0,346.0,2.025,3.7,118.25,174.0,23.0
SV025,L,28,3,2,1,0,2,Response,2864.0,2898.8,1425.35,1750.4,360.0,376.0,630.0,3.2,5.3,114.5,158.0,34.0
SV025,L,29,3,0,1,1,3,Response,1143.5333333333333,1291.6,1273.0666666666666,1404.4,315.0,353.0,701.3333333333334,1.6142857142857143,5.4,103.42857142857143,205.0,19.428571428571427
SV025,L,30,2,2,1,1,2,Response,1176.85,1231.3,1576.85,1860.2,385.0,414.0,628.0,2.5,5.4,124.66666666666667,225.0,25.333333333333332
SV025,L,31,2,2,0,0,2,Response,3063.066666666667,3270.0,1085.8166666666666,1181.0,319.8333333333333,393.0,244.66666666666666,1.2571428571428573,2.7,107.71428571428571,185.0,19.428571428571427
SV025,L,32,3,0,1,1,2,Response,1273.66,1959.7,1234.8799999999999,1342.7,370.0,458.0,516.8,2.516666666666667,6.0,116.0,192.0,26.0
SV025,L,33,3,2,0,0,2,Response,3157.133333333333,3270.0,939.1666666666666,979.6,366.3333333333333,385.0,433.3333333333333,1.2333333333333334,2.6,132.66666666666666,176.0,18.666666666666668
SV025,L,34,2,0,1,1,2,Response,1090.4666666666667,1140.1,1522.7333333333333,1917.7,321.3333333333333,347.0,409.3333333333333,3.85,7.2,138.5,213.0,31.0
SV025,L,35,2,0,1,1,2,Response,1133.6,1167.7,1593.75,1935.9,356.5,358.0,610.0,4.05,6.8,145.5,202.0,36.0
SV025,L,36,2,0,1,1,2,Response,1174.35,1307.5,1244.95,1363.8,292.375,348.0,485.0,2.0999999999999996,5.6,291.77777777777777,480.0,91.11111111111111
SV025,L,37,3,3,0,0,3,Response,2991.7999999999997,3101.9,1009.0,1151.9,331.6666666666667,376.0,316.0,1.15,1.9,182.5,332.0,45.0
SV025,L,38,2,3,0,0,3,Response,2941.657142857143,3270.0,1065.5,1221.3,332.2857142857143,375.0,489.14285714285717,2.3625,8.2,119.25,267.0,32.5
SV025,L,39,3,0,1,1,3,Response,1110.95,1139.2,1668.275,2058.0,376.0,405.0,486.0,4.0600000000000005,12.9,131.0,229.0,34.4
SV025,L,40,2,2,1,0,2,Response,2812.7666666666664,2859.5,1409.7666666666667,1659.7,408.0,439.0,537.3333333333334,1.55,2.2,114.75,160.0,19.0
SV025,L,41,3,2,0,0,2,Response,3037.92,3270.0,1161.28,1557.7,293.8,396.0,354.4,1.9833333333333334,4.9,165.66666666666666,265.0,20.0
SV025,L,42,3,0,0,1,2,Response,1216.6,1361.4,1170.05,1236.4,311.25,393.0,457.0,1.22,1.9,195.6,419.0,128.8
SV025,L,43,2,3,0,1,2,Response,410.9,410.9,1165.8,1165.8,391.0,391.0,216.0,6.449999999999999,6.6,646.5,664.0,226.0
SV025,L,44,2,3,1,1,2,Response,1195.675,1291.4,1522.825,1992.8,375.0,413.0,311.0,1.6800000000000002,5.0,91.2,130.0,22.4
SV025,L,45,2,0,1,0,2,Response,2745.75,2833.3,1309.425,1764.7,396.0,417.0,285.0,2.7399999999999998,6.8,144.2,238.0,25.6
SV025,L,46,2,3,1,0,3,Response,3009.5727272727277,3126.7,1432.7454545454545,1865.7,319.90909090909093,393.0,319.27272727272725,3.091666666666667,6.9,154.66666666666666,409.0,36.666666666666664
SV025,L,47,3,0,1,1,3,Response,1209.7833333333333,1307.4,1611.2333333333333,2034.7,345.3333333333333,403.0,286.0,3.3857142857142857,8.4,145.57142857142858,323.0,30.857142857142858
SV025,L,48,2,2,1,0,2,Response,2960.35,3270.0,1298.9833333333333,1838.9,371.3333333333333,429.0,322.0,1.9285714285714286,5.2,114.28571428571429,185.0,21.142857142857142
SV025,L,49,2,3,1,0,2,Response,2784.925,2857.7,1448.9499999999998,1788.8,341.5,403.0,629.0,1.48,2.0,108.2,125.0,19.2
SV025,L,50,2,3,1,1,2,Response,1017.5142857142856,1148.6,1730.3857142857144,2189.9,271.2857142857143,392.0,276.57142857142856,3.6624999999999996,8.7,161.375,321.0,29.0
SV025,L,51,3,0,1,0,3,Response,2826.1857142857143,3045.8,1351.5142857142857,1848.5,312.42857142857144,383.0,390.2857142857143,2.6875,7.6,145.0,309.0,39.0
SV025,L,52,3,2,1,1,2,Response,1205.8666666666666,1318.6,1305.0666666666666,1319.5,325.3333333333333,378.0,570.6666666666666,2.8666666666666667,6.3,296.3333333333333,570.0,58.666666666666664
SV025,L,53,2,0,0,0,2,Response,2951.0333333333333,3270.0,1071.8999999999999,1101.1,345.0,374.0,322.6666666666667,1.55,3.5,100.25,151.0,26.0
SV025,L,54,3,3,0,0,2,Response,2975.566666666667,2995.9,1140.8666666666666,1237.5,258.0,334.0,457.3333333333333,2.425,6.1,352.75,860.0,76.0
SV025,L,55,2,2,0,1,2,Response,968.4,1162.8,1294.05,1312.5,355.5,358.0,244.0,1.4,2.4,98.0,141.0,18.0
SV025,L,56,2,0,1,1,2,Response,1018.4399999999999,1073.3,1406.1799999999998,1626.2,307.8,355.0,270.4,1.2,2.9,80.16666666666667,121.0,18.666666666666668
SV025,L,57,2,2,1,1,2,Response,1171.4,1183.6,1336.5500000000002,1398.4,333.0,338.0,522.0,2.1333333333333333,4.6,126.33333333333333,216.0,21.333333333333332
SV025,L,58,3,2,0,1,2,Response,836.9,1168.9,1183.4666666666665,1288.6,291.6666666666667,342.0,413.3333333333333,4.3,7.7,460.0,1022.0,146.0
SV025,L,59,2,0,0,1,2,Response,796.5111111111112,1203.9,1191.0666666666666,1456.6,293.3333333333333,352.0,366.6666666666667,4.288888888888889,14.9,170.88888888888889,336.0,43.55555555555556
SV025,L,60,3,2,0,1,2,Response,1167.28,1216.4,1213.66,1423.8,356.4,448.0,304.0,2.5,4.2,182.66666666666666,328.0,61.333333333333336
SV025,L,61,3,2,1,1,2,Response,1182.5333333333333,1231.5,1538.7666666666667,1838.1,374.0,388.0,405.3333333333333,3.3000000000000003,6.0,147.66666666666666,192.0,29.333333333333332
SV025,L,62,3,3,0,1,1,Response,1123.575,1212.7,1119.475,1227.2,329.25,373.0,325.0,2.98,9.0,225.6,761.0,24.8
SV025,L,63,2,3,1,0,2,Response,2971.628571428572,3142.6,1468.6142857142856,1899.1,290.0,368.0,418.2857142857143,5.35,8.9,245.75,593.0,66.5
SV025,L,64,2,0,1,0,2,Response,2931.133333333333,3024.1,1320.7333333333333,1917.5,281.1666666666667,357.0,251.33333333333334,2.5571428571428574,7.6,133.28571428571428,271.0,23.428571428571427
SV025,L,65,2,2,1,1,2,Response,1138.25,1153.4,1399.6,1538.0,337.75,368.0,316.0,1.1199999999999999,2.6,81.2,123.0,17.6
SV025,L,66,3,3,0,1,2,Response,1212.9,1212.9,1245.7,1245.7,357.0,357.0,628.0,0.9,1.0,78.0,90.0,16.0
SV025,L,67,3,0,1,0,3,Response,2786.12,2900.7,1246.02,1722.4,345.2,389.0,337.6,1.8,5.4,97.16666666666667,145.0,22.666666666666668
SV025,L,68,2,2,0,0,2,Response,3031.95,3270.0,1044.375,1166.3,348.0,416.0,404.0,1.16,2.3,119.4,245.0,20.0
SV025,L,69,2,2,1,1,2,Response,1194.4666666666667,1302.2,1230.6666666666667,1269.6,348.3333333333333,433.0,625.3333333333334,3.5,7.5,133.25,183.0,32.0
SV025,L,70,2,2,1,1,2,Response,1201.2,1281.3,1260.6000000000001,1304.9,395.6666666666667,429.0,505.3333333333333,2.7,6.5,133.75,227.0,26.0
SV025,L,71,3,3,0,0,2,Response,2949.7428571428572,3270.0,1001.2285714285715,1065.4,369.7142857142857,457.0,249.71428571428572,1.5625,3.9,144.25,368.0,37.0
SV025,L,72,2,3,1,1,3,Response,1310.7833333333333,1469.0,1414.6333333333332,1989.6,313.6666666666667,398.0,446.0,3.5714285714285716,10.4,216.57142857142858,426.0,60.0
SV025,L,73,2,2,1,1,2,Response,1028.225,1108.1,1684.05,2004.5,350.75,380.0,343.0,3.08,9.6,134.0,231.0,28.0
SV025,L,74,3,0,1,0,2,Response,2830.825,2917.9,1190.6,1480.3,321.0,382.0,470.0,1.6,3.9,149.66666666666666,312.0,48.0
SV025,L,75,3,3,1,1,3,Response,1195.6166666666666,1300.5,1394.55,1640.1,358.8333333333333,427.0,421.3333333333333,1.6857142857142857,5.4,106.85714285714286,228.0,20.0
SV025,L,76,2,2,1,0,2,Response,2888.05,2963.0,1397.975,1839.5,384.0,410.0,291.0,1.94,3.5,112.6,177.0,22.4
SV025,L,77,3,0,0,1,2,Response,1172.3666666666668,1180.9,1213.4333333333334,1310.3,329.3333333333333,389.0,434.6666666666667,1.475,2.3,99.0,136.0,20.0
SV025,L,78,2,2,0,0,2,Response,3043.085714285714,3270.0,1114.142857142857,1256.0,296.2857142857143,384.0,328.0,1.8125,3.2,204.875,384.0,55.5
SV025,L,79,3,0,1,1,2,Response,1308.1,1313.5,1249.35,1283.7,329.5,371.0,658.0,2.566666666666667,6.7,98.66666666666667,174.0,25.333333333333332
SV025,L,80,3,2,1,0,2,Response,2997.95,3078.2,1277.425,1736.5,389.5,440.0,340.0,2.275,6.0,120.5,229.0,23.0
SV025,L,81,2,0,1,0,2,Response,2910.0249999999996,3082.2,1135.15,1283.0,344.0,427.0,493.0,2.7199999999999998,8.5,167.0,319.0,48.0
SV025,L,82,3,3,1,0,2,Response,2951.05,2993.7,1291.6,1347.7,389.0,398.0,174.0,1.0333333333333334,1.6,90.66666666666667,115.0,16.0
SV025,L,83,2,3,1,1,3,Response,1105.675,1152.5,1619.7,1952.4,361.5,402.0,530.0,1.44,2.3,103.8,140.0,19.2
SV025,L,84,3,2,0,0,2,Response,3184.133333333333,3270.0,973.5666666666666,1026.0,365.6666666666667,385.0,241.33333333333334,1.025,1.9,139.75,222.0,22.0
SV025,L,85,3,2,1,0,2,Response,2908.2999999999997,2973.2,1413.2666666666667,1815.1,349.6666666666667,388.0,568.0,3.575,6.9,148.0,218.0,30.0
SV025,L,86,2,2,1,0,2,Response,2764.42,2866.5,1326.84,1681.7,324.0,388.0,508.0,1.8499999999999999,3.8,112.0,151.0,22.0
SV025,L,87,3,2,1,0,2,Response,2881.2999999999997,2953.9,1509.9666666666665,1921.3,336.0,379.0,584.0,5.9,9.0,153.75,186.0,51.0
SV025,L,88,2,3,0,1,3,Response,960.6999999999999,1177.9,1331.0777777777778,1880.7,270.77777777777777,321.0,242.22222222222223,2.98,12.2,241.3,801.0,74.0
SV025,L,89,3,0,0,0,2,Response,2834.95,3270.0,952.35,1103.5,331.75,387.0,393.0,3.46,8.0,149.2,206.0,34.4
SV025,L,90,3,2,0,1,2,Response,931.5666666666666,1169.1,1106.2,1144.5,361.3333333333333,402.0,526.6666666666666,4.625,9.6,382.0,1106.0,49.0
SV025,L,91,2,3,1,0,2,Response,2955.9666666666667,3001.2,1268.3999999999999,1754.6,368.0,390.0,418.6666666666667,3.8000000000000003,6.9,133.25,221.0,33.0
SV025,L,92,3,2,0,0,2,Response,3110.15,3270.0,1037.15,1045.3,335.5,353.0,502.0,2.1,3.8,149.0,250.0,33.333333333333336
SV025,L,93,2,2,0,1,2,Response,853.5,1187.8,1396.8200000000002,1809.6,299.8,346.0,466.4,3.8333333333333335,10.2,287.1666666666667,683.0,30.666666666666668
SV025,L,94,2,0,1,0,2,Response,2944.55,3048.1,1406.275,1765.0,320.5,346.0,345.0,2.7600000000000002,5.4,139.6,223.0,24.8
SV025,L,95,3,3,1,1,2,Response,1008.95,1070.3,1237.55,1274.0,363.5,398.0,596.0,2.4,5.4,106.66666666666667,164.0,28.0
SV025,L,96,2,0,0,0,2,Response,3095.2333333333336,3270.0,921.8666666666667,942.8,336.3333333333333,371.0,350.6666666666667,1.175,2.1,124.75,237.0,19.0
SV025,L,97,2,2,1,0,2,Response,2779.075,2851.6,1271.975,1775.0,359.0,415.0,499.0,2.1,6.2,114.5,241.0,22.0
SV025,L,98,3,0,0,0,2,Response,3068.7000000000003,3270.0,1010.1916666666666,1275.8,329.9166666666667,413.0,301.3333333333333,1.4153846153846152,3.9,349.7692307692308,2425.0,60.92307692307692
SV025,L,99,2,2,0,1,1,Response,1017.5,1128.1,1121.3,1198.8,347.5,354.0,496.0,3.266666666666667,5.3,168.0,249.0,188.0
SV025,L,100,3,2,1,1,2,Response,1181.2,1304.8,1429.8,1949.3,350.25,421.0,389.0,4.16,8.4,148.0,242.0,32.8
SV025,L,101,3,3,1,1,2,Response,1101.7166666666667,1281.8,1393.8833333333332,1865.3,303.3333333333333,365.0,375.3333333333333,2.1,4.2,104.0,136.0,26.0
SV025,L,102,2,0,1,1,2,Response,1211.75,1235.9,1568.25,1853.5,196.0,317.0,176.0,4.3,6.1,204.0,332.0,29.333333333333332
SV025,L,103,3,2,0,0,2,Response,3124.5,3270.0,987.25,1041.8,286.0,330.0,918.0,1.6000000000000003,2.2,191.33333333333334,255.0,62.666666666666664
SV025,L,104,3,2,1,1,2,Response,1209.075,1295.8,1416.2,1797.7,256.0,348.0,515.0,3.28,6.0,133.2,198.0,29.6
SV025,L,105,2,2,0,0,2,Response,2953.383333333333,3097.7,1101.1166666666668,1244.4,294.6666666666667,359.0,294.6666666666667,0.9571428571428572,1.7,197.42857142857142,334.0,69.14285714285714
SV025,L,106,3,3,1,0,2,Response,2951.883333333333,3131.6,1108.9166666666667,1134.5,265.5,323.0,652.6666666666666,0.7571428571428571,1.9,187.28571428571428,856.0,31.428571428571427
SV025,L,107,2,2,1,1,2,Response,1187.9,1232.2,1564.55,1816.1,335.0,336.0,658.0,2.6999999999999997,4.5,130.66666666666666,172.0,26.666666666666668
SV025,L,108,3,2,1,1,2,Response,1088.85,1095.3,1405.25,1478.6,272.5,293.0,784.0,1.7,3.5,179.33333333333334,311.0,60.0
SV025,L,109,2,2,0,1,2,Response,1145.725,1178.5,1259.1,1314.4,326.0,389.0,406.0,1.4,2.1,218.0,674.0,100.0
SV025,L,110,3,2,0,1,2,Response,784.9200000000001,1161.1,1244.16,1406.5,256.0,287.0,367.2,2.8833333333333333,10.9,228.33333333333334,621.0,50.0
SV025,L,111,2,0,1,0,2,Response,2932.1000000000004,3015.9,1553.3000000000002,1862.4,265.0,290.0,342.0,2.0,3.9,116.33333333333333,173.0,21.333333333333332
SV025,L,112,3,0,0,0,2,Response,2984.175,3270.0,1089.0,1154.0,297.75,337.0,336.0,1.3800000000000001,3.4,94.2,194.0,24.8
SV025,L,113,2,0,1,1,2,Response,1350.8666666666668,1398.4,1344.2333333333333,1503.0,301.0,318.0,384.0,1.9749999999999999,5.3,108.25,215.0,22.0
SV025,L,114,2,0,1,1,2,Response,1192.5,1225.5,1632.8,2054.6,220.0,238.0,284.0,3.8000000000000003,8.7,158.33333333333334,259.0,32.0
SV025,L,115,2,3,0,1,2,Response,1077.3200000000002,1190.8,1231.78,1360.3,314.8,360.0,230.4,2.466666666666667,4.0,496.5,2167.0,84.66666666666667
SV025,L,116,2,3,0,0,1,Response,,,,,,,,1.5,1.5,102.0,102.0,20.0
SV025,L,117,3,2,1,1,2,Response,1131.28,1224.7,1593.72,1945.1,382.8,408.0,213.6,0.9833333333333334,1.3,79.0,112.0,18.0
SV025,L,118,2,2,0,1,2,Response,1191.675,1324.2,1169.225,1195.2,322.75,363.0,344.0,0.78,1.3,96.2,204.0,61.6
SV025,L,119,2,3,1,0,2,Response,2830.1,3001.0,1330.3,1619.4,334.0,374.0,338.0,2.24,5.7,122.4,225.0,22.4
SV025,L,120,2,0,0,1,2,Response,786.35,1142.2,1202.85,1213.0,361.5,370.0,238.0,3.966666666666667,6.5,176.66666666666666,225.0,132.0
SV025,L,121,3,2,1,0,2,Response,2739.44,2841.3,1251.96,1348.1,331.0,386.0,484.0,2.466666666666667,7.3,116.83333333333333,197.0,24.666666666666668
SV025,L,122,3,3,1,1,2,Response,1154.3,1154.3,1404.0,1404.0,344.0,344.0,1484.0,1.1,1.7,91.0,116.0,16.0
SV025,L,123,2,2,0,0,2,Response,3062.2799999999997,3270.0,1097.08,1286.9,297.0,350.0,401.6,2.9,6.9,147.66666666666666,260.0,30.0
SV025,L,124,3,0,0,0,2,Response,2926.6,2959.6,1187.2,1252.9,275.0,302.0,204.0,0.8666666666666667,1.2,782.0,2195.0,62.666666666666664
SV025,L,125,3,3,1,0,2,Response,2939.925,2985.6,1542.6,1764.6,343.75,375.0,363.0,0.9199999999999999,1.5,73.8,106.0,16.8
SV025,L,126,3,0,0,0,3,Response,2837.05,3270.0,1141.725,1162.2,322.25,348.0,461.0,1.6200000000000003,4.4,89.0,121.0,28.0
SV025,L,127,2,3,1,1,3,Response,1253.9,1447.8,1508.525,1978.0,293.75,358.0,793.0,0.9199999999999999,1.3,154.6,488.0,44.0
SV025,L,128,2,3,1,1,2,Response,1141.15,1141.9,1441.65,1518.8,342.5,349.0,332.0,1.6333333333333335,3.0,93.66666666666667,118.0,22.666666666666668
SV025,L,129,3,3,1,1,3,Response,1166.9,1166.9,1344.1,1344.1,245.0,245.0,1972.0,4.8,4.8,152.0,152.0,48.0
SV025,L,130,2,2,1,0,2,Response,2724.8333333333335,2957.2,1595.5,1838.0,254.0,273.0,216.0,1.8,2.6,126.25,166.0,20.0
SV025,L,131,2,3,0,0,3,Response,3082.2200000000003,3270.0,1135.1599999999999,1276.5,237.0,284.0,484.8,1.02,2.3,87.0,138.0,19.2
SV025,L,132,3,3,0,1,2,Response,1076.375,1136.3,1202.65,1352.3,271.75,341.0,528.0,1.7399999999999998,2.9,268.6,360.0,193.6
SV025,L,133,3,3,0,1,3,Response,1182.0500000000002,1184.4,1204.8000000000002,1253.7,275.5,294.0,746.0,1.0666666666666667,1.6,436.0,834.0,241.33333333333334
SV025,L,134,2,2,1,1,2,Response,1148.7666666666667,1221.9,1505.7,1920.7,272.1666666666667,349.0,410.0,3.1999999999999997,6.8,210.83333333333334,430.0,42.0
SV025,L,135,3,2,1,0,2,Response,2823.32,2958.9,1471.3600000000001,1954.5,344.0,375.0,209.6,1.4666666666666668,3.0,145.83333333333334,322.0,40.666666666666664
SV025,L,136,3,0,1,0,2,Response,2586.3,2890.1,1143.2,1202.4,271.5,311.0,268.0,3.54,5.8,127.0,197.0,34.4
SV025,L,137,2,0,0,0,2,Response,3151.15,3270.0,1148.9,1172.0,275.0,288.0,514.0,2.9333333333333336,7.7,143.66666666666666,204.0,34.666666666666664
SV025,L,138,3,2,0,0,2,Response,2962.85,3270.0,1087.225,1157.6,335.5,368.0,500.0,0.775,0.9,143.75,309.0,45.0
SV025,L,139,2,0,1,0,2,Response,3010.9,3115.2,1753.6333333333332,2035.7,271.3333333333333,285.0,521.3333333333334,1.0,1.1,75.0,85.0,18.666666666666668
SV025,L,140,2,2,1,0,2,Response,2538.866666666667,2884.2,1170.1333333333334,1844.3,312.44444444444446,409.0,276.0,4.83,9.4,177.2,249.0,36.0
SV025,L,141,2,2,1,0,2,Response,2937.9,3115.4,1169.3,1358.8,342.0,399.0,537.3333333333334,4.325,8.6,168.5,247.0,33.0
SV025,L,142,3,3,0,0,3,Response,2855.44,3270.0,985.8399999999999,1012.6,368.0,405.0,463.2,2.3833333333333333,7.3,151.5,248.0,27.333333333333332
SV025,L,143,2,0,0,1,2,Response,1308.0857142857144,1990.4,1069.0857142857142,1162.3,338.57142857142856,424.0,398.2857142857143,2.0749999999999997,6.1,195.5,502.0,46.0
SV025,L,144,2,0,1,0,2,Response,2906.775,2967.0,1367.85,1759.2,412.0,440.0,358.0,1.44,3.3,96.2,162.0,18.4
SV025,L,145,3,3,0,1,2,Response,1132.96,1195.0,1117.58,1350.6,342.4,407.0,348.0,2.2600000000000002,5.5,248.0,539.0,56.0
SV025,L,146,3,0,1,1,2,Response,997.325,1039.7,1481.85,1944.2,389.25,436.0,510.0,2.84,6.4,202.4,515.0,44.8
SV025,L,147,3,0,0,0,3,Response,3061.2000000000003,3270.0,934.6666666666666,989.7,337.3333333333333,384.0,365.3333333333333,1.25,2.0,175.25,336.0,51.0
SV025,L,148,3,3,1,1,2,Response,1142.1545454545455,1247.2,1486.909090909091,2071.8,346.54545454545456,439.0,295.6363636363636,4.641666666666667,8.7,229.41666666666666,449.0,65.33333333333333
SV025,L,149,3,3,0,1,2,Response,1107.5,1177.0,1099.76,1294.3,333.8,429.0,480.8,2.6999999999999997,5.2,206.16666666666666,475.0,129.33333333333334
SV025,L,150,2,2,0,0,2,Response,2982.55,3270.0,988.425,1189.2,353.5,431.0,626.0,1.72,4.1,100.2,169.0,31.2
SV025,L,151,3,3,1,1,3,Response,1100.775,1266.4,1292.825,1518.0,361.75,411.0,754.0,1.1,1.6,84.4,111.0,17.6
SV025,L,152,2,3,0,0,3,Response,3013.7,3270.0,967.14,1038.1,378.4,420.0,334.4,0.9833333333333334,1.5,156.83333333333334,317.0,39.333333333333336
SV025,L,153,3,0,1,0,3,Response,2922.733333333333,3075.2,1113.7444444444445,1540.4,328.8888888888889,431.0,360.44444444444446,1.53,4.0,186.3,547.0,50.8
SV025,L,154,3,0,1,0,3,Response,3001.942857142857,3114.7,1184.5571428571427,1415.5,319.57142857142856,405.0,286.85714285714283,1.025,1.5,144.125,364.0,45.5
SV025,L,155,3,3,0,0,3,Response,3105.933333333333,3270.0,965.7666666666668,988.0,376.0,423.0,274.6666666666667,0.825,1.7,102.5,211.0,15.0
SV025,L,156,2,0,0,1,3,Response,1156.6333333333334,1822.8,1210.611111111111,1550.8,288.77777777777777,395.0,252.0,3.85,6.4,225.2,533.0,82.8
SV025,L,157,3,2,1,1,2,Response,1174.9166666666667,1752.3,1229.7833333333333,1341.3,298.8333333333333,396.0,364.6666666666667,1.8142857142857143,3.5,133.71428571428572,396.0,43.42857142857143
SV025,L,158,2,2,1,1,2,Response,1109.1,1109.1,1238.1,1238.1,374.0,374.0,1036.0,1.1,1.5,82.5,102.0,18.0
SV025,L,159,3,3,0,1,2,Response,590.68,1223.3,1141.16,1725.9,342.2,461.0,342.4,5.45,9.8,357.5,773.0,26.666666666666668
SV025,L,160,2,0,0,1,1,Response,410.04999999999995,1000.8,1008.0,1065.2,432.5,448.0,158.0,6.733333333333333,10.2,472.6666666666667,885.0,30.666666666666668
SV025,L,161,3,0,1,1,2,Response,1101.35,1105.4,1571.0,1923.1,370.0,373.0,592.0,3.9000000000000004,6.9,161.5,248.0,32.0
SV025,L,162,3,2,0,1,1,Response,357.8,944.7,1115.2,1205.4,368.5,386.0,172.0,8.5,16.3,1075.6666666666667,2461.0,85.33333333333333
SV025,L,163,2,0,1,0,1,Response,2672.95,2735.6,1439.8,1770.5,412.25,431.0,194.0,2.0500000000000003,5.7,109.5,196.0,22.0
SV025,L,164,3,3,1,0,2,Response,2937.366666666667,3159.7,1221.9333333333334,1648.8,342.8333333333333,393.0,516.6666666666666,2.6285714285714286,10.2,555.5714285714286,3270.0,34.857142857142854
SV025,L,165,3,0,0,1,2,Response,981.5,1127.3,1269.1666666666667,1352.3,302.6666666666667,331.0,496.0,3.975,7.0,321.75,796.0,166.0
SV025,L,166,2,3,0,1,2,Response,1204.56,1631.4,1263.3200000000002,1532.6,279.0,386.0,505.6,1.5,3.4,268.25,434.0,82.0
SV025,L,167,2,0,0,0,2,Response,3139.95,3270.0,1089.9499999999998,1090.6,300.0,316.0,304.0,0.8333333333333334,1.3,122.66666666666667,225.0,18.666666666666668
SV025,L,168,2,3,0,0,2,Response,2898.0,2898.0,912.7,912.7,220.0,220.0,1000.0,0.75,1.0,85.0,109.0,22.0
SV025,L,169,3,3,0,0,2,Response,2984.0833333333335,3076.4,1122.4666666666667,1421.9,223.0,280.0,393.3333333333333,1.7571428571428573,3.7,560.4285714285714,3264.0,41.714285714285715
SV025,L,170,2,0,0,0,2,Response,3194.8,3270.0,1047.4499999999998,1066.3,336.5,350.0,262.0,1.3333333333333333,2.5,134.33333333333334,200.0,24.0
SV025,L,171,3,3,0,0,2,Response,3018.125,3044.6,1032.325,1065.8,213.25,261.0,585.0,1.52,3.8,827.4,3270.0,111.2
SV025,L,172,2,2,0,0,2,Response,3132.675,3270.0,1058.9,1082.9,200.75,220.0,695.0,2.58,7.5,161.2,253.0,65.6
SV025,L,173,3,2,0,0,2,Response,2596.5,2879.9,1016.75,1048.3,212.0,216.0,212.0,2.4,4.7,107.0,133.0,26.666666666666668
SV025,L,174,2,0,0,1,0,Response,1372.0700000000002,1920.6,1044.1200000000001,1172.1,310.3,343.0,459.2,2.4272727272727272,5.0,161.72727272727272,508.0,34.18181818181818
SV025,L,175,2,0,0,0,2,Response,3110.4666666666667,3270.0,873.3333333333334,899.2,388.0,431.0,664.0,4.425,7.9,178.75,278.0,44.0
SV025,L,176,2,0,0,0,1,Response,2974.057142857143,3038.0,1127.742857142857,1197.6,375.57142857142856,445.0,282.85714285714283,1.575,6.6,1118.625,3270.0,61.5
SV025,L,177,2,3,1,0,2,Response,2809.2999999999997,2932.9,1276.3,1678.9,425.8333333333333,495.0,282.0,2.9857142857142853,7.0,118.85714285714286,205.0,28.0
SV025,L,178,3,3,0,1,2,Response,883.54,1176.5,1357.72,1686.8,357.6,404.0,443.2,5.066666666666666,10.2,380.5,722.0,116.0
SV025,L,179,2,2,0,1,2,Response,1123.15,1171.8,1061.825,1143.8,357.0,422.0,625.0,2.0999999999999996,5.6,99.0,157.0,24.0
SV025,L,180,2,0,1,1,2,Response,1157.9250000000002,1291.9,1371.5500000000002,1903.9,372.75,408.0,395.0,3.2399999999999998,6.5,141.8,222.0,28.0
SV025,L,181,3,0,1,0,2,Response,2934.4,2965.0,1102.15,1149.5,419.5,449.0,592.0,2.1,4.3,110.33333333333333,158.0,25.333333333333332
SV025,L,182,3,3,0,0,2,Response,3084.7571428571428,3270.0,1010.1285714285714,1172.8,347.42857142857144,425.0,320.0,0.725,1.9,616.5,2162.0,54.5
SV025,L,183,2,2,1,0,2,Response,2930.0,2930.0,1022.8,1022.8,391.0,391.0,1068.0,5.0,8.7,147.5,206.0,42.0
SV025,L,184,2,2,0,0,2,Response,3082.56,3270.0,995.28,1197.2,344.9,422.0,293.6,1.5818181818181818,8.7,603.2727272727273,2460.0,61.81818181818182
SV025,L,185,3,0,0,1,2,Response,1074.575,1157.0,1300.5,1360.4,326.5,374.0,491.0,2.8,5.4,252.2,463.0,168.8
SV025,L,186,3,2,0,1,2,Response,1016.28,1138.4,1277.0,1396.9,291.4,335.0,395.2,2.22,5.7,181.6,441.0,46.4
SV025,L,187,3,0,1,1,2,Response,1162.325,1265.8,1422.425,1825.6,370.0,412.0,495.0,2.15,3.9,116.75,184.0,24.0
SV025,L,188,2,3,1,0,2,Response,2748.8999999999996,2767.7,1221.3000000000002,1326.4,399.0,410.0,430.0,1.7333333333333334,2.5,101.0,124.0,22.666666666666668
SV025,L,189,3,2,0,1,2,Response,955.25,1124.8,1259.5,1275.3,324.0,341.0,770.0,4.0,6.1,155.0,172.0,34.0
SV025,L,190,2,3,0,0,2,Response,3085.4,3270.0,975.725,1391.2,280.0,390.0,334.0,1.1125,5.9,172.25,342.0,59.0
SV025,L,191,3,0,1,0,2,Response,2828.4666666666667,2923.5,1306.6000000000001,1473.5,321.3333333333333,344.0,476.0,1.2000000000000002,1.6,88.0,118.0,19.0
SV025,L,192,2,3,1,0,2,Response,2885.4,2946.0,1409.0,1748.5,381.6666666666667,394.0,204.0,1.4500000000000002,3.7,100.25,196.0,18.0
SV025,L,193,2,0,0,0,2,Response,3174.35,3270.0,990.25,1074.2,295.0,322.0,363.0,2.2399999999999998,8.7,179.8,314.0,55.2
SV025,L,194,2,2,0,1,2,Response,,,,,,,,2.4,2.4,146.0,146.0,24.0
SV025,L,195,2,3,0,1,2,Response,730.9714285714286,1161.0,1362.5285714285715,1861.6,278.2857142857143,330.0,387.42857142857144,1.2142857142857142,4.1,164.85714285714286,332.0,134.28571428571428
SV025,L,196,2,3,1,1,2,Response,999.2777777777778,1151.7,1537.6,2054.9,240.66666666666666,338.0,462.22222222222223,3.0444444444444443,7.2,133.11111111111111,309.0,48.0
SV025,L,197,3,0,1,0,2,Response,2939.15,2996.6,1441.35,1782.1,397.5,414.0,268.0,1.25,1.7,161.75,353.0,44.0
SV025,L,198,3,3,0,0,3,Response,3059.68,3270.0,1049.4,1191.2,326.8,356.0,633.6,1.3,4.2,125.2,200.0,32.8
SV025,L,199,3,0,1,1,2,Response,1097.8000000000002,1102.9,1630.5500000000002,1899.2,319.0,335.0,442.0,2.5,4.4,106.5,160.0,28.0
SV025,L,200,3,3,0,0,3,Response,2944.0,3004.9,998.2333333333332,1017.2,406.3333333333333,436.0,642.6666666666666,2.725,6.0,1019.75,3270.0,93.0
SV025,L,201,3,0,0,1,2,Response,1147.1,1147.1,1038.6,1038.6,263.0,263.0,1516.0,3.9000000000000004,5.2,494.0,616.0,410.0
SV025,L,202,2,2,1,0,2,Response,2748.7599999999998,2868.2,1296.3799999999999,1785.1,311.0,333.0,334.4,2.1666666666666665,5.9,118.0,191.0,22.666666666666668
SV025,L,203,3,0,0,0,3,Response,2846.8999999999996,2990.6,994.55,1008.4,269.0,290.0,872.0,1.35,1.4,134.5,199.0,30.0
SV025,L,204,3,3,1,0,2,Response,2847.0333333333333,2930.6,1418.3999999999999,1814.8,339.6666666666667,358.0,265.3333333333333,2.1666666666666665,4.2,137.33333333333334,230.0,21.333333333333332
SV025,L,205,3,2,1,0,2,Response,2996.25,3064.8,1071.95,1083.4,227.5,240.0,1602.0,2.066666666666667,4.8,749.3333333333334,1924.0,98.66666666666667
SV025,L,206,3,3,0,1,1,Response,754.4333333333334,1104.2,950.5333333333333,967.6,361.0,371.0,350.6666666666667,1.9,4.0,233.75,410.0,49.0
SV025,L,207,2,2,0,0,2,Response,3049.557142857143,3270.0,1010.5857142857143,1153.0,356.57142857142856,428.0,442.85714285714283,0.925,3.1,345.375,1268.0,66.0
SV025,L,208,3,3,1,0,2,Response,2813.2999999999997,3106.5,1316.8,1750.2,386.0,430.0,565.3333333333334,4.425,6.7,171.0,188.0,36.0
SV025,L,209,3,2,0,1,1,Response,1541.8,1541.8,1756.6,1756.6,400.0,400.0,376.0,11.0,11.0,1761.0,1761.0,44.0
SV025,L,210,3,0,1,0,2,Response,2643.7,2643.7,1255.1,1255.1,408.0,408.0,96.0,2.9,4.8,159.0,228.0,24.0
SV025,L,211,2,3,0,1,2,Response,1047.4428571428573,1714.3,1196.142857142857,1574.0,300.42857142857144,404.0,293.7142857142857,3.042857142857143,6.3,195.14285714285714,438.0,23.428571428571427
SV025,L,212,2,0,0,1,2,Response,1110.6999999999998,1149.8,1216.9,1306.5,230.5,269.0,932.0,3.4333333333333336,4.3,228.33333333333334,407.0,74.66666666666667
SV025,L,213,3,0,0,1,2,Response,1283.6333333333334,1796.8,1251.6666666666667,1890.3,271.1111111111111,339.0,404.0,2.63,9.7,130.4,378.0,47.2
SV025,L,214,3,3,1,0,2,Response,2922.6,2993.0,1360.7,1495.0,362.3333333333333,367.0,138.66666666666666,1.55,3.4,108.0,178.0,18.0
SV025,L,215,3,0,0,0,3,Response,3041.825,3270.0,1041.8,1079.2,262.0,300.0,663.0,2.38,7.2,139.0,271.0,57.6
SV025,L,216,2,3,0,1,2,Response,940.0,1182.4,1266.2857142857142,1849.2,285.7142857142857,367.0,588.5714285714286,3.4,12.1,231.85714285714286,512.0,123.42857142857143
SV025,L,217,2,3,1,1,2,Response,980.875,1051.2,1440.35,2016.0,366.25,434.0,393.0,4.3,8.0,147.8,236.0,32.8
SV025,L,218,2,2,0,1,2,Response,972.9250000000001,1163.0,1276.7,1302.9,404.25,430.0,206.0,2.24,6.4,200.8,398.0,99.2
SV025,L,219,2,0,0,0,2,Response,2943.1666666666665,3068.5,966.5,997.9,398.6666666666667,430.0,344.0,0.925,1.1,95.0,155.0,19.0
SV025,L,220,3,2,0,0,2,Response,2937.4,3014.1,917.3000000000001,1010.2,418.3333333333333,468.0,494.6666666666667,1.675,3.8,247.5,613.0,62.0
SV025,L,221,2,3,0,1,2,Response,813.95,1057.4,1141.7,1149.9,459.5,466.0,406.0,4.8,10.6,207.33333333333334,476.0,113.33333333333333
SV025,L,222,2,2,0,1,2,Response,894.2714285714285,1169.7,1107.9142857142858,1357.8,403.42857142857144,488.0,328.0,3.1571428571428575,5.9,192.57142857142858,548.0,28.0
SV025,L,223,3,2,0,1,2,Response,1106.75,1170.7,1079.25,1174.8,432.0,486.0,699.0,1.9600000000000002,4.4,174.8,431.0,42.4
SV025,L,224,3,2,1,0,2,Response,2775.7,2873.3,1218.2,1726.0,387.2,466.0,366.4,2.94,7.2,682.8,2960.0,45.6
SV025,L,225,3,0,1,1,2,Response,1265.9,1275.9,1369.0666666666668,1763.9,370.3333333333333,415.0,344.0,5.666666666666667,9.1,229.33333333333334,250.0,56.0
SV025,L,226,2,0,1,0,1,Response,2667.625,3014.8,999.1500000000001,1024.7,324.75,334.0,489.0,2.92,6.6,116.8,170.0,28.8
SV025,L,227,2,0,1,1,1,Response,928.4200000000001,987.3,1614.18,2056.9,408.8,433.0,244.0,5.0,12.8,154.83333333333334,264.0,35.333333333333336
SV025,L,228,2,3,0,0,2,Response,3119.1666666666665,3270.0,985.7166666666667,1175.5,395.5,456.0,515.3333333333334,1.05,2.4,151.16666666666666,355.0,34.666666666666664
SV025,L,229,3,2,1,0,2,Response,2730.2,2730.2,1056.7,1056.7,414.0,414.0,1556.0,5.800000000000001,6.4,214.0,241.0,42.0
SV025,L,230,2,2,0,1,1,Response,807.7,807.7,892.7,892.7,436.0,436.0,132.0,1.7,1.7,120.0,120.0,20.0
SV025,L,231,2,3,1,0,2,Response,2848.725,2992.7,1191.55,1829.9,327.6666666666667,424.0,404.3333333333333,2.3000000000000003,6.2,443.4166666666667,2011.0,77.0
SV025,L,232,3,0,0,1,1,Response,945.25,1119.5,935.9,956.0,401.5,416.0,568.0,3.15,4.8,124.0,142.0,34.0
SV025,L,233,2,0,0,1,2,Response,1533.6,1906.8,1080.25,1129.6,421.0,448.0,936.0,1.7,2.5,105.0,133.0,21.333333333333332
SV025,L,234,3,3,1,1,2,Response,1158.1,1249.9,1410.5,1839.8,344.85714285714283,429.0,326.85714285714283,1.7,6.1,184.125,402.0,44.0
SV025,L,235,3,0,0,1,2,Response,976.575,1118.6,1134.45,1217.4,362.75,422.0,371.0,1.425,1.6,105.0,118.0,19.0
SV025,L,236,2,3,0,0,2,Response,3219.866666666667,3270.0,955.0666666666666,1159.8,404.0,430.0,308.0,1.2333333333333334,2.6,173.66666666666666,282.0,20.0
SV025,L,237,3,3,1,0,2,Response,2954.633333333333,3000.7,1006.3333333333334,1026.7,415.3333333333333,466.0,380.0,2.0,6.2,170.75,374.0,49.0
SV025,L,238,3,0,0,0,2,Response,3040.9636363636364,3270.0,1040.081818181818,1168.2,354.27272727272725,425.0,347.27272727272725,1.1454545454545455,2.5,462.54545454545456,3270.0,52.72727272727273
SV025,L,239,3,3,1,1,1,Response,1232.0043478260868,1456.2,1315.0826086956522,1940.1,360.5652173913044,484.0,332.0,1.1083333333333334,2.3,232.66666666666666,574.0,66.0
SV025,L,240,3,3,0,1,2,Response,1051.3999999999999,1153.6,1140.3666666666666,1291.5,393.3333333333333,439.0,408.0,2.85,6.7,183.0,449.0,23.0
SV025,L,241,3,3,0,0,3,Response,1990.0,2149.7,1014.3000000000001,1033.8,384.3333333333333,402.0,192.0,1.25,2.2,171.0,371.0,40.0
SV025,L,242,2,3,0,0,3,Response,,,,,,,,,,,,
SV025,L,243,2,2,0,0,2,Response,,,,,,,,,,,,
SV025,L,244,2,3,0,0,3,Response,,,,,,,,,,,,
SV025,L,245,2,0,0,1,0,Response,,,,,,,,,,,,
SV025,L,246,3,0,1,1,0,Response,1531.6,1531.6,2033.0,2033.0,52.0,52.0,28.0,10.8,11.4,534.5,548.0,40.0
SV025,L,247,2,0,0,0,0,Response,,,,,,,,,,,,
SV025,L,248,3,2,1,0,2,Response,,,,,,,,,,,,
SV025,L,249,3,2,1,0,2,Response,,,,,,,,0.5,0.5,56.0,56.0,12.0
SV025,L,250,2,0,1,1,0,Response,,,,,,,,2.6,2.6,162.0,162.0,24.0
SV025,L,251,3,2,0,1,2,Response,,,,,,,,,,,,
SV025,L,252,2,2,0,0,2,Response,,,,,,,,,,,,
SV025,L,253,2,3,0,0,3,Response,,,,,,,,,,,,
SV025,L,254,3,2,0,0,2,Response,,,,,,,,,,,,
SV025,L,255,2,0,0,1,0,Response,,,,,,,,,,,,
SV025,L,256,3,2,0,1,2,Response,,,,,,,,,,,,
SV025,L,257,2,2,1,0,2,Response,,,,,,,,,,,,
SV025,L,258,2,0,1,1,0,Response,,,,,,,,,,,,
SV025,L,259,2,0,0,0,0,Response,,,,,,,,,,,,
SV025,L,260,2,0,0,0,0,Response,,,,,,,,,,,,
SV025,L,261,3,3,1,0,3,Response,,,,,,,,,,,,
SV025,L,262,3,2,0,0,2,Response,,,,,,,,,,,,
SV025,L,263,3,3,1,1,4,Response,1825.9666666666665,1875.7,1257.0333333333335,1612.7,318.6666666666667,404.0,600.0,3.125,6.0,353.75,402.0,78.0
SV025,L,264,2,3,0,1,3,Response,,,,,,,,,,,,
SV025,L,265,3,2,1,1,2,Response,,,,,,,,,,,,
SV025,L,266,3,2,1,1,2,Response,,,,,,,,,,,,
SV025,L,267,2,0,0,0,0,Response,,,,,,,,,,,,
SV025,L,268,3,3,0,1,3,Response,1891.45,1911.9,1079.1,1092.6,360.5,386.0,1234.0,0.7000000000000001,0.8,288.3333333333333,417.0,132.0
SV025,L,269,2,3,0,1,3,Response,,,,,,,,0.5,0.5,63.0,63.0,12.0
SV025,L,270,3,2,1,0,2,Response,,,,,,,,,,,,
SV025,L,271,3,0,1,0,0,Response,,,,,,,,,,,,
SV025,L,272,3,3,0,1,3,Response,1805.6,1842.9,1329.0,1601.3,282.5,401.0,274.0,4.8,9.8,330.6666666666667,423.0,85.33333333333333
SV025,L,273,3,2,0,1,2,Response,,,,,,,,,,,,
SV025,L,274,3,0,1,1,0,Response,,,,,,,,,,,,
SV025,L,275,3,0,1,0,0,Response,,,,,,,,,,,,
SV025,L,276,2,2,0,1,2,Response,,,,,,,,,,,,
SV025,L,277,3,0,1,1,0,Response,,,,,,,,,,,,
SV025,L,278,2,0,1,0,0,Response,,,,,,,,,,,,
SV025,L,279,2,3,1,0,3,Response,,,,,,,,,,,,
SV025,L,280,2,2,1,1,2,Response,1929.8666666666668,1974.6,1111.4333333333334,1387.1,461.3333333333333,487.0,197.33333333333334,3.45,5.8,141.75,172.0,53.0
SV025,L,281,2,3,1,1,3,Response,,,,,,,,,,,,
SV025,L,282,3,2,1,0,2,Response,,,,,,,,,,,,
SV025,L,283,3,2,0,1,2,Response,,,,,,,,,,,,
SV025,L,284,2,0,1,1,0,Response,,,,,,,,,,,,
SV025,L,285,2,2,1,0,2,Response,,,,,,,,,,,,
SV025,L,286,2,2,1,1,2,Response,,,,,,,,,,,,
SV025,L,287,2,0,1,0,0,Response,,,,,,,,,,,,
SV025,L,288,3,2,0,0,2,Response,,,,,,,,,,,,
SV025,L,289,3,2,1,1,2,Response,,,,,,,,,,,,
SV025,L,290,2,2,0,0,2,Response,,,,,,,,,,,,
SV025,L,291,3,3,0,0,3,Response,,,,,,,,,,,,
SV025,L,292,2,2,0,0,2,Response,,,,,,,,,,,,
SV025,L,293,2,3,0,0,3,Response,,,,,,,,,,,,
SV025,L,294,2,3,0,1,4,Response,,,,,,,,,,,,
SV025,L,295,3,3,1,1,4,Response,,,,,,,,,,,,
SV025,L,296,3,2,0,0,2,Response,,,,,,,,0.5,0.5,61.0,61.0,12.0
SV025,L,297,3,3,1,0,4,Response,,,,,,,,,,,,
SV025,L,298,3,3,0,0,3,Response,1873.4333333333334,1910.3,1039.3,1059.1,448.6666666666667,462.0,248.0,0.675,0.9,431.5,493.0,157.0
SV025,L,299,2,3,0,0,3,Response,,,,,,,,0.6,0.6,652.0,652.0,148.0
SV025,L,300,3,0,1,0,0,Response,,,,,,,,,,,,
SV025,L,301,2,2,0,1,2,Response,,,,,,,,,,,,
SV025,L,302,3,3,0,0,3,Response,,,,,,,,,,,,
SV025,L,303,2,3,0,1,3,Response,,,,,,,,0.5,0.5,61.0,61.0,12.0
SV025,L,304,3,2,0,1,2,Response,,,,,,,,,,,,
SV025,L,305,3,2,1,0,2,Response,,,,,,,,0.5,0.5,60.0,60.0,12.0
SV025,L,306,2,2,0,1,2,Response,,,,,,,,,,,,
SV025,L,307,3,3,1,0,3,Response,1854.8,1854.8,1013.1,1013.1,329.0,329.0,668.0,1.0,1.1,450.0,476.0,208.0
SV025,L,308,2,0,1,0,0,Response,,,,,,,,0.7,0.7,455.0,455.0,108.0
SV025,L,309,3,0,1,0,0,Response,,,,,,,,,,,,
SV025,L,310,3,2,1,0,2,Response,,,,,,,,,,,,
SV025,L,311,3,2,0,0,2,Response,,,,,,,,,,,,
SV025,L,312,3,0,0,0,0,Response,,,,,,,,,,,,
SV025,L,313,2,3,1,0,3,Response,,,,,,,,,,,,
SV025,L,314,3,0,1,1,0,Response,,,,,,,,,,,,
SV025,L,315,2,0,1,0,0,Response,,,,,,,,,,,,
SV025,L,316,3,0,0,1,0,Response,,,,,,,,,,,,
SV025,L,317,2,3,0,0,4,Response,,,,,,,,,,,,
SV025,L,318,2,0,0,0,0,Response,,,,,,,,,,,,
SV025,L,319,2,3,1,1,3,Response,1877.45,1942.4,1008.15,1013.4,387.5,398.0,468.0,0.4666666666666666,0.5,172.66666666666666,402.0,58.666666666666664
SV025,L,320,3,0,1,1,0,Response,,,,,,,,,,,,
SV025,L,321,2,3,0,1,3,Response,,,,,,,,0.3,0.3,474.0,474.0,168.0
SV025,L,322,2,3,1,0,3,Response,,,,,,,,,,,,
SV025,L,323,2,2,1,0,2,Response,,,,,,,,0.5,0.5,421.0,421.0,144.0
SV025,L,324,3,0,0,0,0,Response,,,,,,,,,,,,
SV025,L,325,3,2,1,0,2,Response,,,,,,,,,,,,
SV025,L,326,3,3,1,1,3,Response,,,,,,,,,,,,
SV025,L,327,2,0,0,1,0,Response,,,,,,,,,,,,
SV025,L,328,3,3,1,0,3,Response,,,,,,,,,,,,
SV025,L,329,2,3,1,1,3,Response,,,,,,,,,,,,
SV025,L,330,2,3,1,0,3,Response,,,,,,,,,,,,
SV025,L,331,3,0,1,0,0,Response,,,,,,,,,,,,
SV025,L,332,2,3,1,0,3,Response,,,,,,,,,,,,
SV025,L,333,3,0,1,1,0,Response,,,,,,,,,,,,
SV025,L,334,3,0,1,0,0,Response,,,,,,,,,,,,
SV025,L,335,3,2,0,0,2,Response,,,,,,,,,,,,
SV025,L,336,3,2,0,1,2,Response,,,,,,,,,,,,
SV025,L,337,2,2,1,1,2,Response,,,,,,,,,,,,
SV025,L,338,2,3,1,0,3,Response,,,,,,,,,,,,
SV025,L,339,2,0,0,1,0,Response,,,,,,,,,,,,
SV025,L,340,2,2,1,1,2,Response,1768.9,1768.9,1005.2,1005.2,390.0,390.0,500.0,0.9,1.0,439.0,458.0,150.0
SV025,L,341,3,0,1,1,0,Response,1883.6,1883.6,688.7,688.7,375.0,375.0,204.0,2.8,3.1,151.5,180.0,26.0
SV025,L,342,2,0,0,0,0,Response,,,,,,,,0.5,0.5,402.0,402.0,128.0
SV025,L,343,2,3,0,0,3,Response,,,,,,,,,,,,
SV025,L,344,3,3,1,1,3,Response,,,,,,,,1.3,1.3,93.0,93.0,20.0
SV025,L,345,2,3,0,0,3,Response,,,,,,,,,,,,
SV025,L,346,3,3,0,0,3,Response,,,,,,,,2.0,2.0,116.0,116.0,24.0
SV025,L,347,3,3,0,1,3,Response,1814.9,1814.9,995.7,995.7,447.0,447.0,288.0,0.4,0.5,267.5,473.0,78.0
SV025,L,348,3,0,1,1,0,Response,,,,,,,,0.8,0.8,233.0,233.0,76.0
SV025,L,349,2,2,0,0,2,Response,,,,,,,,,,,,
SV025,L,350,2,3,1,0,3,Response,,,,,,,,0.7,0.7,65.0,65.0,16.0
SV025,L,351,3,3,1,1,3,Response,,,,,,,,,,,,
SV025,L,352,2,2,1,0,2,Response,,,,,,,,,,,,
SV025,L,353,2,0,0,1,0,Response,,,,,,,,,,,,
SV025,L,354,2,2,0,1,2,Response,,,,,,,,1.0,1.0,298.0,298.0,148.0
SV025,L,355,2,0,0,0,0,Response,,,,,,,,,,,,
SV025,L,356,3,0,0,1,0,Response,,,,,,,,,,,,
SV025,L,357,2,3,1,1,3,Response,,,,,,,,,,,,
SV025,L,358,2,0,1,1,0,Response,,,,,,,,,,,,
SV025,L,359,2,0,1,1,0,Response,,,,,,,,1.1,1.1,446.0,446.0,116.0
SV025,L,360,3,0,0,0,0,Response,2351.2999999999997,3270.0,1803.0666666666666,3270.0,439.3333333333333,464.0,246.66666666666666,6.875,24.3,235.5,396.0,79.0
SV025,L,361,3,0,0,0,0,Response,,,,,,,,,,,,
SV025,L,362,2,0,0,1,0,Response,,,,,,,,,,,,
SV025,L,363,2,0,0,1,0,Response,,,,,,,,,,,,
SV025,L,364,2,0,0,0,0,Response,,,,,,,,,,,,
SV025,L,365,3,2,0,0,2,Response,,,,,,,,,,,,
SV025,L,366,2,3,1,0,3,Response,,,,,,,,,,,,
SV025,L,367,2,3,0,1,3,Response,,,,,,,,,,,,
SV025,L,368,3,0,0,0,0,Response,,,,,,,,,,,,
SV025,L,369,2,2,0,1,2,Response,,,,,,,,,,,,
SV025,L,370,2,2,1,0,2,Response,,,,,,,,,,,,
SV025,L,371,3,3,1,1,3,Response,,,,,,,,0.5,0.5,58.0,58.0,12.0
SV025,L,372,3,2,0,0,2,Response,2598.65,3270.0,2148.5,3270.0,446.0,507.0,116.0,19.7,26.3,353.3333333333333,663.0,321.3333333333333
SV025,L,373,2,3,0,1,3,Response,,,,,,,,0.9,0.9,76.0,76.0,16.0
SV025,L,374,2,0,1,1,0,Response,,,,,,,,,,,,
SV025,L,375,3,3,1,1,3,Response,,,,,,,,0.4,0.4,390.0,390.0,100.0
SV025,L,376,2,3,0,1,3,Response,,,,,,,,,,,,
SV025,L,377,3,2,1,0,2,Response,,,,,,,,1.6,1.6,110.0,110.0,20.0
SV025,L,378,3,3,1,0,3,Response,2037.5,2037.5,1005.5,1005.5,481.0,481.0,324.0,2.45,4.0,148.0,221.0,22.0
SV025,L,379,2,2,1,1,2,Response,,,,,,,,0.7,0.7,88.0,88.0,12.0
SV025,L,380,2,2,0,0,2,Response,,,,,,,,,,,,
SV025,L,381,2,2,1,0,2,Response,,,,,,,,2.6,2.6,186.0,186.0,20.0
SV025,L,382,3,0,0,0,0,Response,1995.5,1995.5,889.3,889.3,464.0,464.0,252.0,0.7,0.9,70.5,75.0,14.0
SV025,L,383,3,3,1,0,3,Response,2040.9166666666667,2129.9,828.6166666666667,1223.8,401.1666666666667,468.0,246.66666666666666,3.0285714285714285,7.2,143.85714285714286,281.0,26.285714285714285
SV025,L,384,3,2,1,1,2,Response,1949.5,1949.5,981.0,981.0,475.0,475.0,456.0,1.35,2.0,259.5,378.0,76.0
SV025,L,385,3,3,1,0,3,Response,2275.2000000000003,2827.4,1079.1666666666667,1244.4,461.6666666666667,474.0,282.6666666666667,2.15,6.3,94.5,181.0,25.0
SV025,L,386,3,3,0,1,3,Response,,,,,,,,0.9,0.9,409.0,409.0,140.0
SV025,L,387,2,2,1,0,2,Response,,,,,,,,,,,,
SV025,L,388,3,0,0,1,0,Response,,,,,,,,,,,,
SV025,L,389,3,3,1,1,3,Response,,,,,,,,,,,,
SV025,L,390,3,2,0,1,2,Response,,,,,,,,,,,,
SV025,L,391,3,2,1,1,2,Response,,,,,,,,,,,,
SV025,L,392,3,2,1,1,2,Response,,,,,,,,,,,,
SV025,L,393,2,2,0,0,2,Response,,,,,,,,,,,,
SV025,L,394,2,0,0,1,0,Response,,,,,,,,,,,,
SV025,L,395,2,2,1,1,2,Response,1825.4,1825.4,1617.1,1617.1,169.0,169.0,24.0,6.0,6.0,224.0,224.0,36.0
SV025,L,396,3,0,0,0,0,Response,,,,,,,,,,,,
SV025,L,397,3,0,0,1,0,Response,,,,,,,,,,,,
SV025,L,398,3,3,0,1,3,Response,,,,,,,,,,,,
SV025,L,399,3,2,1,0,2,Response,,,,,,,,,,,,
SV025,L,400,2,0,1,0,0,Response,1817.2,1817.2,802.5,802.5,418.0,418.0,80.0,1.65,1.9,106.0,113.0,22.0
SV025,L,401,2,2,0,1,2,Response,1895.45,1898.4,711.05,789.4,373.0,390.0,220.0,2.033333333333333,3.0,110.66666666666667,129.0,24.0
SV025,L,402,2,3,0,1,3,Response,,,,,,,,,,,,
SV025,L,403,3,2,1,1,2,Response,,,,,,,,1.3,1.3,93.0,93.0,20.0
SV025,L,404,2,3,0,0,3,Response,,,,,,,,1.9,1.9,139.0,139.0,20.0
SV025,L,405,2,3,1,1,3,Response,1804.4,1804.4,1043.1,1043.1,487.0,487.0,312.0,0.8,0.8,72.0,76.0,16.0
SV025,L,406,2,3,1,0,3,Response,,,,,,,,0.8,0.8,69.0,69.0,16.0
SV025,L,407,3,3,0,1,3,Response,1905.8,1936.3,1004.1666666666666,1020.7,428.3333333333333,451.0,718.6666666666666,0.45,0.5,57.5,62.0,12.0
SV025,L,408,3,0,1,0,0,Response,,,,,,,,,,,,
SV025,L,409,3,3,0,1,3,Response,,,,,,,,0.6,0.6,395.0,395.0,140.0
SV025,L,410,3,3,1,0,3,Response,,,,,,,,0.7,0.7,56.0,56.0,16.0
SV025,L,411,3,3,0,0,3,Response,,,,,,,,,,,,
SV025,L,412,2,3,1,1,3,Response,,,,,,,,0.4,0.4,55.0,55.0,12.0
SV025,L,413,3,3,0,1,3,Response,,,,,,,,,,,,
SV025,L,414,3,2,0,1,2,Response,,,,,,,,,,,,
SV025,L,415,3,0,0,0,0,Response,,,,,,,,,,,,
SV025,L,416,2,0,0,1,0,Response,,,,,,,,,,,,
SV025,L,417,3,3,0,0,3,Response,,,,,,,,1.0,1.0,316.0,316.0,124.0
SV025,L,418,2,0,1,1,0,Response,,,,,,,,,,,,
SV025,L,419,2,2,0,0,2,Response,,,,,,,,,,,,
SV025,L,420,2,3,1,1,3,Response,1949.2,1963.0,763.9,908.8,489.5,513.0,164.0,2.9,3.8,501.6666666666667,850.0,428.0
SV025,L,421,3,2,1,0,2,Response,,,,,,,,,,,,
SV025,L,422,2,2,0,0,2,Response,2002.0,2002.0,691.6,691.6,456.0,456.0,596.0,2.7,2.7,145.0,157.0,26.0
SV025,L,423,2,0,1,1,0,Response,,,,,,,,,,,,
SV025,L,424,2,2,1,0,2,Response,,,,,,,,,,,,
SV025,L,425,2,2,0,1,2,Response,,,,,,,,,,,,
SV025,L,426,2,0,1,1,0,Response,,,,,,,,,,,,
SV025,L,427,3,2,1,1,2,Response,,,,,,,,,,,,
SV025,L,428,3,0,0,1,0,Response,,,,,,,,,,,,
SV025,L,429,2,2,1,1,2,Response,,,,,,,,,,,,
SV025,L,430,3,0,0,0,0,Response,1930.25,2004.4,921.0,1065.1,607.5,619.0,200.0,1.5,1.8,96.66666666666667,125.0,21.333333333333332
SV025,L,431,2,0,1,0,0,Response,,,,,,,,2.6,2.6,151.0,151.0,24.0
SV025,L,432,3,0,0,1,0,Response,,,,,,,,1.6,1.6,113.0,113.0,20.0
SV025,L,433,3,3,1,0,3,Response,2630.2,2630.2,2867.9,2867.9,246.0,246.0,24.0,13.85,21.0,536.5,598.0,542.0
SV025,L,434,3,0,1,0,0,Response,1888.3,1888.3,655.3,655.3,523.0,523.0,216.0,1.7,3.0,86.0,117.0,22.0
SV025,L,435,3,0,0,1,0,Response,,,,,,,,,,,,
SV025,L,436,3,3,0,0,3,Response,,,,,,,,0.6,0.6,421.0,421.0,148.0
SV025,L,437,3,3,0,1,3,Response,1935.6599999999999,2025.0,814.3,1038.1,398.2,452.0,352.8,1.1166666666666667,1.9,106.33333333333333,204.0,26.666666666666668
SV025,L,438,2,0,0,0,0,Response,,,,,,,,1.5,1.5,85.0,85.0,24.0
SV025,L,439,2,0,1,0,0,Response,,,,,,,,,,,,
SV025,L,440,2,3,1,1,3,Response,2002.8,2002.8,1004.8,1004.8,442.0,442.0,220.0,0.6000000000000001,0.8,60.0,66.0,14.0
SV025,L,441,3,0,1,0,0,Response,1937.3,1937.3,1065.7,1065.7,405.0,405.0,248.0,1.2999999999999998,1.4,89.0,95.0,20.0
SV025,L,442,3,0,0,1,0,Response,,,,,,,,,,,,
SV025,L,443,3,2,0,0,2,Response,,,,,,,,,,,,
SV025,L,444,2,2,0,0,2,Response,,,,,,,,,,,,
SV025,L,445,2,0,1,0,0,Response,2042.0,2042.0,1017.8,1017.8,384.0,384.0,584.0,0.75,0.8,217.5,363.0,68.0
SV025,L,446,2,0,1,0,0,Response,,,,,,,,,,,,
SV025,L,447,3,2,1,1,2,Response,,,,,,,,,,,,
SV025,L,448,3,2,1,1,2,Response,,,,,,,,,,,,
SV025,L,449,3,3,1,0,3,Response,1857.7,1857.7,1025.9,1025.9,451.0,451.0,656.0,0.8,1.1,263.0,429.0,94.0
SV025,L,450,3,0,1,0,0,Response,,,,,,,,,,,,
SV025,L,451,2,2,1,0,2,Response,,,,,,,,1.0,1.0,89.0,89.0,16.0
SV025,L,452,3,0,0,1,0,Response,,,,,,,,,,,,
SV025,L,453,2,2,0,1,2,Response,,,,,,,,,,,,
SV025,L,454,2,3,1,0,3,Response,,,,,,,,,,,,
SV025,L,455,3,2,0,1,2,Response,,,,,,,,,,,,
SV025,L,456,2,3,1,1,3,Response,,,,,,,,0.4,0.4,54.0,54.0,12.0
SV025,L,457,2,0,0,0,0,Response,,,,,,,,1.0,1.0,88.0,88.0,16.0
SV025,L,458,3,3,1,1,3,Response,,,,,,,,,,,,
SV025,L,459,3,0,0,0,0,Response,,,,,,,,,,,,
SV025,L,460,3,2,0,1,2,Response,,,,,,,,,,,,
SV025,L,461,2,0,0,1,0,Response,,,,,,,,,,,,
SV025,L,462,2,2,1,1,2,Response,1900.1,1900.1,1324.3,1324.3,334.0,334.0,24.0,2.65,2.9,145.0,167.0,24.0
SV025,L,463,3,3,0,1,3,Response,,,,,,,,1.3,1.3,420.0,420.0,168.0
SV025,L,464,2,0,1,0,0,Response,,,,,,,,,,,,
SV025,L,465,3,0,1,1,0,Response,,,,,,,,,,,,
SV025,L,466,2,0,1,1,0,Response,,,,,,,,,,,,
SV025,L,467,2,3,0,1,3,Response,,,,,,,,,,,,
SV025,L,468,2,3,0,0,3,Response,,,,,,,,,,,,
SV025,L,469,2,2,0,1,2,Response,1791.4,1791.4,1023.5,1023.5,270.0,270.0,732.0,0.5,0.5,67.0,67.0,12.0
SV025,L,470,2,2,1,0,2,Response,,,,,,,,,,,,
SV025,L,471,3,0,0,1,0,Response,,,,,,,,,,,,
SV025,L,472,3,2,0,0,2,Response,1936.0,1936.0,1079.1,1079.1,253.0,253.0,140.0,0.6,0.7,63.5,66.0,14.0
SV025,L,473,3,0,1,1,0,Response,1949.4,1949.4,959.5,959.5,346.0,346.0,524.0,1.15,1.5,90.5,108.0,18.0
SV025,L,474,3,3,0,0,3,Response,,,,,,,,,,,,
SV025,L,475,3,3,0,0,3,Response,,,,,,,,,,,,
SV025,L,476,2,3,1,1,3,Response,,,,,,,,,,,,
SV025,L,477,2,2,1,1,2,Response,,,,,,,,,,,,
SV025,L,478,2,2,1,1,2,Response,,,,,,,,,,,,
SV025,L,479,2,2,0,1,2,Response,,,,,,,,,,,,
SV025,L,480,3,3,1,1,3,Response,,,,,,,,,,,,
SV025,R,1,2,3,0,0,2,Response,1439.3600000000001,1894.1,1186.82,1334.5,482.0,582.0,452.8,2.91875,6.0,148.9375,230.0,25.75
SV025,R,2,2,2,0,1,2,Response,2524.872727272727,2752.3,1273.6000000000001,1670.6,460.72727272727275,509.0,408.3636363636364,3.216666666666667,6.2,135.83333333333334,181.0,31.333333333333332
SV025,R,3,3,2,0,0,2,Response,1324.46,1948.0,1106.53,1434.6,454.5,525.0,240.8,3.5090909090909093,6.7,155.27272727272728,245.0,29.818181818181817
SV025,R,4,2,0,1,1,3,Response,2590.342105263158,2957.7,1294.1894736842105,1534.7,412.89473684210526,542.0,357.89473684210526,1.535,5.8,115.85,442.0,58.2
SV025,R,5,2,2,1,1,2,Response,2713.0,2914.6,1281.3899999999999,1336.3,429.5,529.0,302.0,1.309090909090909,2.4,96.27272727272727,147.0,17.818181818181817
SV025,R,6,2,0,0,1,3,Response,2643.5285714285715,2730.5,1235.05,1674.3,406.14285714285717,462.0,309.7142857142857,2.2066666666666666,6.4,117.26666666666667,216.0,23.733333333333334
SV025,R,7,3,3,0,1,3,Response,2686.73125,2882.3,1574.375,2697.0,469.5,524.0,446.25,3.282352941176471,18.2,147.88235294117646,386.0,31.764705882352942
SV025,R,8,2,3,0,1,3,Response,2532.0,2723.2,1395.4,1722.3,438.2,525.0,404.0,2.9818181818181815,8.0,127.27272727272727,217.0,28.727272727272727
SV025,R,9,3,2,1,0,2,Response,1072.5333333333333,1219.3,1160.2833333333333,1200.8,456.8333333333333,557.0,318.6666666666667,2.042857142857143,3.0,138.85714285714286,182.0,21.142857142857142
SV025,R,10,2,0,0,0,2,Response,1228.3153846153846,1944.4,1108.4692307692308,1393.0,450.2307692307692,564.0,369.84615384615387,2.8846153846153846,6.5,140.84615384615384,239.0,26.76923076923077
SV025,R,11,3,0,1,1,2,Response,2494.214285714286,2755.6,1266.457142857143,1361.7,474.0,516.0,485.7142857142857,2.65,5.6,128.5,259.0,30.5
SV025,R,12,2,0,1,1,3,Response,2570.1583333333333,2705.9,1346.3833333333334,1773.9,446.0,579.0,288.6666666666667,1.6076923076923078,4.9,217.76923076923077,1144.0,35.38461538461539
SV025,R,13,3,0,0,0,3,Response,1116.2277777777776,1195.2,1272.65,1597.0,471.22222222222223,580.0,371.77777777777777,1.3578947368421053,2.4,100.52631578947368,137.0,18.526315789473685
SV025,R,14,3,0,0,0,3,Response,1116.8799999999999,1147.2,1203.8,1289.8,501.4,565.0,664.0,0.9,1.5,78.33333333333333,106.0,16.0
SV025,R,15,3,3,1,0,3,Response,1418.4966666666667,2784.2,785.2366666666666,1263.7,323.6666666666667,515.0,268.1333333333333,2.9033333333333333,16.6,136.13333333333333,284.0,26.8
SV025,R,16,3,0,1,1,3,Response,2567.8,2736.8,1295.6444444444444,1351.3,425.55555555555554,493.0,541.7777777777778,0.9,2.8,78.1,164.0,15.2
SV025,R,17,3,2,0,0,2,Response,1141.1166666666666,1202.2,1187.8166666666666,1358.0,433.1666666666667,559.0,284.6666666666667,1.7428571428571427,2.6,123.57142857142857,164.0,20.571428571428573
SV025,R,18,2,3,0,1,3,Response,2676.6666666666665,2715.3,1394.45,1528.0,425.1666666666667,490.0,504.0,1.342857142857143,1.9,98.42857142857143,134.0,18.857142857142858
SV025,R,19,2,3,1,0,3,Response,1125.4333333333334,1261.2,1208.3666666666666,1243.1,462.8333333333333,509.0,516.0,0.8857142857142858,1.6,82.28571428571429,122.0,15.428571428571429
SV025,R,20,3,3,0,0,3,Response,1276.575,1922.9,1079.675,1333.6,482.625,538.0,238.5,2.2222222222222223,6.0,127.77777777777777,202.0,22.666666666666668
SV025,R,21,2,3,0,1,3,Response,2434.0,2734.3,1129.7199999999998,1229.3,419.2,516.0,332.0,3.033333333333333,6.1,112.66666666666667,178.0,32.0
SV025,R,22,2,0,1,1,3,Response,2594.233333333333,2647.6,1307.6333333333334,1325.3,469.0,525.0,873.3333333333334,0.8666666666666667,1.3,75.0,93.0,16.0
SV025,R,23,3,0,0,0,3,Response,1104.375,1155.0,1127.925,1261.8,482.5,545.0,646.0,1.1199999999999999,1.6,90.4,117.0,17.6
SV025,R,24,3,3,1,1,3,Response,2726.0285714285715,2820.6,1442.042857142857,2046.8,375.85714285714283,528.0,374.85714285714283,2.55,7.8,165.25,425.0,44.5
SV025,R,25,2,2,0,0,2,Response,1131.423076923077,1199.3,1228.6538461538462,1499.8,479.0769230769231,554.0,486.46153846153845,1.8499999999999999,3.9,119.78571428571429,197.0,23.428571428571427
SV025,R,26,3,2,1,1,2,Response,2567.5,2806.8,1286.78,1365.0,491.6,550.0,410.4,1.0999999999999999,2.3,85.33333333333333,133.0,17.333333333333332
SV025,R,27,2,0,1,0,2,Response,1074.5333333333333,1232.5,1182.05,1221.6,471.3333333333333,582.0,303.3333333333333,1.1714285714285713,2.1,96.14285714285714,156.0,16.571428571428573
SV025,R,28,2,3,0,0,3,Response,1151.3600000000001,1213.5,1131.94,1314.8,494.5,590.0,568.0,1.6090909090909091,3.2,111.36363636363636,196.0,19.636363636363637
SV025,R,29,3,2,0,0,2,Response,1238.6571428571428,1820.0,1129.9142857142856,1300.9,484.42857142857144,572.0,433.14285714285717,2.05,5.5,121.875,215.0,22.0
SV025,R,30,3,2,0,0,2,Response,1335.8,1884.2,1067.475,1106.3,537.0,602.0,731.0,1.6600000000000001,4.7,95.4,132.0,21.6
SV025,R,31,3,0,0,1,3,Response,2706.9714285714285,2739.8,1164.5,1452.4,420.0,539.0,449.14285714285717,3.0749999999999997,5.3,149.25,215.0,27.0
SV025,R,32,2,0,0,0,3,Response,1157.1857142857143,1407.8,1206.814285714286,1501.3,511.0,596.0,581.1428571428571,1.55,2.8,133.875,370.0,163.5
SV025,R,33,3,2,1,1,2,Response,2665.9333333333334,2814.8,1320.7,1382.0,462.8333333333333,574.0,559.3333333333334,1.5857142857142856,2.3,107.42857142857143,136.0,20.571428571428573
SV025,R,34,3,2,1,0,2,Response,1073.675,1173.0,1214.925,1234.8,523.5,606.0,467.0,1.6199999999999999,2.5,119.0,170.0,20.0
SV025,R,35,2,3,0,1,3,Response,2713.927272727273,2737.5,1160.8545454545454,1423.2,435.3636363636364,544.0,407.27272727272725,2.5083333333333333,5.5,128.41666666666666,263.0,25.333333333333332
SV025,R,36,3,0,1,0,3,Response,1169.15,1280.0,1202.9,1223.8,494.75,594.0,600.0,1.04,1.6,89.4,121.0,16.8
SV025,R,37,2,0,1,1,2,Response,2279.95,2531.7,1220.05,1292.5,557.0,557.0,436.0,1.7666666666666666,3.4,110.0,160.0,20.0
SV025,R,38,3,3,0,0,3,Response,1271.5,1755.8,1062.375,1363.3,502.0,616.0,433.5,1.6888888888888889,4.8,100.77777777777777,206.0,21.77777777777778
SV025,R,39,2,0,1,1,2,Response,2449.32,2826.3,1257.72,1366.0,457.2,499.0,252.8,1.4500000000000002,3.2,96.83333333333333,131.0,19.333333333333332
SV025,R,40,2,2,0,0,2,Response,1169.2714285714287,1224.9,1271.4857142857143,1520.6,525.0,594.0,599.4285714285714,1.7875,4.0,121.75,222.0,19.5
SV025,R,41,3,2,1,1,2,Response,2609.9125,2797.4,1395.2375,1865.5,390.125,533.0,225.5,2.522222222222222,7.0,152.33333333333334,380.0,21.77777777777778
SV025,R,42,2,3,1,1,2,Response,2723.75,2837.3,1312.9499999999998,1380.1,477.25,550.0,661.0,0.8400000000000001,1.3,76.6,93.0,15.2
SV025,R,43,2,2,0,1,2,Response,2520.9875,2745.6,1261.925,1479.7,448.125,576.0,368.0,2.533333333333333,5.3,125.22222222222223,183.0,26.666666666666668
SV025,R,44,2,0,0,0,3,Response,1144.8,1210.7,1104.7142857142858,1294.1,546.7142857142857,656.0,656.0,1.2625,2.1,93.5,121.0,18.0
SV025,R,45,2,0,1,1,3,Response,2741.866666666667,2836.2,1344.3,1396.6,453.5,561.0,594.0,1.1142857142857143,2.3,86.85714285714286,142.0,17.714285714285715
SV025,R,46,3,0,1,0,3,Response,949.5,1014.8,1220.95,1221.0,517.0,591.0,1024.0,0.7333333333333334,1.1,77.33333333333333,102.0,13.333333333333334
SV025,R,47,3,0,1,1,3,Response,2603.7,2838.6,1267.3666666666666,1331.7,464.8333333333333,541.0,353.3333333333333,1.9857142857142855,5.5,94.28571428571429,189.0,23.428571428571427
SV025,R,48,3,2,0,0,3,Response,1142.8714285714284,1209.2,1164.2,1290.0,483.7142857142857,614.0,626.2857142857143,1.0375,2.1,85.625,125.0,16.5
SV025,R,49,3,0,1,1,2,Response,2718.5125,2855.3,1392.9,2032.2,352.0,540.0,270.0,2.7666666666666666,8.4,136.33333333333334,351.0,24.444444444444443
SV025,R,50,2,3,0,0,2,Response,1149.4599999999998,1179.6,1140.3799999999999,1337.4,412.4,462.0,467.2,2.3333333333333335,3.5,139.83333333333334,199.0,24.0
SV025,R,51,2,0,0,1,2,Response,2661.8533333333335,2753.4,1212.2466666666667,1473.6,406.46666666666664,492.0,394.6666666666667,1.95,5.4,181.6875,1325.0,29.25
SV025,R,52,2,2,1,1,2,Response,2785.46,2987.5,1385.3733333333332,1997.5,431.46666666666664,560.0,342.1333333333333,1.70625,7.5,247.75,662.0,56.75
SV025,R,53,2,2,0,0,2,Response,1220.5444444444445,1903.9,1186.4222222222222,1324.2,484.3333333333333,598.0,384.44444444444446,2.15,6.0,117.4,229.0,23.2
SV025,R,54,2,0,0,1,2,Response,2712.9454545454546,2861.9,1227.3090909090909,2032.7,408.45454545454544,535.0,388.72727272727275,3.2416666666666667,11.0,151.91666666666666,383.0,26.666666666666668
SV025,R,55,3,0,0,1,2,Response,2584.6615384615384,2999.9,1455.646153846154,3270.0,450.84615384615387,596.0,322.7692307692308,5.214285714285714,19.6,160.07142857142858,404.0,108.0
SV025,R,56,3,3,0,0,3,Response,1157.8285714285714,1210.2,1166.4714285714285,1357.1,500.2857142857143,562.0,629.1428571428571,1.675,3.2,109.625,170.0,20.0
SV025,R,57,2,0,0,0,2,Response,1191.875,1234.3,1102.0,1231.9,517.25,600.0,390.0,1.64,2.7,112.6,159.0,19.2
SV025,R,58,3,3,1,0,3,Response,1144.4444444444443,1476.7,1199.822222222222,1242.2,475.55555555555554,600.0,487.1111111111111,1.16,2.1,98.4,148.0,16.4
SV025,R,59,2,0,1,0,3,Response,1085.3999999999999,1494.3,1179.6727272727273,1202.6,427.6363636363636,512.0,450.90909090909093,1.2333333333333334,2.5,100.58333333333333,190.0,17.333333333333332
SV025,R,60,2,2,0,1,2,Response,2725.4249999999997,2758.0,1306.3166666666666,1799.0,444.4166666666667,515.0,368.0,2.5076923076923077,8.0,140.84615384615384,331.0,23.076923076923077
SV025,R,61,3,0,0,0,3,Response,1155.2,1190.0,1246.609090909091,1560.6,489.72727272727275,546.0,524.3636363636364,1.9083333333333332,3.5,122.0,171.0,21.333333333333332
SV025,R,62,2,3,1,1,2,Response,2783.8,2931.2,1303.96,1339.8,413.8,443.0,638.4,0.9666666666666667,1.5,82.5,109.0,16.0
SV025,R,63,3,3,0,0,3,Response,1165.5714285714287,1266.2,1106.8428571428572,1366.5,515.5714285714286,579.0,429.7142857142857,1.4749999999999999,2.4,99.5,145.0,20.5
SV025,R,64,2,3,0,0,3,Response,1180.73,1273.4,1212.08,1468.1,464.4,596.0,345.6,1.7090909090909092,3.2,106.0,158.0,21.454545454545453
SV025,R,65,2,0,0,1,2,Response,2624.125,2773.7,1174.4625,1445.1,387.75,486.0,334.5,2.2777777777777777,5.8,117.77777777777777,188.0,23.555555555555557
SV025,R,66,3,3,0,1,3,Response,2737.1363636363635,2764.5,1452.9727272727273,1832.2,409.6363636363636,537.0,502.54545454545456,2.8249999999999997,6.8,144.16666666666666,254.0,25.666666666666668
SV025,R,67,3,3,1,0,3,Response,1209.175,1301.5,1164.575,1180.3,509.25,596.0,730.0,1.04,1.4,83.6,106.0,17.6
SV025,R,68,2,2,1,0,2,Response,1155.6222222222223,1465.5,1180.4555555555555,1217.8,470.55555555555554,570.0,351.55555555555554,1.59,4.0,103.3,208.0,19.6
SV025,R,69,3,3,0,0,3,Response,1192.5526315789473,1665.8,1152.0684210526315,1478.7,464.36842105263156,565.0,380.8421052631579,1.3,3.0,163.4,1519.0,22.2
SV025,R,70,2,2,0,0,2,Response,1199.2428571428572,1296.9,1084.9142857142856,1253.8,506.2857142857143,560.0,380.57142857142856,2.525,3.6,135.5,184.0,26.0
SV025,R,71,3,0,1,1,2,Response,2703.35,2854.1,1268.9,1312.1,461.25,557.0,584.0,1.04,1.9,82.6,108.0,16.8
SV025,R,72,3,2,0,1,2,Response,2603.657142857143,2769.7,1139.2857142857142,1264.7,439.14285714285717,522.0,400.0,2.3,5.5,110.75,150.0,25.0
SV025,R,73,3,2,0,1,2,Response,2748.575,2762.7,1218.525,1325.4,469.25,523.0,555.0,1.64,3.8,97.8,139.0,20.8
SV025,R,74,3,3,0,1,2,Response,2367.65,2762.5,1209.475,1565.5,484.875,579.0,375.5,2.1666666666666665,7.5,110.0,203.0,23.555555555555557
SV025,R,75,3,2,0,0,2,Response,1170.6,1191.7,1279.775,1434.1,502.0,585.0,471.0,2.08,2.6,119.6,159.0,24.8
SV025,R,76,2,2,1,0,2,Response,1346.825,1562.7,1156.425,1176.0,537.25,617.0,338.0,1.3800000000000001,2.0,101.8,144.0,18.4
SV025,R,77,3,3,1,1,2,Response,2473.05,2570.3,1229.65,1239.5,476.5,530.0,196.0,1.7,2.9,111.66666666666667,179.0,21.333333333333332
SV025,R,78,3,2,0,0,2,Response,1186.3357142857144,1248.3,1134.5857142857144,1406.8,489.57142857142856,560.0,346.57142857142856,1.32,2.7,95.06666666666666,140.0,18.4
SV025,R,79,3,2,1,1,2,Response,2379.0,2601.9,1187.4333333333334,1240.2,507.6666666666667,568.0,488.0,1.225,2.4,93.75,143.0,17.0
SV025,R,80,2,2,1,0,2,Response,1283.45,1877.9,1161.5666666666666,1220.1,511.6666666666667,582.0,343.3333333333333,2.757142857142857,4.5,135.71428571428572,183.0,27.428571428571427
SV025,R,81,2,3,1,1,2,Response,2593.7,2662.2,1218.55,1231.1,415.5,444.0,658.0,2.3000000000000003,5.5,94.33333333333333,142.0,25.333333333333332
SV025,R,82,3,0,0,0,2,Response,1135.5666666666666,1144.2,1170.3333333333333,1247.9,496.3333333333333,560.0,760.0,2.05,5.6,95.0,147.0,24.0
SV025,R,83,3,0,1,0,2,Response,1171.1000000000001,1278.6,1208.7666666666667,1215.3,472.0,581.0,626.6666666666666,0.9,1.0,82.75,90.0,16.0
SV025,R,84,3,2,1,0,2,Response,1227.54,1745.4,1158.8799999999999,1183.3,477.8,591.0,317.6,2.983333333333333,6.0,133.0,197.0,28.666666666666668
SV025,R,85,2,0,1,0,2,Response,1031.0,1031.0,1125.8,1125.8,403.0,403.0,1048.0,4.3999999999999995,7.6,168.0,221.0,34.0
SV025,R,86,2,3,1,0,2,Response,1269.7666666666667,1794.3,1161.0,1198.1,458.0,552.0,520.0,2.0999999999999996,5.1,115.75,185.0,22.0
SV025,R,87,3,0,0,1,3,Response,2710.8444444444444,2760.5,1212.3000000000002,1493.1,327.44444444444446,382.0,441.3333333333333,2.31,5.0,121.7,177.0,24.8
SV025,R,88,3,2,0,1,2,Response,2721.1,2761.6,1205.3999999999999,1373.3,385.3333333333333,470.0,209.33333333333334,2.875,5.5,141.25,187.0,27.0
SV025,R,89,3,2,1,0,2,Response,1209.1333333333334,1307.5,1189.5833333333333,1211.4,473.1666666666667,538.0,630.0,0.9571428571428571,1.4,84.85714285714286,104.0,16.0
SV025,R,90,3,3,1,0,2,Response,1299.6,1299.6,1117.8,1117.8,513.0,513.0,1352.0,0.75,0.9,75.5,77.0,14.0
SV025,R,91,2,3,1,1,2,Response,2774.2599999999998,2879.8,1269.74,1306.6,437.8,523.0,447.2,0.8,1.4,203.6,601.0,46.4
SV025,R,92,2,3,1,1,2,Response,2515.225,2803.2,1229.65,1328.2,444.75,512.0,204.0,1.92,5.0,98.0,160.0,24.0
SV025,R,93,2,2,0,0,2,Response,1243.0363636363636,1861.7,1105.8545454545454,1407.2,496.72727272727275,579.0,281.09090909090907,2.1545454545454543,4.9,113.0909090909091,194.0,22.545454545454547
SV025,R,94,2,3,0,1,2,Response,2737.433333333333,2771.0,1222.3666666666666,1392.2,437.3333333333333,508.0,584.0,1.6333333333333335,3.0,99.66666666666667,139.0,20.0
SV025,R,95,2,2,1,1,2,Response,2535.125,2711.6,1259.1,1314.3,387.625,402.0,295.5,1.9888888888888887,6.3,306.55555555555554,1203.0,65.33333333333333
SV025,R,96,2,3,1,1,2,Response,2630.733333333333,2853.6,1322.2666666666667,1731.5,399.1666666666667,481.0,306.0,2.066666666666667,4.7,130.0,255.0,24.0
SV025,R,97,3,3,1,1,2,Response,2586.7666666666664,2655.1,1216.0,1238.5,450.3333333333333,496.0,520.0,0.625,0.9,70.25,77.0,13.0
SV025,R,98,3,3,1,1,3,Response,2629.0333333333333,2683.0,1236.1666666666667,1261.0,435.3333333333333,500.0,510.6666666666667,0.9750000000000001,1.6,84.25,114.0,16.0
SV025,R,99,3,2,0,1,2,Response,2752.75,2754.7,1327.85,1404.1,466.5,502.0,642.0,1.0666666666666667,1.3,82.0,92.0,17.333333333333332
SV025,R,100,3,3,0,0,3,Response,1185.6888888888889,1221.0,1202.7555555555555,1373.4,483.1111111111111,548.0,444.0,2.04,2.9,131.7,175.0,22.0
SV025,R,101,3,0,0,0,3,Response,1496.1,1825.7,1035.65,1059.3,502.5,583.0,1036.0,1.8333333333333333,4.2,99.0,161.0,21.333333333333332
SV025,R,102,2,2,1,0,2,Response,1210.1000000000001,1321.5,1168.1333333333332,1182.0,475.0,571.0,541.3333333333334,1.225,1.9,95.25,138.0,18.0
SV025,R,103,2,2,1,0,2,Response,1239.95,1309.3,1151.7,1202.9,425.75,558.0,390.0,1.52,3.6,103.0,194.0,19.2
SV025,R,104,2,2,0,0,2,Response,1366.52,1911.3,1080.94,1210.3,459.0,534.0,408.0,1.8666666666666665,4.6,99.66666666666667,149.0,22.666666666666668
SV025,R,105,3,0,0,1,2,Response,2511.766666666667,2771.1,1195.4666666666665,1346.6,418.6666666666667,536.0,790.6666666666666,3.65,7.2,127.75,181.0,35.0
SV025,R,106,2,3,1,1,2,Response,2589.95,2722.0,1246.175,1288.7,453.25,526.0,581.0,0.74,1.1,72.8,93.0,14.4
SV025,R,107,3,3,1,1,3,Response,2631.292307692308,2847.5,1336.4615384615386,1593.3,395.2307692307692,444.0,436.61538461538464,1.6357142857142857,4.8,193.85714285714286,652.0,48.0
SV025,R,108,3,3,1,0,3,Response,1257.8999999999999,1921.3,1184.3714285714286,1229.6,443.57142857142856,547.0,446.2857142857143,2.2375,3.5,128.25,200.0,24.0
SV025,R,109,3,2,1,0,2,Response,1269.8333333333333,1472.0,1167.95,1212.2,446.1666666666667,550.0,360.6666666666667,1.8571428571428572,3.7,117.28571428571429,160.0,22.285714285714285
SV025,R,110,2,3,0,1,2,Response,2732.2333333333336,2758.1,1183.3666666666666,1218.6,410.6666666666667,497.0,721.3333333333334,1.15,2.2,86.5,139.0,18.0
SV025,R,111,2,0,0,0,3,Response,1218.98,1400.5,1051.5,1125.6,476.0,563.0,504.0,1.0999999999999999,2.5,82.33333333333333,135.0,18.0
SV025,R,112,2,2,0,0,2,Response,1189.525,1223.1,1205.375,1288.6,498.75,541.0,516.0,2.06,3.7,134.8,196.0,20.8
SV025,R,113,3,3,1,1,2,Response,2811.5,2835.9,1311.25,1312.6,377.0,414.0,774.0,0.5,0.5,61.0,65.0,12.0
SV025,R,114,3,3,1,0,2,Response,969.0333333333334,1059.9,1174.2666666666667,1195.0,453.3333333333333,488.0,562.6666666666666,0.975,1.4,80.25,98.0,17.0
SV025,R,115,2,3,0,0,2,Response,1122.0,1207.4,1425.7222222222222,2439.9,473.1111111111111,571.0,652.0,3.28,13.0,191.3,533.0,34.0
SV025,R,116,3,2,0,1,2,Response,2677.2571428571428,2783.8,1236.457142857143,1518.0,424.2857142857143,552.0,293.7142857142857,2.125,3.8,124.0,170.0,23.5
SV025,R,117,3,2,1,1,2,Response,2774.56,2823.1,1323.72,1380.1,384.8,444.0,378.4,1.1833333333333333,2.0,248.66666666666666,657.0,60.0
SV025,R,118,3,2,1,0,2,Response,1021.5,1042.6,1331.4333333333334,1567.1,387.0,515.0,585.3333333333334,3.5,8.0,155.5,233.0,42.0
SV025,R,119,3,2,1,1,2,Response,2831.925,2906.4,1430.6,1856.1,330.75,450.0,495.0,2.94,6.1,168.8,305.0,23.2
SV025,R,120,2,2,1,0,2,Response,1113.66,1199.5,1232.94,1244.4,487.2,562.0,366.4,0.8833333333333333,1.3,188.0,431.0,55.333333333333336
SV025,R,121,2,0,1,0,2,Response,1047.1833333333334,1143.8,1228.2833333333333,1254.0,469.6666666666667,563.0,437.3333333333333,1.1285714285714286,3.3,81.57142857142857,135.0,17.714285714285715
SV025,R,122,2,3,0,1,2,Response,2723.85,2779.7,1304.26,1804.4,409.9,508.0,370.4,2.381818181818182,5.0,218.72727272727272,1148.0,41.45454545454545
SV025,R,123,2,2,0,1,2,Response,2738.975,2748.6,1242.875,1410.9,416.75,490.0,329.0,1.7400000000000002,3.0,107.4,149.0,22.4
SV025,R,124,2,2,0,1,2,Response,2668.12,2865.6,1388.25,2095.5,382.9,492.0,321.2,4.5,8.8,206.54545454545453,393.0,44.72727272727273
SV025,R,125,3,2,0,0,2,Response,1183.1399999999999,1220.3,1104.3799999999999,1268.4,452.0,590.0,363.2,1.9000000000000001,3.2,123.66666666666667,188.0,20.666666666666668
SV025,R,126,3,2,0,1,2,Response,2747.75,2771.7,1187.4,1329.3,413.25,531.0,479.0,1.8399999999999999,2.9,108.8,144.0,22.4
SV025,R,127,2,3,1,0,3,Response,1046.8999999999999,1211.0,1186.4333333333334,1196.9,430.3333333333333,455.0,534.6666666666666,1.025,1.2,93.75,116.0,16.0
SV025,R,128,3,3,0,1,3,Response,2761.4285714285716,2816.2,1247.7,1529.7,401.85714285714283,502.0,344.0,1.3625,4.2,94.875,225.0,17.5
SV025,R,129,3,2,1,1,2,Response,2628.54,2842.6,1282.26,1367.4,448.4,571.0,338.4,0.9833333333333334,2.4,75.0,134.0,16.666666666666668
SV025,R,130,2,3,1,1,3,Response,2695.4428571428575,2877.1,1256.3,1311.9,401.0,534.0,386.2857142857143,1.3625,3.2,161.125,592.0,34.0
SV025,R,131,2,2,0,1,2,Response,2700.9625,2743.8,1271.1625,1471.8,430.875,517.0,427.0,1.7111111111111112,3.1,108.55555555555556,156.0,21.333333333333332
SV025,R,132,2,2,1,0,2,Response,1102.42,1285.7,1213.2,1247.9,432.2,553.0,352.8,1.6199999999999999,2.5,112.4,150.0,20.0
SV025,R,133,2,0,1,0,2,Response,1084.7,1231.7,1178.5666666666666,1210.7,493.3333333333333,536.0,332.0,1.775,4.3,93.25,119.0,23.0
SV025,R,134,3,3,1,0,3,Response,1066.3,1066.3,1193.8,1193.8,442.0,442.0,252.0,0.75,0.9,77.0,79.0,14.0
SV025,R,135,3,2,1,0,2,Response,1294.95,1648.1,1173.55,1211.9,469.75,544.0,409.0,1.3,1.7,98.4,117.0,19.2
SV025,R,136,3,0,1,0,3,Response,1187.175,1376.1,1181.6,1211.4,466.5,535.0,594.0,1.36,2.2,103.4,164.0,18.4
SV025,R,137,2,3,1,0,3,Response,1077.3833333333334,1288.4,1211.7833333333333,1243.3,455.3333333333333,487.0,406.0,1.3571428571428572,1.9,105.42857142857143,143.0,18.285714285714285
SV025,R,138,2,2,1,1,2,Response,2639.5375,2823.8,1288.7875,1611.3,365.0,508.0,313.5,1.525,3.8,277.75,1460.0,34.0
SV025,R,139,2,2,1,0,2,Response,1099.5,1294.3,1159.6333333333334,1169.1,387.3333333333333,411.0,305.3333333333333,1.875,4.9,171.25,286.0,41.0
SV025,R,140,2,0,0,1,3,Response,2670.1833333333334,2765.5,1232.5,1508.1,422.3333333333333,523.0,389.3333333333333,1.5857142857142856,2.7,106.85714285714286,161.0,19.428571428571427
SV025,R,141,3,0,1,1,2,Response,2589.081818181818,2874.1,1266.4545454545455,1344.0,437.1818181818182,583.0,438.1818181818182,1.6666666666666667,3.1,178.25,435.0,55.0
SV025,R,142,3,0,0,1,3,Response,2744.8,2879.1,1372.775,1878.0,378.375,533.0,287.5,2.9222222222222225,7.9,161.77777777777777,350.0,38.666666666666664
SV025,R,143,3,3,1,0,3,Response,1220.6333333333332,1291.2,1187.6000000000001,1200.3,524.6666666666666,579.0,398.6666666666667,1.0,1.2,82.25,92.0,17.0
SV025,R,144,2,3,0,0,2,Response,1197.4499999999998,1210.8,1150.2,1306.7,394.0,419.0,298.0,2.3333333333333335,2.8,144.33333333333334,174.0,22.666666666666668
SV025,R,145,3,3,0,1,2,Response,2691.4615384615386,2780.9,1425.2384615384615,2038.9,405.9230769230769,539.0,415.6923076923077,2.585714285714286,6.4,132.21428571428572,294.0,25.714285714285715
SV025,R,146,2,2,0,1,2,Response,2707.975,2768.2,1191.175,1365.1,443.0,522.0,472.0,1.325,2.4,91.75,138.0,18.0
SV025,R,147,2,3,1,1,2,Response,2603.644444444444,2847.5,1520.8,2059.6,428.22222222222223,541.0,336.8888888888889,2.566666666666667,6.0,126.88888888888889,182.0,26.666666666666668
SV025,R,148,3,0,1,1,2,Response,2640.9727272727273,2888.9,1678.7181818181818,2188.5,401.45454545454544,490.0,246.54545454545453,5.2250000000000005,8.8,178.0,294.0,37.333333333333336
SV025,R,149,2,2,1,1,2,Response,2750.475,2863.2,1760.45,2198.5,411.375,527.0,343.0,7.144444444444444,8.9,217.0,295.0,44.888888888888886
SV025,R,150,3,3,0,1,3,Response,3057.0499999999997,3270.0,1317.1642857142856,1572.8,382.2857142857143,433.0,299.14285714285717,2.52,7.1,358.6666666666667,1201.0,62.13333333333333
SV025,R,151,3,2,0,0,2,Response,734.14,1171.1,1085.02,1297.8,515.4,575.0,266.4,2.8333333333333335,5.1,155.16666666666666,199.0,25.333333333333332
SV025,R,152,2,0,1,1,2,Response,2705.483333333333,2733.4,1782.0,2098.6,470.1666666666667,535.0,256.6666666666667,3.9285714285714284,6.7,149.42857142857142,222.0,32.0
SV025,R,153,3,2,1,0,2,Response,1207.1333333333334,1340.7,1463.5833333333333,1857.2,501.1666666666667,605.0,266.0,2.9857142857142853,6.0,144.0,223.0,26.857142857142858
SV025,R,154,2,0,1,1,2,Response,2739.6222222222223,2828.7,1713.9333333333334,2158.5,417.55555555555554,470.0,375.1111111111111,3.95,6.4,160.4,257.0,32.0
SV025,R,155,2,3,1,0,2,Response,1162.6799999999998,1233.3,1546.52,1901.1,436.0,570.0,336.8,2.9333333333333336,6.2,146.33333333333334,280.0,26.666666666666668
SV025,R,156,3,2,0,1,2,Response,2820.5,3270.0,1204.42,1320.9,401.0,474.0,472.8,4.466666666666667,9.8,209.0,467.0,43.333333333333336
SV025,R,157,3,2,1,0,2,Response,1108.8,1112.8,1595.05,1897.8,476.0,547.0,702.0,2.766666666666667,5.9,159.66666666666666,280.0,24.0
SV025,R,158,2,0,0,0,2,Response,911.7142857142857,1248.5,1248.1142857142856,1799.6,448.2857142857143,512.0,301.14285714285717,4.625,8.4,192.875,311.0,34.0
SV025,R,159,3,0,1,0,3,Response,1165.5666666666668,1264.7,1476.8,1822.8,440.0,565.0,473.3333333333333,2.4857142857142853,5.6,121.0,266.0,26.285714285714285
SV025,R,160,2,2,1,0,2,Response,897.875,1138.7,1558.525,2417.9,422.0,596.0,278.0,6.220000000000001,12.8,269.8,552.0,32.0
SV025,R,161,2,3,1,0,2,Response,1011.35,1073.0,1498.2,1846.8,513.25,568.0,393.0,3.075,7.1,152.5,245.0,27.0
SV025,R,162,2,3,0,1,3,Response,2388.805263157895,3270.0,604.3052631578947,1406.9,295.0,429.0,259.7894736842105,3.69,13.8,164.2,299.0,34.8
SV025,R,163,3,3,0,0,3,Response,741.55,1189.5,1232.1999999999998,1691.8,438.75,475.0,358.0,3.9,8.3,178.8,321.0,30.4
SV025,R,164,2,2,0,0,2,Response,1157.0666666666666,1921.5,1071.9166666666667,1270.7,412.5,514.0,344.6666666666667,2.814285714285714,5.8,138.57142857142858,218.0,25.714285714285715
SV025,R,165,3,3,0,1,3,Response,2781.8,2781.8,1256.9,1256.9,333.0,333.0,1724.0,5.25,6.6,206.5,257.0,106.0
SV025,R,166,2,3,0,0,2,Response,,,,,,,,5.2,5.2,170.0,170.0,44.0
SV025,R,167,3,2,0,1,2,Response,2994.2,3270.0,1238.64,1365.7,400.4,454.0,324.0,1.8833333333333335,3.2,128.66666666666666,184.0,24.0
SV025,R,168,3,3,1,1,2,Response,2724.5,2739.6,1686.85,2059.0,423.5,497.0,698.0,3.1,7.7,126.33333333333333,236.0,28.0
SV025,R,169,3,0,1,0,2,Response,1176.0,1256.0,1344.325,1628.9,468.5,541.0,382.0,1.56,2.3,108.0,141.0,20.0
SV025,R,170,2,0,1,0,2,Response,1088.8200000000002,1285.9,1413.8799999999999,1799.5,440.2,493.0,333.6,2.8333333333333335,5.7,161.0,252.0,24.0
SV025,R,171,3,3,0,0,3,Response,677.6333333333333,1108.8,1067.3333333333333,1073.0,519.3333333333334,530.0,297.3333333333333,2.35,3.2,147.5,220.0,24.0
SV025,R,172,2,2,1,1,2,Response,2782.383333333333,2842.5,1598.6833333333334,2138.5,401.5,472.0,577.3333333333334,2.9499999999999997,7.5,138.0,308.0,24.0
SV025,R,173,2,2,1,1,2,Response,2699.5,2745.6,2060.95,2121.3,464.5,470.0,206.0,6.6000000000000005,10.4,218.0,327.0,41.333333333333336
SV025,R,174,2,3,0,0,3,Response,897.9,1164.8,1041.6000000000001,1117.4,455.6666666666667,522.0,657.3333333333334,2.2,4.3,144.25,248.0,21.0
SV025,R,175,2,0,0,0,2,Response,1064.7250000000001,1190.4,1031.725,1089.8,400.5,504.0,549.0,1.56,3.1,115.0,193.0,18.4
SV025,R,176,3,2,0,1,2,Response,2772.5,3270.0,1153.45,1173.0,432.75,479.0,298.0,2.125,4.0,137.0,264.0,25.0
SV025,R,177,3,0,1,0,3,Response,1195.45,1344.7,1379.225,1814.3,460.5,512.0,497.5,2.1666666666666665,4.6,133.0,239.0,21.77777777777778
SV025,R,178,2,2,1,1,2,Response,2818.1,3029.6,1551.1399999999999,2084.7,411.2,488.0,469.6,2.7363636363636363,8.2,118.27272727272727,252.0,27.636363636363637
SV025,R,179,3,3,0,0,3,Response,457.29999999999995,691.3,1102.9,1160.3,541.5,554.0,302.0,2.9,3.8,183.0,241.0,24.0
SV025,R,180,3,0,0,1,2,Response,3270.0,3270.0,1215.85,1223.9,443.5,447.0,222.0,5.1000000000000005,11.3,625.3333333333334,916.0,61.333333333333336
SV025,R,181,2,0,0,1,2,Response,2785.2999999999997,2831.2,1270.9333333333334,1484.9,368.1666666666667,515.0,448.6666666666667,1.542857142857143,2.4,109.85714285714286,166.0,18.285714285714285
SV025,R,182,3,3,0,1,3,Response,2911.842857142857,3270.0,1183.1714285714286,1304.3,435.85714285714283,562.0,298.85714285714283,1.6125,4.5,219.25,635.0,24.5
SV025,R,183,2,0,1,0,3,Response,1288.9333333333334,1489.2,1397.1416666666667,1834.3,458.4166666666667,562.0,379.3333333333333,2.023076923076923,4.6,118.38461538461539,174.0,23.692307692307693
SV025,R,184,3,3,0,1,2,Response,3136.714285714286,3270.0,1082.6,1185.1,401.2857142857143,453.0,257.14285714285717,3.2375,11.1,231.25,601.0,43.5
SV025,R,185,2,0,1,0,2,Response,1192.0,1236.0,1372.2666666666667,1570.9,490.3333333333333,541.0,434.6666666666667,1.9749999999999999,2.8,121.25,140.0,23.0
SV025,R,186,2,0,0,0,2,Response,922.6777777777778,1496.1,1112.3777777777777,1359.7,424.6666666666667,497.0,384.44444444444446,3.14,5.4,165.4,265.0,27.2
SV025,R,187,2,3,0,0,3,Response,919.275,1224.2,1004.5,1039.5,494.25,534.0,830.0,2.06,4.1,117.2,190.0,24.8
SV025,R,188,3,3,1,1,2,Response,2762.7,2871.9,1689.1499999999999,2079.7,432.75,503.0,499.0,4.32,7.3,139.2,222.0,39.2
SV025,R,189,2,0,0,0,2,Response,977.9666666666667,1223.7,1050.9333333333334,1129.4,435.3333333333333,484.0,449.3333333333333,2.725,5.9,119.0,186.0,30.0
SV025,R,190,2,0,0,1,2,Response,2942.7999999999997,3270.0,1240.6571428571428,1430.7,376.14285714285717,449.0,330.2857142857143,3.8125,8.7,171.375,275.0,36.5
SV025,R,191,3,0,0,0,3,Response,929.725,1182.5,1166.925,1240.3,436.25,495.0,530.0,1.6600000000000001,5.7,109.4,283.0,17.6
SV025,R,192,2,3,1,1,2,Response,2730.4333333333334,2777.5,1824.3,2134.2,474.0,480.0,214.66666666666666,5.175,10.0,165.5,292.0,36.0
SV025,R,193,2,0,0,1,2,Response,2881.0,3270.0,1253.56,1425.8,394.4,466.0,410.4,3.466666666666667,7.3,156.16666666666666,248.0,33.333333333333336
SV025,R,194,2,2,0,1,2,Response,2505.54,2786.9,1221.4,1416.5,456.8,519.0,256.8,1.7166666666666668,2.8,121.5,179.0,19.333333333333332
SV025,R,195,3,0,1,0,2,Response,1242.45,1351.5,1391.35,1773.2,424.75,461.0,521.0,3.1,5.4,147.2,245.0,27.2
SV025,R,196,3,0,0,0,2,Response,1166.8166666666666,1234.6,1141.7166666666667,1780.0,407.8333333333333,519.0,322.6666666666667,2.966666666666667,7.9,140.83333333333334,227.0,28.666666666666668
SV025,R,197,3,2,1,1,2,Response,2750.98,2820.1,1526.6,2009.7,389.8,477.0,537.6,2.8333333333333335,7.5,212.16666666666666,409.0,72.0
SV025,R,198,2,2,0,1,2,Response,2979.63,3270.0,1112.48,1350.0,376.2,471.0,397.6,2.1,5.1,291.8,573.0,38.8
SV025,R,199,2,3,0,0,2,Response,890.0,1205.1,1186.9428571428573,1299.0,423.42857142857144,565.0,335.42857142857144,2.1375,6.6,130.875,288.0,22.0
SV025,R,200,3,0,0,1,2,Response,3015.8,3270.0,1028.5,1117.2,362.0,381.0,874.0,4.466666666666666,7.6,311.6666666666667,605.0,44.0
SV025,R,201,3,0,0,1,3,Response,2756.975,2779.1,1186.475,1258.6,404.0,473.0,510.0,2.06,5.5,116.6,229.0,21.6
SV025,R,202,3,3,1,0,2,Response,1176.0,1267.4,1488.3799999999999,1831.9,491.0,544.0,236.0,2.433333333333333,5.5,143.66666666666666,244.0,23.333333333333332
SV025,R,203,3,3,0,1,3,Response,3110.1666666666665,3270.0,1330.7,1383.3,433.6666666666667,442.0,237.33333333333334,4.2250000000000005,10.8,384.75,690.0,71.0
SV025,R,204,2,0,1,1,2,Response,2742.28,2766.8,1618.26,2052.3,451.8,493.0,218.4,2.766666666666667,6.4,141.16666666666666,274.0,23.333333333333332
SV025,R,205,2,0,0,0,2,Response,1090.4,1263.1,1028.8,1079.4,476.25,557.0,387.0,2.38,5.3,139.2,222.0,24.8
SV025,R,206,3,2,1,0,2,Response,1219.9666666666665,1286.6,1382.8,1724.0,559.3333333333334,564.0,272.0,2.15,4.5,124.25,155.0,24.0
SV025,R,207,3,0,1,0,2,Response,972.6999999999999,1034.5,1389.3999999999999,1893.5,486.0,513.0,401.3333333333333,3.0,8.6,125.75,223.0,31.0
SV025,R,208,3,3,0,0,3,Response,463.54999999999995,639.4,1071.9499999999998,1080.6,498.5,512.0,238.0,1.5999999999999999,3.0,116.0,199.0,18.666666666666668
SV025,R,209,2,3,0,1,3,Response,3114.7000000000003,3270.0,1271.6000000000001,1293.8,441.6666666666667,458.0,314.6666666666667,1.7333333333333334,3.4,463.3333333333333,727.0,25.333333333333332
SV025,R,210,2,3,1,0,2,Response,1110.822222222222,1294.3,1449.322222222222,1888.8,444.44444444444446,550.0,280.44444444444446,1.61,4.1,109.2,178.0,19.6
SV025,R,211,3,0,0,0,3,Response,863.82,1195.1,1090.44,1182.1,469.4,504.0,306.4,1.7333333333333334,3.0,127.33333333333333,187.0,19.333333333333332
SV025,R,212,3,0,1,1,2,Response,2607.2000000000003,2664.6,1698.3999999999999,2052.4,469.6666666666667,501.0,538.6666666666666,3.6666666666666665,8.0,140.66666666666666,213.0,34.666666666666664
SV025,R,213,3,2,1,1,1,Response,2722.9333333333334,2842.9,1831.0,2162.1,428.6666666666667,456.0,241.33333333333334,6.733333333333333,10.2,203.33333333333334,304.0,37.333333333333336
SV025,R,214,2,0,0,1,3,Response,2824.73,3270.0,1271.98,1858.1,329.0,478.0,309.2,2.972727272727273,7.4,246.1818181818182,733.0,48.36363636363637
SV025,R,215,3,3,1,1,2,Response,2732.26,2786.4,1690.5,2140.7,491.4,538.0,261.6,1.9600000000000002,6.7,110.4,257.0,20.8
SV025,R,216,2,2,1,1,2,Response,2689.5625,2809.3,1629.0625,2103.6,467.875,1129.0,273.5,4.055555555555555,9.3,180.44444444444446,332.0,31.11111111111111
SV025,R,217,3,2,1,1,2,Response,2732.7,2762.6,1786.3,2018.6,479.5,481.0,186.0,3.95,4.9,184.0,197.0,32.0
SV025,R,218,2,2,0,0,2,Response,706.45,1145.2,1085.35,1206.8,527.0,547.0,196.0,2.3,4.3,136.2,241.0,22.4
SV025,R,219,2,0,1,1,2,Response,2706.3,2759.6,1621.0,2023.9,411.8,476.0,333.6,3.1333333333333333,8.1,240.0,513.0,75.33333333333333
SV025,R,220,3,0,1,1,2,Response,2649.9199999999996,2755.2,1778.6799999999998,2137.7,453.4,487.0,252.8,2.52,8.0,133.2,285.0,23.2
SV025,R,221,3,2,0,0,2,Response,1025.1166666666666,1172.3,1098.7833333333333,1282.6,422.6666666666667,511.0,350.6666666666667,1.8714285714285714,2.7,138.85714285714286,174.0,29.714285714285715
SV025,R,222,2,2,0,0,2,Response,1077.3,1184.8,1118.2,1204.1,478.8,562.0,272.0,1.5333333333333332,2.5,115.33333333333333,178.0,18.666666666666668
SV025,R,223,3,3,1,1,2,Response,2807.066666666667,2872.6,1364.6000000000001,1384.9,425.6666666666667,497.0,884.0,1.325,2.5,96.0,129.0,19.0
SV025,R,224,2,0,0,1,2,Response,2884.54,3270.0,1248.3899999999999,1435.3,308.1,443.0,349.6,2.309090909090909,6.5,186.63636363636363,664.0,32.72727272727273
SV025,R,225,2,3,1,0,2,Response,1072.225,1220.2,1355.45,1644.9,410.75,497.0,506.0,1.7600000000000002,3.9,111.4,168.0,20.0
SV025,R,226,2,0,1,0,3,Response,1082.1642857142856,1284.7,1398.9857142857143,1799.6,464.7857142857143,527.0,448.2857142857143,1.74,4.0,110.06666666666666,216.0,21.066666666666666
SV025,R,227,3,2,0,1,2,Response,2873.9500000000003,3270.0,1363.6499999999999,1520.4,381.8333333333333,494.0,348.0,2.3428571428571425,5.0,149.0,258.0,24.571428571428573
SV025,R,228,2,2,1,1,2,Response,2739.325,2888.1,1372.0749999999998,1579.8,407.75,486.0,342.0,2.0500000000000003,4.9,118.5,207.0,21.0
SV025,R,229,3,0,1,0,3,Response,1069.1166666666666,1270.5,1379.1166666666668,1768.0,462.3333333333333,533.0,339.3333333333333,2.4857142857142853,6.3,121.28571428571429,202.0,25.142857142857142
SV025,R,230,2,0,1,0,2,Response,1176.4083333333333,1305.5,1515.8333333333333,1937.1,402.5833333333333,485.0,267.6666666666667,2.6384615384615384,7.6,126.15384615384616,264.0,26.153846153846153
SV025,R,231,3,0,0,1,2,Response,2953.9333333333334,3270.0,1335.6444444444444,1757.4,328.1111111111111,414.0,283.1111111111111,3.0,8.2,257.2,600.0,36.4
SV025,R,232,3,3,1,0,2,Response,1036.1333333333332,1094.8,1503.2666666666667,1807.7,462.3333333333333,509.0,566.6666666666666,1.9333333333333333,3.3,121.66666666666667,168.0,21.333333333333332
SV025,R,233,3,0,0,0,3,Response,1105.2333333333333,1222.9,1082.5666666666668,1136.2,505.0,555.0,410.6666666666667,1.4,2.0,110.25,145.0,18.0
SV025,R,234,3,0,0,1,3,Response,2787.695,3270.0,911.8100000000001,1381.7,359.45,454.0,251.8,3.2333333333333334,11.8,235.9047619047619,689.0,33.333333333333336
SV025,R,235,2,3,1,0,2,Response,1218.3200000000002,1327.4,1465.56,1849.5,470.7,564.0,380.4,2.972727272727273,6.5,147.0909090909091,233.0,25.818181818181817
SV025,R,236,2,3,0,1,3,Response,3080.5333333333333,3270.0,1151.5333333333333,1275.3,472.3333333333333,512.0,180.0,2.5,5.6,251.75,414.0,30.0
SV025,R,237,2,3,1,0,2,Response,1218.6363636363637,1318.1,1454.5181818181818,1856.1,517.7272727272727,601.0,399.6363636363636,2.6083333333333334,6.2,140.41666666666666,257.0,24.666666666666668
SV025,R,238,2,2,0,1,2,Response,2856.68,3270.0,1394.79,2018.3,417.9,567.0,290.8,4.1454545454545455,8.7,264.8181818181818,636.0,39.27272727272727
SV025,R,239,2,2,1,0,2,Response,1078.8,1078.8,1813.1,1813.1,604.0,604.0,552.0,3.5,4.3,135.5,137.0,40.0
SV025,R,240,3,0,1,1,2,Response,2210.922222222222,2653.0,700.4333333333333,1996.8,342.44444444444446,537.0,334.22222222222223,3.38,5.8,156.5,303.0,30.4
SV025,R,241,3,3,0,0,3,Response,1980.7,2053.4,859.0666666666666,1212.1,447.5,515.0,320.0,4.071428571428571,5.9,271.2857142857143,799.0,62.857142857142854
SV025,R,242,3,3,1,1,3,Response,2028.7599999999998,2099.0,812.08,1157.4,456.4,506.0,509.6,3.233333333333333,5.5,143.33333333333334,257.0,30.0
SV025,R,243,3,2,1,0,2,Response,1861.85,2001.1,1105.75,1125.5,496.0,496.0,162.0,2.8000000000000003,5.4,159.66666666666666,237.0,25.333333333333332
SV025,R,244,2,0,0,0,0,Response,1864.2,1991.3,1008.625,1180.3,489.25,580.0,224.0,3.04,3.8,157.2,194.0,28.8
SV025,R,245,3,3,1,0,3,Response,,,,,,,,,,,,
SV025,R,246,2,3,1,1,3,Response,,,,,,,,,,,,
SV025,R,247,2,2,0,1,2,Response,,,,,,,,,,,,
SV025,R,248,3,2,1,0,2,Response,,,,,,,,,,,,
SV025,R,249,3,3,1,0,3,Response,,,,,,,,,,,,
SV025,R,250,3,0,1,0,0,Response,,,,,,,,,,,,
SV025,R,251,3,0,1,1,0,Response,,,,,,,,,,,,
SV025,R,252,3,0,1,1,0,Response,,,,,,,,,,,,
SV025,R,253,2,0,1,1,0,Response,,,,,,,,,,,,
SV025,R,254,3,2,1,1,2,Response,,,,,,,,,,,,
SV025,R,255,2,2,0,1,2,Response,,,,,,,,,,,,
SV025,R,256,3,0,1,0,0,Response,,,,,,,,0.5,0.5,64.0,64.0,12.0
SV025,R,257,3,2,0,0,2,Response,,,,,,,,0.5,0.5,64.0,64.0,12.0
SV025,R,258,3,2,1,1,2,Response,,,,,,,,,,,,
SV025,R,259,3,2,1,1,2,Response,,,,,,,,,,,,
SV025,R,260,3,3,0,0,3,Response,,,,,,,,,,,,
SV025,R,261,3,0,0,0,0,Response,,,,,,,,,,,,
SV025,R,262,3,2,0,0,2,Response,,,,,,,,0.4,0.4,54.0,54.0,12.0
SV025,R,263,3,0,1,0,0,Response,,,,,,,,,,,,
SV025,R,264,2,2,0,0,2,Response,,,,,,,,,,,,
SV025,R,265,3,3,1,0,3,Response,,,,,,,,,,,,
SV025,R,266,2,0,1,0,0,Response,,,,,,,,,,,,
SV025,R,267,2,2,1,1,2,Response,,,,,,,,,,,,
SV025,R,268,3,3,1,1,3,Response,,,,,,,,,,,,
SV025,R,269,2,2,1,1,2,Response,,,,,,,,,,,,
SV025,R,270,3,0,0,0,0,Response,,,,,,,,,,,,
SV025,R,271,3,3,1,1,3,Response,,,,,,,,0.5,0.5,57.0,57.0,12.0
SV025,R,272,2,3,1,0,3,Response,,,,,,,,,,,,
SV025,R,273,3,2,1,0,2,Response,,,,,,,,,,,,
SV025,R,274,3,3,0,1,3,Response,,,,,,,,,,,,
SV025,R,275,3,3,1,1,3,Response,,,,,,,,,,,,
SV025,R,276,3,2,0,0,2,Response,,,,,,,,,,,,
SV025,R,277,3,3,0,1,3,Response,,,,,,,,,,,,
SV025,R,278,3,2,0,1,2,Response,,,,,,,,,,,,
SV025,R,279,2,3,1,0,3,Response,,,,,,,,,,,,
SV025,R,280,2,3,0,1,3,Response,,,,,,,,,,,,
SV025,R,281,3,0,1,0,0,Response,,,,,,,,,,,,
SV025,R,282,3,3,1,0,3,Response,,,,,,,,,,,,
SV025,R,283,2,2,0,0,2,Response,,,,,,,,,,,,
SV025,R,284,2,3,1,0,3,Response,,,,,,,,0.9,0.9,82.0,82.0,16.0
SV025,R,285,3,0,0,1,0,Response,,,,,,,,,,,,
SV025,R,286,2,3,1,1,3,Response,,,,,,,,,,,,
SV025,R,287,3,3,0,0,3,Response,,,,,,,,,,,,
SV025,R,288,2,3,1,0,3,Response,,,,,,,,,,,,
SV025,R,289,2,2,1,0,2,Response,,,,,,,,1.1,1.1,97.0,97.0,16.0
SV025,R,290,2,0,1,0,0,Response,,,,,,,,,,,,
SV025,R,291,2,0,1,1,0,Response,,,,,,,,,,,,
SV025,R,292,2,2,0,1,2,Response,,,,,,,,,,,,
SV025,R,293,2,2,1,1,2,Response,,,,,,,,,,,,
SV025,R,294,3,2,1,1,2,Response,,,,,,,,,,,,
SV025,R,295,2,0,1,1,0,Response,,,,,,,,,,,,
SV025,R,296,3,0,1,1,0,Response,,,,,,,,,,,,
SV025,R,297,2,0,0,0,0,Response,,,,,,,,,,,,
SV025,R,298,2,2,0,0,2,Response,,,,,,,,,,,,
SV025,R,299,3,2,1,1,2,Response,,,,,,,,,,,,
SV025,R,300,2,3,0,0,3,Response,,,,,,,,,,,,
SV025,R,301,3,3,0,1,3,Response,,,,,,,,,,,,
SV025,R,302,3,3,0,1,3,Response,,,,,,,,,,,,
SV025,R,303,2,0,1,1,0,Response,,,,,,,,,,,,
SV025,R,304,2,3,0,1,3,Response,,,,,,,,,,,,
SV025,R,305,2,0,0,1,0,Response,,,,,,,,,,,,
SV025,R,306,2,0,0,0,0,Response,,,,,,,,,,,,
SV025,R,307,3,2,0,1,2,Response,,,,,,,,,,,,
SV025,R,308,2,0,1,0,0,Response,,,,,,,,,,,,
SV025,R,309,3,2,1,0,2,Response,,,,,,,,,,,,
SV025,R,310,2,2,0,0,2,Response,,,,,,,,,,,,
SV025,R,311,3,0,1,1,0,Response,,,,,,,,,,,,
SV025,R,312,2,0,0,0,0,Response,,,,,,,,,,,,
SV025,R,313,2,2,0,0,0,Response,,,,,,,,,,,,
SV025,R,314,3,0,1,1,0,Response,,,,,,,,,,,,
SV025,R,315,2,3,0,1,3,Response,,,,,,,,,,,,
SV025,R,316,2,2,1,0,2,Response,,,,,,,,0.5,0.5,58.0,58.0,12.0
SV025,R,317,2,3,1,0,3,Response,1876.6,1934.5,1152.35,1154.9,594.0,601.0,448.0,0.5,0.6,60.333333333333336,68.0,12.0
SV025,R,318,3,3,0,1,3,Response,,,,,,,,,,,,
SV025,R,319,3,0,0,1,0,Response,,,,,,,,,,,,
SV025,R,320,3,3,1,1,3,Response,,,,,,,,,,,,
SV025,R,321,3,2,1,0,2,Response,,,,,,,,,,,,
SV025,R,322,2,3,1,1,3,Response,,,,,,,,0.5,0.5,66.0,66.0,12.0
SV025,R,323,3,0,1,0,0,Response,,,,,,,,,,,,
SV025,R,324,3,2,1,1,2,Response,,,,,,,,,,,,
SV025,R,325,2,0,0,0,0,Response,,,,,,,,,,,,
SV025,R,326,2,3,0,0,3,Response,,,,,,,,,,,,
SV025,R,327,3,2,0,0,2,Response,,,,,,,,,,,,
SV025,R,328,2,3,0,1,3,Response,,,,,,,,,,,,
SV025,R,329,2,2,1,0,2,Response,,,,,,,,,,,,
SV025,R,330,3,2,0,0,2,Response,,,,,,,,,,,,
SV025,R,331,3,3,0,1,3,Response,,,,,,,,,,,,
SV025,R,332,3,0,0,1,0,Response,2015.6,2015.6,1171.9,1171.9,519.0,519.0,188.0,0.75,0.9,76.5,83.0,14.0
SV025,R,333,2,2,1,0,2,Response,,,,,,,,,,,,
SV025,R,334,2,3,0,0,3,Response,,,,,,,,0.5,0.5,62.0,62.0,12.0
SV025,R,335,3,0,1,0,0,Response,,,,,,,,,,,,
SV025,R,336,2,0,1,1,0,Response,,,,,,,,,,,,
SV025,R,337,2,3,1,1,3,Response,1900.9,1900.9,1152.3,1152.3,492.0,492.0,364.0,0.4,0.4,53.5,54.0,12.0
SV025,R,338,2,0,1,0,0,Response,,,,,,,,,,,,
SV025,R,339,3,0,1,1,0,Response,,,,,,,,,,,,
SV025,R,340,2,3,0,0,3,Response,,,,,,,,1.1,1.1,73.0,73.0,20.0
SV025,R,341,3,3,1,0,3,Response,,,,,,,,,,,,
SV025,R,342,3,0,0,1,0,Response,,,,,,,,,,,,
SV025,R,343,2,2,1,1,2,Response,2146.4,2146.4,1163.9,1163.9,490.0,490.0,264.0,0.8999999999999999,1.2,79.0,79.0,16.0
SV025,R,344,3,2,0,0,2,Response,,,,,,,,,,,,
SV025,R,345,3,2,0,0,2,Response,,,,,,,,,,,,
SV025,R,346,2,3,0,0,3,Response,1792.0,1792.0,1174.7,1174.7,503.0,503.0,144.0,0.5,0.5,58.5,61.0,12.0
SV025,R,347,3,0,1,1,0,Response,,,,,,,,,,,,
SV025,R,348,3,0,0,0,0,Response,,,,,,,,,,,,
SV025,R,349,3,0,0,1,0,Response,,,,,,,,,,,,
SV025,R,350,3,3,0,0,3,Response,,,,,,,,,,,,
SV025,R,351,3,0,0,0,0,Response,,,,,,,,,,,,
SV025,R,352,2,2,0,1,2,Response,,,,,,,,,,,,
SV025,R,353,3,0,0,1,0,Response,,,,,,,,,,,,
SV025,R,354,3,0,1,1,0,Response,,,,,,,,,,,,
SV025,R,355,2,2,1,1,2,Response,,,,,,,,,,,,
SV025,R,356,2,2,0,0,2,Response,,,,,,,,,,,,
SV025,R,357,2,2,0,1,2,Response,,,,,,,,,,,,
SV025,R,358,3,3,1,1,3,Response,,,,,,,,,,,,
SV025,R,359,3,2,0,1,2,Response,,,,,,,,,,,,
SV025,R,360,2,0,1,0,0,Response,1973.4,1973.4,1128.8,1128.8,489.0,489.0,380.0,0.75,1.0,233.0,408.0,620.0
SV025,R,361,3,2,0,0,2,Response,1971.0,1971.0,1099.5,1099.5,450.0,450.0,376.0,2.6500000000000004,4.4,155.0,226.0,22.0
SV025,R,362,2,0,1,1,0,Response,,,,,,,,,,,,
SV025,R,363,2,2,1,1,2,Response,,,,,,,,,,,,
SV025,R,364,2,3,0,0,3,Response,,,,,,,,,,,,
SV025,R,365,3,0,0,1,0,Response,,,,,,,,,,,,
SV025,R,366,3,0,1,1,0,Response,,,,,,,,,,,,
SV025,R,367,3,2,1,0,2,Response,,,,,,,,,,,,
SV025,R,368,2,0,0,0,0,Response,,,,,,,,,,,,
SV025,R,369,2,0,0,1,0,Response,,,,,,,,,,,,
SV025,R,370,2,3,1,1,3,Response,,,,,,,,,,,,
SV025,R,371,3,3,0,0,3,Response,,,,,,,,,,,,
SV025,R,372,3,0,0,0,0,Response,,,,,,,,,,,,
SV025,R,373,3,3,1,0,3,Response,,,,,,,,,,,,
SV025,R,374,2,2,0,1,2,Response,,,,,,,,,,,,
SV025,R,375,3,3,0,1,3,Response,,,,,,,,,,,,
SV025,R,376,2,2,0,1,2,Response,,,,,,,,,,,,
SV025,R,377,2,2,1,0,2,Response,,,,,,,,,,,,
SV025,R,378,3,2,1,0,2,Response,,,,,,,,,,,,
SV025,R,379,2,3,0,0,3,Response,,,,,,,,0.5,0.5,56.0,56.0,12.0
SV025,R,380,3,2,0,1,2,Response,,,,,,,,0.5,0.5,62.0,62.0,12.0
SV025,R,381,3,2,1,1,2,Response,,,,,,,,0.7,0.7,60.0,60.0,16.0
SV025,R,382,3,3,1,0,3,Response,,,,,,,,,,,,
SV025,R,383,3,3,0,1,3,Response,,,,,,,,,,,,
SV025,R,384,3,0,1,1,0,Response,,,,,,,,,,,,
SV025,R,385,2,0,0,1,0,Response,,,,,,,,,,,,
SV025,R,386,2,3,1,1,3,Response,,,,,,,,,,,,
SV025,R,387,2,0,0,1,0,Response,,,,,,,,,,,,
SV025,R,388,3,0,0,0,0,Response,,,,,,,,,,,,
SV025,R,389,2,0,0,0,0,Response,,,,,,,,,,,,
SV025,R,390,3,3,0,0,3,Response,,,,,,,,,,,,
SV025,R,391,2,3,1,0,3,Response,,,,,,,,,,,,
SV025,R,392,2,0,0,1,0,Response,,,,,,,,,,,,
SV025,R,393,2,2,0,1,2,Response,,,,,,,,,,,,
SV025,R,394,2,0,1,1,0,Response,,,,,,,,,,,,
SV025,R,395,3,2,1,0,2,Response,,,,,,,,,,,,
SV025,R,396,3,0,1,0,0,Response,,,,,,,,1.4,1.4,95.0,95.0,20.0
SV025,R,397,2,2,1,0,2,Response,,,,,,,,,,,,
SV025,R,398,2,2,0,0,2,Response,,,,,,,,,,,,
SV025,R,399,3,3,1,0,3,Response,,,,,,,,,,,,
SV025,R,400,3,2,0,1,2,Response,,,,,,,,,,,,
SV025,R,401,2,0,0,0,0,Response,,,,,,,,,,,,
SV025,R,402,3,0,0,1,0,Response,,,,,,,,,,,,
SV025,R,403,3,3,1,0,3,Response,,,,,,,,,,,,
SV025,R,404,2,0,0,0,0,Response,1902.9,1902.9,874.4,874.4,504.0,504.0,468.0,1.5999999999999999,2.3,94.5,110.0,22.0
SV025,R,405,2,0,1,1,0,Response,,,,,,,,,,,,
SV025,R,406,2,0,1,0,0,Response,,,,,,,,,,,,
SV025,R,407,3,2,0,1,2,Response,,,,,,,,,,,,
SV025,R,408,2,3,0,0,3,Response,1874.4,1874.4,694.8,694.8,476.0,476.0,192.0,1.35,1.8,89.5,98.0,20.0
SV025,R,409,2,0,1,1,0,Response,,,,,,,,,,,,
SV025,R,410,2,3,0,0,3,Response,,,,,,,,,,,,
SV025,R,411,2,3,0,1,3,Response,2142.6833333333334,2221.5,913.85,1078.8,491.0,572.0,280.0,1.0285714285714287,2.3,83.85714285714286,122.0,16.571428571428573
SV025,R,412,3,2,0,1,2,Response,,,,,,,,0.9,0.9,79.0,79.0,16.0
SV025,R,413,3,0,1,0,0,Response,,,,,,,,,,,,
SV025,R,414,2,0,1,1,0,Response,,,,,,,,,,,,
SV025,R,415,2,2,1,0,2,Response,,,,,,,,,,,,
SV025,R,416,2,2,1,0,2,Response,,,,,,,,1.8,1.8,95.0,95.0,24.0
SV025,R,417,3,0,0,0,0,Response,1921.3000000000002,1963.2,1057.6,1143.1,522.0,551.0,524.0,0.9666666666666667,1.5,83.0,108.0,16.0
SV025,R,418,3,0,0,0,0,Response,,,,,,,,,,,,
SV025,R,419,3,3,0,1,3,Response,2168.3,2168.3,1504.4,1504.4,259.0,259.0,28.0,2.5,4.0,116.5,136.0,26.0
SV025,R,420,2,3,1,1,3,Response,1935.1,1935.1,1132.7,1132.7,576.0,576.0,160.0,2.8000000000000003,5.2,129.5,204.0,24.0
SV025,R,421,3,2,1,0,2,Response,,,,,,,,2.7,2.7,164.0,164.0,24.0
SV025,R,422,2,0,1,0,0,Response,,,,,,,,,,,,
SV025,R,423,2,2,1,1,2,Response,,,,,,,,,,,,
SV025,R,424,2,3,1,1,3,Response,,,,,,,,,,,,
SV025,R,425,2,3,0,1,3,Response,,,,,,,,,,,,
SV025,R,426,2,3,0,1,3,Response,,,,,,,,,,,,
SV025,R,427,2,3,0,0,3,Response,,,,,,,,2.1,2.1,126.0,126.0,24.0
SV025,R,428,3,3,1,1,3,Response,,,,,,,,0.4,0.4,1187.0,1187.0,128.0
SV025,R,429,3,3,0,1,3,Response,2093.1,2093.1,1080.3,1080.3,543.0,543.0,60.0,2.0,3.6,467.5,883.0,40.0
SV025,R,430,2,0,0,0,0,Response,,,,,,,,,,,,
SV025,R,431,3,3,1,1,3,Response,2044.75,2110.9,1297.5,1508.5,731.5,944.0,1514.0,2.2,4.2,641.6666666666666,1634.0,60.0
SV025,R,432,2,2,0,1,2,Response,,,,,,,,,,,,
SV025,R,433,3,2,1,1,2,Response,,,,,,,,,,,,
SV025,R,434,3,2,1,0,2,Response,,,,,,,,,,,,
SV025,R,435,3,0,1,0,0,Response,,,,,,,,,,,,
SV025,R,436,2,2,0,0,2,Response,,,,,,,,,,,,
SV025,R,437,3,0,0,1,0,Response,,,,,,,,,,,,
SV025,R,438,2,2,1,1,2,Response,,,,,,,,,,,,
SV025,R,439,3,3,0,0,3,Response,,,,,,,,,,,,
SV025,R,440,3,2,0,0,2,Response,,,,,,,,0.7,0.7,1525.0,1525.0,92.0
SV025,R,441,2,3,0,1,3,Response,1950.95,1998.4,1079.15,1129.5,557.5,575.0,74.0,1.3333333333333333,2.6,161.66666666666666,351.0,44.0
SV025,R,442,3,2,1,1,2,Response,,,,,,,,1.7,1.7,120.0,120.0,20.0
SV025,R,443,3,3,1,0,3,Response,1906.9,1906.9,1129.3,1129.3,620.0,620.0,332.0,0.55,0.7,70.0,84.0,12.0
SV025,R,444,3,2,0,0,2,Response,1958.8,1958.8,1139.9,1139.9,548.0,548.0,500.0,1.6,2.4,930.0,1788.0,40.0
SV025,R,445,2,3,1,0,3,Response,,,,,,,,1.0,1.0,1273.0,1273.0,144.0
SV025,R,446,2,3,0,1,3,Response,,,,,,,,0.6,0.6,1259.0,1259.0,136.0
SV025,R,447,2,2,1,1,2,Response,1978.6,1978.6,1114.1,1114.1,529.0,529.0,816.0,1.35,1.9,1215.0,1232.0,146.0
SV025,R,448,2,3,1,0,3,Response,1958.9,1958.9,1139.3,1139.3,555.0,555.0,824.0,1.2000000000000002,1.6,647.5,1181.0,86.0
SV025,R,449,2,2,1,0,2,Response,,,,,,,,,,,,
SV025,R,450,2,3,0,1,1,Response,1922.3,1922.3,1137.8,1137.8,518.0,518.0,1508.0,0.9,1.3,579.0,1093.0,94.0
SV025,R,451,2,2,0,0,2,Response,2056.55,2517.7,1569.625,2293.8,550.25,689.0,273.0,4.46,10.8,179.8,492.0,218.4
SV025,R,452,3,0,0,1,0,Response,1989.1,1989.1,937.6,937.6,580.0,580.0,196.0,1.35,1.5,94.0,106.0,20.0
SV025,R,453,3,3,1,1,3,Response,,,,,,,,1.0,1.0,1356.0,1356.0,172.0
SV025,R,454,2,0,0,1,0,Response,,,,,,,,,,,,
SV025,R,455,2,3,1,0,3,Response,,,,,,,,,,,,
SV025,R,456,3,2,0,1,2,Response,,,,,,,,,,,,
SV025,R,457,2,0,1,0,0,Response,,,,,,,,,,,,
SV025,R,458,2,0,1,0,0,Response,,,,,,,,1.2,1.2,85.0,85.0,20.0
SV025,R,459,3,0,0,0,0,Response,,,,,,,,,,,,
SV025,R,460,2,3,1,0,3,Response,,,,,,,,,,,,
SV025,R,461,3,3,0,0,3,Response,,,,,,,,3.3,3.3,1197.0,1197.0,108.0
SV025,R,462,2,2,1,1,2,Response,,,,,,,,0.8,0.8,1265.0,1265.0,188.0
SV025,R,463,3,2,0,1,2,Response,,,,,,,,,,,,
SV025,R,464,2,0,0,1,0,Response,,,,,,,,,,,,
SV025,R,465,2,2,0,1,2,Response,,,,,,,,,,,,
SV025,R,466,2,0,0,1,0,Response,,,,,,,,,,,,
SV025,R,467,3,3,0,0,3,Response,,,,,,,,0.5,0.5,1357.0,1357.0,152.0
SV025,R,468,2,3,1,1,3,Response,,,,,,,,,,,,
SV025,R,469,3,3,0,0,1,Response,,,,,,,,0.8,0.8,67.0,67.0,16.0
SV025,R,470,2,0,0,1,0,Response,,,,,,,,,,,,
SV025,R,471,3,0,1,0,0,Response,,,,,,,,,,,,
SV025,R,472,2,2,0,0,2,Response,1989.2,1989.2,1167.2,1167.2,466.0,466.0,128.0,0.8999999999999999,1.2,939.5,1355.0,744.0
SV025,R,473,3,2,0,1,2,Response,,,,,,,,,,,,
SV025,R,474,2,0,1,0,0,Response,,,,,,,,,,,,
SV025,R,475,3,3,1,1,3,Response,,,,,,,,,,,,
SV025,R,476,2,0,0,1,0,Response,,,,,,,,,,,,
SV025,R,477,2,3,1,1,3,Response,2023.2,2023.2,1551.3,1551.3,278.0,278.0,24.0,2.95,3.5,149.5,171.0,26.0
SV025,R,478,3,0,0,0,0,Response,,,,,,,,,,,,
SV025,R,479,2,2,1,0,2,Response,,,,,,,,,,,,
SV025,R,480,3,2,1,1,2,Response,,,,,,,,,,,,
SV025,L,1,2,0,1,0,1,Stimulus,,,,,,,,,,,,
SV025,L,2,2,2,1,1,2,Stimulus,,,,,,,,,,,,
SV025,L,3,2,3,1,1,2,Stimulus,,,,,,,,,,,,
SV025,L,4,2,3,0,1,2,Stimulus,,,,,,,,,,,,
SV025,L,5,2,3,0,0,2,Stimulus,,,,,,,,,,,,
SV025,L,6,3,2,1,1,2,Stimulus,,,,,,,,,,,,
SV025,L,7,2,3,0,0,2,Stimulus,,,,,,,,,,,,
SV025,L,8,2,0,0,1,2,Stimulus,,,,,,,,,,,,
SV025,L,9,3,0,0,0,3,Stimulus,,,,,,,,,,,,
SV025,L,10,2,3,0,1,3,Stimulus,,,,,,,,,,,,
SV025,L,11,2,3,1,0,2,Stimulus,,,,,,,,,,,,
SV025,L,12,3,2,0,0,2,Stimulus,,,,,,,,,,,,
SV025,L,13,2,0,0,0,2,Stimulus,,,,,,,,,,,,
SV025,L,14,3,2,1,1,2,Stimulus,,,,,,,,,,,,
SV025,L,15,3,0,0,1,2,Stimulus,,,,,,,,,,,,
SV025,L,16,3,3,1,0,2,Stimulus,,,,,,,,,,,,
SV025,L,17,3,2,1,1,2,Stimulus,,,,,,,,,,,,
SV025,L,18,2,0,0,1,2,Stimulus,,,,,,,,,,,,
SV025,L,19,2,0,1,1,2,Stimulus,,,,,,,,,,,,
SV025,L,20,3,2,0,0,2,Stimulus,,,,,,,,,,,,
SV025,L,21,2,3,1,1,2,Stimulus,,,,,,,,,,,,
SV025,L,22,3,2,1,0,2,Stimulus,,,,,,,,,,,,
SV025,L,23,3,0,0,1,1,Stimulus,,,,,,,,,,,,
SV025,L,24,3,2,0,1,2,Stimulus,,,,,,,,,,,,
SV025,L,25,3,3,1,1,2,Stimulus,,,,,,,,,,,,
SV025,L,26,2,2,0,0,2,Stimulus,,,,,,,,,,,,
SV025,L,27,3,3,1,0,2,Stimulus,,,,,,,,,,,,
SV025,L,28,3,2,1,0,2,Stimulus,,,,,,,,,,,,
SV025,L,29,3,0,1,1,3,Stimulus,,,,,,,,,,,,
SV025,L,30,2,2,1,1,2,Stimulus,,,,,,,,,,,,
SV025,L,31,2,2,0,0,2,Stimulus,,,,,,,,,,,,
SV025,L,32,3,0,1,1,2,Stimulus,,,,,,,,0.8,0.8,70.0,70.0,16.0
SV025,L,33,3,2,0,0,2,Stimulus,,,,,,,,,,,,
SV025,L,34,2,0,1,1,2,Stimulus,,,,,,,,,,,,
SV025,L,35,2,0,1,1,2,Stimulus,,,,,,,,,,,,
SV025,L,36,2,0,1,1,2,Stimulus,,,,,,,,,,,,
SV025,L,37,3,3,0,0,3,Stimulus,,,,,,,,,,,,
SV025,L,38,2,3,0,0,3,Stimulus,,,,,,,,,,,,
SV025,L,39,3,0,1,1,3,Stimulus,,,,,,,,,,,,
SV025,L,40,2,2,1,0,2,Stimulus,,,,,,,,,,,,
SV025,L,41,3,2,0,0,2,Stimulus,,,,,,,,,,,,
SV025,L,42,3,0,0,1,2,Stimulus,,,,,,,,,,,,
SV025,L,43,2,3,0,1,2,Stimulus,,,,,,,,,,,,
SV025,L,44,2,3,1,1,2,Stimulus,,,,,,,,,,,,
SV025,L,45,2,0,1,0,2,Stimulus,,,,,,,,,,,,
SV025,L,46,2,3,1,0,3,Stimulus,,,,,,,,,,,,
SV025,L,47,3,0,1,1,3,Stimulus,,,,,,,,,,,,
SV025,L,48,2,2,1,0,2,Stimulus,,,,,,,,,,,,
SV025,L,49,2,3,1,0,2,Stimulus,,,,,,,,,,,,
SV025,L,50,2,3,1,1,2,Stimulus,,,,,,,,,,,,
SV025,L,51,3,0,1,0,3,Stimulus,,,,,,,,,,,,
SV025,L,52,3,2,1,1,2,Stimulus,,,,,,,,,,,,
SV025,L,53,2,0,0,0,2,Stimulus,,,,,,,,,,,,
SV025,L,54,3,3,0,0,2,Stimulus,,,,,,,,,,,,
SV025,L,55,2,2,0,1,2,Stimulus,,,,,,,,,,,,
SV025,L,56,2,0,1,1,2,Stimulus,,,,,,,,,,,,
SV025,L,57,2,2,1,1,2,Stimulus,,,,,,,,,,,,
SV025,L,58,3,2,0,1,2,Stimulus,,,,,,,,,,,,
SV025,L,59,2,0,0,1,2,Stimulus,,,,,,,,,,,,
SV025,L,60,3,2,0,1,2,Stimulus,,,,,,,,,,,,
SV025,L,61,3,2,1,1,2,Stimulus,,,,,,,,,,,,
SV025,L,62,3,3,0,1,1,Stimulus,,,,,,,,,,,,
SV025,L,63,2,3,1,0,2,Stimulus,,,,,,,,,,,,
SV025,L,64,2,0,1,0,2,Stimulus,,,,,,,,,,,,
SV025,L,65,2,2,1,1,2,Stimulus,,,,,,,,,,,,
SV025,L,66,3,3,0,1,2,Stimulus,,,,,,,,,,,,
SV025,L,67,3,0,1,0,3,Stimulus,,,,,,,,,,,,
SV025,L,68,2,2,0,0,2,Stimulus,,,,,,,,,,,,
SV025,L,69,2,2,1,1,2,Stimulus,,,,,,,,,,,,
SV025,L,70,2,2,1,1,2,Stimulus,,,,,,,,,,,,
SV025,L,71,3,3,0,0,2,Stimulus,,,,,,,,,,,,
SV025,L,72,2,3,1,1,3,Stimulus,,,,,,,,,,,,
SV025,L,73,2,2,1,1,2,Stimulus,,,,,,,,,,,,
SV025,L,74,3,0,1,0,2,Stimulus,,,,,,,,,,,,
SV025,L,75,3,3,1,1,3,Stimulus,,,,,,,,,,,,
SV025,L,76,2,2,1,0,2,Stimulus,,,,,,,,,,,,
SV025,L,77,3,0,0,1,2,Stimulus,,,,,,,,,,,,
SV025,L,78,2,2,0,0,2,Stimulus,,,,,,,,,,,,
SV025,L,79,3,0,1,1,2,Stimulus,,,,,,,,,,,,
SV025,L,80,3,2,1,0,2,Stimulus,,,,,,,,,,,,
SV025,L,81,2,0,1,0,2,Stimulus,,,,,,,,,,,,
SV025,L,82,3,3,1,0,2,Stimulus,,,,,,,,,,,,
SV025,L,83,2,3,1,1,3,Stimulus,,,,,,,,,,,,
SV025,L,84,3,2,0,0,2,Stimulus,,,,,,,,,,,,
SV025,L,85,3,2,1,0,2,Stimulus,,,,,,,,5.6,5.6,188.0,188.0,40.0
SV025,L,86,2,2,1,0,2,Stimulus,,,,,,,,,,,,
SV025,L,87,3,2,1,0,2,Stimulus,,,,,,,,,,,,
SV025,L,88,2,3,0,1,3,Stimulus,,,,,,,,,,,,
SV025,L,89,3,0,0,0,2,Stimulus,,,,,,,,,,,,
SV025,L,90,3,2,0,1,2,Stimulus,,,,,,,,,,,,
SV025,L,91,2,3,1,0,2,Stimulus,,,,,,,,,,,,
SV025,L,92,3,2,0,0,2,Stimulus,,,,,,,,,,,,
SV025,L,93,2,2,0,1,2,Stimulus,,,,,,,,,,,,
SV025,L,94,2,0,1,0,2,Stimulus,,,,,,,,,,,,
SV025,L,95,3,3,1,1,2,Stimulus,,,,,,,,,,,,
SV025,L,96,2,0,0,0,2,Stimulus,,,,,,,,,,,,
SV025,L,97,2,2,1,0,2,Stimulus,,,,,,,,,,,,
SV025,L,98,3,0,0,0,2,Stimulus,,,,,,,,,,,,
SV025,L,99,2,2,0,1,1,Stimulus,,,,,,,,,,,,
SV025,L,100,3,2,1,1,2,Stimulus,,,,,,,,,,,,
SV025,L,101,3,3,1,1,2,Stimulus,,,,,,,,,,,,
SV025,L,102,2,0,1,1,2,Stimulus,,,,,,,,,,,,
SV025,L,103,3,2,0,0,2,Stimulus,,,,,,,,,,,,
SV025,L,104,3,2,1,1,2,Stimulus,,,,,,,,,,,,
SV025,L,105,2,2,0,0,2,Stimulus,,,,,,,,,,,,
SV025,L,106,3,3,1,0,2,Stimulus,,,,,,,,,,,,
SV025,L,107,2,2,1,1,2,Stimulus,,,,,,,,,,,,
SV025,L,108,3,2,1,1,2,Stimulus,,,,,,,,,,,,
SV025,L,109,2,2,0,1,2,Stimulus,,,,,,,,,,,,
SV025,L,110,3,2,0,1,2,Stimulus,,,,,,,,,,,,
SV025,L,111,2,0,1,0,2,Stimulus,,,,,,,,,,,,
SV025,L,112,3,0,0,0,2,Stimulus,,,,,,,,,,,,
SV025,L,113,2,0,1,1,2,Stimulus,,,,,,,,,,,,
SV025,L,114,2,0,1,1,2,Stimulus,,,,,,,,,,,,
SV025,L,115,2,3,0,1,2,Stimulus,,,,,,,,,,,,
SV025,L,116,2,3,0,0,1,Stimulus,,,,,,,,,,,,
SV025,L,117,3,2,1,1,2,Stimulus,,,,,,,,,,,,
SV025,L,118,2,2,0,1,2,Stimulus,,,,,,,,,,,,
SV025,L,119,2,3,1,0,2,Stimulus,,,,,,,,,,,,
SV025,L,120,2,0,0,1,2,Stimulus,,,,,,,,,,,,
SV025,L,121,3,2,1,0,2,Stimulus,,,,,,,,,,,,
SV025,L,122,3,3,1,1,2,Stimulus,,,,,,,,,,,,
SV025,L,123,2,2,0,0,2,Stimulus,,,,,,,,0.6,0.6,68.0,68.0,12.0
SV025,L,124,3,0,0,0,2,Stimulus,,,,,,,,,,,,
SV025,L,125,3,3,1,0,2,Stimulus,,,,,,,,,,,,
SV025,L,126,3,0,0,0,3,Stimulus,,,,,,,,0.4,0.4,54.0,54.0,12.0
SV025,L,127,2,3,1,1,3,Stimulus,,,,,,,,,,,,
SV025,L,128,2,3,1,1,2,Stimulus,,,,,,,,,,,,
SV025,L,129,3,3,1,1,3,Stimulus,,,,,,,,,,,,
SV025,L,130,2,2,1,0,2,Stimulus,,,,,,,,,,,,
SV025,L,131,2,3,0,0,3,Stimulus,,,,,,,,,,,,
SV025,L,132,3,3,0,1,2,Stimulus,,,,,,,,,,,,
SV025,L,133,3,3,0,1,3,Stimulus,,,,,,,,,,,,
SV025,L,134,2,2,1,1,2,Stimulus,,,,,,,,,,,,
SV025,L,135,3,2,1,0,2,Stimulus,,,,,,,,,,,,
SV025,L,136,3,0,1,0,2,Stimulus,,,,,,,,,,,,
SV025,L,137,2,0,0,0,2,Stimulus,,,,,,,,,,,,
SV025,L,138,3,2,0,0,2,Stimulus,,,,,,,,,,,,
SV025,L,139,2,0,1,0,2,Stimulus,,,,,,,,,,,,
SV025,L,140,2,2,1,0,2,Stimulus,,,,,,,,,,,,
SV025,L,141,2,2,1,0,2,Stimulus,,,,,,,,,,,,
SV025,L,142,3,3,0,0,3,Stimulus,,,,,,,,,,,,
SV025,L,143,2,0,0,1,2,Stimulus,,,,,,,,,,,,
SV025,L,144,2,0,1,0,2,Stimulus,,,,,,,,4.5,4.5,143.0,143.0,40.0
SV025,L,145,3,3,0,1,2,Stimulus,,,,,,,,,,,,
SV025,L,146,3,0,1,1,2,Stimulus,,,,,,,,,,,,
SV025,L,147,3,0,0,0,3,Stimulus,,,,,,,,,,,,
SV025,L,148,3,3,1,1,2,Stimulus,,,,,,,,,,,,
SV025,L,149,3,3,0,1,2,Stimulus,,,,,,,,,,,,
SV025,L,150,2,2,0,0,2,Stimulus,,,,,,,,,,,,
SV025,L,151,3,3,1,1,3,Stimulus,,,,,,,,,,,,
SV025,L,152,2,3,0,0,3,Stimulus,,,,,,,,,,,,
SV025,L,153,3,0,1,0,3,Stimulus,,,,,,,,,,,,
SV025,L,154,3,0,1,0,3,Stimulus,,,,,,,,,,,,
SV025,L,155,3,3,0,0,3,Stimulus,,,,,,,,,,,,
SV025,L,156,2,0,0,1,3,Stimulus,,,,,,,,,,,,
SV025,L,157,3,2,1,1,2,Stimulus,,,,,,,,,,,,
SV025,L,158,2,2,1,1,2,Stimulus,,,,,,,,,,,,
SV025,L,159,3,3,0,1,2,Stimulus,,,,,,,,,,,,
SV025,L,160,2,0,0,1,1,Stimulus,,,,,,,,,,,,
SV025,L,161,3,0,1,1,2,Stimulus,,,,,,,,,,,,
SV025,L,162,3,2,0,1,1,Stimulus,,,,,,,,,,,,
SV025,L,163,2,0,1,0,1,Stimulus,,,,,,,,,,,,
SV025,L,164,3,3,1,0,2,Stimulus,,,,,,,,,,,,
SV025,L,165,3,0,0,1,2,Stimulus,,,,,,,,,,,,
SV025,L,166,2,3,0,1,2,Stimulus,,,,,,,,,,,,
SV025,L,167,2,0,0,0,2,Stimulus,,,,,,,,,,,,
SV025,L,168,2,3,0,0,2,Stimulus,,,,,,,,,,,,
SV025,L,169,3,3,0,0,2,Stimulus,,,,,,,,0.7,0.7,389.0,389.0,184.0
SV025,L,170,2,0,0,0,2,Stimulus,,,,,,,,,,,,
SV025,L,171,3,3,0,0,2,Stimulus,,,,,,,,,,,,
SV025,L,172,2,2,0,0,2,Stimulus,,,,,,,,,,,,
SV025,L,173,3,2,0,0,2,Stimulus,,,,,,,,,,,,
SV025,L,174,2,0,0,1,0,Stimulus,,,,,,,,,,,,
SV025,L,175,2,0,0,0,2,Stimulus,,,,,,,,,,,,
SV025,L,176,2,0,0,0,1,Stimulus,,,,,,,,,,,,
SV025,L,177,2,3,1,0,2,Stimulus,,,,,,,,,,,,
SV025,L,178,3,3,0,1,2,Stimulus,,,,,,,,,,,,
SV025,L,179,2,2,0,1,2,Stimulus,,,,,,,,,,,,
SV025,L,180,2,0,1,1,2,Stimulus,1935.5,1935.5,1041.0,1041.0,321.0,321.0,180.0,0.95,1.4,89.0,117.0,14.0
SV025,L,181,3,0,1,0,2,Stimulus,,,,,,,,,,,,
SV025,L,182,3,3,0,0,2,Stimulus,,,,,,,,,,,,
SV025,L,183,2,2,1,0,2,Stimulus,,,,,,,,,,,,
SV025,L,184,2,2,0,0,2,Stimulus,,,,,,,,,,,,
SV025,L,185,3,0,0,1,2,Stimulus,,,,,,,,,,,,
SV025,L,186,3,2,0,1,2,Stimulus,,,,,,,,,,,,
SV025,L,187,3,0,1,1,2,Stimulus,,,,,,,,,,,,
SV025,L,188,2,3,1,0,2,Stimulus,,,,,,,,,,,,
SV025,L,189,3,2,0,1,2,Stimulus,,,,,,,,,,,,
SV025,L,190,2,3,0,0,2,Stimulus,,,,,,,,,,,,
SV025,L,191,3,0,1,0,2,Stimulus,,,,,,,,,,,,
SV025,L,192,2,3,1,0,2,Stimulus,,,,,,,,,,,,
SV025,L,193,2,0,0,0,2,Stimulus,,,,,,,,,,,,
SV025,L,194,2,2,0,1,2,Stimulus,,,,,,,,,,,,
SV025,L,195,2,3,0,1,2,Stimulus,,,,,,,,,,,,
SV025,L,196,2,3,1,1,2,Stimulus,,,,,,,,,,,,
SV025,L,197,3,0,1,0,2,Stimulus,,,,,,,,,,,,
SV025,L,198,3,3,0,0,3,Stimulus,,,,,,,,,,,,
SV025,L,199,3,0,1,1,2,Stimulus,,,,,,,,,,,,
SV025,L,200,3,3,0,0,3,Stimulus,,,,,,,,,,,,
SV025,L,201,3,0,0,1,2,Stimulus,,,,,,,,,,,,
SV025,L,202,2,2,1,0,2,Stimulus,,,,,,,,,,,,
SV025,L,203,3,0,0,0,3,Stimulus,,,,,,,,,,,,
SV025,L,204,3,3,1,0,2,Stimulus,,,,,,,,,,,,
SV025,L,205,3,2,1,0,2,Stimulus,,,,,,,,,,,,
SV025,L,206,3,3,0,1,1,Stimulus,,,,,,,,,,,,
SV025,L,207,2,2,0,0,2,Stimulus,,,,,,,,,,,,
SV025,L,208,3,3,1,0,2,Stimulus,,,,,,,,,,,,
SV025,L,209,3,2,0,1,1,Stimulus,,,,,,,,,,,,
SV025,L,210,3,0,1,0,2,Stimulus,,,,,,,,,,,,
SV025,L,211,2,3,0,1,2,Stimulus,,,,,,,,,,,,
SV025,L,212,2,0,0,1,2,Stimulus,,,,,,,,,,,,
SV025,L,213,3,0,0,1,2,Stimulus,,,,,,,,,,,,
SV025,L,214,3,3,1,0,2,Stimulus,,,,,,,,,,,,
SV025,L,215,3,0,0,0,3,Stimulus,,,,,,,,,,,,
SV025,L,216,2,3,0,1,2,Stimulus,,,,,,,,,,,,
SV025,L,217,2,3,1,1,2,Stimulus,,,,,,,,,,,,
SV025,L,218,2,2,0,1,2,Stimulus,,,,,,,,,,,,
SV025,L,219,2,0,0,0,2,Stimulus,,,,,,,,,,,,
SV025,L,220,3,2,0,0,2,Stimulus,,,,,,,,,,,,
SV025,L,221,2,3,0,1,2,Stimulus,,,,,,,,,,,,
SV025,L,222,2,2,0,1,2,Stimulus,,,,,,,,,,,,
SV025,L,223,3,2,0,1,2,Stimulus,,,,,,,,,,,,
SV025,L,224,3,2,1,0,2,Stimulus,,,,,,,,,,,,
SV025,L,225,3,0,1,1,2,Stimulus,,,,,,,,,,,,
SV025,L,226,2,0,1,0,1,Stimulus,,,,,,,,,,,,
SV025,L,227,2,0,1,1,1,Stimulus,,,,,,,,,,,,
SV025,L,228,2,3,0,0,2,Stimulus,,,,,,,,,,,,
SV025,L,229,3,2,1,0,2,Stimulus,,,,,,,,,,,,
SV025,L,230,2,2,0,1,1,Stimulus,,,,,,,,,,,,
SV025,L,231,2,3,1,0,2,Stimulus,,,,,,,,,,,,
SV025,L,232,3,0,0,1,1,Stimulus,,,,,,,,,,,,
SV025,L,233,2,0,0,1,2,Stimulus,,,,,,,,,,,,
SV025,L,234,3,3,1,1,2,Stimulus,,,,,,,,,,,,
SV025,L,235,3,0,0,1,2,Stimulus,,,,,,,,,,,,
SV025,L,236,2,3,0,0,2,Stimulus,,,,,,,,,,,,
SV025,L,237,3,3,1,0,2,Stimulus,,,,,,,,,,,,
SV025,L,238,3,0,0,0,2,Stimulus,,,,,,,,,,,,
SV025,L,239,3,3,1,1,1,Stimulus,,,,,,,,,,,,
SV025,L,240,3,3,0,1,2,Stimulus,,,,,,,,,,,,
SV025,L,241,3,3,0,0,3,Stimulus,,,,,,,,,,,,
SV025,L,242,2,3,0,0,3,Stimulus,,,,,,,,,,,,
SV025,L,243,2,2,0,0,2,Stimulus,,,,,,,,,,,,
SV025,L,244,2,3,0,0,3,Stimulus,,,,,,,,,,,,
SV025,L,245,2,0,0,1,0,Stimulus,,,,,,,,,,,,
SV025,L,246,3,0,1,1,0,Stimulus,,,,,,,,,,,,
SV025,L,247,2,0,0,0,0,Stimulus,,,,,,,,,,,,
SV025,L,248,3,2,1,0,2,Stimulus,,,,,,,,,,,,
SV025,L,249,3,2,1,0,2,Stimulus,,,,,,,,,,,,
SV025,L,250,2,0,1,1,0,Stimulus,,,,,,,,,,,,
SV025,L,251,3,2,0,1,2,Stimulus,,,,,,,,,,,,
SV025,L,252,2,2,0,0,2,Stimulus,,,,,,,,,,,,
SV025,L,253,2,3,0,0,3,Stimulus,,,,,,,,,,,,
SV025,L,254,3,2,0,0,2,Stimulus,,,,,,,,,,,,
SV025,L,255,2,0,0,1,0,Stimulus,,,,,,,,,,,,
SV025,L,256,3,2,0,1,2,Stimulus,,,,,,,,,,,,
SV025,L,257,2,2,1,0,2,Stimulus,,,,,,,,,,,,
SV025,L,258,2,0,1,1,0,Stimulus,,,,,,,,,,,,
SV025,L,259,2,0,0,0,0,Stimulus,,,,,,,,,,,,
SV025,L,260,2,0,0,0,0,Stimulus,,,,,,,,,,,,
SV025,L,261,3,3,1,0,3,Stimulus,,,,,,,,,,,,
SV025,L,262,3,2,0,0,2,Stimulus,,,,,,,,,,,,
SV025,L,263,3,3,1,1,4,Stimulus,,,,,,,,,,,,
SV025,L,264,2,3,0,1,3,Stimulus,,,,,,,,,,,,
SV025,L,265,3,2,1,1,2,Stimulus,,,,,,,,,,,,
SV025,L,266,3,2,1,1,2,Stimulus,,,,,,,,,,,,
SV025,L,267,2,0,0,0,0,Stimulus,,,,,,,,,,,,
SV025,L,268,3,3,0,1,3,Stimulus,,,,,,,,,,,,
SV025,L,269,2,3,0,1,3,Stimulus,,,,,,,,,,,,
SV025,L,270,3,2,1,0,2,Stimulus,,,,,,,,,,,,
SV025,L,271,3,0,1,0,0,Stimulus,,,,,,,,,,,,
SV025,L,272,3,3,0,1,3,Stimulus,,,,,,,,,,,,
SV025,L,273,3,2,0,1,2,Stimulus,,,,,,,,,,,,
SV025,L,274,3,0,1,1,0,Stimulus,,,,,,,,,,,,
SV025,L,275,3,0,1,0,0,Stimulus,,,,,,,,,,,,
SV025,L,276,2,2,0,1,2,Stimulus,,,,,,,,,,,,
SV025,L,277,3,0,1,1,0,Stimulus,,,,,,,,,,,,
SV025,L,278,2,0,1,0,0,Stimulus,,,,,,,,,,,,
SV025,L,279,2,3,1,0,3,Stimulus,,,,,,,,,,,,
SV025,L,280,2,2,1,1,2,Stimulus,,,,,,,,,,,,
SV025,L,281,2,3,1,1,3,Stimulus,,,,,,,,,,,,
SV025,L,282,3,2,1,0,2,Stimulus,,,,,,,,,,,,
SV025,L,283,3,2,0,1,2,Stimulus,,,,,,,,,,,,
SV025,L,284,2,0,1,1,0,Stimulus,,,,,,,,,,,,
SV025,L,285,2,2,1,0,2,Stimulus,,,,,,,,,,,,
SV025,L,286,2,2,1,1,2,Stimulus,,,,,,,,,,,,
SV025,L,287,2,0,1,0,0,Stimulus,,,,,,,,,,,,
SV025,L,288,3,2,0,0,2,Stimulus,,,,,,,,0.5,0.5,62.0,62.0,12.0
SV025,L,289,3,2,1,1,2,Stimulus,,,,,,,,,,,,
SV025,L,290,2,2,0,0,2,Stimulus,,,,,,,,,,,,
SV025,L,291,3,3,0,0,3,Stimulus,,,,,,,,,,,,
SV025,L,292,2,2,0,0,2,Stimulus,,,,,,,,,,,,
SV025,L,293,2,3,0,0,3,Stimulus,,,,,,,,,,,,
SV025,L,294,2,3,0,1,4,Stimulus,,,,,,,,,,,,
SV025,L,295,3,3,1,1,4,Stimulus,,,,,,,,,,,,
SV025,L,296,3,2,0,0,2,Stimulus,,,,,,,,,,,,
SV025,L,297,3,3,1,0,4,Stimulus,,,,,,,,,,,,
SV025,L,298,3,3,0,0,3,Stimulus,,,,,,,,,,,,
SV025,L,299,2,3,0,0,3,Stimulus,,,,,,,,,,,,
SV025,L,300,3,0,1,0,0,Stimulus,,,,,,,,,,,,
SV025,L,301,2,2,0,1,2,Stimulus,,,,,,,,,,,,
SV025,L,302,3,3,0,0,3,Stimulus,,,,,,,,,,,,
SV025,L,303,2,3,0,1,3,Stimulus,,,,,,,,,,,,
SV025,L,304,3,2,0,1,2,Stimulus,,,,,,,,,,,,
SV025,L,305,3,2,1,0,2,Stimulus,,,,,,,,,,,,
SV025,L,306,2,2,0,1,2,Stimulus,,,,,,,,,,,,
SV025,L,307,3,3,1,0,3,Stimulus,,,,,,,,,,,,
SV025,L,308,2,0,1,0,0,Stimulus,,,,,,,,,,,,
SV025,L,309,3,0,1,0,0,Stimulus,,,,,,,,,,,,
SV025,L,310,3,2,1,0,2,Stimulus,,,,,,,,,,,,
SV025,L,311,3,2,0,0,2,Stimulus,,,,,,,,,,,,
SV025,L,312,3,0,0,0,0,Stimulus,,,,,,,,0.5,0.5,56.0,56.0,12.0
SV025,L,313,2,3,1,0,3,Stimulus,,,,,,,,,,,,
SV025,L,314,3,0,1,1,0,Stimulus,,,,,,,,,,,,
SV025,L,315,2,0,1,0,0,Stimulus,,,,,,,,,,,,
SV025,L,316,3,0,0,1,0,Stimulus,,,,,,,,,,,,
SV025,L,317,2,3,0,0,4,Stimulus,,,,,,,,,,,,
SV025,L,318,2,0,0,0,0,Stimulus,,,,,,,,,,,,
SV025,L,319,2,3,1,1,3,Stimulus,,,,,,,,,,,,
SV025,L,320,3,0,1,1,0,Stimulus,,,,,,,,,,,,
SV025,L,321,2,3,0,1,3,Stimulus,,,,,,,,,,,,
SV025,L,322,2,3,1,0,3,Stimulus,,,,,,,,,,,,
SV025,L,323,2,2,1,0,2,Stimulus,,,,,,,,,,,,
SV025,L,324,3,0,0,0,0,Stimulus,,,,,,,,,,,,
SV025,L,325,3,2,1,0,2,Stimulus,,,,,,,,,,,,
SV025,L,326,3,3,1,1,3,Stimulus,,,,,,,,1.0,1.0,82.0,82.0,16.0
SV025,L,327,2,0,0,1,0,Stimulus,,,,,,,,,,,,
SV025,L,328,3,3,1,0,3,Stimulus,,,,,,,,,,,,
SV025,L,329,2,3,1,1,3,Stimulus,,,,,,,,,,,,
SV025,L,330,2,3,1,0,3,Stimulus,,,,,,,,0.5,0.5,66.0,66.0,12.0
SV025,L,331,3,0,1,0,0,Stimulus,,,,,,,,,,,,
SV025,L,332,2,3,1,0,3,Stimulus,,,,,,,,,,,,
SV025,L,333,3,0,1,1,0,Stimulus,,,,,,,,,,,,
SV025,L,334,3,0,1,0,0,Stimulus,,,,,,,,,,,,
SV025,L,335,3,2,0,0,2,Stimulus,,,,,,,,,,,,
SV025,L,336,3,2,0,1,2,Stimulus,,,,,,,,,,,,
SV025,L,337,2,2,1,1,2,Stimulus,,,,,,,,,,,,
SV025,L,338,2,3,1,0,3,Stimulus,,,,,,,,,,,,
SV025,L,339,2,0,0,1,0,Stimulus,,,,,,,,,,,,
SV025,L,340,2,2,1,1,2,Stimulus,,,,,,,,,,,,
SV025,L,341,3,0,1,1,0,Stimulus,,,,,,,,,,,,
SV025,L,342,2,0,0,0,0,Stimulus,,,,,,,,,,,,
SV025,L,343,2,3,0,0,3,Stimulus,,,,,,,,,,,,
SV025,L,344,3,3,1,1,3,Stimulus,,,,,,,,,,,,
SV025,L,345,2,3,0,0,3,Stimulus,,,,,,,,,,,,
SV025,L,346,3,3,0,0,3,Stimulus,,,,,,,,,,,,
SV025,L,347,3,3,0,1,3,Stimulus,,,,,,,,,,,,
SV025,L,348,3,0,1,1,0,Stimulus,,,,,,,,,,,,
SV025,L,349,2,2,0,0,2,Stimulus,,,,,,,,,,,,
SV025,L,350,2,3,1,0,3,Stimulus,,,,,,,,,,,,
SV025,L,351,3,3,1,1,3,Stimulus,,,,,,,,,,,,
SV025,L,352,2,2,1,0,2,Stimulus,,,,,,,,,,,,
SV025,L,353,2,0,0,1,0,Stimulus,,,,,,,,,,,,
SV025,L,354,2,2,0,1,2,Stimulus,,,,,,,,,,,,
SV025,L,355,2,0,0,0,0,Stimulus,,,,,,,,,,,,
SV025,L,356,3,0,0,1,0,Stimulus,,,,,,,,0.4,0.4,51.0,51.0,12.0
SV025,L,357,2,3,1,1,3,Stimulus,,,,,,,,,,,,
SV025,L,358,2,0,1,1,0,Stimulus,,,,,,,,,,,,
SV025,L,359,2,0,1,1,0,Stimulus,,,,,,,,,,,,
SV025,L,360,3,0,0,0,0,Stimulus,,,,,,,,,,,,
SV025,L,361,3,0,0,0,0,Stimulus,,,,,,,,,,,,
SV025,L,362,2,0,0,1,0,Stimulus,,,,,,,,,,,,
SV025,L,363,2,0,0,1,0,Stimulus,,,,,,,,,,,,
SV025,L,364,2,0,0,0,0,Stimulus,,,,,,,,,,,,
SV025,L,365,3,2,0,0,2,Stimulus,,,,,,,,,,,,
SV025,L,366,2,3,1,0,3,Stimulus,,,,,,,,,,,,
SV025,L,367,2,3,0,1,3,Stimulus,,,,,,,,,,,,
SV025,L,368,3,0,0,0,0,Stimulus,,,,,,,,,,,,
SV025,L,369,2,2,0,1,2,Stimulus,,,,,,,,,,,,
SV025,L,370,2,2,1,0,2,Stimulus,,,,,,,,,,,,
SV025,L,371,3,3,1,1,3,Stimulus,,,,,,,,,,,,
SV025,L,372,3,2,0,0,2,Stimulus,,,,,,,,,,,,
SV025,L,373,2,3,0,1,3,Stimulus,,,,,,,,,,,,
SV025,L,374,2,0,1,1,0,Stimulus,,,,,,,,,,,,
SV025,L,375,3,3,1,1,3,Stimulus,,,,,,,,,,,,
SV025,L,376,2,3,0,1,3,Stimulus,,,,,,,,,,,,
SV025,L,377,3,2,1,0,2,Stimulus,,,,,,,,,,,,
SV025,L,378,3,3,1,0,3,Stimulus,,,,,,,,,,,,
SV025,L,379,2,2,1,1,2,Stimulus,,,,,,,,,,,,
SV025,L,380,2,2,0,0,2,Stimulus,,,,,,,,,,,,
SV025,L,381,2,2,1,0,2,Stimulus,,,,,,,,,,,,
SV025,L,382,3,0,0,0,0,Stimulus,,,,,,,,,,,,
SV025,L,383,3,3,1,0,3,Stimulus,,,,,,,,,,,,
SV025,L,384,3,2,1,1,2,Stimulus,,,,,,,,,,,,
SV025,L,385,3,3,1,0,3,Stimulus,,,,,,,,,,,,
SV025,L,386,3,3,0,1,3,Stimulus,,,,,,,,,,,,
SV025,L,387,2,2,1,0,2,Stimulus,,,,,,,,,,,,
SV025,L,388,3,0,0,1,0,Stimulus,,,,,,,,,,,,
SV025,L,389,3,3,1,1,3,Stimulus,,,,,,,,,,,,
SV025,L,390,3,2,0,1,2,Stimulus,,,,,,,,,,,,
SV025,L,391,3,2,1,1,2,Stimulus,,,,,,,,,,,,
SV025,L,392,3,2,1,1,2,Stimulus,,,,,,,,,,,,
SV025,L,393,2,2,0,0,2,Stimulus,,,,,,,,,,,,
SV025,L,394,2,0,0,1,0,Stimulus,,,,,,,,,,,,
SV025,L,395,2,2,1,1,2,Stimulus,,,,,,,,,,,,
SV025,L,396,3,0,0,0,0,Stimulus,,,,,,,,,,,,
SV025,L,397,3,0,0,1,0,Stimulus,,,,,,,,,,,,
SV025,L,398,3,3,0,1,3,Stimulus,,,,,,,,,,,,
SV025,L,399,3,2,1,0,2,Stimulus,,,,,,,,,,,,
SV025,L,400,2,0,1,0,0,Stimulus,,,,,,,,,,,,
SV025,L,401,2,2,0,1,2,Stimulus,,,,,,,,,,,,
SV025,L,402,2,3,0,1,3,Stimulus,,,,,,,,,,,,
SV025,L,403,3,2,1,1,2,Stimulus,,,,,,,,,,,,
SV025,L,404,2,3,0,0,3,Stimulus,,,,,,,,,,,,
SV025,L,405,2,3,1,1,3,Stimulus,,,,,,,,,,,,
SV025,L,406,2,3,1,0,3,Stimulus,,,,,,,,,,,,
SV025,L,407,3,3,0,1,3,Stimulus,,,,,,,,,,,,
SV025,L,408,3,0,1,0,0,Stimulus,,,,,,,,,,,,
SV025,L,409,3,3,0,1,3,Stimulus,,,,,,,,,,,,
SV025,L,410,3,3,1,0,3,Stimulus,,,,,,,,,,,,
SV025,L,411,3,3,0,0,3,Stimulus,,,,,,,,,,,,
SV025,L,412,2,3,1,1,3,Stimulus,,,,,,,,,,,,
SV025,L,413,3,3,0,1,3,Stimulus,,,,,,,,,,,,
SV025,L,414,3,2,0,1,2,Stimulus,,,,,,,,,,,,
SV025,L,415,3,0,0,0,0,Stimulus,,,,,,,,,,,,
SV025,L,416,2,0,0,1,0,Stimulus,,,,,,,,,,,,
SV025,L,417,3,3,0,0,3,Stimulus,,,,,,,,,,,,
SV025,L,418,2,0,1,1,0,Stimulus,,,,,,,,1.8,1.8,360.0,360.0,216.0
SV025,L,419,2,2,0,0,2,Stimulus,,,,,,,,,,,,
SV025,L,420,2,3,1,1,3,Stimulus,,,,,,,,,,,,
SV025,L,421,3,2,1,0,2,Stimulus,,,,,,,,,,,,
SV025,L,422,2,2,0,0,2,Stimulus,,,,,,,,,,,,
SV025,L,423,2,0,1,1,0,Stimulus,,,,,,,,,,,,
SV025,L,424,2,2,1,0,2,Stimulus,,,,,,,,,,,,
SV025,L,425,2,2,0,1,2,Stimulus,,,,,,,,,,,,
SV025,L,426,2,0,1,1,0,Stimulus,,,,,,,,,,,,
SV025,L,427,3,2,1,1,2,Stimulus,,,,,,,,,,,,
SV025,L,428,3,0,0,1,0,Stimulus,,,,,,,,,,,,
SV025,L,429,2,2,1,1,2,Stimulus,,,,,,,,0.9,0.9,195.0,195.0,56.0
SV025,L,430,3,0,0,0,0,Stimulus,,,,,,,,,,,,
SV025,L,431,2,0,1,0,0,Stimulus,,,,,,,,,,,,
SV025,L,432,3,0,0,1,0,Stimulus,,,,,,,,,,,,
SV025,L,433,3,3,1,0,3,Stimulus,,,,,,,,,,,,
SV025,L,434,3,0,1,0,0,Stimulus,,,,,,,,,,,,
SV025,L,435,3,0,0,1,0,Stimulus,,,,,,,,,,,,
SV025,L,436,3,3,0,0,3,Stimulus,,,,,,,,,,,,
SV025,L,437,3,3,0,1,3,Stimulus,,,,,,,,,,,,
SV025,L,438,2,0,0,0,0,Stimulus,,,,,,,,,,,,
SV025,L,439,2,0,1,0,0,Stimulus,,,,,,,,,,,,
SV025,L,440,2,3,1,1,3,Stimulus,,,,,,,,,,,,
SV025,L,441,3,0,1,0,0,Stimulus,,,,,,,,,,,,
SV025,L,442,3,0,0,1,0,Stimulus,,,,,,,,,,,,
SV025,L,443,3,2,0,0,2,Stimulus,,,,,,,,,,,,
SV025,L,444,2,2,0,0,2,Stimulus,,,,,,,,,,,,
SV025,L,445,2,0,1,0,0,Stimulus,,,,,,,,,,,,
SV025,L,446,2,0,1,0,0,Stimulus,,,,,,,,,,,,
SV025,L,447,3,2,1,1,2,Stimulus,,,,,,,,,,,,
SV025,L,448,3,2,1,1,2,Stimulus,,,,,,,,,,,,
SV025,L,449,3,3,1,0,3,Stimulus,,,,,,,,,,,,
SV025,L,450,3,0,1,0,0,Stimulus,,,,,,,,,,,,
SV025,L,451,2,2,1,0,2,Stimulus,,,,,,,,,,,,
SV025,L,452,3,0,0,1,0,Stimulus,,,,,,,,,,,,
SV025,L,453,2,2,0,1,2,Stimulus,,,,,,,,,,,,
SV025,L,454,2,3,1,0,3,Stimulus,,,,,,,,,,,,
SV025,L,455,3,2,0,1,2,Stimulus,,,,,,,,,,,,
SV025,L,456,2,3,1,1,3,Stimulus,,,,,,,,,,,,
SV025,L,457,2,0,0,0,0,Stimulus,,,,,,,,,,,,
SV025,L,458,3,3,1,1,3,Stimulus,,,,,,,,,,,,
SV025,L,459,3,0,0,0,0,Stimulus,,,,,,,,,,,,
SV025,L,460,3,2,0,1,2,Stimulus,,,,,,,,,,,,
SV025,L,461,2,0,0,1,0,Stimulus,,,,,,,,1.2,1.2,81.0,81.0,20.0
SV025,L,462,2,2,1,1,2,Stimulus,,,,,,,,,,,,
SV025,L,463,3,3,0,1,3,Stimulus,,,,,,,,,,,,
SV025,L,464,2,0,1,0,0,Stimulus,,,,,,,,0.9,0.9,78.0,78.0,16.0
SV025,L,465,3,0,1,1,0,Stimulus,,,,,,,,,,,,
SV025,L,466,2,0,1,1,0,Stimulus,,,,,,,,,,,,
SV025,L,467,2,3,0,1,3,Stimulus,2628.6,2628.6,1921.6,1921.6,323.0,323.0,120.0,8.399999999999999,8.7,182.0,233.0,66.0
SV025,L,468,2,3,0,0,3,Stimulus,,,,,,,,,,,,
SV025,L,469,2,2,0,1,2,Stimulus,,,,,,,,,,,,
SV025,L,470,2,2,1,0,2,Stimulus,,,,,,,,,,,,
SV025,L,471,3,0,0,1,0,Stimulus,,,,,,,,,,,,
SV025,L,472,3,2,0,0,2,Stimulus,,,,,,,,,,,,
SV025,L,473,3,0,1,1,0,Stimulus,,,,,,,,,,,,
SV025,L,474,3,3,0,0,3,Stimulus,,,,,,,,,,,,
SV025,L,475,3,3,0,0,3,Stimulus,,,,,,,,,,,,
SV025,L,476,2,3,1,1,3,Stimulus,,,,,,,,,,,,
SV025,L,477,2,2,1,1,2,Stimulus,,,,,,,,,,,,
SV025,L,478,2,2,1,1,2,Stimulus,,,,,,,,,,,,
SV025,L,479,2,2,0,1,2,Stimulus,,,,,,,,,,,,
SV025,L,480,3,3,1,1,3,Stimulus,,,,,,,,0.5,0.5,2567.0,2567.0,108.0
SV025,R,1,2,3,0,0,2,Stimulus,,,,,,,,,,,,
SV025,R,2,2,2,0,1,2,Stimulus,,,,,,,,,,,,
SV025,R,3,3,2,0,0,2,Stimulus,,,,,,,,,,,,
SV025,R,4,2,0,1,1,3,Stimulus,,,,,,,,,,,,
SV025,R,5,2,2,1,1,2,Stimulus,,,,,,,,0.8,0.8,76.0,76.0,16.0
SV025,R,6,2,0,0,1,3,Stimulus,,,,,,,,,,,,
SV025,R,7,3,3,0,1,3,Stimulus,,,,,,,,,,,,
SV025,R,8,2,3,0,1,3,Stimulus,,,,,,,,,,,,
SV025,R,9,3,2,1,0,2,Stimulus,,,,,,,,,,,,
SV025,R,10,2,0,0,0,2,Stimulus,,,,,,,,,,,,
SV025,R,11,3,0,1,1,2,Stimulus,,,,,,,,,,,,
SV025,R,12,2,0,1,1,3,Stimulus,,,,,,,,,,,,
SV025,R,13,3,0,0,0,3,Stimulus,,,,,,,,,,,,
SV025,R,14,3,0,0,0,3,Stimulus,,,,,,,,,,,,
SV025,R,15,3,3,1,0,3,Stimulus,,,,,,,,,,,,
SV025,R,16,3,0,1,1,3,Stimulus,,,,,,,,1.4,1.4,95.0,95.0,20.0
SV025,R,17,3,2,0,0,2,Stimulus,,,,,,,,,,,,
SV025,R,18,2,3,0,1,3,Stimulus,,,,,,,,,,,,
SV025,R,19,2,3,1,0,3,Stimulus,,,,,,,,,,,,
SV025,R,20,3,3,0,0,3,Stimulus,,,,,,,,,,,,
SV025,R,21,2,3,0,1,3,Stimulus,,,,,,,,,,,,
SV025,R,22,2,0,1,1,3,Stimulus,,,,,,,,,,,,
SV025,R,23,3,0,0,0,3,Stimulus,,,,,,,,,,,,
SV025,R,24,3,3,1,1,3,Stimulus,,,,,,,,,,,,
SV025,R,25,2,2,0,0,2,Stimulus,,,,,,,,0.5,0.5,57.0,57.0,12.0
SV025,R,26,3,2,1,1,2,Stimulus,,,,,,,,,,,,
SV025,R,27,2,0,1,0,2,Stimulus,,,,,,,,,,,,
SV025,R,28,2,3,0,0,3,Stimulus,,,,,,,,,,,,
SV025,R,29,3,2,0,0,2,Stimulus,,,,,,,,,,,,
SV025,R,30,3,2,0,0,2,Stimulus,,,,,,,,,,,,
SV025,R,31,3,0,0,1,3,Stimulus,,,,,,,,,,,,
SV025,R,32,2,0,0,0,3,Stimulus,,,,,,,,,,,,
SV025,R,33,3,2,1,1,2,Stimulus,,,,,,,,,,,,
SV025,R,34,3,2,1,0,2,Stimulus,,,,,,,,,,,,
SV025,R,35,2,3,0,1,3,Stimulus,,,,,,,,,,,,
SV025,R,36,3,0,1,0,3,Stimulus,,,,,,,,,,,,
SV025,R,37,2,0,1,1,2,Stimulus,,,,,,,,,,,,
SV025,R,38,3,3,0,0,3,Stimulus,,,,,,,,,,,,
SV025,R,39,2,0,1,1,2,Stimulus,,,,,,,,,,,,
SV025,R,40,2,2,0,0,2,Stimulus,,,,,,,,,,,,
SV025,R,41,3,2,1,1,2,Stimulus,,,,,,,,,,,,
SV025,R,42,2,3,1,1,2,Stimulus,,,,,,,,,,,,
SV025,R,43,2,2,0,1,2,Stimulus,,,,,,,,,,,,
SV025,R,44,2,0,0,0,3,Stimulus,,,,,,,,,,,,
SV025,R,45,2,0,1,1,3,Stimulus,,,,,,,,,,,,
SV025,R,46,3,0,1,0,3,Stimulus,,,,,,,,,,,,
SV025,R,47,3,0,1,1,3,Stimulus,,,,,,,,,,,,
SV025,R,48,3,2,0,0,3,Stimulus,,,,,,,,,,,,
SV025,R,49,3,0,1,1,2,Stimulus,,,,,,,,,,,,
SV025,R,50,2,3,0,0,2,Stimulus,,,,,,,,,,,,
SV025,R,51,2,0,0,1,2,Stimulus,,,,,,,,0.5,0.5,66.0,66.0,12.0
SV025,R,52,2,2,1,1,2,Stimulus,,,,,,,,,,,,
SV025,R,53,2,2,0,0,2,Stimulus,,,,,,,,,,,,
SV025,R,54,2,0,0,1,2,Stimulus,,,,,,,,,,,,
SV025,R,55,3,0,0,1,2,Stimulus,,,,,,,,,,,,
SV025,R,56,3,3,0,0,3,Stimulus,,,,,,,,,,,,
SV025,R,57,2,0,0,0,2,Stimulus,,,,,,,,,,,,
SV025,R,58,3,3,1,0,3,Stimulus,,,,,,,,,,,,
SV025,R,59,2,0,1,0,3,Stimulus,,,,,,,,,,,,
SV025,R,60,2,2,0,1,2,Stimulus,,,,,,,,,,,,
SV025,R,61,3,0,0,0,3,Stimulus,,,,,,,,,,,,
SV025,R,62,2,3,1,1,2,Stimulus,,,,,,,,,,,,
SV025,R,63,3,3,0,0,3,Stimulus,,,,,,,,,,,,
SV025,R,64,2,3,0,0,3,Stimulus,,,,,,,,,,,,
SV025,R,65,2,0,0,1,2,Stimulus,,,,,,,,,,,,
SV025,R,66,3,3,0,1,3,Stimulus,,,,,,,,,,,,
SV025,R,67,3,3,1,0,3,Stimulus,,,,,,,,,,,,
SV025,R,68,2,2,1,0,2,Stimulus,,,,,,,,,,,,
SV025,R,69,3,3,0,0,3,Stimulus,,,,,,,,,,,,
SV025,R,70,2,2,0,0,2,Stimulus,,,,,,,,,,,,
SV025,R,71,3,0,1,1,2,Stimulus,,,,,,,,,,,,
SV025,R,72,3,2,0,1,2,Stimulus,,,,,,,,,,,,
SV025,R,73,3,2,0,1,2,Stimulus,,,,,,,,,,,,
SV025,R,74,3,3,0,1,2,Stimulus,,,,,,,,,,,,
SV025,R,75,3,2,0,0,2,Stimulus,,,,,,,,,,,,
SV025,R,76,2,2,1,0,2,Stimulus,,,,,,,,,,,,
SV025,R,77,3,3,1,1,2,Stimulus,,,,,,,,,,,,
SV025,R,78,3,2,0,0,2,Stimulus,,,,,,,,,,,,
SV025,R,79,3,2,1,1,2,Stimulus,,,,,,,,,,,,
SV025,R,80,2,2,1,0,2,Stimulus,,,,,,,,,,,,
SV025,R,81,2,3,1,1,2,Stimulus,,,,,,,,,,,,
SV025,R,82,3,0,0,0,2,Stimulus,,,,,,,,,,,,
SV025,R,83,3,0,1,0,2,Stimulus,,,,,,,,,,,,
SV025,R,84,3,2,1,0,2,Stimulus,,,,,,,,,,,,
SV025,R,85,2,0,1,0,2,Stimulus,,,,,,,,,,,,
SV025,R,86,2,3,1,0,2,Stimulus,,,,,,,,,,,,
SV025,R,87,3,0,0,1,3,Stimulus,,,,,,,,,,,,
SV025,R,88,3,2,0,1,2,Stimulus,,,,,,,,,,,,
SV025,R,89,3,2,1,0,2,Stimulus,,,,,,,,,,,,
SV025,R,90,3,3,1,0,2,Stimulus,,,,,,,,,,,,
SV025,R,91,2,3,1,1,2,Stimulus,,,,,,,,,,,,
SV025,R,92,2,3,1,1,2,Stimulus,,,,,,,,,,,,
SV025,R,93,2,2,0,0,2,Stimulus,,,,,,,,,,,,
SV025,R,94,2,3,0,1,2,Stimulus,,,,,,,,,,,,
SV025,R,95,2,2,1,1,2,Stimulus,,,,,,,,,,,,
SV025,R,96,2,3,1,1,2,Stimulus,,,,,,,,,,,,
SV025,R,97,3,3,1,1,2,Stimulus,,,,,,,,,,,,
SV025,R,98,3,3,1,1,3,Stimulus,,,,,,,,,,,,
SV025,R,99,3,2,0,1,2,Stimulus,,,,,,,,,,,,
SV025,R,100,3,3,0,0,3,Stimulus,,,,,,,,,,,,
SV025,R,101,3,0,0,0,3,Stimulus,,,,,,,,,,,,
SV025,R,102,2,2,1,0,2,Stimulus,,,,,,,,,,,,
SV025,R,103,2,2,1,0,2,Stimulus,,,,,,,,,,,,
SV025,R,104,2,2,0,0,2,Stimulus,,,,,,,,,,,,
SV025,R,105,3,0,0,1,2,Stimulus,,,,,,,,,,,,
SV025,R,106,2,3,1,1,2,Stimulus,,,,,,,,,,,,
SV025,R,107,3,3,1,1,3,Stimulus,,,,,,,,,,,,
SV025,R,108,3,3,1,0,3,Stimulus,,,,,,,,,,,,
SV025,R,109,3,2,1,0,2,Stimulus,,,,,,,,,,,,
SV025,R,110,2,3,0,1,2,Stimulus,,,,,,,,,,,,
SV025,R,111,2,0,0,0,3,Stimulus,,,,,,,,,,,,
SV025,R,112,2,2,0,0,2,Stimulus,,,,,,,,,,,,
SV025,R,113,3,3,1,1,2,Stimulus,,,,,,,,,,,,
SV025,R,114,3,3,1,0,2,Stimulus,,,,,,,,0.4,0.4,55.0,55.0,12.0
SV025,R,115,2,3,0,0,2,Stimulus,,,,,,,,,,,,
SV025,R,116,3,2,0,1,2,Stimulus,,,,,,,,,,,,
SV025,R,117,3,2,1,1,2,Stimulus,,,,,,,,,,,,
SV025,R,118,3,2,1,0,2,Stimulus,,,,,,,,,,,,
SV025,R,119,3,2,1,1,2,Stimulus,,,,,,,,,,,,
SV025,R,120,2,2,1,0,2,Stimulus,,,,,,,,,,,,
SV025,R,121,2,0,1,0,2,Stimulus,,,,,,,,,,,,
SV025,R,122,2,3,0,1,2,Stimulus,,,,,,,,,,,,
SV025,R,123,2,2,0,1,2,Stimulus,,,,,,,,,,,,
SV025,R,124,2,2,0,1,2,Stimulus,,,,,,,,,,,,
SV025,R,125,3,2,0,0,2,Stimulus,,,,,,,,,,,,
SV025,R,126,3,2,0,1,2,Stimulus,,,,,,,,,,,,
SV025,R,127,2,3,1,0,3,Stimulus,,,,,,,,,,,,
SV025,R,128,3,3,0,1,3,Stimulus,,,,,,,,,,,,
SV025,R,129,3,2,1,1,2,Stimulus,,,,,,,,,,,,
SV025,R,130,2,3,1,1,3,Stimulus,,,,,,,,,,,,
SV025,R,131,2,2,0,1,2,Stimulus,,,,,,,,,,,,
SV025,R,132,2,2,1,0,2,Stimulus,,,,,,,,,,,,
SV025,R,133,2,0,1,0,2,Stimulus,,,,,,,,,,,,
SV025,R,134,3,3,1,0,3,Stimulus,,,,,,,,0.5,0.5,61.0,61.0,12.0
SV025,R,135,3,2,1,0,2,Stimulus,,,,,,,,,,,,
SV025,R,136,3,0,1,0,3,Stimulus,,,,,,,,,,,,
SV025,R,137,2,3,1,0,3,Stimulus,,,,,,,,,,,,
SV025,R,138,2,2,1,1,2,Stimulus,,,,,,,,,,,,
SV025,R,139,2,2,1,0,2,Stimulus,,,,,,,,,,,,
SV025,R,140,2,0,0,1,3,Stimulus,,,,,,,,,,,,
SV025,R,141,3,0,1,1,2,Stimulus,,,,,,,,3.7,3.7,173.0,173.0,32.0
SV025,R,142,3,0,0,1,3,Stimulus,,,,,,,,,,,,
SV025,R,143,3,3,1,0,3,Stimulus,,,,,,,,,,,,
SV025,R,144,2,3,0,0,2,Stimulus,,,,,,,,,,,,
SV025,R,145,3,3,0,1,2,Stimulus,,,,,,,,,,,,
SV025,R,146,2,2,0,1,2,Stimulus,,,,,,,,,,,,
SV025,R,147,2,3,1,1,2,Stimulus,,,,,,,,,,,,
SV025,R,148,3,0,1,1,2,Stimulus,,,,,,,,,,,,
SV025,R,149,2,2,1,1,2,Stimulus,,,,,,,,,,,,
SV025,R,150,3,3,0,1,3,Stimulus,,,,,,,,,,,,
SV025,R,151,3,2,0,0,2,Stimulus,,,,,,,,,,,,
SV025,R,152,2,0,1,1,2,Stimulus,,,,,,,,,,,,
SV025,R,153,3,2,1,0,2,Stimulus,,,,,,,,,,,,
SV025,R,154,2,0,1,1,2,Stimulus,,,,,,,,,,,,
SV025,R,155,2,3,1,0,2,Stimulus,,,,,,,,,,,,
SV025,R,156,3,2,0,1,2,Stimulus,,,,,,,,,,,,
SV025,R,157,3,2,1,0,2,Stimulus,,,,,,,,2.6,2.6,166.0,166.0,24.0
SV025,R,158,2,0,0,0,2,Stimulus,,,,,,,,,,,,
SV025,R,159,3,0,1,0,3,Stimulus,,,,,,,,,,,,
SV025,R,160,2,2,1,0,2,Stimulus,,,,,,,,,,,,
SV025,R,161,2,3,1,0,2,Stimulus,,,,,,,,,,,,
SV025,R,162,2,3,0,1,3,Stimulus,,,,,,,,,,,,
SV025,R,163,3,3,0,0,3,Stimulus,,,,,,,,,,,,
SV025,R,164,2,2,0,0,2,Stimulus,,,,,,,,,,,,
SV025,R,165,3,3,0,1,3,Stimulus,,,,,,,,,,,,
SV025,R,166,2,3,0,0,2,Stimulus,,,,,,,,,,,,
SV025,R,167,3,2,0,1,2,Stimulus,,,,,,,,,,,,
SV025,R,168,3,3,1,1,2,Stimulus,,,,,,,,,,,,
SV025,R,169,3,0,1,0,2,Stimulus,,,,,,,,,,,,
SV025,R,170,2,0,1,0,2,Stimulus,,,,,,,,,,,,
SV025,R,171,3,3,0,0,3,Stimulus,,,,,,,,,,,,
SV025,R,172,2,2,1,1,2,Stimulus,,,,,,,,,,,,
SV025,R,173,2,2,1,1,2,Stimulus,,,,,,,,,,,,
SV025,R,174,2,3,0,0,3,Stimulus,,,,,,,,,,,,
SV025,R,175,2,0,0,0,2,Stimulus,,,,,,,,,,,,
SV025,R,176,3,2,0,1,2,Stimulus,,,,,,,,,,,,
SV025,R,177,3,0,1,0,3,Stimulus,,,,,,,,,,,,
SV025,R,178,2,2,1,1,2,Stimulus,,,,,,,,,,,,
SV025,R,179,3,3,0,0,3,Stimulus,,,,,,,,,,,,
SV025,R,180,3,0,0,1,2,Stimulus,,,,,,,,,,,,
SV025,R,181,2,0,0,1,2,Stimulus,,,,,,,,0.5,0.5,67.0,67.0,12.0
SV025,R,182,3,3,0,1,3,Stimulus,,,,,,,,,,,,
SV025,R,183,2,0,1,0,3,Stimulus,,,,,,,,,,,,
SV025,R,184,3,3,0,1,2,Stimulus,,,,,,,,,,,,
SV025,R,185,2,0,1,0,2,Stimulus,,,,,,,,,,,,
SV025,R,186,2,0,0,0,2,Stimulus,,,,,,,,,,,,
SV025,R,187,2,3,0,0,3,Stimulus,,,,,,,,,,,,
SV025,R,188,3,3,1,1,2,Stimulus,,,,,,,,,,,,
SV025,R,189,2,0,0,0,2,Stimulus,,,,,,,,,,,,
SV025,R,190,2,0,0,1,2,Stimulus,,,,,,,,,,,,
SV025,R,191,3,0,0,0,3,Stimulus,,,,,,,,,,,,
SV025,R,192,2,3,1,1,2,Stimulus,,,,,,,,,,,,
SV025,R,193,2,0,0,1,2,Stimulus,,,,,,,,,,,,
SV025,R,194,2,2,0,1,2,Stimulus,,,,,,,,,,,,
SV025,R,195,3,0,1,0,2,Stimulus,,,,,,,,,,,,
SV025,R,196,3,0,0,0,2,Stimulus,,,,,,,,,,,,
SV025,R,197,3,2,1,1,2,Stimulus,,,,,,,,,,,,
SV025,R,198,2,2,0,1,2,Stimulus,,,,,,,,,,,,
SV025,R,199,2,3,0,0,2,Stimulus,,,,,,,,,,,,
SV025,R,200,3,0,0,1,2,Stimulus,,,,,,,,,,,,
SV025,R,201,3,0,0,1,3,Stimulus,,,,,,,,,,,,
SV025,R,202,3,3,1,0,2,Stimulus,,,,,,,,,,,,
SV025,R,203,3,3,0,1,3,Stimulus,,,,,,,,,,,,
SV025,R,204,2,0,1,1,2,Stimulus,,,,,,,,,,,,
SV025,R,205,2,0,0,0,2,Stimulus,,,,,,,,,,,,
SV025,R,206,3,2,1,0,2,Stimulus,,,,,,,,,,,,
SV025,R,207,3,0,1,0,2,Stimulus,,,,,,,,,,,,
SV025,R,208,3,3,0,0,3,Stimulus,,,,,,,,,,,,
SV025,R,209,2,3,0,1,3,Stimulus,,,,,,,,,,,,
SV025,R,210,2,3,1,0,2,Stimulus,,,,,,,,,,,,
SV025,R,211,3,0,0,0,3,Stimulus,,,,,,,,,,,,
SV025,R,212,3,0,1,1,2,Stimulus,,,,,,,,,,,,
SV025,R,213,3,2,1,1,1,Stimulus,,,,,,,,,,,,
SV025,R,214,2,0,0,1,3,Stimulus,,,,,,,,,,,,
SV025,R,215,3,3,1,1,2,Stimulus,,,,,,,,,,,,
SV025,R,216,2,2,1,1,2,Stimulus,,,,,,,,,,,,
SV025,R,217,3,2,1,1,2,Stimulus,,,,,,,,,,,,
SV025,R,218,2,2,0,0,2,Stimulus,,,,,,,,,,,,
SV025,R,219,2,0,1,1,2,Stimulus,,,,,,,,,,,,
SV025,R,220,3,0,1,1,2,Stimulus,,,,,,,,,,,,
SV025,R,221,3,2,0,0,2,Stimulus,,,,,,,,,,,,
SV025,R,222,2,2,0,0,2,Stimulus,,,,,,,,,,,,
SV025,R,223,3,3,1,1,2,Stimulus,,,,,,,,,,,,
SV025,R,224,2,0,0,1,2,Stimulus,,,,,,,,,,,,
SV025,R,225,2,3,1,0,2,Stimulus,,,,,,,,,,,,
SV025,R,226,2,0,1,0,3,Stimulus,,,,,,,,,,,,
SV025,R,227,3,2,0,1,2,Stimulus,,,,,,,,,,,,
SV025,R,228,2,2,1,1,2,Stimulus,,,,,,,,,,,,
SV025,R,229,3,0,1,0,3,Stimulus,,,,,,,,,,,,
SV025,R,230,2,0,1,0,2,Stimulus,,,,,,,,,,,,
SV025,R,231,3,0,0,1,2,Stimulus,,,,,,,,,,,,
SV025,R,232,3,3,1,0,2,Stimulus,,,,,,,,,,,,
SV025,R,233,3,0,0,0,3,Stimulus,,,,,,,,,,,,
SV025,R,234,3,0,0,1,3,Stimulus,,,,,,,,,,,,
SV025,R,235,2,3,1,0,2,Stimulus,,,,,,,,,,,,
SV025,R,236,2,3,0,1,3,Stimulus,,,,,,,,,,,,
SV025,R,237,2,3,1,0,2,Stimulus,,,,,,,,,,,,
SV025,R,238,2,2,0,1,2,Stimulus,,,,,,,,,,,,
SV025,R,239,2,2,1,0,2,Stimulus,,,,,,,,,,,,
SV025,R,240,3,0,1,1,2,Stimulus,,,,,,,,,,,,
SV025,R,241,3,3,0,0,3,Stimulus,,,,,,,,,,,,
SV025,R,242,3,3,1,1,3,Stimulus,,,,,,,,,,,,
SV025,R,243,3,2,1,0,2,Stimulus,,,,,,,,,,,,
SV025,R,244,2,0,0,0,0,Stimulus,,,,,,,,,,,,
SV025,R,245,3,3,1,0,3,Stimulus,,,,,,,,,,,,
SV025,R,246,2,3,1,1,3,Stimulus,,,,,,,,,,,,
SV025,R,247,2,2,0,1,2,Stimulus,,,,,,,,,,,,
SV025,R,248,3,2,1,0,2,Stimulus,,,,,,,,,,,,
SV025,R,249,3,3,1,0,3,Stimulus,,,,,,,,,,,,
SV025,R,250,3,0,1,0,0,Stimulus,,,,,,,,,,,,
SV025,R,251,3,0,1,1,0,Stimulus,,,,,,,,,,,,
SV025,R,252,3,0,1,1,0,Stimulus,,,,,,,,,,,,
SV025,R,253,2,0,1,1,0,Stimulus,,,,,,,,,,,,
SV025,R,254,3,2,1,1,2,Stimulus,,,,,,,,,,,,
SV025,R,255,2,2,0,1,2,Stimulus,,,,,,,,,,,,
SV025,R,256,3,0,1,0,0,Stimulus,,,,,,,,,,,,
SV025,R,257,3,2,0,0,2,Stimulus,,,,,,,,,,,,
SV025,R,258,3,2,1,1,2,Stimulus,,,,,,,,,,,,
SV025,R,259,3,2,1,1,2,Stimulus,,,,,,,,,,,,
SV025,R,260,3,3,0,0,3,Stimulus,,,,,,,,,,,,
SV025,R,261,3,0,0,0,0,Stimulus,,,,,,,,,,,,
SV025,R,262,3,2,0,0,2,Stimulus,,,,,,,,,,,,
SV025,R,263,3,0,1,0,0,Stimulus,,,,,,,,,,,,
SV025,R,264,2,2,0,0,2,Stimulus,,,,,,,,,,,,
SV025,R,265,3,3,1,0,3,Stimulus,,,,,,,,,,,,
SV025,R,266,2,0,1,0,0,Stimulus,,,,,,,,,,,,
SV025,R,267,2,2,1,1,2,Stimulus,,,,,,,,,,,,
SV025,R,268,3,3,1,1,3,Stimulus,,,,,,,,,,,,
SV025,R,269,2,2,1,1,2,Stimulus,,,,,,,,,,,,
SV025,R,270,3,0,0,0,0,Stimulus,,,,,,,,,,,,
SV025,R,271,3,3,1,1,3,Stimulus,,,,,,,,,,,,
SV025,R,272,2,3,1,0,3,Stimulus,,,,,,,,,,,,
SV025,R,273,3,2,1,0,2,Stimulus,,,,,,,,,,,,
SV025,R,274,3,3,0,1,3,Stimulus,,,,,,,,,,,,
SV025,R,275,3,3,1,1,3,Stimulus,,,,,,,,,,,,
SV025,R,276,3,2,0,0,2,Stimulus,,,,,,,,,,,,
SV025,R,277,3,3,0,1,3,Stimulus,,,,,,,,,,,,
SV025,R,278,3,2,0,1,2,Stimulus,,,,,,,,,,,,
SV025,R,279,2,3,1,0,3,Stimulus,,,,,,,,,,,,
SV025,R,280,2,3,0,1,3,Stimulus,,,,,,,,,,,,
SV025,R,281,3,0,1,0,0,Stimulus,,,,,,,,,,,,
SV025,R,282,3,3,1,0,3,Stimulus,,,,,,,,,,,,
SV025,R,283,2,2,0,0,2,Stimulus,,,,,,,,,,,,
SV025,R,284,2,3,1,0,3,Stimulus,,,,,,,,,,,,
SV025,R,285,3,0,0,1,0,Stimulus,,,,,,,,,,,,
SV025,R,286,2,3,1,1,3,Stimulus,,,,,,,,,,,,
SV025,R,287,3,3,0,0,3,Stimulus,,,,,,,,,,,,
SV025,R,288,2,3,1,0,3,Stimulus,,,,,,,,,,,,
SV025,R,289,2,2,1,0,2,Stimulus,,,,,,,,1.0,1.0,67.0,67.0,20.0
SV025,R,290,2,0,1,0,0,Stimulus,,,,,,,,,,,,
SV025,R,291,2,0,1,1,0,Stimulus,,,,,,,,,,,,
SV025,R,292,2,2,0,1,2,Stimulus,,,,,,,,,,,,
SV025,R,293,2,2,1,1,2,Stimulus,,,,,,,,,,,,
SV025,R,294,3,2,1,1,2,Stimulus,,,,,,,,,,,,
SV025,R,295,2,0,1,1,0,Stimulus,,,,,,,,,,,,
SV025,R,296,3,0,1,1,0,Stimulus,,,,,,,,,,,,
SV025,R,297,2,0,0,0,0,Stimulus,,,,,,,,,,,,
SV025,R,298,2,2,0,0,2,Stimulus,,,,,,,,,,,,
SV025,R,299,3,2,1,1,2,Stimulus,,,,,,,,,,,,
SV025,R,300,2,3,0,0,3,Stimulus,,,,,,,,,,,,
SV025,R,301,3,3,0,1,3,Stimulus,,,,,,,,,,,,
SV025,R,302,3,3,0,1,3,Stimulus,,,,,,,,,,,,
SV025,R,303,2,0,1,1,0,Stimulus,,,,,,,,,,,,
SV025,R,304,2,3,0,1,3,Stimulus,,,,,,,,,,,,
SV025,R,305,2,0,0,1,0,Stimulus,,,,,,,,,,,,
SV025,R,306,2,0,0,0,0,Stimulus,,,,,,,,,,,,
SV025,R,307,3,2,0,1,2,Stimulus,,,,,,,,,,,,
SV025,R,308,2,0,1,0,0,Stimulus,,,,,,,,,,,,
SV025,R,309,3,2,1,0,2,Stimulus,,,,,,,,,,,,
SV025,R,310,2,2,0,0,2,Stimulus,,,,,,,,,,,,
SV025,R,311,3,0,1,1,0,Stimulus,,,,,,,,,,,,
SV025,R,312,2,0,0,0,0,Stimulus,,,,,,,,,,,,
SV025,R,313,2,2,0,0,0,Stimulus,,,,,,,,,,,,
SV025,R,314,3,0,1,1,0,Stimulus,,,,,,,,,,,,
SV025,R,315,2,3,0,1,3,Stimulus,,,,,,,,,,,,
SV025,R,316,2,2,1,0,2,Stimulus,,,,,,,,,,,,
SV025,R,317,2,3,1,0,3,Stimulus,,,,,,,,,,,,
SV025,R,318,3,3,0,1,3,Stimulus,,,,,,,,,,,,
SV025,R,319,3,0,0,1,0,Stimulus,,,,,,,,,,,,
SV025,R,320,3,3,1,1,3,Stimulus,,,,,,,,,,,,
SV025,R,321,3,2,1,0,2,Stimulus,,,,,,,,,,,,
SV025,R,322,2,3,1,1,3,Stimulus,,,,,,,,,,,,
SV025,R,323,3,0,1,0,0,Stimulus,,,,,,,,,,,,
SV025,R,324,3,2,1,1,2,Stimulus,,,,,,,,,,,,
SV025,R,325,2,0,0,0,0,Stimulus,,,,,,,,,,,,
SV025,R,326,2,3,0,0,3,Stimulus,,,,,,,,,,,,
SV025,R,327,3,2,0,0,2,Stimulus,,,,,,,,,,,,
SV025,R,328,2,3,0,1,3,Stimulus,,,,,,,,,,,,
SV025,R,329,2,2,1,0,2,Stimulus,,,,,,,,,,,,
SV025,R,330,3,2,0,0,2,Stimulus,,,,,,,,0.5,0.5,60.0,60.0,12.0
SV025,R,331,3,3,0,1,3,Stimulus,,,,,,,,,,,,
SV025,R,332,3,0,0,1,0,Stimulus,,,,,,,,,,,,
SV025,R,333,2,2,1,0,2,Stimulus,,,,,,,,,,,,
SV025,R,334,2,3,0,0,3,Stimulus,,,,,,,,,,,,
SV025,R,335,3,0,1,0,0,Stimulus,,,,,,,,,,,,
SV025,R,336,2,0,1,1,0,Stimulus,,,,,,,,,,,,
SV025,R,337,2,3,1,1,3,Stimulus,,,,,,,,,,,,
SV025,R,338,2,0,1,0,0,Stimulus,,,,,,,,,,,,
SV025,R,339,3,0,1,1,0,Stimulus,,,,,,,,,,,,
SV025,R,340,2,3,0,0,3,Stimulus,,,,,,,,,,,,
SV025,R,341,3,3,1,0,3,Stimulus,,,,,,,,,,,,
SV025,R,342,3,0,0,1,0,Stimulus,,,,,,,,0.4,0.4,55.0,55.0,12.0
SV025,R,343,2,2,1,1,2,Stimulus,,,,,,,,,,,,
SV025,R,344,3,2,0,0,2,Stimulus,,,,,,,,,,,,
SV025,R,345,3,2,0,0,2,Stimulus,,,,,,,,,,,,
SV025,R,346,2,3,0,0,3,Stimulus,,,,,,,,,,,,
SV025,R,347,3,0,1,1,0,Stimulus,,,,,,,,,,,,
SV025,R,348,3,0,0,0,0,Stimulus,,,,,,,,,,,,
SV025,R,349,3,0,0,1,0,Stimulus,,,,,,,,,,,,
SV025,R,350,3,3,0,0,3,Stimulus,,,,,,,,,,,,
SV025,R,351,3,0,0,0,0,Stimulus,,,,,,,,,,,,
SV025,R,352,2,2,0,1,2,Stimulus,,,,,,,,,,,,
SV025,R,353,3,0,0,1,0,Stimulus,,,,,,,,,,,,
SV025,R,354,3,0,1,1,0,Stimulus,,,,,,,,,,,,
SV025,R,355,2,2,1,1,2,Stimulus,,,,,,,,,,,,
SV025,R,356,2,2,0,0,2,Stimulus,,,,,,,,,,,,
SV025,R,357,2,2,0,1,2,Stimulus,,,,,,,,,,,,
SV025,R,358,3,3,1,1,3,Stimulus,,,,,,,,,,,,
SV025,R,359,3,2,0,1,2,Stimulus,,,,,,,,,,,,
SV025,R,360,2,0,1,0,0,Stimulus,,,,,,,,,,,,
SV025,R,361,3,2,0,0,2,Stimulus,,,,,,,,,,,,
SV025,R,362,2,0,1,1,0,Stimulus,,,,,,,,,,,,
SV025,R,363,2,2,1,1,2,Stimulus,,,,,,,,,,,,
SV025,R,364,2,3,0,0,3,Stimulus,,,,,,,,,,,,
SV025,R,365,3,0,0,1,0,Stimulus,,,,,,,,,,,,
SV025,R,366,3,0,1,1,0,Stimulus,,,,,,,,,,,,
SV025,R,367,3,2,1,0,2,Stimulus,,,,,,,,,,,,
SV025,R,368,2,0,0,0,0,Stimulus,,,,,,,,,,,,
SV025,R,369,2,0,0,1,0,Stimulus,,,,,,,,,,,,
SV025,R,370,2,3,1,1,3,Stimulus,,,,,,,,,,,,
SV025,R,371,3,3,0,0,3,Stimulus,,,,,,,,,,,,
SV025,R,372,3,0,0,0,0,Stimulus,,,,,,,,,,,,
SV025,R,373,3,3,1,0,3,Stimulus,,,,,,,,,,,,
SV025,R,374,2,2,0,1,2,Stimulus,,,,,,,,,,,,
SV025,R,375,3,3,0,1,3,Stimulus,,,,,,,,,,,,
SV025,R,376,2,2,0,1,2,Stimulus,,,,,,,,,,,,
SV025,R,377,2,2,1,0,2,Stimulus,,,,,,,,,,,,
SV025,R,378,3,2,1,0,2,Stimulus,,,,,,,,,,,,
SV025,R,379,2,3,0,0,3,Stimulus,,,,,,,,,,,,
SV025,R,380,3,2,0,1,2,Stimulus,,,,,,,,,,,,
SV025,R,381,3,2,1,1,2,Stimulus,,,,,,,,,,,,
SV025,R,382,3,3,1,0,3,Stimulus,,,,,,,,,,,,
SV025,R,383,3,3,0,1,3,Stimulus,,,,,,,,,,,,
SV025,R,384,3,0,1,1,0,Stimulus,,,,,,,,,,,,
SV025,R,385,2,0,0,1,0,Stimulus,,,,,,,,,,,,
SV025,R,386,2,3,1,1,3,Stimulus,,,,,,,,,,,,
SV025,R,387,2,0,0,1,0,Stimulus,,,,,,,,,,,,
SV025,R,388,3,0,0,0,0,Stimulus,,,,,,,,,,,,
SV025,R,389,2,0,0,0,0,Stimulus,,,,,,,,,,,,
SV025,R,390,3,3,0,0,3,Stimulus,,,,,,,,,,,,
SV025,R,391,2,3,1,0,3,Stimulus,,,,,,,,1.2,1.2,82.0,82.0,20.0
SV025,R,392,2,0,0,1,0,Stimulus,,,,,,,,,,,,
SV025,R,393,2,2,0,1,2,Stimulus,,,,,,,,,,,,
SV025,R,394,2,0,1,1,0,Stimulus,,,,,,,,,,,,
SV025,R,395,3,2,1,0,2,Stimulus,,,,,,,,,,,,
SV025,R,396,3,0,1,0,0,Stimulus,,,,,,,,,,,,
SV025,R,397,2,2,1,0,2,Stimulus,,,,,,,,,,,,
SV025,R,398,2,2,0,0,2,Stimulus,,,,,,,,,,,,
SV025,R,399,3,3,1,0,3,Stimulus,,,,,,,,,,,,
SV025,R,400,3,2,0,1,2,Stimulus,,,,,,,,,,,,
SV025,R,401,2,0,0,0,0,Stimulus,,,,,,,,,,,,
SV025,R,402,3,0,0,1,0,Stimulus,,,,,,,,,,,,
SV025,R,403,3,3,1,0,3,Stimulus,,,,,,,,,,,,
SV025,R,404,2,0,0,0,0,Stimulus,,,,,,,,,,,,
SV025,R,405,2,0,1,1,0,Stimulus,,,,,,,,,,,,
SV025,R,406,2,0,1,0,0,Stimulus,,,,,,,,1.1,1.1,74.0,74.0,20.0
SV025,R,407,3,2,0,1,2,Stimulus,,,,,,,,,,,,
SV025,R,408,2,3,0,0,3,Stimulus,,,,,,,,,,,,
SV025,R,409,2,0,1,1,0,Stimulus,,,,,,,,,,,,
SV025,R,410,2,3,0,0,3,Stimulus,,,,,,,,,,,,
SV025,R,411,2,3,0,1,3,Stimulus,,,,,,,,,,,,
SV025,R,412,3,2,0,1,2,Stimulus,,,,,,,,,,,,
SV025,R,413,3,0,1,0,0,Stimulus,,,,,,,,,,,,
SV025,R,414,2,0,1,1,0,Stimulus,,,,,,,,,,,,
SV025,R,415,2,2,1,0,2,Stimulus,,,,,,,,,,,,
SV025,R,416,2,2,1,0,2,Stimulus,,,,,,,,,,,,
SV025,R,417,3,0,0,0,0,Stimulus,,,,,,,,,,,,
SV025,R,418,3,0,0,0,0,Stimulus,,,,,,,,,,,,
SV025,R,419,3,3,0,1,3,Stimulus,,,,,,,,,,,,
SV025,R,420,2,3,1,1,3,Stimulus,,,,,,,,,,,,
SV025,R,421,3,2,1,0,2,Stimulus,,,,,,,,,,,,
SV025,R,422,2,0,1,0,0,Stimulus,,,,,,,,,,,,
SV025,R,423,2,2,1,1,2,Stimulus,,,,,,,,,,,,
SV025,R,424,2,3,1,1,3,Stimulus,,,,,,,,,,,,
SV025,R,425,2,3,0,1,3,Stimulus,,,,,,,,,,,,
SV025,R,426,2,3,0,1,3,Stimulus,,,,,,,,,,,,
SV025,R,427,2,3,0,0,3,Stimulus,,,,,,,,,,,,
SV025,R,428,3,3,1,1,3,Stimulus,,,,,,,,,,,,
SV025,R,429,3,3,0,1,3,Stimulus,,,,,,,,,,,,
SV025,R,430,2,0,0,0,0,Stimulus,,,,,,,,,,,,
SV025,R,431,3,3,1,1,3,Stimulus,,,,,,,,,,,,
SV025,R,432,2,2,0,1,2,Stimulus,,,,,,,,,,,,
SV025,R,433,3,2,1,1,2,Stimulus,,,,,,,,,,,,
SV025,R,434,3,2,1,0,2,Stimulus,,,,,,,,1.4,1.4,1069.0,1069.0,124.0
SV025,R,435,3,0,1,0,0,Stimulus,,,,,,,,,,,,
SV025,R,436,2,2,0,0,2,Stimulus,,,,,,,,,,,,
SV025,R,437,3,0,0,1,0,Stimulus,,,,,,,,,,,,
SV025,R,438,2,2,1,1,2,Stimulus,,,,,,,,,,,,
SV025,R,439,3,3,0,0,3,Stimulus,,,,,,,,,,,,
SV025,R,440,3,2,0,0,2,Stimulus,,,,,,,,,,,,
SV025,R,441,2,3,0,1,3,Stimulus,,,,,,,,,,,,
SV025,R,442,3,2,1,1,2,Stimulus,,,,,,,,,,,,
SV025,R,443,3,3,1,0,3,Stimulus,,,,,,,,,,,,
SV025,R,444,3,2,0,0,2,Stimulus,,,,,,,,,,,,
SV025,R,445,2,3,1,0,3,Stimulus,,,,,,,,,,,,
SV025,R,446,2,3,0,1,3,Stimulus,,,,,,,,,,,,
SV025,R,447,2,2,1,1,2,Stimulus,,,,,,,,,,,,
SV025,R,448,2,3,1,0,3,Stimulus,,,,,,,,1.6,1.6,111.0,111.0,20.0
SV025,R,449,2,2,1,0,2,Stimulus,,,,,,,,,,,,
SV025,R,450,2,3,0,1,1,Stimulus,,,,,,,,,,,,
SV025,R,451,2,2,0,0,2,Stimulus,,,,,,,,,,,,
SV025,R,452,3,0,0,1,0,Stimulus,,,,,,,,,,,,
SV025,R,453,3,3,1,1,3,Stimulus,,,,,,,,,,,,
SV025,R,454,2,0,0,1,0,Stimulus,,,,,,,,,,,,
SV025,R,455,2,3,1,0,3,Stimulus,,,,,,,,,,,,
SV025,R,456,3,2,0,1,2,Stimulus,,,,,,,,,,,,
SV025,R,457,2,0,1,0,0,Stimulus,,,,,,,,,,,,
SV025,R,458,2,0,1,0,0,Stimulus,,,,,,,,,,,,
SV025,R,459,3,0,0,0,0,Stimulus,,,,,,,,,,,,
SV025,R,460,2,3,1,0,3,Stimulus,,,,,,,,,,,,
SV025,R,461,3,3,0,0,3,Stimulus,,,,,,,,,,,,
SV025,R,462,2,2,1,1,2,Stimulus,,,,,,,,,,,,
SV025,R,463,3,2,0,1,2,Stimulus,,,,,,,,,,,,
SV025,R,464,2,0,0,1,0,Stimulus,,,,,,,,,,,,
SV025,R,465,2,2,0,1,2,Stimulus,,,,,,,,,,,,
SV025,R,466,2,0,0,1,0,Stimulus,,,,,,,,,,,,
SV025,R,467,3,3,0,0,3,Stimulus,,,,,,,,,,,,
SV025,R,468,2,3,1,1,3,Stimulus,,,,,,,,,,,,
SV025,R,469,3,3,0,0,1,Stimulus,,,,,,,,,,,,
SV025,R,470,2,0,0,1,0,Stimulus,,,,,,,,,,,,
SV025,R,471,3,0,1,0,0,Stimulus,,,,,,,,,,,,
SV025,R,472,2,2,0,0,2,Stimulus,,,,,,,,,,,,
SV025,R,473,3,2,0,1,2,Stimulus,,,,,,,,,,,,
SV025,R,474,2,0,1,0,0,Stimulus,,,,,,,,,,,,
SV025,R,475,3,3,1,1,3,Stimulus,,,,,,,,,,,,
SV025,R,476,2,0,0,1,0,Stimulus,,,,,,,,,,,,
SV025,R,477,2,3,1,1,3,Stimulus,,,,,,,,,,,,
SV025,R,478,3,0,0,0,0,Stimulus,,,,,,,,,,,,
SV025,R,479,2,2,1,0,2,Stimulus,,,,,,,,,,,,
SV025,R,480,3,2,1,1,2,Stimulus,,,,,,,,,,,,
