subj_id,eye,trial_no,n_flash,n_beep,direction,blindspot,response,phase,fixation_x_mean,fixation_x_max,fixation_y_mean,fixation_y_max,pupil_avg_mean,pupil_avg_max,fixation_duration_mean,saccade_amplitude_mean,saccade_amplitude_max,saccade_velocity_mean,saccade_velocity_max,saccade_duration_mean
SV033,L,1,2,3,0,0,3,Fixation,,,,,,,,,,,,
SV033,L,2,2,3,1,0,3,Fixation,,,,,,,,,,,,
SV033,L,3,3,3,0,1,3,Fixation,,,,,,,,,,,,
SV033,L,4,3,0,0,0,3,Fixation,,,,,,,,,,,,
SV033,L,5,2,2,1,1,2,Fixation,,,,,,,,,,,,
SV033,L,6,2,0,1,1,2,Fixation,,,,,,,,,,,,
SV033,L,7,2,0,1,1,2,Fixation,,,,,,,,,,,,
SV033,L,8,3,0,0,1,3,Fixation,,,,,,,,,,,,
SV033,L,9,2,0,1,1,2,Fixation,,,,,,,,,,,,
SV033,L,10,3,2,1,1,2,Fixation,,,,,,,,,,,,
SV033,L,11,2,2,1,0,2,Fixation,,,,,,,,,,,,
SV033,L,12,3,2,0,1,2,Fixation,,,,,,,,,,,,
SV033,L,13,2,0,1,0,2,Fixation,,,,,,,,,,,,
SV033,L,14,3,2,1,1,2,Fixation,,,,,,,,,,,,
SV033,L,15,2,2,0,0,2,Fixation,,,,,,,,,,,,
SV033,L,16,3,0,0,1,2,Fixation,,,,,,,,,,,,
SV033,L,17,2,0,0,0,3,Fixation,,,,,,,,,,,,
SV033,L,18,2,0,0,0,3,Fixation,,,,,,,,,,,,
SV033,L,19,3,0,0,0,3,Fixation,,,,,,,,,,,,
SV033,L,20,3,3,0,1,3,Fixation,,,,,,,,,,,,
SV033,L,21,2,2,1,1,2,Fixation,,,,,,,,,,,,
SV033,L,22,2,0,0,0,3,Fixation,,,,,,,,,,,,
SV033,L,23,3,3,0,0,3,Fixation,,,,,,,,,,,,
SV033,L,24,3,0,1,1,2,Fixation,,,,,,,,,,,,
SV033,L,25,3,2,0,0,2,Fixation,,,,,,,,,,,,
SV033,L,26,2,0,0,1,3,Fixation,,,,,,,,,,,,
SV033,L,27,3,0,1,1,2,Fixation,,,,,,,,,,,,
SV033,L,28,2,3,1,0,3,Fixation,,,,,,,,,,,,
SV033,L,29,3,0,0,1,3,Fixation,,,,,,,,,,,,
SV033,L,30,3,0,1,1,2,Fixation,,,,,,,,,,,,
SV033,L,31,2,2,0,1,2,Fixation,,,,,,,,,,,,
SV033,L,32,2,0,1,1,2,Fixation,,,,,,,,,,,,
SV033,L,33,3,2,1,1,2,Fixation,,,,,,,,,,,,
SV033,L,34,3,3,1,1,3,Fixation,,,,,,,,,,,,
SV033,L,35,2,3,0,1,3,Fixation,,,,,,,,,,,,
SV033,L,36,2,0,0,0,3,Fixation,,,,,,,,,,,,
SV033,L,37,2,2,1,0,2,Fixation,,,,,,,,,,,,
SV033,L,38,2,3,0,1,3,Fixation,,,,,,,,,,,,
SV033,L,39,2,3,0,0,3,Fixation,,,,,,,,,,,,
SV033,L,40,3,2,0,1,3,Fixation,,,,,,,,,,,,
SV033,L,41,3,2,1,0,2,Fixation,,,,,,,,,,,,
SV033,L,42,2,3,1,1,2,Fixation,,,,,,,,,,,,
SV033,L,43,3,0,1,1,1,Fixation,,,,,,,,,,,,
SV033,L,44,3,3,0,1,3,Fixation,,,,,,,,,,,,
SV033,L,45,3,2,1,1,2,Fixation,,,,,,,,,,,,
SV033,L,46,3,2,0,0,2,Fixation,,,,,,,,,,,,
SV033,L,47,2,3,0,1,3,Fixation,,,,,,,,,,,,
SV033,L,48,3,0,0,1,3,Fixation,,,,,,,,,,,,
SV033,L,49,3,3,1,0,3,Fixation,,,,,,,,,,,,
SV033,L,50,2,2,1,0,2,Fixation,,,,,,,,,,,,
SV033,L,51,3,0,1,0,3,Fixation,,,,,,,,,,,,
SV033,L,52,3,0,0,0,3,Fixation,,,,,,,,,,,,
SV033,L,53,2,3,0,1,3,Fixation,,,,,,,,,,,,
SV033,L,54,3,0,1,0,3,Fixation,,,,,,,,,,,,
SV033,L,55,3,3,1,0,3,Fixation,,,,,,,,,,,,
SV033,L,56,2,2,0,0,2,Fixation,,,,,,,,,,,,
SV033,L,57,3,0,1,0,3,Fixation,,,,,,,,,,,,
SV033,L,58,3,3,0,1,3,Fixation,,,,,,,,,,,,
SV033,L,59,3,3,0,0,3,Fixation,,,,,,,,,,,,
SV033,L,60,3,3,1,1,3,Fixation,,,,,,,,,,,,
SV033,L,61,3,3,1,1,3,Fixation,,,,,,,,,,,,
SV033,L,62,3,0,0,1,0,Fixation,,,,,,,,,,,,
SV033,L,63,2,2,1,0,2,Fixation,,,,,,,,,,,,
SV033,L,64,2,3,1,0,3,Fixation,,,,,,,,,,,,
SV033,L,65,2,3,0,1,3,Fixation,,,,,,,,,,,,
SV033,L,66,2,2,0,1,2,Fixation,,,,,,,,,,,,
SV033,L,67,2,0,0,1,3,Fixation,,,,,,,,,,,,
SV033,L,68,3,0,0,0,3,Fixation,,,,,,,,,,,,
SV033,L,69,2,3,0,0,3,Fixation,,,,,,,,,,,,
SV033,L,70,3,0,0,0,3,Fixation,,,,,,,,,,,,
SV033,L,71,3,2,0,0,2,Fixation,,,,,,,,,,,,
SV033,L,72,2,2,0,0,2,Fixation,,,,,,,,,,,,
SV033,L,73,3,2,1,1,2,Fixation,,,,,,,,,,,,
SV033,L,74,2,3,0,1,3,Fixation,,,,,,,,,,,,
SV033,L,75,2,3,1,1,2,Fixation,,,,,,,,,,,,
SV033,L,76,2,2,1,0,2,Fixation,,,,,,,,,,,,
SV033,L,77,3,2,0,1,2,Fixation,,,,,,,,,,,,
SV033,L,78,3,3,0,0,3,Fixation,,,,,,,,,,,,
SV033,L,79,3,2,1,0,2,Fixation,,,,,,,,,,,,
SV033,L,80,3,0,1,0,3,Fixation,,,,,,,,,,,,
SV033,L,81,3,2,1,0,2,Fixation,,,,,,,,,,,,
SV033,L,82,2,0,0,0,2,Fixation,,,,,,,,,,,,
SV033,L,83,2,2,1,1,1,Fixation,,,,,,,,,,,,
SV033,L,84,3,0,0,0,3,Fixation,,,,,,,,,,,,
SV033,L,85,2,0,1,0,3,Fixation,,,,,,,,,,,,
SV033,L,86,3,0,1,1,2,Fixation,,,,,,,,,,,,
SV033,L,87,2,0,0,1,2,Fixation,,,,,,,,,,,,
SV033,L,88,2,0,1,0,2,Fixation,,,,,,,,,,,,
SV033,L,89,3,0,1,0,1,Fixation,,,,,,,,,,,,
SV033,L,90,3,2,1,1,2,Fixation,,,,,,,,,,,,
SV033,L,91,2,3,1,0,2,Fixation,,,,,,,,,,,,
SV033,L,92,3,0,0,1,2,Fixation,,,,,,,,,,,,
SV033,L,93,3,0,0,1,1,Fixation,,,,,,,,,,,,
SV033,L,94,3,3,1,1,3,Fixation,,,,,,,,,,,,
SV033,L,95,3,0,1,0,2,Fixation,,,,,,,,,,,,
SV033,L,96,2,2,1,0,2,Fixation,,,,,,,,,,,,
SV033,L,97,2,3,1,1,3,Fixation,,,,,,,,,,,,
SV033,L,98,3,3,1,1,1,Fixation,,,,,,,,,,,,
SV033,L,99,2,0,1,1,1,Fixation,,,,,,,,,,,,
SV033,L,100,2,2,0,0,2,Fixation,,,,,,,,,,,,
SV033,L,101,3,0,1,1,1,Fixation,,,,,,,,,,,,
SV033,L,102,3,2,0,1,2,Fixation,,,,,,,,,,,,
SV033,L,103,3,2,0,0,2,Fixation,,,,,,,,,,,,
SV033,L,104,3,0,1,1,1,Fixation,,,,,,,,,,,,
SV033,L,105,2,2,1,1,2,Fixation,,,,,,,,,,,,
SV033,L,106,3,2,0,0,2,Fixation,,,,,,,,,,,,
SV033,L,107,3,0,0,0,3,Fixation,,,,,,,,,,,,
SV033,L,108,2,2,0,0,2,Fixation,,,,,,,,,,,,
SV033,L,109,3,0,1,0,2,Fixation,,,,,,,,,,,,
SV033,L,110,3,2,1,0,2,Fixation,,,,,,,,,,,,
SV033,L,111,2,2,1,1,2,Fixation,,,,,,,,,,,,
SV033,L,112,3,2,0,0,2,Fixation,,,,,,,,,,,,
SV033,L,113,2,3,0,0,3,Fixation,,,,,,,,,,,,
SV033,L,114,2,2,0,1,2,Fixation,,,,,,,,,,,,
SV033,L,115,3,3,1,0,3,Fixation,,,,,,,,,,,,
SV033,L,116,2,3,0,0,3,Fixation,,,,,,,,,,,,
SV033,L,117,3,3,0,1,3,Fixation,,,,,,,,,,,,
SV033,L,118,3,0,0,0,3,Fixation,,,,,,,,,,,,
SV033,L,119,2,2,1,0,2,Fixation,,,,,,,,,,,,
SV033,L,120,3,3,1,0,3,Fixation,,,,,,,,,,,,
SV033,L,121,2,2,1,0,2,Fixation,,,,,,,,,,,,
SV033,L,122,2,2,1,1,2,Fixation,,,,,,,,,,,,
SV033,L,123,3,0,1,0,3,Fixation,,,,,,,,,,,,
SV033,L,124,3,0,0,0,2,Fixation,,,,,,,,,,,,
SV033,L,125,3,3,1,1,2,Fixation,,,,,,,,,,,,
SV033,L,126,2,0,0,1,2,Fixation,,,,,,,,,,,,
SV033,L,127,3,2,1,1,2,Fixation,,,,,,,,,,,,
SV033,L,128,2,2,0,1,1,Fixation,,,,,,,,,,,,
SV033,L,129,2,3,0,1,2,Fixation,,,,,,,,,,,,
SV033,L,130,3,3,0,0,2,Fixation,,,,,,,,,,,,
SV033,L,131,3,2,1,0,2,Fixation,,,,,,,,,,,,
SV033,L,132,3,3,1,0,3,Fixation,,,,,,,,,,,,
SV033,L,133,3,3,1,1,2,Fixation,,,,,,,,,,,,
SV033,L,134,2,2,0,0,2,Fixation,,,,,,,,,,,,
SV033,L,135,2,3,1,0,3,Fixation,,,,,,,,,,,,
SV033,L,136,3,3,1,0,3,Fixation,,,,,,,,,,,,
SV033,L,137,2,3,0,0,3,Fixation,,,,,,,,,,,,
SV033,L,138,3,3,0,0,3,Fixation,,,,,,,,,,,,
SV033,L,139,3,0,0,1,2,Fixation,,,,,,,,,,,,
SV033,L,140,2,0,0,1,2,Fixation,,,,,,,,,,,,
SV033,L,141,2,3,1,0,3,Fixation,,,,,,,,,,,,
SV033,L,142,3,0,1,1,2,Fixation,,,,,,,,,,,,
SV033,L,143,3,0,1,0,2,Fixation,,,,,,,,,,,,
SV033,L,144,2,3,1,0,3,Fixation,,,,,,,,,,,,
SV033,L,145,2,0,1,0,3,Fixation,,,,,,,,,,,,
SV033,L,146,3,0,0,1,2,Fixation,,,,,,,,,,,,
SV033,L,147,3,2,0,0,2,Fixation,,,,,,,,,,,,
SV033,L,148,3,3,1,1,1,Fixation,,,,,,,,,,,,
SV033,L,149,2,2,1,0,2,Fixation,,,,,,,,,,,,
SV033,L,150,2,2,0,1,2,Fixation,,,,,,,,,,,,
SV033,L,151,3,3,1,0,3,Fixation,,,,,,,,,,,,
SV033,L,152,3,3,0,0,3,Fixation,,,,,,,,,,,,
SV033,L,153,2,0,0,0,2,Fixation,,,,,,,,,,,,
SV033,L,154,3,2,0,0,2,Fixation,,,,,,,,,,,,
SV033,L,155,2,0,1,0,2,Fixation,,,,,,,,,,,,
SV033,L,156,3,0,1,1,1,Fixation,,,,,,,,,,,,
SV033,L,157,3,2,1,0,2,Fixation,,,,,,,,,,,,
SV033,L,158,3,2,0,1,2,Fixation,,,,,,,,,,,,
SV033,L,159,3,3,1,0,3,Fixation,,,,,,,,,,,,
SV033,L,160,2,3,0,1,3,Fixation,,,,,,,,,,,,
SV033,L,161,3,2,0,1,2,Fixation,,,,,,,,,,,,
SV033,L,162,3,3,0,1,3,Fixation,,,,,,,,,,,,
SV033,L,163,2,3,0,0,3,Fixation,,,,,,,,,,,,
SV033,L,164,2,2,0,1,2,Fixation,,,,,,,,,,,,
SV033,L,165,2,2,1,1,2,Fixation,,,,,,,,,,,,
SV033,L,166,2,3,1,1,2,Fixation,,,,,,,,,,,,
SV033,L,167,2,0,1,1,1,Fixation,,,,,,,,,,,,
SV033,L,168,2,0,0,1,1,Fixation,,,,,,,,,,,,
SV033,L,169,3,2,0,1,1,Fixation,,,,,,,,,,,,
SV033,L,170,2,0,0,0,2,Fixation,,,,,,,,,,,,
SV033,L,171,2,0,1,1,2,Fixation,,,,,,,,,,,,
SV033,L,172,2,0,0,1,2,Fixation,,,,,,,,,,,,
SV033,L,173,2,0,1,1,2,Fixation,,,,,,,,,,,,
SV033,L,174,2,0,0,1,2,Fixation,,,,,,,,,,,,
SV033,L,175,3,3,0,0,3,Fixation,,,,,,,,,,,,
SV033,L,176,3,3,0,0,3,Fixation,,,,,,,,,,,,
SV033,L,177,3,0,0,1,3,Fixation,,,,,,,,,,,,
SV033,L,178,2,3,1,1,2,Fixation,,,,,,,,,,,,
SV033,L,179,3,3,0,1,2,Fixation,,,,,,,,,,,,
SV033,L,180,2,2,0,0,2,Fixation,,,,,,,,,,,,
SV033,L,181,2,0,0,1,0,Fixation,,,,,,,,,,,,
SV033,L,182,2,0,1,0,2,Fixation,,,,,,,,,,,,
SV033,L,183,2,2,0,1,2,Fixation,,,,,,,,,,,,
SV033,L,184,2,3,1,0,3,Fixation,,,,,,,,,,,,
SV033,L,185,2,2,1,1,2,Fixation,,,,,,,,,,,,
SV033,L,186,2,0,0,1,2,Fixation,,,,,,,,,,,,
SV033,L,187,2,0,0,0,3,Fixation,,,,,,,,,,,,
SV033,L,188,3,3,0,1,2,Fixation,,,,,,,,,,,,
SV033,L,189,2,0,1,0,2,Fixation,,,,,,,,,,,,
SV033,L,190,3,3,0,1,3,Fixation,,,,,,,,,,,,
SV033,L,191,3,2,1,1,2,Fixation,,,,,,,,,,,,
SV033,L,192,2,0,1,1,1,Fixation,,,,,,,,,,,,
SV033,L,193,2,3,1,0,3,Fixation,,,,,,,,,,,,
SV033,L,194,3,2,1,0,2,Fixation,,,,,,,,,,,,
SV033,L,195,2,2,0,1,2,Fixation,,,,,,,,,,,,
SV033,L,196,2,0,0,0,2,Fixation,,,,,,,,,,,,
SV033,L,197,2,3,1,1,2,Fixation,,,,,,,,,,,,
SV033,L,198,3,3,0,0,2,Fixation,,,,,,,,,,,,
SV033,L,199,3,2,1,0,2,Fixation,,,,,,,,,,,,
SV033,L,200,2,0,1,0,2,Fixation,,,,,,,,,,,,
SV033,L,201,2,2,0,0,2,Fixation,,,,,,,,,,,,
SV033,L,202,3,0,1,0,3,Fixation,,,,,,,,,,,,
SV033,L,203,3,2,0,1,2,Fixation,,,,,,,,,,,,
SV033,L,204,2,3,1,1,1,Fixation,,,,,,,,,,,,
SV033,L,205,2,2,0,0,2,Fixation,,,,,,,,,,,,
SV033,L,206,2,0,1,0,2,Fixation,,,,,,,,,,,,
SV033,L,207,2,2,0,1,2,Fixation,,,,,,,,,,,,
SV033,L,208,3,2,1,0,2,Fixation,,,,,,,,,,,,
SV033,L,209,2,2,1,1,1,Fixation,,,,,,,,,,,,
SV033,L,210,3,3,1,1,2,Fixation,,,,,,,,,,,,
SV033,L,211,2,3,0,0,3,Fixation,,,,,,,,,,,,
SV033,L,212,3,2,1,1,2,Fixation,,,,,,,,,,,,
SV033,L,213,3,3,1,0,3,Fixation,,,,,,,,,,,,
SV033,L,214,2,2,0,1,1,Fixation,,,,,,,,,,,,
SV033,L,215,3,2,1,1,2,Fixation,,,,,,,,,,,,
SV033,L,216,3,3,1,1,2,Fixation,,,,,,,,,,,,
SV033,L,217,3,3,0,0,2,Fixation,,,,,,,,,,,,
SV033,L,218,2,3,0,0,3,Fixation,,,,,,,,,,,,
SV033,L,219,2,3,0,0,3,Fixation,,,,,,,,,,,,
SV033,L,220,2,3,1,1,2,Fixation,,,,,,,,,,,,
SV033,L,221,2,0,1,0,2,Fixation,,,,,,,,,,,,
SV033,L,222,3,3,1,0,3,Fixation,,,,,,,,,,,,
SV033,L,223,3,2,0,0,2,Fixation,,,,,,,,,,,,
SV033,L,224,2,3,1,0,2,Fixation,,,,,,,,,,,,
SV033,L,225,3,2,0,1,2,Fixation,,,,,,,,,,,,
SV033,L,226,2,3,1,1,2,Fixation,,,,,,,,,,,,
SV033,L,227,2,2,1,0,2,Fixation,,,,,,,,,,,,
SV033,L,228,3,2,1,0,2,Fixation,,,,,,,,,,,,
SV033,L,229,3,2,0,1,2,Fixation,,,,,,,,,,,,
SV033,L,230,3,0,1,1,1,Fixation,,,,,,,,,,,,
SV033,L,231,2,3,1,1,2,Fixation,,,,,,,,,,,,
SV033,L,232,3,3,0,1,3,Fixation,,,,,,,,,,,,
SV033,L,233,2,0,1,1,1,Fixation,,,,,,,,,,,,
SV033,L,234,2,3,0,1,2,Fixation,,,,,,,,,,,,
SV033,L,235,2,2,1,1,2,Fixation,,,,,,,,,,,,
SV033,L,236,2,3,0,1,2,Fixation,,,,,,,,,,,,
SV033,L,237,2,2,0,0,2,Fixation,,,,,,,,,,,,
SV033,L,238,3,2,0,0,2,Fixation,,,,,,,,,,,,
SV033,L,239,3,0,0,0,2,Fixation,,,,,,,,,,,,
SV033,L,240,2,0,0,0,2,Fixation,,,,,,,,,,,,
SV033,L,241,3,2,1,0,2,Fixation,,,,,,,,,,,,
SV033,L,242,3,0,1,0,0,Fixation,,,,,,,,,,,,
SV033,L,243,2,3,1,0,2,Fixation,,,,,,,,,,,,
SV033,L,244,3,3,1,1,3,Fixation,,,,,,,,,,,,
SV033,L,245,2,3,0,1,3,Fixation,,,,,,,,,,,,
SV033,L,246,2,2,1,1,2,Fixation,,,,,,,,,,,,
SV033,L,247,2,0,0,0,1,Fixation,,,,,,,,,,,,
SV033,L,248,3,3,0,1,3,Fixation,,,,,,,,,,,,
SV033,L,249,3,0,1,0,0,Fixation,,,,,,,,,,,,
SV033,L,250,2,3,1,1,3,Fixation,,,,,,,,,,,,
SV033,L,251,2,3,0,1,3,Fixation,,,,,,,,,,,,
SV033,L,252,2,0,0,0,0,Fixation,,,,,,,,,,,,
SV033,L,253,2,0,0,1,0,Fixation,,,,,,,,,,,,
SV033,L,254,2,0,1,0,0,Fixation,,,,,,,,,,,,
SV033,L,255,3,2,1,0,2,Fixation,,,,,,,,,,,,
SV033,L,256,3,0,0,1,0,Fixation,,,,,,,,,,,,
SV033,L,257,2,0,0,1,0,Fixation,,,,,,,,,,,,
SV033,L,258,2,0,1,0,0,Fixation,,,,,,,,,,,,
SV033,L,259,3,3,0,1,3,Fixation,,,,,,,,,,,,
SV033,L,260,3,0,0,0,0,Fixation,,,,,,,,,,,,
SV033,L,261,3,3,1,1,3,Fixation,,,,,,,,,,,,
SV033,L,262,2,3,0,1,3,Fixation,,,,,,,,,,,,
SV033,L,263,2,0,1,1,0,Fixation,,,,,,,,,,,,
SV033,L,264,3,2,0,1,2,Fixation,,,,,,,,,,,,
SV033,L,265,2,3,1,0,3,Fixation,,,,,,,,,,,,
SV033,L,266,2,0,1,1,0,Fixation,,,,,,,,,,,,
SV033,L,267,3,3,1,1,3,Fixation,,,,,,,,,,,,
SV033,L,268,3,2,0,0,2,Fixation,,,,,,,,,,,,
SV033,L,269,3,0,1,1,0,Fixation,,,,,,,,,,,,
SV033,L,270,2,0,0,0,0,Fixation,,,,,,,,,,,,
SV033,L,271,2,2,1,0,2,Fixation,,,,,,,,,,,,
SV033,L,272,2,2,1,1,2,Fixation,,,,,,,,,,,,
SV033,L,273,2,0,0,1,0,Fixation,,,,,,,,,,,,
SV033,L,274,3,2,0,0,2,Fixation,,,,,,,,,,,,
SV033,L,275,3,2,0,1,2,Fixation,,,,,,,,,,,,
SV033,L,276,2,3,0,0,3,Fixation,,,,,,,,,,,,
SV033,L,277,3,3,1,1,3,Fixation,,,,,,,,,,,,
SV033,L,278,2,2,1,0,2,Fixation,,,,,,,,,,,,
SV033,L,279,2,2,0,1,2,Fixation,,,,,,,,,,,,
SV033,L,280,2,3,0,0,3,Fixation,,,,,,,,,,,,
SV033,L,281,2,3,1,0,3,Fixation,,,,,,,,,,,,
SV033,L,282,3,2,1,0,2,Fixation,,,,,,,,,,,,
SV033,L,283,2,3,0,0,3,Fixation,,,,,,,,,,,,
SV033,L,284,3,0,1,1,0,Fixation,,,,,,,,,,,,
SV033,L,285,2,3,0,1,3,Fixation,,,,,,,,,,,,
SV033,L,286,3,2,0,0,2,Fixation,,,,,,,,,,,,
SV033,L,287,2,2,0,0,2,Fixation,,,,,,,,,,,,
SV033,L,288,3,0,1,1,0,Fixation,,,,,,,,,,,,
SV033,L,289,3,2,0,0,2,Fixation,,,,,,,,,,,,
SV033,L,290,2,0,1,1,0,Fixation,,,,,,,,,,,,
SV033,L,291,2,2,1,0,2,Fixation,,,,,,,,,,,,
SV033,L,292,3,2,0,0,2,Fixation,,,,,,,,,,,,
SV033,L,293,3,0,1,0,0,Fixation,,,,,,,,,,,,
SV033,L,294,3,3,1,1,3,Fixation,,,,,,,,,,,,
SV033,L,295,2,2,1,1,2,Fixation,,,,,,,,,,,,
SV033,L,296,3,0,0,0,0,Fixation,,,,,,,,,,,,
SV033,L,297,2,0,0,1,0,Fixation,,,,,,,,,,,,
SV033,L,298,3,3,1,0,3,Fixation,,,,,,,,,,,,
SV033,L,299,3,0,0,0,0,Fixation,,,,,,,,,,,,
SV033,L,300,3,3,1,1,3,Fixation,,,,,,,,,,,,
SV033,L,301,3,3,1,0,3,Fixation,,,,,,,,,,,,
SV033,L,302,3,0,1,1,0,Fixation,,,,,,,,,,,,
SV033,L,303,2,2,1,1,2,Fixation,,,,,,,,,,,,
SV033,L,304,3,3,1,1,3,Fixation,,,,,,,,,,,,
SV033,L,305,3,0,0,1,0,Fixation,,,,,,,,,,,,
SV033,L,306,3,3,0,0,3,Fixation,,,,,,,,,,,,
SV033,L,307,2,3,0,0,3,Fixation,,,,,,,,,,,,
SV033,L,308,3,3,0,1,3,Fixation,,,,,,,,,,,,
SV033,L,309,3,3,0,0,3,Fixation,,,,,,,,,,,,
SV033,L,310,3,2,1,0,2,Fixation,,,,,,,,,,,,
SV033,L,311,3,0,1,1,0,Fixation,,,,,,,,,,,,
SV033,L,312,2,0,1,0,0,Fixation,,,,,,,,,,,,
SV033,L,313,2,3,0,0,3,Fixation,,,,,,,,,,,,
SV033,L,314,3,2,1,1,2,Fixation,,,,,,,,,,,,
SV033,L,315,3,2,0,1,2,Fixation,,,,,,,,,,,,
SV033,L,316,3,0,1,0,0,Fixation,,,,,,,,,,,,
SV033,L,317,3,0,0,1,0,Fixation,,,,,,,,,,,,
SV033,L,318,2,2,1,1,2,Fixation,,,,,,,,,,,,
SV033,L,319,2,3,1,1,3,Fixation,,,,,,,,,,,,
SV033,L,320,2,0,1,0,0,Fixation,,,,,,,,,,,,
SV033,L,321,3,3,0,0,3,Fixation,,,,,,,,,,,,
SV033,L,322,3,0,1,1,0,Fixation,,,,,,,,,,,,
SV033,L,323,3,0,1,0,0,Fixation,,,,,,,,,,,,
SV033,L,324,2,0,1,1,0,Fixation,,,,,,,,,,,,
SV033,L,325,2,3,0,0,4,Fixation,,,,,,,,,,,,
SV033,L,326,2,0,1,0,0,Fixation,,,,,,,,,,,,
SV033,L,327,2,3,0,0,4,Fixation,,,,,,,,,,,,
SV033,L,328,3,0,1,1,0,Fixation,,,,,,,,,,,,
SV033,L,329,3,3,1,0,4,Fixation,,,,,,,,,,,,
SV033,L,330,2,0,1,0,4,Fixation,,,,,,,,,,,,
SV033,L,331,2,3,1,1,0,Fixation,,,,,,,,,,,,
SV033,L,332,2,2,1,0,4,Fixation,,,,,,,,,,,,
SV033,L,333,3,2,0,1,2,Fixation,,,,,,,,,,,,
SV033,L,334,2,0,1,0,0,Fixation,,,,,,,,,,,,
SV033,L,335,2,0,0,0,0,Fixation,,,,,,,,,,,,
SV033,L,336,2,0,0,0,0,Fixation,,,,,,,,,,,,
SV033,L,337,3,2,1,1,2,Fixation,,,,,,,,,,,,
SV033,L,338,3,2,0,1,2,Fixation,,,,,,,,,,,,
SV033,L,339,3,0,1,0,0,Fixation,,,,,,,,,,,,
SV033,L,340,3,0,1,1,0,Fixation,,,,,,,,,,,,
SV033,L,341,3,2,0,0,2,Fixation,,,,,,,,,,,,
SV033,L,342,3,2,1,1,2,Fixation,,,,,,,,,,,,
SV033,L,343,2,2,1,0,2,Fixation,,,,,,,,,,,,
SV033,L,344,2,2,1,0,2,Fixation,,,,,,,,,,,,
SV033,L,345,3,0,0,1,0,Fixation,,,,,,,,,,,,
SV033,L,346,3,0,0,0,0,Fixation,,,,,,,,,,,,
SV033,L,347,2,0,1,0,0,Fixation,,,,,,,,,,,,
SV033,L,348,3,3,0,1,3,Fixation,,,,,,,,,,,,
SV033,L,349,3,2,0,0,2,Fixation,,,,,,,,,,,,
SV033,L,350,2,0,0,0,2,Fixation,,,,,,,,,,,,
SV033,L,351,3,2,1,0,2,Fixation,,,,,,,,,,,,
SV033,L,352,3,3,1,0,3,Fixation,,,,,,,,,,,,
SV033,L,353,3,2,0,1,2,Fixation,,,,,,,,,,,,
SV033,L,354,2,3,0,1,3,Fixation,,,,,,,,,,,,
SV033,L,355,3,3,1,0,4,Fixation,,,,,,,,,,,,
SV033,L,356,3,0,0,0,0,Fixation,,,,,,,,,,,,
SV033,L,357,2,2,0,1,2,Fixation,,,,,,,,,,,,
SV033,L,358,3,3,1,1,3,Fixation,,,,,,,,,,,,
SV033,L,359,2,3,1,1,4,Fixation,,,,,,,,,,,,
SV033,L,360,2,3,1,0,4,Fixation,,,,,,,,,,,,
SV033,L,361,2,0,0,1,0,Fixation,,,,,,,,,,,,
SV033,L,362,2,3,1,1,4,Fixation,,,,,,,,,,,,
SV033,L,363,2,0,0,1,0,Fixation,,,,,,,,,,,,
SV033,L,364,2,2,0,1,2,Fixation,,,,,,,,,,,,
SV033,L,365,3,2,0,1,2,Fixation,,,,,,,,,,,,
SV033,L,366,2,3,0,1,3,Fixation,,,,,,,,,,,,
SV033,L,367,2,0,1,1,0,Fixation,,,,,,,,,,,,
SV033,L,368,2,2,0,1,2,Fixation,,,,,,,,,,,,
SV033,L,369,2,3,1,0,3,Fixation,,,,,,,,,,,,
SV033,L,370,3,2,0,1,2,Fixation,,,,,,,,,,,,
SV033,L,371,3,3,0,1,3,Fixation,,,,,,,,,,,,
SV033,L,372,3,3,0,1,3,Fixation,,,,,,,,,,,,
SV033,L,373,2,3,0,0,3,Fixation,,,,,,,,,,,,
SV033,L,374,3,0,0,0,0,Fixation,,,,,,,,,,,,
SV033,L,375,2,2,0,0,2,Fixation,,,,,,,,,,,,
SV033,L,376,2,2,0,0,2,Fixation,,,,,,,,,,,,
SV033,L,377,3,2,0,0,2,Fixation,,,,,,,,,,,,
SV033,L,378,2,2,0,1,2,Fixation,,,,,,,,,,,,
SV033,L,379,3,2,1,1,2,Fixation,,,,,,,,,,,,
SV033,L,380,3,2,1,1,2,Fixation,,,,,,,,,,,,
SV033,L,381,3,2,1,1,2,Fixation,,,,,,,,,,,,
SV033,L,382,3,2,1,1,2,Fixation,,,,,,,,,,,,
SV033,L,383,3,0,0,1,0,Fixation,,,,,,,,,,,,
SV033,L,384,3,2,1,0,2,Fixation,,,,,,,,,,,,
SV033,L,385,3,3,0,0,3,Fixation,,,,,,,,,,,,
SV033,L,386,3,0,0,0,0,Fixation,,,,,,,,,,,,
SV033,L,387,2,0,0,1,0,Fixation,,,,,,,,,,,,
SV033,L,388,3,3,0,1,3,Fixation,,,,,,,,,,,,
SV033,L,389,3,2,1,1,2,Fixation,,,,,,,,,,,,
SV033,L,390,2,2,0,1,2,Fixation,,,,,,,,,,,,
SV033,L,391,2,0,1,1,0,Fixation,,,,,,,,,,,,
SV033,L,392,2,3,1,0,3,Fixation,,,,,,,,,,,,
SV033,L,393,3,3,0,0,3,Fixation,,,,,,,,,,,,
SV033,L,394,3,0,1,0,0,Fixation,,,,,,,,,,,,
SV033,L,395,3,2,0,1,2,Fixation,,,,,,,,,,,,
SV033,L,396,3,3,0,0,3,Fixation,,,,,,,,,,,,
SV033,L,397,2,2,0,0,2,Fixation,,,,,,,,,,,,
SV033,L,398,3,0,0,0,0,Fixation,,,,,,,,,,,,
SV033,L,399,2,2,1,0,2,Fixation,,,,,,,,,,,,
SV033,L,400,2,2,1,1,2,Fixation,,,,,,,,,,,,
SV033,L,401,3,0,0,1,0,Fixation,,,,,,,,,,,,
SV033,L,402,2,2,1,0,2,Fixation,,,,,,,,,,,,
SV033,L,403,2,2,0,1,2,Fixation,,,,,,,,,,,,
SV033,L,404,3,3,0,0,3,Fixation,,,,,,,,,,,,
SV033,L,405,2,2,0,0,2,Fixation,,,,,,,,,,,,
SV033,L,406,2,2,0,0,2,Fixation,,,,,,,,,,,,
SV033,L,407,3,2,1,0,2,Fixation,,,,,,,,,,,,
SV033,L,408,2,0,0,0,0,Fixation,,,,,,,,,,,,
SV033,L,409,3,3,1,0,3,Fixation,,,,,,,,,,,,
SV033,L,410,3,3,1,0,3,Fixation,,,,,,,,,,,,
SV033,L,411,3,0,1,0,0,Fixation,,,,,,,,,,,,
SV033,L,412,3,2,0,0,2,Fixation,,,,,,,,,,,,
SV033,L,413,2,2,1,1,2,Fixation,,,,,,,,,,,,
SV033,L,414,2,0,1,1,0,Fixation,,,,,,,,,,,,
SV033,L,415,2,2,0,1,2,Fixation,,,,,,,,,,,,
SV033,L,416,3,3,0,0,3,Fixation,,,,,,,,,,,,
SV033,L,417,3,0,1,0,0,Fixation,,,,,,,,,,,,
SV033,L,418,3,3,0,1,3,Fixation,,,,,,,,,,,,
SV033,L,419,2,0,0,0,0,Fixation,,,,,,,,,,,,
SV033,L,420,2,3,1,1,4,Fixation,,,,,,,,,,,,
SV033,L,421,3,0,0,1,0,Fixation,,,,,,,,,,,,
SV033,L,422,2,0,0,0,0,Fixation,,,,,,,,,,,,
SV033,L,423,3,3,0,0,4,Fixation,,,,,,,,,,,,
SV033,L,424,2,0,0,1,0,Fixation,,,,,,,,,,,,
SV033,L,425,2,2,1,1,2,Fixation,,,,,,,,,,,,
SV033,L,426,3,0,0,1,0,Fixation,,,,,,,,,,,,
SV033,L,427,2,3,1,1,3,Fixation,,,,,,,,,,,,
SV033,L,428,3,3,1,0,3,Fixation,,,,,,,,,,,,
SV033,L,429,2,3,0,1,3,Fixation,,,,,,,,,,,,
SV033,L,430,3,3,1,1,3,Fixation,,,,,,,,,,,,
SV033,L,431,2,2,0,0,2,Fixation,,,,,,,,,,,,
SV033,L,432,3,3,0,0,3,Fixation,,,,,,,,,,,,
SV033,L,433,2,3,1,1,3,Fixation,,,,,,,,,,,,
SV033,L,434,3,0,0,0,0,Fixation,,,,,,,,,,,,
SV033,L,435,3,3,1,0,3,Fixation,,,,,,,,,,,,
SV033,L,436,3,0,0,1,0,Fixation,,,,,,,,,,,,
SV033,L,437,2,0,1,1,0,Fixation,,,,,,,,,,,,
SV033,L,438,3,2,1,0,2,Fixation,,,,,,,,,,,,
SV033,L,439,3,2,1,0,2,Fixation,,,,,,,,,,,,
SV033,L,440,2,3,1,1,3,Fixation,,,,,,,,,,,,
SV033,L,441,2,3,1,0,3,Fixation,,,,,,,,,,,,
SV033,L,442,2,3,1,0,3,Fixation,,,,,,,,,,,,
SV033,L,443,2,0,0,1,3,Fixation,,,,,,,,,,,,
SV033,L,444,2,2,0,1,2,Fixation,,,,,,,,,,,,
SV033,L,445,3,3,1,1,3,Fixation,,,,,,,,,,,,
SV033,L,446,2,0,0,1,0,Fixation,,,,,,,,0.9,0.9,64.0,64.0,16.0
SV033,L,447,3,3,0,1,3,Fixation,,,,,,,,,,,,
SV033,L,448,3,0,1,1,0,Fixation,,,,,,,,,,,,
SV033,L,449,2,3,1,0,3,Fixation,,,,,,,,,,,,
SV033,L,450,2,2,1,0,2,Fixation,,,,,,,,,,,,
SV033,L,451,3,3,1,0,3,Fixation,,,,,,,,,,,,
SV033,L,452,2,0,0,0,0,Fixation,,,,,,,,,,,,
SV033,L,453,2,3,0,1,3,Fixation,,,,,,,,,,,,
SV033,L,454,3,0,0,1,0,Fixation,,,,,,,,,,,,
SV033,L,455,3,2,1,1,2,Fixation,,,,,,,,,,,,
SV033,L,456,2,3,0,0,3,Fixation,,,,,,,,,,,,
SV033,L,457,2,0,1,1,0,Fixation,,,,,,,,,,,,
SV033,L,458,2,2,0,1,2,Fixation,,,,,,,,,,,,
SV033,L,459,2,0,1,1,0,Fixation,,,,,,,,,,,,
SV033,L,460,2,3,1,1,3,Fixation,,,,,,,,,,,,
SV033,L,461,2,3,0,1,2,Fixation,,,,,,,,,,,,
SV033,L,462,3,0,1,1,0,Fixation,,,,,,,,,,,,
SV033,L,463,2,2,1,1,2,Fixation,,,,,,,,,,,,
SV033,L,464,3,0,1,0,0,Fixation,,,,,,,,,,,,
SV033,L,465,3,2,0,0,2,Fixation,,,,,,,,,,,,
SV033,L,466,2,3,1,0,3,Fixation,,,,,,,,,,,,
SV033,L,467,2,3,0,0,3,Fixation,,,,,,,,,,,,
SV033,L,468,3,3,0,1,3,Fixation,,,,,,,,,,,,
SV033,L,469,3,0,0,0,0,Fixation,,,,,,,,,,,,
SV033,L,470,2,2,1,0,2,Fixation,,,,,,,,,,,,
SV033,L,471,3,2,1,0,2,Fixation,,,,,,,,,,,,
SV033,L,472,3,2,0,1,2,Fixation,,,,,,,,,,,,
SV033,L,473,2,0,1,0,0,Fixation,,,,,,,,,,,,
SV033,L,474,2,3,0,1,3,Fixation,,,,,,,,,,,,
SV033,L,475,2,2,0,0,2,Fixation,,,,,,,,,,,,
SV033,L,476,3,2,1,1,2,Fixation,,,,,,,,,,,,
SV033,L,477,2,2,0,0,2,Fixation,,,,,,,,,,,,
SV033,L,478,2,0,1,0,0,Fixation,,,,,,,,,,,,
SV033,L,479,2,2,1,1,2,Fixation,,,,,,,,,,,,
SV033,L,480,2,2,0,0,2,Fixation,,,,,,,,,,,,
SV033,R,1,2,2,0,0,2,Fixation,,,,,,,,,,,,
SV033,R,2,3,0,0,0,3,Fixation,,,,,,,,,,,,
SV033,R,3,3,0,1,1,2,Fixation,,,,,,,,,,,,
SV033,R,4,2,3,0,1,2,Fixation,,,,,,,,,,,,
SV033,R,5,3,2,1,0,2,Fixation,,,,,,,,,,,,
SV033,R,6,3,0,1,0,2,Fixation,,,,,,,,,,,,
SV033,R,7,3,3,1,1,2,Fixation,,,,,,,,,,,,
SV033,R,8,3,0,1,1,2,Fixation,,,,,,,,,,,,
SV033,R,9,2,0,0,1,2,Fixation,,,,,,,,,,,,
SV033,R,10,3,3,1,1,3,Fixation,,,,,,,,,,,,
SV033,R,11,3,2,0,1,2,Fixation,,,,,,,,,,,,
SV033,R,12,3,2,0,0,2,Fixation,,,,,,,,,,,,
SV033,R,13,3,2,1,0,2,Fixation,,,,,,,,,,,,
SV033,R,14,2,2,0,0,2,Fixation,,,,,,,,,,,,
SV033,R,15,3,2,0,0,2,Fixation,,,,,,,,,,,,
SV033,R,16,3,3,0,1,3,Fixation,,,,,,,,,,,,
SV033,R,17,2,3,1,1,2,Fixation,,,,,,,,,,,,
SV033,R,18,3,3,0,0,2,Fixation,,,,,,,,,,,,
SV033,R,19,3,2,0,1,2,Fixation,,,,,,,,,,,,
SV033,R,20,2,3,0,0,2,Fixation,,,,,,,,,,,,
SV033,R,21,2,3,1,0,2,Fixation,,,,,,,,,,,,
SV033,R,22,2,3,1,1,2,Fixation,,,,,,,,,,,,
SV033,R,23,3,2,0,0,2,Fixation,,,,,,,,,,,,
SV033,R,24,3,2,0,0,2,Fixation,,,,,,,,,,,,
SV033,R,25,3,3,0,1,2,Fixation,,,,,,,,,,,,
SV033,R,26,2,0,1,1,2,Fixation,,,,,,,,,,,,
SV033,R,27,2,2,1,1,2,Fixation,,,,,,,,,,,,
SV033,R,28,2,0,1,0,2,Fixation,,,,,,,,,,,,
SV033,R,29,3,0,1,0,2,Fixation,,,,,,,,,,,,
SV033,R,30,3,2,1,1,2,Fixation,,,,,,,,,,,,
SV033,R,31,3,3,1,1,3,Fixation,,,,,,,,,,,,
SV033,R,32,3,3,0,1,2,Fixation,,,,,,,,,,,,
SV033,R,33,3,3,1,0,3,Fixation,,,,,,,,,,,,
SV033,R,34,3,3,0,0,3,Fixation,,,,,,,,,,,,
SV033,R,35,2,2,1,0,2,Fixation,,,,,,,,,,,,
SV033,R,36,2,0,1,1,2,Fixation,,,,,,,,,,,,
SV033,R,37,3,0,0,1,2,Fixation,,,,,,,,,,,,
SV033,R,38,3,2,1,1,2,Fixation,,,,,,,,,,,,
SV033,R,39,2,0,0,0,2,Fixation,,,,,,,,,,,,
SV033,R,40,2,0,0,1,2,Fixation,,,,,,,,,,,,
SV033,R,41,2,0,1,0,2,Fixation,,,,,,,,,,,,
SV033,R,42,3,2,0,1,2,Fixation,,,,,,,,,,,,
SV033,R,43,2,0,1,0,2,Fixation,,,,,,,,,,,,
SV033,R,44,3,2,0,0,3,Fixation,,,,,,,,,,,,
SV033,R,45,3,3,1,0,3,Fixation,,,,,,,,,,,,
SV033,R,46,3,0,1,0,1,Fixation,,,,,,,,,,,,
SV033,R,47,3,3,0,0,3,Fixation,,,,,,,,,,,,
SV033,R,48,3,3,0,0,3,Fixation,,,,,,,,,,,,
SV033,R,49,3,3,1,1,3,Fixation,,,,,,,,,,,,
SV033,R,50,2,2,1,0,2,Fixation,,,,,,,,,,,,
SV033,R,51,2,3,1,1,3,Fixation,,,,,,,,,,,,
SV033,R,52,3,2,1,1,2,Fixation,,,,,,,,,,,,
SV033,R,53,3,3,0,0,3,Fixation,,,,,,,,,,,,
SV033,R,54,2,0,0,1,3,Fixation,,,,,,,,,,,,
SV033,R,55,2,2,1,0,3,Fixation,,,,,,,,,,,,
SV033,R,56,3,0,1,1,2,Fixation,,,,,,,,,,,,
SV033,R,57,3,3,0,1,3,Fixation,,,,,,,,,,,,
SV033,R,58,3,2,0,1,2,Fixation,,,,,,,,,,,,
SV033,R,59,3,3,0,0,3,Fixation,,,,,,,,,,,,
SV033,R,60,3,3,1,1,3,Fixation,,,,,,,,,,,,
SV033,R,61,3,0,0,0,3,Fixation,,,,,,,,,,,,
SV033,R,62,2,2,1,0,2,Fixation,,,,,,,,,,,,
SV033,R,63,2,3,1,1,3,Fixation,,,,,,,,,,,,
SV033,R,64,2,3,0,0,3,Fixation,,,,,,,,,,,,
SV033,R,65,3,0,0,0,3,Fixation,,,,,,,,,,,,
SV033,R,66,2,3,0,1,3,Fixation,,,,,,,,,,,,
SV033,R,67,2,0,0,0,2,Fixation,,,,,,,,,,,,
SV033,R,68,2,3,0,1,3,Fixation,,,,,,,,,,,,
SV033,R,69,2,3,0,1,2,Fixation,,,,,,,,,,,,
SV033,R,70,3,0,0,1,2,Fixation,,,,,,,,,,,,
SV033,R,71,3,3,1,1,2,Fixation,,,,,,,,,,,,
SV033,R,72,3,3,1,0,2,Fixation,,,,,,,,,,,,
SV033,R,73,3,0,1,0,3,Fixation,,,,,,,,,,,,
SV033,R,74,3,2,0,0,2,Fixation,,,,,,,,,,,,
SV033,R,75,3,3,1,0,3,Fixation,,,,,,,,,,,,
SV033,R,76,2,0,1,0,2,Fixation,,,,,,,,,,,,
SV033,R,77,2,2,1,0,2,Fixation,,,,,,,,,,,,
SV033,R,78,3,2,1,0,2,Fixation,,,,,,,,,,,,
SV033,R,79,2,0,0,1,2,Fixation,,,,,,,,,,,,
SV033,R,80,3,2,1,0,2,Fixation,,,,,,,,,,,,
SV033,R,81,3,0,0,0,3,Fixation,,,,,,,,,,,,
SV033,R,82,2,3,0,1,3,Fixation,,,,,,,,,,,,
SV033,R,83,3,3,1,0,3,Fixation,,,,,,,,,,,,
SV033,R,84,2,3,0,1,3,Fixation,,,,,,,,,,,,
SV033,R,85,3,0,0,0,3,Fixation,,,,,,,,,,,,
SV033,R,86,3,2,1,1,2,Fixation,,,,,,,,,,,,
SV033,R,87,2,3,1,1,3,Fixation,,,,,,,,,,,,
SV033,R,88,2,0,1,0,2,Fixation,,,,,,,,,,,,
SV033,R,89,2,2,0,1,2,Fixation,,,,,,,,,,,,
SV033,R,90,2,2,1,1,2,Fixation,,,,,,,,,,,,
SV033,R,91,2,2,0,1,2,Fixation,,,,,,,,,,,,
SV033,R,92,2,0,0,1,3,Fixation,,,,,,,,,,,,
SV033,R,93,3,2,1,0,2,Fixation,,,,,,,,,,,,
SV033,R,94,2,0,1,1,2,Fixation,,,,,,,,,,,,
SV033,R,95,2,3,1,0,2,Fixation,,,,,,,,,,,,
SV033,R,96,3,0,1,0,3,Fixation,,,,,,,,,,,,
SV033,R,97,3,2,0,1,2,Fixation,,,,,,,,,,,,
SV033,R,98,2,2,0,1,2,Fixation,,,,,,,,,,,,
SV033,R,99,2,3,0,1,3,Fixation,,,,,,,,,,,,
SV033,R,100,2,0,1,0,2,Fixation,,,,,,,,,,,,
SV033,R,101,3,3,0,0,3,Fixation,,,,,,,,,,,,
SV033,R,102,2,2,0,1,2,Fixation,,,,,,,,,,,,
SV033,R,103,2,0,0,1,3,Fixation,,,,,,,,,,,,
SV033,R,104,3,2,0,1,3,Fixation,,,,,,,,,,,,
SV033,R,105,3,0,1,0,3,Fixation,,,,,,,,,,,,
SV033,R,106,2,2,1,1,2,Fixation,,,,,,,,,,,,
SV033,R,107,3,2,1,0,2,Fixation,,,,,,,,,,,,
SV033,R,108,3,3,1,0,3,Fixation,,,,,,,,,,,,
SV033,R,109,3,3,0,0,3,Fixation,,,,,,,,,,,,
SV033,R,110,2,0,1,1,2,Fixation,,,,,,,,,,,,
SV033,R,111,2,0,0,0,2,Fixation,,,,,,,,,,,,
SV033,R,112,3,0,1,1,2,Fixation,,,,,,,,,,,,
SV033,R,113,2,0,1,1,2,Fixation,,,,,,,,,,,,
SV033,R,114,3,0,1,1,0,Fixation,,,,,,,,,,,,
SV033,R,115,3,0,0,1,3,Fixation,,,,,,,,,,,,
SV033,R,116,2,3,1,0,3,Fixation,,,,,,,,,,,,
SV033,R,117,2,0,1,0,2,Fixation,,,,,,,,,,,,
SV033,R,118,2,0,0,0,2,Fixation,,,,,,,,,,,,
SV033,R,119,3,3,1,1,3,Fixation,,,,,,,,,,,,
SV033,R,120,3,3,0,1,3,Fixation,,,,,,,,,,,,
SV033,R,121,2,0,1,0,2,Fixation,,,,,,,,,,,,
SV033,R,122,2,2,0,1,2,Fixation,,,,,,,,,,,,
SV033,R,123,3,3,0,0,3,Fixation,,,,,,,,,,,,
SV033,R,124,2,0,1,1,2,Fixation,,,,,,,,,,,,
SV033,R,125,2,0,1,1,2,Fixation,,,,,,,,,,,,
SV033,R,126,2,3,0,0,3,Fixation,,,,,,,,,,,,
SV033,R,127,2,2,1,1,2,Fixation,,,,,,,,,,,,
SV033,R,128,2,2,1,0,2,Fixation,,,,,,,,,,,,
SV033,R,129,3,0,0,1,2,Fixation,,,,,,,,,,,,
SV033,R,130,3,0,1,1,2,Fixation,,,,,,,,,,,,
SV033,R,131,3,3,1,0,3,Fixation,,,,,,,,,,,,
SV033,R,132,2,2,1,1,2,Fixation,,,,,,,,,,,,
SV033,R,133,2,3,1,1,3,Fixation,,,,,,,,,,,,
SV033,R,134,3,0,1,1,3,Fixation,,,,,,,,,,,,
SV033,R,135,3,0,1,0,3,Fixation,,,,,,,,,,,,
SV033,R,136,2,0,0,0,2,Fixation,,,,,,,,,,,,
SV033,R,137,3,2,0,0,2,Fixation,,,,,,,,,,,,
SV033,R,138,3,3,0,1,3,Fixation,,,,,,,,,,,,
SV033,R,139,3,0,0,1,3,Fixation,,,,,,,,,,,,
SV033,R,140,2,3,0,0,3,Fixation,,,,,,,,,,,,
SV033,R,141,3,3,1,1,3,Fixation,,,,,,,,,,,,
SV033,R,142,3,0,1,1,2,Fixation,,,,,,,,,,,,
SV033,R,143,2,0,0,0,2,Fixation,,,,,,,,,,,,
SV033,R,144,2,3,0,0,3,Fixation,,,,,,,,,,,,
SV033,R,145,2,2,0,1,2,Fixation,,,,,,,,,,,,
SV033,R,146,2,3,1,0,3,Fixation,,,,,,,,,,,,
SV033,R,147,3,0,0,0,3,Fixation,,,,,,,,,,,,
SV033,R,148,2,0,0,0,3,Fixation,,,,,,,,,,,,
SV033,R,149,3,0,1,1,3,Fixation,,,,,,,,,,,,
SV033,R,150,3,3,0,1,3,Fixation,,,,,,,,,,,,
SV033,R,151,2,0,0,0,3,Fixation,,,,,,,,,,,,
SV033,R,152,2,2,1,1,2,Fixation,,,,,,,,,,,,
SV033,R,153,3,2,1,1,2,Fixation,,,,,,,,,,,,
SV033,R,154,3,2,1,1,2,Fixation,,,,,,,,,,,,
SV033,R,155,2,2,1,1,2,Fixation,,,,,,,,,,,,
SV033,R,156,3,0,0,1,2,Fixation,,,,,,,,,,,,
SV033,R,157,2,0,1,1,2,Fixation,,,,,,,,,,,,
SV033,R,158,3,0,1,0,2,Fixation,,,,,,,,,,,,
SV033,R,159,2,2,0,0,2,Fixation,,,,,,,,,,,,
SV033,R,160,3,0,1,0,2,Fixation,,,,,,,,,,,,
SV033,R,161,2,2,0,0,2,Fixation,,,,,,,,,,,,
SV033,R,162,2,3,1,0,3,Fixation,,,,,,,,,,,,
SV033,R,163,2,3,1,1,3,Fixation,,,,,,,,,,,,
SV033,R,164,3,2,0,0,2,Fixation,,,,,,,,,,,,
SV033,R,165,2,3,1,0,3,Fixation,,,,,,,,,,,,
SV033,R,166,2,3,0,1,2,Fixation,,,,,,,,,,,,
SV033,R,167,2,2,0,1,2,Fixation,,,,,,,,,,,,
SV033,R,168,3,2,1,1,2,Fixation,,,,,,,,,,,,
SV033,R,169,2,2,1,1,2,Fixation,,,,,,,,,,,,
SV033,R,170,2,3,0,0,2,Fixation,,,,,,,,,,,,
SV033,R,171,2,0,0,1,2,Fixation,,,,,,,,,,,,
SV033,R,172,3,0,1,0,3,Fixation,,,,,,,,,,,,
SV033,R,173,2,3,1,1,3,Fixation,,,,,,,,,,,,
SV033,R,174,3,0,0,1,2,Fixation,,,,,,,,,,,,
SV033,R,175,2,3,0,0,3,Fixation,,,,,,,,,,,,
SV033,R,176,3,0,0,0,3,Fixation,,,,,,,,,,,,
SV033,R,177,2,0,0,1,2,Fixation,,,,,,,,,,,,
SV033,R,178,3,2,0,1,2,Fixation,,,,,,,,,,,,
SV033,R,179,2,2,0,0,2,Fixation,,,,,,,,,,,,
SV033,R,180,2,0,0,1,2,Fixation,,,,,,,,,,,,
SV033,R,181,3,3,0,0,3,Fixation,,,,,,,,,,,,
SV033,R,182,2,0,1,0,2,Fixation,,,,,,,,,,,,
SV033,R,183,2,2,0,1,2,Fixation,,,,,,,,,,,,
SV033,R,184,2,3,0,1,3,Fixation,,,,,,,,,,,,
SV033,R,185,2,0,1,1,2,Fixation,,,,,,,,,,,,
SV033,R,186,3,3,1,0,3,Fixation,,,,,,,,,,,,
SV033,R,187,2,3,1,0,2,Fixation,,,,,,,,,,,,
SV033,R,188,3,3,1,1,2,Fixation,,,,,,,,,,,,
SV033,R,189,2,3,0,1,2,Fixation,,,,,,,,,,,,
SV033,R,190,2,3,1,1,3,Fixation,,,,,,,,,,,,
SV033,R,191,3,2,0,1,2,Fixation,,,,,,,,,,,,
SV033,R,192,2,3,1,0,2,Fixation,,,,,,,,,,,,
SV033,R,193,2,3,1,0,2,Fixation,,,,,,,,,,,,
SV033,R,194,2,2,0,0,2,Fixation,,,,,,,,,,,,
SV033,R,195,2,2,0,1,2,Fixation,,,,,,,,,,,,
SV033,R,196,2,2,0,0,2,Fixation,,,,,,,,,,,,
SV033,R,197,3,0,0,0,3,Fixation,,,,,,,,,,,,
SV033,R,198,2,2,0,1,2,Fixation,,,,,,,,,,,,
SV033,R,199,2,2,1,0,2,Fixation,,,,,,,,,,,,
SV033,R,200,2,2,1,0,2,Fixation,,,,,,,,,,,,
SV033,R,201,3,3,1,0,3,Fixation,,,,,,,,,,,,
SV033,R,202,3,2,1,1,2,Fixation,,,,,,,,,,,,
SV033,R,203,2,0,0,0,3,Fixation,,,,,,,,,,,,
SV033,R,204,2,3,0,0,3,Fixation,,,,,,,,,,,,
SV033,R,205,3,2,0,1,2,Fixation,,,,,,,,,,,,
SV033,R,206,3,2,1,0,2,Fixation,,,,,,,,,,,,
SV033,R,207,3,0,0,1,2,Fixation,,,,,,,,,,,,
SV033,R,208,3,0,0,1,2,Fixation,,,,,,,,,,,,
SV033,R,209,2,3,1,1,3,Fixation,,,,,,,,,,,,
SV033,R,210,2,2,1,0,2,Fixation,,,,,,,,,,,,
SV033,R,211,3,3,1,1,3,Fixation,,,,,,,,,,,,
SV033,R,212,2,3,0,0,3,Fixation,,,,,,,,,,,,
SV033,R,213,3,3,0,1,3,Fixation,,,,,,,,,,,,
SV033,R,214,2,3,0,0,3,Fixation,,,,,,,,,,,,
SV033,R,215,2,2,1,0,2,Fixation,,,,,,,,,,,,
SV033,R,216,2,0,0,1,2,Fixation,,,,,,,,,,,,
SV033,R,217,3,0,1,1,3,Fixation,,,,,,,,,,,,
SV033,R,218,3,2,0,0,2,Fixation,,,,,,,,,,,,
SV033,R,219,3,2,0,0,3,Fixation,,,,,,,,,,,,
SV033,R,220,3,3,1,0,3,Fixation,,,,,,,,,,,,
SV033,R,221,2,2,0,0,2,Fixation,,,,,,,,,,,,
SV033,R,222,3,0,0,0,2,Fixation,,,,,,,,,,,,
SV033,R,223,3,0,0,0,3,Fixation,,,,,,,,,,,,
SV033,R,224,3,2,1,1,2,Fixation,,,,,,,,,,,,
SV033,R,225,2,2,0,0,2,Fixation,,,,,,,,,,,,
SV033,R,226,3,3,0,1,3,Fixation,,,,,,,,,,,,
SV033,R,227,2,0,1,1,2,Fixation,,,,,,,,,,,,
SV033,R,228,3,2,0,1,2,Fixation,,,,,,,,,,,,
SV033,R,229,3,2,1,0,2,Fixation,,,,,,,,,,,,
SV033,R,230,3,0,0,1,2,Fixation,,,,,,,,,,,,
SV033,R,231,2,0,1,0,2,Fixation,,,,,,,,,,,,
SV033,R,232,2,2,1,1,2,Fixation,,,,,,,,,,,,
SV033,R,233,3,2,1,1,2,Fixation,,,,,,,,,,,,
SV033,R,234,3,3,0,1,2,Fixation,,,,,,,,,,,,
SV033,R,235,3,2,1,0,2,Fixation,,,,,,,,,,,,
SV033,R,236,2,0,0,0,2,Fixation,,,,,,,,,,,,
SV033,R,237,2,3,1,0,3,Fixation,,,,,,,,,,,,
SV033,R,238,2,2,0,0,2,Fixation,,,,,,,,,,,,
SV033,R,239,2,2,1,1,2,Fixation,,,,,,,,,,,,
SV033,R,240,3,2,1,0,2,Fixation,,,,,,,,,,,,
SV033,R,241,3,0,1,1,0,Fixation,,,,,,,,,,,,
SV033,R,242,2,3,1,1,3,Fixation,,,,,,,,,,,,
SV033,R,243,3,0,0,0,0,Fixation,,,,,,,,,,,,
SV033,R,244,3,0,1,0,3,Fixation,,,,,,,,,,,,
SV033,R,245,3,2,0,0,2,Fixation,,,,,,,,,,,,
SV033,R,246,2,0,0,0,0,Fixation,,,,,,,,,,,,
SV033,R,247,2,0,1,1,0,Fixation,,,,,,,,,,,,
SV033,R,248,2,0,1,1,0,Fixation,,,,,,,,,,,,
SV033,R,249,2,3,0,1,3,Fixation,,,,,,,,,,,,
SV033,R,250,2,3,0,0,3,Fixation,,,,,,,,,,,,
SV033,R,251,2,3,0,1,3,Fixation,,,,,,,,,,,,
SV033,R,252,2,2,1,1,2,Fixation,,,,,,,,,,,,
SV033,R,253,3,0,0,0,0,Fixation,,,,,,,,,,,,
SV033,R,254,2,0,0,1,0,Fixation,,,,,,,,,,,,
SV033,R,255,3,0,0,1,0,Fixation,,,,,,,,,,,,
SV033,R,256,3,2,1,1,2,Fixation,,,,,,,,,,,,
SV033,R,257,2,3,1,1,3,Fixation,,,,,,,,,,,,
SV033,R,258,2,2,1,0,2,Fixation,,,,,,,,,,,,
SV033,R,259,2,0,1,0,0,Fixation,,,,,,,,,,,,
SV033,R,260,2,2,0,1,2,Fixation,,,,,,,,,,,,
SV033,R,261,2,2,1,1,2,Fixation,,,,,,,,,,,,
SV033,R,262,2,3,1,0,3,Fixation,,,,,,,,,,,,
SV033,R,263,3,3,1,1,3,Fixation,,,,,,,,,,,,
SV033,R,264,2,0,1,1,0,Fixation,,,,,,,,,,,,
SV033,R,265,3,2,1,0,2,Fixation,,,,,,,,,,,,
SV033,R,266,3,0,1,1,0,Fixation,,,,,,,,,,,,
SV033,R,267,2,2,1,0,2,Fixation,,,,,,,,,,,,
SV033,R,268,2,0,1,1,0,Fixation,,,,,,,,,,,,
SV033,R,269,2,2,0,1,2,Fixation,,,,,,,,,,,,
SV033,R,270,2,2,0,0,2,Fixation,,,,,,,,,,,,
SV033,R,271,3,0,1,0,0,Fixation,,,,,,,,,,,,
SV033,R,272,3,3,1,1,3,Fixation,,,,,,,,,,,,
SV033,R,273,2,0,1,1,0,Fixation,,,,,,,,,,,,
SV033,R,274,2,0,0,0,0,Fixation,,,,,,,,,,,,
SV033,R,275,2,2,0,1,2,Fixation,,,,,,,,,,,,
SV033,R,276,2,3,0,0,3,Fixation,,,,,,,,,,,,
SV033,R,277,2,3,0,1,3,Fixation,,,,,,,,,,,,
SV033,R,278,3,2,0,0,2,Fixation,,,,,,,,,,,,
SV033,R,279,3,3,1,0,3,Fixation,,,,,,,,,,,,
SV033,R,280,3,0,1,1,3,Fixation,,,,,,,,,,,,
SV033,R,281,3,2,1,1,2,Fixation,,,,,,,,,,,,
SV033,R,282,2,3,0,1,3,Fixation,,,,,,,,,,,,
SV033,R,283,3,2,1,1,2,Fixation,,,,,,,,,,,,
SV033,R,284,2,3,0,1,3,Fixation,,,,,,,,,,,,
SV033,R,285,3,3,1,1,3,Fixation,,,,,,,,,,,,
SV033,R,286,3,2,1,1,2,Fixation,,,,,,,,,,,,
SV033,R,287,2,3,1,0,3,Fixation,,,,,,,,,,,,
SV033,R,288,3,0,1,0,0,Fixation,,,,,,,,,,,,
SV033,R,289,3,0,0,1,0,Fixation,,,,,,,,,,,,
SV033,R,290,3,3,0,1,3,Fixation,,,,,,,,,,,,
SV033,R,291,3,2,0,0,2,Fixation,,,,,,,,,,,,
SV033,R,292,3,2,1,0,2,Fixation,,,,,,,,,,,,
SV033,R,293,3,0,0,1,0,Fixation,,,,,,,,,,,,
SV033,R,294,3,3,1,1,3,Fixation,,,,,,,,,,,,
SV033,R,295,3,0,0,1,0,Fixation,,,,,,,,,,,,
SV033,R,296,3,0,1,0,0,Fixation,,,,,,,,,,,,
SV033,R,297,3,2,0,0,2,Fixation,,,,,,,,,,,,
SV033,R,298,3,3,1,1,3,Fixation,,,,,,,,,,,,
SV033,R,299,2,3,0,0,3,Fixation,,,,,,,,,,,,
SV033,R,300,3,0,1,1,0,Fixation,,,,,,,,,,,,
SV033,R,301,2,3,1,0,3,Fixation,,,,,,,,,,,,
SV033,R,302,2,3,1,0,0,Fixation,,,,,,,,,,,,
SV033,R,303,3,0,1,1,0,Fixation,,,,,,,,,,,,
SV033,R,304,3,0,1,0,0,Fixation,,,,,,,,,,,,
SV033,R,305,3,0,1,1,0,Fixation,,,,,,,,,,,,
SV033,R,306,3,3,0,0,3,Fixation,,,,,,,,,,,,
SV033,R,307,2,3,1,0,3,Fixation,,,,,,,,,,,,
SV033,R,308,2,0,1,0,0,Fixation,,,,,,,,,,,,
SV033,R,309,2,0,1,0,0,Fixation,,,,,,,,,,,,
SV033,R,310,3,2,1,0,2,Fixation,,,,,,,,,,,,
SV033,R,311,3,2,1,1,2,Fixation,,,,,,,,,,,,
SV033,R,312,3,3,0,0,3,Fixation,,,,,,,,,,,,
SV033,R,313,3,0,0,0,0,Fixation,,,,,,,,,,,,
SV033,R,314,3,2,0,1,2,Fixation,,,,,,,,,,,,
SV033,R,315,2,0,0,0,0,Fixation,,,,,,,,,,,,
SV033,R,316,2,3,0,0,3,Fixation,,,,,,,,,,,,
SV033,R,317,2,2,0,1,2,Fixation,,,,,,,,,,,,
SV033,R,318,3,2,1,0,2,Fixation,,,,,,,,,,,,
SV033,R,319,2,2,0,0,2,Fixation,,,,,,,,,,,,
SV033,R,320,2,0,1,1,0,Fixation,,,,,,,,,,,,
SV033,R,321,2,3,1,0,3,Fixation,,,,,,,,,,,,
SV033,R,322,3,2,0,1,2,Fixation,,,,,,,,,,,,
SV033,R,323,2,0,1,1,2,Fixation,,,,,,,,,,,,
SV033,R,324,2,3,1,1,3,Fixation,,,,,,,,,,,,
SV033,R,325,3,0,0,1,0,Fixation,,,,,,,,,,,,
SV033,R,326,2,2,1,1,2,Fixation,,,,,,,,,,,,
SV033,R,327,3,3,1,1,3,Fixation,,,,,,,,,,,,
SV033,R,328,2,0,0,0,0,Fixation,,,,,,,,,,,,
SV033,R,329,3,3,1,1,3,Fixation,,,,,,,,,,,,
SV033,R,330,3,2,1,1,2,Fixation,,,,,,,,,,,,
SV033,R,331,3,3,1,0,3,Fixation,,,,,,,,,,,,
SV033,R,332,3,0,0,0,3,Fixation,,,,,,,,,,,,
SV033,R,333,2,2,0,1,2,Fixation,,,,,,,,,,,,
SV033,R,334,2,3,1,1,3,Fixation,,,,,,,,,,,,
SV033,R,335,3,3,0,1,3,Fixation,,,,,,,,,,,,
SV033,R,336,2,2,0,1,2,Fixation,,,,,,,,,,,,
SV033,R,337,2,3,1,1,3,Fixation,,,,,,,,,,,,
SV033,R,338,3,3,0,1,3,Fixation,,,,,,,,,,,,
SV033,R,339,3,0,0,1,3,Fixation,,,,,,,,,,,,
SV033,R,340,2,3,1,0,3,Fixation,,,,,,,,,,,,
SV033,R,341,2,2,1,0,2,Fixation,,,,,,,,,,,,
SV033,R,342,2,0,1,0,0,Fixation,,,,,,,,,,,,
SV033,R,343,3,2,0,1,2,Fixation,,,,,,,,,,,,
SV033,R,344,2,0,1,0,0,Fixation,,,,,,,,,,,,
SV033,R,345,2,2,0,0,2,Fixation,,,,,,,,,,,,
SV033,R,346,2,2,0,1,2,Fixation,,,,,,,,,,,,
SV033,R,347,3,3,0,1,3,Fixation,,,,,,,,,,,,
SV033,R,348,3,3,0,0,3,Fixation,,,,,,,,,,,,
SV033,R,349,3,2,0,1,2,Fixation,,,,,,,,,,,,
SV033,R,350,3,3,0,1,3,Fixation,,,,,,,,,,,,
SV033,R,351,2,0,0,0,0,Fixation,,,,,,,,,,,,
SV033,R,352,3,0,0,0,0,Fixation,,,,,,,,,,,,
SV033,R,353,3,3,0,0,3,Fixation,,,,,,,,,,,,
SV033,R,354,3,3,0,1,3,Fixation,,,,,,,,,,,,
SV033,R,355,3,2,1,1,2,Fixation,,,,,,,,,,,,
SV033,R,356,3,0,1,0,0,Fixation,,,,,,,,,,,,
SV033,R,357,3,2,1,0,2,Fixation,,,,,,,,,,,,
SV033,R,358,2,3,0,0,3,Fixation,,,,,,,,,,,,
SV033,R,359,2,2,0,0,2,Fixation,,,,,,,,,,,,
SV033,R,360,2,2,0,0,2,Fixation,,,,,,,,,,,,
SV033,R,361,3,3,0,0,3,Fixation,,,,,,,,,,,,
SV033,R,362,2,0,0,0,0,Fixation,,,,,,,,,,,,
SV033,R,363,3,2,0,1,2,Fixation,,,,,,,,,,,,
SV033,R,364,2,3,1,1,3,Fixation,,,,,,,,,,,,
SV033,R,365,3,0,1,0,0,Fixation,,,,,,,,,,,,
SV033,R,366,3,3,1,0,3,Fixation,,,,,,,,,,,,
SV033,R,367,2,2,1,0,2,Fixation,,,,,,,,,,,,
SV033,R,368,2,2,0,1,2,Fixation,,,,,,,,,,,,
SV033,R,369,2,3,0,0,3,Fixation,,,,,,,,,,,,
SV033,R,370,2,2,1,1,2,Fixation,,,,,,,,,,,,
SV033,R,371,3,2,1,0,2,Fixation,,,,,,,,,,,,
SV033,R,372,3,3,0,0,2,Fixation,,,,,,,,,,,,
SV033,R,373,2,0,1,1,0,Fixation,,,,,,,,,,,,
SV033,R,374,3,3,0,1,3,Fixation,,,,,,,,,,,,
SV033,R,375,2,2,1,0,2,Fixation,,,,,,,,,,,,
SV033,R,376,3,2,1,1,2,Fixation,,,,,,,,,,,,
SV033,R,377,2,3,1,1,3,Fixation,,,,,,,,,,,,
SV033,R,378,3,3,1,0,3,Fixation,,,,,,,,,,,,
SV033,R,379,3,2,0,0,2,Fixation,,,,,,,,,,,,
SV033,R,380,2,0,0,1,0,Fixation,,,,,,,,,,,,
SV033,R,381,2,2,1,0,2,Fixation,,,,,,,,,,,,
SV033,R,382,3,2,1,1,2,Fixation,,,,,,,,,,,,
SV033,R,383,2,0,0,1,0,Fixation,,,,,,,,,,,,
SV033,R,384,3,2,1,1,2,Fixation,,,,,,,,,,,,
SV033,R,385,3,2,0,1,2,Fixation,,,,,,,,,,,,
SV033,R,386,3,2,0,0,2,Fixation,,,,,,,,,,,,
SV033,R,387,2,2,1,0,2,Fixation,,,,,,,,,,,,
SV033,R,388,3,2,0,1,2,Fixation,,,,,,,,,,,,
SV033,R,389,2,3,1,0,3,Fixation,,,,,,,,,,,,
SV033,R,390,2,3,1,1,3,Fixation,,,,,,,,,,,,
SV033,R,391,2,3,0,0,3,Fixation,,,,,,,,,,,,
SV033,R,392,2,3,0,1,3,Fixation,,,,,,,,,,,,
SV033,R,393,2,2,0,0,2,Fixation,,,,,,,,,,,,
SV033,R,394,3,3,0,1,3,Fixation,,,,,,,,,,,,
SV033,R,395,3,2,0,1,2,Fixation,,,,,,,,,,,,
SV033,R,396,2,0,1,1,0,Fixation,,,,,,,,,,,,
SV033,R,397,3,0,1,1,0,Fixation,,,,,,,,,,,,
SV033,R,398,2,0,0,1,0,Fixation,,,,,,,,,,,,
SV033,R,399,2,0,1,0,0,Fixation,,,,,,,,,,,,
SV033,R,400,3,2,0,0,2,Fixation,,,,,,,,,,,,
SV033,R,401,3,0,1,0,0,Fixation,,,,,,,,,,,,
SV033,R,402,3,3,0,0,3,Fixation,,,,,,,,,,,,
SV033,R,403,2,3,0,1,3,Fixation,,,,,,,,,,,,
SV033,R,404,2,3,0,0,3,Fixation,,,,,,,,,,,,
SV033,R,405,3,3,1,1,3,Fixation,,,,,,,,,,,,
SV033,R,406,3,3,1,0,3,Fixation,,,,,,,,,,,,
SV033,R,407,2,2,1,1,2,Fixation,,,,,,,,,,,,
SV033,R,408,3,3,0,0,3,Fixation,,,,,,,,,,,,
SV033,R,409,2,2,0,0,2,Fixation,,,,,,,,,,,,
SV033,R,410,3,0,0,0,3,Fixation,,,,,,,,,,,,
SV033,R,411,3,2,1,0,2,Fixation,,,,,,,,,,,,
SV033,R,412,2,2,0,1,2,Fixation,,,,,,,,,,,,
SV033,R,413,3,2,0,1,2,Fixation,,,,,,,,,,,,
SV033,R,414,2,2,1,0,2,Fixation,,,,,,,,,,,,
SV033,R,415,3,0,0,1,0,Fixation,,,,,,,,,,,,
SV033,R,416,2,3,0,1,3,Fixation,,,,,,,,,,,,
SV033,R,417,2,3,0,0,3,Fixation,,,,,,,,,,,,
SV033,R,418,2,3,0,0,3,Fixation,,,,,,,,,,,,
SV033,R,419,3,3,1,0,3,Fixation,,,,,,,,,,,,
SV033,R,420,3,0,1,1,0,Fixation,,,,,,,,,,,,
SV033,R,421,3,0,1,1,0,Fixation,,,,,,,,,,,,
SV033,R,422,2,3,1,1,3,Fixation,,,,,,,,,,,,
SV033,R,423,3,0,0,0,0,Fixation,,,,,,,,,,,,
SV033,R,424,2,0,0,1,0,Fixation,,,,,,,,,,,,
SV033,R,425,3,0,1,1,0,Fixation,,,,,,,,,,,,
SV033,R,426,2,2,1,1,2,Fixation,,,,,,,,,,,,
SV033,R,427,2,2,0,1,2,Fixation,,,,,,,,,,,,
SV033,R,428,2,2,1,0,2,Fixation,,,,,,,,,,,,
SV033,R,429,2,3,1,0,3,Fixation,,,,,,,,,,,,
SV033,R,430,3,2,1,0,2,Fixation,,,,,,,,,,,,
SV033,R,431,2,0,0,1,0,Fixation,,,,,,,,,,,,
SV033,R,432,3,3,0,1,3,Fixation,,,,,,,,,,,,
SV033,R,433,3,3,1,0,3,Fixation,,,,,,,,,,,,
SV033,R,434,2,2,1,1,2,Fixation,,,,,,,,,,,,
SV033,R,435,3,0,0,0,0,Fixation,,,,,,,,,,,,
SV033,R,436,2,0,1,0,0,Fixation,,,,,,,,,,,,
SV033,R,437,3,2,0,0,2,Fixation,,,,,,,,,,,,
SV033,R,438,2,0,0,0,0,Fixation,,,,,,,,,,,,
SV033,R,439,3,0,0,1,0,Fixation,,,,,,,,,,,,
SV033,R,440,3,0,1,0,0,Fixation,,,,,,,,,,,,
SV033,R,441,2,3,1,1,3,Fixation,,,,,,,,,,,,
SV033,R,442,3,3,1,0,3,Fixation,,,,,,,,,,,,
SV033,R,443,3,2,0,0,2,Fixation,,,,,,,,,,,,
SV033,R,444,2,0,0,0,0,Fixation,,,,,,,,,,,,
SV033,R,445,2,2,1,0,2,Fixation,,,,,,,,,,,,
SV033,R,446,2,2,0,0,2,Fixation,,,,,,,,,,,,
SV033,R,447,2,0,1,1,0,Fixation,,,,,,,,,,,,
SV033,R,448,2,0,0,1,0,Fixation,,,,,,,,,,,,
SV033,R,449,2,0,0,1,0,Fixation,,,,,,,,,,,,
SV033,R,450,2,0,1,0,0,Fixation,,,,,,,,,,,,
SV033,R,451,2,0,0,0,0,Fixation,,,,,,,,,,,,
SV033,R,452,2,0,1,0,0,Fixation,,,,,,,,,,,,
SV033,R,453,3,0,0,0,0,Fixation,,,,,,,,,,,,
SV033,R,454,2,2,0,0,2,Fixation,,,,,,,,,,,,
SV033,R,455,2,3,0,1,3,Fixation,,,,,,,,,,,,
SV033,R,456,2,0,0,1,0,Fixation,,,,,,,,,,,,
SV033,R,457,3,3,0,0,3,Fixation,,,,,,,,,,,,
SV033,R,458,3,3,1,0,3,Fixation,,,,,,,,,,,,
SV033,R,459,2,2,1,1,2,Fixation,,,,,,,,,,,,
SV033,R,460,3,0,0,1,0,Fixation,,,,,,,,,,,,
SV033,R,461,2,0,1,0,0,Fixation,,,,,,,,,,,,
SV033,R,462,3,2,0,1,2,Fixation,,,,,,,,,,,,
SV033,R,463,2,3,0,1,3,Fixation,,,,,,,,,,,,
SV033,R,464,3,3,1,1,3,Fixation,,,,,,,,,,,,
SV033,R,465,3,0,1,0,3,Fixation,,,,,,,,,,,,
SV033,R,466,2,2,1,1,2,Fixation,,,,,,,,,,,,
SV033,R,467,3,3,1,1,3,Fixation,,,,,,,,,,,,
SV033,R,468,3,3,0,0,3,Fixation,,,,,,,,,,,,
SV033,R,469,3,2,0,0,2,Fixation,,,,,,,,,,,,
SV033,R,470,3,0,0,0,0,Fixation,,,,,,,,,,,,
SV033,R,471,2,2,0,0,2,Fixation,,,,,,,,,,,,
SV033,R,472,3,3,1,0,3,Fixation,,,,,,,,,,,,
SV033,R,473,2,0,0,1,0,Fixation,,,,,,,,,,,,
SV033,R,474,3,2,1,0,2,Fixation,,,,,,,,,,,,
SV033,R,475,3,2,1,0,2,Fixation,,,,,,,,,,,,
SV033,R,476,2,0,0,0,0,Fixation,,,,,,,,,,,,
SV033,R,477,2,3,1,0,3,Fixation,,,,,,,,,,,,
SV033,R,478,3,0,0,1,0,Fixation,,,,,,,,,,,,
SV033,R,479,3,3,0,1,3,Fixation,,,,,,,,,,,,
SV033,R,480,2,2,1,1,2,Fixation,,,,,,,,,,,,
SV033,L,1,2,3,0,0,3,Response,2302.1785714285716,3092.1,627.1285714285714,1301.9,3953.535714285714,4450.0,253.57142857142858,5.055172413793104,14.9,248.20689655172413,996.0,79.37931034482759
SV033,L,2,2,3,1,0,3,Response,2932.6222222222223,3270.0,1250.9555555555555,1421.0,3993.0,4145.0,318.0,2.67,7.3,198.0,953.0,135.6
SV033,L,3,3,3,0,1,3,Response,915.5,1018.0,1058.825,1199.4,4177.25,4385.0,403.5,4.04,8.0,204.4,422.0,223.2
SV033,L,4,3,0,0,0,3,Response,2806.875,3045.3,1215.225,1561.2,3929.625,4178.0,210.5,4.35,8.2,301.625,779.0,257.0
SV033,L,5,2,2,1,1,2,Response,1045.5,2029.3,1155.45,1312.8,4196.75,4298.0,247.5,5.375,10.4,287.25,633.0,207.0
SV033,L,6,2,0,1,1,2,Response,704.6,704.6,1188.9,1188.9,4245.0,4245.0,1364.0,9.350000000000001,9.4,201.0,218.0,59.0
SV033,L,7,2,0,1,1,2,Response,754.575,860.0,1206.125,1236.8,4319.0,4391.0,350.0,4.6,10.0,255.0,729.0,86.0
SV033,L,8,3,0,0,1,3,Response,888.925,936.1,1078.8,1232.6,4242.75,4347.0,352.5,3.3000000000000003,7.4,481.0,931.0,212.0
SV033,L,9,2,0,1,1,2,Response,696.45,700.6,1301.95,1303.9,4434.0,4524.0,493.0,6.3,11.0,716.5,757.0,477.0
SV033,L,10,3,2,1,1,2,Response,713.85,717.1,1239.4,1256.7,4386.0,4471.0,474.0,7.166666666666667,9.9,395.3333333333333,779.0,139.33333333333334
SV033,L,11,2,2,1,0,2,Response,2675.85,3053.3,1199.825,1284.8,4202.75,4394.0,547.5,3.475,7.0,124.5,183.0,30.0
SV033,L,12,3,2,0,1,2,Response,895.125,939.6,1150.6,1392.8,4385.0,4479.0,324.5,3.675,7.8,326.5,892.0,190.5
SV033,L,13,2,0,1,0,2,Response,2886.375,3104.6,1277.525,1303.3,4110.75,4337.0,325.5,3.2,7.8,123.25,183.0,28.5
SV033,L,14,3,2,1,1,2,Response,744.65,783.3,1250.65,1264.1,4328.0,4345.0,796.0,6.3,9.6,154.0,226.0,44.666666666666664
SV033,L,15,2,2,0,0,2,Response,2931.35,3047.5,1113.65,1347.1,4060.5,4275.0,317.5,4.6,7.2,207.2,386.0,234.4
SV033,L,16,3,0,0,1,2,Response,904.3,928.9,1265.9,1319.9,4346.5,4363.0,180.0,3.8333333333333335,8.1,118.0,143.0,37.333333333333336
SV033,L,17,2,0,0,0,3,Response,3012.82,3054.5,1078.7,1195.1,3910.2,4146.0,336.0,3.5,9.9,331.1666666666667,1490.0,68.66666666666667
SV033,L,18,2,0,0,0,3,Response,3013.2,3054.7,1283.05,1405.8,3876.0,3981.0,776.0,4.95,8.1,159.0,204.0,38.0
SV033,L,19,3,0,0,0,3,Response,2999.7000000000003,3041.4,1183.4333333333334,1351.8,3911.0,4142.0,598.0,3.1666666666666665,7.8,103.33333333333333,172.0,30.0
SV033,L,20,3,3,0,1,3,Response,887.025,904.4,1062.1999999999998,1207.1,4412.5,4465.0,373.5,4.279999999999999,8.3,438.4,705.0,242.8
SV033,L,21,2,2,1,1,2,Response,784.5666666666666,969.9,1156.8666666666666,1164.4,4327.666666666667,4452.0,500.0,5.2,8.6,314.5,843.0,86.5
SV033,L,22,2,0,0,0,3,Response,2976.46,3067.4,1195.68,1425.9,4023.2,4132.0,295.2,4.633333333333334,10.4,372.8333333333333,1303.0,228.33333333333334
SV033,L,23,3,3,0,0,3,Response,2607.3333333333335,3023.9,1088.2333333333333,1190.7,4087.3333333333335,4208.0,393.3333333333333,6.066666666666667,9.4,166.0,209.0,41.333333333333336
SV033,L,24,3,0,1,1,2,Response,732.3333333333334,821.2,1220.6000000000001,1232.4,4323.333333333333,4443.0,388.6666666666667,4.9,9.6,140.25,234.0,35.0
SV033,L,25,3,2,0,0,2,Response,2703.06,2975.0,1084.48,1406.5,3959.4,4119.0,273.2,4.659999999999999,8.7,151.4,204.0,38.8
SV033,L,26,2,0,0,1,3,Response,909.55,918.2,1085.3,1176.2,4270.5,4305.0,638.0,5.566666666666666,7.3,167.0,213.0,40.666666666666664
SV033,L,27,3,0,1,1,2,Response,758.0,758.0,1206.2,1206.2,4282.0,4282.0,1138.0,8.5,8.5,180.0,180.0,60.0
SV033,L,28,2,3,1,0,3,Response,2925.4,3046.0,1269.4666666666667,1294.9,4042.0,4250.0,544.6666666666666,4.15,7.9,130.75,208.0,32.5
SV033,L,29,3,0,0,1,3,Response,880.325,937.7,991.575,1070.6,4106.0,4244.0,387.5,2.6,7.0,95.25,149.0,27.5
SV033,L,30,3,0,1,1,2,Response,759.75,806.1,1216.65,1261.0,4196.5,4297.0,572.0,6.533333333333334,10.9,527.0,1340.0,114.66666666666667
SV033,L,31,2,2,0,1,2,Response,905.3666666666667,924.4,1194.7666666666667,1351.2,4334.666666666667,4422.0,362.6666666666667,4.875,7.9,161.0,198.0,35.0
SV033,L,32,2,0,1,1,2,Response,1062.8111111111111,1908.9,896.3444444444444,1214.5,4132.444444444444,4450.0,203.33333333333334,4.4,9.8,299.44444444444446,1418.0,55.111111111111114
SV033,L,33,3,2,1,1,2,Response,1693.6,1693.6,705.9,705.9,4316.0,4316.0,24.0,2.5,2.5,105.0,105.0,30.0
SV033,L,34,3,3,1,1,3,Response,911.7333333333332,1088.6,1187.8999999999999,1236.0,4471.333333333333,4600.0,503.3333333333333,3.6750000000000003,7.2,114.0,159.0,35.0
SV033,L,35,2,3,0,1,3,Response,928.0666666666666,984.3,1078.1666666666667,1217.7,4320.333333333333,4426.0,475.3333333333333,3.875,7.3,223.25,500.0,117.5
SV033,L,36,2,0,0,0,3,Response,2738.2,3081.3,1152.08,1370.3,4048.2,4200.0,268.0,4.1000000000000005,12.0,286.1666666666667,671.0,124.66666666666667
SV033,L,37,2,2,1,0,2,Response,2552.4666666666667,2867.1,1161.1666666666667,1238.3,4259.666666666667,4361.0,504.0,3.9333333333333336,6.0,119.33333333333333,166.0,36.0
SV033,L,38,2,3,0,1,3,Response,855.14,887.9,1094.6,1301.2,4358.4,4487.0,320.8,2.42,6.7,97.0,163.0,24.8
SV033,L,39,2,3,0,0,3,Response,2925.8333333333335,3036.1,1397.6666666666667,1476.7,4141.0,4188.0,326.6666666666667,4.5,8.4,254.66666666666666,471.0,256.0
SV033,L,40,3,2,0,1,3,Response,898.0625,971.1,1164.2375,1390.8,4484.5,4590.0,427.0,3.5,9.0,379.8888888888889,1032.0,99.11111111111111
SV033,L,41,3,2,1,0,2,Response,2890.2,3058.5,1193.55,1214.6,4097.5,4256.0,575.0,5.666666666666667,9.0,167.0,223.0,40.666666666666664
SV033,L,42,2,3,1,1,2,Response,1171.0,1542.8,1027.95,1109.0,4539.0,4614.0,623.0,4.933333333333333,8.2,158.66666666666666,226.0,36.666666666666664
SV033,L,43,3,0,1,1,1,Response,912.3,912.3,1074.2,1074.2,4453.0,4453.0,562.0,7.85,8.7,660.5,1137.0,161.0
SV033,L,44,3,3,0,1,3,Response,1123.78,1883.5,945.96,1084.3,4429.6,4466.0,462.8,3.72,7.7,236.4,577.0,79.2
SV033,L,45,3,2,1,1,2,Response,868.0200000000001,1892.1,1192.22,1259.7,4385.4,4454.0,634.8,4.8500000000000005,12.3,299.1666666666667,833.0,129.66666666666666
SV033,L,46,3,2,0,0,2,Response,2998.4166666666665,3052.1,1104.8,1350.9,3999.3333333333335,4169.0,364.6666666666667,3.5428571428571423,9.0,212.28571428571428,606.0,64.28571428571429
SV033,L,47,2,3,0,1,3,Response,1260.1000000000001,1851.7,980.6999999999999,1053.6,4427.333333333333,4532.0,632.0,4.6000000000000005,6.8,135.0,182.0,36.666666666666664
SV033,L,48,3,0,0,1,3,Response,907.5333333333333,959.2,900.0500000000001,1268.0,4339.833333333333,4410.0,476.3333333333333,3.3857142857142857,10.9,457.42857142857144,1051.0,114.85714285714286
SV033,L,49,3,3,1,0,3,Response,2826.775,3209.8,1312.9375,1712.4,4129.75,4405.0,260.25,3.3,8.0,230.22222222222223,793.0,138.66666666666666
SV033,L,50,2,2,1,0,2,Response,2601.7000000000003,2881.8,1173.875,1279.8,4029.0,4181.0,389.5,3.6399999999999997,7.4,422.8,1152.0,129.2
SV033,L,51,3,0,1,0,3,Response,2853.25,3106.6,1197.075,1222.0,4002.25,4204.0,300.0,3.2600000000000002,6.2,361.2,1344.0,81.2
SV033,L,52,3,0,0,0,3,Response,2495.1000000000004,2976.3,976.85,1023.7,3879.0,3972.0,747.0,6.85,7.7,186.0,191.0,47.0
SV033,L,53,2,3,0,1,3,Response,887.2,887.2,1248.5,1248.5,4272.0,4272.0,322.0,4.6,7.8,130.0,156.0,40.0
SV033,L,54,3,0,1,0,3,Response,2804.3571428571427,3270.0,1201.542857142857,1277.4,4132.142857142857,4427.0,211.14285714285714,4.175,9.1,343.125,1102.0,91.75
SV033,L,55,3,3,1,0,3,Response,2808.116666666667,3270.0,1164.3999999999999,1229.7,3990.1666666666665,4222.0,430.6666666666667,4.8,10.5,209.14285714285714,592.0,72.0
SV033,L,56,2,2,0,0,2,Response,3002.84,3034.5,1024.1799999999998,1204.3,3978.2,4155.0,273.6,3.3600000000000003,7.2,182.0,404.0,68.4
SV033,L,57,3,0,1,0,3,Response,2893.5499999999997,3208.9,1214.55,1268.9,4033.0,4286.0,266.3333333333333,2.8428571428571425,9.5,111.14285714285714,202.0,26.857142857142858
SV033,L,58,3,3,0,1,3,Response,879.4799999999999,936.2,1066.1399999999999,1251.9,4116.2,4325.0,392.4,3.28,7.0,134.6,185.0,30.0
SV033,L,59,3,3,0,0,3,Response,2998.366666666667,3067.8,1183.3833333333334,1417.7,3982.1666666666665,4192.0,551.6666666666666,3.357142857142857,7.8,198.28571428571428,554.0,73.42857142857143
SV033,L,60,3,3,1,1,3,Response,901.7571428571429,1205.2,1166.0857142857144,1203.9,4270.714285714285,4353.0,203.14285714285714,2.75,8.3,116.75,213.0,25.0
SV033,L,61,3,3,1,1,3,Response,832.0500000000001,1083.3,1195.95,1222.2,4304.833333333333,4408.0,292.3333333333333,2.314285714285714,8.1,174.42857142857142,634.0,65.42857142857143
SV033,L,62,3,0,0,1,0,Response,,,,,,,,0.8,0.8,67.0,67.0,14.0
SV033,L,63,2,2,1,0,2,Response,2893.1,3149.6,1195.1333333333332,1214.6,3872.3333333333335,4058.0,213.33333333333334,3.6,6.4,258.25,641.0,120.0
SV033,L,64,2,3,1,0,3,Response,2929.275,3270.0,1228.725,1249.9,3862.25,4099.0,338.0,3.84,7.7,142.2,208.0,32.0
SV033,L,65,2,3,0,1,3,Response,871.45,875.8,1146.65,1238.7,3959.0,4030.0,1229.0,5.533333333333334,7.7,142.33333333333334,194.0,47.333333333333336
SV033,L,66,2,2,0,1,2,Response,884.6500000000001,902.7,1125.1,1311.2,4130.0,4238.0,195.0,4.62,8.0,234.2,448.0,187.2
SV033,L,67,2,0,0,1,3,Response,874.6999999999999,890.2,1092.4666666666667,1261.7,4293.0,4330.0,441.3333333333333,4.65,7.8,155.75,188.0,36.0
SV033,L,68,3,0,0,0,3,Response,3018.55,3052.8,1028.95,1106.3,3916.5,4007.0,809.0,5.599999999999999,8.1,153.0,202.0,42.0
SV033,L,69,2,3,0,0,3,Response,2965.4500000000003,3037.3,1033.4833333333333,1212.8,3780.1666666666665,4090.0,255.66666666666666,3.257142857142857,8.5,128.0,214.0,28.0
SV033,L,70,3,0,0,0,3,Response,3039.6,3062.4,1049.325,1132.9,3613.75,3731.0,478.0,3.8,8.4,313.4,592.0,170.8
SV033,L,71,3,2,0,0,2,Response,2999.566666666667,3065.9,1128.6000000000001,1282.1,3925.0,4103.0,422.0,4.875,8.5,151.25,182.0,39.0
SV033,L,72,2,2,0,0,2,Response,3001.7,3001.7,908.8,908.8,3676.0,3676.0,1004.0,7.7,7.7,194.0,194.0,54.0
SV033,L,73,3,2,1,1,2,Response,784.075,967.9,1764.8249999999998,2284.5,3270.75,3768.0,271.0,7.05,12.3,289.25,438.0,120.0
SV033,L,74,2,3,0,1,3,Response,878.5,878.5,897.7,897.7,3501.0,3501.0,1064.0,7.55,7.8,440.0,666.0,194.0
SV033,L,75,2,3,1,1,2,Response,790.1,875.2,1195.3666666666668,1202.4,3900.0,4016.0,484.6666666666667,5.075,9.5,382.25,1217.0,97.5
SV033,L,76,2,2,1,0,2,Response,2976.525,3158.3,1163.3,1207.5,3622.25,3839.0,352.5,3.0,7.4,116.0,186.0,28.5
SV033,L,77,3,2,0,1,2,Response,964.05,1148.7,1180.4499999999998,1246.6,3608.25,3820.0,283.0,0.875,1.1,78.5,108.0,13.5
SV033,L,78,3,3,0,0,3,Response,2658.633333333333,3102.0,936.6666666666666,1069.9,3541.3333333333335,3704.0,536.6666666666666,5.199999999999999,9.6,376.75,1055.0,91.5
SV033,L,79,3,2,1,0,2,Response,1907.1333333333332,2915.4,1466.6000000000001,2075.4,2851.3333333333335,3808.0,465.3333333333333,9.95,11.7,200.0,224.0,69.0
SV033,L,80,3,0,1,0,3,Response,2622.35,3068.6,1151.325,1225.3,4233.75,4354.0,242.0,3.3600000000000003,5.8,314.2,985.0,66.8
SV033,L,81,3,2,1,0,2,Response,2784.0,2784.0,1138.2,1138.2,4126.0,4126.0,892.0,5.699999999999999,5.8,171.0,177.0,44.0
SV033,L,82,2,0,0,0,2,Response,2991.3,3014.5,1052.65,1096.7,3925.5,4006.0,413.0,4.2,6.8,133.5,159.0,36.0
SV033,L,83,2,2,1,1,1,Response,648.8,648.8,1199.7,1199.7,4065.0,4065.0,628.0,9.75,9.8,206.0,231.0,62.0
SV033,L,84,3,0,0,0,3,Response,3021.933333333333,3076.3,1070.9833333333333,1231.6,3763.6666666666665,3964.0,340.6666666666667,3.6285714285714286,9.4,195.28571428571428,536.0,77.71428571428571
SV033,L,85,2,0,1,0,3,Response,2858.15,2965.4,1122.3000000000002,1136.7,3844.5,3886.0,696.0,4.866666666666666,7.5,148.66666666666666,188.0,37.333333333333336
SV033,L,86,3,0,1,1,2,Response,759.8000000000001,941.6,1193.1666666666667,1229.1,3824.3333333333335,4082.0,296.0,4.975,9.9,228.25,458.0,132.0
SV033,L,87,2,0,0,1,2,Response,867.4,897.3,1011.25,1067.3,3753.5,4016.0,916.0,6.0,9.2,593.0,1552.0,92.66666666666667
SV033,L,88,2,0,1,0,2,Response,2514.2000000000003,2848.3,1197.3999999999999,1290.2,3173.3333333333335,3786.0,390.0,4.7,14.4,159.5,320.0,400.0
SV033,L,89,3,0,1,0,1,Response,2165.5,2325.7,1098.7333333333333,1190.4,3930.0,4074.0,165.33333333333334,2.5,3.3,296.25,863.0,98.0
SV033,L,90,3,2,1,1,2,Response,1109.05,1213.3,1369.475,1561.9,3869.75,3959.0,332.5,4.0,7.9,358.8,1026.0,83.6
SV033,L,91,2,3,1,0,2,Response,,,,,,,,,,,,
SV033,L,92,3,0,0,1,2,Response,959.1500000000001,1017.2,1241.0,1347.3,3854.0,4049.0,574.0,4.0,6.9,106.0,146.0,42.0
SV033,L,93,3,0,0,1,1,Response,1023.4666666666667,1246.9,972.4666666666667,1390.3,3389.6666666666665,3663.0,267.3333333333333,3.383333333333333,6.8,186.0,400.0,66.33333333333333
SV033,L,94,3,3,1,1,3,Response,1334.6,1846.7,1045.0,1080.2,3616.5,3752.0,896.0,7.449999999999999,7.8,161.5,195.0,60.0
SV033,L,95,3,0,1,0,2,Response,2989.1083333333336,3234.1,1363.1583333333333,1956.6,3201.3333333333335,3477.0,190.83333333333334,2.8000000000000003,9.7,192.08333333333334,459.0,68.16666666666667
SV033,L,96,2,2,1,0,2,Response,2810.68,3270.0,1521.3200000000002,2594.9,3229.8,3931.0,135.6,7.540000000000001,16.5,257.4,575.0,312.8
SV033,L,97,2,3,1,1,3,Response,959.2,1067.3,1174.05,1178.8,4010.0,4111.0,769.0,4.5,7.3,131.33333333333334,181.0,39.333333333333336
SV033,L,98,3,3,1,1,1,Response,856.0,1203.3,1531.98,2042.1,3695.2,4046.0,167.6,3.983333333333333,11.3,212.16666666666666,442.0,94.66666666666667
SV033,L,99,2,0,1,1,1,Response,753.0666666666666,910.4,1445.7,1736.8,3821.3333333333335,3900.0,198.66666666666666,5.85,11.4,203.25,382.0,53.5
SV033,L,100,2,2,0,0,2,Response,2937.9,2937.9,1003.2,1003.2,3779.0,3779.0,1084.0,8.0,8.5,205.5,206.0,51.0
SV033,L,101,3,0,1,1,1,Response,848.7333333333332,906.5,1323.3333333333333,1407.4,3826.0,3952.0,267.3333333333333,4.949999999999999,9.2,153.75,232.0,47.5
SV033,L,102,3,2,0,1,2,Response,885.8,915.7,1153.2,1306.3,3810.5,3897.0,509.0,5.733333333333334,7.4,159.0,183.0,46.666666666666664
SV033,L,103,3,2,0,0,2,Response,3059.55,3089.8,1078.0,1162.3,3029.5,3321.0,734.0,4.033333333333333,6.8,126.66666666666667,151.0,68.0
SV033,L,104,3,0,1,1,1,Response,771.3499999999999,825.8,1644.0,1964.1,2906.0,3214.0,396.0,8.85,15.0,638.0,1168.0,172.0
SV033,L,105,2,2,1,1,2,Response,1055.7333333333333,1314.5,1684.0,2019.9,3437.3333333333335,3573.0,424.6666666666667,6.1,10.2,186.0,282.0,44.0
SV033,L,106,3,2,0,0,2,Response,3047.125,3078.2,1215.05,1490.9,3304.25,3461.0,269.0,3.3,10.1,151.5,259.0,31.5
SV033,L,107,3,0,0,0,3,Response,3000.6499999999996,3052.1,1014.45,1047.3,3382.5,3500.0,737.0,4.15,7.8,120.5,191.0,39.0
SV033,L,108,2,2,0,0,2,Response,2735.85,3053.5,1298.625,1593.9,3517.5,3844.0,357.0,5.1,9.0,190.6,252.0,56.8
SV033,L,109,3,0,1,0,2,Response,2415.8,2877.0,1149.75,1224.1,3942.0,4038.0,815.0,3.7,6.7,117.0,172.0,32.0
SV033,L,110,3,2,1,0,2,Response,2769.95,2866.1,1204.225,1225.5,3904.5,4219.0,258.5,2.54,5.8,96.4,165.0,27.6
SV033,L,111,2,2,1,1,2,Response,886.1,1091.9,1640.3000000000002,1964.4,3616.0,3876.0,573.0,7.033333333333334,10.4,231.33333333333334,293.0,61.333333333333336
SV033,L,112,3,2,0,0,2,Response,2992.9375,3270.0,1541.6375,2080.3,3027.5,3370.0,280.0,5.433333333333334,11.8,214.77777777777777,488.0,97.77777777777777
SV033,L,113,2,3,0,0,3,Response,2934.225,3074.4,1496.675,1687.0,3427.0,3552.0,305.0,3.225,8.1,150.0,221.0,45.5
SV033,L,114,2,2,0,1,2,Response,968.3799999999999,1247.3,1177.5400000000002,1745.3,3196.6,3423.0,316.4,4.34,7.9,165.8,247.0,43.2
SV033,L,115,3,3,1,0,3,Response,2706.85,3270.0,1413.7833333333335,2196.4,2801.8333333333335,3325.0,341.3333333333333,3.0666666666666664,13.9,139.66666666666666,508.0,74.66666666666667
SV033,L,116,2,3,0,0,3,Response,2988.116666666667,3270.0,1587.9666666666665,2125.1,2738.3333333333335,3608.0,366.0,2.5799999999999996,4.6,213.4,441.0,97.6
SV033,L,117,3,3,0,1,3,Response,1116.0,1285.7,1784.35,2149.5,3946.5,4050.0,383.0,6.033333333333334,12.6,201.66666666666666,318.0,44.666666666666664
SV033,L,118,3,0,0,0,3,Response,3018.9166666666665,3115.0,1739.6666666666667,2584.8,3237.1666666666665,3792.0,246.0,3.8857142857142857,14.6,162.14285714285714,454.0,32.0
SV033,L,119,2,2,1,0,2,Response,2988.6,3270.0,1541.7,2710.3,3170.75,3930.0,638.0,8.525,15.4,247.5,543.0,108.5
SV033,L,120,3,3,1,0,3,Response,2959.0,3090.3,1294.76,1323.0,4089.4,4246.0,702.4,1.78,6.1,80.8,144.0,21.6
SV033,L,121,2,2,1,0,2,Response,2906.9,2906.9,1191.7,1191.7,3843.0,3843.0,862.0,3.8,6.8,120.5,169.0,33.0
SV033,L,122,2,2,1,1,2,Response,656.5,767.7,1225.4,1251.2,3926.0,4054.0,354.0,6.933333333333333,11.1,170.66666666666666,251.0,46.666666666666664
SV033,L,123,3,0,1,0,3,Response,2824.3333333333335,3066.3,1203.1000000000001,1272.8,3552.6666666666665,3780.0,485.3333333333333,3.266666666666667,4.3,121.0,130.0,36.0
SV033,L,124,3,0,0,0,2,Response,3003.45,3092.5,1044.25,1157.9,3321.0,3493.0,860.0,3.8,6.6,96.0,118.0,43.0
SV033,L,125,3,3,1,1,2,Response,832.0666666666666,924.6,1431.9666666666665,1887.5,4011.0,4045.0,198.66666666666666,6.025,11.9,327.25,516.0,283.0
SV033,L,126,2,0,0,1,2,Response,1069.48,1925.6,1033.6,1254.9,3845.2,4069.0,364.0,4.92,8.4,160.0,217.0,36.8
SV033,L,127,3,2,1,1,2,Response,738.1,888.6,1435.0666666666666,1826.0,4145.333333333333,4385.0,334.6666666666667,6.433333333333334,12.4,458.3333333333333,602.0,156.66666666666666
SV033,L,128,2,2,0,1,1,Response,885.0,926.6,1007.6,1250.5,3801.6666666666665,4051.0,242.66666666666666,4.025,7.6,160.75,188.0,32.0
SV033,L,129,2,3,0,1,2,Response,913.64,966.9,1100.54,1284.3,3436.0,3669.0,233.2,3.6,6.8,145.0,178.0,30.0
SV033,L,130,3,3,0,0,2,Response,3025.8,3064.2,1227.75,1323.3,3716.5,3922.0,610.0,6.166666666666667,9.1,158.33333333333334,210.0,44.666666666666664
SV033,L,131,3,2,1,0,2,Response,2931.2666666666664,3114.4,1210.4666666666667,1248.3,3419.3333333333335,3638.0,395.3333333333333,3.533333333333333,7.1,135.33333333333334,190.0,30.666666666666668
SV033,L,132,3,3,1,0,3,Response,2857.6000000000004,2932.4,1229.35,1259.5,3411.0,3613.0,604.0,3.6,6.8,119.0,186.0,29.0
SV033,L,133,3,3,1,1,2,Response,655.1,655.1,1214.1,1214.1,3312.0,3312.0,1468.0,10.8,10.8,196.0,196.0,104.0
SV033,L,134,2,2,0,0,2,Response,2996.1,2996.1,1277.1,1277.1,2920.0,2920.0,366.0,5.449999999999999,8.1,175.0,190.0,40.0
SV033,L,135,2,3,1,0,3,Response,2843.2,3168.1,1379.3799999999999,1878.6,3113.4,3432.0,255.2,2.68,5.4,116.4,191.0,31.2
SV033,L,136,3,3,1,0,3,Response,2726.4,2977.0,1227.1000000000001,1911.1,2668.6666666666665,2849.0,384.6666666666667,5.233333333333333,8.3,176.0,261.0,79.33333333333333
SV033,L,137,2,3,0,0,3,Response,2923.7166666666667,3110.9,1090.8,1295.0,3305.8333333333335,3588.0,232.66666666666666,2.4285714285714284,7.7,143.57142857142858,436.0,93.42857142857143
SV033,L,138,3,3,0,0,3,Response,3030.4,3030.4,1118.5,1118.5,2964.0,2964.0,1242.0,5.6,5.6,112.0,112.0,68.0
SV033,L,139,3,0,0,1,2,Response,910.4666666666667,1028.8,1095.3666666666668,1471.4,2753.6666666666665,3058.0,380.0,3.766666666666667,8.8,216.33333333333334,328.0,134.66666666666666
SV033,L,140,2,0,0,1,2,Response,911.1333333333333,940.8,1026.1666666666667,1205.4,3617.0,3746.0,259.3333333333333,3.8333333333333335,6.8,157.66666666666666,173.0,30.0
SV033,L,141,2,3,1,0,3,Response,2898.85,3067.6,1133.0,1154.5,3565.0,3774.0,861.0,5.5,8.7,156.0,205.0,43.333333333333336
SV033,L,142,3,0,1,1,2,Response,763.6,763.6,1263.5,1263.5,2585.0,2585.0,136.0,5.7,10.1,349.0,614.0,159.0
SV033,L,143,3,0,1,0,2,Response,3030.2000000000003,3146.1,1645.0666666666666,2004.7,1941.0,2653.0,264.0,2.1999999999999997,3.5,181.0,265.0,60.0
SV033,L,144,2,3,1,0,3,Response,3007.2000000000003,3166.3,1221.4666666666667,1247.3,2471.6666666666665,2556.0,411.3333333333333,3.233333333333333,7.1,107.0,156.0,31.333333333333332
SV033,L,145,2,0,1,0,3,Response,2827.6,2827.6,1144.1,1144.1,2648.0,2648.0,606.0,7.449999999999999,14.2,264.0,471.0,373.0
SV033,L,146,3,0,0,1,2,Response,956.3499999999999,1326.6,1970.8,2212.4,2774.25,3485.0,345.0,7.0,14.0,252.0,412.0,104.5
SV033,L,147,3,2,0,0,2,Response,2983.6666666666665,3048.8,1246.2666666666667,1403.2,3519.3333333333335,3690.0,365.3333333333333,2.8333333333333335,5.9,281.0,629.0,118.0
SV033,L,148,3,3,1,1,1,Response,926.575,1166.9,1201.75,1275.9,4065.5,4251.0,250.0,3.18,7.5,235.2,612.0,86.8
SV033,L,149,2,2,1,0,2,Response,2869.6,2991.7,1275.5333333333333,1520.0,3267.1666666666665,3696.0,312.6666666666667,2.233333333333333,5.3,138.0,410.0,91.0
SV033,L,150,2,2,0,1,2,Response,966.1125,1207.5,1312.475,1742.2,3178.625,3250.0,145.75,2.625,8.6,151.875,307.0,22.5
SV033,L,151,3,3,1,0,3,Response,2928.7000000000003,3117.2,1345.7,1654.9,2830.6666666666665,3263.0,497.3333333333333,3.1,4.5,157.33333333333334,220.0,33.333333333333336
SV033,L,152,3,3,0,0,3,Response,3145.54,3218.0,1130.24,1215.5,2433.8,2757.0,436.8,3.4799999999999995,7.7,118.2,182.0,102.0
SV033,L,153,2,0,0,0,2,Response,2848.714285714286,3270.0,1823.2,2447.0,2592.714285714286,3427.0,189.42857142857142,3.8285714285714287,9.5,289.0,1080.0,77.14285714285714
SV033,L,154,3,2,0,0,2,Response,3039.45,3098.3,1214.6,1215.8,2815.0,2948.0,651.0,0.6,0.6,61.0,61.0,12.0
SV033,L,155,2,0,1,0,2,Response,3080.8333333333335,3188.9,1332.2333333333333,1385.4,2495.3333333333335,2794.0,430.0,2.6999999999999997,6.0,208.33333333333334,346.0,618.0
SV033,L,156,3,0,1,1,1,Response,1200.6,1558.0,1627.55,1660.0,2623.0,2744.0,468.0,7.95,8.0,308.5,361.0,204.0
SV033,L,157,3,2,1,0,2,Response,2978.1000000000004,3270.0,1621.3000000000002,1981.3,2521.4444444444443,3098.0,184.44444444444446,2.7666666666666666,10.5,156.77777777777777,309.0,82.88888888888889
SV033,L,158,3,2,0,1,2,Response,968.2,968.2,994.6,994.6,2528.0,2528.0,1430.0,3.7,3.7,262.0,262.0,20.0
SV033,L,159,3,3,1,0,3,Response,3085.9,3270.0,1578.6625,2204.4,2219.25,2563.0,300.25,3.4875,8.7,198.875,299.0,349.25
SV033,L,160,2,3,0,1,3,Response,1069.325,1573.0,1274.0583333333334,1652.1,3844.0833333333335,4236.0,181.33333333333334,2.5153846153846158,7.8,354.9230769230769,945.0,326.3076923076923
SV033,L,161,3,2,0,1,2,Response,942.15,959.3,1090.15,1177.3,3969.5,4253.0,553.0,5.1000000000000005,8.8,485.5,883.0,183.0
SV033,L,162,3,3,0,1,3,Response,891.1999999999999,1070.5,1293.9714285714285,1919.6,3046.0,3428.0,249.42857142857142,2.5714285714285716,7.7,158.71428571428572,294.0,76.85714285714286
SV033,L,163,2,3,0,0,3,Response,3049.8500000000004,3086.3,1087.2,1112.2,3204.5,3395.0,762.0,4.3999999999999995,8.1,126.0,179.0,34.0
SV033,L,164,2,2,0,1,2,Response,939.0500000000001,975.2,1024.1499999999999,1242.4,3496.1666666666665,3725.0,466.6666666666667,2.766666666666667,7.9,192.66666666666666,505.0,88.33333333333333
SV033,L,165,2,2,1,1,2,Response,936.55,1085.8,1241.3,1301.7,3751.0,3872.0,388.0,3.8200000000000003,8.5,224.6,592.0,99.6
SV033,L,166,2,3,1,1,2,Response,806.3000000000001,1104.5,1767.6666666666667,2045.4,3060.0,3490.0,412.0,7.85,15.8,257.0,427.0,152.0
SV033,L,167,2,0,1,1,1,Response,1083.4333333333334,1632.3,1310.0666666666666,1396.6,2204.0,2460.0,301.3333333333333,4.7749999999999995,10.7,177.25,300.0,33.0
SV033,L,168,2,0,0,1,1,Response,672.6666666666666,744.3,1602.3999999999999,1849.4,1851.0,2289.0,169.33333333333334,4.8999999999999995,12.2,134.66666666666666,177.0,256.6666666666667
SV033,L,169,3,2,0,1,1,Response,938.15,982.3,868.4000000000001,965.1,2350.5,2432.0,202.0,4.95,9.1,125.0,180.0,275.0
SV033,L,170,2,0,0,0,2,Response,2509.871428571428,3147.3,1744.857142857143,3270.0,2429.4285714285716,3276.0,401.14285714285717,12.4,26.6,238.875,543.0,324.25
SV033,L,171,2,0,1,1,2,Response,1139.8500000000001,1426.6,1174.05,1837.2,3535.3333333333335,3883.0,163.33333333333334,3.8428571428571425,8.3,259.85714285714283,574.0,334.57142857142856
SV033,L,172,2,0,0,1,2,Response,990.575,1138.5,1326.4,1868.9,3691.0,3902.0,260.0,4.375,9.3,405.0,1245.0,122.5
SV033,L,173,2,0,1,1,2,Response,816.625,943.2,1381.575,1744.4,3552.0,3970.0,363.5,2.975,9.0,135.25,321.0,37.0
SV033,L,174,2,0,0,1,2,Response,797.5666666666666,1026.6,1798.5833333333333,1990.3,2149.6666666666665,2645.0,146.33333333333334,1.6500000000000001,4.6,106.66666666666667,166.0,176.33333333333334
SV033,L,175,3,3,0,0,3,Response,2917.7000000000003,3095.9,1606.8999999999999,1989.2,3407.3333333333335,3545.0,409.3333333333333,6.1000000000000005,9.5,539.3333333333334,1289.0,188.66666666666666
SV033,L,176,3,3,0,0,3,Response,3085.733333333333,3161.5,1146.5222222222224,1300.2,3360.3333333333335,3733.0,434.8888888888889,1.5125,2.8,227.0,471.0,196.0
SV033,L,177,3,0,0,1,3,Response,1199.54,1913.8,1292.26,1496.8,3857.4,4067.0,263.6,2.82,5.6,618.0,1984.0,141.2
SV033,L,178,2,3,1,1,2,Response,979.8666666666667,1368.0,1027.0,1276.0,3363.3333333333335,3850.0,293.3333333333333,2.95,6.9,254.0,433.0,127.5
SV033,L,179,3,3,0,1,2,Response,932.9,932.9,958.3,958.3,3289.0,3289.0,946.0,7.8,7.8,229.0,229.0,130.0
SV033,L,180,2,2,0,0,2,Response,3124.96,3270.0,1666.8,2231.8,2326.4,3022.0,269.6,1.725,3.2,182.5,247.0,17.5
SV033,L,181,2,0,0,1,0,Response,1507.45,1901.9,800.55,801.0,2890.0,2936.0,232.0,4.966666666666667,7.4,715.3333333333334,1899.0,120.0
SV033,L,182,2,0,1,0,2,Response,2844.5499999999997,3270.0,1424.6666666666667,1714.1,2810.5,3328.0,184.33333333333334,3.75,9.2,153.0,236.0,86.0
SV033,L,183,2,2,0,1,2,Response,953.2,953.2,1170.3,1170.3,3328.0,3328.0,890.0,8.5,8.5,676.0,676.0,436.0
SV033,L,184,2,3,1,0,3,Response,3038.6666666666665,3270.0,1542.1333333333332,2358.3,2631.3333333333335,3630.0,565.3333333333334,4.7,8.3,201.0,312.0,51.0
SV033,L,185,2,2,1,1,2,Response,1024.9333333333334,1205.8,1468.4666666666665,2056.6,2811.0,3824.0,354.6666666666667,7.3,13.5,237.0,432.0,140.0
SV033,L,186,2,0,0,1,2,Response,957.8,957.8,1119.0,1119.0,3182.0,3182.0,624.0,8.9,8.9,153.0,153.0,98.0
SV033,L,187,2,0,0,0,3,Response,3195.6,3270.0,1417.7666666666667,1711.5,2015.8333333333333,2435.0,188.33333333333334,1.86,3.6,99.0,130.0,174.0
SV033,L,188,3,3,0,1,2,Response,1087.9888888888888,1316.3,1454.1999999999998,1595.9,2600.222222222222,3128.0,99.55555555555556,2.033333333333333,4.0,152.22222222222223,237.0,153.33333333333334
SV033,L,189,2,0,1,0,2,Response,2918.75,2983.6,1405.725,1649.3,2152.5,2531.0,290.5,3.475,11.3,100.25,165.0,126.0
SV033,L,190,3,3,0,1,3,Response,999.2833333333333,1074.6,1341.8166666666666,1547.5,3220.0,3377.0,236.33333333333334,2.6166666666666667,9.1,150.5,302.0,130.0
SV033,L,191,3,2,1,1,2,Response,1095.1666666666667,1695.5,1298.8,1422.6,3021.3333333333335,3226.0,410.6666666666667,2.2,3.7,199.5,317.0,87.0
SV033,L,192,2,0,1,1,1,Response,1116.0285714285715,1588.1,1634.8,1877.3,2962.285714285714,3222.0,65.71428571428571,2.8428571428571425,5.7,178.85714285714286,420.0,80.28571428571429
SV033,L,193,2,3,1,0,3,Response,3040.133333333333,3270.0,1489.2,1822.1,2485.5,3232.0,136.66666666666666,2.72,3.7,155.0,208.0,171.6
SV033,L,194,3,2,1,0,2,Response,2898.4666666666667,3007.6,1176.0333333333333,1225.7,3319.6666666666665,3541.0,440.6666666666667,1.3666666666666665,2.3,159.66666666666666,333.0,59.333333333333336
SV033,L,195,2,2,0,1,2,Response,971.2,971.2,1008.3,1008.3,3418.0,3418.0,184.0,2.7,2.7,382.0,382.0,526.0
SV033,L,196,2,0,0,0,2,Response,2692.7999999999997,3064.6,1257.3666666666668,1471.3,3536.3333333333335,3657.0,485.3333333333333,3.4333333333333336,7.2,132.66666666666666,201.0,28.0
SV033,L,197,2,3,1,1,2,Response,1095.125,1256.7,1284.45,1477.3,3679.75,3777.0,227.0,2.35,3.7,161.75,230.0,36.5
SV033,L,198,3,3,0,0,2,Response,2900.5,3081.9,1560.65,1939.8,3075.0,3175.0,419.0,9.35,12.0,653.0,1047.0,166.0
SV033,L,199,3,2,1,0,2,Response,3039.442857142857,3267.6,1325.1714285714286,1743.9,2351.0,2948.0,164.85714285714286,1.4166666666666667,2.0,116.16666666666667,173.0,15.333333333333334
SV033,L,200,2,0,1,0,2,Response,2665.4857142857145,2925.7,1607.5857142857144,2309.2,3548.5714285714284,3860.0,115.71428571428571,4.8,13.0,275.875,732.0,337.75
SV033,L,201,2,2,0,0,2,Response,2802.1181818181817,3270.0,1386.3636363636363,2676.2,2861.181818181818,3670.0,384.1818181818182,7.463636363636363,20.9,379.09090909090907,1154.0,338.90909090909093
SV033,L,202,3,0,1,0,3,Response,2614.325,3180.9,1278.8,1430.2,4092.75,4282.0,141.5,7.08,10.6,565.8,1224.0,399.6
SV033,L,203,3,2,0,1,2,Response,1006.5333333333333,1126.6,1329.0666666666666,1445.5,4143.0,4281.0,380.0,3.7,6.7,123.75,164.0,35.5
SV033,L,204,2,3,1,1,1,Response,919.6,1062.9,1163.7,1198.7,3869.5,3943.0,407.0,5.6,9.2,186.5,237.0,37.0
SV033,L,205,2,2,0,0,2,Response,2473.4,2966.9,1126.35,1149.6,3816.5,3946.0,518.0,7.1,7.1,178.0,178.0,52.0
SV033,L,206,2,0,1,0,2,Response,3040.65,3114.3,1205.6999999999998,1237.6,3714.0,3912.0,503.0,6.0,9.2,146.33333333333334,188.0,45.333333333333336
SV033,L,207,2,2,0,1,2,Response,912.7,912.7,1104.5,1104.5,3681.0,3681.0,1066.0,6.4,6.4,122.0,122.0,66.0
SV033,L,208,3,2,1,0,2,Response,3113.5,3140.6,1246.85,1341.8,3024.0,3230.0,539.0,3.15,5.6,91.5,121.0,36.0
SV033,L,209,2,2,1,1,1,Response,,,,,,,,1.1,1.1,85.0,85.0,16.0
SV033,L,210,3,3,1,1,2,Response,900.1,900.1,1119.0,1119.0,3587.0,3587.0,1000.0,6.7,6.7,171.0,171.0,52.0
SV033,L,211,2,3,0,0,3,Response,3064.8,3064.8,1199.9,1199.9,3205.0,3205.0,1566.0,,,,,
SV033,L,212,3,2,1,1,2,Response,825.9,870.4,1515.6000000000001,1844.7,3156.0,3340.0,312.0,3.6999999999999997,6.9,217.33333333333334,289.0,36.666666666666664
SV033,L,213,3,3,1,0,3,Response,3179.94,3270.0,1525.24,1895.7,2236.0,2746.0,245.2,1.5,3.2,108.25,138.0,244.0
SV033,L,214,2,2,0,1,1,Response,1009.78,1388.0,1318.72,1843.0,3329.2,3869.0,240.8,5.08,10.6,289.4,721.0,87.6
SV033,L,215,3,2,1,1,2,Response,1422.1,1934.5,1084.4,1563.0,3953.25,4307.0,316.0,5.7,11.3,162.66666666666666,278.0,47.333333333333336
SV033,L,216,3,3,1,1,2,Response,869.9,869.9,1132.0,1132.0,3944.0,3944.0,824.0,6.4,6.7,160.0,169.0,52.0
SV033,L,217,3,3,0,0,2,Response,3128.5333333333333,3219.5,1369.7666666666667,1672.9,2586.3333333333335,3241.0,340.0,6.900000000000001,13.3,1192.3333333333333,3270.0,176.66666666666666
SV033,L,218,2,3,0,0,3,Response,2965.2333333333336,3112.1,1060.8666666666666,1162.3,3102.3333333333335,3257.0,502.0,1.0999999999999999,1.7,73.66666666666667,94.0,18.0
SV033,L,219,2,3,0,0,3,Response,3035.6,3035.6,942.1,942.1,2647.0,2647.0,1132.0,0.7,0.7,64.0,64.0,14.0
SV033,L,220,2,3,1,1,2,Response,1141.0666666666666,1569.0,1045.4333333333334,1097.7,3037.6666666666665,3455.0,280.6666666666667,2.275,5.2,97.0,127.0,27.0
SV033,L,221,2,0,1,0,2,Response,3037.8,3037.8,1330.0,1330.0,1990.0,1990.0,328.0,0.8,0.8,78.0,78.0,12.0
SV033,L,222,3,3,1,0,3,Response,2977.866666666667,3107.4,1319.8999999999999,1547.1,1970.6666666666667,2236.0,473.3333333333333,0.75,0.9,66.5,74.0,13.0
SV033,L,223,3,2,0,0,2,Response,2987.8999999999996,3039.6,1253.85,1538.4,2209.0,2709.0,696.0,1.3,1.3,135.0,135.0,12.0
SV033,L,224,2,3,1,0,2,Response,3181.3,3181.3,1180.9,1180.9,2973.0,2973.0,738.0,1.2,1.2,76.0,76.0,20.0
SV033,L,225,3,2,0,1,2,Response,807.32,1089.7,1546.0,1615.5,2109.8,2681.0,115.6,3.9,11.0,224.4,571.0,279.2
SV033,L,226,2,3,1,1,2,Response,740.4,816.9,1036.55,1149.6,3521.0,3531.0,724.0,2.1,2.1,110.0,110.0,26.0
SV033,L,227,2,2,1,0,2,Response,2950.5,3159.4,1674.0333333333335,2078.7,2245.0,3022.0,440.6666666666667,0.75,1.4,109.5,114.0,28.0
SV033,L,228,3,2,1,0,2,Response,2790.58,3144.0,1302.08,1419.7,3306.6,3596.0,219.6,2.875,7.5,104.5,152.0,30.0
SV033,L,229,3,2,0,1,2,Response,724.75,848.0,1388.8,1737.6,2984.0,3467.0,693.0,3.6,3.6,166.0,166.0,36.0
SV033,L,230,3,0,1,1,1,Response,775.8,894.4,1059.6999999999998,1107.6,3799.5,3803.0,340.0,3.55,5.5,122.5,132.0,36.0
SV033,L,231,2,3,1,1,2,Response,815.8571428571429,865.8,1310.9285714285713,1562.7,3503.4285714285716,3923.0,185.14285714285714,1.4000000000000001,3.1,108.5,155.0,17.333333333333332
SV033,L,232,3,3,0,1,3,Response,957.2666666666668,1001.9,970.9333333333334,984.6,3427.0,3648.0,571.3333333333334,2.05,5.1,229.75,624.0,87.0
SV033,L,233,2,0,1,1,1,Response,986.1,1118.4,1096.75,1127.5,3764.5,3946.0,310.0,4.3,6.6,127.66666666666667,156.0,44.0
SV033,L,234,2,3,0,1,2,Response,853.65,957.9,1407.5,1791.7,2813.5,3306.0,462.0,9.899999999999999,13.7,681.0,1006.0,249.0
SV033,L,235,2,2,1,1,2,Response,691.8,691.8,1290.6,1290.6,3090.0,3090.0,1160.0,2.9,2.9,237.0,237.0,40.0
SV033,L,236,2,3,0,1,2,Response,882.1333333333333,1115.0,1439.7833333333335,2063.3,3035.3333333333335,3489.0,180.0,2.6833333333333336,6.3,177.83333333333334,248.0,27.666666666666668
SV033,L,237,2,2,0,0,2,Response,3181.2999999999997,3258.6,1344.8999999999999,1704.4,2113.6666666666665,2611.0,274.6666666666667,5.633333333333333,12.4,142.66666666666666,200.0,275.3333333333333
SV033,L,238,3,2,0,0,2,Response,3138.8500000000004,3157.4,1212.35,1328.5,2810.0,2919.0,359.0,1.7999999999999998,1.9,96.5,97.0,23.0
SV033,L,239,3,0,0,0,2,Response,2785.575,3086.5,1014.65,1137.0,3324.75,3444.0,286.0,3.7600000000000002,7.8,368.6,842.0,164.8
SV033,L,240,2,0,0,0,2,Response,2905.0666666666666,3007.6,1603.1666666666667,2015.4,3578.4444444444443,3850.0,177.11111111111111,2.0,9.1,778.8888888888889,3270.0,92.22222222222223
SV033,L,241,3,2,1,0,2,Response,2119.2400000000002,2584.4,1366.58,2962.7,4016.6,4357.0,168.0,9.200000000000001,20.4,664.0,1229.0,471.3333333333333
SV033,L,242,3,0,1,0,0,Response,1938.225,2014.8,876.675,1029.1,4133.75,4178.0,547.5,1.56,2.2,99.8,132.0,19.6
SV033,L,243,2,3,1,0,2,Response,,,,,,,,3.1,3.1,178.0,178.0,24.0
SV033,L,244,3,3,1,1,3,Response,,,,,,,,2.3,2.3,142.0,142.0,22.0
SV033,L,245,2,3,0,1,3,Response,,,,,,,,3.9,3.9,189.0,189.0,30.0
SV033,L,246,2,2,1,1,2,Response,,,,,,,,0.3,0.3,846.0,846.0,1024.0
SV033,L,247,2,0,0,0,1,Response,1872.5,1872.5,872.4,872.4,4094.0,4094.0,218.0,0.5,0.8,1254.5,1576.0,273.0
SV033,L,248,3,3,0,1,3,Response,1700.5,1700.5,1298.2,1298.2,4257.0,4257.0,56.0,3.2,3.2,1270.0,1270.0,1024.0
SV033,L,249,3,0,1,0,0,Response,,,,,,,,1.3,1.3,88.0,88.0,18.0
SV033,L,250,2,3,1,1,3,Response,1903.9,1911.7,889.8,975.1,3880.0,3936.0,134.0,1.0666666666666667,1.1,78.33333333333333,90.0,17.333333333333332
SV033,L,251,2,3,0,1,3,Response,,,,,,,,2.8,2.8,162.0,162.0,24.0
SV033,L,252,2,0,0,0,0,Response,1841.8,1963.5,747.8,772.3,3703.5,3769.0,153.0,2.1666666666666665,3.3,117.66666666666667,175.0,23.333333333333332
SV033,L,253,2,0,0,1,0,Response,2199.9,2199.9,881.3,881.3,3897.0,3897.0,176.0,1.9,2.9,110.5,150.0,21.0
SV033,L,254,2,0,1,0,0,Response,1999.5,1999.5,847.0,847.0,3906.0,3906.0,96.0,2.75,2.8,451.5,773.0,230.0
SV033,L,255,3,2,1,0,2,Response,,,,,,,,,,,,
SV033,L,256,3,0,0,1,0,Response,,,,,,,,1.9,1.9,103.0,103.0,24.0
SV033,L,257,2,0,0,1,0,Response,,,,,,,,,,,,
SV033,L,258,2,0,1,0,0,Response,,,,,,,,1.8,1.8,95.0,95.0,26.0
SV033,L,259,3,3,0,1,3,Response,1922.8,1922.8,792.7,792.7,3652.0,3652.0,196.0,2.35,3.6,390.0,704.0,549.0
SV033,L,260,3,0,0,0,0,Response,1844.6,1844.6,698.5,698.5,3860.0,3860.0,406.0,2.2,3.0,123.0,149.0,22.0
SV033,L,261,3,3,1,1,3,Response,1964.9,1964.9,827.7,827.7,4161.0,4161.0,196.0,1.1,1.5,79.5,96.0,17.0
SV033,L,262,2,3,0,1,3,Response,,,,,,,,,,,,
SV033,L,263,2,0,1,1,0,Response,2043.1666666666667,2150.7,801.5333333333333,1088.2,3824.6666666666665,3997.0,169.33333333333334,2.75,3.3,146.5,175.0,25.0
SV033,L,264,3,2,0,1,2,Response,,,,,,,,0.5,0.5,52.0,52.0,12.0
SV033,L,265,2,3,1,0,3,Response,,,,,,,,,,,,
SV033,L,266,2,0,1,1,0,Response,,,,,,,,1.0,1.0,974.0,974.0,424.0
SV033,L,267,3,3,1,1,3,Response,,,,,,,,,,,,
SV033,L,268,3,2,0,0,2,Response,,,,,,,,,,,,
SV033,L,269,3,0,1,1,0,Response,,,,,,,,,,,,
SV033,L,270,2,0,0,0,0,Response,,,,,,,,0.8,0.8,60.0,60.0,16.0
SV033,L,271,2,2,1,0,2,Response,,,,,,,,1.1,1.1,813.0,813.0,426.0
SV033,L,272,2,2,1,1,2,Response,,,,,,,,1.5,1.5,84.0,84.0,22.0
SV033,L,273,2,0,0,1,0,Response,,,,,,,,,,,,
SV033,L,274,3,2,0,0,2,Response,,,,,,,,0.8,0.8,62.0,62.0,16.0
SV033,L,275,3,2,0,1,2,Response,1949.5,1949.5,929.2,929.2,4162.0,4162.0,160.0,0.6,0.6,61.0,61.0,12.0
SV033,L,276,2,3,0,0,3,Response,1950.8000000000002,1953.4,910.95,952.6,4056.0,4117.0,121.0,0.7666666666666666,1.2,66.33333333333333,83.0,14.0
SV033,L,277,3,3,1,1,3,Response,1977.1,1977.1,1006.1,1006.1,4087.0,4087.0,298.0,1.4,1.4,841.0,841.0,422.0
SV033,L,278,2,2,1,0,2,Response,,,,,,,,1.1,1.1,72.0,72.0,20.0
SV033,L,279,2,2,0,1,2,Response,1943.2,1943.2,1342.2,1342.2,3134.0,3134.0,112.0,,,,,
SV033,L,280,2,3,0,0,3,Response,,,,,,,,1.9,1.9,110.0,110.0,22.0
SV033,L,281,2,3,1,0,3,Response,,,,,,,,1.1,1.1,777.0,777.0,388.0
SV033,L,282,3,2,1,0,2,Response,1967.7,1967.7,859.3,859.3,3468.0,3468.0,186.0,0.6,0.7,185.0,318.0,175.0
SV033,L,283,2,3,0,0,3,Response,1974.5,1974.5,892.5,892.5,3879.0,3879.0,176.0,1.05,1.3,75.0,80.0,17.0
SV033,L,284,3,0,1,1,0,Response,,,,,,,,1.9,1.9,117.0,117.0,22.0
SV033,L,285,2,3,0,1,3,Response,1975.4,1975.4,779.9,779.9,3893.0,3893.0,208.0,1.15,1.8,73.5,93.0,18.0
SV033,L,286,3,2,0,0,2,Response,,,,,,,,,,,,
SV033,L,287,2,2,0,0,2,Response,,,,,,,,4.9,4.9,975.0,975.0,378.0
SV033,L,288,3,0,1,1,0,Response,,,,,,,,13.2,13.2,780.0,780.0,456.0
SV033,L,289,3,2,0,0,2,Response,,,,,,,,,,,,
SV033,L,290,2,0,1,1,0,Response,,,,,,,,,,,,
SV033,L,291,2,2,1,0,2,Response,,,,,,,,0.6,0.6,60.0,60.0,12.0
SV033,L,292,3,2,0,0,2,Response,,,,,,,,,,,,
SV033,L,293,3,0,1,0,0,Response,,,,,,,,,,,,
SV033,L,294,3,3,1,1,3,Response,,,,,,,,0.8,0.8,69.0,69.0,14.0
SV033,L,295,2,2,1,1,2,Response,1763.35,1773.6,1467.0,1475.8,2444.0,2530.0,55.0,0.9500000000000001,1.6,169.5,226.0,166.0
SV033,L,296,3,0,0,0,0,Response,,,,,,,,11.5,11.5,931.0,931.0,280.0
SV033,L,297,2,0,0,1,0,Response,,,,,,,,2.0,2.0,706.0,706.0,424.0
SV033,L,298,3,3,1,0,3,Response,1942.9,1974.2,853.35,908.0,4042.0,4144.0,176.0,0.6666666666666666,0.8,62.333333333333336,66.0,14.0
SV033,L,299,3,0,0,0,0,Response,2021.3,2021.3,829.7,829.7,3901.0,3901.0,206.0,1.6,2.5,404.0,705.0,195.0
SV033,L,300,3,3,1,1,3,Response,1572.3,1572.3,1054.3,1054.3,3022.0,3022.0,200.0,3.6,3.6,722.0,722.0,1144.0
SV033,L,301,3,3,1,0,3,Response,,,,,,,,0.2,0.2,698.0,698.0,512.0
SV033,L,302,3,0,1,1,0,Response,,,,,,,,,,,,
SV033,L,303,2,2,1,1,2,Response,,,,,,,,,,,,
SV033,L,304,3,3,1,1,3,Response,1358.8666666666666,1634.4,1258.7333333333333,1554.1,2483.0,2519.0,166.0,1.5666666666666667,2.1,100.66666666666667,113.0,19.333333333333332
SV033,L,305,3,0,0,1,0,Response,,,,,,,,,,,,
SV033,L,306,3,3,0,0,3,Response,,,,,,,,,,,,
SV033,L,307,2,3,0,0,3,Response,,,,,,,,,,,,
SV033,L,308,3,3,0,1,3,Response,,,,,,,,4.3,4.3,210.0,210.0,608.0
SV033,L,309,3,3,0,0,3,Response,,,,,,,,,,,,
SV033,L,310,3,2,1,0,2,Response,,,,,,,,,,,,
SV033,L,311,3,0,1,1,0,Response,,,,,,,,11.8,11.8,243.0,243.0,360.0
SV033,L,312,2,0,1,0,0,Response,,,,,,,,,,,,
SV033,L,313,2,3,0,0,3,Response,,,,,,,,2.6,2.6,177.0,177.0,904.0
SV033,L,314,3,2,1,1,2,Response,,,,,,,,,,,,
SV033,L,315,3,2,0,1,2,Response,,,,,,,,,,,,
SV033,L,316,3,0,1,0,0,Response,,,,,,,,,,,,
SV033,L,317,3,0,0,1,0,Response,,,,,,,,,,,,
SV033,L,318,2,2,1,1,2,Response,,,,,,,,,,,,
SV033,L,319,2,3,1,1,3,Response,1838.4,1838.4,789.6,789.6,3149.0,3149.0,436.0,0.5,0.5,54.0,54.0,12.0
SV033,L,320,2,0,1,0,0,Response,,,,,,,,3.4,3.4,974.0,974.0,474.0
SV033,L,321,3,3,0,0,3,Response,,,,,,,,,,,,
SV033,L,322,3,0,1,1,0,Response,,,,,,,,,,,,
SV033,L,323,3,0,1,0,0,Response,,,,,,,,,,,,
SV033,L,324,2,0,1,1,0,Response,2019.9,2019.9,1022.5,1022.5,4003.0,4003.0,320.0,4.6,4.6,1452.0,1452.0,750.0
SV033,L,325,2,3,0,0,4,Response,,,,,,,,2.4,2.4,1716.0,1716.0,312.0
SV033,L,326,2,0,1,0,0,Response,,,,,,,,0.8,0.8,2486.0,2486.0,1528.0
SV033,L,327,2,3,0,0,4,Response,2020.1,2020.1,1061.1,1061.1,4197.0,4197.0,286.0,2.6,2.6,140.0,140.0,24.0
SV033,L,328,3,0,1,1,0,Response,2090.2,2182.5,909.0,1113.4,4179.5,4190.0,323.0,3.8499999999999996,5.6,1075.0,2023.0,290.0
SV033,L,329,3,3,1,0,4,Response,1926.2,1926.2,1244.4,1244.4,3974.0,3974.0,192.0,1.8,1.8,99.0,99.0,22.0
SV033,L,330,2,0,1,0,4,Response,,,,,,,,12.3,12.3,738.0,738.0,350.0
SV033,L,331,2,3,1,1,0,Response,2092.9,2092.9,928.3,928.3,4085.0,4085.0,168.0,1.9000000000000001,2.7,419.5,765.0,254.0
SV033,L,332,2,2,1,0,4,Response,,,,,,,,,,,,
SV033,L,333,3,2,0,1,2,Response,1796.6,1796.6,1112.4,1112.4,3269.0,3269.0,84.0,9.75,17.5,655.5,703.0,264.0
SV033,L,334,2,0,1,0,0,Response,1977.75,1990.8,1041.6,1248.5,3741.5,3752.0,132.0,4.45,6.7,392.5,652.0,191.0
SV033,L,335,2,0,0,0,0,Response,,,,,,,,1.3,1.3,75.0,75.0,22.0
SV033,L,336,2,0,0,0,0,Response,,,,,,,,,,,,
SV033,L,337,3,2,1,1,2,Response,,,,,,,,1.4,1.4,88.0,88.0,20.0
SV033,L,338,3,2,0,1,2,Response,1955.65,1963.9,914.6,1005.1,4146.0,4231.0,276.0,1.75,1.9,111.0,120.0,21.0
SV033,L,339,3,0,1,0,0,Response,1938.2,1938.2,786.9,786.9,4067.0,4067.0,970.0,2.7,2.7,159.0,159.0,24.0
SV033,L,340,3,0,1,1,0,Response,,,,,,,,,,,,
SV033,L,341,3,2,0,0,2,Response,,,,,,,,,,,,
SV033,L,342,3,2,1,1,2,Response,,,,,,,,,,,,
SV033,L,343,2,2,1,0,2,Response,,,,,,,,1.1,1.1,713.0,713.0,822.0
SV033,L,344,2,2,1,0,2,Response,,,,,,,,,,,,
SV033,L,345,3,0,0,1,0,Response,,,,,,,,,,,,
SV033,L,346,3,0,0,0,0,Response,,,,,,,,1.5,1.5,682.0,682.0,640.0
SV033,L,347,2,0,1,0,0,Response,,,,,,,,0.3,0.3,797.0,797.0,344.0
SV033,L,348,3,3,0,1,3,Response,,,,,,,,1.7,1.7,107.0,107.0,22.0
SV033,L,349,3,2,0,0,2,Response,1945.5,1945.5,1253.1,1253.1,2160.0,2160.0,28.0,1.7,1.7,149.0,149.0,14.0
SV033,L,350,2,0,0,0,2,Response,2070.3500000000004,2091.3,1154.1,1165.4,1426.5,1494.0,65.0,1.2999999999999998,1.4,55.0,110.0,82.0
SV033,L,351,3,2,1,0,2,Response,,,,,,,,,,,,
SV033,L,352,3,3,1,0,3,Response,,,,,,,,,,,,
SV033,L,353,3,2,0,1,2,Response,1835.6,1842.6,1239.85,1288.0,2643.5,2759.0,98.0,7.2,13.6,117.5,163.0,201.0
SV033,L,354,2,3,0,1,3,Response,,,,,,,,,,,,
SV033,L,355,3,3,1,0,4,Response,1996.5,1996.5,971.6,971.6,4104.0,4104.0,268.0,1.4,1.7,90.0,115.0,20.0
SV033,L,356,3,0,0,0,0,Response,1883.7,1883.7,1007.5,1007.5,3922.0,3922.0,234.0,0.8,0.8,58.0,58.0,16.0
SV033,L,357,2,2,0,1,2,Response,1800.6,1800.6,763.6,763.6,3923.0,3923.0,142.0,0.4,0.4,50.0,50.0,10.0
SV033,L,358,3,3,1,1,3,Response,1975.9,1975.9,777.1,777.1,3590.0,3590.0,486.0,,,,,
SV033,L,359,2,3,1,1,4,Response,2033.3333333333333,2249.5,742.3333333333334,754.6,3571.6666666666665,3802.0,198.0,1.6666666666666667,2.0,313.6666666666667,751.0,184.66666666666666
SV033,L,360,2,3,1,0,4,Response,1845.56,2921.5,1461.52,2361.2,2570.4,3574.0,131.2,8.08,19.2,202.6,269.0,137.6
SV033,L,361,2,0,0,1,0,Response,1944.6,1944.6,805.3,805.3,3269.0,3269.0,328.0,2.8,2.8,165.0,165.0,24.0
SV033,L,362,2,3,1,1,4,Response,1995.3,1995.3,759.7,759.7,3531.0,3531.0,210.0,3.3499999999999996,3.4,214.5,295.0,314.0
SV033,L,363,2,0,0,1,0,Response,2038.3000000000002,2118.4,495.75,639.1,3101.0,3150.0,83.0,5.133333333333333,6.6,282.6666666666667,510.0,202.66666666666666
SV033,L,364,2,2,0,1,2,Response,1866.6,1866.6,1061.5,1061.5,3665.0,3665.0,220.0,1.9,1.9,93.0,93.0,24.0
SV033,L,365,3,2,0,1,2,Response,1775.9,1931.5,1072.15,1074.5,3724.5,3733.0,203.0,2.05,2.2,119.0,123.0,23.0
SV033,L,366,2,3,0,1,3,Response,,,,,,,,2.9,2.9,776.0,776.0,364.0
SV033,L,367,2,0,1,1,0,Response,,,,,,,,0.4,0.4,989.0,989.0,742.0
SV033,L,368,2,2,0,1,2,Response,1909.3,1909.3,1036.5,1036.5,3832.0,3832.0,158.0,1.4,1.4,101.0,101.0,18.0
SV033,L,369,2,3,1,0,3,Response,1939.0,1939.0,603.7,603.7,3741.0,3741.0,176.0,0.8,0.8,73.0,73.0,14.0
SV033,L,370,3,2,0,1,2,Response,1898.9,1898.9,983.8,983.8,4047.0,4047.0,136.0,1.1,1.1,91.0,91.0,16.0
SV033,L,371,3,3,0,1,3,Response,,,,,,,,,,,,
SV033,L,372,3,3,0,1,3,Response,2000.0,2000.0,873.0,873.0,4002.0,4002.0,148.0,0.8,0.8,66.0,66.0,14.0
SV033,L,373,2,3,0,0,3,Response,1926.6,1926.6,1140.4,1140.4,3924.0,3924.0,138.0,3.2,3.2,136.0,136.0,30.0
SV033,L,374,3,0,0,0,0,Response,,,,,,,,,,,,
SV033,L,375,2,2,0,0,2,Response,,,,,,,,2.7,2.7,986.0,986.0,402.0
SV033,L,376,2,2,0,0,2,Response,1908.6,1908.6,775.0,775.0,3724.0,3724.0,668.0,0.8,0.8,66.0,66.0,14.0
SV033,L,377,3,2,0,0,2,Response,,,,,,,,,,,,
SV033,L,378,2,2,0,1,2,Response,,,,,,,,3.6,3.6,730.0,730.0,778.0
SV033,L,379,3,2,1,1,2,Response,1948.9,1948.9,1035.4,1035.4,3650.0,3650.0,236.0,3.5,3.5,160.0,160.0,30.0
SV033,L,380,3,2,1,1,2,Response,1890.1,1890.1,742.1,742.1,3709.0,3709.0,130.0,2.9,2.9,532.0,901.0,213.0
SV033,L,381,3,2,1,1,2,Response,1955.2,1955.2,660.1,660.1,3905.0,3905.0,174.0,2.8,2.8,1146.0,1146.0,220.0
SV033,L,382,3,2,1,1,2,Response,,,,,,,,1.3,1.3,844.0,844.0,296.0
SV033,L,383,3,0,0,1,0,Response,,,,,,,,3.4,3.4,801.0,801.0,226.0
SV033,L,384,3,2,1,0,2,Response,1947.2,1947.2,1015.2,1015.2,3978.0,3978.0,204.0,1.8,1.8,116.0,116.0,20.0
SV033,L,385,3,3,0,0,3,Response,1942.0,1942.0,763.6,763.6,4175.0,4175.0,200.0,1.05,1.2,78.5,87.0,17.0
SV033,L,386,3,0,0,0,0,Response,,,,,,,,,,,,
SV033,L,387,2,0,0,1,0,Response,1921.2,1921.2,916.4,916.4,3772.0,3772.0,250.0,0.7,0.7,1042.0,1042.0,486.0
SV033,L,388,3,3,0,1,3,Response,,,,,,,,1.7,1.7,800.0,800.0,322.0
SV033,L,389,3,2,1,1,2,Response,2100.7,2100.7,993.0,993.0,3609.0,3609.0,298.0,2.25,3.3,373.0,656.0,459.0
SV033,L,390,2,2,0,1,2,Response,,,,,,,,2.8,2.8,160.0,160.0,24.0
SV033,L,391,2,0,1,1,0,Response,,,,,,,,0.2,0.2,889.0,889.0,470.0
SV033,L,392,2,3,1,0,3,Response,1977.2,1977.2,728.3,728.3,3601.0,3601.0,228.0,1.4,2.1,405.5,750.0,214.0
SV033,L,393,3,3,0,0,3,Response,2032.3,2032.3,871.3,871.3,3987.0,3987.0,342.0,,,,,
SV033,L,394,3,0,1,0,0,Response,,,,,,,,,,,,
SV033,L,395,3,2,0,1,2,Response,,,,,,,,,,,,
SV033,L,396,3,3,0,0,3,Response,,,,,,,,,,,,
SV033,L,397,2,2,0,0,2,Response,,,,,,,,,,,,
SV033,L,398,3,0,0,0,0,Response,,,,,,,,2.6,2.6,764.0,764.0,450.0
SV033,L,399,2,2,1,0,2,Response,,,,,,,,0.8,0.8,279.0,279.0,352.0
SV033,L,400,2,2,1,1,2,Response,1937.0,1937.0,1553.6,1553.6,2804.0,2804.0,26.0,1.8,1.8,140.0,140.0,16.0
SV033,L,401,3,0,0,1,0,Response,1989.1125,2310.6,1023.0625,1474.2,3534.375,3832.0,208.0,5.300000000000001,13.0,480.8888888888889,1052.0,188.66666666666666
SV033,L,402,2,2,1,0,2,Response,1957.7,1957.7,1148.7,1148.7,4000.0,4000.0,190.0,2.2,2.2,117.0,117.0,24.0
SV033,L,403,2,2,0,1,2,Response,1924.6,1924.6,1113.9,1113.9,4185.0,4185.0,312.0,2.0,2.0,110.0,110.0,26.0
SV033,L,404,3,3,0,0,3,Response,1973.25,1991.0,999.75,1101.4,4025.0,4048.0,239.0,0.8,1.0,66.0,76.0,14.0
SV033,L,405,2,2,0,0,2,Response,1914.5,1914.5,1335.0,1335.0,2924.0,2924.0,26.0,2.6,2.6,113.0,113.0,26.0
SV033,L,406,2,2,0,0,2,Response,,,,,,,,0.7,0.7,876.0,876.0,366.0
SV033,L,407,3,2,1,0,2,Response,,,,,,,,0.7,0.7,62.0,62.0,14.0
SV033,L,408,2,0,0,0,0,Response,,,,,,,,1.0,1.0,752.0,752.0,292.0
SV033,L,409,3,3,1,0,3,Response,1936.35,1952.9,971.25,1144.0,3802.5,3804.0,210.0,1.4500000000000002,2.2,98.5,132.0,18.0
SV033,L,410,3,3,1,0,3,Response,1990.3,1990.3,1185.8,1185.8,3746.0,3746.0,118.0,1.3,1.3,106.0,106.0,16.0
SV033,L,411,3,0,1,0,0,Response,2160.0,2160.0,777.2,777.2,3692.0,3692.0,280.0,4.800000000000001,6.4,230.0,272.0,189.0
SV033,L,412,3,2,0,0,2,Response,1970.2,1970.2,1118.2,1118.2,3929.0,3929.0,208.0,1.6,1.6,118.0,118.0,18.0
SV033,L,413,2,2,1,1,2,Response,,,,,,,,1.2,1.2,796.0,796.0,646.0
SV033,L,414,2,0,1,1,0,Response,,,,,,,,1.5,1.5,833.0,833.0,664.0
SV033,L,415,2,2,0,1,2,Response,1902.5,1902.5,997.5,997.5,4010.0,4010.0,150.0,1.3,1.3,93.0,93.0,18.0
SV033,L,416,3,3,0,0,3,Response,,,,,,,,,,,,
SV033,L,417,3,0,1,0,0,Response,,,,,,,,2.9,2.9,885.0,885.0,430.0
SV033,L,418,3,3,0,1,3,Response,,,,,,,,0.8,0.8,304.0,304.0,528.0
SV033,L,419,2,0,0,0,0,Response,,,,,,,,,,,,
SV033,L,420,2,3,1,1,4,Response,1904.7,1904.7,1000.8,1000.8,3741.0,3741.0,214.0,2.3,2.3,974.0,974.0,518.0
SV033,L,421,3,0,0,1,0,Response,,,,,,,,1.7,1.7,699.0,699.0,558.0
SV033,L,422,2,0,0,0,0,Response,,,,,,,,,,,,
SV033,L,423,3,3,0,0,4,Response,2044.3500000000001,2132.8,720.05,729.3,3090.5,3209.0,374.0,2.2666666666666666,4.3,151.66666666666666,294.0,104.0
SV033,L,424,2,0,0,1,0,Response,1997.1,1997.1,777.1,777.1,2972.0,2972.0,300.0,1.8499999999999999,3.4,191.0,226.0,199.0
SV033,L,425,2,2,1,1,2,Response,,,,,,,,,,,,
SV033,L,426,3,0,0,1,0,Response,,,,,,,,1.6,1.6,257.0,257.0,322.0
SV033,L,427,2,3,1,1,3,Response,1996.2,2040.2,882.4,1028.1,3012.5,3043.0,261.0,3.6,6.2,462.0,843.0,98.0
SV033,L,428,3,3,1,0,3,Response,,,,,,,,,,,,
SV033,L,429,2,3,0,1,3,Response,1988.8,1988.8,855.0,855.0,2746.0,2746.0,168.0,1.2,2.0,430.5,738.0,189.0
SV033,L,430,3,3,1,1,3,Response,,,,,,,,,,,,
SV033,L,431,2,2,0,0,2,Response,2081.4,2081.4,945.0,945.0,1836.0,1836.0,216.0,1.4,1.7,208.0,240.0,766.0
SV033,L,432,3,3,0,0,3,Response,,,,,,,,,,,,
SV033,L,433,2,3,1,1,3,Response,,,,,,,,,,,,
SV033,L,434,3,0,0,0,0,Response,,,,,,,,11.0,11.0,778.0,778.0,390.0
SV033,L,435,3,3,1,0,3,Response,2121.35,2269.2,858.25,965.5,3156.0,3173.0,232.0,3.266666666666667,4.8,386.6666666666667,789.0,214.0
SV033,L,436,3,0,0,1,0,Response,,,,,,,,1.0,1.0,895.0,895.0,402.0
SV033,L,437,2,0,1,1,0,Response,1943.4,1943.4,1323.6,1323.6,2018.0,2018.0,90.0,6.9,13.0,453.0,748.0,334.0
SV033,L,438,3,2,1,0,2,Response,,,,,,,,,,,,
SV033,L,439,3,2,1,0,2,Response,1991.95,2083.3,1064.3,1070.5,2688.0,2729.0,272.0,1.4,1.6,143.0,194.0,117.0
SV033,L,440,2,3,1,1,3,Response,1951.0,1951.0,1067.3,1067.3,3039.0,3039.0,256.0,2.7,2.7,137.0,137.0,26.0
SV033,L,441,2,3,1,0,3,Response,,,,,,,,,,,,
SV033,L,442,2,3,1,0,3,Response,,,,,,,,,,,,
SV033,L,443,2,0,0,1,3,Response,1990.3,2033.1,922.55,934.3,1993.5,2075.0,206.0,1.5,2.2,176.5,291.0,141.0
SV033,L,444,2,2,0,1,2,Response,,,,,,,,0.4,0.4,264.0,264.0,326.0
SV033,L,445,3,3,1,1,3,Response,1981.9,1981.9,897.0,897.0,2537.0,2537.0,132.0,2.6,2.6,270.0,270.0,272.0
SV033,L,446,2,0,0,1,0,Response,,,,,,,,1.0,1.0,199.0,199.0,378.0
SV033,L,447,3,3,0,1,3,Response,1950.5,1950.5,1020.4,1020.4,2775.0,2775.0,286.0,0.7,0.7,172.0,172.0,482.0
SV033,L,448,3,0,1,1,0,Response,1964.5,1964.5,1139.6,1139.6,2590.0,2590.0,358.0,,,,,
SV033,L,449,2,3,1,0,3,Response,2037.2,2037.2,778.0,778.0,2637.0,2637.0,190.0,1.6,2.4,204.0,278.0,172.0
SV033,L,450,2,2,1,0,2,Response,,,,,,,,,,,,
SV033,L,451,3,3,1,0,3,Response,1994.4,1994.4,855.3,855.3,2616.0,2616.0,264.0,0.55,0.6,171.0,290.0,270.0
SV033,L,452,2,0,0,0,0,Response,,,,,,,,2.9,2.9,308.0,308.0,668.0
SV033,L,453,2,3,0,1,3,Response,2139.2,2139.2,969.8,969.8,1515.0,1515.0,146.0,2.15,3.7,153.0,248.0,603.0
SV033,L,454,3,0,0,1,0,Response,,,,,,,,,,,,
SV033,L,455,3,2,1,1,2,Response,,,,,,,,1.1,1.1,252.0,252.0,426.0
SV033,L,456,2,3,0,0,3,Response,,,,,,,,,,,,
SV033,L,457,2,0,1,1,0,Response,1968.6,1968.6,1162.3,1162.3,2274.0,2274.0,114.0,4.0,4.0,245.0,245.0,264.0
SV033,L,458,2,2,0,1,2,Response,,,,,,,,,,,,
SV033,L,459,2,0,1,1,0,Response,,,,,,,,0.3,0.3,277.0,277.0,356.0
SV033,L,460,2,3,1,1,3,Response,1994.8,1994.8,828.6,828.6,2602.0,2602.0,162.0,0.65,0.9,167.0,283.0,277.0
SV033,L,461,2,3,0,1,2,Response,,,,,,,,,,,,
SV033,L,462,3,0,1,1,0,Response,,,,,,,,0.8,0.8,214.0,214.0,572.0
SV033,L,463,2,2,1,1,2,Response,,,,,,,,,,,,
SV033,L,464,3,0,1,0,0,Response,1983.0,1983.0,1116.2,1116.2,2602.0,2602.0,372.0,,,,,
SV033,L,465,3,2,0,0,2,Response,2030.1,2030.1,1025.7,1025.7,3121.0,3121.0,160.0,1.1,1.1,76.0,76.0,18.0
SV033,L,466,2,3,1,0,3,Response,,,,,,,,1.2,1.2,795.0,795.0,636.0
SV033,L,467,2,3,0,0,3,Response,2086.1000000000004,2162.8,943.55,1087.2,3497.5,3612.0,298.0,2.4,2.5,133.5,138.0,24.0
SV033,L,468,3,3,0,1,3,Response,,,,,,,,2.8,2.8,814.0,814.0,704.0
SV033,L,469,3,0,0,0,0,Response,,,,,,,,,,,,
SV033,L,470,2,2,1,0,2,Response,,,,,,,,1.2,1.2,90.0,90.0,18.0
SV033,L,471,3,2,1,0,2,Response,1906.3,1906.3,876.8,876.8,3241.0,3241.0,226.0,0.85,1.0,403.0,743.0,155.0
SV033,L,472,3,2,0,1,2,Response,1945.6,1945.6,799.2,799.2,3569.0,3569.0,372.0,2.25,2.4,139.0,152.0,22.0
SV033,L,473,2,0,1,0,0,Response,,,,,,,,0.5,0.5,824.0,824.0,280.0
SV033,L,474,2,3,0,1,3,Response,,,,,,,,1.2,1.2,701.0,701.0,380.0
SV033,L,475,2,2,0,0,2,Response,,,,,,,,,,,,
SV033,L,476,3,2,1,1,2,Response,,,,,,,,,,,,
SV033,L,477,2,2,0,0,2,Response,1985.15,2003.7,940.7,1007.8,3411.0,3448.0,212.0,0.8,0.9,56.0,57.0,16.0
SV033,L,478,2,0,1,0,0,Response,1968.5,1968.5,873.6,873.6,3294.0,3294.0,158.0,0.8,0.9,177.0,292.0,138.0
SV033,L,479,2,2,1,1,2,Response,1895.4,1895.4,888.9,888.9,3532.0,3532.0,128.0,0.9,1.3,74.0,92.0,15.0
SV033,L,480,2,2,0,0,2,Response,,,,,,,,3.4,3.4,646.0,646.0,406.0
SV033,R,1,2,2,0,0,2,Response,1230.82,1871.6,1096.58,1154.8,3001.6,3144.0,178.4,4.866666666666666,7.7,399.6666666666667,750.0,216.33333333333334
SV033,R,2,3,0,0,0,3,Response,928.6999999999999,1186.2,932.1333333333332,1028.1,3317.6666666666665,3506.0,480.6666666666667,4.266666666666667,8.2,577.6666666666666,798.0,308.0
SV033,R,3,3,0,1,1,2,Response,2721.3,2721.3,1229.4,1229.4,3210.0,3210.0,584.0,4.0,5.6,477.5,756.0,288.0
SV033,R,4,2,3,0,1,2,Response,2893.4,2964.9,1158.2,1265.5,3216.0,3619.0,284.6666666666667,3.0,5.9,121.33333333333333,170.0,30.0
SV033,R,5,3,2,1,0,2,Response,1143.85,1448.3,1141.65,1191.2,3869.5,4094.0,512.0,2.05,3.1,116.5,162.0,22.0
SV033,R,6,3,0,1,0,2,Response,1002.0,1121.4,1181.9,1230.6,3544.75,4037.0,213.5,2.775,6.8,230.0,588.0,80.0
SV033,R,7,3,3,1,1,2,Response,2663.6499999999996,2742.2,1236.45,1271.0,3468.0,3747.0,743.0,0.95,1.2,71.0,82.0,16.0
SV033,R,8,3,0,1,1,2,Response,2882.6,2882.6,1262.6,1262.6,3442.0,3442.0,1216.0,2.9,2.9,153.0,153.0,26.0
SV033,R,9,2,0,0,1,2,Response,2926.366666666667,2971.0,1101.8333333333333,1218.9,2789.6666666666665,3071.0,220.0,4.7,9.3,384.25,708.0,143.5
SV033,R,10,3,3,1,1,3,Response,2818.75,2900.0,1208.65,1214.9,3126.5,3389.0,481.0,4.25,7.5,126.0,176.0,37.0
SV033,R,11,3,2,0,1,2,Response,2836.65,2934.8,1156.15,1191.0,3286.0,3531.0,677.0,3.25,5.5,111.5,150.0,31.0
SV033,R,12,3,2,0,0,2,Response,869.8,895.7,1108.1799999999998,1336.5,4132.4,4612.0,220.8,1.98,6.7,149.2,280.0,32.0
SV033,R,13,3,2,1,0,2,Response,871.075,1082.4,1167.8,1240.9,3622.75,4138.0,452.5,3.425,10.1,251.0,746.0,101.5
SV033,R,14,2,2,0,0,2,Response,936.82,972.2,1006.46,1077.0,4132.8,4575.0,237.6,2.02,7.4,313.8,919.0,67.2
SV033,R,15,3,2,0,0,2,Response,832.175,906.5,1076.6,1109.0,3975.75,4282.0,324.5,0.6,0.8,135.0,230.0,29.333333333333332
SV033,R,16,3,3,0,1,3,Response,2862.0,2958.1,1178.1,1264.7,3391.5,3650.0,624.0,4.6,7.3,499.0,870.0,172.0
SV033,R,17,2,3,1,1,2,Response,2890.3999999999996,3008.7,1175.15,1214.7,3612.0,3701.0,472.0,5.6,8.9,1619.5,3106.0,595.0
SV033,R,18,3,3,0,0,2,Response,926.342857142857,1188.6,1102.0428571428572,1308.9,3937.714285714286,4518.0,223.71428571428572,2.5,4.9,212.28571428571428,607.0,254.57142857142858
SV033,R,19,3,2,0,1,2,Response,2842.5,2913.1,1106.55,1171.1,2852.5,2928.0,753.0,1.3,1.3,88.0,88.0,18.0
SV033,R,20,2,3,0,0,2,Response,904.3000000000001,932.1,1090.4333333333334,1273.6,3573.6666666666665,3829.0,516.6666666666666,1.1,1.6,83.0,108.0,16.0
SV033,R,21,2,3,1,0,2,Response,916.1166666666667,1094.8,1064.8166666666666,1243.3,4162.833333333333,4573.0,184.66666666666666,2.25,7.5,121.5,168.0,21.666666666666668
SV033,R,22,2,3,1,1,2,Response,2786.8,2786.8,1226.4,1226.4,3669.0,3669.0,568.0,0.9,0.9,69.0,69.0,16.0
SV033,R,23,3,2,0,0,2,Response,1228.1970588235292,3233.9,1734.4617647058822,3270.0,3836.5,5330.0,138.1764705882353,10.42121212121212,40.5,786.8181818181819,3270.0,468.42424242424244
SV033,R,24,3,2,0,0,2,Response,1083.4,1328.8,1130.775,1329.9,4545.25,5262.0,181.5,4.033333333333333,6.3,373.3333333333333,498.0,73.33333333333333
SV033,R,25,3,3,0,1,2,Response,2853.85,3270.0,970.5,1171.4,3241.25,3566.0,322.5,3.9,9.1,150.66666666666666,265.0,34.0
SV033,R,26,2,0,1,1,2,Response,2790.7,2801.0,1228.7,1272.9,3402.0,3641.0,587.0,3.4499999999999997,6.1,461.5,744.0,127.0
SV033,R,27,2,2,1,1,2,Response,2969.9,2969.9,1329.2,1329.2,3406.0,3406.0,622.0,,,,,
SV033,R,28,2,0,1,0,2,Response,864.5,864.5,1158.5,1158.5,3673.0,3673.0,754.0,7.35,7.9,198.5,242.0,50.0
SV033,R,29,3,0,1,0,2,Response,1059.1,1090.1,1042.1,1098.3,4236.0,4598.0,193.0,4.966666666666667,7.7,1039.6666666666667,2853.0,132.0
SV033,R,30,3,2,1,1,2,Response,2826.6,2826.6,1203.5,1203.5,3307.0,3307.0,840.0,6.65,7.3,163.0,170.0,50.0
SV033,R,31,3,3,1,1,3,Response,2525.9333333333334,2853.5,1183.0666666666666,1283.9,3536.6666666666665,3624.0,868.0,5.2,7.8,302.6666666666667,531.0,489.3333333333333
SV033,R,32,3,3,0,1,2,Response,2872.95,2934.3,1110.5,1155.2,3204.5,3444.0,680.0,5.0,7.8,143.33333333333334,190.0,37.333333333333336
SV033,R,33,3,3,1,0,3,Response,882.0666666666666,905.3,1081.7333333333333,1157.0,3980.0,4429.0,421.3333333333333,3.1999999999999997,7.3,213.0,406.0,48.0
SV033,R,34,3,3,0,0,3,Response,829.0333333333333,861.8,946.1333333333333,957.4,3482.0,4128.0,424.6666666666667,3.0,7.2,309.6666666666667,733.0,120.66666666666667
SV033,R,35,2,2,1,0,2,Response,959.7,959.7,1150.8,1150.8,3273.0,3273.0,806.0,5.3,5.3,141.0,141.0,48.0
SV033,R,36,2,0,1,1,2,Response,2803.8,2899.8,1155.4,1212.1,3064.0,3232.0,534.0,3.45,5.8,126.5,167.0,31.0
SV033,R,37,3,0,0,1,2,Response,2662.525,2953.8,1153.55,1271.0,3256.25,3515.0,318.0,3.1333333333333333,7.3,122.0,208.0,27.333333333333332
SV033,R,38,3,2,1,1,2,Response,2608.1,3039.0,1139.425,1174.5,3075.5,3271.0,326.5,3.975,6.4,151.75,192.0,32.5
SV033,R,39,2,0,0,0,2,Response,907.2,907.2,916.9,916.9,3646.0,3646.0,816.0,6.9,6.9,132.0,132.0,60.0
SV033,R,40,2,0,0,1,2,Response,2805.3500000000004,2909.9,1071.6,1125.7,3361.5,3502.0,385.0,3.45,5.8,150.0,207.0,29.0
SV033,R,41,2,0,1,0,2,Response,1027.3200000000002,1237.5,948.5200000000001,1132.7,4290.0,5105.0,89.2,4.066666666666666,7.5,407.3333333333333,860.0,124.66666666666667
SV033,R,42,3,2,0,1,2,Response,2761.25,2878.6,1198.9,1296.0,3403.5,3546.0,478.0,4.8,8.0,143.66666666666666,194.0,39.333333333333336
SV033,R,43,2,0,1,0,2,Response,1052.9333333333334,1268.5,1171.1666666666667,1212.9,3261.0,3502.0,307.3333333333333,2.2333333333333334,4.9,276.6666666666667,688.0,94.66666666666667
SV033,R,44,3,2,0,0,3,Response,824.6,857.2,1052.85,1098.4,3562.0,3808.0,923.0,5.466666666666666,8.2,173.33333333333334,229.0,48.666666666666664
SV033,R,45,3,3,1,0,3,Response,901.7666666666668,1050.6,1046.4333333333334,1192.8,3869.6666666666665,4368.0,637.3333333333334,3.1333333333333333,5.5,259.3333333333333,486.0,76.66666666666667
SV033,R,46,3,0,1,0,1,Response,856.6666666666666,865.8,1009.3666666666667,1188.3,3733.6666666666665,4274.0,360.6666666666667,2.7,7.0,324.75,639.0,132.5
SV033,R,47,3,3,0,0,3,Response,904.6200000000001,1126.0,827.9399999999999,1042.0,3910.0,5123.0,373.2,4.216666666666667,9.3,203.16666666666666,427.0,76.66666666666667
SV033,R,48,3,3,0,0,3,Response,892.85,894.0,1109.9499999999998,1145.6,3940.0,4277.0,666.0,4.25,6.8,133.5,135.0,37.0
SV033,R,49,3,3,1,1,3,Response,2696.0,2916.4,1209.7666666666667,1236.5,3549.6666666666665,3834.0,448.6666666666667,3.633333333333333,7.1,193.33333333333334,365.0,104.66666666666667
SV033,R,50,2,2,1,0,2,Response,1133.5125,1414.3,714.4,1201.1,4695.0,5243.0,200.25,2.4124999999999996,9.5,260.0,465.0,36.5
SV033,R,51,2,3,1,1,3,Response,2518.225,2739.4,1031.175,1056.1,3996.75,4216.0,452.0,2.766666666666667,5.8,127.0,166.0,29.333333333333332
SV033,R,52,3,2,1,1,2,Response,2729.266666666667,2914.5,1219.6000000000001,1248.4,3682.0,3869.0,477.3333333333333,1.9,3.4,263.5,762.0,82.5
SV033,R,53,3,3,0,0,3,Response,1088.2857142857142,1325.3,826.0428571428572,1175.3,4415.142857142857,5303.0,260.85714285714283,3.2625,8.2,236.625,420.0,55.25
SV033,R,54,2,0,0,1,3,Response,2856.25,2888.6,1232.05,1236.3,3273.0,3297.0,691.0,3.8499999999999996,6.3,403.5,643.0,189.0
SV033,R,55,2,2,1,0,3,Response,925.85,1067.5,1078.45,1214.5,4164.75,4832.0,225.5,2.2,5.5,146.5,246.0,22.75
SV033,R,56,3,0,1,1,2,Response,2639.4,2639.4,1136.2,1136.2,3562.0,3562.0,726.0,1.0,1.0,80.0,80.0,16.0
SV033,R,57,3,3,0,1,3,Response,2913.625,2965.8,1087.725,1296.5,3515.0,3853.0,440.0,1.8666666666666665,2.5,117.66666666666667,143.0,20.0
SV033,R,58,3,2,0,1,2,Response,2907.6666666666665,2987.7,1079.9333333333334,1304.5,3547.0,3667.0,386.6666666666667,3.4333333333333336,6.5,140.66666666666666,186.0,29.333333333333332
SV033,R,59,3,3,0,0,3,Response,973.9333333333334,1044.1,850.9333333333334,1086.6,3871.0,4173.0,440.0,3.3666666666666667,6.1,139.66666666666666,168.0,48.666666666666664
SV033,R,60,3,3,1,1,3,Response,2833.8333333333335,3002.2,1229.2333333333333,1256.4,3492.0,3756.0,327.3333333333333,3.233333333333333,7.0,119.0,174.0,29.333333333333332
SV033,R,61,3,0,0,0,3,Response,885.4,912.4,1049.9,1309.6,3102.75,3598.0,396.0,4.66,6.7,171.4,229.0,38.4
SV033,R,62,2,2,1,0,2,Response,978.875,1363.5,1033.35,1126.7,3604.75,4019.0,259.0,3.1,8.2,165.8,274.0,39.6
SV033,R,63,2,3,1,1,3,Response,2835.3,2835.3,1170.8,1170.8,3312.0,3312.0,1176.0,6.550000000000001,6.9,166.5,176.0,51.0
SV033,R,64,2,3,0,0,3,Response,1090.725,1677.6,868.95,1040.2,3014.0,3599.0,532.0,3.9,6.8,131.25,193.0,34.0
SV033,R,65,3,0,0,0,3,Response,934.8666666666667,997.7,930.5666666666666,1055.3,3604.0,4311.0,521.3333333333334,3.4,6.5,172.33333333333334,284.0,28.0
SV033,R,66,2,3,0,1,3,Response,2874.25,2944.0,1039.2,1044.7,3445.5,3703.0,853.0,0.8,0.8,71.0,71.0,14.0
SV033,R,67,2,0,0,0,2,Response,1185.675,1259.7,708.525,1179.0,4672.5,5013.0,112.0,3.3600000000000003,5.7,246.0,384.0,38.8
SV033,R,68,2,3,0,1,3,Response,2806.3999999999996,2908.6,981.25,1025.1,3565.5,3662.0,557.0,2.8,4.6,110.5,140.0,30.0
SV033,R,69,2,3,0,1,2,Response,2811.0333333333333,2899.8,992.4666666666666,1058.2,4186.333333333333,4376.0,379.3333333333333,2.6,5.6,119.0,180.0,24.666666666666668
SV033,R,70,3,0,0,1,2,Response,2669.6400000000003,2940.4,1046.98,1172.5,2844.6,3097.0,270.0,3.5833333333333335,7.8,195.33333333333334,539.0,65.33333333333333
SV033,R,71,3,3,1,1,2,Response,2843.066666666667,2979.4,1149.3333333333333,1186.0,3252.3333333333335,3405.0,246.66666666666666,3.1333333333333333,7.7,279.3333333333333,689.0,111.33333333333333
SV033,R,72,3,3,1,0,2,Response,394.2,786.3,1096.44,1170.7,3377.0,3772.0,345.2,1.6599999999999997,4.3,229.4,687.0,67.2
SV033,R,73,3,0,1,0,3,Response,847.075,1083.6,1198.2,1511.8,3713.5,4208.0,448.0,4.275,9.0,166.25,220.0,33.5
SV033,R,74,3,2,0,0,2,Response,501.4,1239.2,824.8625,1234.3,4247.25,5528.0,133.75,6.2444444444444445,13.2,412.0,623.0,86.44444444444444
SV033,R,75,3,3,1,0,3,Response,997.0222222222224,1508.0,1282.0222222222224,1636.0,3958.8888888888887,5148.0,166.66666666666666,3.6799999999999997,8.5,185.6,448.0,29.2
SV033,R,76,2,0,1,0,2,Response,1074.2,1314.9,1388.46,1836.0,4034.8,4522.0,209.6,5.1,12.3,239.4,270.0,45.2
SV033,R,77,2,2,1,0,2,Response,1006.6,1367.9,1154.1399999999999,1776.0,4228.2,4802.0,163.2,6.566666666666666,12.1,345.1666666666667,628.0,83.66666666666667
SV033,R,78,3,2,1,0,2,Response,1167.3999999999999,1464.3,1481.1833333333334,2497.1,4135.833333333333,4757.0,79.33333333333333,6.657142857142857,10.7,359.7142857142857,656.0,64.28571428571429
SV033,R,79,2,0,0,1,2,Response,3167.2833333333333,3270.0,1030.8666666666666,1150.7,3091.3333333333335,3305.0,229.33333333333334,3.7285714285714286,10.6,292.14285714285717,806.0,82.57142857142857
SV033,R,80,3,2,1,0,2,Response,871.32,1166.4,1301.1,1534.4,3717.6,4231.0,176.4,3.483333333333333,8.9,198.5,306.0,34.666666666666664
SV033,R,81,3,0,0,0,3,Response,412.82500000000005,948.2,874.9,1075.3,3908.5,4213.0,289.0,5.08,9.3,239.2,620.0,63.6
SV033,R,82,2,3,0,1,3,Response,3192.45,3270.0,1007.325,1215.5,2959.75,3090.0,422.5,1.8333333333333333,3.1,139.0,219.0,23.333333333333332
SV033,R,83,3,3,1,0,3,Response,1268.4428571428573,1465.0,1320.0285714285715,2026.4,4239.571428571428,5051.0,141.14285714285714,4.466666666666667,11.6,209.66666666666666,284.0,39.0
SV033,R,84,2,3,0,1,3,Response,3222.2428571428572,3270.0,1253.0714285714287,1965.7,3018.1428571428573,3467.0,156.85714285714286,4.985714285714286,12.2,235.71428571428572,468.0,66.28571428571429
SV033,R,85,3,0,0,0,3,Response,485.73999999999995,906.5,1034.9,1412.1,3688.6,4094.0,233.2,6.133333333333333,12.9,374.8333333333333,803.0,83.33333333333333
SV033,R,86,3,2,1,1,2,Response,2359.525,2821.1,1243.525,1726.2,3493.25,3628.0,273.0,6.133333333333333,10.5,431.6666666666667,814.0,122.0
SV033,R,87,2,3,1,1,3,Response,2409.2,2852.6,1251.72,1941.2,3836.0,4354.0,349.2,5.9799999999999995,12.7,196.2,317.0,37.2
SV033,R,88,2,0,1,0,2,Response,906.85,934.0,1085.6,1200.3,3922.5,4286.0,458.0,4.3,7.5,118.5,141.0,38.0
SV033,R,89,2,2,0,1,2,Response,2966.7599999999998,3270.0,1120.8200000000002,1309.3,3410.0,3618.0,277.2,2.6,5.2,153.25,223.0,29.5
SV033,R,90,2,2,1,1,2,Response,2593.1,3052.7,1121.2,1213.7,3604.3333333333335,3739.0,356.0,6.3,11.1,404.75,690.0,118.0
SV033,R,91,2,2,0,1,2,Response,2832.7,3270.0,1106.725,1173.2,3438.25,3605.0,338.0,4.966666666666666,12.1,184.66666666666666,238.0,40.666666666666664
SV033,R,92,2,0,0,1,3,Response,3059.0333333333333,3270.0,1100.8999999999999,1175.6,3186.3333333333335,3449.0,425.3333333333333,5.1,12.1,351.3333333333333,764.0,105.33333333333333
SV033,R,93,3,2,1,0,2,Response,992.8,1304.6,1625.275,1825.5,4275.125,4825.0,175.0,3.125,9.8,158.75,268.0,28.0
SV033,R,94,2,0,1,1,2,Response,2770.45,2903.0,1557.875,1908.5,3253.75,3628.0,255.0,5.5200000000000005,13.0,276.6,833.0,81.2
SV033,R,95,2,3,1,0,2,Response,905.2333333333332,1056.9,1809.5666666666666,2306.5,3342.0,3523.0,178.66666666666666,9.966666666666667,17.6,350.6666666666667,551.0,214.0
SV033,R,96,3,0,1,0,3,Response,714.5,714.5,1088.5,1088.5,3272.0,3272.0,946.0,8.1,8.1,173.0,173.0,58.0
SV033,R,97,3,2,0,1,2,Response,3101.8,3270.0,1006.14,1127.8,3374.8,3672.0,263.6,1.675,3.6,131.5,242.0,23.5
SV033,R,98,2,2,0,1,2,Response,3151.375,3270.0,1031.125,1145.2,3212.0,3310.0,195.0,3.1999999999999997,9.2,183.75,434.0,87.5
SV033,R,99,2,3,0,1,3,Response,2967.9,3270.0,947.5799999999999,1191.8,3296.8,3585.0,246.4,6.94,10.1,252.8,477.0,89.2
SV033,R,100,2,0,1,0,2,Response,994.0666666666666,1129.8,1540.0333333333335,1801.5,3965.0,4058.0,120.0,7.3,12.9,414.3333333333333,915.0,108.0
SV033,R,101,3,3,0,0,3,Response,1300.3600000000001,2024.2,811.6,1029.8,4168.4,5019.0,272.4,5.083333333333333,11.4,193.66666666666666,369.0,48.333333333333336
SV033,R,102,2,2,0,1,2,Response,2680.4500000000003,3270.0,800.9833333333332,1093.2,3429.0,3737.0,203.33333333333334,7.699999999999999,17.9,194.83333333333334,328.0,74.66666666666667
SV033,R,103,2,0,0,1,3,Response,2923.2,2923.2,1083.3,1083.3,3102.0,3102.0,810.0,7.9,7.9,213.0,213.0,54.0
SV033,R,104,3,2,0,1,3,Response,2460.5,2931.4,977.5,1157.7,4037.0,4780.0,616.0,4.3,7.9,737.5,1310.0,142.0
SV033,R,105,3,0,1,0,3,Response,1022.9,1022.9,1043.8,1043.8,3467.0,3467.0,486.0,3.6,3.6,115.0,115.0,38.0
SV033,R,106,2,2,1,1,2,Response,2587.2000000000003,2738.3,1344.8999999999999,1766.8,3823.3333333333335,4033.0,417.3333333333333,5.65,7.9,397.5,992.0,79.0
SV033,R,107,3,2,1,0,2,Response,1363.9,1781.8,1071.45,1169.3,3696.5,3923.0,282.0,4.1000000000000005,6.0,151.66666666666666,232.0,31.333333333333332
SV033,R,108,3,3,1,0,3,Response,1546.2,1917.8,1078.5333333333333,1135.8,3571.0,3718.0,535.3333333333334,4.066666666666666,6.2,146.0,202.0,34.666666666666664
SV033,R,109,3,3,0,0,3,Response,,,,,,,,2.0,2.0,791.0,791.0,220.0
SV033,R,110,2,0,1,1,2,Response,2375.5,2375.5,1235.9,1235.9,3814.0,3814.0,568.0,4.9,4.9,911.0,911.0,974.0
SV033,R,111,2,0,0,0,2,Response,1126.16,1716.8,829.74,991.7,4549.8,4943.0,212.4,2.566666666666667,7.6,224.83333333333334,448.0,28.0
SV033,R,112,3,0,1,1,2,Response,2964.05,3037.6,1288.85,1330.3,3188.0,3498.0,398.0,4.866666666666666,9.2,139.0,202.0,38.0
SV033,R,113,2,0,1,1,2,Response,2445.75,2645.7,1109.3000000000002,1181.9,3174.0,3304.0,559.0,2.766666666666667,5.8,108.33333333333333,172.0,26.666666666666668
SV033,R,114,3,0,1,1,0,Response,2646.2,2869.8,1191.45,1237.7,2782.0,2786.0,193.0,4.933333333333334,8.6,315.6666666666667,684.0,86.0
SV033,R,115,3,0,0,1,3,Response,3155.316666666667,3270.0,1162.6166666666666,1442.5,3398.3333333333335,3530.0,266.6666666666667,3.6,11.4,393.1666666666667,1085.0,106.0
SV033,R,116,2,3,1,0,3,Response,1100.7,1142.0,1640.75,1688.9,4300.0,4478.0,498.0,5.400000000000001,7.7,177.66666666666666,275.0,38.0
SV033,R,117,2,0,1,0,2,Response,905.425,942.3,989.75,1057.1,4327.0,4520.0,115.5,1.78,6.4,118.2,220.0,24.8
SV033,R,118,2,0,0,0,2,Response,408.68333333333334,802.1,890.0833333333334,1202.0,3998.3333333333335,4385.0,145.66666666666666,4.014285714285714,10.5,247.14285714285714,457.0,64.0
SV033,R,119,3,3,1,1,3,Response,2226.233333333333,2877.0,1085.0666666666666,1197.1,3052.0,3470.0,447.3333333333333,6.333333333333333,8.0,199.66666666666666,268.0,144.66666666666666
SV033,R,120,3,3,0,1,3,Response,2918.375,3270.0,1086.875,1162.5,3209.5,3350.0,326.0,4.92,11.5,486.0,1131.0,102.4
SV033,R,121,2,0,1,0,2,Response,1005.1428571428571,1121.2,914.7285714285715,1692.6,4033.4285714285716,4599.0,113.14285714285714,6.0125,13.4,196.0,313.0,59.0
SV033,R,122,2,2,0,1,2,Response,2657.1499999999996,2927.2,1042.3000000000002,1066.4,3351.0,3609.0,495.0,1.85,1.9,99.0,105.0,24.0
SV033,R,123,3,3,0,0,3,Response,497.23333333333335,865.3,820.8000000000001,905.0,3671.6666666666665,4029.0,514.6666666666666,5.566666666666666,11.4,160.33333333333334,234.0,43.333333333333336
SV033,R,124,2,0,1,1,2,Response,2446.6,2848.1,1034.25,1109.8,3164.0,3315.0,580.0,6.15,8.0,141.0,164.0,54.0
SV033,R,125,2,0,1,1,2,Response,2378.8,2780.8,1079.3,1147.5,3247.5,3453.0,352.0,4.4,6.0,274.5,368.0,192.0
SV033,R,126,2,3,0,0,3,Response,894.0333333333333,1185.9,636.0333333333333,916.9,4402.0,4672.0,44.333333333333336,1.7999999999999998,4.6,255.66666666666666,336.0,34.666666666666664
SV033,R,127,2,2,1,1,2,Response,1967.9,1967.9,997.1,997.1,3443.0,3443.0,252.0,5.9,5.9,118.0,118.0,58.0
SV033,R,128,2,2,1,0,2,Response,1097.24,1751.9,1225.8600000000001,1807.3,3332.6,3848.0,224.4,6.3999999999999995,12.6,247.66666666666666,578.0,76.0
SV033,R,129,3,0,0,1,2,Response,2905.433333333333,3270.0,954.5666666666666,1028.3,3271.6666666666665,3450.0,261.3333333333333,6.066666666666666,10.9,264.3333333333333,484.0,121.33333333333333
SV033,R,130,3,0,1,1,2,Response,2543.05,3010.3,1117.9,1198.8,3115.0,3385.0,303.0,3.775,6.8,144.25,172.0,32.5
SV033,R,131,3,3,1,0,3,Response,827.0,991.2,1478.9,2482.7,3182.0,3498.0,210.0,5.4,11.4,510.0,690.0,203.5
SV033,R,132,2,2,1,1,2,Response,2488.866666666667,2876.3,1071.8999999999999,1179.1,3004.3333333333335,3193.0,394.0,5.566666666666667,9.9,201.33333333333334,335.0,149.33333333333334
SV033,R,133,2,3,1,1,3,Response,2707.2999999999997,2874.7,1155.1666666666667,1187.4,3056.6666666666665,3384.0,332.6666666666667,1.9000000000000001,4.3,103.0,181.0,19.333333333333332
SV033,R,134,3,0,1,1,3,Response,2780.15,2867.8,1200.65,1232.9,2902.0,3129.0,574.0,3.25,5.8,116.0,172.0,30.0
SV033,R,135,3,0,1,0,3,Response,770.5,770.5,1187.7,1187.7,3825.0,3825.0,112.0,5.55,9.5,434.5,723.0,112.0
SV033,R,136,2,0,0,0,2,Response,652.5,1097.1,531.1,849.3,4630.375,4924.0,86.25,3.0444444444444443,12.3,217.0,356.0,34.666666666666664
SV033,R,137,3,2,0,0,2,Response,544.2166666666667,922.2,715.1,967.5,4143.166666666667,4655.0,197.66666666666666,3.216666666666667,10.4,165.83333333333334,264.0,34.333333333333336
SV033,R,138,3,3,0,1,3,Response,3116.2400000000002,3270.0,1046.94,1215.7,3303.0,3479.0,311.6,4.0200000000000005,12.4,227.0,608.0,74.4
SV033,R,139,3,0,0,1,3,Response,2817.0,3270.0,1048.1333333333334,1159.8,3155.0,3278.0,191.33333333333334,6.300000000000001,13.3,297.5,696.0,95.0
SV033,R,140,2,3,0,0,3,Response,380.4625,814.5,793.175,1181.9,4166.0,4821.0,177.0,2.9,7.4,186.875,313.0,51.25
SV033,R,141,3,3,1,1,3,Response,2770.98,2892.5,1203.16,1248.0,3242.0,3652.0,227.2,1.15,1.6,259.25,768.0,78.0
SV033,R,142,3,0,1,1,2,Response,2516.95,2855.9,1166.75,1217.3,3494.5,3559.0,334.0,3.65,6.0,444.0,809.0,299.0
SV033,R,143,2,0,0,0,2,Response,620.64,1162.4,922.7,1171.5,4564.6,4955.0,104.8,3.8600000000000003,7.8,283.6,406.0,63.2
SV033,R,144,2,3,0,0,3,Response,731.8199999999999,1163.7,798.3399999999999,1038.5,4235.8,5101.0,220.4,4.92,12.7,349.6,907.0,75.2
SV033,R,145,2,2,0,1,2,Response,2947.025,3168.4,1340.5,2394.0,2689.75,3458.0,295.0,4.800000000000001,10.8,231.75,624.0,52.5
SV033,R,146,2,3,1,0,3,Response,775.3,1090.0,893.2,1171.8,4445.0,5069.0,218.8,3.3,6.0,291.0,437.0,37.0
SV033,R,147,3,0,0,0,3,Response,494.2166666666667,1055.7,945.7666666666668,1224.7,4243.5,5170.0,209.0,6.183333333333334,13.3,384.0,868.0,82.0
SV033,R,148,2,0,0,0,3,Response,666.0,1018.4,884.05,950.5,3977.5,4037.0,304.0,5.6000000000000005,11.6,151.33333333333334,211.0,40.0
SV033,R,149,3,0,1,1,3,Response,2503.9,2895.7,1182.6,1259.2,3413.75,3863.0,380.0,3.475,6.0,315.25,802.0,90.5
SV033,R,150,3,3,0,1,3,Response,2937.85,2949.0,1047.6,1128.1,3100.0,3241.0,637.0,5.199999999999999,8.7,439.0,777.0,133.0
SV033,R,151,2,0,0,0,3,Response,1127.6000000000001,1593.5,1035.8666666666668,1269.4,3428.0,3632.0,365.3333333333333,3.9,5.4,287.75,657.0,91.0
SV033,R,152,2,2,1,1,2,Response,2690.6,2829.9,1188.8,1276.5,3301.6666666666665,3550.0,484.0,3.2000000000000006,7.9,105.33333333333333,181.0,28.666666666666668
SV033,R,153,3,2,1,1,2,Response,2697.3500000000004,2774.3,1144.1,1201.6,3291.0,3435.0,648.0,3.9499999999999997,7.1,121.5,174.0,33.0
SV033,R,154,3,2,1,1,2,Response,2316.75,2739.9,1163.25,1237.7,3489.0,3682.0,498.0,4.55,6.5,170.5,203.0,34.0
SV033,R,155,2,2,1,1,2,Response,2523.9333333333334,2851.4,1344.9666666666667,1660.9,3260.3333333333335,3572.0,436.6666666666667,6.0,7.4,177.5,181.0,44.0
SV033,R,156,3,0,0,1,2,Response,3168.2999999999997,3270.0,1103.2,1238.2,3284.3333333333335,3471.0,401.3333333333333,4.866666666666666,11.7,165.66666666666666,215.0,46.666666666666664
SV033,R,157,2,0,1,1,2,Response,2167.85,2392.6,1087.1,1091.6,3345.0,3391.0,611.0,3.95,5.3,143.5,152.0,35.0
SV033,R,158,3,0,1,0,2,Response,900.2,900.2,1089.3,1089.3,3518.0,3518.0,1380.0,,,,,
SV033,R,159,2,2,0,0,2,Response,916.2285714285715,1082.7,1090.5142857142857,1721.3,4073.714285714286,4559.0,240.0,3.185714285714286,7.0,184.28571428571428,304.0,25.714285714285715
SV033,R,160,3,0,1,0,2,Response,847.7,847.7,1151.1,1151.1,3400.0,3400.0,1070.0,8.1,8.1,456.0,666.0,149.0
SV033,R,161,2,2,0,0,2,Response,536.6,855.5,1091.35,1123.9,3505.0,3714.0,691.0,3.8,3.8,193.0,193.0,28.0
SV033,R,162,2,3,1,0,3,Response,872.3499999999999,933.9,1092.15,1103.3,2923.5,3126.0,666.0,3.7,6.9,88.5,123.0,38.0
SV033,R,163,2,3,1,1,3,Response,2813.6,2935.7,1112.3333333333333,1154.3,3105.6666666666665,3362.0,495.3333333333333,0.7666666666666666,1.2,62.666666666666664,77.0,14.666666666666666
SV033,R,164,3,2,0,0,2,Response,,,,,,,,,,,,
SV033,R,165,2,3,1,0,3,Response,998.2,1095.9,1455.425,1816.3,3429.5,4008.0,291.5,5.199999999999999,10.7,158.25,210.0,39.5
SV033,R,166,2,3,0,1,2,Response,3270.0,3270.0,962.3333333333334,1063.5,3132.0,3208.0,168.0,1.6666666666666667,3.2,310.6666666666667,630.0,89.33333333333333
SV033,R,167,2,2,0,1,2,Response,3066.6,3270.0,1026.6,1058.8,2890.0,3009.0,581.0,2.3,2.3,176.0,176.0,34.0
SV033,R,168,3,2,1,1,2,Response,2726.85,2872.9,1152.6999999999998,1206.6,3054.75,3428.0,265.5,2.55,6.2,144.5,265.0,121.5
SV033,R,169,2,2,1,1,2,Response,2745.7333333333336,2772.0,1255.3,1514.8,3229.6666666666665,3425.0,459.3333333333333,3.3,3.4,147.0,166.0,30.0
SV033,R,170,2,3,0,0,2,Response,520.25,856.8,1009.75,1047.2,3209.5,3445.0,717.0,8.45,12.4,367.5,499.0,117.0
SV033,R,171,2,0,0,1,2,Response,3179.8333333333335,3270.0,1090.1000000000001,1122.2,3236.3333333333335,3325.0,368.0,3.5666666666666664,8.6,265.0,517.0,96.66666666666667
SV033,R,172,3,0,1,0,3,Response,1077.4833333333333,1294.0,977.4666666666667,1217.5,4215.666666666667,4614.0,184.0,1.48,4.2,186.6,310.0,30.4
SV033,R,173,2,3,1,1,3,Response,2581.0666666666666,2898.9,1156.8666666666668,1285.9,3187.3333333333335,3548.0,242.66666666666666,3.75,6.5,555.5,926.0,179.0
SV033,R,174,3,0,0,1,2,Response,2813.5,3270.0,1082.6,1117.2,3033.25,3172.0,189.5,4.16,10.4,306.8,579.0,131.2
SV033,R,175,2,3,0,0,3,Response,1905.4,1905.4,1056.2,1056.2,3522.0,3522.0,1158.0,6.5,6.5,174.0,174.0,48.0
SV033,R,176,3,0,0,0,3,Response,1154.875,1674.7,896.125,1002.3,4076.25,4637.0,256.5,2.55,4.5,354.0,1017.0,72.0
SV033,R,177,2,0,0,1,2,Response,2723.6400000000003,3270.0,1068.06,1125.9,3333.4,3642.0,164.8,5.24,9.0,402.8,773.0,134.0
SV033,R,178,3,2,0,1,2,Response,2451.1,2964.7,1121.0,1132.0,2976.5,3012.0,246.0,7.9,7.9,256.0,256.0,46.0
SV033,R,179,2,2,0,0,2,Response,1410.15,1907.4,964.2,1045.2,3416.5,3570.0,660.0,7.0,7.2,195.5,218.0,47.0
SV033,R,180,2,0,0,1,2,Response,2422.1,2853.7,974.9000000000001,1051.4,3389.0,3445.0,528.0,4.1,6.6,570.5,969.0,144.0
SV033,R,181,3,3,0,0,3,Response,1042.5,1145.3,930.3,969.0,3480.0,3587.0,631.0,3.65,6.0,360.0,630.0,152.0
SV033,R,182,2,0,1,0,2,Response,1079.8,1920.7,980.925,1104.5,4098.75,4350.0,131.5,3.15,7.8,209.25,469.0,80.0
SV033,R,183,2,2,0,1,2,Response,3129.066666666667,3270.0,780.8666666666667,1165.8,2829.3333333333335,2929.0,336.0,9.0,14.9,362.0,494.0,99.33333333333333
SV033,R,184,2,3,0,1,3,Response,2447.1,2979.9,1105.65,1166.7,3312.0,3592.0,805.0,8.0,8.0,201.0,201.0,54.0
SV033,R,185,2,0,1,1,2,Response,2853.6,3270.0,1392.52,1751.1,3599.0,3840.0,150.4,4.12,8.0,176.4,340.0,69.6
SV033,R,186,3,3,1,0,3,Response,1066.1200000000001,1352.5,1407.96,1758.7,4445.2,5072.0,160.4,2.8,8.2,170.0,351.0,38.4
SV033,R,187,2,3,1,0,2,Response,861.6714285714286,1508.3,959.2714285714286,2031.2,3132.714285714286,3979.0,165.14285714285714,8.5,17.8,271.0,602.0,64.28571428571429
SV033,R,188,3,3,1,1,2,Response,2879.9666666666667,2999.7,1152.2333333333333,1285.3,3658.0,3857.0,442.6666666666667,3.5666666666666664,7.5,123.33333333333333,161.0,32.0
SV033,R,189,2,3,0,1,2,Response,2701.625,2966.7,1079.35,1279.0,3350.0,3706.0,268.0,3.266666666666667,7.7,365.3333333333333,800.0,100.66666666666667
SV033,R,190,2,3,1,1,3,Response,2826.6,2919.6,1161.2,1175.6,3167.3333333333335,3389.0,502.6666666666667,1.4333333333333333,2.6,268.3333333333333,662.0,92.0
SV033,R,191,3,2,0,1,2,Response,3106.175,3270.0,1092.175,1219.3,3255.5,3528.0,389.0,2.1666666666666665,3.2,159.66666666666666,233.0,24.666666666666668
SV033,R,192,2,3,1,0,2,Response,859.875,1076.9,1014.9375,1798.2,4058.75,4577.0,192.75,3.8375,11.0,269.0,996.0,50.25
SV033,R,193,2,3,1,0,2,Response,769.3,1071.1,1038.225,1255.4,4255.75,4760.0,156.5,2.2249999999999996,3.3,239.75,437.0,89.5
SV033,R,194,2,2,0,0,2,Response,828.3499999999999,846.4,944.95,1093.8,3084.0,3300.0,498.0,2.8,2.8,162.0,162.0,24.0
SV033,R,195,2,2,0,1,2,Response,3193.3,3270.0,1241.375,1283.8,3294.75,3333.0,247.0,3.575,11.1,321.25,709.0,88.5
SV033,R,196,2,2,0,0,2,Response,824.9333333333334,930.9,975.5666666666666,1165.7,3506.0,3831.0,456.6666666666667,4.125,10.2,282.0,732.0,68.0
SV033,R,197,3,0,0,0,3,Response,913.2,913.2,981.9,981.9,3190.0,3190.0,1110.0,6.5,6.5,124.0,124.0,62.0
SV033,R,198,2,2,0,1,2,Response,2567.5333333333333,2896.3,959.5333333333333,993.6,2904.3333333333335,3159.0,440.0,5.3999999999999995,8.5,232.66666666666666,459.0,80.0
SV033,R,199,2,2,1,0,2,Response,966.8499999999999,1130.1,1355.375,1634.0,3790.0,4214.0,236.5,2.2666666666666666,3.5,122.66666666666667,135.0,22.666666666666668
SV033,R,200,2,2,1,0,2,Response,,,,,,,,5.7,5.7,183.0,183.0,46.0
SV033,R,201,3,3,1,0,3,Response,745.2333333333332,804.2,992.1,1018.9,2739.0,2814.0,421.3333333333333,3.3,9.9,340.5,628.0,155.0
SV033,R,202,3,2,1,1,2,Response,2679.6857142857143,2859.5,1736.7857142857142,2650.7,3084.714285714286,3461.0,159.42857142857142,6.585714285714286,19.5,252.71428571428572,602.0,77.42857142857143
SV033,R,203,2,0,0,0,3,Response,1132.7285714285715,1837.7,991.5,1206.3,3139.285714285714,3439.0,485.14285714285717,3.0,8.3,241.42857142857142,544.0,82.57142857142857
SV033,R,204,2,3,0,0,3,Response,1217.0,1217.0,765.9,765.9,4575.0,4575.0,470.0,5.5,6.7,573.0,855.0,554.0
SV033,R,205,3,2,0,1,2,Response,3187.075,3270.0,1265.5,1774.0,3312.75,3576.0,294.5,6.540000000000001,15.2,403.8,848.0,91.6
SV033,R,206,3,2,1,0,2,Response,1111.08,1201.7,858.5600000000001,1161.9,3863.6,4494.0,190.0,3.94,7.8,155.6,271.0,35.6
SV033,R,207,3,0,0,1,2,Response,2909.133333333333,2963.8,1086.8,1156.3,3388.3333333333335,3679.0,351.3333333333333,3.4,7.2,304.0,668.0,103.33333333333333
SV033,R,208,3,0,0,1,2,Response,2638.633333333333,2969.1,1057.3,1123.4,3204.0,3357.0,502.0,3.575,7.3,149.25,251.0,28.0
SV033,R,209,2,3,1,1,3,Response,2750.0333333333333,2834.1,1167.1000000000001,1325.4,3352.0,3513.0,555.3333333333334,5.025,10.2,205.25,471.0,76.0
SV033,R,210,2,2,1,0,2,Response,1051.5,1126.5,1212.8999999999999,1657.4,4225.0,4254.0,107.33333333333333,2.925,5.4,175.75,240.0,30.5
SV033,R,211,3,3,1,1,3,Response,2762.9666666666667,3117.3,1189.8,1247.6,3427.3333333333335,3826.0,514.0,2.6333333333333333,5.6,114.66666666666667,194.0,25.333333333333332
SV033,R,212,2,3,0,0,3,Response,921.1,1159.4,1142.54,1399.7,4526.6,5136.0,295.6,3.1,4.8,252.0,342.0,30.8
SV033,R,213,3,3,0,1,3,Response,3116.25,3270.0,1110.125,1290.3,3001.25,3170.0,399.0,3.35,8.8,263.25,674.0,84.0
SV033,R,214,2,3,0,0,3,Response,340.48,873.8,1057.3200000000002,1266.9,3674.8,4145.0,316.0,1.875,4.7,124.0,230.0,17.5
SV033,R,215,2,2,1,0,2,Response,912.7166666666667,1040.4,1385.5833333333333,1819.0,3398.3333333333335,3706.0,232.0,3.0,6.9,181.6,356.0,21.6
SV033,R,216,2,0,0,1,2,Response,3134.0,3270.0,1120.3000000000002,1227.9,3280.0,3423.0,460.0,7.1,11.7,457.5,721.0,140.0
SV033,R,217,3,0,1,1,3,Response,2899.7999999999997,2942.6,1403.9333333333334,1778.7,2795.0,3292.0,428.6666666666667,5.45,8.3,352.0,725.0,128.0
SV033,R,218,3,2,0,0,2,Response,511.975,890.3,905.3,1267.1,3382.5,3594.0,331.0,4.5,9.9,208.75,452.0,59.0
SV033,R,219,3,2,0,0,3,Response,1033.4333333333334,1288.1,817.1,854.9,3639.3333333333335,3836.0,514.6666666666666,2.6500000000000004,2.7,352.0,561.0,90.0
SV033,R,220,3,3,1,0,3,Response,890.1,1126.2,1425.9833333333333,1843.4,3895.0,4532.0,177.66666666666666,4.65,13.8,242.66666666666666,816.0,69.33333333333333
SV033,R,221,2,2,0,0,2,Response,335.8333333333333,776.8,979.0333333333333,1419.0,3445.6666666666665,3551.0,262.6666666666667,3.95,5.8,219.0,281.0,24.5
SV033,R,222,3,0,0,0,2,Response,655.5,927.9,947.1199999999999,1161.8,3849.8,4180.0,245.2,2.375,5.0,136.0,251.0,21.0
SV033,R,223,3,0,0,0,3,Response,494.8,884.7,984.925,1097.6,3150.5,3398.0,442.0,2.3333333333333335,5.1,152.0,291.0,18.666666666666668
SV033,R,224,3,2,1,1,2,Response,2586.0,2586.0,1200.0,1200.0,3394.0,3394.0,480.0,1.6,1.6,109.5,110.0,20.0
SV033,R,225,2,2,0,0,2,Response,932.0333333333333,1093.1,850.4666666666667,941.1,3721.6666666666665,3990.0,434.6666666666667,3.35,7.0,157.0,225.0,26.5
SV033,R,226,3,3,0,1,3,Response,3187.7999999999997,3270.0,1370.6000000000001,2235.3,2983.0,3447.0,124.66666666666667,6.233333333333333,14.4,273.6666666666667,477.0,241.33333333333334
SV033,R,227,2,0,1,1,2,Response,2918.25,2972.9,1163.5,1164.4,2884.5,3086.0,575.0,3.75,6.9,116.5,174.0,32.0
SV033,R,228,3,2,0,1,2,Response,3167.5499999999997,3270.0,1114.15,1466.5,2692.8333333333335,2933.0,187.66666666666666,3.6166666666666667,13.4,225.33333333333334,660.0,59.333333333333336
SV033,R,229,3,2,1,0,2,Response,929.0,1205.1,1076.475,1135.2,3575.75,3884.0,337.0,3.725,9.1,149.0,260.0,27.5
SV033,R,230,3,0,0,1,2,Response,2914.2,2914.2,1095.1,1095.1,3114.0,3114.0,408.0,7.2,7.2,178.0,178.0,54.0
SV033,R,231,2,0,1,0,2,Response,1174.1000000000001,1570.5,993.0,1057.3,3532.0,3651.0,370.0,2.8666666666666667,3.8,140.33333333333334,173.0,27.333333333333332
SV033,R,232,2,2,1,1,2,Response,2833.15,2934.5,1104.5500000000002,1163.4,3031.5,3184.0,748.0,1.9,1.9,134.0,134.0,20.0
SV033,R,233,3,2,1,1,2,Response,2210.2,2517.9,1117.25,1170.3,3082.0,3215.0,591.0,2.55,4.1,119.0,162.0,25.0
SV033,R,234,3,3,0,1,2,Response,2536.7999999999997,2952.9,1038.6666666666667,1051.5,3429.3333333333335,3706.0,463.3333333333333,4.074999999999999,8.0,133.75,178.0,33.0
SV033,R,235,3,2,1,0,2,Response,976.3,976.3,1161.6,1161.6,3480.0,3480.0,698.0,6.35,6.5,180.5,216.0,47.0
SV033,R,236,2,0,0,0,2,Response,1136.4250000000002,1823.7,786.275,1049.6,4132.25,4604.0,118.0,4.38,8.7,342.4,1035.0,82.8
SV033,R,237,2,3,1,0,3,Response,854.96,994.8,961.82,1143.5,4083.0,4507.0,248.4,2.766666666666667,8.6,204.0,653.0,51.333333333333336
SV033,R,238,2,2,0,0,2,Response,682.2142857142857,960.8,1034.6142857142856,1389.1,3887.4285714285716,4413.0,202.0,3.9285714285714284,10.4,172.14285714285714,230.0,31.142857142857142
SV033,R,239,2,2,1,1,2,Response,2757.325,2791.5,1314.85,1621.3,3543.5,3767.0,289.5,4.3999999999999995,10.0,256.6666666666667,519.0,108.0
SV033,R,240,3,2,1,0,2,Response,838.5,979.0,1384.025,1741.2,3494.25,3787.0,329.5,7.55,19.9,225.75,453.0,76.0
SV033,R,241,3,0,1,1,0,Response,,,,,,,,,,,,
SV033,R,242,2,3,1,1,3,Response,1961.4,2071.0,1089.85,1373.6,3913.5,4340.0,171.5,1.1749999999999998,2.8,82.0,140.0,16.5
SV033,R,243,3,0,0,0,0,Response,2326.733333333333,3270.0,1057.8333333333333,1240.7,3354.3333333333335,4400.0,91.33333333333333,5.133333333333334,13.6,777.0,2100.0,160.0
SV033,R,244,3,0,1,0,3,Response,,,,,,,,,,,,
SV033,R,245,3,2,0,0,2,Response,,,,,,,,,,,,
SV033,R,246,2,0,0,0,0,Response,,,,,,,,0.7,0.7,59.0,59.0,14.0
SV033,R,247,2,0,1,1,0,Response,1942.5,1942.5,803.7,803.7,3218.0,3218.0,210.0,2.05,2.6,223.5,347.0,112.0
SV033,R,248,2,0,1,1,0,Response,,,,,,,,1.3,1.3,82.0,82.0,20.0
SV033,R,249,2,3,0,1,3,Response,2004.5,2004.5,813.6,813.6,3365.0,3365.0,146.0,2.35,3.4,628.0,902.0,285.0
SV033,R,250,2,3,0,0,3,Response,1993.55,2050.1,874.75,886.4,3428.0,3619.0,229.0,1.7333333333333334,2.6,276.6666666666667,663.0,150.0
SV033,R,251,2,3,0,1,3,Response,1960.0,1960.0,946.4,946.4,3821.0,3821.0,524.0,0.7,0.7,65.0,65.0,14.0
SV033,R,252,2,2,1,1,2,Response,1945.75,1953.3,825.4,1069.0,4652.5,5095.0,128.0,2.65,4.0,127.5,158.0,36.0
SV033,R,253,3,0,0,0,0,Response,1919.45,1933.4,894.95,965.1,3700.5,3798.0,164.0,2.1666666666666665,4.5,167.66666666666666,357.0,137.33333333333334
SV033,R,254,2,0,0,1,0,Response,,,,,,,,1.9,1.9,108.0,108.0,22.0
SV033,R,255,3,0,0,1,0,Response,,,,,,,,,,,,
SV033,R,256,3,2,1,1,2,Response,1920.6,1920.6,981.8,981.8,3949.0,3949.0,290.0,5.5,5.5,1118.0,1118.0,438.0
SV033,R,257,2,3,1,1,3,Response,2002.0,2002.0,793.0,793.0,3497.0,3497.0,40.0,0.5,0.5,55.0,55.0,12.0
SV033,R,258,2,2,1,0,2,Response,,,,,,,,0.7,0.7,913.0,913.0,246.0
SV033,R,259,2,0,1,0,0,Response,1874.7,1874.7,1098.5,1098.5,2975.0,2975.0,758.0,2.1,2.5,414.0,724.0,607.0
SV033,R,260,2,2,0,1,2,Response,,,,,,,,1.2,1.2,72.0,72.0,22.0
SV033,R,261,2,2,1,1,2,Response,1919.4,1932.8,1026.6,1093.0,3857.0,3867.0,208.0,1.0,1.3,70.5,82.0,17.0
SV033,R,262,2,3,1,0,3,Response,1925.0,1925.0,795.5,795.5,3397.0,3397.0,150.0,0.45,0.5,412.5,769.0,108.0
SV033,R,263,3,3,1,1,3,Response,1977.3999999999999,2100.7,842.8333333333334,974.4,3722.3333333333335,3821.0,166.66666666666666,1.8666666666666665,3.0,121.33333333333333,175.0,20.0
SV033,R,264,2,0,1,1,0,Response,2069.3,2069.3,803.3,803.3,3612.0,3612.0,132.0,3.05,4.2,244.0,378.0,199.0
SV033,R,265,3,2,1,0,2,Response,,,,,,,,2.4,2.4,363.0,363.0,202.0
SV033,R,266,3,0,1,1,0,Response,1980.8,1980.8,826.1,826.1,3695.0,3695.0,168.0,1.7999999999999998,2.8,178.5,292.0,157.0
SV033,R,267,2,2,1,0,2,Response,,,,,,,,,,,,
SV033,R,268,2,0,1,1,0,Response,1898.1,1898.1,653.2,653.2,2864.0,2864.0,104.0,1.5499999999999998,1.7,283.5,478.0,83.0
SV033,R,269,2,2,0,1,2,Response,1933.0,1933.0,795.8,795.8,3050.0,3050.0,310.0,2.9,2.9,184.0,184.0,22.0
SV033,R,270,2,2,0,0,2,Response,,,,,,,,,,,,
SV033,R,271,3,0,1,0,0,Response,,,,,,,,1.1,1.1,647.0,647.0,354.0
SV033,R,272,3,3,1,1,3,Response,1971.5,2010.6,824.1,918.7,3275.5,3360.0,172.0,0.55,0.7,59.0,67.0,12.0
SV033,R,273,2,0,1,1,0,Response,,,,,,,,,,,,
SV033,R,274,2,0,0,0,0,Response,1933.0,1933.0,831.8,831.8,2823.0,2823.0,206.0,0.7,0.7,60.0,60.0,14.0
SV033,R,275,2,2,0,1,2,Response,,,,,,,,1.7,1.7,97.0,97.0,22.0
SV033,R,276,2,3,0,0,3,Response,,,,,,,,,,,,
SV033,R,277,2,3,0,1,3,Response,,,,,,,,,,,,
SV033,R,278,3,2,0,0,2,Response,,,,,,,,0.8,0.8,60.0,60.0,16.0
SV033,R,279,3,3,1,0,3,Response,,,,,,,,,,,,
SV033,R,280,3,0,1,1,3,Response,,,,,,,,2.0,2.0,742.0,742.0,234.0
SV033,R,281,3,2,1,1,2,Response,,,,,,,,0.4,0.4,868.0,868.0,268.0
SV033,R,282,2,3,0,1,3,Response,2048.7,2048.7,1016.5,1016.5,3257.0,3257.0,42.0,1.3,1.3,947.0,947.0,406.0
SV033,R,283,3,2,1,1,2,Response,,,,,,,,0.6,0.6,614.0,614.0,250.0
SV033,R,284,2,3,0,1,3,Response,,,,,,,,1.3,1.3,289.0,289.0,308.0
SV033,R,285,3,3,1,1,3,Response,2078.4,2078.4,1147.1,1147.1,1931.0,1931.0,32.0,6.1499999999999995,10.6,422.5,705.0,165.0
SV033,R,286,3,2,1,1,2,Response,1900.4,1900.4,902.5,902.5,3460.0,3460.0,110.0,0.8500000000000001,0.9,69.0,70.0,15.0
SV033,R,287,2,3,1,0,3,Response,,,,,,,,,,,,
SV033,R,288,3,0,1,0,0,Response,,,,,,,,2.6,2.6,153.0,153.0,24.0
SV033,R,289,3,0,0,1,0,Response,,,,,,,,1.5,1.5,89.0,89.0,22.0
SV033,R,290,3,3,0,1,3,Response,1873.3,1873.3,656.3,656.3,3068.0,3068.0,282.0,1.45,2.3,96.5,130.0,18.0
SV033,R,291,3,2,0,0,2,Response,,,,,,,,,,,,
SV033,R,292,3,2,1,0,2,Response,1799.1,1799.1,707.5,707.5,2838.0,2838.0,414.0,2.2,2.2,122.0,122.0,24.0
SV033,R,293,3,0,0,1,0,Response,1738.1,1738.1,1266.7,1266.7,1560.0,1560.0,48.0,3.05,4.6,188.0,246.0,207.0
SV033,R,294,3,3,1,1,3,Response,2033.4,2033.4,803.9,803.9,2537.0,2537.0,162.0,1.2,1.2,86.0,86.0,18.0
SV033,R,295,3,0,0,1,0,Response,,,,,,,,3.0,3.0,272.0,272.0,372.0
SV033,R,296,3,0,1,0,0,Response,,,,,,,,,,,,
SV033,R,297,3,2,0,0,2,Response,1640.5,1764.7,808.0,864.7,3327.0,3415.0,135.0,1.2,1.5,79.5,92.0,18.0
SV033,R,298,3,3,1,1,3,Response,1971.8,1971.8,801.6,801.6,3725.0,3725.0,174.0,0.95,1.3,75.0,93.0,15.0
SV033,R,299,2,3,0,0,3,Response,1907.2,1907.2,1056.5,1056.5,3467.0,3467.0,170.0,1.1,1.1,86.0,86.0,16.0
SV033,R,300,3,0,1,1,0,Response,1925.25,1926.2,963.05,1016.3,3230.0,3456.0,167.0,1.3333333333333333,2.6,297.3333333333333,689.0,110.66666666666667
SV033,R,301,2,3,1,0,3,Response,1882.9,1882.9,1009.2,1009.2,3671.0,3671.0,116.0,2.0,2.0,1133.0,1133.0,280.0
SV033,R,302,2,3,1,0,0,Response,,,,,,,,,,,,
SV033,R,303,3,0,1,1,0,Response,,,,,,,,0.8,0.8,837.0,837.0,250.0
SV033,R,304,3,0,1,0,0,Response,,,,,,,,,,,,
SV033,R,305,3,0,1,1,0,Response,1981.6,1981.6,778.5,778.5,3232.0,3232.0,138.0,2.8000000000000003,4.9,485.5,639.0,232.0
SV033,R,306,3,3,0,0,3,Response,,,,,,,,,,,,
SV033,R,307,2,3,1,0,3,Response,,,,,,,,,,,,
SV033,R,308,2,0,1,0,0,Response,,,,,,,,,,,,
SV033,R,309,2,0,1,0,0,Response,1997.5,1997.5,847.4,847.4,2705.0,2705.0,144.0,1.65,1.7,527.5,953.0,765.0
SV033,R,310,3,2,1,0,2,Response,1920.3,1920.3,1000.7,1000.7,3817.0,3817.0,364.0,,,,,
SV033,R,311,3,2,1,1,2,Response,,,,,,,,,,,,
SV033,R,312,3,3,0,0,3,Response,1897.0,1897.0,834.3,834.3,3528.0,3528.0,190.0,1.35,1.6,87.0,94.0,20.0
SV033,R,313,3,0,0,0,0,Response,,,,,,,,1.7,1.7,811.0,811.0,302.0
SV033,R,314,3,2,0,1,2,Response,,,,,,,,,,,,
SV033,R,315,2,0,0,0,0,Response,,,,,,,,,,,,
SV033,R,316,2,3,0,0,3,Response,,,,,,,,,,,,
SV033,R,317,2,2,0,1,2,Response,,,,,,,,1.4,1.4,86.0,86.0,20.0
SV033,R,318,3,2,1,0,2,Response,,,,,,,,1.2,1.2,324.0,324.0,550.0
SV033,R,319,2,2,0,0,2,Response,,,,,,,,2.2,2.2,333.0,333.0,316.0
SV033,R,320,2,0,1,1,0,Response,,,,,,,,,,,,
SV033,R,321,2,3,1,0,3,Response,,,,,,,,0.5,0.5,845.0,845.0,390.0
SV033,R,322,3,2,0,1,2,Response,,,,,,,,,,,,
SV033,R,323,2,0,1,1,2,Response,,,,,,,,1.0,1.0,998.0,998.0,364.0
SV033,R,324,2,3,1,1,3,Response,,,,,,,,,,,,
SV033,R,325,3,0,0,1,0,Response,,,,,,,,0.1,0.1,1068.0,1068.0,256.0
SV033,R,326,2,2,1,1,2,Response,1964.5,1988.9,1004.0,1035.0,3373.0,3575.0,630.0,0.9,1.3,68.5,89.0,15.0
SV033,R,327,3,3,1,1,3,Response,,,,,,,,1.2,1.2,718.0,718.0,546.0
SV033,R,328,2,0,0,0,0,Response,,,,,,,,,,,,
SV033,R,329,3,3,1,1,3,Response,2033.3,2096.0,757.3,758.1,3558.0,3713.0,207.0,2.3666666666666667,4.4,132.66666666666666,208.0,21.333333333333332
SV033,R,330,3,2,1,1,2,Response,,,,,,,,2.1,2.1,122.0,122.0,22.0
SV033,R,331,3,3,1,0,3,Response,,,,,,,,,,,,
SV033,R,332,3,0,0,0,3,Response,1824.4,1824.4,962.7,962.7,3415.0,3415.0,450.0,2.1,2.1,706.0,706.0,216.0
SV033,R,333,2,2,0,1,2,Response,1921.4,1921.4,982.1,982.1,3434.0,3434.0,310.0,1.8,1.8,118.0,118.0,20.0
SV033,R,334,2,3,1,1,3,Response,,,,,,,,,,,,
SV033,R,335,3,3,0,1,3,Response,1907.6,1907.6,807.5,807.5,3615.0,3615.0,110.0,1.4,1.8,233.0,356.0,116.0
SV033,R,336,2,2,0,1,2,Response,,,,,,,,1.1,1.1,854.0,854.0,254.0
SV033,R,337,2,3,1,1,3,Response,,,,,,,,,,,,
SV033,R,338,3,3,0,1,3,Response,1636.857142857143,2158.3,510.92857142857144,1087.2,3721.0,3861.0,115.42857142857143,6.614285714285714,14.4,399.0,976.0,133.71428571428572
SV033,R,339,3,0,0,1,3,Response,2096.0,2633.0,870.525,936.1,3892.25,4059.0,162.0,2.5,5.3,343.75,1030.0,73.5
SV033,R,340,2,3,1,0,3,Response,1632.75,1853.1,1015.0,1028.5,3607.5,3684.0,157.0,2.3499999999999996,2.8,139.5,161.0,23.0
SV033,R,341,2,2,1,0,2,Response,1996.15,2026.2,815.15,849.5,3841.5,3871.0,191.0,0.8333333333333334,1.4,68.33333333333333,89.0,14.666666666666666
SV033,R,342,2,0,1,0,0,Response,2036.5,2199.5,886.65,972.9,3941.5,3975.0,221.0,2.066666666666667,2.6,480.0,1188.0,90.0
SV033,R,343,3,2,0,1,2,Response,2052.35,2179.9,944.8,1031.8,3969.0,3978.0,162.0,1.3,2.2,90.5,127.0,16.0
SV033,R,344,2,0,1,0,0,Response,1895.3,1895.3,982.7,982.7,3629.0,3629.0,428.0,1.05,1.6,79.0,106.0,16.0
SV033,R,345,2,2,0,0,2,Response,,,,,,,,0.9,0.9,1100.0,1100.0,296.0
SV033,R,346,2,2,0,1,2,Response,2804.2,3101.0,385.375,508.6,5497.5,6314.0,66.5,2.02,3.2,607.6,1883.0,77.6
SV033,R,347,3,3,0,1,3,Response,2011.2,2011.2,874.0,874.0,3457.0,3457.0,484.0,1.2,1.2,91.0,91.0,16.0
SV033,R,348,3,3,0,0,3,Response,1966.1,2006.3,827.25,906.5,3742.0,3748.0,175.0,1.75,2.4,543.0,1004.0,96.0
SV033,R,349,3,2,0,1,2,Response,,,,,,,,,,,,
SV033,R,350,3,3,0,1,3,Response,,,,,,,,0.5,0.5,54.0,54.0,12.0
SV033,R,351,2,0,0,0,0,Response,1824.0,1824.0,1069.7,1069.7,3287.0,3287.0,264.0,1.1,1.1,72.0,72.0,18.0
SV033,R,352,3,0,0,0,0,Response,2037.8,2037.8,758.8,758.8,3234.0,3234.0,230.0,1.25,1.6,81.5,94.0,19.0
SV033,R,353,3,3,0,0,3,Response,1972.25,2034.5,978.15,1082.3,3547.0,3614.0,210.0,1.4,1.8,101.5,124.0,18.0
SV033,R,354,3,3,0,1,3,Response,,,,,,,,,,,,
SV033,R,355,3,2,1,1,2,Response,,,,,,,,,,,,
SV033,R,356,3,0,1,0,0,Response,,,,,,,,2.2,2.2,766.0,766.0,370.0
SV033,R,357,3,2,1,0,2,Response,,,,,,,,1.5,1.5,843.0,843.0,324.0
SV033,R,358,2,3,0,0,3,Response,1491.15,1847.2,1250.8,1638.2,2403.5,3576.0,337.0,6.800000000000001,9.9,405.5,633.0,156.0
SV033,R,359,2,2,0,0,2,Response,1855.6,1855.6,778.1,778.1,3444.0,3444.0,382.0,1.75,2.4,625.0,1100.0,94.0
SV033,R,360,2,2,0,0,2,Response,,,,,,,,,,,,
SV033,R,361,3,3,0,0,3,Response,1912.6999999999998,1982.6,1077.1999999999998,1327.6,2940.0,3319.0,288.0,6.066666666666666,11.0,577.3333333333334,823.0,230.0
SV033,R,362,2,0,0,0,0,Response,,,,,,,,,,,,
SV033,R,363,3,2,0,1,2,Response,,,,,,,,1.9,1.9,1055.0,1055.0,198.0
SV033,R,364,2,3,1,1,3,Response,,,,,,,,,,,,
SV033,R,365,3,0,1,0,0,Response,,,,,,,,0.8,0.8,888.0,888.0,326.0
SV033,R,366,3,3,1,0,3,Response,2122.55,2131.6,1027.55,1258.1,2773.0,3181.0,174.0,5.233333333333333,10.8,414.6666666666667,931.0,111.33333333333333
SV033,R,367,2,2,1,0,2,Response,,,,,,,,0.2,0.2,968.0,968.0,386.0
SV033,R,368,2,2,0,1,2,Response,,,,,,,,,,,,
SV033,R,369,2,3,0,0,3,Response,1852.85,1880.1,1268.45,1305.2,2095.0,2334.0,168.0,4.65,8.4,362.0,632.0,259.0
SV033,R,370,2,2,1,1,2,Response,,,,,,,,1.2,1.2,289.0,289.0,342.0
SV033,R,371,3,2,1,0,2,Response,,,,,,,,2.4,2.4,164.0,164.0,18.0
SV033,R,372,3,3,0,0,2,Response,,,,,,,,,,,,
SV033,R,373,2,0,1,1,0,Response,,,,,,,,0.4,0.4,554.0,554.0,260.0
SV033,R,374,3,3,0,1,3,Response,2077.05,2087.0,1029.85,1231.6,2603.5,2952.0,152.0,4.0,9.4,385.6666666666667,944.0,128.0
SV033,R,375,2,2,1,0,2,Response,1983.0500000000002,1991.2,1054.4,1276.4,2592.0,2986.0,187.0,4.6,9.6,424.3333333333333,965.0,134.66666666666666
SV033,R,376,3,2,1,1,2,Response,,,,,,,,,,,,
SV033,R,377,2,3,1,1,3,Response,1942.25,1970.1,874.7,973.9,3515.0,3567.0,188.0,0.9500000000000001,1.1,77.0,85.0,15.0
SV033,R,378,3,3,1,0,3,Response,1973.7,1973.7,809.9,809.9,3399.0,3399.0,286.0,2.45,3.4,222.5,348.0,131.0
SV033,R,379,3,2,0,0,2,Response,1934.8,1934.8,757.1,757.1,3316.0,3316.0,236.0,0.9500000000000001,1.1,77.0,88.0,15.0
SV033,R,380,2,0,0,1,0,Response,1937.8,1937.8,936.7,936.7,3012.0,3012.0,556.0,0.95,1.4,734.0,770.0,737.0
SV033,R,381,2,2,1,0,2,Response,1925.3,1925.3,959.7,959.7,3287.0,3287.0,370.0,1.65,1.8,504.5,891.0,115.0
SV033,R,382,3,2,1,1,2,Response,,,,,,,,4.0,4.0,760.0,760.0,334.0
SV033,R,383,2,0,0,1,0,Response,2392.8500000000004,2823.8,594.75,817.4,4901.5,5020.0,65.0,4.3500000000000005,8.3,1172.0,2116.0,296.0
SV033,R,384,3,2,1,1,2,Response,,,,,,,,,,,,
SV033,R,385,3,2,0,1,2,Response,,,,,,,,,,,,
SV033,R,386,3,2,0,0,2,Response,,,,,,,,0.1,0.1,1059.0,1059.0,258.0
SV033,R,387,2,2,1,0,2,Response,,,,,,,,,,,,
SV033,R,388,3,2,0,1,2,Response,,,,,,,,,,,,
SV033,R,389,2,3,1,0,3,Response,,,,,,,,1.1,1.1,910.0,910.0,294.0
SV033,R,390,2,3,1,1,3,Response,2001.65,2091.3,952.85,1017.6,3559.5,3598.0,277.0,1.35,1.6,95.5,102.0,18.0
SV033,R,391,2,3,0,0,3,Response,,,,,,,,,,,,
SV033,R,392,2,3,0,1,3,Response,1989.8999999999999,2085.7,930.5,1005.9,3401.0,3421.0,217.0,1.2,1.7,85.5,102.0,18.0
SV033,R,393,2,2,0,0,2,Response,,,,,,,,1.1,1.1,86.0,86.0,16.0
SV033,R,394,3,3,0,1,3,Response,,,,,,,,,,,,
SV033,R,395,3,2,0,1,2,Response,,,,,,,,1.8,1.8,920.0,920.0,314.0
SV033,R,396,2,0,1,1,0,Response,1938.5,1938.5,1035.0,1035.0,3022.0,3022.0,164.0,1.7,1.7,783.0,783.0,342.0
SV033,R,397,3,0,1,1,0,Response,2015.7,2022.4,1018.25,1241.2,2813.0,3238.0,81.0,4.7,10.7,340.0,780.0,105.33333333333333
SV033,R,398,2,0,0,1,0,Response,1966.1999999999998,1967.3,893.85,1034.5,3779.5,3789.0,231.0,1.6,1.9,97.0,108.0,20.0
SV033,R,399,2,0,1,0,0,Response,,,,,,,,,,,,
SV033,R,400,3,2,0,0,2,Response,,,,,,,,0.2,0.2,1046.0,1046.0,234.0
SV033,R,401,3,0,1,0,0,Response,,,,,,,,1.6,1.6,803.0,803.0,364.0
SV033,R,402,3,3,0,0,3,Response,1691.9,1691.9,1021.1,1021.1,3263.0,3263.0,114.0,1.4,1.4,101.0,101.0,18.0
SV033,R,403,2,3,0,1,3,Response,1963.9499999999998,1964.8,1069.6999999999998,1235.1,2467.5,2818.0,103.0,5.25,9.1,449.5,769.0,209.0
SV033,R,404,2,3,0,0,3,Response,,,,,,,,,,,,
SV033,R,405,3,3,1,1,3,Response,2132.8,2132.8,893.8,893.8,3326.0,3326.0,214.0,2.3,2.4,132.5,150.0,24.0
SV033,R,406,3,3,1,0,3,Response,2154.1,2154.1,881.1,881.1,3326.0,3326.0,204.0,2.05,2.1,131.5,144.0,21.0
SV033,R,407,2,2,1,1,2,Response,,,,,,,,,,,,
SV033,R,408,3,3,0,0,3,Response,,,,,,,,,,,,
SV033,R,409,2,2,0,0,2,Response,,,,,,,,,,,,
SV033,R,410,3,0,0,0,3,Response,,,,,,,,1.5,1.5,910.0,910.0,252.0
SV033,R,411,3,2,1,0,2,Response,,,,,,,,2.0,2.0,124.0,124.0,22.0
SV033,R,412,2,2,0,1,2,Response,1939.8,1939.8,844.4,844.4,3457.0,3457.0,218.0,1.4,1.4,97.0,97.0,20.0
SV033,R,413,3,2,0,1,2,Response,1847.8,1847.8,868.6,868.6,3718.0,3718.0,170.0,0.65,0.8,63.5,73.0,13.0
SV033,R,414,2,2,1,0,2,Response,,,,,,,,1.6,1.6,99.0,99.0,22.0
SV033,R,415,3,0,0,1,0,Response,,,,,,,,1.0,1.0,1115.0,1115.0,272.0
SV033,R,416,2,3,0,1,3,Response,1922.8999999999999,2108.0,1876.7,2825.6,3735.8333333333335,4122.0,152.33333333333334,5.483333333333333,19.0,424.1666666666667,1262.0,223.66666666666666
SV033,R,417,2,3,0,0,3,Response,465.8,2151.2,2379.5416666666665,3270.0,3801.0833333333335,4361.0,169.0,5.9692307692307685,26.1,534.2307692307693,3270.0,200.0
SV033,R,418,2,3,0,0,3,Response,1656.6,1669.1,1245.5,1320.2,3912.5,4033.0,49.0,0.7,0.7,90.0,90.0,10.0
SV033,R,419,3,3,1,0,3,Response,1983.2,1983.2,936.7,936.7,3525.0,3525.0,96.0,1.0,1.2,511.0,959.0,131.0
SV033,R,420,3,0,1,1,0,Response,1993.6499999999999,2112.7,691.1,705.2,3447.0,3519.0,150.0,2.5,3.4,148.0,178.0,22.666666666666668
SV033,R,421,3,0,1,1,0,Response,1938.0,1938.0,963.1,963.1,3610.0,3610.0,442.0,0.65,0.9,64.0,80.0,12.0
SV033,R,422,2,3,1,1,3,Response,,,,,,,,2.0,2.0,116.0,116.0,24.0
SV033,R,423,3,0,0,0,0,Response,,,,,,,,,,,,
SV033,R,424,2,0,0,1,0,Response,2168.0,2168.0,803.0,803.0,3592.0,3592.0,194.0,2.45,2.6,129.0,130.0,25.0
SV033,R,425,3,0,1,1,0,Response,,,,,,,,0.9,0.9,992.0,992.0,228.0
SV033,R,426,2,2,1,1,2,Response,1801.9,1801.9,723.5,723.5,4176.0,4176.0,88.0,2.2,3.3,476.0,880.0,131.0
SV033,R,427,2,2,0,1,2,Response,1911.4499999999998,1995.6,786.55,826.2,3973.5,4023.0,239.0,2.2666666666666666,4.8,268.3333333333333,667.0,89.33333333333333
SV033,R,428,2,2,1,0,2,Response,,,,,,,,,,,,
SV033,R,429,2,3,1,0,3,Response,1903.2,1903.2,762.0,762.0,4134.0,4134.0,82.0,2.7,2.7,154.0,154.0,24.0
SV033,R,430,3,2,1,0,2,Response,1900.9,1900.9,879.6,879.6,4217.0,4217.0,170.0,0.95,1.0,67.5,73.0,17.0
SV033,R,431,2,0,0,1,0,Response,2086.6,2086.6,749.7,749.7,4052.0,4052.0,338.0,1.65,1.8,94.5,105.0,22.0
SV033,R,432,3,3,0,1,3,Response,1995.4499999999998,2025.3,708.2,878.4,4612.5,4826.0,108.0,1.85,2.2,1599.0,3105.0,173.0
SV033,R,433,3,3,1,0,3,Response,2069.6,2069.6,752.8,752.8,4018.0,4018.0,378.0,1.7000000000000002,2.7,109.5,156.0,19.0
SV033,R,434,2,2,1,1,2,Response,,,,,,,,,,,,
SV033,R,435,3,0,0,0,0,Response,2032.9,2032.9,797.3,797.3,4082.0,4082.0,282.0,2.7,3.8,610.0,1123.0,133.0
SV033,R,436,2,0,1,0,0,Response,2021.5,2021.5,773.9,773.9,4167.0,4167.0,272.0,3.6500000000000004,5.2,459.0,796.0,135.0
SV033,R,437,3,2,0,0,2,Response,,,,,,,,2.5,2.5,130.0,130.0,26.0
SV033,R,438,2,0,0,0,0,Response,1676.4,1676.4,1126.2,1126.2,3349.0,3349.0,54.0,3.4000000000000004,3.7,898.5,975.0,229.0
SV033,R,439,3,0,0,1,0,Response,,,,,,,,0.4,0.4,1187.0,1187.0,430.0
SV033,R,440,3,0,1,0,0,Response,2088.85,2222.7,788.9000000000001,800.6,3656.5,3797.0,148.0,1.7,2.0,97.5,104.0,22.0
SV033,R,441,2,3,1,1,3,Response,,,,,,,,1.5,1.5,1007.0,1007.0,362.0
SV033,R,442,3,3,1,0,3,Response,,,,,,,,,,,,
SV033,R,443,3,2,0,0,2,Response,1777.0,1777.0,-503.4,-503.4,3769.0,3769.0,34.0,15.3,16.3,682.5,1158.0,153.0
SV033,R,444,2,0,0,0,0,Response,2143.45,2239.8,787.95,817.7,3804.5,3886.0,149.0,2.6333333333333333,5.1,378.0,963.0,88.0
SV033,R,445,2,2,1,0,2,Response,,,,,,,,1.1,1.1,73.0,73.0,20.0
SV033,R,446,2,2,0,0,2,Response,1933.9,1933.9,652.3,652.3,5075.0,5075.0,42.0,4.8,8.6,418.5,748.0,174.0
SV033,R,447,2,0,1,1,0,Response,1976.4599999999998,2001.0,783.9,989.0,4820.0,5479.0,118.0,2.7,3.8,386.8,1116.0,81.2
SV033,R,448,2,0,0,1,0,Response,1914.1,1914.1,921.4,921.4,3863.0,3863.0,172.0,1.35,1.5,662.0,1227.0,228.0
SV033,R,449,2,0,0,1,0,Response,,,,,,,,0.7,0.7,67.0,67.0,12.0
SV033,R,450,2,0,1,0,0,Response,1960.5,1960.5,781.7,781.7,4627.0,4627.0,386.0,0.6,0.7,62.0,64.0,12.0
SV033,R,451,2,0,0,0,0,Response,,,,,,,,5.0,5.0,391.0,391.0,942.0
SV033,R,452,2,0,1,0,0,Response,,,,,,,,,,,,
SV033,R,453,3,0,0,0,0,Response,,,,,,,,,,,,
SV033,R,454,2,2,0,0,2,Response,,,,,,,,1.4,1.4,1172.0,1172.0,330.0
SV033,R,455,2,3,0,1,3,Response,1979.5,1979.5,997.6,997.6,4085.0,4085.0,108.0,2.6,2.6,143.0,143.0,22.0
SV033,R,456,2,0,0,1,0,Response,1917.1666666666667,1926.9,986.0333333333333,1046.2,4530.333333333333,4792.0,168.0,0.7749999999999999,1.4,706.5,1091.0,118.0
SV033,R,457,3,3,0,0,3,Response,,,,,,,,,,,,
SV033,R,458,3,3,1,0,3,Response,,,,,,,,13.1,13.1,994.0,994.0,210.0
SV033,R,459,2,2,1,1,2,Response,,,,,,,,,,,,
SV033,R,460,3,0,0,1,0,Response,,,,,,,,,,,,
SV033,R,461,2,0,1,0,0,Response,,,,,,,,,,,,
SV033,R,462,3,2,0,1,2,Response,,,,,,,,,,,,
SV033,R,463,2,3,0,1,3,Response,1976.0,2046.2,460.95,702.3,3801.5,3806.0,135.0,4.766666666666667,8.0,234.66666666666666,481.0,88.0
SV033,R,464,3,3,1,1,3,Response,2079.5,2079.5,791.6,791.6,4030.0,4030.0,216.0,1.9,2.0,117.5,125.0,22.0
SV033,R,465,3,0,1,0,3,Response,,,,,,,,,,,,
SV033,R,466,2,2,1,1,2,Response,,,,,,,,0.9,0.9,722.0,722.0,344.0
SV033,R,467,3,3,1,1,3,Response,2057.1,2057.1,764.7,764.7,4161.0,4161.0,502.0,2.2,2.8,453.5,787.0,155.0
SV033,R,468,3,3,0,0,3,Response,2111.1,2111.1,805.0,805.0,3897.0,3897.0,412.0,0.95,1.2,71.5,86.0,16.0
SV033,R,469,3,2,0,0,2,Response,,,,,,,,1.2,1.2,1153.0,1153.0,284.0
SV033,R,470,3,0,0,0,0,Response,1954.5,1954.5,928.2,928.2,3636.0,3636.0,62.0,0.3,0.3,755.0,755.0,258.0
SV033,R,471,2,2,0,0,2,Response,2030.3,2069.5,681.65,775.5,4291.0,4702.0,184.0,2.433333333333333,2.8,712.6666666666666,1852.0,104.0
SV033,R,472,3,3,1,0,3,Response,1963.125,2004.3,923.7750000000001,1238.7,4493.75,5109.0,117.0,1.05,1.6,84.75,124.0,17.5
SV033,R,473,2,0,0,1,0,Response,,,,,,,,1.4,1.4,1063.0,1063.0,634.0
SV033,R,474,3,2,1,0,2,Response,,,,,,,,0.3,0.3,964.0,964.0,398.0
SV033,R,475,3,2,1,0,2,Response,1892.0,1892.0,997.5,997.5,3740.0,3740.0,174.0,0.8999999999999999,1.2,445.5,833.0,138.0
SV033,R,476,2,0,0,0,0,Response,,,,,,,,,,,,
SV033,R,477,2,3,1,0,3,Response,1959.4,1959.4,885.7,885.7,3963.0,3963.0,88.0,1.1,1.2,539.0,994.0,155.0
SV033,R,478,3,0,0,1,0,Response,1952.0,1952.0,831.4,831.4,4280.0,4280.0,168.0,3.05,4.5,433.0,768.0,191.0
SV033,R,479,3,3,0,1,3,Response,,,,,,,,2.5,2.5,1048.0,1048.0,542.0
SV033,R,480,2,2,1,1,2,Response,,,,,,,,0.9,0.9,92.0,92.0,12.0
SV033,L,1,2,3,0,0,3,Stimulus,1110.0500000000002,1185.7,1844.85,1984.1,4506.5,4530.0,99.0,2.8,2.8,177.0,177.0,22.0
SV033,L,2,2,3,1,0,3,Stimulus,,,,,,,,,,,,
SV033,L,3,3,3,0,1,3,Stimulus,,,,,,,,,,,,
SV033,L,4,3,0,0,0,3,Stimulus,,,,,,,,,,,,
SV033,L,5,2,2,1,1,2,Stimulus,,,,,,,,,,,,
SV033,L,6,2,0,1,1,2,Stimulus,,,,,,,,,,,,
SV033,L,7,2,0,1,1,2,Stimulus,,,,,,,,,,,,
SV033,L,8,3,0,0,1,3,Stimulus,,,,,,,,,,,,
SV033,L,9,2,0,1,1,2,Stimulus,,,,,,,,,,,,
SV033,L,10,3,2,1,1,2,Stimulus,,,,,,,,,,,,
SV033,L,11,2,2,1,0,2,Stimulus,,,,,,,,,,,,
SV033,L,12,3,2,0,1,2,Stimulus,,,,,,,,,,,,
SV033,L,13,2,0,1,0,2,Stimulus,,,,,,,,,,,,
SV033,L,14,3,2,1,1,2,Stimulus,,,,,,,,,,,,
SV033,L,15,2,2,0,0,2,Stimulus,,,,,,,,,,,,
SV033,L,16,3,0,0,1,2,Stimulus,,,,,,,,,,,,
SV033,L,17,2,0,0,0,3,Stimulus,,,,,,,,,,,,
SV033,L,18,2,0,0,0,3,Stimulus,,,,,,,,,,,,
SV033,L,19,3,0,0,0,3,Stimulus,,,,,,,,,,,,
SV033,L,20,3,3,0,1,3,Stimulus,,,,,,,,,,,,
SV033,L,21,2,2,1,1,2,Stimulus,,,,,,,,,,,,
SV033,L,22,2,0,0,0,3,Stimulus,,,,,,,,,,,,
SV033,L,23,3,3,0,0,3,Stimulus,,,,,,,,,,,,
SV033,L,24,3,0,1,1,2,Stimulus,,,,,,,,,,,,
SV033,L,25,3,2,0,0,2,Stimulus,,,,,,,,,,,,
SV033,L,26,2,0,0,1,3,Stimulus,,,,,,,,,,,,
SV033,L,27,3,0,1,1,2,Stimulus,,,,,,,,,,,,
SV033,L,28,2,3,1,0,3,Stimulus,,,,,,,,,,,,
SV033,L,29,3,0,0,1,3,Stimulus,,,,,,,,,,,,
SV033,L,30,3,0,1,1,2,Stimulus,,,,,,,,,,,,
SV033,L,31,2,2,0,1,2,Stimulus,,,,,,,,,,,,
SV033,L,32,2,0,1,1,2,Stimulus,,,,,,,,,,,,
SV033,L,33,3,2,1,1,2,Stimulus,,,,,,,,,,,,
SV033,L,34,3,3,1,1,3,Stimulus,,,,,,,,,,,,
SV033,L,35,2,3,0,1,3,Stimulus,,,,,,,,,,,,
SV033,L,36,2,0,0,0,3,Stimulus,,,,,,,,,,,,
SV033,L,37,2,2,1,0,2,Stimulus,,,,,,,,,,,,
SV033,L,38,2,3,0,1,3,Stimulus,,,,,,,,,,,,
SV033,L,39,2,3,0,0,3,Stimulus,,,,,,,,,,,,
SV033,L,40,3,2,0,1,3,Stimulus,,,,,,,,,,,,
SV033,L,41,3,2,1,0,2,Stimulus,,,,,,,,,,,,
SV033,L,42,2,3,1,1,2,Stimulus,,,,,,,,,,,,
SV033,L,43,3,0,1,1,1,Stimulus,,,,,,,,,,,,
SV033,L,44,3,3,0,1,3,Stimulus,,,,,,,,,,,,
SV033,L,45,3,2,1,1,2,Stimulus,,,,,,,,,,,,
SV033,L,46,3,2,0,0,2,Stimulus,,,,,,,,,,,,
SV033,L,47,2,3,0,1,3,Stimulus,,,,,,,,,,,,
SV033,L,48,3,0,0,1,3,Stimulus,,,,,,,,,,,,
SV033,L,49,3,3,1,0,3,Stimulus,,,,,,,,,,,,
SV033,L,50,2,2,1,0,2,Stimulus,,,,,,,,,,,,
SV033,L,51,3,0,1,0,3,Stimulus,,,,,,,,,,,,
SV033,L,52,3,0,0,0,3,Stimulus,,,,,,,,,,,,
SV033,L,53,2,3,0,1,3,Stimulus,,,,,,,,,,,,
SV033,L,54,3,0,1,0,3,Stimulus,,,,,,,,,,,,
SV033,L,55,3,3,1,0,3,Stimulus,,,,,,,,,,,,
SV033,L,56,2,2,0,0,2,Stimulus,,,,,,,,,,,,
SV033,L,57,3,0,1,0,3,Stimulus,,,,,,,,,,,,
SV033,L,58,3,3,0,1,3,Stimulus,,,,,,,,,,,,
SV033,L,59,3,3,0,0,3,Stimulus,,,,,,,,,,,,
SV033,L,60,3,3,1,1,3,Stimulus,,,,,,,,,,,,
SV033,L,61,3,3,1,1,3,Stimulus,,,,,,,,,,,,
SV033,L,62,3,0,0,1,0,Stimulus,,,,,,,,,,,,
SV033,L,63,2,2,1,0,2,Stimulus,,,,,,,,,,,,
SV033,L,64,2,3,1,0,3,Stimulus,,,,,,,,,,,,
SV033,L,65,2,3,0,1,3,Stimulus,,,,,,,,,,,,
SV033,L,66,2,2,0,1,2,Stimulus,,,,,,,,,,,,
SV033,L,67,2,0,0,1,3,Stimulus,,,,,,,,,,,,
SV033,L,68,3,0,0,0,3,Stimulus,,,,,,,,,,,,
SV033,L,69,2,3,0,0,3,Stimulus,,,,,,,,,,,,
SV033,L,70,3,0,0,0,3,Stimulus,,,,,,,,,,,,
SV033,L,71,3,2,0,0,2,Stimulus,,,,,,,,,,,,
SV033,L,72,2,2,0,0,2,Stimulus,,,,,,,,,,,,
SV033,L,73,3,2,1,1,2,Stimulus,,,,,,,,,,,,
SV033,L,74,2,3,0,1,3,Stimulus,,,,,,,,,,,,
SV033,L,75,2,3,1,1,2,Stimulus,,,,,,,,,,,,
SV033,L,76,2,2,1,0,2,Stimulus,,,,,,,,,,,,
SV033,L,77,3,2,0,1,2,Stimulus,,,,,,,,,,,,
SV033,L,78,3,3,0,0,3,Stimulus,,,,,,,,,,,,
SV033,L,79,3,2,1,0,2,Stimulus,,,,,,,,,,,,
SV033,L,80,3,0,1,0,3,Stimulus,,,,,,,,,,,,
SV033,L,81,3,2,1,0,2,Stimulus,,,,,,,,,,,,
SV033,L,82,2,0,0,0,2,Stimulus,,,,,,,,,,,,
SV033,L,83,2,2,1,1,1,Stimulus,,,,,,,,,,,,
SV033,L,84,3,0,0,0,3,Stimulus,,,,,,,,,,,,
SV033,L,85,2,0,1,0,3,Stimulus,,,,,,,,,,,,
SV033,L,86,3,0,1,1,2,Stimulus,,,,,,,,,,,,
SV033,L,87,2,0,0,1,2,Stimulus,,,,,,,,,,,,
SV033,L,88,2,0,1,0,2,Stimulus,,,,,,,,,,,,
SV033,L,89,3,0,1,0,1,Stimulus,,,,,,,,,,,,
SV033,L,90,3,2,1,1,2,Stimulus,,,,,,,,,,,,
SV033,L,91,2,3,1,0,2,Stimulus,,,,,,,,,,,,
SV033,L,92,3,0,0,1,2,Stimulus,,,,,,,,,,,,
SV033,L,93,3,0,0,1,1,Stimulus,,,,,,,,,,,,
SV033,L,94,3,3,1,1,3,Stimulus,,,,,,,,,,,,
SV033,L,95,3,0,1,0,2,Stimulus,,,,,,,,,,,,
SV033,L,96,2,2,1,0,2,Stimulus,,,,,,,,,,,,
SV033,L,97,2,3,1,1,3,Stimulus,,,,,,,,,,,,
SV033,L,98,3,3,1,1,1,Stimulus,,,,,,,,,,,,
SV033,L,99,2,0,1,1,1,Stimulus,,,,,,,,,,,,
SV033,L,100,2,2,0,0,2,Stimulus,,,,,,,,,,,,
SV033,L,101,3,0,1,1,1,Stimulus,,,,,,,,,,,,
SV033,L,102,3,2,0,1,2,Stimulus,,,,,,,,,,,,
SV033,L,103,3,2,0,0,2,Stimulus,,,,,,,,,,,,
SV033,L,104,3,0,1,1,1,Stimulus,,,,,,,,,,,,
SV033,L,105,2,2,1,1,2,Stimulus,,,,,,,,,,,,
SV033,L,106,3,2,0,0,2,Stimulus,,,,,,,,,,,,
SV033,L,107,3,0,0,0,3,Stimulus,,,,,,,,,,,,
SV033,L,108,2,2,0,0,2,Stimulus,,,,,,,,,,,,
SV033,L,109,3,0,1,0,2,Stimulus,,,,,,,,,,,,
SV033,L,110,3,2,1,0,2,Stimulus,,,,,,,,,,,,
SV033,L,111,2,2,1,1,2,Stimulus,,,,,,,,,,,,
SV033,L,112,3,2,0,0,2,Stimulus,,,,,,,,,,,,
SV033,L,113,2,3,0,0,3,Stimulus,,,,,,,,,,,,
SV033,L,114,2,2,0,1,2,Stimulus,,,,,,,,,,,,
SV033,L,115,3,3,1,0,3,Stimulus,,,,,,,,,,,,
SV033,L,116,2,3,0,0,3,Stimulus,,,,,,,,,,,,
SV033,L,117,3,3,0,1,3,Stimulus,,,,,,,,,,,,
SV033,L,118,3,0,0,0,3,Stimulus,,,,,,,,,,,,
SV033,L,119,2,2,1,0,2,Stimulus,,,,,,,,,,,,
SV033,L,120,3,3,1,0,3,Stimulus,,,,,,,,,,,,
SV033,L,121,2,2,1,0,2,Stimulus,,,,,,,,4.2,4.2,168.0,168.0,32.0
SV033,L,122,2,2,1,1,2,Stimulus,,,,,,,,,,,,
SV033,L,123,3,0,1,0,3,Stimulus,,,,,,,,,,,,
SV033,L,124,3,0,0,0,2,Stimulus,,,,,,,,,,,,
SV033,L,125,3,3,1,1,2,Stimulus,,,,,,,,,,,,
SV033,L,126,2,0,0,1,2,Stimulus,,,,,,,,,,,,
SV033,L,127,3,2,1,1,2,Stimulus,,,,,,,,,,,,
SV033,L,128,2,2,0,1,1,Stimulus,,,,,,,,,,,,
SV033,L,129,2,3,0,1,2,Stimulus,,,,,,,,,,,,
SV033,L,130,3,3,0,0,2,Stimulus,,,,,,,,,,,,
SV033,L,131,3,2,1,0,2,Stimulus,,,,,,,,,,,,
SV033,L,132,3,3,1,0,3,Stimulus,,,,,,,,,,,,
SV033,L,133,3,3,1,1,2,Stimulus,,,,,,,,,,,,
SV033,L,134,2,2,0,0,2,Stimulus,,,,,,,,,,,,
SV033,L,135,2,3,1,0,3,Stimulus,,,,,,,,,,,,
SV033,L,136,3,3,1,0,3,Stimulus,,,,,,,,,,,,
SV033,L,137,2,3,0,0,3,Stimulus,,,,,,,,,,,,
SV033,L,138,3,3,0,0,3,Stimulus,,,,,,,,,,,,
SV033,L,139,3,0,0,1,2,Stimulus,,,,,,,,,,,,
SV033,L,140,2,0,0,1,2,Stimulus,,,,,,,,,,,,
SV033,L,141,2,3,1,0,3,Stimulus,,,,,,,,,,,,
SV033,L,142,3,0,1,1,2,Stimulus,,,,,,,,,,,,
SV033,L,143,3,0,1,0,2,Stimulus,,,,,,,,,,,,
SV033,L,144,2,3,1,0,3,Stimulus,,,,,,,,,,,,
SV033,L,145,2,0,1,0,3,Stimulus,,,,,,,,,,,,
SV033,L,146,3,0,0,1,2,Stimulus,,,,,,,,,,,,
SV033,L,147,3,2,0,0,2,Stimulus,,,,,,,,,,,,
SV033,L,148,3,3,1,1,1,Stimulus,,,,,,,,,,,,
SV033,L,149,2,2,1,0,2,Stimulus,,,,,,,,4.4,4.4,171.0,171.0,34.0
SV033,L,150,2,2,0,1,2,Stimulus,,,,,,,,,,,,
SV033,L,151,3,3,1,0,3,Stimulus,,,,,,,,,,,,
SV033,L,152,3,3,0,0,3,Stimulus,,,,,,,,,,,,
SV033,L,153,2,0,0,0,2,Stimulus,,,,,,,,,,,,
SV033,L,154,3,2,0,0,2,Stimulus,,,,,,,,,,,,
SV033,L,155,2,0,1,0,2,Stimulus,,,,,,,,,,,,
SV033,L,156,3,0,1,1,1,Stimulus,,,,,,,,,,,,
SV033,L,157,3,2,1,0,2,Stimulus,,,,,,,,,,,,
SV033,L,158,3,2,0,1,2,Stimulus,,,,,,,,,,,,
SV033,L,159,3,3,1,0,3,Stimulus,,,,,,,,,,,,
SV033,L,160,2,3,0,1,3,Stimulus,,,,,,,,,,,,
SV033,L,161,3,2,0,1,2,Stimulus,,,,,,,,,,,,
SV033,L,162,3,3,0,1,3,Stimulus,,,,,,,,,,,,
SV033,L,163,2,3,0,0,3,Stimulus,,,,,,,,,,,,
SV033,L,164,2,2,0,1,2,Stimulus,,,,,,,,,,,,
SV033,L,165,2,2,1,1,2,Stimulus,,,,,,,,,,,,
SV033,L,166,2,3,1,1,2,Stimulus,,,,,,,,,,,,
SV033,L,167,2,0,1,1,1,Stimulus,,,,,,,,,,,,
SV033,L,168,2,0,0,1,1,Stimulus,,,,,,,,,,,,
SV033,L,169,3,2,0,1,1,Stimulus,,,,,,,,,,,,
SV033,L,170,2,0,0,0,2,Stimulus,,,,,,,,,,,,
SV033,L,171,2,0,1,1,2,Stimulus,,,,,,,,,,,,
SV033,L,172,2,0,0,1,2,Stimulus,,,,,,,,,,,,
SV033,L,173,2,0,1,1,2,Stimulus,,,,,,,,,,,,
SV033,L,174,2,0,0,1,2,Stimulus,,,,,,,,,,,,
SV033,L,175,3,3,0,0,3,Stimulus,,,,,,,,,,,,
SV033,L,176,3,3,0,0,3,Stimulus,,,,,,,,,,,,
SV033,L,177,3,0,0,1,3,Stimulus,,,,,,,,,,,,
SV033,L,178,2,3,1,1,2,Stimulus,,,,,,,,,,,,
SV033,L,179,3,3,0,1,2,Stimulus,,,,,,,,,,,,
SV033,L,180,2,2,0,0,2,Stimulus,,,,,,,,,,,,
SV033,L,181,2,0,0,1,0,Stimulus,,,,,,,,,,,,
SV033,L,182,2,0,1,0,2,Stimulus,,,,,,,,,,,,
SV033,L,183,2,2,0,1,2,Stimulus,,,,,,,,,,,,
SV033,L,184,2,3,1,0,3,Stimulus,,,,,,,,,,,,
SV033,L,185,2,2,1,1,2,Stimulus,,,,,,,,,,,,
SV033,L,186,2,0,0,1,2,Stimulus,,,,,,,,,,,,
SV033,L,187,2,0,0,0,3,Stimulus,,,,,,,,,,,,
SV033,L,188,3,3,0,1,2,Stimulus,,,,,,,,,,,,
SV033,L,189,2,0,1,0,2,Stimulus,,,,,,,,,,,,
SV033,L,190,3,3,0,1,3,Stimulus,,,,,,,,,,,,
SV033,L,191,3,2,1,1,2,Stimulus,,,,,,,,,,,,
SV033,L,192,2,0,1,1,1,Stimulus,,,,,,,,,,,,
SV033,L,193,2,3,1,0,3,Stimulus,,,,,,,,,,,,
SV033,L,194,3,2,1,0,2,Stimulus,,,,,,,,,,,,
SV033,L,195,2,2,0,1,2,Stimulus,,,,,,,,,,,,
SV033,L,196,2,0,0,0,2,Stimulus,,,,,,,,,,,,
SV033,L,197,2,3,1,1,2,Stimulus,,,,,,,,,,,,
SV033,L,198,3,3,0,0,2,Stimulus,,,,,,,,,,,,
SV033,L,199,3,2,1,0,2,Stimulus,1983.2,1983.2,1252.3,1252.3,2117.0,2117.0,48.0,1.0,1.2,85.0,93.0,14.0
SV033,L,200,2,0,1,0,2,Stimulus,,,,,,,,,,,,
SV033,L,201,2,2,0,0,2,Stimulus,,,,,,,,,,,,
SV033,L,202,3,0,1,0,3,Stimulus,,,,,,,,,,,,
SV033,L,203,3,2,0,1,2,Stimulus,,,,,,,,,,,,
SV033,L,204,2,3,1,1,1,Stimulus,,,,,,,,,,,,
SV033,L,205,2,2,0,0,2,Stimulus,,,,,,,,,,,,
SV033,L,206,2,0,1,0,2,Stimulus,,,,,,,,,,,,
SV033,L,207,2,2,0,1,2,Stimulus,,,,,,,,,,,,
SV033,L,208,3,2,1,0,2,Stimulus,,,,,,,,,,,,
SV033,L,209,2,2,1,1,1,Stimulus,,,,,,,,,,,,
SV033,L,210,3,3,1,1,2,Stimulus,,,,,,,,,,,,
SV033,L,211,2,3,0,0,3,Stimulus,,,,,,,,,,,,
SV033,L,212,3,2,1,1,2,Stimulus,,,,,,,,,,,,
SV033,L,213,3,3,1,0,3,Stimulus,,,,,,,,,,,,
SV033,L,214,2,2,0,1,1,Stimulus,,,,,,,,,,,,
SV033,L,215,3,2,1,1,2,Stimulus,,,,,,,,,,,,
SV033,L,216,3,3,1,1,2,Stimulus,,,,,,,,,,,,
SV033,L,217,3,3,0,0,2,Stimulus,,,,,,,,,,,,
SV033,L,218,2,3,0,0,3,Stimulus,,,,,,,,,,,,
SV033,L,219,2,3,0,0,3,Stimulus,,,,,,,,,,,,
SV033,L,220,2,3,1,1,2,Stimulus,,,,,,,,,,,,
SV033,L,221,2,0,1,0,2,Stimulus,,,,,,,,,,,,
SV033,L,222,3,3,1,0,3,Stimulus,,,,,,,,,,,,
SV033,L,223,3,2,0,0,2,Stimulus,,,,,,,,,,,,
SV033,L,224,2,3,1,0,2,Stimulus,,,,,,,,,,,,
SV033,L,225,3,2,0,1,2,Stimulus,,,,,,,,,,,,
SV033,L,226,2,3,1,1,2,Stimulus,,,,,,,,,,,,
SV033,L,227,2,2,1,0,2,Stimulus,,,,,,,,,,,,
SV033,L,228,3,2,1,0,2,Stimulus,,,,,,,,,,,,
SV033,L,229,3,2,0,1,2,Stimulus,,,,,,,,,,,,
SV033,L,230,3,0,1,1,1,Stimulus,,,,,,,,,,,,
SV033,L,231,2,3,1,1,2,Stimulus,,,,,,,,,,,,
SV033,L,232,3,3,0,1,3,Stimulus,,,,,,,,,,,,
SV033,L,233,2,0,1,1,1,Stimulus,,,,,,,,,,,,
SV033,L,234,2,3,0,1,2,Stimulus,,,,,,,,,,,,
SV033,L,235,2,2,1,1,2,Stimulus,,,,,,,,,,,,
SV033,L,236,2,3,0,1,2,Stimulus,,,,,,,,,,,,
SV033,L,237,2,2,0,0,2,Stimulus,,,,,,,,,,,,
SV033,L,238,3,2,0,0,2,Stimulus,,,,,,,,,,,,
SV033,L,239,3,0,0,0,2,Stimulus,,,,,,,,,,,,
SV033,L,240,2,0,0,0,2,Stimulus,,,,,,,,,,,,
SV033,L,241,3,2,1,0,2,Stimulus,,,,,,,,,,,,
SV033,L,242,3,0,1,0,0,Stimulus,,,,,,,,,,,,
SV033,L,243,2,3,1,0,2,Stimulus,,,,,,,,,,,,
SV033,L,244,3,3,1,1,3,Stimulus,,,,,,,,,,,,
SV033,L,245,2,3,0,1,3,Stimulus,,,,,,,,,,,,
SV033,L,246,2,2,1,1,2,Stimulus,,,,,,,,,,,,
SV033,L,247,2,0,0,0,1,Stimulus,,,,,,,,,,,,
SV033,L,248,3,3,0,1,3,Stimulus,,,,,,,,,,,,
SV033,L,249,3,0,1,0,0,Stimulus,,,,,,,,,,,,
SV033,L,250,2,3,1,1,3,Stimulus,,,,,,,,,,,,
SV033,L,251,2,3,0,1,3,Stimulus,,,,,,,,,,,,
SV033,L,252,2,0,0,0,0,Stimulus,,,,,,,,,,,,
SV033,L,253,2,0,0,1,0,Stimulus,,,,,,,,,,,,
SV033,L,254,2,0,1,0,0,Stimulus,,,,,,,,,,,,
SV033,L,255,3,2,1,0,2,Stimulus,,,,,,,,,,,,
SV033,L,256,3,0,0,1,0,Stimulus,,,,,,,,,,,,
SV033,L,257,2,0,0,1,0,Stimulus,,,,,,,,,,,,
SV033,L,258,2,0,1,0,0,Stimulus,,,,,,,,,,,,
SV033,L,259,3,3,0,1,3,Stimulus,,,,,,,,,,,,
SV033,L,260,3,0,0,0,0,Stimulus,,,,,,,,,,,,
SV033,L,261,3,3,1,1,3,Stimulus,,,,,,,,,,,,
SV033,L,262,2,3,0,1,3,Stimulus,,,,,,,,,,,,
SV033,L,263,2,0,1,1,0,Stimulus,,,,,,,,,,,,
SV033,L,264,3,2,0,1,2,Stimulus,,,,,,,,,,,,
SV033,L,265,2,3,1,0,3,Stimulus,,,,,,,,,,,,
SV033,L,266,2,0,1,1,0,Stimulus,,,,,,,,,,,,
SV033,L,267,3,3,1,1,3,Stimulus,,,,,,,,,,,,
SV033,L,268,3,2,0,0,2,Stimulus,,,,,,,,,,,,
SV033,L,269,3,0,1,1,0,Stimulus,,,,,,,,,,,,
SV033,L,270,2,0,0,0,0,Stimulus,,,,,,,,,,,,
SV033,L,271,2,2,1,0,2,Stimulus,,,,,,,,,,,,
SV033,L,272,2,2,1,1,2,Stimulus,,,,,,,,,,,,
SV033,L,273,2,0,0,1,0,Stimulus,,,,,,,,,,,,
SV033,L,274,3,2,0,0,2,Stimulus,,,,,,,,,,,,
SV033,L,275,3,2,0,1,2,Stimulus,,,,,,,,,,,,
SV033,L,276,2,3,0,0,3,Stimulus,,,,,,,,,,,,
SV033,L,277,3,3,1,1,3,Stimulus,,,,,,,,,,,,
SV033,L,278,2,2,1,0,2,Stimulus,,,,,,,,,,,,
SV033,L,279,2,2,0,1,2,Stimulus,,,,,,,,,,,,
SV033,L,280,2,3,0,0,3,Stimulus,,,,,,,,,,,,
SV033,L,281,2,3,1,0,3,Stimulus,,,,,,,,,,,,
SV033,L,282,3,2,1,0,2,Stimulus,,,,,,,,,,,,
SV033,L,283,2,3,0,0,3,Stimulus,,,,,,,,,,,,
SV033,L,284,3,0,1,1,0,Stimulus,,,,,,,,,,,,
SV033,L,285,2,3,0,1,3,Stimulus,,,,,,,,,,,,
SV033,L,286,3,2,0,0,2,Stimulus,,,,,,,,,,,,
SV033,L,287,2,2,0,0,2,Stimulus,,,,,,,,,,,,
SV033,L,288,3,0,1,1,0,Stimulus,,,,,,,,,,,,
SV033,L,289,3,2,0,0,2,Stimulus,,,,,,,,,,,,
SV033,L,290,2,0,1,1,0,Stimulus,,,,,,,,,,,,
SV033,L,291,2,2,1,0,2,Stimulus,,,,,,,,,,,,
SV033,L,292,3,2,0,0,2,Stimulus,,,,,,,,,,,,
SV033,L,293,3,0,1,0,0,Stimulus,,,,,,,,,,,,
SV033,L,294,3,3,1,1,3,Stimulus,,,,,,,,,,,,
SV033,L,295,2,2,1,1,2,Stimulus,,,,,,,,,,,,
SV033,L,296,3,0,0,0,0,Stimulus,,,,,,,,,,,,
SV033,L,297,2,0,0,1,0,Stimulus,,,,,,,,,,,,
SV033,L,298,3,3,1,0,3,Stimulus,,,,,,,,,,,,
SV033,L,299,3,0,0,0,0,Stimulus,,,,,,,,,,,,
SV033,L,300,3,3,1,1,3,Stimulus,,,,,,,,,,,,
SV033,L,301,3,3,1,0,3,Stimulus,,,,,,,,,,,,
SV033,L,302,3,0,1,1,0,Stimulus,,,,,,,,,,,,
SV033,L,303,2,2,1,1,2,Stimulus,,,,,,,,,,,,
SV033,L,304,3,3,1,1,3,Stimulus,,,,,,,,,,,,
SV033,L,305,3,0,0,1,0,Stimulus,,,,,,,,,,,,
SV033,L,306,3,3,0,0,3,Stimulus,,,,,,,,,,,,
SV033,L,307,2,3,0,0,3,Stimulus,,,,,,,,,,,,
SV033,L,308,3,3,0,1,3,Stimulus,,,,,,,,,,,,
SV033,L,309,3,3,0,0,3,Stimulus,,,,,,,,,,,,
SV033,L,310,3,2,1,0,2,Stimulus,,,,,,,,,,,,
SV033,L,311,3,0,1,1,0,Stimulus,,,,,,,,,,,,
SV033,L,312,2,0,1,0,0,Stimulus,,,,,,,,,,,,
SV033,L,313,2,3,0,0,3,Stimulus,,,,,,,,,,,,
SV033,L,314,3,2,1,1,2,Stimulus,,,,,,,,,,,,
SV033,L,315,3,2,0,1,2,Stimulus,,,,,,,,,,,,
SV033,L,316,3,0,1,0,0,Stimulus,,,,,,,,,,,,
SV033,L,317,3,0,0,1,0,Stimulus,,,,,,,,,,,,
SV033,L,318,2,2,1,1,2,Stimulus,,,,,,,,,,,,
SV033,L,319,2,3,1,1,3,Stimulus,,,,,,,,,,,,
SV033,L,320,2,0,1,0,0,Stimulus,,,,,,,,,,,,
SV033,L,321,3,3,0,0,3,Stimulus,,,,,,,,,,,,
SV033,L,322,3,0,1,1,0,Stimulus,,,,,,,,,,,,
SV033,L,323,3,0,1,0,0,Stimulus,,,,,,,,,,,,
SV033,L,324,2,0,1,1,0,Stimulus,,,,,,,,,,,,
SV033,L,325,2,3,0,0,4,Stimulus,,,,,,,,,,,,
SV033,L,326,2,0,1,0,0,Stimulus,,,,,,,,,,,,
SV033,L,327,2,3,0,0,4,Stimulus,,,,,,,,,,,,
SV033,L,328,3,0,1,1,0,Stimulus,,,,,,,,,,,,
SV033,L,329,3,3,1,0,4,Stimulus,,,,,,,,,,,,
SV033,L,330,2,0,1,0,4,Stimulus,,,,,,,,,,,,
SV033,L,331,2,3,1,1,0,Stimulus,,,,,,,,,,,,
SV033,L,332,2,2,1,0,4,Stimulus,,,,,,,,,,,,
SV033,L,333,3,2,0,1,2,Stimulus,,,,,,,,,,,,
SV033,L,334,2,0,1,0,0,Stimulus,,,,,,,,,,,,
SV033,L,335,2,0,0,0,0,Stimulus,,,,,,,,,,,,
SV033,L,336,2,0,0,0,0,Stimulus,,,,,,,,,,,,
SV033,L,337,3,2,1,1,2,Stimulus,,,,,,,,,,,,
SV033,L,338,3,2,0,1,2,Stimulus,,,,,,,,,,,,
SV033,L,339,3,0,1,0,0,Stimulus,,,,,,,,,,,,
SV033,L,340,3,0,1,1,0,Stimulus,,,,,,,,,,,,
SV033,L,341,3,2,0,0,2,Stimulus,,,,,,,,,,,,
SV033,L,342,3,2,1,1,2,Stimulus,,,,,,,,,,,,
SV033,L,343,2,2,1,0,2,Stimulus,,,,,,,,,,,,
SV033,L,344,2,2,1,0,2,Stimulus,,,,,,,,,,,,
SV033,L,345,3,0,0,1,0,Stimulus,,,,,,,,,,,,
SV033,L,346,3,0,0,0,0,Stimulus,,,,,,,,,,,,
SV033,L,347,2,0,1,0,0,Stimulus,,,,,,,,,,,,
SV033,L,348,3,3,0,1,3,Stimulus,,,,,,,,,,,,
SV033,L,349,3,2,0,0,2,Stimulus,,,,,,,,,,,,
SV033,L,350,2,0,0,0,2,Stimulus,,,,,,,,,,,,
SV033,L,351,3,2,1,0,2,Stimulus,,,,,,,,,,,,
SV033,L,352,3,3,1,0,3,Stimulus,,,,,,,,,,,,
SV033,L,353,3,2,0,1,2,Stimulus,,,,,,,,,,,,
SV033,L,354,2,3,0,1,3,Stimulus,,,,,,,,,,,,
SV033,L,355,3,3,1,0,4,Stimulus,,,,,,,,,,,,
SV033,L,356,3,0,0,0,0,Stimulus,,,,,,,,4.8,4.8,176.0,176.0,38.0
SV033,L,357,2,2,0,1,2,Stimulus,,,,,,,,,,,,
SV033,L,358,3,3,1,1,3,Stimulus,,,,,,,,,,,,
SV033,L,359,2,3,1,1,4,Stimulus,,,,,,,,,,,,
SV033,L,360,2,3,1,0,4,Stimulus,,,,,,,,,,,,
SV033,L,361,2,0,0,1,0,Stimulus,,,,,,,,,,,,
SV033,L,362,2,3,1,1,4,Stimulus,,,,,,,,,,,,
SV033,L,363,2,0,0,1,0,Stimulus,,,,,,,,,,,,
SV033,L,364,2,2,0,1,2,Stimulus,,,,,,,,,,,,
SV033,L,365,3,2,0,1,2,Stimulus,,,,,,,,,,,,
SV033,L,366,2,3,0,1,3,Stimulus,,,,,,,,,,,,
SV033,L,367,2,0,1,1,0,Stimulus,,,,,,,,,,,,
SV033,L,368,2,2,0,1,2,Stimulus,,,,,,,,,,,,
SV033,L,369,2,3,1,0,3,Stimulus,,,,,,,,,,,,
SV033,L,370,3,2,0,1,2,Stimulus,,,,,,,,,,,,
SV033,L,371,3,3,0,1,3,Stimulus,,,,,,,,,,,,
SV033,L,372,3,3,0,1,3,Stimulus,,,,,,,,,,,,
SV033,L,373,2,3,0,0,3,Stimulus,,,,,,,,,,,,
SV033,L,374,3,0,0,0,0,Stimulus,,,,,,,,,,,,
SV033,L,375,2,2,0,0,2,Stimulus,1968.1,1968.1,1423.8,1423.8,3361.0,3361.0,76.0,,,,,
SV033,L,376,2,2,0,0,2,Stimulus,,,,,,,,,,,,
SV033,L,377,3,2,0,0,2,Stimulus,,,,,,,,,,,,
SV033,L,378,2,2,0,1,2,Stimulus,,,,,,,,,,,,
SV033,L,379,3,2,1,1,2,Stimulus,,,,,,,,,,,,
SV033,L,380,3,2,1,1,2,Stimulus,,,,,,,,,,,,
SV033,L,381,3,2,1,1,2,Stimulus,,,,,,,,,,,,
SV033,L,382,3,2,1,1,2,Stimulus,,,,,,,,,,,,
SV033,L,383,3,0,0,1,0,Stimulus,,,,,,,,,,,,
SV033,L,384,3,2,1,0,2,Stimulus,,,,,,,,,,,,
SV033,L,385,3,3,0,0,3,Stimulus,,,,,,,,,,,,
SV033,L,386,3,0,0,0,0,Stimulus,,,,,,,,,,,,
SV033,L,387,2,0,0,1,0,Stimulus,,,,,,,,,,,,
SV033,L,388,3,3,0,1,3,Stimulus,,,,,,,,,,,,
SV033,L,389,3,2,1,1,2,Stimulus,,,,,,,,,,,,
SV033,L,390,2,2,0,1,2,Stimulus,,,,,,,,,,,,
SV033,L,391,2,0,1,1,0,Stimulus,,,,,,,,,,,,
SV033,L,392,2,3,1,0,3,Stimulus,,,,,,,,,,,,
SV033,L,393,3,3,0,0,3,Stimulus,,,,,,,,,,,,
SV033,L,394,3,0,1,0,0,Stimulus,,,,,,,,,,,,
SV033,L,395,3,2,0,1,2,Stimulus,,,,,,,,,,,,
SV033,L,396,3,3,0,0,3,Stimulus,,,,,,,,,,,,
SV033,L,397,2,2,0,0,2,Stimulus,,,,,,,,,,,,
SV033,L,398,3,0,0,0,0,Stimulus,,,,,,,,,,,,
SV033,L,399,2,2,1,0,2,Stimulus,,,,,,,,,,,,
SV033,L,400,2,2,1,1,2,Stimulus,,,,,,,,,,,,
SV033,L,401,3,0,0,1,0,Stimulus,,,,,,,,,,,,
SV033,L,402,2,2,1,0,2,Stimulus,,,,,,,,,,,,
SV033,L,403,2,2,0,1,2,Stimulus,,,,,,,,,,,,
SV033,L,404,3,3,0,0,3,Stimulus,,,,,,,,,,,,
SV033,L,405,2,2,0,0,2,Stimulus,,,,,,,,,,,,
SV033,L,406,2,2,0,0,2,Stimulus,,,,,,,,,,,,
SV033,L,407,3,2,1,0,2,Stimulus,,,,,,,,,,,,
SV033,L,408,2,0,0,0,0,Stimulus,,,,,,,,,,,,
SV033,L,409,3,3,1,0,3,Stimulus,,,,,,,,,,,,
SV033,L,410,3,3,1,0,3,Stimulus,,,,,,,,,,,,
SV033,L,411,3,0,1,0,0,Stimulus,,,,,,,,,,,,
SV033,L,412,3,2,0,0,2,Stimulus,,,,,,,,,,,,
SV033,L,413,2,2,1,1,2,Stimulus,,,,,,,,,,,,
SV033,L,414,2,0,1,1,0,Stimulus,,,,,,,,,,,,
SV033,L,415,2,2,0,1,2,Stimulus,,,,,,,,,,,,
SV033,L,416,3,3,0,0,3,Stimulus,,,,,,,,,,,,
SV033,L,417,3,0,1,0,0,Stimulus,,,,,,,,,,,,
SV033,L,418,3,3,0,1,3,Stimulus,,,,,,,,,,,,
SV033,L,419,2,0,0,0,0,Stimulus,,,,,,,,,,,,
SV033,L,420,2,3,1,1,4,Stimulus,,,,,,,,,,,,
SV033,L,421,3,0,0,1,0,Stimulus,,,,,,,,,,,,
SV033,L,422,2,0,0,0,0,Stimulus,,,,,,,,,,,,
SV033,L,423,3,3,0,0,4,Stimulus,,,,,,,,,,,,
SV033,L,424,2,0,0,1,0,Stimulus,,,,,,,,,,,,
SV033,L,425,2,2,1,1,2,Stimulus,,,,,,,,,,,,
SV033,L,426,3,0,0,1,0,Stimulus,,,,,,,,,,,,
SV033,L,427,2,3,1,1,3,Stimulus,,,,,,,,,,,,
SV033,L,428,3,3,1,0,3,Stimulus,,,,,,,,,,,,
SV033,L,429,2,3,0,1,3,Stimulus,,,,,,,,,,,,
SV033,L,430,3,3,1,1,3,Stimulus,,,,,,,,,,,,
SV033,L,431,2,2,0,0,2,Stimulus,,,,,,,,,,,,
SV033,L,432,3,3,0,0,3,Stimulus,,,,,,,,,,,,
SV033,L,433,2,3,1,1,3,Stimulus,,,,,,,,,,,,
SV033,L,434,3,0,0,0,0,Stimulus,,,,,,,,,,,,
SV033,L,435,3,3,1,0,3,Stimulus,,,,,,,,,,,,
SV033,L,436,3,0,0,1,0,Stimulus,,,,,,,,,,,,
SV033,L,437,2,0,1,1,0,Stimulus,,,,,,,,,,,,
SV033,L,438,3,2,1,0,2,Stimulus,,,,,,,,,,,,
SV033,L,439,3,2,1,0,2,Stimulus,,,,,,,,,,,,
SV033,L,440,2,3,1,1,3,Stimulus,,,,,,,,,,,,
SV033,L,441,2,3,1,0,3,Stimulus,,,,,,,,,,,,
SV033,L,442,2,3,1,0,3,Stimulus,,,,,,,,,,,,
SV033,L,443,2,0,0,1,3,Stimulus,,,,,,,,,,,,
SV033,L,444,2,2,0,1,2,Stimulus,,,,,,,,,,,,
SV033,L,445,3,3,1,1,3,Stimulus,,,,,,,,,,,,
SV033,L,446,2,0,0,1,0,Stimulus,,,,,,,,,,,,
SV033,L,447,3,3,0,1,3,Stimulus,,,,,,,,,,,,
SV033,L,448,3,0,1,1,0,Stimulus,,,,,,,,,,,,
SV033,L,449,2,3,1,0,3,Stimulus,,,,,,,,,,,,
SV033,L,450,2,2,1,0,2,Stimulus,,,,,,,,,,,,
SV033,L,451,3,3,1,0,3,Stimulus,,,,,,,,,,,,
SV033,L,452,2,0,0,0,0,Stimulus,,,,,,,,,,,,
SV033,L,453,2,3,0,1,3,Stimulus,,,,,,,,,,,,
SV033,L,454,3,0,0,1,0,Stimulus,,,,,,,,,,,,
SV033,L,455,3,2,1,1,2,Stimulus,,,,,,,,,,,,
SV033,L,456,2,3,0,0,3,Stimulus,,,,,,,,,,,,
SV033,L,457,2,0,1,1,0,Stimulus,,,,,,,,,,,,
SV033,L,458,2,2,0,1,2,Stimulus,,,,,,,,,,,,
SV033,L,459,2,0,1,1,0,Stimulus,,,,,,,,,,,,
SV033,L,460,2,3,1,1,3,Stimulus,,,,,,,,,,,,
SV033,L,461,2,3,0,1,2,Stimulus,,,,,,,,,,,,
SV033,L,462,3,0,1,1,0,Stimulus,,,,,,,,,,,,
SV033,L,463,2,2,1,1,2,Stimulus,,,,,,,,,,,,
SV033,L,464,3,0,1,0,0,Stimulus,,,,,,,,,,,,
SV033,L,465,3,2,0,0,2,Stimulus,,,,,,,,,,,,
SV033,L,466,2,3,1,0,3,Stimulus,,,,,,,,,,,,
SV033,L,467,2,3,0,0,3,Stimulus,,,,,,,,,,,,
SV033,L,468,3,3,0,1,3,Stimulus,,,,,,,,,,,,
SV033,L,469,3,0,0,0,0,Stimulus,,,,,,,,,,,,
SV033,L,470,2,2,1,0,2,Stimulus,,,,,,,,,,,,
SV033,L,471,3,2,1,0,2,Stimulus,,,,,,,,,,,,
SV033,L,472,3,2,0,1,2,Stimulus,,,,,,,,,,,,
SV033,L,473,2,0,1,0,0,Stimulus,,,,,,,,,,,,
SV033,L,474,2,3,0,1,3,Stimulus,,,,,,,,,,,,
SV033,L,475,2,2,0,0,2,Stimulus,,,,,,,,,,,,
SV033,L,476,3,2,1,1,2,Stimulus,,,,,,,,,,,,
SV033,L,477,2,2,0,0,2,Stimulus,,,,,,,,,,,,
SV033,L,478,2,0,1,0,0,Stimulus,,,,,,,,,,,,
SV033,L,479,2,2,1,1,2,Stimulus,,,,,,,,,,,,
SV033,L,480,2,2,0,0,2,Stimulus,,,,,,,,,,,,
SV033,R,1,2,2,0,0,2,Stimulus,,,,,,,,,,,,
SV033,R,2,3,0,0,0,3,Stimulus,,,,,,,,,,,,
SV033,R,3,3,0,1,1,2,Stimulus,,,,,,,,,,,,
SV033,R,4,2,3,0,1,2,Stimulus,,,,,,,,,,,,
SV033,R,5,3,2,1,0,2,Stimulus,,,,,,,,,,,,
SV033,R,6,3,0,1,0,2,Stimulus,,,,,,,,,,,,
SV033,R,7,3,3,1,1,2,Stimulus,,,,,,,,4.1,4.1,199.0,199.0,30.0
SV033,R,8,3,0,1,1,2,Stimulus,,,,,,,,,,,,
SV033,R,9,2,0,0,1,2,Stimulus,,,,,,,,,,,,
SV033,R,10,3,3,1,1,3,Stimulus,,,,,,,,,,,,
SV033,R,11,3,2,0,1,2,Stimulus,,,,,,,,,,,,
SV033,R,12,3,2,0,0,2,Stimulus,,,,,,,,,,,,
SV033,R,13,3,2,1,0,2,Stimulus,,,,,,,,,,,,
SV033,R,14,2,2,0,0,2,Stimulus,,,,,,,,,,,,
SV033,R,15,3,2,0,0,2,Stimulus,,,,,,,,,,,,
SV033,R,16,3,3,0,1,3,Stimulus,,,,,,,,,,,,
SV033,R,17,2,3,1,1,2,Stimulus,,,,,,,,,,,,
SV033,R,18,3,3,0,0,2,Stimulus,,,,,,,,,,,,
SV033,R,19,3,2,0,1,2,Stimulus,,,,,,,,,,,,
SV033,R,20,2,3,0,0,2,Stimulus,,,,,,,,,,,,
SV033,R,21,2,3,1,0,2,Stimulus,,,,,,,,,,,,
SV033,R,22,2,3,1,1,2,Stimulus,,,,,,,,,,,,
SV033,R,23,3,2,0,0,2,Stimulus,,,,,,,,,,,,
SV033,R,24,3,2,0,0,2,Stimulus,,,,,,,,,,,,
SV033,R,25,3,3,0,1,2,Stimulus,,,,,,,,16.1,16.1,313.0,313.0,78.0
SV033,R,26,2,0,1,1,2,Stimulus,,,,,,,,,,,,
SV033,R,27,2,2,1,1,2,Stimulus,,,,,,,,,,,,
SV033,R,28,2,0,1,0,2,Stimulus,,,,,,,,,,,,
SV033,R,29,3,0,1,0,2,Stimulus,,,,,,,,,,,,
SV033,R,30,3,2,1,1,2,Stimulus,,,,,,,,,,,,
SV033,R,31,3,3,1,1,3,Stimulus,,,,,,,,,,,,
SV033,R,32,3,3,0,1,2,Stimulus,,,,,,,,,,,,
SV033,R,33,3,3,1,0,3,Stimulus,,,,,,,,,,,,
SV033,R,34,3,3,0,0,3,Stimulus,,,,,,,,,,,,
SV033,R,35,2,2,1,0,2,Stimulus,,,,,,,,,,,,
SV033,R,36,2,0,1,1,2,Stimulus,,,,,,,,,,,,
SV033,R,37,3,0,0,1,2,Stimulus,,,,,,,,,,,,
SV033,R,38,3,2,1,1,2,Stimulus,,,,,,,,,,,,
SV033,R,39,2,0,0,0,2,Stimulus,,,,,,,,,,,,
SV033,R,40,2,0,0,1,2,Stimulus,,,,,,,,,,,,
SV033,R,41,2,0,1,0,2,Stimulus,,,,,,,,,,,,
SV033,R,42,3,2,0,1,2,Stimulus,,,,,,,,,,,,
SV033,R,43,2,0,1,0,2,Stimulus,,,,,,,,,,,,
SV033,R,44,3,2,0,0,3,Stimulus,,,,,,,,,,,,
SV033,R,45,3,3,1,0,3,Stimulus,,,,,,,,,,,,
SV033,R,46,3,0,1,0,1,Stimulus,,,,,,,,,,,,
SV033,R,47,3,3,0,0,3,Stimulus,,,,,,,,,,,,
SV033,R,48,3,3,0,0,3,Stimulus,,,,,,,,,,,,
SV033,R,49,3,3,1,1,3,Stimulus,,,,,,,,,,,,
SV033,R,50,2,2,1,0,2,Stimulus,,,,,,,,,,,,
SV033,R,51,2,3,1,1,3,Stimulus,,,,,,,,,,,,
SV033,R,52,3,2,1,1,2,Stimulus,,,,,,,,,,,,
SV033,R,53,3,3,0,0,3,Stimulus,,,,,,,,,,,,
SV033,R,54,2,0,0,1,3,Stimulus,,,,,,,,,,,,
SV033,R,55,2,2,1,0,3,Stimulus,,,,,,,,,,,,
SV033,R,56,3,0,1,1,2,Stimulus,,,,,,,,,,,,
SV033,R,57,3,3,0,1,3,Stimulus,,,,,,,,,,,,
SV033,R,58,3,2,0,1,2,Stimulus,,,,,,,,,,,,
SV033,R,59,3,3,0,0,3,Stimulus,,,,,,,,,,,,
SV033,R,60,3,3,1,1,3,Stimulus,,,,,,,,,,,,
SV033,R,61,3,0,0,0,3,Stimulus,,,,,,,,,,,,
SV033,R,62,2,2,1,0,2,Stimulus,,,,,,,,,,,,
SV033,R,63,2,3,1,1,3,Stimulus,,,,,,,,,,,,
SV033,R,64,2,3,0,0,3,Stimulus,,,,,,,,,,,,
SV033,R,65,3,0,0,0,3,Stimulus,,,,,,,,,,,,
SV033,R,66,2,3,0,1,3,Stimulus,,,,,,,,,,,,
SV033,R,67,2,0,0,0,2,Stimulus,,,,,,,,,,,,
SV033,R,68,2,3,0,1,3,Stimulus,,,,,,,,,,,,
SV033,R,69,2,3,0,1,2,Stimulus,,,,,,,,,,,,
SV033,R,70,3,0,0,1,2,Stimulus,,,,,,,,,,,,
SV033,R,71,3,3,1,1,2,Stimulus,,,,,,,,,,,,
SV033,R,72,3,3,1,0,2,Stimulus,,,,,,,,,,,,
SV033,R,73,3,0,1,0,3,Stimulus,,,,,,,,,,,,
SV033,R,74,3,2,0,0,2,Stimulus,,,,,,,,,,,,
SV033,R,75,3,3,1,0,3,Stimulus,,,,,,,,,,,,
SV033,R,76,2,0,1,0,2,Stimulus,,,,,,,,,,,,
SV033,R,77,2,2,1,0,2,Stimulus,,,,,,,,,,,,
SV033,R,78,3,2,1,0,2,Stimulus,,,,,,,,,,,,
SV033,R,79,2,0,0,1,2,Stimulus,,,,,,,,,,,,
SV033,R,80,3,2,1,0,2,Stimulus,,,,,,,,,,,,
SV033,R,81,3,0,0,0,3,Stimulus,,,,,,,,,,,,
SV033,R,82,2,3,0,1,3,Stimulus,,,,,,,,,,,,
SV033,R,83,3,3,1,0,3,Stimulus,,,,,,,,,,,,
SV033,R,84,2,3,0,1,3,Stimulus,,,,,,,,,,,,
SV033,R,85,3,0,0,0,3,Stimulus,,,,,,,,,,,,
SV033,R,86,3,2,1,1,2,Stimulus,,,,,,,,,,,,
SV033,R,87,2,3,1,1,3,Stimulus,,,,,,,,,,,,
SV033,R,88,2,0,1,0,2,Stimulus,,,,,,,,,,,,
SV033,R,89,2,2,0,1,2,Stimulus,,,,,,,,,,,,
SV033,R,90,2,2,1,1,2,Stimulus,,,,,,,,,,,,
SV033,R,91,2,2,0,1,2,Stimulus,,,,,,,,,,,,
SV033,R,92,2,0,0,1,3,Stimulus,,,,,,,,,,,,
SV033,R,93,3,2,1,0,2,Stimulus,,,,,,,,,,,,
SV033,R,94,2,0,1,1,2,Stimulus,,,,,,,,,,,,
SV033,R,95,2,3,1,0,2,Stimulus,,,,,,,,,,,,
SV033,R,96,3,0,1,0,3,Stimulus,,,,,,,,,,,,
SV033,R,97,3,2,0,1,2,Stimulus,,,,,,,,,,,,
SV033,R,98,2,2,0,1,2,Stimulus,,,,,,,,,,,,
SV033,R,99,2,3,0,1,3,Stimulus,,,,,,,,,,,,
SV033,R,100,2,0,1,0,2,Stimulus,,,,,,,,,,,,
SV033,R,101,3,3,0,0,3,Stimulus,,,,,,,,,,,,
SV033,R,102,2,2,0,1,2,Stimulus,,,,,,,,,,,,
SV033,R,103,2,0,0,1,3,Stimulus,,,,,,,,,,,,
SV033,R,104,3,2,0,1,3,Stimulus,,,,,,,,,,,,
SV033,R,105,3,0,1,0,3,Stimulus,,,,,,,,,,,,
SV033,R,106,2,2,1,1,2,Stimulus,,,,,,,,,,,,
SV033,R,107,3,2,1,0,2,Stimulus,,,,,,,,5.0,5.0,156.0,156.0,40.0
SV033,R,108,3,3,1,0,3,Stimulus,,,,,,,,,,,,
SV033,R,109,3,3,0,0,3,Stimulus,,,,,,,,,,,,
SV033,R,110,2,0,1,1,2,Stimulus,,,,,,,,3.9,3.9,162.0,162.0,34.0
SV033,R,111,2,0,0,0,2,Stimulus,,,,,,,,,,,,
SV033,R,112,3,0,1,1,2,Stimulus,,,,,,,,,,,,
SV033,R,113,2,0,1,1,2,Stimulus,,,,,,,,,,,,
SV033,R,114,3,0,1,1,0,Stimulus,,,,,,,,2.2,2.2,306.0,306.0,210.0
SV033,R,115,3,0,0,1,3,Stimulus,,,,,,,,,,,,
SV033,R,116,2,3,1,0,3,Stimulus,,,,,,,,,,,,
SV033,R,117,2,0,1,0,2,Stimulus,,,,,,,,,,,,
SV033,R,118,2,0,0,0,2,Stimulus,,,,,,,,,,,,
SV033,R,119,3,3,1,1,3,Stimulus,,,,,,,,,,,,
SV033,R,120,3,3,0,1,3,Stimulus,,,,,,,,,,,,
SV033,R,121,2,0,1,0,2,Stimulus,,,,,,,,,,,,
SV033,R,122,2,2,0,1,2,Stimulus,,,,,,,,,,,,
SV033,R,123,3,3,0,0,3,Stimulus,,,,,,,,,,,,
SV033,R,124,2,0,1,1,2,Stimulus,,,,,,,,,,,,
SV033,R,125,2,0,1,1,2,Stimulus,,,,,,,,,,,,
SV033,R,126,2,3,0,0,3,Stimulus,,,,,,,,,,,,
SV033,R,127,2,2,1,1,2,Stimulus,,,,,,,,,,,,
SV033,R,128,2,2,1,0,2,Stimulus,,,,,,,,,,,,
SV033,R,129,3,0,0,1,2,Stimulus,,,,,,,,,,,,
SV033,R,130,3,0,1,1,2,Stimulus,,,,,,,,,,,,
SV033,R,131,3,3,1,0,3,Stimulus,,,,,,,,,,,,
SV033,R,132,2,2,1,1,2,Stimulus,,,,,,,,,,,,
SV033,R,133,2,3,1,1,3,Stimulus,,,,,,,,,,,,
SV033,R,134,3,0,1,1,3,Stimulus,,,,,,,,,,,,
SV033,R,135,3,0,1,0,3,Stimulus,,,,,,,,,,,,
SV033,R,136,2,0,0,0,2,Stimulus,,,,,,,,,,,,
SV033,R,137,3,2,0,0,2,Stimulus,,,,,,,,,,,,
SV033,R,138,3,3,0,1,3,Stimulus,,,,,,,,,,,,
SV033,R,139,3,0,0,1,3,Stimulus,,,,,,,,,,,,
SV033,R,140,2,3,0,0,3,Stimulus,,,,,,,,,,,,
SV033,R,141,3,3,1,1,3,Stimulus,,,,,,,,,,,,
SV033,R,142,3,0,1,1,2,Stimulus,,,,,,,,,,,,
SV033,R,143,2,0,0,0,2,Stimulus,,,,,,,,,,,,
SV033,R,144,2,3,0,0,3,Stimulus,,,,,,,,,,,,
SV033,R,145,2,2,0,1,2,Stimulus,,,,,,,,,,,,
SV033,R,146,2,3,1,0,3,Stimulus,,,,,,,,,,,,
SV033,R,147,3,0,0,0,3,Stimulus,,,,,,,,,,,,
SV033,R,148,2,0,0,0,3,Stimulus,,,,,,,,,,,,
SV033,R,149,3,0,1,1,3,Stimulus,,,,,,,,,,,,
SV033,R,150,3,3,0,1,3,Stimulus,,,,,,,,,,,,
SV033,R,151,2,0,0,0,3,Stimulus,,,,,,,,,,,,
SV033,R,152,2,2,1,1,2,Stimulus,,,,,,,,,,,,
SV033,R,153,3,2,1,1,2,Stimulus,,,,,,,,,,,,
SV033,R,154,3,2,1,1,2,Stimulus,,,,,,,,7.1,7.1,218.0,218.0,46.0
SV033,R,155,2,2,1,1,2,Stimulus,,,,,,,,,,,,
SV033,R,156,3,0,0,1,2,Stimulus,,,,,,,,,,,,
SV033,R,157,2,0,1,1,2,Stimulus,,,,,,,,,,,,
SV033,R,158,3,0,1,0,2,Stimulus,,,,,,,,,,,,
SV033,R,159,2,2,0,0,2,Stimulus,,,,,,,,,,,,
SV033,R,160,3,0,1,0,2,Stimulus,,,,,,,,,,,,
SV033,R,161,2,2,0,0,2,Stimulus,,,,,,,,5.3,5.3,167.0,167.0,42.0
SV033,R,162,2,3,1,0,3,Stimulus,,,,,,,,,,,,
SV033,R,163,2,3,1,1,3,Stimulus,,,,,,,,,,,,
SV033,R,164,3,2,0,0,2,Stimulus,,,,,,,,5.5,5.5,167.0,167.0,46.0
SV033,R,165,2,3,1,0,3,Stimulus,,,,,,,,,,,,
SV033,R,166,2,3,0,1,2,Stimulus,,,,,,,,,,,,
SV033,R,167,2,2,0,1,2,Stimulus,,,,,,,,,,,,
SV033,R,168,3,2,1,1,2,Stimulus,,,,,,,,,,,,
SV033,R,169,2,2,1,1,2,Stimulus,,,,,,,,,,,,
SV033,R,170,2,3,0,0,2,Stimulus,,,,,,,,,,,,
SV033,R,171,2,0,0,1,2,Stimulus,,,,,,,,,,,,
SV033,R,172,3,0,1,0,3,Stimulus,,,,,,,,,,,,
SV033,R,173,2,3,1,1,3,Stimulus,,,,,,,,,,,,
SV033,R,174,3,0,0,1,2,Stimulus,,,,,,,,,,,,
SV033,R,175,2,3,0,0,3,Stimulus,,,,,,,,,,,,
SV033,R,176,3,0,0,0,3,Stimulus,,,,,,,,,,,,
SV033,R,177,2,0,0,1,2,Stimulus,,,,,,,,,,,,
SV033,R,178,3,2,0,1,2,Stimulus,,,,,,,,,,,,
SV033,R,179,2,2,0,0,2,Stimulus,,,,,,,,,,,,
SV033,R,180,2,0,0,1,2,Stimulus,,,,,,,,,,,,
SV033,R,181,3,3,0,0,3,Stimulus,,,,,,,,,,,,
SV033,R,182,2,0,1,0,2,Stimulus,,,,,,,,5.3,5.3,149.0,149.0,44.0
SV033,R,183,2,2,0,1,2,Stimulus,,,,,,,,,,,,
SV033,R,184,2,3,0,1,3,Stimulus,,,,,,,,,,,,
SV033,R,185,2,0,1,1,2,Stimulus,,,,,,,,,,,,
SV033,R,186,3,3,1,0,3,Stimulus,,,,,,,,,,,,
SV033,R,187,2,3,1,0,2,Stimulus,,,,,,,,,,,,
SV033,R,188,3,3,1,1,2,Stimulus,,,,,,,,,,,,
SV033,R,189,2,3,0,1,2,Stimulus,,,,,,,,,,,,
SV033,R,190,2,3,1,1,3,Stimulus,,,,,,,,,,,,
SV033,R,191,3,2,0,1,2,Stimulus,,,,,,,,,,,,
SV033,R,192,2,3,1,0,2,Stimulus,,,,,,,,,,,,
SV033,R,193,2,3,1,0,2,Stimulus,,,,,,,,,,,,
SV033,R,194,2,2,0,0,2,Stimulus,,,,,,,,,,,,
SV033,R,195,2,2,0,1,2,Stimulus,,,,,,,,,,,,
SV033,R,196,2,2,0,0,2,Stimulus,,,,,,,,,,,,
SV033,R,197,3,0,0,0,3,Stimulus,,,,,,,,,,,,
SV033,R,198,2,2,0,1,2,Stimulus,,,,,,,,,,,,
SV033,R,199,2,2,1,0,2,Stimulus,,,,,,,,,,,,
SV033,R,200,2,2,1,0,2,Stimulus,,,,,,,,,,,,
SV033,R,201,3,3,1,0,3,Stimulus,,,,,,,,,,,,
SV033,R,202,3,2,1,1,2,Stimulus,,,,,,,,,,,,
SV033,R,203,2,0,0,0,3,Stimulus,,,,,,,,,,,,
SV033,R,204,2,3,0,0,3,Stimulus,,,,,,,,,,,,
SV033,R,205,3,2,0,1,2,Stimulus,,,,,,,,,,,,
SV033,R,206,3,2,1,0,2,Stimulus,,,,,,,,,,,,
SV033,R,207,3,0,0,1,2,Stimulus,,,,,,,,,,,,
SV033,R,208,3,0,0,1,2,Stimulus,,,,,,,,,,,,
SV033,R,209,2,3,1,1,3,Stimulus,,,,,,,,,,,,
SV033,R,210,2,2,1,0,2,Stimulus,,,,,,,,,,,,
SV033,R,211,3,3,1,1,3,Stimulus,,,,,,,,3.1,3.1,116.0,116.0,32.0
SV033,R,212,2,3,0,0,3,Stimulus,,,,,,,,,,,,
SV033,R,213,3,3,0,1,3,Stimulus,,,,,,,,,,,,
SV033,R,214,2,3,0,0,3,Stimulus,,,,,,,,,,,,
SV033,R,215,2,2,1,0,2,Stimulus,,,,,,,,,,,,
SV033,R,216,2,0,0,1,2,Stimulus,,,,,,,,,,,,
SV033,R,217,3,0,1,1,3,Stimulus,,,,,,,,,,,,
SV033,R,218,3,2,0,0,2,Stimulus,,,,,,,,,,,,
SV033,R,219,3,2,0,0,3,Stimulus,,,,,,,,,,,,
SV033,R,220,3,3,1,0,3,Stimulus,,,,,,,,,,,,
SV033,R,221,2,2,0,0,2,Stimulus,,,,,,,,,,,,
SV033,R,222,3,0,0,0,2,Stimulus,,,,,,,,,,,,
SV033,R,223,3,0,0,0,3,Stimulus,,,,,,,,,,,,
SV033,R,224,3,2,1,1,2,Stimulus,,,,,,,,,,,,
SV033,R,225,2,2,0,0,2,Stimulus,,,,,,,,,,,,
SV033,R,226,3,3,0,1,3,Stimulus,,,,,,,,,,,,
SV033,R,227,2,0,1,1,2,Stimulus,,,,,,,,,,,,
SV033,R,228,3,2,0,1,2,Stimulus,,,,,,,,,,,,
SV033,R,229,3,2,1,0,2,Stimulus,,,,,,,,,,,,
SV033,R,230,3,0,0,1,2,Stimulus,,,,,,,,,,,,
SV033,R,231,2,0,1,0,2,Stimulus,,,,,,,,,,,,
SV033,R,232,2,2,1,1,2,Stimulus,,,,,,,,,,,,
SV033,R,233,3,2,1,1,2,Stimulus,,,,,,,,,,,,
SV033,R,234,3,3,0,1,2,Stimulus,,,,,,,,,,,,
SV033,R,235,3,2,1,0,2,Stimulus,,,,,,,,,,,,
SV033,R,236,2,0,0,0,2,Stimulus,,,,,,,,,,,,
SV033,R,237,2,3,1,0,3,Stimulus,,,,,,,,,,,,
SV033,R,238,2,2,0,0,2,Stimulus,,,,,,,,,,,,
SV033,R,239,2,2,1,1,2,Stimulus,,,,,,,,,,,,
SV033,R,240,3,2,1,0,2,Stimulus,,,,,,,,4.4,4.4,194.0,194.0,32.0
SV033,R,241,3,0,1,1,0,Stimulus,,,,,,,,,,,,
SV033,R,242,2,3,1,1,3,Stimulus,,,,,,,,,,,,
SV033,R,243,3,0,0,0,0,Stimulus,,,,,,,,,,,,
SV033,R,244,3,0,1,0,3,Stimulus,,,,,,,,,,,,
SV033,R,245,3,2,0,0,2,Stimulus,,,,,,,,,,,,
SV033,R,246,2,0,0,0,0,Stimulus,,,,,,,,,,,,
SV033,R,247,2,0,1,1,0,Stimulus,,,,,,,,,,,,
SV033,R,248,2,0,1,1,0,Stimulus,,,,,,,,,,,,
SV033,R,249,2,3,0,1,3,Stimulus,,,,,,,,,,,,
SV033,R,250,2,3,0,0,3,Stimulus,,,,,,,,,,,,
SV033,R,251,2,3,0,1,3,Stimulus,,,,,,,,,,,,
SV033,R,252,2,2,1,1,2,Stimulus,,,,,,,,,,,,
SV033,R,253,3,0,0,0,0,Stimulus,,,,,,,,,,,,
SV033,R,254,2,0,0,1,0,Stimulus,,,,,,,,,,,,
SV033,R,255,3,0,0,1,0,Stimulus,,,,,,,,,,,,
SV033,R,256,3,2,1,1,2,Stimulus,,,,,,,,,,,,
SV033,R,257,2,3,1,1,3,Stimulus,,,,,,,,,,,,
SV033,R,258,2,2,1,0,2,Stimulus,,,,,,,,,,,,
SV033,R,259,2,0,1,0,0,Stimulus,,,,,,,,,,,,
SV033,R,260,2,2,0,1,2,Stimulus,,,,,,,,,,,,
SV033,R,261,2,2,1,1,2,Stimulus,,,,,,,,,,,,
SV033,R,262,2,3,1,0,3,Stimulus,,,,,,,,,,,,
SV033,R,263,3,3,1,1,3,Stimulus,,,,,,,,,,,,
SV033,R,264,2,0,1,1,0,Stimulus,,,,,,,,,,,,
SV033,R,265,3,2,1,0,2,Stimulus,,,,,,,,,,,,
SV033,R,266,3,0,1,1,0,Stimulus,,,,,,,,,,,,
SV033,R,267,2,2,1,0,2,Stimulus,,,,,,,,,,,,
SV033,R,268,2,0,1,1,0,Stimulus,,,,,,,,,,,,
SV033,R,269,2,2,0,1,2,Stimulus,,,,,,,,,,,,
SV033,R,270,2,2,0,0,2,Stimulus,,,,,,,,,,,,
SV033,R,271,3,0,1,0,0,Stimulus,,,,,,,,,,,,
SV033,R,272,3,3,1,1,3,Stimulus,,,,,,,,,,,,
SV033,R,273,2,0,1,1,0,Stimulus,,,,,,,,,,,,
SV033,R,274,2,0,0,0,0,Stimulus,,,,,,,,,,,,
SV033,R,275,2,2,0,1,2,Stimulus,,,,,,,,,,,,
SV033,R,276,2,3,0,0,3,Stimulus,,,,,,,,,,,,
SV033,R,277,2,3,0,1,3,Stimulus,,,,,,,,,,,,
SV033,R,278,3,2,0,0,2,Stimulus,,,,,,,,,,,,
SV033,R,279,3,3,1,0,3,Stimulus,,,,,,,,,,,,
SV033,R,280,3,0,1,1,3,Stimulus,,,,,,,,,,,,
SV033,R,281,3,2,1,1,2,Stimulus,,,,,,,,,,,,
SV033,R,282,2,3,0,1,3,Stimulus,,,,,,,,,,,,
SV033,R,283,3,2,1,1,2,Stimulus,,,,,,,,,,,,
SV033,R,284,2,3,0,1,3,Stimulus,,,,,,,,,,,,
SV033,R,285,3,3,1,1,3,Stimulus,,,,,,,,,,,,
SV033,R,286,3,2,1,1,2,Stimulus,,,,,,,,,,,,
SV033,R,287,2,3,1,0,3,Stimulus,,,,,,,,,,,,
SV033,R,288,3,0,1,0,0,Stimulus,,,,,,,,,,,,
SV033,R,289,3,0,0,1,0,Stimulus,,,,,,,,,,,,
SV033,R,290,3,3,0,1,3,Stimulus,,,,,,,,,,,,
SV033,R,291,3,2,0,0,2,Stimulus,,,,,,,,,,,,
SV033,R,292,3,2,1,0,2,Stimulus,,,,,,,,,,,,
SV033,R,293,3,0,0,1,0,Stimulus,,,,,,,,,,,,
SV033,R,294,3,3,1,1,3,Stimulus,,,,,,,,,,,,
SV033,R,295,3,0,0,1,0,Stimulus,,,,,,,,,,,,
SV033,R,296,3,0,1,0,0,Stimulus,,,,,,,,,,,,
SV033,R,297,3,2,0,0,2,Stimulus,,,,,,,,,,,,
SV033,R,298,3,3,1,1,3,Stimulus,,,,,,,,,,,,
SV033,R,299,2,3,0,0,3,Stimulus,,,,,,,,,,,,
SV033,R,300,3,0,1,1,0,Stimulus,,,,,,,,,,,,
SV033,R,301,2,3,1,0,3,Stimulus,,,,,,,,,,,,
SV033,R,302,2,3,1,0,0,Stimulus,,,,,,,,,,,,
SV033,R,303,3,0,1,1,0,Stimulus,,,,,,,,,,,,
SV033,R,304,3,0,1,0,0,Stimulus,,,,,,,,2.1,2.1,122.0,122.0,22.0
SV033,R,305,3,0,1,1,0,Stimulus,,,,,,,,,,,,
SV033,R,306,3,3,0,0,3,Stimulus,,,,,,,,,,,,
SV033,R,307,2,3,1,0,3,Stimulus,,,,,,,,,,,,
SV033,R,308,2,0,1,0,0,Stimulus,,,,,,,,,,,,
SV033,R,309,2,0,1,0,0,Stimulus,,,,,,,,,,,,
SV033,R,310,3,2,1,0,2,Stimulus,,,,,,,,,,,,
SV033,R,311,3,2,1,1,2,Stimulus,,,,,,,,,,,,
SV033,R,312,3,3,0,0,3,Stimulus,,,,,,,,,,,,
SV033,R,313,3,0,0,0,0,Stimulus,,,,,,,,,,,,
SV033,R,314,3,2,0,1,2,Stimulus,,,,,,,,,,,,
SV033,R,315,2,0,0,0,0,Stimulus,,,,,,,,,,,,
SV033,R,316,2,3,0,0,3,Stimulus,,,,,,,,,,,,
SV033,R,317,2,2,0,1,2,Stimulus,,,,,,,,,,,,
SV033,R,318,3,2,1,0,2,Stimulus,,,,,,,,,,,,
SV033,R,319,2,2,0,0,2,Stimulus,,,,,,,,,,,,
SV033,R,320,2,0,1,1,0,Stimulus,,,,,,,,,,,,
SV033,R,321,2,3,1,0,3,Stimulus,,,,,,,,,,,,
SV033,R,322,3,2,0,1,2,Stimulus,,,,,,,,,,,,
SV033,R,323,2,0,1,1,2,Stimulus,,,,,,,,,,,,
SV033,R,324,2,3,1,1,3,Stimulus,,,,,,,,,,,,
SV033,R,325,3,0,0,1,0,Stimulus,,,,,,,,,,,,
SV033,R,326,2,2,1,1,2,Stimulus,,,,,,,,,,,,
SV033,R,327,3,3,1,1,3,Stimulus,,,,,,,,,,,,
SV033,R,328,2,0,0,0,0,Stimulus,,,,,,,,,,,,
SV033,R,329,3,3,1,1,3,Stimulus,,,,,,,,,,,,
SV033,R,330,3,2,1,1,2,Stimulus,,,,,,,,,,,,
SV033,R,331,3,3,1,0,3,Stimulus,,,,,,,,,,,,
SV033,R,332,3,0,0,0,3,Stimulus,,,,,,,,,,,,
SV033,R,333,2,2,0,1,2,Stimulus,,,,,,,,,,,,
SV033,R,334,2,3,1,1,3,Stimulus,,,,,,,,,,,,
SV033,R,335,3,3,0,1,3,Stimulus,,,,,,,,,,,,
SV033,R,336,2,2,0,1,2,Stimulus,,,,,,,,,,,,
SV033,R,337,2,3,1,1,3,Stimulus,,,,,,,,,,,,
SV033,R,338,3,3,0,1,3,Stimulus,,,,,,,,,,,,
SV033,R,339,3,0,0,1,3,Stimulus,,,,,,,,,,,,
SV033,R,340,2,3,1,0,3,Stimulus,,,,,,,,,,,,
SV033,R,341,2,2,1,0,2,Stimulus,,,,,,,,,,,,
SV033,R,342,2,0,1,0,0,Stimulus,,,,,,,,,,,,
SV033,R,343,3,2,0,1,2,Stimulus,,,,,,,,,,,,
SV033,R,344,2,0,1,0,0,Stimulus,,,,,,,,,,,,
SV033,R,345,2,2,0,0,2,Stimulus,,,,,,,,,,,,
SV033,R,346,2,2,0,1,2,Stimulus,,,,,,,,,,,,
SV033,R,347,3,3,0,1,3,Stimulus,,,,,,,,,,,,
SV033,R,348,3,3,0,0,3,Stimulus,,,,,,,,,,,,
SV033,R,349,3,2,0,1,2,Stimulus,,,,,,,,,,,,
SV033,R,350,3,3,0,1,3,Stimulus,,,,,,,,,,,,
SV033,R,351,2,0,0,0,0,Stimulus,,,,,,,,,,,,
SV033,R,352,3,0,0,0,0,Stimulus,,,,,,,,,,,,
SV033,R,353,3,3,0,0,3,Stimulus,,,,,,,,,,,,
SV033,R,354,3,3,0,1,3,Stimulus,,,,,,,,,,,,
SV033,R,355,3,2,1,1,2,Stimulus,,,,,,,,,,,,
SV033,R,356,3,0,1,0,0,Stimulus,,,,,,,,,,,,
SV033,R,357,3,2,1,0,2,Stimulus,,,,,,,,,,,,
SV033,R,358,2,3,0,0,3,Stimulus,,,,,,,,,,,,
SV033,R,359,2,2,0,0,2,Stimulus,,,,,,,,,,,,
SV033,R,360,2,2,0,0,2,Stimulus,,,,,,,,,,,,
SV033,R,361,3,3,0,0,3,Stimulus,,,,,,,,,,,,
SV033,R,362,2,0,0,0,0,Stimulus,,,,,,,,,,,,
SV033,R,363,3,2,0,1,2,Stimulus,,,,,,,,,,,,
SV033,R,364,2,3,1,1,3,Stimulus,,,,,,,,,,,,
SV033,R,365,3,0,1,0,0,Stimulus,,,,,,,,,,,,
SV033,R,366,3,3,1,0,3,Stimulus,,,,,,,,,,,,
SV033,R,367,2,2,1,0,2,Stimulus,,,,,,,,,,,,
SV033,R,368,2,2,0,1,2,Stimulus,,,,,,,,,,,,
SV033,R,369,2,3,0,0,3,Stimulus,,,,,,,,,,,,
SV033,R,370,2,2,1,1,2,Stimulus,,,,,,,,,,,,
SV033,R,371,3,2,1,0,2,Stimulus,,,,,,,,,,,,
SV033,R,372,3,3,0,0,2,Stimulus,,,,,,,,,,,,
SV033,R,373,2,0,1,1,0,Stimulus,,,,,,,,,,,,
SV033,R,374,3,3,0,1,3,Stimulus,,,,,,,,,,,,
SV033,R,375,2,2,1,0,2,Stimulus,,,,,,,,,,,,
SV033,R,376,3,2,1,1,2,Stimulus,,,,,,,,,,,,
SV033,R,377,2,3,1,1,3,Stimulus,,,,,,,,,,,,
SV033,R,378,3,3,1,0,3,Stimulus,,,,,,,,,,,,
SV033,R,379,3,2,0,0,2,Stimulus,,,,,,,,,,,,
SV033,R,380,2,0,0,1,0,Stimulus,,,,,,,,,,,,
SV033,R,381,2,2,1,0,2,Stimulus,,,,,,,,,,,,
SV033,R,382,3,2,1,1,2,Stimulus,,,,,,,,,,,,
SV033,R,383,2,0,0,1,0,Stimulus,,,,,,,,,,,,
SV033,R,384,3,2,1,1,2,Stimulus,,,,,,,,,,,,
SV033,R,385,3,2,0,1,2,Stimulus,,,,,,,,,,,,
SV033,R,386,3,2,0,0,2,Stimulus,,,,,,,,,,,,
SV033,R,387,2,2,1,0,2,Stimulus,,,,,,,,,,,,
SV033,R,388,3,2,0,1,2,Stimulus,,,,,,,,,,,,
SV033,R,389,2,3,1,0,3,Stimulus,,,,,,,,,,,,
SV033,R,390,2,3,1,1,3,Stimulus,,,,,,,,,,,,
SV033,R,391,2,3,0,0,3,Stimulus,,,,,,,,,,,,
SV033,R,392,2,3,0,1,3,Stimulus,,,,,,,,,,,,
SV033,R,393,2,2,0,0,2,Stimulus,,,,,,,,,,,,
SV033,R,394,3,3,0,1,3,Stimulus,,,,,,,,,,,,
SV033,R,395,3,2,0,1,2,Stimulus,,,,,,,,,,,,
SV033,R,396,2,0,1,1,0,Stimulus,,,,,,,,,,,,
SV033,R,397,3,0,1,1,0,Stimulus,,,,,,,,,,,,
SV033,R,398,2,0,0,1,0,Stimulus,,,,,,,,,,,,
SV033,R,399,2,0,1,0,0,Stimulus,,,,,,,,,,,,
SV033,R,400,3,2,0,0,2,Stimulus,,,,,,,,,,,,
SV033,R,401,3,0,1,0,0,Stimulus,,,,,,,,,,,,
SV033,R,402,3,3,0,0,3,Stimulus,,,,,,,,,,,,
SV033,R,403,2,3,0,1,3,Stimulus,,,,,,,,,,,,
SV033,R,404,2,3,0,0,3,Stimulus,,,,,,,,,,,,
SV033,R,405,3,3,1,1,3,Stimulus,,,,,,,,,,,,
SV033,R,406,3,3,1,0,3,Stimulus,,,,,,,,,,,,
SV033,R,407,2,2,1,1,2,Stimulus,,,,,,,,,,,,
SV033,R,408,3,3,0,0,3,Stimulus,,,,,,,,,,,,
SV033,R,409,2,2,0,0,2,Stimulus,,,,,,,,,,,,
SV033,R,410,3,0,0,0,3,Stimulus,,,,,,,,,,,,
SV033,R,411,3,2,1,0,2,Stimulus,,,,,,,,,,,,
SV033,R,412,2,2,0,1,2,Stimulus,,,,,,,,,,,,
SV033,R,413,3,2,0,1,2,Stimulus,,,,,,,,,,,,
SV033,R,414,2,2,1,0,2,Stimulus,,,,,,,,,,,,
SV033,R,415,3,0,0,1,0,Stimulus,,,,,,,,,,,,
SV033,R,416,2,3,0,1,3,Stimulus,,,,,,,,,,,,
SV033,R,417,2,3,0,0,3,Stimulus,,,,,,,,,,,,
SV033,R,418,2,3,0,0,3,Stimulus,,,,,,,,,,,,
SV033,R,419,3,3,1,0,3,Stimulus,,,,,,,,,,,,
SV033,R,420,3,0,1,1,0,Stimulus,,,,,,,,,,,,
SV033,R,421,3,0,1,1,0,Stimulus,,,,,,,,,,,,
SV033,R,422,2,3,1,1,3,Stimulus,,,,,,,,,,,,
SV033,R,423,3,0,0,0,0,Stimulus,,,,,,,,,,,,
SV033,R,424,2,0,0,1,0,Stimulus,,,,,,,,,,,,
SV033,R,425,3,0,1,1,0,Stimulus,,,,,,,,,,,,
SV033,R,426,2,2,1,1,2,Stimulus,,,,,,,,,,,,
SV033,R,427,2,2,0,1,2,Stimulus,,,,,,,,,,,,
SV033,R,428,2,2,1,0,2,Stimulus,,,,,,,,,,,,
SV033,R,429,2,3,1,0,3,Stimulus,,,,,,,,,,,,
SV033,R,430,3,2,1,0,2,Stimulus,,,,,,,,,,,,
SV033,R,431,2,0,0,1,0,Stimulus,,,,,,,,,,,,
SV033,R,432,3,3,0,1,3,Stimulus,,,,,,,,,,,,
SV033,R,433,3,3,1,0,3,Stimulus,,,,,,,,,,,,
SV033,R,434,2,2,1,1,2,Stimulus,,,,,,,,,,,,
SV033,R,435,3,0,0,0,0,Stimulus,,,,,,,,,,,,
SV033,R,436,2,0,1,0,0,Stimulus,,,,,,,,,,,,
SV033,R,437,3,2,0,0,2,Stimulus,,,,,,,,,,,,
SV033,R,438,2,0,0,0,0,Stimulus,,,,,,,,,,,,
SV033,R,439,3,0,0,1,0,Stimulus,,,,,,,,,,,,
SV033,R,440,3,0,1,0,0,Stimulus,,,,,,,,,,,,
SV033,R,441,2,3,1,1,3,Stimulus,,,,,,,,,,,,
SV033,R,442,3,3,1,0,3,Stimulus,,,,,,,,,,,,
SV033,R,443,3,2,0,0,2,Stimulus,,,,,,,,,,,,
SV033,R,444,2,0,0,0,0,Stimulus,,,,,,,,,,,,
SV033,R,445,2,2,1,0,2,Stimulus,,,,,,,,,,,,
SV033,R,446,2,2,0,0,2,Stimulus,,,,,,,,,,,,
SV033,R,447,2,0,1,1,0,Stimulus,,,,,,,,,,,,
SV033,R,448,2,0,0,1,0,Stimulus,,,,,,,,,,,,
SV033,R,449,2,0,0,1,0,Stimulus,,,,,,,,,,,,
SV033,R,450,2,0,1,0,0,Stimulus,,,,,,,,,,,,
SV033,R,451,2,0,0,0,0,Stimulus,,,,,,,,,,,,
SV033,R,452,2,0,1,0,0,Stimulus,,,,,,,,,,,,
SV033,R,453,3,0,0,0,0,Stimulus,,,,,,,,,,,,
SV033,R,454,2,2,0,0,2,Stimulus,,,,,,,,,,,,
SV033,R,455,2,3,0,1,3,Stimulus,,,,,,,,,,,,
SV033,R,456,2,0,0,1,0,Stimulus,,,,,,,,,,,,
SV033,R,457,3,3,0,0,3,Stimulus,,,,,,,,,,,,
SV033,R,458,3,3,1,0,3,Stimulus,,,,,,,,,,,,
SV033,R,459,2,2,1,1,2,Stimulus,,,,,,,,,,,,
SV033,R,460,3,0,0,1,0,Stimulus,,,,,,,,,,,,
SV033,R,461,2,0,1,0,0,Stimulus,,,,,,,,,,,,
SV033,R,462,3,2,0,1,2,Stimulus,,,,,,,,,,,,
SV033,R,463,2,3,0,1,3,Stimulus,,,,,,,,,,,,
SV033,R,464,3,3,1,1,3,Stimulus,,,,,,,,,,,,
SV033,R,465,3,0,1,0,3,Stimulus,,,,,,,,,,,,
SV033,R,466,2,2,1,1,2,Stimulus,,,,,,,,,,,,
SV033,R,467,3,3,1,1,3,Stimulus,,,,,,,,,,,,
SV033,R,468,3,3,0,0,3,Stimulus,,,,,,,,,,,,
SV033,R,469,3,2,0,0,2,Stimulus,,,,,,,,,,,,
SV033,R,470,3,0,0,0,0,Stimulus,,,,,,,,,,,,
SV033,R,471,2,2,0,0,2,Stimulus,,,,,,,,,,,,
SV033,R,472,3,3,1,0,3,Stimulus,,,,,,,,,,,,
SV033,R,473,2,0,0,1,0,Stimulus,,,,,,,,,,,,
SV033,R,474,3,2,1,0,2,Stimulus,,,,,,,,,,,,
SV033,R,475,3,2,1,0,2,Stimulus,,,,,,,,,,,,
SV033,R,476,2,0,0,0,0,Stimulus,,,,,,,,,,,,
SV033,R,477,2,3,1,0,3,Stimulus,,,,,,,,,,,,
SV033,R,478,3,0,0,1,0,Stimulus,,,,,,,,,,,,
SV033,R,479,3,3,0,1,3,Stimulus,,,,,,,,,,,,
SV033,R,480,2,2,1,1,2,Stimulus,,,,,,,,,,,,
