subj_id,eye,trial_no,n_flash,n_beep,direction,blindspot,response,phase,fixation_x_mean,fixation_x_max,fixation_y_mean,fixation_y_max,pupil_avg_mean,pupil_avg_max,fixation_duration_mean,saccade_amplitude_mean,saccade_amplitude_max,saccade_velocity_mean,saccade_velocity_max,saccade_duration_mean
SV030,L,1,2,3,0,0,3,Fixation,,,,,,,,,,,,
SV030,L,2,2,2,1,0,2,Fixation,,,,,,,,,,,,
SV030,L,3,3,2,0,0,2,Fixation,,,,,,,,,,,,
SV030,L,4,2,0,0,1,2,Fixation,,,,,,,,,,,,
SV030,L,5,2,2,1,1,2,Fixation,,,,,,,,,,,,
SV030,L,6,2,0,0,1,2,Fixation,,,,,,,,,,,,
SV030,L,7,3,3,1,0,3,Fixation,,,,,,,,,,,,
SV030,L,8,2,3,1,0,2,Fixation,,,,,,,,,,,,
SV030,L,9,3,2,0,0,2,Fixation,,,,,,,,,,,,
SV030,L,10,2,0,0,0,2,Fixation,,,,,,,,,,,,
SV030,L,11,3,0,1,1,2,Fixation,,,,,,,,,,,,
SV030,L,12,2,0,0,1,2,Fixation,,,,,,,,,,,,
SV030,L,13,3,3,1,0,2,Fixation,,,,,,,,,,,,
SV030,L,14,3,0,1,1,3,Fixation,,,,,,,,,,,,
SV030,L,15,2,0,1,1,2,Fixation,,,,,,,,,,,,
SV030,L,16,2,3,0,1,2,Fixation,,,,,,,,,,,,
SV030,L,17,2,3,0,0,2,Fixation,,,,,,,,,,,,
SV030,L,18,3,3,0,0,3,Fixation,,,,,,,,,,,,
SV030,L,19,2,3,0,1,2,Fixation,,,,,,,,,,,,
SV030,L,20,2,0,0,1,2,Fixation,,,,,,,,,,,,
SV030,L,21,3,0,0,0,3,Fixation,,,,,,,,,,,,
SV030,L,22,3,3,1,1,3,Fixation,,,,,,,,,,,,
SV030,L,23,3,2,1,1,2,Fixation,,,,,,,,,,,,
SV030,L,24,3,2,1,1,2,Fixation,,,,,,,,,,,,
SV030,L,25,2,0,1,0,2,Fixation,,,,,,,,,,,,
SV030,L,26,3,3,1,1,2,Fixation,,,,,,,,,,,,
SV030,L,27,3,2,0,0,2,Fixation,,,,,,,,,,,,
SV030,L,28,3,2,0,0,2,Fixation,,,,,,,,,,,,
SV030,L,29,3,0,0,1,2,Fixation,,,,,,,,,,,,
SV030,L,30,2,0,0,0,2,Fixation,,,,,,,,,,,,
SV030,L,31,3,2,0,1,2,Fixation,,,,,,,,,,,,
SV030,L,32,3,2,1,0,2,Fixation,,,,,,,,,,,,
SV030,L,33,2,3,1,0,3,Fixation,,,,,,,,,,,,
SV030,L,34,3,0,1,0,3,Fixation,,,,,,,,,,,,
SV030,L,35,2,0,1,1,3,Fixation,,,,,,,,,,,,
SV030,L,36,3,3,0,0,3,Fixation,,,,,,,,,,,,
SV030,L,37,2,0,1,1,2,Fixation,,,,,,,,,,,,
SV030,L,38,3,2,1,1,2,Fixation,,,,,,,,,,,,
SV030,L,39,3,2,1,1,2,Fixation,,,,,,,,,,,,
SV030,L,40,2,3,0,1,2,Fixation,,,,,,,,,,,,
SV030,L,41,2,2,1,0,2,Fixation,,,,,,,,,,,,
SV030,L,42,3,0,1,1,2,Fixation,,,,,,,,,,,,
SV030,L,43,2,0,1,1,2,Fixation,,,,,,,,,,,,
SV030,L,44,3,0,0,0,2,Fixation,,,,,,,,,,,,
SV030,L,45,3,0,1,1,2,Fixation,,,,,,,,,,,,
SV030,L,46,3,0,1,1,2,Fixation,,,,,,,,,,,,
SV030,L,47,2,3,0,0,2,Fixation,,,,,,,,,,,,
SV030,L,48,2,0,1,0,2,Fixation,,,,,,,,,,,,
SV030,L,49,2,2,1,1,2,Fixation,,,,,,,,,,,,
SV030,L,50,2,3,1,1,3,Fixation,,,,,,,,,,,,
SV030,L,51,2,2,0,0,2,Fixation,,,,,,,,,,,,
SV030,L,52,2,0,0,1,2,Fixation,,,,,,,,,,,,
SV030,L,53,3,0,1,0,3,Fixation,,,,,,,,,,,,
SV030,L,54,3,3,0,0,3,Fixation,,,,,,,,,,,,
SV030,L,55,3,0,1,1,2,Fixation,,,,,,,,,,,,
SV030,L,56,3,3,1,0,3,Fixation,,,,,,,,,,,,
SV030,L,57,2,0,1,0,3,Fixation,,,,,,,,,,,,
SV030,L,58,2,2,0,1,2,Fixation,,,,,,,,,,,,
SV030,L,59,3,0,0,0,2,Fixation,,,,,,,,,,,,
SV030,L,60,2,3,1,1,3,Fixation,,,,,,,,,,,,
SV030,L,61,3,3,0,0,3,Fixation,,,,,,,,,,,,
SV030,L,62,2,3,0,0,2,Fixation,,,,,,,,,,,,
SV030,L,63,2,0,0,1,2,Fixation,,,,,,,,,,,,
SV030,L,64,3,3,1,0,3,Fixation,,,,,,,,,,,,
SV030,L,65,3,3,1,0,3,Fixation,,,,,,,,,,,,
SV030,L,66,2,2,1,0,2,Fixation,,,,,,,,,,,,
SV030,L,67,2,2,0,0,2,Fixation,,,,,,,,,,,,
SV030,L,68,3,0,1,1,2,Fixation,,,,,,,,,,,,
SV030,L,69,3,2,0,1,2,Fixation,,,,,,,,,,,,
SV030,L,70,3,2,1,0,2,Fixation,,,,,,,,,,,,
SV030,L,71,3,3,0,1,3,Fixation,,,,,,,,,,,,
SV030,L,72,3,2,0,0,2,Fixation,,,,,,,,,,,,
SV030,L,73,2,2,1,0,2,Fixation,,,,,,,,,,,,
SV030,L,74,3,3,1,1,3,Fixation,,,,,,,,,,,,
SV030,L,75,3,2,0,1,2,Fixation,,,,,,,,,,,,
SV030,L,76,2,2,0,0,2,Fixation,,,,,,,,,,,,
SV030,L,77,2,3,0,1,3,Fixation,,,,,,,,,,,,
SV030,L,78,3,0,0,0,3,Fixation,,,,,,,,,,,,
SV030,L,79,3,0,1,0,3,Fixation,,,,,,,,,,,,
SV030,L,80,3,2,0,0,2,Fixation,,,,,,,,,,,,
SV030,L,81,2,0,1,0,2,Fixation,,,,,,,,,,,,
SV030,L,82,2,3,0,0,2,Fixation,,,,,,,,,,,,
SV030,L,83,2,0,1,1,2,Fixation,,,,,,,,,,,,
SV030,L,84,3,0,1,0,2,Fixation,,,,,,,,,,,,
SV030,L,85,3,2,0,1,2,Fixation,,,,,,,,,,,,
SV030,L,86,3,2,0,0,2,Fixation,,,,,,,,,,,,
SV030,L,87,3,3,1,0,3,Fixation,,,,,,,,,,,,
SV030,L,88,2,3,1,1,3,Fixation,,,,,,,,,,,,
SV030,L,89,2,3,1,1,3,Fixation,,,,,,,,,,,,
SV030,L,90,2,2,0,0,2,Fixation,,,,,,,,,,,,
SV030,L,91,2,3,0,1,2,Fixation,,,,,,,,,,,,
SV030,L,92,2,2,0,1,2,Fixation,,,,,,,,,,,,
SV030,L,93,2,3,1,1,3,Fixation,,,,,,,,,,,,
SV030,L,94,3,3,0,1,3,Fixation,,,,,,,,,,,,
SV030,L,95,3,3,1,1,3,Fixation,,,,,,,,,,,,
SV030,L,96,3,2,0,1,2,Fixation,,,,,,,,,,,,
SV030,L,97,3,3,0,0,3,Fixation,,,,,,,,,,,,
SV030,L,98,3,0,0,0,3,Fixation,,,,,,,,,,,,
SV030,L,99,2,2,1,0,2,Fixation,,,,,,,,,,,,
SV030,L,100,2,2,1,0,2,Fixation,,,,,,,,,,,,
SV030,L,101,2,2,0,0,2,Fixation,,,,,,,,,,,,
SV030,L,102,3,0,0,1,2,Fixation,,,,,,,,,,,,
SV030,L,103,2,3,1,1,2,Fixation,,,,,,,,,,,,
SV030,L,104,3,3,1,1,3,Fixation,,,,,,,,,,,,
SV030,L,105,2,3,1,1,3,Fixation,,,,,,,,,,,,
SV030,L,106,3,3,0,0,2,Fixation,,,,,,,,,,,,
SV030,L,107,3,2,1,0,2,Fixation,,,,,,,,,,,,
SV030,L,108,2,3,0,1,3,Fixation,,,,,,,,,,,,
SV030,L,109,2,0,0,0,2,Fixation,,,,,,,,,,,,
SV030,L,110,3,2,1,1,2,Fixation,,,,,,,,,,,,
SV030,L,111,3,3,0,1,2,Fixation,,,,,,,,,,,,
SV030,L,112,3,3,1,0,2,Fixation,,,,,,,,,,,,
SV030,L,113,3,3,1,1,3,Fixation,,,,,,,,,,,,
SV030,L,114,3,2,0,1,2,Fixation,,,,,,,,,,,,
SV030,L,115,3,2,1,1,2,Fixation,,,,,,,,,,,,
SV030,L,116,3,2,1,0,2,Fixation,,,,,,,,,,,,
SV030,L,117,2,3,1,1,3,Fixation,,,,,,,,,,,,
SV030,L,118,3,2,1,1,2,Fixation,,,,,,,,,,,,
SV030,L,119,2,2,0,0,2,Fixation,,,,,,,,,,,,
SV030,L,120,2,0,1,0,2,Fixation,,,,,,,,,,,,
SV030,L,121,2,3,0,1,2,Fixation,,,,,,,,,,,,
SV030,L,122,2,2,1,0,2,Fixation,,,,,,,,,,,,
SV030,L,123,2,2,0,1,2,Fixation,,,,,,,,,,,,
SV030,L,124,3,2,0,1,2,Fixation,,,,,,,,,,,,
SV030,L,125,2,3,0,0,2,Fixation,,,,,,,,,,,,
SV030,L,126,3,3,0,1,3,Fixation,,,,,,,,,,,,
SV030,L,127,3,2,1,1,2,Fixation,,,,,,,,,,,,
SV030,L,128,2,3,1,1,2,Fixation,,,,,,,,,,,,
SV030,L,129,2,2,0,1,2,Fixation,,,,,,,,,,,,
SV030,L,130,2,2,0,0,2,Fixation,,,,,,,,,,,,
SV030,L,131,2,0,0,0,2,Fixation,,,,,,,,,,,,
SV030,L,132,3,3,0,0,3,Fixation,,,,,,,,,,,,
SV030,L,133,3,2,1,0,2,Fixation,,,,,,,,,,,,
SV030,L,134,3,0,1,0,3,Fixation,,,,,,,,,,,,
SV030,L,135,2,3,1,0,3,Fixation,,,,,,,,,,,,
SV030,L,136,2,2,1,1,2,Fixation,,,,,,,,,,,,
SV030,L,137,2,2,1,0,2,Fixation,,,,,,,,,,,,
SV030,L,138,2,0,0,1,2,Fixation,,,,,,,,,,,,
SV030,L,139,3,0,0,1,2,Fixation,,,,,,,,,,,,
SV030,L,140,3,0,0,1,2,Fixation,,,,,,,,,,,,
SV030,L,141,3,3,0,0,3,Fixation,,,,,,,,,,,,
SV030,L,142,3,3,1,1,3,Fixation,,,,,,,,,,,,
SV030,L,143,3,3,1,0,3,Fixation,,,,,,,,,,,,
SV030,L,144,2,2,1,0,2,Fixation,,,,,,,,,,,,
SV030,L,145,2,3,0,1,2,Fixation,,,,,,,,,,,,
SV030,L,146,3,0,1,1,2,Fixation,,,,,,,,,,,,
SV030,L,147,2,3,1,1,3,Fixation,,,,,,,,,,,,
SV030,L,148,2,0,1,1,2,Fixation,,,,,,,,,,,,
SV030,L,149,2,2,0,1,2,Fixation,,,,,,,,,,,,
SV030,L,150,3,3,0,1,3,Fixation,,,,,,,,,,,,
SV030,L,151,3,2,0,0,2,Fixation,,,,,,,,,,,,
SV030,L,152,2,0,1,1,2,Fixation,,,,,,,,,,,,
SV030,L,153,3,2,1,0,2,Fixation,,,,,,,,,,,,
SV030,L,154,2,0,0,1,2,Fixation,,,,,,,,,,,,
SV030,L,155,2,3,1,0,2,Fixation,,,,,,,,,,,,
SV030,L,156,3,2,1,0,2,Fixation,,,,,,,,,,,,
SV030,L,157,3,2,0,0,2,Fixation,,,,,,,,,,,,
SV030,L,158,3,0,1,1,2,Fixation,,,,,,,,,,,,
SV030,L,159,3,0,0,0,3,Fixation,,,,,,,,,,,,
SV030,L,160,2,2,1,0,2,Fixation,,,,,,,,,,,,
SV030,L,161,2,3,1,0,3,Fixation,,,,,,,,,,,,
SV030,L,162,2,3,1,0,3,Fixation,,,,,,,,,,,,
SV030,L,163,2,2,0,0,2,Fixation,,,,,,,,,,,,
SV030,L,164,3,3,0,1,3,Fixation,,,,,,,,,,,,
SV030,L,165,2,3,0,0,3,Fixation,,,,,,,,,,,,
SV030,L,166,3,2,1,0,2,Fixation,,,,,,,,,,,,
SV030,L,167,3,3,0,1,2,Fixation,,,,,,,,,,,,
SV030,L,168,3,0,1,0,3,Fixation,,,,,,,,,,,,
SV030,L,169,2,0,0,0,2,Fixation,,,,,,,,,,,,
SV030,L,170,2,2,0,1,2,Fixation,,,,,,,,,,,,
SV030,L,171,2,2,1,1,2,Fixation,,,,,,,,,,,,
SV030,L,172,2,3,0,0,2,Fixation,,,,,,,,,,,,
SV030,L,173,2,0,0,0,2,Fixation,,,,,,,,,,,,
SV030,L,174,3,2,0,1,2,Fixation,,,,,,,,,,,,
SV030,L,175,3,0,1,0,3,Fixation,,,,,,,,,,,,
SV030,L,176,2,2,1,1,2,Fixation,,,,,,,,,,,,
SV030,L,177,3,0,1,0,3,Fixation,,,,,,,,,,,,
SV030,L,178,2,0,0,1,2,Fixation,,,,,,,,,,,,
SV030,L,179,3,3,0,1,2,Fixation,,,,,,,,,,,,
SV030,L,180,2,0,0,0,2,Fixation,,,,,,,,,,,,
SV030,L,181,3,3,0,1,2,Fixation,,,,,,,,,,,,
SV030,L,182,2,0,1,0,2,Fixation,,,,,,,,,,,,
SV030,L,183,3,0,1,1,3,Fixation,,,,,,,,,,,,
SV030,L,184,2,3,0,0,2,Fixation,,,,,,,,,,,,
SV030,L,185,3,3,1,1,3,Fixation,,,,,,,,,,,,
SV030,L,186,2,0,0,0,2,Fixation,,,,,,,,,,,,
SV030,L,187,2,0,1,0,2,Fixation,,,,,,,,,,,,
SV030,L,188,2,0,1,1,3,Fixation,,,,,,,,,,,,
SV030,L,189,2,3,0,1,2,Fixation,,,,,,,,,,,,
SV030,L,190,2,0,0,1,2,Fixation,,,,,,,,,,,,
SV030,L,191,2,2,0,1,2,Fixation,,,,,,,,,,,,
SV030,L,192,3,0,1,0,3,Fixation,,,,,,,,,,,,
SV030,L,193,3,0,0,0,3,Fixation,,,,,,,,,,,,
SV030,L,194,3,2,0,1,2,Fixation,,,,,,,,,,,,
SV030,L,195,2,2,0,1,2,Fixation,,,,,,,,,,,,
SV030,L,196,3,3,1,1,3,Fixation,,,,,,,,,,,,
SV030,L,197,3,0,0,1,2,Fixation,,,,,,,,,,,,
SV030,L,198,3,0,0,1,2,Fixation,,,,,,,,,,,,
SV030,L,199,3,3,1,0,3,Fixation,,,,,,,,,,,,
SV030,L,200,3,3,1,0,3,Fixation,,,,,,,,,,,,
SV030,L,201,2,0,1,1,2,Fixation,,,,,,,,,,,,
SV030,L,202,2,0,0,0,2,Fixation,,,,,,,,,,,,
SV030,L,203,2,2,1,1,2,Fixation,,,,,,,,,,,,
SV030,L,204,3,2,1,0,2,Fixation,,,,,,,,,,,,
SV030,L,205,2,2,1,1,2,Fixation,,,,,,,,,,,,
SV030,L,206,3,0,0,0,2,Fixation,,,,,,,,,,,,
SV030,L,207,3,3,0,0,3,Fixation,,,,,,,,,,,,
SV030,L,208,2,3,1,0,3,Fixation,,,,,,,,,,,,
SV030,L,209,2,3,0,0,2,Fixation,,,,,,,,,,,,
SV030,L,210,3,0,0,1,2,Fixation,,,,,,,,,,,,
SV030,L,211,3,2,1,1,2,Fixation,,,,,,,,,,,,
SV030,L,212,2,0,1,0,2,Fixation,,,,,,,,,,,,
SV030,L,213,3,3,1,1,3,Fixation,,,,,,,,,,,,
SV030,L,214,2,2,0,1,2,Fixation,,,,,,,,,,,,
SV030,L,215,3,2,0,1,2,Fixation,,,,,,,,,,,,
SV030,L,216,2,2,0,0,2,Fixation,,,,,,,,,,,,
SV030,L,217,2,0,1,1,2,Fixation,,,,,,,,,,,,
SV030,L,218,3,0,0,1,2,Fixation,,,,,,,,,,,,
SV030,L,219,3,2,0,0,2,Fixation,,,,,,,,,,,,
SV030,L,220,3,2,1,1,2,Fixation,,,,,,,,,,,,
SV030,L,221,3,3,0,1,3,Fixation,,,,,,,,,,,,
SV030,L,222,2,0,1,0,3,Fixation,,,,,,,,,,,,
SV030,L,223,2,3,1,0,3,Fixation,,,,,,,,,,,,
SV030,L,224,2,0,1,0,3,Fixation,,,,,,,,,,,,
SV030,L,225,2,2,1,1,2,Fixation,,,,,,,,,,,,
SV030,L,226,3,2,1,0,2,Fixation,,,,,,,,,,,,
SV030,L,227,2,2,1,1,2,Fixation,,,,,,,,,,,,
SV030,L,228,3,0,0,0,3,Fixation,,,,,,,,,,,,
SV030,L,229,2,0,0,0,2,Fixation,,,,,,,,,,,,
SV030,L,230,3,0,1,0,2,Fixation,,,,,,,,,,,,
SV030,L,231,3,3,0,0,2,Fixation,,,,,,,,,,,,
SV030,L,232,3,0,0,0,3,Fixation,,,,,,,,,,,,
SV030,L,233,3,0,0,1,2,Fixation,,,,,,,,,,,,
SV030,L,234,2,3,1,0,3,Fixation,,,,,,,,,,,,
SV030,L,235,2,3,0,1,3,Fixation,,,,,,,,,,,,
SV030,L,236,2,3,1,0,3,Fixation,,,,,,,,,,,,
SV030,L,237,2,2,0,1,2,Fixation,,,,,,,,,,,,
SV030,L,238,2,2,0,0,2,Fixation,,,,,,,,,,,,
SV030,L,239,2,2,1,1,2,Fixation,,,,,,,,,,,,
SV030,L,240,3,0,0,1,2,Fixation,,,,,,,,,,,,
SV030,L,241,3,3,0,0,3,Fixation,,,,,,,,,,,,
SV030,L,242,3,3,1,1,3,Fixation,,,,,,,,,,,,
SV030,L,243,3,2,1,0,2,Fixation,,,,,,,,,,,,
SV030,L,244,2,0,0,0,0,Fixation,,,,,,,,,,,,
SV030,L,245,3,3,0,0,3,Fixation,,,,,,,,,,,,
SV030,L,246,2,3,0,1,3,Fixation,,,,,,,,,,,,
SV030,L,247,2,2,0,1,2,Fixation,,,,,,,,,,,,
SV030,L,248,2,0,1,1,0,Fixation,,,,,,,,,,,,
SV030,L,249,2,0,1,1,0,Fixation,,,,,,,,,,,,
SV030,L,250,3,2,1,0,2,Fixation,,,,,,,,,,,,
SV030,L,251,2,2,1,1,2,Fixation,,,,,,,,,,,,
SV030,L,252,3,3,0,0,3,Fixation,,,,,,,,,,,,
SV030,L,253,3,0,0,0,0,Fixation,,,,,,,,,,,,
SV030,L,254,3,0,1,1,0,Fixation,,,,,,,,,,,,
SV030,L,255,3,0,0,1,0,Fixation,,,,,,,,,,,,
SV030,L,256,2,0,1,1,0,Fixation,,,,,,,,,,,,
SV030,L,257,3,2,0,1,2,Fixation,,,,,,,,,,,,
SV030,L,258,2,2,1,0,2,Fixation,,,,,,,,,,,,
SV030,L,259,3,0,1,0,0,Fixation,,,,,,,,,,,,
SV030,L,260,3,2,1,1,2,Fixation,,,,,,,,,,,,
SV030,L,261,3,2,1,1,2,Fixation,,,,,,,,,,,,
SV030,L,262,3,3,0,0,3,Fixation,,,,,,,,,,,,
SV030,L,263,3,0,0,0,0,Fixation,,,,,,,,,,,,
SV030,L,264,3,2,0,0,2,Fixation,,,,,,,,,,,,
SV030,L,265,3,0,1,0,0,Fixation,,,,,,,,,,,,
SV030,L,266,2,2,0,0,2,Fixation,,,,,,,,,,,,
SV030,L,267,3,3,0,0,3,Fixation,,,,,,,,,,,,
SV030,L,268,2,0,0,0,0,Fixation,,,,,,,,,,,,
SV030,L,269,2,2,0,1,2,Fixation,,,,,,,,,,,,
SV030,L,270,3,3,1,1,3,Fixation,,,,,,,,,,,,
SV030,L,271,2,2,0,1,2,Fixation,,,,,,,,,,,,
SV030,L,272,3,0,0,0,0,Fixation,,,,,,,,,,,,
SV030,L,273,3,3,1,1,3,Fixation,,,,,,,,,,,,
SV030,L,274,2,3,1,0,3,Fixation,,,,,,,,,,,,
SV030,L,275,3,2,0,0,2,Fixation,,,,,,,,,,,,
SV030,L,276,3,3,1,0,3,Fixation,,,,,,,,,,,,
SV030,L,277,3,3,1,1,3,Fixation,,,,,,,,,,,,
SV030,L,278,3,3,0,1,3,Fixation,,,,,,,,,,,,
SV030,L,279,2,2,1,1,2,Fixation,,,,,,,,,,,,
SV030,L,280,3,2,0,1,2,Fixation,,,,,,,,,,,,
SV030,L,281,2,3,1,0,3,Fixation,,,,,,,,,,,,
SV030,L,282,2,3,1,0,3,Fixation,,,,,,,,,,,,
SV030,L,283,3,0,0,0,0,Fixation,,,,,,,,,,,,
SV030,L,284,3,3,1,0,3,Fixation,,,,,,,,,,,,
SV030,L,285,3,2,1,1,2,Fixation,,,,,,,,,,,,
SV030,L,286,2,3,1,0,3,Fixation,,,,,,,,,,,,
SV030,L,287,3,0,0,1,0,Fixation,,,,,,,,,,,,
SV030,L,288,2,3,1,1,3,Fixation,,,,,,,,,,,,
SV030,L,289,3,3,0,0,3,Fixation,,,,,,,,,,,,
SV030,L,290,2,3,0,0,3,Fixation,,,,,,,,,,,,
SV030,L,291,2,2,0,0,2,Fixation,,,,,,,,,,,,
SV030,L,292,2,0,0,0,0,Fixation,,,,,,,,,,,,
SV030,L,293,2,0,1,1,0,Fixation,,,,,,,,,,,,
SV030,L,294,2,2,0,1,2,Fixation,,,,,,,,,,,,
SV030,L,295,2,2,0,1,2,Fixation,,,,,,,,,,,,
SV030,L,296,3,2,1,1,2,Fixation,,,,,,,,,,,,
SV030,L,297,2,3,1,1,3,Fixation,,,,,,,,,,,,
SV030,L,298,2,0,0,1,0,Fixation,,,,,,,,,,,,
SV030,L,299,3,0,1,1,0,Fixation,,,,,,,,,,,,
SV030,L,300,3,0,1,1,0,Fixation,,,,,,,,,,,,
SV030,L,301,2,2,0,0,2,Fixation,,,,,,,,,,,,
SV030,L,302,3,2,0,1,2,Fixation,,,,,,,,,,,,
SV030,L,303,2,2,1,1,2,Fixation,,,,,,,,,,,,
SV030,L,304,3,3,1,1,3,Fixation,,,,,,,,,,,,
SV030,L,305,3,3,0,1,3,Fixation,,,,,,,,,,,,
SV030,L,306,3,3,1,0,3,Fixation,,,,,,,,,,,,
SV030,L,307,2,0,0,1,0,Fixation,,,,,,,,,,,,
SV030,L,308,2,3,0,1,3,Fixation,,,,,,,,,,,,
SV030,L,309,2,0,1,0,0,Fixation,,,,,,,,,,,,
SV030,L,310,3,0,1,1,0,Fixation,,,,,,,,,,,,
SV030,L,311,3,2,1,0,2,Fixation,,,,,,,,,,,,
SV030,L,312,2,0,1,0,0,Fixation,,,,,,,,,,,,
SV030,L,313,3,2,1,0,2,Fixation,,,,,,,,,,,,
SV030,L,314,2,2,0,0,2,Fixation,,,,,,,,,,,,
SV030,L,315,3,0,0,1,0,Fixation,,,,,,,,,,,,
SV030,L,316,3,0,1,1,0,Fixation,,,,,,,,,,,,
SV030,L,317,3,2,1,1,2,Fixation,,,,,,,,,,,,
SV030,L,318,3,0,1,1,0,Fixation,,,,,,,,,,,,
SV030,L,319,2,3,1,0,3,Fixation,,,,,,,,,,,,
SV030,L,320,2,2,0,0,2,Fixation,,,,,,,,,,,,
SV030,L,321,2,3,1,0,3,Fixation,,,,,,,,,,,,
SV030,L,322,3,3,1,0,3,Fixation,,,,,,,,,,,,
SV030,L,323,3,0,0,1,0,Fixation,,,,,,,,,,,,
SV030,L,324,3,3,0,1,3,Fixation,,,,,,,,,,,,
SV030,L,325,3,2,1,0,2,Fixation,,,,,,,,,,,,
SV030,L,326,2,3,1,1,3,Fixation,,,,,,,,,,,,
SV030,L,327,3,0,0,0,0,Fixation,,,,,,,,,,,,
SV030,L,328,3,2,0,1,2,Fixation,,,,,,,,,,,,
SV030,L,329,2,0,0,0,0,Fixation,,,,,,,,,,,,
SV030,L,330,2,3,0,0,3,Fixation,,,,,,,,,,,,
SV030,L,331,2,3,0,1,3,Fixation,,,,,,,,,,,,
SV030,L,332,2,2,1,0,2,Fixation,,,,,,,,,,,,
SV030,L,333,3,3,0,1,3,Fixation,,,,,,,,,,,,
SV030,L,334,3,0,1,0,0,Fixation,,,,,,,,,,,,
SV030,L,335,2,2,1,0,2,Fixation,,,,,,,,,,,,
SV030,L,336,2,3,0,0,3,Fixation,,,,,,,,,,,,
SV030,L,337,3,0,1,0,0,Fixation,,,,,,,,,,,,
SV030,L,338,2,0,1,1,0,Fixation,,,,,,,,,,,,
SV030,L,339,2,3,0,1,3,Fixation,,,,,,,,,,,,
SV030,L,340,2,0,1,0,0,Fixation,,,,,,,,,,,,
SV030,L,341,3,0,0,1,0,Fixation,,,,,,,,,,,,
SV030,L,342,2,3,0,0,3,Fixation,,,,,,,,,,,,
SV030,L,343,3,3,1,0,3,Fixation,,,,,,,,,,,,
SV030,L,344,3,0,0,1,0,Fixation,,,,,,,,,,,,
SV030,L,345,2,2,1,1,2,Fixation,,,,,,,,,,,,
SV030,L,346,3,2,0,0,2,Fixation,,,,,,,,,,,,
SV030,L,347,3,2,0,0,2,Fixation,,,,,,,,,,,,
SV030,L,348,3,3,1,1,3,Fixation,,,,,,,,,,,,
SV030,L,349,3,0,0,1,0,Fixation,,,,,,,,,,,,
SV030,L,350,3,0,1,0,0,Fixation,,,,,,,,,,,,
SV030,L,351,3,3,0,0,3,Fixation,,,,,,,,,,,,
SV030,L,352,3,0,0,0,0,Fixation,,,,,,,,,,,,
SV030,L,353,2,2,0,1,2,Fixation,,,,,,,,,,,,
SV030,L,354,3,0,0,1,0,Fixation,,,,,,,,,,,,
SV030,L,355,3,0,1,1,0,Fixation,,,,,,,,,,,,
SV030,L,356,2,2,1,1,2,Fixation,,,,,,,,,,,,
SV030,L,357,2,2,1,1,2,Fixation,,,,,,,,,,,,
SV030,L,358,3,2,1,1,2,Fixation,,,,,,,,,,,,
SV030,L,359,2,2,0,1,2,Fixation,,,,,,,,,,,,
SV030,L,360,3,3,1,1,3,Fixation,,,,,,,,,,,,
SV030,L,361,3,2,1,0,2,Fixation,,,,,,,,,,,,
SV030,L,362,2,0,1,0,0,Fixation,,,,,,,,,,,,
SV030,L,363,3,2,0,0,2,Fixation,,,,,,,,,,,,
SV030,L,364,2,0,0,1,0,Fixation,,,,,,,,,,,,
SV030,L,365,2,2,1,1,2,Fixation,,,,,,,,,,,,
SV030,L,366,3,3,1,1,3,Fixation,,,,,,,,,,,,
SV030,L,367,3,0,1,0,0,Fixation,,,,,,,,,,,,
SV030,L,368,3,0,1,1,0,Fixation,,,,,,,,,,,,
SV030,L,369,3,2,0,0,2,Fixation,,,,,,,,,,,,
SV030,L,370,2,0,0,0,0,Fixation,,,,,,,,,,,,
SV030,L,371,2,0,0,1,0,Fixation,,,,,,,,,,,,
SV030,L,372,2,3,1,1,3,Fixation,,,,,,,,,,,,
SV030,L,373,3,3,0,0,3,Fixation,,,,,,,,,,,,
SV030,L,374,3,3,1,0,3,Fixation,,,,,,,,,,,,
SV030,L,375,2,2,1,0,2,Fixation,,,,,,,,,,,,
SV030,L,376,3,3,0,1,3,Fixation,,,,,,,,,,,,
SV030,L,377,2,2,0,1,2,Fixation,,,,,,,,,,,,
SV030,L,378,2,2,1,0,2,Fixation,,,,,,,,,,,,
SV030,L,379,3,2,0,0,2,Fixation,,,,,,,,,,,,
SV030,L,380,2,3,0,0,3,Fixation,,,,,,,,,,,,
SV030,L,381,3,2,0,1,2,Fixation,,,,,,,,,,,,
SV030,L,382,3,2,0,1,2,Fixation,,,,,,,,,,,,
SV030,L,383,3,3,0,0,3,Fixation,,,,,,,,,,,,
SV030,L,384,3,3,0,1,3,Fixation,,,,,,,,,,,,
SV030,L,385,3,0,1,1,0,Fixation,,,,,,,,,,,,
SV030,L,386,2,0,0,1,0,Fixation,,,,,,,,,,,,
SV030,L,387,2,3,1,1,3,Fixation,,,,,,,,,,,,
SV030,L,388,2,0,1,0,0,Fixation,,,,,,,,,,,,
SV030,L,389,3,0,1,1,0,Fixation,,,,,,,,,,,,
SV030,L,390,2,3,0,0,3,Fixation,,,,,,,,,,,,
SV030,L,391,2,0,1,0,0,Fixation,,,,,,,,,,,,
SV030,L,392,2,2,1,0,2,Fixation,,,,,,,,,,,,
SV030,L,393,2,0,0,1,0,Fixation,,,,,,,,,,,,
SV030,L,394,3,2,1,0,2,Fixation,,,,,,,,,,,,
SV030,L,395,3,0,0,0,0,Fixation,,,,,,,,,,,,
SV030,L,396,2,2,0,0,2,Fixation,,,,,,,,,,,,
SV030,L,397,2,2,0,0,2,Fixation,,,,,,,,,,,,
SV030,L,398,2,3,1,1,3,Fixation,,,,,,,,,,,,
SV030,L,399,3,3,1,0,3,Fixation,,,,,,,,,,,,
SV030,L,400,3,2,1,0,2,Fixation,,,,,,,,,,,,
SV030,L,401,2,0,0,0,0,Fixation,,,,,,,,,,,,
SV030,L,402,3,0,0,1,0,Fixation,,,,,,,,,,,,
SV030,L,403,3,3,1,0,3,Fixation,,,,,,,,,,,,
SV030,L,404,2,0,0,0,0,Fixation,,,,,,,,,,,,
SV030,L,405,2,0,1,1,0,Fixation,,,,,,,,,,,,
SV030,L,406,2,0,0,0,0,Fixation,,,,,,,,,,,,
SV030,L,407,3,2,0,1,2,Fixation,,,,,,,,,,,,
SV030,L,408,2,3,1,1,3,Fixation,,,,,,,,,,,,
SV030,L,409,2,3,0,0,3,Fixation,,,,,,,,,,,,
SV030,L,410,2,0,1,1,0,Fixation,,,,,,,,,,,,
SV030,L,411,3,3,1,1,3,Fixation,,,,,,,,,,,,
SV030,L,412,2,3,0,1,3,Fixation,,,,,,,,,,,,
SV030,L,413,3,2,1,0,2,Fixation,,,,,,,,,,,,
SV030,L,414,3,0,1,0,0,Fixation,,,,,,,,,,,,
SV030,L,415,2,3,1,1,3,Fixation,,,,,,,,,,,,
SV030,L,416,2,0,1,1,0,Fixation,,,,,,,,,,,,
SV030,L,417,2,2,1,0,2,Fixation,,,,,,,,,,,,
SV030,L,418,2,2,0,0,2,Fixation,,,,,,,,,,,,
SV030,L,419,3,0,0,0,0,Fixation,,,,,,,,,,,,
SV030,L,420,3,3,1,0,3,Fixation,,,,,,,,,,,,
SV030,L,421,2,3,0,1,3,Fixation,,,,,,,,,,,,
SV030,L,422,3,2,1,0,2,Fixation,,,,,,,,,,,,
SV030,L,423,2,0,1,0,0,Fixation,,,,,,,,,,,,
SV030,L,424,2,2,0,1,2,Fixation,,,,,,,,,,,,
SV030,L,425,2,0,1,1,0,Fixation,,,,,,,,,,,,
SV030,L,426,2,3,1,1,3,Fixation,,,,,,,,,,,,
SV030,L,427,2,3,0,1,3,Fixation,,,,,,,,,,,,
SV030,L,428,2,3,1,0,3,Fixation,,,,,,,,,,,,
SV030,L,429,2,3,0,0,3,Fixation,,,,,,,,,,,,
SV030,L,430,3,3,0,1,3,Fixation,,,,,,,,,,,,
SV030,L,431,3,3,0,1,3,Fixation,,,,,,,,,,,,
SV030,L,432,2,0,0,0,0,Fixation,,,,,,,,,,,,
SV030,L,433,3,3,0,1,3,Fixation,,,,,,,,,,,,
SV030,L,434,2,2,0,1,2,Fixation,,,,,,,,,,,,
SV030,L,435,3,2,1,1,2,Fixation,,,,,,,,,,,,
SV030,L,436,3,2,0,0,2,Fixation,,,,,,,,,,,,
SV030,L,437,3,0,1,0,0,Fixation,,,,,,,,,,,,
SV030,L,438,2,2,0,0,2,Fixation,,,,,,,,,,,,
SV030,L,439,3,0,1,0,0,Fixation,,,,,,,,,,,,
SV030,L,440,2,2,1,1,2,Fixation,,,,,,,,,,,,
SV030,L,441,3,2,0,0,2,Fixation,,,,,,,,,,,,
SV030,L,442,2,3,0,1,3,Fixation,,,,,,,,,,,,
SV030,L,443,3,2,1,1,2,Fixation,,,,,,,,,,,,
SV030,L,444,3,3,1,0,3,Fixation,,,,,,,,,,,,
SV030,L,445,3,2,0,0,2,Fixation,,,,,,,,,,,,
SV030,L,446,2,3,1,0,3,Fixation,,,,,,,,,,,,
SV030,L,447,2,3,1,0,3,Fixation,,,,,,,,,,,,
SV030,L,448,2,2,1,1,2,Fixation,,,,,,,,,,,,
SV030,L,449,2,3,0,0,3,Fixation,,,,,,,,,,,,
SV030,L,450,2,2,1,0,2,Fixation,,,,,,,,,,,,
SV030,L,451,2,3,0,1,3,Fixation,,,,,,,,,,,,
SV030,L,452,2,2,0,0,2,Fixation,,,,,,,,,,,,
SV030,L,453,3,0,0,1,0,Fixation,,,,,,,,,,,,
SV030,L,454,3,3,0,1,3,Fixation,,,,,,,,,,,,
SV030,L,455,2,0,1,1,0,Fixation,,,,,,,,,,,,
SV030,L,456,2,0,0,1,0,Fixation,,,,,,,,,,,,
SV030,L,457,2,3,0,0,3,Fixation,,,,,,,,,,,,
SV030,L,458,3,2,0,1,2,Fixation,,,,,,,,,,,,
SV030,L,459,2,0,0,0,0,Fixation,,,,,,,,,,,,
SV030,L,460,2,0,1,0,0,Fixation,,,,,,,,,,,,
SV030,L,461,3,0,0,0,0,Fixation,,,,,,,,,,,,
SV030,L,462,2,3,1,0,3,Fixation,,,,,,,,,,,,
SV030,L,463,3,3,0,0,3,Fixation,,,,,,,,,,,,
SV030,L,464,2,2,1,1,2,Fixation,,,,,,,,,,,,
SV030,L,465,3,2,0,1,2,Fixation,,,,,,,,,,,,
SV030,L,466,2,0,1,0,0,Fixation,,,,,,,,,,,,
SV030,L,467,2,2,1,0,2,Fixation,,,,,,,,,,,,
SV030,L,468,2,0,0,1,0,Fixation,,,,,,,,,,,,
SV030,L,469,2,3,0,1,3,Fixation,,,,,,,,,,,,
SV030,L,470,2,0,0,1,0,Fixation,,,,,,,,,,,,
SV030,L,471,3,0,1,0,0,Fixation,,,,,,,,,,,,
SV030,L,472,3,2,1,1,2,Fixation,,,,,,,,,,,,
SV030,L,473,3,2,0,1,2,Fixation,,,,,,,,,,,,
SV030,L,474,2,0,1,0,0,Fixation,,,,,,,,,,,,
SV030,L,475,3,3,1,1,3,Fixation,,,,,,,,,,,,
SV030,L,476,2,0,0,1,0,Fixation,,,,,,,,,,,,
SV030,L,477,2,3,1,1,3,Fixation,,,,,,,,,,,,
SV030,L,478,3,0,0,0,0,Fixation,,,,,,,,,,,,
SV030,L,479,2,2,1,0,2,Fixation,,,,,,,,,,,,
SV030,L,480,3,2,1,1,2,Fixation,,,,,,,,,,,,
SV030,R,1,2,2,0,0,2,Fixation,,,,,,,,,,,,
SV030,R,2,2,2,1,0,2,Fixation,,,,,,,,,,,,
SV030,R,3,3,2,0,1,2,Fixation,,,,,,,,,,,,
SV030,R,4,3,3,0,0,3,Fixation,,,,,,,,,,,,
SV030,R,5,2,0,1,1,2,Fixation,,,,,,,,,,,,
SV030,R,6,2,3,1,1,3,Fixation,,,,,,,,,,,,
SV030,R,7,2,3,1,1,3,Fixation,,,,,,,,,,,,
SV030,R,8,3,3,0,1,3,Fixation,,,,,,,,,,,,
SV030,R,9,2,3,1,1,2,Fixation,,,,,,,,,,,,
SV030,R,10,3,0,1,1,2,Fixation,,,,,,,,,,,,
SV030,R,11,2,0,1,0,2,Fixation,,,,,,,,,,,,
SV030,R,12,3,0,0,1,2,Fixation,,,,,,,,,,,,
SV030,R,13,2,3,1,0,2,Fixation,,,,,,,,,,,,
SV030,R,14,3,0,1,1,2,Fixation,,,,,,,,,,,,
SV030,R,15,2,0,0,0,2,Fixation,,,,,,,,,,,,
SV030,R,16,3,3,0,1,3,Fixation,,,,,,,,,,,,
SV030,R,17,2,3,0,0,2,Fixation,,,,,,,,,,,,
SV030,R,18,2,3,0,0,2,Fixation,,,,,,,,,,,,
SV030,R,19,3,3,0,0,3,Fixation,,,,,,,,,,,,
SV030,R,20,3,2,1,1,2,Fixation,,,,,,,,,,,,
SV030,R,21,2,0,1,1,2,Fixation,,,,,,,,,,,,
SV030,R,22,2,3,0,0,2,Fixation,,,,,,,,,,,,
SV030,R,23,3,2,0,0,2,Fixation,,,,,,,,,,,,
SV030,R,24,3,3,1,1,3,Fixation,,,,,,,,,,,,
SV030,R,25,3,0,0,0,3,Fixation,,,,,,,,,,,,
SV030,R,26,2,3,0,1,2,Fixation,,,,,,,,,,,,
SV030,R,27,3,3,1,1,3,Fixation,,,,,,,,,,,,
SV030,R,28,2,2,1,0,2,Fixation,,,,,,,,,,,,
SV030,R,29,3,3,1,1,3,Fixation,,,,,,,,,,,,
SV030,R,30,2,3,0,0,2,Fixation,,,,,,,,,,,,
SV030,R,31,2,0,0,1,2,Fixation,,,,,,,,,,,,
SV030,R,32,3,0,1,1,2,Fixation,,,,,,,,,,,,
SV030,R,33,2,2,0,0,2,Fixation,,,,,,,,,,,,
SV030,R,34,2,2,0,1,2,Fixation,,,,,,,,,,,,
SV030,R,35,2,3,0,0,2,Fixation,,,,,,,,,,,,
SV030,R,36,2,0,1,0,2,Fixation,,,,,,,,,,,,
SV030,R,37,2,2,0,1,2,Fixation,,,,,,,,,,,,
SV030,R,38,2,2,1,0,2,Fixation,,,,,,,,,,,,
SV030,R,39,3,0,0,1,2,Fixation,,,,,,,,,,,,
SV030,R,40,3,0,1,0,3,Fixation,,,,,,,,,,,,
SV030,R,41,2,2,1,1,2,Fixation,,,,,,,,,,,,
SV030,R,42,2,3,0,0,2,Fixation,,,,,,,,,,,,
SV030,R,43,3,2,0,1,2,Fixation,,,,,,,,,,,,
SV030,R,44,3,0,1,1,2,Fixation,,,,,,,,,,,,
SV030,R,45,3,0,1,0,3,Fixation,,,,,,,,,,,,
SV030,R,46,2,2,1,1,2,Fixation,,,,,,,,,,,,
SV030,R,47,3,3,0,1,3,Fixation,,,,,,,,,,,,
SV030,R,48,3,2,1,0,2,Fixation,,,,,,,,,,,,
SV030,R,49,2,0,1,0,2,Fixation,,,,,,,,,,,,
SV030,R,50,3,3,1,0,3,Fixation,,,,,,,,,,,,
SV030,R,51,3,3,0,0,3,Fixation,,,,,,,,,,,,
SV030,R,52,2,2,0,1,2,Fixation,,,,,,,,,,,,
SV030,R,53,3,3,1,0,3,Fixation,,,,,,,,,,,,
SV030,R,54,3,2,1,0,2,Fixation,,,,,,,,,,,,
SV030,R,55,2,0,0,0,2,Fixation,,,,,,,,,,,,
SV030,R,56,3,3,1,0,3,Fixation,,,,,,,,,,,,
SV030,R,57,3,0,0,0,3,Fixation,,,,,,,,,,,,
SV030,R,58,3,2,0,1,2,Fixation,,,,,,,,,,,,
SV030,R,59,3,2,0,0,2,Fixation,,,,,,,,,,,,
SV030,R,60,3,2,1,1,2,Fixation,,,,,,,,,,,,
SV030,R,61,3,2,1,1,2,Fixation,,,,,,,,,,,,
SV030,R,62,3,3,1,1,3,Fixation,,,,,,,,,,,,
SV030,R,63,2,0,0,1,2,Fixation,,,,,,,,,,,,
SV030,R,64,2,2,1,0,2,Fixation,,,,,,,,,,,,
SV030,R,65,2,2,0,1,2,Fixation,,,,,,,,,,,,
SV030,R,66,2,0,0,1,2,Fixation,,,,,,,,,,,,
SV030,R,67,2,3,0,1,3,Fixation,,,,,,,,,,,,
SV030,R,68,3,3,0,0,3,Fixation,,,,,,,,,,,,
SV030,R,69,2,2,0,0,2,Fixation,,,,,,,,,,,,
SV030,R,70,3,3,0,0,3,Fixation,,,,,,,,,,,,
SV030,R,71,3,0,0,0,3,Fixation,,,,,,,,,,,,
SV030,R,72,2,0,0,0,3,Fixation,,,,,,,,,,,,
SV030,R,73,2,0,0,0,2,Fixation,,,,,,,,,,,,
SV030,R,74,2,2,0,1,2,Fixation,,,,,,,,,,,,
SV030,R,75,2,2,1,1,2,Fixation,,,,,,,,,,,,
SV030,R,76,2,0,1,0,2,Fixation,,,,,,,,,,,,
SV030,R,77,3,0,0,1,2,Fixation,,,,,,,,,,,,
SV030,R,78,3,2,0,0,2,Fixation,,,,,,,,,,,,
SV030,R,79,3,0,1,0,2,Fixation,,,,,,,,,,,,
SV030,R,80,3,3,0,1,3,Fixation,,,,,,,,,,,,
SV030,R,81,3,0,1,0,3,Fixation,,,,,,,,,,,,
SV030,R,82,2,3,1,0,3,Fixation,,,,,,,,,,,,
SV030,R,83,2,0,1,1,2,Fixation,,,,,,,,,,,,
SV030,R,84,3,3,0,0,3,Fixation,,,,,,,,,,,,
SV030,R,85,2,3,1,0,3,Fixation,,,,,,,,,,,,
SV030,R,86,3,3,1,1,3,Fixation,,,,,,,,,,,,
SV030,R,87,2,3,0,1,2,Fixation,,,,,,,,,,,,
SV030,R,88,2,3,0,1,3,Fixation,,,,,,,,,,,,
SV030,R,89,3,3,1,0,3,Fixation,,,,,,,,,,,,
SV030,R,90,3,0,1,1,3,Fixation,,,,,,,,,,,,
SV030,R,91,2,2,1,0,2,Fixation,,,,,,,,,,,,
SV030,R,92,3,3,0,1,3,Fixation,,,,,,,,,,,,
SV030,R,93,3,3,0,1,2,Fixation,,,,,,,,,,,,
SV030,R,94,3,2,1,1,2,Fixation,,,,,,,,,,,,
SV030,R,95,3,3,1,0,3,Fixation,,,,,,,,,,,,
SV030,R,96,2,0,1,0,2,Fixation,,,,,,,,,,,,
SV030,R,97,2,2,1,1,2,Fixation,,,,,,,,,,,,
SV030,R,98,3,2,1,1,2,Fixation,,,,,,,,,,,,
SV030,R,99,2,3,1,1,3,Fixation,,,,,,,,,,,,
SV030,R,100,2,0,0,0,2,Fixation,,,,,,,,,,,,
SV030,R,101,3,3,1,1,3,Fixation,,,,,,,,,,,,
SV030,R,102,3,0,1,1,2,Fixation,,,,,,,,,,,,
SV030,R,103,3,0,0,0,3,Fixation,,,,,,,,,,,,
SV030,R,104,3,3,1,1,3,Fixation,,,,,,,,,,,,
SV030,R,105,2,0,1,1,3,Fixation,,,,,,,,,,,,
SV030,R,106,3,0,0,0,3,Fixation,,,,,,,,,,,,
SV030,R,107,3,3,1,0,3,Fixation,,,,,,,,,,,,
SV030,R,108,2,0,0,0,2,Fixation,,,,,,,,,,,,
SV030,R,109,3,3,1,0,2,Fixation,,,,,,,,,,,,
SV030,R,110,3,0,0,1,2,Fixation,,,,,,,,,,,,
SV030,R,111,2,0,1,1,2,Fixation,,,,,,,,,,,,
SV030,R,112,3,0,0,0,3,Fixation,,,,,,,,,,,,
SV030,R,113,2,2,0,0,2,Fixation,,,,,,,,,,,,
SV030,R,114,2,0,0,1,2,Fixation,,,,,,,,,,,,
SV030,R,115,3,2,0,1,2,Fixation,,,,,,,,,,,,
SV030,R,116,2,2,0,0,2,Fixation,,,,,,,,,,,,
SV030,R,117,3,2,0,1,2,Fixation,,,,,,,,,,,,
SV030,R,118,3,3,0,0,3,Fixation,,,,,,,,,,,,
SV030,R,119,2,0,1,0,2,Fixation,,,,,,,,,,,,
SV030,R,120,3,2,1,0,2,Fixation,,,,,,,,,,,,
SV030,R,121,2,0,1,0,2,Fixation,,,,,,,,,,,,
SV030,R,122,3,3,0,1,3,Fixation,,,,,,,,,,,,
SV030,R,123,3,3,0,0,3,Fixation,,,,,,,,,,,,
SV030,R,124,3,2,0,0,2,Fixation,,,,,,,,,,,,
SV030,R,125,3,2,1,1,2,Fixation,,,,,,,,,,,,
SV030,R,126,2,3,1,1,3,Fixation,,,,,,,,,,,,
SV030,R,127,3,0,1,1,2,Fixation,,,,,,,,,,,,
SV030,R,128,2,0,0,1,2,Fixation,,,,,,,,,,,,
SV030,R,129,2,2,0,1,2,Fixation,,,,,,,,,,,,
SV030,R,130,3,2,0,0,2,Fixation,,,,,,,,,,,,
SV030,R,131,3,0,1,0,2,Fixation,,,,,,,,,,,,
SV030,R,132,3,2,1,0,2,Fixation,,,,,,,,,,,,
SV030,R,133,3,2,1,1,2,Fixation,,,,,,,,,,,,
SV030,R,134,3,3,0,0,3,Fixation,,,,,,,,,,,,
SV030,R,135,2,0,1,0,2,Fixation,,,,,,,,,,,,
SV030,R,136,2,2,1,0,2,Fixation,,,,,,,,,,,,
SV030,R,137,3,2,1,0,2,Fixation,,,,,,,,,,,,
SV030,R,138,2,2,0,0,2,Fixation,,,,,,,,,,,,
SV030,R,139,3,2,0,0,2,Fixation,,,,,,,,,,,,
SV030,R,140,3,3,0,1,2,Fixation,,,,,,,,,,,,
SV030,R,141,2,3,0,1,3,Fixation,,,,,,,,,,,,
SV030,R,142,2,2,1,0,2,Fixation,,,,,,,,,,,,
SV030,R,143,3,3,1,1,3,Fixation,,,,,,,,,,,,
SV030,R,144,3,3,1,0,3,Fixation,,,,,,,,,,,,
SV030,R,145,2,2,1,0,2,Fixation,,,,,,,,,,,,
SV030,R,146,2,3,1,0,2,Fixation,,,,,,,,,,,,
SV030,R,147,3,3,0,1,2,Fixation,,,,,,,,,,,,
SV030,R,148,3,0,0,0,3,Fixation,,,,,,,,,,,,
SV030,R,149,3,2,1,1,2,Fixation,,,,,,,,,,,,
SV030,R,150,2,0,1,0,2,Fixation,,,,,,,,,,,,
SV030,R,151,2,0,0,1,2,Fixation,,,,,,,,,,,,
SV030,R,152,3,2,1,0,2,Fixation,,,,,,,,,,,,
SV030,R,153,3,2,0,0,2,Fixation,,,,,,,,,,,,
SV030,R,154,2,3,1,0,2,Fixation,,,,,,,,,,,,
SV030,R,155,3,0,0,0,3,Fixation,,,,,,,,,,,,
SV030,R,156,2,3,1,0,3,Fixation,,,,,,,,,,,,
SV030,R,157,3,3,1,1,3,Fixation,,,,,,,,,,,,
SV030,R,158,3,0,1,0,3,Fixation,,,,,,,,,,,,
SV030,R,159,3,3,0,0,3,Fixation,,,,,,,,,,,,
SV030,R,160,3,0,0,1,2,Fixation,,,,,,,,,,,,
SV030,R,161,3,2,1,0,2,Fixation,,,,,,,,,,,,
SV030,R,162,2,2,0,1,2,Fixation,,,,,,,,,,,,
SV030,R,163,3,0,0,1,2,Fixation,,,,,,,,,,,,
SV030,R,164,3,2,0,1,2,Fixation,,,,,,,,,,,,
SV030,R,165,2,2,0,0,2,Fixation,,,,,,,,,,,,
SV030,R,166,2,0,0,1,2,Fixation,,,,,,,,,,,,
SV030,R,167,2,0,1,1,2,Fixation,,,,,,,,,,,,
SV030,R,168,2,2,1,1,2,Fixation,,,,,,,,,,,,
SV030,R,169,2,3,1,1,3,Fixation,,,,,,,,,,,,
SV030,R,170,2,3,0,1,3,Fixation,,,,,,,,,,,,
SV030,R,171,3,0,0,1,2,Fixation,,,,,,,,,,,,
SV030,R,172,2,3,0,0,2,Fixation,,,,,,,,,,,,
SV030,R,173,2,3,1,1,3,Fixation,,,,,,,,,,,,
SV030,R,174,2,3,0,1,3,Fixation,,,,,,,,,,,,
SV030,R,175,2,3,1,1,3,Fixation,,,,,,,,,,,,
SV030,R,176,2,3,0,1,3,Fixation,,,,,,,,,,,,
SV030,R,177,3,2,0,0,2,Fixation,,,,,,,,,,,,
SV030,R,178,3,2,0,0,2,Fixation,,,,,,,,,,,,
SV030,R,179,3,3,0,1,2,Fixation,,,,,,,,,,,,
SV030,R,180,2,2,1,1,2,Fixation,,,,,,,,,,,,
SV030,R,181,3,2,0,1,2,Fixation,,,,,,,,,,,,
SV030,R,182,2,0,0,0,2,Fixation,,,,,,,,,,,,
SV030,R,183,2,3,0,1,2,Fixation,,,,,,,,,,,,
SV030,R,184,2,3,1,0,2,Fixation,,,,,,,,,,,,
SV030,R,185,2,0,0,1,2,Fixation,,,,,,,,,,,,
SV030,R,186,2,2,1,0,2,Fixation,,,,,,,,,,,,
SV030,R,187,2,0,1,1,2,Fixation,,,,,,,,,,,,
SV030,R,188,2,3,1,1,3,Fixation,,,,,,,,,,,,
SV030,R,189,2,3,0,0,3,Fixation,,,,,,,,,,,,
SV030,R,190,3,2,0,1,2,Fixation,,,,,,,,,,,,
SV030,R,191,2,3,1,0,3,Fixation,,,,,,,,,,,,
SV030,R,192,3,2,0,1,2,Fixation,,,,,,,,,,,,
SV030,R,193,3,0,1,1,2,Fixation,,,,,,,,,,,,
SV030,R,194,2,3,1,1,3,Fixation,,,,,,,,,,,,
SV030,R,195,2,2,1,0,2,Fixation,,,,,,,,,,,,
SV030,R,196,3,0,1,0,2,Fixation,,,,,,,,,,,,
SV030,R,197,2,0,1,1,2,Fixation,,,,,,,,,,,,
SV030,R,198,2,3,0,0,2,Fixation,,,,,,,,,,,,
SV030,R,199,3,2,0,0,2,Fixation,,,,,,,,,,,,
SV030,R,200,3,0,1,0,2,Fixation,,,,,,,,,,,,
SV030,R,201,2,3,0,1,3,Fixation,,,,,,,,,,,,
SV030,R,202,2,0,0,0,3,Fixation,,,,,,,,,,,,
SV030,R,203,3,3,1,0,3,Fixation,,,,,,,,,,,,
SV030,R,204,3,0,0,1,2,Fixation,,,,,,,,,,,,
SV030,R,205,2,2,1,1,2,Fixation,,,,,,,,,,,,
SV030,R,206,2,0,0,0,2,Fixation,,,,,,,,,,,,
SV030,R,207,2,3,1,0,2,Fixation,,,,,,,,,,,,
SV030,R,208,2,0,0,1,2,Fixation,,,,,,,,,,,,
SV030,R,209,3,0,1,0,2,Fixation,,,,,,,,,,,,
SV030,R,210,2,0,1,1,2,Fixation,,,,,,,,,,,,
SV030,R,211,3,2,1,1,2,Fixation,,,,,,,,,,,,
SV030,R,212,2,2,0,0,2,Fixation,,,,,,,,,,,,
SV030,R,213,3,0,1,1,2,Fixation,,,,,,,,,,,,
SV030,R,214,3,2,1,0,2,Fixation,,,,,,,,,,,,
SV030,R,215,2,0,0,1,2,Fixation,,,,,,,,,,,,
SV030,R,216,3,0,1,1,2,Fixation,,,,,,,,,,,,
SV030,R,217,3,2,1,1,2,Fixation,,,,,,,,,,,,
SV030,R,218,3,2,1,0,2,Fixation,,,,,,,,,,,,
SV030,R,219,2,2,0,0,2,Fixation,,,,,,,,,,,,
SV030,R,220,2,2,0,0,2,Fixation,,,,,,,,,,,,
SV030,R,221,2,2,1,1,2,Fixation,,,,,,,,,,,,
SV030,R,222,2,3,1,0,2,Fixation,,,,,,,,,,,,
SV030,R,223,3,2,1,0,2,Fixation,,,,,,,,,,,,
SV030,R,224,3,0,0,0,3,Fixation,,,,,,,,,,,,
SV030,R,225,2,2,0,1,2,Fixation,,,,,,,,,,,,
SV030,R,226,3,0,0,1,2,Fixation,,,,,,,,,,,,
SV030,R,227,2,2,1,1,2,Fixation,,,,,,,,,,,,
SV030,R,228,2,0,1,0,2,Fixation,,,,,,,,,,,,
SV030,R,229,3,0,1,0,3,Fixation,,,,,,,,,,,,
SV030,R,230,3,0,0,1,2,Fixation,,,,,,,,,,,,
SV030,R,231,3,3,1,1,3,Fixation,,,,,,,,,,,,
SV030,R,232,2,2,1,1,2,Fixation,,,,,,,,,,,,
SV030,R,233,3,2,0,1,2,Fixation,,,,,,,,,,,,
SV030,R,234,2,2,0,1,2,Fixation,,,,,,,,,,,,
SV030,R,235,2,0,1,1,2,Fixation,,,,,,,,,,,,
SV030,R,236,2,2,0,1,2,Fixation,,,,,,,,,,,,
SV030,R,237,2,0,0,0,1,Fixation,,,,,,,,,,,,
SV030,R,238,3,0,0,0,3,Fixation,,,,,,,,,,,,
SV030,R,239,3,3,1,0,3,Fixation,,,,,,,,,,,,
SV030,R,240,2,3,0,0,2,Fixation,,,,,,,,,,,,
SV030,R,241,3,0,1,0,0,Fixation,,,,,,,,,,,,
SV030,R,242,3,3,1,0,3,Fixation,,,,,,,,,,,,
SV030,R,243,2,2,1,0,2,Fixation,,,,,,,,,,,,
SV030,R,244,3,2,1,1,2,Fixation,,,,,,,,,,,,
SV030,R,245,2,2,0,1,2,Fixation,,,,,,,,,,,,
SV030,R,246,2,0,1,1,0,Fixation,,,,,,,,,,,,
SV030,R,247,2,3,0,0,3,Fixation,,,,,,,,,,,,
SV030,R,248,3,2,0,1,2,Fixation,,,,,,,,,,,,
SV030,R,249,3,3,1,0,3,Fixation,,,,,,,,,,,,
SV030,R,250,2,2,1,1,2,Fixation,,,,,,,,,,,,
SV030,R,251,2,2,0,1,2,Fixation,,,,,,,,,,,,
SV030,R,252,2,3,1,0,3,Fixation,,,,,,,,,,,,
SV030,R,253,2,3,0,1,3,Fixation,,,,,,,,,,,,
SV030,R,254,2,3,1,0,3,Fixation,,,,,,,,,,,,
SV030,R,255,3,0,1,0,0,Fixation,,,,,,,,,,,,
SV030,R,256,3,3,0,1,3,Fixation,,,,,,,,,,,,
SV030,R,257,2,3,0,1,3,Fixation,,,,,,,,,,,,
SV030,R,258,2,3,1,0,3,Fixation,,,,,,,,,,,,
SV030,R,259,3,2,0,1,2,Fixation,,,,,,,,,,,,
SV030,R,260,3,3,0,0,3,Fixation,,,,,,,,,,,,
SV030,R,261,3,2,1,1,2,Fixation,,,,,,,,,,,,
SV030,R,262,2,2,0,1,2,Fixation,,,,,,,,,,,,
SV030,R,263,2,3,1,1,3,Fixation,,,,,,,,,,,,
SV030,R,264,3,0,0,1,0,Fixation,,,,,,,,,,,,
SV030,R,265,2,2,1,0,2,Fixation,,,,,,,,,,,,
SV030,R,266,2,3,1,1,3,Fixation,,,,,,,,,,,,
SV030,R,267,3,2,1,1,2,Fixation,,,,,,,,,,,,
SV030,R,268,3,0,0,0,0,Fixation,,,,,,,,,,,,
SV030,R,269,2,3,0,0,3,Fixation,,,,,,,,,,,,
SV030,R,270,2,3,0,0,3,Fixation,,,,,,,,,,,,
SV030,R,271,2,0,1,0,0,Fixation,,,,,,,,,,,,
SV030,R,272,2,0,1,1,0,Fixation,,,,,,,,,,,,
SV030,R,273,2,3,0,1,3,Fixation,,,,,,,,,,,,
SV030,R,274,3,0,1,0,0,Fixation,,,,,,,,,,,,
SV030,R,275,3,0,0,1,0,Fixation,,,,,,,,,,,,
SV030,R,276,2,2,0,0,2,Fixation,,,,,,,,,,,,
SV030,R,277,3,2,1,1,2,Fixation,,,,,,,,,,,,
SV030,R,278,2,0,1,0,0,Fixation,,,,,,,,,,,,
SV030,R,279,2,0,0,1,0,Fixation,,,,,,,,,,,,
SV030,R,280,2,2,0,0,2,Fixation,,,,,,,,,,,,
SV030,R,281,2,2,1,0,2,Fixation,,,,,,,,,,,,
SV030,R,282,3,0,1,0,0,Fixation,,,,,,,,,,,,
SV030,R,283,2,2,0,0,2,Fixation,,,,,,,,,,,,
SV030,R,284,3,3,1,1,3,Fixation,,,,,,,,,,,,
SV030,R,285,2,2,0,1,2,Fixation,,,,,,,,,,,,
SV030,R,286,3,0,0,0,0,Fixation,,,,,,,,,,,,
SV030,R,287,2,0,0,0,0,Fixation,,,,,,,,,,,,
SV030,R,288,2,3,0,0,3,Fixation,,,,,,,,,,,,
SV030,R,289,3,0,0,0,0,Fixation,,,,,,,,,,,,
SV030,R,290,2,3,1,1,3,Fixation,,,,,,,,,,,,
SV030,R,291,2,0,1,0,0,Fixation,,,,,,,,,,,,
SV030,R,292,3,0,0,0,0,Fixation,,,,,,,,,,,,
SV030,R,293,3,3,1,0,3,Fixation,,,,,,,,,,,,
SV030,R,294,3,2,1,1,2,Fixation,,,,,,,,,,,,
SV030,R,295,3,3,0,0,3,Fixation,,,,,,,,,,,,
SV030,R,296,2,3,0,1,3,Fixation,,,,,,,,,,,,
SV030,R,297,3,2,0,1,2,Fixation,,,,,,,,,,,,
SV030,R,298,3,3,0,0,3,Fixation,,,,,,,,,,,,
SV030,R,299,3,2,1,1,2,Fixation,,,,,,,,,,,,
SV030,R,300,3,2,1,0,2,Fixation,,,,,,,,,,,,
SV030,R,301,3,3,1,1,3,Fixation,,,,,,,,,,,,
SV030,R,302,2,0,1,1,0,Fixation,,,,,,,,,,,,
SV030,R,303,3,2,1,1,2,Fixation,,,,,,,,,,,,
SV030,R,304,3,3,0,1,3,Fixation,,,,,,,,,,,,
SV030,R,305,3,2,0,0,2,Fixation,,,,,,,,,,,,
SV030,R,306,2,2,1,0,2,Fixation,,,,,,,,,,,,
SV030,R,307,3,2,0,1,2,Fixation,,,,,,,,,,,,
SV030,R,308,3,2,0,0,2,Fixation,,,,,,,,,,,,
SV030,R,309,3,0,1,0,0,Fixation,,,,,,,,,,,,
SV030,R,310,3,3,1,1,3,Fixation,,,,,,,,,,,,
SV030,R,311,2,3,1,0,3,Fixation,,,,,,,,,,,,
SV030,R,312,2,2,0,0,2,Fixation,,,,,,,,,,,,
SV030,R,313,3,0,1,1,0,Fixation,,,,,,,,,,,,
SV030,R,314,3,0,0,1,0,Fixation,,,,,,,,,,,,
SV030,R,315,3,3,1,0,3,Fixation,,,,,,,,,,,,
SV030,R,316,3,3,0,1,3,Fixation,,,,,,,,,,,,
SV030,R,317,2,0,1,1,0,Fixation,,,,,,,,,,,,
SV030,R,318,2,2,1,1,2,Fixation,,,,,,,,,,,,
SV030,R,319,2,3,1,0,3,Fixation,,,,,,,,,,,,
SV030,R,320,3,2,1,0,2,Fixation,,,,,,,,,,,,
SV030,R,321,3,3,1,1,3,Fixation,,,,,,,,,,,,
SV030,R,322,3,3,1,0,3,Fixation,,,,,,,,,,,,
SV030,R,323,3,0,0,0,0,Fixation,,,,,,,,,,,,
SV030,R,324,2,3,1,1,3,Fixation,,,,,,,,,,,,
SV030,R,325,2,2,0,0,2,Fixation,,,,,,,,,,,,
SV030,R,326,2,3,1,0,3,Fixation,,,,,,,,,,,,
SV030,R,327,2,2,0,0,2,Fixation,,,,,,,,,,,,
SV030,R,328,3,3,1,1,3,Fixation,,,,,,,,,,,,
SV030,R,329,3,2,1,0,2,Fixation,,,,,,,,,,,,
SV030,R,330,2,3,1,0,3,Fixation,,,,,,,,,,,,
SV030,R,331,2,2,1,1,2,Fixation,,,,,,,,,,,,
SV030,R,332,2,0,1,0,0,Fixation,,,,,,,,,,,,
SV030,R,333,3,0,0,1,0,Fixation,,,,,,,,,,,,
SV030,R,334,3,3,0,0,3,Fixation,,,,,,,,,,,,
SV030,R,335,2,3,1,0,3,Fixation,,,,,,,,,,,,
SV030,R,336,2,3,0,0,3,Fixation,,,,,,,,,,,,
SV030,R,337,2,3,1,0,3,Fixation,,,,,,,,,,,,
SV030,R,338,3,0,1,1,0,Fixation,,,,,,,,,,,,
SV030,R,339,3,0,0,1,0,Fixation,,,,,,,,,,,,
SV030,R,340,3,3,1,0,3,Fixation,,,,,,,,,,,,
SV030,R,341,3,3,1,1,3,Fixation,,,,,,,,,,,,
SV030,R,342,3,0,0,0,0,Fixation,,,,,,,,,,,,
SV030,R,343,2,0,0,0,0,Fixation,,,,,,,,,,,,
SV030,R,344,2,0,1,0,0,Fixation,,,,,,,,,,,,
SV030,R,345,2,0,1,0,0,Fixation,,,,,,,,,,,,
SV030,R,346,3,3,0,1,3,Fixation,,,,,,,,,,,,
SV030,R,347,3,3,0,0,3,Fixation,,,,,,,,,,,,
SV030,R,348,2,3,0,1,3,Fixation,,,,,,,,,,,,
SV030,R,349,3,2,0,1,2,Fixation,,,,,,,,,,,,
SV030,R,350,3,0,0,0,0,Fixation,,,,,,,,,,,,
SV030,R,351,2,3,0,0,3,Fixation,,,,,,,,,,,,
SV030,R,352,3,0,1,0,0,Fixation,,,,,,,,,,,,
SV030,R,353,3,2,1,0,2,Fixation,,,,,,,,,,,,
SV030,R,354,3,0,1,1,0,Fixation,,,,,,,,,,,,
SV030,R,355,2,2,0,1,2,Fixation,,,,,,,,,,,,
SV030,R,356,3,2,1,0,2,Fixation,,,,,,,,,,,,
SV030,R,357,3,3,1,0,3,Fixation,,,,,,,,,,,,
SV030,R,358,2,0,1,1,0,Fixation,,,,,,,,,,,,
SV030,R,359,2,2,0,0,2,Fixation,,,,,,,,,,,,
SV030,R,360,2,2,1,0,2,Fixation,,,,,,,,,,,,
SV030,R,361,2,3,0,1,3,Fixation,,,,,,,,,,,,
SV030,R,362,2,2,1,1,2,Fixation,,,,,,,,,,,,
SV030,R,363,2,3,1,1,3,Fixation,,,,,,,,,,,,
SV030,R,364,2,0,0,1,0,Fixation,,,,,,,,,,,,
SV030,R,365,3,0,0,1,0,Fixation,,,,,,,,,,,,
SV030,R,366,2,2,0,1,2,Fixation,,,,,,,,,,,,
SV030,R,367,2,0,0,1,0,Fixation,,,,,,,,,,,,
SV030,R,368,2,2,1,0,2,Fixation,,,,,,,,,,,,
SV030,R,369,3,0,0,1,0,Fixation,,,,,,,,,,,,
SV030,R,370,3,2,0,1,2,Fixation,,,,,,,,,,,,
SV030,R,371,3,2,0,1,2,Fixation,,,,,,,,,,,,
SV030,R,372,2,2,0,0,2,Fixation,,,,,,,,,,,,
SV030,R,373,3,3,0,0,3,Fixation,,,,,,,,,,,,
SV030,R,374,2,0,0,0,0,Fixation,,,,,,,,,,,,
SV030,R,375,2,0,0,0,0,Fixation,,,,,,,,,,,,
SV030,R,376,3,0,0,0,0,Fixation,,,,,,,,,,,,
SV030,R,377,2,0,0,1,0,Fixation,,,,,,,,,,,,
SV030,R,378,3,0,1,1,0,Fixation,,,,,,,,,,,,
SV030,R,379,3,0,1,1,0,Fixation,,,,,,,,,,,,
SV030,R,380,3,0,1,1,0,Fixation,,,,,,,,,,,,
SV030,R,381,3,0,1,1,0,Fixation,,,,,,,,,,,,
SV030,R,382,3,3,1,1,3,Fixation,,,,,,,,,,,,
SV030,R,383,3,0,1,0,0,Fixation,,,,,,,,,,,,
SV030,R,384,3,2,0,0,2,Fixation,,,,,,,,,,,,
SV030,R,385,3,3,1,0,3,Fixation,,,,,,,,,,,,
SV030,R,386,2,3,1,1,3,Fixation,,,,,,,,,,,,
SV030,R,387,3,2,0,1,2,Fixation,,,,,,,,,,,,
SV030,R,388,3,0,1,1,0,Fixation,,,,,,,,,,,,
SV030,R,389,2,0,0,1,0,Fixation,,,,,,,,,,,,
SV030,R,390,2,2,1,0,2,Fixation,,,,,,,,,,,,
SV030,R,391,3,2,0,0,2,Fixation,,,,,,,,,,,,
SV030,R,392,3,3,0,1,3,Fixation,,,,,,,,,,,,
SV030,R,393,3,0,0,1,0,Fixation,,,,,,,,,,,,
SV030,R,394,3,2,0,0,2,Fixation,,,,,,,,,,,,
SV030,R,395,2,0,0,0,0,Fixation,,,,,,,,,,,,
SV030,R,396,3,3,0,0,3,Fixation,,,,,,,,,,,,
SV030,R,397,2,0,0,1,0,Fixation,,,,,,,,,,,,
SV030,R,398,2,0,1,1,0,Fixation,,,,,,,,,,,,
SV030,R,399,3,3,0,1,3,Fixation,,,,,,,,,,,,
SV030,R,400,2,0,1,0,0,Fixation,,,,,,,,,,,,
SV030,R,401,2,0,0,1,0,Fixation,,,,,,,,,,,,
SV030,R,402,3,2,0,0,2,Fixation,,,,,,,,,,,,
SV030,R,403,3,2,0,0,2,Fixation,,,,,,,,,,,,
SV030,R,404,2,0,0,0,0,Fixation,,,,,,,,,,,,
SV030,R,405,2,0,0,0,0,Fixation,,,,,,,,,,,,
SV030,R,406,3,0,1,0,0,Fixation,,,,,,,,,,,,
SV030,R,407,2,3,0,0,3,Fixation,,,,,,,,,,,,
SV030,R,408,3,2,1,0,2,Fixation,,,,,,,,,,,,
SV030,R,409,3,2,1,0,2,Fixation,,,,,,,,,,,,
SV030,R,410,3,3,0,1,3,Fixation,,,,,,,,,,,,
SV030,R,411,3,0,0,0,0,Fixation,,,,,,,,,,,,
SV030,R,412,2,0,1,1,0,Fixation,,,,,,,,,,,,
SV030,R,413,2,3,1,1,3,Fixation,,,,,,,,,,,,
SV030,R,414,2,0,0,1,0,Fixation,,,,,,,,,,,,
SV030,R,415,3,2,0,0,2,Fixation,,,,,,,,,,,,
SV030,R,416,3,3,1,0,3,Fixation,,,,,,,,,,,,
SV030,R,417,3,2,1,1,2,Fixation,,,,,,,,,,,,
SV030,R,418,2,3,0,0,3,Fixation,,,,,,,,,,,,
SV030,R,419,2,2,1,1,2,Fixation,,,,,,,,,,,,
SV030,R,420,3,3,1,1,3,Fixation,,,,,,,,,,,,
SV030,R,421,2,3,0,0,3,Fixation,,,,,,,,,,,,
SV030,R,422,3,2,0,0,2,Fixation,,,,,,,,,,,,
SV030,R,423,2,3,0,1,3,Fixation,,,,,,,,,,,,
SV030,R,424,2,0,1,1,0,Fixation,,,,,,,,,,,,
SV030,R,425,3,3,0,1,3,Fixation,,,,,,,,,,,,
SV030,R,426,2,2,1,1,2,Fixation,,,,,,,,,,,,
SV030,R,427,3,2,1,0,2,Fixation,,,,,,,,,,,,
SV030,R,428,2,2,0,1,2,Fixation,,,,,,,,,,,,
SV030,R,429,3,2,1,1,2,Fixation,,,,,,,,,,,,
SV030,R,430,2,0,1,0,0,Fixation,,,,,,,,,,,,
SV030,R,431,3,2,0,0,2,Fixation,,,,,,,,,,,,
SV030,R,432,2,2,1,1,2,Fixation,,,,,,,,,,,,
SV030,R,433,3,3,0,0,3,Fixation,,,,,,,,,,,,
SV030,R,434,3,2,1,0,2,Fixation,,,,,,,,,,,,
SV030,R,435,3,3,0,0,3,Fixation,,,,,,,,,,,,
SV030,R,436,3,3,0,1,3,Fixation,,,,,,,,,,,,
SV030,R,437,2,3,1,1,3,Fixation,,,,,,,,,,,,
SV030,R,438,3,0,1,0,0,Fixation,,,,,,,,,,,,
SV030,R,439,3,0,1,0,0,Fixation,,,,,,,,,,,,
SV030,R,440,2,2,1,1,2,Fixation,,,,,,,,,,,,
SV030,R,441,2,2,0,1,2,Fixation,,,,,,,,,,,,
SV030,R,442,2,2,1,0,2,Fixation,,,,,,,,,,,,
SV030,R,443,2,3,0,1,3,Fixation,,,,,,,,,,,,
SV030,R,444,2,0,0,1,0,Fixation,,,,,,,,,,,,
SV030,R,445,3,2,1,1,2,Fixation,,,,,,,,,,,,
SV030,R,446,2,3,0,1,3,Fixation,,,,,,,,,,,,
SV030,R,447,3,2,0,1,2,Fixation,,,,,,,,,,,,
SV030,R,448,3,3,1,1,3,Fixation,,,,,,,,,,,,
SV030,R,449,2,2,1,0,2,Fixation,,,,,,,,,,,,
SV030,R,450,2,0,1,0,0,Fixation,,,,,,,,,,,,
SV030,R,451,3,2,1,0,2,Fixation,,,,,,,,,,,,
SV030,R,452,2,3,0,0,3,Fixation,,,,,,,,,,,,
SV030,R,453,2,2,0,1,2,Fixation,,,,,,,,,,,,
SV030,R,454,3,3,0,1,3,Fixation,,,,,,,,,,,,
SV030,R,455,3,0,1,1,0,Fixation,,,,,,,,,,,,
SV030,R,456,2,2,0,0,2,Fixation,,,,,,,,,,,,
SV030,R,457,2,3,1,1,3,Fixation,,,,,,,,,,,,
SV030,R,458,2,0,0,1,0,Fixation,,,,,,,,,,,,
SV030,R,459,2,3,1,1,3,Fixation,,,,,,,,,,,,
SV030,R,460,2,2,1,1,2,Fixation,,,,,,,,,,,,
SV030,R,461,2,2,1,1,2,Fixation,,,,,,,,,,,,
SV030,R,462,3,3,1,1,3,Fixation,,,,,,,,,,,,
SV030,R,463,2,0,1,1,0,Fixation,,,,,,,,,,,,
SV030,R,464,3,3,1,0,3,Fixation,,,,,,,,,,,,
SV030,R,465,3,0,0,0,0,Fixation,,,,,,,,,,,,
SV030,R,466,2,2,1,0,2,Fixation,,,,,,,,,,,,
SV030,R,467,2,2,0,0,2,Fixation,,,,,,,,,,,,
SV030,R,468,3,2,0,1,2,Fixation,,,,,,,,,,,,
SV030,R,469,3,3,0,0,3,Fixation,,,,,,,,,,,,
SV030,R,470,2,0,1,0,0,Fixation,,,,,,,,,,,,
SV030,R,471,3,0,0,1,0,Fixation,,,,,,,,,,,,
SV030,R,472,3,0,0,1,0,Fixation,,,,,,,,,,,,
SV030,R,473,2,3,0,1,3,Fixation,,,,,,,,,,,,
SV030,R,474,2,2,0,1,2,Fixation,,,,,,,,,,,,
SV030,R,475,2,0,0,0,0,Fixation,,,,,,,,,,,,
SV030,R,476,3,0,1,1,0,Fixation,,,,,,,,,,,,
SV030,R,477,2,0,0,0,0,Fixation,,,,,,,,,,,,
SV030,R,478,2,3,1,0,3,Fixation,,,,,,,,,,,,
SV030,R,479,2,0,1,1,0,Fixation,,,,,,,,,,,,
SV030,R,480,2,0,0,0,0,Fixation,,,,,,,,,,,,
SV030,L,1,2,3,0,0,3,Response,,,,,,,,0.9,0.9,1168.0,1168.0,176.0
SV030,L,2,2,2,1,0,2,Response,1460.7055555555555,2233.1,1050.8333333333333,3270.0,3902.1111111111113,4496.0,410.1111111111111,6.994736842105263,19.2,423.7894736842105,1465.0,105.6842105263158
SV030,L,3,3,2,0,0,2,Response,1994.7571428571428,2898.4,580.7428571428571,1305.3,3362.714285714286,3626.0,376.14285714285717,5.166666666666667,9.7,408.6666666666667,1269.0,57.46666666666667
SV030,L,4,2,0,0,1,2,Response,2262.3333333333335,3040.8,1206.3333333333333,1223.7,3523.6666666666665,3708.0,731.3333333333334,4.975,9.5,424.25,1132.0,72.5
SV030,L,5,2,2,1,1,2,Response,,,,,,,,0.4,0.4,1178.0,1178.0,130.0
SV030,L,6,2,0,0,1,2,Response,1559.2333333333333,1929.5,1234.2666666666667,1282.9,3451.3333333333335,3712.0,1498.6666666666667,3.975,7.5,152.0,270.0,27.0
SV030,L,7,3,3,1,0,3,Response,1400.6666666666667,1895.0,1315.0,1526.1,3334.6666666666665,3496.0,280.6666666666667,5.875,8.7,285.5,615.0,65.5
SV030,L,8,2,3,1,0,2,Response,1662.9375,3270.0,1265.7375,1444.1,3515.125,3790.0,608.0,7.699999999999999,12.5,407.6666666666667,1140.0,79.77777777777777
SV030,L,9,3,2,0,0,2,Response,,,,,,,,,,,,
SV030,L,10,2,0,0,0,2,Response,,,,,,,,,,,,
SV030,L,11,3,0,1,1,2,Response,,,,,,,,,,,,
SV030,L,12,2,0,0,1,2,Response,,,,,,,,,,,,
SV030,L,13,3,3,1,0,2,Response,,,,,,,,,,,,
SV030,L,14,3,0,1,1,3,Response,,,,,,,,,,,,
SV030,L,15,2,0,1,1,2,Response,,,,,,,,,,,,
SV030,L,16,2,3,0,1,2,Response,,,,,,,,,,,,
SV030,L,17,2,3,0,0,2,Response,,,,,,,,,,,,
SV030,L,18,3,3,0,0,3,Response,,,,,,,,,,,,
SV030,L,19,2,3,0,1,2,Response,,,,,,,,,,,,
SV030,L,20,2,0,0,1,2,Response,,,,,,,,,,,,
SV030,L,21,3,0,0,0,3,Response,,,,,,,,,,,,
SV030,L,22,3,3,1,1,3,Response,,,,,,,,,,,,
SV030,L,23,3,2,1,1,2,Response,,,,,,,,,,,,
SV030,L,24,3,2,1,1,2,Response,,,,,,,,,,,,
SV030,L,25,2,0,1,0,2,Response,,,,,,,,,,,,
SV030,L,26,3,3,1,1,2,Response,,,,,,,,,,,,
SV030,L,27,3,2,0,0,2,Response,,,,,,,,,,,,
SV030,L,28,3,2,0,0,2,Response,,,,,,,,,,,,
SV030,L,29,3,0,0,1,2,Response,,,,,,,,,,,,
SV030,L,30,2,0,0,0,2,Response,,,,,,,,,,,,
SV030,L,31,3,2,0,1,2,Response,,,,,,,,,,,,
SV030,L,32,3,2,1,0,2,Response,,,,,,,,,,,,
SV030,L,33,2,3,1,0,3,Response,,,,,,,,,,,,
SV030,L,34,3,0,1,0,3,Response,,,,,,,,,,,,
SV030,L,35,2,0,1,1,3,Response,,,,,,,,,,,,
SV030,L,36,3,3,0,0,3,Response,,,,,,,,,,,,
SV030,L,37,2,0,1,1,2,Response,,,,,,,,,,,,
SV030,L,38,3,2,1,1,2,Response,,,,,,,,,,,,
SV030,L,39,3,2,1,1,2,Response,,,,,,,,,,,,
SV030,L,40,2,3,0,1,2,Response,,,,,,,,,,,,
SV030,L,41,2,2,1,0,2,Response,,,,,,,,,,,,
SV030,L,42,3,0,1,1,2,Response,,,,,,,,,,,,
SV030,L,43,2,0,1,1,2,Response,,,,,,,,,,,,
SV030,L,44,3,0,0,0,2,Response,,,,,,,,,,,,
SV030,L,45,3,0,1,1,2,Response,,,,,,,,,,,,
SV030,L,46,3,0,1,1,2,Response,,,,,,,,,,,,
SV030,L,47,2,3,0,0,2,Response,,,,,,,,,,,,
SV030,L,48,2,0,1,0,2,Response,,,,,,,,,,,,
SV030,L,49,2,2,1,1,2,Response,,,,,,,,,,,,
SV030,L,50,2,3,1,1,3,Response,,,,,,,,,,,,
SV030,L,51,2,2,0,0,2,Response,,,,,,,,,,,,
SV030,L,52,2,0,0,1,2,Response,,,,,,,,,,,,
SV030,L,53,3,0,1,0,3,Response,,,,,,,,,,,,
SV030,L,54,3,3,0,0,3,Response,,,,,,,,,,,,
SV030,L,55,3,0,1,1,2,Response,,,,,,,,,,,,
SV030,L,56,3,3,1,0,3,Response,,,,,,,,,,,,
SV030,L,57,2,0,1,0,3,Response,,,,,,,,,,,,
SV030,L,58,2,2,0,1,2,Response,,,,,,,,,,,,
SV030,L,59,3,0,0,0,2,Response,,,,,,,,,,,,
SV030,L,60,2,3,1,1,3,Response,,,,,,,,,,,,
SV030,L,61,3,3,0,0,3,Response,,,,,,,,,,,,
SV030,L,62,2,3,0,0,2,Response,,,,,,,,,,,,
SV030,L,63,2,0,0,1,2,Response,,,,,,,,,,,,
SV030,L,64,3,3,1,0,3,Response,,,,,,,,,,,,
SV030,L,65,3,3,1,0,3,Response,,,,,,,,,,,,
SV030,L,66,2,2,1,0,2,Response,,,,,,,,,,,,
SV030,L,67,2,2,0,0,2,Response,,,,,,,,,,,,
SV030,L,68,3,0,1,1,2,Response,,,,,,,,,,,,
SV030,L,69,3,2,0,1,2,Response,,,,,,,,,,,,
SV030,L,70,3,2,1,0,2,Response,,,,,,,,,,,,
SV030,L,71,3,3,0,1,3,Response,,,,,,,,,,,,
SV030,L,72,3,2,0,0,2,Response,,,,,,,,,,,,
SV030,L,73,2,2,1,0,2,Response,,,,,,,,,,,,
SV030,L,74,3,3,1,1,3,Response,,,,,,,,,,,,
SV030,L,75,3,2,0,1,2,Response,,,,,,,,,,,,
SV030,L,76,2,2,0,0,2,Response,,,,,,,,,,,,
SV030,L,77,2,3,0,1,3,Response,,,,,,,,,,,,
SV030,L,78,3,0,0,0,3,Response,,,,,,,,,,,,
SV030,L,79,3,0,1,0,3,Response,,,,,,,,,,,,
SV030,L,80,3,2,0,0,2,Response,,,,,,,,,,,,
SV030,L,81,2,0,1,0,2,Response,,,,,,,,,,,,
SV030,L,82,2,3,0,0,2,Response,,,,,,,,,,,,
SV030,L,83,2,0,1,1,2,Response,,,,,,,,,,,,
SV030,L,84,3,0,1,0,2,Response,,,,,,,,,,,,
SV030,L,85,3,2,0,1,2,Response,,,,,,,,,,,,
SV030,L,86,3,2,0,0,2,Response,,,,,,,,,,,,
SV030,L,87,3,3,1,0,3,Response,,,,,,,,,,,,
SV030,L,88,2,3,1,1,3,Response,,,,,,,,,,,,
SV030,L,89,2,3,1,1,3,Response,,,,,,,,,,,,
SV030,L,90,2,2,0,0,2,Response,,,,,,,,,,,,
SV030,L,91,2,3,0,1,2,Response,,,,,,,,,,,,
SV030,L,92,2,2,0,1,2,Response,,,,,,,,,,,,
SV030,L,93,2,3,1,1,3,Response,,,,,,,,,,,,
SV030,L,94,3,3,0,1,3,Response,,,,,,,,,,,,
SV030,L,95,3,3,1,1,3,Response,,,,,,,,,,,,
SV030,L,96,3,2,0,1,2,Response,,,,,,,,,,,,
SV030,L,97,3,3,0,0,3,Response,,,,,,,,,,,,
SV030,L,98,3,0,0,0,3,Response,,,,,,,,,,,,
SV030,L,99,2,2,1,0,2,Response,,,,,,,,,,,,
SV030,L,100,2,2,1,0,2,Response,,,,,,,,,,,,
SV030,L,101,2,2,0,0,2,Response,,,,,,,,,,,,
SV030,L,102,3,0,0,1,2,Response,,,,,,,,,,,,
SV030,L,103,2,3,1,1,2,Response,,,,,,,,,,,,
SV030,L,104,3,3,1,1,3,Response,,,,,,,,,,,,
SV030,L,105,2,3,1,1,3,Response,,,,,,,,,,,,
SV030,L,106,3,3,0,0,2,Response,,,,,,,,,,,,
SV030,L,107,3,2,1,0,2,Response,,,,,,,,,,,,
SV030,L,108,2,3,0,1,3,Response,,,,,,,,,,,,
SV030,L,109,2,0,0,0,2,Response,,,,,,,,,,,,
SV030,L,110,3,2,1,1,2,Response,,,,,,,,,,,,
SV030,L,111,3,3,0,1,2,Response,,,,,,,,,,,,
SV030,L,112,3,3,1,0,2,Response,,,,,,,,,,,,
SV030,L,113,3,3,1,1,3,Response,,,,,,,,,,,,
SV030,L,114,3,2,0,1,2,Response,,,,,,,,,,,,
SV030,L,115,3,2,1,1,2,Response,,,,,,,,,,,,
SV030,L,116,3,2,1,0,2,Response,,,,,,,,,,,,
SV030,L,117,2,3,1,1,3,Response,,,,,,,,,,,,
SV030,L,118,3,2,1,1,2,Response,,,,,,,,,,,,
SV030,L,119,2,2,0,0,2,Response,,,,,,,,,,,,
SV030,L,120,2,0,1,0,2,Response,,,,,,,,,,,,
SV030,L,121,2,3,0,1,2,Response,,,,,,,,,,,,
SV030,L,122,2,2,1,0,2,Response,,,,,,,,,,,,
SV030,L,123,2,2,0,1,2,Response,,,,,,,,,,,,
SV030,L,124,3,2,0,1,2,Response,,,,,,,,,,,,
SV030,L,125,2,3,0,0,2,Response,,,,,,,,,,,,
SV030,L,126,3,3,0,1,3,Response,,,,,,,,,,,,
SV030,L,127,3,2,1,1,2,Response,,,,,,,,,,,,
SV030,L,128,2,3,1,1,2,Response,,,,,,,,,,,,
SV030,L,129,2,2,0,1,2,Response,,,,,,,,,,,,
SV030,L,130,2,2,0,0,2,Response,,,,,,,,,,,,
SV030,L,131,2,0,0,0,2,Response,,,,,,,,,,,,
SV030,L,132,3,3,0,0,3,Response,,,,,,,,,,,,
SV030,L,133,3,2,1,0,2,Response,,,,,,,,,,,,
SV030,L,134,3,0,1,0,3,Response,,,,,,,,,,,,
SV030,L,135,2,3,1,0,3,Response,,,,,,,,,,,,
SV030,L,136,2,2,1,1,2,Response,,,,,,,,,,,,
SV030,L,137,2,2,1,0,2,Response,,,,,,,,,,,,
SV030,L,138,2,0,0,1,2,Response,,,,,,,,,,,,
SV030,L,139,3,0,0,1,2,Response,,,,,,,,,,,,
SV030,L,140,3,0,0,1,2,Response,,,,,,,,,,,,
SV030,L,141,3,3,0,0,3,Response,,,,,,,,,,,,
SV030,L,142,3,3,1,1,3,Response,,,,,,,,,,,,
SV030,L,143,3,3,1,0,3,Response,,,,,,,,,,,,
SV030,L,144,2,2,1,0,2,Response,,,,,,,,,,,,
SV030,L,145,2,3,0,1,2,Response,,,,,,,,,,,,
SV030,L,146,3,0,1,1,2,Response,,,,,,,,,,,,
SV030,L,147,2,3,1,1,3,Response,,,,,,,,,,,,
SV030,L,148,2,0,1,1,2,Response,,,,,,,,,,,,
SV030,L,149,2,2,0,1,2,Response,,,,,,,,,,,,
SV030,L,150,3,3,0,1,3,Response,,,,,,,,,,,,
SV030,L,151,3,2,0,0,2,Response,,,,,,,,,,,,
SV030,L,152,2,0,1,1,2,Response,,,,,,,,,,,,
SV030,L,153,3,2,1,0,2,Response,,,,,,,,,,,,
SV030,L,154,2,0,0,1,2,Response,,,,,,,,,,,,
SV030,L,155,2,3,1,0,2,Response,,,,,,,,,,,,
SV030,L,156,3,2,1,0,2,Response,,,,,,,,,,,,
SV030,L,157,3,2,0,0,2,Response,,,,,,,,,,,,
SV030,L,158,3,0,1,1,2,Response,,,,,,,,,,,,
SV030,L,159,3,0,0,0,3,Response,,,,,,,,,,,,
SV030,L,160,2,2,1,0,2,Response,,,,,,,,,,,,
SV030,L,161,2,3,1,0,3,Response,,,,,,,,,,,,
SV030,L,162,2,3,1,0,3,Response,,,,,,,,,,,,
SV030,L,163,2,2,0,0,2,Response,,,,,,,,,,,,
SV030,L,164,3,3,0,1,3,Response,,,,,,,,,,,,
SV030,L,165,2,3,0,0,3,Response,,,,,,,,,,,,
SV030,L,166,3,2,1,0,2,Response,,,,,,,,,,,,
SV030,L,167,3,3,0,1,2,Response,,,,,,,,,,,,
SV030,L,168,3,0,1,0,3,Response,,,,,,,,,,,,
SV030,L,169,2,0,0,0,2,Response,,,,,,,,,,,,
SV030,L,170,2,2,0,1,2,Response,,,,,,,,,,,,
SV030,L,171,2,2,1,1,2,Response,,,,,,,,,,,,
SV030,L,172,2,3,0,0,2,Response,,,,,,,,,,,,
SV030,L,173,2,0,0,0,2,Response,,,,,,,,,,,,
SV030,L,174,3,2,0,1,2,Response,,,,,,,,,,,,
SV030,L,175,3,0,1,0,3,Response,,,,,,,,,,,,
SV030,L,176,2,2,1,1,2,Response,,,,,,,,,,,,
SV030,L,177,3,0,1,0,3,Response,,,,,,,,,,,,
SV030,L,178,2,0,0,1,2,Response,,,,,,,,,,,,
SV030,L,179,3,3,0,1,2,Response,,,,,,,,,,,,
SV030,L,180,2,0,0,0,2,Response,,,,,,,,,,,,
SV030,L,181,3,3,0,1,2,Response,,,,,,,,,,,,
SV030,L,182,2,0,1,0,2,Response,,,,,,,,,,,,
SV030,L,183,3,0,1,1,3,Response,,,,,,,,,,,,
SV030,L,184,2,3,0,0,2,Response,,,,,,,,,,,,
SV030,L,185,3,3,1,1,3,Response,,,,,,,,,,,,
SV030,L,186,2,0,0,0,2,Response,,,,,,,,,,,,
SV030,L,187,2,0,1,0,2,Response,,,,,,,,,,,,
SV030,L,188,2,0,1,1,3,Response,,,,,,,,,,,,
SV030,L,189,2,3,0,1,2,Response,,,,,,,,,,,,
SV030,L,190,2,0,0,1,2,Response,,,,,,,,,,,,
SV030,L,191,2,2,0,1,2,Response,,,,,,,,,,,,
SV030,L,192,3,0,1,0,3,Response,,,,,,,,,,,,
SV030,L,193,3,0,0,0,3,Response,,,,,,,,,,,,
SV030,L,194,3,2,0,1,2,Response,,,,,,,,,,,,
SV030,L,195,2,2,0,1,2,Response,,,,,,,,,,,,
SV030,L,196,3,3,1,1,3,Response,,,,,,,,,,,,
SV030,L,197,3,0,0,1,2,Response,,,,,,,,,,,,
SV030,L,198,3,0,0,1,2,Response,,,,,,,,,,,,
SV030,L,199,3,3,1,0,3,Response,,,,,,,,,,,,
SV030,L,200,3,3,1,0,3,Response,,,,,,,,,,,,
SV030,L,201,2,0,1,1,2,Response,,,,,,,,,,,,
SV030,L,202,2,0,0,0,2,Response,,,,,,,,,,,,
SV030,L,203,2,2,1,1,2,Response,,,,,,,,,,,,
SV030,L,204,3,2,1,0,2,Response,,,,,,,,,,,,
SV030,L,205,2,2,1,1,2,Response,,,,,,,,,,,,
SV030,L,206,3,0,0,0,2,Response,,,,,,,,,,,,
SV030,L,207,3,3,0,0,3,Response,,,,,,,,,,,,
SV030,L,208,2,3,1,0,3,Response,,,,,,,,,,,,
SV030,L,209,2,3,0,0,2,Response,,,,,,,,,,,,
SV030,L,210,3,0,0,1,2,Response,,,,,,,,,,,,
SV030,L,211,3,2,1,1,2,Response,,,,,,,,,,,,
SV030,L,212,2,0,1,0,2,Response,,,,,,,,,,,,
SV030,L,213,3,3,1,1,3,Response,,,,,,,,,,,,
SV030,L,214,2,2,0,1,2,Response,,,,,,,,,,,,
SV030,L,215,3,2,0,1,2,Response,,,,,,,,,,,,
SV030,L,216,2,2,0,0,2,Response,,,,,,,,,,,,
SV030,L,217,2,0,1,1,2,Response,,,,,,,,,,,,
SV030,L,218,3,0,0,1,2,Response,,,,,,,,,,,,
SV030,L,219,3,2,0,0,2,Response,,,,,,,,,,,,
SV030,L,220,3,2,1,1,2,Response,,,,,,,,,,,,
SV030,L,221,3,3,0,1,3,Response,,,,,,,,,,,,
SV030,L,222,2,0,1,0,3,Response,,,,,,,,,,,,
SV030,L,223,2,3,1,0,3,Response,,,,,,,,,,,,
SV030,L,224,2,0,1,0,3,Response,,,,,,,,,,,,
SV030,L,225,2,2,1,1,2,Response,,,,,,,,,,,,
SV030,L,226,3,2,1,0,2,Response,,,,,,,,,,,,
SV030,L,227,2,2,1,1,2,Response,,,,,,,,,,,,
SV030,L,228,3,0,0,0,3,Response,,,,,,,,,,,,
SV030,L,229,2,0,0,0,2,Response,,,,,,,,,,,,
SV030,L,230,3,0,1,0,2,Response,,,,,,,,,,,,
SV030,L,231,3,3,0,0,2,Response,,,,,,,,,,,,
SV030,L,232,3,0,0,0,3,Response,,,,,,,,,,,,
SV030,L,233,3,0,0,1,2,Response,,,,,,,,,,,,
SV030,L,234,2,3,1,0,3,Response,,,,,,,,,,,,
SV030,L,235,2,3,0,1,3,Response,,,,,,,,,,,,
SV030,L,236,2,3,1,0,3,Response,,,,,,,,,,,,
SV030,L,237,2,2,0,1,2,Response,,,,,,,,,,,,
SV030,L,238,2,2,0,0,2,Response,,,,,,,,,,,,
SV030,L,239,2,2,1,1,2,Response,,,,,,,,,,,,
SV030,L,240,3,0,0,1,2,Response,,,,,,,,,,,,
SV030,L,241,3,3,0,0,3,Response,,,,,,,,,,,,
SV030,L,242,3,3,1,1,3,Response,,,,,,,,,,,,
SV030,L,243,3,2,1,0,2,Response,,,,,,,,,,,,
SV030,L,244,2,0,0,0,0,Response,,,,,,,,,,,,
SV030,L,245,3,3,0,0,3,Response,,,,,,,,,,,,
SV030,L,246,2,3,0,1,3,Response,,,,,,,,,,,,
SV030,L,247,2,2,0,1,2,Response,,,,,,,,,,,,
SV030,L,248,2,0,1,1,0,Response,,,,,,,,,,,,
SV030,L,249,2,0,1,1,0,Response,,,,,,,,,,,,
SV030,L,250,3,2,1,0,2,Response,,,,,,,,,,,,
SV030,L,251,2,2,1,1,2,Response,,,,,,,,,,,,
SV030,L,252,3,3,0,0,3,Response,,,,,,,,,,,,
SV030,L,253,3,0,0,0,0,Response,,,,,,,,,,,,
SV030,L,254,3,0,1,1,0,Response,,,,,,,,,,,,
SV030,L,255,3,0,0,1,0,Response,,,,,,,,,,,,
SV030,L,256,2,0,1,1,0,Response,,,,,,,,,,,,
SV030,L,257,3,2,0,1,2,Response,,,,,,,,,,,,
SV030,L,258,2,2,1,0,2,Response,,,,,,,,,,,,
SV030,L,259,3,0,1,0,0,Response,,,,,,,,,,,,
SV030,L,260,3,2,1,1,2,Response,,,,,,,,,,,,
SV030,L,261,3,2,1,1,2,Response,,,,,,,,,,,,
SV030,L,262,3,3,0,0,3,Response,,,,,,,,,,,,
SV030,L,263,3,0,0,0,0,Response,,,,,,,,,,,,
SV030,L,264,3,2,0,0,2,Response,,,,,,,,,,,,
SV030,L,265,3,0,1,0,0,Response,,,,,,,,,,,,
SV030,L,266,2,2,0,0,2,Response,,,,,,,,,,,,
SV030,L,267,3,3,0,0,3,Response,,,,,,,,,,,,
SV030,L,268,2,0,0,0,0,Response,,,,,,,,,,,,
SV030,L,269,2,2,0,1,2,Response,,,,,,,,,,,,
SV030,L,270,3,3,1,1,3,Response,,,,,,,,,,,,
SV030,L,271,2,2,0,1,2,Response,,,,,,,,,,,,
SV030,L,272,3,0,0,0,0,Response,,,,,,,,,,,,
SV030,L,273,3,3,1,1,3,Response,,,,,,,,,,,,
SV030,L,274,2,3,1,0,3,Response,,,,,,,,,,,,
SV030,L,275,3,2,0,0,2,Response,,,,,,,,,,,,
SV030,L,276,3,3,1,0,3,Response,,,,,,,,,,,,
SV030,L,277,3,3,1,1,3,Response,,,,,,,,,,,,
SV030,L,278,3,3,0,1,3,Response,,,,,,,,,,,,
SV030,L,279,2,2,1,1,2,Response,,,,,,,,,,,,
SV030,L,280,3,2,0,1,2,Response,,,,,,,,,,,,
SV030,L,281,2,3,1,0,3,Response,,,,,,,,,,,,
SV030,L,282,2,3,1,0,3,Response,,,,,,,,,,,,
SV030,L,283,3,0,0,0,0,Response,,,,,,,,,,,,
SV030,L,284,3,3,1,0,3,Response,,,,,,,,,,,,
SV030,L,285,3,2,1,1,2,Response,,,,,,,,,,,,
SV030,L,286,2,3,1,0,3,Response,,,,,,,,,,,,
SV030,L,287,3,0,0,1,0,Response,,,,,,,,,,,,
SV030,L,288,2,3,1,1,3,Response,,,,,,,,,,,,
SV030,L,289,3,3,0,0,3,Response,,,,,,,,,,,,
SV030,L,290,2,3,0,0,3,Response,,,,,,,,,,,,
SV030,L,291,2,2,0,0,2,Response,,,,,,,,,,,,
SV030,L,292,2,0,0,0,0,Response,,,,,,,,,,,,
SV030,L,293,2,0,1,1,0,Response,,,,,,,,,,,,
SV030,L,294,2,2,0,1,2,Response,,,,,,,,,,,,
SV030,L,295,2,2,0,1,2,Response,,,,,,,,,,,,
SV030,L,296,3,2,1,1,2,Response,,,,,,,,,,,,
SV030,L,297,2,3,1,1,3,Response,,,,,,,,,,,,
SV030,L,298,2,0,0,1,0,Response,,,,,,,,,,,,
SV030,L,299,3,0,1,1,0,Response,,,,,,,,,,,,
SV030,L,300,3,0,1,1,0,Response,,,,,,,,,,,,
SV030,L,301,2,2,0,0,2,Response,,,,,,,,,,,,
SV030,L,302,3,2,0,1,2,Response,,,,,,,,,,,,
SV030,L,303,2,2,1,1,2,Response,,,,,,,,,,,,
SV030,L,304,3,3,1,1,3,Response,,,,,,,,,,,,
SV030,L,305,3,3,0,1,3,Response,,,,,,,,2.3,2.3,1066.0,1066.0,218.0
SV030,L,306,3,3,1,0,3,Response,,,,,,,,,,,,
SV030,L,307,2,0,0,1,0,Response,,,,,,,,,,,,
SV030,L,308,2,3,0,1,3,Response,,,,,,,,,,,,
SV030,L,309,2,0,1,0,0,Response,,,,,,,,,,,,
SV030,L,310,3,0,1,1,0,Response,,,,,,,,,,,,
SV030,L,311,3,2,1,0,2,Response,,,,,,,,,,,,
SV030,L,312,2,0,1,0,0,Response,,,,,,,,1.6,1.6,1166.0,1166.0,186.0
SV030,L,313,3,2,1,0,2,Response,,,,,,,,,,,,
SV030,L,314,2,2,0,0,2,Response,,,,,,,,,,,,
SV030,L,315,3,0,0,1,0,Response,,,,,,,,,,,,
SV030,L,316,3,0,1,1,0,Response,,,,,,,,,,,,
SV030,L,317,3,2,1,1,2,Response,,,,,,,,,,,,
SV030,L,318,3,0,1,1,0,Response,,,,,,,,,,,,
SV030,L,319,2,3,1,0,3,Response,,,,,,,,,,,,
SV030,L,320,2,2,0,0,2,Response,,,,,,,,,,,,
SV030,L,321,2,3,1,0,3,Response,,,,,,,,,,,,
SV030,L,322,3,3,1,0,3,Response,,,,,,,,,,,,
SV030,L,323,3,0,0,1,0,Response,2636.05,3270.0,2205.8,3270.0,4298.0,4568.0,179.0,14.766666666666667,25.0,501.0,789.0,414.0
SV030,L,324,3,3,0,1,3,Response,,,,,,,,,,,,
SV030,L,325,3,2,1,0,2,Response,,,,,,,,,,,,
SV030,L,326,2,3,1,1,3,Response,,,,,,,,,,,,
SV030,L,327,3,0,0,0,0,Response,,,,,,,,,,,,
SV030,L,328,3,2,0,1,2,Response,,,,,,,,,,,,
SV030,L,329,2,0,0,0,0,Response,,,,,,,,,,,,
SV030,L,330,2,3,0,0,3,Response,,,,,,,,,,,,
SV030,L,331,2,3,0,1,3,Response,,,,,,,,,,,,
SV030,L,332,2,2,1,0,2,Response,,,,,,,,,,,,
SV030,L,333,3,3,0,1,3,Response,1851.4,1851.4,1210.9,1210.9,3997.0,3997.0,1292.0,1.6500000000000001,2.7,346.5,635.0,93.0
SV030,L,334,3,0,1,0,0,Response,,,,,,,,,,,,
SV030,L,335,2,2,1,0,2,Response,,,,,,,,,,,,
SV030,L,336,2,3,0,0,3,Response,,,,,,,,,,,,
SV030,L,337,3,0,1,0,0,Response,,,,,,,,,,,,
SV030,L,338,2,0,1,1,0,Response,,,,,,,,,,,,
SV030,L,339,2,3,0,1,3,Response,1491.1,1491.1,1023.2,1023.2,3764.0,3764.0,528.0,2.05,3.1,750.0,850.0,206.0
SV030,L,340,2,0,1,0,0,Response,,,,,,,,,,,,
SV030,L,341,3,0,0,1,0,Response,,,,,,,,,,,,
SV030,L,342,2,3,0,0,3,Response,1897.9,1897.9,1113.1,1113.1,3849.0,3849.0,2032.0,1.2,2.0,471.5,888.0,74.0
SV030,L,343,3,3,1,0,3,Response,,,,,,,,,,,,
SV030,L,344,3,0,0,1,0,Response,,,,,,,,,,,,
SV030,L,345,2,2,1,1,2,Response,,,,,,,,,,,,
SV030,L,346,3,2,0,0,2,Response,,,,,,,,,,,,
SV030,L,347,3,2,0,0,2,Response,,,,,,,,,,,,
SV030,L,348,3,3,1,1,3,Response,,,,,,,,,,,,
SV030,L,349,3,0,0,1,0,Response,,,,,,,,,,,,
SV030,L,350,3,0,1,0,0,Response,,,,,,,,1.2,1.2,1019.0,1019.0,194.0
SV030,L,351,3,3,0,0,3,Response,,,,,,,,,,,,
SV030,L,352,3,0,0,0,0,Response,,,,,,,,,,,,
SV030,L,353,2,2,0,1,2,Response,,,,,,,,,,,,
SV030,L,354,3,0,0,1,0,Response,,,,,,,,,,,,
SV030,L,355,3,0,1,1,0,Response,,,,,,,,,,,,
SV030,L,356,2,2,1,1,2,Response,,,,,,,,,,,,
SV030,L,357,2,2,1,1,2,Response,,,,,,,,1.6,1.6,851.0,851.0,148.0
SV030,L,358,3,2,1,1,2,Response,1840.7,1840.7,1226.3,1226.3,3417.0,3417.0,1236.0,0.65,1.1,1103.0,1113.0,175.0
SV030,L,359,2,2,0,1,2,Response,,,,,,,,,,,,
SV030,L,360,3,3,1,1,3,Response,,,,,,,,,,,,
SV030,L,361,3,2,1,0,2,Response,,,,,,,,,,,,
SV030,L,362,2,0,1,0,0,Response,,,,,,,,1.9,1.9,950.0,950.0,180.0
SV030,L,363,3,2,0,0,2,Response,,,,,,,,,,,,
SV030,L,364,2,0,0,1,0,Response,,,,,,,,,,,,
SV030,L,365,2,2,1,1,2,Response,,,,,,,,,,,,
SV030,L,366,3,3,1,1,3,Response,,,,,,,,,,,,
SV030,L,367,3,0,1,0,0,Response,,,,,,,,,,,,
SV030,L,368,3,0,1,1,0,Response,,,,,,,,,,,,
SV030,L,369,3,2,0,0,2,Response,,,,,,,,,,,,
SV030,L,370,2,0,0,0,0,Response,,,,,,,,,,,,
SV030,L,371,2,0,0,1,0,Response,,,,,,,,,,,,
SV030,L,372,2,3,1,1,3,Response,,,,,,,,2.1,2.1,893.0,893.0,210.0
SV030,L,373,3,3,0,0,3,Response,,,,,,,,,,,,
SV030,L,374,3,3,1,0,3,Response,,,,,,,,,,,,
SV030,L,375,2,2,1,0,2,Response,,,,,,,,,,,,
SV030,L,376,3,3,0,1,3,Response,,,,,,,,,,,,
SV030,L,377,2,2,0,1,2,Response,,,,,,,,,,,,
SV030,L,378,2,2,1,0,2,Response,,,,,,,,,,,,
SV030,L,379,3,2,0,0,2,Response,,,,,,,,,,,,
SV030,L,380,2,3,0,0,3,Response,,,,,,,,0.3,0.3,927.0,927.0,190.0
SV030,L,381,3,2,0,1,2,Response,,,,,,,,,,,,
SV030,L,382,3,2,0,1,2,Response,,,,,,,,,,,,
SV030,L,383,3,3,0,0,3,Response,,,,,,,,,,,,
SV030,L,384,3,3,0,1,3,Response,,,,,,,,0.4,0.4,55.0,55.0,10.0
SV030,L,385,3,0,1,1,0,Response,,,,,,,,,,,,
SV030,L,386,2,0,0,1,0,Response,,,,,,,,0.4,0.4,339.0,339.0,70.0
SV030,L,387,2,3,1,1,3,Response,,,,,,,,,,,,
SV030,L,388,2,0,1,0,0,Response,,,,,,,,,,,,
SV030,L,389,3,0,1,1,0,Response,,,,,,,,,,,,
SV030,L,390,2,3,0,0,3,Response,,,,,,,,0.3,0.3,1350.0,1350.0,198.0
SV030,L,391,2,0,1,0,0,Response,,,,,,,,,,,,
SV030,L,392,2,2,1,0,2,Response,,,,,,,,,,,,
SV030,L,393,2,0,0,1,0,Response,,,,,,,,,,,,
SV030,L,394,3,2,1,0,2,Response,1941.85,1986.8,953.95,956.8,3165.5,3288.0,645.0,0.8666666666666667,1.5,909.0,1539.0,112.66666666666667
SV030,L,395,3,0,0,0,0,Response,,,,,,,,,,,,
SV030,L,396,2,2,0,0,2,Response,,,,,,,,,,,,
SV030,L,397,2,2,0,0,2,Response,,,,,,,,,,,,
SV030,L,398,2,3,1,1,3,Response,,,,,,,,,,,,
SV030,L,399,3,3,1,0,3,Response,,,,,,,,,,,,
SV030,L,400,3,2,1,0,2,Response,,,,,,,,,,,,
SV030,L,401,2,0,0,0,0,Response,,,,,,,,0.8,0.8,1118.0,1118.0,180.0
SV030,L,402,3,0,0,1,0,Response,1965.6,1965.6,1098.7,1098.7,3566.0,3566.0,450.0,0.7,0.8,664.0,1268.0,87.0
SV030,L,403,3,3,1,0,3,Response,,,,,,,,,,,,
SV030,L,404,2,0,0,0,0,Response,,,,,,,,,,,,
SV030,L,405,2,0,1,1,0,Response,,,,,,,,,,,,
SV030,L,406,2,0,0,0,0,Response,1987.1,1987.1,1029.6,1029.6,3270.0,3270.0,430.0,1.3,1.6,890.0,1680.0,92.0
SV030,L,407,3,2,0,1,2,Response,,,,,,,,,,,,
SV030,L,408,2,3,1,1,3,Response,,,,,,,,,,,,
SV030,L,409,2,3,0,0,3,Response,,,,,,,,,,,,
SV030,L,410,2,0,1,1,0,Response,,,,,,,,,,,,
SV030,L,411,3,3,1,1,3,Response,,,,,,,,,,,,
SV030,L,412,2,3,0,1,3,Response,,,,,,,,,,,,
SV030,L,413,3,2,1,0,2,Response,,,,,,,,,,,,
SV030,L,414,3,0,1,0,0,Response,,,,,,,,,,,,
SV030,L,415,2,3,1,1,3,Response,,,,,,,,0.4,0.4,1012.0,1012.0,202.0
SV030,L,416,2,0,1,1,0,Response,,,,,,,,,,,,
SV030,L,417,2,2,1,0,2,Response,,,,,,,,,,,,
SV030,L,418,2,2,0,0,2,Response,1950.1,1950.1,839.8,839.8,2897.0,2897.0,230.0,3.0,4.3,638.0,920.0,182.0
SV030,L,419,3,0,0,0,0,Response,,,,,,,,0.6,0.6,959.0,959.0,180.0
SV030,L,420,3,3,1,0,3,Response,,,,,,,,,,,,
SV030,L,421,2,3,0,1,3,Response,,,,,,,,,,,,
SV030,L,422,3,2,1,0,2,Response,,,,,,,,,,,,
SV030,L,423,2,0,1,0,0,Response,,,,,,,,,,,,
SV030,L,424,2,2,0,1,2,Response,,,,,,,,,,,,
SV030,L,425,2,0,1,1,0,Response,,,,,,,,,,,,
SV030,L,426,2,3,1,1,3,Response,,,,,,,,,,,,
SV030,L,427,2,3,0,1,3,Response,1543.7,1543.7,881.8,881.8,3472.0,3472.0,68.0,2.95,5.2,397.0,736.0,145.0
SV030,L,428,2,3,1,0,3,Response,,,,,,,,,,,,
SV030,L,429,2,3,0,0,3,Response,,,,,,,,,,,,
SV030,L,430,3,3,0,1,3,Response,,,,,,,,,,,,
SV030,L,431,3,3,0,1,3,Response,,,,,,,,,,,,
SV030,L,432,2,0,0,0,0,Response,,,,,,,,,,,,
SV030,L,433,3,3,0,1,3,Response,,,,,,,,3.0,3.0,528.0,528.0,214.0
SV030,L,434,2,2,0,1,2,Response,,,,,,,,,,,,
SV030,L,435,3,2,1,1,2,Response,,,,,,,,,,,,
SV030,L,436,3,2,0,0,2,Response,,,,,,,,,,,,
SV030,L,437,3,0,1,0,0,Response,,,,,,,,,,,,
SV030,L,438,2,2,0,0,2,Response,,,,,,,,,,,,
SV030,L,439,3,0,1,0,0,Response,,,,,,,,0.5,0.5,63.0,63.0,10.0
SV030,L,440,2,2,1,1,2,Response,,,,,,,,0.7,0.7,970.0,970.0,152.0
SV030,L,441,3,2,0,0,2,Response,,,,,,,,,,,,
SV030,L,442,2,3,0,1,3,Response,,,,,,,,,,,,
SV030,L,443,3,2,1,1,2,Response,,,,,,,,,,,,
SV030,L,444,3,3,1,0,3,Response,,,,,,,,,,,,
SV030,L,445,3,2,0,0,2,Response,,,,,,,,0.4,0.4,390.0,390.0,170.0
SV030,L,446,2,3,1,0,3,Response,,,,,,,,,,,,
SV030,L,447,2,3,1,0,3,Response,,,,,,,,0.8,0.8,307.0,307.0,148.0
SV030,L,448,2,2,1,1,2,Response,,,,,,,,,,,,
SV030,L,449,2,3,0,0,3,Response,,,,,,,,,,,,
SV030,L,450,2,2,1,0,2,Response,,,,,,,,,,,,
SV030,L,451,2,3,0,1,3,Response,,,,,,,,0.6,0.6,983.0,983.0,148.0
SV030,L,452,2,2,0,0,2,Response,,,,,,,,,,,,
SV030,L,453,3,0,0,1,0,Response,,,,,,,,,,,,
SV030,L,454,3,3,0,1,3,Response,,,,,,,,,,,,
SV030,L,455,2,0,1,1,0,Response,,,,,,,,,,,,
SV030,L,456,2,0,0,1,0,Response,,,,,,,,0.1,0.1,337.0,337.0,158.0
SV030,L,457,2,3,0,0,3,Response,,,,,,,,,,,,
SV030,L,458,3,2,0,1,2,Response,,,,,,,,,,,,
SV030,L,459,2,0,0,0,0,Response,1947.0,1947.0,1148.0,1148.0,2518.0,2518.0,316.0,1.25,1.9,315.0,323.0,179.0
SV030,L,460,2,0,1,0,0,Response,,,,,,,,,,,,
SV030,L,461,3,0,0,0,0,Response,1778.6,1778.6,1209.0,1209.0,3118.0,3118.0,522.0,1.6,1.9,452.0,799.0,91.0
SV030,L,462,2,3,1,0,3,Response,,,,,,,,0.8,0.8,762.0,762.0,200.0
SV030,L,463,3,3,0,0,3,Response,,,,,,,,,,,,
SV030,L,464,2,2,1,1,2,Response,,,,,,,,,,,,
SV030,L,465,3,2,0,1,2,Response,,,,,,,,,,,,
SV030,L,466,2,0,1,0,0,Response,,,,,,,,,,,,
SV030,L,467,2,2,1,0,2,Response,,,,,,,,0.6,0.6,1637.0,1637.0,166.0
SV030,L,468,2,0,0,1,0,Response,,,,,,,,,,,,
SV030,L,469,2,3,0,1,3,Response,,,,,,,,,,,,
SV030,L,470,2,0,0,1,0,Response,,,,,,,,,,,,
SV030,L,471,3,0,1,0,0,Response,,,,,,,,1.2,1.2,319.0,319.0,150.0
SV030,L,472,3,2,1,1,2,Response,,,,,,,,0.9,0.9,451.0,451.0,198.0
SV030,L,473,3,2,0,1,2,Response,,,,,,,,1.0,1.0,1044.0,1044.0,142.0
SV030,L,474,2,0,1,0,0,Response,,,,,,,,,,,,
SV030,L,475,3,3,1,1,3,Response,,,,,,,,1.3,1.3,795.0,795.0,204.0
SV030,L,476,2,0,0,1,0,Response,,,,,,,,,,,,
SV030,L,477,2,3,1,1,3,Response,,,,,,,,0.1,0.1,301.0,301.0,258.0
SV030,L,478,3,0,0,0,0,Response,,,,,,,,,,,,
SV030,L,479,2,2,1,0,2,Response,,,,,,,,0.8,0.8,802.0,802.0,192.0
SV030,L,480,3,2,1,1,2,Response,,,,,,,,,,,,
SV030,R,1,2,2,0,0,2,Response,,,,,,,,,,,,
SV030,R,2,2,2,1,0,2,Response,1302.3666666666666,1910.9,1145.4666666666667,1197.0,3281.6666666666665,3312.0,724.6666666666666,3.7,7.1,411.5,1190.0,62.5
SV030,R,3,3,2,0,1,2,Response,,,,,,,,,,,,
SV030,R,4,3,3,0,0,3,Response,,,,,,,,,,,,
SV030,R,5,2,0,1,1,2,Response,,,,,,,,,,,,
SV030,R,6,2,3,1,1,3,Response,2581.8,2972.0,1127.575,1137.7,3478.0,3735.0,281.5,3.0,7.7,277.8,1007.0,57.2
SV030,R,7,2,3,1,1,3,Response,,,,,,,,,,,,
SV030,R,8,3,3,0,1,3,Response,,,,,,,,,,,,
SV030,R,9,2,3,1,1,2,Response,,,,,,,,,,,,
SV030,R,10,3,0,1,1,2,Response,2181.0,2181.0,1093.6,1093.6,3487.0,3487.0,192.0,0.85,1.0,67.5,76.0,15.0
SV030,R,11,2,0,1,0,2,Response,,,,,,,,,,,,
SV030,R,12,3,0,0,1,2,Response,,,,,,,,,,,,
SV030,R,13,2,3,1,0,2,Response,,,,,,,,,,,,
SV030,R,14,3,0,1,1,2,Response,,,,,,,,,,,,
SV030,R,15,2,0,0,0,2,Response,,,,,,,,,,,,
SV030,R,16,3,3,0,1,3,Response,,,,,,,,,,,,
SV030,R,17,2,3,0,0,2,Response,,,,,,,,,,,,
SV030,R,18,2,3,0,0,2,Response,,,,,,,,,,,,
SV030,R,19,3,3,0,0,3,Response,,,,,,,,,,,,
SV030,R,20,3,2,1,1,2,Response,,,,,,,,,,,,
SV030,R,21,2,0,1,1,2,Response,,,,,,,,,,,,
SV030,R,22,2,3,0,0,2,Response,,,,,,,,1.3,1.3,1043.0,1043.0,136.0
SV030,R,23,3,2,0,0,2,Response,,,,,,,,,,,,
SV030,R,24,3,3,1,1,3,Response,,,,,,,,,,,,
SV030,R,25,3,0,0,0,3,Response,,,,,,,,,,,,
SV030,R,26,2,3,0,1,2,Response,,,,,,,,,,,,
SV030,R,27,3,3,1,1,3,Response,,,,,,,,,,,,
SV030,R,28,2,2,1,0,2,Response,,,,,,,,,,,,
SV030,R,29,3,3,1,1,3,Response,,,,,,,,1.1,1.1,1176.0,1176.0,196.0
SV030,R,30,2,3,0,0,2,Response,,,,,,,,,,,,
SV030,R,31,2,0,0,1,2,Response,3054.5,3054.5,930.4,930.4,2753.0,2753.0,674.0,9.75,10.2,239.5,263.0,60.0
SV030,R,32,3,0,1,1,2,Response,,,,,,,,,,,,
SV030,R,33,2,2,0,0,2,Response,,,,,,,,,,,,
SV030,R,34,2,2,0,1,2,Response,,,,,,,,,,,,
SV030,R,35,2,3,0,0,2,Response,,,,,,,,,,,,
SV030,R,36,2,0,1,0,2,Response,,,,,,,,0.8,0.8,66.0,66.0,14.0
SV030,R,37,2,2,0,1,2,Response,,,,,,,,,,,,
SV030,R,38,2,2,1,0,2,Response,,,,,,,,,,,,
SV030,R,39,3,0,0,1,2,Response,,,,,,,,,,,,
SV030,R,40,3,0,1,0,3,Response,,,,,,,,,,,,
SV030,R,41,2,2,1,1,2,Response,,,,,,,,,,,,
SV030,R,42,2,3,0,0,2,Response,,,,,,,,,,,,
SV030,R,43,3,2,0,1,2,Response,,,,,,,,,,,,
SV030,R,44,3,0,1,1,2,Response,,,,,,,,4.1,4.1,149.0,149.0,34.0
SV030,R,45,3,0,1,0,3,Response,,,,,,,,0.7,0.7,66.0,66.0,14.0
SV030,R,46,2,2,1,1,2,Response,,,,,,,,,,,,
SV030,R,47,3,3,0,1,3,Response,,,,,,,,,,,,
SV030,R,48,3,2,1,0,2,Response,1442.76,1885.6,1065.1200000000001,1086.5,2768.6,2843.0,314.8,2.0,4.5,219.83333333333334,750.0,48.0
SV030,R,49,2,0,1,0,2,Response,,,,,,,,0.8,0.8,71.0,71.0,14.0
SV030,R,50,3,3,1,0,3,Response,,,,,,,,,,,,
SV030,R,51,3,3,0,0,3,Response,,,,,,,,,,,,
SV030,R,52,2,2,0,1,2,Response,,,,,,,,,,,,
SV030,R,53,3,3,1,0,3,Response,1742.5,1742.5,1099.8,1099.8,3484.0,3484.0,588.0,0.8,1.2,72.0,93.0,13.0
SV030,R,54,3,2,1,0,2,Response,,,,,,,,,,,,
SV030,R,55,2,0,0,0,2,Response,1737.5666666666666,1819.6,1060.7,1068.5,3140.3333333333335,3349.0,458.6666666666667,0.875,1.6,334.5,1154.0,50.5
SV030,R,56,3,3,1,0,3,Response,,,,,,,,,,,,
SV030,R,57,3,0,0,0,3,Response,,,,,,,,,,,,
SV030,R,58,3,2,0,1,2,Response,,,,,,,,,,,,
SV030,R,59,3,2,0,0,2,Response,1515.7,1515.7,978.6,978.6,2726.0,2726.0,626.0,0.8,1.1,59.5,66.0,16.0
SV030,R,60,3,2,1,1,2,Response,,,,,,,,,,,,
SV030,R,61,3,2,1,1,2,Response,,,,,,,,,,,,
SV030,R,62,3,3,1,1,3,Response,,,,,,,,0.8,0.8,1156.0,1156.0,162.0
SV030,R,63,2,0,0,1,2,Response,,,,,,,,,,,,
SV030,R,64,2,2,1,0,2,Response,,,,,,,,,,,,
SV030,R,65,2,2,0,1,2,Response,,,,,,,,0.6,0.6,1225.0,1225.0,182.0
SV030,R,66,2,0,0,1,2,Response,,,,,,,,0.7,0.7,69.0,69.0,12.0
SV030,R,67,2,3,0,1,3,Response,,,,,,,,,,,,
SV030,R,68,3,3,0,0,3,Response,,,,,,,,0.7,0.7,66.0,66.0,14.0
SV030,R,69,2,2,0,0,2,Response,1329.957142857143,1899.0,1003.0857142857143,1056.0,2861.5714285714284,3429.0,647.7142857142857,2.6625,8.2,206.5,877.0,44.75
SV030,R,70,3,3,0,0,3,Response,,,,,,,,,,,,
SV030,R,71,3,0,0,0,3,Response,,,,,,,,0.6,0.6,62.0,62.0,12.0
SV030,R,72,2,0,0,0,3,Response,,,,,,,,,,,,
SV030,R,73,2,0,0,0,2,Response,,,,,,,,0.6,0.6,65.0,65.0,12.0
SV030,R,74,2,2,0,1,2,Response,,,,,,,,,,,,
SV030,R,75,2,2,1,1,2,Response,,,,,,,,,,,,
SV030,R,76,2,0,1,0,2,Response,,,,,,,,,,,,
SV030,R,77,3,0,0,1,2,Response,,,,,,,,0.7,0.7,924.0,924.0,166.0
SV030,R,78,3,2,0,0,2,Response,,,,,,,,1.6,1.6,110.0,110.0,20.0
SV030,R,79,3,0,1,0,2,Response,1708.0,1708.0,1073.0,1073.0,3420.0,3420.0,398.0,0.65,0.8,62.5,69.0,12.0
SV030,R,80,3,3,0,1,3,Response,,,,,,,,1.1,1.1,952.0,952.0,136.0
SV030,R,81,3,0,1,0,3,Response,,,,,,,,,,,,
SV030,R,82,2,3,1,0,3,Response,1442.6200000000001,2232.8,1097.62,1145.0,2947.4,3061.0,546.8,3.5833333333333335,11.6,340.3333333333333,797.0,87.33333333333333
SV030,R,83,2,0,1,1,2,Response,1977.1,1977.1,1029.1,1029.1,3548.0,3548.0,548.0,2.15,3.8,95.0,129.0,23.0
SV030,R,84,3,3,0,0,3,Response,,,,,,,,0.8,0.8,72.0,72.0,14.0
SV030,R,85,2,3,1,0,3,Response,1197.6666666666667,1527.8,1090.8999999999999,1149.1,3338.3333333333335,3568.0,382.0,2.875,7.1,103.5,144.0,31.5
SV030,R,86,3,3,1,1,3,Response,,,,,,,,,,,,
SV030,R,87,2,3,0,1,2,Response,1976.9,2061.3,1019.25,1035.6,3033.0,3367.0,523.0,0.9,1.2,73.33333333333333,91.0,15.333333333333334
SV030,R,88,2,3,0,1,3,Response,,,,,,,,,,,,
SV030,R,89,3,3,1,0,3,Response,,,,,,,,,,,,
SV030,R,90,3,0,1,1,3,Response,2334.8,2846.9,1068.25,1110.8,2824.0,2927.0,428.5,3.3,9.2,233.0,734.0,51.6
SV030,R,91,2,2,1,0,2,Response,,,,,,,,,,,,
SV030,R,92,3,3,0,1,3,Response,2356.6,2910.0,1019.25,1033.8,2676.0,2698.0,702.0,5.8999999999999995,9.1,348.3333333333333,568.0,79.33333333333333
SV030,R,93,3,3,0,1,2,Response,,,,,,,,,,,,
SV030,R,94,3,2,1,1,2,Response,,,,,,,,,,,,
SV030,R,95,3,3,1,0,3,Response,1603.7,1603.7,1048.9,1048.9,3415.0,3415.0,616.0,1.15,1.3,76.5,79.0,19.0
SV030,R,96,2,0,1,0,2,Response,,,,,,,,0.6,0.6,63.0,63.0,12.0
SV030,R,97,2,2,1,1,2,Response,,,,,,,,,,,,
SV030,R,98,3,2,1,1,2,Response,2386.05,2652.6,1044.25,1046.3,2628.5,2847.0,401.0,3.633333333333333,7.1,139.33333333333334,207.0,30.666666666666668
SV030,R,99,2,3,1,1,3,Response,,,,,,,,0.4,0.4,521.0,521.0,120.0
SV030,R,100,2,0,0,0,2,Response,,,,,,,,,,,,
SV030,R,101,3,3,1,1,3,Response,,,,,,,,,,,,
SV030,R,102,3,0,1,1,2,Response,2438.5,2888.4,1052.1857142857143,1079.9,2729.4285714285716,2929.0,323.42857142857144,3.55,7.4,214.375,592.0,44.25
SV030,R,103,3,0,0,0,3,Response,,,,,,,,,,,,
SV030,R,104,3,3,1,1,3,Response,,,,,,,,,,,,
SV030,R,105,2,0,1,1,3,Response,2247.68,2869.9,1053.72,1079.5,2762.6,2915.0,569.6,2.8166666666666664,9.7,307.8333333333333,849.0,64.66666666666667
SV030,R,106,3,0,0,0,3,Response,,,,,,,,0.7,0.7,66.0,66.0,12.0
SV030,R,107,3,3,1,0,3,Response,1172.85,1341.5,1105.4499999999998,1124.1,2801.0,3070.0,457.0,3.1999999999999997,5.6,266.0,575.0,71.33333333333333
SV030,R,108,2,0,0,0,2,Response,,,,,,,,,,,,
SV030,R,109,3,3,1,0,2,Response,1521.4,1700.7,1071.2,1076.4,3123.0,3366.0,451.0,1.6000000000000003,2.2,257.0,586.0,60.0
SV030,R,110,3,0,0,1,2,Response,,,,,,,,,,,,
SV030,R,111,2,0,1,1,2,Response,,,,,,,,,,,,
SV030,R,112,3,0,0,0,3,Response,,,,,,,,,,,,
SV030,R,113,2,2,0,0,2,Response,,,,,,,,0.5,0.5,56.0,56.0,10.0
SV030,R,114,2,0,0,1,2,Response,,,,,,,,,,,,
SV030,R,115,3,2,0,1,2,Response,,,,,,,,,,,,
SV030,R,116,2,2,0,0,2,Response,,,,,,,,,,,,
SV030,R,117,3,2,0,1,2,Response,,,,,,,,,,,,
SV030,R,118,3,3,0,0,3,Response,,,,,,,,,,,,
SV030,R,119,2,0,1,0,2,Response,,,,,,,,,,,,
SV030,R,120,3,2,1,0,2,Response,1141.175,1415.8,1024.0249999999999,1095.3,2546.0,2915.0,286.5,2.54,3.5,242.2,628.0,57.2
SV030,R,121,2,0,1,0,2,Response,,,,,,,,,,,,
SV030,R,122,3,3,0,1,3,Response,,,,,,,,,,,,
SV030,R,123,3,3,0,0,3,Response,,,,,,,,,,,,
SV030,R,124,3,2,0,0,2,Response,,,,,,,,1.1,1.1,76.0,76.0,18.0
SV030,R,125,3,2,1,1,2,Response,2351.9,3013.8,1038.875,1055.6,2524.75,2804.0,438.0,3.6599999999999993,11.1,128.6,214.0,30.8
SV030,R,126,2,3,1,1,3,Response,,,,,,,,,,,,
SV030,R,127,3,0,1,1,2,Response,,,,,,,,0.4,0.4,54.0,54.0,10.0
SV030,R,128,2,0,0,1,2,Response,,,,,,,,1.3,1.3,1196.0,1196.0,172.0
SV030,R,129,2,2,0,1,2,Response,,,,,,,,,,,,
SV030,R,130,3,2,0,0,2,Response,,,,,,,,0.6,0.6,1108.0,1108.0,158.0
SV030,R,131,3,0,1,0,2,Response,1231.0,1231.0,1086.8,1086.8,2650.0,2650.0,688.0,4.25,4.9,135.0,153.0,42.0
SV030,R,132,3,2,1,0,2,Response,1356.4,1356.4,1048.0,1048.0,3211.0,3211.0,586.0,3.35,3.6,611.5,1000.0,99.0
SV030,R,133,3,2,1,1,2,Response,,,,,,,,,,,,
SV030,R,134,3,3,0,0,3,Response,,,,,,,,0.8,0.8,69.0,69.0,14.0
SV030,R,135,2,0,1,0,2,Response,1225.15,1656.1,1039.275,1067.0,2668.5,3192.0,222.0,2.38,4.7,210.0,659.0,51.2
SV030,R,136,2,2,1,0,2,Response,1646.55,1852.0,1020.65,1024.1,2751.0,3002.0,148.0,1.6000000000000003,2.2,90.0,112.0,21.333333333333332
SV030,R,137,3,2,1,0,2,Response,,,,,,,,,,,,
SV030,R,138,2,2,0,0,2,Response,,,,,,,,,,,,
SV030,R,139,3,2,0,0,2,Response,1284.0,1284.0,987.2,987.2,2271.0,2271.0,588.0,4.2,4.2,149.0,149.0,38.0
SV030,R,140,3,3,0,1,2,Response,,,,,,,,,,,,
SV030,R,141,2,3,0,1,3,Response,,,,,,,,,,,,
SV030,R,142,2,2,1,0,2,Response,,,,,,,,,,,,
SV030,R,143,3,3,1,1,3,Response,,,,,,,,,,,,
SV030,R,144,3,3,1,0,3,Response,1602.0,1602.0,972.5,972.5,2957.0,2957.0,124.0,0.6,0.6,63.0,63.0,12.0
SV030,R,145,2,2,1,0,2,Response,,,,,,,,,,,,
SV030,R,146,2,3,1,0,2,Response,,,,,,,,0.4,0.4,55.0,55.0,10.0
SV030,R,147,3,3,0,1,2,Response,2223.157142857143,2953.5,960.2285714285715,1002.3,2618.4285714285716,2807.0,567.7142857142857,3.0625,7.8,393.875,1089.0,83.25
SV030,R,148,3,0,0,0,3,Response,,,,,,,,,,,,
SV030,R,149,3,2,1,1,2,Response,,,,,,,,,,,,
SV030,R,150,2,0,1,0,2,Response,,,,,,,,,,,,
SV030,R,151,2,0,0,1,2,Response,,,,,,,,,,,,
SV030,R,152,3,2,1,0,2,Response,,,,,,,,0.7,0.7,1266.0,1266.0,192.0
SV030,R,153,3,2,0,0,2,Response,,,,,,,,,,,,
SV030,R,154,2,3,1,0,2,Response,,,,,,,,,,,,
SV030,R,155,3,0,0,0,3,Response,,,,,,,,,,,,
SV030,R,156,2,3,1,0,3,Response,,,,,,,,,,,,
SV030,R,157,3,3,1,1,3,Response,,,,,,,,,,,,
SV030,R,158,3,0,1,0,3,Response,,,,,,,,,,,,
SV030,R,159,3,3,0,0,3,Response,947.2,947.2,977.7,977.7,2269.0,2269.0,440.0,4.0,4.6,151.0,167.0,34.0
SV030,R,160,3,0,0,1,2,Response,,,,,,,,,,,,
SV030,R,161,3,2,1,0,2,Response,1274.78,1573.4,985.4200000000001,1054.7,2513.2,2827.0,225.6,3.3833333333333333,4.8,436.0,774.0,90.33333333333333
SV030,R,162,2,2,0,1,2,Response,,,,,,,,,,,,
SV030,R,163,3,0,0,1,2,Response,,,,,,,,,,,,
SV030,R,164,3,2,0,1,2,Response,2175.94,2901.0,973.3399999999999,1027.2,2590.4,2691.0,307.2,4.783333333333333,9.0,173.83333333333334,272.0,32.333333333333336
SV030,R,165,2,2,0,0,2,Response,,,,,,,,,,,,
SV030,R,166,2,0,0,1,2,Response,,,,,,,,,,,,
SV030,R,167,2,0,1,1,2,Response,,,,,,,,,,,,
SV030,R,168,2,2,1,1,2,Response,,,,,,,,,,,,
SV030,R,169,2,3,1,1,3,Response,,,,,,,,,,,,
SV030,R,170,2,3,0,1,3,Response,,,,,,,,,,,,
SV030,R,171,3,0,0,1,2,Response,,,,,,,,,,,,
SV030,R,172,2,3,0,0,2,Response,1590.5,1590.5,1025.5,1025.5,3128.0,3128.0,472.0,1.3,1.5,558.5,1029.0,90.0
SV030,R,173,2,3,1,1,3,Response,,,,,,,,,,,,
SV030,R,174,2,3,0,1,3,Response,,,,,,,,,,,,
SV030,R,175,2,3,1,1,3,Response,,,,,,,,0.7,0.7,732.0,732.0,126.0
SV030,R,176,2,3,0,1,3,Response,2784.1,2784.1,1054.2,1054.2,2651.0,2651.0,166.0,7.699999999999999,7.8,198.5,220.0,54.0
SV030,R,177,3,2,0,0,2,Response,,,,,,,,,,,,
SV030,R,178,3,2,0,0,2,Response,,,,,,,,,,,,
SV030,R,179,3,3,0,1,2,Response,,,,,,,,0.4,0.4,853.0,853.0,170.0
SV030,R,180,2,2,1,1,2,Response,2138.9,2456.7,1034.6333333333334,1063.2,3010.0,3178.0,426.0,2.875,6.0,534.5,1087.0,84.5
SV030,R,181,3,2,0,1,2,Response,,,,,,,,,,,,
SV030,R,182,2,0,0,0,2,Response,1842.8,1842.8,1077.2,1077.2,3625.0,3625.0,736.0,0.45,0.5,58.0,62.0,10.0
SV030,R,183,2,3,0,1,2,Response,,,,,,,,,,,,
SV030,R,184,2,3,1,0,2,Response,1652.4,1652.4,1069.5,1069.5,3289.0,3289.0,214.0,1.15,1.4,622.5,1165.0,90.0
SV030,R,185,2,0,0,1,2,Response,,,,,,,,0.4,0.4,52.0,52.0,10.0
SV030,R,186,2,2,1,0,2,Response,,,,,,,,,,,,
SV030,R,187,2,0,1,1,2,Response,,,,,,,,,,,,
SV030,R,188,2,3,1,1,3,Response,,,,,,,,,,,,
SV030,R,189,2,3,0,0,3,Response,,,,,,,,,,,,
SV030,R,190,3,2,0,1,2,Response,,,,,,,,,,,,
SV030,R,191,2,3,1,0,3,Response,1601.05,1654.8,1057.65,1062.9,3232.0,3250.0,134.0,1.0666666666666667,1.7,312.0,757.0,76.66666666666667
SV030,R,192,3,2,0,1,2,Response,,,,,,,,,,,,
SV030,R,193,3,0,1,1,2,Response,,,,,,,,,,,,
SV030,R,194,2,3,1,1,3,Response,,,,,,,,,,,,
SV030,R,195,2,2,1,0,2,Response,,,,,,,,,,,,
SV030,R,196,3,0,1,0,2,Response,,,,,,,,,,,,
SV030,R,197,2,0,1,1,2,Response,,,,,,,,,,,,
SV030,R,198,2,3,0,0,2,Response,1257.5333333333333,1427.8,960.3333333333334,986.6,2221.6666666666665,2237.0,365.3333333333333,1.075,1.7,151.75,381.0,52.0
SV030,R,199,3,2,0,0,2,Response,,,,,,,,0.4,0.4,1151.0,1151.0,186.0
SV030,R,200,3,0,1,0,2,Response,,,,,,,,,,,,
SV030,R,201,2,3,0,1,3,Response,,,,,,,,,,,,
SV030,R,202,2,0,0,0,3,Response,,,,,,,,,,,,
SV030,R,203,3,3,1,0,3,Response,,,,,,,,0.6,0.6,1044.0,1044.0,166.0
SV030,R,204,3,0,0,1,2,Response,,,,,,,,1.1,1.1,956.0,956.0,176.0
SV030,R,205,2,2,1,1,2,Response,,,,,,,,0.9,0.9,74.0,74.0,16.0
SV030,R,206,2,0,0,0,2,Response,,,,,,,,,,,,
SV030,R,207,2,3,1,0,2,Response,,,,,,,,,,,,
SV030,R,208,2,0,0,1,2,Response,,,,,,,,,,,,
SV030,R,209,3,0,1,0,2,Response,,,,,,,,,,,,
SV030,R,210,2,0,1,1,2,Response,,,,,,,,,,,,
SV030,R,211,3,2,1,1,2,Response,,,,,,,,,,,,
SV030,R,212,2,2,0,0,2,Response,,,,,,,,,,,,
SV030,R,213,3,0,1,1,2,Response,1808.1,1808.1,1100.8,1100.8,3026.0,3026.0,270.0,0.1,0.1,1244.0,1244.0,156.0
SV030,R,214,3,2,1,0,2,Response,,,,,,,,,,,,
SV030,R,215,2,0,0,1,2,Response,,,,,,,,,,,,
SV030,R,216,3,0,1,1,2,Response,,,,,,,,,,,,
SV030,R,217,3,2,1,1,2,Response,2250.48,2623.7,1036.06,1047.0,2388.0,2811.0,177.6,0.9,1.1,220.0,814.0,44.8
SV030,R,218,3,2,1,0,2,Response,1630.3,1630.3,1071.2,1071.2,3265.0,3265.0,212.0,1.4,1.4,92.0,100.0,19.0
SV030,R,219,2,2,0,0,2,Response,,,,,,,,,,,,
SV030,R,220,2,2,0,0,2,Response,,,,,,,,,,,,
SV030,R,221,2,2,1,1,2,Response,,,,,,,,1.1,1.1,86.0,86.0,16.0
SV030,R,222,2,3,1,0,2,Response,,,,,,,,,,,,
SV030,R,223,3,2,1,0,2,Response,,,,,,,,1.5,1.5,1048.0,1048.0,166.0
SV030,R,224,3,0,0,0,3,Response,933.0,933.0,1030.3,1030.3,2478.0,2478.0,494.0,5.25,6.6,395.5,650.0,110.0
SV030,R,225,2,2,0,1,2,Response,,,,,,,,,,,,
SV030,R,226,3,0,0,1,2,Response,,,,,,,,,,,,
SV030,R,227,2,2,1,1,2,Response,2252.32,2654.3,993.5,1012.8,2233.8,2328.0,358.8,2.3833333333333333,8.2,214.0,576.0,61.666666666666664
SV030,R,228,2,0,1,0,2,Response,1679.4,1679.4,975.5,975.5,2340.0,2340.0,286.0,0.7,0.9,58.0,66.0,14.0
SV030,R,229,3,0,1,0,3,Response,1689.35,1840.3,1096.8,1105.6,2738.0,2777.0,498.0,1.9333333333333333,3.9,99.0,160.0,20.666666666666668
SV030,R,230,3,0,0,1,2,Response,,,,,,,,,,,,
SV030,R,231,3,3,1,1,3,Response,2457.25,2656.6,1018.925,1057.5,2428.25,2877.0,288.0,1.86,4.0,95.2,151.0,22.0
SV030,R,232,2,2,1,1,2,Response,2522.7400000000002,2962.6,995.7,1026.3,2478.4,2573.0,419.2,2.15,7.4,209.0,755.0,51.0
SV030,R,233,3,2,0,1,2,Response,2159.1,2159.1,1023.3,1023.3,2789.0,2789.0,138.0,0.85,1.2,66.5,74.0,16.0
SV030,R,234,2,2,0,1,2,Response,2537.1666666666665,2900.5,1009.8000000000001,1017.7,2321.3333333333335,2795.0,606.6666666666666,5.1000000000000005,8.6,154.66666666666666,236.0,38.666666666666664
SV030,R,235,2,0,1,1,2,Response,,,,,,,,,,,,
SV030,R,236,2,2,0,1,2,Response,1911.3,2004.0,981.15,1031.6,2506.5,2849.0,559.0,0.9333333333333332,1.4,358.3333333333333,928.0,56.666666666666664
SV030,R,237,2,0,0,0,1,Response,,,,,,,,0.6,0.6,66.0,66.0,12.0
SV030,R,238,3,0,0,0,3,Response,,,,,,,,,,,,
SV030,R,239,3,3,1,0,3,Response,1077.95,1447.9,1108.4,1141.2,3077.0,3095.0,275.0,5.133333333333334,9.0,371.3333333333333,814.0,100.0
SV030,R,240,2,3,0,0,2,Response,892.55,913.2,921.05,1007.4,2398.0,2416.0,637.0,5.166666666666667,6.9,413.3333333333333,852.0,73.33333333333333
SV030,R,241,3,0,1,0,0,Response,,,,,,,,,,,,
SV030,R,242,3,3,1,0,3,Response,,,,,,,,0.7,0.7,1181.0,1181.0,162.0
SV030,R,243,2,2,1,0,2,Response,,,,,,,,,,,,
SV030,R,244,3,2,1,1,2,Response,,,,,,,,,,,,
SV030,R,245,2,2,0,1,2,Response,,,,,,,,,,,,
SV030,R,246,2,0,1,1,0,Response,,,,,,,,,,,,
SV030,R,247,2,3,0,0,3,Response,,,,,,,,1.3,1.3,1032.0,1032.0,148.0
SV030,R,248,3,2,0,1,2,Response,,,,,,,,,,,,
SV030,R,249,3,3,1,0,3,Response,,,,,,,,,,,,
SV030,R,250,2,2,1,1,2,Response,,,,,,,,0.5,0.5,52.0,52.0,12.0
SV030,R,251,2,2,0,1,2,Response,,,,,,,,1.1,1.1,960.0,960.0,182.0
SV030,R,252,2,3,1,0,3,Response,,,,,,,,,,,,
SV030,R,253,2,3,0,1,3,Response,,,,,,,,1.8,1.8,1148.0,1148.0,170.0
SV030,R,254,2,3,1,0,3,Response,,,,,,,,,,,,
SV030,R,255,3,0,1,0,0,Response,,,,,,,,,,,,
SV030,R,256,3,3,0,1,3,Response,,,,,,,,,,,,
SV030,R,257,2,3,0,1,3,Response,,,,,,,,2.2,2.2,1134.0,1134.0,132.0
SV030,R,258,2,3,1,0,3,Response,,,,,,,,0.8,0.8,72.0,72.0,14.0
SV030,R,259,3,2,0,1,2,Response,,,,,,,,,,,,
SV030,R,260,3,3,0,0,3,Response,,,,,,,,,,,,
SV030,R,261,3,2,1,1,2,Response,,,,,,,,,,,,
SV030,R,262,2,2,0,1,2,Response,,,,,,,,,,,,
SV030,R,263,2,3,1,1,3,Response,,,,,,,,0.6,0.6,961.0,961.0,148.0
SV030,R,264,3,0,0,1,0,Response,,,,,,,,,,,,
SV030,R,265,2,2,1,0,2,Response,,,,,,,,,,,,
SV030,R,266,2,3,1,1,3,Response,,,,,,,,,,,,
SV030,R,267,3,2,1,1,2,Response,2003.6,2003.6,976.6,976.6,2867.0,2867.0,990.0,1.7,2.3,468.5,860.0,152.0
SV030,R,268,3,0,0,0,0,Response,,,,,,,,,,,,
SV030,R,269,2,3,0,0,3,Response,,,,,,,,,,,,
SV030,R,270,2,3,0,0,3,Response,,,,,,,,,,,,
SV030,R,271,2,0,1,0,0,Response,,,,,,,,1.2,1.2,799.0,799.0,222.0
SV030,R,272,2,0,1,1,0,Response,,,,,,,,,,,,
SV030,R,273,2,3,0,1,3,Response,,,,,,,,0.8,0.8,1112.0,1112.0,152.0
SV030,R,274,3,0,1,0,0,Response,,,,,,,,,,,,
SV030,R,275,3,0,0,1,0,Response,,,,,,,,,,,,
SV030,R,276,2,2,0,0,2,Response,,,,,,,,0.5,0.5,1025.0,1025.0,158.0
SV030,R,277,3,2,1,1,2,Response,,,,,,,,0.6,0.6,871.0,871.0,178.0
SV030,R,278,2,0,1,0,0,Response,,,,,,,,,,,,
SV030,R,279,2,0,0,1,0,Response,,,,,,,,2.1,2.1,911.0,911.0,192.0
SV030,R,280,2,2,0,0,2,Response,1704.5,1704.5,941.4,941.4,2315.0,2315.0,266.0,1.35,2.1,451.0,838.0,89.0
SV030,R,281,2,2,1,0,2,Response,,,,,,,,,,,,
SV030,R,282,3,0,1,0,0,Response,,,,,,,,,,,,
SV030,R,283,2,2,0,0,2,Response,,,,,,,,,,,,
SV030,R,284,3,3,1,1,3,Response,,,,,,,,1.6,1.6,815.0,815.0,182.0
SV030,R,285,2,2,0,1,2,Response,,,,,,,,,,,,
SV030,R,286,3,0,0,0,0,Response,,,,,,,,,,,,
SV030,R,287,2,0,0,0,0,Response,1092.3,1092.3,900.4,900.4,3119.0,3119.0,258.0,6.95,7.9,1018.0,1026.0,166.0
SV030,R,288,2,3,0,0,3,Response,,,,,,,,0.5,0.5,60.0,60.0,10.0
SV030,R,289,3,0,0,0,0,Response,,,,,,,,1.3,1.3,1002.0,1002.0,214.0
SV030,R,290,2,3,1,1,3,Response,,,,,,,,,,,,
SV030,R,291,2,0,1,0,0,Response,,,,,,,,2.0,2.0,954.0,954.0,174.0
SV030,R,292,3,0,0,0,0,Response,,,,,,,,1.6,1.6,1068.0,1068.0,166.0
SV030,R,293,3,3,1,0,3,Response,,,,,,,,1.6,1.6,1170.0,1170.0,180.0
SV030,R,294,3,2,1,1,2,Response,,,,,,,,2.0,2.0,884.0,884.0,156.0
SV030,R,295,3,3,0,0,3,Response,,,,,,,,2.1,2.1,946.0,946.0,198.0
SV030,R,296,2,3,0,1,3,Response,1858.9,1858.9,820.4,820.4,2638.0,2638.0,514.0,2.05,2.2,635.5,1146.0,92.0
SV030,R,297,3,2,0,1,2,Response,,,,,,,,1.7,1.7,1005.0,1005.0,192.0
SV030,R,298,3,3,0,0,3,Response,,,,,,,,1.7,1.7,860.0,860.0,148.0
SV030,R,299,3,2,1,1,2,Response,,,,,,,,2.4,2.4,1013.0,1013.0,186.0
SV030,R,300,3,2,1,0,2,Response,,,,,,,,1.3,1.3,827.0,827.0,178.0
SV030,R,301,3,3,1,1,3,Response,,,,,,,,,,,,
SV030,R,302,2,0,1,1,0,Response,,,,,,,,,,,,
SV030,R,303,3,2,1,1,2,Response,1750.5,1750.5,997.1,997.1,3181.0,3181.0,508.0,1.8,2.7,589.0,1096.0,82.0
SV030,R,304,3,3,0,1,3,Response,,,,,,,,,,,,
SV030,R,305,3,2,0,0,2,Response,,,,,,,,1.3,1.3,1116.0,1116.0,178.0
SV030,R,306,2,2,1,0,2,Response,,,,,,,,3.0,3.0,1006.0,1006.0,184.0
SV030,R,307,3,2,0,1,2,Response,,,,,,,,,,,,
SV030,R,308,3,2,0,0,2,Response,,,,,,,,,,,,
SV030,R,309,3,0,1,0,0,Response,,,,,,,,1.0,1.0,898.0,898.0,170.0
SV030,R,310,3,3,1,1,3,Response,,,,,,,,,,,,
SV030,R,311,2,3,1,0,3,Response,,,,,,,,2.4,2.4,1257.0,1257.0,184.0
SV030,R,312,2,2,0,0,2,Response,,,,,,,,,,,,
SV030,R,313,3,0,1,1,0,Response,,,,,,,,,,,,
SV030,R,314,3,0,0,1,0,Response,,,,,,,,1.2,1.2,1168.0,1168.0,144.0
SV030,R,315,3,3,1,0,3,Response,,,,,,,,,,,,
SV030,R,316,3,3,0,1,3,Response,,,,,,,,0.9,0.9,1004.0,1004.0,180.0
SV030,R,317,2,0,1,1,0,Response,,,,,,,,,,,,
SV030,R,318,2,2,1,1,2,Response,,,,,,,,0.9,0.9,1008.0,1008.0,152.0
SV030,R,319,2,3,1,0,3,Response,,,,,,,,1.2,1.2,1054.0,1054.0,186.0
SV030,R,320,3,2,1,0,2,Response,,,,,,,,,,,,
SV030,R,321,3,3,1,1,3,Response,1798.3,1798.3,970.9,970.9,2739.0,2739.0,472.0,1.25,1.3,540.5,993.0,98.0
SV030,R,322,3,3,1,0,3,Response,,,,,,,,,,,,
SV030,R,323,3,0,0,0,0,Response,,,,,,,,,,,,
SV030,R,324,2,3,1,1,3,Response,1833.8,1833.8,840.1,840.1,2802.0,2802.0,1180.0,1.4,2.1,582.0,1101.0,120.0
SV030,R,325,2,2,0,0,2,Response,,,,,,,,1.6,1.6,757.0,757.0,190.0
SV030,R,326,2,3,1,0,3,Response,,,,,,,,2.0,2.0,1146.0,1146.0,184.0
SV030,R,327,2,2,0,0,2,Response,,,,,,,,1.4,1.4,561.0,561.0,164.0
SV030,R,328,3,3,1,1,3,Response,,,,,,,,,,,,
SV030,R,329,3,2,1,0,2,Response,,,,,,,,2.2,2.2,745.0,745.0,200.0
SV030,R,330,2,3,1,0,3,Response,,,,,,,,2.9,2.9,1028.0,1028.0,200.0
SV030,R,331,2,2,1,1,2,Response,,,,,,,,0.8,0.8,706.0,706.0,206.0
SV030,R,332,2,0,1,0,0,Response,,,,,,,,,,,,
SV030,R,333,3,0,0,1,0,Response,,,,,,,,1.4,1.4,811.0,811.0,180.0
SV030,R,334,3,3,0,0,3,Response,,,,,,,,1.5,1.5,825.0,825.0,170.0
SV030,R,335,2,3,1,0,3,Response,,,,,,,,2.2,2.2,703.0,703.0,210.0
SV030,R,336,2,3,0,0,3,Response,,,,,,,,0.8,0.8,687.0,687.0,196.0
SV030,R,337,2,3,1,0,3,Response,,,,,,,,,,,,
SV030,R,338,3,0,1,1,0,Response,,,,,,,,1.5,1.5,789.0,789.0,222.0
SV030,R,339,3,0,0,1,0,Response,,,,,,,,2.1,2.1,740.0,740.0,208.0
SV030,R,340,3,3,1,0,3,Response,,,,,,,,1.4,1.4,759.0,759.0,190.0
SV030,R,341,3,3,1,1,3,Response,,,,,,,,,,,,
SV030,R,342,3,0,0,0,0,Response,,,,,,,,0.8,0.8,1001.0,1001.0,152.0
SV030,R,343,2,0,0,0,0,Response,,,,,,,,2.6,2.6,1253.0,1253.0,176.0
SV030,R,344,2,0,1,0,0,Response,,,,,,,,,,,,
SV030,R,345,2,0,1,0,0,Response,,,,,,,,,,,,
SV030,R,346,3,3,0,1,3,Response,,,,,,,,0.7,0.7,824.0,824.0,180.0
SV030,R,347,3,3,0,0,3,Response,,,,,,,,,,,,
SV030,R,348,2,3,0,1,3,Response,,,,,,,,1.5,1.5,751.0,751.0,192.0
SV030,R,349,3,2,0,1,2,Response,,,,,,,,,,,,
SV030,R,350,3,0,0,0,0,Response,,,,,,,,,,,,
SV030,R,351,2,3,0,0,3,Response,1714.9,1714.9,920.0,920.0,2400.0,2400.0,686.0,2.1,3.6,406.5,756.0,168.0
SV030,R,352,3,0,1,0,0,Response,,,,,,,,,,,,
SV030,R,353,3,2,1,0,2,Response,,,,,,,,1.3,1.3,1012.0,1012.0,214.0
SV030,R,354,3,0,1,1,0,Response,,,,,,,,,,,,
SV030,R,355,2,2,0,1,2,Response,,,,,,,,1.5,1.5,560.0,560.0,194.0
SV030,R,356,3,2,1,0,2,Response,,,,,,,,1.7,1.7,767.0,767.0,198.0
SV030,R,357,3,3,1,0,3,Response,,,,,,,,1.9,1.9,438.0,438.0,204.0
SV030,R,358,2,0,1,1,0,Response,,,,,,,,2.9,2.9,859.0,859.0,192.0
SV030,R,359,2,2,0,0,2,Response,,,,,,,,,,,,
SV030,R,360,2,2,1,0,2,Response,,,,,,,,,,,,
SV030,R,361,2,3,0,1,3,Response,,,,,,,,,,,,
SV030,R,362,2,2,1,1,2,Response,,,,,,,,0.7,0.7,1102.0,1102.0,150.0
SV030,R,363,2,3,1,1,3,Response,,,,,,,,,,,,
SV030,R,364,2,0,0,1,0,Response,,,,,,,,,,,,
SV030,R,365,3,0,0,1,0,Response,1815.6,1841.2,1033.15,1052.3,3136.5,3222.0,446.0,0.9,1.2,703.6666666666666,1079.0,106.66666666666667
SV030,R,366,2,2,0,1,2,Response,,,,,,,,0.6,0.6,1105.0,1105.0,142.0
SV030,R,367,2,0,0,1,0,Response,,,,,,,,0.8,0.8,1016.0,1016.0,146.0
SV030,R,368,2,2,1,0,2,Response,1937.9,1937.9,1032.5,1032.5,3187.0,3187.0,372.0,0.95,1.4,974.5,1892.0,84.0
SV030,R,369,3,0,0,1,0,Response,,,,,,,,,,,,
SV030,R,370,3,2,0,1,2,Response,,,,,,,,0.6,0.6,1141.0,1141.0,162.0
SV030,R,371,3,2,0,1,2,Response,,,,,,,,,,,,
SV030,R,372,2,2,0,0,2,Response,1591.5333333333335,1745.9,944.2333333333332,1014.8,3444.3333333333335,3539.0,264.6666666666667,2.575,5.8,995.75,1669.0,139.0
SV030,R,373,3,3,0,0,3,Response,,,,,,,,,,,,
SV030,R,374,2,0,0,0,0,Response,,,,,,,,1.1,1.1,1305.0,1305.0,160.0
SV030,R,375,2,0,0,0,0,Response,,,,,,,,,,,,
SV030,R,376,3,0,0,0,0,Response,,,,,,,,,,,,
SV030,R,377,2,0,0,1,0,Response,,,,,,,,0.8,0.8,1124.0,1124.0,168.0
SV030,R,378,3,0,1,1,0,Response,,,,,,,,,,,,
SV030,R,379,3,0,1,1,0,Response,,,,,,,,,,,,
SV030,R,380,3,0,1,1,0,Response,,,,,,,,,,,,
SV030,R,381,3,0,1,1,0,Response,,,,,,,,1.2,1.2,954.0,954.0,184.0
SV030,R,382,3,3,1,1,3,Response,,,,,,,,,,,,
SV030,R,383,3,0,1,0,0,Response,,,,,,,,1.7,1.7,947.0,947.0,178.0
SV030,R,384,3,2,0,0,2,Response,,,,,,,,0.2,0.2,1128.0,1128.0,154.0
SV030,R,385,3,3,1,0,3,Response,,,,,,,,1.1,1.1,2953.0,2953.0,160.0
SV030,R,386,2,3,1,1,3,Response,,,,,,,,,,,,
SV030,R,387,3,2,0,1,2,Response,,,,,,,,,,,,
SV030,R,388,3,0,1,1,0,Response,,,,,,,,,,,,
SV030,R,389,2,0,0,1,0,Response,,,,,,,,,,,,
SV030,R,390,2,2,1,0,2,Response,,,,,,,,1.2,1.2,1176.0,1176.0,156.0
SV030,R,391,3,2,0,0,2,Response,,,,,,,,,,,,
SV030,R,392,3,3,0,1,3,Response,,,,,,,,,,,,
SV030,R,393,3,0,0,1,0,Response,,,,,,,,,,,,
SV030,R,394,3,2,0,0,2,Response,1817.6,1817.6,965.5,965.5,2865.0,2865.0,436.0,0.8,1.0,571.0,1084.0,85.0
SV030,R,395,2,0,0,0,0,Response,1431.65,1643.5,919.15,950.8,3077.5,3080.0,323.0,3.0,7.2,674.3333333333334,1108.0,138.0
SV030,R,396,3,3,0,0,3,Response,,,,,,,,0.1,0.1,1080.0,1080.0,164.0
SV030,R,397,2,0,0,1,0,Response,,,,,,,,,,,,
SV030,R,398,2,0,1,1,0,Response,,,,,,,,,,,,
SV030,R,399,3,3,0,1,3,Response,,,,,,,,0.4,0.4,1245.0,1245.0,156.0
SV030,R,400,2,0,1,0,0,Response,,,,,,,,,,,,
SV030,R,401,2,0,0,1,0,Response,,,,,,,,0.5,0.5,945.0,945.0,122.0
SV030,R,402,3,2,0,0,2,Response,,,,,,,,,,,,
SV030,R,403,3,2,0,0,2,Response,,,,,,,,1.5,1.5,1119.0,1119.0,174.0
SV030,R,404,2,0,0,0,0,Response,,,,,,,,,,,,
SV030,R,405,2,0,0,0,0,Response,,,,,,,,1.2,1.2,1221.0,1221.0,168.0
SV030,R,406,3,0,1,0,0,Response,,,,,,,,,,,,
SV030,R,407,2,3,0,0,3,Response,,,,,,,,0.6,0.6,1026.0,1026.0,182.0
SV030,R,408,3,2,1,0,2,Response,,,,,,,,,,,,
SV030,R,409,3,2,1,0,2,Response,,,,,,,,1.4,1.4,998.0,998.0,176.0
SV030,R,410,3,3,0,1,3,Response,,,,,,,,1.1,1.1,1158.0,1158.0,166.0
SV030,R,411,3,0,0,0,0,Response,,,,,,,,,,,,
SV030,R,412,2,0,1,1,0,Response,,,,,,,,1.6,1.6,1178.0,1178.0,192.0
SV030,R,413,2,3,1,1,3,Response,,,,,,,,1.4,1.4,1141.0,1141.0,178.0
SV030,R,414,2,0,0,1,0,Response,,,,,,,,,,,,
SV030,R,415,3,2,0,0,2,Response,,,,,,,,1.0,1.0,1094.0,1094.0,160.0
SV030,R,416,3,3,1,0,3,Response,,,,,,,,0.9,0.9,976.0,976.0,184.0
SV030,R,417,3,2,1,1,2,Response,,,,,,,,1.6,1.6,1373.0,1373.0,156.0
SV030,R,418,2,3,0,0,3,Response,,,,,,,,,,,,
SV030,R,419,2,2,1,1,2,Response,,,,,,,,1.5,1.5,1204.0,1204.0,174.0
SV030,R,420,3,3,1,1,3,Response,,,,,,,,1.3,1.3,1167.0,1167.0,130.0
SV030,R,421,2,3,0,0,3,Response,,,,,,,,,,,,
SV030,R,422,3,2,0,0,2,Response,,,,,,,,,,,,
SV030,R,423,2,3,0,1,3,Response,,,,,,,,1.1,1.1,1017.0,1017.0,170.0
SV030,R,424,2,0,1,1,0,Response,,,,,,,,,,,,
SV030,R,425,3,3,0,1,3,Response,1748.3,1748.3,865.1,865.1,2920.0,2920.0,302.0,2.55,4.0,648.0,1214.0,100.0
SV030,R,426,2,2,1,1,2,Response,,,,,,,,1.2,1.2,908.0,908.0,200.0
SV030,R,427,3,2,1,0,2,Response,1603.4,1603.4,1028.4,1028.4,3287.0,3287.0,418.0,2.0999999999999996,2.3,591.0,1057.0,110.0
SV030,R,428,2,2,0,1,2,Response,,,,,,,,0.4,0.4,1066.0,1066.0,184.0
SV030,R,429,3,2,1,1,2,Response,,,,,,,,0.9,0.9,1122.0,1122.0,174.0
SV030,R,430,2,0,1,0,0,Response,,,,,,,,,,,,
SV030,R,431,3,2,0,0,2,Response,,,,,,,,0.8,0.8,847.0,847.0,182.0
SV030,R,432,2,2,1,1,2,Response,,,,,,,,0.7,0.7,1013.0,1013.0,158.0
SV030,R,433,3,3,0,0,3,Response,,,,,,,,0.9,0.9,1050.0,1050.0,190.0
SV030,R,434,3,2,1,0,2,Response,,,,,,,,0.9,0.9,1098.0,1098.0,224.0
SV030,R,435,3,3,0,0,3,Response,,,,,,,,0.6,0.6,1023.0,1023.0,182.0
SV030,R,436,3,3,0,1,3,Response,,,,,,,,,,,,
SV030,R,437,2,3,1,1,3,Response,,,,,,,,,,,,
SV030,R,438,3,0,1,0,0,Response,,,,,,,,1.0,1.0,1005.0,1005.0,166.0
SV030,R,439,3,0,1,0,0,Response,,,,,,,,0.4,0.4,1037.0,1037.0,204.0
SV030,R,440,2,2,1,1,2,Response,,,,,,,,0.7,0.7,1229.0,1229.0,182.0
SV030,R,441,2,2,0,1,2,Response,,,,,,,,1.2,1.2,967.0,967.0,186.0
SV030,R,442,2,2,1,0,2,Response,,,,,,,,0.4,0.4,1140.0,1140.0,192.0
SV030,R,443,2,3,0,1,3,Response,1843.8,1843.8,1027.2,1027.2,2969.0,2969.0,430.0,0.8999999999999999,1.2,437.0,818.0,90.0
SV030,R,444,2,0,0,1,0,Response,,,,,,,,1.3,1.3,1022.0,1022.0,160.0
SV030,R,445,3,2,1,1,2,Response,,,,,,,,0.7,0.7,972.0,972.0,184.0
SV030,R,446,2,3,0,1,3,Response,,,,,,,,,,,,
SV030,R,447,3,2,0,1,2,Response,1895.5,1895.5,999.2,999.2,3104.0,3104.0,338.0,1.0499999999999998,1.4,551.0,1042.0,106.0
SV030,R,448,3,3,1,1,3,Response,,,,,,,,0.6,0.6,746.0,746.0,184.0
SV030,R,449,2,2,1,0,2,Response,,,,,,,,0.3,0.3,1095.0,1095.0,202.0
SV030,R,450,2,0,1,0,0,Response,,,,,,,,0.8,0.8,812.0,812.0,204.0
SV030,R,451,3,2,1,0,2,Response,,,,,,,,1.3,1.3,1172.0,1172.0,194.0
SV030,R,452,2,3,0,0,3,Response,,,,,,,,1.4,1.4,1062.0,1062.0,194.0
SV030,R,453,2,2,0,1,2,Response,,,,,,,,0.5,0.5,572.0,572.0,194.0
SV030,R,454,3,3,0,1,3,Response,,,,,,,,0.3,0.3,897.0,897.0,214.0
SV030,R,455,3,0,1,1,0,Response,,,,,,,,,,,,
SV030,R,456,2,2,0,0,2,Response,1454.5500000000002,1631.2,803.3,846.7,3056.5,3104.0,107.0,3.6,6.5,767.3333333333334,1099.0,127.33333333333333
SV030,R,457,2,3,1,1,3,Response,,,,,,,,,,,,
SV030,R,458,2,0,0,1,0,Response,,,,,,,,0.6,0.6,671.0,671.0,218.0
SV030,R,459,2,3,1,1,3,Response,1998.1,1998.1,786.3,786.3,2645.0,2645.0,912.0,1.1,1.4,597.0,1133.0,249.0
SV030,R,460,2,2,1,1,2,Response,1909.8,1909.8,923.0,923.0,2971.0,2971.0,444.0,2.2,3.0,472.0,863.0,98.0
SV030,R,461,2,2,1,1,2,Response,,,,,,,,0.2,0.2,1102.0,1102.0,198.0
SV030,R,462,3,3,1,1,3,Response,,,,,,,,1.8,1.8,1102.0,1102.0,136.0
SV030,R,463,2,0,1,1,0,Response,,,,,,,,0.6,0.6,1164.0,1164.0,172.0
SV030,R,464,3,3,1,0,3,Response,,,,,,,,,,,,
SV030,R,465,3,0,0,0,0,Response,,,,,,,,0.7,0.7,822.0,822.0,202.0
SV030,R,466,2,2,1,0,2,Response,1773.9,1773.9,842.1,842.1,3002.0,3002.0,428.0,1.9,2.3,589.0,1073.0,106.0
SV030,R,467,2,2,0,0,2,Response,1382.55,1457.6,866.3499999999999,919.9,3196.0,3270.0,491.0,3.1999999999999997,6.5,772.6666666666666,1098.0,127.33333333333333
SV030,R,468,3,2,0,1,2,Response,,,,,,,,0.3,0.3,1140.0,1140.0,180.0
SV030,R,469,3,3,0,0,3,Response,1766.2,1766.2,961.5,961.5,2866.0,2866.0,172.0,0.75,0.9,539.0,1023.0,92.0
SV030,R,470,2,0,1,0,0,Response,,,,,,,,0.8,0.8,1138.0,1138.0,226.0
SV030,R,471,3,0,0,1,0,Response,,,,,,,,0.7,0.7,1079.0,1079.0,208.0
SV030,R,472,3,0,0,1,0,Response,,,,,,,,1.1,1.1,639.0,639.0,208.0
SV030,R,473,2,3,0,1,3,Response,1855.7,1855.7,966.6,966.6,3111.0,3111.0,374.0,0.95,1.0,422.5,777.0,93.0
SV030,R,474,2,2,0,1,2,Response,,,,,,,,1.3,1.3,1268.0,1268.0,150.0
SV030,R,475,2,0,0,0,0,Response,,,,,,,,,,,,
SV030,R,476,3,0,1,1,0,Response,,,,,,,,0.9,0.9,1040.0,1040.0,174.0
SV030,R,477,2,0,0,0,0,Response,1723.0,1723.0,935.8,935.8,2966.0,2966.0,566.0,1.75,1.9,600.5,1100.0,103.0
SV030,R,478,2,3,1,0,3,Response,,,,,,,,0.6,0.6,60.0,60.0,12.0
SV030,R,479,2,0,1,1,0,Response,1801.0,1801.0,903.9,903.9,2936.0,2936.0,438.0,1.0,1.1,599.0,1114.0,194.0
SV030,R,480,2,0,0,0,0,Response,,,,,,,,0.8,0.8,1184.0,1184.0,198.0
SV030,L,1,2,3,0,0,3,Stimulus,,,,,,,,,,,,
SV030,L,2,2,2,1,0,2,Stimulus,,,,,,,,,,,,
SV030,L,3,3,2,0,0,2,Stimulus,,,,,,,,,,,,
SV030,L,4,2,0,0,1,2,Stimulus,,,,,,,,,,,,
SV030,L,5,2,2,1,1,2,Stimulus,,,,,,,,,,,,
SV030,L,6,2,0,0,1,2,Stimulus,,,,,,,,,,,,
SV030,L,7,3,3,1,0,3,Stimulus,,,,,,,,,,,,
SV030,L,8,2,3,1,0,2,Stimulus,,,,,,,,,,,,
SV030,L,9,3,2,0,0,2,Stimulus,,,,,,,,,,,,
SV030,L,10,2,0,0,0,2,Stimulus,,,,,,,,,,,,
SV030,L,11,3,0,1,1,2,Stimulus,,,,,,,,,,,,
SV030,L,12,2,0,0,1,2,Stimulus,,,,,,,,,,,,
SV030,L,13,3,3,1,0,2,Stimulus,,,,,,,,,,,,
SV030,L,14,3,0,1,1,3,Stimulus,,,,,,,,,,,,
SV030,L,15,2,0,1,1,2,Stimulus,,,,,,,,,,,,
SV030,L,16,2,3,0,1,2,Stimulus,,,,,,,,,,,,
SV030,L,17,2,3,0,0,2,Stimulus,,,,,,,,,,,,
SV030,L,18,3,3,0,0,3,Stimulus,,,,,,,,,,,,
SV030,L,19,2,3,0,1,2,Stimulus,,,,,,,,,,,,
SV030,L,20,2,0,0,1,2,Stimulus,,,,,,,,,,,,
SV030,L,21,3,0,0,0,3,Stimulus,,,,,,,,,,,,
SV030,L,22,3,3,1,1,3,Stimulus,,,,,,,,,,,,
SV030,L,23,3,2,1,1,2,Stimulus,,,,,,,,,,,,
SV030,L,24,3,2,1,1,2,Stimulus,,,,,,,,,,,,
SV030,L,25,2,0,1,0,2,Stimulus,,,,,,,,,,,,
SV030,L,26,3,3,1,1,2,Stimulus,,,,,,,,,,,,
SV030,L,27,3,2,0,0,2,Stimulus,,,,,,,,,,,,
SV030,L,28,3,2,0,0,2,Stimulus,,,,,,,,,,,,
SV030,L,29,3,0,0,1,2,Stimulus,,,,,,,,,,,,
SV030,L,30,2,0,0,0,2,Stimulus,,,,,,,,,,,,
SV030,L,31,3,2,0,1,2,Stimulus,,,,,,,,,,,,
SV030,L,32,3,2,1,0,2,Stimulus,,,,,,,,,,,,
SV030,L,33,2,3,1,0,3,Stimulus,,,,,,,,,,,,
SV030,L,34,3,0,1,0,3,Stimulus,,,,,,,,,,,,
SV030,L,35,2,0,1,1,3,Stimulus,,,,,,,,,,,,
SV030,L,36,3,3,0,0,3,Stimulus,,,,,,,,,,,,
SV030,L,37,2,0,1,1,2,Stimulus,,,,,,,,,,,,
SV030,L,38,3,2,1,1,2,Stimulus,,,,,,,,,,,,
SV030,L,39,3,2,1,1,2,Stimulus,,,,,,,,,,,,
SV030,L,40,2,3,0,1,2,Stimulus,,,,,,,,,,,,
SV030,L,41,2,2,1,0,2,Stimulus,,,,,,,,,,,,
SV030,L,42,3,0,1,1,2,Stimulus,,,,,,,,,,,,
SV030,L,43,2,0,1,1,2,Stimulus,,,,,,,,,,,,
SV030,L,44,3,0,0,0,2,Stimulus,,,,,,,,,,,,
SV030,L,45,3,0,1,1,2,Stimulus,,,,,,,,,,,,
SV030,L,46,3,0,1,1,2,Stimulus,,,,,,,,,,,,
SV030,L,47,2,3,0,0,2,Stimulus,,,,,,,,,,,,
SV030,L,48,2,0,1,0,2,Stimulus,,,,,,,,,,,,
SV030,L,49,2,2,1,1,2,Stimulus,,,,,,,,,,,,
SV030,L,50,2,3,1,1,3,Stimulus,,,,,,,,,,,,
SV030,L,51,2,2,0,0,2,Stimulus,,,,,,,,,,,,
SV030,L,52,2,0,0,1,2,Stimulus,,,,,,,,,,,,
SV030,L,53,3,0,1,0,3,Stimulus,,,,,,,,,,,,
SV030,L,54,3,3,0,0,3,Stimulus,,,,,,,,,,,,
SV030,L,55,3,0,1,1,2,Stimulus,,,,,,,,,,,,
SV030,L,56,3,3,1,0,3,Stimulus,,,,,,,,,,,,
SV030,L,57,2,0,1,0,3,Stimulus,,,,,,,,,,,,
SV030,L,58,2,2,0,1,2,Stimulus,,,,,,,,,,,,
SV030,L,59,3,0,0,0,2,Stimulus,,,,,,,,,,,,
SV030,L,60,2,3,1,1,3,Stimulus,,,,,,,,,,,,
SV030,L,61,3,3,0,0,3,Stimulus,,,,,,,,,,,,
SV030,L,62,2,3,0,0,2,Stimulus,,,,,,,,,,,,
SV030,L,63,2,0,0,1,2,Stimulus,,,,,,,,,,,,
SV030,L,64,3,3,1,0,3,Stimulus,,,,,,,,,,,,
SV030,L,65,3,3,1,0,3,Stimulus,,,,,,,,,,,,
SV030,L,66,2,2,1,0,2,Stimulus,,,,,,,,,,,,
SV030,L,67,2,2,0,0,2,Stimulus,,,,,,,,,,,,
SV030,L,68,3,0,1,1,2,Stimulus,,,,,,,,,,,,
SV030,L,69,3,2,0,1,2,Stimulus,,,,,,,,,,,,
SV030,L,70,3,2,1,0,2,Stimulus,,,,,,,,,,,,
SV030,L,71,3,3,0,1,3,Stimulus,,,,,,,,,,,,
SV030,L,72,3,2,0,0,2,Stimulus,,,,,,,,,,,,
SV030,L,73,2,2,1,0,2,Stimulus,,,,,,,,,,,,
SV030,L,74,3,3,1,1,3,Stimulus,,,,,,,,,,,,
SV030,L,75,3,2,0,1,2,Stimulus,,,,,,,,,,,,
SV030,L,76,2,2,0,0,2,Stimulus,,,,,,,,,,,,
SV030,L,77,2,3,0,1,3,Stimulus,,,,,,,,,,,,
SV030,L,78,3,0,0,0,3,Stimulus,,,,,,,,,,,,
SV030,L,79,3,0,1,0,3,Stimulus,,,,,,,,,,,,
SV030,L,80,3,2,0,0,2,Stimulus,,,,,,,,,,,,
SV030,L,81,2,0,1,0,2,Stimulus,,,,,,,,,,,,
SV030,L,82,2,3,0,0,2,Stimulus,,,,,,,,,,,,
SV030,L,83,2,0,1,1,2,Stimulus,,,,,,,,,,,,
SV030,L,84,3,0,1,0,2,Stimulus,,,,,,,,,,,,
SV030,L,85,3,2,0,1,2,Stimulus,,,,,,,,,,,,
SV030,L,86,3,2,0,0,2,Stimulus,,,,,,,,,,,,
SV030,L,87,3,3,1,0,3,Stimulus,,,,,,,,,,,,
SV030,L,88,2,3,1,1,3,Stimulus,,,,,,,,,,,,
SV030,L,89,2,3,1,1,3,Stimulus,,,,,,,,,,,,
SV030,L,90,2,2,0,0,2,Stimulus,,,,,,,,,,,,
SV030,L,91,2,3,0,1,2,Stimulus,,,,,,,,,,,,
SV030,L,92,2,2,0,1,2,Stimulus,,,,,,,,,,,,
SV030,L,93,2,3,1,1,3,Stimulus,,,,,,,,,,,,
SV030,L,94,3,3,0,1,3,Stimulus,,,,,,,,,,,,
SV030,L,95,3,3,1,1,3,Stimulus,,,,,,,,,,,,
SV030,L,96,3,2,0,1,2,Stimulus,,,,,,,,,,,,
SV030,L,97,3,3,0,0,3,Stimulus,,,,,,,,,,,,
SV030,L,98,3,0,0,0,3,Stimulus,,,,,,,,,,,,
SV030,L,99,2,2,1,0,2,Stimulus,,,,,,,,,,,,
SV030,L,100,2,2,1,0,2,Stimulus,,,,,,,,,,,,
SV030,L,101,2,2,0,0,2,Stimulus,,,,,,,,,,,,
SV030,L,102,3,0,0,1,2,Stimulus,,,,,,,,,,,,
SV030,L,103,2,3,1,1,2,Stimulus,,,,,,,,,,,,
SV030,L,104,3,3,1,1,3,Stimulus,,,,,,,,,,,,
SV030,L,105,2,3,1,1,3,Stimulus,,,,,,,,,,,,
SV030,L,106,3,3,0,0,2,Stimulus,,,,,,,,,,,,
SV030,L,107,3,2,1,0,2,Stimulus,,,,,,,,,,,,
SV030,L,108,2,3,0,1,3,Stimulus,,,,,,,,,,,,
SV030,L,109,2,0,0,0,2,Stimulus,,,,,,,,,,,,
SV030,L,110,3,2,1,1,2,Stimulus,,,,,,,,,,,,
SV030,L,111,3,3,0,1,2,Stimulus,,,,,,,,,,,,
SV030,L,112,3,3,1,0,2,Stimulus,,,,,,,,,,,,
SV030,L,113,3,3,1,1,3,Stimulus,,,,,,,,,,,,
SV030,L,114,3,2,0,1,2,Stimulus,,,,,,,,,,,,
SV030,L,115,3,2,1,1,2,Stimulus,,,,,,,,,,,,
SV030,L,116,3,2,1,0,2,Stimulus,,,,,,,,,,,,
SV030,L,117,2,3,1,1,3,Stimulus,,,,,,,,,,,,
SV030,L,118,3,2,1,1,2,Stimulus,,,,,,,,,,,,
SV030,L,119,2,2,0,0,2,Stimulus,,,,,,,,,,,,
SV030,L,120,2,0,1,0,2,Stimulus,,,,,,,,,,,,
SV030,L,121,2,3,0,1,2,Stimulus,,,,,,,,,,,,
SV030,L,122,2,2,1,0,2,Stimulus,,,,,,,,,,,,
SV030,L,123,2,2,0,1,2,Stimulus,,,,,,,,,,,,
SV030,L,124,3,2,0,1,2,Stimulus,,,,,,,,,,,,
SV030,L,125,2,3,0,0,2,Stimulus,,,,,,,,,,,,
SV030,L,126,3,3,0,1,3,Stimulus,,,,,,,,,,,,
SV030,L,127,3,2,1,1,2,Stimulus,,,,,,,,,,,,
SV030,L,128,2,3,1,1,2,Stimulus,,,,,,,,,,,,
SV030,L,129,2,2,0,1,2,Stimulus,,,,,,,,,,,,
SV030,L,130,2,2,0,0,2,Stimulus,,,,,,,,,,,,
SV030,L,131,2,0,0,0,2,Stimulus,,,,,,,,,,,,
SV030,L,132,3,3,0,0,3,Stimulus,,,,,,,,,,,,
SV030,L,133,3,2,1,0,2,Stimulus,,,,,,,,,,,,
SV030,L,134,3,0,1,0,3,Stimulus,,,,,,,,,,,,
SV030,L,135,2,3,1,0,3,Stimulus,,,,,,,,,,,,
SV030,L,136,2,2,1,1,2,Stimulus,,,,,,,,,,,,
SV030,L,137,2,2,1,0,2,Stimulus,,,,,,,,,,,,
SV030,L,138,2,0,0,1,2,Stimulus,,,,,,,,,,,,
SV030,L,139,3,0,0,1,2,Stimulus,,,,,,,,,,,,
SV030,L,140,3,0,0,1,2,Stimulus,,,,,,,,,,,,
SV030,L,141,3,3,0,0,3,Stimulus,,,,,,,,,,,,
SV030,L,142,3,3,1,1,3,Stimulus,,,,,,,,,,,,
SV030,L,143,3,3,1,0,3,Stimulus,,,,,,,,,,,,
SV030,L,144,2,2,1,0,2,Stimulus,,,,,,,,,,,,
SV030,L,145,2,3,0,1,2,Stimulus,,,,,,,,,,,,
SV030,L,146,3,0,1,1,2,Stimulus,,,,,,,,,,,,
SV030,L,147,2,3,1,1,3,Stimulus,,,,,,,,,,,,
SV030,L,148,2,0,1,1,2,Stimulus,,,,,,,,,,,,
SV030,L,149,2,2,0,1,2,Stimulus,,,,,,,,,,,,
SV030,L,150,3,3,0,1,3,Stimulus,,,,,,,,,,,,
SV030,L,151,3,2,0,0,2,Stimulus,,,,,,,,,,,,
SV030,L,152,2,0,1,1,2,Stimulus,,,,,,,,,,,,
SV030,L,153,3,2,1,0,2,Stimulus,,,,,,,,,,,,
SV030,L,154,2,0,0,1,2,Stimulus,,,,,,,,,,,,
SV030,L,155,2,3,1,0,2,Stimulus,,,,,,,,,,,,
SV030,L,156,3,2,1,0,2,Stimulus,,,,,,,,,,,,
SV030,L,157,3,2,0,0,2,Stimulus,,,,,,,,,,,,
SV030,L,158,3,0,1,1,2,Stimulus,,,,,,,,,,,,
SV030,L,159,3,0,0,0,3,Stimulus,,,,,,,,,,,,
SV030,L,160,2,2,1,0,2,Stimulus,,,,,,,,,,,,
SV030,L,161,2,3,1,0,3,Stimulus,,,,,,,,,,,,
SV030,L,162,2,3,1,0,3,Stimulus,,,,,,,,,,,,
SV030,L,163,2,2,0,0,2,Stimulus,,,,,,,,,,,,
SV030,L,164,3,3,0,1,3,Stimulus,,,,,,,,,,,,
SV030,L,165,2,3,0,0,3,Stimulus,,,,,,,,,,,,
SV030,L,166,3,2,1,0,2,Stimulus,,,,,,,,,,,,
SV030,L,167,3,3,0,1,2,Stimulus,,,,,,,,,,,,
SV030,L,168,3,0,1,0,3,Stimulus,,,,,,,,,,,,
SV030,L,169,2,0,0,0,2,Stimulus,,,,,,,,,,,,
SV030,L,170,2,2,0,1,2,Stimulus,,,,,,,,,,,,
SV030,L,171,2,2,1,1,2,Stimulus,,,,,,,,,,,,
SV030,L,172,2,3,0,0,2,Stimulus,,,,,,,,,,,,
SV030,L,173,2,0,0,0,2,Stimulus,,,,,,,,,,,,
SV030,L,174,3,2,0,1,2,Stimulus,,,,,,,,,,,,
SV030,L,175,3,0,1,0,3,Stimulus,,,,,,,,,,,,
SV030,L,176,2,2,1,1,2,Stimulus,,,,,,,,,,,,
SV030,L,177,3,0,1,0,3,Stimulus,,,,,,,,,,,,
SV030,L,178,2,0,0,1,2,Stimulus,,,,,,,,,,,,
SV030,L,179,3,3,0,1,2,Stimulus,,,,,,,,,,,,
SV030,L,180,2,0,0,0,2,Stimulus,,,,,,,,,,,,
SV030,L,181,3,3,0,1,2,Stimulus,,,,,,,,,,,,
SV030,L,182,2,0,1,0,2,Stimulus,,,,,,,,,,,,
SV030,L,183,3,0,1,1,3,Stimulus,,,,,,,,,,,,
SV030,L,184,2,3,0,0,2,Stimulus,,,,,,,,,,,,
SV030,L,185,3,3,1,1,3,Stimulus,,,,,,,,,,,,
SV030,L,186,2,0,0,0,2,Stimulus,,,,,,,,,,,,
SV030,L,187,2,0,1,0,2,Stimulus,,,,,,,,,,,,
SV030,L,188,2,0,1,1,3,Stimulus,,,,,,,,,,,,
SV030,L,189,2,3,0,1,2,Stimulus,,,,,,,,,,,,
SV030,L,190,2,0,0,1,2,Stimulus,,,,,,,,,,,,
SV030,L,191,2,2,0,1,2,Stimulus,,,,,,,,,,,,
SV030,L,192,3,0,1,0,3,Stimulus,,,,,,,,,,,,
SV030,L,193,3,0,0,0,3,Stimulus,,,,,,,,,,,,
SV030,L,194,3,2,0,1,2,Stimulus,,,,,,,,,,,,
SV030,L,195,2,2,0,1,2,Stimulus,,,,,,,,,,,,
SV030,L,196,3,3,1,1,3,Stimulus,,,,,,,,,,,,
SV030,L,197,3,0,0,1,2,Stimulus,,,,,,,,,,,,
SV030,L,198,3,0,0,1,2,Stimulus,,,,,,,,,,,,
SV030,L,199,3,3,1,0,3,Stimulus,,,,,,,,,,,,
SV030,L,200,3,3,1,0,3,Stimulus,,,,,,,,,,,,
SV030,L,201,2,0,1,1,2,Stimulus,,,,,,,,,,,,
SV030,L,202,2,0,0,0,2,Stimulus,,,,,,,,,,,,
SV030,L,203,2,2,1,1,2,Stimulus,,,,,,,,,,,,
SV030,L,204,3,2,1,0,2,Stimulus,,,,,,,,,,,,
SV030,L,205,2,2,1,1,2,Stimulus,,,,,,,,,,,,
SV030,L,206,3,0,0,0,2,Stimulus,,,,,,,,,,,,
SV030,L,207,3,3,0,0,3,Stimulus,,,,,,,,,,,,
SV030,L,208,2,3,1,0,3,Stimulus,,,,,,,,,,,,
SV030,L,209,2,3,0,0,2,Stimulus,,,,,,,,,,,,
SV030,L,210,3,0,0,1,2,Stimulus,,,,,,,,,,,,
SV030,L,211,3,2,1,1,2,Stimulus,,,,,,,,,,,,
SV030,L,212,2,0,1,0,2,Stimulus,,,,,,,,,,,,
SV030,L,213,3,3,1,1,3,Stimulus,,,,,,,,,,,,
SV030,L,214,2,2,0,1,2,Stimulus,,,,,,,,,,,,
SV030,L,215,3,2,0,1,2,Stimulus,,,,,,,,,,,,
SV030,L,216,2,2,0,0,2,Stimulus,,,,,,,,,,,,
SV030,L,217,2,0,1,1,2,Stimulus,,,,,,,,,,,,
SV030,L,218,3,0,0,1,2,Stimulus,,,,,,,,,,,,
SV030,L,219,3,2,0,0,2,Stimulus,,,,,,,,,,,,
SV030,L,220,3,2,1,1,2,Stimulus,,,,,,,,,,,,
SV030,L,221,3,3,0,1,3,Stimulus,,,,,,,,,,,,
SV030,L,222,2,0,1,0,3,Stimulus,,,,,,,,,,,,
SV030,L,223,2,3,1,0,3,Stimulus,,,,,,,,,,,,
SV030,L,224,2,0,1,0,3,Stimulus,,,,,,,,,,,,
SV030,L,225,2,2,1,1,2,Stimulus,,,,,,,,,,,,
SV030,L,226,3,2,1,0,2,Stimulus,,,,,,,,,,,,
SV030,L,227,2,2,1,1,2,Stimulus,,,,,,,,,,,,
SV030,L,228,3,0,0,0,3,Stimulus,,,,,,,,,,,,
SV030,L,229,2,0,0,0,2,Stimulus,,,,,,,,,,,,
SV030,L,230,3,0,1,0,2,Stimulus,,,,,,,,,,,,
SV030,L,231,3,3,0,0,2,Stimulus,,,,,,,,,,,,
SV030,L,232,3,0,0,0,3,Stimulus,,,,,,,,,,,,
SV030,L,233,3,0,0,1,2,Stimulus,,,,,,,,,,,,
SV030,L,234,2,3,1,0,3,Stimulus,,,,,,,,,,,,
SV030,L,235,2,3,0,1,3,Stimulus,,,,,,,,,,,,
SV030,L,236,2,3,1,0,3,Stimulus,,,,,,,,,,,,
SV030,L,237,2,2,0,1,2,Stimulus,,,,,,,,,,,,
SV030,L,238,2,2,0,0,2,Stimulus,,,,,,,,,,,,
SV030,L,239,2,2,1,1,2,Stimulus,,,,,,,,,,,,
SV030,L,240,3,0,0,1,2,Stimulus,,,,,,,,,,,,
SV030,L,241,3,3,0,0,3,Stimulus,,,,,,,,,,,,
SV030,L,242,3,3,1,1,3,Stimulus,,,,,,,,,,,,
SV030,L,243,3,2,1,0,2,Stimulus,,,,,,,,,,,,
SV030,L,244,2,0,0,0,0,Stimulus,,,,,,,,,,,,
SV030,L,245,3,3,0,0,3,Stimulus,,,,,,,,,,,,
SV030,L,246,2,3,0,1,3,Stimulus,,,,,,,,,,,,
SV030,L,247,2,2,0,1,2,Stimulus,,,,,,,,,,,,
SV030,L,248,2,0,1,1,0,Stimulus,,,,,,,,,,,,
SV030,L,249,2,0,1,1,0,Stimulus,,,,,,,,,,,,
SV030,L,250,3,2,1,0,2,Stimulus,,,,,,,,,,,,
SV030,L,251,2,2,1,1,2,Stimulus,,,,,,,,,,,,
SV030,L,252,3,3,0,0,3,Stimulus,,,,,,,,,,,,
SV030,L,253,3,0,0,0,0,Stimulus,,,,,,,,,,,,
SV030,L,254,3,0,1,1,0,Stimulus,,,,,,,,,,,,
SV030,L,255,3,0,0,1,0,Stimulus,,,,,,,,,,,,
SV030,L,256,2,0,1,1,0,Stimulus,,,,,,,,,,,,
SV030,L,257,3,2,0,1,2,Stimulus,,,,,,,,,,,,
SV030,L,258,2,2,1,0,2,Stimulus,,,,,,,,,,,,
SV030,L,259,3,0,1,0,0,Stimulus,,,,,,,,,,,,
SV030,L,260,3,2,1,1,2,Stimulus,,,,,,,,,,,,
SV030,L,261,3,2,1,1,2,Stimulus,,,,,,,,,,,,
SV030,L,262,3,3,0,0,3,Stimulus,,,,,,,,,,,,
SV030,L,263,3,0,0,0,0,Stimulus,,,,,,,,,,,,
SV030,L,264,3,2,0,0,2,Stimulus,,,,,,,,,,,,
SV030,L,265,3,0,1,0,0,Stimulus,,,,,,,,,,,,
SV030,L,266,2,2,0,0,2,Stimulus,,,,,,,,,,,,
SV030,L,267,3,3,0,0,3,Stimulus,,,,,,,,,,,,
SV030,L,268,2,0,0,0,0,Stimulus,,,,,,,,,,,,
SV030,L,269,2,2,0,1,2,Stimulus,,,,,,,,,,,,
SV030,L,270,3,3,1,1,3,Stimulus,,,,,,,,,,,,
SV030,L,271,2,2,0,1,2,Stimulus,,,,,,,,,,,,
SV030,L,272,3,0,0,0,0,Stimulus,,,,,,,,,,,,
SV030,L,273,3,3,1,1,3,Stimulus,,,,,,,,,,,,
SV030,L,274,2,3,1,0,3,Stimulus,,,,,,,,,,,,
SV030,L,275,3,2,0,0,2,Stimulus,,,,,,,,,,,,
SV030,L,276,3,3,1,0,3,Stimulus,,,,,,,,,,,,
SV030,L,277,3,3,1,1,3,Stimulus,,,,,,,,,,,,
SV030,L,278,3,3,0,1,3,Stimulus,,,,,,,,,,,,
SV030,L,279,2,2,1,1,2,Stimulus,,,,,,,,,,,,
SV030,L,280,3,2,0,1,2,Stimulus,,,,,,,,,,,,
SV030,L,281,2,3,1,0,3,Stimulus,,,,,,,,,,,,
SV030,L,282,2,3,1,0,3,Stimulus,,,,,,,,,,,,
SV030,L,283,3,0,0,0,0,Stimulus,,,,,,,,,,,,
SV030,L,284,3,3,1,0,3,Stimulus,,,,,,,,,,,,
SV030,L,285,3,2,1,1,2,Stimulus,,,,,,,,,,,,
SV030,L,286,2,3,1,0,3,Stimulus,,,,,,,,,,,,
SV030,L,287,3,0,0,1,0,Stimulus,,,,,,,,,,,,
SV030,L,288,2,3,1,1,3,Stimulus,,,,,,,,,,,,
SV030,L,289,3,3,0,0,3,Stimulus,,,,,,,,,,,,
SV030,L,290,2,3,0,0,3,Stimulus,,,,,,,,,,,,
SV030,L,291,2,2,0,0,2,Stimulus,,,,,,,,,,,,
SV030,L,292,2,0,0,0,0,Stimulus,,,,,,,,,,,,
SV030,L,293,2,0,1,1,0,Stimulus,,,,,,,,,,,,
SV030,L,294,2,2,0,1,2,Stimulus,,,,,,,,,,,,
SV030,L,295,2,2,0,1,2,Stimulus,,,,,,,,,,,,
SV030,L,296,3,2,1,1,2,Stimulus,,,,,,,,,,,,
SV030,L,297,2,3,1,1,3,Stimulus,,,,,,,,,,,,
SV030,L,298,2,0,0,1,0,Stimulus,,,,,,,,,,,,
SV030,L,299,3,0,1,1,0,Stimulus,,,,,,,,,,,,
SV030,L,300,3,0,1,1,0,Stimulus,,,,,,,,,,,,
SV030,L,301,2,2,0,0,2,Stimulus,,,,,,,,,,,,
SV030,L,302,3,2,0,1,2,Stimulus,,,,,,,,,,,,
SV030,L,303,2,2,1,1,2,Stimulus,,,,,,,,,,,,
SV030,L,304,3,3,1,1,3,Stimulus,,,,,,,,,,,,
SV030,L,305,3,3,0,1,3,Stimulus,,,,,,,,,,,,
SV030,L,306,3,3,1,0,3,Stimulus,,,,,,,,,,,,
SV030,L,307,2,0,0,1,0,Stimulus,,,,,,,,,,,,
SV030,L,308,2,3,0,1,3,Stimulus,,,,,,,,,,,,
SV030,L,309,2,0,1,0,0,Stimulus,,,,,,,,,,,,
SV030,L,310,3,0,1,1,0,Stimulus,,,,,,,,,,,,
SV030,L,311,3,2,1,0,2,Stimulus,,,,,,,,,,,,
SV030,L,312,2,0,1,0,0,Stimulus,,,,,,,,,,,,
SV030,L,313,3,2,1,0,2,Stimulus,,,,,,,,,,,,
SV030,L,314,2,2,0,0,2,Stimulus,,,,,,,,,,,,
SV030,L,315,3,0,0,1,0,Stimulus,,,,,,,,,,,,
SV030,L,316,3,0,1,1,0,Stimulus,,,,,,,,,,,,
SV030,L,317,3,2,1,1,2,Stimulus,,,,,,,,,,,,
SV030,L,318,3,0,1,1,0,Stimulus,,,,,,,,,,,,
SV030,L,319,2,3,1,0,3,Stimulus,,,,,,,,,,,,
SV030,L,320,2,2,0,0,2,Stimulus,,,,,,,,,,,,
SV030,L,321,2,3,1,0,3,Stimulus,,,,,,,,,,,,
SV030,L,322,3,3,1,0,3,Stimulus,,,,,,,,,,,,
SV030,L,323,3,0,0,1,0,Stimulus,,,,,,,,,,,,
SV030,L,324,3,3,0,1,3,Stimulus,,,,,,,,,,,,
SV030,L,325,3,2,1,0,2,Stimulus,,,,,,,,,,,,
SV030,L,326,2,3,1,1,3,Stimulus,,,,,,,,,,,,
SV030,L,327,3,0,0,0,0,Stimulus,,,,,,,,,,,,
SV030,L,328,3,2,0,1,2,Stimulus,,,,,,,,,,,,
SV030,L,329,2,0,0,0,0,Stimulus,,,,,,,,,,,,
SV030,L,330,2,3,0,0,3,Stimulus,,,,,,,,,,,,
SV030,L,331,2,3,0,1,3,Stimulus,,,,,,,,,,,,
SV030,L,332,2,2,1,0,2,Stimulus,,,,,,,,,,,,
SV030,L,333,3,3,0,1,3,Stimulus,,,,,,,,,,,,
SV030,L,334,3,0,1,0,0,Stimulus,,,,,,,,,,,,
SV030,L,335,2,2,1,0,2,Stimulus,,,,,,,,,,,,
SV030,L,336,2,3,0,0,3,Stimulus,,,,,,,,,,,,
SV030,L,337,3,0,1,0,0,Stimulus,,,,,,,,,,,,
SV030,L,338,2,0,1,1,0,Stimulus,,,,,,,,,,,,
SV030,L,339,2,3,0,1,3,Stimulus,,,,,,,,,,,,
SV030,L,340,2,0,1,0,0,Stimulus,,,,,,,,,,,,
SV030,L,341,3,0,0,1,0,Stimulus,,,,,,,,,,,,
SV030,L,342,2,3,0,0,3,Stimulus,,,,,,,,,,,,
SV030,L,343,3,3,1,0,3,Stimulus,,,,,,,,,,,,
SV030,L,344,3,0,0,1,0,Stimulus,,,,,,,,,,,,
SV030,L,345,2,2,1,1,2,Stimulus,,,,,,,,,,,,
SV030,L,346,3,2,0,0,2,Stimulus,,,,,,,,,,,,
SV030,L,347,3,2,0,0,2,Stimulus,,,,,,,,,,,,
SV030,L,348,3,3,1,1,3,Stimulus,,,,,,,,,,,,
SV030,L,349,3,0,0,1,0,Stimulus,,,,,,,,,,,,
SV030,L,350,3,0,1,0,0,Stimulus,,,,,,,,,,,,
SV030,L,351,3,3,0,0,3,Stimulus,,,,,,,,,,,,
SV030,L,352,3,0,0,0,0,Stimulus,,,,,,,,,,,,
SV030,L,353,2,2,0,1,2,Stimulus,,,,,,,,,,,,
SV030,L,354,3,0,0,1,0,Stimulus,,,,,,,,,,,,
SV030,L,355,3,0,1,1,0,Stimulus,,,,,,,,,,,,
SV030,L,356,2,2,1,1,2,Stimulus,,,,,,,,,,,,
SV030,L,357,2,2,1,1,2,Stimulus,,,,,,,,,,,,
SV030,L,358,3,2,1,1,2,Stimulus,,,,,,,,,,,,
SV030,L,359,2,2,0,1,2,Stimulus,,,,,,,,,,,,
SV030,L,360,3,3,1,1,3,Stimulus,,,,,,,,,,,,
SV030,L,361,3,2,1,0,2,Stimulus,,,,,,,,,,,,
SV030,L,362,2,0,1,0,0,Stimulus,,,,,,,,,,,,
SV030,L,363,3,2,0,0,2,Stimulus,,,,,,,,,,,,
SV030,L,364,2,0,0,1,0,Stimulus,,,,,,,,,,,,
SV030,L,365,2,2,1,1,2,Stimulus,,,,,,,,,,,,
SV030,L,366,3,3,1,1,3,Stimulus,,,,,,,,,,,,
SV030,L,367,3,0,1,0,0,Stimulus,,,,,,,,,,,,
SV030,L,368,3,0,1,1,0,Stimulus,,,,,,,,,,,,
SV030,L,369,3,2,0,0,2,Stimulus,,,,,,,,,,,,
SV030,L,370,2,0,0,0,0,Stimulus,,,,,,,,,,,,
SV030,L,371,2,0,0,1,0,Stimulus,,,,,,,,,,,,
SV030,L,372,2,3,1,1,3,Stimulus,,,,,,,,,,,,
SV030,L,373,3,3,0,0,3,Stimulus,,,,,,,,,,,,
SV030,L,374,3,3,1,0,3,Stimulus,,,,,,,,,,,,
SV030,L,375,2,2,1,0,2,Stimulus,,,,,,,,,,,,
SV030,L,376,3,3,0,1,3,Stimulus,,,,,,,,,,,,
SV030,L,377,2,2,0,1,2,Stimulus,,,,,,,,,,,,
SV030,L,378,2,2,1,0,2,Stimulus,,,,,,,,,,,,
SV030,L,379,3,2,0,0,2,Stimulus,,,,,,,,,,,,
SV030,L,380,2,3,0,0,3,Stimulus,,,,,,,,,,,,
SV030,L,381,3,2,0,1,2,Stimulus,,,,,,,,,,,,
SV030,L,382,3,2,0,1,2,Stimulus,,,,,,,,,,,,
SV030,L,383,3,3,0,0,3,Stimulus,,,,,,,,,,,,
SV030,L,384,3,3,0,1,3,Stimulus,,,,,,,,,,,,
SV030,L,385,3,0,1,1,0,Stimulus,,,,,,,,,,,,
SV030,L,386,2,0,0,1,0,Stimulus,,,,,,,,,,,,
SV030,L,387,2,3,1,1,3,Stimulus,,,,,,,,,,,,
SV030,L,388,2,0,1,0,0,Stimulus,,,,,,,,,,,,
SV030,L,389,3,0,1,1,0,Stimulus,,,,,,,,,,,,
SV030,L,390,2,3,0,0,3,Stimulus,,,,,,,,,,,,
SV030,L,391,2,0,1,0,0,Stimulus,,,,,,,,,,,,
SV030,L,392,2,2,1,0,2,Stimulus,,,,,,,,,,,,
SV030,L,393,2,0,0,1,0,Stimulus,,,,,,,,,,,,
SV030,L,394,3,2,1,0,2,Stimulus,,,,,,,,,,,,
SV030,L,395,3,0,0,0,0,Stimulus,,,,,,,,,,,,
SV030,L,396,2,2,0,0,2,Stimulus,,,,,,,,,,,,
SV030,L,397,2,2,0,0,2,Stimulus,,,,,,,,,,,,
SV030,L,398,2,3,1,1,3,Stimulus,,,,,,,,,,,,
SV030,L,399,3,3,1,0,3,Stimulus,,,,,,,,,,,,
SV030,L,400,3,2,1,0,2,Stimulus,,,,,,,,,,,,
SV030,L,401,2,0,0,0,0,Stimulus,,,,,,,,,,,,
SV030,L,402,3,0,0,1,0,Stimulus,,,,,,,,,,,,
SV030,L,403,3,3,1,0,3,Stimulus,,,,,,,,,,,,
SV030,L,404,2,0,0,0,0,Stimulus,,,,,,,,,,,,
SV030,L,405,2,0,1,1,0,Stimulus,,,,,,,,,,,,
SV030,L,406,2,0,0,0,0,Stimulus,,,,,,,,,,,,
SV030,L,407,3,2,0,1,2,Stimulus,,,,,,,,,,,,
SV030,L,408,2,3,1,1,3,Stimulus,,,,,,,,,,,,
SV030,L,409,2,3,0,0,3,Stimulus,,,,,,,,,,,,
SV030,L,410,2,0,1,1,0,Stimulus,,,,,,,,,,,,
SV030,L,411,3,3,1,1,3,Stimulus,,,,,,,,,,,,
SV030,L,412,2,3,0,1,3,Stimulus,,,,,,,,,,,,
SV030,L,413,3,2,1,0,2,Stimulus,,,,,,,,,,,,
SV030,L,414,3,0,1,0,0,Stimulus,,,,,,,,,,,,
SV030,L,415,2,3,1,1,3,Stimulus,,,,,,,,,,,,
SV030,L,416,2,0,1,1,0,Stimulus,,,,,,,,,,,,
SV030,L,417,2,2,1,0,2,Stimulus,,,,,,,,,,,,
SV030,L,418,2,2,0,0,2,Stimulus,,,,,,,,,,,,
SV030,L,419,3,0,0,0,0,Stimulus,,,,,,,,,,,,
SV030,L,420,3,3,1,0,3,Stimulus,,,,,,,,,,,,
SV030,L,421,2,3,0,1,3,Stimulus,,,,,,,,,,,,
SV030,L,422,3,2,1,0,2,Stimulus,,,,,,,,,,,,
SV030,L,423,2,0,1,0,0,Stimulus,,,,,,,,,,,,
SV030,L,424,2,2,0,1,2,Stimulus,,,,,,,,,,,,
SV030,L,425,2,0,1,1,0,Stimulus,,,,,,,,,,,,
SV030,L,426,2,3,1,1,3,Stimulus,,,,,,,,,,,,
SV030,L,427,2,3,0,1,3,Stimulus,,,,,,,,,,,,
SV030,L,428,2,3,1,0,3,Stimulus,,,,,,,,,,,,
SV030,L,429,2,3,0,0,3,Stimulus,,,,,,,,,,,,
SV030,L,430,3,3,0,1,3,Stimulus,,,,,,,,,,,,
SV030,L,431,3,3,0,1,3,Stimulus,,,,,,,,,,,,
SV030,L,432,2,0,0,0,0,Stimulus,,,,,,,,,,,,
SV030,L,433,3,3,0,1,3,Stimulus,,,,,,,,,,,,
SV030,L,434,2,2,0,1,2,Stimulus,,,,,,,,,,,,
SV030,L,435,3,2,1,1,2,Stimulus,,,,,,,,,,,,
SV030,L,436,3,2,0,0,2,Stimulus,,,,,,,,,,,,
SV030,L,437,3,0,1,0,0,Stimulus,,,,,,,,,,,,
SV030,L,438,2,2,0,0,2,Stimulus,,,,,,,,,,,,
SV030,L,439,3,0,1,0,0,Stimulus,,,,,,,,,,,,
SV030,L,440,2,2,1,1,2,Stimulus,,,,,,,,,,,,
SV030,L,441,3,2,0,0,2,Stimulus,,,,,,,,,,,,
SV030,L,442,2,3,0,1,3,Stimulus,,,,,,,,,,,,
SV030,L,443,3,2,1,1,2,Stimulus,,,,,,,,,,,,
SV030,L,444,3,3,1,0,3,Stimulus,,,,,,,,,,,,
SV030,L,445,3,2,0,0,2,Stimulus,,,,,,,,,,,,
SV030,L,446,2,3,1,0,3,Stimulus,,,,,,,,,,,,
SV030,L,447,2,3,1,0,3,Stimulus,,,,,,,,,,,,
SV030,L,448,2,2,1,1,2,Stimulus,,,,,,,,,,,,
SV030,L,449,2,3,0,0,3,Stimulus,,,,,,,,,,,,
SV030,L,450,2,2,1,0,2,Stimulus,,,,,,,,,,,,
SV030,L,451,2,3,0,1,3,Stimulus,,,,,,,,,,,,
SV030,L,452,2,2,0,0,2,Stimulus,,,,,,,,,,,,
SV030,L,453,3,0,0,1,0,Stimulus,,,,,,,,,,,,
SV030,L,454,3,3,0,1,3,Stimulus,,,,,,,,,,,,
SV030,L,455,2,0,1,1,0,Stimulus,,,,,,,,,,,,
SV030,L,456,2,0,0,1,0,Stimulus,,,,,,,,,,,,
SV030,L,457,2,3,0,0,3,Stimulus,,,,,,,,,,,,
SV030,L,458,3,2,0,1,2,Stimulus,,,,,,,,,,,,
SV030,L,459,2,0,0,0,0,Stimulus,,,,,,,,,,,,
SV030,L,460,2,0,1,0,0,Stimulus,,,,,,,,,,,,
SV030,L,461,3,0,0,0,0,Stimulus,,,,,,,,,,,,
SV030,L,462,2,3,1,0,3,Stimulus,,,,,,,,,,,,
SV030,L,463,3,3,0,0,3,Stimulus,,,,,,,,,,,,
SV030,L,464,2,2,1,1,2,Stimulus,,,,,,,,,,,,
SV030,L,465,3,2,0,1,2,Stimulus,,,,,,,,,,,,
SV030,L,466,2,0,1,0,0,Stimulus,,,,,,,,,,,,
SV030,L,467,2,2,1,0,2,Stimulus,,,,,,,,,,,,
SV030,L,468,2,0,0,1,0,Stimulus,,,,,,,,,,,,
SV030,L,469,2,3,0,1,3,Stimulus,,,,,,,,,,,,
SV030,L,470,2,0,0,1,0,Stimulus,,,,,,,,,,,,
SV030,L,471,3,0,1,0,0,Stimulus,,,,,,,,,,,,
SV030,L,472,3,2,1,1,2,Stimulus,,,,,,,,,,,,
SV030,L,473,3,2,0,1,2,Stimulus,,,,,,,,,,,,
SV030,L,474,2,0,1,0,0,Stimulus,,,,,,,,,,,,
SV030,L,475,3,3,1,1,3,Stimulus,,,,,,,,,,,,
SV030,L,476,2,0,0,1,0,Stimulus,,,,,,,,,,,,
SV030,L,477,2,3,1,1,3,Stimulus,,,,,,,,,,,,
SV030,L,478,3,0,0,0,0,Stimulus,,,,,,,,,,,,
SV030,L,479,2,2,1,0,2,Stimulus,,,,,,,,,,,,
SV030,L,480,3,2,1,1,2,Stimulus,,,,,,,,,,,,
SV030,R,1,2,2,0,0,2,Stimulus,,,,,,,,,,,,
SV030,R,2,2,2,1,0,2,Stimulus,,,,,,,,,,,,
SV030,R,3,3,2,0,1,2,Stimulus,,,,,,,,,,,,
SV030,R,4,3,3,0,0,3,Stimulus,,,,,,,,,,,,
SV030,R,5,2,0,1,1,2,Stimulus,,,,,,,,,,,,
SV030,R,6,2,3,1,1,3,Stimulus,,,,,,,,,,,,
SV030,R,7,2,3,1,1,3,Stimulus,,,,,,,,,,,,
SV030,R,8,3,3,0,1,3,Stimulus,,,,,,,,,,,,
SV030,R,9,2,3,1,1,2,Stimulus,,,,,,,,,,,,
SV030,R,10,3,0,1,1,2,Stimulus,,,,,,,,,,,,
SV030,R,11,2,0,1,0,2,Stimulus,,,,,,,,,,,,
SV030,R,12,3,0,0,1,2,Stimulus,,,,,,,,,,,,
SV030,R,13,2,3,1,0,2,Stimulus,,,,,,,,,,,,
SV030,R,14,3,0,1,1,2,Stimulus,,,,,,,,,,,,
SV030,R,15,2,0,0,0,2,Stimulus,,,,,,,,,,,,
SV030,R,16,3,3,0,1,3,Stimulus,,,,,,,,,,,,
SV030,R,17,2,3,0,0,2,Stimulus,,,,,,,,,,,,
SV030,R,18,2,3,0,0,2,Stimulus,,,,,,,,,,,,
SV030,R,19,3,3,0,0,3,Stimulus,,,,,,,,,,,,
SV030,R,20,3,2,1,1,2,Stimulus,,,,,,,,,,,,
SV030,R,21,2,0,1,1,2,Stimulus,,,,,,,,,,,,
SV030,R,22,2,3,0,0,2,Stimulus,,,,,,,,,,,,
SV030,R,23,3,2,0,0,2,Stimulus,,,,,,,,,,,,
SV030,R,24,3,3,1,1,3,Stimulus,,,,,,,,,,,,
SV030,R,25,3,0,0,0,3,Stimulus,,,,,,,,,,,,
SV030,R,26,2,3,0,1,2,Stimulus,,,,,,,,,,,,
SV030,R,27,3,3,1,1,3,Stimulus,,,,,,,,,,,,
SV030,R,28,2,2,1,0,2,Stimulus,,,,,,,,,,,,
SV030,R,29,3,3,1,1,3,Stimulus,,,,,,,,,,,,
SV030,R,30,2,3,0,0,2,Stimulus,,,,,,,,,,,,
SV030,R,31,2,0,0,1,2,Stimulus,,,,,,,,,,,,
SV030,R,32,3,0,1,1,2,Stimulus,,,,,,,,,,,,
SV030,R,33,2,2,0,0,2,Stimulus,,,,,,,,,,,,
SV030,R,34,2,2,0,1,2,Stimulus,,,,,,,,,,,,
SV030,R,35,2,3,0,0,2,Stimulus,,,,,,,,,,,,
SV030,R,36,2,0,1,0,2,Stimulus,,,,,,,,,,,,
SV030,R,37,2,2,0,1,2,Stimulus,,,,,,,,,,,,
SV030,R,38,2,2,1,0,2,Stimulus,,,,,,,,,,,,
SV030,R,39,3,0,0,1,2,Stimulus,,,,,,,,,,,,
SV030,R,40,3,0,1,0,3,Stimulus,,,,,,,,,,,,
SV030,R,41,2,2,1,1,2,Stimulus,,,,,,,,,,,,
SV030,R,42,2,3,0,0,2,Stimulus,,,,,,,,,,,,
SV030,R,43,3,2,0,1,2,Stimulus,,,,,,,,,,,,
SV030,R,44,3,0,1,1,2,Stimulus,,,,,,,,,,,,
SV030,R,45,3,0,1,0,3,Stimulus,,,,,,,,,,,,
SV030,R,46,2,2,1,1,2,Stimulus,,,,,,,,,,,,
SV030,R,47,3,3,0,1,3,Stimulus,,,,,,,,,,,,
SV030,R,48,3,2,1,0,2,Stimulus,,,,,,,,,,,,
SV030,R,49,2,0,1,0,2,Stimulus,,,,,,,,,,,,
SV030,R,50,3,3,1,0,3,Stimulus,,,,,,,,,,,,
SV030,R,51,3,3,0,0,3,Stimulus,,,,,,,,,,,,
SV030,R,52,2,2,0,1,2,Stimulus,,,,,,,,,,,,
SV030,R,53,3,3,1,0,3,Stimulus,,,,,,,,,,,,
SV030,R,54,3,2,1,0,2,Stimulus,,,,,,,,,,,,
SV030,R,55,2,0,0,0,2,Stimulus,,,,,,,,,,,,
SV030,R,56,3,3,1,0,3,Stimulus,,,,,,,,,,,,
SV030,R,57,3,0,0,0,3,Stimulus,,,,,,,,,,,,
SV030,R,58,3,2,0,1,2,Stimulus,,,,,,,,,,,,
SV030,R,59,3,2,0,0,2,Stimulus,,,,,,,,,,,,
SV030,R,60,3,2,1,1,2,Stimulus,,,,,,,,,,,,
SV030,R,61,3,2,1,1,2,Stimulus,,,,,,,,,,,,
SV030,R,62,3,3,1,1,3,Stimulus,,,,,,,,,,,,
SV030,R,63,2,0,0,1,2,Stimulus,,,,,,,,,,,,
SV030,R,64,2,2,1,0,2,Stimulus,,,,,,,,,,,,
SV030,R,65,2,2,0,1,2,Stimulus,,,,,,,,,,,,
SV030,R,66,2,0,0,1,2,Stimulus,,,,,,,,,,,,
SV030,R,67,2,3,0,1,3,Stimulus,,,,,,,,,,,,
SV030,R,68,3,3,0,0,3,Stimulus,,,,,,,,,,,,
SV030,R,69,2,2,0,0,2,Stimulus,,,,,,,,,,,,
SV030,R,70,3,3,0,0,3,Stimulus,,,,,,,,,,,,
SV030,R,71,3,0,0,0,3,Stimulus,,,,,,,,,,,,
SV030,R,72,2,0,0,0,3,Stimulus,,,,,,,,,,,,
SV030,R,73,2,0,0,0,2,Stimulus,,,,,,,,,,,,
SV030,R,74,2,2,0,1,2,Stimulus,,,,,,,,,,,,
SV030,R,75,2,2,1,1,2,Stimulus,,,,,,,,,,,,
SV030,R,76,2,0,1,0,2,Stimulus,,,,,,,,,,,,
SV030,R,77,3,0,0,1,2,Stimulus,,,,,,,,,,,,
SV030,R,78,3,2,0,0,2,Stimulus,,,,,,,,,,,,
SV030,R,79,3,0,1,0,2,Stimulus,,,,,,,,,,,,
SV030,R,80,3,3,0,1,3,Stimulus,,,,,,,,,,,,
SV030,R,81,3,0,1,0,3,Stimulus,,,,,,,,,,,,
SV030,R,82,2,3,1,0,3,Stimulus,,,,,,,,,,,,
SV030,R,83,2,0,1,1,2,Stimulus,,,,,,,,,,,,
SV030,R,84,3,3,0,0,3,Stimulus,,,,,,,,,,,,
SV030,R,85,2,3,1,0,3,Stimulus,,,,,,,,,,,,
SV030,R,86,3,3,1,1,3,Stimulus,,,,,,,,,,,,
SV030,R,87,2,3,0,1,2,Stimulus,,,,,,,,,,,,
SV030,R,88,2,3,0,1,3,Stimulus,,,,,,,,,,,,
SV030,R,89,3,3,1,0,3,Stimulus,,,,,,,,,,,,
SV030,R,90,3,0,1,1,3,Stimulus,,,,,,,,,,,,
SV030,R,91,2,2,1,0,2,Stimulus,,,,,,,,,,,,
SV030,R,92,3,3,0,1,3,Stimulus,,,,,,,,,,,,
SV030,R,93,3,3,0,1,2,Stimulus,,,,,,,,,,,,
SV030,R,94,3,2,1,1,2,Stimulus,,,,,,,,,,,,
SV030,R,95,3,3,1,0,3,Stimulus,,,,,,,,,,,,
SV030,R,96,2,0,1,0,2,Stimulus,,,,,,,,,,,,
SV030,R,97,2,2,1,1,2,Stimulus,,,,,,,,,,,,
SV030,R,98,3,2,1,1,2,Stimulus,,,,,,,,,,,,
SV030,R,99,2,3,1,1,3,Stimulus,,,,,,,,,,,,
SV030,R,100,2,0,0,0,2,Stimulus,,,,,,,,,,,,
SV030,R,101,3,3,1,1,3,Stimulus,,,,,,,,,,,,
SV030,R,102,3,0,1,1,2,Stimulus,,,,,,,,,,,,
SV030,R,103,3,0,0,0,3,Stimulus,,,,,,,,,,,,
SV030,R,104,3,3,1,1,3,Stimulus,,,,,,,,,,,,
SV030,R,105,2,0,1,1,3,Stimulus,,,,,,,,,,,,
SV030,R,106,3,0,0,0,3,Stimulus,,,,,,,,,,,,
SV030,R,107,3,3,1,0,3,Stimulus,,,,,,,,,,,,
SV030,R,108,2,0,0,0,2,Stimulus,,,,,,,,,,,,
SV030,R,109,3,3,1,0,2,Stimulus,,,,,,,,,,,,
SV030,R,110,3,0,0,1,2,Stimulus,,,,,,,,,,,,
SV030,R,111,2,0,1,1,2,Stimulus,,,,,,,,,,,,
SV030,R,112,3,0,0,0,3,Stimulus,,,,,,,,,,,,
SV030,R,113,2,2,0,0,2,Stimulus,,,,,,,,,,,,
SV030,R,114,2,0,0,1,2,Stimulus,,,,,,,,,,,,
SV030,R,115,3,2,0,1,2,Stimulus,,,,,,,,,,,,
SV030,R,116,2,2,0,0,2,Stimulus,,,,,,,,,,,,
SV030,R,117,3,2,0,1,2,Stimulus,,,,,,,,,,,,
SV030,R,118,3,3,0,0,3,Stimulus,,,,,,,,,,,,
SV030,R,119,2,0,1,0,2,Stimulus,,,,,,,,,,,,
SV030,R,120,3,2,1,0,2,Stimulus,,,,,,,,,,,,
SV030,R,121,2,0,1,0,2,Stimulus,,,,,,,,,,,,
SV030,R,122,3,3,0,1,3,Stimulus,,,,,,,,,,,,
SV030,R,123,3,3,0,0,3,Stimulus,,,,,,,,,,,,
SV030,R,124,3,2,0,0,2,Stimulus,,,,,,,,,,,,
SV030,R,125,3,2,1,1,2,Stimulus,,,,,,,,,,,,
SV030,R,126,2,3,1,1,3,Stimulus,,,,,,,,,,,,
SV030,R,127,3,0,1,1,2,Stimulus,,,,,,,,,,,,
SV030,R,128,2,0,0,1,2,Stimulus,,,,,,,,,,,,
SV030,R,129,2,2,0,1,2,Stimulus,,,,,,,,,,,,
SV030,R,130,3,2,0,0,2,Stimulus,,,,,,,,,,,,
SV030,R,131,3,0,1,0,2,Stimulus,,,,,,,,,,,,
SV030,R,132,3,2,1,0,2,Stimulus,,,,,,,,,,,,
SV030,R,133,3,2,1,1,2,Stimulus,,,,,,,,,,,,
SV030,R,134,3,3,0,0,3,Stimulus,,,,,,,,,,,,
SV030,R,135,2,0,1,0,2,Stimulus,,,,,,,,,,,,
SV030,R,136,2,2,1,0,2,Stimulus,,,,,,,,,,,,
SV030,R,137,3,2,1,0,2,Stimulus,,,,,,,,,,,,
SV030,R,138,2,2,0,0,2,Stimulus,,,,,,,,,,,,
SV030,R,139,3,2,0,0,2,Stimulus,,,,,,,,,,,,
SV030,R,140,3,3,0,1,2,Stimulus,,,,,,,,,,,,
SV030,R,141,2,3,0,1,3,Stimulus,,,,,,,,,,,,
SV030,R,142,2,2,1,0,2,Stimulus,,,,,,,,,,,,
SV030,R,143,3,3,1,1,3,Stimulus,,,,,,,,,,,,
SV030,R,144,3,3,1,0,3,Stimulus,,,,,,,,,,,,
SV030,R,145,2,2,1,0,2,Stimulus,,,,,,,,,,,,
SV030,R,146,2,3,1,0,2,Stimulus,,,,,,,,,,,,
SV030,R,147,3,3,0,1,2,Stimulus,,,,,,,,,,,,
SV030,R,148,3,0,0,0,3,Stimulus,,,,,,,,,,,,
SV030,R,149,3,2,1,1,2,Stimulus,,,,,,,,,,,,
SV030,R,150,2,0,1,0,2,Stimulus,,,,,,,,,,,,
SV030,R,151,2,0,0,1,2,Stimulus,,,,,,,,,,,,
SV030,R,152,3,2,1,0,2,Stimulus,,,,,,,,,,,,
SV030,R,153,3,2,0,0,2,Stimulus,,,,,,,,,,,,
SV030,R,154,2,3,1,0,2,Stimulus,,,,,,,,,,,,
SV030,R,155,3,0,0,0,3,Stimulus,,,,,,,,,,,,
SV030,R,156,2,3,1,0,3,Stimulus,,,,,,,,,,,,
SV030,R,157,3,3,1,1,3,Stimulus,,,,,,,,,,,,
SV030,R,158,3,0,1,0,3,Stimulus,,,,,,,,,,,,
SV030,R,159,3,3,0,0,3,Stimulus,,,,,,,,,,,,
SV030,R,160,3,0,0,1,2,Stimulus,,,,,,,,,,,,
SV030,R,161,3,2,1,0,2,Stimulus,,,,,,,,,,,,
SV030,R,162,2,2,0,1,2,Stimulus,,,,,,,,,,,,
SV030,R,163,3,0,0,1,2,Stimulus,,,,,,,,,,,,
SV030,R,164,3,2,0,1,2,Stimulus,,,,,,,,,,,,
SV030,R,165,2,2,0,0,2,Stimulus,,,,,,,,,,,,
SV030,R,166,2,0,0,1,2,Stimulus,,,,,,,,,,,,
SV030,R,167,2,0,1,1,2,Stimulus,,,,,,,,,,,,
SV030,R,168,2,2,1,1,2,Stimulus,,,,,,,,,,,,
SV030,R,169,2,3,1,1,3,Stimulus,,,,,,,,,,,,
SV030,R,170,2,3,0,1,3,Stimulus,,,,,,,,,,,,
SV030,R,171,3,0,0,1,2,Stimulus,,,,,,,,,,,,
SV030,R,172,2,3,0,0,2,Stimulus,,,,,,,,,,,,
SV030,R,173,2,3,1,1,3,Stimulus,,,,,,,,,,,,
SV030,R,174,2,3,0,1,3,Stimulus,,,,,,,,,,,,
SV030,R,175,2,3,1,1,3,Stimulus,,,,,,,,,,,,
SV030,R,176,2,3,0,1,3,Stimulus,,,,,,,,,,,,
SV030,R,177,3,2,0,0,2,Stimulus,,,,,,,,,,,,
SV030,R,178,3,2,0,0,2,Stimulus,,,,,,,,,,,,
SV030,R,179,3,3,0,1,2,Stimulus,,,,,,,,,,,,
SV030,R,180,2,2,1,1,2,Stimulus,,,,,,,,,,,,
SV030,R,181,3,2,0,1,2,Stimulus,,,,,,,,,,,,
SV030,R,182,2,0,0,0,2,Stimulus,,,,,,,,,,,,
SV030,R,183,2,3,0,1,2,Stimulus,,,,,,,,,,,,
SV030,R,184,2,3,1,0,2,Stimulus,,,,,,,,,,,,
SV030,R,185,2,0,0,1,2,Stimulus,,,,,,,,,,,,
SV030,R,186,2,2,1,0,2,Stimulus,,,,,,,,,,,,
SV030,R,187,2,0,1,1,2,Stimulus,,,,,,,,,,,,
SV030,R,188,2,3,1,1,3,Stimulus,,,,,,,,,,,,
SV030,R,189,2,3,0,0,3,Stimulus,,,,,,,,,,,,
SV030,R,190,3,2,0,1,2,Stimulus,,,,,,,,,,,,
SV030,R,191,2,3,1,0,3,Stimulus,,,,,,,,,,,,
SV030,R,192,3,2,0,1,2,Stimulus,,,,,,,,,,,,
SV030,R,193,3,0,1,1,2,Stimulus,,,,,,,,,,,,
SV030,R,194,2,3,1,1,3,Stimulus,,,,,,,,,,,,
SV030,R,195,2,2,1,0,2,Stimulus,,,,,,,,,,,,
SV030,R,196,3,0,1,0,2,Stimulus,,,,,,,,,,,,
SV030,R,197,2,0,1,1,2,Stimulus,,,,,,,,,,,,
SV030,R,198,2,3,0,0,2,Stimulus,,,,,,,,,,,,
SV030,R,199,3,2,0,0,2,Stimulus,,,,,,,,,,,,
SV030,R,200,3,0,1,0,2,Stimulus,,,,,,,,,,,,
SV030,R,201,2,3,0,1,3,Stimulus,,,,,,,,,,,,
SV030,R,202,2,0,0,0,3,Stimulus,,,,,,,,,,,,
SV030,R,203,3,3,1,0,3,Stimulus,,,,,,,,,,,,
SV030,R,204,3,0,0,1,2,Stimulus,,,,,,,,,,,,
SV030,R,205,2,2,1,1,2,Stimulus,,,,,,,,,,,,
SV030,R,206,2,0,0,0,2,Stimulus,,,,,,,,,,,,
SV030,R,207,2,3,1,0,2,Stimulus,,,,,,,,,,,,
SV030,R,208,2,0,0,1,2,Stimulus,,,,,,,,,,,,
SV030,R,209,3,0,1,0,2,Stimulus,,,,,,,,,,,,
SV030,R,210,2,0,1,1,2,Stimulus,,,,,,,,,,,,
SV030,R,211,3,2,1,1,2,Stimulus,,,,,,,,,,,,
SV030,R,212,2,2,0,0,2,Stimulus,,,,,,,,,,,,
SV030,R,213,3,0,1,1,2,Stimulus,,,,,,,,,,,,
SV030,R,214,3,2,1,0,2,Stimulus,,,,,,,,,,,,
SV030,R,215,2,0,0,1,2,Stimulus,,,,,,,,,,,,
SV030,R,216,3,0,1,1,2,Stimulus,,,,,,,,,,,,
SV030,R,217,3,2,1,1,2,Stimulus,,,,,,,,,,,,
SV030,R,218,3,2,1,0,2,Stimulus,,,,,,,,,,,,
SV030,R,219,2,2,0,0,2,Stimulus,,,,,,,,,,,,
SV030,R,220,2,2,0,0,2,Stimulus,,,,,,,,,,,,
SV030,R,221,2,2,1,1,2,Stimulus,,,,,,,,,,,,
SV030,R,222,2,3,1,0,2,Stimulus,,,,,,,,,,,,
SV030,R,223,3,2,1,0,2,Stimulus,,,,,,,,,,,,
SV030,R,224,3,0,0,0,3,Stimulus,,,,,,,,,,,,
SV030,R,225,2,2,0,1,2,Stimulus,,,,,,,,,,,,
SV030,R,226,3,0,0,1,2,Stimulus,,,,,,,,,,,,
SV030,R,227,2,2,1,1,2,Stimulus,,,,,,,,,,,,
SV030,R,228,2,0,1,0,2,Stimulus,,,,,,,,,,,,
SV030,R,229,3,0,1,0,3,Stimulus,,,,,,,,,,,,
SV030,R,230,3,0,0,1,2,Stimulus,,,,,,,,,,,,
SV030,R,231,3,3,1,1,3,Stimulus,,,,,,,,,,,,
SV030,R,232,2,2,1,1,2,Stimulus,,,,,,,,,,,,
SV030,R,233,3,2,0,1,2,Stimulus,,,,,,,,,,,,
SV030,R,234,2,2,0,1,2,Stimulus,,,,,,,,,,,,
SV030,R,235,2,0,1,1,2,Stimulus,,,,,,,,,,,,
SV030,R,236,2,2,0,1,2,Stimulus,,,,,,,,,,,,
SV030,R,237,2,0,0,0,1,Stimulus,,,,,,,,,,,,
SV030,R,238,3,0,0,0,3,Stimulus,,,,,,,,,,,,
SV030,R,239,3,3,1,0,3,Stimulus,,,,,,,,,,,,
SV030,R,240,2,3,0,0,2,Stimulus,,,,,,,,,,,,
SV030,R,241,3,0,1,0,0,Stimulus,,,,,,,,,,,,
SV030,R,242,3,3,1,0,3,Stimulus,,,,,,,,,,,,
SV030,R,243,2,2,1,0,2,Stimulus,,,,,,,,,,,,
SV030,R,244,3,2,1,1,2,Stimulus,,,,,,,,,,,,
SV030,R,245,2,2,0,1,2,Stimulus,,,,,,,,,,,,
SV030,R,246,2,0,1,1,0,Stimulus,,,,,,,,,,,,
SV030,R,247,2,3,0,0,3,Stimulus,,,,,,,,,,,,
SV030,R,248,3,2,0,1,2,Stimulus,,,,,,,,,,,,
SV030,R,249,3,3,1,0,3,Stimulus,,,,,,,,,,,,
SV030,R,250,2,2,1,1,2,Stimulus,,,,,,,,,,,,
SV030,R,251,2,2,0,1,2,Stimulus,,,,,,,,,,,,
SV030,R,252,2,3,1,0,3,Stimulus,,,,,,,,,,,,
SV030,R,253,2,3,0,1,3,Stimulus,,,,,,,,,,,,
SV030,R,254,2,3,1,0,3,Stimulus,,,,,,,,,,,,
SV030,R,255,3,0,1,0,0,Stimulus,,,,,,,,,,,,
SV030,R,256,3,3,0,1,3,Stimulus,,,,,,,,,,,,
SV030,R,257,2,3,0,1,3,Stimulus,,,,,,,,,,,,
SV030,R,258,2,3,1,0,3,Stimulus,,,,,,,,,,,,
SV030,R,259,3,2,0,1,2,Stimulus,,,,,,,,,,,,
SV030,R,260,3,3,0,0,3,Stimulus,,,,,,,,,,,,
SV030,R,261,3,2,1,1,2,Stimulus,,,,,,,,,,,,
SV030,R,262,2,2,0,1,2,Stimulus,,,,,,,,,,,,
SV030,R,263,2,3,1,1,3,Stimulus,,,,,,,,,,,,
SV030,R,264,3,0,0,1,0,Stimulus,,,,,,,,,,,,
SV030,R,265,2,2,1,0,2,Stimulus,,,,,,,,,,,,
SV030,R,266,2,3,1,1,3,Stimulus,,,,,,,,,,,,
SV030,R,267,3,2,1,1,2,Stimulus,,,,,,,,,,,,
SV030,R,268,3,0,0,0,0,Stimulus,,,,,,,,,,,,
SV030,R,269,2,3,0,0,3,Stimulus,,,,,,,,,,,,
SV030,R,270,2,3,0,0,3,Stimulus,,,,,,,,,,,,
SV030,R,271,2,0,1,0,0,Stimulus,,,,,,,,,,,,
SV030,R,272,2,0,1,1,0,Stimulus,,,,,,,,,,,,
SV030,R,273,2,3,0,1,3,Stimulus,,,,,,,,,,,,
SV030,R,274,3,0,1,0,0,Stimulus,,,,,,,,,,,,
SV030,R,275,3,0,0,1,0,Stimulus,,,,,,,,,,,,
SV030,R,276,2,2,0,0,2,Stimulus,,,,,,,,,,,,
SV030,R,277,3,2,1,1,2,Stimulus,,,,,,,,,,,,
SV030,R,278,2,0,1,0,0,Stimulus,,,,,,,,,,,,
SV030,R,279,2,0,0,1,0,Stimulus,,,,,,,,,,,,
SV030,R,280,2,2,0,0,2,Stimulus,,,,,,,,,,,,
SV030,R,281,2,2,1,0,2,Stimulus,,,,,,,,,,,,
SV030,R,282,3,0,1,0,0,Stimulus,,,,,,,,,,,,
SV030,R,283,2,2,0,0,2,Stimulus,,,,,,,,,,,,
SV030,R,284,3,3,1,1,3,Stimulus,,,,,,,,,,,,
SV030,R,285,2,2,0,1,2,Stimulus,,,,,,,,,,,,
SV030,R,286,3,0,0,0,0,Stimulus,,,,,,,,,,,,
SV030,R,287,2,0,0,0,0,Stimulus,,,,,,,,,,,,
SV030,R,288,2,3,0,0,3,Stimulus,,,,,,,,,,,,
SV030,R,289,3,0,0,0,0,Stimulus,,,,,,,,,,,,
SV030,R,290,2,3,1,1,3,Stimulus,,,,,,,,,,,,
SV030,R,291,2,0,1,0,0,Stimulus,,,,,,,,,,,,
SV030,R,292,3,0,0,0,0,Stimulus,,,,,,,,,,,,
SV030,R,293,3,3,1,0,3,Stimulus,,,,,,,,,,,,
SV030,R,294,3,2,1,1,2,Stimulus,,,,,,,,,,,,
SV030,R,295,3,3,0,0,3,Stimulus,,,,,,,,,,,,
SV030,R,296,2,3,0,1,3,Stimulus,,,,,,,,,,,,
SV030,R,297,3,2,0,1,2,Stimulus,,,,,,,,,,,,
SV030,R,298,3,3,0,0,3,Stimulus,,,,,,,,,,,,
SV030,R,299,3,2,1,1,2,Stimulus,,,,,,,,,,,,
SV030,R,300,3,2,1,0,2,Stimulus,,,,,,,,,,,,
SV030,R,301,3,3,1,1,3,Stimulus,,,,,,,,,,,,
SV030,R,302,2,0,1,1,0,Stimulus,,,,,,,,,,,,
SV030,R,303,3,2,1,1,2,Stimulus,,,,,,,,,,,,
SV030,R,304,3,3,0,1,3,Stimulus,,,,,,,,,,,,
SV030,R,305,3,2,0,0,2,Stimulus,,,,,,,,,,,,
SV030,R,306,2,2,1,0,2,Stimulus,,,,,,,,,,,,
SV030,R,307,3,2,0,1,2,Stimulus,,,,,,,,,,,,
SV030,R,308,3,2,0,0,2,Stimulus,,,,,,,,,,,,
SV030,R,309,3,0,1,0,0,Stimulus,,,,,,,,,,,,
SV030,R,310,3,3,1,1,3,Stimulus,,,,,,,,,,,,
SV030,R,311,2,3,1,0,3,Stimulus,,,,,,,,,,,,
SV030,R,312,2,2,0,0,2,Stimulus,,,,,,,,,,,,
SV030,R,313,3,0,1,1,0,Stimulus,,,,,,,,,,,,
SV030,R,314,3,0,0,1,0,Stimulus,,,,,,,,,,,,
SV030,R,315,3,3,1,0,3,Stimulus,,,,,,,,,,,,
SV030,R,316,3,3,0,1,3,Stimulus,,,,,,,,,,,,
SV030,R,317,2,0,1,1,0,Stimulus,,,,,,,,,,,,
SV030,R,318,2,2,1,1,2,Stimulus,,,,,,,,,,,,
SV030,R,319,2,3,1,0,3,Stimulus,,,,,,,,,,,,
SV030,R,320,3,2,1,0,2,Stimulus,,,,,,,,,,,,
SV030,R,321,3,3,1,1,3,Stimulus,,,,,,,,,,,,
SV030,R,322,3,3,1,0,3,Stimulus,,,,,,,,,,,,
SV030,R,323,3,0,0,0,0,Stimulus,,,,,,,,,,,,
SV030,R,324,2,3,1,1,3,Stimulus,,,,,,,,,,,,
SV030,R,325,2,2,0,0,2,Stimulus,,,,,,,,,,,,
SV030,R,326,2,3,1,0,3,Stimulus,,,,,,,,,,,,
SV030,R,327,2,2,0,0,2,Stimulus,,,,,,,,,,,,
SV030,R,328,3,3,1,1,3,Stimulus,,,,,,,,,,,,
SV030,R,329,3,2,1,0,2,Stimulus,,,,,,,,,,,,
SV030,R,330,2,3,1,0,3,Stimulus,,,,,,,,,,,,
SV030,R,331,2,2,1,1,2,Stimulus,,,,,,,,,,,,
SV030,R,332,2,0,1,0,0,Stimulus,,,,,,,,,,,,
SV030,R,333,3,0,0,1,0,Stimulus,,,,,,,,,,,,
SV030,R,334,3,3,0,0,3,Stimulus,,,,,,,,,,,,
SV030,R,335,2,3,1,0,3,Stimulus,,,,,,,,,,,,
SV030,R,336,2,3,0,0,3,Stimulus,,,,,,,,,,,,
SV030,R,337,2,3,1,0,3,Stimulus,,,,,,,,,,,,
SV030,R,338,3,0,1,1,0,Stimulus,,,,,,,,,,,,
SV030,R,339,3,0,0,1,0,Stimulus,,,,,,,,,,,,
SV030,R,340,3,3,1,0,3,Stimulus,,,,,,,,,,,,
SV030,R,341,3,3,1,1,3,Stimulus,,,,,,,,,,,,
SV030,R,342,3,0,0,0,0,Stimulus,,,,,,,,,,,,
SV030,R,343,2,0,0,0,0,Stimulus,,,,,,,,,,,,
SV030,R,344,2,0,1,0,0,Stimulus,,,,,,,,,,,,
SV030,R,345,2,0,1,0,0,Stimulus,,,,,,,,,,,,
SV030,R,346,3,3,0,1,3,Stimulus,,,,,,,,,,,,
SV030,R,347,3,3,0,0,3,Stimulus,,,,,,,,,,,,
SV030,R,348,2,3,0,1,3,Stimulus,,,,,,,,,,,,
SV030,R,349,3,2,0,1,2,Stimulus,,,,,,,,,,,,
SV030,R,350,3,0,0,0,0,Stimulus,,,,,,,,,,,,
SV030,R,351,2,3,0,0,3,Stimulus,,,,,,,,,,,,
SV030,R,352,3,0,1,0,0,Stimulus,,,,,,,,,,,,
SV030,R,353,3,2,1,0,2,Stimulus,,,,,,,,,,,,
SV030,R,354,3,0,1,1,0,Stimulus,,,,,,,,,,,,
SV030,R,355,2,2,0,1,2,Stimulus,,,,,,,,,,,,
SV030,R,356,3,2,1,0,2,Stimulus,,,,,,,,,,,,
SV030,R,357,3,3,1,0,3,Stimulus,,,,,,,,,,,,
SV030,R,358,2,0,1,1,0,Stimulus,,,,,,,,,,,,
SV030,R,359,2,2,0,0,2,Stimulus,,,,,,,,,,,,
SV030,R,360,2,2,1,0,2,Stimulus,,,,,,,,,,,,
SV030,R,361,2,3,0,1,3,Stimulus,,,,,,,,,,,,
SV030,R,362,2,2,1,1,2,Stimulus,,,,,,,,,,,,
SV030,R,363,2,3,1,1,3,Stimulus,,,,,,,,,,,,
SV030,R,364,2,0,0,1,0,Stimulus,,,,,,,,,,,,
SV030,R,365,3,0,0,1,0,Stimulus,,,,,,,,,,,,
SV030,R,366,2,2,0,1,2,Stimulus,,,,,,,,,,,,
SV030,R,367,2,0,0,1,0,Stimulus,,,,,,,,,,,,
SV030,R,368,2,2,1,0,2,Stimulus,,,,,,,,,,,,
SV030,R,369,3,0,0,1,0,Stimulus,,,,,,,,,,,,
SV030,R,370,3,2,0,1,2,Stimulus,,,,,,,,,,,,
SV030,R,371,3,2,0,1,2,Stimulus,,,,,,,,,,,,
SV030,R,372,2,2,0,0,2,Stimulus,,,,,,,,,,,,
SV030,R,373,3,3,0,0,3,Stimulus,,,,,,,,,,,,
SV030,R,374,2,0,0,0,0,Stimulus,,,,,,,,,,,,
SV030,R,375,2,0,0,0,0,Stimulus,,,,,,,,,,,,
SV030,R,376,3,0,0,0,0,Stimulus,,,,,,,,,,,,
SV030,R,377,2,0,0,1,0,Stimulus,,,,,,,,,,,,
SV030,R,378,3,0,1,1,0,Stimulus,,,,,,,,,,,,
SV030,R,379,3,0,1,1,0,Stimulus,,,,,,,,,,,,
SV030,R,380,3,0,1,1,0,Stimulus,,,,,,,,,,,,
SV030,R,381,3,0,1,1,0,Stimulus,,,,,,,,,,,,
SV030,R,382,3,3,1,1,3,Stimulus,,,,,,,,,,,,
SV030,R,383,3,0,1,0,0,Stimulus,,,,,,,,,,,,
SV030,R,384,3,2,0,0,2,Stimulus,,,,,,,,,,,,
SV030,R,385,3,3,1,0,3,Stimulus,,,,,,,,,,,,
SV030,R,386,2,3,1,1,3,Stimulus,,,,,,,,,,,,
SV030,R,387,3,2,0,1,2,Stimulus,,,,,,,,,,,,
SV030,R,388,3,0,1,1,0,Stimulus,,,,,,,,,,,,
SV030,R,389,2,0,0,1,0,Stimulus,,,,,,,,,,,,
SV030,R,390,2,2,1,0,2,Stimulus,,,,,,,,,,,,
SV030,R,391,3,2,0,0,2,Stimulus,,,,,,,,,,,,
SV030,R,392,3,3,0,1,3,Stimulus,,,,,,,,,,,,
SV030,R,393,3,0,0,1,0,Stimulus,,,,,,,,,,,,
SV030,R,394,3,2,0,0,2,Stimulus,,,,,,,,,,,,
SV030,R,395,2,0,0,0,0,Stimulus,,,,,,,,,,,,
SV030,R,396,3,3,0,0,3,Stimulus,,,,,,,,,,,,
SV030,R,397,2,0,0,1,0,Stimulus,,,,,,,,,,,,
SV030,R,398,2,0,1,1,0,Stimulus,,,,,,,,,,,,
SV030,R,399,3,3,0,1,3,Stimulus,,,,,,,,,,,,
SV030,R,400,2,0,1,0,0,Stimulus,,,,,,,,,,,,
SV030,R,401,2,0,0,1,0,Stimulus,,,,,,,,,,,,
SV030,R,402,3,2,0,0,2,Stimulus,,,,,,,,,,,,
SV030,R,403,3,2,0,0,2,Stimulus,,,,,,,,,,,,
SV030,R,404,2,0,0,0,0,Stimulus,,,,,,,,,,,,
SV030,R,405,2,0,0,0,0,Stimulus,,,,,,,,,,,,
SV030,R,406,3,0,1,0,0,Stimulus,,,,,,,,,,,,
SV030,R,407,2,3,0,0,3,Stimulus,,,,,,,,,,,,
SV030,R,408,3,2,1,0,2,Stimulus,,,,,,,,,,,,
SV030,R,409,3,2,1,0,2,Stimulus,,,,,,,,,,,,
SV030,R,410,3,3,0,1,3,Stimulus,,,,,,,,,,,,
SV030,R,411,3,0,0,0,0,Stimulus,,,,,,,,,,,,
SV030,R,412,2,0,1,1,0,Stimulus,,,,,,,,,,,,
SV030,R,413,2,3,1,1,3,Stimulus,,,,,,,,,,,,
SV030,R,414,2,0,0,1,0,Stimulus,,,,,,,,,,,,
SV030,R,415,3,2,0,0,2,Stimulus,,,,,,,,,,,,
SV030,R,416,3,3,1,0,3,Stimulus,,,,,,,,,,,,
SV030,R,417,3,2,1,1,2,Stimulus,,,,,,,,,,,,
SV030,R,418,2,3,0,0,3,Stimulus,,,,,,,,,,,,
SV030,R,419,2,2,1,1,2,Stimulus,,,,,,,,,,,,
SV030,R,420,3,3,1,1,3,Stimulus,,,,,,,,,,,,
SV030,R,421,2,3,0,0,3,Stimulus,,,,,,,,,,,,
SV030,R,422,3,2,0,0,2,Stimulus,,,,,,,,,,,,
SV030,R,423,2,3,0,1,3,Stimulus,,,,,,,,,,,,
SV030,R,424,2,0,1,1,0,Stimulus,,,,,,,,,,,,
SV030,R,425,3,3,0,1,3,Stimulus,,,,,,,,,,,,
SV030,R,426,2,2,1,1,2,Stimulus,,,,,,,,,,,,
SV030,R,427,3,2,1,0,2,Stimulus,,,,,,,,,,,,
SV030,R,428,2,2,0,1,2,Stimulus,,,,,,,,,,,,
SV030,R,429,3,2,1,1,2,Stimulus,,,,,,,,,,,,
SV030,R,430,2,0,1,0,0,Stimulus,,,,,,,,,,,,
SV030,R,431,3,2,0,0,2,Stimulus,,,,,,,,,,,,
SV030,R,432,2,2,1,1,2,Stimulus,,,,,,,,,,,,
SV030,R,433,3,3,0,0,3,Stimulus,,,,,,,,,,,,
SV030,R,434,3,2,1,0,2,Stimulus,,,,,,,,,,,,
SV030,R,435,3,3,0,0,3,Stimulus,,,,,,,,,,,,
SV030,R,436,3,3,0,1,3,Stimulus,,,,,,,,,,,,
SV030,R,437,2,3,1,1,3,Stimulus,,,,,,,,,,,,
SV030,R,438,3,0,1,0,0,Stimulus,,,,,,,,,,,,
SV030,R,439,3,0,1,0,0,Stimulus,,,,,,,,,,,,
SV030,R,440,2,2,1,1,2,Stimulus,,,,,,,,,,,,
SV030,R,441,2,2,0,1,2,Stimulus,,,,,,,,,,,,
SV030,R,442,2,2,1,0,2,Stimulus,,,,,,,,,,,,
SV030,R,443,2,3,0,1,3,Stimulus,,,,,,,,,,,,
SV030,R,444,2,0,0,1,0,Stimulus,,,,,,,,,,,,
SV030,R,445,3,2,1,1,2,Stimulus,,,,,,,,,,,,
SV030,R,446,2,3,0,1,3,Stimulus,,,,,,,,,,,,
SV030,R,447,3,2,0,1,2,Stimulus,,,,,,,,,,,,
SV030,R,448,3,3,1,1,3,Stimulus,,,,,,,,,,,,
SV030,R,449,2,2,1,0,2,Stimulus,,,,,,,,,,,,
SV030,R,450,2,0,1,0,0,Stimulus,,,,,,,,,,,,
SV030,R,451,3,2,1,0,2,Stimulus,,,,,,,,,,,,
SV030,R,452,2,3,0,0,3,Stimulus,,,,,,,,,,,,
SV030,R,453,2,2,0,1,2,Stimulus,,,,,,,,,,,,
SV030,R,454,3,3,0,1,3,Stimulus,,,,,,,,,,,,
SV030,R,455,3,0,1,1,0,Stimulus,,,,,,,,,,,,
SV030,R,456,2,2,0,0,2,Stimulus,,,,,,,,,,,,
SV030,R,457,2,3,1,1,3,Stimulus,,,,,,,,,,,,
SV030,R,458,2,0,0,1,0,Stimulus,,,,,,,,,,,,
SV030,R,459,2,3,1,1,3,Stimulus,,,,,,,,,,,,
SV030,R,460,2,2,1,1,2,Stimulus,,,,,,,,,,,,
SV030,R,461,2,2,1,1,2,Stimulus,,,,,,,,,,,,
SV030,R,462,3,3,1,1,3,Stimulus,,,,,,,,,,,,
SV030,R,463,2,0,1,1,0,Stimulus,,,,,,,,,,,,
SV030,R,464,3,3,1,0,3,Stimulus,,,,,,,,,,,,
SV030,R,465,3,0,0,0,0,Stimulus,,,,,,,,,,,,
SV030,R,466,2,2,1,0,2,Stimulus,,,,,,,,,,,,
SV030,R,467,2,2,0,0,2,Stimulus,,,,,,,,,,,,
SV030,R,468,3,2,0,1,2,Stimulus,,,,,,,,,,,,
SV030,R,469,3,3,0,0,3,Stimulus,,,,,,,,,,,,
SV030,R,470,2,0,1,0,0,Stimulus,,,,,,,,,,,,
SV030,R,471,3,0,0,1,0,Stimulus,,,,,,,,,,,,
SV030,R,472,3,0,0,1,0,Stimulus,,,,,,,,,,,,
SV030,R,473,2,3,0,1,3,Stimulus,,,,,,,,,,,,
SV030,R,474,2,2,0,1,2,Stimulus,,,,,,,,,,,,
SV030,R,475,2,0,0,0,0,Stimulus,,,,,,,,,,,,
SV030,R,476,3,0,1,1,0,Stimulus,,,,,,,,,,,,
SV030,R,477,2,0,0,0,0,Stimulus,,,,,,,,,,,,
SV030,R,478,2,3,1,0,3,Stimulus,,,,,,,,,,,,
SV030,R,479,2,0,1,1,0,Stimulus,,,,,,,,,,,,
SV030,R,480,2,0,0,0,0,Stimulus,,,,,,,,,,,,
