subj_id,eye,trial_no,n_flash,n_beep,direction,blindspot,response,phase,fixation_x_mean,fixation_x_max,fixation_y_mean,fixation_y_max,pupil_avg_mean,pupil_avg_max,fixation_duration_mean,saccade_amplitude_mean,saccade_amplitude_max,saccade_velocity_mean,saccade_velocity_max,saccade_duration_mean
SV031,L,1,3,2,0,1,2,Fixation,,,,,,,,,,,,
SV031,L,2,3,3,0,1,3,Fixation,,,,,,,,,,,,
SV031,L,3,2,3,0,0,3,Fixation,,,,,,,,,,,,
SV031,L,4,3,0,1,1,2,Fixation,,,,,,,,,,,,
SV031,L,5,2,2,1,0,2,Fixation,,,,,,,,,,,,
SV031,L,6,3,0,0,0,2,Fixation,,,,,,,,,,,,
SV031,L,7,3,0,1,1,3,Fixation,,,,,,,,,,,,
SV031,L,8,3,2,1,1,2,Fixation,,,,,,,,,,,,
SV031,L,9,3,2,0,1,2,Fixation,,,,,,,,,,,,
SV031,L,10,3,3,1,0,3,Fixation,,,,,,,,,,,,
SV031,L,11,2,3,0,0,3,Fixation,,,,,,,,,,,,
SV031,L,12,3,3,1,1,3,Fixation,,,,,,,,,,,,
SV031,L,13,2,2,0,0,2,Fixation,,,,,,,,,,,,
SV031,L,14,3,3,0,1,3,Fixation,,,,,,,,,,,,
SV031,L,15,3,3,0,0,3,Fixation,,,,,,,,,,,,
SV031,L,16,3,2,1,0,2,Fixation,,,,,,,,,,,,
SV031,L,17,3,2,1,0,2,Fixation,,,,,,,,,,,,
SV031,L,18,2,2,0,1,2,Fixation,,,,,,,,,,,,
SV031,L,19,2,2,0,1,2,Fixation,,,,,,,,,,,,
SV031,L,20,3,3,0,1,2,Fixation,,,,,,,,,,,,
SV031,L,21,2,2,1,1,2,Fixation,,,,,,,,,,,,
SV031,L,22,3,0,1,1,2,Fixation,,,,,,,,,,,,
SV031,L,23,2,0,1,0,2,Fixation,,,,,,,,,,,,
SV031,L,24,2,0,0,0,2,Fixation,,,,,,,,,,,,
SV031,L,25,2,0,0,0,2,Fixation,,,,,,,,,,,,
SV031,L,26,3,3,0,0,3,Fixation,,,,,,,,,,,,
SV031,L,27,3,2,0,0,2,Fixation,,,,,,,,,,,,
SV031,L,28,3,0,0,0,3,Fixation,,,,,,,,,,,,
SV031,L,29,3,0,0,0,3,Fixation,,,,,,,,,,,,
SV031,L,30,2,0,0,1,3,Fixation,,,,,,,,,,,,
SV031,L,31,3,2,1,0,2,Fixation,,,,,,,,,,,,
SV031,L,32,2,3,1,0,3,Fixation,,,,,,,,,,,,
SV031,L,33,3,2,0,1,2,Fixation,,,,,,,,,,,,
SV031,L,34,3,0,0,1,2,Fixation,,,,,,,,,,,,
SV031,L,35,3,3,0,0,3,Fixation,,,,,,,,,,,,
SV031,L,36,2,3,0,1,2,Fixation,,,,,,,,,,,,
SV031,L,37,2,2,1,0,2,Fixation,,,,,,,,,,,,
SV031,L,38,3,3,1,1,3,Fixation,,,,,,,,,,,,
SV031,L,39,2,3,1,1,3,Fixation,,,,,,,,,,,,
SV031,L,40,3,3,1,0,3,Fixation,,,,,,,,,,,,
SV031,L,41,3,3,0,1,3,Fixation,,,,,,,,,,,,
SV031,L,42,3,3,1,1,3,Fixation,,,,,,,,,,,,
SV031,L,43,2,3,1,1,3,Fixation,,,,,,,,,,,,
SV031,L,44,3,3,1,0,3,Fixation,,,,,,,,,,,,
SV031,L,45,2,3,0,0,3,Fixation,,,,,,,,,,,,
SV031,L,46,2,3,0,0,3,Fixation,,,,,,,,,,,,
SV031,L,47,3,2,1,1,2,Fixation,,,,,,,,,,,,
SV031,L,48,2,2,1,1,2,Fixation,,,,,,,,,,,,
SV031,L,49,2,0,1,0,2,Fixation,,,,,,,,,,,,
SV031,L,50,2,3,1,1,3,Fixation,,,,,,,,,,,,
SV031,L,51,2,3,0,0,3,Fixation,,,,,,,,,,,,
SV031,L,52,3,2,0,0,2,Fixation,,,,,,,,,,,,
SV031,L,53,2,3,0,1,3,Fixation,,,,,,,,,,,,
SV031,L,54,3,2,1,0,2,Fixation,,,,,,,,,,,,
SV031,L,55,2,3,0,0,3,Fixation,,,,,,,,,,,,
SV031,L,56,2,0,0,1,3,Fixation,,,,,,,,,,,,
SV031,L,57,3,3,0,0,3,Fixation,,,,,,,,,,,,
SV031,L,58,2,0,0,0,3,Fixation,,,,,,,,,,,,
SV031,L,59,3,2,0,0,2,Fixation,,,,,,,,,,,,
SV031,L,60,3,3,1,0,3,Fixation,,,,,,,,,,,,
SV031,L,61,2,0,1,1,2,Fixation,,,,,,,,,,,,
SV031,L,62,3,3,0,1,2,Fixation,,,,,,,,,,,,
SV031,L,63,3,0,1,0,2,Fixation,,,,,,,,,,,,
SV031,L,64,2,0,0,1,2,Fixation,,,,,,,,,,,,
SV031,L,65,3,2,0,0,2,Fixation,,,,,,,,,,,,
SV031,L,66,2,2,0,0,2,Fixation,,,,,,,,,,,,
SV031,L,67,2,0,1,1,2,Fixation,,,,,,,,,,,,
SV031,L,68,3,0,1,0,2,Fixation,,,,,,,,,,,,
SV031,L,69,3,3,1,1,3,Fixation,,,,,,,,,,,,
SV031,L,70,3,2,0,0,3,Fixation,,,,,,,,,,,,
SV031,L,71,2,2,1,1,3,Fixation,,,,,,,,,,,,
SV031,L,72,2,2,0,0,2,Fixation,,,,,,,,,,,,
SV031,L,73,3,2,1,1,2,Fixation,,,,,,,,,,,,
SV031,L,74,2,3,0,1,3,Fixation,,,,,,,,,,,,
SV031,L,75,3,0,1,0,2,Fixation,,,,,,,,,,,,
SV031,L,76,2,2,1,1,2,Fixation,,,,,,,,,,,,
SV031,L,77,3,0,0,0,3,Fixation,,,,,,,,,,,,
SV031,L,78,3,0,0,1,2,Fixation,,,,,,,,,,,,
SV031,L,79,2,3,1,0,3,Fixation,,,,,,,,,,,,
SV031,L,80,2,2,0,1,2,Fixation,,,,,,,,,,,,
SV031,L,81,2,3,1,0,2,Fixation,,,,,,,,,,,,
SV031,L,82,2,2,1,1,2,Fixation,,,,,,,,,,,,
SV031,L,83,2,2,1,0,2,Fixation,,,,,,,,,,,,
SV031,L,84,2,2,1,0,2,Fixation,,,,,,,,,,,,
SV031,L,85,2,2,1,1,2,Fixation,,,,,,,,,,,,
SV031,L,86,3,3,1,1,3,Fixation,,,,,,,,,,,,
SV031,L,87,3,0,0,1,2,Fixation,,,,,,,,,,,,
SV031,L,88,2,3,0,1,3,Fixation,,,,,,,,,,,,
SV031,L,89,2,3,1,1,3,Fixation,,,,,,,,,,,,
SV031,L,90,2,2,0,1,2,Fixation,,,,,,,,,,,,
SV031,L,91,3,3,1,0,3,Fixation,,,,,,,,,,,,
SV031,L,92,2,3,0,0,3,Fixation,,,,,,,,,,,,
SV031,L,93,3,0,1,0,3,Fixation,,,,,,,,,,,,
SV031,L,94,2,0,0,1,3,Fixation,,,,,,,,,,,,
SV031,L,95,3,0,0,0,3,Fixation,,,,,,,,,,,,
SV031,L,96,3,3,1,1,3,Fixation,,,,,,,,,,,,
SV031,L,97,3,3,1,1,3,Fixation,,,,,,,,,,,,
SV031,L,98,3,0,1,1,3,Fixation,,,,,,,,,,,,
SV031,L,99,3,0,1,1,3,Fixation,,,,,,,,,,,,
SV031,L,100,3,2,1,1,2,Fixation,,,,,,,,,,,,
SV031,L,101,3,2,0,0,2,Fixation,,,,,,,,,,,,
SV031,L,102,3,2,1,1,2,Fixation,,,,,,,,,,,,
SV031,L,103,2,0,1,1,3,Fixation,,,,,,,,,,,,
SV031,L,104,2,2,0,1,2,Fixation,,,,,,,,,,,,
SV031,L,105,2,2,1,0,2,Fixation,,,,,,,,,,,,
SV031,L,106,3,0,0,0,3,Fixation,,,,,,,,,,,,
SV031,L,107,2,3,0,1,3,Fixation,,,,,,,,,,,,
SV031,L,108,3,2,1,1,2,Fixation,,,,,,,,,,,,
SV031,L,109,3,2,1,1,2,Fixation,,,,,,,,,,,,
SV031,L,110,2,2,0,0,2,Fixation,,,,,,,,,,,,
SV031,L,111,3,3,1,0,3,Fixation,,,,,,,,,,,,
SV031,L,112,2,0,0,1,2,Fixation,,,,,,,,,,,,
SV031,L,113,2,2,0,0,2,Fixation,,,,,,,,,,,,
SV031,L,114,3,0,0,1,3,Fixation,,,,,,,,,,,,
SV031,L,115,3,0,0,0,3,Fixation,,,,,,,,,,,,
SV031,L,116,3,3,0,1,2,Fixation,,,,,,,,,,,,
SV031,L,117,2,2,0,0,2,Fixation,,,,,,,,,,,,
SV031,L,118,3,0,0,1,3,Fixation,,,,,,,,,,,,
SV031,L,119,3,0,1,1,3,Fixation,,,,,,,,,,,,
SV031,L,120,2,2,1,0,2,Fixation,,,,,,,,,,,,
SV031,L,121,2,0,0,0,2,Fixation,,,,,,,,,,,,
SV031,L,122,3,0,1,0,2,Fixation,,,,,,,,,,,,
SV031,L,123,3,2,1,0,2,Fixation,,,,,,,,,,,,
SV031,L,124,2,0,0,1,2,Fixation,,,,,,,,,,,,
SV031,L,125,2,2,0,1,2,Fixation,,,,,,,,,,,,
SV031,L,126,2,3,1,1,3,Fixation,,,,,,,,,,,,
SV031,L,127,3,3,1,1,2,Fixation,,,,,,,,,,,,
SV031,L,128,3,0,0,1,2,Fixation,,,,,,,,,,,,
SV031,L,129,2,2,1,1,2,Fixation,,,,,,,,,,,,
SV031,L,130,3,2,0,0,2,Fixation,,,,,,,,,,,,
SV031,L,131,2,3,0,1,3,Fixation,,,,,,,,,,,,
SV031,L,132,2,3,1,1,3,Fixation,,,,,,,,,,,,
SV031,L,133,3,2,1,1,2,Fixation,,,,,,,,,,,,
SV031,L,134,3,0,1,1,2,Fixation,,,,,,,,,,,,
SV031,L,135,2,2,0,0,2,Fixation,,,,,,,,,,,,
SV031,L,136,2,0,1,1,2,Fixation,,,,,,,,,,,,
SV031,L,137,2,3,1,0,3,Fixation,,,,,,,,,,,,
SV031,L,138,2,2,0,1,2,Fixation,,,,,,,,,,,,
SV031,L,139,2,2,0,1,2,Fixation,,,,,,,,,,,,
SV031,L,140,3,2,0,1,2,Fixation,,,,,,,,,,,,
SV031,L,141,3,0,1,0,3,Fixation,,,,,,,,,,,,
SV031,L,142,3,0,1,1,2,Fixation,,,,,,,,,,,,
SV031,L,143,2,3,1,0,3,Fixation,,,,,,,,,,,,
SV031,L,144,3,2,0,1,2,Fixation,,,,,,,,,,,,
SV031,L,145,2,3,1,0,3,Fixation,,,,,,,,,,,,
SV031,L,146,2,3,1,0,3,Fixation,,,,,,,,,,,,
SV031,L,147,3,0,0,1,3,Fixation,,,,,,,,,,,,
SV031,L,148,3,3,0,1,3,Fixation,,,,,,,,,,,,
SV031,L,149,2,0,0,0,2,Fixation,,,,,,,,,,,,
SV031,L,150,2,3,1,0,3,Fixation,,,,,,,,,,,,
SV031,L,151,3,2,0,0,2,Fixation,,,,,,,,,,,,
SV031,L,152,2,3,1,0,2,Fixation,,,,,,,,,,,,
SV031,L,153,2,0,0,0,3,Fixation,,,,,,,,,,,,
SV031,L,154,3,0,0,0,2,Fixation,,,,,,,,,,,,
SV031,L,155,2,2,1,1,2,Fixation,,,,,,,,,,,,
SV031,L,156,3,3,0,0,3,Fixation,,,,,,,,,,,,
SV031,L,157,3,3,1,0,3,Fixation,,,,,,,,,,,,
SV031,L,158,3,2,0,1,2,Fixation,,,,,,,,,,,,
SV031,L,159,2,0,0,0,2,Fixation,,,,,,,,,,,,
SV031,L,160,3,0,1,0,3,Fixation,,,,,,,,,,,,
SV031,L,161,2,2,0,1,2,Fixation,,,,,,,,,,,,
SV031,L,162,3,3,1,1,3,Fixation,,,,,,,,,,,,
SV031,L,163,2,2,1,0,2,Fixation,,,,,,,,,,,,
SV031,L,164,3,2,0,1,2,Fixation,,,,,,,,,,,,
SV031,L,165,2,0,1,0,2,Fixation,,,,,,,,,,,,
SV031,L,166,3,2,0,0,2,Fixation,,,,,,,,,,,,
SV031,L,167,3,2,0,1,2,Fixation,,,,,,,,,,,,
SV031,L,168,3,0,1,1,2,Fixation,,,,,,,,,,,,
SV031,L,169,2,3,0,1,3,Fixation,,,,,,,,,,,,
SV031,L,170,2,3,0,0,3,Fixation,,,,,,,,,,,,
SV031,L,171,3,0,0,0,3,Fixation,,,,,,,,,,,,
SV031,L,172,3,3,0,1,2,Fixation,,,,,,,,,,,,
SV031,L,173,2,0,0,0,2,Fixation,,,,,,,,,,,,
SV031,L,174,2,0,0,1,2,Fixation,,,,,,,,,,,,
SV031,L,175,2,0,1,1,2,Fixation,,,,,,,,,,,,
SV031,L,176,3,0,1,0,2,Fixation,,,,,,,,,,,,
SV031,L,177,2,3,0,1,3,Fixation,,,,,,,,,,,,
SV031,L,178,3,3,1,0,3,Fixation,,,,,,,,,,,,
SV031,L,179,2,3,0,0,2,Fixation,,,,,,,,,,,,
SV031,L,180,3,0,1,0,3,Fixation,,,,,,,,,,,,
SV031,L,181,3,3,1,1,3,Fixation,,,,,,,,,,,,
SV031,L,182,2,0,1,1,2,Fixation,,,,,,,,,,,,
SV031,L,183,3,2,1,0,2,Fixation,,,,,,,,,,,,
SV031,L,184,3,2,1,0,2,Fixation,,,,,,,,,,,,
SV031,L,185,2,0,1,0,2,Fixation,,,,,,,,,,,,
SV031,L,186,2,0,1,1,2,Fixation,,,,,,,,,,,,
SV031,L,187,2,0,1,1,2,Fixation,,,,,,,,,,,,
SV031,L,188,3,2,1,1,2,Fixation,,,,,,,,,,,,
SV031,L,189,3,3,0,1,3,Fixation,,,,,,,,,,,,
SV031,L,190,2,3,1,1,3,Fixation,,,,,,,,,,,,
SV031,L,191,3,3,1,0,3,Fixation,,,,,,,,,,,,
SV031,L,192,3,0,0,0,3,Fixation,,,,,,,,,,,,
SV031,L,193,2,2,1,1,2,Fixation,,,,,,,,,,,,
SV031,L,194,2,0,1,1,2,Fixation,,,,,,,,,,,,
SV031,L,195,3,0,0,1,2,Fixation,,,,,,,,,,,,
SV031,L,196,3,2,1,0,2,Fixation,,,,,,,,,,,,
SV031,L,197,2,3,1,1,2,Fixation,,,,,,,,,,,,
SV031,L,198,2,0,1,1,2,Fixation,,,,,,,,,,,,
SV031,L,199,2,2,0,1,2,Fixation,,,,,,,,,,,,
SV031,L,200,3,3,1,0,2,Fixation,,,,,,,,,,,,
SV031,L,201,2,3,0,0,2,Fixation,,,,,,,,,,,,
SV031,L,202,2,3,0,1,2,Fixation,,,,,,,,,,,,
SV031,L,203,2,0,1,0,2,Fixation,,,,,,,,,,,,
SV031,L,204,2,3,1,1,2,Fixation,,,,,,,,,,,,
SV031,L,205,3,0,0,1,2,Fixation,,,,,,,,,,,,
SV031,L,206,3,0,1,1,2,Fixation,,,,,,,,,,,,
SV031,L,207,3,0,0,1,2,Fixation,,,,,,,,,,,,
SV031,L,208,2,2,0,0,2,Fixation,,,,,,,,,,,,
SV031,L,209,2,0,0,1,3,Fixation,,,,,,,,,,,,
SV031,L,210,2,0,1,0,2,Fixation,,,,,,,,,,,,
SV031,L,211,2,0,0,0,2,Fixation,,,,,,,,,,,,
SV031,L,212,3,3,0,0,3,Fixation,,,,,,,,,,,,
SV031,L,213,2,0,1,0,2,Fixation,,,,,,,,,,,,
SV031,L,214,3,2,0,0,2,Fixation,,,,,,,,,,,,
SV031,L,215,2,3,0,1,3,Fixation,,,,,,,,,,,,
SV031,L,216,3,3,0,0,3,Fixation,,,,,,,,,,,,
SV031,L,217,3,2,1,0,2,Fixation,,,,,,,,,,,,
SV031,L,218,3,3,0,0,3,Fixation,,,,,,,,,,,,
SV031,L,219,3,2,0,1,2,Fixation,,,,,,,,,,,,
SV031,L,220,2,3,1,1,3,Fixation,,,,,,,,,,,,
SV031,L,221,2,3,1,0,3,Fixation,,,,,,,,,,,,
SV031,L,222,3,2,0,1,2,Fixation,,,,,,,,,,,,
SV031,L,223,3,2,1,0,2,Fixation,,,,,,,,,,,,
SV031,L,224,3,0,1,0,3,Fixation,,,,,,,,,,,,
SV031,L,225,2,0,0,1,3,Fixation,,,,,,,,,,,,
SV031,L,226,3,3,0,1,3,Fixation,,,,,,,,,,,,
SV031,L,227,3,2,1,1,2,Fixation,,,,,,,,,,,,
SV031,L,228,2,2,0,0,2,Fixation,,,,,,,,,,,,
SV031,L,229,2,0,0,0,2,Fixation,,,,,,,,,,,,
SV031,L,230,2,0,0,1,2,Fixation,,,,,,,,,,,,
SV031,L,231,2,2,1,0,2,Fixation,,,,,,,,,,,,
SV031,L,232,3,3,0,0,3,Fixation,,,,,,,,,,,,
SV031,L,233,2,0,1,0,2,Fixation,,,,,,,,,,,,
SV031,L,234,3,3,0,0,3,Fixation,,,,,,,,,,,,
SV031,L,235,2,2,0,0,2,Fixation,,,,,,,,,,,,
SV031,L,236,2,0,1,0,3,Fixation,,,,,,,,,,,,
SV031,L,237,2,2,1,0,2,Fixation,,,,,,,,,,,,
SV031,L,238,2,2,1,1,2,Fixation,,,,,,,,,,,,
SV031,L,239,2,0,1,0,2,Fixation,,,,,,,,,,,,
SV031,L,240,2,2,1,0,2,Fixation,,,,,,,,,,,,
SV031,L,241,2,2,0,0,2,Fixation,,,,,,,,,,,,
SV031,L,242,3,2,0,0,2,Fixation,,,,,,,,,,,,
SV031,L,243,3,3,1,1,3,Fixation,,,,,,,,,,,,
SV031,L,244,2,0,0,1,0,Fixation,,,,,,,,,,,,
SV031,L,245,2,2,1,1,2,Fixation,,,,,,,,,,,,
SV031,L,246,2,3,1,1,3,Fixation,,,,,,,,,,,,
SV031,L,247,3,0,0,1,0,Fixation,,,,,,,,,,,,
SV031,L,248,2,2,1,1,2,Fixation,,,,,,,,,,,,
SV031,L,249,3,3,1,1,3,Fixation,,,,,,,,,,,,
SV031,L,250,2,3,0,0,3,Fixation,,,,,,,,,,,,
SV031,L,251,3,2,0,1,2,Fixation,,,,,,,,,,,,
SV031,L,252,2,3,1,1,3,Fixation,,,,,,,,,,,,
SV031,L,253,2,0,1,1,0,Fixation,,,,,,,,,,,,
SV031,L,254,3,3,0,0,3,Fixation,,,,,,,,,,,,
SV031,L,255,2,2,1,0,2,Fixation,,,,,,,,,,,,
SV031,L,256,3,3,0,0,3,Fixation,,,,,,,,,,,,
SV031,L,257,2,3,1,1,3,Fixation,,,,,,,,,,,,
SV031,L,258,2,2,1,1,2,Fixation,,,,,,,,,,,,
SV031,L,259,3,2,1,0,2,Fixation,,,,,,,,,,,,
SV031,L,260,3,2,0,1,2,Fixation,,,,,,,,,,,,
SV031,L,261,3,0,1,1,0,Fixation,,,,,,,,,,,,
SV031,L,262,3,2,1,1,2,Fixation,,,,,,,,,,,,
SV031,L,263,2,3,0,0,3,Fixation,,,,,,,,,,,,
SV031,L,264,2,3,1,1,3,Fixation,,,,,,,,,,,,
SV031,L,265,2,3,0,1,3,Fixation,,,,,,,,,,,,
SV031,L,266,2,0,0,0,0,Fixation,,,,,,,,,,,,
SV031,L,267,2,3,1,0,3,Fixation,,,,,,,,,,,,
SV031,L,268,2,0,1,0,0,Fixation,,,,,,,,,,,,
SV031,L,269,2,2,1,1,2,Fixation,,,,,,,,,,,,
SV031,L,270,2,2,0,1,2,Fixation,,,,,,,,,,,,
SV031,L,271,3,3,1,1,3,Fixation,,,,,,,,,,,,
SV031,L,272,2,0,0,1,0,Fixation,,,,,,,,,,,,
SV031,L,273,3,3,0,1,3,Fixation,,,,,,,,,,,,
SV031,L,274,2,2,0,0,2,Fixation,,,,,,,,,,,,
SV031,L,275,2,2,1,1,2,Fixation,,,,,,,,,,,,
SV031,L,276,2,0,1,1,0,Fixation,,,,,,,,,,,,
SV031,L,277,3,2,1,0,2,Fixation,,,,,,,,,,,,
SV031,L,278,2,3,0,0,3,Fixation,,,,,,,,,,,,
SV031,L,279,3,3,0,1,3,Fixation,,,,,,,,,,,,
SV031,L,280,2,3,0,1,3,Fixation,,,,,,,,,,,,
SV031,L,281,2,0,0,0,0,Fixation,,,,,,,,,,,,
SV031,L,282,3,0,0,1,0,Fixation,,,,,,,,,,,,
SV031,L,283,3,0,0,0,0,Fixation,,,,,,,,,,,,
SV031,L,284,2,3,0,0,3,Fixation,,,,,,,,,,,,
SV031,L,285,3,2,0,0,2,Fixation,,,,,,,,,,,,
SV031,L,286,3,2,0,1,2,Fixation,,,,,,,,,,,,
SV031,L,287,3,2,1,0,2,Fixation,,,,,,,,,,,,
SV031,L,288,3,0,0,0,0,Fixation,,,,,,,,,,,,
SV031,L,289,3,2,1,1,2,Fixation,,,,,,,,,,,,
SV031,L,290,2,2,1,0,2,Fixation,,,,,,,,,,,,
SV031,L,291,3,0,1,0,0,Fixation,,,,,,,,,,,,
SV031,L,292,2,2,1,0,2,Fixation,,,,,,,,,,,,
SV031,L,293,2,3,0,0,3,Fixation,,,,,,,,,,,,
SV031,L,294,3,0,0,1,0,Fixation,,,,,,,,,,,,
SV031,L,295,3,0,1,0,0,Fixation,,,,,,,,,,,,
SV031,L,296,3,3,1,0,3,Fixation,,,,,,,,,,,,
SV031,L,297,2,2,1,0,2,Fixation,,,,,,,,,,,,
SV031,L,298,2,0,0,1,0,Fixation,,,,,,,,,,,,
SV031,L,299,2,2,0,1,2,Fixation,,,,,,,,,,,,
SV031,L,300,2,3,1,1,3,Fixation,,,,,,,,,,,,
SV031,L,301,3,2,0,1,2,Fixation,,,,,,,,,,,,
SV031,L,302,2,3,1,0,3,Fixation,,,,,,,,,,,,
SV031,L,303,3,2,0,0,2,Fixation,,,,,,,,,,,,
SV031,L,304,3,0,1,0,0,Fixation,,,,,,,,,,,,
SV031,L,305,2,2,0,1,2,Fixation,,,,,,,,,,,,
SV031,L,306,3,0,1,0,0,Fixation,,,,,,,,,,,,
SV031,L,307,2,2,0,1,2,Fixation,,,,,,,,,,,,
SV031,L,308,2,2,1,0,2,Fixation,,,,,,,,,,,,
SV031,L,309,2,3,1,0,3,Fixation,,,,,,,,,,,,
SV031,L,310,2,3,0,0,3,Fixation,,,,,,,,,,,,
SV031,L,311,2,3,0,0,3,Fixation,,,,,,,,,,,,
SV031,L,312,2,0,0,1,0,Fixation,,,,,,,,,,,,
SV031,L,313,3,0,1,1,0,Fixation,,,,,,,,,,,,
SV031,L,314,2,2,0,0,2,Fixation,,,,,,,,,,,,
SV031,L,315,2,0,1,0,0,Fixation,,,,,,,,,,,,
SV031,L,316,3,2,0,0,2,Fixation,,,,,,,,,,,,
SV031,L,317,2,3,1,0,3,Fixation,,,,,,,,,,,,
SV031,L,318,2,3,0,0,3,Fixation,,,,,,,,,,,,
SV031,L,319,3,3,0,1,3,Fixation,,,,,,,,,,,,
SV031,L,320,2,0,0,0,0,Fixation,,,,,,,,,,,,
SV031,L,321,3,3,0,1,3,Fixation,,,,,,,,,,,,
SV031,L,322,3,2,0,1,2,Fixation,,,,,,,,,,,,
SV031,L,323,2,3,0,1,3,Fixation,,,,,,,,,,,,
SV031,L,324,3,0,1,1,0,Fixation,,,,,,,,,,,,
SV031,L,325,2,3,1,1,3,Fixation,,,,,,,,,,,,
SV031,L,326,2,0,1,1,0,Fixation,,,,,,,,,,,,
SV031,L,327,3,3,1,1,3,Fixation,,,,,,,,,,,,
SV031,L,328,3,2,1,0,2,Fixation,,,,,,,,,,,,
SV031,L,329,3,3,1,1,3,Fixation,,,,,,,,,,,,
SV031,L,330,3,3,1,1,3,Fixation,,,,,,,,,,,,
SV031,L,331,3,2,1,0,2,Fixation,,,,,,,,,,,,
SV031,L,332,3,3,0,1,3,Fixation,,,,,,,,,,,,
SV031,L,333,3,0,0,0,0,Fixation,,,,,,,,,,,,
SV031,L,334,3,0,1,1,0,Fixation,,,,,,,,,,,,
SV031,L,335,2,2,1,0,2,Fixation,,,,,,,,,,,,
SV031,L,336,3,2,0,1,2,Fixation,,,,,,,,,,,,
SV031,L,337,2,0,0,0,0,Fixation,,,,,,,,,,,,
SV031,L,338,3,0,1,0,0,Fixation,,,,,,,,,,,,
SV031,L,339,2,2,0,0,2,Fixation,,,,,,,,,,,,
SV031,L,340,2,3,0,1,3,Fixation,,,,,,,,,,,,
SV031,L,341,3,0,0,1,0,Fixation,,,,,,,,,,,,
SV031,L,342,3,2,1,1,2,Fixation,,,,,,,,,,,,
SV031,L,343,3,0,1,0,0,Fixation,,,,,,,,,,,,
SV031,L,344,2,3,1,0,3,Fixation,,,,,,,,,,,,
SV031,L,345,3,2,0,0,2,Fixation,,,,,,,,,,,,
SV031,L,346,3,3,0,0,3,Fixation,,,,,,,,,,,,
SV031,L,347,2,0,0,1,0,Fixation,,,,,,,,,,,,
SV031,L,348,3,2,1,0,2,Fixation,,,,,,,,,,,,
SV031,L,349,3,3,1,0,3,Fixation,,,,,,,,,,,,
SV031,L,350,3,2,0,1,2,Fixation,,,,,,,,,,,,
SV031,L,351,3,3,0,1,3,Fixation,,,,,,,,,,,,
SV031,L,352,3,3,0,1,3,Fixation,,,,,,,,,,,,
SV031,L,353,3,3,1,0,3,Fixation,,,,,,,,,,,,
SV031,L,354,2,2,0,1,2,Fixation,,,,,,,,,,,,
SV031,L,355,3,3,1,0,3,Fixation,,,,,,,,,,,,
SV031,L,356,2,3,0,0,3,Fixation,,,,,,,,,,,,
SV031,L,357,2,2,1,0,2,Fixation,,,,,,,,,,,,
SV031,L,358,2,2,1,1,2,Fixation,,,,,,,,,,,,
SV031,L,359,2,2,1,0,2,Fixation,,,,,,,,,,,,
SV031,L,360,3,2,0,0,2,Fixation,,,,,,,,,,,,
SV031,L,361,2,0,0,0,0,Fixation,,,,,,,,,,,,
SV031,L,362,2,3,1,0,3,Fixation,,,,,,,,,,,,
SV031,L,363,3,2,1,1,2,Fixation,,,,,,,,,,,,
SV031,L,364,3,2,1,1,2,Fixation,,,,,,,,,,,,
SV031,L,365,2,2,1,0,2,Fixation,,,,,,,,,,,,
SV031,L,366,2,2,0,1,2,Fixation,,,,,,,,,,,,
SV031,L,367,2,0,0,0,0,Fixation,,,,,,,,,,,,
SV031,L,368,3,2,1,0,2,Fixation,,,,,,,,,,,,
SV031,L,369,3,0,0,0,0,Fixation,,,,,,,,,,,,
SV031,L,370,3,2,1,1,2,Fixation,,,,,,,,,,,,
SV031,L,371,2,0,1,1,0,Fixation,,,,,,,,,,,,
SV031,L,372,2,3,0,1,3,Fixation,,,,,,,,,,,,
SV031,L,373,3,0,0,0,0,Fixation,,,,,,,,,,,,
SV031,L,374,3,3,1,0,3,Fixation,,,,,,,,,,,,
SV031,L,375,3,3,1,1,3,Fixation,,,,,,,,,,,,
SV031,L,376,2,0,0,0,0,Fixation,,,,,,,,,,,,
SV031,L,377,3,3,0,1,3,Fixation,,,,,,,,,,,,
SV031,L,378,2,3,0,1,3,Fixation,,,,,,,,,,,,
SV031,L,379,3,2,1,0,2,Fixation,,,,,,,,,,,,
SV031,L,380,3,2,0,0,2,Fixation,,,,,,,,,,,,
SV031,L,381,2,0,0,0,0,Fixation,,,,,,,,,,,,
SV031,L,382,2,0,1,1,0,Fixation,,,,,,,,,,,,
SV031,L,383,2,0,1,1,0,Fixation,,,,,,,,,,,,
SV031,L,384,3,0,1,0,0,Fixation,,,,,,,,,,,,
SV031,L,385,3,0,0,0,0,Fixation,,,,,,,,,,,,
SV031,L,386,2,0,1,0,0,Fixation,,,,,,,,,,,,
SV031,L,387,2,2,0,0,2,Fixation,,,,,,,,,,,,
SV031,L,388,2,0,1,1,0,Fixation,,,,,,,,,,,,
SV031,L,389,2,3,1,0,3,Fixation,,,,,,,,,,,,
SV031,L,390,2,2,0,0,2,Fixation,,,,,,,,,,,,
SV031,L,391,3,0,1,1,0,Fixation,,,,,,,,,,,,
SV031,L,392,3,2,1,0,2,Fixation,,,,,,,,,,,,
SV031,L,393,3,0,0,0,0,Fixation,,,,,,,,,,,,
SV031,L,394,2,3,1,1,3,Fixation,,,,,,,,,,,,
SV031,L,395,2,0,1,1,0,Fixation,,,,,,,,,,,,
SV031,L,396,2,3,1,0,3,Fixation,,,,,,,,,,,,
SV031,L,397,3,2,1,1,2,Fixation,,,,,,,,,,,,
SV031,L,398,2,0,0,1,0,Fixation,,,,,,,,,,,,
SV031,L,399,2,3,1,0,3,Fixation,,,,,,,,,,,,
SV031,L,400,2,0,1,0,0,Fixation,,,,,,,,,,,,
SV031,L,401,2,3,0,1,3,Fixation,,,,,,,,,,,,
SV031,L,402,2,0,0,1,0,Fixation,,,,,,,,,,,,
SV031,L,403,3,3,0,0,3,Fixation,,,,,,,,,,,,
SV031,L,404,3,0,1,0,0,Fixation,,,,,,,,,,,,
SV031,L,405,3,2,0,1,2,Fixation,,,,,,,,,,,,
SV031,L,406,2,3,1,1,3,Fixation,,,,,,,,,,,,
SV031,L,407,3,3,0,1,3,Fixation,,,,,,,,,,,,
SV031,L,408,2,2,0,0,2,Fixation,,,,,,,,,,,,
SV031,L,409,3,0,1,1,3,Fixation,,,,,,,,,,,,
SV031,L,410,3,3,0,0,3,Fixation,,,,,,,,,,,,
SV031,L,411,2,2,0,1,2,Fixation,,,,,,,,,,,,
SV031,L,412,2,2,1,1,2,Fixation,,,,,,,,,,,,
SV031,L,413,3,3,0,1,3,Fixation,,,,,,,,,,,,
SV031,L,414,3,3,1,0,3,Fixation,,,,,,,,,,,,
SV031,L,415,3,3,0,0,3,Fixation,,,,,,,,,,,,
SV031,L,416,3,2,0,1,2,Fixation,,,,,,,,,,,,
SV031,L,417,2,2,0,1,2,Fixation,,,,,,,,,,,,
SV031,L,418,3,3,0,0,3,Fixation,,,,,,,,,,,,
SV031,L,419,2,3,0,1,3,Fixation,,,,,,,,,,,,
SV031,L,420,3,0,0,1,0,Fixation,,,,,,,,,,,,
SV031,L,421,3,3,1,1,3,Fixation,,,,,,,,,,,,
SV031,L,422,3,2,0,0,2,Fixation,,,,,,,,,,,,
SV031,L,423,3,0,1,1,0,Fixation,,,,,,,,,,,,
SV031,L,424,3,0,1,0,0,Fixation,,,,,,,,,,,,
SV031,L,425,3,2,0,1,2,Fixation,,,,,,,,,,,,
SV031,L,426,2,3,0,1,3,Fixation,,,,,,,,,,,,
SV031,L,427,2,2,0,1,2,Fixation,,,,,,,,,,,,
SV031,L,428,3,0,0,0,0,Fixation,,,,,,,,,,,,
SV031,L,429,3,2,1,1,2,Fixation,,,,,,,,,,,,
SV031,L,430,3,0,0,0,0,Fixation,,,,,,,,,,,,
SV031,L,431,3,3,0,0,3,Fixation,,,,,,,,,,,,
SV031,L,432,3,0,0,0,0,Fixation,,,,,,,,,,,,
SV031,L,433,2,2,1,1,0,Fixation,,,,,,,,,,,,
SV031,L,434,2,0,1,0,0,Fixation,,,,,,,,,,,,
SV031,L,435,2,3,1,1,3,Fixation,,,,,,,,,,,,
SV031,L,436,2,0,1,0,0,Fixation,,,,,,,,,,,,
SV031,L,437,2,0,0,0,0,Fixation,,,,,,,,,,,,
SV031,L,438,3,2,1,1,2,Fixation,,,,,,,,,,,,
SV031,L,439,3,3,1,1,3,Fixation,,,,,,,,,,,,
SV031,L,440,3,0,1,1,0,Fixation,,,,,,,,,,,,
SV031,L,441,3,0,1,1,0,Fixation,,,,,,,,,,,,
SV031,L,442,2,3,1,1,3,Fixation,,,,,,,,,,,,
SV031,L,443,3,0,0,1,0,Fixation,,,,,,,,,,,,
SV031,L,444,2,3,0,0,3,Fixation,,,,,,,,,,,,
SV031,L,445,2,3,1,0,3,Fixation,,,,,,,,,,,,
SV031,L,446,3,2,1,1,2,Fixation,,,,,,,,,,,,
SV031,L,447,2,2,1,1,2,Fixation,,,,,,,,,,,,
SV031,L,448,3,3,1,0,3,Fixation,,,,,,,,,,,,
SV031,L,449,3,0,1,0,0,Fixation,,,,,,,,,,,,
SV031,L,450,3,3,1,1,3,Fixation,,,,,,,,,,,,
SV031,L,451,3,2,0,0,2,Fixation,,,,,,,,,,,,
SV031,L,452,3,3,1,0,3,Fixation,,,,,,,,,,,,
SV031,L,453,2,0,0,1,0,Fixation,,,,,,,,,,,,
SV031,L,454,3,3,1,0,3,Fixation,,,,,,,,,,,,
SV031,L,455,2,2,0,0,2,Fixation,,,,,,,,,,,,
SV031,L,456,3,0,0,1,0,Fixation,,,,,,,,,,,,
SV031,L,457,3,0,0,1,0,Fixation,,,,,,,,,,,,
SV031,L,458,3,2,0,0,2,Fixation,,,,,,,,,,,,
SV031,L,459,3,3,0,0,3,Fixation,,,,,,,,,,,,
SV031,L,460,3,0,0,1,0,Fixation,,,,,,,,,,,,
SV031,L,461,3,0,1,1,0,Fixation,,,,,,,,,,,,
SV031,L,462,2,0,1,1,0,Fixation,,,,,,,,,,,,
SV031,L,463,2,0,0,1,0,Fixation,,,,,,,,,,,,
SV031,L,464,3,3,1,0,3,Fixation,,,,,,,,,,,,
SV031,L,465,2,0,0,0,0,Fixation,,,,,,,,,,,,
SV031,L,466,2,0,1,1,0,Fixation,,,,,,,,,,,,
SV031,L,467,3,3,0,0,3,Fixation,,,,,,,,,,,,
SV031,L,468,2,2,1,0,2,Fixation,,,,,,,,,,,,
SV031,L,469,2,2,0,0,2,Fixation,,,,,,,,,,,,
SV031,L,470,2,0,1,0,0,Fixation,,,,,,,,,,,,
SV031,L,471,2,0,1,0,0,Fixation,,,,,,,,,,,,
SV031,L,472,3,2,1,0,2,Fixation,,,,,,,,,,,,
SV031,L,473,2,2,1,1,2,Fixation,,,,,,,,,,,,
SV031,L,474,2,0,0,1,0,Fixation,,,,,,,,,,,,
SV031,L,475,2,0,1,0,0,Fixation,,,,,,,,,,,,
SV031,L,476,2,2,0,1,2,Fixation,,,,,,,,,,,,
SV031,L,477,2,3,0,1,3,Fixation,,,,,,,,,,,,
SV031,L,478,2,0,1,0,0,Fixation,,,,,,,,,,,,
SV031,L,479,3,0,0,1,0,Fixation,,,,,,,,,,,,
SV031,L,480,2,2,0,0,2,Fixation,,,,,,,,,,,,
SV031,R,1,3,3,1,1,3,Fixation,,,,,,,,,,,,
SV031,R,2,2,3,0,0,3,Fixation,,,,,,,,,,,,
SV031,R,3,3,3,0,1,2,Fixation,,,,,,,,,,,,
SV031,R,4,2,2,0,1,2,Fixation,,,,,,,,,,,,
SV031,R,5,2,0,0,1,3,Fixation,,,,,,,,,,,,
SV031,R,6,2,0,1,1,2,Fixation,,,,,,,,,,,,
SV031,R,7,3,0,0,1,2,Fixation,,,,,,,,,,,,
SV031,R,8,2,0,0,1,2,Fixation,,,,,,,,,,,,
SV031,R,9,3,2,0,1,2,Fixation,,,,,,,,,,,,
SV031,R,10,2,2,0,0,2,Fixation,,,,,,,,,,,,
SV031,R,11,3,2,0,1,2,Fixation,,,,,,,,,,,,
SV031,R,12,2,0,0,0,2,Fixation,,,,,,,,,,,,
SV031,R,13,3,2,1,1,2,Fixation,,,,,,,,,,,,
SV031,R,14,2,2,0,0,2,Fixation,,,,,,,,,,,,
SV031,R,15,3,0,1,0,3,Fixation,,,,,,,,,,,,
SV031,R,16,2,0,0,0,2,Fixation,,,,,,,,,,,,
SV031,R,17,3,0,1,1,3,Fixation,,,,,,,,,,,,
SV031,R,18,3,3,0,1,3,Fixation,,,,,,,,,,,,
SV031,R,19,2,2,0,1,2,Fixation,,,,,,,,,,,,
SV031,R,20,2,3,1,1,3,Fixation,,,,,,,,,,,,
SV031,R,21,3,0,1,1,3,Fixation,,,,,,,,,,,,
SV031,R,22,3,3,0,0,3,Fixation,,,,,,,,,,,,
SV031,R,23,3,0,0,1,3,Fixation,,,,,,,,,,,,
SV031,R,24,3,2,0,0,2,Fixation,,,,,,,,,,,,
SV031,R,25,2,0,0,1,2,Fixation,,,,,,,,,,,,
SV031,R,26,3,0,1,1,2,Fixation,,,,,,,,,,,,
SV031,R,27,2,3,1,1,3,Fixation,,,,,,,,,,,,
SV031,R,28,2,3,0,0,3,Fixation,,,,,,,,,,,,
SV031,R,29,3,0,0,1,2,Fixation,,,,,,,,,,,,
SV031,R,30,3,0,1,1,3,Fixation,,,,,,,,,,,,
SV031,R,31,2,2,1,0,2,Fixation,,,,,,,,,,,,
SV031,R,32,2,0,1,1,2,Fixation,,,,,,,,,,,,
SV031,R,33,3,2,1,1,2,Fixation,,,,,,,,,,,,
SV031,R,34,3,3,1,1,3,Fixation,,,,,,,,,,,,
SV031,R,35,2,3,1,0,3,Fixation,,,,,,,,,,,,
SV031,R,36,2,0,0,0,2,Fixation,,,,,,,,,,,,
SV031,R,37,2,2,1,1,2,Fixation,,,,,,,,,,,,
SV031,R,38,2,2,0,0,2,Fixation,,,,,,,,,,,,
SV031,R,39,2,3,0,1,3,Fixation,,,,,,,,,,,,
SV031,R,40,2,3,0,0,3,Fixation,,,,,,,,,,,,
SV031,R,41,3,2,0,1,2,Fixation,,,,,,,,,,,,
SV031,R,42,3,2,0,0,2,Fixation,,,,,,,,,,,,
SV031,R,43,2,3,1,1,3,Fixation,,,,,,,,,,,,
SV031,R,44,3,0,1,1,2,Fixation,,,,,,,,,,,,
SV031,R,45,3,3,1,0,3,Fixation,,,,,,,,,,,,
SV031,R,46,3,2,1,1,2,Fixation,,,,,,,,,,,,
SV031,R,47,3,2,0,0,2,Fixation,,,,,,,,,,,,
SV031,R,48,2,3,0,1,3,Fixation,,,,,,,,,,,,
SV031,R,49,3,0,1,0,2,Fixation,,,,,,,,,,,,
SV031,R,50,3,3,0,0,3,Fixation,,,,,,,,,,,,
SV031,R,51,2,2,1,0,2,Fixation,,,,,,,,,,,,
SV031,R,52,3,0,0,0,3,Fixation,,,,,,,,,,,,
SV031,R,53,3,0,0,0,3,Fixation,,,,,,,,,,,,
SV031,R,54,2,3,0,1,3,Fixation,,,,,,,,,,,,
SV031,R,55,3,0,0,0,3,Fixation,,,,,,,,,,,,
SV031,R,56,3,3,0,0,3,Fixation,,,,,,,,,,,,
SV031,R,57,2,2,0,0,2,Fixation,,,,,,,,,,,,
SV031,R,58,3,0,0,0,3,Fixation,,,,,,,,,,,,
SV031,R,59,3,3,0,1,3,Fixation,,,,,,,,,,,,
SV031,R,60,3,3,1,1,3,Fixation,,,,,,,,,,,,
SV031,R,61,3,3,1,1,3,Fixation,,,,,,,,,,,,
SV031,R,62,3,0,0,1,2,Fixation,,,,,,,,,,,,
SV031,R,63,2,2,1,0,2,Fixation,,,,,,,,,,,,
SV031,R,64,2,3,1,0,3,Fixation,,,,,,,,,,,,
SV031,R,65,2,3,1,0,3,Fixation,,,,,,,,,,,,
SV031,R,66,2,2,1,0,2,Fixation,,,,,,,,,,,,
SV031,R,67,2,0,1,0,2,Fixation,,,,,,,,,,,,
SV031,R,68,3,0,0,0,3,Fixation,,,,,,,,,,,,
SV031,R,69,3,3,1,1,3,Fixation,,,,,,,,,,,,
SV031,R,70,3,0,0,0,3,Fixation,,,,,,,,,,,,
SV031,R,71,2,2,0,0,2,Fixation,,,,,,,,,,,,
SV031,R,72,3,2,1,1,2,Fixation,,,,,,,,,,,,
SV031,R,73,2,3,0,1,3,Fixation,,,,,,,,,,,,
SV031,R,74,2,3,0,1,3,Fixation,,,,,,,,,,,,
SV031,R,75,2,0,1,1,2,Fixation,,,,,,,,,,,,
SV031,R,76,2,2,1,0,2,Fixation,,,,,,,,,,,,
SV031,R,77,3,2,1,0,2,Fixation,,,,,,,,,,,,
SV031,R,78,3,3,0,0,3,Fixation,,,,,,,,,,,,
SV031,R,79,3,2,0,0,2,Fixation,,,,,,,,,,,,
SV031,R,80,3,0,1,0,3,Fixation,,,,,,,,,,,,
SV031,R,81,3,2,0,0,2,Fixation,,,,,,,,,,,,
SV031,R,82,2,0,0,0,2,Fixation,,,,,,,,,,,,
SV031,R,83,2,2,0,1,2,Fixation,,,,,,,,,,,,
SV031,R,84,3,0,0,0,3,Fixation,,,,,,,,,,,,
SV031,R,85,2,0,0,0,2,Fixation,,,,,,,,,,,,
SV031,R,86,3,0,0,1,2,Fixation,,,,,,,,,,,,
SV031,R,87,2,0,0,1,2,Fixation,,,,,,,,,,,,
SV031,R,88,2,0,1,0,3,Fixation,,,,,,,,,,,,
SV031,R,89,3,0,1,0,3,Fixation,,,,,,,,,,,,
SV031,R,90,3,2,1,1,2,Fixation,,,,,,,,,,,,
SV031,R,91,2,3,1,0,3,Fixation,,,,,,,,,,,,
SV031,R,92,3,0,0,1,2,Fixation,,,,,,,,,,,,
SV031,R,93,3,0,1,0,2,Fixation,,,,,,,,,,,,
SV031,R,94,3,3,0,1,3,Fixation,,,,,,,,,,,,
SV031,R,95,3,0,1,0,3,Fixation,,,,,,,,,,,,
SV031,R,96,2,2,1,0,2,Fixation,,,,,,,,,,,,
SV031,R,97,2,3,0,1,3,Fixation,,,,,,,,,,,,
SV031,R,98,3,3,0,1,3,Fixation,,,,,,,,,,,,
SV031,R,99,2,0,1,1,2,Fixation,,,,,,,,,,,,
SV031,R,100,3,2,1,1,2,Fixation,,,,,,,,,,,,
SV031,R,101,3,0,1,1,2,Fixation,,,,,,,,,,,,
SV031,R,102,3,2,0,1,2,Fixation,,,,,,,,,,,,
SV031,R,103,3,2,0,0,2,Fixation,,,,,,,,,,,,
SV031,R,104,3,0,0,1,2,Fixation,,,,,,,,,,,,
SV031,R,105,2,2,1,1,2,Fixation,,,,,,,,,,,,
SV031,R,106,3,2,0,0,2,Fixation,,,,,,,,,,,,
SV031,R,107,3,0,0,0,3,Fixation,,,,,,,,,,,,
SV031,R,108,3,2,1,1,2,Fixation,,,,,,,,,,,,
SV031,R,109,3,0,0,0,3,Fixation,,,,,,,,,,,,
SV031,R,110,3,2,1,0,2,Fixation,,,,,,,,,,,,
SV031,R,111,2,2,0,1,2,Fixation,,,,,,,,,,,,
SV031,R,112,3,2,0,0,2,Fixation,,,,,,,,,,,,
SV031,R,113,2,3,0,0,3,Fixation,,,,,,,,,,,,
SV031,R,114,2,2,0,1,2,Fixation,,,,,,,,,,,,
SV031,R,115,3,3,1,0,3,Fixation,,,,,,,,,,,,
SV031,R,116,2,3,0,0,3,Fixation,,,,,,,,,,,,
SV031,R,117,3,3,0,1,3,Fixation,,,,,,,,,,,,
SV031,R,118,2,2,0,0,2,Fixation,,,,,,,,,,,,
SV031,R,119,3,3,0,0,3,Fixation,,,,,,,,,,,,
SV031,R,120,2,2,1,0,2,Fixation,,,,,,,,,,,,
SV031,R,121,2,2,1,1,2,Fixation,,,,,,,,,,,,
SV031,R,122,3,0,1,0,2,Fixation,,,,,,,,,,,,
SV031,R,123,3,3,0,1,3,Fixation,,,,,,,,,,,,
SV031,R,124,2,0,0,1,3,Fixation,,,,,,,,,,,,
SV031,R,125,3,2,0,1,2,Fixation,,,,,,,,,,,,
SV031,R,126,2,2,0,1,2,Fixation,,,,,,,,,,,,
SV031,R,127,2,3,1,0,3,Fixation,,,,,,,,,,,,
SV031,R,128,3,3,0,0,3,Fixation,,,,,,,,,,,,
SV031,R,129,3,2,1,0,2,Fixation,,,,,,,,,,,,
SV031,R,130,3,3,1,0,3,Fixation,,,,,,,,,,,,
SV031,R,131,3,3,1,1,3,Fixation,,,,,,,,,,,,
SV031,R,132,2,2,0,0,2,Fixation,,,,,,,,,,,,
SV031,R,133,2,3,0,0,3,Fixation,,,,,,,,,,,,
SV031,R,134,3,3,1,0,3,Fixation,,,,,,,,,,,,
SV031,R,135,2,3,0,0,3,Fixation,,,,,,,,,,,,
SV031,R,136,2,2,1,1,2,Fixation,,,,,,,,,,,,
SV031,R,137,3,0,1,0,3,Fixation,,,,,,,,,,,,
SV031,R,138,2,0,1,0,3,Fixation,,,,,,,,,,,,
SV031,R,139,2,3,1,0,3,Fixation,,,,,,,,,,,,
SV031,R,140,3,0,1,1,2,Fixation,,,,,,,,,,,,
SV031,R,141,3,0,1,0,2,Fixation,,,,,,,,,,,,
SV031,R,142,2,3,1,0,3,Fixation,,,,,,,,,,,,
SV031,R,143,2,0,0,0,2,Fixation,,,,,,,,,,,,
SV031,R,144,3,0,0,1,2,Fixation,,,,,,,,,,,,
SV031,R,145,3,3,1,1,3,Fixation,,,,,,,,,,,,
SV031,R,146,2,2,1,0,2,Fixation,,,,,,,,,,,,
SV031,R,147,2,2,0,1,1,Fixation,,,,,,,,,,,,
SV031,R,148,3,3,1,0,3,Fixation,,,,,,,,,,,,
SV031,R,149,3,3,0,0,3,Fixation,,,,,,,,,,,,
SV031,R,150,2,0,0,0,2,Fixation,,,,,,,,,,,,
SV031,R,151,3,2,0,0,2,Fixation,,,,,,,,,,,,
SV031,R,152,2,0,1,0,3,Fixation,,,,,,,,,,,,
SV031,R,153,3,0,1,1,2,Fixation,,,,,,,,,,,,
SV031,R,154,3,2,1,0,2,Fixation,,,,,,,,,,,,
SV031,R,155,3,2,1,0,2,Fixation,,,,,,,,,,,,
SV031,R,156,2,2,1,1,2,Fixation,,,,,,,,,,,,
SV031,R,157,3,3,1,0,3,Fixation,,,,,,,,,,,,
SV031,R,158,2,3,0,1,3,Fixation,,,,,,,,,,,,
SV031,R,159,3,2,0,1,2,Fixation,,,,,,,,,,,,
SV031,R,160,3,3,0,1,3,Fixation,,,,,,,,,,,,
SV031,R,161,2,3,0,0,3,Fixation,,,,,,,,,,,,
SV031,R,162,2,2,0,1,2,Fixation,,,,,,,,,,,,
SV031,R,163,2,2,1,1,2,Fixation,,,,,,,,,,,,
SV031,R,164,2,3,1,1,3,Fixation,,,,,,,,,,,,
SV031,R,165,2,0,1,1,3,Fixation,,,,,,,,,,,,
SV031,R,166,2,0,0,1,2,Fixation,,,,,,,,,,,,
SV031,R,167,3,2,1,0,2,Fixation,,,,,,,,,,,,
SV031,R,168,2,0,0,0,2,Fixation,,,,,,,,,,,,
SV031,R,169,2,0,0,1,2,Fixation,,,,,,,,,,,,
SV031,R,170,2,0,1,0,2,Fixation,,,,,,,,,,,,
SV031,R,171,2,0,0,1,2,Fixation,,,,,,,,,,,,
SV031,R,172,2,0,0,1,2,Fixation,,,,,,,,,,,,
SV031,R,173,3,3,0,0,3,Fixation,,,,,,,,,,,,
SV031,R,174,3,0,0,1,2,Fixation,,,,,,,,,,,,
SV031,R,175,2,3,1,1,3,Fixation,,,,,,,,,,,,
SV031,R,176,3,3,1,0,3,Fixation,,,,,,,,,,,,
SV031,R,177,2,2,0,0,2,Fixation,,,,,,,,,,,,
SV031,R,178,2,0,1,0,2,Fixation,,,,,,,,,,,,
SV031,R,179,2,0,1,0,2,Fixation,,,,,,,,,,,,
SV031,R,180,2,2,0,1,2,Fixation,,,,,,,,,,,,
SV031,R,181,2,3,1,0,3,Fixation,,,,,,,,,,,,
SV031,R,182,2,2,1,1,2,Fixation,,,,,,,,,,,,
SV031,R,183,2,0,0,1,2,Fixation,,,,,,,,,,,,
SV031,R,184,3,0,1,1,2,Fixation,,,,,,,,,,,,
SV031,R,185,3,3,1,0,3,Fixation,,,,,,,,,,,,
SV031,R,186,2,0,0,0,2,Fixation,,,,,,,,,,,,
SV031,R,187,3,3,1,0,3,Fixation,,,,,,,,,,,,
SV031,R,188,3,2,0,1,2,Fixation,,,,,,,,,,,,
SV031,R,189,2,0,1,1,2,Fixation,,,,,,,,,,,,
SV031,R,190,2,3,0,0,3,Fixation,,,,,,,,,,,,
SV031,R,191,3,2,1,0,2,Fixation,,,,,,,,,,,,
SV031,R,192,2,2,0,1,2,Fixation,,,,,,,,,,,,
SV031,R,193,3,0,1,1,2,Fixation,,,,,,,,,,,,
SV031,R,194,2,3,1,1,3,Fixation,,,,,,,,,,,,
SV031,R,195,3,2,1,0,2,Fixation,,,,,,,,,,,,
SV031,R,196,2,0,1,0,2,Fixation,,,,,,,,,,,,
SV031,R,197,2,0,1,1,2,Fixation,,,,,,,,,,,,
SV031,R,198,3,2,1,1,2,Fixation,,,,,,,,,,,,
SV031,R,199,3,0,1,0,2,Fixation,,,,,,,,,,,,
SV031,R,200,3,2,0,1,2,Fixation,,,,,,,,,,,,
SV031,R,201,2,3,0,1,3,Fixation,,,,,,,,,,,,
SV031,R,202,2,2,0,0,2,Fixation,,,,,,,,,,,,
SV031,R,203,2,0,1,0,2,Fixation,,,,,,,,,,,,
SV031,R,204,2,2,1,0,2,Fixation,,,,,,,,,,,,
SV031,R,205,3,2,0,0,2,Fixation,,,,,,,,,,,,
SV031,R,206,2,2,1,1,2,Fixation,,,,,,,,,,,,
SV031,R,207,3,3,1,1,3,Fixation,,,,,,,,,,,,
SV031,R,208,3,3,1,1,3,Fixation,,,,,,,,,,,,
SV031,R,209,3,2,1,1,2,Fixation,,,,,,,,,,,,
SV031,R,210,3,3,1,0,3,Fixation,,,,,,,,,,,,
SV031,R,211,2,2,1,0,2,Fixation,,,,,,,,,,,,
SV031,R,212,3,2,0,1,2,Fixation,,,,,,,,,,,,
SV031,R,213,3,3,0,1,3,Fixation,,,,,,,,,,,,
SV031,R,214,3,3,0,0,3,Fixation,,,,,,,,,,,,
SV031,R,215,2,2,1,1,2,Fixation,,,,,,,,,,,,
SV031,R,216,3,3,1,1,3,Fixation,,,,,,,,,,,,
SV031,R,217,2,3,0,0,3,Fixation,,,,,,,,,,,,
SV031,R,218,2,0,1,1,3,Fixation,,,,,,,,,,,,
SV031,R,219,2,3,1,1,3,Fixation,,,,,,,,,,,,
SV031,R,220,2,0,1,0,3,Fixation,,,,,,,,,,,,
SV031,R,221,3,3,0,0,3,Fixation,,,,,,,,,,,,
SV031,R,222,2,3,1,0,3,Fixation,,,,,,,,,,,,
SV031,R,223,3,2,1,0,2,Fixation,,,,,,,,,,,,
SV031,R,224,2,3,1,1,3,Fixation,,,,,,,,,,,,
SV031,R,225,2,2,0,0,2,Fixation,,,,,,,,,,,,
SV031,R,226,3,2,1,0,2,Fixation,,,,,,,,,,,,
SV031,R,227,3,2,0,1,2,Fixation,,,,,,,,,,,,
SV031,R,228,3,0,0,1,3,Fixation,,,,,,,,,,,,
SV031,R,229,2,3,0,1,3,Fixation,,,,,,,,,,,,
SV031,R,230,3,3,0,1,3,Fixation,,,,,,,,,,,,
SV031,R,231,2,0,1,1,2,Fixation,,,,,,,,,,,,
SV031,R,232,2,3,1,1,3,Fixation,,,,,,,,,,,,
SV031,R,233,2,3,1,0,3,Fixation,,,,,,,,,,,,
SV031,R,234,2,2,1,1,2,Fixation,,,,,,,,,,,,
SV031,R,235,2,3,0,1,3,Fixation,,,,,,,,,,,,
SV031,R,236,3,2,1,1,2,Fixation,,,,,,,,,,,,
SV031,R,237,2,0,1,1,2,Fixation,,,,,,,,,,,,
SV031,R,238,2,3,1,1,3,Fixation,,,,,,,,,,,,
SV031,R,239,3,0,0,0,3,Fixation,,,,,,,,,,,,
SV031,R,240,2,0,0,0,2,Fixation,,,,,,,,,,,,
SV031,R,241,3,2,0,0,2,Fixation,,,,,,,,,,,,
SV031,R,242,3,0,1,0,0,Fixation,,,,,,,,,,,,
SV031,R,243,2,3,0,0,3,Fixation,,,,,,,,,,,,
SV031,R,244,3,3,0,1,3,Fixation,,,,,,,,,,,,
SV031,R,245,2,3,0,1,3,Fixation,,,,,,,,,,,,
SV031,R,246,2,0,1,1,0,Fixation,,,,,,,,,,,,
SV031,R,247,2,2,0,1,2,Fixation,,,,,,,,,,,,
SV031,R,248,3,0,1,1,3,Fixation,,,,,,,,,,,,
SV031,R,249,3,3,0,1,3,Fixation,,,,,,,,,,,,
SV031,R,250,3,0,0,0,3,Fixation,,,,,,,,,,,,
SV031,R,251,2,3,1,1,2,Fixation,,,,,,,,,,,,
SV031,R,252,2,3,1,0,3,Fixation,,,,,,,,,,,,
SV031,R,253,2,0,0,0,0,Fixation,,,,,,,,,,,,
SV031,R,254,2,0,1,0,0,Fixation,,,,,,,,,,,,
SV031,R,255,2,0,1,0,0,Fixation,,,,,,,,,,,,
SV031,R,256,3,2,1,0,2,Fixation,,,,,,,,,,,,
SV031,R,257,3,0,0,1,0,Fixation,,,,,,,,,,,,
SV031,R,258,2,0,1,0,0,Fixation,,,,,,,,,,,,
SV031,R,259,2,0,1,0,0,Fixation,,,,,,,,,,,,
SV031,R,260,2,0,1,1,0,Fixation,,,,,,,,,,,,
SV031,R,261,3,3,1,0,3,Fixation,,,,,,,,,,,,
SV031,R,262,3,0,0,0,0,Fixation,,,,,,,,,,,,
SV031,R,263,3,3,0,1,3,Fixation,,,,,,,,,,,,
SV031,R,264,2,3,1,0,3,Fixation,,,,,,,,,,,,
SV031,R,265,2,0,1,1,0,Fixation,,,,,,,,,,,,
SV031,R,266,3,2,0,1,2,Fixation,,,,,,,,,,,,
SV031,R,267,2,3,0,0,3,Fixation,,,,,,,,,,,,
SV031,R,268,2,0,0,1,0,Fixation,,,,,,,,,,,,
SV031,R,269,3,3,1,1,3,Fixation,,,,,,,,,,,,
SV031,R,270,3,0,1,1,0,Fixation,,,,,,,,,,,,
SV031,R,271,2,0,0,0,0,Fixation,,,,,,,,,,,,
SV031,R,272,2,2,1,0,2,Fixation,,,,,,,,,,,,
SV031,R,273,2,2,1,1,2,Fixation,,,,,,,,,,,,
SV031,R,274,2,0,1,0,0,Fixation,,,,,,,,,,,,
SV031,R,275,3,2,0,0,2,Fixation,,,,,,,,,,,,
SV031,R,276,3,2,1,0,2,Fixation,,,,,,,,,,,,
SV031,R,277,3,3,1,1,3,Fixation,,,,,,,,,,,,
SV031,R,278,3,3,0,1,3,Fixation,,,,,,,,,,,,
SV031,R,279,2,2,0,0,0,Fixation,,,,,,,,,,,,
SV031,R,280,2,2,0,1,2,Fixation,,,,,,,,,,,,
SV031,R,281,2,3,0,0,3,Fixation,,,,,,,,,,,,
SV031,R,282,2,3,1,0,3,Fixation,,,,,,,,,,,,
SV031,R,283,3,2,0,0,2,Fixation,,,,,,,,,,,,
SV031,R,284,2,3,0,0,3,Fixation,,,,,,,,,,,,
SV031,R,285,3,0,0,1,0,Fixation,,,,,,,,,,,,
SV031,R,286,2,3,0,1,3,Fixation,,,,,,,,,,,,
SV031,R,287,3,2,0,0,2,Fixation,,,,,,,,,,,,
SV031,R,288,3,2,1,1,2,Fixation,,,,,,,,,,,,
SV031,R,289,3,0,1,1,0,Fixation,,,,,,,,,,,,
SV031,R,290,3,2,0,0,2,Fixation,,,,,,,,,,,,
SV031,R,291,2,0,0,1,0,Fixation,,,,,,,,,,,,
SV031,R,292,2,2,0,0,2,Fixation,,,,,,,,,,,,
SV031,R,293,3,0,1,0,0,Fixation,,,,,,,,,,,,
SV031,R,294,3,3,1,1,3,Fixation,,,,,,,,,,,,
SV031,R,295,2,2,1,1,2,Fixation,,,,,,,,,,,,
SV031,R,296,2,3,1,1,3,Fixation,,,,,,,,,,,,
SV031,R,297,2,0,0,1,0,Fixation,,,,,,,,,,,,
SV031,R,298,3,3,1,0,3,Fixation,,,,,,,,,,,,
SV031,R,299,3,0,0,0,0,Fixation,,,,,,,,,,,,
SV031,R,300,3,3,1,1,3,Fixation,,,,,,,,,,,,
SV031,R,301,3,3,1,0,3,Fixation,,,,,,,,,,,,
SV031,R,302,3,0,0,1,0,Fixation,,,,,,,,,,,,
SV031,R,303,2,2,1,1,2,Fixation,,,,,,,,,,,,
SV031,R,304,2,2,1,1,2,Fixation,,,,,,,,,,,,
SV031,R,305,3,3,1,1,3,Fixation,,,,,,,,,,,,
SV031,R,306,3,0,1,0,0,Fixation,,,,,,,,,,,,
SV031,R,307,3,3,0,0,3,Fixation,,,,,,,,,,,,
SV031,R,308,2,3,0,0,3,Fixation,,,,,,,,,,,,
SV031,R,309,3,3,1,0,3,Fixation,,,,,,,,,,,,
SV031,R,310,3,3,0,0,3,Fixation,,,,,,,,,,,,
SV031,R,311,3,2,1,0,2,Fixation,,,,,,,,,,,,
SV031,R,312,3,0,1,1,0,Fixation,,,,,,,,,,,,
SV031,R,313,2,0,0,0,0,Fixation,,,,,,,,,,,,
SV031,R,314,2,3,0,0,3,Fixation,,,,,,,,,,,,
SV031,R,315,3,2,0,1,2,Fixation,,,,,,,,,,,,
SV031,R,316,3,2,0,1,2,Fixation,,,,,,,,,,,,
SV031,R,317,3,0,0,0,0,Fixation,,,,,,,,,,,,
SV031,R,318,3,0,0,1,0,Fixation,,,,,,,,,,,,
SV031,R,319,2,2,0,1,2,Fixation,,,,,,,,,,,,
SV031,R,320,2,3,1,1,3,Fixation,,,,,,,,,,,,
SV031,R,321,2,0,0,0,0,Fixation,,,,,,,,,,,,
SV031,R,322,3,3,0,0,3,Fixation,,,,,,,,,,,,
SV031,R,323,3,0,1,1,0,Fixation,,,,,,,,,,,,
SV031,R,324,3,0,1,0,0,Fixation,,,,,,,,,,,,
SV031,R,325,2,0,1,1,0,Fixation,,,,,,,,,,,,
SV031,R,326,3,3,1,1,3,Fixation,,,,,,,,,,,,
SV031,R,327,2,0,0,0,0,Fixation,,,,,,,,,,,,
SV031,R,328,3,3,1,1,3,Fixation,,,,,,,,,,,,
SV031,R,329,3,0,1,1,0,Fixation,,,,,,,,,,,,
SV031,R,330,3,3,1,0,3,Fixation,,,,,,,,,,,,
SV031,R,331,2,0,1,0,0,Fixation,,,,,,,,,,,,
SV031,R,332,2,3,1,1,3,Fixation,,,,,,,,,,,,
SV031,R,333,2,2,1,0,2,Fixation,,,,,,,,,,,,
SV031,R,334,3,2,0,1,2,Fixation,,,,,,,,,,,,
SV031,R,335,2,0,1,0,0,Fixation,,,,,,,,,,,,
SV031,R,336,2,0,0,0,0,Fixation,,,,,,,,,,,,
SV031,R,337,2,0,0,0,0,Fixation,,,,,,,,,,,,
SV031,R,338,3,2,0,1,2,Fixation,,,,,,,,,,,,
SV031,R,339,3,2,1,0,2,Fixation,,,,,,,,,,,,
SV031,R,340,3,0,0,0,0,Fixation,,,,,,,,,,,,
SV031,R,341,3,0,0,1,0,Fixation,,,,,,,,,,,,
SV031,R,342,3,2,0,0,2,Fixation,,,,,,,,,,,,
SV031,R,343,3,2,1,1,2,Fixation,,,,,,,,,,,,
SV031,R,344,2,2,0,0,2,Fixation,,,,,,,,,,,,
SV031,R,345,2,2,1,0,2,Fixation,,,,,,,,,,,,
SV031,R,346,3,0,1,0,0,Fixation,,,,,,,,,,,,
SV031,R,347,2,0,1,0,0,Fixation,,,,,,,,,,,,
SV031,R,348,3,3,1,0,3,Fixation,,,,,,,,,,,,
SV031,R,349,2,0,1,1,2,Fixation,,,,,,,,,,,,
SV031,R,350,3,0,1,1,2,Fixation,,,,,,,,,,,,
SV031,R,351,3,2,0,0,2,Fixation,,,,,,,,,,,,
SV031,R,352,3,3,0,0,3,Fixation,,,,,,,,,,,,
SV031,R,353,3,2,0,1,2,Fixation,,,,,,,,,,,,
SV031,R,354,2,3,0,1,3,Fixation,,,,,,,,,,,,
SV031,R,355,3,3,0,0,3,Fixation,,,,,,,,,,,,
SV031,R,356,3,0,0,0,0,Fixation,,,,,,,,,,,,
SV031,R,357,2,2,0,1,2,Fixation,,,,,,,,,,,,
SV031,R,358,3,3,1,1,3,Fixation,,,,,,,,,,,,
SV031,R,359,2,0,1,1,0,Fixation,,,,,,,,,,,,
SV031,R,360,2,3,1,1,3,Fixation,,,,,,,,,,,,
SV031,R,361,2,3,0,0,3,Fixation,,,,,,,,,,,,
SV031,R,362,2,0,0,1,0,Fixation,,,,,,,,,,,,
SV031,R,363,2,3,0,1,3,Fixation,,,,,,,,,,,,
SV031,R,364,2,0,0,1,0,Fixation,,,,,,,,,,,,
SV031,R,365,2,2,0,1,2,Fixation,,,,,,,,,,,,
SV031,R,366,3,2,1,0,2,Fixation,,,,,,,,,,,,
SV031,R,367,2,3,1,0,3,Fixation,,,,,,,,,,,,
SV031,R,368,2,0,1,1,0,Fixation,,,,,,,,,,,,
SV031,R,369,2,2,1,0,2,Fixation,,,,,,,,,,,,
SV031,R,370,2,3,1,0,3,Fixation,,,,,,,,,,,,
SV031,R,371,3,2,1,0,2,Fixation,,,,,,,,,,,,
SV031,R,372,3,3,0,1,3,Fixation,,,,,,,,,,,,
SV031,R,373,3,3,0,1,3,Fixation,,,,,,,,,,,,
SV031,R,374,2,3,0,0,3,Fixation,,,,,,,,,,,,
SV031,R,375,3,0,0,0,0,Fixation,,,,,,,,,,,,
SV031,R,376,2,3,1,1,3,Fixation,,,,,,,,,,,,
SV031,R,377,2,2,0,0,2,Fixation,,,,,,,,,,,,
SV031,R,378,3,2,1,1,2,Fixation,,,,,,,,,,,,
SV031,R,379,3,2,0,0,2,Fixation,,,,,,,,,,,,
SV031,R,380,2,2,0,1,2,Fixation,,,,,,,,,,,,
SV031,R,381,2,2,1,1,2,Fixation,,,,,,,,,,,,
SV031,R,382,3,2,1,1,2,Fixation,,,,,,,,,,,,
SV031,R,383,3,2,1,1,2,Fixation,,,,,,,,,,,,
SV031,R,384,3,2,1,1,2,Fixation,,,,,,,,,,,,
SV031,R,385,3,2,0,1,2,Fixation,,,,,,,,,,,,
SV031,R,386,3,0,0,1,0,Fixation,,,,,,,,,,,,
SV031,R,387,3,2,1,0,2,Fixation,,,,,,,,,,,,
SV031,R,388,3,0,0,0,0,Fixation,,,,,,,,,,,,
SV031,R,389,2,0,0,1,0,Fixation,,,,,,,,,,,,
SV031,R,390,3,3,0,1,3,Fixation,,,,,,,,,,,,
SV031,R,391,3,2,1,1,2,Fixation,,,,,,,,,,,,
SV031,R,392,2,2,0,1,2,Fixation,,,,,,,,,,,,
SV031,R,393,2,0,1,1,0,Fixation,,,,,,,,,,,,
SV031,R,394,2,3,1,0,3,Fixation,,,,,,,,,,,,
SV031,R,395,3,0,1,0,0,Fixation,,,,,,,,,,,,
SV031,R,396,3,2,0,1,2,Fixation,,,,,,,,,,,,
SV031,R,397,3,3,0,0,3,Fixation,,,,,,,,,,,,
SV031,R,398,3,2,1,1,2,Fixation,,,,,,,,,,,,
SV031,R,399,2,2,1,0,2,Fixation,,,,,,,,,,,,
SV031,R,400,2,2,0,1,2,Fixation,,,,,,,,,,,,
SV031,R,401,3,0,0,1,0,Fixation,,,,,,,,,,,,
SV031,R,402,2,2,1,0,2,Fixation,,,,,,,,,,,,
SV031,R,403,2,2,1,0,2,Fixation,,,,,,,,,,,,
SV031,R,404,2,2,0,0,2,Fixation,,,,,,,,,,,,
SV031,R,405,2,2,0,0,2,Fixation,,,,,,,,,,,,
SV031,R,406,3,2,1,0,2,Fixation,,,,,,,,,,,,
SV031,R,407,3,0,1,1,0,Fixation,,,,,,,,,,,,
SV031,R,408,3,3,1,0,3,Fixation,,,,,,,,,,,,
SV031,R,409,3,3,1,0,3,Fixation,,,,,,,,,,,,
SV031,R,410,3,0,1,0,0,Fixation,,,,,,,,,,,,
SV031,R,411,2,2,1,1,2,Fixation,,,,,,,,,,,,
SV031,R,412,2,0,1,1,0,Fixation,,,,,,,,,,,,
SV031,R,413,2,2,1,0,2,Fixation,,,,,,,,,,,,
SV031,R,414,3,3,0,0,3,Fixation,,,,,,,,,,,,
SV031,R,415,3,0,1,0,0,Fixation,,,,,,,,,,,,
SV031,R,416,3,3,0,1,3,Fixation,,,,,,,,,,,,
SV031,R,417,2,0,0,0,0,Fixation,,,,,,,,,,,,
SV031,R,418,2,3,0,1,3,Fixation,,,,,,,,,,,,
SV031,R,419,3,0,0,1,0,Fixation,,,,,,,,,,,,
SV031,R,420,2,0,0,0,0,Fixation,,,,,,,,,,,,
SV031,R,421,2,0,0,1,0,Fixation,,,,,,,,,,,,
SV031,R,422,2,2,0,1,2,Fixation,,,,,,,,,,,,
SV031,R,423,3,0,0,1,0,Fixation,,,,,,,,,,,,
SV031,R,424,2,3,1,1,3,Fixation,,,,,,,,,,,,
SV031,R,425,3,3,0,0,3,Fixation,,,,,,,,,,,,
SV031,R,426,2,3,1,0,3,Fixation,,,,,,,,,,,,
SV031,R,427,3,3,1,1,3,Fixation,,,,,,,,,,,,
SV031,R,428,2,3,1,1,3,Fixation,,,,,,,,,,,,
SV031,R,429,2,2,0,0,2,Fixation,,,,,,,,,,,,
SV031,R,430,3,3,0,0,3,Fixation,,,,,,,,,,,,
SV031,R,431,2,3,0,1,3,Fixation,,,,,,,,,,,,
SV031,R,432,3,0,0,0,0,Fixation,,,,,,,,,,,,
SV031,R,433,3,3,0,0,3,Fixation,,,,,,,,,,,,
SV031,R,434,3,0,1,0,0,Fixation,,,,,,,,,,,,
SV031,R,435,2,0,0,1,0,Fixation,,,,,,,,,,,,
SV031,R,436,3,2,1,0,2,Fixation,,,,,,,,,,,,
SV031,R,437,3,2,0,0,2,Fixation,,,,,,,,,,,,
SV031,R,438,2,3,1,1,3,Fixation,,,,,,,,,,,,
SV031,R,439,2,3,1,0,3,Fixation,,,,,,,,,,,,
SV031,R,440,2,3,1,1,3,Fixation,,,,,,,,,,,,
SV031,R,441,2,3,1,0,3,Fixation,,,,,,,,,,,,
SV031,R,442,2,0,0,1,0,Fixation,,,,,,,,,,,,
SV031,R,443,2,2,1,0,2,Fixation,,,,,,,,,,,,
SV031,R,444,3,3,0,1,3,Fixation,,,,,,,,,,,,
SV031,R,445,2,0,1,0,0,Fixation,,,,,,,,,,,,
SV031,R,446,3,3,0,1,3,Fixation,,,,,,,,,,,,
SV031,R,447,3,0,1,1,0,Fixation,,,,,,,,,,,,
SV031,R,448,2,3,1,0,3,Fixation,,,,,,,,,,,,
SV031,R,449,2,2,1,0,2,Fixation,,,,,,,,,,,,
SV031,R,450,3,3,1,0,3,Fixation,,,,,,,,,,,,
SV031,R,451,3,0,1,1,0,Fixation,,,,,,,,,,,,
SV031,R,452,2,3,0,1,3,Fixation,,,,,,,,,,,,
SV031,R,453,3,0,1,0,0,Fixation,,,,,,,,,,,,
SV031,R,454,3,2,0,1,2,Fixation,,,,,,,,,,,,
SV031,R,455,3,3,1,1,3,Fixation,,,,,,,,,,,,
SV031,R,456,2,0,1,1,0,Fixation,,,,,,,,,,,,
SV031,R,457,2,2,0,1,2,Fixation,,,,,,,,,,,,
SV031,R,458,2,0,0,1,0,Fixation,,,,,,,,,,,,
SV031,R,459,2,3,0,1,3,Fixation,,,,,,,,,,,,
SV031,R,460,2,3,0,1,3,Fixation,,,,,,,,,,,,
SV031,R,461,3,0,0,1,0,Fixation,,,,,,,,,,,,
SV031,R,462,2,2,1,1,2,Fixation,,,,,,,,,,,,
SV031,R,463,3,0,0,0,0,Fixation,,,,,,,,,,,,
SV031,R,464,3,2,0,0,2,Fixation,,,,,,,,,,,,
SV031,R,465,2,3,0,0,3,Fixation,,,,,,,,,,,,
SV031,R,466,2,2,1,1,2,Fixation,,,,,,,,,,,,
SV031,R,467,2,3,0,0,3,Fixation,,,,,,,,,,,,
SV031,R,468,3,3,1,0,3,Fixation,,,,,,,,,,,,
SV031,R,469,2,2,0,0,2,Fixation,,,,,,,,,,,,
SV031,R,470,3,2,1,0,2,Fixation,,,,,,,,,,,,
SV031,R,471,2,2,1,1,2,Fixation,,,,,,,,,,,,
SV031,R,472,3,2,0,1,2,Fixation,,,,,,,,,,,,
SV031,R,473,2,0,1,0,0,Fixation,,,,,,,,,,,,
SV031,R,474,2,3,0,1,3,Fixation,,,,,,,,,,,,
SV031,R,475,3,2,1,1,2,Fixation,,,,,,,,,,,,
SV031,R,476,3,2,1,1,2,Fixation,,,,,,,,,,,,
SV031,R,477,2,2,0,0,2,Fixation,,,,,,,,,,,,
SV031,R,478,2,0,0,0,2,Fixation,,,,,,,,,,,,
SV031,R,479,2,2,1,1,2,Fixation,,,,,,,,,,,,
SV031,R,480,2,2,0,0,2,Fixation,,,,,,,,,,,,
SV031,L,1,3,2,0,1,2,Response,,,,,,,,,,,,
SV031,L,2,3,3,0,1,3,Response,,,,,,,,,,,,
SV031,L,3,2,3,0,0,3,Response,2964.6,2964.6,1322.2,1322.2,2952.0,2952.0,134.0,,,,,
SV031,L,4,3,0,1,1,2,Response,,,,,,,,2.2,2.2,1150.0,1150.0,2736.0
SV031,L,5,2,2,1,0,2,Response,2820.4,2820.4,1445.5,1445.5,3420.0,3420.0,360.0,,,,,
SV031,L,6,3,0,0,0,2,Response,2921.3,2921.3,1136.2,1136.2,3552.0,3552.0,454.0,1.4,1.4,1492.0,1492.0,1830.0
SV031,L,7,3,0,1,1,3,Response,874.8,874.8,1196.6,1196.6,3598.0,3598.0,1386.0,,,,,
SV031,L,8,3,2,1,1,2,Response,774.5,774.5,1213.7,1213.7,3351.0,3351.0,122.0,,,,,
SV031,L,9,3,2,0,1,2,Response,1041.6,1041.6,1056.1,1056.1,3642.0,3642.0,382.0,,,,,
SV031,L,10,3,3,1,0,3,Response,,,,,,,,2.2,2.2,1474.0,1474.0,1322.0
SV031,L,11,2,3,0,0,3,Response,2976.3,2976.3,1314.2,1314.2,3338.0,3338.0,768.0,,,,,
SV031,L,12,3,3,1,1,3,Response,969.0,1049.2,1164.1999999999998,1193.6,3734.0,3827.0,1740.0,,,,,
SV031,L,13,2,2,0,0,2,Response,2974.6,2974.6,1218.5,1218.5,2992.0,2992.0,110.0,,,,,
SV031,L,14,3,3,0,1,3,Response,1032.6,1032.6,975.0,975.0,4002.0,4002.0,498.0,,,,,
SV031,L,15,3,3,0,0,3,Response,,,,,,,,,,,,
SV031,L,16,3,2,1,0,2,Response,,,,,,,,,,,,
SV031,L,17,3,2,1,0,2,Response,,,,,,,,,,,,
SV031,L,18,2,2,0,1,2,Response,1090.4,1090.4,1076.8,1076.8,3710.0,3710.0,934.0,,,,,
SV031,L,19,2,2,0,1,2,Response,1935.4,1935.4,1120.7,1120.7,3634.0,3634.0,768.0,,,,,
SV031,L,20,3,3,0,1,2,Response,1019.6,1019.6,1159.1,1159.1,3656.0,3656.0,1124.0,,,,,
SV031,L,21,2,2,1,1,2,Response,889.6,889.6,1191.9,1191.9,3900.0,3900.0,674.0,,,,,
SV031,L,22,3,0,1,1,2,Response,1037.9,1037.9,1065.1,1065.1,3956.0,3956.0,190.0,,,,,
SV031,L,23,2,0,1,0,2,Response,,,,,,,,,,,,
SV031,L,24,2,0,0,0,2,Response,2969.0,2969.0,1141.2,1141.2,3300.0,3300.0,1124.0,,,,,
SV031,L,25,2,0,0,0,2,Response,2459.2,2965.2,1220.35,1326.3,3722.0,3779.0,1183.0,,,,,
SV031,L,26,3,3,0,0,3,Response,2968.4,2968.4,1354.8,1354.8,3530.0,3530.0,604.0,5.9,5.9,188.0,188.0,42.0
SV031,L,27,3,2,0,0,2,Response,,,,,,,,,,,,
SV031,L,28,3,0,0,0,3,Response,2812.4,2812.4,1218.3,1218.3,3518.0,3518.0,290.0,,,,,
SV031,L,29,3,0,0,0,3,Response,2983.0,2983.0,1283.2,1283.2,3469.0,3469.0,880.0,,,,,
SV031,L,30,2,0,0,1,3,Response,,,,,,,,,,,,
SV031,L,31,3,2,1,0,2,Response,2672.3,2672.3,1457.1,1457.1,3261.0,3261.0,394.0,,,,,
SV031,L,32,2,3,1,0,3,Response,,,,,,,,,,,,
SV031,L,33,3,2,0,1,2,Response,1054.7,1058.4,1050.6999999999998,1063.6,3833.0,3999.0,1315.0,,,,,
SV031,L,34,3,0,0,1,2,Response,1894.3,1894.3,1098.2,1098.2,3939.0,3939.0,680.0,,,,,
SV031,L,35,3,3,0,0,3,Response,,,,,,,,1.6,1.6,865.0,865.0,172.0
SV031,L,36,2,3,0,1,2,Response,1019.4,1019.4,1205.9,1205.9,3416.0,3416.0,252.0,,,,,
SV031,L,37,2,2,1,0,2,Response,,,,,,,,,,,,
SV031,L,38,3,3,1,1,3,Response,,,,,,,,,,,,
SV031,L,39,2,3,1,1,3,Response,897.5,897.5,1188.0,1188.0,3864.0,3864.0,1094.0,,,,,
SV031,L,40,3,3,1,0,3,Response,2498.4,2498.4,1302.0,1302.0,3655.0,3655.0,570.0,,,,,
SV031,L,41,3,3,0,1,3,Response,,,,,,,,0.5,0.5,383.0,383.0,82.0
SV031,L,42,3,3,1,1,3,Response,920.3,920.3,1178.4,1178.4,3756.0,3756.0,1570.0,,,,,
SV031,L,43,2,3,1,1,3,Response,,,,,,,,,,,,
SV031,L,44,3,3,1,0,3,Response,2611.35,2660.1,1408.75,1459.4,3641.0,3799.0,478.0,,,,,
SV031,L,45,2,3,0,0,3,Response,2984.7,2984.7,1325.1,1325.1,3464.0,3464.0,1112.0,5.9,5.9,200.0,200.0,54.0
SV031,L,46,2,3,0,0,3,Response,1967.5,1967.5,1138.2,1138.2,3831.0,3831.0,360.0,0.7,0.7,65.0,65.0,14.0
SV031,L,47,3,2,1,1,2,Response,912.9,912.9,1159.3,1159.3,4084.0,4084.0,650.0,,,,,
SV031,L,48,2,2,1,1,2,Response,,,,,,,,,,,,
SV031,L,49,2,0,1,0,2,Response,,,,,,,,,,,,
SV031,L,50,2,3,1,1,3,Response,,,,,,,,,,,,
SV031,L,51,2,3,0,0,3,Response,2021.7,2021.7,1139.9,1139.9,4000.0,4000.0,630.0,,,,,
SV031,L,52,3,2,0,0,2,Response,,,,,,,,,,,,
SV031,L,53,2,3,0,1,3,Response,1030.9,1054.1,1110.4,1234.9,3936.0,4070.0,392.0,,,,,
SV031,L,54,3,2,1,0,2,Response,2297.2,2297.2,1239.2,1239.2,3818.0,3818.0,270.0,,,,,
SV031,L,55,2,3,0,0,3,Response,2880.5,2974.0,1240.05,1361.1,3634.0,3749.0,625.0,,,,,
SV031,L,56,2,0,0,1,3,Response,1084.3,1084.3,1020.8,1020.8,3371.0,3371.0,846.0,,,,,
SV031,L,57,3,3,0,0,3,Response,2970.8,2970.8,1322.3,1322.3,3504.0,3504.0,1000.0,,,,,
SV031,L,58,2,0,0,0,3,Response,2988.3,3012.1,1249.1,1405.4,3355.0,3529.0,342.0,,,,,
SV031,L,59,3,2,0,0,2,Response,2934.2,2934.2,1338.1,1338.1,3420.0,3420.0,1120.0,5.0,5.0,1299.0,1299.0,1034.0
SV031,L,60,3,3,1,0,3,Response,,,,,,,,,,,,
SV031,L,61,2,0,1,1,2,Response,,,,,,,,0.5,0.5,1014.0,1014.0,170.0
SV031,L,62,3,3,0,1,2,Response,1035.9,1035.9,1131.1,1131.1,3609.0,3609.0,1754.0,,,,,
SV031,L,63,3,0,1,0,2,Response,,,,,,,,,,,,
SV031,L,64,2,0,0,1,2,Response,1068.2,1068.2,1120.7,1120.7,3352.0,3352.0,1248.0,,,,,
SV031,L,65,3,2,0,0,2,Response,2877.4,2877.4,1443.9,1443.9,3193.0,3193.0,438.0,,,,,
SV031,L,66,2,2,0,0,2,Response,,,,,,,,,,,,
SV031,L,67,2,0,1,1,2,Response,,,,,,,,1.7,1.7,124.0,124.0,18.0
SV031,L,68,3,0,1,0,2,Response,,,,,,,,,,,,
SV031,L,69,3,3,1,1,3,Response,926.4,926.4,1128.9,1128.9,3785.0,3785.0,1280.0,,,,,
SV031,L,70,3,2,0,0,3,Response,2988.0,2988.0,1391.0,1391.0,3100.0,3100.0,380.0,5.4,5.4,1147.0,1147.0,2284.0
SV031,L,71,2,2,1,1,3,Response,,,,,,,,,,,,
SV031,L,72,2,2,0,0,2,Response,2067.2,2067.2,1226.7,1226.7,3684.0,3684.0,224.0,,,,,
SV031,L,73,3,2,1,1,2,Response,856.0,906.3,1169.6000000000001,1179.3,3764.3333333333335,3886.0,586.0,,,,,
SV031,L,74,2,3,0,1,3,Response,1057.7,1057.7,1081.5,1081.5,3734.0,3734.0,1096.0,,,,,
SV031,L,75,3,0,1,0,2,Response,,,,,,,,0.9,0.9,841.0,841.0,130.0
SV031,L,76,2,2,1,1,2,Response,903.9,903.9,1153.4,1153.4,3674.0,3674.0,1794.0,,,,,
SV031,L,77,3,0,0,0,3,Response,2839.8,2839.8,1561.1,1561.1,3099.0,3099.0,562.0,,,,,
SV031,L,78,3,0,0,1,2,Response,,,,,,,,6.6,6.6,193.0,193.0,44.0
SV031,L,79,2,3,1,0,3,Response,2708.2,2708.2,1426.0,1426.0,3032.0,3032.0,236.0,,,,,
SV031,L,80,2,2,0,1,2,Response,,,,,,,,,,,,
SV031,L,81,2,3,1,0,2,Response,2735.1,2735.1,1466.0,1466.0,3200.0,3200.0,1918.0,,,,,
SV031,L,82,2,2,1,1,2,Response,,,,,,,,,,,,
SV031,L,83,2,2,1,0,2,Response,2847.05,3044.2,1421.6,1470.9,3118.0,3151.0,433.0,,,,,
SV031,L,84,2,2,1,0,2,Response,2225.3,2225.3,1352.3,1352.3,3016.0,3016.0,436.0,,,,,
SV031,L,85,2,2,1,1,2,Response,913.9,913.9,1221.5,1221.5,3473.0,3473.0,1984.0,,,,,
SV031,L,86,3,3,1,1,3,Response,742.0999999999999,807.3,1254.25,1254.4,3375.0,3679.0,790.0,,,,,
SV031,L,87,3,0,0,1,2,Response,1033.7,1033.7,1109.2,1109.2,3173.0,3173.0,1142.0,,,,,
SV031,L,88,2,3,0,1,3,Response,1027.3,1027.3,1107.6,1107.6,3222.0,3222.0,1534.0,,,,,
SV031,L,89,2,3,1,1,3,Response,994.9,994.9,1229.1,1229.1,3218.0,3218.0,612.0,,,,,
SV031,L,90,2,2,0,1,2,Response,,,,,,,,,,,,
SV031,L,91,3,3,1,0,3,Response,2537.1,2537.1,1377.3,1377.3,2872.0,2872.0,832.0,,,,,
SV031,L,92,2,3,0,0,3,Response,2939.9,2939.9,1233.4,1233.4,3065.0,3065.0,690.0,,,,,
SV031,L,93,3,0,1,0,3,Response,2538.2,2538.2,1436.7,1436.7,3173.0,3173.0,1940.0,,,,,
SV031,L,94,2,0,0,1,3,Response,1009.0,1009.0,1238.4,1238.4,3199.0,3199.0,580.0,,,,,
SV031,L,95,3,0,0,0,3,Response,2959.7,2959.7,1175.6,1175.6,2803.0,2803.0,168.0,6.1,6.1,1100.0,1100.0,4042.0
SV031,L,96,3,3,1,1,3,Response,1020.6500000000001,1115.7,1176.9499999999998,1178.8,3540.0,3658.0,606.0,,,,,
SV031,L,97,3,3,1,1,3,Response,1486.1999999999998,1865.8,1147.9499999999998,1198.8,3654.0,3660.0,900.0,,,,,
SV031,L,98,3,0,1,1,3,Response,877.6,877.6,1190.3,1190.3,3463.0,3463.0,956.0,,,,,
SV031,L,99,3,0,1,1,3,Response,,,,,,,,,,,,
SV031,L,100,3,2,1,1,2,Response,,,,,,,,,,,,
SV031,L,101,3,2,0,0,2,Response,2959.1,2959.1,1357.8,1357.8,3483.0,3483.0,1174.0,,,,,
SV031,L,102,3,2,1,1,2,Response,,,,,,,,,,,,
SV031,L,103,2,0,1,1,3,Response,924.2,924.2,1186.2,1186.2,3708.0,3708.0,1260.0,,,,,
SV031,L,104,2,2,0,1,2,Response,1040.5,1040.5,1152.3,1152.3,3617.0,3617.0,1190.0,,,,,
SV031,L,105,2,2,1,0,2,Response,,,,,,,,,,,,
SV031,L,106,3,0,0,0,3,Response,2941.8999999999996,2952.1,1325.3,1393.6,3441.0,3614.0,1178.0,,,,,
SV031,L,107,2,3,0,1,3,Response,1056.9,1056.9,1113.4,1113.4,3673.0,3673.0,1372.0,,,,,
SV031,L,108,3,2,1,1,2,Response,845.4,845.4,1229.5,1229.5,3730.0,3730.0,930.0,,,,,
SV031,L,109,3,2,1,1,2,Response,910.4,910.4,1226.3,1226.3,3710.0,3710.0,266.0,,,,,
SV031,L,110,2,2,0,0,2,Response,2607.8,2607.8,1860.1,1860.1,3679.0,3679.0,496.0,1.9,1.9,131.0,131.0,20.0
SV031,L,111,3,3,1,0,3,Response,,,,,,,,,,,,
SV031,L,112,2,0,0,1,2,Response,1068.1,1068.1,1124.3,1124.3,3571.0,3571.0,1784.0,,,,,
SV031,L,113,2,2,0,0,2,Response,,,,,,,,,,,,
SV031,L,114,3,0,0,1,3,Response,,,,,,,,,,,,
SV031,L,115,3,0,0,0,3,Response,2963.5,2963.5,1384.7,1384.7,3059.0,3059.0,930.0,,,,,
SV031,L,116,3,3,0,1,2,Response,1063.3,1130.6,1167.9,1263.6,3776.5,3912.0,573.0,2.35,6.2,423.25,1357.0,59.0
SV031,L,117,2,2,0,0,2,Response,2799.55,2939.7,1227.8,1232.8,3326.0,3622.0,478.0,4.8,7.5,191.33333333333334,298.0,35.333333333333336
SV031,L,118,3,0,0,1,3,Response,1042.35,1062.8,1227.75,1309.9,3562.0,3827.0,1131.0,4.7,6.9,391.0,798.0,90.0
SV031,L,119,3,0,1,1,3,Response,1071.6333333333334,1896.2,1212.625,1279.9,3461.0833333333335,3813.0,487.1666666666667,2.3076923076923075,5.6,293.2307692307692,1264.0,50.76923076923077
SV031,L,120,2,2,1,0,2,Response,2691.8,2892.5,1437.45,1492.9,3402.0,3643.0,525.0,4.966666666666667,7.8,191.66666666666666,269.0,36.666666666666664
SV031,L,121,2,0,0,0,2,Response,2689.3999999999996,2920.1,1374.6999999999998,1392.3,3400.0,3635.0,724.0,5.233333333333333,8.6,188.66666666666666,281.0,39.333333333333336
SV031,L,122,3,0,1,0,2,Response,2561.433333333333,2691.0,1466.8333333333333,1522.0,3269.3333333333335,3502.0,498.6666666666667,3.125,5.1,135.75,168.0,27.5
SV031,L,123,3,2,1,0,2,Response,2406.925,2696.9,1403.5,1497.6,3399.0,3610.0,442.0,3.0,4.8,139.5,181.0,28.0
SV031,L,124,2,0,0,1,2,Response,1030.05,1054.7,1156.9,1191.2,3273.5,3477.0,415.0,2.6999999999999997,6.8,452.6666666666667,1111.0,57.333333333333336
SV031,L,125,2,2,0,1,2,Response,1160.6,1268.1,1153.35,1194.9,3682.0,3890.0,598.0,4.233333333333333,7.0,155.66666666666666,196.0,33.333333333333336
SV031,L,126,2,3,1,1,3,Response,942.825,1064.0,1261.1,1327.9,3605.0,3911.0,357.5,3.4,6.2,379.8,1242.0,59.6
SV031,L,127,3,3,1,1,2,Response,1013.14,1156.9,1248.8600000000001,1285.5,3570.6,3765.0,612.4,2.1,5.1,204.33333333333334,815.0,33.333333333333336
SV031,L,128,3,0,0,1,2,Response,1072.3166666666668,1093.5,1222.2166666666667,1366.5,3485.8333333333335,3738.0,403.0,2.414285714285714,6.0,224.28571428571428,899.0,45.42857142857143
SV031,L,129,2,2,1,1,2,Response,988.15,1120.7,1244.65,1286.5,3574.75,3803.0,459.5,3.4,6.9,133.2,196.0,28.0
SV031,L,130,3,2,0,0,2,Response,2895.6,2898.2,1305.1,1347.7,2909.0,2953.0,621.0,5.533333333333334,8.0,184.66666666666666,276.0,38.666666666666664
SV031,L,131,2,3,0,1,3,Response,1061.875,1095.4,1168.35,1238.0,3503.0,3642.0,671.5,3.12,6.4,258.4,730.0,43.6
SV031,L,132,2,3,1,1,3,Response,953.5428571428572,1105.3,1271.2428571428572,1305.2,3612.714285714286,3780.0,562.5714285714286,2.7,6.5,363.625,1237.0,52.25
SV031,L,133,3,2,1,1,2,Response,1185.0,1879.5,1214.5333333333333,1267.7,3241.0,3589.0,465.6666666666667,2.8714285714285714,7.8,247.71428571428572,1054.0,40.857142857142854
SV031,L,134,3,0,1,1,2,Response,981.1,1049.7,1280.8333333333333,1299.8,3534.6666666666665,3662.0,492.6666666666667,4.125,6.9,352.0,982.0,86.0
SV031,L,135,2,2,0,0,2,Response,2881.0333333333333,2896.4,1365.3333333333333,1517.3,3196.3333333333335,3410.0,676.0,4.85,7.8,163.75,307.0,39.5
SV031,L,136,2,0,1,1,2,Response,1031.890909090909,1245.7,1270.1181818181817,1320.7,3464.3636363636365,3735.0,315.8181818181818,2.2583333333333333,5.4,488.8333333333333,1356.0,102.0
SV031,L,137,2,3,1,0,3,Response,2612.0666666666666,2895.3,1501.8833333333332,1592.2,3161.8333333333335,3572.0,300.3333333333333,2.6571428571428575,5.3,469.2857142857143,1209.0,120.57142857142857
SV031,L,138,2,2,0,1,2,Response,1035.8,1092.2,1202.1,1331.3,3395.4,3714.0,388.4,3.033333333333333,6.8,322.5,1256.0,55.0
SV031,L,139,2,2,0,1,2,Response,1018.2400000000001,1086.4,1245.3799999999999,1300.3,3602.4,3853.0,444.4,2.4166666666666665,6.5,352.1666666666667,1162.0,58.0
SV031,L,140,3,2,0,1,2,Response,1020.9666666666667,1092.4,1204.7666666666667,1249.3,3454.3333333333335,3633.0,426.0,3.4333333333333336,6.8,304.0,660.0,44.666666666666664
SV031,L,141,3,0,1,0,3,Response,2683.5,2821.1,1448.54,1511.6,3148.8,3519.0,462.8,2.766666666666667,6.7,196.83333333333334,619.0,46.333333333333336
SV031,L,142,3,0,1,1,2,Response,1029.0,1102.8,1197.8,1226.7,3461.6666666666665,3780.0,376.0,3.775,6.0,422.0,1256.0,51.5
SV031,L,143,2,3,1,0,3,Response,2460.2,2460.2,1358.7,1358.7,3542.0,3542.0,384.0,2.7,4.4,99.5,123.0,33.0
SV031,L,144,3,2,0,1,2,Response,1063.15,1078.1,1169.95,1188.9,3378.0,3440.0,1086.0,4.633333333333334,6.4,479.6666666666667,1064.0,68.66666666666667
SV031,L,145,2,3,1,0,3,Response,2640.95,2996.4,1444.5,1491.7,2805.75,2929.0,373.0,3.38,7.3,168.0,299.0,34.4
SV031,L,146,2,3,1,0,3,Response,2497.1666666666665,2728.6,1404.2333333333333,1466.9,3437.6666666666665,3619.0,398.0,2.9,6.8,129.5,213.0,26.5
SV031,L,147,3,0,0,1,3,Response,1050.5,1050.5,1204.1,1204.1,3355.0,3355.0,1518.0,6.199999999999999,6.3,201.0,206.0,43.0
SV031,L,148,3,3,0,1,3,Response,1020.85,1055.4,1210.65,1249.9,3547.0,3703.0,826.0,4.433333333333334,6.4,151.0,198.0,33.333333333333336
SV031,L,149,2,0,0,0,2,Response,2889.55,2955.2,1348.15,1548.0,3067.5,3428.0,496.5,3.9,7.9,168.6,307.0,29.6
SV031,L,150,2,3,1,0,3,Response,2625.3,2949.4,1396.58,1495.9,3351.4,3654.0,398.0,2.7833333333333337,8.3,268.6666666666667,928.0,51.666666666666664
SV031,L,151,3,2,0,0,2,Response,2951.566666666667,2960.5,1427.8,1531.3,2863.6666666666665,2952.0,354.0,5.675,10.4,336.75,822.0,64.0
SV031,L,152,2,3,1,0,2,Response,2622.0,2713.3,1467.8,1508.7,3120.6,3508.0,395.6,2.8166666666666664,6.2,226.66666666666666,784.0,58.0
SV031,L,153,2,0,0,0,3,Response,2942.6,2959.1,1383.8000000000002,1460.4,2919.0,2930.0,664.0,5.733333333333334,8.3,194.33333333333334,290.0,39.333333333333336
SV031,L,154,3,0,0,0,2,Response,2817.575,2971.2,1710.4499999999998,2693.2,2934.25,3523.0,310.5,7.24,14.5,239.4,510.0,41.2
SV031,L,155,2,2,1,1,2,Response,985.65,1073.7,1220.2,1274.8,3179.25,3391.0,453.0,4.3,7.6,402.4,893.0,85.2
SV031,L,156,3,3,0,0,3,Response,2896.1666666666665,2970.6,1341.5333333333333,1377.6,3123.0,3319.0,976.6666666666666,4.199999999999999,8.2,243.0,425.0,61.0
SV031,L,157,3,3,1,0,3,Response,2588.1,2665.0,1398.15,1427.9,3279.0,3491.0,934.0,4.666666666666667,7.6,253.0,492.0,60.666666666666664
SV031,L,158,3,2,0,1,2,Response,1030.4,1032.6,1194.0,1196.7,3447.5,3639.0,916.0,4.5,6.6,139.33333333333334,201.0,35.333333333333336
SV031,L,159,2,0,0,0,2,Response,2748.8999999999996,2939.7,1353.2,1377.7,3285.5,3524.0,523.0,5.0,7.8,194.0,273.0,37.333333333333336
SV031,L,160,3,0,1,0,3,Response,2571.3,2756.7,1350.95,1402.5,3239.0,3319.0,814.0,3.9333333333333336,7.2,148.33333333333334,226.0,34.0
SV031,L,161,2,2,0,1,2,Response,1062.1,1062.1,1124.8,1124.8,3390.0,3390.0,1296.0,5.8,5.8,185.0,185.0,42.0
SV031,L,162,3,3,1,1,3,Response,1010.76,1160.0,1191.2,1226.3,3580.2,3769.0,448.8,3.1333333333333333,7.5,254.66666666666666,867.0,44.666666666666664
SV031,L,163,2,2,1,0,2,Response,2471.9,2806.1,1450.4166666666667,1502.3,3320.8333333333335,3569.0,425.0,2.5,4.6,222.71428571428572,860.0,44.0
SV031,L,164,3,2,0,1,2,Response,1368.52,1975.8,1112.8799999999999,1141.3,3621.0,3747.0,206.4,3.783333333333333,7.4,493.0,1337.0,73.33333333333333
SV031,L,165,2,0,1,0,2,Response,2504.0666666666666,2565.7,1438.0,1495.0,3603.3333333333335,3811.0,468.6666666666667,3.075,5.8,297.5,822.0,51.5
SV031,L,166,3,2,0,0,2,Response,2735.825,2995.5,1361.5,1449.0,3102.75,3405.0,379.5,3.4,6.8,418.4,897.0,98.0
SV031,L,167,3,2,0,1,2,Response,1028.9,1046.1,1096.8,1098.3,3280.5,3301.0,785.0,4.433333333333334,6.5,451.6666666666667,974.0,90.66666666666667
SV031,L,168,3,0,1,1,2,Response,904.4,1028.2,1193.0,1229.9,3396.0,3674.0,421.3333333333333,4.475,8.2,439.25,1280.0,78.0
SV031,L,169,2,3,0,1,3,Response,1035.7,1050.3,1152.35,1160.4,3534.0,3771.0,701.0,4.466666666666667,6.3,468.0,1029.0,84.0
SV031,L,170,2,3,0,0,3,Response,2937.3,2969.2,1291.9,1316.9,3017.0,3124.0,1181.0,5.033333333333333,7.3,358.3333333333333,640.0,95.33333333333333
SV031,L,171,3,0,0,0,3,Response,2787.7,2977.1,1318.3000000000002,1335.9,3311.0,3553.0,648.0,4.8999999999999995,7.5,190.66666666666666,273.0,37.333333333333336
SV031,L,172,3,3,0,1,2,Response,1071.7333333333333,1094.2,1104.2666666666667,1154.6,3405.3333333333335,3726.0,788.6666666666666,3.775,6.3,560.5,951.0,137.5
SV031,L,173,2,0,0,0,2,Response,2838.18,3007.7,1520.9599999999998,2213.6,3125.2,3535.0,432.8,5.366666666666667,8.7,218.83333333333334,450.0,35.666666666666664
SV031,L,174,2,0,0,1,2,Response,1045.025,1131.1,1551.0,1844.9,3031.25,3321.0,281.5,5.5,12.4,492.4,1086.0,109.2
SV031,L,175,2,0,1,1,2,Response,960.0,1070.4,1199.1333333333334,1242.2,3163.0,3346.0,491.3333333333333,4.175,7.8,348.75,902.0,64.5
SV031,L,176,3,0,1,0,2,Response,2624.8333333333335,2937.9,1362.8999999999999,1390.2,3109.0,3347.0,350.6666666666667,3.95,8.8,168.5,249.0,49.0
SV031,L,177,2,3,0,1,3,Response,993.8,1052.3,1170.1999999999998,1214.3,3362.5,3445.0,1430.0,4.8,7.6,405.0,854.0,94.0
SV031,L,178,3,3,1,0,3,Response,2573.5333333333333,2590.7,2033.5333333333335,3240.8,2542.0,3375.0,469.3333333333333,12.100000000000001,20.1,309.0,673.0,77.5
SV031,L,179,2,3,0,0,2,Response,2856.1375,2980.6,1403.625,1708.1,3101.5,3385.0,288.25,3.788888888888889,8.0,166.0,307.0,29.555555555555557
SV031,L,180,3,0,1,0,3,Response,2533.7,2584.0,1443.2,1481.9,3090.5,3196.0,694.0,3.9,5.8,400.6666666666667,860.0,86.0
SV031,L,181,3,3,1,1,3,Response,1347.2666666666667,2040.1,1174.5166666666667,1242.9,3443.6666666666665,3673.0,410.0,4.785714285714286,8.8,273.7142857142857,854.0,54.857142857142854
SV031,L,182,2,0,1,1,2,Response,943.5,1003.6,1135.4,1166.8,3557.5,3801.0,643.0,5.7,7.6,607.6666666666666,1445.0,94.66666666666667
SV031,L,183,3,2,1,0,2,Response,2636.4,2737.1,1390.75,1449.9,3157.25,3422.0,358.5,3.1799999999999997,7.1,274.2,864.0,57.6
SV031,L,184,3,2,1,0,2,Response,2528.733333333333,2800.9,1288.5,1361.6,3270.6666666666665,3446.0,450.0,3.0,7.0,126.75,237.0,28.0
SV031,L,185,2,0,1,0,2,Response,2536.5,2536.5,1324.2,1324.2,3408.0,3408.0,212.0,3.15,4.5,133.5,145.0,31.0
SV031,L,186,2,0,1,1,2,Response,997.25,1213.7,1211.6333333333334,1266.5,3262.1666666666665,3471.0,272.6666666666667,3.2142857142857144,7.4,287.0,825.0,126.57142857142857
SV031,L,187,2,0,1,1,2,Response,1058.55,1171.2,1131.05,1164.3,3534.5,3627.0,674.0,3.2,5.3,131.5,169.0,27.0
SV031,L,188,3,2,1,1,2,Response,992.075,1163.4,1240.8,1251.3,3365.5,3574.0,364.0,2.8600000000000003,6.4,319.2,1072.0,68.8
SV031,L,189,3,3,0,1,3,Response,1024.3333333333333,1058.7,1120.1666666666667,1134.4,3709.3333333333335,3838.0,748.0,3.975,6.8,308.75,839.0,66.5
SV031,L,190,2,3,1,1,3,Response,966.7,1026.2,1132.75,1169.1,3686.0,3824.0,884.0,5.0,7.8,155.0,198.0,36.0
SV031,L,191,3,3,1,0,3,Response,2630.1857142857143,2748.4,1564.3285714285714,2198.7,3107.5714285714284,3538.0,554.2857142857143,3.375,9.8,151.875,414.0,28.0
SV031,L,192,3,0,0,0,3,Response,2910.3333333333335,2974.5,1305.6166666666666,1413.6,3211.5,3530.0,414.6666666666667,1.5285714285714285,5.2,274.7142857142857,798.0,278.85714285714283
SV031,L,193,2,2,1,1,2,Response,973.1666666666666,1009.4,1162.4666666666665,1181.3,3557.3333333333335,3813.0,422.0,3.975,6.7,366.0,1052.0,72.0
SV031,L,194,2,0,1,1,2,Response,933.75,992.9,1203.75,1217.4,3135.0,3339.0,442.0,6.3999999999999995,8.0,338.3333333333333,600.0,90.0
SV031,L,195,3,0,0,1,2,Response,963.9666666666667,995.5,1133.3,1150.8,3319.6666666666665,3585.0,612.6666666666666,4.05,7.1,427.5,1261.0,62.0
SV031,L,196,3,2,1,0,2,Response,2618.9,2745.9,1394.0666666666666,1454.0,3184.3333333333335,3372.0,387.3333333333333,2.65,6.0,268.75,704.0,51.5
SV031,L,197,2,3,1,1,2,Response,986.4333333333334,1031.7,1160.6666666666667,1194.5,3463.0,3637.0,304.6666666666667,4.125,7.2,388.0,1104.0,67.0
SV031,L,198,2,0,1,1,2,Response,975.75,1031.4,1168.0,1170.3,3315.5,3380.0,620.0,4.633333333333334,7.0,139.0,192.0,35.333333333333336
SV031,L,199,2,2,0,1,2,Response,1123.5,1435.5,1090.3833333333334,1197.5,3504.1666666666665,3640.0,566.0,2.2,6.2,105.28571428571429,155.0,23.428571428571427
SV031,L,200,3,3,1,0,2,Response,2351.38,2754.6,1280.7800000000002,1459.4,3513.6,3880.0,330.0,2.6166666666666667,6.8,338.5,847.0,75.0
SV031,L,201,2,3,0,0,2,Response,2726.4333333333334,2964.6,1377.3833333333332,1517.5,3206.0,3587.0,284.0,3.15,6.9,245.375,857.0,44.75
SV031,L,202,2,3,0,1,2,Response,1552.7,2313.4,1144.2166666666667,1238.4,3345.5,3767.0,455.3333333333333,2.8125,6.5,173.125,550.0,41.25
SV031,L,203,2,0,1,0,2,Response,2187.8999999999996,2984.1,1177.5,1431.6,3254.4444444444443,3372.0,290.22222222222223,4.627272727272727,11.9,255.9090909090909,1106.0,41.63636363636363
SV031,L,204,2,3,1,1,2,Response,1355.52,2316.3,1142.8799999999999,1227.9,3543.6,3693.0,446.0,4.5,7.7,226.28571428571428,702.0,53.142857142857146
SV031,L,205,3,0,0,1,2,Response,1456.7599999999998,2188.7,1077.49,1196.5,3555.6,3823.0,327.4,3.2636363636363637,7.1,256.54545454545456,966.0,53.63636363636363
SV031,L,206,3,0,1,1,2,Response,1558.9428571428568,3026.7,1179.2428571428572,1282.4,3311.785714285714,3654.0,252.71428571428572,3.1,7.5,261.5625,1191.0,80.625
SV031,L,207,3,0,0,1,2,Response,1629.8000000000002,2964.4,1104.5555555555557,1240.2,3700.8888888888887,3914.0,426.0,4.79,9.7,393.2,1454.0,53.8
SV031,L,208,2,2,0,0,2,Response,2397.883333333333,3000.7,1178.1166666666668,1385.5,3317.5,3470.0,354.3333333333333,4.171428571428572,7.9,310.0,1287.0,74.85714285714286
SV031,L,209,2,0,0,1,3,Response,1457.2047619047619,2948.8,1161.8190476190478,1582.5,3640.0,3900.0,393.14285714285717,2.7047619047619045,7.5,259.76190476190476,1387.0,55.904761904761905
SV031,L,210,2,0,1,0,2,Response,2595.38,2781.0,1694.7399999999998,2821.6,2946.8,3537.0,431.6,6.75,16.1,201.5,467.0,52.666666666666664
SV031,L,211,2,0,0,0,2,Response,2393.68,2975.9,1159.24,1641.7,3246.5,3683.0,253.8,5.3,8.0,558.9090909090909,1532.0,85.63636363636364
SV031,L,212,3,3,0,0,3,Response,1962.1583333333335,3000.5,1157.9083333333333,1624.0,3436.5,3801.0,338.3333333333333,5.584615384615384,14.1,297.9230769230769,1206.0,56.46153846153846
SV031,L,213,2,0,1,0,2,Response,2443.907142857143,3124.7,1239.7214285714285,1482.2,3355.285714285714,3724.0,237.71428571428572,4.086666666666667,8.6,479.8,1286.0,90.8
SV031,L,214,3,2,0,0,2,Response,2687.4,2991.1,1336.7666666666667,1373.0,3434.3333333333335,3590.0,427.3333333333333,3.875,8.0,161.0,284.0,30.5
SV031,L,215,2,3,0,1,3,Response,1042.6,1042.6,1131.7,1131.7,3392.0,3392.0,1920.0,6.6,6.9,194.5,214.0,45.0
SV031,L,216,3,3,0,0,3,Response,2370.171428571429,2986.7,1136.9571428571428,1323.6,3698.285714285714,4310.0,431.7142857142857,4.285714285714286,7.6,223.14285714285714,452.0,43.714285714285715
SV031,L,217,3,2,1,0,2,Response,2210.7125,2778.2,1170.7,1399.8,3617.5,3840.0,347.5,3.488888888888889,7.3,224.66666666666666,835.0,57.55555555555556
SV031,L,218,3,3,0,0,3,Response,2757.45,2879.9,1427.1,1452.5,3542.0,3562.0,265.0,1.0999999999999999,1.5,212.66666666666666,455.0,77.33333333333333
SV031,L,219,3,2,0,1,2,Response,1037.7333333333333,1084.0,1071.6444444444444,1191.6,3843.0,4210.0,385.1111111111111,3.2363636363636363,6.9,273.09090909090907,895.0,175.45454545454547
SV031,L,220,2,3,1,1,3,Response,1499.9125000000001,2972.0,1001.1625,1485.5,3433.6875,4292.0,312.25,4.775,15.6,466.15,1541.0,159.6
SV031,L,221,2,3,1,0,3,Response,2673.481818181818,3029.4,1434.6545454545453,1625.3,3135.6363636363635,3549.0,364.3636363636364,3.725,9.1,462.5833333333333,1279.0,204.83333333333334
SV031,L,222,3,2,0,1,2,Response,874.4,1043.7,1155.1399999999999,1202.5,3411.8,3715.0,369.2,3.766666666666667,7.6,137.33333333333334,210.0,30.666666666666668
SV031,L,223,3,2,1,0,2,Response,2055.2,2808.2,1261.2444444444443,1370.6,3754.5555555555557,4119.0,218.44444444444446,2.8166666666666664,7.3,132.0,250.0,25.166666666666668
SV031,L,224,3,0,1,0,3,Response,2801.2999999999997,3089.0,1435.3857142857144,1558.5,3405.5714285714284,3539.0,368.2857142857143,3.577777777777778,6.3,292.44444444444446,1307.0,152.66666666666666
SV031,L,225,2,0,0,1,3,Response,2005.4333333333332,3013.7,1210.55,1319.6,3180.1666666666665,3461.0,802.0,3.7857142857142856,7.8,284.0,1239.0,46.57142857142857
SV031,L,226,3,3,0,1,3,Response,1804.1133333333335,2974.5,1175.0933333333335,1338.7,3603.3333333333335,3871.0,446.8,2.65,7.1,477.3125,1462.0,74.875
SV031,L,227,3,2,1,1,2,Response,959.3571428571429,1101.9,1152.8,1194.9,3537.4285714285716,3819.0,441.14285714285717,3.9454545454545453,8.1,339.3636363636364,1196.0,58.18181818181818
SV031,L,228,2,2,0,0,2,Response,1371.5333333333333,2978.5,1184.9111111111113,1241.2,3865.222222222222,4083.0,404.0,2.936363636363636,7.4,562.6363636363636,1828.0,207.8181818181818
SV031,L,229,2,0,0,0,2,Response,1993.6,2979.7,1157.1999999999998,1280.6,3470.75,3614.0,683.5,4.1571428571428575,7.3,160.57142857142858,296.0,33.714285714285715
SV031,L,230,2,0,0,1,2,Response,1315.325,2013.3,1129.1583333333333,1220.1,3632.75,3925.0,457.5,2.9466666666666663,6.7,377.3333333333333,1128.0,216.8
SV031,L,231,2,2,1,0,2,Response,2642.3571428571427,2912.0,1363.3285714285716,1428.9,3454.5714285714284,3778.0,304.85714285714283,3.566666666666667,7.9,144.77777777777777,255.0,29.77777777777778
SV031,L,232,3,3,0,0,3,Response,2616.66,3043.4,1366.9,1529.9,3563.6,3748.0,452.8,4.385714285714285,9.6,193.28571428571428,295.0,32.0
SV031,L,233,2,0,1,0,2,Response,2857.3,2986.6,1245.02,1341.4,3181.6,3505.0,820.4,3.6714285714285713,8.4,141.85714285714286,257.0,31.142857142857142
SV031,L,234,3,3,0,0,3,Response,2904.144444444444,2997.3,1423.5333333333333,1638.0,3328.1111111111113,3646.0,352.44444444444446,4.118181818181818,9.2,438.1818181818182,1436.0,213.45454545454547
SV031,L,235,2,2,0,0,2,Response,1410.1,2976.8,1204.6625,1400.4,3310.375,3597.0,322.0,3.2636363636363637,7.9,339.0,1218.0,65.27272727272727
SV031,L,236,2,0,1,0,3,Response,2727.55,2818.7,1296.65,1362.4,3318.5,3474.0,834.0,3.6800000000000006,5.9,625.8,1018.0,431.6
SV031,L,237,2,2,1,0,2,Response,2863.7285714285713,3049.3,1408.0285714285715,1492.0,3198.5714285714284,3596.0,263.14285714285717,4.1454545454545455,7.4,235.72727272727272,846.0,56.18181818181818
SV031,L,238,2,2,1,1,2,Response,2070.18,2967.5,1285.02,1570.3,3622.6,3882.0,296.0,4.442857142857143,8.4,405.14285714285717,1273.0,146.0
SV031,L,239,2,0,1,0,2,Response,1508.41875,2746.9,1182.88125,1425.4,3666.6875,3974.0,327.25,1.963157894736842,7.1,478.7894736842105,1490.0,77.05263157894737
SV031,L,240,2,2,1,0,2,Response,2851.4249999999997,2990.4,1297.9666666666665,1646.6,3323.6666666666665,3623.0,398.1666666666667,3.533333333333333,7.7,263.2,1049.0,56.8
SV031,L,241,2,2,0,0,2,Response,2385.4333333333334,2871.9,1277.0,1462.3,3405.3333333333335,3566.0,282.3333333333333,3.466666666666667,7.5,331.0,1096.0,118.44444444444444
SV031,L,242,3,2,0,0,2,Response,2358.3199999999997,2756.1,1225.3799999999999,1434.4,3540.6,3922.0,511.2,3.25,7.1,394.0,1294.0,65.75
SV031,L,243,3,3,1,1,3,Response,1035.9,1035.9,1060.4,1060.4,3397.0,3397.0,902.0,3.6399999999999997,6.7,528.6,1025.0,78.0
SV031,L,244,2,0,0,1,0,Response,1270.1333333333332,1637.2,978.1999999999999,1000.8,3770.6666666666665,3906.0,292.6666666666667,5.357142857142857,7.8,639.0,1697.0,74.28571428571429
SV031,L,245,2,2,1,1,2,Response,1575.72,2166.5,1003.3799999999999,1117.3,3759.0,3919.0,440.0,3.35,7.8,323.5,921.0,47.0
SV031,L,246,2,3,1,1,3,Response,1813.8,1935.9,1026.7,1129.7,3554.6,3740.0,254.0,1.5166666666666666,2.3,239.83333333333334,907.0,46.666666666666664
SV031,L,247,3,0,0,1,0,Response,1834.05,1839.8,976.95,1068.0,3595.5,3718.0,233.0,1.675,2.5,241.25,611.0,39.0
SV031,L,248,2,2,1,1,2,Response,1830.6,1830.6,910.9,910.9,3490.0,3490.0,944.0,1.3,2.1,89.5,127.0,18.0
SV031,L,249,3,3,1,1,3,Response,1036.5,1036.5,1073.5,1073.5,3825.0,3825.0,668.0,3.266666666666667,6.4,459.0,1082.0,58.666666666666664
SV031,L,250,2,3,0,0,3,Response,1921.0,1991.3,1003.9,1095.5,3763.0,3850.0,274.6666666666667,2.6399999999999997,6.5,253.8,781.0,39.6
SV031,L,251,3,2,0,1,2,Response,883.74,1088.0,1177.1,1224.8,3743.6,3926.0,547.6,1.625,5.8,265.625,1427.0,35.5
SV031,L,252,2,3,1,1,3,Response,,,,,,,,4.9,7.1,461.5,1288.0,94.0
SV031,L,253,2,0,1,1,0,Response,882.1,1084.0,1176.1200000000001,1200.5,3682.6,3844.0,283.2,2.6375,6.4,123.375,201.0,24.5
SV031,L,254,3,3,0,0,3,Response,2663.1,3065.6,1450.5142857142857,2065.0,3163.4285714285716,3686.0,263.42857142857144,5.5200000000000005,14.4,215.6,493.0,37.0
SV031,L,255,2,2,1,0,2,Response,2856.25,2998.9,1333.0,1343.7,3323.0,3553.0,290.0,2.42,5.6,119.8,180.0,24.8
SV031,L,256,3,3,0,0,3,Response,1890.1,1890.1,903.9,903.9,3227.0,3227.0,612.0,2.725,7.6,134.75,302.0,22.5
SV031,L,257,2,3,1,1,3,Response,2862.25,2981.6,1427.875,1549.8,3405.25,3579.0,227.0,2.6666666666666665,6.8,217.0,692.0,42.0
SV031,L,258,2,2,1,1,2,Response,1914.7,1914.7,1117.2,1117.2,4052.0,4052.0,562.0,4.85,8.2,174.0,253.0,40.0
SV031,L,259,3,2,1,0,2,Response,2845.06,2982.5,1511.94,1603.5,3434.4,3605.0,187.6,1.8285714285714287,2.2,467.57142857142856,1374.0,66.57142857142857
SV031,L,260,3,2,0,1,2,Response,2839.14,2978.6,1345.04,1555.4,3558.3,3809.0,479.8,3.230769230769231,7.8,301.9230769230769,1287.0,52.76923076923077
SV031,L,261,3,0,1,1,0,Response,,,,,,,,6.6,6.6,165.0,165.0,52.0
SV031,L,262,3,2,1,1,2,Response,2823.585714285714,3013.7,1199.2285714285715,1305.7,3398.0,3539.0,458.57142857142856,2.4699999999999998,7.1,200.3,771.0,34.4
SV031,L,263,2,3,0,0,3,Response,2760.8,2760.8,1208.4,1208.4,3847.0,3847.0,334.0,3.2399999999999998,6.2,122.6,169.0,31.6
SV031,L,264,2,3,1,1,3,Response,,,,,,,,4.8500000000000005,8.3,180.0,281.0,40.0
SV031,L,265,2,3,0,1,3,Response,1031.4,1031.4,1056.0,1056.0,3787.0,3787.0,450.0,2.2750000000000004,6.4,715.0,1298.0,91.5
SV031,L,266,2,0,0,0,0,Response,1893.8,1946.6,1018.35,1102.9,3304.0,3342.0,495.0,1.1333333333333333,1.3,76.0,81.0,18.666666666666668
SV031,L,267,2,3,1,0,3,Response,2861.933333333333,2980.5,1346.8,1452.6,3627.0,3805.0,160.66666666666666,2.3625,5.1,334.75,978.0,54.5
SV031,L,268,2,0,1,0,0,Response,2754.25,3036.9,1438.75,1482.1,3502.0,3591.0,239.0,3.275,5.3,170.0,268.0,27.0
SV031,L,269,2,2,1,1,2,Response,2561.55,2612.3,1351.5,1397.7,3790.5,3796.0,247.0,3.925,7.4,405.75,1198.0,72.0
SV031,L,270,2,2,0,1,2,Response,1067.0,1067.0,1028.9,1028.9,3631.0,3631.0,216.0,2.3666666666666667,5.9,701.6666666666666,964.0,105.33333333333333
SV031,L,271,3,3,1,1,3,Response,,,,,,,,0.5,0.7,785.5,1512.0,150.0
SV031,L,272,2,0,0,1,0,Response,,,,,,,,2.533333333333333,6.0,220.0,390.0,49.333333333333336
SV031,L,273,3,3,0,1,3,Response,1026.1000000000001,1063.2,1110.5666666666666,1213.6,3713.3333333333335,3879.0,596.0,3.75,6.9,145.75,219.0,28.5
SV031,L,274,2,2,0,0,2,Response,2984.0,3015.9,1171.1000000000001,1252.2,3028.6666666666665,3453.0,180.66666666666666,3.6,7.9,493.3333333333333,665.0,96.0
SV031,L,275,2,2,1,1,2,Response,2962.55,3015.4,1424.9,1509.4,3090.5,3231.0,620.0,6.333333333333333,8.8,163.33333333333334,200.0,48.0
SV031,L,276,2,0,1,1,0,Response,,,,,,,,6.4,6.4,176.0,176.0,46.0
SV031,L,277,3,2,1,0,2,Response,1001.0333333333333,1010.0,1089.8,1115.9,3405.0,3647.0,378.6666666666667,2.8,6.0,269.6,838.0,41.6
SV031,L,278,2,3,0,0,3,Response,2728.883333333333,2939.5,1318.5333333333335,1388.2,3472.1666666666665,3730.0,292.0,1.55,2.7,102.375,152.0,18.25
SV031,L,279,3,3,0,1,3,Response,,,,,,,,,,,,
SV031,L,280,2,3,0,1,3,Response,922.4363636363636,1289.1,1162.5,1209.1,3707.2727272727275,3982.0,314.72727272727275,1.5692307692307692,6.5,363.61538461538464,1466.0,59.69230769230769
SV031,L,281,2,0,0,0,0,Response,1082.6,1082.6,1173.2,1173.2,3558.0,3558.0,306.0,3.95,6.7,675.0,1258.0,75.0
SV031,L,282,3,0,0,1,0,Response,1807.48,2152.2,1063.8600000000001,1546.6,3312.8,3729.0,188.0,3.2857142857142856,6.8,162.71428571428572,320.0,32.0
SV031,L,283,3,0,0,0,0,Response,1995.0,1995.0,1120.9,1120.9,3470.0,3470.0,176.0,0.8,0.8,78.0,78.0,14.0
SV031,L,284,2,3,0,0,3,Response,1964.2,1964.2,1131.5,1131.5,3700.0,3700.0,226.0,2.925,4.5,182.75,356.0,55.0
SV031,L,285,3,2,0,0,2,Response,2815.7400000000002,3029.6,1446.3200000000002,1477.1,3399.2,3454.0,328.4,3.8714285714285714,9.4,177.71428571428572,319.0,27.428571428571427
SV031,L,286,3,2,0,1,2,Response,1034.7,1034.7,1098.4,1098.4,3910.0,3910.0,238.0,6.5,6.5,218.0,218.0,42.0
SV031,L,287,3,2,1,0,2,Response,1056.7,1056.7,1056.7,1056.7,3751.0,3751.0,2220.0,6.0,6.0,205.0,205.0,40.0
SV031,L,288,3,0,0,0,0,Response,872.7,872.7,1138.5,1138.5,3394.0,3394.0,204.0,5.0,8.2,762.0,1240.0,156.0
SV031,L,289,3,2,1,1,2,Response,,,,,,,,4.5,7.5,655.5,1101.0,113.0
SV031,L,290,2,2,1,0,2,Response,827.65,870.0,1173.6,1188.5,3610.5,3706.0,192.0,2.375,7.7,366.25,1157.0,84.5
SV031,L,291,3,0,1,0,0,Response,2263.1,2263.1,1264.5,1264.5,3856.0,3856.0,186.0,2.0,2.1,117.0,118.0,23.0
SV031,L,292,2,2,1,0,2,Response,2588.54,2719.8,1488.44,1726.2,3210.2,3334.0,386.4,1.3857142857142857,4.3,356.57142857142856,1136.0,52.285714285714285
SV031,L,293,2,3,0,0,3,Response,,,,,,,,2.5,2.5,144.0,144.0,24.0
SV031,L,294,3,0,0,1,0,Response,2652.55,3030.1,1336.3999999999999,1470.1,3543.75,3946.0,302.0,2.06,4.2,202.4,563.0,37.2
SV031,L,295,3,0,1,0,0,Response,2848.55,2973.6,1428.475,1722.4,3632.0,3719.0,260.75,3.8874999999999997,6.1,301.25,988.0,50.75
SV031,L,296,3,3,1,0,3,Response,2603.4333333333334,2833.5,1089.1333333333334,1127.0,3667.3333333333335,3686.0,226.66666666666666,4.3999999999999995,6.1,140.33333333333334,158.0,40.0
SV031,L,297,2,2,1,0,2,Response,2911.5,2966.5,1337.9666666666665,1548.5,3449.3333333333335,3577.0,620.6666666666666,4.65,7.8,150.25,204.0,37.0
SV031,L,298,2,0,0,1,0,Response,,,,,,,,0.6,0.6,354.0,354.0,92.0
SV031,L,299,2,2,0,1,2,Response,869.5571428571429,1229.2,1146.9,1210.7,3994.714285714286,4116.0,340.0,1.5666666666666667,4.5,748.6666666666666,1559.0,75.55555555555556
SV031,L,300,2,3,1,1,3,Response,1315.0266666666669,2785.6,1211.1,1458.3,3803.266666666667,4110.0,432.53333333333336,3.304761904761905,8.5,321.2857142857143,1645.0,57.523809523809526
SV031,L,301,3,2,0,1,2,Response,,,,,,,,1.55,1.6,308.5,506.0,55.0
SV031,L,302,2,3,1,0,3,Response,2960.5,2993.1,1230.1999999999998,1305.1,3369.0,3405.0,862.0,4.0600000000000005,6.2,156.0,222.0,31.6
SV031,L,303,3,2,0,0,2,Response,,,,,,,,1.35,1.6,221.5,340.0,89.0
SV031,L,304,3,0,1,0,0,Response,2896.25,3023.1,1288.15,1330.4,3379.5,3590.0,562.0,5.566666666666667,8.5,189.66666666666666,272.0,40.0
SV031,L,305,2,2,0,1,2,Response,1235.6333333333332,1574.1,1114.3333333333333,1189.7,4090.3333333333335,4124.0,93.33333333333333,1.55,1.9,443.0,1481.0,53.0
SV031,L,306,3,0,1,0,0,Response,1067.35,1076.9,1001.8,1057.1,3870.5,3923.0,661.0,1.35,1.7,529.75,954.0,109.0
SV031,L,307,2,2,0,1,2,Response,,,,,,,,3.4333333333333336,6.3,135.66666666666666,193.0,30.666666666666668
SV031,L,308,2,2,1,0,2,Response,2561.2833333333333,2945.0,1341.2166666666667,1471.4,3367.5,3771.0,320.3333333333333,1.7111111111111112,2.7,184.88888888888889,865.0,49.77777777777778
SV031,L,309,2,3,1,0,3,Response,1884.2,1884.2,904.1,904.1,3292.0,3292.0,256.0,5.175000000000001,8.8,424.75,741.0,126.0
SV031,L,310,2,3,0,0,3,Response,2801.057142857143,2989.3,1364.8714285714286,1571.1,3389.4285714285716,3504.0,364.85714285714283,1.8800000000000001,3.6,266.7,918.0,51.8
SV031,L,311,2,3,0,0,3,Response,,,,,,,,2.8000000000000003,7.0,497.3333333333333,1129.0,72.0
SV031,L,312,2,0,0,1,0,Response,1065.2,1065.2,1067.1,1067.1,3716.0,3716.0,268.0,3.3000000000000003,6.2,604.5,1025.0,95.0
SV031,L,313,3,0,1,1,0,Response,1077.7,1077.7,1205.4,1205.4,3835.0,3835.0,1046.0,3.6,6.2,141.5,205.0,29.0
SV031,L,314,2,2,0,0,2,Response,2841.816666666667,3013.2,1274.5833333333333,1455.0,3538.1666666666665,3885.0,372.3333333333333,1.4,4.2,317.44444444444446,886.0,77.55555555555556
SV031,L,315,2,0,1,0,0,Response,,,,,,,,7.9,7.9,265.0,265.0,48.0
SV031,L,316,3,2,0,0,2,Response,2652.5,2652.5,1481.6,1481.6,3416.0,3416.0,318.0,4.75,6.7,571.5,971.0,155.0
SV031,L,317,2,3,1,0,3,Response,2926.1000000000004,3014.3,1386.075,1468.2,3422.0,3552.0,400.5,1.2,1.9,420.6666666666667,1079.0,102.0
SV031,L,318,2,3,0,0,3,Response,1969.2,1969.2,1103.1,1103.1,3507.0,3507.0,332.0,7.5,7.5,277.0,277.0,42.0
SV031,L,319,3,3,0,1,3,Response,,,,,,,,,,,,
SV031,L,320,2,0,0,0,0,Response,1755.2,1755.2,1032.6,1032.6,3030.0,3030.0,200.0,1.2000000000000002,1.3,83.5,90.0,18.0
SV031,L,321,3,3,0,1,3,Response,,,,,,,,,,,,
SV031,L,322,3,2,0,1,2,Response,,,,,,,,,,,,
SV031,L,323,2,3,0,1,3,Response,,,,,,,,1.5,1.5,81.0,81.0,22.0
SV031,L,324,3,0,1,1,0,Response,,,,,,,,,,,,
SV031,L,325,2,3,1,1,3,Response,2336.35,2647.5,1835.05,2384.6,1866.0,2620.0,96.0,9.133333333333333,14.7,582.0,950.0,138.66666666666666
SV031,L,326,2,0,1,1,0,Response,1910.7,1911.4,1039.15,1101.4,3023.0,3108.0,225.0,1.0,1.4,78.0,96.0,15.333333333333334
SV031,L,327,3,3,1,1,3,Response,,,,,,,,,,,,
SV031,L,328,3,2,1,0,2,Response,,,,,,,,,,,,
SV031,L,329,3,3,1,1,3,Response,,,,,,,,,,,,
SV031,L,330,3,3,1,1,3,Response,,,,,,,,,,,,
SV031,L,331,3,2,1,0,2,Response,,,,,,,,,,,,
SV031,L,332,3,3,0,1,3,Response,2096.2,2203.5,1375.3000000000002,1612.2,2104.0,2412.0,80.0,3.75,6.7,583.5,647.0,267.0
SV031,L,333,3,0,0,0,0,Response,,,,,,,,,,,,
SV031,L,334,3,0,1,1,0,Response,,,,,,,,,,,,
SV031,L,335,2,2,1,0,2,Response,2884.05,2974.9,1198.6999999999998,1221.6,3557.5,3625.0,209.0,2.5,6.6,108.25,159.0,26.5
SV031,L,336,3,2,0,1,2,Response,2823.0,2823.0,1616.1,1616.1,3443.0,3443.0,274.0,3.0,3.0,191.0,191.0,24.0
SV031,L,337,2,0,0,0,0,Response,1690.5,1970.5,924.0,1165.1,3401.6666666666665,3699.0,106.66666666666667,3.825,7.7,604.5,1247.0,98.0
SV031,L,338,3,0,1,0,0,Response,1628.3,1628.3,1078.2,1078.2,3335.0,3335.0,202.0,3.2,3.6,152.0,159.0,27.0
SV031,L,339,2,2,0,0,2,Response,,,,,,,,,,,,
SV031,L,340,2,3,0,1,3,Response,2654.7999999999997,2742.6,1431.1666666666667,1481.5,3338.0,3599.0,274.6666666666667,2.5,4.8,388.3333333333333,903.0,60.0
SV031,L,341,3,0,0,1,0,Response,960.2333333333332,1161.6,1217.7333333333333,1292.6,3524.6666666666665,3796.0,90.0,2.6571428571428575,5.4,503.42857142857144,1415.0,70.28571428571429
SV031,L,342,3,2,1,1,2,Response,910.0666666666666,1024.8,1220.0666666666668,1245.4,3642.0,3763.0,496.6666666666667,3.35,6.2,132.0,208.0,25.5
SV031,L,343,3,0,1,0,0,Response,,,,,,,,5.7,5.7,165.0,165.0,42.0
SV031,L,344,2,3,1,0,3,Response,1066.25,1071.7,1145.6999999999998,1241.1,3764.0,3765.0,178.0,3.1,7.3,223.66666666666666,526.0,70.0
SV031,L,345,3,2,0,0,2,Response,,,,,,,,,,,,
SV031,L,346,3,3,0,0,3,Response,2601.475,3025.3,1313.4125,1467.5,3080.5,3640.0,392.75,3.9545454545454546,9.6,178.27272727272728,309.0,28.727272727272727
SV031,L,347,2,0,0,1,0,Response,,,,,,,,6.1,6.1,206.0,206.0,40.0
SV031,L,348,3,2,1,0,2,Response,,,,,,,,5.8,5.8,162.0,162.0,44.0
SV031,L,349,3,3,1,0,3,Response,2814.5,2967.8,1333.35,1341.1,3207.5,3512.0,460.0,2.35,5.7,109.25,165.0,24.5
SV031,L,350,3,2,0,1,2,Response,,,,,,,,4.7,8.0,170.0,245.0,35.0
SV031,L,351,3,3,0,1,3,Response,2734.3999999999996,2913.7,1326.95,1358.7,3688.5,3792.0,448.0,2.566666666666667,4.9,372.0,783.0,86.0
SV031,L,352,3,3,0,1,3,Response,1103.6333333333334,1153.9,1092.3,1100.3,4121.333333333333,4132.0,433.3333333333333,3.033333333333333,6.9,128.66666666666666,206.0,25.333333333333332
SV031,L,353,3,3,1,0,3,Response,943.5333333333333,1007.9,1216.6666666666667,1238.8,3805.3333333333335,4073.0,408.0,3.266666666666667,8.0,655.3333333333334,1665.0,46.666666666666664
SV031,L,354,2,2,0,1,2,Response,2735.633333333333,2809.4,1343.4666666666667,1398.9,3624.0,3744.0,484.0,3.78,7.1,158.6,228.0,28.8
SV031,L,355,3,3,1,0,3,Response,,,,,,,,6.2,6.2,189.0,189.0,42.0
SV031,L,356,2,3,0,0,3,Response,1197.3,1197.3,1153.0,1153.0,3831.0,3831.0,334.0,3.9333333333333336,5.0,157.0,175.0,32.0
SV031,L,357,2,2,1,0,2,Response,2766.3,2766.3,1396.6,1396.6,3416.0,3416.0,284.0,3.5200000000000005,7.3,122.0,183.0,29.2
SV031,L,358,2,2,1,1,2,Response,2427.25,2902.4,1250.5,1346.3,3415.0,3418.0,512.0,7.95,8.9,729.0,1236.0,107.0
SV031,L,359,2,2,1,0,2,Response,2671.95,2918.8,1063.8000000000002,1080.7,3560.0,3632.0,202.0,3.8000000000000003,7.6,199.0,332.0,24.0
SV031,L,360,3,2,0,0,2,Response,1703.75,3021.1,1254.3875,1514.6,3518.75,3902.0,439.0,3.4916666666666667,8.0,295.9166666666667,1085.0,44.666666666666664
SV031,L,361,2,0,0,0,0,Response,2791.25,2885.1,1633.05,1789.3,3576.5,3619.0,299.5,5.2,9.2,362.6666666666667,1262.0,57.333333333333336
SV031,L,362,2,3,1,0,3,Response,1155.2,1155.2,1058.5,1058.5,3963.0,3963.0,112.0,3.2399999999999998,5.6,151.0,210.0,26.0
SV031,L,363,3,2,1,1,2,Response,873.0600000000001,1093.4,1192.5,1217.0,3838.8,3923.0,482.8,1.475,2.9,597.75,1327.0,85.0
SV031,L,364,3,2,1,1,2,Response,987.1,987.1,1142.5,1142.5,3847.0,3847.0,112.0,1.2333333333333334,1.5,639.3333333333334,1401.0,132.0
SV031,L,365,2,2,1,0,2,Response,672.5,672.5,1212.4,1212.4,3806.0,3806.0,366.0,4.233333333333333,9.5,265.3333333333333,448.0,57.333333333333336
SV031,L,366,2,2,0,1,2,Response,1004.1666666666666,1012.7,1197.6000000000001,1261.2,3791.0,3932.0,302.0,2.1,6.8,377.1666666666667,1288.0,55.333333333333336
SV031,L,367,2,0,0,0,0,Response,1061.0,1061.0,1042.1,1042.1,3915.0,3915.0,728.0,4.066666666666666,5.8,534.6666666666666,1240.0,89.33333333333333
SV031,L,368,3,2,1,0,2,Response,2618.3,2739.0,1377.1999999999998,1420.6,3502.0,3691.0,174.0,3.15,4.6,128.0,159.0,31.0
SV031,L,369,3,0,0,0,0,Response,2747.8,2747.8,1437.1,1437.1,3306.0,3306.0,956.0,6.7,6.7,214.0,214.0,44.0
SV031,L,370,3,2,1,1,2,Response,1251.4,1251.4,1072.3,1072.3,3900.0,3900.0,170.0,2.7,3.3,448.5,767.0,78.0
SV031,L,371,2,0,1,1,0,Response,703.9,703.9,1200.2,1200.2,3888.0,3888.0,728.0,6.533333333333334,9.1,173.33333333333334,209.0,44.666666666666664
SV031,L,372,2,3,0,1,3,Response,2562.5,2630.6,1453.35,1494.5,3664.0,3733.0,269.0,2.5,5.3,102.0,143.0,27.333333333333332
SV031,L,373,3,0,0,0,0,Response,2957.1000000000004,2961.3,1359.2,1387.9,3373.5,3457.0,522.0,4.6,7.9,345.5,706.0,71.5
SV031,L,374,3,3,1,0,3,Response,,,,,,,,,,,,
SV031,L,375,3,3,1,1,3,Response,1029.15,1029.8,1078.95,1093.5,3415.5,3504.0,810.0,5.033333333333333,6.3,303.6666666666667,505.0,60.0
SV031,L,376,2,0,0,0,0,Response,2499.9,2597.5,1341.5,1378.9,3502.5,3743.0,207.0,1.7,3.4,99.33333333333333,155.0,19.333333333333332
SV031,L,377,3,3,0,1,3,Response,2276.05,2672.7,1332.25,1454.2,3457.5,3688.0,450.0,2.2142857142857144,5.6,227.28571428571428,814.0,70.85714285714286
SV031,L,378,2,3,0,1,3,Response,,,,,,,,,,,,
SV031,L,379,3,2,1,0,2,Response,1900.7,2199.3,1110.7,1163.4,3134.3333333333335,3286.0,247.33333333333334,2.45,4.4,115.25,160.0,26.5
SV031,L,380,3,2,0,0,2,Response,997.0,1029.3,1142.9666666666665,1184.3,3354.3333333333335,3645.0,469.3333333333333,3.72,7.5,302.8,919.0,46.8
SV031,L,381,2,0,0,0,0,Response,,,,,,,,6.2,6.2,167.0,167.0,52.0
SV031,L,382,2,0,1,1,0,Response,,,,,,,,7.0,7.0,215.0,215.0,50.0
SV031,L,383,2,0,1,1,0,Response,948.4499999999999,1026.1,1172.0500000000002,1198.7,3524.5,3767.0,438.0,5.65,7.5,180.5,223.0,38.5
SV031,L,384,3,0,1,0,0,Response,2252.3,2252.3,1320.0,1320.0,3654.0,3654.0,132.0,1.95,2.1,113.5,123.0,23.0
SV031,L,385,3,0,0,0,0,Response,2662.02,2996.4,1407.0,1417.0,3042.4,3163.0,292.8,3.971428571428571,6.1,259.2857142857143,574.0,51.142857142857146
SV031,L,386,2,0,1,0,0,Response,,,,,,,,6.3,6.3,294.0,294.0,34.0
SV031,L,387,2,2,0,0,2,Response,2700.7,2700.7,1385.2,1385.2,2799.0,2799.0,408.0,4.75,5.3,285.0,408.0,75.0
SV031,L,388,2,0,1,1,0,Response,2678.8333333333335,3043.5,1438.5333333333335,1476.1,3237.3333333333335,3355.0,172.66666666666666,3.9,6.0,201.75,298.0,27.0
SV031,L,389,2,3,1,0,3,Response,1040.8,1040.8,1171.6,1171.6,3445.0,3445.0,292.0,3.65,6.3,124.0,174.0,32.0
SV031,L,390,2,2,0,0,2,Response,,,,,,,,4.5,7.8,150.0,220.0,34.0
SV031,L,391,3,0,1,1,0,Response,926.6,926.6,1205.2,1205.2,3395.0,3395.0,278.0,5.0,7.3,312.0,423.0,87.0
SV031,L,392,3,2,1,0,2,Response,672.975,732.1,1259.6,1296.8,3528.25,3613.0,328.0,0.9500000000000001,1.3,77.33333333333333,96.0,15.0
SV031,L,393,3,0,0,0,0,Response,,,,,,,,8.2,8.2,209.0,209.0,52.0
SV031,L,394,2,3,1,1,3,Response,1973.3,1973.3,1096.9,1096.9,3157.0,3157.0,710.0,3.1500000000000004,5.9,637.5,1090.0,193.0
SV031,L,395,2,0,1,1,0,Response,1523.35,1987.5,1079.1,1159.8,3425.0,3541.0,441.0,2.4,6.2,236.5,620.0,46.5
SV031,L,396,2,3,1,0,3,Response,2063.6,2063.6,958.2,958.2,2900.0,2900.0,574.0,3.625,6.4,255.75,612.0,68.0
SV031,L,397,3,2,1,1,2,Response,2127.2,2127.2,1566.7,1566.7,2087.0,2087.0,28.0,5.25,6.1,392.25,1059.0,90.0
SV031,L,398,2,0,0,1,0,Response,1450.35,1556.5,1135.4499999999998,1162.6,3340.0,3538.0,191.0,1.9000000000000001,2.3,115.33333333333333,128.0,21.333333333333332
SV031,L,399,2,3,1,0,3,Response,804.1500000000001,870.1,1267.65,1277.1,3625.0,3696.0,431.0,4.140000000000001,8.3,303.8,895.0,50.8
SV031,L,400,2,0,1,0,0,Response,1065.225,1084.9,1162.675,1305.4,3254.25,3341.0,450.0,3.5375,6.1,212.25,765.0,43.75
SV031,L,401,2,3,0,1,3,Response,2266.7,2266.7,1442.5,1442.5,3362.0,3362.0,710.0,1.4333333333333333,1.9,97.33333333333333,114.0,18.0
SV031,L,402,2,0,0,1,0,Response,,,,,,,,,,,,
SV031,L,403,3,3,0,0,3,Response,2881.2666666666664,2985.6,1456.8666666666668,1579.0,2948.0,3239.0,405.3333333333333,2.266666666666667,6.9,194.0,687.0,53.333333333333336
SV031,L,404,3,0,1,0,0,Response,1831.1,1831.1,921.1,921.1,2593.0,2593.0,558.0,0.9333333333333335,1.6,72.66666666666667,91.0,15.333333333333334
SV031,L,405,3,2,0,1,2,Response,2349.4,2349.4,1400.4,1400.4,2895.0,2895.0,258.0,2.46,3.7,131.0,183.0,26.0
SV031,L,406,2,3,1,1,3,Response,,,,,,,,3.8333333333333335,5.4,579.0,1351.0,102.66666666666667
SV031,L,407,3,3,0,1,3,Response,1003.95,1035.5,1354.05,1358.5,3412.5,3692.0,123.0,3.2285714285714286,6.8,663.8571428571429,1105.0,119.42857142857143
SV031,L,408,2,2,0,0,2,Response,1369.2666666666667,1979.1,1049.8333333333333,1132.7,3281.6666666666665,3547.0,589.3333333333334,2.6333333333333333,6.2,206.16666666666666,607.0,48.0
SV031,L,409,3,0,1,1,3,Response,2454.5,2966.8,1102.55,1304.7,3013.25,3202.0,176.0,3.5285714285714285,8.4,293.42857142857144,662.0,81.71428571428571
SV031,L,410,3,3,0,0,3,Response,2814.8777777777777,3033.3,1396.5111111111112,1583.6,3131.3333333333335,3369.0,328.0,1.7100000000000002,2.5,208.8,593.0,49.6
SV031,L,411,2,2,0,1,2,Response,,,,,,,,1.8,1.8,1036.0,1036.0,214.0
SV031,L,412,2,2,1,1,2,Response,2300.1,2300.1,1138.1,1138.1,3467.0,3467.0,256.0,1.85,3.0,107.5,147.0,20.0
SV031,L,413,3,3,0,1,3,Response,1166.1,1166.1,1075.4,1075.4,3733.0,3733.0,480.0,3.5,5.4,140.5,165.0,29.0
SV031,L,414,3,3,1,0,3,Response,960.35,1017.1,1203.75,1204.6,3313.5,3456.0,502.0,1.42,1.9,466.4,1044.0,94.4
SV031,L,415,3,3,0,0,3,Response,1608.5500000000002,2048.3,991.7,1067.5,3424.5,3663.0,621.0,4.116666666666666,6.2,149.83333333333334,196.0,34.333333333333336
SV031,L,416,3,2,0,1,2,Response,976.6999999999999,1083.0,1176.2,1226.0,3490.3333333333335,3714.0,370.0,2.3000000000000003,5.7,305.3333333333333,1211.0,44.0
SV031,L,417,2,2,0,1,2,Response,1941.6999999999998,1984.3,965.25,1051.5,3575.5,3741.0,145.0,3.5500000000000003,6.4,339.0,917.0,196.0
SV031,L,418,3,3,0,0,3,Response,1043.7,1043.7,1138.4,1138.4,3601.0,3601.0,978.0,3.325,6.4,352.75,563.0,66.0
SV031,L,419,2,3,0,1,3,Response,,,,,,,,4.0,6.8,575.0,926.0,113.0
SV031,L,420,3,0,0,1,0,Response,1348.7,2100.0,1133.4,1212.0,3575.8,3817.0,395.6,3.3625000000000003,7.7,220.5,747.0,34.75
SV031,L,421,3,3,1,1,3,Response,,,,,,,,0.8,0.8,62.0,62.0,16.0
SV031,L,422,3,2,0,0,2,Response,,,,,,,,,,,,
SV031,L,423,3,0,1,1,0,Response,,,,,,,,0.7,0.7,61.0,61.0,14.0
SV031,L,424,3,0,1,0,0,Response,1903.5,1903.5,903.6,903.6,3256.0,3256.0,350.0,1.1,1.4,70.0,77.0,19.0
SV031,L,425,3,2,0,1,2,Response,,,,,,,,,,,,
SV031,L,426,2,3,0,1,3,Response,,,,,,,,1.4,1.4,90.0,90.0,20.0
SV031,L,427,2,2,0,1,2,Response,,,,,,,,1.1,1.1,78.0,78.0,18.0
SV031,L,428,3,0,0,0,0,Response,1963.3,1963.3,949.0,949.0,3291.0,3291.0,314.0,1.35,1.6,85.0,90.0,20.0
SV031,L,429,3,2,1,1,2,Response,2116.3,2116.3,1217.6,1217.6,2925.0,2925.0,22.0,2.3,2.3,248.5,353.0,77.0
SV031,L,430,3,0,0,0,0,Response,1803.85,1910.1,832.85,875.5,3119.0,3317.0,288.0,0.9333333333333332,1.5,65.33333333333333,76.0,16.666666666666668
SV031,L,431,3,3,0,0,3,Response,1926.5,1926.5,931.9,931.9,3502.0,3502.0,32.0,0.8,0.8,345.0,634.0,113.0
SV031,L,432,3,0,0,0,0,Response,,,,,,,,1.4,1.4,89.0,89.0,20.0
SV031,L,433,2,2,1,1,0,Response,,,,,,,,0.9,0.9,856.0,856.0,280.0
SV031,L,434,2,0,1,0,0,Response,,,,,,,,2.2,2.2,142.0,142.0,22.0
SV031,L,435,2,3,1,1,3,Response,,,,,,,,,,,,
SV031,L,436,2,0,1,0,0,Response,,,,,,,,2.3,2.3,110.0,110.0,26.0
SV031,L,437,2,0,0,0,0,Response,1907.2,1907.2,893.2,893.2,2969.0,2969.0,518.0,0.55,0.6,50.0,53.0,13.0
SV031,L,438,3,2,1,1,2,Response,,,,,,,,1.3,1.3,72.0,72.0,22.0
SV031,L,439,3,3,1,1,3,Response,2051.0,2051.0,881.2,881.2,3288.0,3288.0,350.0,1.1,1.6,78.0,98.0,17.0
SV031,L,440,3,0,1,1,0,Response,1919.0,1919.0,901.3,901.3,3534.0,3534.0,224.0,1.0,1.4,78.0,93.0,16.0
SV031,L,441,3,0,1,1,0,Response,,,,,,,,1.7,1.7,84.0,84.0,24.0
SV031,L,442,2,3,1,1,3,Response,,,,,,,,1.1,1.1,539.0,539.0,132.0
SV031,L,443,3,0,0,1,0,Response,,,,,,,,0.5,0.5,50.0,50.0,12.0
SV031,L,444,2,3,0,0,3,Response,,,,,,,,0.5,0.5,844.0,844.0,228.0
SV031,L,445,2,3,1,0,3,Response,,,,,,,,,,,,
SV031,L,446,3,2,1,1,2,Response,,,,,,,,,,,,
SV031,L,447,2,2,1,1,2,Response,,,,,,,,,,,,
SV031,L,448,3,3,1,0,3,Response,,,,,,,,,,,,
SV031,L,449,3,0,1,0,0,Response,,,,,,,,,,,,
SV031,L,450,3,3,1,1,3,Response,,,,,,,,,,,,
SV031,L,451,3,2,0,0,2,Response,1331.5666666666666,2009.7,1163.9333333333334,1193.9,4001.0,4131.0,653.3333333333334,4.74,8.2,153.2,213.0,33.6
SV031,L,452,3,3,1,0,3,Response,2493.5,2493.5,1301.5,1301.5,3899.0,3899.0,108.0,3.9,4.5,167.0,194.0,35.0
SV031,L,453,2,0,0,1,0,Response,2115.62,2297.1,1349.0,2100.6,2650.0,3200.0,86.4,4.2,10.6,356.85714285714283,723.0,85.42857142857143
SV031,L,454,3,3,1,0,3,Response,1099.9,1276.4,1147.075,1185.6,3804.25,4060.0,449.5,3.1666666666666665,5.9,129.0,184.0,27.0
SV031,L,455,2,2,0,0,2,Response,1027.9,1027.9,1149.6,1149.6,3962.0,3962.0,216.0,3.28,6.1,301.2,1032.0,104.8
SV031,L,456,3,0,0,1,0,Response,762.9,762.9,1222.4,1222.4,4043.0,4043.0,558.0,6.033333333333332,8.7,164.66666666666666,212.0,40.0
SV031,L,457,3,0,0,1,0,Response,1484.65,1968.3,1041.05,1198.8,3398.0,4045.0,341.0,1.86,6.4,207.8,658.0,61.2
SV031,L,458,3,2,0,0,2,Response,,,,,,,,2.55,3.1,320.5,501.0,77.0
SV031,L,459,3,3,0,0,3,Response,2465.8250000000003,2897.9,1474.55,1616.8,3056.25,3824.0,309.5,4.642857142857143,7.0,297.85714285714283,1173.0,71.42857142857143
SV031,L,460,3,0,0,1,0,Response,2467.6333333333337,2669.8,1354.5666666666666,1441.1,3280.6666666666665,3564.0,60.666666666666664,3.066666666666667,6.2,256.0,675.0,99.0
SV031,L,461,3,0,1,1,0,Response,,,,,,,,1.3,1.3,87.0,87.0,20.0
SV031,L,462,2,0,1,1,0,Response,2922.2,2922.2,1132.2,1132.2,3550.0,3550.0,752.0,4.3999999999999995,8.1,183.5,305.0,29.0
SV031,L,463,2,0,0,1,0,Response,1017.75,1058.7,1090.55,1113.5,3683.5,3995.0,320.0,2.5,5.8,958.5,1711.0,184.0
SV031,L,464,3,3,1,0,3,Response,,,,,,,,4.7,5.9,415.5,627.0,135.0
SV031,L,465,2,0,0,0,0,Response,1103.6666666666667,1129.0,1176.5333333333333,1206.5,3598.3333333333335,3887.0,366.6666666666667,2.5500000000000003,5.7,461.0,1462.0,66.0
SV031,L,466,2,0,1,1,0,Response,701.45,723.4,1257.65,1273.6,3871.5,3883.0,130.0,0.8,1.3,781.0,1466.0,170.0
SV031,L,467,3,3,0,0,3,Response,1103.3,1103.3,1137.9,1137.9,4016.0,4016.0,232.0,3.4499999999999997,5.6,143.5,191.0,28.0
SV031,L,468,2,2,1,0,2,Response,1050.15,1129.4,1222.6,1223.7,3960.0,4021.0,503.0,3.975,6.2,509.25,1587.0,65.5
SV031,L,469,2,2,0,0,2,Response,2676.2,2676.2,1264.3,1264.3,3555.0,3555.0,80.0,5.1,5.1,161.0,161.0,46.0
SV031,L,470,2,0,1,0,0,Response,2844.7400000000002,2981.8,1596.26,1822.0,3415.0,3668.0,375.6,1.8833333333333335,3.6,459.6666666666667,1214.0,85.33333333333333
SV031,L,471,2,0,1,0,0,Response,2835.2,2835.2,1622.8,1622.8,3623.0,3623.0,268.0,2.1500000000000004,2.7,240.0,311.0,64.0
SV031,L,472,3,2,1,0,2,Response,2683.3,2853.4,1442.925,1516.7,3523.75,3705.0,468.5,4.483333333333333,7.5,152.0,207.0,36.0
SV031,L,473,2,2,1,1,2,Response,,,,,,,,1.2,1.2,439.0,439.0,128.0
SV031,L,474,2,0,0,1,0,Response,1038.35,1043.0,1176.85,1223.0,3340.0,3515.0,250.0,2.6999999999999997,6.3,424.6666666666667,1040.0,58.666666666666664
SV031,L,475,2,0,1,0,0,Response,,,,,,,,4.6,6.5,434.0,670.0,132.0
SV031,L,476,2,2,0,1,2,Response,2877.8,2951.7,1255.65,1326.4,3291.0,3589.0,494.0,4.966666666666667,7.6,181.33333333333334,280.0,36.0
SV031,L,477,2,3,0,1,3,Response,1014.35,1034.9,1205.45,1268.7,3547.0,3696.0,816.0,4.94,6.9,306.4,831.0,78.4
SV031,L,478,2,0,1,0,0,Response,2447.1666666666665,2755.9,1426.4333333333334,1582.1,3628.0,3747.0,280.6666666666667,1.6600000000000001,2.0,109.4,136.0,19.6
SV031,L,479,3,0,0,1,0,Response,2329.54,2931.0,1248.1,1385.0,3466.6,3560.0,283.2,6.357142857142857,8.5,306.0,977.0,70.0
SV031,L,480,2,2,0,0,2,Response,,,,,,,,5.4,5.4,177.0,177.0,44.0
SV031,R,1,3,3,1,1,3,Response,2635.075,3054.3,1352.0749999999998,1481.8,2990.25,3307.0,779.0,4.275,9.3,151.5,220.0,32.0
SV031,R,2,2,3,0,0,3,Response,1063.9,1121.1,1319.05,1424.5,3426.0,3460.0,847.0,5.333333333333333,7.4,500.6666666666667,1118.0,77.33333333333333
SV031,R,3,3,3,0,1,2,Response,2458.7,2961.1,1155.85,1182.3,3059.5,3479.0,1344.0,7.699999999999999,8.2,194.5,196.0,50.0
SV031,R,4,2,2,0,1,2,Response,2040.1666666666667,2906.8,1249.0666666666666,1367.6,3221.3333333333335,3409.0,524.0,4.633333333333334,7.3,158.66666666666666,228.0,33.333333333333336
SV031,R,5,2,0,0,1,3,Response,2698.225,2979.0,1292.85,1532.8,3181.75,3328.0,651.0,4.574999999999999,8.7,153.75,220.0,33.5
SV031,R,6,2,0,1,1,2,Response,2372.3599999999997,2803.7,1270.7800000000002,1415.9,3112.6,3293.0,690.4,3.75,6.2,495.25,1526.0,61.0
SV031,R,7,3,0,0,1,2,Response,2553.7,2935.5,1327.65,1548.0,3196.75,3496.0,889.5,4.3,7.5,155.5,188.0,34.0
SV031,R,8,2,0,0,1,2,Response,2904.15,2951.9,1350.6999999999998,1372.6,2965.0,3093.0,1609.0,8.1,8.4,192.0,204.0,56.0
SV031,R,9,3,2,0,1,2,Response,2902.4666666666667,2960.5,1366.6666666666667,1532.8,3027.3333333333335,3298.0,580.0,5.133333333333334,7.9,145.0,199.0,38.666666666666664
SV031,R,10,2,2,0,0,2,Response,1445.95,1911.8,1158.45,1204.7,3076.5,3095.0,1098.0,6.5,6.6,230.0,260.0,39.0
SV031,R,11,3,2,0,1,2,Response,2521.7333333333336,2975.8,1210.4333333333334,1275.5,2926.0,3008.0,663.3333333333334,5.066666666666666,8.0,162.66666666666666,215.0,40.666666666666664
SV031,R,12,2,0,0,0,2,Response,1314.0666666666668,1950.4,1168.2666666666667,1229.0,3001.3333333333335,3188.0,937.3333333333334,4.533333333333334,6.9,156.0,232.0,32.0
SV031,R,13,3,2,1,1,2,Response,2530.275,3108.9,1443.65,2404.2,2811.625,3260.0,374.25,4.711111111111111,12.9,177.88888888888889,468.0,34.888888888888886
SV031,R,14,2,2,0,0,2,Response,1545.1333333333332,1891.6,1164.0666666666666,1242.6,3161.3333333333335,3470.0,1031.3333333333333,5.35,7.5,338.5,810.0,72.5
SV031,R,15,3,0,1,0,3,Response,973.2,1032.0,1313.65,1328.6,3557.5,3681.0,665.0,5.466666666666666,8.7,172.33333333333334,252.0,36.0
SV031,R,16,2,0,0,0,2,Response,1201.25,1393.4,1174.35,1306.0,3410.0,3481.0,590.0,4.466666666666667,6.4,183.66666666666666,210.0,32.666666666666664
SV031,R,17,3,0,1,1,3,Response,2502.8,2906.0,1314.375,1449.6,2973.5,3279.0,276.0,2.96,8.1,114.6,197.0,27.2
SV031,R,18,3,3,0,1,3,Response,2858.7,3009.0,1258.8,1601.4,3067.125,3449.0,413.0,3.2375,8.5,124.625,209.0,26.5
SV031,R,19,2,2,0,1,2,Response,2898.8500000000004,2952.4,1259.2,1284.0,3208.5,3433.0,483.0,4.325,7.5,269.5,660.0,309.0
SV031,R,20,2,3,1,1,3,Response,2725.7,2770.9,1374.85,1410.9,3262.5,3498.0,785.0,4.2,6.4,139.0,177.0,34.0
SV031,R,21,3,0,1,1,3,Response,2729.7999999999997,2819.2,1414.2333333333333,1447.5,3233.3333333333335,3504.0,292.6666666666667,3.2249999999999996,5.6,108.5,170.0,32.0
SV031,R,22,3,3,0,0,3,Response,995.1,995.1,1217.7,1217.7,3262.0,3262.0,2856.0,7.1,7.3,212.5,230.0,45.0
SV031,R,23,3,0,0,1,3,Response,2935.6499999999996,2966.2,1306.85,1356.3,3014.0,3172.0,594.0,5.666666666666667,7.5,332.0,572.0,84.0
SV031,R,24,3,2,0,0,2,Response,993.7,993.7,1204.1,1204.1,3302.0,3302.0,1496.0,6.9,7.2,214.5,255.0,45.0
SV031,R,25,2,0,0,1,2,Response,2679.575,2951.8,1341.4,1623.2,2867.25,2997.0,966.0,6.925000000000001,9.8,285.0,614.0,59.5
SV031,R,26,3,0,1,1,2,Response,2813.05,2908.1,1481.1,1497.1,3087.0,3176.0,536.0,5.966666666666666,8.3,376.0,753.0,124.66666666666667
SV031,R,27,2,3,1,1,3,Response,2725.3500000000004,2802.8,1454.0500000000002,1476.9,2979.0,3010.0,851.0,4.333333333333333,7.3,148.66666666666666,194.0,33.333333333333336
SV031,R,28,2,3,0,0,3,Response,1029.25,1051.9,1234.1,1307.8,3382.0,3640.0,701.0,4.7,7.1,169.33333333333334,266.0,33.333333333333336
SV031,R,29,3,0,0,1,2,Response,2896.7000000000003,2983.5,1439.2666666666667,1513.3,3052.0,3304.0,643.3333333333334,4.1,7.6,141.5,204.0,31.5
SV031,R,30,3,0,1,1,3,Response,2601.7,3052.9,1374.1625,1489.6,3130.625,3419.0,354.5,2.977777777777778,6.6,214.33333333333334,828.0,52.44444444444444
SV031,R,31,2,2,1,0,2,Response,1132.98,1354.1,1370.1399999999999,1450.8,3119.6,3504.0,376.4,3.1166666666666667,5.8,234.16666666666666,747.0,52.0
SV031,R,32,2,0,1,1,2,Response,2500.171428571429,2651.3,1374.7571428571428,1467.9,2927.4285714285716,3024.0,490.0,2.9,6.4,338.0,868.0,105.25
SV031,R,33,3,2,1,1,2,Response,2929.5,3200.3,1857.6333333333332,2642.0,2480.0,3250.0,428.6666666666667,9.375,13.7,254.0,378.0,62.0
SV031,R,34,3,3,1,1,3,Response,2345.3,2345.3,1250.0,1250.0,2776.0,2776.0,464.0,2.6,3.1,131.5,138.0,25.0
SV031,R,35,2,3,1,0,3,Response,1025.0,1158.4,1383.45,1388.0,3009.5,3026.0,535.0,4.733333333333333,6.5,154.33333333333334,166.0,39.333333333333336
SV031,R,36,2,0,0,0,2,Response,1076.08,1478.9,1302.1,1524.7,2912.6,3632.0,234.8,4.1000000000000005,6.3,225.66666666666666,411.0,60.0
SV031,R,37,2,2,1,1,2,Response,2505.05,2733.4,1320.575,1403.3,3171.5,3499.0,514.0,2.3,5.8,109.0,197.0,22.0
SV031,R,38,2,2,0,0,2,Response,1277.175,1928.3,1324.9,1491.7,3254.75,3420.0,627.5,3.8499999999999996,7.1,146.75,243.0,29.5
SV031,R,39,2,3,0,1,3,Response,2943.8,2954.0,1443.15,1459.8,2793.5,2852.0,722.0,6.033333333333334,8.0,308.3333333333333,532.0,117.33333333333333
SV031,R,40,2,3,0,0,3,Response,981.55,991.7,1414.55,1480.5,3410.0,3451.0,864.0,4.733333333333333,6.9,174.0,274.0,33.333333333333336
SV031,R,41,3,2,0,1,2,Response,2886.75,2948.2,1425.15,1494.8,3041.5,3354.0,579.0,5.633333333333333,7.8,173.66666666666666,211.0,40.0
SV031,R,42,3,2,0,0,2,Response,979.1,979.1,1343.4,1343.4,3331.0,3331.0,1188.0,6.9,7.0,215.5,260.0,46.0
SV031,R,43,2,3,1,1,3,Response,2741.0,2845.1,1419.9,1455.4,3090.0,3294.0,958.0,5.433333333333333,7.8,259.0,377.0,67.33333333333333
SV031,R,44,3,0,1,1,2,Response,2796.2,2796.2,1434.3,1434.3,3031.0,3031.0,1784.0,6.9,7.0,193.0,206.0,48.0
SV031,R,45,3,3,1,0,3,Response,991.875,1089.6,1370.65,1411.3,3370.5,3573.0,608.0,3.56,9.0,140.2,282.0,27.2
SV031,R,46,3,2,1,1,2,Response,2794.7,2825.8,1457.9499999999998,1507.6,3068.0,3282.0,750.0,4.133333333333334,7.8,305.6666666666667,624.0,86.0
SV031,R,47,3,2,0,0,2,Response,1124.3428571428572,1920.6,1243.857142857143,1427.0,3300.0,3644.0,884.5714285714286,2.8714285714285714,7.2,118.0,233.0,25.142857142857142
SV031,R,48,2,3,0,1,3,Response,2779.3857142857146,3023.7,1360.957142857143,1616.0,2891.714285714286,3321.0,685.4285714285714,4.85,8.3,207.875,597.0,64.0
SV031,R,49,3,0,1,0,2,Response,996.75,1060.1,1368.25,1408.1,3124.0,3150.0,768.0,4.966666666666667,7.1,177.0,251.0,33.333333333333336
SV031,R,50,3,3,0,0,3,Response,992.6,996.2,1291.65,1352.8,3337.0,3657.0,791.0,5.033333333333333,7.3,157.33333333333334,232.0,36.666666666666664
SV031,R,51,2,2,1,0,2,Response,864.4,864.4,1337.8,1337.8,3037.0,3037.0,1228.0,7.4,8.0,232.0,263.0,45.0
SV031,R,52,3,0,0,0,3,Response,995.0,995.0,1254.9,1254.9,3176.0,3176.0,608.0,5.35,7.0,424.0,644.0,138.0
SV031,R,53,3,0,0,0,3,Response,987.5166666666668,1016.0,1322.6499999999999,1519.1,3162.8333333333335,3421.0,255.66666666666666,3.2857142857142856,9.1,385.57142857142856,936.0,127.71428571428571
SV031,R,54,2,3,0,1,3,Response,2926.8,2926.8,1416.7,1416.7,2751.0,2751.0,1542.0,7.35,7.4,189.5,213.0,51.0
SV031,R,55,3,0,0,0,3,Response,917.5,917.5,1303.0,1303.0,3502.0,3502.0,224.0,5.25,7.0,287.0,416.0,105.0
SV031,R,56,3,3,0,0,3,Response,1040.3,1064.6,1266.7,1286.9,3407.0,3708.0,770.0,3.233333333333334,5.9,412.3333333333333,976.0,100.66666666666667
SV031,R,57,2,2,0,0,2,Response,994.15,1016.0,1325.9499999999998,1381.8,3127.5,3307.0,606.0,4.766666666666667,7.1,172.0,249.0,32.666666666666664
SV031,R,58,3,0,0,0,3,Response,999.1,999.1,1270.2,1270.2,3303.0,3303.0,1830.0,7.15,7.9,200.5,231.0,47.0
SV031,R,59,3,3,0,1,3,Response,2952.9,2952.9,1405.4,1405.4,2943.0,2943.0,2574.0,9.2,10.6,421.0,651.0,141.0
SV031,R,60,3,3,1,1,3,Response,2827.5,2827.5,1426.3,1426.3,3094.0,3094.0,2204.0,7.0,7.5,171.5,193.0,54.0
SV031,R,61,3,3,1,1,3,Response,2883.4,2883.4,1437.1,1437.1,2936.0,2936.0,1612.0,6.1,6.1,180.0,180.0,44.0
SV031,R,62,3,0,0,1,2,Response,2592.4666666666667,2948.9,1330.4666666666665,1541.8,3024.3333333333335,3399.0,1116.0,5.6000000000000005,8.9,166.0,206.0,40.666666666666664
SV031,R,63,2,2,1,0,2,Response,986.1500000000001,1072.9,1305.3000000000002,1365.2,3355.5,3584.0,784.0,5.3,8.9,167.0,288.0,36.666666666666664
SV031,R,64,2,3,1,0,3,Response,894.3333333333334,1011.2,1374.0666666666666,1400.4,3174.6666666666665,3444.0,460.0,4.55,8.1,302.75,697.0,77.5
SV031,R,65,2,3,1,0,3,Response,977.3,1097.1,1318.1,1358.3,3428.5,3562.0,644.0,5.366666666666667,9.1,165.33333333333334,261.0,39.333333333333336
SV031,R,66,2,2,1,0,2,Response,967.0999999999999,1029.3,1319.85,1348.7,3394.5,3533.0,522.0,5.066666666666666,8.0,176.0,277.0,35.333333333333336
SV031,R,67,2,0,1,0,2,Response,896.0,896.0,1321.8,1321.8,3325.0,3325.0,1956.0,7.65,8.3,222.0,270.0,48.0
SV031,R,68,3,0,0,0,3,Response,985.425,1018.3,1281.525,1450.0,3324.75,3536.0,667.5,2.825,7.0,136.25,242.0,24.5
SV031,R,69,3,3,1,1,3,Response,2777.1000000000004,2817.3,1416.9,1442.7,3090.5,3387.0,656.0,4.466666666666666,7.0,142.0,184.0,34.666666666666664
SV031,R,70,3,0,0,0,3,Response,1255.375,1972.1,1264.675,1433.4,3277.75,3629.0,674.0,4.075,7.0,163.5,261.0,28.5
SV031,R,71,2,2,0,0,2,Response,1032.4,1041.4,1268.2,1300.7,3439.0,3574.0,1406.0,5.3999999999999995,7.3,361.3333333333333,677.0,76.66666666666667
SV031,R,72,3,2,1,1,2,Response,2762.5333333333333,2865.7,1395.8333333333333,1454.5,2856.6666666666665,3210.0,404.0,3.25,8.0,122.0,219.0,27.5
SV031,R,73,2,3,0,1,3,Response,2478.8,2961.6,1261.35,1343.9,2748.5,3199.0,1274.0,5.766666666666667,7.8,509.6666666666667,1136.0,133.33333333333334
SV031,R,74,2,3,0,1,3,Response,2890.4,2890.4,1290.7,1290.7,2600.0,2600.0,918.0,7.2,7.4,197.5,205.0,49.0
SV031,R,75,2,0,1,1,2,Response,2807.566666666667,2940.9,1406.1666666666667,1444.0,2947.6666666666665,3283.0,438.0,4.4,8.8,134.5,204.0,34.0
SV031,R,76,2,2,1,0,2,Response,835.74,995.0,1375.92,1412.8,3113.2,3505.0,402.0,3.4166666666666665,8.1,239.66666666666666,775.0,59.333333333333336
SV031,R,77,3,2,1,0,2,Response,994.25,1083.7,1307.85,1380.0,3489.5,3580.0,900.0,5.1000000000000005,8.6,162.0,240.0,38.0
SV031,R,78,3,3,0,0,3,Response,1257.95,1928.2,1295.8125,1520.7,3286.75,3744.0,668.0,3.677777777777778,7.7,211.77777777777777,807.0,46.22222222222222
SV031,R,79,3,2,0,0,2,Response,1227.875,1934.1,1218.825,1283.2,2975.0,3100.0,457.0,6.06,7.8,282.6,552.0,78.4
SV031,R,80,3,0,1,0,3,Response,844.6500000000001,879.7,1368.2,1378.5,3380.0,3563.0,648.0,5.633333333333333,8.3,168.0,262.0,38.0
SV031,R,81,3,2,0,0,2,Response,1445.15,1876.0,1033.5,1187.0,2950.0,3325.0,849.0,6.1,6.4,203.5,239.0,41.0
SV031,R,82,2,0,0,0,2,Response,990.4,1009.3,1300.55,1368.5,3241.5,3501.0,659.0,4.933333333333334,7.5,168.66666666666666,263.0,35.333333333333336
SV031,R,83,2,2,0,1,2,Response,2891.2333333333336,2950.8,1325.5666666666666,1433.1,2909.6666666666665,3088.0,330.6666666666667,4.45,9.3,136.75,209.0,35.5
SV031,R,84,3,0,0,0,3,Response,981.3,981.3,1321.4,1321.4,3178.0,3178.0,1446.0,7.2,7.2,201.0,238.0,49.0
SV031,R,85,2,0,0,0,2,Response,1008.2,1008.2,1272.5,1272.5,3253.0,3253.0,882.0,6.8,7.5,207.5,247.0,46.0
SV031,R,86,3,0,0,1,2,Response,2893.15,2953.9,1287.05,1298.3,2956.0,3158.0,540.0,5.033333333333333,7.6,152.0,200.0,36.666666666666664
SV031,R,87,2,0,0,1,2,Response,2635.6777777777775,2982.6,1297.6999999999998,1545.4,2586.1111111111113,2931.0,504.44444444444446,3.7,9.3,217.0,573.0,81.2
SV031,R,88,2,0,1,0,3,Response,897.5799999999999,1095.0,1395.1399999999999,1424.8,3256.6,3391.0,588.4,3.6,7.6,256.6666666666667,859.0,50.0
SV031,R,89,3,0,1,0,3,Response,894.3,894.3,1390.0,1390.0,3302.0,3302.0,1516.0,7.8,7.8,188.0,188.0,54.0
SV031,R,90,3,2,1,1,2,Response,2791.433333333333,2862.0,1426.9666666666665,1463.9,2794.3333333333335,3204.0,344.0,4.375,7.5,830.5,1202.0,187.5
SV031,R,91,2,3,1,0,3,Response,834.54,992.6,1364.4,1469.9,3129.4,3610.0,349.2,2.1999999999999997,6.5,213.0,826.0,54.666666666666664
SV031,R,92,3,0,0,1,2,Response,2892.375,2958.0,1421.475,1506.1,2872.75,3283.0,438.5,4.24,9.1,261.4,742.0,65.2
SV031,R,93,3,0,1,0,2,Response,1005.4,1005.4,1306.4,1306.4,3572.0,3572.0,622.0,5.449999999999999,6.3,544.5,928.0,113.0
SV031,R,94,3,3,0,1,3,Response,2760.1363636363635,2988.5,1310.709090909091,1604.2,2812.181818181818,3185.0,518.7272727272727,3.4416666666666664,8.4,159.41666666666666,516.0,43.5
SV031,R,95,3,0,1,0,3,Response,1214.3999999999999,1935.2,1343.2272727272727,1450.3,3182.818181818182,3625.0,873.0909090909091,3.190909090909091,7.5,198.0909090909091,892.0,39.09090909090909
SV031,R,96,2,2,1,0,2,Response,882.6333333333333,1002.6,1289.9666666666665,1318.2,3173.0,3453.0,447.3333333333333,4.075,8.4,142.0,281.0,30.0
SV031,R,97,2,3,0,1,3,Response,2692.7,2966.3,1315.225,1568.1,2783.0,3321.0,441.5,4.4399999999999995,10.1,138.2,224.0,32.8
SV031,R,98,3,3,0,1,3,Response,2934.3,2934.3,1315.7,1315.7,2908.0,2908.0,1264.0,7.65,7.9,197.0,205.0,51.0
SV031,R,99,2,0,1,1,2,Response,2881.8333333333335,2945.1,1443.9333333333334,1503.1,2801.6666666666665,3228.0,413.3333333333333,5.15,8.6,295.0,724.0,74.0
SV031,R,100,3,2,1,1,2,Response,2726.38,2879.6,1393.6799999999998,1464.1,3377.0,3552.0,409.6,3.6,7.2,282.8333333333333,1034.0,207.0
SV031,R,101,3,0,1,1,2,Response,2692.75,2709.9,1390.6,1392.8,3156.5,3360.0,393.0,4.566666666666666,6.5,455.6666666666667,975.0,86.66666666666667
SV031,R,102,3,2,0,1,2,Response,2687.55,2982.4,1249.725,1312.3,3004.25,3275.0,321.5,6.42,8.6,320.4,800.0,84.4
SV031,R,103,3,2,0,0,2,Response,1000.2,1000.2,1216.8,1216.8,3388.0,3388.0,1278.0,6.7,6.9,208.5,256.0,45.0
SV031,R,104,3,0,0,1,2,Response,2428.35,2916.6,1195.3,1284.0,3174.0,3341.0,497.0,6.3999999999999995,7.9,192.0,225.0,42.666666666666664
SV031,R,105,2,2,1,1,2,Response,2749.9,2803.5,1375.5666666666666,1432.3,3255.6666666666665,3407.0,402.6666666666667,2.425,5.8,106.5,190.0,24.0
SV031,R,106,3,2,0,0,2,Response,1340.94,1900.0,1197.5,1387.9,3146.2,3627.0,941.2,3.675,6.9,338.25,888.0,66.0
SV031,R,107,3,0,0,0,3,Response,1017.95,1018.1,1239.05,1278.1,3235.5,3354.0,1203.0,4.666666666666667,7.0,165.33333333333334,229.0,32.666666666666664
SV031,R,108,3,2,1,1,2,Response,2785.3500000000004,2934.8,1362.25,1414.5,2879.5,3188.0,738.0,4.233333333333333,7.4,147.0,196.0,33.333333333333336
SV031,R,109,3,0,0,0,3,Response,1549.7666666666667,1940.6,1084.1000000000001,1186.1,2964.6666666666665,3377.0,782.6666666666666,4.3999999999999995,6.5,164.0,197.0,34.666666666666664
SV031,R,110,3,2,1,0,2,Response,897.85,952.6,1320.0,1353.7,3358.0,3590.0,704.0,5.3999999999999995,8.6,169.0,258.0,35.333333333333336
SV031,R,111,2,2,0,1,2,Response,2930.2,2933.2,1268.85,1331.7,2790.5,2900.0,583.0,3.9,7.0,122.5,184.0,32.0
SV031,R,112,3,2,0,0,2,Response,989.1,989.1,1229.8,1229.8,3309.0,3309.0,1344.0,6.05,6.3,186.5,232.0,46.0
SV031,R,113,2,3,0,0,3,Response,1012.0999999999999,1029.6,1285.5,1288.7,3360.5,3563.0,912.0,5.433333333333333,7.1,405.3333333333333,803.0,94.66666666666667
SV031,R,114,2,2,0,1,2,Response,2649.35,2966.6,1358.125,1546.3,3174.25,3423.0,416.0,4.0600000000000005,7.1,149.2,206.0,32.8
SV031,R,115,3,3,1,0,3,Response,1332.0166666666667,1913.8,1226.3,1661.2,3058.1666666666665,3481.0,463.3333333333333,3.56,6.7,134.4,238.0,33.2
SV031,R,116,2,3,0,0,3,Response,1429.564285714286,2822.5,1258.7642857142857,1511.7,2750.0,3390.0,271.2857142857143,5.046666666666667,13.2,222.2,560.0,49.46666666666667
SV031,R,117,3,3,0,1,3,Response,2430.4,2946.3,1132.5285714285715,1384.7,3245.1428571428573,3554.0,322.57142857142856,4.3428571428571425,7.8,284.0,911.0,60.285714285714285
SV031,R,118,2,2,0,0,2,Response,1782.2166666666665,2504.2,1296.55,1436.1,3276.6666666666665,3556.0,378.6666666666667,4.766666666666667,8.2,161.83333333333334,252.0,34.333333333333336
SV031,R,119,3,3,0,0,3,Response,1871.2142857142858,3270.0,1226.1214285714286,1504.8,2981.3571428571427,3391.0,319.2857142857143,5.76,11.6,231.86666666666667,752.0,194.53333333333333
SV031,R,120,2,2,1,0,2,Response,1559.1,2188.6,1995.9375,3270.0,3230.125,3720.0,287.0,4.5,8.8,127.66666666666667,276.0,133.55555555555554
SV031,R,121,2,2,1,1,2,Response,2767.0333333333333,2824.7,1402.8666666666668,1457.1,3204.3333333333335,3411.0,422.6666666666667,4.375,7.2,341.0,873.0,70.5
SV031,R,122,3,0,1,0,2,Response,1553.1,2293.6,1208.7250000000001,1373.7,3205.5,3645.0,458.0,4.075,8.8,116.75,260.0,302.5
SV031,R,123,3,3,0,1,3,Response,2816.6,2946.7,1295.6,1305.5,3020.5,3294.0,650.0,4.7,7.6,147.33333333333334,197.0,36.666666666666664
SV031,R,124,2,0,0,1,3,Response,2684.4500000000003,2984.9,1371.35,1513.8,2875.0,3285.0,538.0,4.6,8.7,142.75,213.0,34.0
SV031,R,125,3,2,0,1,2,Response,2562.442857142857,2966.0,1237.5857142857144,1455.4,3019.1428571428573,3438.0,618.5714285714286,3.2555555555555555,8.5,196.66666666666666,774.0,42.0
SV031,R,126,2,2,0,1,2,Response,2849.6,2937.7,1473.35,1490.0,3106.0,3403.0,624.0,5.2,8.3,157.66666666666666,202.0,38.0
SV031,R,127,2,3,1,0,3,Response,1257.76,1935.0,1280.36,1390.3,3103.2,3392.0,409.2,3.5,8.7,148.4,282.0,27.6
SV031,R,128,3,3,0,0,3,Response,948.2249999999999,1064.1,1319.625,1407.8,3195.0,3496.0,445.0,3.18,6.8,127.4,226.0,27.2
SV031,R,129,3,2,1,0,2,Response,857.3,857.3,1368.1,1368.1,2819.0,2819.0,1334.0,7.699999999999999,8.1,223.0,247.0,49.0
SV031,R,130,3,3,1,0,3,Response,957.45,1049.2,1307.65,1329.6,2608.0,2706.0,268.0,4.933333333333334,7.5,170.66666666666666,242.0,34.0
SV031,R,131,3,3,1,1,3,Response,2779.7,2826.0,1404.5,1412.5,2607.5,2882.0,443.0,4.075,6.9,237.25,444.0,62.5
SV031,R,132,2,2,0,0,2,Response,1529.0333333333335,1953.3,1188.9666666666667,1279.4,3220.3333333333335,3425.0,312.6666666666667,4.7,6.7,434.2,932.0,167.2
SV031,R,133,2,3,0,0,3,Response,999.0,999.0,1247.9,1247.9,3165.0,3165.0,2100.0,6.85,7.5,171.5,190.0,54.0
SV031,R,134,3,3,1,0,3,Response,976.5999999999999,1093.8,1338.7,1363.2,2695.0,2730.0,590.0,5.133333333333334,8.4,163.66666666666666,261.0,38.0
SV031,R,135,2,3,0,0,3,Response,1100.5,1355.2,1137.4333333333332,1182.1,2682.6666666666665,3129.0,378.0,3.125,6.6,127.5,219.0,26.5
SV031,R,136,2,2,1,1,2,Response,2537.557142857143,3005.7,1320.5142857142857,1493.3,2748.5714285714284,3087.0,500.85714285714283,4.1625,9.2,187.125,448.0,62.5
SV031,R,137,3,0,1,0,3,Response,990.275,1193.4,1351.1,1404.3,2931.0,3159.0,426.5,3.1,6.4,139.2,249.0,24.8
SV031,R,138,2,0,1,0,3,Response,963.05,1048.2,1336.45,1345.5,2990.0,3300.0,378.0,2.8000000000000003,6.0,128.33333333333334,206.0,24.666666666666668
SV031,R,139,2,3,1,0,3,Response,912.5,912.5,1362.0,1362.0,3077.0,3077.0,1496.0,5.6,7.0,439.5,702.0,153.0
SV031,R,140,3,0,1,1,2,Response,2660.25,2669.6,1380.15,1422.5,3144.0,3342.0,848.0,3.9,5.8,144.33333333333334,189.0,32.0
SV031,R,141,3,0,1,0,2,Response,1006.175,1112.4,1391.15,1397.0,3343.25,3536.0,735.5,3.34,7.9,124.4,214.0,26.4
SV031,R,142,2,3,1,0,3,Response,1020.6666666666666,1058.8,1372.0,1387.8,3557.3333333333335,3698.0,571.3333333333334,4.0,7.9,361.25,899.0,68.5
SV031,R,143,2,0,0,0,2,Response,1280.7,1888.2,1224.1666666666667,1293.9,3600.6666666666665,3765.0,316.6666666666667,3.0,7.2,103.0,165.0,28.666666666666668
SV031,R,144,3,0,0,1,2,Response,2946.8,2946.8,1390.5,1390.5,2591.0,2591.0,1326.0,7.75,8.3,197.0,213.0,52.0
SV031,R,145,3,3,1,1,3,Response,2640.56,2862.7,1399.0,1464.6,2973.6,3297.0,404.4,2.8666666666666667,5.7,207.83333333333334,673.0,59.666666666666664
SV031,R,146,2,2,1,0,2,Response,927.5,960.0,1341.45,1398.4,3412.5,3612.0,1034.0,5.2,8.4,150.33333333333334,247.0,38.0
SV031,R,147,2,2,0,1,1,Response,2837.7333333333336,2912.9,1364.5666666666666,1503.5,3053.3333333333335,3246.0,454.0,4.35,7.0,164.5,194.0,33.0
SV031,R,148,3,3,1,0,3,Response,839.9666666666667,919.5,1295.0333333333335,1390.4,3527.0,3806.0,558.6666666666666,2.0,2.9,326.0,966.0,73.5
SV031,R,149,3,3,0,0,3,Response,988.9,1016.4,1302.35,1349.8,3232.5,3511.0,763.0,4.666666666666667,7.0,143.66666666666666,217.0,36.0
SV031,R,150,2,0,0,0,2,Response,1441.4499999999998,1937.1,1232.575,1346.5,3147.5,3277.0,798.5,5.0,7.2,165.0,208.0,37.2
SV031,R,151,3,2,0,0,2,Response,970.6,1009.0,1370.1999999999998,1440.6,3114.0,3467.0,556.0,5.333333333333333,7.9,177.66666666666666,229.0,35.333333333333336
SV031,R,152,2,0,1,0,3,Response,968.7,1033.4,1353.1,1393.7,3109.5,3265.0,764.0,4.6000000000000005,6.4,133.0,165.0,42.666666666666664
SV031,R,153,3,0,1,1,2,Response,2968.55,3078.1,1459.75,1511.3,2767.5,2877.0,767.0,5.966666666666666,10.5,144.0,189.0,46.666666666666664
SV031,R,154,3,2,1,0,2,Response,905.65,1009.4,1365.4,1380.0,3267.5,3328.0,971.0,3.533333333333333,8.2,111.33333333333333,165.0,34.0
SV031,R,155,3,2,1,0,2,Response,964.2750000000001,1081.9,1381.35,1434.5,3159.75,3628.0,422.5,1.94,5.8,228.0,741.0,68.0
SV031,R,156,2,2,1,1,2,Response,2636.25,2830.3,1338.2,1435.9,2898.5,3237.0,641.0,3.9333333333333336,7.3,132.66666666666666,176.0,34.0
SV031,R,157,3,3,1,0,3,Response,1126.4,1807.7,1369.3600000000001,1556.5,3058.8,3389.0,256.0,5.883333333333333,8.8,385.1666666666667,831.0,286.6666666666667
SV031,R,158,2,3,0,1,3,Response,2949.6666666666665,2967.0,1260.9666666666667,1337.8,2699.3333333333335,2863.0,681.3333333333334,5.0249999999999995,8.2,245.0,461.0,79.0
SV031,R,159,3,2,0,1,2,Response,2598.5833333333335,2993.8,1277.1166666666666,1558.2,2864.3333333333335,3054.0,623.6666666666666,5.042857142857143,7.8,157.42857142857142,203.0,37.714285714285715
SV031,R,160,3,3,0,1,3,Response,2788.7799999999997,2975.4,1451.56,1698.4,3263.2,3446.0,702.4,3.783333333333333,7.9,304.1666666666667,1014.0,211.33333333333334
SV031,R,161,2,3,0,0,3,Response,1054.6,1183.2,1456.175,1486.7,3638.5,3788.0,505.0,2.82,7.8,306.6,1031.0,173.2
SV031,R,162,2,2,0,1,2,Response,2956.0,2956.0,1432.4,1432.4,2821.0,2821.0,1080.0,8.2,8.6,218.0,238.0,52.0
SV031,R,163,2,2,1,1,2,Response,2729.0,2828.3,1419.55,1440.0,3117.0,3316.0,623.0,3.6,6.5,130.66666666666666,188.0,30.666666666666668
SV031,R,164,2,3,1,1,3,Response,2357.9,2629.8,1255.65,1367.2,3321.5,3533.0,813.0,3.4,5.3,137.33333333333334,176.0,29.333333333333332
SV031,R,165,2,0,1,1,3,Response,2562.25,2648.1,1360.15,1414.5,3140.0,3425.0,416.0,2.766666666666667,4.9,112.66666666666667,130.0,29.333333333333332
SV031,R,166,2,0,0,1,2,Response,2887.75,2911.0,1307.7,1372.5,2759.5,2946.0,460.0,4.433333333333334,6.9,327.0,597.0,108.66666666666667
SV031,R,167,3,2,1,0,2,Response,925.3,992.6,1222.4499999999998,1270.3,3377.5,3617.0,741.0,4.533333333333333,7.1,139.66666666666666,218.0,35.333333333333336
SV031,R,168,2,0,0,0,2,Response,1483.8999999999999,2081.1,1196.5714285714287,1372.1,2880.5714285714284,3048.0,666.2857142857143,3.2624999999999997,8.2,124.375,226.0,28.0
SV031,R,169,2,0,0,1,2,Response,2903.1,2903.1,1296.3,1296.3,2607.0,2607.0,668.0,7.7,7.7,200.5,205.0,53.0
SV031,R,170,2,0,1,0,2,Response,995.1,1114.7,1350.7,1357.7,3224.5,3312.0,750.0,3.9,6.1,153.5,190.0,32.0
SV031,R,171,2,0,0,1,2,Response,2836.8333333333335,2960.0,1211.3999999999999,1284.6,2970.0,3311.0,334.6666666666667,4.025,8.9,121.25,175.0,35.0
SV031,R,172,2,0,0,1,2,Response,2522.06,2970.6,1191.7400000000002,1425.4,2378.2,2658.0,538.0,2.6833333333333336,7.9,103.0,189.0,25.666666666666668
SV031,R,173,3,3,0,0,3,Response,971.575,1069.6,1209.25,1279.5,3224.25,3381.0,995.0,3.6399999999999997,7.1,129.0,189.0,32.4
SV031,R,174,3,0,0,1,2,Response,2600.566666666667,2964.3,1319.1333333333334,1500.6,2900.3333333333335,3256.0,593.3333333333334,5.45,8.8,159.25,242.0,41.5
SV031,R,175,2,3,1,1,3,Response,2691.0,2779.2,1336.3333333333333,1400.2,3247.6666666666665,3402.0,448.6666666666667,2.0,4.2,101.25,149.0,22.0
SV031,R,176,3,3,1,0,3,Response,1040.925,1146.8,1350.575,1384.2,3381.0,3615.0,423.5,3.0,7.0,129.4,260.0,25.6
SV031,R,177,2,2,0,0,2,Response,1375.44,2024.1,1191.76,1292.6,2959.2,3288.0,602.0,5.233333333333333,7.9,235.33333333333334,536.0,67.66666666666667
SV031,R,178,2,0,1,0,2,Response,932.1,1091.0,1329.6333333333332,1382.6,3408.3333333333335,3615.0,655.3333333333334,4.175,9.4,152.0,282.0,30.5
SV031,R,179,2,0,1,0,2,Response,879.0,879.0,1227.9,1227.9,3405.0,3405.0,1354.0,7.550000000000001,7.7,206.0,226.0,52.0
SV031,R,180,2,2,0,1,2,Response,2808.5,2920.4,1298.5,1316.0,3192.5,3489.0,625.0,4.8,7.6,136.66666666666666,170.0,40.666666666666664
SV031,R,181,2,3,1,0,3,Response,1254.1399999999999,1790.2,1360.92,1584.3,2999.6,3443.0,398.8,6.05,11.1,249.83333333333334,652.0,67.0
SV031,R,182,2,2,1,1,2,Response,2772.45,2838.8,1393.35,1427.7,3078.5,3345.0,515.0,5.0,8.1,164.0,219.0,36.0
SV031,R,183,2,0,0,1,2,Response,2851.95,2943.7,1309.4,1339.1,3166.5,3441.0,526.0,3.7,6.3,130.5,174.0,31.0
SV031,R,184,3,0,1,1,2,Response,2818.3,2988.4,1383.3,1435.0,2937.0,3226.0,364.0,5.1000000000000005,8.0,173.0,212.0,37.333333333333336
SV031,R,185,3,3,1,0,3,Response,1095.2,1128.5,1245.2333333333333,1315.8,3566.0,3629.0,304.6666666666667,0.675,0.8,59.25,67.0,13.5
SV031,R,186,2,0,0,0,2,Response,919.7,919.7,1161.4,1161.4,3316.0,3316.0,1014.0,7.15,7.7,202.5,239.0,49.0
SV031,R,187,3,3,1,0,3,Response,1338.025,1802.5,1218.95,1310.2,2876.75,3507.0,647.0,3.62,6.9,126.0,160.0,32.8
SV031,R,188,3,2,0,1,2,Response,2540.2999999999997,2973.4,1196.5333333333333,1274.6,2674.3333333333335,2993.0,336.6666666666667,3.775,8.5,122.75,190.0,32.0
SV031,R,189,2,0,1,1,2,Response,,,,,,,,5.5,5.5,169.0,169.0,44.0
SV031,R,190,2,3,0,0,3,Response,1465.8000000000002,1944.9,1210.3,1330.5,3339.5,3489.0,701.0,7.35,7.7,202.0,243.0,49.0
SV031,R,191,3,2,1,0,2,Response,774.6,774.6,1317.2,1317.2,3274.0,3274.0,1274.0,8.65,9.5,198.5,232.0,58.0
SV031,R,192,2,2,0,1,2,Response,2751.866666666667,2928.0,1250.1666666666667,1277.8,3085.0,3284.0,448.6666666666667,3.55,7.8,124.5,175.0,30.5
SV031,R,193,3,0,1,1,2,Response,2519.05,3002.2,1265.275,1425.2,2854.5,3280.0,482.5,3.0,5.9,125.88888888888889,196.0,27.555555555555557
SV031,R,194,2,3,1,1,3,Response,2647.2000000000003,2924.7,1294.0,1376.3,2852.0,3287.0,398.6666666666667,2.9000000000000004,5.9,120.5,160.0,28.5
SV031,R,195,3,2,1,0,2,Response,890.05,960.6,1302.55,1305.6,2886.0,2943.0,597.0,5.233333333333333,8.1,153.0,236.0,37.333333333333336
SV031,R,196,2,0,1,0,2,Response,1439.725,1978.7,1174.625,1316.2,3102.0,3491.0,364.0,5.12,9.5,179.2,263.0,33.6
SV031,R,197,2,0,1,1,2,Response,2560.6,2935.2,1271.0,1384.2,2641.6666666666665,2917.0,474.6666666666667,2.875,5.2,113.75,157.0,27.0
SV031,R,198,3,2,1,1,2,Response,2578.4,2889.7,1314.625,1406.0,2878.5,3119.0,383.0,2.45,5.3,221.75,548.0,179.0
SV031,R,199,3,0,1,0,2,Response,970.25,1003.2,1284.0,1295.6,3335.5,3721.0,411.0,4.766666666666667,7.2,503.6666666666667,1120.0,140.0
SV031,R,200,3,2,0,1,2,Response,2782.75,3006.6,1409.0166666666667,1716.0,3186.5,3317.0,393.0,6.314285714285715,9.3,232.14285714285714,481.0,136.28571428571428
SV031,R,201,2,3,0,1,3,Response,,,,,,,,7.7,7.7,232.0,232.0,48.0
SV031,R,202,2,2,0,0,2,Response,966.3,966.3,1305.6,1305.6,3472.0,3472.0,1238.0,5.7,5.7,148.0,148.0,50.0
SV031,R,203,2,0,1,0,2,Response,860.9,918.4,1376.75,1415.9,3408.5,3626.0,718.0,5.966666666666666,8.5,492.0,1020.0,85.33333333333333
SV031,R,204,2,2,1,0,2,Response,962.55,1035.1,1250.0500000000002,1303.9,3562.0,3767.0,744.0,4.6000000000000005,7.3,158.33333333333334,259.0,33.333333333333336
SV031,R,205,3,2,0,0,2,Response,985.5,985.5,1216.1,1216.1,3464.0,3464.0,1076.0,6.1,6.1,164.0,164.0,46.0
SV031,R,206,2,2,1,1,2,Response,2659.4,2659.4,1355.7,1355.7,3216.0,3216.0,1474.0,1.4,1.5,90.5,93.0,19.0
SV031,R,207,3,3,1,1,3,Response,,,,,,,,6.7,6.7,166.0,166.0,52.0
SV031,R,208,3,3,1,1,3,Response,2671.2666666666664,2844.1,1385.9666666666665,1457.9,3134.3333333333335,3453.0,443.3333333333333,3.225,7.9,120.25,185.0,29.0
SV031,R,209,3,2,1,1,2,Response,2416.35,2794.5,1315.15,1478.6,3215.0,3391.0,794.0,7.1,7.2,191.0,210.0,50.0
SV031,R,210,3,3,1,0,3,Response,864.575,1007.5,1348.85,1406.7,3304.25,3665.0,636.5,1.34,2.5,232.6,836.0,58.0
SV031,R,211,2,2,1,0,2,Response,1017.1,1106.4,1362.5,1371.2,3138.0,3292.0,678.0,4.7,6.7,152.33333333333334,196.0,40.0
SV031,R,212,3,2,0,1,2,Response,2910.58,2979.2,1356.84,1579.1,3068.2,3324.0,477.2,3.3833333333333333,6.5,241.0,800.0,55.333333333333336
SV031,R,213,3,3,0,1,3,Response,2943.5,2949.8,1316.4333333333334,1420.6,2651.6666666666665,2851.0,456.0,4.75,7.5,287.75,671.0,95.0
SV031,R,214,3,3,0,0,3,Response,1307.9666666666667,1916.4,1232.5666666666666,1377.3,3265.6666666666665,3501.0,560.0,4.533333333333333,7.6,153.66666666666666,236.0,36.666666666666664
SV031,R,215,2,2,1,1,2,Response,2743.125,2933.0,1357.625,1428.5,2987.25,3331.0,359.0,2.5,6.9,104.8,178.0,24.0
SV031,R,216,3,3,1,1,3,Response,2253.4666666666667,2769.5,1223.4333333333334,1380.2,3004.6666666666665,3287.0,518.6666666666666,3.2249999999999996,6.6,115.75,171.0,29.5
SV031,R,217,2,3,0,0,3,Response,1439.35,1900.5,1178.35,1220.3,3297.0,3454.0,962.0,4.733333333333333,6.7,161.33333333333334,237.0,36.666666666666664
SV031,R,218,2,0,1,1,3,Response,2834.4,3023.6,1417.5333333333335,1467.9,2666.3333333333335,3190.0,398.0,5.5,8.5,232.4,534.0,76.0
SV031,R,219,2,3,1,1,3,Response,2333.222222222222,2675.3,1232.0888888888887,1326.3,2776.8888888888887,3057.0,408.44444444444446,2.46,4.2,170.4,677.0,53.6
SV031,R,220,2,0,1,0,3,Response,2411.6833333333334,3270.0,2222.5499999999997,3270.0,2293.8333333333335,3650.0,264.5,6.8,20.8,342.3333333333333,2981.0,260.4
SV031,R,221,3,3,0,0,3,Response,1027.6,1027.6,1263.8,1263.8,3489.0,3489.0,1240.0,6.949999999999999,7.8,199.0,225.0,47.0
SV031,R,222,2,3,1,0,3,Response,1202.9428571428573,1944.6,1250.7857142857142,1353.3,3534.5714285714284,3785.0,550.5714285714286,1.7777777777777777,3.6,100.44444444444444,127.0,21.11111111111111
SV031,R,223,3,2,1,0,2,Response,1046.025,1106.9,1361.975,1383.0,3400.75,3769.0,302.0,3.8714285714285714,6.4,159.85714285714286,237.0,28.571428571428573
SV031,R,224,2,3,1,1,3,Response,2617.72,2800.7,1350.6,1424.2,3287.4,3480.0,515.6,1.7833333333333332,3.2,98.16666666666667,139.0,20.666666666666668
SV031,R,225,2,2,0,0,2,Response,1104.5428571428572,1861.4,1252.4571428571428,1385.1,3498.8571428571427,3681.0,561.4285714285714,3.411111111111111,7.3,120.0,228.0,28.666666666666668
SV031,R,226,3,2,1,0,2,Response,878.6666666666666,931.0,1315.5333333333333,1383.6,3350.0,3613.0,396.0,3.6500000000000004,7.5,126.5,212.0,30.0
SV031,R,227,3,2,0,1,2,Response,2348.2000000000003,2890.6,1300.8333333333333,1341.5,2778.0,3096.0,640.6666666666666,6.333333333333333,7.5,191.0,199.0,43.0
SV031,R,228,3,0,0,1,3,Response,2844.8333333333335,2917.7,1263.9666666666667,1372.5,2936.0,3018.0,543.3333333333334,4.4799999999999995,7.0,133.2,172.0,37.2
SV031,R,229,2,3,0,1,3,Response,,,,,,,,7.4,7.4,220.0,220.0,46.0
SV031,R,230,3,3,0,1,3,Response,2583.1666666666665,2885.2,1296.1666666666667,1382.4,3059.0,3553.0,1290.6666666666667,4.1,7.2,120.75,180.0,37.0
SV031,R,231,2,0,1,1,2,Response,2795.2000000000003,2968.2,1404.3,1452.2,3042.6666666666665,3458.0,379.3333333333333,4.355555555555556,8.0,134.22222222222223,182.0,37.111111111111114
SV031,R,232,2,3,1,1,3,Response,2531.05,2724.3,1312.5,1392.2,3242.5,3314.0,731.0,3.3,5.8,131.0,159.0,31.5
SV031,R,233,2,3,1,0,3,Response,1067.1666666666667,1179.0,1351.0666666666666,1403.0,3346.3333333333335,3663.0,488.6666666666667,4.15,6.8,368.75,956.0,65.0
SV031,R,234,2,2,1,1,2,Response,2449.8599999999997,2858.3,1290.8200000000002,1435.5,3098.4,3255.0,544.4,7.0,7.9,194.85714285714286,225.0,49.42857142857143
SV031,R,235,2,3,0,1,3,Response,2867.7,2950.1,1411.6,1423.5,2849.5,3047.0,971.0,3.766666666666667,6.9,130.66666666666666,181.0,33.333333333333336
SV031,R,236,3,2,1,1,2,Response,2731.525,2889.5,1394.7,1506.3,3056.5,3332.0,350.5,3.8600000000000003,7.5,191.2,409.0,72.0
SV031,R,237,2,0,1,1,2,Response,2793.1,2856.0,1380.5,1391.8,2744.0,2945.0,472.0,5.066666666666666,7.7,154.33333333333334,204.0,38.666666666666664
SV031,R,238,2,3,1,1,3,Response,2736.875,2894.8,1524.025,2001.1,2037.5,2463.0,263.5,3.716666666666667,6.5,169.16666666666666,435.0,67.66666666666667
SV031,R,239,3,0,0,0,3,Response,961.2,961.2,1270.6,1270.6,2650.0,2650.0,1448.0,6.4,6.4,188.0,188.0,46.0
SV031,R,240,2,0,0,0,2,Response,1646.22,2568.7,1093.6100000000001,1456.4,2469.5,2832.0,310.6,6.358333333333333,11.3,244.66666666666666,490.0,83.0
SV031,R,241,3,2,0,0,2,Response,2032.9857142857143,2196.1,1159.8857142857144,1321.9,3458.1428571428573,3644.0,292.0,1.725,3.5,114.0,180.0,17.75
SV031,R,242,3,0,1,0,0,Response,1908.2,1928.5,994.1999999999999,1053.6,3134.0,3142.0,336.0,1.0,1.4,74.66666666666667,92.0,16.0
SV031,R,243,2,3,0,0,3,Response,2006.65,2046.9,1009.85,1084.3,3323.0,3455.0,622.0,1.1666666666666667,1.5,82.33333333333333,107.0,17.333333333333332
SV031,R,244,3,3,0,1,3,Response,2001.5749999999998,2104.7,1204.0,1889.8,3193.0,3464.0,132.5,4.26,10.2,274.6,857.0,42.4
SV031,R,245,2,3,0,1,3,Response,2000.5,2000.5,1043.3,1043.3,3224.0,3224.0,204.0,1.0,1.2,78.0,80.0,17.0
SV031,R,246,2,0,1,1,0,Response,,,,,,,,,,,,
SV031,R,247,2,2,0,1,2,Response,,,,,,,,,,,,
SV031,R,248,3,0,1,1,3,Response,,,,,,,,,,,,
SV031,R,249,3,3,0,1,3,Response,,,,,,,,0.8,0.8,1050.0,1050.0,256.0
SV031,R,250,3,0,0,0,3,Response,,,,,,,,0.9,0.9,323.0,323.0,256.0
SV031,R,251,2,3,1,1,2,Response,,,,,,,,,,,,
SV031,R,252,2,3,1,0,3,Response,,,,,,,,,,,,
SV031,R,253,2,0,0,0,0,Response,,,,,,,,,,,,
SV031,R,254,2,0,1,0,0,Response,,,,,,,,,,,,
SV031,R,255,2,0,1,0,0,Response,,,,,,,,,,,,
SV031,R,256,3,2,1,0,2,Response,,,,,,,,1.2,1.2,428.0,428.0,268.0
SV031,R,257,3,0,0,1,0,Response,,,,,,,,1.4,1.4,526.0,526.0,216.0
SV031,R,258,2,0,1,0,0,Response,,,,,,,,,,,,
SV031,R,259,2,0,1,0,0,Response,,,,,,,,,,,,
SV031,R,260,2,0,1,1,0,Response,1764.3999999999999,1895.7,1015.2333333333332,1115.5,2600.0,3128.0,739.3333333333334,0.8400000000000001,1.5,128.2,380.0,37.6
SV031,R,261,3,3,1,0,3,Response,,,,,,,,,,,,
SV031,R,262,3,0,0,0,0,Response,,,,,,,,1.2,1.2,545.0,545.0,156.0
SV031,R,263,3,3,0,1,3,Response,,,,,,,,,,,,
SV031,R,264,2,3,1,0,3,Response,,,,,,,,1.4,1.4,627.0,627.0,230.0
SV031,R,265,2,0,1,1,0,Response,,,,,,,,,,,,
SV031,R,266,3,2,0,1,2,Response,,,,,,,,4.1,4.1,473.0,473.0,268.0
SV031,R,267,2,3,0,0,3,Response,,,,,,,,,,,,
SV031,R,268,2,0,0,1,0,Response,,,,,,,,,,,,
SV031,R,269,3,3,1,1,3,Response,,,,,,,,0.8,0.8,378.0,378.0,162.0
SV031,R,270,3,0,1,1,0,Response,,,,,,,,,,,,
SV031,R,271,2,0,0,0,0,Response,,,,,,,,1.1,1.1,574.0,574.0,260.0
SV031,R,272,2,2,1,0,2,Response,,,,,,,,,,,,
SV031,R,273,2,2,1,1,2,Response,,,,,,,,0.8,0.8,562.0,562.0,248.0
SV031,R,274,2,0,1,0,0,Response,,,,,,,,,,,,
SV031,R,275,3,2,0,0,2,Response,,,,,,,,1.6,1.6,826.0,826.0,288.0
SV031,R,276,3,2,1,0,2,Response,,,,,,,,,,,,
SV031,R,277,3,3,1,1,3,Response,,,,,,,,1.2,1.2,681.0,681.0,250.0
SV031,R,278,3,3,0,1,3,Response,,,,,,,,,,,,
SV031,R,279,2,2,0,0,0,Response,,,,,,,,,,,,
SV031,R,280,2,2,0,1,2,Response,1977.725,2235.5,1151.8,1402.8,2633.0,3066.0,355.5,2.7199999999999998,3.9,276.0,636.0,635.6
SV031,R,281,2,3,0,0,3,Response,,,,,,,,,,,,
SV031,R,282,2,3,1,0,3,Response,,,,,,,,,,,,
SV031,R,283,3,2,0,0,2,Response,,,,,,,,,,,,
SV031,R,284,2,3,0,0,3,Response,2112.8,2159.7,1364.0,1467.8,2266.5,2376.0,58.0,1.866666666666667,3.7,108.0,149.0,20.666666666666668
SV031,R,285,3,0,0,1,0,Response,,,,,,,,,,,,
SV031,R,286,2,3,0,1,3,Response,,,,,,,,,,,,
SV031,R,287,3,2,0,0,2,Response,,,,,,,,0.2,0.2,378.0,378.0,260.0
SV031,R,288,3,2,1,1,2,Response,,,,,,,,,,,,
SV031,R,289,3,0,1,1,0,Response,,,,,,,,,,,,
SV031,R,290,3,2,0,0,2,Response,,,,,,,,,,,,
SV031,R,291,2,0,0,1,0,Response,,,,,,,,2.4,2.4,536.0,536.0,230.0
SV031,R,292,2,2,0,0,2,Response,,,,,,,,,,,,
SV031,R,293,3,0,1,0,0,Response,,,,,,,,,,,,
SV031,R,294,3,3,1,1,3,Response,1903.7,1903.7,1130.4,1130.4,2805.0,2805.0,2038.0,2.1,2.1,750.0,750.0,304.0
SV031,R,295,2,2,1,1,2,Response,,,,,,,,,,,,
SV031,R,296,2,3,1,1,3,Response,,,,,,,,,,,,
SV031,R,297,2,0,0,1,0,Response,,,,,,,,,,,,
SV031,R,298,3,3,1,0,3,Response,,,,,,,,,,,,
SV031,R,299,3,0,0,0,0,Response,,,,,,,,1.8,1.8,443.0,443.0,330.0
SV031,R,300,3,3,1,1,3,Response,1936.1999999999998,2085.7,1009.1,1038.7,2918.5,3010.0,317.0,3.033333333333333,6.3,123.66666666666667,183.0,26.666666666666668
SV031,R,301,3,3,1,0,3,Response,,,,,,,,,,,,
SV031,R,302,3,0,0,1,0,Response,,,,,,,,,,,,
SV031,R,303,2,2,1,1,2,Response,,,,,,,,,,,,
SV031,R,304,2,2,1,1,2,Response,,,,,,,,,,,,
SV031,R,305,3,3,1,1,3,Response,,,,,,,,,,,,
SV031,R,306,3,0,1,0,0,Response,,,,,,,,,,,,
SV031,R,307,3,3,0,0,3,Response,,,,,,,,,,,,
SV031,R,308,2,3,0,0,3,Response,,,,,,,,1.3,1.3,765.0,765.0,306.0
SV031,R,309,3,3,1,0,3,Response,,,,,,,,,,,,
SV031,R,310,3,3,0,0,3,Response,,,,,,,,,,,,
SV031,R,311,3,2,1,0,2,Response,,,,,,,,,,,,
SV031,R,312,3,0,1,1,0,Response,,,,,,,,,,,,
SV031,R,313,2,0,0,0,0,Response,,,,,,,,,,,,
SV031,R,314,2,3,0,0,3,Response,1962.3,1962.3,1130.4,1130.4,3388.0,3388.0,1728.0,1.2,1.6,955.3333333333334,1125.0,248.66666666666666
SV031,R,315,3,2,0,1,2,Response,,,,,,,,,,,,
SV031,R,316,3,2,0,1,2,Response,,,,,,,,,,,,
SV031,R,317,3,0,0,0,0,Response,,,,,,,,1.4,1.4,910.0,910.0,214.0
SV031,R,318,3,0,0,1,0,Response,,,,,,,,,,,,
SV031,R,319,2,2,0,1,2,Response,,,,,,,,,,,,
SV031,R,320,2,3,1,1,3,Response,,,,,,,,,,,,
SV031,R,321,2,0,0,0,0,Response,,,,,,,,,,,,
SV031,R,322,3,3,0,0,3,Response,,,,,,,,0.6,0.6,56.0,56.0,14.0
SV031,R,323,3,0,1,1,0,Response,,,,,,,,,,,,
SV031,R,324,3,0,1,0,0,Response,,,,,,,,,,,,
SV031,R,325,2,0,1,1,0,Response,,,,,,,,,,,,
SV031,R,326,3,3,1,1,3,Response,,,,,,,,,,,,
SV031,R,327,2,0,0,0,0,Response,,,,,,,,,,,,
SV031,R,328,3,3,1,1,3,Response,,,,,,,,,,,,
SV031,R,329,3,0,1,1,0,Response,,,,,,,,,,,,
SV031,R,330,3,3,1,0,3,Response,1943.0666666666666,2043.0,1149.7333333333333,1163.2,2942.3333333333335,2961.0,252.66666666666666,0.925,1.2,156.5,379.0,65.5
SV031,R,331,2,0,1,0,0,Response,,,,,,,,,,,,
SV031,R,332,2,3,1,1,3,Response,,,,,,,,,,,,
SV031,R,333,2,2,1,0,2,Response,,,,,,,,,,,,
SV031,R,334,3,2,0,1,2,Response,,,,,,,,1.3,1.3,232.0,232.0,328.0
SV031,R,335,2,0,1,0,0,Response,,,,,,,,,,,,
SV031,R,336,2,0,0,0,0,Response,,,,,,,,,,,,
SV031,R,337,2,0,0,0,0,Response,,,,,,,,,,,,
SV031,R,338,3,2,0,1,2,Response,,,,,,,,0.9,0.9,642.0,642.0,238.0
SV031,R,339,3,2,1,0,2,Response,,,,,,,,,,,,
SV031,R,340,3,0,0,0,0,Response,1995.65,2180.9,743.05,1053.2,2038.5,2150.0,184.0,4.6,5.3,269.0,366.0,112.0
SV031,R,341,3,0,0,1,0,Response,,,,,,,,1.8,1.8,997.0,997.0,230.0
SV031,R,342,3,2,0,0,2,Response,,,,,,,,,,,,
SV031,R,343,3,2,1,1,2,Response,,,,,,,,0.8,0.8,1081.0,1081.0,298.0
SV031,R,344,2,2,0,0,2,Response,1899.4,1899.4,1120.6,1120.6,3133.0,3133.0,1526.0,1.8666666666666665,2.5,875.3333333333334,1081.0,274.6666666666667
SV031,R,345,2,2,1,0,2,Response,,,,,,,,,,,,
SV031,R,346,3,0,1,0,0,Response,,,,,,,,,,,,
SV031,R,347,2,0,1,0,0,Response,2154.5,2154.5,1660.0,1660.0,2067.0,2067.0,22.0,8.55,12.9,356.0,556.0,73.0
SV031,R,348,3,3,1,0,3,Response,,,,,,,,,,,,
SV031,R,349,2,0,1,1,2,Response,,,,,,,,,,,,
SV031,R,350,3,0,1,1,2,Response,,,,,,,,0.9,0.9,597.0,597.0,220.0
SV031,R,351,3,2,0,0,2,Response,,,,,,,,,,,,
SV031,R,352,3,3,0,0,3,Response,,,,,,,,,,,,
SV031,R,353,3,2,0,1,2,Response,,,,,,,,0.3,0.3,498.0,498.0,198.0
SV031,R,354,2,3,0,1,3,Response,,,,,,,,1.8,1.8,879.0,879.0,258.0
SV031,R,355,3,3,0,0,3,Response,,,,,,,,,,,,
SV031,R,356,3,0,0,0,0,Response,,,,,,,,,,,,
SV031,R,357,2,2,0,1,2,Response,,,,,,,,,,,,
SV031,R,358,3,3,1,1,3,Response,,,,,,,,,,,,
SV031,R,359,2,0,1,1,0,Response,,,,,,,,0.9,0.9,490.0,490.0,224.0
SV031,R,360,2,3,1,1,3,Response,1996.0666666666666,2046.0,695.6,1079.6,2213.3333333333335,2929.0,160.66666666666666,1.1333333333333333,1.8,85.33333333333333,110.0,16.0
SV031,R,361,2,3,0,0,3,Response,,,,,,,,,,,,
SV031,R,362,2,0,0,1,0,Response,,,,,,,,,,,,
SV031,R,363,2,3,0,1,3,Response,,,,,,,,0.7,0.7,509.0,509.0,124.0
SV031,R,364,2,0,0,1,0,Response,,,,,,,,,,,,
SV031,R,365,2,2,0,1,2,Response,,,,,,,,,,,,
SV031,R,366,3,2,1,0,2,Response,,,,,,,,,,,,
SV031,R,367,2,3,1,0,3,Response,,,,,,,,,,,,
SV031,R,368,2,0,1,1,0,Response,,,,,,,,,,,,
SV031,R,369,2,2,1,0,2,Response,,,,,,,,,,,,
SV031,R,370,2,3,1,0,3,Response,,,,,,,,,,,,
SV031,R,371,3,2,1,0,2,Response,,,,,,,,,,,,
SV031,R,372,3,3,0,1,3,Response,,,,,,,,0.3,0.3,703.0,703.0,214.0
SV031,R,373,3,3,0,1,3,Response,,,,,,,,,,,,
SV031,R,374,2,3,0,0,3,Response,,,,,,,,,,,,
SV031,R,375,3,0,0,0,0,Response,,,,,,,,,,,,
SV031,R,376,2,3,1,1,3,Response,,,,,,,,,,,,
SV031,R,377,2,2,0,0,2,Response,,,,,,,,2.3,2.3,618.0,618.0,178.0
SV031,R,378,3,2,1,1,2,Response,,,,,,,,,,,,
SV031,R,379,3,2,0,0,2,Response,,,,,,,,,,,,
SV031,R,380,2,2,0,1,2,Response,2131.8,2131.8,982.1,982.1,2883.0,2883.0,180.0,1.8,2.1,551.5,995.0,140.0
SV031,R,381,2,2,1,1,2,Response,,,,,,,,2.1,2.1,124.0,124.0,22.0
SV031,R,382,3,2,1,1,2,Response,,,,,,,,,,,,
SV031,R,383,3,2,1,1,2,Response,,,,,,,,0.6,0.6,806.0,806.0,194.0
SV031,R,384,3,2,1,1,2,Response,,,,,,,,,,,,
SV031,R,385,3,2,0,1,2,Response,,,,,,,,,,,,
SV031,R,386,3,0,0,1,0,Response,,,,,,,,,,,,
SV031,R,387,3,2,1,0,2,Response,,,,,,,,,,,,
SV031,R,388,3,0,0,0,0,Response,,,,,,,,,,,,
SV031,R,389,2,0,0,1,0,Response,,,,,,,,,,,,
SV031,R,390,3,3,0,1,3,Response,,,,,,,,,,,,
SV031,R,391,3,2,1,1,2,Response,,,,,,,,,,,,
SV031,R,392,2,2,0,1,2,Response,,,,,,,,,,,,
SV031,R,393,2,0,1,1,0,Response,,,,,,,,,,,,
SV031,R,394,2,3,1,0,3,Response,,,,,,,,,,,,
SV031,R,395,3,0,1,0,0,Response,,,,,,,,1.5,1.5,524.0,524.0,218.0
SV031,R,396,3,2,0,1,2,Response,,,,,,,,,,,,
SV031,R,397,3,3,0,0,3,Response,,,,,,,,,,,,
SV031,R,398,3,2,1,1,2,Response,,,,,,,,1.2,1.2,806.0,806.0,228.0
SV031,R,399,2,2,1,0,2,Response,,,,,,,,,,,,
SV031,R,400,2,2,0,1,2,Response,2290.3,2290.3,322.8,322.8,1905.0,1905.0,570.0,1.1,1.1,73.0,73.0,18.0
SV031,R,401,3,0,0,1,0,Response,,,,,,,,,,,,
SV031,R,402,2,2,1,0,2,Response,,,,,,,,,,,,
SV031,R,403,2,2,1,0,2,Response,,,,,,,,0.2,0.2,571.0,571.0,186.0
SV031,R,404,2,2,0,0,2,Response,,,,,,,,,,,,
SV031,R,405,2,2,0,0,2,Response,,,,,,,,0.6,0.6,891.0,891.0,330.0
SV031,R,406,3,2,1,0,2,Response,,,,,,,,,,,,
SV031,R,407,3,0,1,1,0,Response,,,,,,,,,,,,
SV031,R,408,3,3,1,0,3,Response,,,,,,,,0.4,0.4,512.0,512.0,140.0
SV031,R,409,3,3,1,0,3,Response,,,,,,,,1.4,1.4,708.0,708.0,338.0
SV031,R,410,3,0,1,0,0,Response,,,,,,,,,,,,
SV031,R,411,2,2,1,1,2,Response,,,,,,,,1.0,1.0,846.0,846.0,246.0
SV031,R,412,2,0,1,1,0,Response,,,,,,,,,,,,
SV031,R,413,2,2,1,0,2,Response,,,,,,,,,,,,
SV031,R,414,3,3,0,0,3,Response,1939.0,1939.0,1147.2,1147.2,3066.0,3066.0,412.0,1.3333333333333333,2.6,707.3333333333334,725.0,300.6666666666667
SV031,R,415,3,0,1,0,0,Response,,,,,,,,,,,,
SV031,R,416,3,3,0,1,3,Response,,,,,,,,0.9,0.9,727.0,727.0,244.0
SV031,R,417,2,0,0,0,0,Response,,,,,,,,,,,,
SV031,R,418,2,3,0,1,3,Response,,,,,,,,2.6,2.6,685.0,685.0,304.0
SV031,R,419,3,0,0,1,0,Response,,,,,,,,,,,,
SV031,R,420,2,0,0,0,0,Response,2389.55,2436.0,599.1500000000001,816.2,1726.5,1818.0,132.0,4.15,4.8,262.5,363.0,121.0
SV031,R,421,2,0,0,1,0,Response,,,,,,,,,,,,
SV031,R,422,2,2,0,1,2,Response,,,,,,,,1.3,1.3,960.0,960.0,266.0
SV031,R,423,3,0,0,1,0,Response,,,,,,,,,,,,
SV031,R,424,2,3,1,1,3,Response,,,,,,,,,,,,
SV031,R,425,3,3,0,0,3,Response,,,,,,,,1.4,1.4,1009.0,1009.0,268.0
SV031,R,426,2,3,1,0,3,Response,,,,,,,,,,,,
SV031,R,427,3,3,1,1,3,Response,,,,,,,,,,,,
SV031,R,428,2,3,1,1,3,Response,,,,,,,,,,,,
SV031,R,429,2,2,0,0,2,Response,,,,,,,,,,,,
SV031,R,430,3,3,0,0,3,Response,,,,,,,,,,,,
SV031,R,431,2,3,0,1,3,Response,,,,,,,,,,,,
SV031,R,432,3,0,0,0,0,Response,,,,,,,,,,,,
SV031,R,433,3,3,0,0,3,Response,,,,,,,,,,,,
SV031,R,434,3,0,1,0,0,Response,,,,,,,,,,,,
SV031,R,435,2,0,0,1,0,Response,,,,,,,,,,,,
SV031,R,436,3,2,1,0,2,Response,,,,,,,,,,,,
SV031,R,437,3,2,0,0,2,Response,,,,,,,,,,,,
SV031,R,438,2,3,1,1,3,Response,,,,,,,,,,,,
SV031,R,439,2,3,1,0,3,Response,,,,,,,,1.5,1.5,576.0,576.0,194.0
SV031,R,440,2,3,1,1,3,Response,1952.6,1952.6,954.8,954.8,2798.0,2798.0,246.0,1.35,1.6,89.5,106.0,21.0
SV031,R,441,2,3,1,0,3,Response,,,,,,,,,,,,
SV031,R,442,2,0,0,1,0,Response,,,,,,,,,,,,
SV031,R,443,2,2,1,0,2,Response,,,,,,,,,,,,
SV031,R,444,3,3,0,1,3,Response,1953.0,1953.0,1012.2,1012.2,2909.0,2909.0,254.0,0.8999999999999999,1.2,69.5,82.0,15.0
SV031,R,445,2,0,1,0,0,Response,,,,,,,,,,,,
SV031,R,446,3,3,0,1,3,Response,,,,,,,,,,,,
SV031,R,447,3,0,1,1,0,Response,,,,,,,,,,,,
SV031,R,448,2,3,1,0,3,Response,,,,,,,,,,,,
SV031,R,449,2,2,1,0,2,Response,,,,,,,,,,,,
SV031,R,450,3,3,1,0,3,Response,,,,,,,,,,,,
SV031,R,451,3,0,1,1,0,Response,,,,,,,,,,,,
SV031,R,452,2,3,0,1,3,Response,,,,,,,,0.7,0.7,68.0,68.0,12.0
SV031,R,453,3,0,1,0,0,Response,,,,,,,,,,,,
SV031,R,454,3,2,0,1,2,Response,1910.95,1917.9,1059.7,1131.0,3077.0,3150.0,1065.0,0.875,1.1,70.75,80.0,15.5
SV031,R,455,3,3,1,1,3,Response,1940.5,1940.5,968.7,968.7,2873.0,2873.0,344.0,1.35,1.7,92.0,115.0,19.0
SV031,R,456,2,0,1,1,0,Response,,,,,,,,,,,,
SV031,R,457,2,2,0,1,2,Response,1926.3,1926.3,982.1,982.1,3188.0,3188.0,206.0,1.55,1.8,94.0,120.0,21.0
SV031,R,458,2,0,0,1,0,Response,,,,,,,,,,,,
SV031,R,459,2,3,0,1,3,Response,,,,,,,,,,,,
SV031,R,460,2,3,0,1,3,Response,,,,,,,,0.6,0.6,722.0,722.0,276.0
SV031,R,461,3,0,0,1,0,Response,,,,,,,,1.7,1.7,109.0,109.0,20.0
SV031,R,462,2,2,1,1,2,Response,1918.0,1918.0,989.5,989.5,2909.0,2909.0,182.0,0.8666666666666667,1.4,73.33333333333333,98.0,14.0
SV031,R,463,3,0,0,0,0,Response,,,,,,,,,,,,
SV031,R,464,3,2,0,0,2,Response,,,,,,,,,,,,
SV031,R,465,2,3,0,0,3,Response,,,,,,,,,,,,
SV031,R,466,2,2,1,1,2,Response,1889.9,1889.9,1117.2,1117.2,2839.0,2839.0,1760.0,1.25,1.7,401.5,738.0,163.0
SV031,R,467,2,3,0,0,3,Response,,,,,,,,0.8,0.8,70.0,70.0,14.0
SV031,R,468,3,3,1,0,3,Response,,,,,,,,2.0,3.4,215.5,373.0,145.0
SV031,R,469,2,2,0,0,2,Response,,,,,,,,,,,,
SV031,R,470,3,2,1,0,2,Response,,,,,,,,2.1,2.1,470.0,470.0,334.0
SV031,R,471,2,2,1,1,2,Response,,,,,,,,,,,,
SV031,R,472,3,2,0,1,2,Response,,,,,,,,,,,,
SV031,R,473,2,0,1,0,0,Response,,,,,,,,0.5,0.5,53.0,53.0,12.0
SV031,R,474,2,3,0,1,3,Response,,,,,,,,1.4,1.4,672.0,672.0,290.0
SV031,R,475,3,2,1,1,2,Response,,,,,,,,1.6,1.6,665.0,665.0,298.0
SV031,R,476,3,2,1,1,2,Response,,,,,,,,4.5,4.5,363.0,363.0,342.0
SV031,R,477,2,2,0,0,2,Response,1916.6,1916.6,1089.2,1089.2,3305.0,3305.0,1818.0,0.8333333333333334,1.1,67.33333333333333,84.0,14.666666666666666
SV031,R,478,2,0,0,0,2,Response,,,,,,,,2.1,2.1,134.0,134.0,22.0
SV031,R,479,2,2,1,1,2,Response,1945.9,1945.9,1112.7,1112.7,3229.0,3229.0,1962.0,1.1,1.1,73.0,74.0,18.0
SV031,R,480,2,2,0,0,2,Response,,,,,,,,1.0,1.0,74.0,74.0,16.0
SV031,L,1,3,2,0,1,2,Stimulus,,,,,,,,,,,,
SV031,L,2,3,3,0,1,3,Stimulus,,,,,,,,,,,,
SV031,L,3,2,3,0,0,3,Stimulus,,,,,,,,,,,,
SV031,L,4,3,0,1,1,2,Stimulus,,,,,,,,,,,,
SV031,L,5,2,2,1,0,2,Stimulus,,,,,,,,,,,,
SV031,L,6,3,0,0,0,2,Stimulus,,,,,,,,,,,,
SV031,L,7,3,0,1,1,3,Stimulus,,,,,,,,,,,,
SV031,L,8,3,2,1,1,2,Stimulus,,,,,,,,,,,,
SV031,L,9,3,2,0,1,2,Stimulus,,,,,,,,,,,,
SV031,L,10,3,3,1,0,3,Stimulus,,,,,,,,,,,,
SV031,L,11,2,3,0,0,3,Stimulus,,,,,,,,,,,,
SV031,L,12,3,3,1,1,3,Stimulus,,,,,,,,,,,,
SV031,L,13,2,2,0,0,2,Stimulus,,,,,,,,,,,,
SV031,L,14,3,3,0,1,3,Stimulus,,,,,,,,,,,,
SV031,L,15,3,3,0,0,3,Stimulus,,,,,,,,,,,,
SV031,L,16,3,2,1,0,2,Stimulus,,,,,,,,,,,,
SV031,L,17,3,2,1,0,2,Stimulus,,,,,,,,,,,,
SV031,L,18,2,2,0,1,2,Stimulus,,,,,,,,,,,,
SV031,L,19,2,2,0,1,2,Stimulus,,,,,,,,,,,,
SV031,L,20,3,3,0,1,2,Stimulus,,,,,,,,,,,,
SV031,L,21,2,2,1,1,2,Stimulus,,,,,,,,,,,,
SV031,L,22,3,0,1,1,2,Stimulus,,,,,,,,,,,,
SV031,L,23,2,0,1,0,2,Stimulus,,,,,,,,,,,,
SV031,L,24,2,0,0,0,2,Stimulus,,,,,,,,,,,,
SV031,L,25,2,0,0,0,2,Stimulus,,,,,,,,,,,,
SV031,L,26,3,3,0,0,3,Stimulus,,,,,,,,,,,,
SV031,L,27,3,2,0,0,2,Stimulus,,,,,,,,,,,,
SV031,L,28,3,0,0,0,3,Stimulus,,,,,,,,,,,,
SV031,L,29,3,0,0,0,3,Stimulus,,,,,,,,,,,,
SV031,L,30,2,0,0,1,3,Stimulus,,,,,,,,,,,,
SV031,L,31,3,2,1,0,2,Stimulus,,,,,,,,,,,,
SV031,L,32,2,3,1,0,3,Stimulus,,,,,,,,,,,,
SV031,L,33,3,2,0,1,2,Stimulus,,,,,,,,,,,,
SV031,L,34,3,0,0,1,2,Stimulus,,,,,,,,,,,,
SV031,L,35,3,3,0,0,3,Stimulus,,,,,,,,,,,,
SV031,L,36,2,3,0,1,2,Stimulus,,,,,,,,,,,,
SV031,L,37,2,2,1,0,2,Stimulus,,,,,,,,,,,,
SV031,L,38,3,3,1,1,3,Stimulus,,,,,,,,,,,,
SV031,L,39,2,3,1,1,3,Stimulus,,,,,,,,,,,,
SV031,L,40,3,3,1,0,3,Stimulus,,,,,,,,,,,,
SV031,L,41,3,3,0,1,3,Stimulus,,,,,,,,,,,,
SV031,L,42,3,3,1,1,3,Stimulus,,,,,,,,,,,,
SV031,L,43,2,3,1,1,3,Stimulus,,,,,,,,,,,,
SV031,L,44,3,3,1,0,3,Stimulus,,,,,,,,,,,,
SV031,L,45,2,3,0,0,3,Stimulus,,,,,,,,,,,,
SV031,L,46,2,3,0,0,3,Stimulus,,,,,,,,,,,,
SV031,L,47,3,2,1,1,2,Stimulus,,,,,,,,,,,,
SV031,L,48,2,2,1,1,2,Stimulus,,,,,,,,,,,,
SV031,L,49,2,0,1,0,2,Stimulus,,,,,,,,,,,,
SV031,L,50,2,3,1,1,3,Stimulus,,,,,,,,,,,,
SV031,L,51,2,3,0,0,3,Stimulus,,,,,,,,,,,,
SV031,L,52,3,2,0,0,2,Stimulus,,,,,,,,,,,,
SV031,L,53,2,3,0,1,3,Stimulus,,,,,,,,,,,,
SV031,L,54,3,2,1,0,2,Stimulus,,,,,,,,,,,,
SV031,L,55,2,3,0,0,3,Stimulus,,,,,,,,,,,,
SV031,L,56,2,0,0,1,3,Stimulus,,,,,,,,,,,,
SV031,L,57,3,3,0,0,3,Stimulus,,,,,,,,,,,,
SV031,L,58,2,0,0,0,3,Stimulus,,,,,,,,,,,,
SV031,L,59,3,2,0,0,2,Stimulus,,,,,,,,,,,,
SV031,L,60,3,3,1,0,3,Stimulus,,,,,,,,,,,,
SV031,L,61,2,0,1,1,2,Stimulus,,,,,,,,,,,,
SV031,L,62,3,3,0,1,2,Stimulus,,,,,,,,,,,,
SV031,L,63,3,0,1,0,2,Stimulus,,,,,,,,,,,,
SV031,L,64,2,0,0,1,2,Stimulus,,,,,,,,,,,,
SV031,L,65,3,2,0,0,2,Stimulus,,,,,,,,,,,,
SV031,L,66,2,2,0,0,2,Stimulus,,,,,,,,,,,,
SV031,L,67,2,0,1,1,2,Stimulus,,,,,,,,,,,,
SV031,L,68,3,0,1,0,2,Stimulus,,,,,,,,,,,,
SV031,L,69,3,3,1,1,3,Stimulus,,,,,,,,,,,,
SV031,L,70,3,2,0,0,3,Stimulus,,,,,,,,,,,,
SV031,L,71,2,2,1,1,3,Stimulus,,,,,,,,,,,,
SV031,L,72,2,2,0,0,2,Stimulus,,,,,,,,,,,,
SV031,L,73,3,2,1,1,2,Stimulus,,,,,,,,,,,,
SV031,L,74,2,3,0,1,3,Stimulus,,,,,,,,,,,,
SV031,L,75,3,0,1,0,2,Stimulus,,,,,,,,,,,,
SV031,L,76,2,2,1,1,2,Stimulus,,,,,,,,,,,,
SV031,L,77,3,0,0,0,3,Stimulus,,,,,,,,,,,,
SV031,L,78,3,0,0,1,2,Stimulus,,,,,,,,,,,,
SV031,L,79,2,3,1,0,3,Stimulus,,,,,,,,,,,,
SV031,L,80,2,2,0,1,2,Stimulus,,,,,,,,,,,,
SV031,L,81,2,3,1,0,2,Stimulus,,,,,,,,,,,,
SV031,L,82,2,2,1,1,2,Stimulus,,,,,,,,,,,,
SV031,L,83,2,2,1,0,2,Stimulus,,,,,,,,,,,,
SV031,L,84,2,2,1,0,2,Stimulus,,,,,,,,,,,,
SV031,L,85,2,2,1,1,2,Stimulus,,,,,,,,,,,,
SV031,L,86,3,3,1,1,3,Stimulus,,,,,,,,,,,,
SV031,L,87,3,0,0,1,2,Stimulus,,,,,,,,,,,,
SV031,L,88,2,3,0,1,3,Stimulus,,,,,,,,,,,,
SV031,L,89,2,3,1,1,3,Stimulus,,,,,,,,,,,,
SV031,L,90,2,2,0,1,2,Stimulus,,,,,,,,,,,,
SV031,L,91,3,3,1,0,3,Stimulus,,,,,,,,,,,,
SV031,L,92,2,3,0,0,3,Stimulus,,,,,,,,,,,,
SV031,L,93,3,0,1,0,3,Stimulus,,,,,,,,,,,,
SV031,L,94,2,0,0,1,3,Stimulus,,,,,,,,,,,,
SV031,L,95,3,0,0,0,3,Stimulus,,,,,,,,,,,,
SV031,L,96,3,3,1,1,3,Stimulus,,,,,,,,,,,,
SV031,L,97,3,3,1,1,3,Stimulus,,,,,,,,,,,,
SV031,L,98,3,0,1,1,3,Stimulus,,,,,,,,,,,,
SV031,L,99,3,0,1,1,3,Stimulus,,,,,,,,,,,,
SV031,L,100,3,2,1,1,2,Stimulus,,,,,,,,,,,,
SV031,L,101,3,2,0,0,2,Stimulus,,,,,,,,,,,,
SV031,L,102,3,2,1,1,2,Stimulus,,,,,,,,,,,,
SV031,L,103,2,0,1,1,3,Stimulus,,,,,,,,,,,,
SV031,L,104,2,2,0,1,2,Stimulus,,,,,,,,,,,,
SV031,L,105,2,2,1,0,2,Stimulus,,,,,,,,,,,,
SV031,L,106,3,0,0,0,3,Stimulus,,,,,,,,,,,,
SV031,L,107,2,3,0,1,3,Stimulus,,,,,,,,,,,,
SV031,L,108,3,2,1,1,2,Stimulus,,,,,,,,,,,,
SV031,L,109,3,2,1,1,2,Stimulus,,,,,,,,,,,,
SV031,L,110,2,2,0,0,2,Stimulus,,,,,,,,,,,,
SV031,L,111,3,3,1,0,3,Stimulus,,,,,,,,,,,,
SV031,L,112,2,0,0,1,2,Stimulus,,,,,,,,,,,,
SV031,L,113,2,2,0,0,2,Stimulus,,,,,,,,,,,,
SV031,L,114,3,0,0,1,3,Stimulus,,,,,,,,,,,,
SV031,L,115,3,0,0,0,3,Stimulus,,,,,,,,,,,,
SV031,L,116,3,3,0,1,2,Stimulus,,,,,,,,,,,,
SV031,L,117,2,2,0,0,2,Stimulus,,,,,,,,,,,,
SV031,L,118,3,0,0,1,3,Stimulus,,,,,,,,,,,,
SV031,L,119,3,0,1,1,3,Stimulus,,,,,,,,,,,,
SV031,L,120,2,2,1,0,2,Stimulus,,,,,,,,,,,,
SV031,L,121,2,0,0,0,2,Stimulus,,,,,,,,,,,,
SV031,L,122,3,0,1,0,2,Stimulus,,,,,,,,,,,,
SV031,L,123,3,2,1,0,2,Stimulus,,,,,,,,,,,,
SV031,L,124,2,0,0,1,2,Stimulus,,,,,,,,,,,,
SV031,L,125,2,2,0,1,2,Stimulus,,,,,,,,,,,,
SV031,L,126,2,3,1,1,3,Stimulus,,,,,,,,,,,,
SV031,L,127,3,3,1,1,2,Stimulus,,,,,,,,,,,,
SV031,L,128,3,0,0,1,2,Stimulus,,,,,,,,,,,,
SV031,L,129,2,2,1,1,2,Stimulus,,,,,,,,,,,,
SV031,L,130,3,2,0,0,2,Stimulus,,,,,,,,,,,,
SV031,L,131,2,3,0,1,3,Stimulus,,,,,,,,,,,,
SV031,L,132,2,3,1,1,3,Stimulus,,,,,,,,,,,,
SV031,L,133,3,2,1,1,2,Stimulus,,,,,,,,,,,,
SV031,L,134,3,0,1,1,2,Stimulus,,,,,,,,,,,,
SV031,L,135,2,2,0,0,2,Stimulus,,,,,,,,,,,,
SV031,L,136,2,0,1,1,2,Stimulus,,,,,,,,,,,,
SV031,L,137,2,3,1,0,3,Stimulus,,,,,,,,,,,,
SV031,L,138,2,2,0,1,2,Stimulus,,,,,,,,,,,,
SV031,L,139,2,2,0,1,2,Stimulus,,,,,,,,,,,,
SV031,L,140,3,2,0,1,2,Stimulus,,,,,,,,,,,,
SV031,L,141,3,0,1,0,3,Stimulus,,,,,,,,,,,,
SV031,L,142,3,0,1,1,2,Stimulus,,,,,,,,,,,,
SV031,L,143,2,3,1,0,3,Stimulus,,,,,,,,,,,,
SV031,L,144,3,2,0,1,2,Stimulus,,,,,,,,,,,,
SV031,L,145,2,3,1,0,3,Stimulus,,,,,,,,,,,,
SV031,L,146,2,3,1,0,3,Stimulus,,,,,,,,,,,,
SV031,L,147,3,0,0,1,3,Stimulus,,,,,,,,,,,,
SV031,L,148,3,3,0,1,3,Stimulus,,,,,,,,,,,,
SV031,L,149,2,0,0,0,2,Stimulus,,,,,,,,,,,,
SV031,L,150,2,3,1,0,3,Stimulus,,,,,,,,,,,,
SV031,L,151,3,2,0,0,2,Stimulus,,,,,,,,,,,,
SV031,L,152,2,3,1,0,2,Stimulus,,,,,,,,,,,,
SV031,L,153,2,0,0,0,3,Stimulus,,,,,,,,,,,,
SV031,L,154,3,0,0,0,2,Stimulus,,,,,,,,,,,,
SV031,L,155,2,2,1,1,2,Stimulus,,,,,,,,,,,,
SV031,L,156,3,3,0,0,3,Stimulus,,,,,,,,,,,,
SV031,L,157,3,3,1,0,3,Stimulus,,,,,,,,,,,,
SV031,L,158,3,2,0,1,2,Stimulus,,,,,,,,,,,,
SV031,L,159,2,0,0,0,2,Stimulus,,,,,,,,,,,,
SV031,L,160,3,0,1,0,3,Stimulus,,,,,,,,,,,,
SV031,L,161,2,2,0,1,2,Stimulus,,,,,,,,,,,,
SV031,L,162,3,3,1,1,3,Stimulus,,,,,,,,,,,,
SV031,L,163,2,2,1,0,2,Stimulus,,,,,,,,,,,,
SV031,L,164,3,2,0,1,2,Stimulus,,,,,,,,,,,,
SV031,L,165,2,0,1,0,2,Stimulus,,,,,,,,,,,,
SV031,L,166,3,2,0,0,2,Stimulus,,,,,,,,,,,,
SV031,L,167,3,2,0,1,2,Stimulus,,,,,,,,,,,,
SV031,L,168,3,0,1,1,2,Stimulus,,,,,,,,,,,,
SV031,L,169,2,3,0,1,3,Stimulus,,,,,,,,,,,,
SV031,L,170,2,3,0,0,3,Stimulus,,,,,,,,,,,,
SV031,L,171,3,0,0,0,3,Stimulus,,,,,,,,,,,,
SV031,L,172,3,3,0,1,2,Stimulus,,,,,,,,,,,,
SV031,L,173,2,0,0,0,2,Stimulus,,,,,,,,,,,,
SV031,L,174,2,0,0,1,2,Stimulus,,,,,,,,,,,,
SV031,L,175,2,0,1,1,2,Stimulus,,,,,,,,,,,,
SV031,L,176,3,0,1,0,2,Stimulus,,,,,,,,,,,,
SV031,L,177,2,3,0,1,3,Stimulus,,,,,,,,,,,,
SV031,L,178,3,3,1,0,3,Stimulus,,,,,,,,,,,,
SV031,L,179,2,3,0,0,2,Stimulus,,,,,,,,,,,,
SV031,L,180,3,0,1,0,3,Stimulus,,,,,,,,,,,,
SV031,L,181,3,3,1,1,3,Stimulus,,,,,,,,,,,,
SV031,L,182,2,0,1,1,2,Stimulus,,,,,,,,,,,,
SV031,L,183,3,2,1,0,2,Stimulus,,,,,,,,,,,,
SV031,L,184,3,2,1,0,2,Stimulus,,,,,,,,,,,,
SV031,L,185,2,0,1,0,2,Stimulus,,,,,,,,,,,,
SV031,L,186,2,0,1,1,2,Stimulus,,,,,,,,,,,,
SV031,L,187,2,0,1,1,2,Stimulus,,,,,,,,,,,,
SV031,L,188,3,2,1,1,2,Stimulus,,,,,,,,,,,,
SV031,L,189,3,3,0,1,3,Stimulus,,,,,,,,,,,,
SV031,L,190,2,3,1,1,3,Stimulus,,,,,,,,,,,,
SV031,L,191,3,3,1,0,3,Stimulus,,,,,,,,,,,,
SV031,L,192,3,0,0,0,3,Stimulus,,,,,,,,,,,,
SV031,L,193,2,2,1,1,2,Stimulus,,,,,,,,,,,,
SV031,L,194,2,0,1,1,2,Stimulus,,,,,,,,,,,,
SV031,L,195,3,0,0,1,2,Stimulus,,,,,,,,,,,,
SV031,L,196,3,2,1,0,2,Stimulus,,,,,,,,,,,,
SV031,L,197,2,3,1,1,2,Stimulus,,,,,,,,,,,,
SV031,L,198,2,0,1,1,2,Stimulus,,,,,,,,,,,,
SV031,L,199,2,2,0,1,2,Stimulus,,,,,,,,,,,,
SV031,L,200,3,3,1,0,2,Stimulus,,,,,,,,,,,,
SV031,L,201,2,3,0,0,2,Stimulus,2111.7,2111.7,1086.7,1086.7,3230.0,3230.0,164.0,4.1,4.1,168.0,168.0,32.0
SV031,L,202,2,3,0,1,2,Stimulus,,,,,,,,,,,,
SV031,L,203,2,0,1,0,2,Stimulus,,,,,,,,3.0,3.0,161.0,161.0,26.0
SV031,L,204,2,3,1,1,2,Stimulus,,,,,,,,2.6,2.6,124.0,124.0,26.0
SV031,L,205,3,0,0,1,2,Stimulus,,,,,,,,,,,,
SV031,L,206,3,0,1,1,2,Stimulus,,,,,,,,,,,,
SV031,L,207,3,0,0,1,2,Stimulus,,,,,,,,,,,,
SV031,L,208,2,2,0,0,2,Stimulus,,,,,,,,,,,,
SV031,L,209,2,0,0,1,3,Stimulus,,,,,,,,2.8,2.8,137.0,137.0,26.0
SV031,L,210,2,0,1,0,2,Stimulus,,,,,,,,,,,,
SV031,L,211,2,0,0,0,2,Stimulus,,,,,,,,,,,,
SV031,L,212,3,3,0,0,3,Stimulus,,,,,,,,3.0,3.0,172.0,172.0,24.0
SV031,L,213,2,0,1,0,2,Stimulus,,,,,,,,,,,,
SV031,L,214,3,2,0,0,2,Stimulus,,,,,,,,,,,,
SV031,L,215,2,3,0,1,3,Stimulus,,,,,,,,,,,,
SV031,L,216,3,3,0,0,3,Stimulus,,,,,,,,,,,,
SV031,L,217,3,2,1,0,2,Stimulus,,,,,,,,,,,,
SV031,L,218,3,3,0,0,3,Stimulus,,,,,,,,,,,,
SV031,L,219,3,2,0,1,2,Stimulus,,,,,,,,,,,,
SV031,L,220,2,3,1,1,3,Stimulus,,,,,,,,,,,,
SV031,L,221,2,3,1,0,3,Stimulus,,,,,,,,,,,,
SV031,L,222,3,2,0,1,2,Stimulus,868.5,868.5,1139.9,1139.9,3294.0,3294.0,204.0,,,,,
SV031,L,223,3,2,1,0,2,Stimulus,,,,,,,,7.2,7.2,250.0,250.0,40.0
SV031,L,224,3,0,1,0,3,Stimulus,,,,,,,,,,,,
SV031,L,225,2,0,0,1,3,Stimulus,,,,,,,,,,,,
SV031,L,226,3,3,0,1,3,Stimulus,,,,,,,,,,,,
SV031,L,227,3,2,1,1,2,Stimulus,,,,,,,,,,,,
SV031,L,228,2,2,0,0,2,Stimulus,,,,,,,,,,,,
SV031,L,229,2,0,0,0,2,Stimulus,,,,,,,,,,,,
SV031,L,230,2,0,0,1,2,Stimulus,,,,,,,,5.8,5.8,198.0,198.0,40.0
SV031,L,231,2,2,1,0,2,Stimulus,,,,,,,,,,,,
SV031,L,232,3,3,0,0,3,Stimulus,,,,,,,,,,,,
SV031,L,233,2,0,1,0,2,Stimulus,,,,,,,,,,,,
SV031,L,234,3,3,0,0,3,Stimulus,,,,,,,,,,,,
SV031,L,235,2,2,0,0,2,Stimulus,,,,,,,,,,,,
SV031,L,236,2,0,1,0,3,Stimulus,,,,,,,,,,,,
SV031,L,237,2,2,1,0,2,Stimulus,,,,,,,,,,,,
SV031,L,238,2,2,1,1,2,Stimulus,,,,,,,,,,,,
SV031,L,239,2,0,1,0,2,Stimulus,,,,,,,,1.1,1.1,88.0,88.0,16.0
SV031,L,240,2,2,1,0,2,Stimulus,,,,,,,,,,,,
SV031,L,241,2,2,0,0,2,Stimulus,2871.9,2871.9,1462.3,1462.3,3216.0,3216.0,202.0,2.1,2.1,128.0,128.0,22.0
SV031,L,242,3,2,0,0,2,Stimulus,,,,,,,,,,,,
SV031,L,243,3,3,1,1,3,Stimulus,,,,,,,,,,,,
SV031,L,244,2,0,0,1,0,Stimulus,,,,,,,,,,,,
SV031,L,245,2,2,1,1,2,Stimulus,,,,,,,,,,,,
SV031,L,246,2,3,1,1,3,Stimulus,,,,,,,,,,,,
SV031,L,247,3,0,0,1,0,Stimulus,,,,,,,,4.8,4.8,153.0,153.0,40.0
SV031,L,248,2,2,1,1,2,Stimulus,,,,,,,,,,,,
SV031,L,249,3,3,1,1,3,Stimulus,,,,,,,,,,,,
SV031,L,250,2,3,0,0,3,Stimulus,,,,,,,,,,,,
SV031,L,251,3,2,0,1,2,Stimulus,,,,,,,,,,,,
SV031,L,252,2,3,1,1,3,Stimulus,,,,,,,,,,,,
SV031,L,253,2,0,1,1,0,Stimulus,1084.0,1084.0,1164.1,1164.1,3524.0,3524.0,228.0,2.0,2.0,118.0,118.0,22.0
SV031,L,254,3,3,0,0,3,Stimulus,,,,,,,,1.4,1.4,105.0,105.0,18.0
SV031,L,255,2,2,1,0,2,Stimulus,,,,,,,,,,,,
SV031,L,256,3,3,0,0,3,Stimulus,,,,,,,,,,,,
SV031,L,257,2,3,1,1,3,Stimulus,,,,,,,,0.8,0.8,73.0,73.0,14.0
SV031,L,258,2,2,1,1,2,Stimulus,,,,,,,,,,,,
SV031,L,259,3,2,1,0,2,Stimulus,,,,,,,,,,,,
SV031,L,260,3,2,0,1,2,Stimulus,2661.5,2661.5,1283.8,1283.8,3809.0,3809.0,178.0,1.7,1.7,127.0,127.0,18.0
SV031,L,261,3,0,1,1,0,Stimulus,,,,,,,,,,,,
SV031,L,262,3,2,1,1,2,Stimulus,,,,,,,,0.6,0.6,56.0,56.0,12.0
SV031,L,263,2,3,0,0,3,Stimulus,,,,,,,,,,,,
SV031,L,264,2,3,1,1,3,Stimulus,,,,,,,,,,,,
SV031,L,265,2,3,0,1,3,Stimulus,,,,,,,,,,,,
SV031,L,266,2,0,0,0,0,Stimulus,,,,,,,,,,,,
SV031,L,267,2,3,1,0,3,Stimulus,,,,,,,,0.8,0.8,66.0,66.0,16.0
SV031,L,268,2,0,1,0,0,Stimulus,2471.6,2471.6,1395.4,1395.4,3591.0,3591.0,98.0,4.3,4.3,268.0,268.0,24.0
SV031,L,269,2,2,1,1,2,Stimulus,,,,,,,,,,,,
SV031,L,270,2,2,0,1,2,Stimulus,,,,,,,,,,,,
SV031,L,271,3,3,1,1,3,Stimulus,,,,,,,,,,,,
SV031,L,272,2,0,0,1,0,Stimulus,,,,,,,,,,,,
SV031,L,273,3,3,0,1,3,Stimulus,,,,,,,,1.6,1.6,105.0,105.0,20.0
SV031,L,274,2,2,0,0,2,Stimulus,,,,,,,,,,,,
SV031,L,275,2,2,1,1,2,Stimulus,,,,,,,,1.4,1.4,90.0,90.0,20.0
SV031,L,276,2,0,1,1,0,Stimulus,,,,,,,,,,,,
SV031,L,277,3,2,1,0,2,Stimulus,,,,,,,,0.6,0.6,56.0,56.0,12.0
SV031,L,278,2,3,0,0,3,Stimulus,,,,,,,,,,,,
SV031,L,279,3,3,0,1,3,Stimulus,,,,,,,,7.1,7.1,214.0,214.0,50.0
SV031,L,280,2,3,0,1,3,Stimulus,,,,,,,,,,,,
SV031,L,281,2,0,0,0,0,Stimulus,,,,,,,,6.7,6.7,1258.0,1258.0,134.0
SV031,L,282,3,0,0,1,0,Stimulus,,,,,,,,1.8,1.8,100.0,100.0,22.0
SV031,L,283,3,0,0,0,0,Stimulus,,,,,,,,9.0,9.0,214.0,214.0,56.0
SV031,L,284,2,3,0,0,3,Stimulus,,,,,,,,0.8,0.8,72.0,72.0,14.0
SV031,L,285,3,2,0,0,2,Stimulus,,,,,,,,1.6,1.6,108.0,108.0,20.0
SV031,L,286,3,2,0,1,2,Stimulus,,,,,,,,,,,,
SV031,L,287,3,2,1,0,2,Stimulus,,,,,,,,,,,,
SV031,L,288,3,0,0,0,0,Stimulus,,,,,,,,,,,,
SV031,L,289,3,2,1,1,2,Stimulus,,,,,,,,,,,,
SV031,L,290,2,2,1,0,2,Stimulus,,,,,,,,7.7,7.7,192.0,192.0,54.0
SV031,L,291,3,0,1,0,0,Stimulus,,,,,,,,,,,,
SV031,L,292,2,2,1,0,2,Stimulus,,,,,,,,,,,,
SV031,L,293,2,3,0,0,3,Stimulus,,,,,,,,2.5,2.5,144.0,144.0,24.0
SV031,L,294,3,0,0,1,0,Stimulus,,,,,,,,,,,,
SV031,L,295,3,0,1,0,0,Stimulus,,,,,,,,,,,,
SV031,L,296,3,3,1,0,3,Stimulus,,,,,,,,,,,,
SV031,L,297,2,2,1,0,2,Stimulus,,,,,,,,1.3,1.3,81.0,81.0,20.0
SV031,L,298,2,0,0,1,0,Stimulus,,,,,,,,,,,,
SV031,L,299,2,2,0,1,2,Stimulus,,,,,,,,,,,,
SV031,L,300,2,3,1,1,3,Stimulus,,,,,,,,,,,,
SV031,L,301,3,2,0,1,2,Stimulus,,,,,,,,,,,,
SV031,L,302,2,3,1,0,3,Stimulus,,,,,,,,,,,,
SV031,L,303,3,2,0,0,2,Stimulus,,,,,,,,,,,,
SV031,L,304,3,0,1,0,0,Stimulus,,,,,,,,1.8,1.8,124.0,124.0,20.0
SV031,L,305,2,2,0,1,2,Stimulus,,,,,,,,,,,,
SV031,L,306,3,0,1,0,0,Stimulus,,,,,,,,,,,,
SV031,L,307,2,2,0,1,2,Stimulus,,,,,,,,,,,,
SV031,L,308,2,2,1,0,2,Stimulus,,,,,,,,,,,,
SV031,L,309,2,3,1,0,3,Stimulus,,,,,,,,,,,,
SV031,L,310,2,3,0,0,3,Stimulus,,,,,,,,2.2,2.2,130.0,130.0,22.0
SV031,L,311,2,3,0,0,3,Stimulus,,,,,,,,,,,,
SV031,L,312,2,0,0,1,0,Stimulus,,,,,,,,,,,,
SV031,L,313,3,0,1,1,0,Stimulus,,,,,,,,,,,,
SV031,L,314,2,2,0,0,2,Stimulus,,,,,,,,,,,,
SV031,L,315,2,0,1,0,0,Stimulus,,,,,,,,,,,,
SV031,L,316,3,2,0,0,2,Stimulus,,,,,,,,,,,,
SV031,L,317,2,3,1,0,3,Stimulus,,,,,,,,1.9,1.9,127.0,127.0,20.0
SV031,L,318,2,3,0,0,3,Stimulus,,,,,,,,,,,,
SV031,L,319,3,3,0,1,3,Stimulus,,,,,,,,,,,,
SV031,L,320,2,0,0,0,0,Stimulus,,,,,,,,,,,,
SV031,L,321,3,3,0,1,3,Stimulus,,,,,,,,,,,,
SV031,L,322,3,2,0,1,2,Stimulus,,,,,,,,,,,,
SV031,L,323,2,3,0,1,3,Stimulus,,,,,,,,,,,,
SV031,L,324,3,0,1,1,0,Stimulus,,,,,,,,,,,,
SV031,L,325,2,3,1,1,3,Stimulus,,,,,,,,,,,,
SV031,L,326,2,0,1,1,0,Stimulus,,,,,,,,,,,,
SV031,L,327,3,3,1,1,3,Stimulus,,,,,,,,,,,,
SV031,L,328,3,2,1,0,2,Stimulus,,,,,,,,,,,,
SV031,L,329,3,3,1,1,3,Stimulus,,,,,,,,,,,,
SV031,L,330,3,3,1,1,3,Stimulus,,,,,,,,,,,,
SV031,L,331,3,2,1,0,2,Stimulus,,,,,,,,,,,,
SV031,L,332,3,3,0,1,3,Stimulus,,,,,,,,,,,,
SV031,L,333,3,0,0,0,0,Stimulus,,,,,,,,,,,,
SV031,L,334,3,0,1,1,0,Stimulus,,,,,,,,,,,,
SV031,L,335,2,2,1,0,2,Stimulus,,,,,,,,,,,,
SV031,L,336,3,2,0,1,2,Stimulus,,,,,,,,,,,,
SV031,L,337,2,0,0,0,0,Stimulus,,,,,,,,,,,,
SV031,L,338,3,0,1,0,0,Stimulus,,,,,,,,,,,,
SV031,L,339,2,2,0,0,2,Stimulus,,,,,,,,0.6,0.6,58.0,58.0,12.0
SV031,L,340,2,3,0,1,3,Stimulus,,,,,,,,,,,,
SV031,L,341,3,0,0,1,0,Stimulus,,,,,,,,,,,,
SV031,L,342,3,2,1,1,2,Stimulus,,,,,,,,,,,,
SV031,L,343,3,0,1,0,0,Stimulus,,,,,,,,,,,,
SV031,L,344,2,3,1,0,3,Stimulus,,,,,,,,1.5,1.5,93.0,93.0,20.0
SV031,L,345,3,2,0,0,2,Stimulus,,,,,,,,,,,,
SV031,L,346,3,3,0,0,3,Stimulus,,,,,,,,,,,,
SV031,L,347,2,0,0,1,0,Stimulus,,,,,,,,,,,,
SV031,L,348,3,2,1,0,2,Stimulus,,,,,,,,,,,,
SV031,L,349,3,3,1,0,3,Stimulus,,,,,,,,,,,,
SV031,L,350,3,2,0,1,2,Stimulus,,,,,,,,,,,,
SV031,L,351,3,3,0,1,3,Stimulus,,,,,,,,,,,,
SV031,L,352,3,3,0,1,3,Stimulus,,,,,,,,,,,,
SV031,L,353,3,3,1,0,3,Stimulus,,,,,,,,,,,,
SV031,L,354,2,2,0,1,2,Stimulus,,,,,,,,2.9,2.9,188.0,188.0,22.0
SV031,L,355,3,3,1,0,3,Stimulus,,,,,,,,,,,,
SV031,L,356,2,3,0,0,3,Stimulus,,,,,,,,,,,,
SV031,L,357,2,2,1,0,2,Stimulus,,,,,,,,0.6,0.6,442.0,442.0,60.0
SV031,L,358,2,2,1,1,2,Stimulus,,,,,,,,7.0,7.0,222.0,222.0,44.0
SV031,L,359,2,2,1,0,2,Stimulus,,,,,,,,,,,,
SV031,L,360,3,2,0,0,2,Stimulus,,,,,,,,,,,,
SV031,L,361,2,0,0,0,0,Stimulus,,,,,,,,,,,,
SV031,L,362,2,3,1,0,3,Stimulus,,,,,,,,,,,,
SV031,L,363,3,2,1,1,2,Stimulus,,,,,,,,,,,,
SV031,L,364,3,2,1,1,2,Stimulus,,,,,,,,,,,,
SV031,L,365,2,2,1,0,2,Stimulus,,,,,,,,,,,,
SV031,L,366,2,2,0,1,2,Stimulus,,,,,,,,1.1,1.1,92.0,92.0,16.0
SV031,L,367,2,0,0,0,0,Stimulus,,,,,,,,,,,,
SV031,L,368,3,2,1,0,2,Stimulus,,,,,,,,,,,,
SV031,L,369,3,0,0,0,0,Stimulus,,,,,,,,,,,,
SV031,L,370,3,2,1,1,2,Stimulus,,,,,,,,3.3,3.3,767.0,767.0,134.0
SV031,L,371,2,0,1,1,0,Stimulus,,,,,,,,,,,,
SV031,L,372,2,3,0,1,3,Stimulus,,,,,,,,,,,,
SV031,L,373,3,0,0,0,0,Stimulus,,,,,,,,,,,,
SV031,L,374,3,3,1,0,3,Stimulus,,,,,,,,,,,,
SV031,L,375,3,3,1,1,3,Stimulus,,,,,,,,,,,,
SV031,L,376,2,0,0,0,0,Stimulus,,,,,,,,,,,,
SV031,L,377,3,3,0,1,3,Stimulus,,,,,,,,,,,,
SV031,L,378,2,3,0,1,3,Stimulus,,,,,,,,7.1,7.1,997.0,997.0,130.0
SV031,L,379,3,2,1,0,2,Stimulus,,,,,,,,,,,,
SV031,L,380,3,2,0,0,2,Stimulus,,,,,,,,,,,,
SV031,L,381,2,0,0,0,0,Stimulus,,,,,,,,,,,,
SV031,L,382,2,0,1,1,0,Stimulus,,,,,,,,,,,,
SV031,L,383,2,0,1,1,0,Stimulus,1026.1,1026.1,1145.4,1145.4,3767.0,3767.0,188.0,6.7,6.7,198.0,198.0,48.0
SV031,L,384,3,0,1,0,0,Stimulus,,,,,,,,,,,,
SV031,L,385,3,0,0,0,0,Stimulus,,,,,,,,1.6,1.6,123.0,123.0,18.0
SV031,L,386,2,0,1,0,0,Stimulus,,,,,,,,2.8,2.8,144.0,144.0,26.0
SV031,L,387,2,2,0,0,2,Stimulus,,,,,,,,,,,,
SV031,L,388,2,0,1,1,0,Stimulus,,,,,,,,,,,,
SV031,L,389,2,3,1,0,3,Stimulus,,,,,,,,,,,,
SV031,L,390,2,2,0,0,2,Stimulus,,,,,,,,,,,,
SV031,L,391,3,0,1,1,0,Stimulus,,,,,,,,,,,,
SV031,L,392,3,2,1,0,2,Stimulus,,,,,,,,,,,,
SV031,L,393,3,0,0,0,0,Stimulus,,,,,,,,8.2,8.2,209.0,209.0,52.0
SV031,L,394,2,3,1,1,3,Stimulus,,,,,,,,,,,,
SV031,L,395,2,0,1,1,0,Stimulus,,,,,,,,,,,,
SV031,L,396,2,3,1,0,3,Stimulus,,,,,,,,,,,,
SV031,L,397,3,2,1,1,2,Stimulus,,,,,,,,,,,,
SV031,L,398,2,0,0,1,0,Stimulus,,,,,,,,,,,,
SV031,L,399,2,3,1,0,3,Stimulus,,,,,,,,1.7,1.7,895.0,895.0,120.0
SV031,L,400,2,0,1,0,0,Stimulus,,,,,,,,,,,,
SV031,L,401,2,3,0,1,3,Stimulus,,,,,,,,1.6,1.6,114.0,114.0,18.0
SV031,L,402,2,0,0,1,0,Stimulus,,,,,,,,,,,,
SV031,L,403,3,3,0,0,3,Stimulus,,,,,,,,,,,,
SV031,L,404,3,0,1,0,0,Stimulus,,,,,,,,0.6,0.6,61.0,61.0,12.0
SV031,L,405,3,2,0,1,2,Stimulus,,,,,,,,,,,,
SV031,L,406,2,3,1,1,3,Stimulus,,,,,,,,,,,,
SV031,L,407,3,3,0,1,3,Stimulus,,,,,,,,,,,,
SV031,L,408,2,2,0,0,2,Stimulus,,,,,,,,,,,,
SV031,L,409,3,0,1,1,3,Stimulus,,,,,,,,,,,,
SV031,L,410,3,3,0,0,3,Stimulus,,,,,,,,2.5,2.5,152.0,152.0,24.0
SV031,L,411,2,2,0,1,2,Stimulus,,,,,,,,,,,,
SV031,L,412,2,2,1,1,2,Stimulus,,,,,,,,,,,,
SV031,L,413,3,3,0,1,3,Stimulus,,,,,,,,,,,,
SV031,L,414,3,3,1,0,3,Stimulus,1017.1,1017.1,1204.6,1204.6,3171.0,3171.0,186.0,0.6,0.6,65.0,65.0,12.0
SV031,L,415,3,3,0,0,3,Stimulus,,,,,,,,,,,,
SV031,L,416,3,2,0,1,2,Stimulus,,,,,,,,1.2,1.2,101.0,101.0,16.0
SV031,L,417,2,2,0,1,2,Stimulus,,,,,,,,,,,,
SV031,L,418,3,3,0,0,3,Stimulus,,,,,,,,6.4,6.4,164.0,164.0,50.0
SV031,L,419,2,3,0,1,3,Stimulus,,,,,,,,6.8,6.8,224.0,224.0,42.0
SV031,L,420,3,0,0,1,0,Stimulus,,,,,,,,,,,,
SV031,L,421,3,3,1,1,3,Stimulus,,,,,,,,,,,,
SV031,L,422,3,2,0,0,2,Stimulus,,,,,,,,,,,,
SV031,L,423,3,0,1,1,0,Stimulus,,,,,,,,,,,,
SV031,L,424,3,0,1,0,0,Stimulus,,,,,,,,,,,,
SV031,L,425,3,2,0,1,2,Stimulus,,,,,,,,,,,,
SV031,L,426,2,3,0,1,3,Stimulus,,,,,,,,,,,,
SV031,L,427,2,2,0,1,2,Stimulus,,,,,,,,,,,,
SV031,L,428,3,0,0,0,0,Stimulus,,,,,,,,,,,,
SV031,L,429,3,2,1,1,2,Stimulus,,,,,,,,,,,,
SV031,L,430,3,0,0,0,0,Stimulus,,,,,,,,,,,,
SV031,L,431,3,3,0,0,3,Stimulus,,,,,,,,,,,,
SV031,L,432,3,0,0,0,0,Stimulus,,,,,,,,,,,,
SV031,L,433,2,2,1,1,0,Stimulus,,,,,,,,,,,,
SV031,L,434,2,0,1,0,0,Stimulus,,,,,,,,,,,,
SV031,L,435,2,3,1,1,3,Stimulus,,,,,,,,,,,,
SV031,L,436,2,0,1,0,0,Stimulus,,,,,,,,,,,,
SV031,L,437,2,0,0,0,0,Stimulus,,,,,,,,,,,,
SV031,L,438,3,2,1,1,2,Stimulus,,,,,,,,,,,,
SV031,L,439,3,3,1,1,3,Stimulus,,,,,,,,,,,,
SV031,L,440,3,0,1,1,0,Stimulus,,,,,,,,,,,,
SV031,L,441,3,0,1,1,0,Stimulus,,,,,,,,,,,,
SV031,L,442,2,3,1,1,3,Stimulus,,,,,,,,,,,,
SV031,L,443,3,0,0,1,0,Stimulus,,,,,,,,,,,,
SV031,L,444,2,3,0,0,3,Stimulus,,,,,,,,,,,,
SV031,L,445,2,3,1,0,3,Stimulus,,,,,,,,,,,,
SV031,L,446,3,2,1,1,2,Stimulus,,,,,,,,,,,,
SV031,L,447,2,2,1,1,2,Stimulus,,,,,,,,,,,,
SV031,L,448,3,3,1,0,3,Stimulus,,,,,,,,,,,,
SV031,L,449,3,0,1,0,0,Stimulus,,,,,,,,1.6,1.6,91.0,91.0,22.0
SV031,L,450,3,3,1,1,3,Stimulus,,,,,,,,1.4,1.4,99.0,99.0,18.0
SV031,L,451,3,2,0,0,2,Stimulus,,,,,,,,,,,,
SV031,L,452,3,3,1,0,3,Stimulus,,,,,,,,0.7,0.7,807.0,807.0,120.0
SV031,L,453,2,0,0,1,0,Stimulus,,,,,,,,,,,,
SV031,L,454,3,3,1,0,3,Stimulus,,,,,,,,0.8,0.8,72.0,72.0,14.0
SV031,L,455,2,2,0,0,2,Stimulus,,,,,,,,,,,,
SV031,L,456,3,0,0,1,0,Stimulus,,,,,,,,,,,,
SV031,L,457,3,0,0,1,0,Stimulus,,,,,,,,,,,,
SV031,L,458,3,2,0,0,2,Stimulus,,,,,,,,,,,,
SV031,L,459,3,3,0,0,3,Stimulus,,,,,,,,2.2,2.2,113.0,113.0,26.0
SV031,L,460,3,0,0,1,0,Stimulus,,,,,,,,,,,,
SV031,L,461,3,0,1,1,0,Stimulus,,,,,,,,,,,,
SV031,L,462,2,0,1,1,0,Stimulus,,,,,,,,8.1,8.1,305.0,305.0,44.0
SV031,L,463,2,0,0,1,0,Stimulus,,,,,,,,5.8,5.8,179.0,179.0,42.0
SV031,L,464,3,3,1,0,3,Stimulus,,,,,,,,5.9,5.9,204.0,204.0,40.0
SV031,L,465,2,0,0,0,0,Stimulus,,,,,,,,,,,,
SV031,L,466,2,0,1,1,0,Stimulus,679.5,679.5,1273.6,1273.6,3860.0,3860.0,26.0,,,,,
SV031,L,467,3,3,0,0,3,Stimulus,,,,,,,,,,,,
SV031,L,468,2,2,1,0,2,Stimulus,,,,,,,,,,,,
SV031,L,469,2,2,0,0,2,Stimulus,,,,,,,,,,,,
SV031,L,470,2,0,1,0,0,Stimulus,,,,,,,,,,,,
SV031,L,471,2,0,1,0,0,Stimulus,,,,,,,,9.2,9.2,239.0,239.0,58.0
SV031,L,472,3,2,1,0,2,Stimulus,,,,,,,,,,,,
SV031,L,473,2,2,1,1,2,Stimulus,,,,,,,,,,,,
SV031,L,474,2,0,0,1,0,Stimulus,,,,,,,,1.3,1.3,1040.0,1040.0,114.0
SV031,L,475,2,0,1,0,0,Stimulus,,,,,,,,,,,,
SV031,L,476,2,2,0,1,2,Stimulus,,,,,,,,7.6,7.6,280.0,280.0,44.0
SV031,L,477,2,3,0,1,3,Stimulus,,,,,,,,,,,,
SV031,L,478,2,0,1,0,0,Stimulus,,,,,,,,1.2,1.2,81.0,81.0,18.0
SV031,L,479,3,0,0,1,0,Stimulus,,,,,,,,7.7,7.7,219.0,219.0,52.0
SV031,L,480,2,2,0,0,2,Stimulus,,,,,,,,,,,,
SV031,R,1,3,3,1,1,3,Stimulus,,,,,,,,,,,,
SV031,R,2,2,3,0,0,3,Stimulus,,,,,,,,,,,,
SV031,R,3,3,3,0,1,2,Stimulus,,,,,,,,,,,,
SV031,R,4,2,2,0,1,2,Stimulus,,,,,,,,,,,,
SV031,R,5,2,0,0,1,3,Stimulus,,,,,,,,,,,,
SV031,R,6,2,0,1,1,2,Stimulus,,,,,,,,,,,,
SV031,R,7,3,0,0,1,2,Stimulus,,,,,,,,,,,,
SV031,R,8,2,0,0,1,2,Stimulus,,,,,,,,,,,,
SV031,R,9,3,2,0,1,2,Stimulus,,,,,,,,,,,,
SV031,R,10,2,2,0,0,2,Stimulus,,,,,,,,,,,,
SV031,R,11,3,2,0,1,2,Stimulus,,,,,,,,,,,,
SV031,R,12,2,0,0,0,2,Stimulus,,,,,,,,,,,,
SV031,R,13,3,2,1,1,2,Stimulus,,,,,,,,,,,,
SV031,R,14,2,2,0,0,2,Stimulus,,,,,,,,,,,,
SV031,R,15,3,0,1,0,3,Stimulus,,,,,,,,,,,,
SV031,R,16,2,0,0,0,2,Stimulus,,,,,,,,,,,,
SV031,R,17,3,0,1,1,3,Stimulus,,,,,,,,,,,,
SV031,R,18,3,3,0,1,3,Stimulus,,,,,,,,,,,,
SV031,R,19,2,2,0,1,2,Stimulus,,,,,,,,,,,,
SV031,R,20,2,3,1,1,3,Stimulus,,,,,,,,,,,,
SV031,R,21,3,0,1,1,3,Stimulus,,,,,,,,,,,,
SV031,R,22,3,3,0,0,3,Stimulus,,,,,,,,,,,,
SV031,R,23,3,0,0,1,3,Stimulus,,,,,,,,,,,,
SV031,R,24,3,2,0,0,2,Stimulus,,,,,,,,,,,,
SV031,R,25,2,0,0,1,2,Stimulus,,,,,,,,,,,,
SV031,R,26,3,0,1,1,2,Stimulus,,,,,,,,,,,,
SV031,R,27,2,3,1,1,3,Stimulus,,,,,,,,,,,,
SV031,R,28,2,3,0,0,3,Stimulus,,,,,,,,,,,,
SV031,R,29,3,0,0,1,2,Stimulus,,,,,,,,,,,,
SV031,R,30,3,0,1,1,3,Stimulus,,,,,,,,,,,,
SV031,R,31,2,2,1,0,2,Stimulus,,,,,,,,,,,,
SV031,R,32,2,0,1,1,2,Stimulus,,,,,,,,,,,,
SV031,R,33,3,2,1,1,2,Stimulus,,,,,,,,,,,,
SV031,R,34,3,3,1,1,3,Stimulus,,,,,,,,,,,,
SV031,R,35,2,3,1,0,3,Stimulus,,,,,,,,,,,,
SV031,R,36,2,0,0,0,2,Stimulus,,,,,,,,,,,,
SV031,R,37,2,2,1,1,2,Stimulus,,,,,,,,,,,,
SV031,R,38,2,2,0,0,2,Stimulus,,,,,,,,,,,,
SV031,R,39,2,3,0,1,3,Stimulus,,,,,,,,,,,,
SV031,R,40,2,3,0,0,3,Stimulus,,,,,,,,,,,,
SV031,R,41,3,2,0,1,2,Stimulus,,,,,,,,,,,,
SV031,R,42,3,2,0,0,2,Stimulus,,,,,,,,,,,,
SV031,R,43,2,3,1,1,3,Stimulus,,,,,,,,,,,,
SV031,R,44,3,0,1,1,2,Stimulus,,,,,,,,,,,,
SV031,R,45,3,3,1,0,3,Stimulus,,,,,,,,,,,,
SV031,R,46,3,2,1,1,2,Stimulus,,,,,,,,,,,,
SV031,R,47,3,2,0,0,2,Stimulus,,,,,,,,,,,,
SV031,R,48,2,3,0,1,3,Stimulus,,,,,,,,,,,,
SV031,R,49,3,0,1,0,2,Stimulus,,,,,,,,,,,,
SV031,R,50,3,3,0,0,3,Stimulus,,,,,,,,,,,,
SV031,R,51,2,2,1,0,2,Stimulus,,,,,,,,,,,,
SV031,R,52,3,0,0,0,3,Stimulus,,,,,,,,,,,,
SV031,R,53,3,0,0,0,3,Stimulus,,,,,,,,,,,,
SV031,R,54,2,3,0,1,3,Stimulus,,,,,,,,,,,,
SV031,R,55,3,0,0,0,3,Stimulus,,,,,,,,,,,,
SV031,R,56,3,3,0,0,3,Stimulus,,,,,,,,,,,,
SV031,R,57,2,2,0,0,2,Stimulus,,,,,,,,,,,,
SV031,R,58,3,0,0,0,3,Stimulus,,,,,,,,,,,,
SV031,R,59,3,3,0,1,3,Stimulus,,,,,,,,,,,,
SV031,R,60,3,3,1,1,3,Stimulus,,,,,,,,,,,,
SV031,R,61,3,3,1,1,3,Stimulus,,,,,,,,,,,,
SV031,R,62,3,0,0,1,2,Stimulus,,,,,,,,,,,,
SV031,R,63,2,2,1,0,2,Stimulus,,,,,,,,,,,,
SV031,R,64,2,3,1,0,3,Stimulus,,,,,,,,,,,,
SV031,R,65,2,3,1,0,3,Stimulus,,,,,,,,,,,,
SV031,R,66,2,2,1,0,2,Stimulus,,,,,,,,,,,,
SV031,R,67,2,0,1,0,2,Stimulus,,,,,,,,,,,,
SV031,R,68,3,0,0,0,3,Stimulus,,,,,,,,,,,,
SV031,R,69,3,3,1,1,3,Stimulus,,,,,,,,,,,,
SV031,R,70,3,0,0,0,3,Stimulus,,,,,,,,,,,,
SV031,R,71,2,2,0,0,2,Stimulus,,,,,,,,,,,,
SV031,R,72,3,2,1,1,2,Stimulus,,,,,,,,,,,,
SV031,R,73,2,3,0,1,3,Stimulus,,,,,,,,,,,,
SV031,R,74,2,3,0,1,3,Stimulus,,,,,,,,,,,,
SV031,R,75,2,0,1,1,2,Stimulus,,,,,,,,,,,,
SV031,R,76,2,2,1,0,2,Stimulus,,,,,,,,,,,,
SV031,R,77,3,2,1,0,2,Stimulus,,,,,,,,,,,,
SV031,R,78,3,3,0,0,3,Stimulus,,,,,,,,,,,,
SV031,R,79,3,2,0,0,2,Stimulus,,,,,,,,,,,,
SV031,R,80,3,0,1,0,3,Stimulus,,,,,,,,,,,,
SV031,R,81,3,2,0,0,2,Stimulus,,,,,,,,,,,,
SV031,R,82,2,0,0,0,2,Stimulus,,,,,,,,,,,,
SV031,R,83,2,2,0,1,2,Stimulus,,,,,,,,,,,,
SV031,R,84,3,0,0,0,3,Stimulus,,,,,,,,,,,,
SV031,R,85,2,0,0,0,2,Stimulus,,,,,,,,,,,,
SV031,R,86,3,0,0,1,2,Stimulus,,,,,,,,,,,,
SV031,R,87,2,0,0,1,2,Stimulus,,,,,,,,,,,,
SV031,R,88,2,0,1,0,3,Stimulus,,,,,,,,,,,,
SV031,R,89,3,0,1,0,3,Stimulus,,,,,,,,,,,,
SV031,R,90,3,2,1,1,2,Stimulus,,,,,,,,,,,,
SV031,R,91,2,3,1,0,3,Stimulus,,,,,,,,,,,,
SV031,R,92,3,0,0,1,2,Stimulus,,,,,,,,,,,,
SV031,R,93,3,0,1,0,2,Stimulus,,,,,,,,,,,,
SV031,R,94,3,3,0,1,3,Stimulus,,,,,,,,,,,,
SV031,R,95,3,0,1,0,3,Stimulus,,,,,,,,,,,,
SV031,R,96,2,2,1,0,2,Stimulus,,,,,,,,,,,,
SV031,R,97,2,3,0,1,3,Stimulus,,,,,,,,,,,,
SV031,R,98,3,3,0,1,3,Stimulus,,,,,,,,,,,,
SV031,R,99,2,0,1,1,2,Stimulus,,,,,,,,,,,,
SV031,R,100,3,2,1,1,2,Stimulus,,,,,,,,,,,,
SV031,R,101,3,0,1,1,2,Stimulus,,,,,,,,,,,,
SV031,R,102,3,2,0,1,2,Stimulus,,,,,,,,,,,,
SV031,R,103,3,2,0,0,2,Stimulus,,,,,,,,,,,,
SV031,R,104,3,0,0,1,2,Stimulus,,,,,,,,,,,,
SV031,R,105,2,2,1,1,2,Stimulus,,,,,,,,,,,,
SV031,R,106,3,2,0,0,2,Stimulus,,,,,,,,,,,,
SV031,R,107,3,0,0,0,3,Stimulus,,,,,,,,,,,,
SV031,R,108,3,2,1,1,2,Stimulus,,,,,,,,,,,,
SV031,R,109,3,0,0,0,3,Stimulus,,,,,,,,,,,,
SV031,R,110,3,2,1,0,2,Stimulus,,,,,,,,,,,,
SV031,R,111,2,2,0,1,2,Stimulus,,,,,,,,,,,,
SV031,R,112,3,2,0,0,2,Stimulus,,,,,,,,,,,,
SV031,R,113,2,3,0,0,3,Stimulus,,,,,,,,,,,,
SV031,R,114,2,2,0,1,2,Stimulus,,,,,,,,,,,,
SV031,R,115,3,3,1,0,3,Stimulus,,,,,,,,,,,,
SV031,R,116,2,3,0,0,3,Stimulus,,,,,,,,,,,,
SV031,R,117,3,3,0,1,3,Stimulus,,,,,,,,,,,,
SV031,R,118,2,2,0,0,2,Stimulus,1273.8,1273.8,1209.8,1209.8,3182.0,3182.0,160.0,5.7,5.7,194.0,194.0,40.0
SV031,R,119,3,3,0,0,3,Stimulus,,,,,,,,,,,,
SV031,R,120,2,2,1,0,2,Stimulus,,,,,,,,0.0,0.0,16.0,16.0,174.0
SV031,R,121,2,2,1,1,2,Stimulus,,,,,,,,,,,,
SV031,R,122,3,0,1,0,2,Stimulus,2008.0,2008.0,1005.2,1005.2,2609.0,2609.0,160.0,2.6,2.6,163.0,163.0,22.0
SV031,R,123,3,3,0,1,3,Stimulus,,,,,,,,,,,,
SV031,R,124,2,0,0,1,3,Stimulus,,,,,,,,,,,,
SV031,R,125,3,2,0,1,2,Stimulus,,,,,,,,,,,,
SV031,R,126,2,2,0,1,2,Stimulus,,,,,,,,,,,,
SV031,R,127,2,3,1,0,3,Stimulus,,,,,,,,,,,,
SV031,R,128,3,3,0,0,3,Stimulus,,,,,,,,,,,,
SV031,R,129,3,2,1,0,2,Stimulus,,,,,,,,,,,,
SV031,R,130,3,3,1,0,3,Stimulus,,,,,,,,,,,,
SV031,R,131,3,3,1,1,3,Stimulus,,,,,,,,,,,,
SV031,R,132,2,2,0,0,2,Stimulus,,,,,,,,,,,,
SV031,R,133,2,3,0,0,3,Stimulus,,,,,,,,,,,,
SV031,R,134,3,3,1,0,3,Stimulus,,,,,,,,,,,,
SV031,R,135,2,3,0,0,3,Stimulus,,,,,,,,,,,,
SV031,R,136,2,2,1,1,2,Stimulus,,,,,,,,,,,,
SV031,R,137,3,0,1,0,3,Stimulus,,,,,,,,,,,,
SV031,R,138,2,0,1,0,3,Stimulus,,,,,,,,,,,,
SV031,R,139,2,3,1,0,3,Stimulus,,,,,,,,,,,,
SV031,R,140,3,0,1,1,2,Stimulus,,,,,,,,,,,,
SV031,R,141,3,0,1,0,2,Stimulus,,,,,,,,,,,,
SV031,R,142,2,3,1,0,3,Stimulus,,,,,,,,,,,,
SV031,R,143,2,0,0,0,2,Stimulus,,,,,,,,,,,,
SV031,R,144,3,0,0,1,2,Stimulus,,,,,,,,,,,,
SV031,R,145,3,3,1,1,3,Stimulus,,,,,,,,,,,,
SV031,R,146,2,2,1,0,2,Stimulus,,,,,,,,,,,,
SV031,R,147,2,2,0,1,1,Stimulus,,,,,,,,,,,,
SV031,R,148,3,3,1,0,3,Stimulus,,,,,,,,,,,,
SV031,R,149,3,3,0,0,3,Stimulus,,,,,,,,,,,,
SV031,R,150,2,0,0,0,2,Stimulus,,,,,,,,,,,,
SV031,R,151,3,2,0,0,2,Stimulus,,,,,,,,,,,,
SV031,R,152,2,0,1,0,3,Stimulus,,,,,,,,,,,,
SV031,R,153,3,0,1,1,2,Stimulus,,,,,,,,,,,,
SV031,R,154,3,2,1,0,2,Stimulus,,,,,,,,,,,,
SV031,R,155,3,2,1,0,2,Stimulus,,,,,,,,,,,,
SV031,R,156,2,2,1,1,2,Stimulus,,,,,,,,,,,,
SV031,R,157,3,3,1,0,3,Stimulus,,,,,,,,,,,,
SV031,R,158,2,3,0,1,3,Stimulus,,,,,,,,,,,,
SV031,R,159,3,2,0,1,2,Stimulus,,,,,,,,,,,,
SV031,R,160,3,3,0,1,3,Stimulus,,,,,,,,,,,,
SV031,R,161,2,3,0,0,3,Stimulus,,,,,,,,,,,,
SV031,R,162,2,2,0,1,2,Stimulus,,,,,,,,,,,,
SV031,R,163,2,2,1,1,2,Stimulus,,,,,,,,,,,,
SV031,R,164,2,3,1,1,3,Stimulus,,,,,,,,,,,,
SV031,R,165,2,0,1,1,3,Stimulus,,,,,,,,,,,,
SV031,R,166,2,0,0,1,2,Stimulus,,,,,,,,,,,,
SV031,R,167,3,2,1,0,2,Stimulus,,,,,,,,,,,,
SV031,R,168,2,0,0,0,2,Stimulus,,,,,,,,,,,,
SV031,R,169,2,0,0,1,2,Stimulus,,,,,,,,,,,,
SV031,R,170,2,0,1,0,2,Stimulus,,,,,,,,,,,,
SV031,R,171,2,0,0,1,2,Stimulus,,,,,,,,,,,,
SV031,R,172,2,0,0,1,2,Stimulus,,,,,,,,,,,,
SV031,R,173,3,3,0,0,3,Stimulus,,,,,,,,,,,,
SV031,R,174,3,0,0,1,2,Stimulus,,,,,,,,,,,,
SV031,R,175,2,3,1,1,3,Stimulus,,,,,,,,,,,,
SV031,R,176,3,3,1,0,3,Stimulus,,,,,,,,,,,,
SV031,R,177,2,2,0,0,2,Stimulus,,,,,,,,,,,,
SV031,R,178,2,0,1,0,2,Stimulus,,,,,,,,,,,,
SV031,R,179,2,0,1,0,2,Stimulus,,,,,,,,,,,,
SV031,R,180,2,2,0,1,2,Stimulus,,,,,,,,,,,,
SV031,R,181,2,3,1,0,3,Stimulus,,,,,,,,,,,,
SV031,R,182,2,2,1,1,2,Stimulus,,,,,,,,,,,,
SV031,R,183,2,0,0,1,2,Stimulus,,,,,,,,,,,,
SV031,R,184,3,0,1,1,2,Stimulus,,,,,,,,,,,,
SV031,R,185,3,3,1,0,3,Stimulus,,,,,,,,,,,,
SV031,R,186,2,0,0,0,2,Stimulus,,,,,,,,,,,,
SV031,R,187,3,3,1,0,3,Stimulus,,,,,,,,,,,,
SV031,R,188,3,2,0,1,2,Stimulus,,,,,,,,,,,,
SV031,R,189,2,0,1,1,2,Stimulus,,,,,,,,,,,,
SV031,R,190,2,3,0,0,3,Stimulus,,,,,,,,,,,,
SV031,R,191,3,2,1,0,2,Stimulus,,,,,,,,,,,,
SV031,R,192,2,2,0,1,2,Stimulus,,,,,,,,,,,,
SV031,R,193,3,0,1,1,2,Stimulus,,,,,,,,,,,,
SV031,R,194,2,3,1,1,3,Stimulus,,,,,,,,,,,,
SV031,R,195,3,2,1,0,2,Stimulus,,,,,,,,,,,,
SV031,R,196,2,0,1,0,2,Stimulus,,,,,,,,,,,,
SV031,R,197,2,0,1,1,2,Stimulus,,,,,,,,,,,,
SV031,R,198,3,2,1,1,2,Stimulus,,,,,,,,,,,,
SV031,R,199,3,0,1,0,2,Stimulus,,,,,,,,,,,,
SV031,R,200,3,2,0,1,2,Stimulus,,,,,,,,,,,,
SV031,R,201,2,3,0,1,3,Stimulus,,,,,,,,,,,,
SV031,R,202,2,2,0,0,2,Stimulus,,,,,,,,,,,,
SV031,R,203,2,0,1,0,2,Stimulus,,,,,,,,,,,,
SV031,R,204,2,2,1,0,2,Stimulus,,,,,,,,,,,,
SV031,R,205,3,2,0,0,2,Stimulus,,,,,,,,,,,,
SV031,R,206,2,2,1,1,2,Stimulus,,,,,,,,,,,,
SV031,R,207,3,3,1,1,3,Stimulus,,,,,,,,,,,,
SV031,R,208,3,3,1,1,3,Stimulus,,,,,,,,,,,,
SV031,R,209,3,2,1,1,2,Stimulus,,,,,,,,,,,,
SV031,R,210,3,3,1,0,3,Stimulus,,,,,,,,,,,,
SV031,R,211,2,2,1,0,2,Stimulus,,,,,,,,,,,,
SV031,R,212,3,2,0,1,2,Stimulus,,,,,,,,,,,,
SV031,R,213,3,3,0,1,3,Stimulus,,,,,,,,,,,,
SV031,R,214,3,3,0,0,3,Stimulus,,,,,,,,,,,,
SV031,R,215,2,2,1,1,2,Stimulus,,,,,,,,,,,,
SV031,R,216,3,3,1,1,3,Stimulus,,,,,,,,,,,,
SV031,R,217,2,3,0,0,3,Stimulus,,,,,,,,,,,,
SV031,R,218,2,0,1,1,3,Stimulus,,,,,,,,,,,,
SV031,R,219,2,3,1,1,3,Stimulus,,,,,,,,,,,,
SV031,R,220,2,0,1,0,3,Stimulus,995.3,995.3,1283.9,1283.9,3650.0,3650.0,166.0,1.6500000000000001,2.7,88.5,118.0,20.0
SV031,R,221,3,3,0,0,3,Stimulus,,,,,,,,,,,,
SV031,R,222,2,3,1,0,3,Stimulus,,,,,,,,,,,,
SV031,R,223,3,2,1,0,2,Stimulus,,,,,,,,,,,,
SV031,R,224,2,3,1,1,3,Stimulus,,,,,,,,,,,,
SV031,R,225,2,2,0,0,2,Stimulus,,,,,,,,,,,,
SV031,R,226,3,2,1,0,2,Stimulus,,,,,,,,,,,,
SV031,R,227,3,2,0,1,2,Stimulus,,,,,,,,,,,,
SV031,R,228,3,0,0,1,3,Stimulus,,,,,,,,,,,,
SV031,R,229,2,3,0,1,3,Stimulus,,,,,,,,,,,,
SV031,R,230,3,3,0,1,3,Stimulus,,,,,,,,,,,,
SV031,R,231,2,0,1,1,2,Stimulus,,,,,,,,,,,,
SV031,R,232,2,3,1,1,3,Stimulus,,,,,,,,5.8,5.8,159.0,159.0,46.0
SV031,R,233,2,3,1,0,3,Stimulus,,,,,,,,,,,,
SV031,R,234,2,2,1,1,2,Stimulus,,,,,,,,,,,,
SV031,R,235,2,3,0,1,3,Stimulus,,,,,,,,,,,,
SV031,R,236,3,2,1,1,2,Stimulus,,,,,,,,,,,,
SV031,R,237,2,0,1,1,2,Stimulus,,,,,,,,6.3,6.3,230.0,230.0,42.0
SV031,R,238,2,3,1,1,3,Stimulus,2894.8,2894.8,2001.1,2001.1,1076.0,1076.0,26.0,1.3,1.3,106.0,106.0,14.0
SV031,R,239,3,0,0,0,3,Stimulus,,,,,,,,,,,,
SV031,R,240,2,0,0,0,2,Stimulus,,,,,,,,,,,,
SV031,R,241,3,2,0,0,2,Stimulus,,,,,,,,,,,,
SV031,R,242,3,0,1,0,0,Stimulus,,,,,,,,,,,,
SV031,R,243,2,3,0,0,3,Stimulus,,,,,,,,,,,,
SV031,R,244,3,3,0,1,3,Stimulus,,,,,,,,,,,,
SV031,R,245,2,3,0,1,3,Stimulus,,,,,,,,,,,,
SV031,R,246,2,0,1,1,0,Stimulus,,,,,,,,,,,,
SV031,R,247,2,2,0,1,2,Stimulus,,,,,,,,,,,,
SV031,R,248,3,0,1,1,3,Stimulus,,,,,,,,,,,,
SV031,R,249,3,3,0,1,3,Stimulus,,,,,,,,,,,,
SV031,R,250,3,0,0,0,3,Stimulus,,,,,,,,,,,,
SV031,R,251,2,3,1,1,2,Stimulus,,,,,,,,,,,,
SV031,R,252,2,3,1,0,3,Stimulus,,,,,,,,,,,,
SV031,R,253,2,0,0,0,0,Stimulus,,,,,,,,,,,,
SV031,R,254,2,0,1,0,0,Stimulus,,,,,,,,2.3,2.3,104.0,104.0,28.0
SV031,R,255,2,0,1,0,0,Stimulus,,,,,,,,,,,,
SV031,R,256,3,2,1,0,2,Stimulus,,,,,,,,,,,,
SV031,R,257,3,0,0,1,0,Stimulus,,,,,,,,,,,,
SV031,R,258,2,0,1,0,0,Stimulus,,,,,,,,,,,,
SV031,R,259,2,0,1,0,0,Stimulus,,,,,,,,,,,,
SV031,R,260,2,0,1,1,0,Stimulus,,,,,,,,,,,,
SV031,R,261,3,3,1,0,3,Stimulus,,,,,,,,,,,,
SV031,R,262,3,0,0,0,0,Stimulus,,,,,,,,,,,,
SV031,R,263,3,3,0,1,3,Stimulus,,,,,,,,,,,,
SV031,R,264,2,3,1,0,3,Stimulus,,,,,,,,,,,,
SV031,R,265,2,0,1,1,0,Stimulus,,,,,,,,,,,,
SV031,R,266,3,2,0,1,2,Stimulus,,,,,,,,,,,,
SV031,R,267,2,3,0,0,3,Stimulus,,,,,,,,,,,,
SV031,R,268,2,0,0,1,0,Stimulus,,,,,,,,,,,,
SV031,R,269,3,3,1,1,3,Stimulus,,,,,,,,,,,,
SV031,R,270,3,0,1,1,0,Stimulus,,,,,,,,,,,,
SV031,R,271,2,0,0,0,0,Stimulus,,,,,,,,,,,,
SV031,R,272,2,2,1,0,2,Stimulus,,,,,,,,,,,,
SV031,R,273,2,2,1,1,2,Stimulus,,,,,,,,,,,,
SV031,R,274,2,0,1,0,0,Stimulus,,,,,,,,,,,,
SV031,R,275,3,2,0,0,2,Stimulus,,,,,,,,,,,,
SV031,R,276,3,2,1,0,2,Stimulus,,,,,,,,,,,,
SV031,R,277,3,3,1,1,3,Stimulus,,,,,,,,,,,,
SV031,R,278,3,3,0,1,3,Stimulus,,,,,,,,,,,,
SV031,R,279,2,2,0,0,0,Stimulus,,,,,,,,,,,,
SV031,R,280,2,2,0,1,2,Stimulus,,,,,,,,,,,,
SV031,R,281,2,3,0,0,3,Stimulus,,,,,,,,,,,,
SV031,R,282,2,3,1,0,3,Stimulus,,,,,,,,,,,,
SV031,R,283,3,2,0,0,2,Stimulus,,,,,,,,,,,,
SV031,R,284,2,3,0,0,3,Stimulus,,,,,,,,,,,,
SV031,R,285,3,0,0,1,0,Stimulus,,,,,,,,,,,,
SV031,R,286,2,3,0,1,3,Stimulus,,,,,,,,,,,,
SV031,R,287,3,2,0,0,2,Stimulus,,,,,,,,,,,,
SV031,R,288,3,2,1,1,2,Stimulus,,,,,,,,,,,,
SV031,R,289,3,0,1,1,0,Stimulus,,,,,,,,,,,,
SV031,R,290,3,2,0,0,2,Stimulus,,,,,,,,,,,,
SV031,R,291,2,0,0,1,0,Stimulus,,,,,,,,,,,,
SV031,R,292,2,2,0,0,2,Stimulus,,,,,,,,,,,,
SV031,R,293,3,0,1,0,0,Stimulus,,,,,,,,,,,,
SV031,R,294,3,3,1,1,3,Stimulus,,,,,,,,,,,,
SV031,R,295,2,2,1,1,2,Stimulus,,,,,,,,,,,,
SV031,R,296,2,3,1,1,3,Stimulus,,,,,,,,,,,,
SV031,R,297,2,0,0,1,0,Stimulus,,,,,,,,,,,,
SV031,R,298,3,3,1,0,3,Stimulus,,,,,,,,,,,,
SV031,R,299,3,0,0,0,0,Stimulus,,,,,,,,,,,,
SV031,R,300,3,3,1,1,3,Stimulus,,,,,,,,,,,,
SV031,R,301,3,3,1,0,3,Stimulus,,,,,,,,,,,,
SV031,R,302,3,0,0,1,0,Stimulus,,,,,,,,,,,,
SV031,R,303,2,2,1,1,2,Stimulus,,,,,,,,,,,,
SV031,R,304,2,2,1,1,2,Stimulus,,,,,,,,,,,,
SV031,R,305,3,3,1,1,3,Stimulus,,,,,,,,,,,,
SV031,R,306,3,0,1,0,0,Stimulus,,,,,,,,,,,,
SV031,R,307,3,3,0,0,3,Stimulus,,,,,,,,,,,,
SV031,R,308,2,3,0,0,3,Stimulus,,,,,,,,,,,,
SV031,R,309,3,3,1,0,3,Stimulus,,,,,,,,,,,,
SV031,R,310,3,3,0,0,3,Stimulus,,,,,,,,,,,,
SV031,R,311,3,2,1,0,2,Stimulus,,,,,,,,,,,,
SV031,R,312,3,0,1,1,0,Stimulus,2170.2,2170.2,1619.5,1619.5,1937.0,1937.0,40.0,2.7,2.7,112.0,112.0,30.0
SV031,R,313,2,0,0,0,0,Stimulus,,,,,,,,,,,,
SV031,R,314,2,3,0,0,3,Stimulus,,,,,,,,,,,,
SV031,R,315,3,2,0,1,2,Stimulus,,,,,,,,,,,,
SV031,R,316,3,2,0,1,2,Stimulus,,,,,,,,,,,,
SV031,R,317,3,0,0,0,0,Stimulus,,,,,,,,,,,,
SV031,R,318,3,0,0,1,0,Stimulus,,,,,,,,,,,,
SV031,R,319,2,2,0,1,2,Stimulus,,,,,,,,,,,,
SV031,R,320,2,3,1,1,3,Stimulus,,,,,,,,,,,,
SV031,R,321,2,0,0,0,0,Stimulus,,,,,,,,,,,,
SV031,R,322,3,3,0,0,3,Stimulus,,,,,,,,,,,,
SV031,R,323,3,0,1,1,0,Stimulus,,,,,,,,,,,,
SV031,R,324,3,0,1,0,0,Stimulus,,,,,,,,,,,,
SV031,R,325,2,0,1,1,0,Stimulus,,,,,,,,,,,,
SV031,R,326,3,3,1,1,3,Stimulus,,,,,,,,,,,,
SV031,R,327,2,0,0,0,0,Stimulus,,,,,,,,,,,,
SV031,R,328,3,3,1,1,3,Stimulus,,,,,,,,,,,,
SV031,R,329,3,0,1,1,0,Stimulus,,,,,,,,,,,,
SV031,R,330,3,3,1,0,3,Stimulus,,,,,,,,,,,,
SV031,R,331,2,0,1,0,0,Stimulus,,,,,,,,,,,,
SV031,R,332,2,3,1,1,3,Stimulus,,,,,,,,,,,,
SV031,R,333,2,2,1,0,2,Stimulus,,,,,,,,,,,,
SV031,R,334,3,2,0,1,2,Stimulus,,,,,,,,,,,,
SV031,R,335,2,0,1,0,0,Stimulus,,,,,,,,,,,,
SV031,R,336,2,0,0,0,0,Stimulus,,,,,,,,,,,,
SV031,R,337,2,0,0,0,0,Stimulus,,,,,,,,,,,,
SV031,R,338,3,2,0,1,2,Stimulus,,,,,,,,,,,,
SV031,R,339,3,2,1,0,2,Stimulus,,,,,,,,,,,,
SV031,R,340,3,0,0,0,0,Stimulus,,,,,,,,,,,,
SV031,R,341,3,0,0,1,0,Stimulus,,,,,,,,,,,,
SV031,R,342,3,2,0,0,2,Stimulus,,,,,,,,,,,,
SV031,R,343,3,2,1,1,2,Stimulus,,,,,,,,,,,,
SV031,R,344,2,2,0,0,2,Stimulus,,,,,,,,,,,,
SV031,R,345,2,2,1,0,2,Stimulus,,,,,,,,,,,,
SV031,R,346,3,0,1,0,0,Stimulus,,,,,,,,,,,,
SV031,R,347,2,0,1,0,0,Stimulus,,,,,,,,,,,,
SV031,R,348,3,3,1,0,3,Stimulus,,,,,,,,,,,,
SV031,R,349,2,0,1,1,2,Stimulus,,,,,,,,,,,,
SV031,R,350,3,0,1,1,2,Stimulus,,,,,,,,,,,,
SV031,R,351,3,2,0,0,2,Stimulus,,,,,,,,,,,,
SV031,R,352,3,3,0,0,3,Stimulus,,,,,,,,,,,,
SV031,R,353,3,2,0,1,2,Stimulus,,,,,,,,,,,,
SV031,R,354,2,3,0,1,3,Stimulus,,,,,,,,,,,,
SV031,R,355,3,3,0,0,3,Stimulus,,,,,,,,,,,,
SV031,R,356,3,0,0,0,0,Stimulus,,,,,,,,,,,,
SV031,R,357,2,2,0,1,2,Stimulus,,,,,,,,,,,,
SV031,R,358,3,3,1,1,3,Stimulus,,,,,,,,,,,,
SV031,R,359,2,0,1,1,0,Stimulus,,,,,,,,,,,,
SV031,R,360,2,3,1,1,3,Stimulus,,,,,,,,,,,,
SV031,R,361,2,3,0,0,3,Stimulus,,,,,,,,,,,,
SV031,R,362,2,0,0,1,0,Stimulus,,,,,,,,,,,,
SV031,R,363,2,3,0,1,3,Stimulus,,,,,,,,,,,,
SV031,R,364,2,0,0,1,0,Stimulus,,,,,,,,,,,,
SV031,R,365,2,2,0,1,2,Stimulus,,,,,,,,,,,,
SV031,R,366,3,2,1,0,2,Stimulus,,,,,,,,,,,,
SV031,R,367,2,3,1,0,3,Stimulus,,,,,,,,,,,,
SV031,R,368,2,0,1,1,0,Stimulus,,,,,,,,,,,,
SV031,R,369,2,2,1,0,2,Stimulus,,,,,,,,,,,,
SV031,R,370,2,3,1,0,3,Stimulus,,,,,,,,,,,,
SV031,R,371,3,2,1,0,2,Stimulus,,,,,,,,,,,,
SV031,R,372,3,3,0,1,3,Stimulus,,,,,,,,,,,,
SV031,R,373,3,3,0,1,3,Stimulus,,,,,,,,,,,,
SV031,R,374,2,3,0,0,3,Stimulus,,,,,,,,,,,,
SV031,R,375,3,0,0,0,0,Stimulus,,,,,,,,,,,,
SV031,R,376,2,3,1,1,3,Stimulus,,,,,,,,,,,,
SV031,R,377,2,2,0,0,2,Stimulus,,,,,,,,,,,,
SV031,R,378,3,2,1,1,2,Stimulus,,,,,,,,,,,,
SV031,R,379,3,2,0,0,2,Stimulus,,,,,,,,,,,,
SV031,R,380,2,2,0,1,2,Stimulus,,,,,,,,,,,,
SV031,R,381,2,2,1,1,2,Stimulus,,,,,,,,,,,,
SV031,R,382,3,2,1,1,2,Stimulus,,,,,,,,,,,,
SV031,R,383,3,2,1,1,2,Stimulus,,,,,,,,,,,,
SV031,R,384,3,2,1,1,2,Stimulus,,,,,,,,,,,,
SV031,R,385,3,2,0,1,2,Stimulus,,,,,,,,,,,,
SV031,R,386,3,0,0,1,0,Stimulus,,,,,,,,,,,,
SV031,R,387,3,2,1,0,2,Stimulus,,,,,,,,,,,,
SV031,R,388,3,0,0,0,0,Stimulus,,,,,,,,,,,,
SV031,R,389,2,0,0,1,0,Stimulus,,,,,,,,,,,,
SV031,R,390,3,3,0,1,3,Stimulus,,,,,,,,,,,,
SV031,R,391,3,2,1,1,2,Stimulus,,,,,,,,,,,,
SV031,R,392,2,2,0,1,2,Stimulus,,,,,,,,,,,,
SV031,R,393,2,0,1,1,0,Stimulus,,,,,,,,,,,,
SV031,R,394,2,3,1,0,3,Stimulus,,,,,,,,,,,,
SV031,R,395,3,0,1,0,0,Stimulus,,,,,,,,,,,,
SV031,R,396,3,2,0,1,2,Stimulus,,,,,,,,,,,,
SV031,R,397,3,3,0,0,3,Stimulus,,,,,,,,,,,,
SV031,R,398,3,2,1,1,2,Stimulus,,,,,,,,,,,,
SV031,R,399,2,2,1,0,2,Stimulus,,,,,,,,,,,,
SV031,R,400,2,2,0,1,2,Stimulus,,,,,,,,,,,,
SV031,R,401,3,0,0,1,0,Stimulus,,,,,,,,,,,,
SV031,R,402,2,2,1,0,2,Stimulus,,,,,,,,,,,,
SV031,R,403,2,2,1,0,2,Stimulus,,,,,,,,,,,,
SV031,R,404,2,2,0,0,2,Stimulus,,,,,,,,,,,,
SV031,R,405,2,2,0,0,2,Stimulus,,,,,,,,,,,,
SV031,R,406,3,2,1,0,2,Stimulus,,,,,,,,,,,,
SV031,R,407,3,0,1,1,0,Stimulus,,,,,,,,,,,,
SV031,R,408,3,3,1,0,3,Stimulus,,,,,,,,,,,,
SV031,R,409,3,3,1,0,3,Stimulus,,,,,,,,,,,,
SV031,R,410,3,0,1,0,0,Stimulus,,,,,,,,,,,,
SV031,R,411,2,2,1,1,2,Stimulus,,,,,,,,,,,,
SV031,R,412,2,0,1,1,0,Stimulus,,,,,,,,,,,,
SV031,R,413,2,2,1,0,2,Stimulus,,,,,,,,,,,,
SV031,R,414,3,3,0,0,3,Stimulus,,,,,,,,,,,,
SV031,R,415,3,0,1,0,0,Stimulus,,,,,,,,,,,,
SV031,R,416,3,3,0,1,3,Stimulus,,,,,,,,,,,,
SV031,R,417,2,0,0,0,0,Stimulus,,,,,,,,,,,,
SV031,R,418,2,3,0,1,3,Stimulus,,,,,,,,,,,,
SV031,R,419,3,0,0,1,0,Stimulus,,,,,,,,,,,,
SV031,R,420,2,0,0,0,0,Stimulus,,,,,,,,,,,,
SV031,R,421,2,0,0,1,0,Stimulus,,,,,,,,,,,,
SV031,R,422,2,2,0,1,2,Stimulus,,,,,,,,,,,,
SV031,R,423,3,0,0,1,0,Stimulus,,,,,,,,,,,,
SV031,R,424,2,3,1,1,3,Stimulus,,,,,,,,,,,,
SV031,R,425,3,3,0,0,3,Stimulus,,,,,,,,,,,,
SV031,R,426,2,3,1,0,3,Stimulus,,,,,,,,,,,,
SV031,R,427,3,3,1,1,3,Stimulus,,,,,,,,,,,,
SV031,R,428,2,3,1,1,3,Stimulus,,,,,,,,,,,,
SV031,R,429,2,2,0,0,2,Stimulus,,,,,,,,,,,,
SV031,R,430,3,3,0,0,3,Stimulus,,,,,,,,,,,,
SV031,R,431,2,3,0,1,3,Stimulus,,,,,,,,,,,,
SV031,R,432,3,0,0,0,0,Stimulus,,,,,,,,,,,,
SV031,R,433,3,3,0,0,3,Stimulus,,,,,,,,,,,,
SV031,R,434,3,0,1,0,0,Stimulus,,,,,,,,,,,,
SV031,R,435,2,0,0,1,0,Stimulus,,,,,,,,,,,,
SV031,R,436,3,2,1,0,2,Stimulus,,,,,,,,,,,,
SV031,R,437,3,2,0,0,2,Stimulus,,,,,,,,,,,,
SV031,R,438,2,3,1,1,3,Stimulus,,,,,,,,,,,,
SV031,R,439,2,3,1,0,3,Stimulus,,,,,,,,,,,,
SV031,R,440,2,3,1,1,3,Stimulus,,,,,,,,,,,,
SV031,R,441,2,3,1,0,3,Stimulus,,,,,,,,,,,,
SV031,R,442,2,0,0,1,0,Stimulus,,,,,,,,,,,,
SV031,R,443,2,2,1,0,2,Stimulus,,,,,,,,,,,,
SV031,R,444,3,3,0,1,3,Stimulus,,,,,,,,,,,,
SV031,R,445,2,0,1,0,0,Stimulus,,,,,,,,,,,,
SV031,R,446,3,3,0,1,3,Stimulus,,,,,,,,,,,,
SV031,R,447,3,0,1,1,0,Stimulus,,,,,,,,,,,,
SV031,R,448,2,3,1,0,3,Stimulus,,,,,,,,,,,,
SV031,R,449,2,2,1,0,2,Stimulus,,,,,,,,,,,,
SV031,R,450,3,3,1,0,3,Stimulus,,,,,,,,,,,,
SV031,R,451,3,0,1,1,0,Stimulus,,,,,,,,,,,,
SV031,R,452,2,3,0,1,3,Stimulus,,,,,,,,,,,,
SV031,R,453,3,0,1,0,0,Stimulus,,,,,,,,,,,,
SV031,R,454,3,2,0,1,2,Stimulus,,,,,,,,,,,,
SV031,R,455,3,3,1,1,3,Stimulus,,,,,,,,,,,,
SV031,R,456,2,0,1,1,0,Stimulus,,,,,,,,,,,,
SV031,R,457,2,2,0,1,2,Stimulus,,,,,,,,,,,,
SV031,R,458,2,0,0,1,0,Stimulus,,,,,,,,,,,,
SV031,R,459,2,3,0,1,3,Stimulus,,,,,,,,,,,,
SV031,R,460,2,3,0,1,3,Stimulus,,,,,,,,,,,,
SV031,R,461,3,0,0,1,0,Stimulus,,,,,,,,,,,,
SV031,R,462,2,2,1,1,2,Stimulus,,,,,,,,,,,,
SV031,R,463,3,0,0,0,0,Stimulus,,,,,,,,,,,,
SV031,R,464,3,2,0,0,2,Stimulus,,,,,,,,,,,,
SV031,R,465,2,3,0,0,3,Stimulus,,,,,,,,,,,,
SV031,R,466,2,2,1,1,2,Stimulus,,,,,,,,,,,,
SV031,R,467,2,3,0,0,3,Stimulus,,,,,,,,,,,,
SV031,R,468,3,3,1,0,3,Stimulus,,,,,,,,,,,,
SV031,R,469,2,2,0,0,2,Stimulus,,,,,,,,,,,,
SV031,R,470,3,2,1,0,2,Stimulus,,,,,,,,,,,,
SV031,R,471,2,2,1,1,2,Stimulus,,,,,,,,,,,,
SV031,R,472,3,2,0,1,2,Stimulus,,,,,,,,,,,,
SV031,R,473,2,0,1,0,0,Stimulus,,,,,,,,,,,,
SV031,R,474,2,3,0,1,3,Stimulus,,,,,,,,,,,,
SV031,R,475,3,2,1,1,2,Stimulus,,,,,,,,,,,,
SV031,R,476,3,2,1,1,2,Stimulus,,,,,,,,,,,,
SV031,R,477,2,2,0,0,2,Stimulus,,,,,,,,,,,,
SV031,R,478,2,0,0,0,2,Stimulus,2041.9,2135.4,1422.35,1784.3,2652.0,3052.0,39.0,5.166666666666667,7.9,221.66666666666666,314.0,35.333333333333336
SV031,R,479,2,2,1,1,2,Stimulus,,,,,,,,,,,,
SV031,R,480,2,2,0,0,2,Stimulus,,,,,,,,,,,,
