subj_id,eye,trial_no,n_flash,n_beep,direction,blindspot,response,phase,fixation_x_mean,fixation_x_max,fixation_y_mean,fixation_y_max,pupil_avg_mean,pupil_avg_max,fixation_duration_mean,saccade_amplitude_mean,saccade_amplitude_max,saccade_velocity_mean,saccade_velocity_max,saccade_duration_mean
SV032,L,1,2,2,0,0,2,Fixation,,,,,,,,,,,,
SV032,L,2,3,0,1,1,2,Fixation,,,,,,,,,,,,
SV032,L,3,2,3,0,1,2,Fixation,,,,,,,,,,,,
SV032,L,4,3,2,1,0,3,Fixation,,,,,,,,,,,,
SV032,L,5,3,0,1,0,3,Fixation,,,,,,,,,,,,
SV032,L,6,3,3,1,1,2,Fixation,,,,,,,,,,,,
SV032,L,7,3,0,0,1,2,Fixation,,,,,,,,,,,,
SV032,L,8,2,0,0,1,2,Fixation,,,,,,,,,,,,
SV032,L,9,3,3,1,1,1,Fixation,,,,,,,,,,,,
SV032,L,10,3,2,1,0,2,Fixation,,,,,,,,,,,,
SV032,L,11,3,2,1,0,2,Fixation,,,,,,,,,,,,
SV032,L,12,2,2,0,0,2,Fixation,,,,,,,,,,,,
SV032,L,13,3,2,0,0,2,Fixation,,,,,,,,,,,,
SV032,L,14,3,3,1,0,3,Fixation,,,,,,,,,,,,
SV032,L,15,2,3,1,1,2,Fixation,,,,,,,,,,,,
SV032,L,16,3,2,0,1,2,Fixation,,,,,,,,,,,,
SV032,L,17,3,3,1,1,2,Fixation,,,,,,,,,,,,
SV032,L,18,2,3,0,0,2,Fixation,,,,,,,,,,,,
SV032,L,19,2,3,0,1,2,Fixation,,,,,,,,,,,,
SV032,L,20,3,2,0,0,2,Fixation,,,,,,,,,,,,
SV032,L,21,3,2,0,0,2,Fixation,,,,,,,,,,,,
SV032,L,22,3,3,0,1,2,Fixation,,,,,,,,,,,,
SV032,L,23,2,0,1,1,2,Fixation,,,,,,,,,,,,
SV032,L,24,2,2,1,1,2,Fixation,,,,,,,,,,,,
SV032,L,25,2,0,0,0,2,Fixation,,,,,,,,,,,,
SV032,L,26,3,0,0,0,2,Fixation,,,,,,,,,,,,
SV032,L,27,2,0,1,1,2,Fixation,,,,,,,,,,,,
SV032,L,28,3,2,1,1,2,Fixation,,,,,,,,,,,,
SV032,L,29,3,3,0,1,2,Fixation,,,,,,,,,,,,
SV032,L,30,3,3,0,1,2,Fixation,,,,,,,,,,,,
SV032,L,31,3,3,1,0,2,Fixation,,,,,,,,,,,,
SV032,L,32,2,2,0,0,2,Fixation,,,,,,,,,,,,
SV032,L,33,2,0,0,1,2,Fixation,,,,,,,,,,,,
SV032,L,34,3,0,0,1,2,Fixation,,,,,,,,,,,,
SV032,L,35,3,2,0,1,2,Fixation,,,,,,,,,,,,
SV032,L,36,2,0,0,0,2,Fixation,,,,,,,,,,,,
SV032,L,37,2,0,0,1,1,Fixation,,,,,,,,,,,,
SV032,L,38,2,0,1,0,2,Fixation,,,,,,,,,,,,
SV032,L,39,3,2,0,1,2,Fixation,,,,,,,,,,,,
SV032,L,40,2,0,1,0,2,Fixation,,,,,,,,,,,,
SV032,L,41,3,2,0,0,2,Fixation,,,,,,,,,,,,
SV032,L,42,3,3,1,0,2,Fixation,,,,,,,,,,,,
SV032,L,43,3,0,1,0,2,Fixation,,,,,,,,,,,,
SV032,L,44,3,3,0,0,2,Fixation,,,,,,,,,,,,
SV032,L,45,3,3,0,0,2,Fixation,,,,,,,,,,,,
SV032,L,46,3,3,0,1,2,Fixation,,,,,,,,,,,,
SV032,L,47,2,2,0,0,2,Fixation,,,,,,,,,,,,
SV032,L,48,2,3,0,1,2,Fixation,,,,,,,,,,,,
SV032,L,49,3,2,0,1,2,Fixation,,,,,,,,,,,,
SV032,L,50,2,0,1,0,2,Fixation,,,,,,,,,,,,
SV032,L,51,2,2,1,0,2,Fixation,,,,,,,,,,,,
SV032,L,52,3,0,0,1,2,Fixation,,,,,,,,,,,,
SV032,L,53,3,3,0,1,2,Fixation,,,,,,,,,,,,
SV032,L,54,3,2,0,1,1,Fixation,,,,,,,,,,,,
SV032,L,55,3,3,0,0,2,Fixation,,,,,,,,,,,,
SV032,L,56,3,3,1,1,1,Fixation,,,,,,,,,,,,
SV032,L,57,2,2,1,0,2,Fixation,,,,,,,,,,,,
SV032,L,58,2,3,1,1,2,Fixation,,,,,,,,,,,,
SV032,L,59,2,3,0,0,2,Fixation,,,,,,,,,,,,
SV032,L,60,2,3,0,1,2,Fixation,,,,,,,,,,,,
SV032,L,61,3,0,1,1,2,Fixation,,,,,,,,,,,,
SV032,L,62,2,3,1,1,1,Fixation,,,,,,,,,,,,
SV032,L,63,2,3,0,1,2,Fixation,,,,,,,,,,,,
SV032,L,64,2,2,1,1,1,Fixation,,,,,,,,,,,,
SV032,L,65,2,3,1,0,2,Fixation,,,,,,,,,,,,
SV032,L,66,3,0,0,1,2,Fixation,,,,,,,,,,,,
SV032,L,67,3,3,0,1,2,Fixation,,,,,,,,,,,,
SV032,L,68,3,3,0,0,2,Fixation,,,,,,,,,,,,
SV032,L,69,3,0,1,0,3,Fixation,,,,,,,,,,,,
SV032,L,70,3,3,1,0,3,Fixation,,,,,,,,,,,,
SV032,L,71,2,3,1,1,2,Fixation,,,,,,,,,,,,
SV032,L,72,2,0,0,0,2,Fixation,,,,,,,,,,,,
SV032,L,73,2,2,1,0,2,Fixation,,,,,,,,,,,,
SV032,L,74,3,2,0,0,2,Fixation,,,,,,,,,,,,
SV032,L,75,2,0,1,0,2,Fixation,,,,,,,,,,,,
SV032,L,76,3,2,1,0,2,Fixation,,,,,,,,,,,,
SV032,L,77,3,0,0,0,2,Fixation,,,,,,,,,,,,
SV032,L,78,2,3,0,1,2,Fixation,,,,,,,,,,,,
SV032,L,79,3,3,1,0,2,Fixation,,,,,,,,,,,,
SV032,L,80,2,3,0,1,2,Fixation,,,,,,,,,,,,
SV032,L,81,3,0,0,0,2,Fixation,,,,,,,,,,,,
SV032,L,82,3,2,1,1,1,Fixation,,,,,,,,,,,,
SV032,L,83,2,3,1,1,2,Fixation,,,,,,,,,,,,
SV032,L,84,2,0,1,0,2,Fixation,,,,,,,,,,,,
SV032,L,85,2,2,1,0,2,Fixation,,,,,,,,,,,,
SV032,L,86,2,2,0,1,2,Fixation,,,,,,,,,,,,
SV032,L,87,2,2,0,1,1,Fixation,,,,,,,,,,,,
SV032,L,88,2,0,1,0,2,Fixation,,,,,,,,,,,,
SV032,L,89,3,2,1,0,2,Fixation,,,,,,,,,,,,
SV032,L,90,2,0,1,1,1,Fixation,,,,,,,,,,,,
SV032,L,91,2,3,1,0,2,Fixation,,,,,,,,,,,,
SV032,L,92,3,0,0,0,2,Fixation,,,,,,,,,,,,
SV032,L,93,3,2,0,1,1,Fixation,,,,,,,,,,,,
SV032,L,94,2,2,1,0,2,Fixation,,,,,,,,,,,,
SV032,L,95,2,3,1,0,2,Fixation,,,,,,,,,,,,
SV032,L,96,2,0,1,0,2,Fixation,,,,,,,,,,,,
SV032,L,97,2,2,0,1,1,Fixation,,,,,,,,,,,,
SV032,L,98,2,0,0,1,2,Fixation,,,,,,,,,,,,
SV032,L,99,3,2,0,1,1,Fixation,,,,,,,,,,,,
SV032,L,100,3,0,1,0,3,Fixation,,,,,,,,,,,,
SV032,L,101,2,2,1,1,1,Fixation,,,,,,,,,,,,
SV032,L,102,3,2,0,0,2,Fixation,,,,,,,,,,,,
SV032,L,103,3,3,1,0,3,Fixation,,,,,,,,,,,,
SV032,L,104,3,3,0,0,3,Fixation,,,,,,,,,,,,
SV032,L,105,2,0,1,1,2,Fixation,,,,,,,,,,,,
SV032,L,106,2,0,0,0,2,Fixation,,,,,,,,,,,,
SV032,L,107,3,0,1,1,2,Fixation,,,,,,,,,,,,
SV032,L,108,2,0,0,1,1,Fixation,,,,,,,,,,,,
SV032,L,109,3,0,0,1,1,Fixation,,,,,,,,,,,,
SV032,L,110,3,0,0,1,1,Fixation,,,,,,,,,,,,
SV032,L,111,2,3,0,0,2,Fixation,,,,,,,,,,,,
SV032,L,112,2,0,0,0,2,Fixation,,,,,,,,,,,,
SV032,L,113,3,0,1,1,2,Fixation,,,,,,,,,,,,
SV032,L,114,3,3,0,1,2,Fixation,,,,,,,,,,,,
SV032,L,115,3,3,1,0,2,Fixation,,,,,,,,,,,,
SV032,L,116,2,0,1,0,2,Fixation,,,,,,,,,,,,
SV032,L,117,2,2,0,1,1,Fixation,,,,,,,,,,,,
SV032,L,118,3,3,0,0,2,Fixation,,,,,,,,,,,,
SV032,L,119,2,0,1,1,2,Fixation,,,,,,,,,,,,
SV032,L,120,2,0,0,1,2,Fixation,,,,,,,,,,,,
SV032,L,121,2,3,0,0,2,Fixation,,,,,,,,,,,,
SV032,L,122,2,2,0,1,1,Fixation,,,,,,,,,,,,
SV032,L,123,2,2,0,0,2,Fixation,,,,,,,,,,,,
SV032,L,124,3,0,0,1,1,Fixation,,,,,,,,,,,,
SV032,L,125,3,0,0,1,2,Fixation,,,,,,,,,,,,
SV032,L,126,3,3,0,0,2,Fixation,,,,,,,,,,,,
SV032,L,127,2,3,1,1,2,Fixation,,,,,,,,,,,,
SV032,L,128,2,2,1,1,2,Fixation,,,,,,,,,,,,
SV032,L,129,2,3,1,1,2,Fixation,,,,,,,,,,,,
SV032,L,130,3,0,1,1,2,Fixation,,,,,,,,,,,,
SV032,L,131,3,0,1,0,3,Fixation,,,,,,,,,,,,
SV032,L,132,2,0,0,0,2,Fixation,,,,,,,,,,,,
SV032,L,133,3,2,0,0,2,Fixation,,,,,,,,,,,,
SV032,L,134,3,3,0,1,2,Fixation,,,,,,,,,,,,
SV032,L,135,3,0,1,0,3,Fixation,,,,,,,,,,,,
SV032,L,136,3,3,1,1,2,Fixation,,,,,,,,,,,,
SV032,L,137,3,3,1,1,2,Fixation,,,,,,,,,,,,
SV032,L,138,3,0,1,1,2,Fixation,,,,,,,,,,,,
SV032,L,139,2,2,1,1,1,Fixation,,,,,,,,,,,,
SV032,L,140,2,0,0,0,2,Fixation,,,,,,,,,,,,
SV032,L,141,3,3,1,1,2,Fixation,,,,,,,,,,,,
SV032,L,142,2,2,0,1,1,Fixation,,,,,,,,,,,,
SV032,L,143,2,3,1,0,2,Fixation,,,,,,,,,,,,
SV032,L,144,2,0,0,0,2,Fixation,,,,,,,,,,,,
SV032,L,145,2,0,1,1,1,Fixation,,,,,,,,,,,,
SV032,L,146,3,0,1,1,2,Fixation,,,,,,,,,,,,
SV032,L,147,3,3,0,1,1,Fixation,,,,,,,,,,,,
SV032,L,148,3,0,1,1,1,Fixation,,,,,,,,,,,,
SV032,L,149,2,2,1,1,1,Fixation,,,,,,,,,,,,
SV032,L,150,3,2,1,1,2,Fixation,,,,,,,,,,,,
SV032,L,151,3,2,0,1,2,Fixation,,,,,,,,,,,,
SV032,L,152,2,2,1,1,2,Fixation,,,,,,,,,,,,
SV032,L,153,3,0,0,1,2,Fixation,,,,,,,,,,,,
SV032,L,154,2,3,1,1,1,Fixation,,,,,,,,,,,,
SV032,L,155,2,0,1,1,1,Fixation,,,,,,,,,,,,
SV032,L,156,3,0,1,0,2,Fixation,,,,,,,,,,,,
SV032,L,157,3,2,1,1,1,Fixation,,,,,,,,,,,,
SV032,L,158,3,0,0,0,2,Fixation,,,,,,,,,,,,
SV032,L,159,3,2,1,1,2,Fixation,,,,,,,,,,,,
SV032,L,160,2,3,1,0,2,Fixation,,,,,,,,,,,,
SV032,L,161,2,3,0,1,2,Fixation,,,,,,,,,,,,
SV032,L,162,3,2,0,0,2,Fixation,,,,,,,,,,,,
SV032,L,163,2,3,0,0,2,Fixation,,,,,,,,,,,,
SV032,L,164,2,3,0,1,1,Fixation,,,,,,,,,,,,
SV032,L,165,2,2,0,1,1,Fixation,,,,,,,,,,,,
SV032,L,166,3,2,0,1,1,Fixation,,,,,,,,,,,,
SV032,L,167,2,2,0,1,1,Fixation,,,,,,,,,,,,
SV032,L,168,2,3,0,0,2,Fixation,,,,,,,,,,,,
SV032,L,169,2,0,0,1,1,Fixation,,,,,,,,,,,,
SV032,L,170,3,0,0,0,2,Fixation,,,,,,,,,,,,
SV032,L,171,2,3,1,1,2,Fixation,,,,,,,,,,,,
SV032,L,172,3,0,1,0,1,Fixation,,,,,,,,,,,,
SV032,L,173,3,3,1,1,2,Fixation,,,,,,,,,,,,
SV032,L,174,3,0,0,0,2,Fixation,,,,,,,,,,,,
SV032,L,175,2,0,0,1,1,Fixation,,,,,,,,,,,,
SV032,L,176,3,2,1,0,2,Fixation,,,,,,,,,,,,
SV032,L,177,3,2,1,1,2,Fixation,,,,,,,,,,,,
SV032,L,178,2,0,0,1,2,Fixation,,,,,,,,,,,,
SV032,L,179,3,3,0,0,2,Fixation,,,,,,,,,,,,
SV032,L,180,2,0,0,0,2,Fixation,,,,,,,,,,,,
SV032,L,181,2,2,0,1,2,Fixation,,,,,,,,,,,,
SV032,L,182,2,3,1,0,2,Fixation,,,,,,,,,,,,
SV032,L,183,2,0,1,1,2,Fixation,,,,,,,,,,,,
SV032,L,184,3,3,0,0,2,Fixation,,,,,,,,,,,,
SV032,L,185,2,3,1,0,2,Fixation,,,,,,,,,,,,
SV032,L,186,3,3,1,1,1,Fixation,,,,,,,,,,,,
SV032,L,187,2,3,1,0,2,Fixation,,,,,,,,,,,,
SV032,L,188,2,3,1,1,1,Fixation,,,,,,,,,,,,
SV032,L,189,3,2,1,0,2,Fixation,,,,,,,,,,,,
SV032,L,190,2,3,0,0,2,Fixation,,,,,,,,,,,,
SV032,L,191,2,3,1,0,2,Fixation,,,,,,,,,,,,
SV032,L,192,2,2,0,0,2,Fixation,,,,,,,,,,,,
SV032,L,193,2,2,1,0,2,Fixation,,,,,,,,,,,,
SV032,L,194,2,2,0,0,2,Fixation,,,,,,,,,,,,
SV032,L,195,3,0,0,0,2,Fixation,,,,,,,,,,,,
SV032,L,196,2,2,1,0,2,Fixation,,,,,,,,,,,,
SV032,L,197,2,2,0,0,2,Fixation,,,,,,,,,,,,
SV032,L,198,2,2,1,1,1,Fixation,,,,,,,,,,,,
SV032,L,199,2,2,1,0,2,Fixation,,,,,,,,,,,,
SV032,L,200,2,0,1,1,1,Fixation,,,,,,,,,,,,
SV032,L,201,3,3,1,0,2,Fixation,,,,,,,,,,,,
SV032,L,202,3,2,1,1,2,Fixation,,,,,,,,,,,,
SV032,L,203,3,0,1,1,1,Fixation,,,,,,,,,,,,
SV032,L,204,2,3,0,0,2,Fixation,,,,,,,,,,,,
SV032,L,205,3,2,0,1,2,Fixation,,,,,,,,,,,,
SV032,L,206,3,2,1,0,2,Fixation,,,,,,,,,,,,
SV032,L,207,3,0,1,0,3,Fixation,,,,,,,,,,,,
SV032,L,208,3,0,1,0,3,Fixation,,,,,,,,,,,,
SV032,L,209,2,3,0,1,2,Fixation,,,,,,,,,,,,
SV032,L,210,2,2,1,0,2,Fixation,,,,,,,,,,,,
SV032,L,211,3,3,1,1,2,Fixation,,,,,,,,,,,,
SV032,L,212,2,3,0,0,2,Fixation,,,,,,,,,,,,
SV032,L,213,2,0,1,1,2,Fixation,,,,,,,,,,,,
SV032,L,214,3,3,0,1,1,Fixation,,,,,,,,,,,,
SV032,L,215,2,3,0,0,2,Fixation,,,,,,,,,,,,
SV032,L,216,2,2,1,0,2,Fixation,,,,,,,,,,,,
SV032,L,217,2,0,1,0,2,Fixation,,,,,,,,,,,,
SV032,L,218,3,0,1,1,1,Fixation,,,,,,,,,,,,
SV032,L,219,3,3,0,0,2,Fixation,,,,,,,,,,,,
SV032,L,220,3,2,1,1,2,Fixation,,,,,,,,,,,,
SV032,L,221,3,0,0,0,2,Fixation,,,,,,,,,,,,
SV032,L,222,3,0,0,0,2,Fixation,,,,,,,,,,,,
SV032,L,223,3,2,1,1,2,Fixation,,,,,,,,,,,,
SV032,L,224,2,2,0,0,2,Fixation,,,,,,,,,,,,
SV032,L,225,3,3,1,0,2,Fixation,,,,,,,,,,,,
SV032,L,226,2,0,0,1,1,Fixation,,,,,,,,,,,,
SV032,L,227,3,2,1,0,2,Fixation,,,,,,,,,,,,
SV032,L,228,3,2,1,0,2,Fixation,,,,,,,,,,,,
SV032,L,229,2,2,1,1,2,Fixation,,,,,,,,,,,,
SV032,L,230,3,0,0,1,1,Fixation,,,,,,,,,,,,
SV032,L,231,2,0,1,0,2,Fixation,,,,,,,,,,,,
SV032,L,232,2,2,0,1,1,Fixation,,,,,,,,,,,,
SV032,L,233,3,2,1,1,2,Fixation,,,,,,,,,,,,
SV032,L,234,3,3,1,0,2,Fixation,,,,,,,,,,,,
SV032,L,235,3,2,0,0,2,Fixation,,,,,,,,,,,,
SV032,L,236,2,0,0,0,2,Fixation,,,,,,,,,,,,
SV032,L,237,2,3,1,0,2,Fixation,,,,,,,,,,,,
SV032,L,238,2,2,0,0,2,Fixation,,,,,,,,,,,,
SV032,L,239,2,2,1,1,2,Fixation,,,,,,,,,,,,
SV032,L,240,3,2,0,0,2,Fixation,,,,,,,,,,,,
SV032,L,241,3,0,1,1,0,Fixation,,,,,,,,,,,,
SV032,L,242,2,3,0,1,3,Fixation,,,,,,,,,,,,
SV032,L,243,2,0,1,1,0,Fixation,,,,,,,,,,,,
SV032,L,244,3,0,0,0,0,Fixation,,,,,,,,,,,,
SV032,L,245,3,0,1,0,0,Fixation,,,,,,,,,,,,
SV032,L,246,3,2,0,0,2,Fixation,,,,,,,,,,,,
SV032,L,247,3,0,1,1,0,Fixation,,,,,,,,,,,,
SV032,L,248,2,0,1,1,0,Fixation,,,,,,,,,,,,
SV032,L,249,2,0,0,1,0,Fixation,,,,,,,,,,,,
SV032,L,250,2,3,0,1,3,Fixation,,,,,,,,,,,,
SV032,L,251,2,2,1,1,2,Fixation,,,,,,,,,,,,
SV032,L,252,3,3,1,1,3,Fixation,,,,,,,,,,,,
SV032,L,253,2,3,0,1,3,Fixation,,,,,,,,,,,,
SV032,L,254,2,2,1,1,2,Fixation,,,,,,,,,,,,
SV032,L,255,2,3,1,1,3,Fixation,,,,,,,,,,,,
SV032,L,256,2,0,1,0,0,Fixation,,,,,,,,,,,,
SV032,L,257,3,0,0,1,0,Fixation,,,,,,,,,,,,
SV032,L,258,3,2,0,1,2,Fixation,,,,,,,,,,,,
SV032,L,259,2,3,1,1,3,Fixation,,,,,,,,,,,,
SV032,L,260,2,2,1,0,2,Fixation,,,,,,,,,,,,
SV032,L,261,2,0,1,0,0,Fixation,,,,,,,,,,,,
SV032,L,262,2,2,1,0,2,Fixation,,,,,,,,,,,,
SV032,L,263,2,2,1,1,2,Fixation,,,,,,,,,,,,
SV032,L,264,2,3,0,0,3,Fixation,,,,,,,,,,,,
SV032,L,265,3,3,1,1,3,Fixation,,,,,,,,,,,,
SV032,L,266,2,0,1,1,0,Fixation,,,,,,,,,,,,
SV032,L,267,3,2,0,0,2,Fixation,,,,,,,,,,,,
SV032,L,268,3,0,1,1,0,Fixation,,,,,,,,,,,,
SV032,L,269,2,2,0,0,2,Fixation,,,,,,,,,,,,
SV032,L,270,2,0,1,1,0,Fixation,,,,,,,,,,,,
SV032,L,271,2,2,0,1,2,Fixation,,,,,,,,,,,,
SV032,L,272,2,2,0,0,2,Fixation,,,,,,,,,,,,
SV032,L,273,3,0,1,0,0,Fixation,,,,,,,,,,,,
SV032,L,274,3,3,1,1,3,Fixation,,,,,,,,,,,,
SV032,L,275,2,0,0,1,0,Fixation,,,,,,,,,,,,
SV032,L,276,2,0,0,0,0,Fixation,,,,,,,,,,,,
SV032,L,277,2,2,1,0,2,Fixation,,,,,,,,,,,,
SV032,L,278,2,3,0,0,3,Fixation,,,,,,,,,,,,
SV032,L,279,2,3,1,0,3,Fixation,,,,,,,,,,,,
SV032,L,280,3,2,0,0,2,Fixation,,,,,,,,,,,,
SV032,L,281,3,3,1,0,3,Fixation,,,,,,,,,,,,
SV032,L,282,3,0,1,1,0,Fixation,,,,,,,,,,,,
SV032,L,283,3,2,1,1,2,Fixation,,,,,,,,,,,,
SV032,L,284,2,3,0,1,3,Fixation,,,,,,,,,,,,
SV032,L,285,3,2,1,1,2,Fixation,,,,,,,,,,,,
SV032,L,286,2,3,1,0,3,Fixation,,,,,,,,,,,,
SV032,L,287,2,3,1,1,3,Fixation,,,,,,,,,,,,
SV032,L,288,3,3,1,1,3,Fixation,,,,,,,,,,,,
SV032,L,289,3,2,1,1,2,Fixation,,,,,,,,,,,,
SV032,L,290,2,3,0,0,3,Fixation,,,,,,,,,,,,
SV032,L,291,3,0,0,0,0,Fixation,,,,,,,,,,,,
SV032,L,292,3,0,0,1,0,Fixation,,,,,,,,,,,,
SV032,L,293,3,3,0,1,3,Fixation,,,,,,,,,,,,
SV032,L,294,3,2,0,0,2,Fixation,,,,,,,,,,,,
SV032,L,295,3,2,0,0,2,Fixation,,,,,,,,,,,,
SV032,L,296,3,0,0,1,0,Fixation,,,,,,,,,,,,
SV032,L,297,3,3,1,1,3,Fixation,,,,,,,,,,,,
SV032,L,298,3,0,0,1,0,Fixation,,,,,,,,,,,,
SV032,L,299,3,0,0,0,0,Fixation,,,,,,,,,,,,
SV032,L,300,3,2,0,0,2,Fixation,,,,,,,,,,,,
SV032,L,301,3,3,0,1,3,Fixation,,,,,,,,,,,,
SV032,L,302,2,3,0,0,3,Fixation,,,,,,,,,,,,
SV032,L,303,3,0,1,1,0,Fixation,,,,,,,,,,,,
SV032,L,304,2,3,1,1,3,Fixation,,,,,,,,,,,,
SV032,L,305,2,3,1,0,3,Fixation,,,,,,,,,,,,
SV032,L,306,2,3,1,0,3,Fixation,,,,,,,,,,,,
SV032,L,307,3,0,0,1,0,Fixation,,,,,,,,,,,,
SV032,L,308,3,0,0,0,0,Fixation,,,,,,,,,,,,
SV032,L,309,2,0,1,1,0,Fixation,,,,,,,,,,,,
SV032,L,310,3,0,0,1,0,Fixation,,,,,,,,,,,,
SV032,L,311,2,3,0,0,3,Fixation,,,,,,,,,,,,
SV032,L,312,2,0,1,0,0,Fixation,,,,,,,,,,,,
SV032,L,313,2,0,0,0,0,Fixation,,,,,,,,,,,,
SV032,L,314,3,2,1,0,2,Fixation,,,,,,,,,,,,
SV032,L,315,2,0,1,1,0,Fixation,,,,,,,,,,,,
SV032,L,316,3,2,0,1,2,Fixation,,,,,,,,,,,,
SV032,L,317,3,3,0,0,3,Fixation,,,,,,,,,,,,
SV032,L,318,3,2,0,1,2,Fixation,,,,,,,,,,,,
SV032,L,319,2,0,0,0,0,Fixation,,,,,,,,,,,,
SV032,L,320,3,3,1,1,3,Fixation,,,,,,,,,,,,
SV032,L,321,2,2,0,1,2,Fixation,,,,,,,,,,,,
SV032,L,322,3,2,1,0,2,Fixation,,,,,,,,,,,,
SV032,L,323,2,2,0,0,2,Fixation,,,,,,,,,,,,
SV032,L,324,2,0,0,1,0,Fixation,,,,,,,,,,,,
SV032,L,325,2,3,0,0,3,Fixation,,,,,,,,,,,,
SV032,L,326,3,2,1,0,2,Fixation,,,,,,,,,,,,
SV032,L,327,2,0,1,1,0,Fixation,,,,,,,,,,,,
SV032,L,328,2,3,1,1,3,Fixation,,,,,,,,,,,,
SV032,L,329,3,0,1,0,0,Fixation,,,,,,,,,,,,
SV032,L,330,2,2,1,1,2,Fixation,,,,,,,,,,,,
SV032,L,331,2,2,1,1,2,Fixation,,,,,,,,,,,,
SV032,L,332,3,3,0,1,3,Fixation,,,,,,,,,,,,
SV032,L,333,3,0,1,1,0,Fixation,,,,,,,,,,,,
SV032,L,334,3,3,1,1,3,Fixation,,,,,,,,,,,,
SV032,L,335,3,2,1,1,2,Fixation,,,,,,,,,,,,
SV032,L,336,3,3,1,0,3,Fixation,,,,,,,,,,,,
SV032,L,337,3,0,0,0,0,Fixation,,,,,,,,,,,,
SV032,L,338,2,2,1,0,2,Fixation,,,,,,,,,,,,
SV032,L,339,2,3,1,1,3,Fixation,,,,,,,,,,,,
SV032,L,340,3,3,1,0,3,Fixation,,,,,,,,,,,,
SV032,L,341,2,2,0,1,2,Fixation,,,,,,,,,,,,
SV032,L,342,2,3,0,1,3,Fixation,,,,,,,,,,,,
SV032,L,343,3,3,0,1,3,Fixation,,,,,,,,,,,,
SV032,L,344,3,0,1,0,0,Fixation,,,,,,,,,,,,
SV032,L,345,2,3,1,0,3,Fixation,,,,,,,,,,,,
SV032,L,346,2,2,1,0,2,Fixation,,,,,,,,,,,,
SV032,L,347,2,0,1,0,0,Fixation,,,,,,,,,,,,
SV032,L,348,3,2,0,1,2,Fixation,,,,,,,,,,,,
SV032,L,349,2,0,0,0,0,Fixation,,,,,,,,,,,,
SV032,L,350,3,2,1,1,2,Fixation,,,,,,,,,,,,
SV032,L,351,2,2,0,1,2,Fixation,,,,,,,,,,,,
SV032,L,352,3,3,0,1,3,Fixation,,,,,,,,,,,,
SV032,L,353,3,3,0,0,3,Fixation,,,,,,,,,,,,
SV032,L,354,3,2,0,1,2,Fixation,,,,,,,,,,,,
SV032,L,355,3,3,0,1,3,Fixation,,,,,,,,,,,,
SV032,L,356,2,0,0,0,0,Fixation,,,,,,,,,,,,
SV032,L,357,3,0,0,0,0,Fixation,,,,,,,,,,,,
SV032,L,358,3,3,1,0,3,Fixation,,,,,,,,,,,,
SV032,L,359,3,2,1,1,2,Fixation,,,,,,,,,,,,
SV032,L,360,3,0,1,0,0,Fixation,,,,,,,,,,,,
SV032,L,361,3,2,1,0,2,Fixation,,,,,,,,,,,,
SV032,L,362,3,3,1,1,3,Fixation,,,,,,,,,,,,
SV032,L,363,2,2,0,0,2,Fixation,,,,,,,,,,,,
SV032,L,364,2,2,0,0,2,Fixation,,,,,,,,,,,,
SV032,L,365,2,3,1,1,3,Fixation,,,,,,,,,,,,
SV032,L,366,3,0,1,1,0,Fixation,,,,,,,,,,,,
SV032,L,367,3,2,1,0,2,Fixation,,,,,,,,,,,,
SV032,L,368,2,3,1,1,3,Fixation,,,,,,,,,,,,
SV032,L,369,3,0,1,0,0,Fixation,,,,,,,,,,,,
SV032,L,370,3,3,1,0,3,Fixation,,,,,,,,,,,,
SV032,L,371,2,2,0,0,2,Fixation,,,,,,,,,,,,
SV032,L,372,2,2,0,1,2,Fixation,,,,,,,,,,,,
SV032,L,373,2,3,0,0,3,Fixation,,,,,,,,,,,,
SV032,L,374,2,2,1,1,2,Fixation,,,,,,,,,,,,
SV032,L,375,3,2,0,0,2,Fixation,,,,,,,,,,,,
SV032,L,376,3,3,0,0,3,Fixation,,,,,,,,,,,,
SV032,L,377,2,0,0,1,0,Fixation,,,,,,,,,,,,
SV032,L,378,3,3,1,0,3,Fixation,,,,,,,,,,,,
SV032,L,379,2,2,0,0,2,Fixation,,,,,,,,,,,,
SV032,L,380,3,2,1,1,2,Fixation,,,,,,,,,,,,
SV032,L,381,2,3,1,1,3,Fixation,,,,,,,,,,,,
SV032,L,382,3,3,0,0,3,Fixation,,,,,,,,,,,,
SV032,L,383,3,2,0,0,2,Fixation,,,,,,,,,,,,
SV032,L,384,2,0,0,1,0,Fixation,,,,,,,,,,,,
SV032,L,385,2,2,0,0,2,Fixation,,,,,,,,,,,,
SV032,L,386,3,2,0,1,2,Fixation,,,,,,,,,,,,
SV032,L,387,2,0,0,1,0,Fixation,,,,,,,,,,,,
SV032,L,388,3,2,0,1,2,Fixation,,,,,,,,,,,,
SV032,L,389,3,2,1,0,2,Fixation,,,,,,,,,,,,
SV032,L,390,2,2,1,0,2,Fixation,,,,,,,,,,,,
SV032,L,391,2,0,1,1,0,Fixation,,,,,,,,,,,,
SV032,L,392,3,2,1,0,2,Fixation,,,,,,,,,,,,
SV032,L,393,2,3,1,0,3,Fixation,,,,,,,,,,,,
SV032,L,394,2,3,0,1,3,Fixation,,,,,,,,,,,,
SV032,L,395,2,3,0,0,3,Fixation,,,,,,,,,,,,
SV032,L,396,2,3,0,1,3,Fixation,,,,,,,,,,,,
SV032,L,397,3,2,1,1,2,Fixation,,,,,,,,,,,,
SV032,L,398,3,3,0,1,3,Fixation,,,,,,,,,,,,
SV032,L,399,3,2,0,1,2,Fixation,,,,,,,,,,,,
SV032,L,400,2,0,1,1,0,Fixation,,,,,,,,,,,,
SV032,L,401,3,0,1,1,0,Fixation,,,,,,,,,,,,
SV032,L,402,2,0,1,0,0,Fixation,,,,,,,,,,,,
SV032,L,403,2,0,0,0,0,Fixation,,,,,,,,,,,,
SV032,L,404,3,0,1,0,0,Fixation,,,,,,,,,,,,
SV032,L,405,3,3,0,0,3,Fixation,,,,,,,,,,,,
SV032,L,406,2,3,1,0,3,Fixation,,,,,,,,,,,,
SV032,L,407,2,3,0,0,3,Fixation,,,,,,,,,,,,
SV032,L,408,3,3,1,1,3,Fixation,,,,,,,,,,,,
SV032,L,409,3,3,0,0,3,Fixation,,,,,,,,,,,,
SV032,L,410,2,2,0,1,2,Fixation,,,,,,,,,,,,
SV032,L,411,3,2,1,1,2,Fixation,,,,,,,,,,,,
SV032,L,412,3,0,0,0,0,Fixation,,,,,,,,,,,,
SV032,L,413,3,2,1,0,2,Fixation,,,,,,,,,,,,
SV032,L,414,2,2,1,0,2,Fixation,,,,,,,,,,,,
SV032,L,415,3,2,0,1,2,Fixation,,,,,,,,,,,,
SV032,L,416,2,2,1,0,2,Fixation,,,,,,,,,,,,
SV032,L,417,3,0,1,0,0,Fixation,,,,,,,,,,,,
SV032,L,418,2,3,0,1,3,Fixation,,,,,,,,,,,,
SV032,L,419,2,3,0,0,3,Fixation,,,,,,,,,,,,
SV032,L,420,3,3,1,1,3,Fixation,,,,,,,,,,,,
SV032,L,421,3,3,0,0,3,Fixation,,,,,,,,,,,,
SV032,L,422,3,0,0,1,0,Fixation,,,,,,,,,,,,
SV032,L,423,3,0,0,1,0,Fixation,,,,,,,,,,,,
SV032,L,424,2,3,0,1,3,Fixation,,,,,,,,,,,,
SV032,L,425,2,0,1,0,0,Fixation,,,,,,,,,,,,
SV032,L,426,3,0,1,1,0,Fixation,,,,,,,,,,,,
SV032,L,427,2,2,0,1,2,Fixation,,,,,,,,,,,,
SV032,L,428,2,2,0,1,2,Fixation,,,,,,,,,,,,
SV032,L,429,2,2,1,0,2,Fixation,,,,,,,,,,,,
SV032,L,430,2,3,1,0,3,Fixation,,,,,,,,,,,,
SV032,L,431,3,2,1,0,2,Fixation,,,,,,,,,,,,
SV032,L,432,2,0,0,1,0,Fixation,,,,,,,,,,,,
SV032,L,433,3,3,1,0,3,Fixation,,,,,,,,,,,,
SV032,L,434,3,3,1,0,3,Fixation,,,,,,,,,,,,
SV032,L,435,2,2,0,1,2,Fixation,,,,,,,,,,,,
SV032,L,436,3,0,0,0,0,Fixation,,,,,,,,,,,,
SV032,L,437,2,0,1,0,0,Fixation,,,,,,,,,,,,
SV032,L,438,2,0,0,0,0,Fixation,,,,,,,,,,,,
SV032,L,439,3,0,0,1,0,Fixation,,,,,,,,,,,,
SV032,L,440,3,0,1,0,0,Fixation,,,,,,,,,,,,
SV032,L,441,2,3,1,1,3,Fixation,,,,,,,,,,,,
SV032,L,442,3,3,1,0,3,Fixation,,,,,,,,,,,,
SV032,L,443,3,0,1,1,0,Fixation,,,,,,,,,,,,
SV032,L,444,2,2,1,0,2,Fixation,,,,,,,,,,,,
SV032,L,445,3,2,1,1,2,Fixation,,,,,,,,,,,,
SV032,L,446,2,0,1,1,0,Fixation,,,,,,,,,,,,
SV032,L,447,2,0,0,1,0,Fixation,,,,,,,,,,,,
SV032,L,448,2,0,0,1,0,Fixation,,,,,,,,,,,,
SV032,L,449,2,0,0,0,0,Fixation,,,,,,,,,,,,
SV032,L,450,2,0,0,0,0,Fixation,,,,,,,,,,,,
SV032,L,451,2,0,1,0,0,Fixation,,,,,,,,,,,,
SV032,L,452,2,2,0,0,2,Fixation,,,,,,,,,,,,
SV032,L,453,2,3,1,0,3,Fixation,,,,,,,,,,,,
SV032,L,454,2,0,0,1,0,Fixation,,,,,,,,,,,,
SV032,L,455,3,3,0,0,3,Fixation,,,,,,,,,,,,
SV032,L,456,3,3,0,0,3,Fixation,,,,,,,,,,,,
SV032,L,457,2,2,0,1,2,Fixation,,,,,,,,,,,,
SV032,L,458,3,0,1,0,0,Fixation,,,,,,,,,,,,
SV032,L,459,2,0,1,0,0,Fixation,,,,,,,,,,,,
SV032,L,460,3,2,0,1,2,Fixation,,,,,,,,,,,,
SV032,L,461,2,3,0,1,3,Fixation,,,,,,,,,,,,
SV032,L,462,3,3,0,1,3,Fixation,,,,,,,,,,,,
SV032,L,463,3,0,0,0,0,Fixation,,,,,,,,,,,,
SV032,L,464,2,2,1,1,2,Fixation,,,,,,,,,,,,
SV032,L,465,2,2,1,1,2,Fixation,,,,,,,,,,,,
SV032,L,466,2,2,1,1,2,Fixation,,,,,,,,,,,,
SV032,L,467,3,3,0,1,3,Fixation,,,,,,,,,,,,
SV032,L,468,3,3,0,0,3,Fixation,,,,,,,,,,,,
SV032,L,469,3,2,0,0,2,Fixation,,,,,,,,,,,,
SV032,L,470,3,0,0,0,0,Fixation,,,,,,,,,,,,
SV032,L,471,2,2,0,0,2,Fixation,,,,,,,,,,,,
SV032,L,472,3,3,1,0,3,Fixation,,,,,,,,,,,,
SV032,L,473,2,0,1,0,0,Fixation,,,,,,,,,,,,
SV032,L,474,3,2,0,0,2,Fixation,,,,,,,,,,,,
SV032,L,475,3,2,1,0,2,Fixation,,,,,,,,,,,,
SV032,L,476,2,0,0,0,0,Fixation,,,,,,,,,,,,
SV032,L,477,2,3,1,0,3,Fixation,,,,,,,,,,,,
SV032,L,478,3,0,0,1,0,Fixation,,,,,,,,,,,,
SV032,L,479,3,3,0,1,3,Fixation,,,,,,,,,,,,
SV032,L,480,2,2,1,1,2,Fixation,,,,,,,,,,,,
SV032,R,1,3,3,1,1,1,Fixation,,,,,,,,,,,,
SV032,R,2,2,3,0,0,2,Fixation,,,,,,,,,,,,
SV032,R,3,3,3,0,1,2,Fixation,,,,,,,,,,,,
SV032,R,4,2,2,0,1,2,Fixation,,,,,,,,,,,,
SV032,R,5,2,0,0,1,2,Fixation,,,,,,,,,,,,
SV032,R,6,2,0,1,1,1,Fixation,,,,,,,,,,,,
SV032,R,7,3,0,0,1,2,Fixation,,,,,,,,,,,,
SV032,R,8,2,0,0,1,2,Fixation,,,,,,,,,,,,
SV032,R,9,3,2,0,1,2,Fixation,,,,,,,,,,,,
SV032,R,10,2,2,0,0,2,Fixation,,,,,,,,,,,,
SV032,R,11,3,2,0,1,2,Fixation,,,,,,,,,,,,
SV032,R,12,2,0,0,0,2,Fixation,,,,,,,,,,,,
SV032,R,13,3,2,1,1,1,Fixation,,,,,,,,,,,,
SV032,R,14,2,2,0,0,2,Fixation,,,,,,,,,,,,
SV032,R,15,3,0,1,0,3,Fixation,,,,,,,,,,,,
SV032,R,16,2,0,0,0,2,Fixation,,,,,,,,,,,,
SV032,R,17,3,0,1,1,1,Fixation,,,,,,,,,,,,
SV032,R,18,3,3,0,1,2,Fixation,,,,,,,,,,,,
SV032,R,19,2,2,0,1,2,Fixation,,,,,,,,,,,,
SV032,R,20,2,3,1,1,1,Fixation,,,,,,,,,,,,
SV032,R,21,3,0,1,1,2,Fixation,,,,,,,,,,,,
SV032,R,22,3,3,0,0,3,Fixation,,,,,,,,,,,,
SV032,R,23,3,0,0,1,2,Fixation,,,,,,,,,,,,
SV032,R,24,3,2,0,0,2,Fixation,,,,,,,,,,,,
SV032,R,25,2,0,0,1,2,Fixation,,,,,,,,,,,,
SV032,R,26,3,0,1,1,1,Fixation,,,,,,,,,,,,
SV032,R,27,2,3,1,1,1,Fixation,,,,,,,,,,,,
SV032,R,28,2,3,0,0,2,Fixation,,,,,,,,,,,,
SV032,R,29,3,0,0,1,2,Fixation,,,,,,,,,,,,
SV032,R,30,3,0,1,1,1,Fixation,,,,,,,,,,,,
SV032,R,31,2,2,1,0,2,Fixation,,,,,,,,,,,,
SV032,R,32,2,0,1,1,2,Fixation,,,,,,,,,,,,
SV032,R,33,3,2,1,1,1,Fixation,,,,,,,,,,,,
SV032,R,34,3,3,1,1,1,Fixation,,,,,,,,,,,,
SV032,R,35,2,3,1,0,2,Fixation,,,,,,,,,,,,
SV032,R,36,2,0,0,0,2,Fixation,,,,,,,,,,,,
SV032,R,37,2,2,1,1,1,Fixation,,,,,,,,,,,,
SV032,R,38,2,2,0,0,2,Fixation,,,,,,,,,,,,
SV032,R,39,2,3,0,1,2,Fixation,,,,,,,,,,,,
SV032,R,40,2,3,0,0,2,Fixation,,,,,,,,,,,,
SV032,R,41,3,2,0,1,2,Fixation,,,,,,,,,,,,
SV032,R,42,3,2,0,0,2,Fixation,,,,,,,,,,,,
SV032,R,43,2,3,1,1,1,Fixation,,,,,,,,,,,,
SV032,R,44,3,0,1,1,1,Fixation,,,,,,,,,,,,
SV032,R,45,3,3,1,0,3,Fixation,,,,,,,,,,,,
SV032,R,46,3,2,1,1,1,Fixation,,,,,,,,,,,,
SV032,R,47,3,2,0,0,2,Fixation,,,,,,,,,,,,
SV032,R,48,2,3,0,1,2,Fixation,,,,,,,,,,,,
SV032,R,49,3,0,1,0,3,Fixation,,,,,,,,,,,,
SV032,R,50,3,3,0,0,3,Fixation,,,,,,,,,,,,
SV032,R,51,2,2,1,0,2,Fixation,,,,,,,,,,,,
SV032,R,52,3,0,0,0,2,Fixation,,,,,,,,,,,,
SV032,R,53,3,0,0,0,3,Fixation,,,,,,,,,,,,
SV032,R,54,2,3,0,1,2,Fixation,,,,,,,,,,,,
SV032,R,55,3,0,0,0,2,Fixation,,,,,,,,,,,,
SV032,R,56,3,3,0,0,2,Fixation,,,,,,,,,,,,
SV032,R,57,2,2,0,0,2,Fixation,,,,,,,,,,,,
SV032,R,58,3,0,0,0,3,Fixation,,,,,,,,,,,,
SV032,R,59,3,3,0,1,2,Fixation,,,,,,,,,,,,
SV032,R,60,3,3,1,1,1,Fixation,,,,,,,,,,,,
SV032,R,61,3,3,1,1,1,Fixation,,,,,,,,,,,,
SV032,R,62,3,0,0,1,2,Fixation,,,,,,,,,,,,
SV032,R,63,2,2,1,0,2,Fixation,,,,,,,,,,,,
SV032,R,64,2,3,1,0,2,Fixation,,,,,,,,,,,,
SV032,R,65,2,3,1,0,2,Fixation,,,,,,,,,,,,
SV032,R,66,2,2,1,0,2,Fixation,,,,,,,,,,,,
SV032,R,67,2,0,1,0,2,Fixation,,,,,,,,,,,,
SV032,R,68,3,0,0,0,2,Fixation,,,,,,,,,,,,
SV032,R,69,3,3,1,1,1,Fixation,,,,,,,,,,,,
SV032,R,70,3,0,0,0,2,Fixation,,,,,,,,,,,,
SV032,R,71,2,2,0,0,2,Fixation,,,,,,,,,,,,
SV032,R,72,3,2,1,1,1,Fixation,,,,,,,,,,,,
SV032,R,73,2,3,0,1,1,Fixation,,,,,,,,,,,,
SV032,R,74,2,3,0,1,2,Fixation,,,,,,,,,,,,
SV032,R,75,2,0,1,1,1,Fixation,,,,,,,,,,,,
SV032,R,76,2,2,1,0,2,Fixation,,,,,,,,,,,,
SV032,R,77,3,2,1,0,2,Fixation,,,,,,,,,,,,
SV032,R,78,3,3,0,0,2,Fixation,,,,,,,,,,,,
SV032,R,79,3,2,0,0,2,Fixation,,,,,,,,,,,,
SV032,R,80,3,0,1,0,2,Fixation,,,,,,,,,,,,
SV032,R,81,3,2,0,0,2,Fixation,,,,,,,,,,,,
SV032,R,82,2,0,0,0,2,Fixation,,,,,,,,,,,,
SV032,R,83,2,2,0,1,2,Fixation,,,,,,,,,,,,
SV032,R,84,3,0,0,0,2,Fixation,,,,,,,,,,,,
SV032,R,85,2,0,0,0,2,Fixation,,,,,,,,,,,,
SV032,R,86,3,0,0,1,2,Fixation,,,,,,,,,,,,
SV032,R,87,2,0,0,1,2,Fixation,,,,,,,,,,,,
SV032,R,88,2,0,1,0,2,Fixation,,,,,,,,,,,,
SV032,R,89,3,0,1,0,2,Fixation,,,,,,,,,,,,
SV032,R,90,3,2,1,1,1,Fixation,,,,,,,,,,,,
SV032,R,91,2,3,1,0,2,Fixation,,,,,,,,,,,,
SV032,R,92,3,0,0,1,2,Fixation,,,,,,,,,,,,
SV032,R,93,3,0,1,0,2,Fixation,,,,,,,,,,,,
SV032,R,94,3,3,0,1,2,Fixation,,,,,,,,,,,,
SV032,R,95,3,0,1,0,3,Fixation,,,,,,,,,,,,
SV032,R,96,2,2,1,0,2,Fixation,,,,,,,,,,,,
SV032,R,97,2,3,0,1,2,Fixation,,,,,,,,,,,,
SV032,R,98,3,3,0,1,2,Fixation,,,,,,,,,,,,
SV032,R,99,2,0,1,1,1,Fixation,,,,,,,,,,,,
SV032,R,100,3,2,1,1,1,Fixation,,,,,,,,,,,,
SV032,R,101,3,0,1,1,1,Fixation,,,,,,,,,,,,
SV032,R,102,3,2,0,1,2,Fixation,,,,,,,,,,,,
SV032,R,103,3,2,0,0,2,Fixation,,,,,,,,,,,,
SV032,R,104,3,0,0,1,2,Fixation,,,,,,,,,,,,
SV032,R,105,2,2,1,1,1,Fixation,,,,,,,,,,,,
SV032,R,106,3,2,0,0,2,Fixation,,,,,,,,,,,,
SV032,R,107,3,0,0,0,2,Fixation,,,,,,,,,,,,
SV032,R,108,3,2,1,1,1,Fixation,,,,,,,,,,,,
SV032,R,109,3,0,0,0,2,Fixation,,,,,,,,,,,,
SV032,R,110,3,2,1,0,2,Fixation,,,,,,,,,,,,
SV032,R,111,2,2,0,1,2,Fixation,,,,,,,,,,,,
SV032,R,112,3,2,0,0,2,Fixation,,,,,,,,,,,,
SV032,R,113,2,3,0,0,2,Fixation,,,,,,,,,,,,
SV032,R,114,2,2,0,1,2,Fixation,,,,,,,,,,,,
SV032,R,115,3,3,1,0,2,Fixation,,,,,,,,,,,,
SV032,R,116,2,3,0,0,2,Fixation,,,,,,,,,,,,
SV032,R,117,3,3,0,1,2,Fixation,,,,,,,,,,,,
SV032,R,118,2,2,0,0,2,Fixation,,,,,,,,,,,,
SV032,R,119,3,3,0,0,3,Fixation,,,,,,,,,,,,
SV032,R,120,2,2,1,0,2,Fixation,,,,,,,,,,,,
SV032,R,121,2,2,1,1,1,Fixation,,,,,,,,,,,,
SV032,R,122,3,0,1,0,3,Fixation,,,,,,,,,,,,
SV032,R,123,3,3,0,1,2,Fixation,,,,,,,,,,,,
SV032,R,124,2,0,0,1,2,Fixation,,,,,,,,,,,,
SV032,R,125,3,2,0,1,2,Fixation,,,,,,,,,,,,
SV032,R,126,2,2,0,1,2,Fixation,,,,,,,,,,,,
SV032,R,127,2,3,1,0,2,Fixation,,,,,,,,,,,,
SV032,R,128,3,3,0,0,2,Fixation,,,,,,,,,,,,
SV032,R,129,3,2,1,0,2,Fixation,,,,,,,,,,,,
SV032,R,130,3,3,1,0,3,Fixation,,,,,,,,,,,,
SV032,R,131,3,3,1,1,1,Fixation,,,,,,,,,,,,
SV032,R,132,2,2,0,0,2,Fixation,,,,,,,,,,,,
SV032,R,133,2,3,0,0,2,Fixation,,,,,,,,,,,,
SV032,R,134,3,3,1,0,3,Fixation,,,,,,,,,,,,
SV032,R,135,2,3,0,0,2,Fixation,,,,,,,,,,,,
SV032,R,136,2,2,1,1,1,Fixation,,,,,,,,,,,,
SV032,R,137,3,0,1,0,3,Fixation,,,,,,,,,,,,
SV032,R,138,2,0,1,0,2,Fixation,,,,,,,,,,,,
SV032,R,139,2,3,1,0,2,Fixation,,,,,,,,,,,,
SV032,R,140,3,0,1,1,1,Fixation,,,,,,,,,,,,
SV032,R,141,3,0,1,0,2,Fixation,,,,,,,,,,,,
SV032,R,142,2,3,1,0,2,Fixation,,,,,,,,,,,,
SV032,R,143,2,0,0,0,2,Fixation,,,,,,,,,,,,
SV032,R,144,3,0,0,1,2,Fixation,,,,,,,,,,,,
SV032,R,145,3,3,1,1,1,Fixation,,,,,,,,,,,,
SV032,R,146,2,2,1,0,2,Fixation,,,,,,,,,,,,
SV032,R,147,2,2,0,1,2,Fixation,,,,,,,,,,,,
SV032,R,148,3,3,1,0,2,Fixation,,,,,,,,,,,,
SV032,R,149,3,3,0,0,2,Fixation,,,,,,,,,,,,
SV032,R,150,2,0,0,0,2,Fixation,,,,,,,,,,,,
SV032,R,151,3,2,0,0,2,Fixation,,,,,,,,,,,,
SV032,R,152,2,0,1,0,2,Fixation,,,,,,,,,,,,
SV032,R,153,3,0,1,1,1,Fixation,,,,,,,,,,,,
SV032,R,154,3,2,1,0,2,Fixation,,,,,,,,,,,,
SV032,R,155,3,2,1,0,2,Fixation,,,,,,,,,,,,
SV032,R,156,2,2,1,1,1,Fixation,,,,,,,,,,,,
SV032,R,157,3,3,1,0,3,Fixation,,,,,,,,,,,,
SV032,R,158,2,3,0,1,2,Fixation,,,,,,,,,,,,
SV032,R,159,3,2,0,1,2,Fixation,,,,,,,,,,,,
SV032,R,160,3,3,0,1,2,Fixation,,,,,,,,,,,,
SV032,R,161,2,3,0,0,2,Fixation,,,,,,,,,,,,
SV032,R,162,2,2,0,1,2,Fixation,,,,,,,,,,,,
SV032,R,163,2,2,1,1,1,Fixation,,,,,,,,,,,,
SV032,R,164,2,3,1,1,1,Fixation,,,,,,,,,,,,
SV032,R,165,2,0,1,1,1,Fixation,,,,,,,,,,,,
SV032,R,166,2,0,0,1,1,Fixation,,,,,,,,,,,,
SV032,R,167,3,2,1,0,2,Fixation,,,,,,,,,,,,
SV032,R,168,2,0,0,0,2,Fixation,,,,,,,,,,,,
SV032,R,169,2,0,0,1,2,Fixation,,,,,,,,,,,,
SV032,R,170,2,0,1,0,2,Fixation,,,,,,,,,,,,
SV032,R,171,2,0,0,1,1,Fixation,,,,,,,,,,,,
SV032,R,172,2,0,0,1,1,Fixation,,,,,,,,,,,,
SV032,R,173,3,3,0,0,2,Fixation,,,,,,,,,,,,
SV032,R,174,3,0,0,1,1,Fixation,,,,,,,,,,,,
SV032,R,175,2,3,1,1,1,Fixation,,,,,,,,,,,,
SV032,R,176,3,3,1,0,2,Fixation,,,,,,,,,,,,
SV032,R,177,2,2,0,0,2,Fixation,,,,,,,,,,,,
SV032,R,178,2,0,1,0,2,Fixation,,,,,,,,,,,,
SV032,R,179,2,0,1,0,2,Fixation,,,,,,,,,,,,
SV032,R,180,2,2,0,1,2,Fixation,,,,,,,,,,,,
SV032,R,181,2,3,1,0,2,Fixation,,,,,,,,,,,,
SV032,R,182,2,2,1,1,1,Fixation,,,,,,,,,,,,
SV032,R,183,2,0,0,1,2,Fixation,,,,,,,,,,,,
SV032,R,184,3,0,1,1,1,Fixation,,,,,,,,,,,,
SV032,R,185,3,3,1,0,2,Fixation,,,,,,,,,,,,
SV032,R,186,2,0,0,0,2,Fixation,,,,,,,,,,,,
SV032,R,187,3,3,1,0,2,Fixation,,,,,,,,,,,,
SV032,R,188,3,2,0,1,2,Fixation,,,,,,,,,,,,
SV032,R,189,2,0,1,1,1,Fixation,,,,,,,,,,,,
SV032,R,190,2,3,0,0,2,Fixation,,,,,,,,,,,,
SV032,R,191,3,2,1,0,2,Fixation,,,,,,,,,,,,
SV032,R,192,2,2,0,1,2,Fixation,,,,,,,,,,,,
SV032,R,193,3,0,1,1,1,Fixation,,,,,,,,,,,,
SV032,R,194,2,3,1,1,1,Fixation,,,,,,,,,,,,
SV032,R,195,3,2,1,0,2,Fixation,,,,,,,,,,,,
SV032,R,196,2,0,1,0,2,Fixation,,,,,,,,,,,,
SV032,R,197,2,0,1,1,1,Fixation,,,,,,,,,,,,
SV032,R,198,3,2,1,1,1,Fixation,,,,,,,,,,,,
SV032,R,199,3,0,1,0,3,Fixation,,,,,,,,,,,,
SV032,R,200,3,2,0,1,2,Fixation,,,,,,,,,,,,
SV032,R,201,2,3,0,1,2,Fixation,,,,,,,,,,,,
SV032,R,202,2,2,0,0,2,Fixation,,,,,,,,,,,,
SV032,R,203,2,0,1,0,2,Fixation,,,,,,,,,,,,
SV032,R,204,2,2,1,0,2,Fixation,,,,,,,,,,,,
SV032,R,205,3,2,0,0,2,Fixation,,,,,,,,,,,,
SV032,R,206,2,2,1,1,1,Fixation,,,,,,,,,,,,
SV032,R,207,3,3,1,1,1,Fixation,,,,,,,,,,,,
SV032,R,208,3,3,1,1,1,Fixation,,,,,,,,,,,,
SV032,R,209,3,2,1,1,1,Fixation,,,,,,,,,,,,
SV032,R,210,3,3,1,0,2,Fixation,,,,,,,,,,,,
SV032,R,211,2,2,1,0,2,Fixation,,,,,,,,,,,,
SV032,R,212,3,2,0,1,2,Fixation,,,,,,,,,,,,
SV032,R,213,3,3,0,1,1,Fixation,,,,,,,,,,,,
SV032,R,214,3,3,0,0,2,Fixation,,,,,,,,,,,,
SV032,R,215,2,2,1,1,1,Fixation,,,,,,,,,,,,
SV032,R,216,3,3,1,1,1,Fixation,,,,,,,,,,,,
SV032,R,217,2,3,0,0,2,Fixation,,,,,,,,,,,,
SV032,R,218,2,0,1,1,1,Fixation,,,,,,,,,,,,
SV032,R,219,2,3,1,1,1,Fixation,,,,,,,,,,,,
SV032,R,220,2,0,1,0,2,Fixation,,,,,,,,,,,,
SV032,R,221,3,3,0,0,2,Fixation,,,,,,,,,,,,
SV032,R,222,2,3,1,0,2,Fixation,,,,,,,,,,,,
SV032,R,223,3,2,1,0,2,Fixation,,,,,,,,,,,,
SV032,R,224,2,3,1,1,1,Fixation,,,,,,,,,,,,
SV032,R,225,2,2,0,0,2,Fixation,,,,,,,,,,,,
SV032,R,226,3,2,1,0,2,Fixation,,,,,,,,,,,,
SV032,R,227,3,2,0,1,2,Fixation,,,,,,,,,,,,
SV032,R,228,3,0,0,1,2,Fixation,,,,,,,,,,,,
SV032,R,229,2,3,0,1,1,Fixation,,,,,,,,,,,,
SV032,R,230,3,3,0,1,2,Fixation,,,,,,,,,,,,
SV032,R,231,2,0,1,1,1,Fixation,,,,,,,,,,,,
SV032,R,232,2,3,1,1,1,Fixation,,,,,,,,,,,,
SV032,R,233,2,3,1,0,2,Fixation,,,,,,,,,,,,
SV032,R,234,2,2,1,1,1,Fixation,,,,,,,,,,,,
SV032,R,235,2,3,0,1,2,Fixation,,,,,,,,,,,,
SV032,R,236,3,2,1,1,1,Fixation,,,,,,,,,,,,
SV032,R,237,2,0,1,1,1,Fixation,,,,,,,,,,,,
SV032,R,238,2,3,1,1,1,Fixation,,,,,,,,,,,,
SV032,R,239,3,0,0,0,2,Fixation,,,,,,,,,,,,
SV032,R,240,2,0,0,0,2,Fixation,,,,,,,,,,,,
SV032,R,241,3,2,0,0,2,Fixation,,,,,,,,,,,,
SV032,R,242,3,0,1,0,0,Fixation,,,,,,,,,,,,
SV032,R,243,2,3,0,0,3,Fixation,,,,,,,,,,,,
SV032,R,244,3,3,0,1,3,Fixation,,,,,,,,,,,,
SV032,R,245,2,3,0,1,3,Fixation,,,,,,,,,,,,
SV032,R,246,2,0,1,1,0,Fixation,,,,,,,,,,,,
SV032,R,247,2,2,0,1,2,Fixation,,,,,,,,,,,,
SV032,R,248,3,0,1,1,0,Fixation,,,,,,,,,,,,
SV032,R,249,3,3,0,1,3,Fixation,,,,,,,,,,,,
SV032,R,250,3,0,0,0,0,Fixation,,,,,,,,,,,,
SV032,R,251,2,3,1,1,3,Fixation,,,,,,,,,,,,
SV032,R,252,2,3,1,0,3,Fixation,,,,,,,,,,,,
SV032,R,253,2,0,0,0,0,Fixation,,,,,,,,,,,,
SV032,R,254,2,0,1,0,0,Fixation,,,,,,,,,,,,
SV032,R,255,2,0,1,0,0,Fixation,,,,,,,,,,,,
SV032,R,256,3,2,1,0,2,Fixation,,,,,,,,,,,,
SV032,R,257,3,0,0,1,0,Fixation,,,,,,,,,,,,
SV032,R,258,2,0,1,0,0,Fixation,,,,,,,,,,,,
SV032,R,259,2,0,1,0,0,Fixation,,,,,,,,,,,,
SV032,R,260,2,0,1,1,0,Fixation,,,,,,,,,,,,
SV032,R,261,3,3,1,0,3,Fixation,,,,,,,,,,,,
SV032,R,262,3,0,0,0,0,Fixation,,,,,,,,,,,,
SV032,R,263,3,3,0,1,3,Fixation,,,,,,,,,,,,
SV032,R,264,2,3,1,0,3,Fixation,,,,,,,,,,,,
SV032,R,265,2,0,1,1,0,Fixation,,,,,,,,,,,,
SV032,R,266,3,2,0,1,2,Fixation,,,,,,,,,,,,
SV032,R,267,2,3,0,0,3,Fixation,,,,,,,,,,,,
SV032,R,268,2,0,0,1,0,Fixation,,,,,,,,,,,,
SV032,R,269,3,3,1,1,3,Fixation,,,,,,,,,,,,
SV032,R,270,3,0,1,1,0,Fixation,,,,,,,,,,,,
SV032,R,271,2,0,0,0,0,Fixation,,,,,,,,,,,,
SV032,R,272,2,2,1,0,2,Fixation,,,,,,,,,,,,
SV032,R,273,2,2,1,1,2,Fixation,,,,,,,,,,,,
SV032,R,274,2,0,1,0,0,Fixation,,,,,,,,,,,,
SV032,R,275,3,2,0,0,2,Fixation,,,,,,,,,,,,
SV032,R,276,3,2,1,0,2,Fixation,,,,,,,,,,,,
SV032,R,277,3,3,1,1,3,Fixation,,,,,,,,,,,,
SV032,R,278,3,3,0,1,3,Fixation,,,,,,,,,,,,
SV032,R,279,2,2,0,0,2,Fixation,,,,,,,,,,,,
SV032,R,280,2,2,0,1,2,Fixation,,,,,,,,,,,,
SV032,R,281,2,3,0,0,3,Fixation,,,,,,,,,,,,
SV032,R,282,2,3,1,0,3,Fixation,,,,,,,,,,,,
SV032,R,283,3,2,0,0,2,Fixation,,,,,,,,,,,,
SV032,R,284,2,3,0,0,3,Fixation,,,,,,,,,,,,
SV032,R,285,3,0,0,1,0,Fixation,,,,,,,,,,,,
SV032,R,286,2,3,0,1,3,Fixation,,,,,,,,,,,,
SV032,R,287,3,2,0,0,2,Fixation,,,,,,,,,,,,
SV032,R,288,3,2,1,1,2,Fixation,,,,,,,,,,,,
SV032,R,289,3,0,1,1,0,Fixation,,,,,,,,,,,,
SV032,R,290,3,2,0,0,2,Fixation,,,,,,,,,,,,
SV032,R,291,2,0,0,1,0,Fixation,,,,,,,,,,,,
SV032,R,292,2,2,0,0,2,Fixation,,,,,,,,,,,,
SV032,R,293,3,0,1,0,0,Fixation,,,,,,,,,,,,
SV032,R,294,3,3,1,1,3,Fixation,,,,,,,,,,,,
SV032,R,295,2,2,1,1,2,Fixation,,,,,,,,,,,,
SV032,R,296,2,3,1,1,3,Fixation,,,,,,,,,,,,
SV032,R,297,2,0,0,1,0,Fixation,,,,,,,,,,,,
SV032,R,298,3,3,1,0,3,Fixation,,,,,,,,,,,,
SV032,R,299,3,0,0,0,0,Fixation,,,,,,,,,,,,
SV032,R,300,3,3,1,1,3,Fixation,,,,,,,,,,,,
SV032,R,301,3,3,1,0,3,Fixation,,,,,,,,,,,,
SV032,R,302,3,0,0,1,0,Fixation,,,,,,,,,,,,
SV032,R,303,2,2,1,1,2,Fixation,,,,,,,,,,,,
SV032,R,304,2,2,1,1,2,Fixation,,,,,,,,,,,,
SV032,R,305,3,3,1,1,3,Fixation,,,,,,,,,,,,
SV032,R,306,3,0,1,0,0,Fixation,,,,,,,,,,,,
SV032,R,307,3,3,0,0,3,Fixation,,,,,,,,,,,,
SV032,R,308,2,3,0,0,3,Fixation,,,,,,,,,,,,
SV032,R,309,3,3,1,0,3,Fixation,,,,,,,,,,,,
SV032,R,310,3,3,0,0,3,Fixation,,,,,,,,,,,,
SV032,R,311,3,2,1,0,2,Fixation,,,,,,,,,,,,
SV032,R,312,3,0,1,1,0,Fixation,,,,,,,,,,,,
SV032,R,313,2,0,0,0,0,Fixation,,,,,,,,,,,,
SV032,R,314,2,3,0,0,3,Fixation,,,,,,,,,,,,
SV032,R,315,3,2,0,1,2,Fixation,,,,,,,,,,,,
SV032,R,316,3,2,0,1,2,Fixation,,,,,,,,,,,,
SV032,R,317,3,0,0,0,0,Fixation,,,,,,,,,,,,
SV032,R,318,3,0,0,1,0,Fixation,,,,,,,,,,,,
SV032,R,319,2,2,0,1,2,Fixation,,,,,,,,,,,,
SV032,R,320,2,3,1,1,3,Fixation,,,,,,,,,,,,
SV032,R,321,2,0,0,0,0,Fixation,,,,,,,,,,,,
SV032,R,322,3,3,0,0,3,Fixation,,,,,,,,,,,,
SV032,R,323,3,0,1,1,0,Fixation,,,,,,,,,,,,
SV032,R,324,3,0,1,0,0,Fixation,,,,,,,,,,,,
SV032,R,325,2,0,1,1,0,Fixation,,,,,,,,,,,,
SV032,R,326,3,3,1,1,3,Fixation,,,,,,,,,,,,
SV032,R,327,2,0,0,0,0,Fixation,,,,,,,,,,,,
SV032,R,328,3,3,1,1,3,Fixation,,,,,,,,,,,,
SV032,R,329,3,0,1,1,0,Fixation,,,,,,,,,,,,
SV032,R,330,3,3,1,0,3,Fixation,,,,,,,,,,,,
SV032,R,331,2,0,1,0,0,Fixation,,,,,,,,,,,,
SV032,R,332,2,3,1,1,3,Fixation,,,,,,,,,,,,
SV032,R,333,2,2,1,0,2,Fixation,,,,,,,,,,,,
SV032,R,334,3,2,0,1,2,Fixation,,,,,,,,,,,,
SV032,R,335,2,0,1,0,0,Fixation,,,,,,,,,,,,
SV032,R,336,2,0,0,0,0,Fixation,,,,,,,,,,,,
SV032,R,337,2,0,0,0,0,Fixation,,,,,,,,,,,,
SV032,R,338,3,2,0,1,2,Fixation,,,,,,,,,,,,
SV032,R,339,3,2,1,0,2,Fixation,,,,,,,,,,,,
SV032,R,340,3,0,0,0,0,Fixation,,,,,,,,,,,,
SV032,R,341,3,0,0,1,0,Fixation,,,,,,,,,,,,
SV032,R,342,3,2,0,0,2,Fixation,,,,,,,,,,,,
SV032,R,343,3,2,1,1,2,Fixation,,,,,,,,,,,,
SV032,R,344,2,2,0,0,2,Fixation,,,,,,,,,,,,
SV032,R,345,2,2,1,0,2,Fixation,,,,,,,,,,,,
SV032,R,346,3,0,1,0,0,Fixation,,,,,,,,,,,,
SV032,R,347,2,0,1,0,0,Fixation,,,,,,,,,,,,
SV032,R,348,3,3,1,0,3,Fixation,,,,,,,,,,,,
SV032,R,349,2,0,1,1,0,Fixation,,,,,,,,,,,,
SV032,R,350,3,0,1,1,0,Fixation,,,,,,,,,,,,
SV032,R,351,3,2,0,0,2,Fixation,,,,,,,,,,,,
SV032,R,352,3,3,0,0,3,Fixation,,,,,,,,,,,,
SV032,R,353,3,2,0,1,2,Fixation,,,,,,,,,,,,
SV032,R,354,2,3,0,1,3,Fixation,,,,,,,,,,,,
SV032,R,355,3,3,0,0,3,Fixation,,,,,,,,,,,,
SV032,R,356,3,0,0,0,0,Fixation,,,,,,,,,,,,
SV032,R,357,2,2,0,1,2,Fixation,,,,,,,,,,,,
SV032,R,358,3,3,1,1,3,Fixation,,,,,,,,,,,,
SV032,R,359,2,0,1,1,0,Fixation,,,,,,,,,,,,
SV032,R,360,2,3,1,1,3,Fixation,,,,,,,,,,,,
SV032,R,361,2,3,0,0,3,Fixation,,,,,,,,,,,,
SV032,R,362,2,0,0,1,0,Fixation,,,,,,,,,,,,
SV032,R,363,2,3,0,1,3,Fixation,,,,,,,,,,,,
SV032,R,364,2,0,0,1,0,Fixation,,,,,,,,,,,,
SV032,R,365,2,2,0,1,2,Fixation,,,,,,,,,,,,
SV032,R,366,3,2,1,0,2,Fixation,,,,,,,,,,,,
SV032,R,367,2,3,1,0,3,Fixation,,,,,,,,,,,,
SV032,R,368,2,0,1,1,0,Fixation,,,,,,,,,,,,
SV032,R,369,2,2,1,0,2,Fixation,,,,,,,,,,,,
SV032,R,370,2,3,1,0,3,Fixation,,,,,,,,,,,,
SV032,R,371,3,2,1,0,2,Fixation,,,,,,,,,,,,
SV032,R,372,3,3,0,1,3,Fixation,,,,,,,,,,,,
SV032,R,373,3,3,0,1,3,Fixation,,,,,,,,,,,,
SV032,R,374,2,3,0,0,3,Fixation,,,,,,,,,,,,
SV032,R,375,3,0,0,0,0,Fixation,,,,,,,,,,,,
SV032,R,376,2,3,1,1,3,Fixation,,,,,,,,,,,,
SV032,R,377,2,2,0,0,2,Fixation,,,,,,,,,,,,
SV032,R,378,3,2,1,1,2,Fixation,,,,,,,,,,,,
SV032,R,379,3,2,0,0,2,Fixation,,,,,,,,,,,,
SV032,R,380,2,2,0,1,2,Fixation,,,,,,,,,,,,
SV032,R,381,2,2,1,1,2,Fixation,,,,,,,,,,,,
SV032,R,382,3,2,1,1,2,Fixation,,,,,,,,,,,,
SV032,R,383,3,2,1,1,2,Fixation,,,,,,,,,,,,
SV032,R,384,3,2,1,1,2,Fixation,,,,,,,,,,,,
SV032,R,385,3,2,0,1,2,Fixation,,,,,,,,,,,,
SV032,R,386,3,0,0,1,0,Fixation,,,,,,,,,,,,
SV032,R,387,3,2,1,0,2,Fixation,,,,,,,,,,,,
SV032,R,388,3,0,0,0,0,Fixation,,,,,,,,,,,,
SV032,R,389,2,0,0,1,0,Fixation,,,,,,,,,,,,
SV032,R,390,3,3,0,1,3,Fixation,,,,,,,,,,,,
SV032,R,391,3,2,1,1,2,Fixation,,,,,,,,,,,,
SV032,R,392,2,2,0,1,2,Fixation,,,,,,,,,,,,
SV032,R,393,2,0,1,1,0,Fixation,,,,,,,,,,,,
SV032,R,394,2,3,1,0,3,Fixation,,,,,,,,,,,,
SV032,R,395,3,0,1,0,0,Fixation,,,,,,,,,,,,
SV032,R,396,3,2,0,1,2,Fixation,,,,,,,,,,,,
SV032,R,397,3,3,0,0,3,Fixation,,,,,,,,,,,,
SV032,R,398,3,2,1,1,2,Fixation,,,,,,,,,,,,
SV032,R,399,2,2,1,0,2,Fixation,,,,,,,,,,,,
SV032,R,400,2,2,0,1,2,Fixation,,,,,,,,,,,,
SV032,R,401,3,0,0,1,0,Fixation,,,,,,,,,,,,
SV032,R,402,2,2,1,0,2,Fixation,,,,,,,,,,,,
SV032,R,403,2,2,1,0,2,Fixation,,,,,,,,,,,,
SV032,R,404,2,2,0,0,2,Fixation,,,,,,,,,,,,
SV032,R,405,2,2,0,0,2,Fixation,,,,,,,,,,,,
SV032,R,406,3,2,1,0,2,Fixation,,,,,,,,,,,,
SV032,R,407,3,0,1,1,0,Fixation,,,,,,,,,,,,
SV032,R,408,3,3,1,0,3,Fixation,,,,,,,,,,,,
SV032,R,409,3,3,1,0,3,Fixation,,,,,,,,,,,,
SV032,R,410,3,0,1,0,0,Fixation,,,,,,,,,,,,
SV032,R,411,2,2,1,1,2,Fixation,,,,,,,,,,,,
SV032,R,412,2,0,1,1,0,Fixation,,,,,,,,,,,,
SV032,R,413,2,2,1,0,2,Fixation,,,,,,,,,,,,
SV032,R,414,3,3,0,0,3,Fixation,,,,,,,,,,,,
SV032,R,415,3,0,1,0,0,Fixation,,,,,,,,,,,,
SV032,R,416,3,3,0,1,3,Fixation,,,,,,,,,,,,
SV032,R,417,2,0,0,0,0,Fixation,,,,,,,,,,,,
SV032,R,418,2,3,0,1,3,Fixation,,,,,,,,,,,,
SV032,R,419,3,0,0,1,0,Fixation,,,,,,,,,,,,
SV032,R,420,2,0,0,0,0,Fixation,,,,,,,,,,,,
SV032,R,421,2,0,0,1,0,Fixation,,,,,,,,,,,,
SV032,R,422,2,2,0,1,2,Fixation,,,,,,,,,,,,
SV032,R,423,3,0,0,1,0,Fixation,,,,,,,,,,,,
SV032,R,424,2,3,1,1,3,Fixation,,,,,,,,,,,,
SV032,R,425,3,3,0,0,3,Fixation,,,,,,,,,,,,
SV032,R,426,2,3,1,0,3,Fixation,,,,,,,,,,,,
SV032,R,427,3,3,1,1,3,Fixation,,,,,,,,,,,,
SV032,R,428,2,3,1,1,3,Fixation,,,,,,,,,,,,
SV032,R,429,2,2,0,0,2,Fixation,,,,,,,,,,,,
SV032,R,430,3,3,0,0,3,Fixation,,,,,,,,,,,,
SV032,R,431,2,3,0,1,3,Fixation,,,,,,,,,,,,
SV032,R,432,3,0,0,0,2,Fixation,,,,,,,,,,,,
SV032,R,433,3,3,0,0,3,Fixation,,,,,,,,,,,,
SV032,R,434,3,0,1,0,0,Fixation,,,,,,,,,,,,
SV032,R,435,2,0,0,1,0,Fixation,,,,,,,,,,,,
SV032,R,436,3,2,1,0,2,Fixation,,,,,,,,,,,,
SV032,R,437,3,2,0,0,2,Fixation,,,,,,,,,,,,
SV032,R,438,2,3,1,1,3,Fixation,,,,,,,,,,,,
SV032,R,439,2,3,1,0,3,Fixation,,,,,,,,,,,,
SV032,R,440,2,3,1,1,3,Fixation,,,,,,,,,,,,
SV032,R,441,2,3,1,0,3,Fixation,,,,,,,,,,,,
SV032,R,442,2,0,0,1,0,Fixation,,,,,,,,,,,,
SV032,R,443,2,2,1,0,2,Fixation,,,,,,,,,,,,
SV032,R,444,3,3,0,1,3,Fixation,,,,,,,,,,,,
SV032,R,445,2,0,1,0,0,Fixation,,,,,,,,,,,,
SV032,R,446,3,3,0,1,3,Fixation,,,,,,,,,,,,
SV032,R,447,3,0,1,1,0,Fixation,,,,,,,,,,,,
SV032,R,448,2,3,1,0,3,Fixation,,,,,,,,,,,,
SV032,R,449,2,2,1,0,2,Fixation,,,,,,,,,,,,
SV032,R,450,3,3,1,0,3,Fixation,,,,,,,,,,,,
SV032,R,451,3,0,1,1,0,Fixation,,,,,,,,,,,,
SV032,R,452,2,3,0,1,3,Fixation,,,,,,,,,,,,
SV032,R,453,3,0,1,0,0,Fixation,,,,,,,,,,,,
SV032,R,454,3,2,0,1,2,Fixation,,,,,,,,,,,,
SV032,R,455,3,3,1,1,3,Fixation,,,,,,,,,,,,
SV032,R,456,2,0,1,1,0,Fixation,,,,,,,,,,,,
SV032,R,457,2,2,0,1,2,Fixation,,,,,,,,,,,,
SV032,R,458,2,0,0,1,0,Fixation,,,,,,,,,,,,
SV032,R,459,2,3,0,1,3,Fixation,,,,,,,,,,,,
SV032,R,460,2,3,0,1,3,Fixation,,,,,,,,,,,,
SV032,R,461,3,0,0,1,0,Fixation,,,,,,,,,,,,
SV032,R,462,2,2,1,1,2,Fixation,,,,,,,,,,,,
SV032,R,463,3,0,0,0,0,Fixation,,,,,,,,,,,,
SV032,R,464,3,2,0,0,2,Fixation,,,,,,,,,,,,
SV032,R,465,2,3,0,0,3,Fixation,,,,,,,,,,,,
SV032,R,466,2,2,1,1,2,Fixation,,,,,,,,,,,,
SV032,R,467,2,3,0,0,3,Fixation,,,,,,,,,,,,
SV032,R,468,3,3,1,0,3,Fixation,,,,,,,,,,,,
SV032,R,469,2,2,0,0,2,Fixation,,,,,,,,,,,,
SV032,R,470,3,2,1,0,2,Fixation,,,,,,,,,,,,
SV032,R,471,2,2,1,1,2,Fixation,,,,,,,,,,,,
SV032,R,472,3,2,0,1,2,Fixation,,,,,,,,,,,,
SV032,R,473,2,0,1,0,0,Fixation,,,,,,,,,,,,
SV032,R,474,2,3,0,1,3,Fixation,,,,,,,,,,,,
SV032,R,475,3,2,1,1,2,Fixation,,,,,,,,,,,,
SV032,R,476,3,2,1,1,2,Fixation,,,,,,,,,,,,
SV032,R,477,2,2,0,0,2,Fixation,,,,,,,,,,,,
SV032,R,478,2,0,0,0,0,Fixation,,,,,,,,,,,,
SV032,R,479,2,2,1,1,2,Fixation,,,,,,,,,,,,
SV032,R,480,2,2,0,0,2,Fixation,,,,,,,,,,,,
SV032,L,1,2,2,0,0,2,Response,2541.6454545454544,2981.2,1698.7363636363634,3245.5,1913.5454545454545,2208.0,264.0,3.9499999999999997,18.2,416.9166666666667,1787.0,119.66666666666667
SV032,L,2,3,0,1,1,2,Response,,,,,,,,0.7,0.7,505.0,505.0,128.0
SV032,L,3,2,3,0,1,2,Response,,,,,,,,,,,,
SV032,L,4,3,2,1,0,3,Response,,,,,,,,,,,,
SV032,L,5,3,0,1,0,3,Response,,,,,,,,,,,,
SV032,L,6,3,3,1,1,2,Response,,,,,,,,,,,,
SV032,L,7,3,0,0,1,2,Response,,,,,,,,,,,,
SV032,L,8,2,0,0,1,2,Response,,,,,,,,,,,,
SV032,L,9,3,3,1,1,1,Response,,,,,,,,,,,,
SV032,L,10,3,2,1,0,2,Response,2523.8,2784.2,1165.4,1252.0,2236.0,2283.0,300.0,4.266666666666667,7.8,184.33333333333334,323.0,79.33333333333333
SV032,L,11,3,2,1,0,2,Response,,,,,,,,,,,,
SV032,L,12,2,2,0,0,2,Response,,,,,,,,,,,,
SV032,L,13,3,2,0,0,2,Response,,,,,,,,,,,,
SV032,L,14,3,3,1,0,3,Response,,,,,,,,,,,,
SV032,L,15,2,3,1,1,2,Response,,,,,,,,,,,,
SV032,L,16,3,2,0,1,2,Response,,,,,,,,,,,,
SV032,L,17,3,3,1,1,2,Response,,,,,,,,1.2,1.2,506.0,506.0,168.0
SV032,L,18,2,3,0,0,2,Response,,,,,,,,,,,,
SV032,L,19,2,3,0,1,2,Response,,,,,,,,,,,,
SV032,L,20,3,2,0,0,2,Response,,,,,,,,,,,,
SV032,L,21,3,2,0,0,2,Response,,,,,,,,0.6,0.6,492.0,492.0,180.0
SV032,L,22,3,3,0,1,2,Response,,,,,,,,,,,,
SV032,L,23,2,0,1,1,2,Response,,,,,,,,,,,,
SV032,L,24,2,2,1,1,2,Response,1314.8000000000002,1389.7,1188.15,1210.8,2066.5,2078.0,171.0,3.5333333333333337,5.9,126.66666666666667,178.0,31.333333333333332
SV032,L,25,2,0,0,0,2,Response,,,,,,,,,,,,
SV032,L,26,3,0,0,0,2,Response,,,,,,,,,,,,
SV032,L,27,2,0,1,1,2,Response,,,,,,,,,,,,
SV032,L,28,3,2,1,1,2,Response,,,,,,,,,,,,
SV032,L,29,3,3,0,1,2,Response,,,,,,,,,,,,
SV032,L,30,3,3,0,1,2,Response,,,,,,,,,,,,
SV032,L,31,3,3,1,0,2,Response,,,,,,,,,,,,
SV032,L,32,2,2,0,0,2,Response,,,,,,,,0.9,0.9,528.0,528.0,178.0
SV032,L,33,2,0,0,1,2,Response,,,,,,,,,,,,
SV032,L,34,3,0,0,1,2,Response,,,,,,,,,,,,
SV032,L,35,3,2,0,1,2,Response,,,,,,,,1.0,1.0,551.0,551.0,162.0
SV032,L,36,2,0,0,0,2,Response,,,,,,,,1.0,1.0,481.0,481.0,172.0
SV032,L,37,2,0,0,1,1,Response,,,,,,,,,,,,
SV032,L,38,2,0,1,0,2,Response,,,,,,,,1.5,1.5,534.0,534.0,164.0
SV032,L,39,3,2,0,1,2,Response,,,,,,,,,,,,
SV032,L,40,2,0,1,0,2,Response,,,,,,,,,,,,
SV032,L,41,3,2,0,0,2,Response,,,,,,,,,,,,
SV032,L,42,3,3,1,0,2,Response,,,,,,,,,,,,
SV032,L,43,3,0,1,0,2,Response,,,,,,,,,,,,
SV032,L,44,3,3,0,0,2,Response,2666.6,2666.6,1073.7,1073.7,2230.0,2230.0,530.0,6.5,6.8,322.0,332.0,684.0
SV032,L,45,3,3,0,0,2,Response,,,,,,,,,,,,
SV032,L,46,3,3,0,1,2,Response,,,,,,,,,,,,
SV032,L,47,2,2,0,0,2,Response,,,,,,,,1.2,1.2,452.0,452.0,170.0
SV032,L,48,2,3,0,1,2,Response,,,,,,,,,,,,
SV032,L,49,3,2,0,1,2,Response,,,,,,,,,,,,
SV032,L,50,2,0,1,0,2,Response,,,,,,,,,,,,
SV032,L,51,2,2,1,0,2,Response,2765.6,2765.6,1297.0,1297.0,2834.0,2834.0,142.0,7.15,7.8,203.0,203.0,49.0
SV032,L,52,3,0,0,1,2,Response,,,,,,,,,,,,
SV032,L,53,3,3,0,1,2,Response,,,,,,,,,,,,
SV032,L,54,3,2,0,1,1,Response,,,,,,,,,,,,
SV032,L,55,3,3,0,0,2,Response,,,,,,,,,,,,
SV032,L,56,3,3,1,1,1,Response,,,,,,,,,,,,
SV032,L,57,2,2,1,0,2,Response,2635.1,2635.1,1205.3,1205.3,2505.0,2505.0,290.0,5.0,5.0,150.0,150.0,44.0
SV032,L,58,2,3,1,1,2,Response,,,,,,,,,,,,
SV032,L,59,2,3,0,0,2,Response,,,,,,,,,,,,
SV032,L,60,2,3,0,1,2,Response,,,,,,,,,,,,
SV032,L,61,3,0,1,1,2,Response,1921.8,1921.8,1052.3,1052.3,2232.0,2232.0,3324.0,1.1,1.7,458.5,463.0,170.0
SV032,L,62,2,3,1,1,1,Response,,,,,,,,,,,,
SV032,L,63,2,3,0,1,2,Response,,,,,,,,,,,,
SV032,L,64,2,2,1,1,1,Response,,,,,,,,1.2,1.2,412.0,412.0,164.0
SV032,L,65,2,3,1,0,2,Response,,,,,,,,,,,,
SV032,L,66,3,0,0,1,2,Response,,,,,,,,0.3,0.3,411.0,411.0,158.0
SV032,L,67,3,3,0,1,2,Response,,,,,,,,,,,,
SV032,L,68,3,3,0,0,2,Response,,,,,,,,,,,,
SV032,L,69,3,0,1,0,3,Response,,,,,,,,,,,,
SV032,L,70,3,3,1,0,3,Response,,,,,,,,1.0,1.0,457.0,457.0,188.0
SV032,L,71,2,3,1,1,2,Response,,,,,,,,,,,,
SV032,L,72,2,0,0,0,2,Response,,,,,,,,,,,,
SV032,L,73,2,2,1,0,2,Response,1954.35,2042.2,987.85,1049.0,2399.5,2448.0,88.0,2.8333333333333335,5.9,285.0,414.0,1061.3333333333333
SV032,L,74,3,2,0,0,2,Response,1954.35,2001.7,1091.3,1093.1,2777.0,2999.0,1252.0,0.8333333333333334,1.2,297.3333333333333,420.0,130.0
SV032,L,75,2,0,1,0,2,Response,,,,,,,,,,,,
SV032,L,76,3,2,1,0,2,Response,,,,,,,,0.6,0.6,458.0,458.0,172.0
SV032,L,77,3,0,0,0,2,Response,,,,,,,,0.6,0.6,446.0,446.0,156.0
SV032,L,78,2,3,0,1,2,Response,,,,,,,,,,,,
SV032,L,79,3,3,1,0,2,Response,,,,,,,,,,,,
SV032,L,80,2,3,0,1,2,Response,,,,,,,,0.2,0.2,424.0,424.0,148.0
SV032,L,81,3,0,0,0,2,Response,,,,,,,,,,,,
SV032,L,82,3,2,1,1,1,Response,,,,,,,,,,,,
SV032,L,83,2,3,1,1,2,Response,,,,,,,,,,,,
SV032,L,84,2,0,1,0,2,Response,,,,,,,,,,,,
SV032,L,85,2,2,1,0,2,Response,,,,,,,,,,,,
SV032,L,86,2,2,0,1,2,Response,,,,,,,,,,,,
SV032,L,87,2,2,0,1,1,Response,,,,,,,,,,,,
SV032,L,88,2,0,1,0,2,Response,,,,,,,,,,,,
SV032,L,89,3,2,1,0,2,Response,,,,,,,,,,,,
SV032,L,90,2,0,1,1,1,Response,,,,,,,,,,,,
SV032,L,91,2,3,1,0,2,Response,,,,,,,,,,,,
SV032,L,92,3,0,0,0,2,Response,2951.2,2951.2,1105.7,1105.7,1652.0,1652.0,758.0,8.05,9.4,174.5,216.0,204.0
SV032,L,93,3,2,0,1,1,Response,1647.6714285714284,1985.6,999.6285714285714,1083.4,2106.0,2233.0,282.57142857142856,2.3,6.4,221.125,503.0,97.0
SV032,L,94,2,2,1,0,2,Response,,,,,,,,,,,,
SV032,L,95,2,3,1,0,2,Response,,,,,,,,0.3,0.3,438.0,438.0,202.0
SV032,L,96,2,0,1,0,2,Response,2533.1666666666665,2823.1,1133.2333333333333,1164.7,2097.6666666666665,2143.0,176.0,1.1666666666666667,2.1,70.33333333333333,100.0,18.666666666666668
SV032,L,97,2,2,0,1,1,Response,,,,,,,,,,,,
SV032,L,98,2,0,0,1,2,Response,,,,,,,,,,,,
SV032,L,99,3,2,0,1,1,Response,,,,,,,,,,,,
SV032,L,100,3,0,1,0,3,Response,,,,,,,,,,,,
SV032,L,101,2,2,1,1,1,Response,1370.7333333333333,1604.6,1136.8333333333333,1175.4,2494.3333333333335,2873.0,304.0,2.775,7.5,161.75,402.0,72.5
SV032,L,102,3,2,0,0,2,Response,,,,,,,,,,,,
SV032,L,103,3,3,1,0,3,Response,2669.6000000000004,2759.8,1194.35,1217.8,2175.5,2192.0,262.0,4.266666666666667,7.4,195.33333333333334,336.0,114.66666666666667
SV032,L,104,3,3,0,0,3,Response,2349.95,2785.6,1090.0500000000002,1118.7,2610.0,2799.0,660.0,4.466666666666667,6.9,277.0,446.0,94.0
SV032,L,105,2,0,1,1,2,Response,,,,,,,,0.4,0.4,466.0,466.0,164.0
SV032,L,106,2,0,0,0,2,Response,,,,,,,,0.8,0.8,443.0,443.0,204.0
SV032,L,107,3,0,1,1,2,Response,,,,,,,,,,,,
SV032,L,108,2,0,0,1,1,Response,,,,,,,,,,,,
SV032,L,109,3,0,0,1,1,Response,,,,,,,,,,,,
SV032,L,110,3,0,0,1,1,Response,,,,,,,,,,,,
SV032,L,111,2,3,0,0,2,Response,2393.75,2874.7,1129.65,1210.9,2182.0,2256.0,663.0,7.2,7.5,190.0,200.0,53.0
SV032,L,112,2,0,0,0,2,Response,,,,,,,,1.0,1.0,432.0,432.0,220.0
SV032,L,113,3,0,1,1,2,Response,,,,,,,,0.8,0.8,413.0,413.0,196.0
SV032,L,114,3,3,0,1,2,Response,,,,,,,,,,,,
SV032,L,115,3,3,1,0,2,Response,,,,,,,,,,,,
SV032,L,116,2,0,1,0,2,Response,,,,,,,,,,,,
SV032,L,117,2,2,0,1,1,Response,,,,,,,,,,,,
SV032,L,118,3,3,0,0,2,Response,1986.5500000000002,2039.2,1046.5500000000002,1052.7,2426.5,2604.0,712.0,0.75,0.9,66.5,71.0,14.0
SV032,L,119,2,0,1,1,2,Response,,,,,,,,,,,,
SV032,L,120,2,0,0,1,2,Response,,,,,,,,,,,,
SV032,L,121,2,3,0,0,2,Response,3016.4,3016.4,1195.2,1195.2,1547.0,1547.0,706.0,1.4,1.4,116.0,116.0,14.0
SV032,L,122,2,2,0,1,1,Response,,,,,,,,,,,,
SV032,L,123,2,2,0,0,2,Response,,,,,,,,,,,,
SV032,L,124,3,0,0,1,1,Response,343.6857142857143,1959.3,1154.7857142857142,1377.4,2625.285714285714,3423.0,200.28571428571428,7.05,20.6,309.375,1021.0,498.75
SV032,L,125,3,0,0,1,2,Response,,,,,,,,,,,,
SV032,L,126,3,3,0,0,2,Response,,,,,,,,,,,,
SV032,L,127,2,3,1,1,2,Response,,,,,,,,,,,,
SV032,L,128,2,2,1,1,2,Response,,,,,,,,,,,,
SV032,L,129,2,3,1,1,2,Response,,,,,,,,,,,,
SV032,L,130,3,0,1,1,2,Response,,,,,,,,,,,,
SV032,L,131,3,0,1,0,3,Response,,,,,,,,,,,,
SV032,L,132,2,0,0,0,2,Response,,,,,,,,,,,,
SV032,L,133,3,2,0,0,2,Response,,,,,,,,0.4,0.4,392.0,392.0,228.0
SV032,L,134,3,3,0,1,2,Response,,,,,,,,,,,,
SV032,L,135,3,0,1,0,3,Response,1932.0,2000.5,1119.0,1121.4,2591.5,2748.0,505.0,3.35,6.0,124.0,191.0,30.0
SV032,L,136,3,3,1,1,2,Response,,,,,,,,,,,,
SV032,L,137,3,3,1,1,2,Response,,,,,,,,,,,,
SV032,L,138,3,0,1,1,2,Response,,,,,,,,,,,,
SV032,L,139,2,2,1,1,1,Response,,,,,,,,,,,,
SV032,L,140,2,0,0,0,2,Response,,,,,,,,,,,,
SV032,L,141,3,3,1,1,2,Response,,,,,,,,,,,,
SV032,L,142,2,2,0,1,1,Response,,,,,,,,,,,,
SV032,L,143,2,3,1,0,2,Response,,,,,,,,,,,,
SV032,L,144,2,0,0,0,2,Response,2878.85,2971.2,1279.55,1293.5,2109.5,2477.0,544.0,3.8000000000000003,7.6,132.66666666666666,183.0,88.66666666666667
SV032,L,145,2,0,1,1,1,Response,1190.5,1190.5,1161.3,1161.3,2030.0,2030.0,558.0,5.05,7.0,208.0,281.0,145.0
SV032,L,146,3,0,1,1,2,Response,1444.725,1876.2,1113.0749999999998,1239.1,2391.75,2506.0,1255.0,3.4,9.9,222.0,421.0,97.2
SV032,L,147,3,3,0,1,1,Response,1055.9,1055.9,993.9,993.9,2450.0,2450.0,636.0,5.0,5.0,162.0,162.0,40.0
SV032,L,148,3,0,1,1,1,Response,1598.7666666666667,2175.7,1105.3999999999999,1190.0,2229.6666666666665,2485.0,326.3333333333333,1.7571428571428573,4.2,159.14285714285714,533.0,41.42857142857143
SV032,L,149,2,2,1,1,1,Response,2007.0,2087.2,806.5,1002.6,1974.0,1989.0,83.0,3.5666666666666664,6.0,442.6666666666667,464.0,380.6666666666667
SV032,L,150,3,2,1,1,2,Response,1378.4291666666668,2020.6,1276.35,3019.0,2563.4583333333335,2963.0,499.3333333333333,2.9,10.3,149.88,503.0,89.68
SV032,L,151,3,2,0,1,2,Response,,,,,,,,,,,,
SV032,L,152,2,2,1,1,2,Response,1769.1,1881.2,1065.75,1077.1,2578.0,2810.0,769.0,0.7333333333333334,1.1,195.66666666666666,455.0,72.0
SV032,L,153,3,0,0,1,2,Response,1380.26,1888.7,1113.2599999999998,1305.0,2503.8,2662.0,575.2,2.55,6.0,219.16666666666666,789.0,50.0
SV032,L,154,2,3,1,1,1,Response,,,,,,,,1.8,1.8,437.0,437.0,188.0
SV032,L,155,2,0,1,1,1,Response,,,,,,,,0.7,0.7,57.0,57.0,14.0
SV032,L,156,3,0,1,0,2,Response,,,,,,,,,,,,
SV032,L,157,3,2,1,1,1,Response,,,,,,,,,,,,
SV032,L,158,3,0,0,0,2,Response,,,,,,,,,,,,
SV032,L,159,3,2,1,1,2,Response,,,,,,,,,,,,
SV032,L,160,2,3,1,0,2,Response,,,,,,,,,,,,
SV032,L,161,2,3,0,1,2,Response,,,,,,,,,,,,
SV032,L,162,3,2,0,0,2,Response,2495.4666666666667,2954.7,1146.9666666666667,1283.9,2216.3333333333335,2524.0,604.0,2.3000000000000003,3.7,81.5,104.0,31.0
SV032,L,163,2,3,0,0,2,Response,1931.8,1931.8,1042.3,1042.3,2274.0,2274.0,2766.0,,,,,
SV032,L,164,2,3,0,1,1,Response,,,,,,,,,,,,
SV032,L,165,2,2,0,1,1,Response,1938.8,1938.8,1456.9,1456.9,1292.0,1292.0,40.0,3.05,4.8,175.0,212.0,157.0
SV032,L,166,3,2,0,1,1,Response,,,,,,,,0.8,0.8,474.0,474.0,186.0
SV032,L,167,2,2,0,1,1,Response,,,,,,,,,,,,
SV032,L,168,2,3,0,0,2,Response,,,,,,,,,,,,
SV032,L,169,2,0,0,1,1,Response,,,,,,,,,,,,
SV032,L,170,3,0,0,0,2,Response,,,,,,,,0.3,0.3,379.0,379.0,218.0
SV032,L,171,2,3,1,1,2,Response,,,,,,,,0.2,0.2,427.0,427.0,204.0
SV032,L,172,3,0,1,0,1,Response,,,,,,,,,,,,
SV032,L,173,3,3,1,1,2,Response,,,,,,,,,,,,
SV032,L,174,3,0,0,0,2,Response,1950.775,2086.0,1259.725,1539.1,1489.0,1822.0,304.5,1.5666666666666667,2.2,129.66666666666666,177.0,15.333333333333334
SV032,L,175,2,0,0,1,1,Response,,,,,,,,,,,,
SV032,L,176,3,2,1,0,2,Response,2611.45,2953.2,1142.45,1170.7,1901.5,2031.0,489.0,7.85,9.2,355.0,361.0,193.0
SV032,L,177,3,2,1,1,2,Response,,,,,,,,,,,,
SV032,L,178,2,0,0,1,2,Response,,,,,,,,0.9,0.9,374.0,374.0,206.0
SV032,L,179,3,3,0,0,2,Response,,,,,,,,,,,,
SV032,L,180,2,0,0,0,2,Response,,,,,,,,,,,,
SV032,L,181,2,2,0,1,2,Response,,,,,,,,,,,,
SV032,L,182,2,3,1,0,2,Response,,,,,,,,,,,,
SV032,L,183,2,0,1,1,2,Response,,,,,,,,,,,,
SV032,L,184,3,3,0,0,2,Response,,,,,,,,,,,,
SV032,L,185,2,3,1,0,2,Response,2289.4666666666667,2659.9,1199.8999999999999,1270.2,2649.3333333333335,2945.0,490.0,3.733333333333333,7.0,138.33333333333334,204.0,34.0
SV032,L,186,3,3,1,1,1,Response,,,,,,,,,,,,
SV032,L,187,2,3,1,0,2,Response,,,,,,,,,,,,
SV032,L,188,2,3,1,1,1,Response,,,,,,,,,,,,
SV032,L,189,3,2,1,0,2,Response,2281.85,2690.5,1164.3,1267.8,2617.0,2873.0,568.0,6.25,6.6,178.0,210.0,48.0
SV032,L,190,2,3,0,0,2,Response,,,,,,,,,,,,
SV032,L,191,2,3,1,0,2,Response,2394.58,2806.6,1189.94,1285.6,2557.8,2951.0,211.6,2.42,5.6,97.6,152.0,26.4
SV032,L,192,2,2,0,0,2,Response,2533.766666666667,2931.9,1136.6333333333334,1263.9,2129.6666666666665,2530.0,413.6666666666667,4.65,7.4,151.33333333333334,265.0,154.66666666666666
SV032,L,193,2,2,1,0,2,Response,2513.0,2713.6,1387.7,1536.5,1727.0,2130.0,314.0,2.6333333333333333,5.9,164.33333333333334,287.0,104.66666666666667
SV032,L,194,2,2,0,0,2,Response,2608.1,2935.0,1195.0666666666666,1214.3,1869.6666666666667,1936.0,144.0,3.733333333333333,7.9,120.66666666666667,185.0,33.333333333333336
SV032,L,195,3,0,0,0,2,Response,2159.3,2249.6,1262.1999999999998,1471.1,1668.0,2119.0,753.0,2.1666666666666665,3.1,177.33333333333334,244.0,136.66666666666666
SV032,L,196,2,2,1,0,2,Response,2313.4166666666665,2825.0,983.4944444444445,1356.8,2125.3888888888887,2502.0,225.55555555555554,2.3666666666666667,11.6,208.88888888888889,478.0,83.88888888888889
SV032,L,197,2,2,0,0,2,Response,,,,,,,,0.1,0.1,625.0,625.0,132.0
SV032,L,198,2,2,1,1,1,Response,,,,,,,,,,,,
SV032,L,199,2,2,1,0,2,Response,,,,,,,,,,,,
SV032,L,200,2,0,1,1,1,Response,,,,,,,,,,,,
SV032,L,201,3,3,1,0,2,Response,,,,,,,,,,,,
SV032,L,202,3,2,1,1,2,Response,,,,,,,,,,,,
SV032,L,203,3,0,1,1,1,Response,,,,,,,,,,,,
SV032,L,204,2,3,0,0,2,Response,2430.15,2992.1,1086.6999999999998,1114.3,2286.5,2591.0,594.0,7.75,8.7,204.5,220.0,52.0
SV032,L,205,3,2,0,1,2,Response,1692.35,1814.0,1102.4,1112.1,2426.0,2738.0,1090.0,1.2,1.2,74.0,74.0,22.0
SV032,L,206,3,2,1,0,2,Response,2135.95,2349.6,1159.45,1205.7,1975.0,2060.0,665.0,2.25,2.8,104.0,108.0,28.0
SV032,L,207,3,0,1,0,3,Response,1926.6599999999999,2032.6,1111.3,1183.0,2705.8,2953.0,308.8,0.64,1.1,246.6,598.0,78.0
SV032,L,208,3,0,1,0,3,Response,2050.85,2224.4,1145.1,1164.5,2722.0,2826.0,774.0,1.4666666666666668,1.8,230.66666666666666,504.0,76.66666666666667
SV032,L,209,2,3,0,1,2,Response,,,,,,,,,,,,
SV032,L,210,2,2,1,0,2,Response,2610.5,2610.5,1269.1,1269.1,2082.0,2082.0,222.0,5.4,6.3,139.0,166.0,49.0
SV032,L,211,3,3,1,1,2,Response,,,,,,,,,,,,
SV032,L,212,2,3,0,0,2,Response,,,,,,,,,,,,
SV032,L,213,2,0,1,1,2,Response,1865.5,1865.5,1099.2,1099.2,2622.0,2622.0,626.0,0.9,0.9,66.0,66.0,18.0
SV032,L,214,3,3,0,1,1,Response,1090.6000000000001,1103.4,1208.3666666666668,1312.0,2457.3333333333335,2542.0,340.6666666666667,4.875,7.8,356.5,634.0,131.5
SV032,L,215,2,3,0,0,2,Response,2659.1666666666665,2971.4,1140.1000000000001,1175.0,2372.0,2659.0,287.3333333333333,3.525,8.6,120.5,185.0,32.0
SV032,L,216,2,2,1,0,2,Response,,,,,,,,0.4,0.4,53.0,53.0,10.0
SV032,L,217,2,0,1,0,2,Response,,,,,,,,1.4,1.4,203.0,203.0,320.0
SV032,L,218,3,0,1,1,1,Response,,,,,,,,,,,,
SV032,L,219,3,3,0,0,2,Response,,,,,,,,,,,,
SV032,L,220,3,2,1,1,2,Response,,,,,,,,,,,,
SV032,L,221,3,0,0,0,2,Response,,,,,,,,,,,,
SV032,L,222,3,0,0,0,2,Response,,,,,,,,,,,,
SV032,L,223,3,2,1,1,2,Response,,,,,,,,,,,,
SV032,L,224,2,2,0,0,2,Response,2408.575,2939.7,1150.525,1218.6,2012.0,2203.0,386.5,3.375,6.3,106.25,147.0,32.5
SV032,L,225,3,3,1,0,2,Response,2305.0,3007.7,1552.5,1793.5,1605.25,1867.0,498.0,1.4000000000000001,1.6,126.66666666666667,155.0,14.0
SV032,L,226,2,0,0,1,1,Response,,,,,,,,,,,,
SV032,L,227,3,2,1,0,2,Response,2238.56,2892.2,1190.4,1434.5,2872.6,3135.0,171.2,1.94,5.4,202.4,558.0,64.8
SV032,L,228,3,2,1,0,2,Response,1926.0,1926.0,1095.2,1095.2,2392.0,2392.0,1554.0,3.1,3.1,126.0,126.0,32.0
SV032,L,229,2,2,1,1,2,Response,1427.4,1914.1,1103.425,1235.7,1837.5,2021.0,386.0,4.225,8.9,243.75,354.0,125.5
SV032,L,230,3,0,0,1,1,Response,,,,,,,,,,,,
SV032,L,231,2,0,1,0,2,Response,2459.3333333333335,2858.2,1221.6666666666667,1304.2,1869.6666666666667,2026.0,368.6666666666667,5.2,8.3,146.0,185.0,44.0
SV032,L,232,2,2,0,1,1,Response,,,,,,,,,,,,
SV032,L,233,3,2,1,1,2,Response,,,,,,,,,,,,
SV032,L,234,3,3,1,0,2,Response,,,,,,,,,,,,
SV032,L,235,3,2,0,0,2,Response,,,,,,,,0.5,0.5,470.0,470.0,150.0
SV032,L,236,2,0,0,0,2,Response,2280.65,2805.0,1096.0500000000002,1122.2,2231.5,2295.0,341.0,5.233333333333333,8.6,150.66666666666666,199.0,40.666666666666664
SV032,L,237,2,3,1,0,2,Response,,,,,,,,,,,,
SV032,L,238,2,2,0,0,2,Response,,,,,,,,,,,,
SV032,L,239,2,2,1,1,2,Response,,,,,,,,,,,,
SV032,L,240,3,2,0,0,2,Response,2525.66,2928.4,1153.66,1264.8,2309.6,2539.0,378.0,2.8000000000000003,8.8,94.0,168.0,26.0
SV032,L,241,3,0,1,1,0,Response,,,,,,,,,,,,
SV032,L,242,2,3,0,1,3,Response,,,,,,,,,,,,
SV032,L,243,2,0,1,1,0,Response,,,,,,,,,,,,
SV032,L,244,3,0,0,0,0,Response,,,,,,,,,,,,
SV032,L,245,3,0,1,0,0,Response,,,,,,,,,,,,
SV032,L,246,3,2,0,0,2,Response,,,,,,,,,,,,
SV032,L,247,3,0,1,1,0,Response,,,,,,,,0.4,0.4,499.0,499.0,218.0
SV032,L,248,2,0,1,1,0,Response,1971.8,1971.8,1253.3,1253.3,2393.0,2393.0,38.0,1.25,1.4,93.0,95.0,17.0
SV032,L,249,2,0,0,1,0,Response,,,,,,,,,,,,
SV032,L,250,2,3,0,1,3,Response,,,,,,,,,,,,
SV032,L,251,2,2,1,1,2,Response,,,,,,,,0.8,0.8,388.0,388.0,238.0
SV032,L,252,3,3,1,1,3,Response,,,,,,,,,,,,
SV032,L,253,2,3,0,1,3,Response,,,,,,,,,,,,
SV032,L,254,2,2,1,1,2,Response,,,,,,,,,,,,
SV032,L,255,2,3,1,1,3,Response,,,,,,,,,,,,
SV032,L,256,2,0,1,0,0,Response,,,,,,,,2.3,2.3,362.0,362.0,320.0
SV032,L,257,3,0,0,1,0,Response,,,,,,,,,,,,
SV032,L,258,3,2,0,1,2,Response,,,,,,,,,,,,
SV032,L,259,2,3,1,1,3,Response,,,,,,,,3.0,3.0,195.0,195.0,20.0
SV032,L,260,2,2,1,0,2,Response,,,,,,,,0.1,0.1,476.0,476.0,246.0
SV032,L,261,2,0,1,0,0,Response,,,,,,,,0.3,0.3,450.0,450.0,202.0
SV032,L,262,2,2,1,0,2,Response,,,,,,,,,,,,
SV032,L,263,2,2,1,1,2,Response,,,,,,,,0.6,0.6,441.0,441.0,200.0
SV032,L,264,2,3,0,0,3,Response,,,,,,,,,,,,
SV032,L,265,3,3,1,1,3,Response,,,,,,,,,,,,
SV032,L,266,2,0,1,1,0,Response,,,,,,,,,,,,
SV032,L,267,3,2,0,0,2,Response,,,,,,,,0.7,0.7,63.0,63.0,14.0
SV032,L,268,3,0,1,1,0,Response,,,,,,,,0.7,0.7,845.0,845.0,208.0
SV032,L,269,2,2,0,0,2,Response,,,,,,,,,,,,
SV032,L,270,2,0,1,1,0,Response,,,,,,,,0.2,0.2,463.0,463.0,174.0
SV032,L,271,2,2,0,1,2,Response,,,,,,,,,,,,
SV032,L,272,2,2,0,0,2,Response,,,,,,,,,,,,
SV032,L,273,3,0,1,0,0,Response,,,,,,,,1.3,1.3,275.0,275.0,672.0
SV032,L,274,3,3,1,1,3,Response,,,,,,,,,,,,
SV032,L,275,2,0,0,1,0,Response,,,,,,,,0.1,0.1,443.0,443.0,182.0
SV032,L,276,2,0,0,0,0,Response,1868.15,1933.6,952.2249999999999,1038.1,2395.75,2553.0,162.5,3.95,13.0,159.75,440.0,1132.0
SV032,L,277,2,2,1,0,2,Response,,,,,,,,,,,,
SV032,L,278,2,3,0,0,3,Response,,,,,,,,,,,,
SV032,L,279,2,3,1,0,3,Response,,,,,,,,,,,,
SV032,L,280,3,2,0,0,2,Response,,,,,,,,1.7,1.7,98.0,98.0,22.0
SV032,L,281,3,3,1,0,3,Response,,,,,,,,,,,,
SV032,L,282,3,0,1,1,0,Response,,,,,,,,,,,,
SV032,L,283,3,2,1,1,2,Response,,,,,,,,0.7,0.7,910.0,910.0,154.0
SV032,L,284,2,3,0,1,3,Response,,,,,,,,,,,,
SV032,L,285,3,2,1,1,2,Response,,,,,,,,,,,,
SV032,L,286,2,3,1,0,3,Response,,,,,,,,,,,,
SV032,L,287,2,3,1,1,3,Response,,,,,,,,,,,,
SV032,L,288,3,3,1,1,3,Response,,,,,,,,0.7,0.7,62.0,62.0,14.0
SV032,L,289,3,2,1,1,2,Response,1853.6,1853.6,976.9,976.9,2865.0,2865.0,196.0,1.15,1.4,306.5,539.0,96.0
SV032,L,290,2,3,0,0,3,Response,2022.8,2022.8,923.6,923.6,2776.0,2776.0,158.0,1.25,1.6,88.0,108.0,18.0
SV032,L,291,3,0,0,0,0,Response,,,,,,,,0.5,0.5,540.0,540.0,198.0
SV032,L,292,3,0,0,1,0,Response,,,,,,,,,,,,
SV032,L,293,3,3,0,1,3,Response,,,,,,,,,,,,
SV032,L,294,3,2,0,0,2,Response,,,,,,,,,,,,
SV032,L,295,3,2,0,0,2,Response,,,,,,,,,,,,
SV032,L,296,3,0,0,1,0,Response,,,,,,,,0.4,0.4,422.0,422.0,154.0
SV032,L,297,3,3,1,1,3,Response,,,,,,,,0.6,0.6,454.0,454.0,200.0
SV032,L,298,3,0,0,1,0,Response,,,,,,,,,,,,
SV032,L,299,3,0,0,0,0,Response,,,,,,,,,,,,
SV032,L,300,3,2,0,0,2,Response,,,,,,,,,,,,
SV032,L,301,3,3,0,1,3,Response,,,,,,,,,,,,
SV032,L,302,2,3,0,0,3,Response,,,,,,,,,,,,
SV032,L,303,3,0,1,1,0,Response,1954.4,1996.4,931.9,967.9,1903.5,1930.0,247.0,2.5999999999999996,2.8,295.0,356.0,548.0
SV032,L,304,2,3,1,1,3,Response,,,,,,,,,,,,
SV032,L,305,2,3,1,0,3,Response,,,,,,,,,,,,
SV032,L,306,2,3,1,0,3,Response,,,,,,,,,,,,
SV032,L,307,3,0,0,1,0,Response,,,,,,,,,,,,
SV032,L,308,3,0,0,0,0,Response,,,,,,,,,,,,
SV032,L,309,2,0,1,1,0,Response,,,,,,,,1.9,1.9,261.0,261.0,324.0
SV032,L,310,3,0,0,1,0,Response,,,,,,,,,,,,
SV032,L,311,2,3,0,0,3,Response,,,,,,,,,,,,
SV032,L,312,2,0,1,0,0,Response,2340.575,3270.0,983.85,1064.2,1871.75,2125.0,131.0,4.88,12.4,309.2,516.0,604.4
SV032,L,313,2,0,0,0,0,Response,,,,,,,,,,,,
SV032,L,314,3,2,1,0,2,Response,,,,,,,,,,,,
SV032,L,315,2,0,1,1,0,Response,,,,,,,,,,,,
SV032,L,316,3,2,0,1,2,Response,,,,,,,,,,,,
SV032,L,317,3,3,0,0,3,Response,,,,,,,,,,,,
SV032,L,318,3,2,0,1,2,Response,2049.5,2049.5,1446.8,1446.8,1541.0,1541.0,36.0,3.6,3.6,208.0,208.0,24.0
SV032,L,319,2,0,0,0,0,Response,1816.3,1816.3,1066.0,1066.0,2566.0,2566.0,478.0,2.2,2.2,234.0,234.0,578.0
SV032,L,320,3,3,1,1,3,Response,3094.5499999999997,3270.0,2657.6833333333334,3204.9,2618.3333333333335,2836.0,69.66666666666667,5.8428571428571425,25.2,149.85714285714286,395.0,134.57142857142858
SV032,L,321,2,2,0,1,2,Response,,,,,,,,,,,,
SV032,L,322,3,2,1,0,2,Response,,,,,,,,,,,,
SV032,L,323,2,2,0,0,2,Response,,,,,,,,,,,,
SV032,L,324,2,0,0,1,0,Response,,,,,,,,,,,,
SV032,L,325,2,3,0,0,3,Response,1926.3,1926.3,1081.2,1081.2,1976.0,1976.0,776.0,2.2,2.2,169.0,169.0,18.0
SV032,L,326,3,2,1,0,2,Response,,,,,,,,,,,,
SV032,L,327,2,0,1,1,0,Response,,,,,,,,1.7,1.7,440.0,440.0,204.0
SV032,L,328,2,3,1,1,3,Response,,,,,,,,,,,,
SV032,L,329,3,0,1,0,0,Response,,,,,,,,,,,,
SV032,L,330,2,2,1,1,2,Response,,,,,,,,,,,,
SV032,L,331,2,2,1,1,2,Response,1887.4,1887.4,890.1,890.1,2926.0,2926.0,208.0,2.5999999999999996,2.8,161.5,175.0,22.0
SV032,L,332,3,3,0,1,3,Response,,,,,,,,,,,,
SV032,L,333,3,0,1,1,0,Response,,,,,,,,1.1,1.1,526.0,526.0,248.0
SV032,L,334,3,3,1,1,3,Response,,,,,,,,0.5,0.5,55.0,55.0,10.0
SV032,L,335,3,2,1,1,2,Response,,,,,,,,,,,,
SV032,L,336,3,3,1,0,3,Response,,,,,,,,,,,,
SV032,L,337,3,0,0,0,0,Response,,,,,,,,,,,,
SV032,L,338,2,2,1,0,2,Response,,,,,,,,,,,,
SV032,L,339,2,3,1,1,3,Response,2001.3,2001.3,910.6,910.6,2647.0,2647.0,556.0,1.4500000000000002,1.6,97.0,105.0,19.0
SV032,L,340,3,3,1,0,3,Response,,,,,,,,,,,,
SV032,L,341,2,2,0,1,2,Response,,,,,,,,,,,,
SV032,L,342,2,3,0,1,3,Response,,,,,,,,,,,,
SV032,L,343,3,3,0,1,3,Response,,,,,,,,,,,,
SV032,L,344,3,0,1,0,0,Response,,,,,,,,0.6,0.6,540.0,540.0,200.0
SV032,L,345,2,3,1,0,3,Response,,,,,,,,,,,,
SV032,L,346,2,2,1,0,2,Response,,,,,,,,,,,,
SV032,L,347,2,0,1,0,0,Response,,,,,,,,,,,,
SV032,L,348,3,2,0,1,2,Response,,,,,,,,0.4,0.4,60.0,60.0,10.0
SV032,L,349,2,0,0,0,0,Response,1764.2,1764.2,1076.2,1076.2,2617.0,2617.0,310.0,1.95,3.0,362.0,655.0,112.0
SV032,L,350,3,2,1,1,2,Response,,,,,,,,,,,,
SV032,L,351,2,2,0,1,2,Response,,,,,,,,1.2,1.2,72.0,72.0,20.0
SV032,L,352,3,3,0,1,3,Response,,,,,,,,,,,,
SV032,L,353,3,3,0,0,3,Response,,,,,,,,,,,,
SV032,L,354,3,2,0,1,2,Response,,,,,,,,0.5,0.5,361.0,361.0,300.0
SV032,L,355,3,3,0,1,3,Response,,,,,,,,1.6,1.6,90.0,90.0,22.0
SV032,L,356,2,0,0,0,0,Response,,,,,,,,,,,,
SV032,L,357,3,0,0,0,0,Response,,,,,,,,,,,,
SV032,L,358,3,3,1,0,3,Response,2041.8,2041.8,792.3,792.3,2564.0,2564.0,372.0,2.0,2.1,117.5,125.0,22.0
SV032,L,359,3,2,1,1,2,Response,,,,,,,,,,,,
SV032,L,360,3,0,1,0,0,Response,,,,,,,,1.0,1.0,406.0,406.0,174.0
SV032,L,361,3,2,1,0,2,Response,,,,,,,,0.4,0.4,423.0,423.0,238.0
SV032,L,362,3,3,1,1,3,Response,,,,,,,,,,,,
SV032,L,363,2,2,0,0,2,Response,,,,,,,,2.0,2.0,124.0,124.0,22.0
SV032,L,364,2,2,0,0,2,Response,,,,,,,,0.8,0.8,61.0,61.0,16.0
SV032,L,365,2,3,1,1,3,Response,,,,,,,,1.8,1.8,108.0,108.0,22.0
SV032,L,366,3,0,1,1,0,Response,,,,,,,,0.8,0.8,451.0,451.0,262.0
SV032,L,367,3,2,1,0,2,Response,,,,,,,,,,,,
SV032,L,368,2,3,1,1,3,Response,1977.9,1977.9,863.1,863.1,1965.0,1965.0,182.0,0.4,0.4,385.0,385.0,210.0
SV032,L,369,3,0,1,0,0,Response,,,,,,,,1.0,1.0,450.0,450.0,242.0
SV032,L,370,3,3,1,0,3,Response,,,,,,,,2.0,2.0,109.0,109.0,24.0
SV032,L,371,2,2,0,0,2,Response,,,,,,,,,,,,
SV032,L,372,2,2,0,1,2,Response,,,,,,,,,,,,
SV032,L,373,2,3,0,0,3,Response,,,,,,,,,,,,
SV032,L,374,2,2,1,1,2,Response,,,,,,,,,,,,
SV032,L,375,3,2,0,0,2,Response,,,,,,,,,,,,
SV032,L,376,3,3,0,0,3,Response,,,,,,,,1.3,1.3,383.0,383.0,290.0
SV032,L,377,2,0,0,1,0,Response,,,,,,,,1.8,1.8,394.0,394.0,290.0
SV032,L,378,3,3,1,0,3,Response,1994.2,1994.2,843.9,843.9,2876.0,2876.0,188.0,1.9,2.3,125.0,153.0,21.0
SV032,L,379,2,2,0,0,2,Response,1882.5,1882.5,896.0,896.0,2896.0,2896.0,214.0,1.65,1.7,101.5,107.0,21.0
SV032,L,380,3,2,1,1,2,Response,2426.65,3016.9,2144.05,3080.8,2908.0,3029.0,110.0,12.100000000000001,23.6,296.3333333333333,450.0,408.0
SV032,L,381,2,3,1,1,3,Response,,,,,,,,,,,,
SV032,L,382,3,3,0,0,3,Response,,,,,,,,,,,,
SV032,L,383,3,2,0,0,2,Response,1928.2,1928.2,821.3,821.3,2604.0,2604.0,300.0,2.7,2.9,132.0,134.0,28.0
SV032,L,384,2,0,0,1,0,Response,,,,,,,,,,,,
SV032,L,385,2,2,0,0,2,Response,1887.1,1887.1,866.7,866.7,2584.0,2584.0,186.0,2.3,2.3,149.0,154.0,21.0
SV032,L,386,3,2,0,1,2,Response,,,,,,,,0.3,0.3,437.0,437.0,184.0
SV032,L,387,2,0,0,1,0,Response,,,,,,,,0.3,0.3,511.0,511.0,206.0
SV032,L,388,3,2,0,1,2,Response,,,,,,,,0.5,0.5,570.0,570.0,162.0
SV032,L,389,3,2,1,0,2,Response,1871.3,1871.3,775.2,775.2,3018.0,3018.0,248.0,2.65,2.8,156.0,159.0,23.0
SV032,L,390,2,2,1,0,2,Response,,,,,,,,0.9,0.9,70.0,70.0,16.0
SV032,L,391,2,0,1,1,0,Response,,,,,,,,0.9,0.9,502.0,502.0,174.0
SV032,L,392,3,2,1,0,2,Response,,,,,,,,1.3,1.3,80.0,80.0,20.0
SV032,L,393,2,3,1,0,3,Response,,,,,,,,,,,,
SV032,L,394,2,3,0,1,3,Response,,,,,,,,0.8,0.8,443.0,443.0,204.0
SV032,L,395,2,3,0,0,3,Response,,,,,,,,1.4,1.4,79.0,79.0,22.0
SV032,L,396,2,3,0,1,3,Response,,,,,,,,,,,,
SV032,L,397,3,2,1,1,2,Response,,,,,,,,,,,,
SV032,L,398,3,3,0,1,3,Response,,,,,,,,,,,,
SV032,L,399,3,2,0,1,2,Response,,,,,,,,,,,,
SV032,L,400,2,0,1,1,0,Response,,,,,,,,0.4,0.4,533.0,533.0,182.0
SV032,L,401,3,0,1,1,0,Response,,,,,,,,,,,,
SV032,L,402,2,0,1,0,0,Response,,,,,,,,,,,,
SV032,L,403,2,0,0,0,0,Response,,,,,,,,,,,,
SV032,L,404,3,0,1,0,0,Response,,,,,,,,0.2,0.2,408.0,408.0,216.0
SV032,L,405,3,3,0,0,3,Response,,,,,,,,,,,,
SV032,L,406,2,3,1,0,3,Response,,,,,,,,,,,,
SV032,L,407,2,3,0,0,3,Response,,,,,,,,,,,,
SV032,L,408,3,3,1,1,3,Response,,,,,,,,,,,,
SV032,L,409,3,3,0,0,3,Response,,,,,,,,,,,,
SV032,L,410,2,2,0,1,2,Response,,,,,,,,,,,,
SV032,L,411,3,2,1,1,2,Response,1870.5,1870.5,1043.7,1043.7,2435.0,2435.0,436.0,0.6,0.6,64.0,64.0,12.0
SV032,L,412,3,0,0,0,0,Response,,,,,,,,0.3,0.3,314.0,314.0,236.0
SV032,L,413,3,2,1,0,2,Response,,,,,,,,,,,,
SV032,L,414,2,2,1,0,2,Response,,,,,,,,,,,,
SV032,L,415,3,2,0,1,2,Response,,,,,,,,,,,,
SV032,L,416,2,2,1,0,2,Response,,,,,,,,,,,,
SV032,L,417,3,0,1,0,0,Response,,,,,,,,,,,,
SV032,L,418,2,3,0,1,3,Response,1972.6,1972.6,921.6,921.6,2795.0,2795.0,178.0,0.8,0.8,66.0,66.0,15.0
SV032,L,419,2,3,0,0,3,Response,,,,,,,,0.5,0.5,55.0,55.0,12.0
SV032,L,420,3,3,1,1,3,Response,,,,,,,,,,,,
SV032,L,421,3,3,0,0,3,Response,,,,,,,,,,,,
SV032,L,422,3,0,0,1,0,Response,,,,,,,,,,,,
SV032,L,423,3,0,0,1,0,Response,,,,,,,,,,,,
SV032,L,424,2,3,0,1,3,Response,2025.1999999999998,2050.7,1318.0,1387.8,1568.0,1661.0,287.0,1.0,1.1,98.5,106.0,13.0
SV032,L,425,2,0,1,0,0,Response,,,,,,,,2.3,2.3,348.0,348.0,302.0
SV032,L,426,3,0,1,1,0,Response,,,,,,,,,,,,
SV032,L,427,2,2,0,1,2,Response,,,,,,,,,,,,
SV032,L,428,2,2,0,1,2,Response,,,,,,,,1.5,1.5,327.0,327.0,306.0
SV032,L,429,2,2,1,0,2,Response,,,,,,,,,,,,
SV032,L,430,2,3,1,0,3,Response,,,,,,,,,,,,
SV032,L,431,3,2,1,0,2,Response,,,,,,,,,,,,
SV032,L,432,2,0,0,1,0,Response,,,,,,,,1.4,1.4,447.0,447.0,254.0
SV032,L,433,3,3,1,0,3,Response,,,,,,,,,,,,
SV032,L,434,3,3,1,0,3,Response,,,,,,,,0.2,0.2,438.0,438.0,234.0
SV032,L,435,2,2,0,1,2,Response,,,,,,,,,,,,
SV032,L,436,3,0,0,0,0,Response,,,,,,,,,,,,
SV032,L,437,2,0,1,0,0,Response,,,,,,,,,,,,
SV032,L,438,2,0,0,0,0,Response,,,,,,,,,,,,
SV032,L,439,3,0,0,1,0,Response,,,,,,,,1.2,1.2,283.0,283.0,288.0
SV032,L,440,3,0,1,0,0,Response,,,,,,,,,,,,
SV032,L,441,2,3,1,1,3,Response,,,,,,,,,,,,
SV032,L,442,3,3,1,0,3,Response,,,,,,,,,,,,
SV032,L,443,3,0,1,1,0,Response,,,,,,,,,,,,
SV032,L,444,2,2,1,0,2,Response,,,,,,,,,,,,
SV032,L,445,3,2,1,1,2,Response,,,,,,,,,,,,
SV032,L,446,2,0,1,1,0,Response,,,,,,,,,,,,
SV032,L,447,2,0,0,1,0,Response,,,,,,,,0.4,0.4,518.0,518.0,168.0
SV032,L,448,2,0,0,1,0,Response,,,,,,,,,,,,
SV032,L,449,2,0,0,0,0,Response,1894.3666666666668,1918.5,1048.3333333333333,1082.9,2312.0,2505.0,297.3333333333333,0.925,1.8,472.25,539.0,426.5
SV032,L,450,2,0,0,0,0,Response,,,,,,,,,,,,
SV032,L,451,2,0,1,0,0,Response,,,,,,,,0.6,0.6,58.0,58.0,12.0
SV032,L,452,2,2,0,0,2,Response,,,,,,,,,,,,
SV032,L,453,2,3,1,0,3,Response,,,,,,,,,,,,
SV032,L,454,2,0,0,1,0,Response,,,,,,,,,,,,
SV032,L,455,3,3,0,0,3,Response,2118.0,2241.4,1152.3,1164.1,2382.5,2573.0,31.0,0.6,0.6,86.0,258.0,312.0
SV032,L,456,3,3,0,0,3,Response,,,,,,,,,,,,
SV032,L,457,2,2,0,1,2,Response,,,,,,,,,,,,
SV032,L,458,3,0,1,0,0,Response,,,,,,,,0.4,0.4,476.0,476.0,196.0
SV032,L,459,2,0,1,0,0,Response,,,,,,,,,,,,
SV032,L,460,3,2,0,1,2,Response,1909.4,1909.4,810.8,810.8,2664.0,2664.0,186.0,1.9,2.5,114.5,141.0,21.0
SV032,L,461,2,3,0,1,3,Response,,,,,,,,,,,,
SV032,L,462,3,3,0,1,3,Response,,,,,,,,,,,,
SV032,L,463,3,0,0,0,0,Response,1850.1,1899.9,897.95,937.7,2738.0,2781.0,197.0,1.2,1.6,78.0,94.0,18.666666666666668
SV032,L,464,2,2,1,1,2,Response,,,,,,,,,,,,
SV032,L,465,2,2,1,1,2,Response,,,,,,,,,,,,
SV032,L,466,2,2,1,1,2,Response,,,,,,,,,,,,
SV032,L,467,3,3,0,1,3,Response,,,,,,,,,,,,
SV032,L,468,3,3,0,0,3,Response,,,,,,,,,,,,
SV032,L,469,3,2,0,0,2,Response,,,,,,,,,,,,
SV032,L,470,3,0,0,0,0,Response,,,,,,,,,,,,
SV032,L,471,2,2,0,0,2,Response,,,,,,,,0.7,0.7,63.0,63.0,14.0
SV032,L,472,3,3,1,0,3,Response,,,,,,,,,,,,
SV032,L,473,2,0,1,0,0,Response,,,,,,,,0.7,0.7,636.0,636.0,168.0
SV032,L,474,3,2,0,0,2,Response,,,,,,,,,,,,
SV032,L,475,3,2,1,0,2,Response,,,,,,,,1.0,1.0,81.0,81.0,16.0
SV032,L,476,2,0,0,0,0,Response,,,,,,,,,,,,
SV032,L,477,2,3,1,0,3,Response,,,,,,,,,,,,
SV032,L,478,3,0,0,1,0,Response,,,,,,,,0.9,0.9,361.0,361.0,234.0
SV032,L,479,3,3,0,1,3,Response,1908.8,1908.8,1064.1,1064.1,2652.0,2652.0,218.0,1.15,1.8,314.5,524.0,85.0
SV032,L,480,2,2,1,1,2,Response,,,,,,,,0.6,0.6,58.0,58.0,12.0
SV032,R,1,3,3,1,1,1,Response,1879.1142857142856,2723.9,1474.4428571428573,2120.2,2905.4285714285716,3249.0,322.57142857142856,6.175,12.3,176.25,509.0,55.0
SV032,R,2,2,3,0,0,2,Response,,,,,,,,,,,,
SV032,R,3,3,3,0,1,2,Response,2722.4,2806.5,1233.0500000000002,1248.4,3002.0,3033.0,141.0,4.566666666666666,7.5,141.66666666666666,205.0,36.666666666666664
SV032,R,4,2,2,0,1,2,Response,,,,,,,,,,,,
SV032,R,5,2,0,0,1,2,Response,,,,,,,,,,,,
SV032,R,6,2,0,1,1,1,Response,,,,,,,,,,,,
SV032,R,7,3,0,0,1,2,Response,,,,,,,,,,,,
SV032,R,8,2,0,0,1,2,Response,2831.3,2831.3,1080.0,1080.0,2696.0,2696.0,466.0,7.4,8.3,361.0,558.0,112.0
SV032,R,9,3,2,0,1,2,Response,,,,,,,,,,,,
SV032,R,10,2,2,0,0,2,Response,,,,,,,,,,,,
SV032,R,11,3,2,0,1,2,Response,,,,,,,,,,,,
SV032,R,12,2,0,0,0,2,Response,1775.6,1775.6,1122.0,1122.0,3011.0,3011.0,618.0,0.6499999999999999,0.7,59.5,63.0,13.0
SV032,R,13,3,2,1,1,1,Response,2007.05,2100.0,1116.35,1126.5,2897.5,2926.0,661.0,1.1666666666666667,1.3,280.3333333333333,684.0,68.0
SV032,R,14,2,2,0,0,2,Response,,,,,,,,,,,,
SV032,R,15,3,0,1,0,3,Response,,,,,,,,,,,,
SV032,R,16,2,0,0,0,2,Response,,,,,,,,,,,,
SV032,R,17,3,0,1,1,1,Response,,,,,,,,,,,,
SV032,R,18,3,3,0,1,2,Response,,,,,,,,,,,,
SV032,R,19,2,2,0,1,2,Response,,,,,,,,,,,,
SV032,R,20,2,3,1,1,1,Response,,,,,,,,,,,,
SV032,R,21,3,0,1,1,2,Response,,,,,,,,0.7,0.7,578.0,578.0,158.0
SV032,R,22,3,3,0,0,3,Response,,,,,,,,,,,,
SV032,R,23,3,0,0,1,2,Response,,,,,,,,,,,,
SV032,R,24,3,2,0,0,2,Response,,,,,,,,,,,,
SV032,R,25,2,0,0,1,2,Response,2126.6333333333337,2841.0,1233.1000000000001,1582.3,2301.6666666666665,2603.0,117.33333333333333,8.025,16.3,259.75,415.0,51.0
SV032,R,26,3,0,1,1,1,Response,,,,,,,,,,,,
SV032,R,27,2,3,1,1,1,Response,,,,,,,,,,,,
SV032,R,28,2,3,0,0,2,Response,,,,,,,,1.1,1.1,435.0,435.0,134.0
SV032,R,29,3,0,0,1,2,Response,,,,,,,,,,,,
SV032,R,30,3,0,1,1,1,Response,,,,,,,,,,,,
SV032,R,31,2,2,1,0,2,Response,,,,,,,,,,,,
SV032,R,32,2,0,1,1,2,Response,1769.9,1769.9,1724.2,1724.2,1682.0,1682.0,46.0,6.75,7.3,316.5,372.0,33.0
SV032,R,33,3,2,1,1,1,Response,,,,,,,,,,,,
SV032,R,34,3,3,1,1,1,Response,,,,,,,,,,,,
SV032,R,35,2,3,1,0,2,Response,,,,,,,,1.6,1.6,92.0,92.0,22.0
SV032,R,36,2,0,0,0,2,Response,,,,,,,,,,,,
SV032,R,37,2,2,1,1,1,Response,,,,,,,,,,,,
SV032,R,38,2,2,0,0,2,Response,,,,,,,,,,,,
SV032,R,39,2,3,0,1,2,Response,2059.266666666667,2780.3,1311.7333333333333,1680.9,2255.0,2618.0,115.33333333333333,6.900000000000001,15.8,216.66666666666666,435.0,50.0
SV032,R,40,2,3,0,0,2,Response,,,,,,,,,,,,
SV032,R,41,3,2,0,1,2,Response,,,,,,,,,,,,
SV032,R,42,3,2,0,0,2,Response,,,,,,,,,,,,
SV032,R,43,2,3,1,1,1,Response,,,,,,,,,,,,
SV032,R,44,3,0,1,1,1,Response,,,,,,,,,,,,
SV032,R,45,3,3,1,0,3,Response,,,,,,,,,,,,
SV032,R,46,3,2,1,1,1,Response,,,,,,,,0.4,0.4,1067.0,1067.0,160.0
SV032,R,47,3,2,0,0,2,Response,,,,,,,,,,,,
SV032,R,48,2,3,0,1,2,Response,,,,,,,,,,,,
SV032,R,49,3,0,1,0,3,Response,,,,,,,,,,,,
SV032,R,50,3,3,0,0,3,Response,,,,,,,,,,,,
SV032,R,51,2,2,1,0,2,Response,,,,,,,,,,,,
SV032,R,52,3,0,0,0,2,Response,,,,,,,,2.2,2.2,545.0,545.0,124.0
SV032,R,53,3,0,0,0,3,Response,,,,,,,,,,,,
SV032,R,54,2,3,0,1,2,Response,2666.1499999999996,2778.7,1320.3,1366.8,2819.0,2828.0,173.0,5.3,9.8,221.0,457.0,90.0
SV032,R,55,3,0,0,0,2,Response,,,,,,,,0.4,0.4,55.0,55.0,10.0
SV032,R,56,3,3,0,0,2,Response,,,,,,,,,,,,
SV032,R,57,2,2,0,0,2,Response,,,,,,,,,,,,
SV032,R,58,3,0,0,0,3,Response,,,,,,,,,,,,
SV032,R,59,3,3,0,1,2,Response,,,,,,,,1.1,1.1,421.0,421.0,144.0
SV032,R,60,3,3,1,1,1,Response,,,,,,,,,,,,
SV032,R,61,3,3,1,1,1,Response,,,,,,,,,,,,
SV032,R,62,3,0,0,1,2,Response,,,,,,,,,,,,
SV032,R,63,2,2,1,0,2,Response,,,,,,,,,,,,
SV032,R,64,2,3,1,0,2,Response,,,,,,,,,,,,
SV032,R,65,2,3,1,0,2,Response,,,,,,,,,,,,
SV032,R,66,2,2,1,0,2,Response,,,,,,,,,,,,
SV032,R,67,2,0,1,0,2,Response,,,,,,,,6.5,6.5,213.0,213.0,52.0
SV032,R,68,3,0,0,0,2,Response,,,,,,,,,,,,
SV032,R,69,3,3,1,1,1,Response,,,,,,,,,,,,
SV032,R,70,3,0,0,0,2,Response,,,,,,,,,,,,
SV032,R,71,2,2,0,0,2,Response,,,,,,,,,,,,
SV032,R,72,3,2,1,1,1,Response,,,,,,,,,,,,
SV032,R,73,2,3,0,1,1,Response,,,,,,,,,,,,
SV032,R,74,2,3,0,1,2,Response,,,,,,,,,,,,
SV032,R,75,2,0,1,1,1,Response,,,,,,,,3.0,3.0,563.0,563.0,196.0
SV032,R,76,2,2,1,0,2,Response,1617.7400000000002,1931.9,1233.1799999999998,1320.2,3109.8,3326.0,385.2,3.25,7.5,224.83333333333334,644.0,45.666666666666664
SV032,R,77,3,2,1,0,2,Response,,,,,,,,,,,,
SV032,R,78,3,3,0,0,2,Response,,,,,,,,,,,,
SV032,R,79,3,2,0,0,2,Response,,,,,,,,,,,,
SV032,R,80,3,0,1,0,2,Response,,,,,,,,,,,,
SV032,R,81,3,2,0,0,2,Response,,,,,,,,,,,,
SV032,R,82,2,0,0,0,2,Response,,,,,,,,,,,,
SV032,R,83,2,2,0,1,2,Response,,,,,,,,,,,,
SV032,R,84,3,0,0,0,2,Response,1074.7,1074.7,1080.1,1080.1,2530.0,2530.0,484.0,6.8,7.8,295.5,425.0,175.0
SV032,R,85,2,0,0,0,2,Response,,,,,,,,1.1,1.1,582.0,582.0,148.0
SV032,R,86,3,0,0,1,2,Response,1898.3000000000002,1931.4,1133.65,1149.3,2953.5,3099.0,626.0,0.9666666666666667,1.4,351.6666666666667,561.0,129.33333333333334
SV032,R,87,2,0,0,1,2,Response,,,,,,,,,,,,
SV032,R,88,2,0,1,0,2,Response,,,,,,,,,,,,
SV032,R,89,3,0,1,0,2,Response,,,,,,,,0.3,0.3,425.0,425.0,250.0
SV032,R,90,3,2,1,1,1,Response,,,,,,,,,,,,
SV032,R,91,2,3,1,0,2,Response,,,,,,,,,,,,
SV032,R,92,3,0,0,1,2,Response,,,,,,,,,,,,
SV032,R,93,3,0,1,0,2,Response,,,,,,,,,,,,
SV032,R,94,3,3,0,1,2,Response,2389.5,2825.4,1206.1,1249.0,2671.5,2879.0,1081.0,6.0,6.0,149.0,149.0,50.0
SV032,R,95,3,0,1,0,3,Response,,,,,,,,0.8,0.8,64.0,64.0,16.0
SV032,R,96,2,2,1,0,2,Response,,,,,,,,,,,,
SV032,R,97,2,3,0,1,2,Response,,,,,,,,,,,,
SV032,R,98,3,3,0,1,2,Response,2462.566666666667,2801.8,1163.3,1176.2,2635.6666666666665,2831.0,500.0,3.325,7.0,240.75,578.0,74.0
SV032,R,99,2,0,1,1,1,Response,,,,,,,,,,,,
SV032,R,100,3,2,1,1,1,Response,,,,,,,,,,,,
SV032,R,101,3,0,1,1,1,Response,,,,,,,,,,,,
SV032,R,102,3,2,0,1,2,Response,,,,,,,,,,,,
SV032,R,103,3,2,0,0,2,Response,,,,,,,,1.4,1.4,482.0,482.0,168.0
SV032,R,104,3,0,0,1,2,Response,,,,,,,,,,,,
SV032,R,105,2,2,1,1,1,Response,,,,,,,,1.4,1.4,366.0,366.0,198.0
SV032,R,106,3,2,0,0,2,Response,,,,,,,,1.3,1.3,565.0,565.0,158.0
SV032,R,107,3,0,0,0,2,Response,,,,,,,,,,,,
SV032,R,108,3,2,1,1,1,Response,,,,,,,,,,,,
SV032,R,109,3,0,0,0,2,Response,,,,,,,,,,,,
SV032,R,110,3,2,1,0,2,Response,,,,,,,,,,,,
SV032,R,111,2,2,0,1,2,Response,2419.1666666666665,2770.7,1271.3,1353.5,2758.0,2817.0,598.6666666666666,4.3,7.0,143.0,202.0,36.0
SV032,R,112,3,2,0,0,2,Response,,,,,,,,,,,,
SV032,R,113,2,3,0,0,2,Response,,,,,,,,,,,,
SV032,R,114,2,2,0,1,2,Response,,,,,,,,,,,,
SV032,R,115,3,3,1,0,2,Response,1971.6,1971.6,1156.0,1156.0,3245.0,3245.0,486.0,0.5,0.6,326.0,602.0,86.0
SV032,R,116,2,3,0,0,2,Response,,,,,,,,,,,,
SV032,R,117,3,3,0,1,2,Response,,,,,,,,,,,,
SV032,R,118,2,2,0,0,2,Response,,,,,,,,1.3,1.3,572.0,572.0,218.0
SV032,R,119,3,3,0,0,3,Response,1082.6,1082.6,1175.3,1175.3,2543.0,2543.0,738.0,7.25,7.3,342.5,479.0,104.0
SV032,R,120,2,2,1,0,2,Response,,,,,,,,,,,,
SV032,R,121,2,2,1,1,1,Response,,,,,,,,,,,,
SV032,R,122,3,0,1,0,3,Response,,,,,,,,,,,,
SV032,R,123,3,3,0,1,2,Response,2128.9,2840.0,1380.225,1950.1,2616.0,2935.0,369.0,6.76,11.5,226.6,413.0,48.8
SV032,R,124,2,0,0,1,2,Response,,,,,,,,,,,,
SV032,R,125,3,2,0,1,2,Response,,,,,,,,,,,,
SV032,R,126,2,2,0,1,2,Response,,,,,,,,,,,,
SV032,R,127,2,3,1,0,2,Response,,,,,,,,,,,,
SV032,R,128,3,3,0,0,2,Response,,,,,,,,,,,,
SV032,R,129,3,2,1,0,2,Response,,,,,,,,,,,,
SV032,R,130,3,3,1,0,3,Response,1507.1999999999998,1941.1,1226.25,1282.9,2771.0,2903.0,844.0,7.6000000000000005,9.8,175.0,190.0,59.0
SV032,R,131,3,3,1,1,1,Response,,,,,,,,1.0,1.0,318.0,318.0,138.0
SV032,R,132,2,2,0,0,2,Response,,,,,,,,,,,,
SV032,R,133,2,3,0,0,2,Response,,,,,,,,,,,,
SV032,R,134,3,3,1,0,3,Response,,,,,,,,,,,,
SV032,R,135,2,3,0,0,2,Response,1855.2,1855.2,1120.6,1120.6,2368.0,2368.0,202.0,0.7,0.7,63.0,63.0,14.0
SV032,R,136,2,2,1,1,1,Response,,,,,,,,,,,,
SV032,R,137,3,0,1,0,3,Response,,,,,,,,,,,,
SV032,R,138,2,0,1,0,2,Response,2000.1,2000.1,975.4,975.4,2541.0,2541.0,32.0,0.8999999999999999,1.2,199.5,342.0,121.0
SV032,R,139,2,3,1,0,2,Response,,,,,,,,,,,,
SV032,R,140,3,0,1,1,1,Response,,,,,,,,0.7,0.7,395.0,395.0,100.0
SV032,R,141,3,0,1,0,2,Response,,,,,,,,0.6,0.6,641.0,641.0,114.0
SV032,R,142,2,3,1,0,2,Response,,,,,,,,,,,,
SV032,R,143,2,0,0,0,2,Response,,,,,,,,,,,,
SV032,R,144,3,0,0,1,2,Response,,,,,,,,,,,,
SV032,R,145,3,3,1,1,1,Response,,,,,,,,,,,,
SV032,R,146,2,2,1,0,2,Response,,,,,,,,,,,,
SV032,R,147,2,2,0,1,2,Response,,,,,,,,0.9,0.9,70.0,70.0,16.0
SV032,R,148,3,3,1,0,2,Response,1584.0,1584.0,1195.3,1195.3,2755.0,2755.0,196.0,1.75,2.0,90.0,93.0,27.0
SV032,R,149,3,3,0,0,2,Response,,,,,,,,,,,,
SV032,R,150,2,0,0,0,2,Response,,,,,,,,,,,,
SV032,R,151,3,2,0,0,2,Response,,,,,,,,,,,,
SV032,R,152,2,0,1,0,2,Response,,,,,,,,0.5,0.5,411.0,411.0,138.0
SV032,R,153,3,0,1,1,1,Response,,,,,,,,,,,,
SV032,R,154,3,2,1,0,2,Response,,,,,,,,,,,,
SV032,R,155,3,2,1,0,2,Response,,,,,,,,,,,,
SV032,R,156,2,2,1,1,1,Response,,,,,,,,,,,,
SV032,R,157,3,3,1,0,3,Response,1051.7,1051.7,1277.0,1277.0,2861.0,2861.0,212.0,5.75,6.3,162.5,201.0,48.0
SV032,R,158,2,3,0,1,2,Response,2769.25,2855.8,1275.15,1320.9,2530.0,2576.0,151.0,3.05,5.0,114.5,154.0,29.0
SV032,R,159,3,2,0,1,2,Response,,,,,,,,,,,,
SV032,R,160,3,3,0,1,2,Response,,,,,,,,0.7,0.7,59.0,59.0,14.0
SV032,R,161,2,3,0,0,2,Response,1900.625,1911.5,1087.45,1207.6,2623.25,2925.0,949.5,1.375,2.3,628.75,816.0,803.5
SV032,R,162,2,2,0,1,2,Response,,,,,,,,,,,,
SV032,R,163,2,2,1,1,1,Response,,,,,,,,,,,,
SV032,R,164,2,3,1,1,1,Response,,,,,,,,,,,,
SV032,R,165,2,0,1,1,1,Response,,,,,,,,,,,,
SV032,R,166,2,0,0,1,1,Response,,,,,,,,,,,,
SV032,R,167,3,2,1,0,2,Response,,,,,,,,,,,,
SV032,R,168,2,0,0,0,2,Response,,,,,,,,,,,,
SV032,R,169,2,0,0,1,2,Response,,,,,,,,,,,,
SV032,R,170,2,0,1,0,2,Response,,,,,,,,,,,,
SV032,R,171,2,0,0,1,1,Response,1910.05,1973.6,1164.1,1182.6,2704.5,2714.0,131.0,0.7333333333333334,0.9,256.0,646.0,62.0
SV032,R,172,2,0,0,1,1,Response,,,,,,,,,,,,
SV032,R,173,3,3,0,0,2,Response,,,,,,,,,,,,
SV032,R,174,3,0,0,1,1,Response,,,,,,,,,,,,
SV032,R,175,2,3,1,1,1,Response,,,,,,,,,,,,
SV032,R,176,3,3,1,0,2,Response,,,,,,,,,,,,
SV032,R,177,2,2,0,0,2,Response,,,,,,,,,,,,
SV032,R,178,2,0,1,0,2,Response,,,,,,,,1.1,1.1,611.0,611.0,190.0
SV032,R,179,2,0,1,0,2,Response,,,,,,,,,,,,
SV032,R,180,2,2,0,1,2,Response,,,,,,,,1.2,1.2,702.0,702.0,138.0
SV032,R,181,2,3,1,0,2,Response,1487.814285714286,1968.1,1433.542857142857,2085.5,2863.4285714285716,3040.0,371.42857142857144,4.5625,11.8,231.625,650.0,68.75
SV032,R,182,2,2,1,1,1,Response,,,,,,,,,,,,
SV032,R,183,2,0,0,1,2,Response,,,,,,,,,,,,
SV032,R,184,3,0,1,1,1,Response,,,,,,,,,,,,
SV032,R,185,3,3,1,0,2,Response,,,,,,,,,,,,
SV032,R,186,2,0,0,0,2,Response,,,,,,,,,,,,
SV032,R,187,3,3,1,0,2,Response,,,,,,,,,,,,
SV032,R,188,3,2,0,1,2,Response,2751.1000000000004,2834.3,1385.4,1386.8,2565.0,2568.0,141.0,5.1000000000000005,8.9,198.66666666666666,396.0,86.0
SV032,R,189,2,0,1,1,1,Response,,,,,,,,,,,,
SV032,R,190,2,3,0,0,2,Response,,,,,,,,,,,,
SV032,R,191,3,2,1,0,2,Response,,,,,,,,,,,,
SV032,R,192,2,2,0,1,2,Response,2636.233333333333,2824.9,1242.9666666666667,1293.5,2424.0,2438.0,96.0,2.6,7.0,86.5,130.0,32.5
SV032,R,193,3,0,1,1,1,Response,,,,,,,,,,,,
SV032,R,194,2,3,1,1,1,Response,,,,,,,,,,,,
SV032,R,195,3,2,1,0,2,Response,,,,,,,,,,,,
SV032,R,196,2,0,1,0,2,Response,,,,,,,,0.7,0.7,542.0,542.0,134.0
SV032,R,197,2,0,1,1,1,Response,,,,,,,,,,,,
SV032,R,198,3,2,1,1,1,Response,1926.3,1926.3,1138.0,1138.0,2540.0,2540.0,994.0,0.95,1.3,256.0,453.0,64.0
SV032,R,199,3,0,1,0,3,Response,,,,,,,,,,,,
SV032,R,200,3,2,0,1,2,Response,,,,,,,,,,,,
SV032,R,201,2,3,0,1,2,Response,,,,,,,,,,,,
SV032,R,202,2,2,0,0,2,Response,,,,,,,,,,,,
SV032,R,203,2,0,1,0,2,Response,,,,,,,,1.2,1.2,571.0,571.0,122.0
SV032,R,204,2,2,1,0,2,Response,,,,,,,,,,,,
SV032,R,205,3,2,0,0,2,Response,,,,,,,,,,,,
SV032,R,206,2,2,1,1,1,Response,,,,,,,,,,,,
SV032,R,207,3,3,1,1,1,Response,,,,,,,,,,,,
SV032,R,208,3,3,1,1,1,Response,,,,,,,,,,,,
SV032,R,209,3,2,1,1,1,Response,,,,,,,,,,,,
SV032,R,210,3,3,1,0,2,Response,,,,,,,,0.4,0.4,506.0,506.0,206.0
SV032,R,211,2,2,1,0,2,Response,1816.75,1944.0,1190.1,1204.6,2498.0,2713.0,550.0,0.7333333333333334,1.0,175.33333333333334,416.0,63.333333333333336
SV032,R,212,3,2,0,1,2,Response,,,,,,,,,,,,
SV032,R,213,3,3,0,1,1,Response,,,,,,,,,,,,
SV032,R,214,3,3,0,0,2,Response,,,,,,,,0.7,0.7,335.0,335.0,140.0
SV032,R,215,2,2,1,1,1,Response,,,,,,,,,,,,
SV032,R,216,3,3,1,1,1,Response,,,,,,,,,,,,
SV032,R,217,2,3,0,0,2,Response,,,,,,,,,,,,
SV032,R,218,2,0,1,1,1,Response,,,,,,,,,,,,
SV032,R,219,2,3,1,1,1,Response,,,,,,,,,,,,
SV032,R,220,2,0,1,0,2,Response,,,,,,,,,,,,
SV032,R,221,3,3,0,0,2,Response,,,,,,,,,,,,
SV032,R,222,2,3,1,0,2,Response,,,,,,,,0.6,0.6,513.0,513.0,180.0
SV032,R,223,3,2,1,0,2,Response,,,,,,,,,,,,
SV032,R,224,2,3,1,1,1,Response,,,,,,,,,,,,
SV032,R,225,2,2,0,0,2,Response,1897.4,1897.4,1122.1,1122.1,3007.0,3007.0,112.0,0.7,0.7,69.0,69.0,12.0
SV032,R,226,3,2,1,0,2,Response,,,,,,,,,,,,
SV032,R,227,3,2,0,1,2,Response,,,,,,,,,,,,
SV032,R,228,3,0,0,1,2,Response,,,,,,,,,,,,
SV032,R,229,2,3,0,1,1,Response,1214.25,1741.6,1154.8,1232.1,2726.5,2756.0,55.0,6.333333333333333,10.4,265.3333333333333,543.0,92.0
SV032,R,230,3,3,0,1,2,Response,,,,,,,,1.3,1.3,573.0,573.0,196.0
SV032,R,231,2,0,1,1,1,Response,,,,,,,,0.2,0.2,679.0,679.0,156.0
SV032,R,232,2,3,1,1,1,Response,,,,,,,,0.5,0.5,649.0,649.0,162.0
SV032,R,233,2,3,1,0,2,Response,,,,,,,,,,,,
SV032,R,234,2,2,1,1,1,Response,,,,,,,,,,,,
SV032,R,235,2,3,0,1,2,Response,,,,,,,,,,,,
SV032,R,236,3,2,1,1,1,Response,,,,,,,,,,,,
SV032,R,237,2,0,1,1,1,Response,,,,,,,,,,,,
SV032,R,238,2,3,1,1,1,Response,1789.6,1789.6,1001.3,1001.3,2273.0,2273.0,142.0,,,,,
SV032,R,239,3,0,0,0,2,Response,,,,,,,,1.1,1.1,0.0,0.0,156.0
SV032,R,240,2,0,0,0,2,Response,,,,,,,,,,,,
SV032,R,241,3,2,0,0,2,Response,1593.5545454545456,2836.2,1489.009090909091,2374.8,2918.0,3288.0,220.54545454545453,5.833333333333333,18.1,245.83333333333334,559.0,205.0
SV032,R,242,3,0,1,0,0,Response,,,,,,,,,,,,
SV032,R,243,2,3,0,0,3,Response,,,,,,,,,,,,
SV032,R,244,3,3,0,1,3,Response,,,,,,,,,,,,
SV032,R,245,2,3,0,1,3,Response,,,,,,,,,,,,
SV032,R,246,2,0,1,1,0,Response,,,,,,,,,,,,
SV032,R,247,2,2,0,1,2,Response,,,,,,,,,,,,
SV032,R,248,3,0,1,1,0,Response,,,,,,,,,,,,
SV032,R,249,3,3,0,1,3,Response,,,,,,,,,,,,
SV032,R,250,3,0,0,0,0,Response,,,,,,,,,,,,
SV032,R,251,2,3,1,1,3,Response,,,,,,,,,,,,
SV032,R,252,2,3,1,0,3,Response,,,,,,,,1.4,1.4,508.0,508.0,194.0
SV032,R,253,2,0,0,0,0,Response,,,,,,,,,,,,
SV032,R,254,2,0,1,0,0,Response,,,,,,,,0.2,0.2,576.0,576.0,164.0
SV032,R,255,2,0,1,0,0,Response,,,,,,,,,,,,
SV032,R,256,3,2,1,0,2,Response,,,,,,,,,,,,
SV032,R,257,3,0,0,1,0,Response,,,,,,,,0.4,0.4,404.0,404.0,160.0
SV032,R,258,2,0,1,0,0,Response,,,,,,,,,,,,
SV032,R,259,2,0,1,0,0,Response,,,,,,,,,,,,
SV032,R,260,2,0,1,1,0,Response,,,,,,,,,,,,
SV032,R,261,3,3,1,0,3,Response,,,,,,,,,,,,
SV032,R,262,3,0,0,0,0,Response,,,,,,,,,,,,
SV032,R,263,3,3,0,1,3,Response,,,,,,,,,,,,
SV032,R,264,2,3,1,0,3,Response,,,,,,,,,,,,
SV032,R,265,2,0,1,1,0,Response,,,,,,,,,,,,
SV032,R,266,3,2,0,1,2,Response,,,,,,,,,,,,
SV032,R,267,2,3,0,0,3,Response,,,,,,,,,,,,
SV032,R,268,2,0,0,1,0,Response,,,,,,,,1.6,1.6,340.0,340.0,224.0
SV032,R,269,3,3,1,1,3,Response,,,,,,,,,,,,
SV032,R,270,3,0,1,1,0,Response,,,,,,,,0.2,0.2,555.0,555.0,248.0
SV032,R,271,2,0,0,0,0,Response,,,,,,,,,,,,
SV032,R,272,2,2,1,0,2,Response,1928.0500000000002,1943.4,926.2,995.2,2792.5,2878.0,213.0,1.15,1.6,81.5,96.0,17.0
SV032,R,273,2,2,1,1,2,Response,,,,,,,,,,,,
SV032,R,274,2,0,1,0,0,Response,,,,,,,,0.6,0.6,405.0,405.0,192.0
SV032,R,275,3,2,0,0,2,Response,1959.2,1959.2,997.8,997.8,2893.0,2893.0,514.0,1.7,1.7,114.0,114.0,20.0
SV032,R,276,3,2,1,0,2,Response,,,,,,,,,,,,
SV032,R,277,3,3,1,1,3,Response,,,,,,,,,,,,
SV032,R,278,3,3,0,1,3,Response,,,,,,,,1.3,1.3,86.0,86.0,18.0
SV032,R,279,2,2,0,0,2,Response,,,,,,,,,,,,
SV032,R,280,2,2,0,1,2,Response,,,,,,,,,,,,
SV032,R,281,2,3,0,0,3,Response,,,,,,,,,,,,
SV032,R,282,2,3,1,0,3,Response,,,,,,,,,,,,
SV032,R,283,3,2,0,0,2,Response,,,,,,,,,,,,
SV032,R,284,2,3,0,0,3,Response,,,,,,,,,,,,
SV032,R,285,3,0,0,1,0,Response,,,,,,,,,,,,
SV032,R,286,2,3,0,1,3,Response,,,,,,,,5.5,5.5,266.0,266.0,32.0
SV032,R,287,3,2,0,0,2,Response,,,,,,,,,,,,
SV032,R,288,3,2,1,1,2,Response,,,,,,,,,,,,
SV032,R,289,3,0,1,1,0,Response,,,,,,,,,,,,
SV032,R,290,3,2,0,0,2,Response,,,,,,,,,,,,
SV032,R,291,2,0,0,1,0,Response,,,,,,,,0.6,0.6,57.0,57.0,12.0
SV032,R,292,2,2,0,0,2,Response,,,,,,,,,,,,
SV032,R,293,3,0,1,0,0,Response,,,,,,,,,,,,
SV032,R,294,3,3,1,1,3,Response,,,,,,,,,,,,
SV032,R,295,2,2,1,1,2,Response,,,,,,,,,,,,
SV032,R,296,2,3,1,1,3,Response,,,,,,,,,,,,
SV032,R,297,2,0,0,1,0,Response,,,,,,,,,,,,
SV032,R,298,3,3,1,0,3,Response,,,,,,,,,,,,
SV032,R,299,3,0,0,0,0,Response,,,,,,,,6.0,6.0,485.0,485.0,208.0
SV032,R,300,3,3,1,1,3,Response,2274.05,2526.4,1646.75,2206.9,2665.0,2739.0,244.0,8.799999999999999,13.6,337.6666666666667,648.0,258.0
SV032,R,301,3,3,1,0,3,Response,,,,,,,,,,,,
SV032,R,302,3,0,0,1,0,Response,,,,,,,,,,,,
SV032,R,303,2,2,1,1,2,Response,,,,,,,,2.5,2.5,564.0,564.0,136.0
SV032,R,304,2,2,1,1,2,Response,,,,,,,,,,,,
SV032,R,305,3,3,1,1,3,Response,,,,,,,,,,,,
SV032,R,306,3,0,1,0,0,Response,,,,,,,,1.9,1.9,572.0,572.0,168.0
SV032,R,307,3,3,0,0,3,Response,,,,,,,,0.5,0.5,54.0,54.0,12.0
SV032,R,308,2,3,0,0,3,Response,,,,,,,,,,,,
SV032,R,309,3,3,1,0,3,Response,,,,,,,,,,,,
SV032,R,310,3,3,0,0,3,Response,1940.15,1952.5,1051.4,1108.7,2652.5,2699.0,170.0,0.65,0.8,368.0,683.0,81.0
SV032,R,311,3,2,1,0,2,Response,,,,,,,,,,,,
SV032,R,312,3,0,1,1,0,Response,,,,,,,,,,,,
SV032,R,313,2,0,0,0,0,Response,,,,,,,,1.6,1.6,164.0,164.0,120.0
SV032,R,314,2,3,0,0,3,Response,,,,,,,,,,,,
SV032,R,315,3,2,0,1,2,Response,,,,,,,,,,,,
SV032,R,316,3,2,0,1,2,Response,,,,,,,,,,,,
SV032,R,317,3,0,0,0,0,Response,,,,,,,,,,,,
SV032,R,318,3,0,0,1,0,Response,,,,,,,,,,,,
SV032,R,319,2,2,0,1,2,Response,,,,,,,,,,,,
SV032,R,320,2,3,1,1,3,Response,,,,,,,,,,,,
SV032,R,321,2,0,0,0,0,Response,,,,,,,,,,,,
SV032,R,322,3,3,0,0,3,Response,,,,,,,,,,,,
SV032,R,323,3,0,1,1,0,Response,,,,,,,,,,,,
SV032,R,324,3,0,1,0,0,Response,,,,,,,,,,,,
SV032,R,325,2,0,1,1,0,Response,,,,,,,,,,,,
SV032,R,326,3,3,1,1,3,Response,,,,,,,,,,,,
SV032,R,327,2,0,0,0,0,Response,,,,,,,,,,,,
SV032,R,328,3,3,1,1,3,Response,,,,,,,,,,,,
SV032,R,329,3,0,1,1,0,Response,,,,,,,,,,,,
SV032,R,330,3,3,1,0,3,Response,,,,,,,,,,,,
SV032,R,331,2,0,1,0,0,Response,,,,,,,,1.0,1.0,515.0,515.0,96.0
SV032,R,332,2,3,1,1,3,Response,,,,,,,,,,,,
SV032,R,333,2,2,1,0,2,Response,,,,,,,,,,,,
SV032,R,334,3,2,0,1,2,Response,,,,,,,,,,,,
SV032,R,335,2,0,1,0,0,Response,,,,,,,,,,,,
SV032,R,336,2,0,0,0,0,Response,,,,,,,,,,,,
SV032,R,337,2,0,0,0,0,Response,,,,,,,,,,,,
SV032,R,338,3,2,0,1,2,Response,,,,,,,,,,,,
SV032,R,339,3,2,1,0,2,Response,1985.0,2009.3,787.1,842.2,2633.5,2866.0,131.0,1.6000000000000003,2.7,255.33333333333334,515.0,97.33333333333333
SV032,R,340,3,0,0,0,0,Response,,,,,,,,2.9,2.9,168.0,168.0,24.0
SV032,R,341,3,0,0,1,0,Response,,,,,,,,,,,,
SV032,R,342,3,2,0,0,2,Response,,,,,,,,2.8,2.8,342.0,342.0,186.0
SV032,R,343,3,2,1,1,2,Response,,,,,,,,,,,,
SV032,R,344,2,2,0,0,2,Response,,,,,,,,,,,,
SV032,R,345,2,2,1,0,2,Response,,,,,,,,1.9,1.9,116.0,116.0,22.0
SV032,R,346,3,0,1,0,0,Response,,,,,,,,,,,,
SV032,R,347,2,0,1,0,0,Response,,,,,,,,,,,,
SV032,R,348,3,3,1,0,3,Response,,,,,,,,,,,,
SV032,R,349,2,0,1,1,0,Response,,,,,,,,2.6,2.6,119.0,119.0,28.0
SV032,R,350,3,0,1,1,0,Response,,,,,,,,,,,,
SV032,R,351,3,2,0,0,2,Response,,,,,,,,,,,,
SV032,R,352,3,3,0,0,3,Response,,,,,,,,,,,,
SV032,R,353,3,2,0,1,2,Response,,,,,,,,,,,,
SV032,R,354,2,3,0,1,3,Response,,,,,,,,,,,,
SV032,R,355,3,3,0,0,3,Response,,,,,,,,,,,,
SV032,R,356,3,0,0,0,0,Response,1879.5,1879.5,1049.1,1049.1,3272.0,3272.0,166.0,1.25,1.4,89.5,106.0,18.0
SV032,R,357,2,2,0,1,2,Response,,,,,,,,2.3,2.3,144.0,144.0,22.0
SV032,R,358,3,3,1,1,3,Response,,,,,,,,,,,,
SV032,R,359,2,0,1,1,0,Response,,,,,,,,1.6,1.6,578.0,578.0,134.0
SV032,R,360,2,3,1,1,3,Response,,,,,,,,,,,,
SV032,R,361,2,3,0,0,3,Response,2035.5,2035.5,968.9,968.9,2839.0,2839.0,164.0,1.6,1.7,107.0,114.0,20.0
SV032,R,362,2,0,0,1,0,Response,,,,,,,,,,,,
SV032,R,363,2,3,0,1,3,Response,2004.3,2004.3,1005.3,1005.3,3055.0,3055.0,284.0,1.5,1.7,97.5,110.0,20.0
SV032,R,364,2,0,0,1,0,Response,,,,,,,,,,,,
SV032,R,365,2,2,0,1,2,Response,1929.2,1929.2,850.5,850.5,2798.0,2798.0,1070.0,2.1,2.4,126.0,143.0,23.0
SV032,R,366,3,2,1,0,2,Response,1979.6,1979.6,976.7,976.7,3267.0,3267.0,152.0,1.5499999999999998,1.9,108.5,132.0,19.0
SV032,R,367,2,3,1,0,3,Response,1997.1,1997.1,893.8,893.8,2860.0,2860.0,212.0,1.5,2.1,100.5,133.0,19.0
SV032,R,368,2,0,1,1,0,Response,,,,,,,,,,,,
SV032,R,369,2,2,1,0,2,Response,1912.75,1934.0,1028.2,1128.5,3152.5,3272.0,239.0,1.4,1.9,93.0,112.0,19.0
SV032,R,370,2,3,1,0,3,Response,,,,,,,,,,,,
SV032,R,371,3,2,1,0,2,Response,,,,,,,,,,,,
SV032,R,372,3,3,0,1,3,Response,,,,,,,,,,,,
SV032,R,373,3,3,0,1,3,Response,,,,,,,,,,,,
SV032,R,374,2,3,0,0,3,Response,,,,,,,,,,,,
SV032,R,375,3,0,0,0,0,Response,,,,,,,,,,,,
SV032,R,376,2,3,1,1,3,Response,,,,,,,,,,,,
SV032,R,377,2,2,0,0,2,Response,,,,,,,,,,,,
SV032,R,378,3,2,1,1,2,Response,1942.2,1942.2,907.6,907.6,2875.0,2875.0,354.0,1.9,2.5,110.5,142.0,22.0
SV032,R,379,3,2,0,0,2,Response,1905.2,1905.2,900.0,900.0,2687.0,2687.0,340.0,1.15,1.2,73.0,76.0,19.0
SV032,R,380,2,2,0,1,2,Response,,,,,,,,,,,,
SV032,R,381,2,2,1,1,2,Response,,,,,,,,,,,,
SV032,R,382,3,2,1,1,2,Response,,,,,,,,,,,,
SV032,R,383,3,2,1,1,2,Response,,,,,,,,,,,,
SV032,R,384,3,2,1,1,2,Response,,,,,,,,,,,,
SV032,R,385,3,2,0,1,2,Response,,,,,,,,,,,,
SV032,R,386,3,0,0,1,0,Response,,,,,,,,,,,,
SV032,R,387,3,2,1,0,2,Response,,,,,,,,,,,,
SV032,R,388,3,0,0,0,0,Response,,,,,,,,,,,,
SV032,R,389,2,0,0,1,0,Response,,,,,,,,0.7,0.7,609.0,609.0,164.0
SV032,R,390,3,3,0,1,3,Response,,,,,,,,,,,,
SV032,R,391,3,2,1,1,2,Response,,,,,,,,,,,,
SV032,R,392,2,2,0,1,2,Response,2285.6000000000004,2788.8,1738.8,2280.7,2616.0,3386.0,160.66666666666666,3.0777777777777775,7.4,166.33333333333334,330.0,160.66666666666666
SV032,R,393,2,0,1,1,0,Response,,,,,,,,,,,,
SV032,R,394,2,3,1,0,3,Response,,,,,,,,,,,,
SV032,R,395,3,0,1,0,0,Response,,,,,,,,,,,,
SV032,R,396,3,2,0,1,2,Response,,,,,,,,,,,,
SV032,R,397,3,3,0,0,3,Response,,,,,,,,,,,,
SV032,R,398,3,2,1,1,2,Response,,,,,,,,,,,,
SV032,R,399,2,2,1,0,2,Response,1889.81,2605.0,1442.1100000000001,2333.2,2943.6,3225.0,132.6,7.87,17.0,242.0,658.0,338.4
SV032,R,400,2,2,0,1,2,Response,,,,,,,,,,,,
SV032,R,401,3,0,0,1,0,Response,,,,,,,,1.2,1.2,602.0,602.0,152.0
SV032,R,402,2,2,1,0,2,Response,,,,,,,,,,,,
SV032,R,403,2,2,1,0,2,Response,,,,,,,,1.1,1.1,570.0,570.0,126.0
SV032,R,404,2,2,0,0,2,Response,,,,,,,,,,,,
SV032,R,405,2,2,0,0,2,Response,,,,,,,,,,,,
SV032,R,406,3,2,1,0,2,Response,,,,,,,,0.5,0.5,556.0,556.0,182.0
SV032,R,407,3,0,1,1,0,Response,1586.2,1586.2,1517.5,1517.5,1445.0,1445.0,26.0,6.1,8.5,295.0,387.0,211.0
SV032,R,408,3,3,1,0,3,Response,,,,,,,,2.0,2.0,564.0,564.0,262.0
SV032,R,409,3,3,1,0,3,Response,,,,,,,,,,,,
SV032,R,410,3,0,1,0,0,Response,,,,,,,,1.5,1.5,602.0,602.0,166.0
SV032,R,411,2,2,1,1,2,Response,,,,,,,,,,,,
SV032,R,412,2,0,1,1,0,Response,,,,,,,,,,,,
SV032,R,413,2,2,1,0,2,Response,,,,,,,,,,,,
SV032,R,414,3,3,0,0,3,Response,,,,,,,,,,,,
SV032,R,415,3,0,1,0,0,Response,,,,,,,,,,,,
SV032,R,416,3,3,0,1,3,Response,,,,,,,,,,,,
SV032,R,417,2,0,0,0,0,Response,,,,,,,,,,,,
SV032,R,418,2,3,0,1,3,Response,,,,,,,,,,,,
SV032,R,419,3,0,0,1,0,Response,,,,,,,,,,,,
SV032,R,420,2,0,0,0,0,Response,,,,,,,,,,,,
SV032,R,421,2,0,0,1,0,Response,,,,,,,,,,,,
SV032,R,422,2,2,0,1,2,Response,,,,,,,,,,,,
SV032,R,423,3,0,0,1,0,Response,,,,,,,,,,,,
SV032,R,424,2,3,1,1,3,Response,,,,,,,,,,,,
SV032,R,425,3,3,0,0,3,Response,,,,,,,,1.2,1.2,575.0,575.0,104.0
SV032,R,426,2,3,1,0,3,Response,,,,,,,,,,,,
SV032,R,427,3,3,1,1,3,Response,,,,,,,,,,,,
SV032,R,428,2,3,1,1,3,Response,,,,,,,,,,,,
SV032,R,429,2,2,0,0,2,Response,,,,,,,,,,,,
SV032,R,430,3,3,0,0,3,Response,,,,,,,,1.5,1.5,429.0,429.0,134.0
SV032,R,431,2,3,0,1,3,Response,2018.5,2018.5,1045.1,1045.1,3319.0,3319.0,172.0,0.9500000000000001,1.1,78.5,83.0,16.0
SV032,R,432,3,0,0,0,2,Response,,,,,,,,,,,,
SV032,R,433,3,3,0,0,3,Response,,,,,,,,,,,,
SV032,R,434,3,0,1,0,0,Response,,,,,,,,2.0,2.0,119.0,119.0,22.0
SV032,R,435,2,0,0,1,0,Response,,,,,,,,,,,,
SV032,R,436,3,2,1,0,2,Response,,,,,,,,,,,,
SV032,R,437,3,2,0,0,2,Response,,,,,,,,,,,,
SV032,R,438,2,3,1,1,3,Response,,,,,,,,,,,,
SV032,R,439,2,3,1,0,3,Response,,,,,,,,,,,,
SV032,R,440,2,3,1,1,3,Response,,,,,,,,,,,,
SV032,R,441,2,3,1,0,3,Response,,,,,,,,,,,,
SV032,R,442,2,0,0,1,0,Response,,,,,,,,,,,,
SV032,R,443,2,2,1,0,2,Response,,,,,,,,,,,,
SV032,R,444,3,3,0,1,3,Response,,,,,,,,,,,,
SV032,R,445,2,0,1,0,0,Response,,,,,,,,,,,,
SV032,R,446,3,3,0,1,3,Response,,,,,,,,,,,,
SV032,R,447,3,0,1,1,0,Response,1831.2,1831.2,1106.4,1106.4,2679.0,2679.0,240.0,0.6000000000000001,0.8,63.5,75.0,12.0
SV032,R,448,2,3,1,0,3,Response,,,,,,,,,,,,
SV032,R,449,2,2,1,0,2,Response,,,,,,,,,,,,
SV032,R,450,3,3,1,0,3,Response,,,,,,,,,,,,
SV032,R,451,3,0,1,1,0,Response,,,,,,,,,,,,
SV032,R,452,2,3,0,1,3,Response,1995.1,1995.1,938.7,938.7,2720.0,2720.0,178.0,0.8,0.8,63.5,69.0,15.0
SV032,R,453,3,0,1,0,0,Response,,,,,,,,,,,,
SV032,R,454,3,2,0,1,2,Response,,,,,,,,,,,,
SV032,R,455,3,3,1,1,3,Response,,,,,,,,,,,,
SV032,R,456,2,0,1,1,0,Response,,,,,,,,,,,,
SV032,R,457,2,2,0,1,2,Response,,,,,,,,,,,,
SV032,R,458,2,0,0,1,0,Response,,,,,,,,,,,,
SV032,R,459,2,3,0,1,3,Response,1950.2,1950.2,979.3,979.3,2644.0,2644.0,564.0,3.8,3.8,132.0,132.0,40.0
SV032,R,460,2,3,0,1,3,Response,,,,,,,,,,,,
SV032,R,461,3,0,0,1,0,Response,,,,,,,,,,,,
SV032,R,462,2,2,1,1,2,Response,,,,,,,,,,,,
SV032,R,463,3,0,0,0,0,Response,,,,,,,,0.8,0.8,482.0,482.0,224.0
SV032,R,464,3,2,0,0,2,Response,,,,,,,,,,,,
SV032,R,465,2,3,0,0,3,Response,,,,,,,,,,,,
SV032,R,466,2,2,1,1,2,Response,1919.5,1919.5,928.6,928.6,3086.0,3086.0,466.0,1.8,2.1,117.5,129.0,20.0
SV032,R,467,2,3,0,0,3,Response,,,,,,,,,,,,
SV032,R,468,3,3,1,0,3,Response,,,,,,,,,,,,
SV032,R,469,2,2,0,0,2,Response,,,,,,,,,,,,
SV032,R,470,3,2,1,0,2,Response,,,,,,,,,,,,
SV032,R,471,2,2,1,1,2,Response,,,,,,,,,,,,
SV032,R,472,3,2,0,1,2,Response,,,,,,,,,,,,
SV032,R,473,2,0,1,0,0,Response,,,,,,,,,,,,
SV032,R,474,2,3,0,1,3,Response,,,,,,,,0.9,0.9,550.0,550.0,264.0
SV032,R,475,3,2,1,1,2,Response,,,,,,,,,,,,
SV032,R,476,3,2,1,1,2,Response,,,,,,,,,,,,
SV032,R,477,2,2,0,0,2,Response,1843.1,1843.1,1531.5,1531.5,1730.0,1730.0,14.0,4.7,4.7,265.0,265.0,26.0
SV032,R,478,2,0,0,0,0,Response,,,,,,,,1.2,1.2,424.0,424.0,124.0
SV032,R,479,2,2,1,1,2,Response,,,,,,,,0.5,0.5,52.0,52.0,12.0
SV032,R,480,2,2,0,0,2,Response,,,,,,,,,,,,
SV032,L,1,2,2,0,0,2,Stimulus,,,,,,,,,,,,
SV032,L,2,3,0,1,1,2,Stimulus,,,,,,,,,,,,
SV032,L,3,2,3,0,1,2,Stimulus,,,,,,,,,,,,
SV032,L,4,3,2,1,0,3,Stimulus,,,,,,,,,,,,
SV032,L,5,3,0,1,0,3,Stimulus,,,,,,,,,,,,
SV032,L,6,3,3,1,1,2,Stimulus,,,,,,,,,,,,
SV032,L,7,3,0,0,1,2,Stimulus,,,,,,,,,,,,
SV032,L,8,2,0,0,1,2,Stimulus,,,,,,,,,,,,
SV032,L,9,3,3,1,1,1,Stimulus,,,,,,,,,,,,
SV032,L,10,3,2,1,0,2,Stimulus,,,,,,,,,,,,
SV032,L,11,3,2,1,0,2,Stimulus,,,,,,,,,,,,
SV032,L,12,2,2,0,0,2,Stimulus,,,,,,,,,,,,
SV032,L,13,3,2,0,0,2,Stimulus,,,,,,,,,,,,
SV032,L,14,3,3,1,0,3,Stimulus,,,,,,,,,,,,
SV032,L,15,2,3,1,1,2,Stimulus,,,,,,,,,,,,
SV032,L,16,3,2,0,1,2,Stimulus,,,,,,,,,,,,
SV032,L,17,3,3,1,1,2,Stimulus,,,,,,,,,,,,
SV032,L,18,2,3,0,0,2,Stimulus,,,,,,,,,,,,
SV032,L,19,2,3,0,1,2,Stimulus,,,,,,,,,,,,
SV032,L,20,3,2,0,0,2,Stimulus,,,,,,,,,,,,
SV032,L,21,3,2,0,0,2,Stimulus,,,,,,,,,,,,
SV032,L,22,3,3,0,1,2,Stimulus,,,,,,,,,,,,
SV032,L,23,2,0,1,1,2,Stimulus,,,,,,,,,,,,
SV032,L,24,2,2,1,1,2,Stimulus,,,,,,,,,,,,
SV032,L,25,2,0,0,0,2,Stimulus,,,,,,,,,,,,
SV032,L,26,3,0,0,0,2,Stimulus,,,,,,,,,,,,
SV032,L,27,2,0,1,1,2,Stimulus,,,,,,,,,,,,
SV032,L,28,3,2,1,1,2,Stimulus,,,,,,,,,,,,
SV032,L,29,3,3,0,1,2,Stimulus,,,,,,,,,,,,
SV032,L,30,3,3,0,1,2,Stimulus,,,,,,,,,,,,
SV032,L,31,3,3,1,0,2,Stimulus,,,,,,,,,,,,
SV032,L,32,2,2,0,0,2,Stimulus,,,,,,,,,,,,
SV032,L,33,2,0,0,1,2,Stimulus,,,,,,,,,,,,
SV032,L,34,3,0,0,1,2,Stimulus,,,,,,,,,,,,
SV032,L,35,3,2,0,1,2,Stimulus,,,,,,,,,,,,
SV032,L,36,2,0,0,0,2,Stimulus,,,,,,,,,,,,
SV032,L,37,2,0,0,1,1,Stimulus,,,,,,,,,,,,
SV032,L,38,2,0,1,0,2,Stimulus,,,,,,,,,,,,
SV032,L,39,3,2,0,1,2,Stimulus,,,,,,,,,,,,
SV032,L,40,2,0,1,0,2,Stimulus,,,,,,,,,,,,
SV032,L,41,3,2,0,0,2,Stimulus,,,,,,,,,,,,
SV032,L,42,3,3,1,0,2,Stimulus,,,,,,,,,,,,
SV032,L,43,3,0,1,0,2,Stimulus,,,,,,,,,,,,
SV032,L,44,3,3,0,0,2,Stimulus,,,,,,,,,,,,
SV032,L,45,3,3,0,0,2,Stimulus,,,,,,,,,,,,
SV032,L,46,3,3,0,1,2,Stimulus,,,,,,,,,,,,
SV032,L,47,2,2,0,0,2,Stimulus,,,,,,,,,,,,
SV032,L,48,2,3,0,1,2,Stimulus,,,,,,,,,,,,
SV032,L,49,3,2,0,1,2,Stimulus,,,,,,,,,,,,
SV032,L,50,2,0,1,0,2,Stimulus,,,,,,,,,,,,
SV032,L,51,2,2,1,0,2,Stimulus,,,,,,,,,,,,
SV032,L,52,3,0,0,1,2,Stimulus,,,,,,,,,,,,
SV032,L,53,3,3,0,1,2,Stimulus,,,,,,,,,,,,
SV032,L,54,3,2,0,1,1,Stimulus,,,,,,,,,,,,
SV032,L,55,3,3,0,0,2,Stimulus,,,,,,,,,,,,
SV032,L,56,3,3,1,1,1,Stimulus,,,,,,,,,,,,
SV032,L,57,2,2,1,0,2,Stimulus,,,,,,,,,,,,
SV032,L,58,2,3,1,1,2,Stimulus,,,,,,,,,,,,
SV032,L,59,2,3,0,0,2,Stimulus,,,,,,,,,,,,
SV032,L,60,2,3,0,1,2,Stimulus,,,,,,,,,,,,
SV032,L,61,3,0,1,1,2,Stimulus,,,,,,,,,,,,
SV032,L,62,2,3,1,1,1,Stimulus,,,,,,,,,,,,
SV032,L,63,2,3,0,1,2,Stimulus,,,,,,,,,,,,
SV032,L,64,2,2,1,1,1,Stimulus,,,,,,,,,,,,
SV032,L,65,2,3,1,0,2,Stimulus,,,,,,,,,,,,
SV032,L,66,3,0,0,1,2,Stimulus,,,,,,,,,,,,
SV032,L,67,3,3,0,1,2,Stimulus,,,,,,,,,,,,
SV032,L,68,3,3,0,0,2,Stimulus,,,,,,,,,,,,
SV032,L,69,3,0,1,0,3,Stimulus,,,,,,,,,,,,
SV032,L,70,3,3,1,0,3,Stimulus,,,,,,,,,,,,
SV032,L,71,2,3,1,1,2,Stimulus,,,,,,,,,,,,
SV032,L,72,2,0,0,0,2,Stimulus,,,,,,,,,,,,
SV032,L,73,2,2,1,0,2,Stimulus,,,,,,,,,,,,
SV032,L,74,3,2,0,0,2,Stimulus,,,,,,,,,,,,
SV032,L,75,2,0,1,0,2,Stimulus,,,,,,,,,,,,
SV032,L,76,3,2,1,0,2,Stimulus,,,,,,,,,,,,
SV032,L,77,3,0,0,0,2,Stimulus,,,,,,,,,,,,
SV032,L,78,2,3,0,1,2,Stimulus,,,,,,,,,,,,
SV032,L,79,3,3,1,0,2,Stimulus,,,,,,,,,,,,
SV032,L,80,2,3,0,1,2,Stimulus,,,,,,,,,,,,
SV032,L,81,3,0,0,0,2,Stimulus,,,,,,,,,,,,
SV032,L,82,3,2,1,1,1,Stimulus,,,,,,,,,,,,
SV032,L,83,2,3,1,1,2,Stimulus,,,,,,,,,,,,
SV032,L,84,2,0,1,0,2,Stimulus,,,,,,,,,,,,
SV032,L,85,2,2,1,0,2,Stimulus,,,,,,,,,,,,
SV032,L,86,2,2,0,1,2,Stimulus,,,,,,,,,,,,
SV032,L,87,2,2,0,1,1,Stimulus,,,,,,,,,,,,
SV032,L,88,2,0,1,0,2,Stimulus,,,,,,,,,,,,
SV032,L,89,3,2,1,0,2,Stimulus,,,,,,,,,,,,
SV032,L,90,2,0,1,1,1,Stimulus,,,,,,,,,,,,
SV032,L,91,2,3,1,0,2,Stimulus,,,,,,,,,,,,
SV032,L,92,3,0,0,0,2,Stimulus,,,,,,,,,,,,
SV032,L,93,3,2,0,1,1,Stimulus,,,,,,,,,,,,
SV032,L,94,2,2,1,0,2,Stimulus,,,,,,,,,,,,
SV032,L,95,2,3,1,0,2,Stimulus,,,,,,,,,,,,
SV032,L,96,2,0,1,0,2,Stimulus,,,,,,,,,,,,
SV032,L,97,2,2,0,1,1,Stimulus,,,,,,,,,,,,
SV032,L,98,2,0,0,1,2,Stimulus,,,,,,,,,,,,
SV032,L,99,3,2,0,1,1,Stimulus,,,,,,,,,,,,
SV032,L,100,3,0,1,0,3,Stimulus,,,,,,,,,,,,
SV032,L,101,2,2,1,1,1,Stimulus,,,,,,,,,,,,
SV032,L,102,3,2,0,0,2,Stimulus,,,,,,,,,,,,
SV032,L,103,3,3,1,0,3,Stimulus,,,,,,,,,,,,
SV032,L,104,3,3,0,0,3,Stimulus,,,,,,,,,,,,
SV032,L,105,2,0,1,1,2,Stimulus,,,,,,,,,,,,
SV032,L,106,2,0,0,0,2,Stimulus,,,,,,,,,,,,
SV032,L,107,3,0,1,1,2,Stimulus,,,,,,,,,,,,
SV032,L,108,2,0,0,1,1,Stimulus,,,,,,,,,,,,
SV032,L,109,3,0,0,1,1,Stimulus,,,,,,,,,,,,
SV032,L,110,3,0,0,1,1,Stimulus,,,,,,,,,,,,
SV032,L,111,2,3,0,0,2,Stimulus,,,,,,,,,,,,
SV032,L,112,2,0,0,0,2,Stimulus,,,,,,,,,,,,
SV032,L,113,3,0,1,1,2,Stimulus,,,,,,,,,,,,
SV032,L,114,3,3,0,1,2,Stimulus,,,,,,,,,,,,
SV032,L,115,3,3,1,0,2,Stimulus,,,,,,,,,,,,
SV032,L,116,2,0,1,0,2,Stimulus,,,,,,,,,,,,
SV032,L,117,2,2,0,1,1,Stimulus,,,,,,,,,,,,
SV032,L,118,3,3,0,0,2,Stimulus,,,,,,,,,,,,
SV032,L,119,2,0,1,1,2,Stimulus,,,,,,,,,,,,
SV032,L,120,2,0,0,1,2,Stimulus,,,,,,,,,,,,
SV032,L,121,2,3,0,0,2,Stimulus,,,,,,,,,,,,
SV032,L,122,2,2,0,1,1,Stimulus,,,,,,,,,,,,
SV032,L,123,2,2,0,0,2,Stimulus,,,,,,,,,,,,
SV032,L,124,3,0,0,1,1,Stimulus,,,,,,,,,,,,
SV032,L,125,3,0,0,1,2,Stimulus,,,,,,,,,,,,
SV032,L,126,3,3,0,0,2,Stimulus,,,,,,,,,,,,
SV032,L,127,2,3,1,1,2,Stimulus,,,,,,,,,,,,
SV032,L,128,2,2,1,1,2,Stimulus,,,,,,,,,,,,
SV032,L,129,2,3,1,1,2,Stimulus,,,,,,,,,,,,
SV032,L,130,3,0,1,1,2,Stimulus,,,,,,,,,,,,
SV032,L,131,3,0,1,0,3,Stimulus,,,,,,,,,,,,
SV032,L,132,2,0,0,0,2,Stimulus,,,,,,,,,,,,
SV032,L,133,3,2,0,0,2,Stimulus,,,,,,,,,,,,
SV032,L,134,3,3,0,1,2,Stimulus,,,,,,,,,,,,
SV032,L,135,3,0,1,0,3,Stimulus,,,,,,,,,,,,
SV032,L,136,3,3,1,1,2,Stimulus,,,,,,,,,,,,
SV032,L,137,3,3,1,1,2,Stimulus,,,,,,,,,,,,
SV032,L,138,3,0,1,1,2,Stimulus,,,,,,,,,,,,
SV032,L,139,2,2,1,1,1,Stimulus,,,,,,,,,,,,
SV032,L,140,2,0,0,0,2,Stimulus,,,,,,,,,,,,
SV032,L,141,3,3,1,1,2,Stimulus,,,,,,,,,,,,
SV032,L,142,2,2,0,1,1,Stimulus,,,,,,,,,,,,
SV032,L,143,2,3,1,0,2,Stimulus,,,,,,,,,,,,
SV032,L,144,2,0,0,0,2,Stimulus,,,,,,,,,,,,
SV032,L,145,2,0,1,1,1,Stimulus,,,,,,,,,,,,
SV032,L,146,3,0,1,1,2,Stimulus,,,,,,,,,,,,
SV032,L,147,3,3,0,1,1,Stimulus,,,,,,,,,,,,
SV032,L,148,3,0,1,1,1,Stimulus,,,,,,,,,,,,
SV032,L,149,2,2,1,1,1,Stimulus,,,,,,,,,,,,
SV032,L,150,3,2,1,1,2,Stimulus,,,,,,,,,,,,
SV032,L,151,3,2,0,1,2,Stimulus,,,,,,,,,,,,
SV032,L,152,2,2,1,1,2,Stimulus,,,,,,,,,,,,
SV032,L,153,3,0,0,1,2,Stimulus,,,,,,,,,,,,
SV032,L,154,2,3,1,1,1,Stimulus,,,,,,,,,,,,
SV032,L,155,2,0,1,1,1,Stimulus,,,,,,,,,,,,
SV032,L,156,3,0,1,0,2,Stimulus,,,,,,,,,,,,
SV032,L,157,3,2,1,1,1,Stimulus,,,,,,,,,,,,
SV032,L,158,3,0,0,0,2,Stimulus,,,,,,,,,,,,
SV032,L,159,3,2,1,1,2,Stimulus,,,,,,,,,,,,
SV032,L,160,2,3,1,0,2,Stimulus,,,,,,,,,,,,
SV032,L,161,2,3,0,1,2,Stimulus,,,,,,,,,,,,
SV032,L,162,3,2,0,0,2,Stimulus,,,,,,,,,,,,
SV032,L,163,2,3,0,0,2,Stimulus,,,,,,,,,,,,
SV032,L,164,2,3,0,1,1,Stimulus,,,,,,,,,,,,
SV032,L,165,2,2,0,1,1,Stimulus,,,,,,,,,,,,
SV032,L,166,3,2,0,1,1,Stimulus,,,,,,,,,,,,
SV032,L,167,2,2,0,1,1,Stimulus,,,,,,,,,,,,
SV032,L,168,2,3,0,0,2,Stimulus,,,,,,,,,,,,
SV032,L,169,2,0,0,1,1,Stimulus,,,,,,,,,,,,
SV032,L,170,3,0,0,0,2,Stimulus,,,,,,,,,,,,
SV032,L,171,2,3,1,1,2,Stimulus,,,,,,,,,,,,
SV032,L,172,3,0,1,0,1,Stimulus,,,,,,,,,,,,
SV032,L,173,3,3,1,1,2,Stimulus,,,,,,,,,,,,
SV032,L,174,3,0,0,0,2,Stimulus,,,,,,,,,,,,
SV032,L,175,2,0,0,1,1,Stimulus,,,,,,,,,,,,
SV032,L,176,3,2,1,0,2,Stimulus,,,,,,,,,,,,
SV032,L,177,3,2,1,1,2,Stimulus,,,,,,,,,,,,
SV032,L,178,2,0,0,1,2,Stimulus,,,,,,,,,,,,
SV032,L,179,3,3,0,0,2,Stimulus,,,,,,,,,,,,
SV032,L,180,2,0,0,0,2,Stimulus,,,,,,,,,,,,
SV032,L,181,2,2,0,1,2,Stimulus,,,,,,,,,,,,
SV032,L,182,2,3,1,0,2,Stimulus,,,,,,,,,,,,
SV032,L,183,2,0,1,1,2,Stimulus,,,,,,,,,,,,
SV032,L,184,3,3,0,0,2,Stimulus,,,,,,,,,,,,
SV032,L,185,2,3,1,0,2,Stimulus,,,,,,,,,,,,
SV032,L,186,3,3,1,1,1,Stimulus,,,,,,,,,,,,
SV032,L,187,2,3,1,0,2,Stimulus,,,,,,,,,,,,
SV032,L,188,2,3,1,1,1,Stimulus,,,,,,,,,,,,
SV032,L,189,3,2,1,0,2,Stimulus,,,,,,,,,,,,
SV032,L,190,2,3,0,0,2,Stimulus,,,,,,,,,,,,
SV032,L,191,2,3,1,0,2,Stimulus,,,,,,,,,,,,
SV032,L,192,2,2,0,0,2,Stimulus,,,,,,,,,,,,
SV032,L,193,2,2,1,0,2,Stimulus,,,,,,,,,,,,
SV032,L,194,2,2,0,0,2,Stimulus,,,,,,,,,,,,
SV032,L,195,3,0,0,0,2,Stimulus,,,,,,,,,,,,
SV032,L,196,2,2,1,0,2,Stimulus,,,,,,,,,,,,
SV032,L,197,2,2,0,0,2,Stimulus,,,,,,,,,,,,
SV032,L,198,2,2,1,1,1,Stimulus,,,,,,,,,,,,
SV032,L,199,2,2,1,0,2,Stimulus,,,,,,,,,,,,
SV032,L,200,2,0,1,1,1,Stimulus,,,,,,,,,,,,
SV032,L,201,3,3,1,0,2,Stimulus,,,,,,,,,,,,
SV032,L,202,3,2,1,1,2,Stimulus,,,,,,,,,,,,
SV032,L,203,3,0,1,1,1,Stimulus,,,,,,,,,,,,
SV032,L,204,2,3,0,0,2,Stimulus,,,,,,,,,,,,
SV032,L,205,3,2,0,1,2,Stimulus,,,,,,,,,,,,
SV032,L,206,3,2,1,0,2,Stimulus,,,,,,,,,,,,
SV032,L,207,3,0,1,0,3,Stimulus,,,,,,,,,,,,
SV032,L,208,3,0,1,0,3,Stimulus,,,,,,,,,,,,
SV032,L,209,2,3,0,1,2,Stimulus,,,,,,,,,,,,
SV032,L,210,2,2,1,0,2,Stimulus,,,,,,,,,,,,
SV032,L,211,3,3,1,1,2,Stimulus,,,,,,,,,,,,
SV032,L,212,2,3,0,0,2,Stimulus,,,,,,,,,,,,
SV032,L,213,2,0,1,1,2,Stimulus,,,,,,,,,,,,
SV032,L,214,3,3,0,1,1,Stimulus,,,,,,,,,,,,
SV032,L,215,2,3,0,0,2,Stimulus,,,,,,,,,,,,
SV032,L,216,2,2,1,0,2,Stimulus,,,,,,,,,,,,
SV032,L,217,2,0,1,0,2,Stimulus,,,,,,,,,,,,
SV032,L,218,3,0,1,1,1,Stimulus,,,,,,,,,,,,
SV032,L,219,3,3,0,0,2,Stimulus,,,,,,,,,,,,
SV032,L,220,3,2,1,1,2,Stimulus,,,,,,,,,,,,
SV032,L,221,3,0,0,0,2,Stimulus,,,,,,,,,,,,
SV032,L,222,3,0,0,0,2,Stimulus,,,,,,,,,,,,
SV032,L,223,3,2,1,1,2,Stimulus,,,,,,,,,,,,
SV032,L,224,2,2,0,0,2,Stimulus,,,,,,,,,,,,
SV032,L,225,3,3,1,0,2,Stimulus,,,,,,,,,,,,
SV032,L,226,2,0,0,1,1,Stimulus,,,,,,,,,,,,
SV032,L,227,3,2,1,0,2,Stimulus,,,,,,,,,,,,
SV032,L,228,3,2,1,0,2,Stimulus,,,,,,,,,,,,
SV032,L,229,2,2,1,1,2,Stimulus,,,,,,,,,,,,
SV032,L,230,3,0,0,1,1,Stimulus,,,,,,,,,,,,
SV032,L,231,2,0,1,0,2,Stimulus,,,,,,,,,,,,
SV032,L,232,2,2,0,1,1,Stimulus,,,,,,,,,,,,
SV032,L,233,3,2,1,1,2,Stimulus,,,,,,,,,,,,
SV032,L,234,3,3,1,0,2,Stimulus,,,,,,,,,,,,
SV032,L,235,3,2,0,0,2,Stimulus,,,,,,,,,,,,
SV032,L,236,2,0,0,0,2,Stimulus,,,,,,,,,,,,
SV032,L,237,2,3,1,0,2,Stimulus,,,,,,,,,,,,
SV032,L,238,2,2,0,0,2,Stimulus,,,,,,,,,,,,
SV032,L,239,2,2,1,1,2,Stimulus,,,,,,,,,,,,
SV032,L,240,3,2,0,0,2,Stimulus,,,,,,,,,,,,
SV032,L,241,3,0,1,1,0,Stimulus,,,,,,,,,,,,
SV032,L,242,2,3,0,1,3,Stimulus,,,,,,,,,,,,
SV032,L,243,2,0,1,1,0,Stimulus,,,,,,,,,,,,
SV032,L,244,3,0,0,0,0,Stimulus,,,,,,,,,,,,
SV032,L,245,3,0,1,0,0,Stimulus,,,,,,,,,,,,
SV032,L,246,3,2,0,0,2,Stimulus,,,,,,,,,,,,
SV032,L,247,3,0,1,1,0,Stimulus,,,,,,,,,,,,
SV032,L,248,2,0,1,1,0,Stimulus,,,,,,,,,,,,
SV032,L,249,2,0,0,1,0,Stimulus,,,,,,,,,,,,
SV032,L,250,2,3,0,1,3,Stimulus,,,,,,,,,,,,
SV032,L,251,2,2,1,1,2,Stimulus,,,,,,,,,,,,
SV032,L,252,3,3,1,1,3,Stimulus,,,,,,,,,,,,
SV032,L,253,2,3,0,1,3,Stimulus,,,,,,,,,,,,
SV032,L,254,2,2,1,1,2,Stimulus,,,,,,,,,,,,
SV032,L,255,2,3,1,1,3,Stimulus,,,,,,,,,,,,
SV032,L,256,2,0,1,0,0,Stimulus,,,,,,,,,,,,
SV032,L,257,3,0,0,1,0,Stimulus,,,,,,,,,,,,
SV032,L,258,3,2,0,1,2,Stimulus,,,,,,,,,,,,
SV032,L,259,2,3,1,1,3,Stimulus,,,,,,,,,,,,
SV032,L,260,2,2,1,0,2,Stimulus,,,,,,,,,,,,
SV032,L,261,2,0,1,0,0,Stimulus,,,,,,,,,,,,
SV032,L,262,2,2,1,0,2,Stimulus,,,,,,,,,,,,
SV032,L,263,2,2,1,1,2,Stimulus,,,,,,,,,,,,
SV032,L,264,2,3,0,0,3,Stimulus,,,,,,,,,,,,
SV032,L,265,3,3,1,1,3,Stimulus,,,,,,,,,,,,
SV032,L,266,2,0,1,1,0,Stimulus,,,,,,,,,,,,
SV032,L,267,3,2,0,0,2,Stimulus,,,,,,,,,,,,
SV032,L,268,3,0,1,1,0,Stimulus,,,,,,,,,,,,
SV032,L,269,2,2,0,0,2,Stimulus,,,,,,,,,,,,
SV032,L,270,2,0,1,1,0,Stimulus,,,,,,,,,,,,
SV032,L,271,2,2,0,1,2,Stimulus,,,,,,,,,,,,
SV032,L,272,2,2,0,0,2,Stimulus,,,,,,,,,,,,
SV032,L,273,3,0,1,0,0,Stimulus,,,,,,,,,,,,
SV032,L,274,3,3,1,1,3,Stimulus,,,,,,,,,,,,
SV032,L,275,2,0,0,1,0,Stimulus,,,,,,,,,,,,
SV032,L,276,2,0,0,0,0,Stimulus,,,,,,,,,,,,
SV032,L,277,2,2,1,0,2,Stimulus,,,,,,,,,,,,
SV032,L,278,2,3,0,0,3,Stimulus,,,,,,,,,,,,
SV032,L,279,2,3,1,0,3,Stimulus,,,,,,,,,,,,
SV032,L,280,3,2,0,0,2,Stimulus,,,,,,,,,,,,
SV032,L,281,3,3,1,0,3,Stimulus,,,,,,,,,,,,
SV032,L,282,3,0,1,1,0,Stimulus,,,,,,,,,,,,
SV032,L,283,3,2,1,1,2,Stimulus,,,,,,,,,,,,
SV032,L,284,2,3,0,1,3,Stimulus,,,,,,,,,,,,
SV032,L,285,3,2,1,1,2,Stimulus,,,,,,,,,,,,
SV032,L,286,2,3,1,0,3,Stimulus,,,,,,,,,,,,
SV032,L,287,2,3,1,1,3,Stimulus,,,,,,,,,,,,
SV032,L,288,3,3,1,1,3,Stimulus,,,,,,,,,,,,
SV032,L,289,3,2,1,1,2,Stimulus,,,,,,,,,,,,
SV032,L,290,2,3,0,0,3,Stimulus,,,,,,,,,,,,
SV032,L,291,3,0,0,0,0,Stimulus,,,,,,,,,,,,
SV032,L,292,3,0,0,1,0,Stimulus,,,,,,,,,,,,
SV032,L,293,3,3,0,1,3,Stimulus,,,,,,,,,,,,
SV032,L,294,3,2,0,0,2,Stimulus,,,,,,,,,,,,
SV032,L,295,3,2,0,0,2,Stimulus,,,,,,,,,,,,
SV032,L,296,3,0,0,1,0,Stimulus,,,,,,,,0.4,0.4,389.0,389.0,182.0
SV032,L,297,3,3,1,1,3,Stimulus,,,,,,,,,,,,
SV032,L,298,3,0,0,1,0,Stimulus,,,,,,,,,,,,
SV032,L,299,3,0,0,0,0,Stimulus,,,,,,,,,,,,
SV032,L,300,3,2,0,0,2,Stimulus,,,,,,,,,,,,
SV032,L,301,3,3,0,1,3,Stimulus,,,,,,,,,,,,
SV032,L,302,2,3,0,0,3,Stimulus,,,,,,,,,,,,
SV032,L,303,3,0,1,1,0,Stimulus,,,,,,,,,,,,
SV032,L,304,2,3,1,1,3,Stimulus,,,,,,,,,,,,
SV032,L,305,2,3,1,0,3,Stimulus,,,,,,,,,,,,
SV032,L,306,2,3,1,0,3,Stimulus,,,,,,,,,,,,
SV032,L,307,3,0,0,1,0,Stimulus,,,,,,,,,,,,
SV032,L,308,3,0,0,0,0,Stimulus,,,,,,,,,,,,
SV032,L,309,2,0,1,1,0,Stimulus,,,,,,,,,,,,
SV032,L,310,3,0,0,1,0,Stimulus,,,,,,,,,,,,
SV032,L,311,2,3,0,0,3,Stimulus,,,,,,,,,,,,
SV032,L,312,2,0,1,0,0,Stimulus,,,,,,,,,,,,
SV032,L,313,2,0,0,0,0,Stimulus,,,,,,,,,,,,
SV032,L,314,3,2,1,0,2,Stimulus,,,,,,,,,,,,
SV032,L,315,2,0,1,1,0,Stimulus,,,,,,,,,,,,
SV032,L,316,3,2,0,1,2,Stimulus,,,,,,,,,,,,
SV032,L,317,3,3,0,0,3,Stimulus,,,,,,,,,,,,
SV032,L,318,3,2,0,1,2,Stimulus,,,,,,,,,,,,
SV032,L,319,2,0,0,0,0,Stimulus,,,,,,,,,,,,
SV032,L,320,3,3,1,1,3,Stimulus,,,,,,,,,,,,
SV032,L,321,2,2,0,1,2,Stimulus,,,,,,,,,,,,
SV032,L,322,3,2,1,0,2,Stimulus,,,,,,,,,,,,
SV032,L,323,2,2,0,0,2,Stimulus,,,,,,,,,,,,
SV032,L,324,2,0,0,1,0,Stimulus,,,,,,,,,,,,
SV032,L,325,2,3,0,0,3,Stimulus,,,,,,,,,,,,
SV032,L,326,3,2,1,0,2,Stimulus,,,,,,,,,,,,
SV032,L,327,2,0,1,1,0,Stimulus,,,,,,,,,,,,
SV032,L,328,2,3,1,1,3,Stimulus,,,,,,,,,,,,
SV032,L,329,3,0,1,0,0,Stimulus,,,,,,,,,,,,
SV032,L,330,2,2,1,1,2,Stimulus,,,,,,,,,,,,
SV032,L,331,2,2,1,1,2,Stimulus,,,,,,,,,,,,
SV032,L,332,3,3,0,1,3,Stimulus,,,,,,,,,,,,
SV032,L,333,3,0,1,1,0,Stimulus,,,,,,,,,,,,
SV032,L,334,3,3,1,1,3,Stimulus,,,,,,,,,,,,
SV032,L,335,3,2,1,1,2,Stimulus,,,,,,,,,,,,
SV032,L,336,3,3,1,0,3,Stimulus,,,,,,,,,,,,
SV032,L,337,3,0,0,0,0,Stimulus,,,,,,,,,,,,
SV032,L,338,2,2,1,0,2,Stimulus,,,,,,,,,,,,
SV032,L,339,2,3,1,1,3,Stimulus,,,,,,,,,,,,
SV032,L,340,3,3,1,0,3,Stimulus,,,,,,,,,,,,
SV032,L,341,2,2,0,1,2,Stimulus,,,,,,,,,,,,
SV032,L,342,2,3,0,1,3,Stimulus,,,,,,,,,,,,
SV032,L,343,3,3,0,1,3,Stimulus,,,,,,,,,,,,
SV032,L,344,3,0,1,0,0,Stimulus,,,,,,,,,,,,
SV032,L,345,2,3,1,0,3,Stimulus,,,,,,,,,,,,
SV032,L,346,2,2,1,0,2,Stimulus,,,,,,,,,,,,
SV032,L,347,2,0,1,0,0,Stimulus,,,,,,,,,,,,
SV032,L,348,3,2,0,1,2,Stimulus,,,,,,,,,,,,
SV032,L,349,2,0,0,0,0,Stimulus,,,,,,,,,,,,
SV032,L,350,3,2,1,1,2,Stimulus,,,,,,,,,,,,
SV032,L,351,2,2,0,1,2,Stimulus,,,,,,,,,,,,
SV032,L,352,3,3,0,1,3,Stimulus,,,,,,,,,,,,
SV032,L,353,3,3,0,0,3,Stimulus,,,,,,,,,,,,
SV032,L,354,3,2,0,1,2,Stimulus,,,,,,,,,,,,
SV032,L,355,3,3,0,1,3,Stimulus,,,,,,,,,,,,
SV032,L,356,2,0,0,0,0,Stimulus,,,,,,,,,,,,
SV032,L,357,3,0,0,0,0,Stimulus,,,,,,,,,,,,
SV032,L,358,3,3,1,0,3,Stimulus,,,,,,,,,,,,
SV032,L,359,3,2,1,1,2,Stimulus,,,,,,,,,,,,
SV032,L,360,3,0,1,0,0,Stimulus,,,,,,,,,,,,
SV032,L,361,3,2,1,0,2,Stimulus,,,,,,,,,,,,
SV032,L,362,3,3,1,1,3,Stimulus,,,,,,,,,,,,
SV032,L,363,2,2,0,0,2,Stimulus,,,,,,,,,,,,
SV032,L,364,2,2,0,0,2,Stimulus,,,,,,,,,,,,
SV032,L,365,2,3,1,1,3,Stimulus,,,,,,,,,,,,
SV032,L,366,3,0,1,1,0,Stimulus,,,,,,,,,,,,
SV032,L,367,3,2,1,0,2,Stimulus,,,,,,,,,,,,
SV032,L,368,2,3,1,1,3,Stimulus,,,,,,,,,,,,
SV032,L,369,3,0,1,0,0,Stimulus,,,,,,,,,,,,
SV032,L,370,3,3,1,0,3,Stimulus,,,,,,,,,,,,
SV032,L,371,2,2,0,0,2,Stimulus,,,,,,,,,,,,
SV032,L,372,2,2,0,1,2,Stimulus,,,,,,,,,,,,
SV032,L,373,2,3,0,0,3,Stimulus,,,,,,,,,,,,
SV032,L,374,2,2,1,1,2,Stimulus,,,,,,,,,,,,
SV032,L,375,3,2,0,0,2,Stimulus,,,,,,,,,,,,
SV032,L,376,3,3,0,0,3,Stimulus,,,,,,,,,,,,
SV032,L,377,2,0,0,1,0,Stimulus,,,,,,,,,,,,
SV032,L,378,3,3,1,0,3,Stimulus,,,,,,,,,,,,
SV032,L,379,2,2,0,0,2,Stimulus,,,,,,,,,,,,
SV032,L,380,3,2,1,1,2,Stimulus,,,,,,,,,,,,
SV032,L,381,2,3,1,1,3,Stimulus,,,,,,,,,,,,
SV032,L,382,3,3,0,0,3,Stimulus,,,,,,,,,,,,
SV032,L,383,3,2,0,0,2,Stimulus,,,,,,,,,,,,
SV032,L,384,2,0,0,1,0,Stimulus,,,,,,,,,,,,
SV032,L,385,2,2,0,0,2,Stimulus,,,,,,,,,,,,
SV032,L,386,3,2,0,1,2,Stimulus,,,,,,,,,,,,
SV032,L,387,2,0,0,1,0,Stimulus,,,,,,,,,,,,
SV032,L,388,3,2,0,1,2,Stimulus,,,,,,,,,,,,
SV032,L,389,3,2,1,0,2,Stimulus,,,,,,,,,,,,
SV032,L,390,2,2,1,0,2,Stimulus,,,,,,,,,,,,
SV032,L,391,2,0,1,1,0,Stimulus,,,,,,,,,,,,
SV032,L,392,3,2,1,0,2,Stimulus,,,,,,,,,,,,
SV032,L,393,2,3,1,0,3,Stimulus,,,,,,,,,,,,
SV032,L,394,2,3,0,1,3,Stimulus,,,,,,,,,,,,
SV032,L,395,2,3,0,0,3,Stimulus,,,,,,,,,,,,
SV032,L,396,2,3,0,1,3,Stimulus,,,,,,,,,,,,
SV032,L,397,3,2,1,1,2,Stimulus,,,,,,,,,,,,
SV032,L,398,3,3,0,1,3,Stimulus,,,,,,,,,,,,
SV032,L,399,3,2,0,1,2,Stimulus,,,,,,,,,,,,
SV032,L,400,2,0,1,1,0,Stimulus,,,,,,,,,,,,
SV032,L,401,3,0,1,1,0,Stimulus,,,,,,,,,,,,
SV032,L,402,2,0,1,0,0,Stimulus,,,,,,,,,,,,
SV032,L,403,2,0,0,0,0,Stimulus,,,,,,,,,,,,
SV032,L,404,3,0,1,0,0,Stimulus,,,,,,,,,,,,
SV032,L,405,3,3,0,0,3,Stimulus,,,,,,,,,,,,
SV032,L,406,2,3,1,0,3,Stimulus,,,,,,,,,,,,
SV032,L,407,2,3,0,0,3,Stimulus,,,,,,,,,,,,
SV032,L,408,3,3,1,1,3,Stimulus,,,,,,,,,,,,
SV032,L,409,3,3,0,0,3,Stimulus,,,,,,,,,,,,
SV032,L,410,2,2,0,1,2,Stimulus,,,,,,,,,,,,
SV032,L,411,3,2,1,1,2,Stimulus,,,,,,,,,,,,
SV032,L,412,3,0,0,0,0,Stimulus,,,,,,,,,,,,
SV032,L,413,3,2,1,0,2,Stimulus,,,,,,,,,,,,
SV032,L,414,2,2,1,0,2,Stimulus,,,,,,,,,,,,
SV032,L,415,3,2,0,1,2,Stimulus,,,,,,,,,,,,
SV032,L,416,2,2,1,0,2,Stimulus,,,,,,,,,,,,
SV032,L,417,3,0,1,0,0,Stimulus,,,,,,,,,,,,
SV032,L,418,2,3,0,1,3,Stimulus,,,,,,,,,,,,
SV032,L,419,2,3,0,0,3,Stimulus,,,,,,,,,,,,
SV032,L,420,3,3,1,1,3,Stimulus,,,,,,,,,,,,
SV032,L,421,3,3,0,0,3,Stimulus,,,,,,,,,,,,
SV032,L,422,3,0,0,1,0,Stimulus,,,,,,,,,,,,
SV032,L,423,3,0,0,1,0,Stimulus,,,,,,,,,,,,
SV032,L,424,2,3,0,1,3,Stimulus,,,,,,,,,,,,
SV032,L,425,2,0,1,0,0,Stimulus,,,,,,,,,,,,
SV032,L,426,3,0,1,1,0,Stimulus,,,,,,,,,,,,
SV032,L,427,2,2,0,1,2,Stimulus,,,,,,,,,,,,
SV032,L,428,2,2,0,1,2,Stimulus,,,,,,,,,,,,
SV032,L,429,2,2,1,0,2,Stimulus,,,,,,,,,,,,
SV032,L,430,2,3,1,0,3,Stimulus,,,,,,,,,,,,
SV032,L,431,3,2,1,0,2,Stimulus,,,,,,,,,,,,
SV032,L,432,2,0,0,1,0,Stimulus,,,,,,,,,,,,
SV032,L,433,3,3,1,0,3,Stimulus,,,,,,,,,,,,
SV032,L,434,3,3,1,0,3,Stimulus,,,,,,,,,,,,
SV032,L,435,2,2,0,1,2,Stimulus,,,,,,,,,,,,
SV032,L,436,3,0,0,0,0,Stimulus,,,,,,,,,,,,
SV032,L,437,2,0,1,0,0,Stimulus,,,,,,,,,,,,
SV032,L,438,2,0,0,0,0,Stimulus,,,,,,,,,,,,
SV032,L,439,3,0,0,1,0,Stimulus,,,,,,,,,,,,
SV032,L,440,3,0,1,0,0,Stimulus,,,,,,,,,,,,
SV032,L,441,2,3,1,1,3,Stimulus,,,,,,,,,,,,
SV032,L,442,3,3,1,0,3,Stimulus,,,,,,,,,,,,
SV032,L,443,3,0,1,1,0,Stimulus,,,,,,,,,,,,
SV032,L,444,2,2,1,0,2,Stimulus,,,,,,,,,,,,
SV032,L,445,3,2,1,1,2,Stimulus,,,,,,,,,,,,
SV032,L,446,2,0,1,1,0,Stimulus,,,,,,,,,,,,
SV032,L,447,2,0,0,1,0,Stimulus,,,,,,,,,,,,
SV032,L,448,2,0,0,1,0,Stimulus,,,,,,,,,,,,
SV032,L,449,2,0,0,0,0,Stimulus,,,,,,,,,,,,
SV032,L,450,2,0,0,0,0,Stimulus,,,,,,,,,,,,
SV032,L,451,2,0,1,0,0,Stimulus,,,,,,,,,,,,
SV032,L,452,2,2,0,0,2,Stimulus,,,,,,,,,,,,
SV032,L,453,2,3,1,0,3,Stimulus,,,,,,,,,,,,
SV032,L,454,2,0,0,1,0,Stimulus,,,,,,,,,,,,
SV032,L,455,3,3,0,0,3,Stimulus,,,,,,,,,,,,
SV032,L,456,3,3,0,0,3,Stimulus,,,,,,,,,,,,
SV032,L,457,2,2,0,1,2,Stimulus,,,,,,,,,,,,
SV032,L,458,3,0,1,0,0,Stimulus,,,,,,,,,,,,
SV032,L,459,2,0,1,0,0,Stimulus,,,,,,,,,,,,
SV032,L,460,3,2,0,1,2,Stimulus,,,,,,,,,,,,
SV032,L,461,2,3,0,1,3,Stimulus,,,,,,,,,,,,
SV032,L,462,3,3,0,1,3,Stimulus,,,,,,,,,,,,
SV032,L,463,3,0,0,0,0,Stimulus,,,,,,,,,,,,
SV032,L,464,2,2,1,1,2,Stimulus,,,,,,,,,,,,
SV032,L,465,2,2,1,1,2,Stimulus,,,,,,,,,,,,
SV032,L,466,2,2,1,1,2,Stimulus,,,,,,,,,,,,
SV032,L,467,3,3,0,1,3,Stimulus,,,,,,,,,,,,
SV032,L,468,3,3,0,0,3,Stimulus,,,,,,,,,,,,
SV032,L,469,3,2,0,0,2,Stimulus,,,,,,,,,,,,
SV032,L,470,3,0,0,0,0,Stimulus,,,,,,,,,,,,
SV032,L,471,2,2,0,0,2,Stimulus,,,,,,,,,,,,
SV032,L,472,3,3,1,0,3,Stimulus,,,,,,,,,,,,
SV032,L,473,2,0,1,0,0,Stimulus,,,,,,,,,,,,
SV032,L,474,3,2,0,0,2,Stimulus,,,,,,,,,,,,
SV032,L,475,3,2,1,0,2,Stimulus,,,,,,,,,,,,
SV032,L,476,2,0,0,0,0,Stimulus,,,,,,,,,,,,
SV032,L,477,2,3,1,0,3,Stimulus,,,,,,,,,,,,
SV032,L,478,3,0,0,1,0,Stimulus,,,,,,,,,,,,
SV032,L,479,3,3,0,1,3,Stimulus,,,,,,,,,,,,
SV032,L,480,2,2,1,1,2,Stimulus,,,,,,,,,,,,
SV032,R,1,3,3,1,1,1,Stimulus,,,,,,,,,,,,
SV032,R,2,2,3,0,0,2,Stimulus,,,,,,,,,,,,
SV032,R,3,3,3,0,1,2,Stimulus,,,,,,,,,,,,
SV032,R,4,2,2,0,1,2,Stimulus,,,,,,,,,,,,
SV032,R,5,2,0,0,1,2,Stimulus,,,,,,,,,,,,
SV032,R,6,2,0,1,1,1,Stimulus,,,,,,,,,,,,
SV032,R,7,3,0,0,1,2,Stimulus,,,,,,,,,,,,
SV032,R,8,2,0,0,1,2,Stimulus,,,,,,,,,,,,
SV032,R,9,3,2,0,1,2,Stimulus,,,,,,,,,,,,
SV032,R,10,2,2,0,0,2,Stimulus,,,,,,,,,,,,
SV032,R,11,3,2,0,1,2,Stimulus,,,,,,,,,,,,
SV032,R,12,2,0,0,0,2,Stimulus,,,,,,,,,,,,
SV032,R,13,3,2,1,1,1,Stimulus,,,,,,,,,,,,
SV032,R,14,2,2,0,0,2,Stimulus,,,,,,,,,,,,
SV032,R,15,3,0,1,0,3,Stimulus,,,,,,,,,,,,
SV032,R,16,2,0,0,0,2,Stimulus,,,,,,,,,,,,
SV032,R,17,3,0,1,1,1,Stimulus,,,,,,,,,,,,
SV032,R,18,3,3,0,1,2,Stimulus,,,,,,,,,,,,
SV032,R,19,2,2,0,1,2,Stimulus,,,,,,,,,,,,
SV032,R,20,2,3,1,1,1,Stimulus,,,,,,,,,,,,
SV032,R,21,3,0,1,1,2,Stimulus,,,,,,,,,,,,
SV032,R,22,3,3,0,0,3,Stimulus,,,,,,,,,,,,
SV032,R,23,3,0,0,1,2,Stimulus,,,,,,,,,,,,
SV032,R,24,3,2,0,0,2,Stimulus,,,,,,,,,,,,
SV032,R,25,2,0,0,1,2,Stimulus,,,,,,,,,,,,
SV032,R,26,3,0,1,1,1,Stimulus,,,,,,,,,,,,
SV032,R,27,2,3,1,1,1,Stimulus,,,,,,,,,,,,
SV032,R,28,2,3,0,0,2,Stimulus,,,,,,,,,,,,
SV032,R,29,3,0,0,1,2,Stimulus,,,,,,,,,,,,
SV032,R,30,3,0,1,1,1,Stimulus,,,,,,,,,,,,
SV032,R,31,2,2,1,0,2,Stimulus,,,,,,,,,,,,
SV032,R,32,2,0,1,1,2,Stimulus,,,,,,,,,,,,
SV032,R,33,3,2,1,1,1,Stimulus,,,,,,,,,,,,
SV032,R,34,3,3,1,1,1,Stimulus,,,,,,,,,,,,
SV032,R,35,2,3,1,0,2,Stimulus,,,,,,,,,,,,
SV032,R,36,2,0,0,0,2,Stimulus,,,,,,,,,,,,
SV032,R,37,2,2,1,1,1,Stimulus,,,,,,,,,,,,
SV032,R,38,2,2,0,0,2,Stimulus,,,,,,,,,,,,
SV032,R,39,2,3,0,1,2,Stimulus,,,,,,,,,,,,
SV032,R,40,2,3,0,0,2,Stimulus,,,,,,,,,,,,
SV032,R,41,3,2,0,1,2,Stimulus,,,,,,,,,,,,
SV032,R,42,3,2,0,0,2,Stimulus,,,,,,,,,,,,
SV032,R,43,2,3,1,1,1,Stimulus,,,,,,,,,,,,
SV032,R,44,3,0,1,1,1,Stimulus,,,,,,,,,,,,
SV032,R,45,3,3,1,0,3,Stimulus,,,,,,,,,,,,
SV032,R,46,3,2,1,1,1,Stimulus,,,,,,,,,,,,
SV032,R,47,3,2,0,0,2,Stimulus,,,,,,,,,,,,
SV032,R,48,2,3,0,1,2,Stimulus,,,,,,,,,,,,
SV032,R,49,3,0,1,0,3,Stimulus,,,,,,,,,,,,
SV032,R,50,3,3,0,0,3,Stimulus,,,,,,,,,,,,
SV032,R,51,2,2,1,0,2,Stimulus,,,,,,,,,,,,
SV032,R,52,3,0,0,0,2,Stimulus,,,,,,,,,,,,
SV032,R,53,3,0,0,0,3,Stimulus,,,,,,,,,,,,
SV032,R,54,2,3,0,1,2,Stimulus,,,,,,,,,,,,
SV032,R,55,3,0,0,0,2,Stimulus,,,,,,,,,,,,
SV032,R,56,3,3,0,0,2,Stimulus,,,,,,,,,,,,
SV032,R,57,2,2,0,0,2,Stimulus,,,,,,,,,,,,
SV032,R,58,3,0,0,0,3,Stimulus,,,,,,,,,,,,
SV032,R,59,3,3,0,1,2,Stimulus,,,,,,,,,,,,
SV032,R,60,3,3,1,1,1,Stimulus,,,,,,,,,,,,
SV032,R,61,3,3,1,1,1,Stimulus,,,,,,,,,,,,
SV032,R,62,3,0,0,1,2,Stimulus,,,,,,,,,,,,
SV032,R,63,2,2,1,0,2,Stimulus,,,,,,,,,,,,
SV032,R,64,2,3,1,0,2,Stimulus,,,,,,,,,,,,
SV032,R,65,2,3,1,0,2,Stimulus,,,,,,,,,,,,
SV032,R,66,2,2,1,0,2,Stimulus,,,,,,,,,,,,
SV032,R,67,2,0,1,0,2,Stimulus,,,,,,,,,,,,
SV032,R,68,3,0,0,0,2,Stimulus,,,,,,,,,,,,
SV032,R,69,3,3,1,1,1,Stimulus,,,,,,,,,,,,
SV032,R,70,3,0,0,0,2,Stimulus,,,,,,,,,,,,
SV032,R,71,2,2,0,0,2,Stimulus,,,,,,,,,,,,
SV032,R,72,3,2,1,1,1,Stimulus,,,,,,,,,,,,
SV032,R,73,2,3,0,1,1,Stimulus,,,,,,,,,,,,
SV032,R,74,2,3,0,1,2,Stimulus,,,,,,,,,,,,
SV032,R,75,2,0,1,1,1,Stimulus,,,,,,,,,,,,
SV032,R,76,2,2,1,0,2,Stimulus,,,,,,,,,,,,
SV032,R,77,3,2,1,0,2,Stimulus,,,,,,,,,,,,
SV032,R,78,3,3,0,0,2,Stimulus,,,,,,,,,,,,
SV032,R,79,3,2,0,0,2,Stimulus,,,,,,,,,,,,
SV032,R,80,3,0,1,0,2,Stimulus,,,,,,,,,,,,
SV032,R,81,3,2,0,0,2,Stimulus,,,,,,,,,,,,
SV032,R,82,2,0,0,0,2,Stimulus,,,,,,,,,,,,
SV032,R,83,2,2,0,1,2,Stimulus,,,,,,,,,,,,
SV032,R,84,3,0,0,0,2,Stimulus,,,,,,,,,,,,
SV032,R,85,2,0,0,0,2,Stimulus,,,,,,,,,,,,
SV032,R,86,3,0,0,1,2,Stimulus,,,,,,,,,,,,
SV032,R,87,2,0,0,1,2,Stimulus,,,,,,,,,,,,
SV032,R,88,2,0,1,0,2,Stimulus,,,,,,,,,,,,
SV032,R,89,3,0,1,0,2,Stimulus,,,,,,,,,,,,
SV032,R,90,3,2,1,1,1,Stimulus,,,,,,,,,,,,
SV032,R,91,2,3,1,0,2,Stimulus,,,,,,,,,,,,
SV032,R,92,3,0,0,1,2,Stimulus,,,,,,,,,,,,
SV032,R,93,3,0,1,0,2,Stimulus,,,,,,,,,,,,
SV032,R,94,3,3,0,1,2,Stimulus,,,,,,,,,,,,
SV032,R,95,3,0,1,0,3,Stimulus,,,,,,,,,,,,
SV032,R,96,2,2,1,0,2,Stimulus,,,,,,,,,,,,
SV032,R,97,2,3,0,1,2,Stimulus,,,,,,,,,,,,
SV032,R,98,3,3,0,1,2,Stimulus,,,,,,,,,,,,
SV032,R,99,2,0,1,1,1,Stimulus,,,,,,,,,,,,
SV032,R,100,3,2,1,1,1,Stimulus,,,,,,,,,,,,
SV032,R,101,3,0,1,1,1,Stimulus,,,,,,,,,,,,
SV032,R,102,3,2,0,1,2,Stimulus,,,,,,,,,,,,
SV032,R,103,3,2,0,0,2,Stimulus,,,,,,,,,,,,
SV032,R,104,3,0,0,1,2,Stimulus,,,,,,,,,,,,
SV032,R,105,2,2,1,1,1,Stimulus,,,,,,,,,,,,
SV032,R,106,3,2,0,0,2,Stimulus,,,,,,,,,,,,
SV032,R,107,3,0,0,0,2,Stimulus,,,,,,,,,,,,
SV032,R,108,3,2,1,1,1,Stimulus,,,,,,,,,,,,
SV032,R,109,3,0,0,0,2,Stimulus,,,,,,,,,,,,
SV032,R,110,3,2,1,0,2,Stimulus,,,,,,,,,,,,
SV032,R,111,2,2,0,1,2,Stimulus,,,,,,,,,,,,
SV032,R,112,3,2,0,0,2,Stimulus,,,,,,,,,,,,
SV032,R,113,2,3,0,0,2,Stimulus,,,,,,,,,,,,
SV032,R,114,2,2,0,1,2,Stimulus,,,,,,,,,,,,
SV032,R,115,3,3,1,0,2,Stimulus,,,,,,,,,,,,
SV032,R,116,2,3,0,0,2,Stimulus,,,,,,,,,,,,
SV032,R,117,3,3,0,1,2,Stimulus,,,,,,,,,,,,
SV032,R,118,2,2,0,0,2,Stimulus,,,,,,,,,,,,
SV032,R,119,3,3,0,0,3,Stimulus,,,,,,,,,,,,
SV032,R,120,2,2,1,0,2,Stimulus,,,,,,,,,,,,
SV032,R,121,2,2,1,1,1,Stimulus,,,,,,,,,,,,
SV032,R,122,3,0,1,0,3,Stimulus,,,,,,,,,,,,
SV032,R,123,3,3,0,1,2,Stimulus,,,,,,,,,,,,
SV032,R,124,2,0,0,1,2,Stimulus,,,,,,,,,,,,
SV032,R,125,3,2,0,1,2,Stimulus,,,,,,,,,,,,
SV032,R,126,2,2,0,1,2,Stimulus,,,,,,,,,,,,
SV032,R,127,2,3,1,0,2,Stimulus,,,,,,,,,,,,
SV032,R,128,3,3,0,0,2,Stimulus,,,,,,,,,,,,
SV032,R,129,3,2,1,0,2,Stimulus,,,,,,,,,,,,
SV032,R,130,3,3,1,0,3,Stimulus,,,,,,,,,,,,
SV032,R,131,3,3,1,1,1,Stimulus,,,,,,,,,,,,
SV032,R,132,2,2,0,0,2,Stimulus,,,,,,,,,,,,
SV032,R,133,2,3,0,0,2,Stimulus,,,,,,,,,,,,
SV032,R,134,3,3,1,0,3,Stimulus,,,,,,,,,,,,
SV032,R,135,2,3,0,0,2,Stimulus,,,,,,,,,,,,
SV032,R,136,2,2,1,1,1,Stimulus,,,,,,,,,,,,
SV032,R,137,3,0,1,0,3,Stimulus,,,,,,,,,,,,
SV032,R,138,2,0,1,0,2,Stimulus,,,,,,,,,,,,
SV032,R,139,2,3,1,0,2,Stimulus,,,,,,,,,,,,
SV032,R,140,3,0,1,1,1,Stimulus,,,,,,,,,,,,
SV032,R,141,3,0,1,0,2,Stimulus,,,,,,,,,,,,
SV032,R,142,2,3,1,0,2,Stimulus,,,,,,,,,,,,
SV032,R,143,2,0,0,0,2,Stimulus,,,,,,,,,,,,
SV032,R,144,3,0,0,1,2,Stimulus,,,,,,,,,,,,
SV032,R,145,3,3,1,1,1,Stimulus,,,,,,,,,,,,
SV032,R,146,2,2,1,0,2,Stimulus,,,,,,,,,,,,
SV032,R,147,2,2,0,1,2,Stimulus,,,,,,,,,,,,
SV032,R,148,3,3,1,0,2,Stimulus,,,,,,,,,,,,
SV032,R,149,3,3,0,0,2,Stimulus,,,,,,,,,,,,
SV032,R,150,2,0,0,0,2,Stimulus,,,,,,,,,,,,
SV032,R,151,3,2,0,0,2,Stimulus,,,,,,,,,,,,
SV032,R,152,2,0,1,0,2,Stimulus,,,,,,,,,,,,
SV032,R,153,3,0,1,1,1,Stimulus,,,,,,,,,,,,
SV032,R,154,3,2,1,0,2,Stimulus,,,,,,,,,,,,
SV032,R,155,3,2,1,0,2,Stimulus,,,,,,,,,,,,
SV032,R,156,2,2,1,1,1,Stimulus,,,,,,,,,,,,
SV032,R,157,3,3,1,0,3,Stimulus,,,,,,,,,,,,
SV032,R,158,2,3,0,1,2,Stimulus,,,,,,,,,,,,
SV032,R,159,3,2,0,1,2,Stimulus,,,,,,,,,,,,
SV032,R,160,3,3,0,1,2,Stimulus,,,,,,,,,,,,
SV032,R,161,2,3,0,0,2,Stimulus,,,,,,,,,,,,
SV032,R,162,2,2,0,1,2,Stimulus,,,,,,,,,,,,
SV032,R,163,2,2,1,1,1,Stimulus,,,,,,,,,,,,
SV032,R,164,2,3,1,1,1,Stimulus,,,,,,,,,,,,
SV032,R,165,2,0,1,1,1,Stimulus,,,,,,,,,,,,
SV032,R,166,2,0,0,1,1,Stimulus,,,,,,,,,,,,
SV032,R,167,3,2,1,0,2,Stimulus,,,,,,,,,,,,
SV032,R,168,2,0,0,0,2,Stimulus,,,,,,,,,,,,
SV032,R,169,2,0,0,1,2,Stimulus,,,,,,,,,,,,
SV032,R,170,2,0,1,0,2,Stimulus,,,,,,,,,,,,
SV032,R,171,2,0,0,1,1,Stimulus,,,,,,,,,,,,
SV032,R,172,2,0,0,1,1,Stimulus,,,,,,,,,,,,
SV032,R,173,3,3,0,0,2,Stimulus,,,,,,,,,,,,
SV032,R,174,3,0,0,1,1,Stimulus,,,,,,,,,,,,
SV032,R,175,2,3,1,1,1,Stimulus,,,,,,,,,,,,
SV032,R,176,3,3,1,0,2,Stimulus,,,,,,,,,,,,
SV032,R,177,2,2,0,0,2,Stimulus,,,,,,,,,,,,
SV032,R,178,2,0,1,0,2,Stimulus,,,,,,,,,,,,
SV032,R,179,2,0,1,0,2,Stimulus,,,,,,,,,,,,
SV032,R,180,2,2,0,1,2,Stimulus,,,,,,,,,,,,
SV032,R,181,2,3,1,0,2,Stimulus,,,,,,,,,,,,
SV032,R,182,2,2,1,1,1,Stimulus,,,,,,,,,,,,
SV032,R,183,2,0,0,1,2,Stimulus,,,,,,,,,,,,
SV032,R,184,3,0,1,1,1,Stimulus,,,,,,,,,,,,
SV032,R,185,3,3,1,0,2,Stimulus,,,,,,,,,,,,
SV032,R,186,2,0,0,0,2,Stimulus,,,,,,,,,,,,
SV032,R,187,3,3,1,0,2,Stimulus,,,,,,,,,,,,
SV032,R,188,3,2,0,1,2,Stimulus,,,,,,,,,,,,
SV032,R,189,2,0,1,1,1,Stimulus,,,,,,,,,,,,
SV032,R,190,2,3,0,0,2,Stimulus,,,,,,,,,,,,
SV032,R,191,3,2,1,0,2,Stimulus,,,,,,,,,,,,
SV032,R,192,2,2,0,1,2,Stimulus,,,,,,,,,,,,
SV032,R,193,3,0,1,1,1,Stimulus,,,,,,,,,,,,
SV032,R,194,2,3,1,1,1,Stimulus,,,,,,,,,,,,
SV032,R,195,3,2,1,0,2,Stimulus,,,,,,,,,,,,
SV032,R,196,2,0,1,0,2,Stimulus,,,,,,,,,,,,
SV032,R,197,2,0,1,1,1,Stimulus,,,,,,,,,,,,
SV032,R,198,3,2,1,1,1,Stimulus,,,,,,,,,,,,
SV032,R,199,3,0,1,0,3,Stimulus,,,,,,,,,,,,
SV032,R,200,3,2,0,1,2,Stimulus,,,,,,,,,,,,
SV032,R,201,2,3,0,1,2,Stimulus,,,,,,,,,,,,
SV032,R,202,2,2,0,0,2,Stimulus,,,,,,,,,,,,
SV032,R,203,2,0,1,0,2,Stimulus,,,,,,,,,,,,
SV032,R,204,2,2,1,0,2,Stimulus,,,,,,,,,,,,
SV032,R,205,3,2,0,0,2,Stimulus,,,,,,,,,,,,
SV032,R,206,2,2,1,1,1,Stimulus,,,,,,,,,,,,
SV032,R,207,3,3,1,1,1,Stimulus,,,,,,,,,,,,
SV032,R,208,3,3,1,1,1,Stimulus,,,,,,,,,,,,
SV032,R,209,3,2,1,1,1,Stimulus,,,,,,,,,,,,
SV032,R,210,3,3,1,0,2,Stimulus,,,,,,,,,,,,
SV032,R,211,2,2,1,0,2,Stimulus,,,,,,,,,,,,
SV032,R,212,3,2,0,1,2,Stimulus,,,,,,,,,,,,
SV032,R,213,3,3,0,1,1,Stimulus,,,,,,,,,,,,
SV032,R,214,3,3,0,0,2,Stimulus,,,,,,,,,,,,
SV032,R,215,2,2,1,1,1,Stimulus,,,,,,,,,,,,
SV032,R,216,3,3,1,1,1,Stimulus,,,,,,,,,,,,
SV032,R,217,2,3,0,0,2,Stimulus,,,,,,,,,,,,
SV032,R,218,2,0,1,1,1,Stimulus,,,,,,,,,,,,
SV032,R,219,2,3,1,1,1,Stimulus,,,,,,,,,,,,
SV032,R,220,2,0,1,0,2,Stimulus,,,,,,,,,,,,
SV032,R,221,3,3,0,0,2,Stimulus,,,,,,,,,,,,
SV032,R,222,2,3,1,0,2,Stimulus,,,,,,,,,,,,
SV032,R,223,3,2,1,0,2,Stimulus,,,,,,,,,,,,
SV032,R,224,2,3,1,1,1,Stimulus,,,,,,,,,,,,
SV032,R,225,2,2,0,0,2,Stimulus,,,,,,,,,,,,
SV032,R,226,3,2,1,0,2,Stimulus,,,,,,,,,,,,
SV032,R,227,3,2,0,1,2,Stimulus,,,,,,,,,,,,
SV032,R,228,3,0,0,1,2,Stimulus,,,,,,,,,,,,
SV032,R,229,2,3,0,1,1,Stimulus,,,,,,,,,,,,
SV032,R,230,3,3,0,1,2,Stimulus,,,,,,,,,,,,
SV032,R,231,2,0,1,1,1,Stimulus,,,,,,,,,,,,
SV032,R,232,2,3,1,1,1,Stimulus,,,,,,,,,,,,
SV032,R,233,2,3,1,0,2,Stimulus,,,,,,,,,,,,
SV032,R,234,2,2,1,1,1,Stimulus,,,,,,,,,,,,
SV032,R,235,2,3,0,1,2,Stimulus,,,,,,,,,,,,
SV032,R,236,3,2,1,1,1,Stimulus,,,,,,,,,,,,
SV032,R,237,2,0,1,1,1,Stimulus,,,,,,,,,,,,
SV032,R,238,2,3,1,1,1,Stimulus,,,,,,,,,,,,
SV032,R,239,3,0,0,0,2,Stimulus,,,,,,,,,,,,
SV032,R,240,2,0,0,0,2,Stimulus,,,,,,,,,,,,
SV032,R,241,3,2,0,0,2,Stimulus,,,,,,,,,,,,
SV032,R,242,3,0,1,0,0,Stimulus,,,,,,,,,,,,
SV032,R,243,2,3,0,0,3,Stimulus,,,,,,,,,,,,
SV032,R,244,3,3,0,1,3,Stimulus,,,,,,,,,,,,
SV032,R,245,2,3,0,1,3,Stimulus,,,,,,,,,,,,
SV032,R,246,2,0,1,1,0,Stimulus,,,,,,,,,,,,
SV032,R,247,2,2,0,1,2,Stimulus,,,,,,,,,,,,
SV032,R,248,3,0,1,1,0,Stimulus,,,,,,,,,,,,
SV032,R,249,3,3,0,1,3,Stimulus,,,,,,,,,,,,
SV032,R,250,3,0,0,0,0,Stimulus,,,,,,,,,,,,
SV032,R,251,2,3,1,1,3,Stimulus,,,,,,,,,,,,
SV032,R,252,2,3,1,0,3,Stimulus,,,,,,,,,,,,
SV032,R,253,2,0,0,0,0,Stimulus,,,,,,,,,,,,
SV032,R,254,2,0,1,0,0,Stimulus,,,,,,,,,,,,
SV032,R,255,2,0,1,0,0,Stimulus,,,,,,,,,,,,
SV032,R,256,3,2,1,0,2,Stimulus,,,,,,,,,,,,
SV032,R,257,3,0,0,1,0,Stimulus,,,,,,,,,,,,
SV032,R,258,2,0,1,0,0,Stimulus,,,,,,,,,,,,
SV032,R,259,2,0,1,0,0,Stimulus,,,,,,,,,,,,
SV032,R,260,2,0,1,1,0,Stimulus,,,,,,,,,,,,
SV032,R,261,3,3,1,0,3,Stimulus,,,,,,,,,,,,
SV032,R,262,3,0,0,0,0,Stimulus,,,,,,,,,,,,
SV032,R,263,3,3,0,1,3,Stimulus,,,,,,,,,,,,
SV032,R,264,2,3,1,0,3,Stimulus,,,,,,,,,,,,
SV032,R,265,2,0,1,1,0,Stimulus,,,,,,,,,,,,
SV032,R,266,3,2,0,1,2,Stimulus,,,,,,,,,,,,
SV032,R,267,2,3,0,0,3,Stimulus,,,,,,,,,,,,
SV032,R,268,2,0,0,1,0,Stimulus,,,,,,,,,,,,
SV032,R,269,3,3,1,1,3,Stimulus,,,,,,,,,,,,
SV032,R,270,3,0,1,1,0,Stimulus,,,,,,,,,,,,
SV032,R,271,2,0,0,0,0,Stimulus,,,,,,,,,,,,
SV032,R,272,2,2,1,0,2,Stimulus,,,,,,,,,,,,
SV032,R,273,2,2,1,1,2,Stimulus,,,,,,,,,,,,
SV032,R,274,2,0,1,0,0,Stimulus,,,,,,,,,,,,
SV032,R,275,3,2,0,0,2,Stimulus,,,,,,,,,,,,
SV032,R,276,3,2,1,0,2,Stimulus,,,,,,,,,,,,
SV032,R,277,3,3,1,1,3,Stimulus,,,,,,,,,,,,
SV032,R,278,3,3,0,1,3,Stimulus,,,,,,,,,,,,
SV032,R,279,2,2,0,0,2,Stimulus,,,,,,,,,,,,
SV032,R,280,2,2,0,1,2,Stimulus,,,,,,,,,,,,
SV032,R,281,2,3,0,0,3,Stimulus,,,,,,,,,,,,
SV032,R,282,2,3,1,0,3,Stimulus,,,,,,,,,,,,
SV032,R,283,3,2,0,0,2,Stimulus,,,,,,,,,,,,
SV032,R,284,2,3,0,0,3,Stimulus,,,,,,,,,,,,
SV032,R,285,3,0,0,1,0,Stimulus,,,,,,,,,,,,
SV032,R,286,2,3,0,1,3,Stimulus,,,,,,,,,,,,
SV032,R,287,3,2,0,0,2,Stimulus,,,,,,,,,,,,
SV032,R,288,3,2,1,1,2,Stimulus,,,,,,,,,,,,
SV032,R,289,3,0,1,1,0,Stimulus,,,,,,,,,,,,
SV032,R,290,3,2,0,0,2,Stimulus,,,,,,,,,,,,
SV032,R,291,2,0,0,1,0,Stimulus,,,,,,,,,,,,
SV032,R,292,2,2,0,0,2,Stimulus,,,,,,,,,,,,
SV032,R,293,3,0,1,0,0,Stimulus,,,,,,,,,,,,
SV032,R,294,3,3,1,1,3,Stimulus,,,,,,,,,,,,
SV032,R,295,2,2,1,1,2,Stimulus,,,,,,,,0.3,0.3,515.0,515.0,150.0
SV032,R,296,2,3,1,1,3,Stimulus,,,,,,,,,,,,
SV032,R,297,2,0,0,1,0,Stimulus,,,,,,,,,,,,
SV032,R,298,3,3,1,0,3,Stimulus,,,,,,,,0.7,0.7,588.0,588.0,166.0
SV032,R,299,3,0,0,0,0,Stimulus,,,,,,,,,,,,
SV032,R,300,3,3,1,1,3,Stimulus,,,,,,,,,,,,
SV032,R,301,3,3,1,0,3,Stimulus,,,,,,,,,,,,
SV032,R,302,3,0,0,1,0,Stimulus,,,,,,,,,,,,
SV032,R,303,2,2,1,1,2,Stimulus,,,,,,,,,,,,
SV032,R,304,2,2,1,1,2,Stimulus,,,,,,,,,,,,
SV032,R,305,3,3,1,1,3,Stimulus,,,,,,,,,,,,
SV032,R,306,3,0,1,0,0,Stimulus,,,,,,,,,,,,
SV032,R,307,3,3,0,0,3,Stimulus,,,,,,,,,,,,
SV032,R,308,2,3,0,0,3,Stimulus,,,,,,,,,,,,
SV032,R,309,3,3,1,0,3,Stimulus,,,,,,,,,,,,
SV032,R,310,3,3,0,0,3,Stimulus,,,,,,,,,,,,
SV032,R,311,3,2,1,0,2,Stimulus,,,,,,,,,,,,
SV032,R,312,3,0,1,1,0,Stimulus,,,,,,,,,,,,
SV032,R,313,2,0,0,0,0,Stimulus,,,,,,,,,,,,
SV032,R,314,2,3,0,0,3,Stimulus,,,,,,,,,,,,
SV032,R,315,3,2,0,1,2,Stimulus,,,,,,,,,,,,
SV032,R,316,3,2,0,1,2,Stimulus,,,,,,,,,,,,
SV032,R,317,3,0,0,0,0,Stimulus,,,,,,,,,,,,
SV032,R,318,3,0,0,1,0,Stimulus,,,,,,,,,,,,
SV032,R,319,2,2,0,1,2,Stimulus,,,,,,,,,,,,
SV032,R,320,2,3,1,1,3,Stimulus,,,,,,,,,,,,
SV032,R,321,2,0,0,0,0,Stimulus,,,,,,,,,,,,
SV032,R,322,3,3,0,0,3,Stimulus,,,,,,,,,,,,
SV032,R,323,3,0,1,1,0,Stimulus,,,,,,,,,,,,
SV032,R,324,3,0,1,0,0,Stimulus,,,,,,,,,,,,
SV032,R,325,2,0,1,1,0,Stimulus,,,,,,,,,,,,
SV032,R,326,3,3,1,1,3,Stimulus,,,,,,,,,,,,
SV032,R,327,2,0,0,0,0,Stimulus,,,,,,,,,,,,
SV032,R,328,3,3,1,1,3,Stimulus,,,,,,,,,,,,
SV032,R,329,3,0,1,1,0,Stimulus,,,,,,,,,,,,
SV032,R,330,3,3,1,0,3,Stimulus,,,,,,,,,,,,
SV032,R,331,2,0,1,0,0,Stimulus,,,,,,,,,,,,
SV032,R,332,2,3,1,1,3,Stimulus,,,,,,,,,,,,
SV032,R,333,2,2,1,0,2,Stimulus,,,,,,,,,,,,
SV032,R,334,3,2,0,1,2,Stimulus,,,,,,,,,,,,
SV032,R,335,2,0,1,0,0,Stimulus,,,,,,,,,,,,
SV032,R,336,2,0,0,0,0,Stimulus,,,,,,,,,,,,
SV032,R,337,2,0,0,0,0,Stimulus,,,,,,,,,,,,
SV032,R,338,3,2,0,1,2,Stimulus,,,,,,,,,,,,
SV032,R,339,3,2,1,0,2,Stimulus,,,,,,,,,,,,
SV032,R,340,3,0,0,0,0,Stimulus,,,,,,,,,,,,
SV032,R,341,3,0,0,1,0,Stimulus,,,,,,,,,,,,
SV032,R,342,3,2,0,0,2,Stimulus,,,,,,,,,,,,
SV032,R,343,3,2,1,1,2,Stimulus,,,,,,,,,,,,
SV032,R,344,2,2,0,0,2,Stimulus,,,,,,,,,,,,
SV032,R,345,2,2,1,0,2,Stimulus,,,,,,,,,,,,
SV032,R,346,3,0,1,0,0,Stimulus,,,,,,,,,,,,
SV032,R,347,2,0,1,0,0,Stimulus,,,,,,,,,,,,
SV032,R,348,3,3,1,0,3,Stimulus,,,,,,,,,,,,
SV032,R,349,2,0,1,1,0,Stimulus,,,,,,,,,,,,
SV032,R,350,3,0,1,1,0,Stimulus,,,,,,,,,,,,
SV032,R,351,3,2,0,0,2,Stimulus,,,,,,,,,,,,
SV032,R,352,3,3,0,0,3,Stimulus,,,,,,,,,,,,
SV032,R,353,3,2,0,1,2,Stimulus,,,,,,,,,,,,
SV032,R,354,2,3,0,1,3,Stimulus,,,,,,,,,,,,
SV032,R,355,3,3,0,0,3,Stimulus,,,,,,,,,,,,
SV032,R,356,3,0,0,0,0,Stimulus,,,,,,,,,,,,
SV032,R,357,2,2,0,1,2,Stimulus,,,,,,,,,,,,
SV032,R,358,3,3,1,1,3,Stimulus,,,,,,,,,,,,
SV032,R,359,2,0,1,1,0,Stimulus,,,,,,,,,,,,
SV032,R,360,2,3,1,1,3,Stimulus,,,,,,,,,,,,
SV032,R,361,2,3,0,0,3,Stimulus,,,,,,,,,,,,
SV032,R,362,2,0,0,1,0,Stimulus,,,,,,,,,,,,
SV032,R,363,2,3,0,1,3,Stimulus,,,,,,,,,,,,
SV032,R,364,2,0,0,1,0,Stimulus,,,,,,,,,,,,
SV032,R,365,2,2,0,1,2,Stimulus,,,,,,,,,,,,
SV032,R,366,3,2,1,0,2,Stimulus,,,,,,,,,,,,
SV032,R,367,2,3,1,0,3,Stimulus,,,,,,,,,,,,
SV032,R,368,2,0,1,1,0,Stimulus,,,,,,,,,,,,
SV032,R,369,2,2,1,0,2,Stimulus,,,,,,,,,,,,
SV032,R,370,2,3,1,0,3,Stimulus,,,,,,,,,,,,
SV032,R,371,3,2,1,0,2,Stimulus,,,,,,,,,,,,
SV032,R,372,3,3,0,1,3,Stimulus,,,,,,,,,,,,
SV032,R,373,3,3,0,1,3,Stimulus,,,,,,,,,,,,
SV032,R,374,2,3,0,0,3,Stimulus,,,,,,,,,,,,
SV032,R,375,3,0,0,0,0,Stimulus,,,,,,,,,,,,
SV032,R,376,2,3,1,1,3,Stimulus,,,,,,,,,,,,
SV032,R,377,2,2,0,0,2,Stimulus,,,,,,,,,,,,
SV032,R,378,3,2,1,1,2,Stimulus,,,,,,,,,,,,
SV032,R,379,3,2,0,0,2,Stimulus,,,,,,,,,,,,
SV032,R,380,2,2,0,1,2,Stimulus,,,,,,,,,,,,
SV032,R,381,2,2,1,1,2,Stimulus,,,,,,,,,,,,
SV032,R,382,3,2,1,1,2,Stimulus,,,,,,,,,,,,
SV032,R,383,3,2,1,1,2,Stimulus,,,,,,,,,,,,
SV032,R,384,3,2,1,1,2,Stimulus,,,,,,,,,,,,
SV032,R,385,3,2,0,1,2,Stimulus,,,,,,,,,,,,
SV032,R,386,3,0,0,1,0,Stimulus,,,,,,,,,,,,
SV032,R,387,3,2,1,0,2,Stimulus,,,,,,,,,,,,
SV032,R,388,3,0,0,0,0,Stimulus,,,,,,,,,,,,
SV032,R,389,2,0,0,1,0,Stimulus,,,,,,,,,,,,
SV032,R,390,3,3,0,1,3,Stimulus,,,,,,,,,,,,
SV032,R,391,3,2,1,1,2,Stimulus,,,,,,,,,,,,
SV032,R,392,2,2,0,1,2,Stimulus,,,,,,,,,,,,
SV032,R,393,2,0,1,1,0,Stimulus,,,,,,,,,,,,
SV032,R,394,2,3,1,0,3,Stimulus,,,,,,,,,,,,
SV032,R,395,3,0,1,0,0,Stimulus,,,,,,,,,,,,
SV032,R,396,3,2,0,1,2,Stimulus,,,,,,,,,,,,
SV032,R,397,3,3,0,0,3,Stimulus,,,,,,,,,,,,
SV032,R,398,3,2,1,1,2,Stimulus,,,,,,,,,,,,
SV032,R,399,2,2,1,0,2,Stimulus,,,,,,,,,,,,
SV032,R,400,2,2,0,1,2,Stimulus,,,,,,,,,,,,
SV032,R,401,3,0,0,1,0,Stimulus,,,,,,,,,,,,
SV032,R,402,2,2,1,0,2,Stimulus,,,,,,,,,,,,
SV032,R,403,2,2,1,0,2,Stimulus,,,,,,,,,,,,
SV032,R,404,2,2,0,0,2,Stimulus,,,,,,,,,,,,
SV032,R,405,2,2,0,0,2,Stimulus,,,,,,,,,,,,
SV032,R,406,3,2,1,0,2,Stimulus,,,,,,,,,,,,
SV032,R,407,3,0,1,1,0,Stimulus,,,,,,,,,,,,
SV032,R,408,3,3,1,0,3,Stimulus,,,,,,,,,,,,
SV032,R,409,3,3,1,0,3,Stimulus,,,,,,,,,,,,
SV032,R,410,3,0,1,0,0,Stimulus,,,,,,,,,,,,
SV032,R,411,2,2,1,1,2,Stimulus,,,,,,,,,,,,
SV032,R,412,2,0,1,1,0,Stimulus,,,,,,,,,,,,
SV032,R,413,2,2,1,0,2,Stimulus,,,,,,,,,,,,
SV032,R,414,3,3,0,0,3,Stimulus,,,,,,,,,,,,
SV032,R,415,3,0,1,0,0,Stimulus,,,,,,,,,,,,
SV032,R,416,3,3,0,1,3,Stimulus,,,,,,,,,,,,
SV032,R,417,2,0,0,0,0,Stimulus,,,,,,,,,,,,
SV032,R,418,2,3,0,1,3,Stimulus,,,,,,,,,,,,
SV032,R,419,3,0,0,1,0,Stimulus,,,,,,,,,,,,
SV032,R,420,2,0,0,0,0,Stimulus,,,,,,,,,,,,
SV032,R,421,2,0,0,1,0,Stimulus,,,,,,,,,,,,
SV032,R,422,2,2,0,1,2,Stimulus,,,,,,,,,,,,
SV032,R,423,3,0,0,1,0,Stimulus,,,,,,,,,,,,
SV032,R,424,2,3,1,1,3,Stimulus,,,,,,,,,,,,
SV032,R,425,3,3,0,0,3,Stimulus,,,,,,,,,,,,
SV032,R,426,2,3,1,0,3,Stimulus,,,,,,,,,,,,
SV032,R,427,3,3,1,1,3,Stimulus,,,,,,,,,,,,
SV032,R,428,2,3,1,1,3,Stimulus,,,,,,,,,,,,
SV032,R,429,2,2,0,0,2,Stimulus,,,,,,,,,,,,
SV032,R,430,3,3,0,0,3,Stimulus,,,,,,,,,,,,
SV032,R,431,2,3,0,1,3,Stimulus,,,,,,,,,,,,
SV032,R,432,3,0,0,0,2,Stimulus,,,,,,,,,,,,
SV032,R,433,3,3,0,0,3,Stimulus,,,,,,,,,,,,
SV032,R,434,3,0,1,0,0,Stimulus,,,,,,,,,,,,
SV032,R,435,2,0,0,1,0,Stimulus,,,,,,,,,,,,
SV032,R,436,3,2,1,0,2,Stimulus,,,,,,,,,,,,
SV032,R,437,3,2,0,0,2,Stimulus,,,,,,,,,,,,
SV032,R,438,2,3,1,1,3,Stimulus,,,,,,,,,,,,
SV032,R,439,2,3,1,0,3,Stimulus,,,,,,,,,,,,
SV032,R,440,2,3,1,1,3,Stimulus,,,,,,,,,,,,
SV032,R,441,2,3,1,0,3,Stimulus,,,,,,,,,,,,
SV032,R,442,2,0,0,1,0,Stimulus,,,,,,,,,,,,
SV032,R,443,2,2,1,0,2,Stimulus,,,,,,,,,,,,
SV032,R,444,3,3,0,1,3,Stimulus,,,,,,,,,,,,
SV032,R,445,2,0,1,0,0,Stimulus,,,,,,,,,,,,
SV032,R,446,3,3,0,1,3,Stimulus,,,,,,,,,,,,
SV032,R,447,3,0,1,1,0,Stimulus,,,,,,,,,,,,
SV032,R,448,2,3,1,0,3,Stimulus,,,,,,,,,,,,
SV032,R,449,2,2,1,0,2,Stimulus,,,,,,,,,,,,
SV032,R,450,3,3,1,0,3,Stimulus,,,,,,,,,,,,
SV032,R,451,3,0,1,1,0,Stimulus,,,,,,,,,,,,
SV032,R,452,2,3,0,1,3,Stimulus,,,,,,,,,,,,
SV032,R,453,3,0,1,0,0,Stimulus,,,,,,,,,,,,
SV032,R,454,3,2,0,1,2,Stimulus,,,,,,,,,,,,
SV032,R,455,3,3,1,1,3,Stimulus,,,,,,,,,,,,
SV032,R,456,2,0,1,1,0,Stimulus,,,,,,,,,,,,
SV032,R,457,2,2,0,1,2,Stimulus,,,,,,,,,,,,
SV032,R,458,2,0,0,1,0,Stimulus,,,,,,,,,,,,
SV032,R,459,2,3,0,1,3,Stimulus,,,,,,,,,,,,
SV032,R,460,2,3,0,1,3,Stimulus,,,,,,,,,,,,
SV032,R,461,3,0,0,1,0,Stimulus,,,,,,,,,,,,
SV032,R,462,2,2,1,1,2,Stimulus,,,,,,,,,,,,
SV032,R,463,3,0,0,0,0,Stimulus,,,,,,,,,,,,
SV032,R,464,3,2,0,0,2,Stimulus,,,,,,,,,,,,
SV032,R,465,2,3,0,0,3,Stimulus,,,,,,,,,,,,
SV032,R,466,2,2,1,1,2,Stimulus,,,,,,,,,,,,
SV032,R,467,2,3,0,0,3,Stimulus,,,,,,,,,,,,
SV032,R,468,3,3,1,0,3,Stimulus,,,,,,,,,,,,
SV032,R,469,2,2,0,0,2,Stimulus,,,,,,,,,,,,
SV032,R,470,3,2,1,0,2,Stimulus,,,,,,,,,,,,
SV032,R,471,2,2,1,1,2,Stimulus,,,,,,,,,,,,
SV032,R,472,3,2,0,1,2,Stimulus,,,,,,,,,,,,
SV032,R,473,2,0,1,0,0,Stimulus,,,,,,,,,,,,
SV032,R,474,2,3,0,1,3,Stimulus,,,,,,,,,,,,
SV032,R,475,3,2,1,1,2,Stimulus,,,,,,,,,,,,
SV032,R,476,3,2,1,1,2,Stimulus,,,,,,,,,,,,
SV032,R,477,2,2,0,0,2,Stimulus,,,,,,,,,,,,
SV032,R,478,2,0,0,0,0,Stimulus,,,,,,,,,,,,
SV032,R,479,2,2,1,1,2,Stimulus,,,,,,,,,,,,
SV032,R,480,2,2,0,0,2,Stimulus,,,,,,,,,,,,
